longitude,latitude
-8.939023590087890625e+01,2.757313919067382812e+01
-8.939018249511718750e+01,2.757335281372070312e+01
-8.939033508300781250e+01,2.757418632507324219e+01
-8.939061737060546875e+01,2.757301139831542969e+01
-8.939015197753906250e+01,2.757378196716308594e+01
-8.939002990722656250e+01,2.757270431518554688e+01
-8.939044189453125000e+01,2.757317924499511719e+01
-8.939042663574218750e+01,2.757504081726074219e+01
-8.939010620117187500e+01,2.757291030883789062e+01
-8.939102172851562500e+01,2.757437515258789062e+01
-8.939045715332031250e+01,2.757489585876464844e+01
-8.939015197753906250e+01,2.757485008239746094e+01
-8.939011383056640625e+01,2.757352638244628906e+01
-8.939041900634765625e+01,2.757344818115234375e+01
-8.939030456542968750e+01,2.757429504394531250e+01
-8.939064025878906250e+01,2.757499694824218750e+01
-8.938967895507812500e+01,2.757281494140625000e+01
-8.938970947265625000e+01,2.757238578796386719e+01
-8.938967132568359375e+01,2.757262229919433594e+01
-8.939024353027343750e+01,2.757316780090332031e+01
-8.939093017578125000e+01,2.757454299926757812e+01
-8.939003753662109375e+01,2.757334709167480469e+01
-8.939041900634765625e+01,2.757332038879394531e+01
-8.939047241210937500e+01,2.757382774353027344e+01
-8.938996124267578125e+01,2.757393836975097656e+01
-8.939022827148437500e+01,2.757437896728515625e+01
-8.939086151123046875e+01,2.757370376586914062e+01
-8.939070892333984375e+01,2.757366943359375000e+01
-8.939097595214843750e+01,2.757350349426269531e+01
-8.939013671875000000e+01,2.757434844970703125e+01
-8.939035034179687500e+01,2.757402038574218750e+01
-8.939070129394531250e+01,2.757387924194335938e+01
-8.939012908935546875e+01,2.757287406921386719e+01
-8.938957977294921875e+01,2.757244110107421875e+01
-8.939096069335937500e+01,2.757353591918945312e+01
-8.938966369628906250e+01,2.757266998291015625e+01
-8.939067840576171875e+01,2.757401084899902344e+01
-8.938971710205078125e+01,2.757269287109375000e+01
-8.939073181152343750e+01,2.757314682006835938e+01
-8.938990020751953125e+01,2.757310104370117188e+01
-8.938974761962890625e+01,2.757272720336914062e+01
-8.939054870605468750e+01,2.757490539550781250e+01
-8.939025115966796875e+01,2.757340049743652344e+01
-8.939041900634765625e+01,2.757357025146484375e+01
-8.938994598388671875e+01,2.757258987426757812e+01
-8.939052581787109375e+01,2.757452011108398438e+01
-8.939042663574218750e+01,2.757398223876953125e+01
-8.938972473144531250e+01,2.757239532470703125e+01
-8.939077758789062500e+01,2.757312011718750000e+01
-8.939051055908203125e+01,2.757340240478515625e+01
-8.939062500000000000e+01,2.757308006286621094e+01
-8.938967895507812500e+01,2.757267951965332031e+01
-8.939021301269531250e+01,2.757403945922851562e+01
-8.939089202880859375e+01,2.757322311401367188e+01
-8.938945770263671875e+01,2.757213401794433594e+01
-8.939087677001953125e+01,2.757300186157226562e+01
-8.938991546630859375e+01,2.757338714599609375e+01
-8.939054870605468750e+01,2.757485198974609375e+01
-8.939009857177734375e+01,2.757440376281738281e+01
-8.939021301269531250e+01,2.757430267333984375e+01
-8.939060211181640625e+01,2.757387351989746094e+01
-8.939006042480468750e+01,2.757328414916992188e+01
-8.939031982421875000e+01,2.757367706298828125e+01
-8.938953399658203125e+01,2.757227134704589844e+01
-8.939073944091796875e+01,2.757428550720214844e+01
-8.939045715332031250e+01,2.757388496398925781e+01
-8.939041137695312500e+01,2.757483100891113281e+01
-8.939023590087890625e+01,2.757361030578613281e+01
-8.939014434814453125e+01,2.757403945922851562e+01
-8.938997650146484375e+01,2.757271575927734375e+01
-8.939041900634765625e+01,2.757475852966308594e+01
-8.939041900634765625e+01,2.757375717163085938e+01
-8.939041900634765625e+01,2.757411003112792969e+01
-8.938994598388671875e+01,2.757344627380371094e+01
-8.938969421386718750e+01,2.757266807556152344e+01
-8.938992309570312500e+01,2.757282257080078125e+01
-8.938981628417968750e+01,2.757318687438964844e+01
-8.939026641845703125e+01,2.757472229003906250e+01
-8.939038085937500000e+01,2.757326316833496094e+01
-8.938999176025390625e+01,2.757263755798339844e+01
-8.939093017578125000e+01,2.757440185546875000e+01
-8.939041137695312500e+01,2.757480049133300781e+01
-8.939022827148437500e+01,2.757444953918457031e+01
-8.938952636718750000e+01,2.757229804992675781e+01
-8.939030456542968750e+01,2.757329750061035156e+01
-8.939104461669921875e+01,2.757372283935546875e+01
-8.939064025878906250e+01,2.757332801818847656e+01
-8.939069366455078125e+01,2.757320785522460938e+01
-8.939045715332031250e+01,2.757447433471679688e+01
-8.939055633544921875e+01,2.757333374023437500e+01
-8.939057922363281250e+01,2.757418251037597656e+01
-8.939040374755859375e+01,2.757355499267578125e+01
-8.939023590087890625e+01,2.757390213012695312e+01
-8.938957977294921875e+01,2.757264137268066406e+01
-8.939079284667968750e+01,2.757426834106445312e+01
-8.939051818847656250e+01,2.757376289367675781e+01
-8.938990783691406250e+01,2.757334899902343750e+01
-8.939044189453125000e+01,2.757318687438964844e+01
-8.938951873779296875e+01,2.757274627685546875e+01
-8.939033508300781250e+01,2.757465171813964844e+01
-8.938992309570312500e+01,2.757295227050781250e+01
-8.939014434814453125e+01,2.757434654235839844e+01
-8.939096832275390625e+01,2.757457160949707031e+01
-8.939033508300781250e+01,2.757497787475585938e+01
-8.939070892333984375e+01,2.757411956787109375e+01
-8.938989257812500000e+01,2.757256889343261719e+01
-8.939064788818359375e+01,2.757458114624023438e+01
-8.938948059082031250e+01,2.757229232788085938e+01
-8.939047241210937500e+01,2.757411575317382812e+01
-8.939101409912109375e+01,2.757381439208984375e+01
-8.938993072509765625e+01,2.757298088073730469e+01
-8.938988494873046875e+01,2.757253265380859375e+01
-8.939057922363281250e+01,2.757344245910644531e+01
-8.938967132568359375e+01,2.757262611389160156e+01
-8.939025878906250000e+01,2.757318878173828125e+01
-8.939103698730468750e+01,2.757409286499023438e+01
-8.939053344726562500e+01,2.757364845275878906e+01
-8.939031219482421875e+01,2.757299041748046875e+01
-8.939082336425781250e+01,2.757432174682617188e+01
-8.939029693603515625e+01,2.757304763793945312e+01
-8.939030456542968750e+01,2.757328033447265625e+01
-8.938951110839843750e+01,2.757226181030273438e+01
-8.939043426513671875e+01,2.757345962524414062e+01
-8.939028167724609375e+01,2.757320594787597656e+01
-8.938974761962890625e+01,2.757296180725097656e+01
-8.939073944091796875e+01,2.757333183288574219e+01
-8.939060974121093750e+01,2.757469367980957031e+01
-8.939098358154296875e+01,2.757460403442382812e+01
-8.939019775390625000e+01,2.757291030883789062e+01
-8.938951110839843750e+01,2.757272911071777344e+01
-8.939093017578125000e+01,2.757355880737304688e+01
-8.938979339599609375e+01,2.757283973693847656e+01
-8.939064788818359375e+01,2.757307243347167969e+01
-8.939057922363281250e+01,2.757415199279785156e+01
-8.939067077636718750e+01,2.757375717163085938e+01
-8.939050292968750000e+01,2.757302284240722656e+01
-8.939060974121093750e+01,2.757449340820312500e+01
-8.938966369628906250e+01,2.757285499572753906e+01
-8.939006805419921875e+01,2.757335090637207031e+01
-8.939095306396484375e+01,2.757365036010742188e+01
-8.938965606689453125e+01,2.757232666015625000e+01
-8.938946533203125000e+01,2.757255363464355469e+01
-8.939025878906250000e+01,2.757305335998535156e+01
-8.939035797119140625e+01,2.757512855529785156e+01
-8.939095306396484375e+01,2.757348442077636719e+01
-8.939090728759765625e+01,2.757360649108886719e+01
-8.939063262939453125e+01,2.757418632507324219e+01
-8.938953399658203125e+01,2.757250595092773438e+01
-8.939064788818359375e+01,2.757468414306640625e+01
-8.939047241210937500e+01,2.757350730895996094e+01
-8.938991546630859375e+01,2.757318878173828125e+01
-8.938994598388671875e+01,2.757344436645507812e+01
-8.939028930664062500e+01,2.757420539855957031e+01
-8.938976287841796875e+01,2.757331085205078125e+01
-8.939056396484375000e+01,2.757474708557128906e+01
-8.939051818847656250e+01,2.757389831542968750e+01
-8.939057922363281250e+01,2.757321166992187500e+01
-8.939103698730468750e+01,2.757369613647460938e+01
-8.939067840576171875e+01,2.757384490966796875e+01
-8.939059448242187500e+01,2.757432174682617188e+01
-8.939031982421875000e+01,2.757369613647460938e+01
-8.938973236083984375e+01,2.757277297973632812e+01
-8.938973999023437500e+01,2.757295036315917969e+01
-8.939035797119140625e+01,2.757360076904296875e+01
-8.939018249511718750e+01,2.757417488098144531e+01
-8.938957214355468750e+01,2.757257843017578125e+01
-8.939027404785156250e+01,2.757489967346191406e+01
-8.939109039306640625e+01,2.757357215881347656e+01
-8.939084625244140625e+01,2.757375144958496094e+01
-8.939080047607421875e+01,2.757419586181640625e+01
-8.939083862304687500e+01,2.757300376892089844e+01
-8.939025878906250000e+01,2.757438659667968750e+01
-8.939025878906250000e+01,2.757343101501464844e+01
-8.938964080810546875e+01,2.757248306274414062e+01
-8.939055633544921875e+01,2.757364654541015625e+01
-8.939073181152343750e+01,2.757450103759765625e+01
-8.939046478271484375e+01,2.757473945617675781e+01
-8.939076995849609375e+01,2.757414436340332031e+01
-8.939021301269531250e+01,2.757360649108886719e+01
-8.938939666748046875e+01,2.757232666015625000e+01
-8.939065551757812500e+01,2.757486152648925781e+01
-8.939107513427734375e+01,2.757391738891601562e+01
-8.939007568359375000e+01,2.757291603088378906e+01
-8.939016723632812500e+01,2.757357788085937500e+01
-8.939022827148437500e+01,2.757436943054199219e+01
-8.938981628417968750e+01,2.757250213623046875e+01
-8.939058685302734375e+01,2.757448577880859375e+01
-8.939105987548828125e+01,2.757373237609863281e+01
-8.939081573486328125e+01,2.757366180419921875e+01
-8.938939666748046875e+01,2.757227134704589844e+01
-8.939006805419921875e+01,2.757396697998046875e+01
-8.939051055908203125e+01,2.757337951660156250e+01
-8.939038848876953125e+01,2.757440948486328125e+01
-8.938992309570312500e+01,2.757391738891601562e+01
-8.939006805419921875e+01,2.757439804077148438e+01
-8.938959503173828125e+01,2.757248115539550781e+01
-8.939031219482421875e+01,2.757423591613769531e+01
-8.939001464843750000e+01,2.757266044616699219e+01
-8.939067077636718750e+01,2.757465553283691406e+01
-8.939051818847656250e+01,2.757366752624511719e+01
-8.939086914062500000e+01,2.757377052307128906e+01
-8.939085388183593750e+01,2.757295989990234375e+01
-8.939067840576171875e+01,2.757490158081054688e+01
-8.938990783691406250e+01,2.757324409484863281e+01
-8.939096069335937500e+01,2.757388114929199219e+01
-8.939050292968750000e+01,2.757409477233886719e+01
-8.938983917236328125e+01,2.757277488708496094e+01
-8.939007568359375000e+01,2.757434463500976562e+01
-8.939032745361328125e+01,2.757415580749511719e+01
-8.939083099365234375e+01,2.757450485229492188e+01
-8.938950347900390625e+01,2.757253646850585938e+01
-8.939045715332031250e+01,2.757315444946289062e+01
-8.938952636718750000e+01,2.757252502441406250e+01
-8.938936614990234375e+01,2.757245254516601562e+01
-8.939020538330078125e+01,2.757327270507812500e+01
-8.938983154296875000e+01,2.757294845581054688e+01
-8.939101409912109375e+01,2.757431793212890625e+01
-8.939050292968750000e+01,2.757308578491210938e+01
-8.938984680175781250e+01,2.757254409790039062e+01
-8.939044189453125000e+01,2.757389640808105469e+01
-8.939002227783203125e+01,2.757341194152832031e+01
-8.939035034179687500e+01,2.757364463806152344e+01
-8.939033508300781250e+01,2.757408714294433594e+01
-8.939109802246093750e+01,2.757369041442871094e+01
-8.939102172851562500e+01,2.757409286499023438e+01
-8.939044952392578125e+01,2.757435607910156250e+01
-8.939041900634765625e+01,2.757505035400390625e+01
-8.939035034179687500e+01,2.757347106933593750e+01
-8.939071655273437500e+01,2.757468223571777344e+01
-8.938988494873046875e+01,2.757285308837890625e+01
-8.939006805419921875e+01,2.757439231872558594e+01
-8.939011383056640625e+01,2.757350730895996094e+01
-8.939043426513671875e+01,2.757509613037109375e+01
-8.939112854003906250e+01,2.757397842407226562e+01
-8.939006042480468750e+01,2.757282257080078125e+01
-8.939023590087890625e+01,2.757399177551269531e+01
-8.939052581787109375e+01,2.757311820983886719e+01
-8.938980102539062500e+01,2.757251167297363281e+01
-8.939102935791015625e+01,2.757439994812011719e+01
-8.939058685302734375e+01,2.757478523254394531e+01
-8.939052581787109375e+01,2.757406425476074219e+01
-8.939043426513671875e+01,2.757333183288574219e+01
-8.939073944091796875e+01,2.757407951354980469e+01
-8.938985443115234375e+01,2.757245254516601562e+01
-8.939007568359375000e+01,2.757410812377929688e+01
-8.939093017578125000e+01,2.757387351989746094e+01
-8.939091491699218750e+01,2.757434082031250000e+01
-8.939020538330078125e+01,2.757298660278320312e+01
-8.938986968994140625e+01,2.757322692871093750e+01
-8.939028930664062500e+01,2.757463645935058594e+01
-8.938965606689453125e+01,2.757234954833984375e+01
-8.939076232910156250e+01,2.757316970825195312e+01
-8.939012145996093750e+01,2.757287979125976562e+01
-8.939045715332031250e+01,2.757357978820800781e+01
-8.939099884033203125e+01,2.757357978820800781e+01
-8.939078521728515625e+01,2.757445335388183594e+01
-8.939079284667968750e+01,2.757458114624023438e+01
-8.939034271240234375e+01,2.757336616516113281e+01
-8.939059448242187500e+01,2.757450103759765625e+01
-8.939042663574218750e+01,2.757413101196289062e+01
-8.939067840576171875e+01,2.757439422607421875e+01
-8.939027404785156250e+01,2.757472038269042969e+01
-8.939022064208984375e+01,2.757344055175781250e+01
-8.939087677001953125e+01,2.757399749755859375e+01
-8.939007568359375000e+01,2.757357788085937500e+01
-8.939013671875000000e+01,2.757311248779296875e+01
-8.939096069335937500e+01,2.757404327392578125e+01
-8.939086151123046875e+01,2.757391357421875000e+01
-8.939099884033203125e+01,2.757372856140136719e+01
-8.939068603515625000e+01,2.757468414306640625e+01
-8.939015197753906250e+01,2.757410240173339844e+01
-8.939085388183593750e+01,2.757390785217285156e+01
-8.939083099365234375e+01,2.757351684570312500e+01
-8.939024353027343750e+01,2.757493400573730469e+01
-8.938964843750000000e+01,2.757255172729492188e+01
-8.939058685302734375e+01,2.757389259338378906e+01
-8.938983917236328125e+01,2.757329750061035156e+01
-8.938967132568359375e+01,2.757268714904785156e+01
-8.939048004150390625e+01,2.757400131225585938e+01
-8.939038085937500000e+01,2.757409477233886719e+01
-8.938984680175781250e+01,2.757320213317871094e+01
-8.939027404785156250e+01,2.757365989685058594e+01
-8.939014434814453125e+01,2.757351112365722656e+01
-8.939022064208984375e+01,2.757488822937011719e+01
-8.939084625244140625e+01,2.757450103759765625e+01
-8.939042663574218750e+01,2.757348251342773438e+01
-8.938992309570312500e+01,2.757268333435058594e+01
-8.938954925537109375e+01,2.757210731506347656e+01
-8.938977813720703125e+01,2.757278442382812500e+01
-8.939062500000000000e+01,2.757342910766601562e+01
-8.939012145996093750e+01,2.757388114929199219e+01
-8.939045715332031250e+01,2.757446479797363281e+01
-8.939025878906250000e+01,2.757444763183593750e+01
-8.938986206054687500e+01,2.757283592224121094e+01
-8.939011383056640625e+01,2.757445335388183594e+01
-8.939086151123046875e+01,2.757344818115234375e+01
-8.939091491699218750e+01,2.757339477539062500e+01
-8.939098358154296875e+01,2.757389640808105469e+01
-8.939059448242187500e+01,2.757358169555664062e+01
-8.939028930664062500e+01,2.757459831237792969e+01
-8.939084625244140625e+01,2.757334899902343750e+01
-8.939035034179687500e+01,2.757451629638671875e+01
-8.938990783691406250e+01,2.757351875305175781e+01
-8.939009094238281250e+01,2.757428741455078125e+01
-8.938995361328125000e+01,2.757339859008789062e+01
-8.939027404785156250e+01,2.757481956481933594e+01
-8.939040374755859375e+01,2.757486724853515625e+01
-8.939032745361328125e+01,2.757497406005859375e+01
-8.939028930664062500e+01,2.757412528991699219e+01
-8.939073181152343750e+01,2.757325363159179688e+01
-8.939064025878906250e+01,2.757335472106933594e+01
-8.939028930664062500e+01,2.757338523864746094e+01
-8.938958740234375000e+01,2.757278633117675781e+01
-8.939076232910156250e+01,2.757409286499023438e+01
-8.939060974121093750e+01,2.757464218139648438e+01
-8.939076232910156250e+01,2.757464408874511719e+01
-8.939024353027343750e+01,2.757474327087402344e+01
-8.939088439941406250e+01,2.757416915893554688e+01
-8.939099121093750000e+01,2.757418632507324219e+01
-8.939059448242187500e+01,2.757488250732421875e+01
-8.938997650146484375e+01,2.757320213317871094e+01
-8.939044952392578125e+01,2.757325935363769531e+01
-8.938987731933593750e+01,2.757270622253417969e+01
-8.939024353027343750e+01,2.757378768920898438e+01
-8.939102935791015625e+01,2.757357978820800781e+01
-8.939064025878906250e+01,2.757387161254882812e+01
-8.939038085937500000e+01,2.757363510131835938e+01
-8.939038085937500000e+01,2.757456207275390625e+01
-8.939011383056640625e+01,2.757403945922851562e+01
-8.939077758789062500e+01,2.757401275634765625e+01
-8.939054870605468750e+01,2.757369422912597656e+01
-8.938993835449218750e+01,2.757266807556152344e+01
-8.939035797119140625e+01,2.757497024536132812e+01
-8.938963317871093750e+01,2.757236099243164062e+01
-8.939097595214843750e+01,2.757420730590820312e+01
-8.939095306396484375e+01,2.757348060607910156e+01
-8.938946533203125000e+01,2.757262039184570312e+01
-8.939019012451171875e+01,2.757321548461914062e+01
-8.939022064208984375e+01,2.757486152648925781e+01
-8.939094543457031250e+01,2.757464599609375000e+01
-8.939097595214843750e+01,2.757383728027343750e+01
-8.939001464843750000e+01,2.757267951965332031e+01
-8.939002990722656250e+01,2.757398986816406250e+01
-8.939008331298828125e+01,2.757412719726562500e+01
-8.939044952392578125e+01,2.757374763488769531e+01
-8.939014434814453125e+01,2.757313346862792969e+01
-8.939015960693359375e+01,2.757316398620605469e+01
-8.938974761962890625e+01,2.757259178161621094e+01
-8.939047241210937500e+01,2.757503128051757812e+01
-8.939013671875000000e+01,2.757377243041992188e+01
-8.938961029052734375e+01,2.757249069213867188e+01
-8.939078521728515625e+01,2.757416343688964844e+01
-8.939021301269531250e+01,2.757424163818359375e+01
-8.938957214355468750e+01,2.757260894775390625e+01
-8.939038085937500000e+01,2.757390594482421875e+01
-8.939013671875000000e+01,2.757441329956054688e+01
-8.939080810546875000e+01,2.757434844970703125e+01
-8.939093780517578125e+01,2.757355880737304688e+01
-8.939095306396484375e+01,2.757427597045898438e+01
-8.938951110839843750e+01,2.757264709472656250e+01
-8.939021301269531250e+01,2.757489585876464844e+01
-8.938987731933593750e+01,2.757340049743652344e+01
-8.939049530029296875e+01,2.757329750061035156e+01
-8.939019012451171875e+01,2.757358551025390625e+01
-8.939038848876953125e+01,2.757512092590332031e+01
-8.939044952392578125e+01,2.757374954223632812e+01
-8.939074707031250000e+01,2.757463264465332031e+01
-8.939028167724609375e+01,2.757387161254882812e+01
-8.938950347900390625e+01,2.757271003723144531e+01
-8.939012908935546875e+01,2.757431411743164062e+01
-8.939048004150390625e+01,2.757495689392089844e+01
-8.938962554931640625e+01,2.757246017456054688e+01
-8.938990783691406250e+01,2.757317543029785156e+01
-8.939090728759765625e+01,2.757438850402832031e+01
-8.939004516601562500e+01,2.757302284240722656e+01
-8.939026641845703125e+01,2.757404518127441406e+01
-8.939090728759765625e+01,2.757444381713867188e+01
-8.939040374755859375e+01,2.757403373718261719e+01
-8.938983917236328125e+01,2.757311058044433594e+01
-8.939062500000000000e+01,2.757365036010742188e+01
-8.939021301269531250e+01,2.757364654541015625e+01
-8.939031219482421875e+01,2.757302474975585938e+01
-8.938957977294921875e+01,2.757261657714843750e+01
-8.939097595214843750e+01,2.757392692565917969e+01
-8.939067840576171875e+01,2.757335662841796875e+01
-8.939018249511718750e+01,2.757333374023437500e+01
-8.939088439941406250e+01,2.757365036010742188e+01
-8.939083099365234375e+01,2.757446861267089844e+01
-8.939025878906250000e+01,2.757328796386718750e+01
-8.939030456542968750e+01,2.757305526733398438e+01
-8.939088439941406250e+01,2.757334327697753906e+01
-8.939066314697265625e+01,2.757423782348632812e+01
-8.938979339599609375e+01,2.757246017456054688e+01
-8.939078521728515625e+01,2.757351303100585938e+01
-8.938992309570312500e+01,2.757291412353515625e+01
-8.939004516601562500e+01,2.757321357727050781e+01
-8.939049530029296875e+01,2.757323646545410156e+01
-8.938979339599609375e+01,2.757278060913085938e+01
-8.939005279541015625e+01,2.757292366027832031e+01
-8.939076232910156250e+01,2.757371139526367188e+01
-8.939094543457031250e+01,2.757443428039550781e+01
-8.939029693603515625e+01,2.757315063476562500e+01
-8.939044952392578125e+01,2.757412528991699219e+01
-8.939091491699218750e+01,2.757464790344238281e+01
-8.939071655273437500e+01,2.757311820983886719e+01
-8.939006042480468750e+01,2.757366371154785156e+01
-8.939048004150390625e+01,2.757316970825195312e+01
-8.939094543457031250e+01,2.757360267639160156e+01
-8.939010620117187500e+01,2.757321548461914062e+01
-8.939080810546875000e+01,2.757306861877441406e+01
-8.939071655273437500e+01,2.757399177551269531e+01
-8.938980865478515625e+01,2.757240867614746094e+01
-8.939009094238281250e+01,2.757278633117675781e+01
-8.939049530029296875e+01,2.757465744018554688e+01
-8.939032745361328125e+01,2.757339859008789062e+01
-8.939041900634765625e+01,2.757459640502929688e+01
-8.939020538330078125e+01,2.757384109497070312e+01
-8.939051818847656250e+01,2.757463455200195312e+01
-8.939004516601562500e+01,2.757292938232421875e+01
-8.939083099365234375e+01,2.757340812683105469e+01
-8.938986968994140625e+01,2.757290077209472656e+01
-8.938928985595703125e+01,2.757248497009277344e+01
-8.938968658447265625e+01,2.757248687744140625e+01
-8.939066314697265625e+01,2.757317924499511719e+01
-8.939051055908203125e+01,2.757465744018554688e+01
-8.939044189453125000e+01,2.757469367980957031e+01
-8.939039611816406250e+01,2.757402801513671875e+01
-8.939054870605468750e+01,2.757394790649414062e+01
-8.939026641845703125e+01,2.757407379150390625e+01
-8.939077758789062500e+01,2.757411575317382812e+01
-8.939044189453125000e+01,2.757456970214843750e+01
-8.939082336425781250e+01,2.757305908203125000e+01
-8.939076995849609375e+01,2.757415771484375000e+01
-8.939000701904296875e+01,2.757321929931640625e+01
-8.939073944091796875e+01,2.757305145263671875e+01
-8.939041900634765625e+01,2.757509803771972656e+01
-8.939095306396484375e+01,2.757442474365234375e+01
-8.939032745361328125e+01,2.757411766052246094e+01
-8.939099884033203125e+01,2.757388114929199219e+01
-8.938999938964843750e+01,2.757313156127929688e+01
-8.939058685302734375e+01,2.757323265075683594e+01
-8.939055633544921875e+01,2.757406425476074219e+01
-8.939055633544921875e+01,2.757342338562011719e+01
-8.939015960693359375e+01,2.757311820983886719e+01
-8.939051818847656250e+01,2.757495307922363281e+01
-8.938939666748046875e+01,2.757234382629394531e+01
-8.938961029052734375e+01,2.757247352600097656e+01
-8.939096832275390625e+01,2.757357215881347656e+01
-8.938974761962890625e+01,2.757254791259765625e+01
-8.938955688476562500e+01,2.757252120971679688e+01
-8.938996124267578125e+01,2.757332801818847656e+01
-8.938979339599609375e+01,2.757293128967285156e+01
-8.939089965820312500e+01,2.757406997680664062e+01
-8.939050292968750000e+01,2.757420730590820312e+01
-8.939006805419921875e+01,2.757308959960937500e+01
-8.939096069335937500e+01,2.757367706298828125e+01
-8.939024353027343750e+01,2.757374382019042969e+01
-8.939053344726562500e+01,2.757329940795898438e+01
-8.939051055908203125e+01,2.757335090637207031e+01
-8.939107513427734375e+01,2.757374000549316406e+01
-8.939085388183593750e+01,2.757393646240234375e+01
-8.939102172851562500e+01,2.757419967651367188e+01
-8.939016723632812500e+01,2.757283020019531250e+01
-8.939081573486328125e+01,2.757409667968750000e+01
-8.939040374755859375e+01,2.757320213317871094e+01
-8.939077758789062500e+01,2.757467269897460938e+01
-8.939012145996093750e+01,2.757388877868652344e+01
-8.939016723632812500e+01,2.757450675964355469e+01
-8.939080810546875000e+01,2.757349205017089844e+01
-8.939078521728515625e+01,2.757409667968750000e+01
-8.938989257812500000e+01,2.757298278808593750e+01
-8.939054870605468750e+01,2.757302093505859375e+01
-8.939095306396484375e+01,2.757424354553222656e+01
-8.939031982421875000e+01,2.757302665710449219e+01
-8.938961791992187500e+01,2.757263183593750000e+01
-8.939093780517578125e+01,2.757374572753906250e+01
-8.939090728759765625e+01,2.757349014282226562e+01
-8.939004516601562500e+01,2.757388877868652344e+01
-8.939007568359375000e+01,2.757398033142089844e+01
-8.939056396484375000e+01,2.757352447509765625e+01
-8.939055633544921875e+01,2.757350921630859375e+01
-8.938955688476562500e+01,2.757272148132324219e+01
-8.939064025878906250e+01,2.757378387451171875e+01
-8.939068603515625000e+01,2.757326316833496094e+01
-8.939041137695312500e+01,2.757330894470214844e+01
-8.939073944091796875e+01,2.757339477539062500e+01
-8.939066314697265625e+01,2.757376480102539062e+01
-8.939031982421875000e+01,2.757309913635253906e+01
-8.939059448242187500e+01,2.757441139221191406e+01
-8.939069366455078125e+01,2.757324409484863281e+01
-8.938995361328125000e+01,2.757340431213378906e+01
-8.939071655273437500e+01,2.757353973388671875e+01
-8.939107513427734375e+01,2.757355880737304688e+01
-8.939032745361328125e+01,2.757480812072753906e+01
-8.939036560058593750e+01,2.757456016540527344e+01
-8.939107513427734375e+01,2.757411384582519531e+01
-8.939055633544921875e+01,2.757390594482421875e+01
-8.939033508300781250e+01,2.757484436035156250e+01
-8.939069366455078125e+01,2.757457923889160156e+01
-8.939031219482421875e+01,2.757440376281738281e+01
-8.938978576660156250e+01,2.757274627685546875e+01
-8.938999176025390625e+01,2.757276535034179688e+01
-8.939054870605468750e+01,2.757415199279785156e+01
-8.939071655273437500e+01,2.757424926757812500e+01
-8.939057922363281250e+01,2.757304000854492188e+01
-8.939080047607421875e+01,2.757394218444824219e+01
-8.939076232910156250e+01,2.757341384887695312e+01
-8.939109802246093750e+01,2.757377243041992188e+01
-8.939077758789062500e+01,2.757385253906250000e+01
-8.939017486572265625e+01,2.757302093505859375e+01
-8.939023590087890625e+01,2.757459259033203125e+01
-8.939041900634765625e+01,2.757440757751464844e+01
-8.938980865478515625e+01,2.757340240478515625e+01
-8.939093780517578125e+01,2.757304954528808594e+01
-8.939073181152343750e+01,2.757452201843261719e+01
-8.939019012451171875e+01,2.757493019104003906e+01
-8.939004516601562500e+01,2.757354927062988281e+01
-8.938996124267578125e+01,2.757321739196777344e+01
-8.939011383056640625e+01,2.757285118103027344e+01
-8.939013671875000000e+01,2.757296371459960938e+01
-8.939013671875000000e+01,2.757347488403320312e+01
-8.939014434814453125e+01,2.757403182983398438e+01
-8.939096832275390625e+01,2.757404708862304688e+01
-8.939019775390625000e+01,2.757305335998535156e+01
-8.939015197753906250e+01,2.757360839843750000e+01
-8.939022064208984375e+01,2.757298851013183594e+01
-8.939015960693359375e+01,2.757305526733398438e+01
-8.939041137695312500e+01,2.757376480102539062e+01
-8.939051055908203125e+01,2.757309150695800781e+01
-8.939068603515625000e+01,2.757431983947753906e+01
-8.939065551757812500e+01,2.757397079467773438e+01
-8.939027404785156250e+01,2.757410240173339844e+01
-8.938999938964843750e+01,2.757268714904785156e+01
-8.939005279541015625e+01,2.757431793212890625e+01
-8.939066314697265625e+01,2.757417106628417969e+01
-8.938996887207031250e+01,2.757304191589355469e+01
-8.939061737060546875e+01,2.757446289062500000e+01
-8.939035034179687500e+01,2.757327079772949219e+01
-8.939051818847656250e+01,2.757296180725097656e+01
-8.939001464843750000e+01,2.757310104370117188e+01
-8.939022064208984375e+01,2.757438659667968750e+01
-8.939058685302734375e+01,2.757397079467773438e+01
-8.938996124267578125e+01,2.757315444946289062e+01
-8.939009857177734375e+01,2.757370376586914062e+01
-8.939001464843750000e+01,2.757293510437011719e+01
-8.938970184326171875e+01,2.757289695739746094e+01
-8.939044189453125000e+01,2.757449340820312500e+01
-8.938976287841796875e+01,2.757284736633300781e+01
-8.939053344726562500e+01,2.757328033447265625e+01
-8.939006805419921875e+01,2.757305526733398438e+01
-8.939060974121093750e+01,2.757381820678710938e+01
-8.939084625244140625e+01,2.757342338562011719e+01
-8.938957214355468750e+01,2.757277297973632812e+01
-8.939047241210937500e+01,2.757307052612304688e+01
-8.939044189453125000e+01,2.757452964782714844e+01
-8.939089965820312500e+01,2.757301330566406250e+01
-8.939083862304687500e+01,2.757376480102539062e+01
-8.939065551757812500e+01,2.757443809509277344e+01
-8.939012145996093750e+01,2.757311058044433594e+01
-8.939044952392578125e+01,2.757477188110351562e+01
-8.939085388183593750e+01,2.757426261901855469e+01
-8.939061737060546875e+01,2.757407951354980469e+01
-8.939105224609375000e+01,2.757372474670410156e+01
-8.939065551757812500e+01,2.757416725158691406e+01
-8.939043426513671875e+01,2.757435035705566406e+01
-8.938950347900390625e+01,2.757209205627441406e+01
-8.939055633544921875e+01,2.757298660278320312e+01
-8.939054870605468750e+01,2.757364273071289062e+01
-8.939049530029296875e+01,2.757444190979003906e+01
-8.939048004150390625e+01,2.757323265075683594e+01
-8.939022827148437500e+01,2.757415771484375000e+01
-8.939026641845703125e+01,2.757402801513671875e+01
-8.939043426513671875e+01,2.757371711730957031e+01
-8.939042663574218750e+01,2.757426071166992188e+01
-8.939006805419921875e+01,2.757413864135742188e+01
-8.939056396484375000e+01,2.757375144958496094e+01
-8.939099884033203125e+01,2.757415771484375000e+01
-8.939025878906250000e+01,2.757457160949707031e+01
-8.939078521728515625e+01,2.757430076599121094e+01
-8.938953399658203125e+01,2.757255363464355469e+01
-8.939054107666015625e+01,2.757423210144042969e+01
-8.939086151123046875e+01,2.757378768920898438e+01
-8.939040374755859375e+01,2.757500648498535156e+01
-8.939003753662109375e+01,2.757362174987792969e+01
-8.939049530029296875e+01,2.757315254211425781e+01
-8.939059448242187500e+01,2.757493782043457031e+01
-8.939037322998046875e+01,2.757425880432128906e+01
-8.939053344726562500e+01,2.757381439208984375e+01
-8.938983154296875000e+01,2.757300949096679688e+01
-8.938990020751953125e+01,2.757258224487304688e+01
-8.939058685302734375e+01,2.757354164123535156e+01
-8.939089965820312500e+01,2.757323455810546875e+01
-8.938952636718750000e+01,2.757219886779785156e+01
-8.939025115966796875e+01,2.757489776611328125e+01
-8.939091491699218750e+01,2.757434272766113281e+01
-8.938977050781250000e+01,2.757275390625000000e+01
-8.938957214355468750e+01,2.757273292541503906e+01
-8.939009094238281250e+01,2.757294845581054688e+01
-8.939060211181640625e+01,2.757361221313476562e+01
-8.939065551757812500e+01,2.757403945922851562e+01
-8.938951110839843750e+01,2.757267570495605469e+01
-8.939017486572265625e+01,2.757305717468261719e+01
-8.939079284667968750e+01,2.757296180725097656e+01
-8.939090728759765625e+01,2.757387542724609375e+01
-8.939088439941406250e+01,2.757449722290039062e+01
-8.939047241210937500e+01,2.757432365417480469e+01
-8.939079284667968750e+01,2.757376480102539062e+01
-8.939061737060546875e+01,2.757387924194335938e+01
-8.939011383056640625e+01,2.757323646545410156e+01
-8.938952636718750000e+01,2.757250595092773438e+01
-8.939001464843750000e+01,2.757389831542968750e+01
-8.939022064208984375e+01,2.757425117492675781e+01
-8.939057922363281250e+01,2.757318687438964844e+01
-8.939080810546875000e+01,2.757297897338867188e+01
-8.938994598388671875e+01,2.757296562194824219e+01
-8.939064788818359375e+01,2.757466888427734375e+01
-8.939083862304687500e+01,2.757415199279785156e+01
-8.939028167724609375e+01,2.757314300537109375e+01
-8.938951873779296875e+01,2.757263374328613281e+01
-8.939069366455078125e+01,2.757470893859863281e+01
-8.939085388183593750e+01,2.757327651977539062e+01
-8.938954162597656250e+01,2.757254409790039062e+01
-8.939042663574218750e+01,2.757428550720214844e+01
-8.939060974121093750e+01,2.757501602172851562e+01
-8.938981628417968750e+01,2.757305717468261719e+01
-8.939031219482421875e+01,2.757417869567871094e+01
-8.939109039306640625e+01,2.757367515563964844e+01
-8.939069366455078125e+01,2.757353591918945312e+01
-8.939048004150390625e+01,2.757370185852050781e+01
-8.939093017578125000e+01,2.757454109191894531e+01
-8.939077758789062500e+01,2.757309341430664062e+01
-8.938980102539062500e+01,2.757282829284667969e+01
-8.938967895507812500e+01,2.757290267944335938e+01
-8.939035034179687500e+01,2.757398414611816406e+01
-8.939095306396484375e+01,2.757435417175292969e+01
-8.939008331298828125e+01,2.757375144958496094e+01
-8.939073944091796875e+01,2.757416725158691406e+01
-8.938983917236328125e+01,2.757330131530761719e+01
-8.938993835449218750e+01,2.757302284240722656e+01
-8.938996124267578125e+01,2.757265472412109375e+01
-8.938977813720703125e+01,2.757339286804199219e+01
-8.939055633544921875e+01,2.757437705993652344e+01
-8.939071655273437500e+01,2.757366561889648438e+01
-8.939054107666015625e+01,2.757381057739257812e+01
-8.938954162597656250e+01,2.757240486145019531e+01
-8.939014434814453125e+01,2.757322120666503906e+01
-8.939025878906250000e+01,2.757465934753417969e+01
-8.939022827148437500e+01,2.757378959655761719e+01
-8.939006805419921875e+01,2.757429695129394531e+01
-8.939025115966796875e+01,2.757466506958007812e+01
-8.939073944091796875e+01,2.757432174682617188e+01
-8.939062500000000000e+01,2.757456970214843750e+01
-8.939086151123046875e+01,2.757380485534667969e+01
-8.938997650146484375e+01,2.757296371459960938e+01
-8.938945007324218750e+01,2.757237052917480469e+01
-8.938992309570312500e+01,2.757266998291015625e+01
-8.939077758789062500e+01,2.757463264465332031e+01
-8.939101409912109375e+01,2.757444190979003906e+01
-8.939047241210937500e+01,2.757385635375976562e+01
-8.938977813720703125e+01,2.757334709167480469e+01
-8.939086151123046875e+01,2.757378768920898438e+01
-8.938968658447265625e+01,2.757262802124023438e+01
-8.939081573486328125e+01,2.757337188720703125e+01
-8.939075469970703125e+01,2.757448768615722656e+01
-8.939044189453125000e+01,2.757444000244140625e+01
-8.939081573486328125e+01,2.757433509826660156e+01
-8.939050292968750000e+01,2.757414054870605469e+01
-8.938974761962890625e+01,2.757285881042480469e+01
-8.939031219482421875e+01,2.757328987121582031e+01
-8.938961029052734375e+01,2.757276725769042969e+01
-8.938957977294921875e+01,2.757262802124023438e+01
-8.938977050781250000e+01,2.757242393493652344e+01
-8.939083099365234375e+01,2.757357788085937500e+01
-8.939016723632812500e+01,2.757329940795898438e+01
-8.939049530029296875e+01,2.757496070861816406e+01
-8.939078521728515625e+01,2.757432937622070312e+01
-8.939050292968750000e+01,2.757482719421386719e+01
-8.939060211181640625e+01,2.757363510131835938e+01
-8.939039611816406250e+01,2.757360649108886719e+01
-8.939043426513671875e+01,2.757416534423828125e+01
-8.939066314697265625e+01,2.757404136657714844e+01
-8.939026641845703125e+01,2.757417488098144531e+01
-8.939110565185546875e+01,2.757394981384277344e+01
-8.939007568359375000e+01,2.757278442382812500e+01
-8.938957214355468750e+01,2.757230567932128906e+01
-8.938983154296875000e+01,2.757314682006835938e+01
-8.939023590087890625e+01,2.757354736328125000e+01
-8.939042663574218750e+01,2.757420730590820312e+01
-8.939070129394531250e+01,2.757402420043945312e+01
-8.938992309570312500e+01,2.757282066345214844e+01
-8.939019775390625000e+01,2.757350158691406250e+01
-8.939108276367187500e+01,2.757428741455078125e+01
-8.939083862304687500e+01,2.757335281372070312e+01
-8.938988494873046875e+01,2.757265281677246094e+01
-8.938993072509765625e+01,2.757332611083984375e+01
-8.939057159423828125e+01,2.757402992248535156e+01
-8.938991546630859375e+01,2.757272338867187500e+01
-8.939034271240234375e+01,2.757321929931640625e+01
-8.939027404785156250e+01,2.757337379455566406e+01
-8.939067077636718750e+01,2.757448577880859375e+01
-8.939020538330078125e+01,2.757364273071289062e+01
-8.939019775390625000e+01,2.757421875000000000e+01
-8.939026641845703125e+01,2.757419013977050781e+01
-8.939048004150390625e+01,2.757493400573730469e+01
-8.939028167724609375e+01,2.757298278808593750e+01
-8.939040374755859375e+01,2.757372093200683594e+01
-8.939086914062500000e+01,2.757373619079589844e+01
-8.939006805419921875e+01,2.757273101806640625e+01
-8.939080047607421875e+01,2.757467079162597656e+01
-8.938948059082031250e+01,2.757249069213867188e+01
-8.939073944091796875e+01,2.757386589050292969e+01
-8.939026641845703125e+01,2.757401084899902344e+01
-8.939097595214843750e+01,2.757396316528320312e+01
-8.938989257812500000e+01,2.757352828979492188e+01
-8.939072418212890625e+01,2.757427787780761719e+01
-8.939067077636718750e+01,2.757364845275878906e+01
-8.939022827148437500e+01,2.757484054565429688e+01
-8.939015197753906250e+01,2.757429122924804688e+01
-8.939061737060546875e+01,2.757454681396484375e+01
-8.939027404785156250e+01,2.757455825805664062e+01
-8.939006805419921875e+01,2.757334327697753906e+01
-8.938946533203125000e+01,2.757266998291015625e+01
-8.939054107666015625e+01,2.757375717163085938e+01
-8.938964080810546875e+01,2.757279205322265625e+01
-8.939070892333984375e+01,2.757453536987304688e+01
-8.939045715332031250e+01,2.757389259338378906e+01
-8.938967132568359375e+01,2.757276725769042969e+01
-8.938973236083984375e+01,2.757288360595703125e+01
-8.939031219482421875e+01,2.757371520996093750e+01
-8.938946533203125000e+01,2.757238578796386719e+01
-8.939002227783203125e+01,2.757383155822753906e+01
-8.939062500000000000e+01,2.757478332519531250e+01
-8.939037322998046875e+01,2.757471275329589844e+01
-8.939024353027343750e+01,2.757460784912109375e+01
-8.939108276367187500e+01,2.757379341125488281e+01
-8.939081573486328125e+01,2.757310485839843750e+01
-8.939029693603515625e+01,2.757337188720703125e+01
-8.939098358154296875e+01,2.757427978515625000e+01
-8.938989257812500000e+01,2.757297515869140625e+01
-8.939053344726562500e+01,2.757447052001953125e+01
-8.938951873779296875e+01,2.757232284545898438e+01
-8.939073944091796875e+01,2.757440757751464844e+01
-8.939071655273437500e+01,2.757465934753417969e+01
-8.939030456542968750e+01,2.757317352294921875e+01
-8.939090728759765625e+01,2.757380104064941406e+01
-8.939041900634765625e+01,2.757358360290527344e+01
-8.939044952392578125e+01,2.757412338256835938e+01
-8.939092254638671875e+01,2.757353401184082031e+01
-8.939030456542968750e+01,2.757330703735351562e+01
-8.939041137695312500e+01,2.757332229614257812e+01
-8.938951110839843750e+01,2.757226181030273438e+01
-8.939004516601562500e+01,2.757346725463867188e+01
-8.939081573486328125e+01,2.757416152954101562e+01
-8.939020538330078125e+01,2.757313156127929688e+01
-8.939058685302734375e+01,2.757480239868164062e+01
-8.939063262939453125e+01,2.757456970214843750e+01
-8.939023590087890625e+01,2.757400321960449219e+01
-8.939068603515625000e+01,2.757391166687011719e+01
-8.939014434814453125e+01,2.757402038574218750e+01
-8.939003753662109375e+01,2.757387351989746094e+01
-8.939017486572265625e+01,2.757486343383789062e+01
-8.939095306396484375e+01,2.757373809814453125e+01
-8.939064025878906250e+01,2.757425117492675781e+01
-8.938977050781250000e+01,2.757300186157226562e+01
-8.939048767089843750e+01,2.757408332824707031e+01
-8.939054870605468750e+01,2.757441711425781250e+01
-8.938944244384765625e+01,2.757259178161621094e+01
-8.939006042480468750e+01,2.757438087463378906e+01
-8.939105987548828125e+01,2.757389640808105469e+01
-8.939085388183593750e+01,2.757419013977050781e+01
-8.939091491699218750e+01,2.757437133789062500e+01
-8.939006042480468750e+01,2.757335281372070312e+01
-8.939059448242187500e+01,2.757404899597167969e+01
-8.938990020751953125e+01,2.757323837280273438e+01
-8.939023590087890625e+01,2.757355880737304688e+01
-8.939071655273437500e+01,2.757332992553710938e+01
-8.939064025878906250e+01,2.757415962219238281e+01
-8.939057159423828125e+01,2.757474708557128906e+01
-8.938967132568359375e+01,2.757253074645996094e+01
-8.939096069335937500e+01,2.757415199279785156e+01
-8.938997650146484375e+01,2.757281684875488281e+01
-8.939102935791015625e+01,2.757403182983398438e+01
-8.939026641845703125e+01,2.757439804077148438e+01
-8.939044189453125000e+01,2.757500457763671875e+01
-8.938967895507812500e+01,2.757288742065429688e+01
-8.939103698730468750e+01,2.757401847839355469e+01
-8.939037322998046875e+01,2.757351112365722656e+01
-8.939008331298828125e+01,2.757371520996093750e+01
-8.939084625244140625e+01,2.757411193847656250e+01
-8.939062500000000000e+01,2.757460784912109375e+01
-8.939044189453125000e+01,2.757421875000000000e+01
-8.938964843750000000e+01,2.757230949401855469e+01
-8.939022827148437500e+01,2.757376480102539062e+01
-8.939077758789062500e+01,2.757314491271972656e+01
-8.939068603515625000e+01,2.757385063171386719e+01
-8.939057159423828125e+01,2.757329368591308594e+01
-8.939036560058593750e+01,2.757368659973144531e+01
-8.938990783691406250e+01,2.757258033752441406e+01
-8.939014434814453125e+01,2.757403373718261719e+01
-8.939025878906250000e+01,2.757342529296875000e+01
-8.938993072509765625e+01,2.757346534729003906e+01
-8.939009857177734375e+01,2.757317161560058594e+01
-8.939057159423828125e+01,2.757396316528320312e+01
-8.939081573486328125e+01,2.757378387451171875e+01
-8.939052581787109375e+01,2.757379913330078125e+01
-8.939041137695312500e+01,2.757501602172851562e+01
-8.939017486572265625e+01,2.757391929626464844e+01
-8.939022827148437500e+01,2.757438468933105469e+01
-8.939062500000000000e+01,2.757481765747070312e+01
-8.939081573486328125e+01,2.757453918457031250e+01
-8.939096069335937500e+01,2.757387924194335938e+01
-8.939027404785156250e+01,2.757415962219238281e+01
-8.939082336425781250e+01,2.757392883300781250e+01
-8.938973236083984375e+01,2.757262802124023438e+01
-8.938972473144531250e+01,2.757282257080078125e+01
-8.939063262939453125e+01,2.757440757751464844e+01
-8.938995361328125000e+01,2.757297325134277344e+01
-8.939071655273437500e+01,2.757374954223632812e+01
-8.939050292968750000e+01,2.757409667968750000e+01
-8.939055633544921875e+01,2.757345008850097656e+01
-8.939025878906250000e+01,2.757408332824707031e+01
-8.939021301269531250e+01,2.757397460937500000e+01
-8.939045715332031250e+01,2.757507705688476562e+01
-8.939087677001953125e+01,2.757358551025390625e+01
-8.939069366455078125e+01,2.757345962524414062e+01
-8.939089202880859375e+01,2.757469367980957031e+01
-8.939002227783203125e+01,2.757327270507812500e+01
-8.938975524902343750e+01,2.757282257080078125e+01
-8.939010620117187500e+01,2.757326889038085938e+01
-8.939091491699218750e+01,2.757467460632324219e+01
-8.939065551757812500e+01,2.757318687438964844e+01
-8.939065551757812500e+01,2.757375335693359375e+01
-8.938999938964843750e+01,2.757356262207031250e+01
-8.939082336425781250e+01,2.757333564758300781e+01
-8.939108276367187500e+01,2.757369995117187500e+01
-8.938994598388671875e+01,2.757394409179687500e+01
-8.938976287841796875e+01,2.757335853576660156e+01
-8.939095306396484375e+01,2.757341384887695312e+01
-8.939107513427734375e+01,2.757430458068847656e+01
-8.938996887207031250e+01,2.757327270507812500e+01
-8.939064788818359375e+01,2.757333183288574219e+01
-8.939110565185546875e+01,2.757370567321777344e+01
-8.939005279541015625e+01,2.757427597045898438e+01
-8.939071655273437500e+01,2.757484817504882812e+01
-8.939083862304687500e+01,2.757411003112792969e+01
-8.939083099365234375e+01,2.757443428039550781e+01
-8.939080810546875000e+01,2.757447624206542969e+01
-8.939073181152343750e+01,2.757377052307128906e+01
-8.939009857177734375e+01,2.757356071472167969e+01
-8.939014434814453125e+01,2.757446861267089844e+01
-8.939099884033203125e+01,2.757356452941894531e+01
-8.939052581787109375e+01,2.757301330566406250e+01
-8.939025115966796875e+01,2.757442092895507812e+01
-8.939032745361328125e+01,2.757406997680664062e+01
-8.939047241210937500e+01,2.757427406311035156e+01
-8.939099884033203125e+01,2.757369041442871094e+01
-8.938948059082031250e+01,2.757266998291015625e+01
-8.939043426513671875e+01,2.757453346252441406e+01
-8.938968658447265625e+01,2.757286834716796875e+01
-8.939086151123046875e+01,2.757305717468261719e+01
-8.939070892333984375e+01,2.757408142089843750e+01
-8.939070129394531250e+01,2.757410812377929688e+01
-8.939091491699218750e+01,2.757393074035644531e+01
-8.939077758789062500e+01,2.757459640502929688e+01
-8.938993072509765625e+01,2.757386779785156250e+01
-8.939105224609375000e+01,2.757392311096191406e+01
-8.938990783691406250e+01,2.757271194458007812e+01
-8.939067840576171875e+01,2.757406234741210938e+01
-8.939089965820312500e+01,2.757318305969238281e+01
-8.939086151123046875e+01,2.757396507263183594e+01
-8.939055633544921875e+01,2.757316017150878906e+01
-8.939034271240234375e+01,2.757362174987792969e+01
-8.939096069335937500e+01,2.757408905029296875e+01
-8.939055633544921875e+01,2.757351493835449219e+01
-8.939041137695312500e+01,2.757427978515625000e+01
-8.939105987548828125e+01,2.757439041137695312e+01
-8.938993835449218750e+01,2.757393836975097656e+01
-8.939076995849609375e+01,2.757421875000000000e+01
-8.939060211181640625e+01,2.757478141784667969e+01
-8.939063262939453125e+01,2.757478332519531250e+01
-8.939000701904296875e+01,2.757339286804199219e+01
-8.939105987548828125e+01,2.757363319396972656e+01
-8.939009857177734375e+01,2.757337379455566406e+01
-8.938936614990234375e+01,2.757240104675292969e+01
-8.939006805419921875e+01,2.757309913635253906e+01
-8.939084625244140625e+01,2.757439041137695312e+01
-8.939076232910156250e+01,2.757398605346679688e+01
-8.939049530029296875e+01,2.757464790344238281e+01
-8.939032745361328125e+01,2.757309722900390625e+01
-8.938964843750000000e+01,2.757223320007324219e+01
-8.939012908935546875e+01,2.757376480102539062e+01
-8.939030456542968750e+01,2.757366561889648438e+01
-8.938938140869140625e+01,2.757241058349609375e+01
-8.939044189453125000e+01,2.757437705993652344e+01
-8.939046478271484375e+01,2.757424545288085938e+01
-8.939031219482421875e+01,2.757329368591308594e+01
-8.939053344726562500e+01,2.757359886169433594e+01
-8.939028930664062500e+01,2.757376670837402344e+01
-8.939069366455078125e+01,2.757364273071289062e+01
-8.938951873779296875e+01,2.757231521606445312e+01
-8.939054107666015625e+01,2.757489776611328125e+01
-8.938984680175781250e+01,2.757321166992187500e+01
-8.939034271240234375e+01,2.757318687438964844e+01
-8.938962554931640625e+01,2.757278823852539062e+01
-8.939047241210937500e+01,2.757351112365722656e+01
-8.939080047607421875e+01,2.757419395446777344e+01
-8.939035034179687500e+01,2.757364082336425781e+01
-8.939015197753906250e+01,2.757411575317382812e+01
-8.939025878906250000e+01,2.757456207275390625e+01
-8.939026641845703125e+01,2.757301521301269531e+01
-8.938970947265625000e+01,2.757263755798339844e+01
-8.939064025878906250e+01,2.757413482666015625e+01
-8.939000701904296875e+01,2.757279205322265625e+01
-8.939052581787109375e+01,2.757329750061035156e+01
-8.939085388183593750e+01,2.757382965087890625e+01
-8.939028930664062500e+01,2.757407188415527344e+01
-8.938954162597656250e+01,2.757275199890136719e+01
-8.938957977294921875e+01,2.757246589660644531e+01
-8.939015960693359375e+01,2.757342529296875000e+01
-8.939054870605468750e+01,2.757335472106933594e+01
-8.939067840576171875e+01,2.757491683959960938e+01
-8.938986206054687500e+01,2.757252502441406250e+01
-8.939067077636718750e+01,2.757351112365722656e+01
-8.939070892333984375e+01,2.757447433471679688e+01
-8.939031982421875000e+01,2.757324028015136719e+01
-8.939070892333984375e+01,2.757426834106445312e+01
-8.939089965820312500e+01,2.757325744628906250e+01
-8.939100646972656250e+01,2.757357597351074219e+01
-8.939062500000000000e+01,2.757488632202148438e+01
-8.939046478271484375e+01,2.757357788085937500e+01
-8.938951110839843750e+01,2.757248878479003906e+01
-8.939093017578125000e+01,2.757388114929199219e+01
-8.939038848876953125e+01,2.757467460632324219e+01
-8.938976287841796875e+01,2.757297325134277344e+01
-8.939056396484375000e+01,2.757320976257324219e+01
-8.939035034179687500e+01,2.757387924194335938e+01
-8.939003753662109375e+01,2.757268142700195312e+01
-8.939044189453125000e+01,2.757366180419921875e+01
-8.938960266113281250e+01,2.757250785827636719e+01
-8.938957214355468750e+01,2.757229232788085938e+01
-8.939006042480468750e+01,2.757293510437011719e+01
-8.938977813720703125e+01,2.757257843017578125e+01
-8.938940429687500000e+01,2.757232475280761719e+01
-8.939011383056640625e+01,2.757404518127441406e+01
-8.939043426513671875e+01,2.757369232177734375e+01
-8.939020538330078125e+01,2.757410240173339844e+01
-8.939084625244140625e+01,2.757302474975585938e+01
-8.939091491699218750e+01,2.757346916198730469e+01
-8.939051055908203125e+01,2.757382583618164062e+01
-8.939042663574218750e+01,2.757475662231445312e+01
-8.939049530029296875e+01,2.757340621948242188e+01
-8.939041900634765625e+01,2.757504463195800781e+01
-8.939022827148437500e+01,2.757401847839355469e+01
-8.939061737060546875e+01,2.757343673706054688e+01
-8.939089202880859375e+01,2.757369804382324219e+01
-8.939098358154296875e+01,2.757453727722167969e+01
-8.938977050781250000e+01,2.757262039184570312e+01
-8.938941192626953125e+01,2.757230758666992188e+01
-8.938982391357421875e+01,2.757292938232421875e+01
-8.939045715332031250e+01,2.757304763793945312e+01
-8.938993072509765625e+01,2.757310867309570312e+01
-8.939110565185546875e+01,2.757427978515625000e+01
-8.939092254638671875e+01,2.757304000854492188e+01
-8.938972473144531250e+01,2.757254600524902344e+01
-8.939007568359375000e+01,2.757311058044433594e+01
-8.939093780517578125e+01,2.757421493530273438e+01
-8.939076232910156250e+01,2.757349014282226562e+01
-8.939019012451171875e+01,2.757365036010742188e+01
-8.939041900634765625e+01,2.757481193542480469e+01
-8.938968658447265625e+01,2.757237434387207031e+01
-8.939075469970703125e+01,2.757478523254394531e+01
-8.938953399658203125e+01,2.757226371765136719e+01
-8.939023590087890625e+01,2.757485771179199219e+01
-8.939040374755859375e+01,2.757478904724121094e+01
-8.938945007324218750e+01,2.757254409790039062e+01
-8.938941955566406250e+01,2.757262039184570312e+01
-8.939080047607421875e+01,2.757450103759765625e+01
-8.939044952392578125e+01,2.757308387756347656e+01
-8.939011383056640625e+01,2.757339859008789062e+01
-8.938997650146484375e+01,2.757380294799804688e+01
-8.939071655273437500e+01,2.757361602783203125e+01
-8.938959503173828125e+01,2.757229423522949219e+01
-8.938938140869140625e+01,2.757234573364257812e+01
-8.939090728759765625e+01,2.757313156127929688e+01
-8.939105987548828125e+01,2.757402038574218750e+01
-8.939082336425781250e+01,2.757356071472167969e+01
-8.938976287841796875e+01,2.757293701171875000e+01
-8.939019012451171875e+01,2.757300186157226562e+01
-8.939083862304687500e+01,2.757343292236328125e+01
-8.938989257812500000e+01,2.757300758361816406e+01
-8.939044189453125000e+01,2.757412147521972656e+01
-8.939019775390625000e+01,2.757484817504882812e+01
-8.939022827148437500e+01,2.757326126098632812e+01
-8.938977813720703125e+01,2.757250785827636719e+01
-8.939016723632812500e+01,2.757326507568359375e+01
-8.939072418212890625e+01,2.757485961914062500e+01
-8.939027404785156250e+01,2.757309913635253906e+01
-8.939021301269531250e+01,2.757443809509277344e+01
-8.939089965820312500e+01,2.757313346862792969e+01
-8.938967895507812500e+01,2.757260513305664062e+01
-8.939064788818359375e+01,2.757494354248046875e+01
-8.939076995849609375e+01,2.757435798645019531e+01
-8.939084625244140625e+01,2.757451438903808594e+01
-8.939089202880859375e+01,2.757381629943847656e+01
-8.939041137695312500e+01,2.757315063476562500e+01
-8.938973236083984375e+01,2.757240104675292969e+01
-8.938991546630859375e+01,2.757254028320312500e+01
-8.939083862304687500e+01,2.757390022277832031e+01
-8.939105224609375000e+01,2.757354354858398438e+01
-8.939009094238281250e+01,2.757398986816406250e+01
-8.939025878906250000e+01,2.757376098632812500e+01
-8.939071655273437500e+01,2.757419967651367188e+01
-8.939089202880859375e+01,2.757392501831054688e+01
-8.939074707031250000e+01,2.757377433776855469e+01
-8.938957977294921875e+01,2.757266044616699219e+01
-8.939083862304687500e+01,2.757365798950195312e+01
-8.939046478271484375e+01,2.757445526123046875e+01
-8.939106750488281250e+01,2.757404708862304688e+01
-8.939036560058593750e+01,2.757394599914550781e+01
-8.939043426513671875e+01,2.757432174682617188e+01
-8.939090728759765625e+01,2.757391548156738281e+01
-8.939033508300781250e+01,2.757436752319335938e+01
-8.939056396484375000e+01,2.757487106323242188e+01
-8.939048004150390625e+01,2.757309341430664062e+01
-8.939089965820312500e+01,2.757383728027343750e+01
-8.939073944091796875e+01,2.757383728027343750e+01
-8.939080810546875000e+01,2.757407951354980469e+01
-8.939093017578125000e+01,2.757460594177246094e+01
-8.939083099365234375e+01,2.757449913024902344e+01
-8.939057159423828125e+01,2.757297325134277344e+01
-8.938962554931640625e+01,2.757266616821289062e+01
-8.939031219482421875e+01,2.757498741149902344e+01
-8.939050292968750000e+01,2.757303237915039062e+01
-8.938993072509765625e+01,2.757265853881835938e+01
-8.939028167724609375e+01,2.757497978210449219e+01
-8.938949584960937500e+01,2.757250213623046875e+01
-8.939053344726562500e+01,2.757409477233886719e+01
-8.939021301269531250e+01,2.757306861877441406e+01
-8.938957977294921875e+01,2.757275772094726562e+01
-8.939043426513671875e+01,2.757408142089843750e+01
-8.939088439941406250e+01,2.757386779785156250e+01
-8.939031982421875000e+01,2.757487678527832031e+01
-8.939096832275390625e+01,2.757353782653808594e+01
-8.938990783691406250e+01,2.757262420654296875e+01
-8.939058685302734375e+01,2.757414436340332031e+01
-8.938986206054687500e+01,2.757269859313964844e+01
-8.939089202880859375e+01,2.757372093200683594e+01
-8.939022827148437500e+01,2.757393836975097656e+01
-8.938982391357421875e+01,2.757280731201171875e+01
-8.939078521728515625e+01,2.757361221313476562e+01
-8.939025878906250000e+01,2.757341575622558594e+01
-8.939064025878906250e+01,2.757343482971191406e+01
-8.939099121093750000e+01,2.757439041137695312e+01
-8.938952636718750000e+01,2.757267570495605469e+01
-8.939067077636718750e+01,2.757461929321289062e+01
-8.939055633544921875e+01,2.757341003417968750e+01
-8.939032745361328125e+01,2.757465934753417969e+01
-8.939007568359375000e+01,2.757335281372070312e+01
-8.939064025878906250e+01,2.757438468933105469e+01
-8.939099884033203125e+01,2.757350540161132812e+01
-8.939013671875000000e+01,2.757397651672363281e+01
-8.939023590087890625e+01,2.757477951049804688e+01
-8.939011383056640625e+01,2.757380294799804688e+01
-8.938938140869140625e+01,2.757241630554199219e+01
-8.939094543457031250e+01,2.757405662536621094e+01
-8.939035797119140625e+01,2.757362174987792969e+01
-8.939075469970703125e+01,2.757462882995605469e+01
-8.939016723632812500e+01,2.757286643981933594e+01
-8.939096832275390625e+01,2.757438850402832031e+01
-8.939067077636718750e+01,2.757347488403320312e+01
-8.939030456542968750e+01,2.757335090637207031e+01
-8.939035034179687500e+01,2.757433891296386719e+01
-8.939000701904296875e+01,2.757377243041992188e+01
-8.939102172851562500e+01,2.757390975952148438e+01
-8.939001464843750000e+01,2.757317352294921875e+01
-8.939053344726562500e+01,2.757369804382324219e+01
-8.938978576660156250e+01,2.757262802124023438e+01
-8.939000701904296875e+01,2.757396697998046875e+01
-8.939068603515625000e+01,2.757444763183593750e+01
-8.939086914062500000e+01,2.757417869567871094e+01
-8.939025878906250000e+01,2.757409477233886719e+01
-8.938945770263671875e+01,2.757221412658691406e+01
-8.939081573486328125e+01,2.757299995422363281e+01
-8.939065551757812500e+01,2.757350349426269531e+01
-8.939106750488281250e+01,2.757436180114746094e+01
-8.939102935791015625e+01,2.757366180419921875e+01
-8.939053344726562500e+01,2.757405281066894531e+01
-8.939044189453125000e+01,2.757402801513671875e+01
-8.939055633544921875e+01,2.757307434082031250e+01
-8.938999938964843750e+01,2.757392692565917969e+01
-8.939013671875000000e+01,2.757287216186523438e+01
-8.939022064208984375e+01,2.757385444641113281e+01
-8.939048004150390625e+01,2.757325553894042969e+01
-8.939060211181640625e+01,2.757382011413574219e+01
-8.939024353027343750e+01,2.757423019409179688e+01
-8.939017486572265625e+01,2.757391166687011719e+01
-8.938940429687500000e+01,2.757253074645996094e+01
-8.938997650146484375e+01,2.757304000854492188e+01
-8.939040374755859375e+01,2.757364654541015625e+01
-8.939050292968750000e+01,2.757427406311035156e+01
-8.939097595214843750e+01,2.757393836975097656e+01
-8.939049530029296875e+01,2.757407569885253906e+01
-8.939048767089843750e+01,2.757360458374023438e+01
-8.939001464843750000e+01,2.757277488708496094e+01
-8.939090728759765625e+01,2.757452774047851562e+01
-8.939089965820312500e+01,2.757444190979003906e+01
-8.939059448242187500e+01,2.757305717468261719e+01
-8.939054107666015625e+01,2.757300376892089844e+01
-8.939019775390625000e+01,2.757326507568359375e+01
-8.939020538330078125e+01,2.757427024841308594e+01
-8.939065551757812500e+01,2.757465553283691406e+01
-8.938969421386718750e+01,2.757271385192871094e+01
-8.939100646972656250e+01,2.757448196411132812e+01
-8.939050292968750000e+01,2.757485008239746094e+01
-8.939031982421875000e+01,2.757430839538574219e+01
-8.939008331298828125e+01,2.757361793518066406e+01
-8.939043426513671875e+01,2.757402610778808594e+01
-8.939043426513671875e+01,2.757344818115234375e+01
-8.939030456542968750e+01,2.757326889038085938e+01
-8.939093017578125000e+01,2.757352447509765625e+01
-8.939080810546875000e+01,2.757437133789062500e+01
-8.939089965820312500e+01,2.757345008850097656e+01
-8.939067840576171875e+01,2.757309341430664062e+01
-8.939006805419921875e+01,2.757353973388671875e+01
-8.939068603515625000e+01,2.757323265075683594e+01
-8.939050292968750000e+01,2.757314872741699219e+01
-8.939024353027343750e+01,2.757291412353515625e+01
-8.939063262939453125e+01,2.757486534118652344e+01
-8.939035797119140625e+01,2.757416725158691406e+01
-8.939060974121093750e+01,2.757309532165527344e+01
-8.939068603515625000e+01,2.757398033142089844e+01
-8.939031982421875000e+01,2.757493782043457031e+01
-8.938945007324218750e+01,2.757219505310058594e+01
-8.939063262939453125e+01,2.757431411743164062e+01
-8.939081573486328125e+01,2.757433509826660156e+01
-8.939083099365234375e+01,2.757386398315429688e+01
-8.939104461669921875e+01,2.757396888732910156e+01
-8.939009094238281250e+01,2.757410240173339844e+01
-8.939037322998046875e+01,2.757407951354980469e+01
-8.938964843750000000e+01,2.757227516174316406e+01
-8.939019012451171875e+01,2.757361030578613281e+01
-8.938989257812500000e+01,2.757320976257324219e+01
-8.938998413085937500e+01,2.757329177856445312e+01
-8.939032745361328125e+01,2.757387542724609375e+01
-8.939021301269531250e+01,2.757475852966308594e+01
-8.939044189453125000e+01,2.757465934753417969e+01
-8.939022827148437500e+01,2.757308006286621094e+01
-8.938945007324218750e+01,2.757258605957031250e+01
-8.938957214355468750e+01,2.757263755798339844e+01
-8.939041137695312500e+01,2.757380294799804688e+01
-8.939051055908203125e+01,2.757352828979492188e+01
-8.939088439941406250e+01,2.757411575317382812e+01
-8.939103698730468750e+01,2.757357215881347656e+01
-8.939071655273437500e+01,2.757459068298339844e+01
-8.939052581787109375e+01,2.757363891601562500e+01
-8.939002227783203125e+01,2.757438659667968750e+01
-8.939034271240234375e+01,2.757330322265625000e+01
-8.938980102539062500e+01,2.757294845581054688e+01
-8.939038848876953125e+01,2.757390213012695312e+01
-8.939082336425781250e+01,2.757386779785156250e+01
-8.939071655273437500e+01,2.757348632812500000e+01
-8.939105224609375000e+01,2.757404136657714844e+01
-8.939109802246093750e+01,2.757402801513671875e+01
-8.939012908935546875e+01,2.757365417480468750e+01
-8.939031219482421875e+01,2.757389259338378906e+01
-8.938974761962890625e+01,2.757255935668945312e+01
-8.938972473144531250e+01,2.757294464111328125e+01
-8.939060974121093750e+01,2.757314682006835938e+01
-8.939029693603515625e+01,2.757318496704101562e+01
-8.938939666748046875e+01,2.757229042053222656e+01
-8.939014434814453125e+01,2.757374954223632812e+01
-8.939028167724609375e+01,2.757410430908203125e+01
-8.939000701904296875e+01,2.757375907897949219e+01
-8.939093017578125000e+01,2.757442092895507812e+01
-8.938950347900390625e+01,2.757250785827636719e+01
-8.939082336425781250e+01,2.757343482971191406e+01
-8.939040374755859375e+01,2.757516670227050781e+01
-8.939003753662109375e+01,2.757325172424316406e+01
-8.939085388183593750e+01,2.757323074340820312e+01
-8.939038848876953125e+01,2.757502555847167969e+01
-8.939067077636718750e+01,2.757480430603027344e+01
-8.939038085937500000e+01,2.757329940795898438e+01
-8.939053344726562500e+01,2.757386207580566406e+01
-8.939061737060546875e+01,2.757507705688476562e+01
-8.938986968994140625e+01,2.757305145263671875e+01
-8.939039611816406250e+01,2.757462310791015625e+01
-8.939060974121093750e+01,2.757346534729003906e+01
-8.938951110839843750e+01,2.757266807556152344e+01
-8.939107513427734375e+01,2.757406806945800781e+01
-8.939040374755859375e+01,2.757434844970703125e+01
-8.939064025878906250e+01,2.757337379455566406e+01
-8.939056396484375000e+01,2.757307052612304688e+01
-8.939019775390625000e+01,2.757488822937011719e+01
-8.939030456542968750e+01,2.757379722595214844e+01
-8.938990783691406250e+01,2.757343482971191406e+01
-8.939000701904296875e+01,2.757328033447265625e+01
-8.939093780517578125e+01,2.757394599914550781e+01
-8.939002990722656250e+01,2.757350730895996094e+01
-8.939084625244140625e+01,2.757336044311523438e+01
-8.938989257812500000e+01,2.757254981994628906e+01
-8.938974761962890625e+01,2.757274055480957031e+01
-8.938992309570312500e+01,2.757259368896484375e+01
-8.939056396484375000e+01,2.757337570190429688e+01
-8.939052581787109375e+01,2.757436370849609375e+01
-8.939004516601562500e+01,2.757273101806640625e+01
-8.939006042480468750e+01,2.757329177856445312e+01
-8.939084625244140625e+01,2.757319259643554688e+01
-8.939080047607421875e+01,2.757326316833496094e+01
-8.939077758789062500e+01,2.757405090332031250e+01
-8.939011383056640625e+01,2.757278442382812500e+01
-8.939026641845703125e+01,2.757385253906250000e+01
-8.939063262939453125e+01,2.757431793212890625e+01
-8.938965606689453125e+01,2.757262420654296875e+01
-8.939029693603515625e+01,2.757325363159179688e+01
-8.939019775390625000e+01,2.757408332824707031e+01
-8.939063262939453125e+01,2.757435417175292969e+01
-8.939033508300781250e+01,2.757464408874511719e+01
-8.939095306396484375e+01,2.757404327392578125e+01
-8.939043426513671875e+01,2.757415390014648438e+01
-8.939014434814453125e+01,2.757389259338378906e+01
-8.939083099365234375e+01,2.757384300231933594e+01
-8.938999938964843750e+01,2.757290077209472656e+01
-8.939061737060546875e+01,2.757498931884765625e+01
-8.938949584960937500e+01,2.757249259948730469e+01
-8.939069366455078125e+01,2.757397270202636719e+01
-8.939001464843750000e+01,2.757354354858398438e+01
-8.939020538330078125e+01,2.757400512695312500e+01
-8.939016723632812500e+01,2.757330513000488281e+01
-8.939004516601562500e+01,2.757438850402832031e+01
-8.939093780517578125e+01,2.757466697692871094e+01
-8.939092254638671875e+01,2.757353591918945312e+01
-8.939030456542968750e+01,2.757467269897460938e+01
-8.939009857177734375e+01,2.757301521301269531e+01
-8.938999938964843750e+01,2.757305908203125000e+01
-8.939069366455078125e+01,2.757333755493164062e+01
-8.939075469970703125e+01,2.757354354858398438e+01
-8.939066314697265625e+01,2.757384872436523438e+01
-8.939064025878906250e+01,2.757327651977539062e+01
-8.939040374755859375e+01,2.757510375976562500e+01
-8.939103698730468750e+01,2.757432746887207031e+01
-8.938993835449218750e+01,2.757327270507812500e+01
-8.939106750488281250e+01,2.757363891601562500e+01
-8.939064025878906250e+01,2.757341384887695312e+01
-8.939071655273437500e+01,2.757453346252441406e+01
-8.938998413085937500e+01,2.757330322265625000e+01
-8.939028167724609375e+01,2.757320976257324219e+01
-8.939020538330078125e+01,2.757439422607421875e+01
-8.938992309570312500e+01,2.757332038879394531e+01
-8.939029693603515625e+01,2.757309722900390625e+01
-8.939075469970703125e+01,2.757413482666015625e+01
-8.939076232910156250e+01,2.757419776916503906e+01
-8.939067840576171875e+01,2.757433319091796875e+01
-8.939055633544921875e+01,2.757476615905761719e+01
-8.939040374755859375e+01,2.757378959655761719e+01
-8.939043426513671875e+01,2.757409477233886719e+01
-8.939052581787109375e+01,2.757319450378417969e+01
-8.939015197753906250e+01,2.757354736328125000e+01
-8.938989257812500000e+01,2.757288360595703125e+01
-8.939045715332031250e+01,2.757470512390136719e+01
-8.939046478271484375e+01,2.757461929321289062e+01
-8.938993072509765625e+01,2.757283782958984375e+01
-8.939097595214843750e+01,2.757367706298828125e+01
-8.939027404785156250e+01,2.757382965087890625e+01
-8.939014434814453125e+01,2.757301712036132812e+01
-8.939083862304687500e+01,2.757313346862792969e+01
-8.938957977294921875e+01,2.757216453552246094e+01
-8.939109802246093750e+01,2.757365036010742188e+01
-8.939099884033203125e+01,2.757369041442871094e+01
-8.938968658447265625e+01,2.757228088378906250e+01
-8.938977813720703125e+01,2.757292175292968750e+01
-8.939096832275390625e+01,2.757399368286132812e+01
-8.938944244384765625e+01,2.757232666015625000e+01
-8.939058685302734375e+01,2.757435226440429688e+01
-8.939044952392578125e+01,2.757492637634277344e+01
-8.939033508300781250e+01,2.757305335998535156e+01
-8.938990783691406250e+01,2.757312393188476562e+01
-8.939086151123046875e+01,2.757364463806152344e+01
-8.938998413085937500e+01,2.757380485534667969e+01
-8.939060211181640625e+01,2.757479095458984375e+01
-8.939066314697265625e+01,2.757427597045898438e+01
-8.939008331298828125e+01,2.757433128356933594e+01
-8.939070892333984375e+01,2.757414627075195312e+01
-8.939092254638671875e+01,2.757412910461425781e+01
-8.939048004150390625e+01,2.757436752319335938e+01
-8.939050292968750000e+01,2.757423210144042969e+01
-8.939023590087890625e+01,2.757366752624511719e+01
-8.939073181152343750e+01,2.757437896728515625e+01
-8.939021301269531250e+01,2.757484626770019531e+01
-8.938998413085937500e+01,2.757265472412109375e+01
-8.939012908935546875e+01,2.757421875000000000e+01
-8.939025878906250000e+01,2.757496452331542969e+01
-8.938990020751953125e+01,2.757250976562500000e+01
-8.939009857177734375e+01,2.757346534729003906e+01
-8.939015960693359375e+01,2.757340431213378906e+01
-8.939041900634765625e+01,2.757465744018554688e+01
-8.938976287841796875e+01,2.757334518432617188e+01
-8.939056396484375000e+01,2.757439231872558594e+01
-8.939018249511718750e+01,2.757287216186523438e+01
-8.939035797119140625e+01,2.757352447509765625e+01
-8.939006042480468750e+01,2.757403182983398438e+01
-8.939023590087890625e+01,2.757315826416015625e+01
-8.939066314697265625e+01,2.757421302795410156e+01
-8.939096069335937500e+01,2.757310676574707031e+01
-8.939015197753906250e+01,2.757343101501464844e+01
-8.939076232910156250e+01,2.757409095764160156e+01
-8.938953399658203125e+01,2.757256126403808594e+01
-8.939006805419921875e+01,2.757281494140625000e+01
-8.938944244384765625e+01,2.757244300842285156e+01
-8.939055633544921875e+01,2.757318687438964844e+01
-8.939051055908203125e+01,2.757471847534179688e+01
-8.938957214355468750e+01,2.757253074645996094e+01
-8.939044952392578125e+01,2.757476997375488281e+01
-8.939006042480468750e+01,2.757311058044433594e+01
-8.939069366455078125e+01,2.757426452636718750e+01
-8.939041900634765625e+01,2.757475852966308594e+01
-8.939070892333984375e+01,2.757437705993652344e+01
-8.939086914062500000e+01,2.757423019409179688e+01
-8.939054870605468750e+01,2.757447814941406250e+01
-8.939067077636718750e+01,2.757444953918457031e+01
-8.939018249511718750e+01,2.757424163818359375e+01
-8.938996124267578125e+01,2.757286453247070312e+01
-8.939043426513671875e+01,2.757368850708007812e+01
-8.939005279541015625e+01,2.757407569885253906e+01
-8.939053344726562500e+01,2.757290649414062500e+01
-8.938986206054687500e+01,2.757311820983886719e+01
-8.939098358154296875e+01,2.757375526428222656e+01
-8.939100646972656250e+01,2.757447624206542969e+01
-8.938993835449218750e+01,2.757271194458007812e+01
-8.938962554931640625e+01,2.757266044616699219e+01
-8.939050292968750000e+01,2.757319641113281250e+01
-8.939074707031250000e+01,2.757415580749511719e+01
-8.939029693603515625e+01,2.757299995422363281e+01
-8.939066314697265625e+01,2.757457733154296875e+01
-8.939056396484375000e+01,2.757496452331542969e+01
-8.938951873779296875e+01,2.757272148132324219e+01
-8.939055633544921875e+01,2.757312393188476562e+01
-8.939114379882812500e+01,2.757366752624511719e+01
-8.938990783691406250e+01,2.757272148132324219e+01
-8.939106750488281250e+01,2.757356071472167969e+01
-8.939030456542968750e+01,2.757439804077148438e+01
-8.938994598388671875e+01,2.757335281372070312e+01
-8.939009094238281250e+01,2.757350349426269531e+01
-8.939079284667968750e+01,2.757342147827148438e+01
-8.938954162597656250e+01,2.757252883911132812e+01
-8.939089202880859375e+01,2.757449531555175781e+01
-8.939013671875000000e+01,2.757376670837402344e+01
-8.939046478271484375e+01,2.757487869262695312e+01
-8.939031219482421875e+01,2.757437515258789062e+01
-8.939070892333984375e+01,2.757331657409667969e+01
-8.939027404785156250e+01,2.757358169555664062e+01
-8.939052581787109375e+01,2.757416725158691406e+01
-8.939059448242187500e+01,2.757357597351074219e+01
-8.939021301269531250e+01,2.757444572448730469e+01
-8.939074707031250000e+01,2.757386207580566406e+01
-8.939020538330078125e+01,2.757452011108398438e+01
-8.939029693603515625e+01,2.757328605651855469e+01
-8.939022064208984375e+01,2.757408714294433594e+01
-8.939044952392578125e+01,2.757322120666503906e+01
-8.939028167724609375e+01,2.757414436340332031e+01
-8.939025878906250000e+01,2.757414436340332031e+01
-8.939062500000000000e+01,2.757401275634765625e+01
-8.939004516601562500e+01,2.757393264770507812e+01
-8.939016723632812500e+01,2.757446289062500000e+01
-8.939081573486328125e+01,2.757326507568359375e+01
-8.939062500000000000e+01,2.757394599914550781e+01
-8.939064788818359375e+01,2.757335472106933594e+01
-8.939064025878906250e+01,2.757426834106445312e+01
-8.939057922363281250e+01,2.757425117492675781e+01
-8.938970947265625000e+01,2.757244300842285156e+01
-8.939066314697265625e+01,2.757412147521972656e+01
-8.939091491699218750e+01,2.757408142089843750e+01
-8.939026641845703125e+01,2.757370376586914062e+01
-8.939085388183593750e+01,2.757463836669921875e+01
-8.939050292968750000e+01,2.757377243041992188e+01
-8.939054870605468750e+01,2.757481765747070312e+01
-8.939064788818359375e+01,2.757304763793945312e+01
-8.939064788818359375e+01,2.757340621948242188e+01
-8.939035797119140625e+01,2.757399559020996094e+01
-8.939031219482421875e+01,2.757475471496582031e+01
-8.939066314697265625e+01,2.757362747192382812e+01
-8.939081573486328125e+01,2.757387924194335938e+01
-8.939044952392578125e+01,2.757396507263183594e+01
-8.939048767089843750e+01,2.757480430603027344e+01
-8.939017486572265625e+01,2.757314682006835938e+01
-8.939105987548828125e+01,2.757367134094238281e+01
-8.939035797119140625e+01,2.757317161560058594e+01
-8.939022827148437500e+01,2.757497978210449219e+01
-8.939032745361328125e+01,2.757411003112792969e+01
-8.938993835449218750e+01,2.757329750061035156e+01
-8.938935089111328125e+01,2.757252311706542969e+01
-8.939044189453125000e+01,2.757344055175781250e+01
-8.938941192626953125e+01,2.757247734069824219e+01
-8.939064025878906250e+01,2.757426071166992188e+01
-8.939050292968750000e+01,2.757324790954589844e+01
-8.938979339599609375e+01,2.757334136962890625e+01
-8.939070129394531250e+01,2.757357978820800781e+01
-8.939061737060546875e+01,2.757472419738769531e+01
-8.939060211181640625e+01,2.757468032836914062e+01
-8.939076232910156250e+01,2.757448387145996094e+01
-8.938977813720703125e+01,2.757298660278320312e+01
-8.939097595214843750e+01,2.757374000549316406e+01
-8.938977050781250000e+01,2.757332801818847656e+01
-8.939054107666015625e+01,2.757325935363769531e+01
-8.938936614990234375e+01,2.757233810424804688e+01
-8.939089202880859375e+01,2.757454490661621094e+01
-8.939049530029296875e+01,2.757498168945312500e+01
-8.939031219482421875e+01,2.757394981384277344e+01
-8.939057159423828125e+01,2.757328033447265625e+01
-8.939094543457031250e+01,2.757357597351074219e+01
-8.939042663574218750e+01,2.757484245300292969e+01
-8.939084625244140625e+01,2.757316017150878906e+01
-8.939048767089843750e+01,2.757324218750000000e+01
-8.938995361328125000e+01,2.757260704040527344e+01
-8.939089202880859375e+01,2.757430648803710938e+01
-8.939038848876953125e+01,2.757428169250488281e+01
-8.939054870605468750e+01,2.757401275634765625e+01
-8.939059448242187500e+01,2.757414436340332031e+01
-8.938997650146484375e+01,2.757285308837890625e+01
-8.939032745361328125e+01,2.757318687438964844e+01
-8.939085388183593750e+01,2.757326889038085938e+01
-8.938961029052734375e+01,2.757245445251464844e+01
-8.939002227783203125e+01,2.757299995422363281e+01
-8.939098358154296875e+01,2.757417678833007812e+01
-8.938996124267578125e+01,2.757309150695800781e+01
-8.939038848876953125e+01,2.757512474060058594e+01
-8.938993835449218750e+01,2.757334899902343750e+01
-8.939060211181640625e+01,2.757381439208984375e+01
-8.939058685302734375e+01,2.757432174682617188e+01
-8.939102172851562500e+01,2.757419013977050781e+01
-8.939043426513671875e+01,2.757420730590820312e+01
-8.938987731933593750e+01,2.757308006286621094e+01
-8.938965606689453125e+01,2.757246971130371094e+01
-8.939019775390625000e+01,2.757408142089843750e+01
-8.939043426513671875e+01,2.757435607910156250e+01
-8.939054870605468750e+01,2.757365608215332031e+01
-8.939065551757812500e+01,2.757370185852050781e+01
-8.939026641845703125e+01,2.757479858398437500e+01
-8.938949584960937500e+01,2.757248306274414062e+01
-8.939006805419921875e+01,2.757391929626464844e+01
-8.939096069335937500e+01,2.757427597045898438e+01
-8.939009857177734375e+01,2.757417106628417969e+01
-8.939012908935546875e+01,2.757413673400878906e+01
-8.939100646972656250e+01,2.757361412048339844e+01
-8.939057159423828125e+01,2.757344436645507812e+01
-8.939021301269531250e+01,2.757322692871093750e+01
-8.939099884033203125e+01,2.757354354858398438e+01
-8.939015960693359375e+01,2.757361793518066406e+01
-8.939035034179687500e+01,2.757377624511718750e+01
-8.939086151123046875e+01,2.757373046875000000e+01
-8.939060974121093750e+01,2.757445144653320312e+01
-8.938998413085937500e+01,2.757273864746093750e+01
-8.939045715332031250e+01,2.757422447204589844e+01
-8.939048004150390625e+01,2.757320785522460938e+01
-8.939111328125000000e+01,2.757366943359375000e+01
-8.939038085937500000e+01,2.757426643371582031e+01
-8.939075469970703125e+01,2.757472419738769531e+01
-8.939074707031250000e+01,2.757457542419433594e+01
-8.939028167724609375e+01,2.757489013671875000e+01
-8.939066314697265625e+01,2.757416915893554688e+01
-8.939101409912109375e+01,2.757351112365722656e+01
-8.939038085937500000e+01,2.757338905334472656e+01
-8.938999938964843750e+01,2.757353019714355469e+01
-8.939104461669921875e+01,2.757383918762207031e+01
-8.939020538330078125e+01,2.757307815551757812e+01
-8.939044952392578125e+01,2.757491683959960938e+01
-8.939001464843750000e+01,2.757312583923339844e+01
-8.938939666748046875e+01,2.757232475280761719e+01
-8.939063262939453125e+01,2.757489776611328125e+01
-8.938974761962890625e+01,2.757336235046386719e+01
-8.939050292968750000e+01,2.757304573059082031e+01
-8.939010620117187500e+01,2.757320594787597656e+01
-8.938996887207031250e+01,2.757357597351074219e+01
-8.939027404785156250e+01,2.757398414611816406e+01
-8.939059448242187500e+01,2.757363700866699219e+01
-8.939049530029296875e+01,2.757444381713867188e+01
-8.939034271240234375e+01,2.757369041442871094e+01
-8.939106750488281250e+01,2.757400321960449219e+01
-8.939051055908203125e+01,2.757474517822265625e+01
-8.939010620117187500e+01,2.757340240478515625e+01
-8.939013671875000000e+01,2.757279777526855469e+01
-8.939072418212890625e+01,2.757445335388183594e+01
-8.939083862304687500e+01,2.757361602783203125e+01
-8.939089965820312500e+01,2.757419395446777344e+01
-8.939072418212890625e+01,2.757397842407226562e+01
-8.939037322998046875e+01,2.757414245605468750e+01
-8.939030456542968750e+01,2.757469940185546875e+01
-8.939048767089843750e+01,2.757385253906250000e+01
-8.939107513427734375e+01,2.757368850708007812e+01
-8.938966369628906250e+01,2.757261848449707031e+01
-8.939064788818359375e+01,2.757470512390136719e+01
-8.939016723632812500e+01,2.757376670837402344e+01
-8.939058685302734375e+01,2.757401466369628906e+01
-8.939066314697265625e+01,2.757459831237792969e+01
-8.939072418212890625e+01,2.757399177551269531e+01
-8.939081573486328125e+01,2.757387351989746094e+01
-8.939048767089843750e+01,2.757482337951660156e+01
-8.938978576660156250e+01,2.757250976562500000e+01
-8.939069366455078125e+01,2.757354927062988281e+01
-8.939084625244140625e+01,2.757435035705566406e+01
-8.939086914062500000e+01,2.757448387145996094e+01
-8.939054870605468750e+01,2.757367515563964844e+01
-8.939045715332031250e+01,2.757447052001953125e+01
-8.939027404785156250e+01,2.757413482666015625e+01
-8.938962554931640625e+01,2.757262229919433594e+01
-8.939077758789062500e+01,2.757409095764160156e+01
-8.939096069335937500e+01,2.757369613647460938e+01
-8.939009094238281250e+01,2.757308197021484375e+01
-8.939004516601562500e+01,2.757332038879394531e+01
-8.939038848876953125e+01,2.757420349121093750e+01
-8.939017486572265625e+01,2.757423210144042969e+01
-8.938986968994140625e+01,2.757310104370117188e+01
-8.939083862304687500e+01,2.757458305358886719e+01
-8.939080810546875000e+01,2.757366561889648438e+01
-8.938952636718750000e+01,2.757243537902832031e+01
-8.939027404785156250e+01,2.757324218750000000e+01
-8.939040374755859375e+01,2.757388114929199219e+01
-8.938974761962890625e+01,2.757242202758789062e+01
-8.938942718505859375e+01,2.757226943969726562e+01
-8.938937377929687500e+01,2.757252502441406250e+01
-8.938984680175781250e+01,2.757347679138183594e+01
-8.938986206054687500e+01,2.757296371459960938e+01
-8.939038085937500000e+01,2.757448577880859375e+01
-8.939019775390625000e+01,2.757437515258789062e+01
-8.938952636718750000e+01,2.757256317138671875e+01
-8.939056396484375000e+01,2.757329368591308594e+01
-8.939045715332031250e+01,2.757460784912109375e+01
-8.939064025878906250e+01,2.757496643066406250e+01
-8.938939666748046875e+01,2.757233428955078125e+01
-8.939046478271484375e+01,2.757321357727050781e+01
-8.938975524902343750e+01,2.757243919372558594e+01
-8.939012145996093750e+01,2.757365608215332031e+01
-8.939030456542968750e+01,2.757407379150390625e+01
-8.939059448242187500e+01,2.757417488098144531e+01
-8.939006042480468750e+01,2.757387733459472656e+01
-8.939053344726562500e+01,2.757487678527832031e+01
-8.939050292968750000e+01,2.757429313659667969e+01
-8.939071655273437500e+01,2.757383918762207031e+01
-8.939037322998046875e+01,2.757407188415527344e+01
-8.938986206054687500e+01,2.757300758361816406e+01
-8.939085388183593750e+01,2.757303619384765625e+01
-8.939061737060546875e+01,2.757375526428222656e+01
-8.938999938964843750e+01,2.757353401184082031e+01
-8.939028930664062500e+01,2.757411766052246094e+01
-8.939042663574218750e+01,2.757405471801757812e+01
-8.939050292968750000e+01,2.757325744628906250e+01
-8.939096069335937500e+01,2.757416152954101562e+01
-8.939021301269531250e+01,2.757473754882812500e+01
-8.939073181152343750e+01,2.757423210144042969e+01
-8.939046478271484375e+01,2.757424926757812500e+01
-8.939099121093750000e+01,2.757378005981445312e+01
-8.938968658447265625e+01,2.757290267944335938e+01
-8.939069366455078125e+01,2.757379531860351562e+01
-8.939048004150390625e+01,2.757482337951660156e+01
-8.939047241210937500e+01,2.757497787475585938e+01
-8.939080810546875000e+01,2.757306098937988281e+01
-8.939060974121093750e+01,2.757366943359375000e+01
-8.938999938964843750e+01,2.757435607910156250e+01
-8.939019012451171875e+01,2.757310295104980469e+01
-8.939086914062500000e+01,2.757411766052246094e+01
-8.939022827148437500e+01,2.757488441467285156e+01
-8.939024353027343750e+01,2.757451629638671875e+01
-8.939022827148437500e+01,2.757417106628417969e+01
-8.939023590087890625e+01,2.757426452636718750e+01
-8.939001464843750000e+01,2.757360267639160156e+01
-8.939039611816406250e+01,2.757388305664062500e+01
-8.938973999023437500e+01,2.757271385192871094e+01
-8.939109039306640625e+01,2.757436180114746094e+01
-8.939020538330078125e+01,2.757447433471679688e+01
-8.938980102539062500e+01,2.757324600219726562e+01
-8.939071655273437500e+01,2.757397651672363281e+01
-8.939060974121093750e+01,2.757462310791015625e+01
-8.939026641845703125e+01,2.757483673095703125e+01
-8.939102935791015625e+01,2.757393836975097656e+01
-8.939078521728515625e+01,2.757390785217285156e+01
-8.939049530029296875e+01,2.757326507568359375e+01
-8.939053344726562500e+01,2.757294464111328125e+01
-8.938990783691406250e+01,2.757308197021484375e+01
-8.938973236083984375e+01,2.757257843017578125e+01
-8.939072418212890625e+01,2.757310485839843750e+01
-8.939066314697265625e+01,2.757461166381835938e+01
-8.939072418212890625e+01,2.757343292236328125e+01
-8.939051818847656250e+01,2.757422256469726562e+01
-8.939034271240234375e+01,2.757501602172851562e+01
-8.939087677001953125e+01,2.757321357727050781e+01
-8.939073944091796875e+01,2.757316207885742188e+01
-8.939082336425781250e+01,2.757389640808105469e+01
-8.938979339599609375e+01,2.757341003417968750e+01
-8.939083862304687500e+01,2.757316970825195312e+01
-8.939061737060546875e+01,2.757427215576171875e+01
-8.939106750488281250e+01,2.757392311096191406e+01
-8.939089965820312500e+01,2.757407188415527344e+01
-8.938996124267578125e+01,2.757273483276367188e+01
-8.939083099365234375e+01,2.757305335998535156e+01
-8.939013671875000000e+01,2.757292175292968750e+01
-8.939027404785156250e+01,2.757354545593261719e+01
-8.939073944091796875e+01,2.757319641113281250e+01
-8.939072418212890625e+01,2.757353019714355469e+01
-8.939064788818359375e+01,2.757347297668457031e+01
-8.939071655273437500e+01,2.757477188110351562e+01
-8.939077758789062500e+01,2.757458305358886719e+01
-8.938990783691406250e+01,2.757353210449218750e+01
-8.938993072509765625e+01,2.757349777221679688e+01
-8.939057159423828125e+01,2.757343292236328125e+01
-8.939058685302734375e+01,2.757429313659667969e+01
-8.938977050781250000e+01,2.757292938232421875e+01
-8.939064788818359375e+01,2.757363128662109375e+01
-8.939073181152343750e+01,2.757449340820312500e+01
-8.939047241210937500e+01,2.757326698303222656e+01
-8.939034271240234375e+01,2.757424163818359375e+01
-8.939000701904296875e+01,2.757361602783203125e+01
-8.939009094238281250e+01,2.757275009155273438e+01
-8.939004516601562500e+01,2.757429504394531250e+01
-8.939095306396484375e+01,2.757439422607421875e+01
-8.938967132568359375e+01,2.757234382629394531e+01
-8.938986968994140625e+01,2.757309722900390625e+01
-8.939081573486328125e+01,2.757304000854492188e+01
-8.939084625244140625e+01,2.757397270202636719e+01
-8.939051055908203125e+01,2.757481956481933594e+01
-8.939024353027343750e+01,2.757430458068847656e+01
-8.939022827148437500e+01,2.757454490661621094e+01
-8.939066314697265625e+01,2.757450866699218750e+01
-8.939035034179687500e+01,2.757448577880859375e+01
-8.938996124267578125e+01,2.757355117797851562e+01
-8.938943481445312500e+01,2.757239151000976562e+01
-8.939019012451171875e+01,2.757309913635253906e+01
-8.938960266113281250e+01,2.757222938537597656e+01
-8.938961791992187500e+01,2.757250213623046875e+01
-8.939099884033203125e+01,2.757395553588867188e+01
-8.939071655273437500e+01,2.757367324829101562e+01
-8.939038848876953125e+01,2.757502365112304688e+01
-8.939083099365234375e+01,2.757374763488769531e+01
-8.939054107666015625e+01,2.757360839843750000e+01
-8.939060974121093750e+01,2.757388114929199219e+01
-8.939063262939453125e+01,2.757325363159179688e+01
-8.939046478271484375e+01,2.757458686828613281e+01
-8.938988494873046875e+01,2.757257461547851562e+01
-8.939060974121093750e+01,2.757320976257324219e+01
-8.938981628417968750e+01,2.757295799255371094e+01
-8.939022827148437500e+01,2.757423973083496094e+01
-8.939099121093750000e+01,2.757386016845703125e+01
-8.939044189453125000e+01,2.757394218444824219e+01
-8.939077758789062500e+01,2.757341003417968750e+01
-8.939022064208984375e+01,2.757399559020996094e+01
-8.938978576660156250e+01,2.757281684875488281e+01
-8.939049530029296875e+01,2.757402038574218750e+01
-8.939050292968750000e+01,2.757294654846191406e+01
-8.939079284667968750e+01,2.757416343688964844e+01
-8.939045715332031250e+01,2.757455635070800781e+01
-8.938981628417968750e+01,2.757327461242675781e+01
-8.938942718505859375e+01,2.757220268249511719e+01
-8.938973236083984375e+01,2.757247924804687500e+01
-8.939002227783203125e+01,2.757316780090332031e+01
-8.939073944091796875e+01,2.757323646545410156e+01
-8.939057922363281250e+01,2.757453727722167969e+01
-8.939056396484375000e+01,2.757329177856445312e+01
-8.939011383056640625e+01,2.757304954528808594e+01
-8.939064025878906250e+01,2.757474708557128906e+01
-8.939051818847656250e+01,2.757417297363281250e+01
-8.939099884033203125e+01,2.757402610778808594e+01
-8.939091491699218750e+01,2.757353591918945312e+01
-8.939079284667968750e+01,2.757389450073242188e+01
-8.939018249511718750e+01,2.757427787780761719e+01
-8.939012145996093750e+01,2.757313346862792969e+01
-8.939060974121093750e+01,2.757369041442871094e+01
-8.939028930664062500e+01,2.757389068603515625e+01
-8.939017486572265625e+01,2.757287788391113281e+01
-8.939083099365234375e+01,2.757436180114746094e+01
-8.939051055908203125e+01,2.757316970825195312e+01
-8.939110565185546875e+01,2.757375717163085938e+01
-8.939038848876953125e+01,2.757447814941406250e+01
-8.939071655273437500e+01,2.757334136962890625e+01
-8.939070129394531250e+01,2.757419776916503906e+01
-8.939071655273437500e+01,2.757325363159179688e+01
-8.939067840576171875e+01,2.757318878173828125e+01
-8.938970947265625000e+01,2.757234001159667969e+01
-8.939025115966796875e+01,2.757384872436523438e+01
-8.939085388183593750e+01,2.757462120056152344e+01
-8.938967132568359375e+01,2.757235527038574219e+01
-8.939094543457031250e+01,2.757435798645019531e+01
-8.939023590087890625e+01,2.757330703735351562e+01
-8.939030456542968750e+01,2.757421684265136719e+01
-8.939080810546875000e+01,2.757444000244140625e+01
-8.939022827148437500e+01,2.757327270507812500e+01
-8.939021301269531250e+01,2.757324600219726562e+01
-8.939097595214843750e+01,2.757390213012695312e+01
-8.939015960693359375e+01,2.757337188720703125e+01
-8.939067077636718750e+01,2.757410812377929688e+01
-8.939004516601562500e+01,2.757338142395019531e+01
-8.939028930664062500e+01,2.757485008239746094e+01
-8.939062500000000000e+01,2.757373619079589844e+01
-8.939070892333984375e+01,2.757400703430175781e+01
-8.939070129394531250e+01,2.757400894165039062e+01
-8.939031982421875000e+01,2.757343864440917969e+01
-8.939008331298828125e+01,2.757343101501464844e+01
-8.939105987548828125e+01,2.757362937927246094e+01
-8.938972473144531250e+01,2.757245445251464844e+01
-8.939028167724609375e+01,2.757340049743652344e+01
-8.939060974121093750e+01,2.757321166992187500e+01
-8.939027404785156250e+01,2.757296752929687500e+01
-8.939028930664062500e+01,2.757299232482910156e+01
-8.939060211181640625e+01,2.757385635375976562e+01
-8.938971710205078125e+01,2.757244110107421875e+01
-8.939063262939453125e+01,2.757448959350585938e+01
-8.938973236083984375e+01,2.757271575927734375e+01
-8.939030456542968750e+01,2.757330703735351562e+01
-8.938964080810546875e+01,2.757250404357910156e+01
-8.938931274414062500e+01,2.757247543334960938e+01
-8.939099121093750000e+01,2.757379531860351562e+01
-8.938951873779296875e+01,2.757253074645996094e+01
-8.939025115966796875e+01,2.757447814941406250e+01
-8.939061737060546875e+01,2.757328605651855469e+01
-8.939082336425781250e+01,2.757346725463867188e+01
-8.938996887207031250e+01,2.757340431213378906e+01
-8.939015960693359375e+01,2.757443428039550781e+01
-8.939089202880859375e+01,2.757459068298339844e+01
-8.938996887207031250e+01,2.757261848449707031e+01
-8.939027404785156250e+01,2.757474136352539062e+01
-8.939042663574218750e+01,2.757478523254394531e+01
-8.938988494873046875e+01,2.757283020019531250e+01
-8.938974761962890625e+01,2.757293319702148438e+01
-8.938961029052734375e+01,2.757262992858886719e+01
-8.939105987548828125e+01,2.757397079467773438e+01
-8.939107513427734375e+01,2.757401466369628906e+01
-8.938998413085937500e+01,2.757372474670410156e+01
-8.939090728759765625e+01,2.757472610473632812e+01
-8.939070129394531250e+01,2.757454109191894531e+01
-8.939016723632812500e+01,2.757425880432128906e+01
-8.939015960693359375e+01,2.757406044006347656e+01
-8.938945007324218750e+01,2.757235908508300781e+01
-8.939035034179687500e+01,2.757355117797851562e+01
-8.939009857177734375e+01,2.757286834716796875e+01
-8.939058685302734375e+01,2.757481002807617188e+01
-8.939079284667968750e+01,2.757467460632324219e+01
-8.939055633544921875e+01,2.757380104064941406e+01
-8.939066314697265625e+01,2.757441520690917969e+01
-8.938946533203125000e+01,2.757247352600097656e+01
-8.939039611816406250e+01,2.757490348815917969e+01
-8.939053344726562500e+01,2.757298660278320312e+01
-8.938941955566406250e+01,2.757236671447753906e+01
-8.939024353027343750e+01,2.757435417175292969e+01
-8.939031219482421875e+01,2.757435417175292969e+01
-8.939038085937500000e+01,2.757316780090332031e+01
-8.939023590087890625e+01,2.757320976257324219e+01
-8.939007568359375000e+01,2.757370185852050781e+01
-8.939063262939453125e+01,2.757308006286621094e+01
-8.939026641845703125e+01,2.757421302795410156e+01
-8.938948822021484375e+01,2.757237815856933594e+01
-8.939103698730468750e+01,2.757434463500976562e+01
-8.939017486572265625e+01,2.757316780090332031e+01
-8.939054870605468750e+01,2.757386207580566406e+01
-8.939022827148437500e+01,2.757341957092285156e+01
-8.939056396484375000e+01,2.757420539855957031e+01
-8.939023590087890625e+01,2.757391738891601562e+01
-8.939033508300781250e+01,2.757329368591308594e+01
-8.939038085937500000e+01,2.757370948791503906e+01
-8.938961029052734375e+01,2.757261276245117188e+01
-8.939086151123046875e+01,2.757443046569824219e+01
-8.939029693603515625e+01,2.757389259338378906e+01
-8.938983917236328125e+01,2.757339096069335938e+01
-8.939054870605468750e+01,2.757322883605957031e+01
-8.939039611816406250e+01,2.757315254211425781e+01
-8.939064025878906250e+01,2.757486343383789062e+01
-8.939080810546875000e+01,2.757325935363769531e+01
-8.939013671875000000e+01,2.757303428649902344e+01
-8.939001464843750000e+01,2.757265472412109375e+01
-8.938996887207031250e+01,2.757310295104980469e+01
-8.938964080810546875e+01,2.757245445251464844e+01
-8.939012908935546875e+01,2.757390213012695312e+01
-8.938951110839843750e+01,2.757221984863281250e+01
-8.939041137695312500e+01,2.757360458374023438e+01
-8.939082336425781250e+01,2.757415962219238281e+01
-8.939010620117187500e+01,2.757444000244140625e+01
-8.939059448242187500e+01,2.757447624206542969e+01
-8.939058685302734375e+01,2.757500457763671875e+01
-8.939066314697265625e+01,2.757369232177734375e+01
-8.939049530029296875e+01,2.757478523254394531e+01
-8.938999176025390625e+01,2.757343864440917969e+01
-8.938970184326171875e+01,2.757272529602050781e+01
-8.938962554931640625e+01,2.757232475280761719e+01
-8.939083099365234375e+01,2.757416343688964844e+01
-8.939111328125000000e+01,2.757397079467773438e+01
-8.938987731933593750e+01,2.757297134399414062e+01
-8.939083099365234375e+01,2.757338714599609375e+01
-8.939087677001953125e+01,2.757409095764160156e+01
-8.939033508300781250e+01,2.757404899597167969e+01
-8.938966369628906250e+01,2.757271766662597656e+01
-8.938979339599609375e+01,2.757283973693847656e+01
-8.938983154296875000e+01,2.757246208190917969e+01
-8.939051055908203125e+01,2.757320594787597656e+01
-8.939105224609375000e+01,2.757444572448730469e+01
-8.939031219482421875e+01,2.757320594787597656e+01
-8.939081573486328125e+01,2.757464790344238281e+01
-8.939069366455078125e+01,2.757445907592773438e+01
-8.939010620117187500e+01,2.757429885864257812e+01
-8.938995361328125000e+01,2.757383155822753906e+01
-8.939079284667968750e+01,2.757470130920410156e+01
-8.939068603515625000e+01,2.757347106933593750e+01
-8.939052581787109375e+01,2.757304000854492188e+01
-8.939082336425781250e+01,2.757393074035644531e+01
-8.939066314697265625e+01,2.757333183288574219e+01
-8.939028930664062500e+01,2.757490348815917969e+01
-8.938969421386718750e+01,2.757270431518554688e+01
-8.939035034179687500e+01,2.757331466674804688e+01
-8.938948059082031250e+01,2.757267189025878906e+01
-8.939103698730468750e+01,2.757410621643066406e+01
-8.939040374755859375e+01,2.757440567016601562e+01
-8.939096069335937500e+01,2.757398033142089844e+01
-8.938971710205078125e+01,2.757273292541503906e+01
-8.939060974121093750e+01,2.757403182983398438e+01
-8.939000701904296875e+01,2.757341957092285156e+01
-8.939045715332031250e+01,2.757336997985839844e+01
-8.938967895507812500e+01,2.757275199890136719e+01
-8.939080047607421875e+01,2.757362174987792969e+01
-8.938983154296875000e+01,2.757285308837890625e+01
-8.938981628417968750e+01,2.757263755798339844e+01
-8.938962554931640625e+01,2.757265090942382812e+01
-8.939083862304687500e+01,2.757411384582519531e+01
-8.938986968994140625e+01,2.757301712036132812e+01
-8.939076995849609375e+01,2.757444572448730469e+01
-8.939008331298828125e+01,2.757422637939453125e+01
-8.938986968994140625e+01,2.757252502441406250e+01
-8.939009094238281250e+01,2.757363510131835938e+01
-8.939070129394531250e+01,2.757371902465820312e+01
-8.939062500000000000e+01,2.757426261901855469e+01
-8.939014434814453125e+01,2.757423210144042969e+01
-8.939005279541015625e+01,2.757439613342285156e+01
-8.939003753662109375e+01,2.757385253906250000e+01
-8.939041137695312500e+01,2.757469749450683594e+01
-8.939065551757812500e+01,2.757400321960449219e+01
-8.939071655273437500e+01,2.757383537292480469e+01
-8.939092254638671875e+01,2.757342338562011719e+01
-8.939108276367187500e+01,2.757407379150390625e+01
-8.939104461669921875e+01,2.757377624511718750e+01
-8.939055633544921875e+01,2.757365608215332031e+01
-8.939100646972656250e+01,2.757348823547363281e+01
-8.939023590087890625e+01,2.757381820678710938e+01
-8.939090728759765625e+01,2.757381248474121094e+01
-8.938967132568359375e+01,2.757289123535156250e+01
-8.939084625244140625e+01,2.757316970825195312e+01
-8.938965606689453125e+01,2.757279586791992188e+01
-8.938980865478515625e+01,2.757242012023925781e+01
-8.939057922363281250e+01,2.757431221008300781e+01
-8.939067840576171875e+01,2.757489967346191406e+01
-8.939009094238281250e+01,2.757287597656250000e+01
-8.939080047607421875e+01,2.757355308532714844e+01
-8.939055633544921875e+01,2.757375907897949219e+01
-8.939032745361328125e+01,2.757365036010742188e+01
-8.938960266113281250e+01,2.757236671447753906e+01
-8.939096069335937500e+01,2.757455444335937500e+01
-8.939008331298828125e+01,2.757414817810058594e+01
-8.939076232910156250e+01,2.757378387451171875e+01
-8.939024353027343750e+01,2.757345390319824219e+01
-8.938993072509765625e+01,2.757339668273925781e+01
-8.939044952392578125e+01,2.757498359680175781e+01
-8.939020538330078125e+01,2.757344627380371094e+01
-8.939063262939453125e+01,2.757315254211425781e+01
-8.939036560058593750e+01,2.757348632812500000e+01
-8.939096069335937500e+01,2.757341766357421875e+01
-8.939057922363281250e+01,2.757342529296875000e+01
-8.939029693603515625e+01,2.757499885559082031e+01
-8.939035034179687500e+01,2.757451820373535156e+01
-8.939093017578125000e+01,2.757436752319335938e+01
-8.939020538330078125e+01,2.757459449768066406e+01
-8.938999938964843750e+01,2.757271385192871094e+01
-8.939054870605468750e+01,2.757477951049804688e+01
-8.939112854003906250e+01,2.757365798950195312e+01
-8.939079284667968750e+01,2.757354354858398438e+01
-8.939096832275390625e+01,2.757313156127929688e+01
-8.939066314697265625e+01,2.757425498962402344e+01
-8.939007568359375000e+01,2.757373428344726562e+01
-8.939063262939453125e+01,2.757476043701171875e+01
-8.939040374755859375e+01,2.757495880126953125e+01
-8.938946533203125000e+01,2.757233428955078125e+01
-8.939072418212890625e+01,2.757359313964843750e+01
-8.939032745361328125e+01,2.757391166687011719e+01
-8.939059448242187500e+01,2.757401657104492188e+01
-8.939019775390625000e+01,2.757440185546875000e+01
-8.939022827148437500e+01,2.757439041137695312e+01
-8.939027404785156250e+01,2.757311820983886719e+01
-8.938963317871093750e+01,2.757268333435058594e+01
-8.938969421386718750e+01,2.757250213623046875e+01
-8.939036560058593750e+01,2.757385826110839844e+01
-8.939006805419921875e+01,2.757279014587402344e+01
-8.939042663574218750e+01,2.757447624206542969e+01
-8.939076232910156250e+01,2.757308769226074219e+01
-8.939064025878906250e+01,2.757449722290039062e+01
-8.939009094238281250e+01,2.757346343994140625e+01
-8.939051818847656250e+01,2.757304763793945312e+01
-8.938984680175781250e+01,2.757247161865234375e+01
-8.939064788818359375e+01,2.757316398620605469e+01
-8.939057159423828125e+01,2.757402992248535156e+01
-8.939099121093750000e+01,2.757431030273437500e+01
-8.938964843750000000e+01,2.757270050048828125e+01
-8.939066314697265625e+01,2.757352828979492188e+01
-8.939089965820312500e+01,2.757443237304687500e+01
-8.938986206054687500e+01,2.757322883605957031e+01
-8.939022064208984375e+01,2.757326316833496094e+01
-8.939084625244140625e+01,2.757434463500976562e+01
-8.938997650146484375e+01,2.757290458679199219e+01
-8.938968658447265625e+01,2.757250404357910156e+01
-8.938960266113281250e+01,2.757241630554199219e+01
-8.939065551757812500e+01,2.757438278198242188e+01
-8.939021301269531250e+01,2.757423973083496094e+01
-8.939022827148437500e+01,2.757412147521972656e+01
-8.938998413085937500e+01,2.757364463806152344e+01
-8.939054107666015625e+01,2.757333374023437500e+01
-8.939088439941406250e+01,2.757378578186035156e+01
-8.939061737060546875e+01,2.757305908203125000e+01
-8.939092254638671875e+01,2.757435417175292969e+01
-8.939048004150390625e+01,2.757314491271972656e+01
-8.939089965820312500e+01,2.757437896728515625e+01
-8.939006805419921875e+01,2.757382774353027344e+01
-8.939053344726562500e+01,2.757343673706054688e+01
-8.939031982421875000e+01,2.757443428039550781e+01
-8.939004516601562500e+01,2.757305145263671875e+01
-8.938967895507812500e+01,2.757224464416503906e+01
-8.939047241210937500e+01,2.757374382019042969e+01
-8.939041137695312500e+01,2.757491493225097656e+01
-8.939035797119140625e+01,2.757511329650878906e+01
-8.939076232910156250e+01,2.757477760314941406e+01
-8.938951873779296875e+01,2.757238769531250000e+01
-8.939056396484375000e+01,2.757439231872558594e+01
-8.939035034179687500e+01,2.757349967956542969e+01
-8.939035034179687500e+01,2.757406234741210938e+01
-8.939086151123046875e+01,2.757373046875000000e+01
-8.939077758789062500e+01,2.757358551025390625e+01
-8.939090728759765625e+01,2.757442474365234375e+01
-8.939025115966796875e+01,2.757456588745117188e+01
-8.939089202880859375e+01,2.757315635681152344e+01
-8.938954925537109375e+01,2.757222938537597656e+01
-8.939020538330078125e+01,2.757458686828613281e+01
-8.939015197753906250e+01,2.757447814941406250e+01
-8.939083862304687500e+01,2.757419967651367188e+01
-8.939098358154296875e+01,2.757407951354980469e+01
-8.939011383056640625e+01,2.757436943054199219e+01
-8.939067077636718750e+01,2.757346534729003906e+01
-8.939041900634765625e+01,2.757340621948242188e+01
-8.938982391357421875e+01,2.757335090637207031e+01
-8.939047241210937500e+01,2.757457160949707031e+01
-8.939043426513671875e+01,2.757427787780761719e+01
-8.939056396484375000e+01,2.757440567016601562e+01
-8.938945770263671875e+01,2.757265281677246094e+01
-8.939109802246093750e+01,2.757364654541015625e+01
-8.939047241210937500e+01,2.757468605041503906e+01
-8.939093780517578125e+01,2.757446670532226562e+01
-8.939042663574218750e+01,2.757338523864746094e+01
-8.939060211181640625e+01,2.757451629638671875e+01
-8.939090728759765625e+01,2.757460975646972656e+01
-8.938955688476562500e+01,2.757277679443359375e+01
-8.939041900634765625e+01,2.757450866699218750e+01
-8.938978576660156250e+01,2.757238006591796875e+01
-8.939052581787109375e+01,2.757425689697265625e+01
-8.939058685302734375e+01,2.757434082031250000e+01
-8.939049530029296875e+01,2.757379341125488281e+01
-8.938970184326171875e+01,2.757286834716796875e+01
-8.939039611816406250e+01,2.757336997985839844e+01
-8.939092254638671875e+01,2.757321929931640625e+01
-8.938950347900390625e+01,2.757207107543945312e+01
-8.939063262939453125e+01,2.757425117492675781e+01
-8.939063262939453125e+01,2.757467842102050781e+01
-8.939004516601562500e+01,2.757297134399414062e+01
-8.938982391357421875e+01,2.757300376892089844e+01
-8.939057159423828125e+01,2.757306861877441406e+01
-8.939015197753906250e+01,2.757331085205078125e+01
-8.939088439941406250e+01,2.757300567626953125e+01
-8.939054870605468750e+01,2.757402038574218750e+01
-8.939039611816406250e+01,2.757318305969238281e+01
-8.938986968994140625e+01,2.757332611083984375e+01
-8.939027404785156250e+01,2.757460594177246094e+01
-8.939002227783203125e+01,2.757364273071289062e+01
-8.939071655273437500e+01,2.757446289062500000e+01
-8.939071655273437500e+01,2.757374954223632812e+01
-8.939057159423828125e+01,2.757471656799316406e+01
-8.939036560058593750e+01,2.757371139526367188e+01
-8.938994598388671875e+01,2.757261276245117188e+01
-8.939078521728515625e+01,2.757470893859863281e+01
-8.939007568359375000e+01,2.757404708862304688e+01
-8.939023590087890625e+01,2.757434463500976562e+01
-8.938994598388671875e+01,2.757351493835449219e+01
-8.939010620117187500e+01,2.757442283630371094e+01
-8.939080810546875000e+01,2.757344055175781250e+01
-8.939044952392578125e+01,2.757483482360839844e+01
-8.939059448242187500e+01,2.757410240173339844e+01
-8.939025878906250000e+01,2.757359313964843750e+01
-8.939011383056640625e+01,2.757277679443359375e+01
-8.939011383056640625e+01,2.757341003417968750e+01
-8.939078521728515625e+01,2.757469558715820312e+01
-8.938956451416015625e+01,2.757240676879882812e+01
-8.939041900634765625e+01,2.757356643676757812e+01
-8.938997650146484375e+01,2.757321739196777344e+01
-8.939105987548828125e+01,2.757399368286132812e+01
-8.939063262939453125e+01,2.757358741760253906e+01
-8.938993835449218750e+01,2.757391738891601562e+01
-8.939012145996093750e+01,2.757431221008300781e+01
-8.939097595214843750e+01,2.757362174987792969e+01
-8.939016723632812500e+01,2.757390594482421875e+01
-8.939099121093750000e+01,2.757373428344726562e+01
-8.938953399658203125e+01,2.757256126403808594e+01
-8.939005279541015625e+01,2.757392311096191406e+01
-8.939015960693359375e+01,2.757333946228027344e+01
