longitude,latitude
-9.023854064941406250e+01,2.719526100158691406e+01
-9.024242401123046875e+01,2.719606399536132812e+01
-9.023890686035156250e+01,2.719914436340332031e+01
-9.024085235595703125e+01,2.719690895080566406e+01
-9.024372100830078125e+01,2.719412994384765625e+01
-9.023583221435546875e+01,2.719462394714355469e+01
-9.024044799804687500e+01,2.719466972351074219e+01
-9.024049377441406250e+01,2.719882583618164062e+01
-9.024028778076171875e+01,2.719475364685058594e+01
-9.024319458007812500e+01,2.719480514526367188e+01
-9.023551940917968750e+01,2.719359207153320312e+01
-9.024489593505859375e+01,2.719244384765625000e+01
-9.024542236328125000e+01,2.719685363769531250e+01
-9.024157714843750000e+01,2.719642639160156250e+01
-9.023710632324218750e+01,2.719238853454589844e+01
-9.024088287353515625e+01,2.719685935974121094e+01
-9.024281311035156250e+01,2.719495010375976562e+01
-9.023526000976562500e+01,2.719102287292480469e+01
-9.023735809326171875e+01,2.719182014465332031e+01
-9.023508453369140625e+01,2.719439506530761719e+01
-9.023819732666015625e+01,2.719364166259765625e+01
-9.023907470703125000e+01,2.719457244873046875e+01
-9.023984527587890625e+01,2.719152832031250000e+01
-9.023389434814453125e+01,2.719162750244140625e+01
-9.024157714843750000e+01,2.718881225585937500e+01
-9.023995208740234375e+01,2.718946266174316406e+01
-9.024651336669921875e+01,2.719470596313476562e+01
-9.023937225341796875e+01,2.719228744506835938e+01
-9.023849487304687500e+01,2.719367790222167969e+01
-9.023481750488281250e+01,2.719233894348144531e+01
-9.023562622070312500e+01,2.719300460815429688e+01
-9.024160003662109375e+01,2.719019126892089844e+01
-9.024228668212890625e+01,2.719826889038085938e+01
-9.023615264892578125e+01,2.719260787963867188e+01
-9.024837493896484375e+01,2.719672393798828125e+01
-9.024213409423828125e+01,2.720033645629882812e+01
-9.024270629882812500e+01,2.719358062744140625e+01
-9.024284362792968750e+01,2.719618606567382812e+01
-9.024275207519531250e+01,2.719293594360351562e+01
-9.024004364013671875e+01,2.719476699829101562e+01
-9.023935699462890625e+01,2.719278526306152344e+01
-9.024052429199218750e+01,2.719730186462402344e+01
-9.024123382568359375e+01,2.719084930419921875e+01
-9.024420928955078125e+01,2.719667434692382812e+01
-9.024098968505859375e+01,2.719797897338867188e+01
-9.024391937255859375e+01,2.719607543945312500e+01
-9.024356079101562500e+01,2.719769859313964844e+01
-9.023297119140625000e+01,2.719225311279296875e+01
-9.024389648437500000e+01,2.719471359252929688e+01
-9.023953247070312500e+01,2.719053459167480469e+01
-9.024299621582031250e+01,2.719159698486328125e+01
-9.023866271972656250e+01,2.719635009765625000e+01
-9.024172973632812500e+01,2.719926452636718750e+01
-9.023925018310546875e+01,2.719998359680175781e+01
-9.023989105224609375e+01,2.719248390197753906e+01
-9.023876953125000000e+01,2.719402694702148438e+01
-9.023735809326171875e+01,2.719224929809570312e+01
-9.024156951904296875e+01,2.719371604919433594e+01
-9.024074554443359375e+01,2.720178604125976562e+01
-9.024358367919921875e+01,2.719667434692382812e+01
-9.024039459228515625e+01,2.719988441467285156e+01
-9.024532318115234375e+01,2.719795227050781250e+01
-9.024588775634765625e+01,2.719552040100097656e+01
-9.024322509765625000e+01,2.720120048522949219e+01
-9.024081420898437500e+01,2.718904304504394531e+01
-9.023980712890625000e+01,2.719899177551269531e+01
-9.024462127685546875e+01,2.719415283203125000e+01
-9.024645233154296875e+01,2.719843292236328125e+01
-9.023583221435546875e+01,2.719405555725097656e+01
-9.024481964111328125e+01,2.720022964477539062e+01
-9.023950195312500000e+01,2.719896125793457031e+01
-9.024408721923828125e+01,2.719264984130859375e+01
-9.023686981201171875e+01,2.719245147705078125e+01
-9.024266052246093750e+01,2.719664001464843750e+01
-9.023979949951171875e+01,2.719234275817871094e+01
-9.023589324951171875e+01,2.719420814514160156e+01
-9.023980712890625000e+01,2.720178794860839844e+01
-9.024226379394531250e+01,2.719557762145996094e+01
-9.024111175537109375e+01,2.719956779479980469e+01
-9.023980712890625000e+01,2.720030212402343750e+01
-9.024412536621093750e+01,2.719487571716308594e+01
-9.024098205566406250e+01,2.719039726257324219e+01
-9.024828338623046875e+01,2.719626235961914062e+01
-9.024689483642578125e+01,2.719717979431152344e+01
-9.024132537841796875e+01,2.719112205505371094e+01
-9.023612976074218750e+01,2.719138717651367188e+01
-9.024285888671875000e+01,2.719022750854492188e+01
-9.023361968994140625e+01,2.719379806518554688e+01
-9.024634552001953125e+01,2.719804191589355469e+01
-9.024548339843750000e+01,2.719853019714355469e+01
-9.023804473876953125e+01,2.719224929809570312e+01
-9.023657226562500000e+01,2.719256782531738281e+01
-9.024802398681640625e+01,2.719569015502929688e+01
-9.024633789062500000e+01,2.719934272766113281e+01
-9.024449157714843750e+01,2.720024681091308594e+01
-9.024188995361328125e+01,2.719167518615722656e+01
-9.024609375000000000e+01,2.719319725036621094e+01
-9.023517608642578125e+01,2.719397926330566406e+01
-9.024639129638671875e+01,2.719602203369140625e+01
-9.024504852294921875e+01,2.719462203979492188e+01
-9.024353790283203125e+01,2.719417762756347656e+01
-9.024314880371093750e+01,2.719662094116210938e+01
-9.023814392089843750e+01,2.719259071350097656e+01
-9.024420166015625000e+01,2.719664001464843750e+01
-9.024047851562500000e+01,2.720114898681640625e+01
-9.024030303955078125e+01,2.719615936279296875e+01
-9.023958587646484375e+01,2.719689750671386719e+01
-9.023703002929687500e+01,2.719165802001953125e+01
-9.024216461181640625e+01,2.718805885314941406e+01
-9.023888397216796875e+01,2.719229125976562500e+01
-9.024385070800781250e+01,2.719748497009277344e+01
-9.023643493652343750e+01,2.719100379943847656e+01
-9.024156951904296875e+01,2.719812202453613281e+01
-9.024021148681640625e+01,2.719245147705078125e+01
-9.024132537841796875e+01,2.718821716308593750e+01
-9.024184417724609375e+01,2.720065498352050781e+01
-9.023542785644531250e+01,2.719289779663085938e+01
-9.024700927734375000e+01,2.719490814208984375e+01
-9.024683380126953125e+01,2.719374275207519531e+01
-9.024565887451171875e+01,2.719809722900390625e+01
-9.024020385742187500e+01,2.719657707214355469e+01
-9.024169921875000000e+01,2.719464111328125000e+01
-9.023942565917968750e+01,2.719092559814453125e+01
-9.024694824218750000e+01,2.719550704956054688e+01
-9.024096679687500000e+01,2.720230484008789062e+01
-9.023528289794921875e+01,2.719304084777832031e+01
-9.024166107177734375e+01,2.720129203796386719e+01
-9.024069213867187500e+01,2.719870185852050781e+01
-9.024080657958984375e+01,2.719709777832031250e+01
-9.024208831787109375e+01,2.719243621826171875e+01
-9.024727630615234375e+01,2.719529914855957031e+01
-9.024074554443359375e+01,2.719815254211425781e+01
-9.024124145507812500e+01,2.719314956665039062e+01
-9.024444580078125000e+01,2.720008850097656250e+01
-9.024157714843750000e+01,2.719964027404785156e+01
-9.023944091796875000e+01,2.720069313049316406e+01
-9.023638916015625000e+01,2.719227027893066406e+01
-9.023730468750000000e+01,2.719420623779296875e+01
-9.023977661132812500e+01,2.719175910949707031e+01
-9.023478698730468750e+01,2.719142150878906250e+01
-9.024312591552734375e+01,2.719753646850585938e+01
-9.024311828613281250e+01,2.719147682189941406e+01
-9.024444580078125000e+01,2.719726181030273438e+01
-9.024157714843750000e+01,2.719258499145507812e+01
-9.024333190917968750e+01,2.719197463989257812e+01
-9.024496459960937500e+01,2.719640541076660156e+01
-9.024415588378906250e+01,2.719557952880859375e+01
-9.023431396484375000e+01,2.719330978393554688e+01
-9.024589538574218750e+01,2.719352149963378906e+01
-9.024272918701171875e+01,2.719938468933105469e+01
-9.023536682128906250e+01,2.719178009033203125e+01
-9.023995971679687500e+01,2.719479942321777344e+01
-9.023950195312500000e+01,2.719959068298339844e+01
-9.024280548095703125e+01,2.720086097717285156e+01
-9.023847961425781250e+01,2.719311904907226562e+01
-9.023973083496093750e+01,2.720104598999023438e+01
-9.024198150634765625e+01,2.719952774047851562e+01
-9.024292755126953125e+01,2.719165992736816406e+01
-9.023877716064453125e+01,2.719351196289062500e+01
-9.023863983154296875e+01,2.719416427612304688e+01
-9.024277496337890625e+01,2.718998718261718750e+01
-9.024199676513671875e+01,2.719477462768554688e+01
-9.024354553222656250e+01,2.720037460327148438e+01
-9.024401855468750000e+01,2.719952774047851562e+01
-9.023464965820312500e+01,2.719315147399902344e+01
-9.024316406250000000e+01,2.719815444946289062e+01
-9.023893737792968750e+01,2.719533920288085938e+01
-9.024283599853515625e+01,2.719354629516601562e+01
-9.023986053466796875e+01,2.719446182250976562e+01
-9.024022674560546875e+01,2.719003295898437500e+01
-9.024469757080078125e+01,2.719227027893066406e+01
-9.024074554443359375e+01,2.719494819641113281e+01
-9.024810028076171875e+01,2.719808959960937500e+01
-9.024559783935546875e+01,2.719858169555664062e+01
-9.024205017089843750e+01,2.719683456420898438e+01
-9.023570251464843750e+01,2.719362640380859375e+01
-9.024176788330078125e+01,2.719406127929687500e+01
-9.023843383789062500e+01,2.720047187805175781e+01
-9.024243164062500000e+01,2.719411659240722656e+01
-9.024002075195312500e+01,2.720003890991210938e+01
-9.024098205566406250e+01,2.718803024291992188e+01
-9.024304199218750000e+01,2.719610786437988281e+01
-9.023684692382812500e+01,2.719430351257324219e+01
-9.024449920654296875e+01,2.719917488098144531e+01
-9.023898315429687500e+01,2.719682693481445312e+01
-9.023385620117187500e+01,2.719259643554687500e+01
-9.024066925048828125e+01,2.720143127441406250e+01
-9.023915100097656250e+01,2.719529914855957031e+01
-9.023960876464843750e+01,2.719743156433105469e+01
-9.024005889892578125e+01,2.718905639648437500e+01
-9.024566650390625000e+01,2.719259452819824219e+01
-9.024038696289062500e+01,2.719350433349609375e+01
-9.024440002441406250e+01,2.719770812988281250e+01
-9.024516296386718750e+01,2.719245147705078125e+01
-9.024247741699218750e+01,2.719072151184082031e+01
-9.024076843261718750e+01,2.719259643554687500e+01
-9.024188995361328125e+01,2.719131278991699219e+01
-9.024042510986328125e+01,2.719404411315917969e+01
-9.024095153808593750e+01,2.718991088867187500e+01
-9.024263763427734375e+01,2.719780921936035156e+01
-9.024053192138671875e+01,2.719655609130859375e+01
-9.023990631103515625e+01,2.720091056823730469e+01
-9.023862457275390625e+01,2.719126510620117188e+01
-9.024001312255859375e+01,2.718904495239257812e+01
-9.024270629882812500e+01,2.719174194335937500e+01
-9.023944091796875000e+01,2.719199943542480469e+01
-9.024124908447265625e+01,2.718970489501953125e+01
-9.023993682861328125e+01,2.719537353515625000e+01
-9.024266052246093750e+01,2.719337844848632812e+01
-9.024246978759765625e+01,2.719856071472167969e+01
-9.024033355712890625e+01,2.718885040283203125e+01
-9.024781036376953125e+01,2.719812011718750000e+01
-9.023551177978515625e+01,2.719363403320312500e+01
-9.023550415039062500e+01,2.719109344482421875e+01
-9.023529052734375000e+01,2.719261169433593750e+01
-9.024085235595703125e+01,2.719272232055664062e+01
-9.024826812744140625e+01,2.719667243957519531e+01
-9.023915100097656250e+01,2.719474792480468750e+01
-9.024254608154296875e+01,2.719266510009765625e+01
-9.024347686767578125e+01,2.719515228271484375e+01
-9.024114990234375000e+01,2.718873786926269531e+01
-9.023904418945312500e+01,2.719678306579589844e+01
-9.023904418945312500e+01,2.719836425781250000e+01
-9.024192047119140625e+01,2.719942855834960938e+01
-9.024548339843750000e+01,2.719305229187011719e+01
-9.024019622802734375e+01,2.719098472595214844e+01
-9.024106597900390625e+01,2.719972991943359375e+01
-9.024256896972656250e+01,2.719684600830078125e+01
-9.024557495117187500e+01,2.719426918029785156e+01
-9.023962402343750000e+01,2.719168663024902344e+01
-9.023429107666015625e+01,2.719210815429687500e+01
-9.023526763916015625e+01,2.719290542602539062e+01
-9.024549865722656250e+01,2.719510459899902344e+01
-9.023573303222656250e+01,2.719278144836425781e+01
-9.023770141601562500e+01,2.719408988952636719e+01
-9.024198913574218750e+01,2.718939590454101562e+01
-9.023606109619140625e+01,2.719281387329101562e+01
-9.024108886718750000e+01,2.719396972656250000e+01
-9.024272918701171875e+01,2.719403839111328125e+01
-9.024464416503906250e+01,2.719867324829101562e+01
-9.024768066406250000e+01,2.719808387756347656e+01
-9.024315643310546875e+01,2.719626808166503906e+01
-9.023567199707031250e+01,2.719107246398925781e+01
-9.024349975585937500e+01,2.719261360168457031e+01
-9.023538970947265625e+01,2.719289016723632812e+01
-9.024139404296875000e+01,2.719765663146972656e+01
-9.023937988281250000e+01,2.719068527221679688e+01
-9.024530792236328125e+01,2.720034599304199219e+01
-9.024082183837890625e+01,2.720020675659179688e+01
-9.024166870117187500e+01,2.719910621643066406e+01
-9.024468231201171875e+01,2.719472885131835938e+01
-9.023924255371093750e+01,2.719429969787597656e+01
-9.024192047119140625e+01,2.719515419006347656e+01
-9.024051666259765625e+01,2.720197296142578125e+01
-9.023380279541015625e+01,2.719138908386230469e+01
-9.024629974365234375e+01,2.719627571105957031e+01
-9.024341583251953125e+01,2.719555282592773438e+01
-9.024413299560546875e+01,2.720092582702636719e+01
-9.024112701416015625e+01,2.719520759582519531e+01
-9.024073791503906250e+01,2.719800949096679688e+01
-9.023804473876953125e+01,2.719967460632324219e+01
-9.023809814453125000e+01,2.719159698486328125e+01
-9.024409484863281250e+01,2.720048141479492188e+01
-9.024291992187500000e+01,2.719505691528320312e+01
-9.024015808105468750e+01,2.719102287292480469e+01
-9.024326324462890625e+01,2.719700241088867188e+01
-9.023548889160156250e+01,2.719275856018066406e+01
-9.023770141601562500e+01,2.719245719909667969e+01
-9.024276733398437500e+01,2.720105361938476562e+01
-9.024224090576171875e+01,2.719250679016113281e+01
-9.024810028076171875e+01,2.719592094421386719e+01
-9.024405670166015625e+01,2.720079421997070312e+01
-9.024203491210937500e+01,2.719977188110351562e+01
-9.023371887207031250e+01,2.719157218933105469e+01
-9.024152374267578125e+01,2.719309425354003906e+01
-9.023893737792968750e+01,2.719900703430175781e+01
-9.024398040771484375e+01,2.719878578186035156e+01
-9.024186706542968750e+01,2.718976402282714844e+01
-9.024386596679687500e+01,2.719201087951660156e+01
-9.024047851562500000e+01,2.719115638732910156e+01
-9.024474334716796875e+01,2.719655990600585938e+01
-9.024264526367187500e+01,2.719401741027832031e+01
-9.024139404296875000e+01,2.719680595397949219e+01
-9.023442840576171875e+01,2.719320678710937500e+01
-9.024674224853515625e+01,2.719592475891113281e+01
-9.024384307861328125e+01,2.719457244873046875e+01
-9.024273681640625000e+01,2.719178390502929688e+01
-9.023400878906250000e+01,2.719406700134277344e+01
-9.024320983886718750e+01,2.720035362243652344e+01
-9.023778533935546875e+01,2.719317245483398438e+01
-9.024118804931640625e+01,2.719964218139648438e+01
-9.024862670898437500e+01,2.719663047790527344e+01
-9.024589538574218750e+01,2.719553184509277344e+01
-9.023726654052734375e+01,2.719119834899902344e+01
-9.024579620361328125e+01,2.719837951660156250e+01
-9.024089813232421875e+01,2.719077301025390625e+01
-9.023336791992187500e+01,2.719174194335937500e+01
-9.024371337890625000e+01,2.719676780700683594e+01
-9.023785400390625000e+01,2.719329071044921875e+01
-9.024164581298828125e+01,2.718838882446289062e+01
-9.023720550537109375e+01,2.719103622436523438e+01
-9.024413299560546875e+01,2.719250869750976562e+01
-9.023526000976562500e+01,2.719264411926269531e+01
-9.024099731445312500e+01,2.719275856018066406e+01
-9.024385833740234375e+01,2.719387435913085938e+01
-9.024137878417968750e+01,2.719139480590820312e+01
-9.024705505371093750e+01,2.719606590270996094e+01
-9.024131011962890625e+01,2.719175529479980469e+01
-9.024153137207031250e+01,2.719299507141113281e+01
-9.023360443115234375e+01,2.719143676757812500e+01
-9.024280548095703125e+01,2.719333648681640625e+01
-9.024127960205078125e+01,2.719272232055664062e+01
-9.024285888671875000e+01,2.718977546691894531e+01
-9.023622131347656250e+01,2.719409179687500000e+01
-9.024182891845703125e+01,2.718762969970703125e+01
-9.024564361572265625e+01,2.719917106628417969e+01
-9.024879455566406250e+01,2.719674682617187500e+01
-9.024794769287109375e+01,2.719802856445312500e+01
-9.024031066894531250e+01,2.719150161743164062e+01
-9.024092102050781250e+01,2.720205879211425781e+01
-9.023387908935546875e+01,2.719402122497558594e+01
-9.023649597167968750e+01,2.719321632385253906e+01
-9.024474334716796875e+01,2.719638061523437500e+01
-9.024524688720703125e+01,2.719373130798339844e+01
-9.024316406250000000e+01,2.719058036804199219e+01
-9.024030303955078125e+01,2.718934822082519531e+01
-9.024537658691406250e+01,2.719808769226074219e+01
-9.024041748046875000e+01,2.718790626525878906e+01
-9.023535156250000000e+01,2.719395256042480469e+01
-9.023941040039062500e+01,2.719461822509765625e+01
-9.023498535156250000e+01,2.719105529785156250e+01
-9.023969268798828125e+01,2.719004821777343750e+01
-9.023339843750000000e+01,2.719327354431152344e+01
-9.024096679687500000e+01,2.719198608398437500e+01
-9.024521636962890625e+01,2.719630432128906250e+01
-9.023394012451171875e+01,2.719266891479492188e+01
-9.024591827392578125e+01,2.719893646240234375e+01
-9.024320983886718750e+01,2.719340705871582031e+01
-9.023790740966796875e+01,2.719450378417968750e+01
-9.024227142333984375e+01,2.719816589355468750e+01
-9.024529266357421875e+01,2.719971847534179688e+01
-9.024394226074218750e+01,2.719532012939453125e+01
-9.024400329589843750e+01,2.719120788574218750e+01
-9.024536132812500000e+01,2.719417762756347656e+01
-9.024505615234375000e+01,2.719723892211914062e+01
-9.024197387695312500e+01,2.719523811340332031e+01
-9.023591613769531250e+01,2.719315719604492188e+01
-9.024234008789062500e+01,2.719107627868652344e+01
-9.023609924316406250e+01,2.719408798217773438e+01
-9.024226379394531250e+01,2.719450759887695312e+01
-9.024129486083984375e+01,2.719853019714355469e+01
-9.023984527587890625e+01,2.719895744323730469e+01
-9.024256134033203125e+01,2.718990707397460938e+01
-9.023432159423828125e+01,2.719289207458496094e+01
-9.024676513671875000e+01,2.719547653198242188e+01
-9.024217987060546875e+01,2.719931030273437500e+01
-9.024122619628906250e+01,2.719407653808593750e+01
-9.023491668701171875e+01,2.719199562072753906e+01
-9.024407196044921875e+01,2.719374656677246094e+01
-9.024641418457031250e+01,2.719751930236816406e+01
-9.023897552490234375e+01,2.720065879821777344e+01
-9.024446105957031250e+01,2.720014953613281250e+01
-9.024639129638671875e+01,2.719536781311035156e+01
-9.024091339111328125e+01,2.719529151916503906e+01
-9.023262023925781250e+01,2.719235992431640625e+01
-9.023918151855468750e+01,2.719216346740722656e+01
-9.024052429199218750e+01,2.719535636901855469e+01
-9.024189758300781250e+01,2.719938468933105469e+01
-9.023651885986328125e+01,2.719121742248535156e+01
-9.024514007568359375e+01,2.719820594787597656e+01
-9.023256683349609375e+01,2.719207763671875000e+01
-9.024097442626953125e+01,2.719046592712402344e+01
-9.024083709716796875e+01,2.718930816650390625e+01
-9.024002075195312500e+01,2.719799041748046875e+01
-9.024348449707031250e+01,2.719248771667480469e+01
-9.024333953857421875e+01,2.719876289367675781e+01
-9.023870086669921875e+01,2.719846343994140625e+01
-9.024057006835937500e+01,2.720033264160156250e+01
-9.023448944091796875e+01,2.719222831726074219e+01
-9.024243164062500000e+01,2.719822502136230469e+01
-9.024613189697265625e+01,2.719863891601562500e+01
-9.024371337890625000e+01,2.719405937194824219e+01
-9.024399566650390625e+01,2.719645690917968750e+01
-9.024180603027343750e+01,2.718924331665039062e+01
-9.023686218261718750e+01,2.719262123107910156e+01
-9.024058532714843750e+01,2.720000457763671875e+01
-9.024251556396484375e+01,2.719770622253417969e+01
-9.024732971191406250e+01,2.719701957702636719e+01
-9.024094390869140625e+01,2.719098472595214844e+01
-9.024179840087890625e+01,2.718962860107421875e+01
-9.023365783691406250e+01,2.719302368164062500e+01
-9.024282073974609375e+01,2.719153976440429688e+01
-9.023393249511718750e+01,2.719279670715332031e+01
-9.024057006835937500e+01,2.719351577758789062e+01
-9.023696899414062500e+01,2.719361305236816406e+01
-9.024325561523437500e+01,2.719089508056640625e+01
-9.023683166503906250e+01,2.719130325317382812e+01
-9.024323272705078125e+01,2.719570159912109375e+01
-9.023906707763671875e+01,2.719517517089843750e+01
-9.024221801757812500e+01,2.719478416442871094e+01
-9.024252319335937500e+01,2.719727897644042969e+01
-9.023902893066406250e+01,2.720046043395996094e+01
-9.023954772949218750e+01,2.719955444335937500e+01
-9.024382781982421875e+01,2.719816398620605469e+01
-9.024066162109375000e+01,2.718965339660644531e+01
-9.024205017089843750e+01,2.719384002685546875e+01
-9.024650573730468750e+01,2.719857025146484375e+01
-9.023735809326171875e+01,2.719281387329101562e+01
-9.024060058593750000e+01,2.720027923583984375e+01
-9.023994445800781250e+01,2.719525909423828125e+01
-9.024014282226562500e+01,2.718906974792480469e+01
-9.023899841308593750e+01,2.719173622131347656e+01
-9.024156188964843750e+01,2.719726562500000000e+01
-9.024346923828125000e+01,2.719096946716308594e+01
-9.023643493652343750e+01,2.719133949279785156e+01
-9.024553680419921875e+01,2.719978904724121094e+01
-9.023693084716796875e+01,2.719467735290527344e+01
-9.024414825439453125e+01,2.719618988037109375e+01
-9.023545837402343750e+01,2.719438171386718750e+01
-9.024021911621093750e+01,2.718891906738281250e+01
-9.024275970458984375e+01,2.719263076782226562e+01
-9.024611663818359375e+01,2.719512557983398438e+01
-9.023682403564453125e+01,2.719076919555664062e+01
-9.024029541015625000e+01,2.719869613647460938e+01
-9.024792480468750000e+01,2.719566345214843750e+01
-9.024040222167968750e+01,2.719190788269042969e+01
-9.024283599853515625e+01,2.720048332214355469e+01
-9.023497009277343750e+01,2.719117927551269531e+01
-9.024201965332031250e+01,2.719116020202636719e+01
-9.023954772949218750e+01,2.719176864624023438e+01
-9.024311828613281250e+01,2.719389533996582031e+01
-9.023918151855468750e+01,2.719090652465820312e+01
-9.024687957763671875e+01,2.719694709777832031e+01
-9.024708557128906250e+01,2.719761466979980469e+01
-9.024194335937500000e+01,2.719327354431152344e+01
-9.024525451660156250e+01,2.719820976257324219e+01
-9.024213409423828125e+01,2.720111083984375000e+01
-9.024335479736328125e+01,2.719708061218261719e+01
-9.024582672119140625e+01,2.719721031188964844e+01
-9.024282836914062500e+01,2.720101165771484375e+01
-9.024085235595703125e+01,2.719435310363769531e+01
-9.024096679687500000e+01,2.720207023620605469e+01
-9.023970794677734375e+01,2.719580459594726562e+01
-9.023984527587890625e+01,2.719297409057617188e+01
-9.024622344970703125e+01,2.719876098632812500e+01
-9.024095916748046875e+01,2.719828033447265625e+01
-9.023503875732421875e+01,2.719234085083007812e+01
-9.024458312988281250e+01,2.719492721557617188e+01
-9.023966979980468750e+01,2.719918441772460938e+01
-9.023529052734375000e+01,2.719298362731933594e+01
-9.024369812011718750e+01,2.719606781005859375e+01
-9.024294281005859375e+01,2.719709014892578125e+01
-9.024150848388671875e+01,2.719527816772460938e+01
-9.024024963378906250e+01,2.719509696960449219e+01
-9.024744415283203125e+01,2.719691658020019531e+01
-9.024279022216796875e+01,2.719349670410156250e+01
-9.023763275146484375e+01,2.719168853759765625e+01
-9.024071502685546875e+01,2.718842315673828125e+01
-9.023632812500000000e+01,2.719297599792480469e+01
-9.024455261230468750e+01,2.719217681884765625e+01
-9.024040985107421875e+01,2.719725799560546875e+01
-9.024397277832031250e+01,2.719874572753906250e+01
-9.024228668212890625e+01,2.719961547851562500e+01
-9.024731445312500000e+01,2.719852828979492188e+01
-9.023713684082031250e+01,2.719285202026367188e+01
-9.024106597900390625e+01,2.720038986206054688e+01
-9.024237823486328125e+01,2.719111633300781250e+01
-9.024439239501953125e+01,2.719318771362304688e+01
-9.024272918701171875e+01,2.720031547546386719e+01
-9.024314117431640625e+01,2.719953918457031250e+01
-9.024196624755859375e+01,2.718979072570800781e+01
-9.024060821533203125e+01,2.719961357116699219e+01
-9.024006652832031250e+01,2.720125961303710938e+01
-9.023842620849609375e+01,2.719547843933105469e+01
-9.024109649658203125e+01,2.718960380554199219e+01
-9.024294281005859375e+01,2.720155715942382812e+01
-9.024212646484375000e+01,2.719772911071777344e+01
-9.024468994140625000e+01,2.719165802001953125e+01
-9.024143218994140625e+01,2.719369125366210938e+01
-9.023464202880859375e+01,2.719395446777343750e+01
-9.023999786376953125e+01,2.718865013122558594e+01
-9.024630737304687500e+01,2.719511985778808594e+01
-9.024557495117187500e+01,2.719889640808105469e+01
-9.024687194824218750e+01,2.719811248779296875e+01
-9.024257659912109375e+01,2.720131492614746094e+01
-9.023846435546875000e+01,2.719427108764648438e+01
-9.024279022216796875e+01,2.719217109680175781e+01
-9.023724365234375000e+01,2.719200706481933594e+01
-9.023883819580078125e+01,2.719732856750488281e+01
-9.024269866943359375e+01,2.719046211242675781e+01
-9.024140167236328125e+01,2.719612693786621094e+01
-9.024502563476562500e+01,2.719452095031738281e+01
-9.024244689941406250e+01,2.719458198547363281e+01
-9.024350738525390625e+01,2.719962501525878906e+01
-9.024048614501953125e+01,2.719815826416015625e+01
-9.024639892578125000e+01,2.719456863403320312e+01
-9.024406433105468750e+01,2.719402503967285156e+01
-9.023777770996093750e+01,2.719147682189941406e+01
-9.023477935791015625e+01,2.719136619567871094e+01
-9.023342132568359375e+01,2.719364738464355469e+01
-9.024038696289062500e+01,2.719326782226562500e+01
-9.024146270751953125e+01,2.720162200927734375e+01
-9.024849700927734375e+01,2.719717597961425781e+01
-9.023845672607421875e+01,2.719118690490722656e+01
-9.023974609375000000e+01,2.719830703735351562e+01
-9.024034881591796875e+01,2.719877815246582031e+01
-9.024314880371093750e+01,2.719486427307128906e+01
-9.023991394042968750e+01,2.719304847717285156e+01
-9.024015045166015625e+01,2.719311714172363281e+01
-9.023593902587890625e+01,2.719206619262695312e+01
-9.024040985107421875e+01,2.719658660888671875e+01
-9.023460388183593750e+01,2.719221496582031250e+01
-9.024658966064453125e+01,2.719536399841308594e+01
-9.024165344238281250e+01,2.719875144958496094e+01
-9.023437500000000000e+01,2.719305038452148438e+01
-9.024270629882812500e+01,2.719606018066406250e+01
-9.024119567871093750e+01,2.720004463195800781e+01
-9.024696350097656250e+01,2.719626617431640625e+01
-9.024721527099609375e+01,2.719853019714355469e+01
-9.023385620117187500e+01,2.719355583190917969e+01
-9.024327087402343750e+01,2.719212341308593750e+01
-9.024073791503906250e+01,2.719527816772460938e+01
-9.024319458007812500e+01,2.719483566284179688e+01
-9.024674224853515625e+01,2.719812965393066406e+01
-9.024153900146484375e+01,2.720124244689941406e+01
-9.024176788330078125e+01,2.719639968872070312e+01
-9.023381042480468750e+01,2.719396781921386719e+01
-9.024095153808593750e+01,2.719957160949707031e+01
-9.024752044677734375e+01,2.719811820983886719e+01
-9.023471832275390625e+01,2.719197082519531250e+01
-9.023782348632812500e+01,2.719446563720703125e+01
-9.024791717529296875e+01,2.719594955444335938e+01
-9.023895263671875000e+01,2.719293785095214844e+01
-9.024184417724609375e+01,2.719742584228515625e+01
-9.024797058105468750e+01,2.719626808166503906e+01
-9.024094390869140625e+01,2.718919563293457031e+01
-9.024047851562500000e+01,2.720053100585937500e+01
-9.024305725097656250e+01,2.719663238525390625e+01
-9.023712921142578125e+01,2.719448661804199219e+01
-9.024473571777343750e+01,2.719338035583496094e+01
-9.024093627929687500e+01,2.719552421569824219e+01
-9.024140167236328125e+01,2.719157600402832031e+01
-9.023441314697265625e+01,2.719307327270507812e+01
-9.024038696289062500e+01,2.719396018981933594e+01
-9.024728393554687500e+01,2.719682693481445312e+01
-9.024110412597656250e+01,2.719328498840332031e+01
-9.024133300781250000e+01,2.719178581237792969e+01
-9.024559783935546875e+01,2.719640922546386719e+01
-9.023630523681640625e+01,2.719110488891601562e+01
-9.024115753173828125e+01,2.718821907043457031e+01
-9.023774719238281250e+01,2.719297981262207031e+01
-9.023908233642578125e+01,2.719399452209472656e+01
-9.023873901367187500e+01,2.719754028320312500e+01
-9.024320220947265625e+01,2.719180297851562500e+01
-9.023647308349609375e+01,2.719288825988769531e+01
-9.023892974853515625e+01,2.719235420227050781e+01
-9.024599456787109375e+01,2.719301033020019531e+01
-9.024824523925781250e+01,2.719602394104003906e+01
-9.024137115478515625e+01,2.719233322143554688e+01
-9.024352264404296875e+01,2.719694137573242188e+01
-9.024819946289062500e+01,2.719734954833984375e+01
-9.023963165283203125e+01,2.719636344909667969e+01
-9.024305725097656250e+01,2.719151115417480469e+01
-9.023966979980468750e+01,2.719366073608398438e+01
-9.023838806152343750e+01,2.719873619079589844e+01
-9.024581146240234375e+01,2.719478797912597656e+01
-9.023923492431640625e+01,2.719140052795410156e+01
-9.024458312988281250e+01,2.719958496093750000e+01
-9.024175262451171875e+01,2.719357109069824219e+01
-9.024388122558593750e+01,2.719961357116699219e+01
-9.024104309082031250e+01,2.719663047790527344e+01
-9.024475097656250000e+01,2.719932746887207031e+01
-9.023892211914062500e+01,2.719241714477539062e+01
-9.023729705810546875e+01,2.719315528869628906e+01
-9.023535919189453125e+01,2.719178962707519531e+01
-9.023956298828125000e+01,2.720067596435546875e+01
-9.024475860595703125e+01,2.719948196411132812e+01
-9.024417877197265625e+01,2.720004463195800781e+01
-9.024298095703125000e+01,2.719664573669433594e+01
-9.024426269531250000e+01,2.719541931152343750e+01
-9.024189758300781250e+01,2.719757461547851562e+01
-9.024650573730468750e+01,2.719513130187988281e+01
-9.024398040771484375e+01,2.719937324523925781e+01
-9.024644470214843750e+01,2.719541549682617188e+01
-9.023873138427734375e+01,2.719422340393066406e+01
-9.024835205078125000e+01,2.719590759277343750e+01
-9.024247741699218750e+01,2.719748306274414062e+01
-9.023858642578125000e+01,2.719377326965332031e+01
-9.024409484863281250e+01,2.719127655029296875e+01
-9.024444580078125000e+01,2.719604110717773438e+01
-9.024392700195312500e+01,2.719251632690429688e+01
-9.024008178710937500e+01,2.719287109375000000e+01
-9.023262023925781250e+01,2.719246673583984375e+01
-9.023460388183593750e+01,2.719211578369140625e+01
-9.024189758300781250e+01,2.718811607360839844e+01
-9.023590087890625000e+01,2.719183921813964844e+01
-9.024020385742187500e+01,2.719082450866699219e+01
-9.023416137695312500e+01,2.719265174865722656e+01
-9.023845672607421875e+01,2.719501686096191406e+01
-9.023658752441406250e+01,2.719371795654296875e+01
-9.024142456054687500e+01,2.718951034545898438e+01
-9.024407958984375000e+01,2.719710159301757812e+01
-9.023919677734375000e+01,2.719319915771484375e+01
-9.024038696289062500e+01,2.720090293884277344e+01
-9.024192810058593750e+01,2.719058609008789062e+01
-9.024107360839843750e+01,2.720090866088867188e+01
-9.024133300781250000e+01,2.719588661193847656e+01
-9.024008178710937500e+01,2.720202445983886719e+01
-9.024365997314453125e+01,2.719191932678222656e+01
-9.024346160888671875e+01,2.719234085083007812e+01
-9.024702453613281250e+01,2.719376945495605469e+01
-9.023966217041015625e+01,2.719869613647460938e+01
-9.023574066162109375e+01,2.719468879699707031e+01
-9.023904418945312500e+01,2.719682121276855469e+01
-9.023995971679687500e+01,2.719123458862304688e+01
-9.024677276611328125e+01,2.719485664367675781e+01
-9.024241638183593750e+01,2.719204711914062500e+01
-9.024701690673828125e+01,2.719820785522460938e+01
-9.024057769775390625e+01,2.720134544372558594e+01
-9.024041748046875000e+01,2.719728851318359375e+01
-9.023616790771484375e+01,2.719477081298828125e+01
-9.024159240722656250e+01,2.720040321350097656e+01
-9.024649047851562500e+01,2.719501495361328125e+01
-9.023752593994140625e+01,2.719348526000976562e+01
-9.023937225341796875e+01,2.720133781433105469e+01
-9.024151611328125000e+01,2.719153022766113281e+01
-9.023478698730468750e+01,2.719293785095214844e+01
-9.023971557617187500e+01,2.719767951965332031e+01
-9.024697875976562500e+01,2.719901275634765625e+01
-9.023874664306640625e+01,2.719856834411621094e+01
-9.024007415771484375e+01,2.719802856445312500e+01
-9.024176788330078125e+01,2.719058418273925781e+01
-9.023877716064453125e+01,2.719928550720214844e+01
-9.024409484863281250e+01,2.719300079345703125e+01
-9.024398803710937500e+01,2.719298171997070312e+01
-9.023432159423828125e+01,2.719374275207519531e+01
-9.024493408203125000e+01,2.719406890869140625e+01
-9.023980712890625000e+01,2.719950103759765625e+01
-9.024250030517578125e+01,2.719263648986816406e+01
-9.024517059326171875e+01,2.719381713867187500e+01
-9.024153137207031250e+01,2.719194984436035156e+01
-9.024514007568359375e+01,2.719772338867187500e+01
-9.024337005615234375e+01,2.720122146606445312e+01
-9.024335479736328125e+01,2.719969558715820312e+01
-9.024040985107421875e+01,2.718903923034667969e+01
-9.024431610107421875e+01,2.719514656066894531e+01
-9.024067687988281250e+01,2.718908309936523438e+01
-9.024348449707031250e+01,2.720138549804687500e+01
-9.024623107910156250e+01,2.719811058044433594e+01
-9.024268341064453125e+01,2.719912338256835938e+01
-9.023641204833984375e+01,2.719270896911621094e+01
-9.023828887939453125e+01,2.719178009033203125e+01
-9.024446105957031250e+01,2.719654273986816406e+01
-9.024604797363281250e+01,2.719621658325195312e+01
-9.024654388427734375e+01,2.719406318664550781e+01
-9.024626159667968750e+01,2.719369888305664062e+01
-9.024017333984375000e+01,2.719223213195800781e+01
-9.024229431152343750e+01,2.720052909851074219e+01
-9.024363708496093750e+01,2.719859695434570312e+01
-9.024076843261718750e+01,2.718976593017578125e+01
-9.024162292480468750e+01,2.720116615295410156e+01
-9.024647521972656250e+01,2.719762229919433594e+01
-9.023937988281250000e+01,2.719583129882812500e+01
-9.023834991455078125e+01,2.719443511962890625e+01
-9.023947906494140625e+01,2.719162368774414062e+01
-9.023971557617187500e+01,2.719214820861816406e+01
-9.023990631103515625e+01,2.719939613342285156e+01
-9.024012756347656250e+01,2.719496726989746094e+01
-9.024076843261718750e+01,2.719794845581054688e+01
-9.024040985107421875e+01,2.719230270385742188e+01
-9.024071502685546875e+01,2.718832206726074219e+01
-9.024037933349609375e+01,2.719562339782714844e+01
-9.024053955078125000e+01,2.719185066223144531e+01
-9.024003601074218750e+01,2.719251632690429688e+01
-9.024289703369140625e+01,2.719512748718261719e+01
-9.024333190917968750e+01,2.719088363647460938e+01
-9.024587249755859375e+01,2.719675064086914062e+01
-9.024522399902343750e+01,2.719500350952148438e+01
-9.024194335937500000e+01,2.719770622253417969e+01
-9.023834228515625000e+01,2.719129943847656250e+01
-9.024031829833984375e+01,2.719997024536132812e+01
-9.024550628662109375e+01,2.719606208801269531e+01
-9.023828125000000000e+01,2.719342231750488281e+01
-9.024066925048828125e+01,2.720083618164062500e+01
-9.024542999267578125e+01,2.719787597656250000e+01
-9.024192810058593750e+01,2.719272804260253906e+01
-9.024333190917968750e+01,2.719013977050781250e+01
-9.023875427246093750e+01,2.719349861145019531e+01
-9.024189758300781250e+01,2.719948387145996094e+01
-9.024464416503906250e+01,2.719535255432128906e+01
-9.023831176757812500e+01,2.719408416748046875e+01
-9.023999786376953125e+01,2.719640350341796875e+01
-9.023858642578125000e+01,2.719260787963867188e+01
-9.023574829101562500e+01,2.719398117065429688e+01
-9.024390411376953125e+01,2.719897270202636719e+01
-9.023627471923828125e+01,2.719340515136718750e+01
-9.024362182617187500e+01,2.719183158874511719e+01
-9.023921203613281250e+01,2.719297981262207031e+01
-9.024465942382812500e+01,2.719441032409667969e+01
-9.024095153808593750e+01,2.718766784667968750e+01
-9.023451232910156250e+01,2.719394874572753906e+01
-9.024293518066406250e+01,2.719098854064941406e+01
-9.024394226074218750e+01,2.719915580749511719e+01
-9.023955535888671875e+01,2.720005798339843750e+01
-9.024101257324218750e+01,2.718931770324707031e+01
-9.024568176269531250e+01,2.719756889343261719e+01
-9.023973846435546875e+01,2.719302368164062500e+01
-9.024437713623046875e+01,2.720041084289550781e+01
-9.024729156494140625e+01,2.719555282592773438e+01
-9.024498748779296875e+01,2.719581031799316406e+01
-9.024538421630859375e+01,2.719609451293945312e+01
-9.024366760253906250e+01,2.719820594787597656e+01
-9.024729919433593750e+01,2.719871330261230469e+01
-9.024396514892578125e+01,2.719375801086425781e+01
-9.024430847167968750e+01,2.719839668273925781e+01
-9.024313354492187500e+01,2.719182586669921875e+01
-9.024168395996093750e+01,2.719820404052734375e+01
-9.024187469482421875e+01,2.719729804992675781e+01
-9.024298095703125000e+01,2.719478034973144531e+01
-9.024354553222656250e+01,2.719775772094726562e+01
-9.024027252197265625e+01,2.719890975952148438e+01
-9.024420166015625000e+01,2.719430160522460938e+01
-9.024243927001953125e+01,2.720031166076660156e+01
-9.024666595458984375e+01,2.719615364074707031e+01
-9.023396301269531250e+01,2.719293975830078125e+01
-9.024448394775390625e+01,2.719702339172363281e+01
-9.023936462402343750e+01,2.719627761840820312e+01
-9.024322509765625000e+01,2.719131088256835938e+01
-9.024301147460937500e+01,2.719804000854492188e+01
-9.024403381347656250e+01,2.719478034973144531e+01
-9.024042510986328125e+01,2.719088363647460938e+01
-9.023699951171875000e+01,2.719395065307617188e+01
-9.023732757568359375e+01,2.719123268127441406e+01
-9.024432373046875000e+01,2.719298744201660156e+01
-9.023568725585937500e+01,2.719473075866699219e+01
-9.024793243408203125e+01,2.719568824768066406e+01
-9.023629760742187500e+01,2.719285011291503906e+01
-9.023442077636718750e+01,2.719374275207519531e+01
-9.023932647705078125e+01,2.719226455688476562e+01
-9.024450683593750000e+01,2.719330215454101562e+01
-9.024533843994140625e+01,2.719535446166992188e+01
-9.024021148681640625e+01,2.719014930725097656e+01
-9.023386383056640625e+01,2.719372367858886719e+01
-9.024021148681640625e+01,2.719243049621582031e+01
-9.024777984619140625e+01,2.719670104980468750e+01
-9.024395751953125000e+01,2.719787406921386719e+01
-9.024631500244140625e+01,2.719313812255859375e+01
-9.024485778808593750e+01,2.719468688964843750e+01
-9.023977661132812500e+01,2.719374275207519531e+01
-9.023387908935546875e+01,2.719270133972167969e+01
-9.023949432373046875e+01,2.719787597656250000e+01
-9.024172973632812500e+01,2.719875144958496094e+01
-9.024399566650390625e+01,2.719106101989746094e+01
-9.023800659179687500e+01,2.719312667846679688e+01
-9.023970794677734375e+01,2.720017433166503906e+01
-9.024590301513671875e+01,2.719884490966796875e+01
-9.023981475830078125e+01,2.719077873229980469e+01
-9.024703216552734375e+01,2.719504165649414062e+01
-9.024120330810546875e+01,2.719238090515136719e+01
-9.023390197753906250e+01,2.719344520568847656e+01
-9.024639129638671875e+01,2.719881629943847656e+01
-9.023399353027343750e+01,2.719286346435546875e+01
-9.024351501464843750e+01,2.719792175292968750e+01
-9.023694610595703125e+01,2.719428443908691406e+01
-9.024238586425781250e+01,2.719789886474609375e+01
-9.024527740478515625e+01,2.719238853454589844e+01
-9.023703765869140625e+01,2.719466972351074219e+01
-9.024343109130859375e+01,2.719443893432617188e+01
-9.024823760986328125e+01,2.719669342041015625e+01
-9.023662567138671875e+01,2.719308471679687500e+01
-9.023558044433593750e+01,2.719411277770996094e+01
-9.024253082275390625e+01,2.719665908813476562e+01
-9.024826049804687500e+01,2.719554519653320312e+01
-9.023995208740234375e+01,2.719672393798828125e+01
-9.024614715576171875e+01,2.719565773010253906e+01
-9.023798370361328125e+01,2.719345664978027344e+01
-9.023795318603515625e+01,2.719132804870605469e+01
-9.024475860595703125e+01,2.719774627685546875e+01
-9.024794006347656250e+01,2.719791412353515625e+01
-9.024556732177734375e+01,2.719298171997070312e+01
-9.024404144287109375e+01,2.719474220275878906e+01
-9.024120330810546875e+01,2.718952941894531250e+01
-9.024098968505859375e+01,2.719101715087890625e+01
-9.023397827148437500e+01,2.719205474853515625e+01
-9.023999786376953125e+01,2.719352912902832031e+01
-9.024256134033203125e+01,2.720078277587890625e+01
-9.024123382568359375e+01,2.719621849060058594e+01
-9.024172210693359375e+01,2.719127082824707031e+01
-9.024042510986328125e+01,2.719978141784667969e+01
-9.024252319335937500e+01,2.720085525512695312e+01
-9.024633789062500000e+01,2.719647598266601562e+01
-9.024555969238281250e+01,2.719843482971191406e+01
-9.023828125000000000e+01,2.719296264648437500e+01
-9.023313903808593750e+01,2.719232749938964844e+01
-9.023762512207031250e+01,2.719161033630371094e+01
-9.024702453613281250e+01,2.719795417785644531e+01
-9.024348449707031250e+01,2.719531250000000000e+01
-9.023542022705078125e+01,2.719258117675781250e+01
-9.024662780761718750e+01,2.719732475280761719e+01
-9.024384307861328125e+01,2.719866180419921875e+01
-9.024701690673828125e+01,2.719616889953613281e+01
-9.024405670166015625e+01,2.719672012329101562e+01
-9.023612976074218750e+01,2.719356155395507812e+01
-9.024155426025390625e+01,2.719303703308105469e+01
-9.023485565185546875e+01,2.719372177124023438e+01
-9.024097442626953125e+01,2.719043159484863281e+01
-9.023448944091796875e+01,2.719309234619140625e+01
-9.023603820800781250e+01,2.719103431701660156e+01
-9.024026489257812500e+01,2.719384574890136719e+01
-9.024676513671875000e+01,2.719627761840820312e+01
-9.024489593505859375e+01,2.720043182373046875e+01
-9.024443817138671875e+01,2.719345664978027344e+01
-9.024257659912109375e+01,2.719435501098632812e+01
-9.024346923828125000e+01,2.719722175598144531e+01
-9.024539184570312500e+01,2.719533729553222656e+01
-9.024200439453125000e+01,2.719811630249023438e+01
-9.023906707763671875e+01,2.719146537780761719e+01
-9.024221038818359375e+01,2.718896484375000000e+01
-9.023416137695312500e+01,2.719138908386230469e+01
-9.024084472656250000e+01,2.720221900939941406e+01
-9.023712158203125000e+01,2.719469070434570312e+01
-9.024069976806640625e+01,2.720212173461914062e+01
-9.024105072021484375e+01,2.719485855102539062e+01
-9.024340820312500000e+01,2.719749069213867188e+01
-9.024572753906250000e+01,2.719503784179687500e+01
-9.023769378662109375e+01,2.719243621826171875e+01
-9.024066925048828125e+01,2.719480705261230469e+01
-9.023729705810546875e+01,2.719168663024902344e+01
-9.024452972412109375e+01,2.719577789306640625e+01
-9.023758697509765625e+01,2.719194221496582031e+01
-9.024183654785156250e+01,2.719248580932617188e+01
-9.024189758300781250e+01,2.718852233886718750e+01
-9.024129486083984375e+01,2.719369316101074219e+01
-9.024587249755859375e+01,2.719774055480957031e+01
-9.024089050292968750e+01,2.719551467895507812e+01
-9.024143981933593750e+01,2.719872665405273438e+01
-9.024202728271484375e+01,2.719818878173828125e+01
-9.024205017089843750e+01,2.718888092041015625e+01
-9.024044799804687500e+01,2.718859291076660156e+01
-9.024113464355468750e+01,2.719148826599121094e+01
-9.024275970458984375e+01,2.719492340087890625e+01
-9.023900604248046875e+01,2.719118881225585938e+01
-9.024723052978515625e+01,2.719809150695800781e+01
-9.024241638183593750e+01,2.718936920166015625e+01
-9.023345184326171875e+01,2.719286918640136719e+01
-9.024053192138671875e+01,2.718881797790527344e+01
-9.024588775634765625e+01,2.719398880004882812e+01
-9.024179077148437500e+01,2.719723892211914062e+01
-9.024613189697265625e+01,2.719633293151855469e+01
-9.023815155029296875e+01,2.719996261596679688e+01
-9.023499298095703125e+01,2.719434738159179688e+01
-9.024514770507812500e+01,2.719314384460449219e+01
-9.024112701416015625e+01,2.719932746887207031e+01
-9.024549102783203125e+01,2.719835853576660156e+01
-9.024256896972656250e+01,2.720014762878417969e+01
-9.023898315429687500e+01,2.719703102111816406e+01
-9.023941802978515625e+01,2.719456672668457031e+01
-9.024236297607421875e+01,2.719120788574218750e+01
-9.024054718017578125e+01,2.718934631347656250e+01
-9.024402618408203125e+01,2.719443130493164062e+01
-9.024163055419921875e+01,2.718814277648925781e+01
-9.023509979248046875e+01,2.719372177124023438e+01
-9.024624633789062500e+01,2.719782447814941406e+01
-9.024338531494140625e+01,2.719562530517578125e+01
-9.024195098876953125e+01,2.718927383422851562e+01
-9.023542022705078125e+01,2.719340896606445312e+01
-9.023603057861328125e+01,2.719373893737792969e+01
-9.024189758300781250e+01,2.719539070129394531e+01
-9.023322296142578125e+01,2.719237327575683594e+01
-9.023948669433593750e+01,2.719749069213867188e+01
-9.024586486816406250e+01,2.719960212707519531e+01
-9.024365997314453125e+01,2.720047569274902344e+01
-9.024240112304687500e+01,2.720055770874023438e+01
-9.024150085449218750e+01,2.719358444213867188e+01
-9.023752593994140625e+01,2.719345474243164062e+01
-9.024464416503906250e+01,2.719839096069335938e+01
-9.023368072509765625e+01,2.719173622131347656e+01
-9.024639129638671875e+01,2.719696807861328125e+01
-9.024650573730468750e+01,2.719841575622558594e+01
-9.024146270751953125e+01,2.719243049621582031e+01
-9.024275207519531250e+01,2.719409561157226562e+01
-9.024354553222656250e+01,2.719691085815429688e+01
-9.024151611328125000e+01,2.719317436218261719e+01
-9.024249267578125000e+01,2.719272041320800781e+01
-9.023862457275390625e+01,2.720020484924316406e+01
-9.023359680175781250e+01,2.719143867492675781e+01
-9.023932647705078125e+01,2.719536018371582031e+01
-9.024689483642578125e+01,2.719519615173339844e+01
-9.024046325683593750e+01,2.719271850585937500e+01
-9.024552917480468750e+01,2.719990921020507812e+01
-9.024565887451171875e+01,2.719836616516113281e+01
-9.024156951904296875e+01,2.719731903076171875e+01
-9.024552154541015625e+01,2.719449615478515625e+01
-9.024074554443359375e+01,2.719789123535156250e+01
-9.023966979980468750e+01,2.719762992858886719e+01
-9.024539184570312500e+01,2.719660186767578125e+01
-9.023642730712890625e+01,2.719422721862792969e+01
-9.024381256103515625e+01,2.719649696350097656e+01
-9.023985290527343750e+01,2.720047760009765625e+01
-9.024475097656250000e+01,2.719799613952636719e+01
-9.024045562744140625e+01,2.720026969909667969e+01
-9.024724578857421875e+01,2.719517898559570312e+01
-9.024799346923828125e+01,2.719581985473632812e+01
-9.023934936523437500e+01,2.719467353820800781e+01
-9.024473571777343750e+01,2.719575691223144531e+01
-9.024108886718750000e+01,2.719491004943847656e+01
-9.024526214599609375e+01,2.719613456726074219e+01
-9.024539947509765625e+01,2.719965934753417969e+01
-9.023525238037109375e+01,2.719211387634277344e+01
-9.023822021484375000e+01,2.719212722778320312e+01
-9.024228668212890625e+01,2.719931221008300781e+01
-9.023551940917968750e+01,2.719404220581054688e+01
-9.024229431152343750e+01,2.719394111633300781e+01
-9.023983764648437500e+01,2.719656753540039062e+01
-9.024710083007812500e+01,2.719476127624511719e+01
-9.024562835693359375e+01,2.719864845275878906e+01
-9.024214172363281250e+01,2.720154571533203125e+01
-9.024361419677734375e+01,2.719745445251464844e+01
-9.024118804931640625e+01,2.719609260559082031e+01
-9.024208831787109375e+01,2.719123268127441406e+01
-9.024541473388671875e+01,2.719419479370117188e+01
-9.024401092529296875e+01,2.719168472290039062e+01
-9.024238586425781250e+01,2.719493865966796875e+01
-9.023741149902343750e+01,2.719118309020996094e+01
-9.024076843261718750e+01,2.719796562194824219e+01
-9.024115753173828125e+01,2.719406890869140625e+01
-9.023954772949218750e+01,2.719346809387207031e+01
-9.024449920654296875e+01,2.719538497924804688e+01
-9.024136352539062500e+01,2.718986511230468750e+01
-9.024658203125000000e+01,2.719311714172363281e+01
-9.024392700195312500e+01,2.719474601745605469e+01
-9.024091339111328125e+01,2.719720077514648438e+01
-9.024191284179687500e+01,2.719945144653320312e+01
-9.024591827392578125e+01,2.719978713989257812e+01
-9.024723815917968750e+01,2.719727325439453125e+01
-9.024201202392578125e+01,2.719799613952636719e+01
-9.024674987792968750e+01,2.719389533996582031e+01
-9.023583984375000000e+01,2.719235038757324219e+01
-9.024143218994140625e+01,2.719086265563964844e+01
-9.023590087890625000e+01,2.719344139099121094e+01
-9.024546051025390625e+01,2.719750595092773438e+01
-9.023808288574218750e+01,2.719313240051269531e+01
-9.024564361572265625e+01,2.719343948364257812e+01
-9.024398040771484375e+01,2.719649314880371094e+01
-9.024038696289062500e+01,2.720170974731445312e+01
-9.024391174316406250e+01,2.719265365600585938e+01
-9.024185180664062500e+01,2.719765472412109375e+01
-9.024253082275390625e+01,2.718928718566894531e+01
-9.024131774902343750e+01,2.719729042053222656e+01
-9.024005889892578125e+01,2.720198440551757812e+01
-9.023896026611328125e+01,2.720094108581542969e+01
-9.024807739257812500e+01,2.719771003723144531e+01
-9.023889923095703125e+01,2.719442367553710938e+01
-9.023619079589843750e+01,2.719329261779785156e+01
-9.023970031738281250e+01,2.719396209716796875e+01
-9.024014282226562500e+01,2.718982505798339844e+01
-9.024826049804687500e+01,2.719748878479003906e+01
-9.024507904052734375e+01,2.719378471374511719e+01
-9.023899078369140625e+01,2.719611740112304688e+01
-9.023895263671875000e+01,2.719847297668457031e+01
-9.023848724365234375e+01,2.719468879699707031e+01
-9.024030303955078125e+01,2.719974517822265625e+01
-9.024224090576171875e+01,2.718962097167968750e+01
-9.024672698974609375e+01,2.719947624206542969e+01
-9.024700164794921875e+01,2.719481277465820312e+01
-9.024720764160156250e+01,2.719663810729980469e+01
-9.024708557128906250e+01,2.719696807861328125e+01
-9.024575042724609375e+01,2.719350814819335938e+01
-9.023986053466796875e+01,2.719561958312988281e+01
-9.024136352539062500e+01,2.720029258728027344e+01
-9.024337768554687500e+01,2.719039726257324219e+01
-9.024219512939453125e+01,2.719952964782714844e+01
-9.024243164062500000e+01,2.719724655151367188e+01
-9.024391174316406250e+01,2.719762039184570312e+01
-9.023970794677734375e+01,2.719914627075195312e+01
-9.024389648437500000e+01,2.719921875000000000e+01
-9.023557281494140625e+01,2.719390106201171875e+01
-9.024098205566406250e+01,2.718812751770019531e+01
-9.024583435058593750e+01,2.719532775878906250e+01
-9.024581909179687500e+01,2.719550132751464844e+01
-9.024696350097656250e+01,2.719777679443359375e+01
-9.023874664306640625e+01,2.719812393188476562e+01
-9.024148559570312500e+01,2.718762397766113281e+01
-9.023749542236328125e+01,2.719190216064453125e+01
-9.024554443359375000e+01,2.719537925720214844e+01
-9.023942565917968750e+01,2.719063377380371094e+01
-9.024382781982421875e+01,2.719103240966796875e+01
-9.024211883544921875e+01,2.719469451904296875e+01
-9.024400329589843750e+01,2.719298553466796875e+01
-9.024335479736328125e+01,2.719796180725097656e+01
-9.023889923095703125e+01,2.719846725463867188e+01
-9.024648284912109375e+01,2.719577789306640625e+01
-9.024563598632812500e+01,2.719971466064453125e+01
-9.024591827392578125e+01,2.719956588745117188e+01
-9.023891448974609375e+01,2.719515037536621094e+01
-9.024133300781250000e+01,2.720094108581542969e+01
-9.023971557617187500e+01,2.719458580017089844e+01
-9.023923492431640625e+01,2.719323348999023438e+01
-9.024736785888671875e+01,2.719628906250000000e+01
-9.024239349365234375e+01,2.718898200988769531e+01
-9.024622344970703125e+01,2.719450759887695312e+01
-9.024025726318359375e+01,2.720106697082519531e+01
-9.024191284179687500e+01,2.719044303894042969e+01
-9.024454498291015625e+01,2.719952774047851562e+01
-9.024160003662109375e+01,2.719189071655273438e+01
-9.023958587646484375e+01,2.720059013366699219e+01
-9.024034118652343750e+01,2.719658851623535156e+01
-9.024180603027343750e+01,2.719515800476074219e+01
-9.024376678466796875e+01,2.719833946228027344e+01
-9.024381256103515625e+01,2.719750976562500000e+01
-9.024159240722656250e+01,2.719304847717285156e+01
-9.024380493164062500e+01,2.719360923767089844e+01
-9.024172973632812500e+01,2.719580268859863281e+01
-9.024533081054687500e+01,2.719299125671386719e+01
-9.023371887207031250e+01,2.719167900085449219e+01
-9.024179840087890625e+01,2.719230651855468750e+01
-9.023498535156250000e+01,2.719375991821289062e+01
-9.024324798583984375e+01,2.719341087341308594e+01
-9.024671173095703125e+01,2.719548606872558594e+01
-9.024217987060546875e+01,2.718968200683593750e+01
-9.024217224121093750e+01,2.719478416442871094e+01
-9.024095153808593750e+01,2.719836235046386719e+01
-9.024242401123046875e+01,2.720027351379394531e+01
-9.024099731445312500e+01,2.719175148010253906e+01
-9.023567962646484375e+01,2.719249153137207031e+01
-9.024526977539062500e+01,2.719596290588378906e+01
-9.024047851562500000e+01,2.719029998779296875e+01
-9.023841857910156250e+01,2.719186210632324219e+01
-9.024355316162109375e+01,2.719197082519531250e+01
-9.024209594726562500e+01,2.719742774963378906e+01
-9.023419189453125000e+01,2.719399452209472656e+01
-9.023951721191406250e+01,2.719964981079101562e+01
-9.023432922363281250e+01,2.719222450256347656e+01
-9.024031066894531250e+01,2.719456672668457031e+01
-9.024378967285156250e+01,2.719218254089355469e+01
-9.023700714111328125e+01,2.719109153747558594e+01
-9.024502563476562500e+01,2.719237709045410156e+01
-9.024624633789062500e+01,2.719747924804687500e+01
-9.024162292480468750e+01,2.719271469116210938e+01
-9.024195861816406250e+01,2.720193672180175781e+01
-9.024598693847656250e+01,2.719636535644531250e+01
-9.024097442626953125e+01,2.720075416564941406e+01
-9.023970794677734375e+01,2.720161437988281250e+01
-9.024314880371093750e+01,2.719384574890136719e+01
-9.023371887207031250e+01,2.719270706176757812e+01
-9.023908996582031250e+01,2.720096588134765625e+01
-9.024372100830078125e+01,2.720018959045410156e+01
-9.023634338378906250e+01,2.719408988952636719e+01
-9.024383544921875000e+01,2.719129753112792969e+01
-9.024237060546875000e+01,2.719610786437988281e+01
-9.024304199218750000e+01,2.719442749023437500e+01
-9.023461151123046875e+01,2.719234466552734375e+01
-9.023420715332031250e+01,2.719128036499023438e+01
-9.023905944824218750e+01,2.719234466552734375e+01
-9.023624420166015625e+01,2.719183540344238281e+01
-9.023268890380859375e+01,2.719230270385742188e+01
-9.023943328857421875e+01,2.720113754272460938e+01
-9.024050903320312500e+01,2.719817543029785156e+01
-9.024301910400390625e+01,2.719459724426269531e+01
-9.024136352539062500e+01,2.719804573059082031e+01
-9.024376678466796875e+01,2.719498252868652344e+01
-9.024418640136718750e+01,2.720043945312500000e+01
-9.024334716796875000e+01,2.719271278381347656e+01
-9.024143218994140625e+01,2.719748115539550781e+01
-9.024446105957031250e+01,2.719226837158203125e+01
-9.024871826171875000e+01,2.719637298583984375e+01
-9.023616790771484375e+01,2.719210815429687500e+01
-9.024137878417968750e+01,2.718948936462402344e+01
-9.023274230957031250e+01,2.719217491149902344e+01
-9.023691558837890625e+01,2.719353866577148438e+01
-9.024280548095703125e+01,2.719093132019042969e+01
-9.023796844482421875e+01,2.719400024414062500e+01
-9.023573303222656250e+01,2.719190788269042969e+01
-9.023928070068359375e+01,2.719326782226562500e+01
-9.024719238281250000e+01,2.719848442077636719e+01
-9.024004364013671875e+01,2.720148849487304688e+01
-9.024076080322265625e+01,2.719564056396484375e+01
-9.024417877197265625e+01,2.720077323913574219e+01
-9.023529815673828125e+01,2.719116020202636719e+01
-9.024697875976562500e+01,2.719893264770507812e+01
-9.023382568359375000e+01,2.719132995605468750e+01
-9.024399566650390625e+01,2.720076179504394531e+01
-9.024704742431640625e+01,2.719715118408203125e+01
-9.024275207519531250e+01,2.719117355346679688e+01
-9.023987579345703125e+01,2.719463539123535156e+01
-9.023902893066406250e+01,2.719755172729492188e+01
-9.024554443359375000e+01,2.719272232055664062e+01
-9.023435211181640625e+01,2.719120597839355469e+01
-9.024252319335937500e+01,2.719133377075195312e+01
-9.023634338378906250e+01,2.719389152526855469e+01
-9.024026489257812500e+01,2.719208908081054688e+01
-9.023756408691406250e+01,2.719362068176269531e+01
-9.024010467529296875e+01,2.719092750549316406e+01
-9.024347686767578125e+01,2.719693565368652344e+01
-9.024125671386718750e+01,2.718990325927734375e+01
-9.024124908447265625e+01,2.720090293884277344e+01
-9.024078369140625000e+01,2.719332885742187500e+01
-9.023615264892578125e+01,2.719145965576171875e+01
-9.024024963378906250e+01,2.719362640380859375e+01
-9.024678039550781250e+01,2.719949340820312500e+01
-9.024110412597656250e+01,2.719217300415039062e+01
-9.024188232421875000e+01,2.719981765747070312e+01
-9.023535156250000000e+01,2.719248390197753906e+01
-9.024667358398437500e+01,2.719650459289550781e+01
-9.024743652343750000e+01,2.719698333740234375e+01
-9.023929595947265625e+01,2.719961738586425781e+01
-9.024245452880859375e+01,2.719173431396484375e+01
-9.023569488525390625e+01,2.719110107421875000e+01
-9.024683380126953125e+01,2.719366455078125000e+01
-9.023890686035156250e+01,2.720143699645996094e+01
-9.024028015136718750e+01,2.719798088073730469e+01
-9.023808288574218750e+01,2.719934082031250000e+01
-9.024147796630859375e+01,2.719589042663574219e+01
-9.024597930908203125e+01,2.719595146179199219e+01
-9.024589538574218750e+01,2.719344520568847656e+01
-9.023446655273437500e+01,2.719330024719238281e+01
-9.024208068847656250e+01,2.719102478027343750e+01
-9.024407196044921875e+01,2.719863319396972656e+01
-9.024260711669921875e+01,2.719639205932617188e+01
-9.024105834960937500e+01,2.718919754028320312e+01
-9.024359130859375000e+01,2.719808578491210938e+01
-9.024282073974609375e+01,2.719880294799804688e+01
-9.024301147460937500e+01,2.719107627868652344e+01
-9.024588775634765625e+01,2.719383239746093750e+01
-9.024673461914062500e+01,2.719479370117187500e+01
-9.024832916259765625e+01,2.719701576232910156e+01
-9.024735260009765625e+01,2.719695472717285156e+01
-9.023488616943359375e+01,2.719310760498046875e+01
-9.024317932128906250e+01,2.719062042236328125e+01
-9.024023437500000000e+01,2.719119834899902344e+01
-9.023766326904296875e+01,2.719152069091796875e+01
-9.023360443115234375e+01,2.719283103942871094e+01
-9.024428558349609375e+01,2.719630050659179688e+01
-9.024051666259765625e+01,2.719233322143554688e+01
-9.023454284667968750e+01,2.719382476806640625e+01
-9.023820495605468750e+01,2.720032501220703125e+01
-9.024055480957031250e+01,2.718798446655273438e+01
-9.024339294433593750e+01,2.719673728942871094e+01
-9.023747253417968750e+01,2.719141769409179688e+01
-9.024481201171875000e+01,2.719629287719726562e+01
-9.023704528808593750e+01,2.719208908081054688e+01
-9.024137115478515625e+01,2.719701957702636719e+01
-9.024069976806640625e+01,2.720092773437500000e+01
-9.023680114746093750e+01,2.719286155700683594e+01
-9.024119567871093750e+01,2.719398880004882812e+01
-9.024473571777343750e+01,2.719211769104003906e+01
-9.023397064208984375e+01,2.719366073608398438e+01
-9.024195861816406250e+01,2.718900108337402344e+01
-9.024604034423828125e+01,2.719846916198730469e+01
-9.024390411376953125e+01,2.719243240356445312e+01
-9.024312591552734375e+01,2.720043373107910156e+01
-9.023945617675781250e+01,2.719462203979492188e+01
-9.024553680419921875e+01,2.719733047485351562e+01
-9.023959350585937500e+01,2.719895362854003906e+01
-9.024061584472656250e+01,2.719769859313964844e+01
-9.024260711669921875e+01,2.720152091979980469e+01
-9.024028015136718750e+01,2.719686317443847656e+01
-9.024224090576171875e+01,2.719463729858398438e+01
-9.024678802490234375e+01,2.719808006286621094e+01
-9.024000549316406250e+01,2.719143104553222656e+01
-9.024102020263671875e+01,2.718803024291992188e+01
-9.024500274658203125e+01,2.719219779968261719e+01
-9.024045562744140625e+01,2.720087242126464844e+01
-9.024156188964843750e+01,2.719340133666992188e+01
-9.024292755126953125e+01,2.719858169555664062e+01
-9.023931121826171875e+01,2.719723129272460938e+01
-9.023879241943359375e+01,2.719391822814941406e+01
-9.024390411376953125e+01,2.719416618347167969e+01
-9.023632812500000000e+01,2.719207382202148438e+01
-9.023949432373046875e+01,2.719830131530761719e+01
-9.024002075195312500e+01,2.718922996520996094e+01
-9.024597930908203125e+01,2.719744300842285156e+01
-9.024184417724609375e+01,2.719771575927734375e+01
-9.023307037353515625e+01,2.719147109985351562e+01
-9.024491882324218750e+01,2.719241523742675781e+01
-9.024131011962890625e+01,2.718889236450195312e+01
-9.024420166015625000e+01,2.719609642028808594e+01
-9.024340820312500000e+01,2.719641304016113281e+01
-9.023935699462890625e+01,2.719813156127929688e+01
-9.023968505859375000e+01,2.719164276123046875e+01
-9.024121093750000000e+01,2.719661712646484375e+01
-9.024308776855468750e+01,2.719199180603027344e+01
-9.024461364746093750e+01,2.719446754455566406e+01
-9.023904418945312500e+01,2.719989967346191406e+01
-9.024187469482421875e+01,2.719852447509765625e+01
-9.023480987548828125e+01,2.719453811645507812e+01
-9.024088287353515625e+01,2.719714546203613281e+01
-9.023830413818359375e+01,2.719339561462402344e+01
-9.024270629882812500e+01,2.719452857971191406e+01
-9.024418640136718750e+01,2.719744491577148438e+01
-9.024085235595703125e+01,2.720072937011718750e+01
-9.023789978027343750e+01,2.719981956481933594e+01
-9.023689270019531250e+01,2.719460487365722656e+01
-9.024390411376953125e+01,2.719640922546386719e+01
-9.024339294433593750e+01,2.719386482238769531e+01
-9.023851776123046875e+01,2.719172668457031250e+01
-9.023988342285156250e+01,2.719055557250976562e+01
-9.024145507812500000e+01,2.718781471252441406e+01
-9.024806976318359375e+01,2.719671249389648438e+01
-9.024784088134765625e+01,2.719630622863769531e+01
-9.024072265625000000e+01,2.718839263916015625e+01
-9.024353027343750000e+01,2.719025611877441406e+01
-9.024048614501953125e+01,2.719349479675292969e+01
-9.024159240722656250e+01,2.719893836975097656e+01
-9.024594116210937500e+01,2.719874382019042969e+01
-9.023552703857421875e+01,2.719301605224609375e+01
-9.024050903320312500e+01,2.718952941894531250e+01
-9.024263000488281250e+01,2.719854927062988281e+01
-9.023979949951171875e+01,2.719600296020507812e+01
-9.024330902099609375e+01,2.719646072387695312e+01
-9.023934173583984375e+01,2.720089721679687500e+01
-9.024282073974609375e+01,2.719326591491699219e+01
-9.024150848388671875e+01,2.719293403625488281e+01
-9.024700927734375000e+01,2.719639587402343750e+01
-9.023957061767578125e+01,2.719565391540527344e+01
-9.024323272705078125e+01,2.719127655029296875e+01
-9.024071502685546875e+01,2.719130706787109375e+01
-9.024279022216796875e+01,2.719759750366210938e+01
-9.024552917480468750e+01,2.719488143920898438e+01
-9.024040985107421875e+01,2.718927192687988281e+01
-9.023999786376953125e+01,2.719882965087890625e+01
-9.024236297607421875e+01,2.720082283020019531e+01
-9.023302459716796875e+01,2.719137191772460938e+01
-9.024539947509765625e+01,2.719698715209960938e+01
-9.024699401855468750e+01,2.719617652893066406e+01
-9.024672698974609375e+01,2.719348907470703125e+01
-9.024041748046875000e+01,2.719859313964843750e+01
-9.024281311035156250e+01,2.719706535339355469e+01
-9.024074554443359375e+01,2.719542312622070312e+01
-9.023770904541015625e+01,2.719473838806152344e+01
-9.023857879638671875e+01,2.719474411010742188e+01
-9.024223327636718750e+01,2.719616127014160156e+01
-9.024238586425781250e+01,2.720150756835937500e+01
-9.024410247802734375e+01,2.719985389709472656e+01
-9.024070739746093750e+01,2.719229507446289062e+01
-9.023439025878906250e+01,2.719319343566894531e+01
-9.024286651611328125e+01,2.719536781311035156e+01
-9.024358367919921875e+01,2.719332122802734375e+01
-9.024222564697265625e+01,2.719060325622558594e+01
-9.024639129638671875e+01,2.719807624816894531e+01
-9.024378204345703125e+01,2.719386100769042969e+01
-9.023938751220703125e+01,2.719886016845703125e+01
-9.024021911621093750e+01,2.720047378540039062e+01
-9.024188995361328125e+01,2.719293594360351562e+01
-9.023667144775390625e+01,2.719378089904785156e+01
-9.023837280273437500e+01,2.719874191284179688e+01
-9.024279022216796875e+01,2.719600105285644531e+01
-9.024667358398437500e+01,2.719356346130371094e+01
-9.024080657958984375e+01,2.719069862365722656e+01
-9.024022674560546875e+01,2.719597434997558594e+01
-9.024206542968750000e+01,2.719636154174804688e+01
-9.023592376708984375e+01,2.719191360473632812e+01
-9.024736785888671875e+01,2.719870185852050781e+01
-9.023598480224609375e+01,2.719413375854492188e+01
-9.024139404296875000e+01,2.719252586364746094e+01
-9.023253631591796875e+01,2.719218063354492188e+01
-9.024043273925781250e+01,2.719643020629882812e+01
-9.024203491210937500e+01,2.719766807556152344e+01
-9.023924255371093750e+01,2.719718360900878906e+01
-9.024813079833984375e+01,2.719601058959960938e+01
-9.023365783691406250e+01,2.719285774230957031e+01
-9.023905181884765625e+01,2.719423675537109375e+01
-9.024629974365234375e+01,2.719944000244140625e+01
-9.024220275878906250e+01,2.719275283813476562e+01
-9.024404144287109375e+01,2.719504928588867188e+01
-9.023737335205078125e+01,2.719397926330566406e+01
-9.024369812011718750e+01,2.719987678527832031e+01
-9.024230194091796875e+01,2.718937492370605469e+01
-9.024444580078125000e+01,2.719247245788574219e+01
-9.023384094238281250e+01,2.719369888305664062e+01
-9.024337005615234375e+01,2.719838333129882812e+01
-9.023557281494140625e+01,2.719458389282226562e+01
-9.024465179443359375e+01,2.719178962707519531e+01
-9.024191284179687500e+01,2.719587326049804688e+01
-9.023882293701171875e+01,2.719451332092285156e+01
-9.023917388916015625e+01,2.719567680358886719e+01
-9.023728942871093750e+01,2.719107246398925781e+01
-9.023606872558593750e+01,2.719288253784179688e+01
-9.023755645751953125e+01,2.719118309020996094e+01
-9.024397277832031250e+01,2.719218063354492188e+01
-9.024449920654296875e+01,2.719782257080078125e+01
-9.023880004882812500e+01,2.719131088256835938e+01
-9.023927307128906250e+01,2.719433784484863281e+01
-9.024641418457031250e+01,2.719480514526367188e+01
-9.023941040039062500e+01,2.719127273559570312e+01
-9.024165344238281250e+01,2.719636535644531250e+01
-9.024539184570312500e+01,2.719701194763183594e+01
-9.023514556884765625e+01,2.719268798828125000e+01
-9.024140930175781250e+01,2.719291114807128906e+01
-9.024124145507812500e+01,2.719798278808593750e+01
-9.024538421630859375e+01,2.719722557067871094e+01
-9.024320220947265625e+01,2.720029830932617188e+01
-9.024341583251953125e+01,2.719716453552246094e+01
-9.024062347412109375e+01,2.719719505310058594e+01
-9.024677276611328125e+01,2.719335174560546875e+01
-9.023847198486328125e+01,2.719249343872070312e+01
-9.024141693115234375e+01,2.718937873840332031e+01
-9.023361206054687500e+01,2.719278526306152344e+01
-9.024562072753906250e+01,2.719479942321777344e+01
-9.023910522460937500e+01,2.719594192504882812e+01
-9.024129486083984375e+01,2.719750785827636719e+01
-9.024030303955078125e+01,2.719384574890136719e+01
-9.024042510986328125e+01,2.720036125183105469e+01
-9.024848937988281250e+01,2.719730186462402344e+01
-9.024044036865234375e+01,2.720132446289062500e+01
-9.024300384521484375e+01,2.720061492919921875e+01
-9.023947143554687500e+01,2.719258689880371094e+01
-9.023859405517578125e+01,2.719335937500000000e+01
-9.024517059326171875e+01,2.719429206848144531e+01
-9.024467468261718750e+01,2.719201469421386719e+01
-9.024630737304687500e+01,2.719777297973632812e+01
-9.023863983154296875e+01,2.719477462768554688e+01
-9.024125671386718750e+01,2.719275093078613281e+01
-9.024172973632812500e+01,2.719961738586425781e+01
-9.024127197265625000e+01,2.719206237792968750e+01
-9.024626159667968750e+01,2.719538497924804688e+01
-9.024643707275390625e+01,2.719567871093750000e+01
-9.024576568603515625e+01,2.719689369201660156e+01
-9.024527740478515625e+01,2.719984054565429688e+01
-9.024279785156250000e+01,2.719532012939453125e+01
-9.024337768554687500e+01,2.719683837890625000e+01
-9.024148559570312500e+01,2.720151138305664062e+01
-9.024348449707031250e+01,2.719139099121093750e+01
-9.024031829833984375e+01,2.719529533386230469e+01
-9.023743438720703125e+01,2.719295883178710938e+01
-9.024004364013671875e+01,2.719047546386718750e+01
-9.024198913574218750e+01,2.718970870971679688e+01
-9.024431610107421875e+01,2.720003128051757812e+01
-9.024427795410156250e+01,2.719951057434082031e+01
-9.023782348632812500e+01,2.719248199462890625e+01
-9.023954010009765625e+01,2.720032119750976562e+01
-9.024167633056640625e+01,2.719620323181152344e+01
-9.023986053466796875e+01,2.719238471984863281e+01
-9.023644256591796875e+01,2.719374275207519531e+01
-9.023300933837890625e+01,2.719213104248046875e+01
-9.024499511718750000e+01,2.719743347167968750e+01
-9.024195098876953125e+01,2.719118309020996094e+01
-9.024166870117187500e+01,2.719159698486328125e+01
-9.023977661132812500e+01,2.720062637329101562e+01
-9.023780822753906250e+01,2.719417953491210938e+01
-9.023500823974609375e+01,2.719431495666503906e+01
-9.023907470703125000e+01,2.719754028320312500e+01
-9.024567413330078125e+01,2.719974517822265625e+01
-9.024561309814453125e+01,2.719661903381347656e+01
-9.024066925048828125e+01,2.719985771179199219e+01
-9.024590301513671875e+01,2.719568634033203125e+01
-9.024102783203125000e+01,2.720201110839843750e+01
-9.024410247802734375e+01,2.719806289672851562e+01
-9.024410247802734375e+01,2.719725608825683594e+01
-9.024119567871093750e+01,2.719550323486328125e+01
-9.024633026123046875e+01,2.719683265686035156e+01
-9.023818206787109375e+01,2.719119453430175781e+01
-9.024087524414062500e+01,2.719904518127441406e+01
-9.023975372314453125e+01,2.719510650634765625e+01
-9.024030303955078125e+01,2.719442558288574219e+01
-9.024396514892578125e+01,2.719993591308593750e+01
-9.024118804931640625e+01,2.720114135742187500e+01
-9.024481964111328125e+01,2.719779396057128906e+01
-9.023908996582031250e+01,2.720116043090820312e+01
-9.024013519287109375e+01,2.719138526916503906e+01
-9.024216461181640625e+01,2.719410705566406250e+01
-9.024006652832031250e+01,2.719837760925292969e+01
-9.024075317382812500e+01,2.719271659851074219e+01
-9.024549102783203125e+01,2.719630813598632812e+01
-9.024021911621093750e+01,2.719464874267578125e+01
-9.024630737304687500e+01,2.719510459899902344e+01
-9.023399353027343750e+01,2.719297218322753906e+01
-9.023906707763671875e+01,2.719164085388183594e+01
-9.023304748535156250e+01,2.719279479980468750e+01
-9.024378204345703125e+01,2.719120025634765625e+01
-9.024478912353515625e+01,2.719982719421386719e+01
-9.023429870605468750e+01,2.719263648986816406e+01
-9.024439239501953125e+01,2.720039939880371094e+01
-9.023916625976562500e+01,2.719333648681640625e+01
-9.024588775634765625e+01,2.719639205932617188e+01
-9.024406433105468750e+01,2.720051574707031250e+01
-9.024610137939453125e+01,2.719693756103515625e+01
-9.023970794677734375e+01,2.719935417175292969e+01
-9.024484252929687500e+01,2.719832038879394531e+01
-9.024582672119140625e+01,2.719755554199218750e+01
-9.024095153808593750e+01,2.718995094299316406e+01
-9.024134063720703125e+01,2.719891166687011719e+01
-9.024118804931640625e+01,2.718819808959960938e+01
-9.023806762695312500e+01,2.719248580932617188e+01
-9.024297332763671875e+01,2.719462013244628906e+01
-9.024003601074218750e+01,2.719866180419921875e+01
-9.023739624023437500e+01,2.719437217712402344e+01
-9.024283599853515625e+01,2.719065666198730469e+01
-9.023779296875000000e+01,2.719175910949707031e+01
-9.023487091064453125e+01,2.719308090209960938e+01
-9.024327850341796875e+01,2.719154548645019531e+01
-9.024626922607421875e+01,2.719552421569824219e+01
-9.024129486083984375e+01,2.719150352478027344e+01
-9.024596405029296875e+01,2.719825935363769531e+01
-9.023395538330078125e+01,2.719394111633300781e+01
-9.024373626708984375e+01,2.719085311889648438e+01
-9.023751831054687500e+01,2.719194984436035156e+01
-9.024257659912109375e+01,2.719915008544921875e+01
-9.023974609375000000e+01,2.719534111022949219e+01
-9.023401641845703125e+01,2.719277763366699219e+01
-9.024789428710937500e+01,2.719660377502441406e+01
-9.024036407470703125e+01,2.719658279418945312e+01
-9.024267578125000000e+01,2.719896125793457031e+01
-9.024044036865234375e+01,2.718790435791015625e+01
-9.024144744873046875e+01,2.719485092163085938e+01
-9.024424743652343750e+01,2.719675445556640625e+01
-9.024440765380859375e+01,2.719314956665039062e+01
-9.024188232421875000e+01,2.719982910156250000e+01
-9.024594879150390625e+01,2.719394111633300781e+01
-9.024192047119140625e+01,2.720030593872070312e+01
-9.024140167236328125e+01,2.719310951232910156e+01
-9.024141693115234375e+01,2.719135665893554688e+01
-9.024150085449218750e+01,2.719785881042480469e+01
-9.024278259277343750e+01,2.719195365905761719e+01
-9.024207305908203125e+01,2.719786643981933594e+01
-9.024185943603515625e+01,2.719801139831542969e+01
-9.024498748779296875e+01,2.719540023803710938e+01
-9.023982238769531250e+01,2.719790458679199219e+01
-9.024149322509765625e+01,2.720018577575683594e+01
-9.024494171142578125e+01,2.719502067565917969e+01
-9.024730682373046875e+01,2.719856071472167969e+01
-9.024536895751953125e+01,2.719671630859375000e+01
-9.024486541748046875e+01,2.719692802429199219e+01
-9.023550415039062500e+01,2.719143867492675781e+01
-9.024541473388671875e+01,2.719580650329589844e+01
-9.024150085449218750e+01,2.719553947448730469e+01
-9.024765777587890625e+01,2.719762802124023438e+01
-9.024707794189453125e+01,2.719885826110839844e+01
-9.024369049072265625e+01,2.719469833374023438e+01
-9.024523925781250000e+01,2.720017814636230469e+01
-9.024476623535156250e+01,2.719190979003906250e+01
-9.024261474609375000e+01,2.719668388366699219e+01
-9.023867797851562500e+01,2.719996643066406250e+01
-9.024314880371093750e+01,2.720102310180664062e+01
-9.024504852294921875e+01,2.719305610656738281e+01
-9.024663543701171875e+01,2.719365310668945312e+01
-9.024340820312500000e+01,2.719603919982910156e+01
-9.024470520019531250e+01,2.720042037963867188e+01
-9.024018859863281250e+01,2.719295501708984375e+01
-9.024195098876953125e+01,2.719212532043457031e+01
-9.024034118652343750e+01,2.718888854980468750e+01
-9.024244689941406250e+01,2.719746780395507812e+01
-9.024211883544921875e+01,2.719007682800292969e+01
-9.024174499511718750e+01,2.718770790100097656e+01
-9.024222564697265625e+01,2.720156478881835938e+01
-9.024291229248046875e+01,2.719318199157714844e+01
-9.024542236328125000e+01,2.719665336608886719e+01
-9.024330139160156250e+01,2.719183731079101562e+01
-9.024532318115234375e+01,2.719261932373046875e+01
-9.024570465087890625e+01,2.719931602478027344e+01
-9.024549865722656250e+01,2.719915199279785156e+01
-9.024670410156250000e+01,2.719725036621093750e+01
-9.023914337158203125e+01,2.720032882690429688e+01
-9.023648834228515625e+01,2.719411277770996094e+01
-9.024176025390625000e+01,2.718895339965820312e+01
-9.024370574951171875e+01,2.719165229797363281e+01
-9.024791717529296875e+01,2.719690513610839844e+01
-9.024217224121093750e+01,2.719665908813476562e+01
-9.024091339111328125e+01,2.719082641601562500e+01
-9.024394989013671875e+01,2.719163894653320312e+01
-9.024321746826171875e+01,2.719184112548828125e+01
-9.023787689208984375e+01,2.719110298156738281e+01
-9.024773406982421875e+01,2.719557762145996094e+01
-9.024222564697265625e+01,2.718858337402343750e+01
-9.024321746826171875e+01,2.719805908203125000e+01
-9.024432373046875000e+01,2.719577407836914062e+01
-9.024487304687500000e+01,2.719627571105957031e+01
-9.023825073242187500e+01,2.719231414794921875e+01
-9.024166870117187500e+01,2.719237518310546875e+01
-9.023464202880859375e+01,2.719199752807617188e+01
-9.024170684814453125e+01,2.718916702270507812e+01
-9.023873901367187500e+01,2.719292259216308594e+01
-9.023822784423828125e+01,2.719373512268066406e+01
-9.024465942382812500e+01,2.719440460205078125e+01
-9.024494171142578125e+01,2.719728660583496094e+01
-9.024346160888671875e+01,2.719745826721191406e+01
-9.023744201660156250e+01,2.719411659240722656e+01
-9.023506927490234375e+01,2.719184112548828125e+01
-9.024074554443359375e+01,2.718878555297851562e+01
-9.024128723144531250e+01,2.719795036315917969e+01
-9.024365234375000000e+01,2.719826507568359375e+01
-9.024404144287109375e+01,2.719382476806640625e+01
-9.024507141113281250e+01,2.719350242614746094e+01
-9.024290466308593750e+01,2.720146942138671875e+01
-9.024055480957031250e+01,2.718955612182617188e+01
-9.023358917236328125e+01,2.719274520874023438e+01
-9.023996734619140625e+01,2.719774818420410156e+01
-9.024053955078125000e+01,2.719895172119140625e+01
-9.024073791503906250e+01,2.719861984252929688e+01
-9.024408721923828125e+01,2.719254493713378906e+01
-9.024061584472656250e+01,2.719320106506347656e+01
-9.023989868164062500e+01,2.720167922973632812e+01
-9.024043273925781250e+01,2.719563102722167969e+01
-9.024234771728515625e+01,2.719550132751464844e+01
-9.024529266357421875e+01,2.719789123535156250e+01
-9.023825073242187500e+01,2.719165229797363281e+01
-9.024369049072265625e+01,2.719742012023925781e+01
-9.024312591552734375e+01,2.719168281555175781e+01
-9.024309539794921875e+01,2.719804191589355469e+01
-9.024691772460937500e+01,2.719858551025390625e+01
-9.024666595458984375e+01,2.719782257080078125e+01
-9.024548339843750000e+01,2.719604110717773438e+01
-9.024225616455078125e+01,2.719323158264160156e+01
-9.023894500732421875e+01,2.719595527648925781e+01
-9.024047088623046875e+01,2.719242095947265625e+01
-9.024146270751953125e+01,2.720164489746093750e+01
-9.024285888671875000e+01,2.719018745422363281e+01
-9.023872375488281250e+01,2.719366455078125000e+01
-9.023258209228515625e+01,2.719236755371093750e+01
-9.024326324462890625e+01,2.719067573547363281e+01
-9.023965454101562500e+01,2.719362640380859375e+01
-9.023876190185546875e+01,2.719635391235351562e+01
-9.023979949951171875e+01,2.719075965881347656e+01
-9.024182128906250000e+01,2.719705200195312500e+01
-9.024440765380859375e+01,2.719350051879882812e+01
-9.024429321289062500e+01,2.719842529296875000e+01
-9.023923492431640625e+01,2.720066452026367188e+01
-9.024215698242187500e+01,2.719509506225585938e+01
-9.024026489257812500e+01,2.718835067749023438e+01
-9.023455810546875000e+01,2.719434165954589844e+01
-9.024487304687500000e+01,2.719995498657226562e+01
-9.024234771728515625e+01,2.718899345397949219e+01
-9.023983764648437500e+01,2.719469642639160156e+01
-9.023964691162109375e+01,2.719123458862304688e+01
-9.024629974365234375e+01,2.719730949401855469e+01
-9.023916625976562500e+01,2.720043182373046875e+01
-9.024586486816406250e+01,2.719468116760253906e+01
-9.024287414550781250e+01,2.719739532470703125e+01
-9.024303436279296875e+01,2.720073890686035156e+01
-9.024362182617187500e+01,2.719523239135742188e+01
-9.023523712158203125e+01,2.719261932373046875e+01
-9.024597930908203125e+01,2.719903373718261719e+01
-9.024071502685546875e+01,2.719638824462890625e+01
-9.024465179443359375e+01,2.719561004638671875e+01
-9.024596405029296875e+01,2.719838714599609375e+01
-9.024587249755859375e+01,2.719474792480468750e+01
-9.024664306640625000e+01,2.719359779357910156e+01
-9.024476623535156250e+01,2.720048904418945312e+01
-9.023628234863281250e+01,2.719140625000000000e+01
-9.024282073974609375e+01,2.718975448608398438e+01
-9.024007415771484375e+01,2.718953704833984375e+01
-9.024528503417968750e+01,2.719246864318847656e+01
-9.024729156494140625e+01,2.719608306884765625e+01
-9.024767303466796875e+01,2.719668769836425781e+01
-9.024402618408203125e+01,2.719394302368164062e+01
-9.024399566650390625e+01,2.719875335693359375e+01
-9.024201965332031250e+01,2.719787979125976562e+01
-9.023487091064453125e+01,2.719284629821777344e+01
-9.024644470214843750e+01,2.719502449035644531e+01
-9.023691558837890625e+01,2.719481086730957031e+01
-9.023939514160156250e+01,2.719304656982421875e+01
-9.023916625976562500e+01,2.719456672668457031e+01
-9.024313354492187500e+01,2.719764900207519531e+01
-9.024125671386718750e+01,2.719891357421875000e+01
-9.023742675781250000e+01,2.719425010681152344e+01
-9.024752044677734375e+01,2.719737243652343750e+01
-9.023381042480468750e+01,2.719233703613281250e+01
-9.024117279052734375e+01,2.719296646118164062e+01
-9.024292755126953125e+01,2.719579887390136719e+01
-9.023589324951171875e+01,2.719110107421875000e+01
-9.023281860351562500e+01,2.719191551208496094e+01
-9.024148559570312500e+01,2.719121551513671875e+01
-9.023723602294921875e+01,2.719355010986328125e+01
-9.024111175537109375e+01,2.720108604431152344e+01
-9.024333953857421875e+01,2.719924926757812500e+01
-9.024166870117187500e+01,2.719954299926757812e+01
-9.023387908935546875e+01,2.719305038452148438e+01
-9.024390411376953125e+01,2.719173622131347656e+01
-9.024419403076171875e+01,2.719948387145996094e+01
-9.023937225341796875e+01,2.719086074829101562e+01
-9.023259735107421875e+01,2.719241905212402344e+01
-9.024290466308593750e+01,2.719182968139648438e+01
-9.023592376708984375e+01,2.719117164611816406e+01
-9.024014282226562500e+01,2.719602584838867188e+01
-9.024220275878906250e+01,2.719738197326660156e+01
-9.024485778808593750e+01,2.719644927978515625e+01
-9.023986053466796875e+01,2.719754219055175781e+01
-9.024423980712890625e+01,2.719752693176269531e+01
-9.023960113525390625e+01,2.719905090332031250e+01
-9.024569702148437500e+01,2.719395446777343750e+01
-9.024283599853515625e+01,2.719700050354003906e+01
-9.023728942871093750e+01,2.719379234313964844e+01
-9.024475860595703125e+01,2.719400215148925781e+01
-9.023896026611328125e+01,2.719599151611328125e+01
-9.024214935302734375e+01,2.719768333435058594e+01
-9.024327087402343750e+01,2.719664001464843750e+01
-9.024329376220703125e+01,2.719186592102050781e+01
-9.024234771728515625e+01,2.720141601562500000e+01
-9.024615478515625000e+01,2.719605255126953125e+01
-9.023960113525390625e+01,2.719910049438476562e+01
-9.024382781982421875e+01,2.719749832153320312e+01
-9.023563385009765625e+01,2.719408416748046875e+01
-9.024547576904296875e+01,2.719382667541503906e+01
-9.024469757080078125e+01,2.720052719116210938e+01
-9.024005126953125000e+01,2.720159339904785156e+01
-9.024453735351562500e+01,2.719360542297363281e+01
-9.023992919921875000e+01,2.720044708251953125e+01
-9.024031066894531250e+01,2.719265556335449219e+01
-9.023916625976562500e+01,2.719926071166992188e+01
-9.024221801757812500e+01,2.720009613037109375e+01
-9.024164581298828125e+01,2.719831466674804688e+01
-9.024184417724609375e+01,2.719877624511718750e+01
-9.023913574218750000e+01,2.719628334045410156e+01
-9.024279022216796875e+01,2.719588470458984375e+01
-9.023593139648437500e+01,2.719279861450195312e+01
-9.024185943603515625e+01,2.720004653930664062e+01
-9.024581909179687500e+01,2.719469451904296875e+01
-9.024552917480468750e+01,2.719880485534667969e+01
-9.024635314941406250e+01,2.719399261474609375e+01
-9.024324798583984375e+01,2.719195365905761719e+01
-9.023777008056640625e+01,2.719393920898437500e+01
-9.023584747314453125e+01,2.719206047058105469e+01
-9.023818969726562500e+01,2.720037269592285156e+01
-9.024597930908203125e+01,2.719845390319824219e+01
-9.024206542968750000e+01,2.718871688842773438e+01
-9.024424743652343750e+01,2.719710350036621094e+01
-9.024672698974609375e+01,2.719369125366210938e+01
-9.023799133300781250e+01,2.719981765747070312e+01
-9.024514007568359375e+01,2.719687843322753906e+01
-9.024107360839843750e+01,2.718900108337402344e+01
-9.023849487304687500e+01,2.719881629943847656e+01
-9.023796844482421875e+01,2.719177436828613281e+01
-9.024037933349609375e+01,2.718864250183105469e+01
-9.023973846435546875e+01,2.719190788269042969e+01
-9.023911285400390625e+01,2.720054054260253906e+01
-9.024140167236328125e+01,2.719465827941894531e+01
-9.024755859375000000e+01,2.719806098937988281e+01
-9.024480438232421875e+01,2.719229888916015625e+01
-9.023935699462890625e+01,2.720089149475097656e+01
-9.024668121337890625e+01,2.719904899597167969e+01
-9.024698638916015625e+01,2.719770240783691406e+01
-9.024404907226562500e+01,2.719248199462890625e+01
-9.024491119384765625e+01,2.719713973999023438e+01
-9.024210357666015625e+01,2.720137977600097656e+01
-9.023642730712890625e+01,2.719379997253417969e+01
-9.024493408203125000e+01,2.719317245483398438e+01
-9.024642944335937500e+01,2.719746208190917969e+01
-9.024303436279296875e+01,2.719208145141601562e+01
-9.024274444580078125e+01,2.719809532165527344e+01
-9.023911285400390625e+01,2.719639587402343750e+01
-9.023919677734375000e+01,2.719118499755859375e+01
-9.024021911621093750e+01,2.719988632202148438e+01
-9.024829101562500000e+01,2.719577026367187500e+01
-9.023510742187500000e+01,2.719108200073242188e+01
-9.023741912841796875e+01,2.719423866271972656e+01
-9.024205780029296875e+01,2.720152473449707031e+01
-9.024696350097656250e+01,2.719402885437011719e+01
-9.024496459960937500e+01,2.720035171508789062e+01
-9.024198150634765625e+01,2.719892883300781250e+01
-9.023811340332031250e+01,2.720047569274902344e+01
-9.024214935302734375e+01,2.720031738281250000e+01
-9.024060821533203125e+01,2.720112800598144531e+01
-9.024164581298828125e+01,2.720185279846191406e+01
-9.024587249755859375e+01,2.719789314270019531e+01
-9.024312591552734375e+01,2.719936180114746094e+01
-9.023297882080078125e+01,2.719254112243652344e+01
-9.024031066894531250e+01,2.719260787963867188e+01
-9.023473358154296875e+01,2.719220542907714844e+01
-9.024553680419921875e+01,2.719305038452148438e+01
-9.024085235595703125e+01,2.719096565246582031e+01
-9.024390411376953125e+01,2.719360923767089844e+01
-9.024474334716796875e+01,2.719475936889648438e+01
-9.024420928955078125e+01,2.719935035705566406e+01
-9.023718261718750000e+01,2.719127845764160156e+01
-9.023685455322265625e+01,2.719371795654296875e+01
-9.024172973632812500e+01,2.719865417480468750e+01
-9.024330902099609375e+01,2.719594764709472656e+01
-9.024137878417968750e+01,2.719738578796386719e+01
-9.023641967773437500e+01,2.719312286376953125e+01
-9.023968505859375000e+01,2.720107650756835938e+01
-9.024385833740234375e+01,2.719608497619628906e+01
-9.024314880371093750e+01,2.719013977050781250e+01
-9.024664306640625000e+01,2.719533538818359375e+01
-9.024414062500000000e+01,2.719920349121093750e+01
-9.023277282714843750e+01,2.719155883789062500e+01
-9.024088287353515625e+01,2.719078826904296875e+01
-9.024229431152343750e+01,2.719005012512207031e+01
-9.023570251464843750e+01,2.719153404235839844e+01
-9.023884582519531250e+01,2.719384956359863281e+01
-9.023943328857421875e+01,2.719919395446777344e+01
-9.024513244628906250e+01,2.719849777221679688e+01
-9.024391174316406250e+01,2.719173049926757812e+01
-9.023961639404296875e+01,2.719271278381347656e+01
-9.024595642089843750e+01,2.719929885864257812e+01
-9.024422454833984375e+01,2.719680976867675781e+01
-9.024645996093750000e+01,2.719383049011230469e+01
-9.024138641357421875e+01,2.719912147521972656e+01
-9.023974609375000000e+01,2.719313240051269531e+01
-9.024459075927734375e+01,2.719370651245117188e+01
-9.024191284179687500e+01,2.719140243530273438e+01
-9.024185943603515625e+01,2.719645500183105469e+01
-9.024006652832031250e+01,2.719146156311035156e+01
-9.024720764160156250e+01,2.719621658325195312e+01
-9.024334716796875000e+01,2.719134140014648438e+01
-9.024121093750000000e+01,2.720196723937988281e+01
-9.023800659179687500e+01,2.719962882995605469e+01
-9.024342346191406250e+01,2.719915390014648438e+01
-9.024588012695312500e+01,2.719598770141601562e+01
-9.024089050292968750e+01,2.719113922119140625e+01
-9.023538970947265625e+01,2.719446563720703125e+01
-9.024150085449218750e+01,2.719640922546386719e+01
-9.024767303466796875e+01,2.719751930236816406e+01
-9.023513793945312500e+01,2.719113540649414062e+01
-9.024819183349609375e+01,2.719560623168945312e+01
-9.024089050292968750e+01,2.719353866577148438e+01
-9.024238586425781250e+01,2.719816017150878906e+01
-9.024710083007812500e+01,2.719675064086914062e+01
-9.024076843261718750e+01,2.719338417053222656e+01
-9.024060058593750000e+01,2.719331550598144531e+01
-9.024027252197265625e+01,2.719427490234375000e+01
-9.024548339843750000e+01,2.719568443298339844e+01
-9.023922729492187500e+01,2.719490242004394531e+01
-9.024295043945312500e+01,2.719035148620605469e+01
-9.024477386474609375e+01,2.719388198852539062e+01
-9.024578094482421875e+01,2.719490814208984375e+01
-9.024569702148437500e+01,2.719496345520019531e+01
-9.024172973632812500e+01,2.719382858276367188e+01
-9.023961639404296875e+01,2.719498825073242188e+01
-9.023562622070312500e+01,2.719143104553222656e+01
-9.024138641357421875e+01,2.719380378723144531e+01
-9.024428558349609375e+01,2.719104385375976562e+01
-9.024064636230468750e+01,2.718898963928222656e+01
-9.024106597900390625e+01,2.719141769409179688e+01
-9.024152374267578125e+01,2.719059371948242188e+01
-9.024118041992187500e+01,2.719149398803710938e+01
-9.024463653564453125e+01,2.719464492797851562e+01
-9.023558044433593750e+01,2.719139099121093750e+01
-9.024553680419921875e+01,2.719796943664550781e+01
-9.023586273193359375e+01,2.719285011291503906e+01
-9.024147796630859375e+01,2.719318008422851562e+01
-9.023488616943359375e+01,2.719213104248046875e+01
-9.023383331298828125e+01,2.719288825988769531e+01
-9.024226379394531250e+01,2.719982147216796875e+01
-9.024439239501953125e+01,2.719141960144042969e+01
-9.024121093750000000e+01,2.719126319885253906e+01
-9.023856353759765625e+01,2.719541358947753906e+01
-9.024140930175781250e+01,2.720006370544433594e+01
-9.024796295166015625e+01,2.719715499877929688e+01
-9.024282073974609375e+01,2.720114326477050781e+01
-9.024420166015625000e+01,2.720059394836425781e+01
-9.023984527587890625e+01,2.718996047973632812e+01
-9.023738098144531250e+01,2.719267082214355469e+01
-9.023616790771484375e+01,2.719396781921386719e+01
-9.023474884033203125e+01,2.719296646118164062e+01
-9.024758911132812500e+01,2.719863891601562500e+01
-9.024194335937500000e+01,2.718781661987304688e+01
-9.023902893066406250e+01,2.719709396362304688e+01
-9.024825286865234375e+01,2.719781112670898438e+01
-9.024625396728515625e+01,2.719787597656250000e+01
-9.024126434326171875e+01,2.719906044006347656e+01
-9.024095916748046875e+01,2.719800949096679688e+01
-9.023311614990234375e+01,2.719228172302246094e+01
-9.023901367187500000e+01,2.720153236389160156e+01
-9.024211120605468750e+01,2.719430160522460938e+01
-9.023936462402343750e+01,2.719180107116699219e+01
-9.024555206298828125e+01,2.719993400573730469e+01
-9.024716186523437500e+01,2.719813537597656250e+01
-9.023897552490234375e+01,2.719934654235839844e+01
-9.024418640136718750e+01,2.719459152221679688e+01
-9.024573516845703125e+01,2.719742012023925781e+01
-9.023329162597656250e+01,2.719286346435546875e+01
-9.024349212646484375e+01,2.719018173217773438e+01
-9.023279571533203125e+01,2.719248962402343750e+01
-9.024198913574218750e+01,2.719921875000000000e+01
-9.024263000488281250e+01,2.719885253906250000e+01
-9.024214172363281250e+01,2.719199180603027344e+01
-9.024085235595703125e+01,2.719296455383300781e+01
-9.023979949951171875e+01,2.719651031494140625e+01
-9.024201202392578125e+01,2.719833564758300781e+01
-9.023346710205078125e+01,2.719217872619628906e+01
-9.024022674560546875e+01,2.719305419921875000e+01
-9.024419403076171875e+01,2.719495964050292969e+01
-9.023954772949218750e+01,2.720011901855468750e+01
-9.024093627929687500e+01,2.719417953491210938e+01
-9.024467468261718750e+01,2.719675445556640625e+01
-9.024143981933593750e+01,2.719685554504394531e+01
-9.024179077148437500e+01,2.719295501708984375e+01
-9.024253082275390625e+01,2.719498634338378906e+01
-9.023468780517578125e+01,2.719289398193359375e+01
-9.024748992919921875e+01,2.719645500183105469e+01
-9.024215698242187500e+01,2.720162010192871094e+01
-9.024195861816406250e+01,2.719641494750976562e+01
-9.024371337890625000e+01,2.719147300720214844e+01
-9.024224853515625000e+01,2.719184875488281250e+01
-9.024100494384765625e+01,2.719072914123535156e+01
-9.023980712890625000e+01,2.719253540039062500e+01
-9.023830413818359375e+01,2.719377517700195312e+01
-9.024098968505859375e+01,2.718993759155273438e+01
-9.023487854003906250e+01,2.719187355041503906e+01
-9.024050140380859375e+01,2.719732856750488281e+01
-9.023358154296875000e+01,2.719119834899902344e+01
-9.024273681640625000e+01,2.719425010681152344e+01
-9.024082183837890625e+01,2.719115638732910156e+01
-9.024689483642578125e+01,2.719516944885253906e+01
-9.024097442626953125e+01,2.720034980773925781e+01
-9.024521636962890625e+01,2.719809532165527344e+01
-9.024736785888671875e+01,2.719886589050292969e+01
-9.024507904052734375e+01,2.719342994689941406e+01
-9.024476623535156250e+01,2.720027160644531250e+01
-9.023877716064453125e+01,2.719549560546875000e+01
-9.023561096191406250e+01,2.719303321838378906e+01
-9.023573303222656250e+01,2.719460487365722656e+01
-9.023468780517578125e+01,2.719119453430175781e+01
-9.024697113037109375e+01,2.719514274597167969e+01
-9.023741912841796875e+01,2.719349288940429688e+01
-9.024248504638671875e+01,2.719707489013671875e+01
-9.023526000976562500e+01,2.719318389892578125e+01
-9.023652648925781250e+01,2.719320678710937500e+01
-9.023670196533203125e+01,2.719090080261230469e+01
-9.024341583251953125e+01,2.719151687622070312e+01
-9.024176788330078125e+01,2.718876838684082031e+01
-9.024156188964843750e+01,2.719256210327148438e+01
-9.024736022949218750e+01,2.719786262512207031e+01
-9.024607849121093750e+01,2.719747161865234375e+01
-9.024074554443359375e+01,2.719961357116699219e+01
-9.023883819580078125e+01,2.719783782958984375e+01
-9.024053955078125000e+01,2.720118522644042969e+01
-9.023819732666015625e+01,2.720014572143554688e+01
-9.024720764160156250e+01,2.719829177856445312e+01
-9.023983001708984375e+01,2.720178031921386719e+01
-9.024515533447265625e+01,2.719209861755371094e+01
-9.024343109130859375e+01,2.719052124023437500e+01
-9.024676513671875000e+01,2.719388580322265625e+01
-9.023551177978515625e+01,2.719296646118164062e+01
-9.024196624755859375e+01,2.719295310974121094e+01
-9.024124908447265625e+01,2.720139122009277344e+01
-9.023361968994140625e+01,2.719384765625000000e+01
-9.024279785156250000e+01,2.719071388244628906e+01
-9.023814392089843750e+01,2.720017814636230469e+01
-9.024346160888671875e+01,2.719867897033691406e+01
-9.023576354980468750e+01,2.719300651550292969e+01
-9.024485015869140625e+01,2.719558334350585938e+01
-9.023892974853515625e+01,2.719528198242187500e+01
-9.024298095703125000e+01,2.719270896911621094e+01
-9.023542022705078125e+01,2.719332313537597656e+01
-9.024085998535156250e+01,2.719092178344726562e+01
-9.024099731445312500e+01,2.720123863220214844e+01
-9.023690795898437500e+01,2.719308090209960938e+01
-9.023662567138671875e+01,2.719196319580078125e+01
-9.023489379882812500e+01,2.719300842285156250e+01
-9.024703979492187500e+01,2.719481468200683594e+01
-9.023736572265625000e+01,2.719379806518554688e+01
-9.024675750732421875e+01,2.719698905944824219e+01
-9.024047851562500000e+01,2.719931411743164062e+01
-9.023705291748046875e+01,2.719105339050292969e+01
-9.023989868164062500e+01,2.719605636596679688e+01
-9.024549102783203125e+01,2.719335746765136719e+01
-9.024524688720703125e+01,2.719677162170410156e+01
-9.024103546142578125e+01,2.719902610778808594e+01
-9.024045562744140625e+01,2.720040893554687500e+01
-9.023963165283203125e+01,2.719751739501953125e+01
-9.024388885498046875e+01,2.720022201538085938e+01
-9.024528503417968750e+01,2.719517898559570312e+01
-9.024568176269531250e+01,2.719393920898437500e+01
-9.023852539062500000e+01,2.719997215270996094e+01
-9.023487091064453125e+01,2.719432640075683594e+01
-9.024409484863281250e+01,2.719378471374511719e+01
-9.024135589599609375e+01,2.719634437561035156e+01
-9.023545837402343750e+01,2.719412803649902344e+01
-9.023522949218750000e+01,2.719366073608398438e+01
-9.024493408203125000e+01,2.719724845886230469e+01
-9.023928070068359375e+01,2.719187545776367188e+01
-9.024065399169921875e+01,2.718790245056152344e+01
-9.024417114257812500e+01,2.719435310363769531e+01
-9.024198913574218750e+01,2.719495773315429688e+01
-9.023451232910156250e+01,2.719153594970703125e+01
-9.024855041503906250e+01,2.719657516479492188e+01
-9.024037170410156250e+01,2.719887924194335938e+01
-9.024610137939453125e+01,2.719339561462402344e+01
-9.024106597900390625e+01,2.719429397583007812e+01
-9.024195098876953125e+01,2.719060516357421875e+01
-9.024073028564453125e+01,2.719445800781250000e+01
-9.024221801757812500e+01,2.719382667541503906e+01
-9.024411773681640625e+01,2.719240188598632812e+01
-9.024066925048828125e+01,2.719066810607910156e+01
-9.024074554443359375e+01,2.719110870361328125e+01
-9.024315643310546875e+01,2.719956779479980469e+01
-9.024810791015625000e+01,2.719571495056152344e+01
-9.024202728271484375e+01,2.720069885253906250e+01
-9.023834991455078125e+01,2.719146919250488281e+01
-9.024518585205078125e+01,2.719998550415039062e+01
-9.024559020996093750e+01,2.719652175903320312e+01
-9.023986053466796875e+01,2.719668579101562500e+01
-9.024591064453125000e+01,2.719940948486328125e+01
-9.023320770263671875e+01,2.719207763671875000e+01
-9.024558258056640625e+01,2.719256401062011719e+01
-9.024188995361328125e+01,2.718850135803222656e+01
-9.024227905273437500e+01,2.719636726379394531e+01
-9.024474334716796875e+01,2.719556045532226562e+01
-9.024169921875000000e+01,2.719968223571777344e+01
-9.024193572998046875e+01,2.719948005676269531e+01
-9.024109649658203125e+01,2.719228935241699219e+01
-9.023492431640625000e+01,2.719315910339355469e+01
-9.023541259765625000e+01,2.719184112548828125e+01
-9.024251556396484375e+01,2.719590377807617188e+01
-9.023897552490234375e+01,2.719153785705566406e+01
-9.024372100830078125e+01,2.719895172119140625e+01
-9.024562072753906250e+01,2.719795608520507812e+01
-9.023973083496093750e+01,2.719512176513671875e+01
-9.024337005615234375e+01,2.719062614440917969e+01
-9.023683166503906250e+01,2.719089508056640625e+01
-9.024455261230468750e+01,2.719577217102050781e+01
-9.023516845703125000e+01,2.719315528869628906e+01
-9.024497222900390625e+01,2.719252967834472656e+01
-9.024787902832031250e+01,2.719623374938964844e+01
-9.024072265625000000e+01,2.719336891174316406e+01
-9.024730682373046875e+01,2.719605445861816406e+01
-9.023821258544921875e+01,2.719264602661132812e+01
-9.023532867431640625e+01,2.719189071655273438e+01
-9.023450469970703125e+01,2.719183349609375000e+01
-9.024565887451171875e+01,2.719725036621093750e+01
-9.023871612548828125e+01,2.720032119750976562e+01
-9.024010467529296875e+01,2.719038200378417969e+01
-9.024157714843750000e+01,2.719876861572265625e+01
-9.024162292480468750e+01,2.719801139831542969e+01
-9.023894500732421875e+01,2.719664382934570312e+01
-9.024372100830078125e+01,2.719210052490234375e+01
-9.024804687500000000e+01,2.719567298889160156e+01
-9.024198150634765625e+01,2.719127655029296875e+01
-9.024028778076171875e+01,2.718862533569335938e+01
-9.024303436279296875e+01,2.719137954711914062e+01
-9.024785614013671875e+01,2.719593620300292969e+01
-9.023987579345703125e+01,2.719723510742187500e+01
-9.024371337890625000e+01,2.719270133972167969e+01
-9.024280548095703125e+01,2.719923210144042969e+01
-9.023901367187500000e+01,2.719308090209960938e+01
-9.024338531494140625e+01,2.719470787048339844e+01
-9.024095153808593750e+01,2.718783187866210938e+01
-9.024700927734375000e+01,2.719884300231933594e+01
-9.023374176025390625e+01,2.719209861755371094e+01
-9.024482727050781250e+01,2.719778633117675781e+01
-9.024205017089843750e+01,2.719400596618652344e+01
-9.024261474609375000e+01,2.719709205627441406e+01
-9.024798583984375000e+01,2.719615554809570312e+01
-9.024236297607421875e+01,2.720031547546386719e+01
-9.023389434814453125e+01,2.719107437133789062e+01
-9.024205780029296875e+01,2.720064735412597656e+01
-9.023990631103515625e+01,2.719865226745605469e+01
-9.024138641357421875e+01,2.720034790039062500e+01
-9.023871612548828125e+01,2.719911956787109375e+01
-9.024707031250000000e+01,2.719530487060546875e+01
-9.024090576171875000e+01,2.719994926452636719e+01
-9.024497985839843750e+01,2.719215393066406250e+01
-9.024017333984375000e+01,2.718996810913085938e+01
-9.024263763427734375e+01,2.719313049316406250e+01
-9.024422454833984375e+01,2.719924736022949219e+01
-9.024357604980468750e+01,2.719783210754394531e+01
-9.024074554443359375e+01,2.718876838684082031e+01
-9.024488830566406250e+01,2.719784355163574219e+01
-9.024443817138671875e+01,2.719983100891113281e+01
-9.024827575683593750e+01,2.719621849060058594e+01
-9.024269866943359375e+01,2.719296073913574219e+01
-9.024529266357421875e+01,2.719826507568359375e+01
-9.024812316894531250e+01,2.719716453552246094e+01
-9.023431396484375000e+01,2.719406318664550781e+01
-9.024375915527343750e+01,2.719914054870605469e+01
-9.024432373046875000e+01,2.719725418090820312e+01
-9.024501037597656250e+01,2.719737625122070312e+01
-9.024366760253906250e+01,2.719485092163085938e+01
-9.023577117919921875e+01,2.719380378723144531e+01
-9.024236297607421875e+01,2.719305992126464844e+01
-9.024207305908203125e+01,2.720091629028320312e+01
-9.024525451660156250e+01,2.719667625427246094e+01
-9.024577331542968750e+01,2.719898605346679688e+01
-9.023888397216796875e+01,2.719265937805175781e+01
-9.023697662353515625e+01,2.719394683837890625e+01
-9.024016571044921875e+01,2.719397926330566406e+01
-9.024428558349609375e+01,2.719584083557128906e+01
-9.023979187011718750e+01,2.719884300231933594e+01
-9.024232482910156250e+01,2.719199943542480469e+01
-9.024263000488281250e+01,2.720042419433593750e+01
-9.023929595947265625e+01,2.719643974304199219e+01
-9.023988342285156250e+01,2.719975280761718750e+01
-9.024625396728515625e+01,2.719738388061523438e+01
-9.024560546875000000e+01,2.719347000122070312e+01
-9.024202728271484375e+01,2.719065666198730469e+01
-9.024532318115234375e+01,2.719951629638671875e+01
-9.024243164062500000e+01,2.719508743286132812e+01
-9.023783874511718750e+01,2.719114875793457031e+01
-9.024719238281250000e+01,2.719834899902343750e+01
-9.024021911621093750e+01,2.719837570190429688e+01
-9.024195098876953125e+01,2.719917678833007812e+01
-9.024098205566406250e+01,2.720024681091308594e+01
-9.024442291259765625e+01,2.720077133178710938e+01
-9.024479675292968750e+01,2.719606208801269531e+01
-9.024134826660156250e+01,2.719497489929199219e+01
-9.023946380615234375e+01,2.719122695922851562e+01
-9.023985290527343750e+01,2.719472312927246094e+01
-9.024714660644531250e+01,2.719827079772949219e+01
-9.023413848876953125e+01,2.719198799133300781e+01
-9.024274444580078125e+01,2.719400024414062500e+01
-9.023848724365234375e+01,2.719433975219726562e+01
-9.024473571777343750e+01,2.719299697875976562e+01
-9.023886108398437500e+01,2.719836616516113281e+01
-9.024092864990234375e+01,2.719958496093750000e+01
-9.024716186523437500e+01,2.719895362854003906e+01
-9.024085235595703125e+01,2.719714927673339844e+01
-9.023400115966796875e+01,2.719296073913574219e+01
-9.023985290527343750e+01,2.719782829284667969e+01
-9.024019622802734375e+01,2.719409751892089844e+01
