longitude,latitude
-9.025025177001953125e+01,2.720156288146972656e+01
-9.025087738037109375e+01,2.720077133178710938e+01
-9.025188446044921875e+01,2.720053291320800781e+01
-9.025038146972656250e+01,2.720073890686035156e+01
-9.025075531005859375e+01,2.720173454284667969e+01
-9.025059509277343750e+01,2.720026397705078125e+01
-9.025189971923828125e+01,2.719968032836914062e+01
-9.025115203857421875e+01,2.720147705078125000e+01
-9.025172424316406250e+01,2.720110511779785156e+01
-9.025128936767578125e+01,2.720167160034179688e+01
-9.025097656250000000e+01,2.720089530944824219e+01
-9.025113677978515625e+01,2.720020675659179688e+01
-9.025099945068359375e+01,2.719889450073242188e+01
-9.025163269042968750e+01,2.719922065734863281e+01
-9.025041961669921875e+01,2.720019149780273438e+01
-9.025148773193359375e+01,2.719876289367675781e+01
-9.025024414062500000e+01,2.720211219787597656e+01
-9.025171661376953125e+01,2.720005798339843750e+01
-9.025166320800781250e+01,2.719841575622558594e+01
-9.025063323974609375e+01,2.720009040832519531e+01
-9.025183868408203125e+01,2.720094108581542969e+01
-9.025157928466796875e+01,2.720039939880371094e+01
-9.025166320800781250e+01,2.719870758056640625e+01
-9.025068664550781250e+01,2.719999694824218750e+01
-9.025074768066406250e+01,2.720006942749023438e+01
-9.025107574462890625e+01,2.719887733459472656e+01
-9.025121307373046875e+01,2.719895362854003906e+01
-9.025003051757812500e+01,2.720112037658691406e+01
-9.025141143798828125e+01,2.720037269592285156e+01
-9.025124359130859375e+01,2.719859504699707031e+01
-9.025045776367187500e+01,2.719977569580078125e+01
-9.025102233886718750e+01,2.720100975036621094e+01
-9.025181579589843750e+01,2.719855308532714844e+01
-9.025171661376953125e+01,2.720144271850585938e+01
-9.025030517578125000e+01,2.720029449462890625e+01
-9.025089263916015625e+01,2.720079994201660156e+01
-9.025141143798828125e+01,2.720173835754394531e+01
-9.025125122070312500e+01,2.720178985595703125e+01
-9.025243377685546875e+01,2.719922447204589844e+01
-9.025218963623046875e+01,2.719862747192382812e+01
-9.025143432617187500e+01,2.719988632202148438e+01
-9.025223541259765625e+01,2.720009994506835938e+01
-9.025177001953125000e+01,2.719870948791503906e+01
-9.025094604492187500e+01,2.719995307922363281e+01
-9.025161743164062500e+01,2.720113182067871094e+01
-9.025053405761718750e+01,2.719958877563476562e+01
-9.025189208984375000e+01,2.720070075988769531e+01
-9.025147247314453125e+01,2.719957542419433594e+01
-9.025018310546875000e+01,2.720097541809082031e+01
-9.025218963623046875e+01,2.719952201843261719e+01
-9.025033569335937500e+01,2.720138549804687500e+01
-9.025157165527343750e+01,2.719999694824218750e+01
-9.025154876708984375e+01,2.720075035095214844e+01
-9.025225067138671875e+01,2.719909858703613281e+01
-9.025144958496093750e+01,2.719977378845214844e+01
-9.025159454345703125e+01,2.719962692260742188e+01
-9.025080108642578125e+01,2.720178985595703125e+01
-9.025252532958984375e+01,2.719918632507324219e+01
-9.025075531005859375e+01,2.720101356506347656e+01
-9.025053405761718750e+01,2.719951248168945312e+01
-9.025109100341796875e+01,2.720042800903320312e+01
-9.025196075439453125e+01,2.719846916198730469e+01
-9.025202941894531250e+01,2.720020484924316406e+01
-9.025133514404296875e+01,2.719967651367187500e+01
-9.025173950195312500e+01,2.720110321044921875e+01
-9.025242614746093750e+01,2.719868278503417969e+01
-9.025128936767578125e+01,2.720090866088867188e+01
-9.025189208984375000e+01,2.720004081726074219e+01
-9.025064849853515625e+01,2.720057678222656250e+01
-9.025115966796875000e+01,2.720108795166015625e+01
-9.025103759765625000e+01,2.720104408264160156e+01
-9.025123596191406250e+01,2.719854927062988281e+01
-9.025226593017578125e+01,2.719934272766113281e+01
-9.025035095214843750e+01,2.720159912109375000e+01
-9.025178527832031250e+01,2.720062255859375000e+01
-9.025135803222656250e+01,2.719857788085937500e+01
-9.025077819824218750e+01,2.720019340515136719e+01
-9.025159454345703125e+01,2.720062828063964844e+01
-9.025093841552734375e+01,2.720183372497558594e+01
-9.025164794921875000e+01,2.720101928710937500e+01
-9.025040435791015625e+01,2.720010757446289062e+01
-9.025102996826171875e+01,2.720175933837890625e+01
-9.025238037109375000e+01,2.719940757751464844e+01
-9.025206756591796875e+01,2.720019149780273438e+01
-9.025213623046875000e+01,2.720035171508789062e+01
-9.025112152099609375e+01,2.720023727416992188e+01
-9.025173950195312500e+01,2.720040512084960938e+01
-9.025093078613281250e+01,2.720032310485839844e+01
-9.025132751464843750e+01,2.720026016235351562e+01
-9.025019073486328125e+01,2.720085334777832031e+01
-9.025200653076171875e+01,2.719913482666015625e+01
-9.025178527832031250e+01,2.720049667358398438e+01
-9.025164794921875000e+01,2.720146751403808594e+01
-9.025071716308593750e+01,2.719964981079101562e+01
-9.025232696533203125e+01,2.719867134094238281e+01
-9.025222015380859375e+01,2.719994926452636719e+01
-9.025108337402343750e+01,2.719957351684570312e+01
-9.025233459472656250e+01,2.719965744018554688e+01
-9.025113677978515625e+01,2.719892692565917969e+01
-9.025015258789062500e+01,2.720174598693847656e+01
-9.025128936767578125e+01,2.720144462585449219e+01
-9.025054168701171875e+01,2.720207595825195312e+01
-9.025067138671875000e+01,2.720016479492187500e+01
-9.025232696533203125e+01,2.719963645935058594e+01
-9.025151824951171875e+01,2.719996452331542969e+01
-9.025025177001953125e+01,2.720110321044921875e+01
-9.025109863281250000e+01,2.720074462890625000e+01
-9.025127410888671875e+01,2.719856834411621094e+01
-9.025207519531250000e+01,2.720007896423339844e+01
-9.025172424316406250e+01,2.720118141174316406e+01
-9.025249481201171875e+01,2.719954109191894531e+01
-9.025153350830078125e+01,2.720089912414550781e+01
-9.025071716308593750e+01,2.719935417175292969e+01
-9.025128936767578125e+01,2.720058059692382812e+01
-9.025060272216796875e+01,2.720053672790527344e+01
-9.024990081787109375e+01,2.720182800292968750e+01
-9.025159454345703125e+01,2.719923400878906250e+01
-9.025212860107421875e+01,2.719874763488769531e+01
-9.025189208984375000e+01,2.719996070861816406e+01
-9.025181579589843750e+01,2.719931030273437500e+01
-9.025148773193359375e+01,2.720023536682128906e+01
-9.025102233886718750e+01,2.719933891296386719e+01
-9.025115966796875000e+01,2.720110893249511719e+01
-9.025137329101562500e+01,2.720002746582031250e+01
-9.025093078613281250e+01,2.720061874389648438e+01
-9.025119781494140625e+01,2.719990348815917969e+01
-9.025172424316406250e+01,2.720030784606933594e+01
-9.025063323974609375e+01,2.720100975036621094e+01
-9.025247192382812500e+01,2.719959449768066406e+01
-9.025235748291015625e+01,2.719981575012207031e+01
-9.025156402587890625e+01,2.719888305664062500e+01
-9.025241851806640625e+01,2.719964027404785156e+01
-9.025207519531250000e+01,2.719964218139648438e+01
-9.025031280517578125e+01,2.720031547546386719e+01
-9.025119018554687500e+01,2.719878768920898438e+01
-9.025168609619140625e+01,2.720014572143554688e+01
-9.025120544433593750e+01,2.720089340209960938e+01
-9.025123596191406250e+01,2.720149230957031250e+01
-9.025170898437500000e+01,2.720149230957031250e+01
-9.025198364257812500e+01,2.720076560974121094e+01
-9.025225067138671875e+01,2.719954872131347656e+01
-9.025131225585937500e+01,2.720108604431152344e+01
-9.025205993652343750e+01,2.719985198974609375e+01
-9.025048828125000000e+01,2.720145034790039062e+01
-9.025078582763671875e+01,2.719969749450683594e+01
-9.025084686279296875e+01,2.720120429992675781e+01
-9.025153350830078125e+01,2.719915199279785156e+01
-9.025074768066406250e+01,2.719999313354492188e+01
-9.025175476074218750e+01,2.720086860656738281e+01
-9.025102233886718750e+01,2.719985008239746094e+01
-9.025194549560546875e+01,2.719975090026855469e+01
-9.025161743164062500e+01,2.720062255859375000e+01
-9.025176239013671875e+01,2.719957542419433594e+01
-9.025130462646484375e+01,2.720099449157714844e+01
-9.025186157226562500e+01,2.719830894470214844e+01
-9.025173187255859375e+01,2.719869804382324219e+01
-9.025125122070312500e+01,2.720090675354003906e+01
-9.025036621093750000e+01,2.720091247558593750e+01
-9.025218963623046875e+01,2.719924736022949219e+01
-9.025195312500000000e+01,2.719936752319335938e+01
-9.025081634521484375e+01,2.720198822021484375e+01
-9.025189971923828125e+01,2.719836616516113281e+01
-9.025206756591796875e+01,2.720087051391601562e+01
-9.025107574462890625e+01,2.720018005371093750e+01
-9.025078582763671875e+01,2.719994354248046875e+01
-9.025119781494140625e+01,2.720003700256347656e+01
-9.025017547607421875e+01,2.720030975341796875e+01
-9.025141906738281250e+01,2.719890213012695312e+01
-9.025209045410156250e+01,2.720080566406250000e+01
-9.025194549560546875e+01,2.719901657104492188e+01
-9.025096130371093750e+01,2.719896697998046875e+01
-9.025186157226562500e+01,2.719985771179199219e+01
-9.025102233886718750e+01,2.720064353942871094e+01
-9.025215148925781250e+01,2.719896316528320312e+01
-9.025049591064453125e+01,2.720200157165527344e+01
-9.025245666503906250e+01,2.719907760620117188e+01
-9.025122833251953125e+01,2.719896697998046875e+01
-9.025090789794921875e+01,2.720129585266113281e+01
-9.025032806396484375e+01,2.720055961608886719e+01
-9.025073242187500000e+01,2.720072364807128906e+01
-9.025231933593750000e+01,2.719886589050292969e+01
-9.025235748291015625e+01,2.719998359680175781e+01
-9.025101470947265625e+01,2.720026397705078125e+01
-9.025191497802734375e+01,2.719924545288085938e+01
-9.025247955322265625e+01,2.719904708862304688e+01
-9.025102996826171875e+01,2.720161628723144531e+01
-9.025168609619140625e+01,2.719879722595214844e+01
-9.025053405761718750e+01,2.720043373107910156e+01
-9.025046539306640625e+01,2.720108985900878906e+01
-9.025198364257812500e+01,2.719840431213378906e+01
-9.025205993652343750e+01,2.720009613037109375e+01
-9.025200653076171875e+01,2.720059394836425781e+01
-9.025019836425781250e+01,2.720034980773925781e+01
-9.025252532958984375e+01,2.719959259033203125e+01
-9.025197601318359375e+01,2.720068550109863281e+01
-9.025061798095703125e+01,2.720062828063964844e+01
-9.025234222412109375e+01,2.719871330261230469e+01
-9.025196075439453125e+01,2.719976806640625000e+01
-9.025114440917968750e+01,2.720048332214355469e+01
-9.025012207031250000e+01,2.720180511474609375e+01
-9.025113677978515625e+01,2.720174407958984375e+01
-9.025234985351562500e+01,2.719902038574218750e+01
-9.025179290771484375e+01,2.719897842407226562e+01
-9.025127410888671875e+01,2.720150756835937500e+01
-9.025139617919921875e+01,2.720086669921875000e+01
-9.025048828125000000e+01,2.720207214355468750e+01
-9.025240325927734375e+01,2.719853782653808594e+01
-9.025156402587890625e+01,2.720093727111816406e+01
-9.025233459472656250e+01,2.719920730590820312e+01
-9.025098419189453125e+01,2.720146369934082031e+01
-9.025043487548828125e+01,2.720017242431640625e+01
-9.025148773193359375e+01,2.720138168334960938e+01
-9.025069427490234375e+01,2.720156288146972656e+01
-9.025023651123046875e+01,2.720163536071777344e+01
-9.025068664550781250e+01,2.720012664794921875e+01
-9.025022888183593750e+01,2.720190620422363281e+01
-9.025225830078125000e+01,2.719848060607910156e+01
-9.025059509277343750e+01,2.720128059387207031e+01
-9.025158691406250000e+01,2.719842720031738281e+01
-9.025064086914062500e+01,2.720188713073730469e+01
-9.025188446044921875e+01,2.720026206970214844e+01
-9.025187683105468750e+01,2.720030975341796875e+01
-9.025218963623046875e+01,2.719969749450683594e+01
-9.025193023681640625e+01,2.720091247558593750e+01
-9.025090789794921875e+01,2.720120429992675781e+01
-9.025068664550781250e+01,2.720194816589355469e+01
-9.025237274169921875e+01,2.719945716857910156e+01
-9.025056457519531250e+01,2.720072746276855469e+01
-9.025166320800781250e+01,2.719827842712402344e+01
-9.025100708007812500e+01,2.719953155517578125e+01
-9.025185394287109375e+01,2.720028305053710938e+01
-9.025028991699218750e+01,2.720082664489746094e+01
-9.025041198730468750e+01,2.720070075988769531e+01
-9.025086212158203125e+01,2.719914436340332031e+01
-9.025128936767578125e+01,2.719913864135742188e+01
-9.025256347656250000e+01,2.719936561584472656e+01
-9.025059509277343750e+01,2.720182800292968750e+01
-9.025229644775390625e+01,2.719860458374023438e+01
-9.025211334228515625e+01,2.719983482360839844e+01
-9.025088500976562500e+01,2.719890022277832031e+01
-9.025182342529296875e+01,2.719913864135742188e+01
-9.025145721435546875e+01,2.720017433166503906e+01
-9.025038909912109375e+01,2.720132637023925781e+01
-9.025026702880859375e+01,2.720211982727050781e+01
-9.025066375732421875e+01,2.720193672180175781e+01
-9.025222778320312500e+01,2.719985580444335938e+01
-9.025176239013671875e+01,2.719966506958007812e+01
-9.025148010253906250e+01,2.720104408264160156e+01
-9.025098419189453125e+01,2.719874191284179688e+01
-9.025251007080078125e+01,2.719873809814453125e+01
-9.025231933593750000e+01,2.720014190673828125e+01
-9.025090789794921875e+01,2.720129585266113281e+01
-9.025194549560546875e+01,2.720037269592285156e+01
-9.025167846679687500e+01,2.720147895812988281e+01
-9.025003051757812500e+01,2.720085525512695312e+01
-9.025257110595703125e+01,2.719942665100097656e+01
-9.025171661376953125e+01,2.720143127441406250e+01
-9.025104522705078125e+01,2.720038223266601562e+01
-9.025242614746093750e+01,2.719901847839355469e+01
-9.025110626220703125e+01,2.720192527770996094e+01
-9.025056457519531250e+01,2.720218276977539062e+01
-9.025109100341796875e+01,2.719874382019042969e+01
-9.025117492675781250e+01,2.720020484924316406e+01
-9.025032043457031250e+01,2.719995880126953125e+01
-9.025116729736328125e+01,2.719984817504882812e+01
-9.025203704833984375e+01,2.720049285888671875e+01
-9.025172424316406250e+01,2.719861984252929688e+01
-9.025197601318359375e+01,2.720002937316894531e+01
-9.025096130371093750e+01,2.720199012756347656e+01
-9.025211334228515625e+01,2.719857978820800781e+01
-9.025052642822265625e+01,2.720110511779785156e+01
-9.025160980224609375e+01,2.719902610778808594e+01
-9.025155639648437500e+01,2.720145034790039062e+01
-9.025244140625000000e+01,2.719935417175292969e+01
-9.025151062011718750e+01,2.719942665100097656e+01
-9.025090789794921875e+01,2.720187187194824219e+01
-9.025116729736328125e+01,2.720073699951171875e+01
-9.025140380859375000e+01,2.720030975341796875e+01
-9.025033569335937500e+01,2.719995307922363281e+01
-9.025016021728515625e+01,2.720144653320312500e+01
-9.025151062011718750e+01,2.720114135742187500e+01
-9.025155639648437500e+01,2.720090866088867188e+01
-9.025146484375000000e+01,2.719973754882812500e+01
-9.025171661376953125e+01,2.719983863830566406e+01
-9.025137329101562500e+01,2.720048904418945312e+01
-9.025193023681640625e+01,2.719963645935058594e+01
-9.025054168701171875e+01,2.719957160949707031e+01
-9.025085449218750000e+01,2.720037841796875000e+01
-9.025151824951171875e+01,2.719953346252441406e+01
-9.025061798095703125e+01,2.720010375976562500e+01
-9.025012969970703125e+01,2.720215797424316406e+01
-9.025165557861328125e+01,2.719979858398437500e+01
-9.025199127197265625e+01,2.720028686523437500e+01
-9.025167083740234375e+01,2.719881439208984375e+01
-9.025139617919921875e+01,2.719843292236328125e+01
-9.025147247314453125e+01,2.720019721984863281e+01
-9.025028228759765625e+01,2.720189094543457031e+01
-9.025116729736328125e+01,2.720121383666992188e+01
-9.025125885009765625e+01,2.720170974731445312e+01
-9.025189208984375000e+01,2.719847869873046875e+01
-9.025144195556640625e+01,2.719940185546875000e+01
-9.025075531005859375e+01,2.719973945617675781e+01
-9.025179290771484375e+01,2.720044898986816406e+01
-9.025144195556640625e+01,2.719902229309082031e+01
-9.025112152099609375e+01,2.719949913024902344e+01
-9.025021362304687500e+01,2.720032119750976562e+01
-9.025174713134765625e+01,2.719939994812011719e+01
-9.025211334228515625e+01,2.719965553283691406e+01
-9.025134277343750000e+01,2.720092582702636719e+01
-9.025051116943359375e+01,2.720018959045410156e+01
-9.025093078613281250e+01,2.720160865783691406e+01
-9.025059509277343750e+01,2.719970512390136719e+01
-9.025124359130859375e+01,2.720018386840820312e+01
-9.025254058837890625e+01,2.719881629943847656e+01
-9.025177001953125000e+01,2.719945144653320312e+01
-9.025096893310546875e+01,2.719932556152343750e+01
-9.025191497802734375e+01,2.719947624206542969e+01
-9.025185394287109375e+01,2.720084381103515625e+01
-9.025091552734375000e+01,2.719890975952148438e+01
-9.025148773193359375e+01,2.719964790344238281e+01
-9.025186920166015625e+01,2.720054435729980469e+01
-9.025106811523437500e+01,2.720188140869140625e+01
-9.025153350830078125e+01,2.719831657409667969e+01
-9.025086975097656250e+01,2.719921684265136719e+01
-9.025226593017578125e+01,2.719872474670410156e+01
-9.025237274169921875e+01,2.719901466369628906e+01
-9.025163269042968750e+01,2.719991874694824219e+01
-9.025050354003906250e+01,2.719985198974609375e+01
-9.025083160400390625e+01,2.720199203491210938e+01
-9.025221252441406250e+01,2.719960021972656250e+01
-9.025142669677734375e+01,2.720165634155273438e+01
-9.025077056884765625e+01,2.720015716552734375e+01
-9.025180816650390625e+01,2.719920921325683594e+01
-9.025013732910156250e+01,2.720092391967773438e+01
-9.025086975097656250e+01,2.720082664489746094e+01
-9.025143432617187500e+01,2.720055580139160156e+01
-9.025118255615234375e+01,2.719927978515625000e+01
-9.025159454345703125e+01,2.720008087158203125e+01
-9.025062561035156250e+01,2.719972801208496094e+01
-9.025061798095703125e+01,2.719945144653320312e+01
-9.025118255615234375e+01,2.719961166381835938e+01
-9.025004577636718750e+01,2.720173835754394531e+01
-9.025030517578125000e+01,2.720123672485351562e+01
-9.025030517578125000e+01,2.720183944702148438e+01
-9.025085449218750000e+01,2.719954872131347656e+01
-9.025038909912109375e+01,2.719976997375488281e+01
-9.025022125244140625e+01,2.720140838623046875e+01
-9.025086212158203125e+01,2.720203018188476562e+01
-9.025112152099609375e+01,2.720117187500000000e+01
-9.025157165527343750e+01,2.720012664794921875e+01
-9.025070190429687500e+01,2.720118141174316406e+01
-9.025122833251953125e+01,2.720111656188964844e+01
-9.025102996826171875e+01,2.719889831542968750e+01
-9.025067901611328125e+01,2.720191574096679688e+01
-9.025223541259765625e+01,2.719846343994140625e+01
-9.025225830078125000e+01,2.719901084899902344e+01
-9.025164794921875000e+01,2.720021629333496094e+01
-9.025082397460937500e+01,2.720107078552246094e+01
-9.025003814697265625e+01,2.720089721679687500e+01
-9.025058746337890625e+01,2.720070266723632812e+01
-9.025169372558593750e+01,2.719960594177246094e+01
-9.025109100341796875e+01,2.719883728027343750e+01
-9.025125885009765625e+01,2.720095825195312500e+01
-9.025185394287109375e+01,2.719945907592773438e+01
-9.025076293945312500e+01,2.720047187805175781e+01
-9.025218963623046875e+01,2.719939041137695312e+01
-9.025219726562500000e+01,2.720048904418945312e+01
-9.025185394287109375e+01,2.719838714599609375e+01
-9.025083160400390625e+01,2.719962310791015625e+01
-9.025080871582031250e+01,2.720039367675781250e+01
-9.025157928466796875e+01,2.719878196716308594e+01
-9.025040435791015625e+01,2.719973373413085938e+01
-9.025086975097656250e+01,2.719999313354492188e+01
-9.025170135498046875e+01,2.719913482666015625e+01
-9.025097656250000000e+01,2.720008850097656250e+01
-9.025238800048828125e+01,2.719991493225097656e+01
-9.025234222412109375e+01,2.719835853576660156e+01
-9.025029754638671875e+01,2.720171546936035156e+01
-9.025078582763671875e+01,2.719957923889160156e+01
-9.025116729736328125e+01,2.719985580444335938e+01
-9.025218200683593750e+01,2.720008659362792969e+01
-9.025092315673828125e+01,2.720211410522460938e+01
-9.025204467773437500e+01,2.719928741455078125e+01
-9.025125885009765625e+01,2.720046806335449219e+01
-9.025061798095703125e+01,2.720201492309570312e+01
-9.025075531005859375e+01,2.719939041137695312e+01
-9.025056457519531250e+01,2.719947433471679688e+01
-9.025202941894531250e+01,2.719843673706054688e+01
-9.025183105468750000e+01,2.719853210449218750e+01
-9.025041961669921875e+01,2.720002555847167969e+01
-9.025028991699218750e+01,2.720069885253906250e+01
-9.025035858154296875e+01,2.720019721984863281e+01
-9.025196075439453125e+01,2.720073699951171875e+01
-9.025168609619140625e+01,2.719920158386230469e+01
-9.025118255615234375e+01,2.720021438598632812e+01
-9.025003051757812500e+01,2.720147323608398438e+01
-9.025044250488281250e+01,2.720045280456542969e+01
-9.025096893310546875e+01,2.720103836059570312e+01
-9.025196838378906250e+01,2.719955825805664062e+01
-9.025022888183593750e+01,2.720051765441894531e+01
-9.025034332275390625e+01,2.719985389709472656e+01
-9.025231170654296875e+01,2.719851493835449219e+01
-9.025071716308593750e+01,2.720101165771484375e+01
-9.025020599365234375e+01,2.720039939880371094e+01
-9.025155639648437500e+01,2.719827461242675781e+01
-9.025059509277343750e+01,2.720147514343261719e+01
-9.025035858154296875e+01,2.720071983337402344e+01
-9.025236511230468750e+01,2.719960212707519531e+01
-9.025212097167968750e+01,2.719930076599121094e+01
-9.025164794921875000e+01,2.719925117492675781e+01
-9.025012207031250000e+01,2.720213890075683594e+01
-9.025078582763671875e+01,2.720010185241699219e+01
-9.025093841552734375e+01,2.720080375671386719e+01
-9.025133514404296875e+01,2.719951248168945312e+01
-9.025031280517578125e+01,2.720178985595703125e+01
-9.025215911865234375e+01,2.719908523559570312e+01
-9.025241088867187500e+01,2.719931602478027344e+01
-9.025093841552734375e+01,2.719999694824218750e+01
-9.025136566162109375e+01,2.719920158386230469e+01
-9.025154113769531250e+01,2.720075798034667969e+01
-9.025044250488281250e+01,2.720161819458007812e+01
-9.025128936767578125e+01,2.719872093200683594e+01
-9.025208282470703125e+01,2.719866371154785156e+01
-9.025154876708984375e+01,2.719889640808105469e+01
-9.025109863281250000e+01,2.720191764831542969e+01
-9.025012969970703125e+01,2.720143318176269531e+01
-9.025135803222656250e+01,2.719983482360839844e+01
-9.025088500976562500e+01,2.720083808898925781e+01
-9.025085449218750000e+01,2.719944763183593750e+01
-9.025060272216796875e+01,2.720155715942382812e+01
-9.025127410888671875e+01,2.719992828369140625e+01
-9.025236511230468750e+01,2.719875335693359375e+01
-9.025203704833984375e+01,2.719846725463867188e+01
-9.025144195556640625e+01,2.719951438903808594e+01
-9.025122070312500000e+01,2.720159721374511719e+01
-9.025229644775390625e+01,2.719853019714355469e+01
-9.025071716308593750e+01,2.719974517822265625e+01
-9.025065612792968750e+01,2.720122337341308594e+01
-9.025094604492187500e+01,2.719912719726562500e+01
-9.025194549560546875e+01,2.720056724548339844e+01
-9.025091552734375000e+01,2.720081520080566406e+01
-9.025202178955078125e+01,2.720068168640136719e+01
-9.025090789794921875e+01,2.720160675048828125e+01
-9.025216674804687500e+01,2.719957160949707031e+01
-9.025162506103515625e+01,2.719936180114746094e+01
-9.025046539306640625e+01,2.720110511779785156e+01
-9.025012207031250000e+01,2.720097541809082031e+01
-9.025080871582031250e+01,2.719936180114746094e+01
-9.025102996826171875e+01,2.719927406311035156e+01
-9.025106048583984375e+01,2.719885253906250000e+01
-9.025022888183593750e+01,2.720218086242675781e+01
-9.025208282470703125e+01,2.719978713989257812e+01
-9.025243377685546875e+01,2.719889640808105469e+01
-9.025078582763671875e+01,2.720212936401367188e+01
-9.025109863281250000e+01,2.720112419128417969e+01
-9.025240325927734375e+01,2.719977569580078125e+01
-9.025077819824218750e+01,2.720156097412109375e+01
-9.025133514404296875e+01,2.720051956176757812e+01
-9.025187683105468750e+01,2.720042991638183594e+01
-9.025215911865234375e+01,2.719973373413085938e+01
-9.025198364257812500e+01,2.719974708557128906e+01
-9.025242614746093750e+01,2.719865798950195312e+01
-9.025056457519531250e+01,2.719999313354492188e+01
-9.025004577636718750e+01,2.720154762268066406e+01
-9.025160217285156250e+01,2.719917869567871094e+01
-9.025046539306640625e+01,2.720081520080566406e+01
-9.025007629394531250e+01,2.720071220397949219e+01
-9.025031280517578125e+01,2.720142364501953125e+01
-9.025212097167968750e+01,2.719942283630371094e+01
-9.025020599365234375e+01,2.720113563537597656e+01
-9.025240325927734375e+01,2.719873619079589844e+01
-9.025153350830078125e+01,2.720121383666992188e+01
-9.025237274169921875e+01,2.719962310791015625e+01
-9.025086212158203125e+01,2.720096969604492188e+01
-9.025144958496093750e+01,2.720062828063964844e+01
-9.025155639648437500e+01,2.719871139526367188e+01
-9.025150299072265625e+01,2.720107269287109375e+01
-9.025217437744140625e+01,2.719969177246093750e+01
-9.025132751464843750e+01,2.719867706298828125e+01
-9.025202941894531250e+01,2.719844818115234375e+01
-9.025038146972656250e+01,2.720057106018066406e+01
-9.025138092041015625e+01,2.720129013061523438e+01
-9.025001525878906250e+01,2.720090675354003906e+01
-9.025028991699218750e+01,2.720071983337402344e+01
-9.025093841552734375e+01,2.719874382019042969e+01
-9.025171661376953125e+01,2.719916915893554688e+01
-9.025217437744140625e+01,2.719958877563476562e+01
-9.025196075439453125e+01,2.719985198974609375e+01
-9.025202941894531250e+01,2.720009613037109375e+01
-9.025045776367187500e+01,2.720090675354003906e+01
-9.025212860107421875e+01,2.720067405700683594e+01
-9.025075531005859375e+01,2.720081710815429688e+01
-9.025042724609375000e+01,2.720151138305664062e+01
-9.025200653076171875e+01,2.720067787170410156e+01
-9.025186920166015625e+01,2.719883346557617188e+01
-9.025063323974609375e+01,2.719992828369140625e+01
-9.025102996826171875e+01,2.719874954223632812e+01
-9.025175476074218750e+01,2.719904327392578125e+01
-9.025137329101562500e+01,2.719927215576171875e+01
-9.025103759765625000e+01,2.719942474365234375e+01
-9.025048065185546875e+01,2.719989013671875000e+01
-9.025166320800781250e+01,2.720056533813476562e+01
-9.025135803222656250e+01,2.719956970214843750e+01
-9.025055694580078125e+01,2.720013427734375000e+01
-9.025067138671875000e+01,2.720206069946289062e+01
-9.025074768066406250e+01,2.720183372497558594e+01
-9.025153350830078125e+01,2.719840049743652344e+01
-9.025153350830078125e+01,2.720070457458496094e+01
-9.025215911865234375e+01,2.719964981079101562e+01
-9.025231933593750000e+01,2.719902420043945312e+01
-9.025101470947265625e+01,2.719939994812011719e+01
-9.025039672851562500e+01,2.720179557800292969e+01
-9.025016784667968750e+01,2.720197486877441406e+01
-9.025151824951171875e+01,2.719834518432617188e+01
-9.025029754638671875e+01,2.720197486877441406e+01
-9.025172424316406250e+01,2.720055007934570312e+01
-9.025093841552734375e+01,2.719959449768066406e+01
-9.025037384033203125e+01,2.720057296752929688e+01
-9.025218200683593750e+01,2.719942855834960938e+01
-9.025127410888671875e+01,2.720083236694335938e+01
-9.025102996826171875e+01,2.720193862915039062e+01
-9.025088500976562500e+01,2.719981193542480469e+01
-9.025205230712890625e+01,2.719944190979003906e+01
-9.025033569335937500e+01,2.720065498352050781e+01
-9.025138092041015625e+01,2.720000648498535156e+01
-9.025010681152343750e+01,2.720149421691894531e+01
-9.025053405761718750e+01,2.720073890686035156e+01
-9.025199127197265625e+01,2.719833564758300781e+01
-9.025188446044921875e+01,2.719941329956054688e+01
-9.025235748291015625e+01,2.719989776611328125e+01
-9.025223541259765625e+01,2.720025444030761719e+01
-9.025049591064453125e+01,2.720010375976562500e+01
-9.025167083740234375e+01,2.719863510131835938e+01
-9.025177764892578125e+01,2.720112228393554688e+01
-9.025177764892578125e+01,2.719951820373535156e+01
-9.025134277343750000e+01,2.720173835754394531e+01
-9.025113677978515625e+01,2.720022201538085938e+01
-9.025177001953125000e+01,2.720081901550292969e+01
-9.025097656250000000e+01,2.720141220092773438e+01
-9.025071716308593750e+01,2.720204734802246094e+01
-9.025235748291015625e+01,2.719893264770507812e+01
-9.025115203857421875e+01,2.720103836059570312e+01
-9.025077056884765625e+01,2.720151138305664062e+01
-9.025257110595703125e+01,2.719891548156738281e+01
-9.025040435791015625e+01,2.720180702209472656e+01
-9.025031280517578125e+01,2.720104408264160156e+01
-9.025114440917968750e+01,2.720081520080566406e+01
-9.025033569335937500e+01,2.719994926452636719e+01
-9.025220489501953125e+01,2.719984245300292969e+01
-9.025148010253906250e+01,2.720015525817871094e+01
-9.025032043457031250e+01,2.720081138610839844e+01
-9.025189208984375000e+01,2.720100021362304688e+01
-9.025132751464843750e+01,2.719933891296386719e+01
-9.025159454345703125e+01,2.719840049743652344e+01
-9.025219726562500000e+01,2.720029067993164062e+01
-9.025192260742187500e+01,2.719942855834960938e+01
-9.025126647949218750e+01,2.719904518127441406e+01
-9.025099945068359375e+01,2.720192909240722656e+01
-9.025144958496093750e+01,2.719983482360839844e+01
-9.025139617919921875e+01,2.720122528076171875e+01
-9.025101470947265625e+01,2.720094299316406250e+01
-9.025232696533203125e+01,2.719949722290039062e+01
-9.025109100341796875e+01,2.720004653930664062e+01
-9.025170135498046875e+01,2.719998741149902344e+01
-9.025085449218750000e+01,2.719960975646972656e+01
-9.025098419189453125e+01,2.720123481750488281e+01
-9.025141906738281250e+01,2.719874572753906250e+01
-9.025131225585937500e+01,2.719900894165039062e+01
-9.025007629394531250e+01,2.720152091979980469e+01
-9.025182342529296875e+01,2.720084190368652344e+01
-9.025209808349609375e+01,2.720014381408691406e+01
-9.025130462646484375e+01,2.720101165771484375e+01
-9.025046539306640625e+01,2.719953346252441406e+01
-9.025019836425781250e+01,2.720089340209960938e+01
-9.025219726562500000e+01,2.719847869873046875e+01
-9.025189971923828125e+01,2.719948768615722656e+01
-9.025057983398437500e+01,2.720153808593750000e+01
-9.025233459472656250e+01,2.720008659362792969e+01
-9.025077056884765625e+01,2.720114517211914062e+01
-9.025238037109375000e+01,2.719911384582519531e+01
-9.025159454345703125e+01,2.719862174987792969e+01
-9.025032043457031250e+01,2.720212936401367188e+01
-9.025165557861328125e+01,2.720051193237304688e+01
-9.025154876708984375e+01,2.720061492919921875e+01
-9.025023651123046875e+01,2.720208549499511719e+01
-9.025183105468750000e+01,2.719901084899902344e+01
-9.025098419189453125e+01,2.720119094848632812e+01
-9.025032806396484375e+01,2.720133399963378906e+01
-9.025051116943359375e+01,2.720227622985839844e+01
-9.025032806396484375e+01,2.720176887512207031e+01
-9.025128173828125000e+01,2.719940567016601562e+01
-9.025127410888671875e+01,2.720072364807128906e+01
-9.025168609619140625e+01,2.719941520690917969e+01
-9.025177764892578125e+01,2.720005416870117188e+01
-9.025020599365234375e+01,2.720121002197265625e+01
-9.025001525878906250e+01,2.720180892944335938e+01
-9.025086975097656250e+01,2.720169258117675781e+01
-9.025018310546875000e+01,2.720110130310058594e+01
-9.025008392333984375e+01,2.720155143737792969e+01
-9.025127410888671875e+01,2.720123672485351562e+01
-9.025056457519531250e+01,2.720032119750976562e+01
-9.025121307373046875e+01,2.720087814331054688e+01
-9.025035858154296875e+01,2.720008087158203125e+01
-9.025104522705078125e+01,2.719991493225097656e+01
-9.025086212158203125e+01,2.719893264770507812e+01
-9.025131988525390625e+01,2.719873046875000000e+01
-9.025154876708984375e+01,2.720011520385742188e+01
-9.025160217285156250e+01,2.720088195800781250e+01
-9.025105285644531250e+01,2.720187950134277344e+01
-9.025072479248046875e+01,2.720170021057128906e+01
-9.025081634521484375e+01,2.720028305053710938e+01
-9.025226593017578125e+01,2.719960784912109375e+01
-9.025070953369140625e+01,2.720147705078125000e+01
-9.025257110595703125e+01,2.719922256469726562e+01
-9.025160980224609375e+01,2.720060348510742188e+01
-9.025096130371093750e+01,2.719905090332031250e+01
-9.025165557861328125e+01,2.719991683959960938e+01
-9.025001525878906250e+01,2.720109748840332031e+01
-9.025113677978515625e+01,2.719945716857910156e+01
-9.025135040283203125e+01,2.719910621643066406e+01
-9.025165557861328125e+01,2.719832992553710938e+01
-9.025210571289062500e+01,2.720059585571289062e+01
-9.025209808349609375e+01,2.720048904418945312e+01
-9.025073242187500000e+01,2.720210456848144531e+01
-9.025187683105468750e+01,2.719893264770507812e+01
-9.025154113769531250e+01,2.719850349426269531e+01
-9.025182342529296875e+01,2.719893646240234375e+01
-9.025247192382812500e+01,2.719959259033203125e+01
-9.025131225585937500e+01,2.719988632202148438e+01
-9.025069427490234375e+01,2.720056343078613281e+01
-9.025122070312500000e+01,2.720135688781738281e+01
-9.025051116943359375e+01,2.720210456848144531e+01
-9.025175476074218750e+01,2.720120239257812500e+01
-9.025071716308593750e+01,2.719988632202148438e+01
-9.025125122070312500e+01,2.719880104064941406e+01
-9.025223541259765625e+01,2.720037460327148438e+01
-9.025147247314453125e+01,2.719881248474121094e+01
-9.025128173828125000e+01,2.719884872436523438e+01
-9.025045013427734375e+01,2.720053100585937500e+01
-9.025030517578125000e+01,2.720198822021484375e+01
-9.025136566162109375e+01,2.720122528076171875e+01
-9.025112915039062500e+01,2.720059204101562500e+01
-9.025128936767578125e+01,2.719910240173339844e+01
-9.025154113769531250e+01,2.720063018798828125e+01
-9.025086212158203125e+01,2.720196533203125000e+01
-9.025160980224609375e+01,2.719976806640625000e+01
-9.025231170654296875e+01,2.719882583618164062e+01
-9.025000762939453125e+01,2.720081138610839844e+01
-9.025146484375000000e+01,2.719971084594726562e+01
-9.025060272216796875e+01,2.720229148864746094e+01
-9.025227355957031250e+01,2.719906616210937500e+01
-9.025019073486328125e+01,2.720041275024414062e+01
-9.025198364257812500e+01,2.720053100585937500e+01
-9.025224304199218750e+01,2.719900512695312500e+01
-9.025199127197265625e+01,2.719884300231933594e+01
-9.025110626220703125e+01,2.720050048828125000e+01
-9.025197601318359375e+01,2.719903755187988281e+01
-9.025088500976562500e+01,2.719900321960449219e+01
-9.025241088867187500e+01,2.719979476928710938e+01
-9.025173187255859375e+01,2.719921684265136719e+01
-9.025142669677734375e+01,2.719928741455078125e+01
-9.025096893310546875e+01,2.719872283935546875e+01
-9.025066375732421875e+01,2.720044708251953125e+01
-9.025142669677734375e+01,2.720095825195312500e+01
-9.025189971923828125e+01,2.719895744323730469e+01
-9.025006103515625000e+01,2.720208740234375000e+01
-9.025187683105468750e+01,2.720014572143554688e+01
-9.025146484375000000e+01,2.719874572753906250e+01
-9.025125122070312500e+01,2.719917488098144531e+01
-9.025069427490234375e+01,2.720180511474609375e+01
-9.025102996826171875e+01,2.720136833190917969e+01
-9.025123596191406250e+01,2.720186614990234375e+01
-9.025031280517578125e+01,2.720087623596191406e+01
-9.025046539306640625e+01,2.719950866699218750e+01
-9.025177001953125000e+01,2.720072746276855469e+01
-9.025244903564453125e+01,2.719969558715820312e+01
-9.025028228759765625e+01,2.720225715637207031e+01
-9.025102996826171875e+01,2.719890594482421875e+01
-9.025199890136718750e+01,2.720046997070312500e+01
-9.025208282470703125e+01,2.719973945617675781e+01
-9.025235748291015625e+01,2.719954299926757812e+01
-9.025057983398437500e+01,2.720077514648437500e+01
-9.025109100341796875e+01,2.720129013061523438e+01
-9.025144958496093750e+01,2.720080757141113281e+01
-9.025071716308593750e+01,2.719930267333984375e+01
-9.025126647949218750e+01,2.720040893554687500e+01
-9.025032806396484375e+01,2.720169067382812500e+01
-9.025091552734375000e+01,2.720029830932617188e+01
-9.025102233886718750e+01,2.720027732849121094e+01
-9.025128936767578125e+01,2.719904136657714844e+01
-9.025141906738281250e+01,2.720057296752929688e+01
-9.025006866455078125e+01,2.720196533203125000e+01
-9.025143432617187500e+01,2.719838714599609375e+01
-9.025148773193359375e+01,2.720155334472656250e+01
-9.025138854980468750e+01,2.719955635070800781e+01
-9.025041198730468750e+01,2.720009040832519531e+01
-9.025057220458984375e+01,2.719996643066406250e+01
-9.025045013427734375e+01,2.720101547241210938e+01
-9.025152587890625000e+01,2.720034027099609375e+01
-9.025170135498046875e+01,2.719976615905761719e+01
-9.025022125244140625e+01,2.720028495788574219e+01
-9.025212097167968750e+01,2.720002746582031250e+01
-9.025073242187500000e+01,2.720059013366699219e+01
-9.025014495849609375e+01,2.720223999023437500e+01
-9.025240325927734375e+01,2.719896316528320312e+01
-9.025164794921875000e+01,2.719906044006347656e+01
-9.025184631347656250e+01,2.720100593566894531e+01
-9.025105285644531250e+01,2.719900703430175781e+01
-9.025170135498046875e+01,2.719990730285644531e+01
-9.025095367431640625e+01,2.720139122009277344e+01
-9.025055694580078125e+01,2.720089340209960938e+01
-9.025098419189453125e+01,2.720182228088378906e+01
-9.025151062011718750e+01,2.719970130920410156e+01
-9.025083160400390625e+01,2.720006561279296875e+01
-9.025083160400390625e+01,2.720138549804687500e+01
-9.025149536132812500e+01,2.720051765441894531e+01
-9.025206756591796875e+01,2.719976234436035156e+01
-9.025197601318359375e+01,2.719936752319335938e+01
-9.025093841552734375e+01,2.719900131225585938e+01
-9.025145721435546875e+01,2.719911956787109375e+01
-9.025241088867187500e+01,2.719978141784667969e+01
-9.025235748291015625e+01,2.719963645935058594e+01
-9.025242614746093750e+01,2.719953727722167969e+01
-9.025033569335937500e+01,2.720221519470214844e+01
-9.025017547607421875e+01,2.720149993896484375e+01
-9.025196838378906250e+01,2.719846343994140625e+01
-9.025117492675781250e+01,2.720057296752929688e+01
-9.025138854980468750e+01,2.720063400268554688e+01
-9.025080871582031250e+01,2.719957542419433594e+01
-9.025072479248046875e+01,2.720018005371093750e+01
-9.025053405761718750e+01,2.720189666748046875e+01
-9.025028228759765625e+01,2.720075988769531250e+01
-9.025064849853515625e+01,2.720219039916992188e+01
-9.025189208984375000e+01,2.719903182983398438e+01
-9.025145721435546875e+01,2.719960212707519531e+01
-9.025045013427734375e+01,2.720126914978027344e+01
-9.025015258789062500e+01,2.720079231262207031e+01
-9.025037384033203125e+01,2.719974136352539062e+01
-9.025118255615234375e+01,2.720069122314453125e+01
-9.025133514404296875e+01,2.720099449157714844e+01
-9.025017547607421875e+01,2.720059967041015625e+01
-9.025100708007812500e+01,2.720093154907226562e+01
-9.025019073486328125e+01,2.720123100280761719e+01
-9.025214385986328125e+01,2.720040321350097656e+01
-9.025048828125000000e+01,2.719989395141601562e+01
-9.025212860107421875e+01,2.719911193847656250e+01
-9.025109863281250000e+01,2.720012664794921875e+01
-9.025221252441406250e+01,2.719875144958496094e+01
-9.025155639648437500e+01,2.719964218139648438e+01
-9.025168609619140625e+01,2.720022773742675781e+01
-9.024991607666015625e+01,2.720110130310058594e+01
-9.025090789794921875e+01,2.720009994506835938e+01
-9.025143432617187500e+01,2.720156860351562500e+01
-9.025170135498046875e+01,2.719872856140136719e+01
-9.025183868408203125e+01,2.719951438903808594e+01
-9.025076293945312500e+01,2.720041656494140625e+01
-9.025047302246093750e+01,2.720011901855468750e+01
-9.025179290771484375e+01,2.719867706298828125e+01
-9.025022888183593750e+01,2.720216941833496094e+01
-9.025238800048828125e+01,2.719963836669921875e+01
-9.025145721435546875e+01,2.720116043090820312e+01
-9.025065612792968750e+01,2.720031356811523438e+01
-9.025189208984375000e+01,2.719932556152343750e+01
-9.025183868408203125e+01,2.719899940490722656e+01
-9.025186920166015625e+01,2.719878578186035156e+01
-9.025138854980468750e+01,2.720050430297851562e+01
-9.025090789794921875e+01,2.720061302185058594e+01
-9.025106811523437500e+01,2.720020866394042969e+01
-9.025221252441406250e+01,2.719968795776367188e+01
-9.025106048583984375e+01,2.720051765441894531e+01
-9.025218963623046875e+01,2.719896316528320312e+01
-9.025100708007812500e+01,2.719931221008300781e+01
-9.025249481201171875e+01,2.719875717163085938e+01
-9.025078582763671875e+01,2.719983482360839844e+01
-9.025103759765625000e+01,2.719933509826660156e+01
-9.025035858154296875e+01,2.720184326171875000e+01
-9.025179290771484375e+01,2.719944572448730469e+01
-9.025162506103515625e+01,2.720097923278808594e+01
-9.025118255615234375e+01,2.719933891296386719e+01
-9.025112915039062500e+01,2.720014762878417969e+01
-9.025221252441406250e+01,2.719870567321777344e+01
-9.025212860107421875e+01,2.719889068603515625e+01
-9.025199127197265625e+01,2.720010757446289062e+01
-9.025126647949218750e+01,2.719931411743164062e+01
-9.025133514404296875e+01,2.720064353942871094e+01
-9.025070190429687500e+01,2.720197486877441406e+01
-9.025177001953125000e+01,2.720073509216308594e+01
-9.025067901611328125e+01,2.719980621337890625e+01
-9.025144958496093750e+01,2.719970512390136719e+01
-9.025121307373046875e+01,2.720110130310058594e+01
-9.025175476074218750e+01,2.720079421997070312e+01
-9.025065612792968750e+01,2.720069694519042969e+01
-9.025135803222656250e+01,2.720169830322265625e+01
-9.025235748291015625e+01,2.719986343383789062e+01
-9.025080108642578125e+01,2.720115470886230469e+01
-9.025222778320312500e+01,2.719980049133300781e+01
-9.025107574462890625e+01,2.719900131225585938e+01
-9.025151824951171875e+01,2.720082092285156250e+01
-9.025018310546875000e+01,2.720027542114257812e+01
-9.025117492675781250e+01,2.720089912414550781e+01
-9.025209045410156250e+01,2.719970130920410156e+01
-9.025045013427734375e+01,2.720177268981933594e+01
-9.025110626220703125e+01,2.719966506958007812e+01
-9.025158691406250000e+01,2.719875144958496094e+01
-9.024998474121093750e+01,2.720110893249511719e+01
-9.025048828125000000e+01,2.719987678527832031e+01
-9.025188446044921875e+01,2.720012283325195312e+01
-9.025104522705078125e+01,2.720059204101562500e+01
-9.025124359130859375e+01,2.720096778869628906e+01
-9.025127410888671875e+01,2.719998741149902344e+01
-9.025102233886718750e+01,2.720178604125976562e+01
-9.025212860107421875e+01,2.720074844360351562e+01
-9.025075531005859375e+01,2.720123672485351562e+01
-9.025225830078125000e+01,2.719910430908203125e+01
-9.025097656250000000e+01,2.720205688476562500e+01
-9.025131988525390625e+01,2.720179176330566406e+01
-9.025122070312500000e+01,2.719966697692871094e+01
-9.025108337402343750e+01,2.719989776611328125e+01
-9.025197601318359375e+01,2.719918251037597656e+01
-9.025202178955078125e+01,2.719939041137695312e+01
-9.025054931640625000e+01,2.720061683654785156e+01
-9.025185394287109375e+01,2.719999313354492188e+01
-9.025057983398437500e+01,2.720036888122558594e+01
-9.025189971923828125e+01,2.719918251037597656e+01
-9.025176239013671875e+01,2.719831085205078125e+01
-9.025084686279296875e+01,2.720117950439453125e+01
-9.025229644775390625e+01,2.720009040832519531e+01
-9.025096893310546875e+01,2.720032310485839844e+01
-9.025244140625000000e+01,2.719900894165039062e+01
-9.025188446044921875e+01,2.719938659667968750e+01
-9.025184631347656250e+01,2.720092391967773438e+01
-9.025102996826171875e+01,2.720028305053710938e+01
-9.025144195556640625e+01,2.719966697692871094e+01
-9.025120544433593750e+01,2.720154380798339844e+01
-9.025094604492187500e+01,2.720041465759277344e+01
-9.025146484375000000e+01,2.719948005676269531e+01
-9.025029754638671875e+01,2.720210838317871094e+01
-9.025194549560546875e+01,2.720026779174804688e+01
-9.025194549560546875e+01,2.720034599304199219e+01
-9.025182342529296875e+01,2.720069503784179688e+01
-9.025151824951171875e+01,2.720033073425292969e+01
-9.025153350830078125e+01,2.720073318481445312e+01
-9.025109863281250000e+01,2.720208549499511719e+01
-9.025176239013671875e+01,2.719924354553222656e+01
-9.025122070312500000e+01,2.720038414001464844e+01
-9.025095367431640625e+01,2.719981956481933594e+01
-9.025137329101562500e+01,2.719907951354980469e+01
-9.025164794921875000e+01,2.719882583618164062e+01
-9.025023651123046875e+01,2.720073318481445312e+01
-9.025053405761718750e+01,2.720152664184570312e+01
-9.025152587890625000e+01,2.720145225524902344e+01
-9.025101470947265625e+01,2.719968032836914062e+01
-9.025230407714843750e+01,2.719921684265136719e+01
-9.025090789794921875e+01,2.720179748535156250e+01
-9.025247955322265625e+01,2.719945716857910156e+01
-9.025134277343750000e+01,2.720059967041015625e+01
-9.025022125244140625e+01,2.720061683654785156e+01
-9.025127410888671875e+01,2.719960212707519531e+01
-9.025220489501953125e+01,2.719864273071289062e+01
-9.025036621093750000e+01,2.720207977294921875e+01
-9.025247955322265625e+01,2.719898414611816406e+01
-9.025233459472656250e+01,2.719920539855957031e+01
-9.025076293945312500e+01,2.719926071166992188e+01
-9.025050354003906250e+01,2.720098304748535156e+01
-9.025080108642578125e+01,2.720005989074707031e+01
-9.025224304199218750e+01,2.719971275329589844e+01
-9.025043487548828125e+01,2.719971466064453125e+01
-9.025170135498046875e+01,2.720085906982421875e+01
-9.025051116943359375e+01,2.720170593261718750e+01
-9.025158691406250000e+01,2.719922447204589844e+01
-9.025153350830078125e+01,2.719934463500976562e+01
-9.025093078613281250e+01,2.720187759399414062e+01
-9.025094604492187500e+01,2.720014190673828125e+01
-9.025215148925781250e+01,2.719936180114746094e+01
-9.025200653076171875e+01,2.719834709167480469e+01
-9.025060272216796875e+01,2.720025634765625000e+01
-9.025067138671875000e+01,2.720215606689453125e+01
-9.025096893310546875e+01,2.720103263854980469e+01
-9.025031280517578125e+01,2.720100402832031250e+01
-9.025085449218750000e+01,2.720090484619140625e+01
-9.025045776367187500e+01,2.720093345642089844e+01
-9.025168609619140625e+01,2.720148658752441406e+01
-9.025180816650390625e+01,2.720062255859375000e+01
-9.025012207031250000e+01,2.720125579833984375e+01
-9.025106811523437500e+01,2.720163917541503906e+01
-9.025188446044921875e+01,2.720035934448242188e+01
-9.025217437744140625e+01,2.719997596740722656e+01
-9.025156402587890625e+01,2.720105552673339844e+01
-9.025159454345703125e+01,2.720083045959472656e+01
-9.025131225585937500e+01,2.720042037963867188e+01
-9.025188446044921875e+01,2.720066452026367188e+01
-9.025111389160156250e+01,2.719932174682617188e+01
-9.025112915039062500e+01,2.720140457153320312e+01
-9.025102233886718750e+01,2.719924163818359375e+01
-9.025115966796875000e+01,2.720034790039062500e+01
-9.025125122070312500e+01,2.720014572143554688e+01
-9.025147247314453125e+01,2.720158004760742188e+01
-9.025054168701171875e+01,2.720080184936523438e+01
-9.025012207031250000e+01,2.720210838317871094e+01
-9.025072479248046875e+01,2.720071220397949219e+01
-9.025107574462890625e+01,2.720198631286621094e+01
-9.025026702880859375e+01,2.720096015930175781e+01
-9.025167083740234375e+01,2.720096206665039062e+01
-9.025093841552734375e+01,2.720081329345703125e+01
-9.025081634521484375e+01,2.720204544067382812e+01
-9.025135040283203125e+01,2.719932556152343750e+01
-9.025121307373046875e+01,2.719901466369628906e+01
-9.025032806396484375e+01,2.720037841796875000e+01
-9.025148773193359375e+01,2.720001411437988281e+01
-9.025057983398437500e+01,2.720110130310058594e+01
-9.025242614746093750e+01,2.719928169250488281e+01
-9.025134277343750000e+01,2.719844436645507812e+01
-9.025106048583984375e+01,2.720124053955078125e+01
-9.025022888183593750e+01,2.720120239257812500e+01
-9.025137329101562500e+01,2.719966888427734375e+01
-9.025181579589843750e+01,2.720053863525390625e+01
-9.025083923339843750e+01,2.719906234741210938e+01
-9.025238800048828125e+01,2.719839286804199219e+01
-9.025035095214843750e+01,2.720093727111816406e+01
-9.025122833251953125e+01,2.720020866394042969e+01
-9.025196075439453125e+01,2.720019149780273438e+01
-9.025107574462890625e+01,2.719867897033691406e+01
-9.025052642822265625e+01,2.719991683959960938e+01
-9.025041198730468750e+01,2.720051765441894531e+01
-9.025057220458984375e+01,2.720042800903320312e+01
-9.025120544433593750e+01,2.719942092895507812e+01
-9.025041198730468750e+01,2.719989395141601562e+01
-9.025180816650390625e+01,2.719918441772460938e+01
-9.025019073486328125e+01,2.720166206359863281e+01
-9.025066375732421875e+01,2.720188713073730469e+01
-9.025046539306640625e+01,2.720124244689941406e+01
-9.025057983398437500e+01,2.719981765747070312e+01
-9.025115203857421875e+01,2.719987678527832031e+01
-9.025185394287109375e+01,2.720055580139160156e+01
-9.025145721435546875e+01,2.720174026489257812e+01
-9.025186157226562500e+01,2.720070075988769531e+01
-9.025083160400390625e+01,2.720130729675292969e+01
-9.025097656250000000e+01,2.720152091979980469e+01
-9.025209045410156250e+01,2.720021820068359375e+01
-9.025122070312500000e+01,2.719855499267578125e+01
-9.025003051757812500e+01,2.720172119140625000e+01
-9.025164794921875000e+01,2.720110893249511719e+01
-9.025179290771484375e+01,2.720087432861328125e+01
-9.025032043457031250e+01,2.720170021057128906e+01
-9.025151062011718750e+01,2.719891548156738281e+01
-9.025118255615234375e+01,2.720135688781738281e+01
-9.025160217285156250e+01,2.719844055175781250e+01
-9.025112915039062500e+01,2.719859695434570312e+01
-9.025105285644531250e+01,2.719967460632324219e+01
-9.025157165527343750e+01,2.720013427734375000e+01
-9.025104522705078125e+01,2.720132064819335938e+01
-9.025183105468750000e+01,2.719880104064941406e+01
-9.025089263916015625e+01,2.720020675659179688e+01
-9.025229644775390625e+01,2.719932365417480469e+01
-9.025171661376953125e+01,2.719906044006347656e+01
-9.025223541259765625e+01,2.720036125183105469e+01
-9.025046539306640625e+01,2.720093727111816406e+01
-9.025104522705078125e+01,2.719948387145996094e+01
-9.025063323974609375e+01,2.719992256164550781e+01
-9.025173187255859375e+01,2.719929122924804688e+01
-9.025193786621093750e+01,2.720030593872070312e+01
-9.025148773193359375e+01,2.719932746887207031e+01
-9.025178527832031250e+01,2.720106697082519531e+01
-9.025025939941406250e+01,2.720112609863281250e+01
-9.025153350830078125e+01,2.719832038879394531e+01
-9.025089263916015625e+01,2.719916725158691406e+01
-9.025180816650390625e+01,2.719868469238281250e+01
-9.025048065185546875e+01,2.720018196105957031e+01
-9.025124359130859375e+01,2.719854736328125000e+01
-9.025059509277343750e+01,2.720223045349121094e+01
-9.025182342529296875e+01,2.719909286499023438e+01
-9.025054168701171875e+01,2.720049095153808594e+01
-9.025003814697265625e+01,2.720072555541992188e+01
-9.025254821777343750e+01,2.719898223876953125e+01
-9.025254058837890625e+01,2.719892883300781250e+01
-9.025100708007812500e+01,2.719954299926757812e+01
-9.025003814697265625e+01,2.720187759399414062e+01
-9.025244903564453125e+01,2.719890213012695312e+01
-9.025132751464843750e+01,2.720139312744140625e+01
-9.025096893310546875e+01,2.720042610168457031e+01
-9.025114440917968750e+01,2.720041084289550781e+01
-9.025209808349609375e+01,2.719914245605468750e+01
-9.025054168701171875e+01,2.719986343383789062e+01
-9.025015258789062500e+01,2.720103263854980469e+01
-9.025209045410156250e+01,2.720056915283203125e+01
-9.025114440917968750e+01,2.719916725158691406e+01
-9.025046539306640625e+01,2.720138549804687500e+01
-9.025116729736328125e+01,2.720073509216308594e+01
-9.025193786621093750e+01,2.719874954223632812e+01
-9.025135803222656250e+01,2.720133781433105469e+01
-9.025151824951171875e+01,2.719837951660156250e+01
-9.025200653076171875e+01,2.719912528991699219e+01
-9.025137329101562500e+01,2.720023345947265625e+01
-9.025195312500000000e+01,2.719873237609863281e+01
-9.025055694580078125e+01,2.720140647888183594e+01
-9.025164031982421875e+01,2.720068931579589844e+01
-9.025180816650390625e+01,2.719970130920410156e+01
-9.025021362304687500e+01,2.720112991333007812e+01
-9.025122070312500000e+01,2.720160102844238281e+01
-9.025196838378906250e+01,2.719988059997558594e+01
-9.025119781494140625e+01,2.720173263549804688e+01
-9.025144195556640625e+01,2.719976043701171875e+01
-9.025150299072265625e+01,2.719928550720214844e+01
-9.025125122070312500e+01,2.720105934143066406e+01
-9.025135040283203125e+01,2.719842147827148438e+01
-9.025021362304687500e+01,2.720158576965332031e+01
-9.025165557861328125e+01,2.719941329956054688e+01
-9.025177764892578125e+01,2.719875526428222656e+01
-9.025131988525390625e+01,2.720104789733886719e+01
-9.025119018554687500e+01,2.719882774353027344e+01
-9.025101470947265625e+01,2.719883346557617188e+01
-9.025128936767578125e+01,2.720109367370605469e+01
-9.025178527832031250e+01,2.720030021667480469e+01
-9.025104522705078125e+01,2.720111465454101562e+01
-9.025009155273437500e+01,2.720104217529296875e+01
-9.025115966796875000e+01,2.720170974731445312e+01
-9.025215911865234375e+01,2.719886207580566406e+01
-9.025254058837890625e+01,2.719946670532226562e+01
-9.025179290771484375e+01,2.720019721984863281e+01
-9.025095367431640625e+01,2.719911575317382812e+01
-9.025190734863281250e+01,2.719928169250488281e+01
-9.025029754638671875e+01,2.720178604125976562e+01
-9.025177764892578125e+01,2.720065307617187500e+01
-9.025170135498046875e+01,2.720072364807128906e+01
-9.025038909912109375e+01,2.720092391967773438e+01
-9.025077819824218750e+01,2.719945907592773438e+01
-9.025182342529296875e+01,2.720040321350097656e+01
-9.025216674804687500e+01,2.719992065429687500e+01
-9.025135040283203125e+01,2.720042228698730469e+01
-9.025201416015625000e+01,2.720085525512695312e+01
-9.025166320800781250e+01,2.720013999938964844e+01
-9.025043487548828125e+01,2.720045471191406250e+01
-9.025196075439453125e+01,2.719882774353027344e+01
-9.025105285644531250e+01,2.719920730590820312e+01
-9.025189971923828125e+01,2.719935417175292969e+01
-9.025144195556640625e+01,2.720070838928222656e+01
-9.025081634521484375e+01,2.720171928405761719e+01
-9.025016021728515625e+01,2.720163345336914062e+01
-9.025131988525390625e+01,2.720190429687500000e+01
-9.025071716308593750e+01,2.720039749145507812e+01
-9.025189208984375000e+01,2.719965934753417969e+01
-9.025187683105468750e+01,2.719873428344726562e+01
-9.025205993652343750e+01,2.719978713989257812e+01
-9.025156402587890625e+01,2.720051383972167969e+01
-9.025026702880859375e+01,2.720076560974121094e+01
-9.025129699707031250e+01,2.719974708557128906e+01
-9.025242614746093750e+01,2.719907188415527344e+01
-9.025154113769531250e+01,2.719948005676269531e+01
-9.025100708007812500e+01,2.719856071472167969e+01
-9.025147247314453125e+01,2.719864654541015625e+01
-9.025138854980468750e+01,2.720092964172363281e+01
-9.025124359130859375e+01,2.719910240173339844e+01
-9.025095367431640625e+01,2.720035743713378906e+01
-9.025130462646484375e+01,2.719860839843750000e+01
-9.025028228759765625e+01,2.720016098022460938e+01
-9.025164794921875000e+01,2.719892120361328125e+01
-9.025168609619140625e+01,2.719829559326171875e+01
-9.025109100341796875e+01,2.719895172119140625e+01
-9.024994659423828125e+01,2.720180130004882812e+01
-9.025162506103515625e+01,2.719974327087402344e+01
-9.025244903564453125e+01,2.719872093200683594e+01
-9.025057220458984375e+01,2.720200920104980469e+01
-9.025037384033203125e+01,2.719999122619628906e+01
-9.025063323974609375e+01,2.720078277587890625e+01
-9.025179290771484375e+01,2.720063591003417969e+01
-9.025172424316406250e+01,2.719936943054199219e+01
-9.025063323974609375e+01,2.720209503173828125e+01
-9.025077056884765625e+01,2.720065689086914062e+01
-9.025193786621093750e+01,2.719953536987304688e+01
-9.025170898437500000e+01,2.720136642456054688e+01
-9.025168609619140625e+01,2.720132637023925781e+01
-9.025052642822265625e+01,2.720096778869628906e+01
-9.025191497802734375e+01,2.720077133178710938e+01
-9.025086212158203125e+01,2.720181083679199219e+01
-9.025044250488281250e+01,2.720174980163574219e+01
-9.025078582763671875e+01,2.720015907287597656e+01
-9.025027465820312500e+01,2.720133018493652344e+01
-9.025164794921875000e+01,2.719862747192382812e+01
-9.025074005126953125e+01,2.720137405395507812e+01
-9.025229644775390625e+01,2.719931030273437500e+01
-9.025075531005859375e+01,2.720066452026367188e+01
-9.025178527832031250e+01,2.719931030273437500e+01
-9.025032806396484375e+01,2.719986343383789062e+01
-9.025207519531250000e+01,2.720065116882324219e+01
-9.025138854980468750e+01,2.720071220397949219e+01
-9.025147247314453125e+01,2.719915199279785156e+01
-9.025180816650390625e+01,2.719930076599121094e+01
-9.025228118896484375e+01,2.719912528991699219e+01
-9.025221252441406250e+01,2.719866180419921875e+01
-9.025170898437500000e+01,2.719937133789062500e+01
-9.025128936767578125e+01,2.719870185852050781e+01
-9.025108337402343750e+01,2.719930648803710938e+01
-9.025211334228515625e+01,2.720029258728027344e+01
-9.025172424316406250e+01,2.719851875305175781e+01
-9.025144958496093750e+01,2.720107269287109375e+01
-9.025168609619140625e+01,2.720041847229003906e+01
-9.025173950195312500e+01,2.720054435729980469e+01
-9.025107574462890625e+01,2.719962310791015625e+01
-9.025150299072265625e+01,2.719955444335937500e+01
-9.025238800048828125e+01,2.719871520996093750e+01
-9.025220489501953125e+01,2.719881248474121094e+01
-9.025064086914062500e+01,2.719963264465332031e+01
-9.025163269042968750e+01,2.719868659973144531e+01
-9.025111389160156250e+01,2.719977569580078125e+01
-9.025234222412109375e+01,2.719869422912597656e+01
-9.025012207031250000e+01,2.720169830322265625e+01
-9.025015258789062500e+01,2.720194053649902344e+01
-9.025224304199218750e+01,2.719996070861816406e+01
-9.025102233886718750e+01,2.720001029968261719e+01
-9.025009155273437500e+01,2.720119285583496094e+01
-9.025096893310546875e+01,2.720042800903320312e+01
-9.025178527832031250e+01,2.720003509521484375e+01
-9.025170135498046875e+01,2.720082092285156250e+01
-9.025009155273437500e+01,2.720115852355957031e+01
-9.025229644775390625e+01,2.719990730285644531e+01
-9.025151062011718750e+01,2.720090103149414062e+01
-9.025090789794921875e+01,2.720013618469238281e+01
-9.025070190429687500e+01,2.719957923889160156e+01
-9.025152587890625000e+01,2.719860649108886719e+01
-9.025122833251953125e+01,2.720109176635742188e+01
-9.025150299072265625e+01,2.720112228393554688e+01
-9.025173950195312500e+01,2.719989204406738281e+01
-9.025187683105468750e+01,2.719977951049804688e+01
-9.025173187255859375e+01,2.719864463806152344e+01
-9.025147247314453125e+01,2.719881820678710938e+01
-9.025028228759765625e+01,2.720135688781738281e+01
-9.025048065185546875e+01,2.719986534118652344e+01
-9.025106811523437500e+01,2.720106887817382812e+01
-9.025028991699218750e+01,2.720073127746582031e+01
-9.025219726562500000e+01,2.720014190673828125e+01
-9.025138854980468750e+01,2.719863128662109375e+01
-9.025109100341796875e+01,2.720138740539550781e+01
-9.025010681152343750e+01,2.720069503784179688e+01
-9.025112152099609375e+01,2.720129013061523438e+01
-9.025235748291015625e+01,2.719907951354980469e+01
-9.025008392333984375e+01,2.720189094543457031e+01
-9.025179290771484375e+01,2.719954490661621094e+01
-9.025134277343750000e+01,2.719980430603027344e+01
-9.025236511230468750e+01,2.719898033142089844e+01
-9.025121307373046875e+01,2.720047378540039062e+01
-9.025144958496093750e+01,2.720038986206054688e+01
-9.024999237060546875e+01,2.720160675048828125e+01
-9.025048065185546875e+01,2.720076751708984375e+01
-9.025045776367187500e+01,2.720160865783691406e+01
-9.025214385986328125e+01,2.719948577880859375e+01
-9.025171661376953125e+01,2.720097923278808594e+01
-9.025110626220703125e+01,2.719944572448730469e+01
-9.025084686279296875e+01,2.719919586181640625e+01
-9.025082397460937500e+01,2.720083808898925781e+01
-9.025154876708984375e+01,2.720088768005371094e+01
-9.025177001953125000e+01,2.719865036010742188e+01
-9.025170898437500000e+01,2.719933128356933594e+01
-9.025045013427734375e+01,2.720043373107910156e+01
-9.025249481201171875e+01,2.719898986816406250e+01
-9.025107574462890625e+01,2.719886970520019531e+01
-9.025022125244140625e+01,2.720073699951171875e+01
-9.025144195556640625e+01,2.720107269287109375e+01
-9.025189208984375000e+01,2.720092964172363281e+01
-9.025181579589843750e+01,2.720046615600585938e+01
-9.025238037109375000e+01,2.719891738891601562e+01
-9.025154113769531250e+01,2.719977188110351562e+01
-9.025101470947265625e+01,2.720059967041015625e+01
-9.025238037109375000e+01,2.719934463500976562e+01
-9.025135040283203125e+01,2.719959640502929688e+01
-9.025216674804687500e+01,2.719832992553710938e+01
-9.025060272216796875e+01,2.720083427429199219e+01
-9.025109100341796875e+01,2.720212364196777344e+01
-9.025173950195312500e+01,2.719893264770507812e+01
-9.025086212158203125e+01,2.720105743408203125e+01
-9.025109100341796875e+01,2.719997787475585938e+01
-9.025037384033203125e+01,2.719979095458984375e+01
-9.025029754638671875e+01,2.720046615600585938e+01
-9.025244140625000000e+01,2.719965934753417969e+01
-9.025070190429687500e+01,2.720075988769531250e+01
-9.025085449218750000e+01,2.720091438293457031e+01
-9.025177001953125000e+01,2.719905471801757812e+01
-9.025120544433593750e+01,2.719994354248046875e+01
-9.025098419189453125e+01,2.720071411132812500e+01
-9.025132751464843750e+01,2.719916343688964844e+01
-9.025032806396484375e+01,2.720115470886230469e+01
-9.025132751464843750e+01,2.720082855224609375e+01
-9.025179290771484375e+01,2.719979476928710938e+01
-9.025157928466796875e+01,2.720115089416503906e+01
-9.025085449218750000e+01,2.720190238952636719e+01
-9.025144958496093750e+01,2.720028495788574219e+01
-9.025148010253906250e+01,2.719850349426269531e+01
-9.025238037109375000e+01,2.719956398010253906e+01
-9.025030517578125000e+01,2.720085716247558594e+01
-9.025053405761718750e+01,2.720027351379394531e+01
-9.025003814697265625e+01,2.720110130310058594e+01
-9.025172424316406250e+01,2.719862556457519531e+01
-9.025118255615234375e+01,2.720023155212402344e+01
-9.025137329101562500e+01,2.719855308532714844e+01
-9.025129699707031250e+01,2.719929695129394531e+01
-9.025186920166015625e+01,2.720079612731933594e+01
-9.025212097167968750e+01,2.719935798645019531e+01
-9.025016784667968750e+01,2.720165634155273438e+01
-9.025110626220703125e+01,2.719893455505371094e+01
-9.025213623046875000e+01,2.720011901855468750e+01
-9.025086212158203125e+01,2.720183944702148438e+01
-9.025249481201171875e+01,2.719915008544921875e+01
-9.025192260742187500e+01,2.720008659362792969e+01
-9.025144195556640625e+01,2.720089912414550781e+01
-9.025131988525390625e+01,2.720182800292968750e+01
-9.025042724609375000e+01,2.720202255249023438e+01
-9.025162506103515625e+01,2.720028877258300781e+01
-9.025244140625000000e+01,2.719906997680664062e+01
-9.025085449218750000e+01,2.719922256469726562e+01
-9.025069427490234375e+01,2.719978523254394531e+01
-9.025174713134765625e+01,2.720128059387207031e+01
-9.025122070312500000e+01,2.720067214965820312e+01
-9.025173950195312500e+01,2.720036697387695312e+01
-9.025177764892578125e+01,2.720110130310058594e+01
-9.025016784667968750e+01,2.720193862915039062e+01
-9.025057983398437500e+01,2.720136642456054688e+01
-9.025191497802734375e+01,2.720010185241699219e+01
-9.025124359130859375e+01,2.719881820678710938e+01
-9.025205993652343750e+01,2.719977188110351562e+01
-9.025061798095703125e+01,2.720127105712890625e+01
-9.025175476074218750e+01,2.719827270507812500e+01
-9.025086975097656250e+01,2.719942855834960938e+01
-9.025075531005859375e+01,2.720215225219726562e+01
-9.025174713134765625e+01,2.719881629943847656e+01
-9.025141906738281250e+01,2.719882774353027344e+01
-9.025059509277343750e+01,2.720109558105468750e+01
-9.025193786621093750e+01,2.719949340820312500e+01
-9.025241851806640625e+01,2.719932937622070312e+01
-9.025203704833984375e+01,2.720043754577636719e+01
-9.025205230712890625e+01,2.720059585571289062e+01
-9.025172424316406250e+01,2.719992446899414062e+01
-9.025013732910156250e+01,2.720203018188476562e+01
-9.025151824951171875e+01,2.720124816894531250e+01
-9.025131988525390625e+01,2.720105361938476562e+01
-9.025064086914062500e+01,2.719985771179199219e+01
-9.025197601318359375e+01,2.720016670227050781e+01
-9.025081634521484375e+01,2.720034027099609375e+01
-9.025227355957031250e+01,2.719927787780761719e+01
-9.025119018554687500e+01,2.719979286193847656e+01
-9.025110626220703125e+01,2.720021438598632812e+01
-9.025146484375000000e+01,2.720096206665039062e+01
-9.025117492675781250e+01,2.720135879516601562e+01
-9.025090026855468750e+01,2.720017242431640625e+01
-9.025200653076171875e+01,2.720078849792480469e+01
-9.025208282470703125e+01,2.719948387145996094e+01
-9.025052642822265625e+01,2.719975090026855469e+01
-9.025141906738281250e+01,2.719972610473632812e+01
-9.025151062011718750e+01,2.720045852661132812e+01
-9.025083160400390625e+01,2.719935798645019531e+01
-9.025041961669921875e+01,2.719966125488281250e+01
-9.025032043457031250e+01,2.720039558410644531e+01
-9.025151824951171875e+01,2.719924354553222656e+01
-9.025031280517578125e+01,2.720012664794921875e+01
-9.025083160400390625e+01,2.720076370239257812e+01
-9.025090789794921875e+01,2.719998741149902344e+01
-9.025107574462890625e+01,2.720197296142578125e+01
-9.025141906738281250e+01,2.720140075683593750e+01
-9.025120544433593750e+01,2.720152473449707031e+01
-9.025050354003906250e+01,2.719993972778320312e+01
-9.025180053710937500e+01,2.719932746887207031e+01
-9.025241851806640625e+01,2.719972610473632812e+01
-9.025151062011718750e+01,2.720144844055175781e+01
-9.025127410888671875e+01,2.719920158386230469e+01
-9.025037384033203125e+01,2.719980430603027344e+01
-9.025231933593750000e+01,2.719867515563964844e+01
-9.025167846679687500e+01,2.719937705993652344e+01
-9.025083923339843750e+01,2.719937705993652344e+01
-9.025120544433593750e+01,2.719855690002441406e+01
-9.025116729736328125e+01,2.720058822631835938e+01
-9.025135803222656250e+01,2.720091056823730469e+01
-9.025183868408203125e+01,2.719859695434570312e+01
-9.025173187255859375e+01,2.720059204101562500e+01
-9.025035858154296875e+01,2.720081520080566406e+01
-9.025106048583984375e+01,2.720101356506347656e+01
-9.025160980224609375e+01,2.720090293884277344e+01
-9.025097656250000000e+01,2.720143890380859375e+01
-9.025193023681640625e+01,2.719989013671875000e+01
-9.025145721435546875e+01,2.720078849792480469e+01
-9.025090789794921875e+01,2.720005035400390625e+01
-9.025225067138671875e+01,2.719846153259277344e+01
-9.025036621093750000e+01,2.720110893249511719e+01
-9.025181579589843750e+01,2.719992256164550781e+01
-9.025208282470703125e+01,2.719836807250976562e+01
-9.025102233886718750e+01,2.720060920715332031e+01
-9.025134277343750000e+01,2.720099449157714844e+01
-9.025045013427734375e+01,2.720136642456054688e+01
-9.025152587890625000e+01,2.720067977905273438e+01
-9.025171661376953125e+01,2.719937705993652344e+01
-9.025248718261718750e+01,2.719943618774414062e+01
-9.025221252441406250e+01,2.719997406005859375e+01
-9.025009918212890625e+01,2.720148277282714844e+01
-9.025189971923828125e+01,2.720045471191406250e+01
-9.025096893310546875e+01,2.720145416259765625e+01
-9.025155639648437500e+01,2.720090484619140625e+01
-9.025231170654296875e+01,2.719935226440429688e+01
-9.025068664550781250e+01,2.720017433166503906e+01
-9.025054931640625000e+01,2.720205497741699219e+01
-9.025191497802734375e+01,2.719985961914062500e+01
-9.025028228759765625e+01,2.720033264160156250e+01
-9.025218200683593750e+01,2.719857788085937500e+01
-9.025079345703125000e+01,2.720078849792480469e+01
-9.025092315673828125e+01,2.720214462280273438e+01
-9.025180816650390625e+01,2.719982147216796875e+01
-9.025064849853515625e+01,2.720074844360351562e+01
-9.025037384033203125e+01,2.720034027099609375e+01
-9.025040435791015625e+01,2.720150947570800781e+01
-9.025095367431640625e+01,2.720182228088378906e+01
-9.025132751464843750e+01,2.719966506958007812e+01
-9.025210571289062500e+01,2.720005416870117188e+01
-9.025091552734375000e+01,2.720150947570800781e+01
-9.025125122070312500e+01,2.720166587829589844e+01
-9.025049591064453125e+01,2.720044517517089844e+01
-9.025125885009765625e+01,2.720118331909179688e+01
-9.025089263916015625e+01,2.720099258422851562e+01
-9.025125885009765625e+01,2.720130729675292969e+01
-9.025102996826171875e+01,2.720068550109863281e+01
-9.025149536132812500e+01,2.720048522949218750e+01
-9.025077819824218750e+01,2.719981765747070312e+01
-9.025235748291015625e+01,2.720005798339843750e+01
-9.025120544433593750e+01,2.720166015625000000e+01
-9.025078582763671875e+01,2.720049858093261719e+01
-9.025192260742187500e+01,2.720008850097656250e+01
-9.025110626220703125e+01,2.719897270202636719e+01
-9.025170898437500000e+01,2.720122718811035156e+01
-9.025135040283203125e+01,2.719890403747558594e+01
-9.025234222412109375e+01,2.719952201843261719e+01
-9.025200653076171875e+01,2.719988632202148438e+01
-9.025170898437500000e+01,2.719940185546875000e+01
-9.025011444091796875e+01,2.720141410827636719e+01
-9.025093078613281250e+01,2.720094871520996094e+01
-9.025181579589843750e+01,2.719886016845703125e+01
-9.025095367431640625e+01,2.720007896423339844e+01
-9.025079345703125000e+01,2.719961929321289062e+01
-9.025205230712890625e+01,2.719878959655761719e+01
-9.025039672851562500e+01,2.720060920715332031e+01
-9.025051116943359375e+01,2.720124626159667969e+01
-9.025074005126953125e+01,2.720184707641601562e+01
-9.025128936767578125e+01,2.719895553588867188e+01
-9.025058746337890625e+01,2.720080375671386719e+01
-9.025177001953125000e+01,2.720112037658691406e+01
-9.025170135498046875e+01,2.719855690002441406e+01
-9.025199890136718750e+01,2.719926834106445312e+01
-9.025004577636718750e+01,2.720145225524902344e+01
-9.025162506103515625e+01,2.720078659057617188e+01
-9.025225067138671875e+01,2.719869422912597656e+01
-9.025206756591796875e+01,2.719883728027343750e+01
-9.025206756591796875e+01,2.719979667663574219e+01
-9.025074768066406250e+01,2.720169639587402344e+01
-9.025115966796875000e+01,2.719878768920898438e+01
-9.025077056884765625e+01,2.720074844360351562e+01
-9.025219726562500000e+01,2.719869804382324219e+01
-9.025174713134765625e+01,2.720070266723632812e+01
-9.025156402587890625e+01,2.719865798950195312e+01
-9.025026702880859375e+01,2.720184516906738281e+01
-9.025084686279296875e+01,2.720140266418457031e+01
-9.025238800048828125e+01,2.719943428039550781e+01
-9.025013732910156250e+01,2.720219612121582031e+01
-9.025214385986328125e+01,2.719993972778320312e+01
-9.025106811523437500e+01,2.719948577880859375e+01
-9.025032043457031250e+01,2.720030975341796875e+01
-9.025148773193359375e+01,2.719857788085937500e+01
-9.025246429443359375e+01,2.719970703125000000e+01
-9.025221252441406250e+01,2.719853210449218750e+01
-9.025123596191406250e+01,2.719841003417968750e+01
-9.025128173828125000e+01,2.719947624206542969e+01
-9.025084686279296875e+01,2.720186996459960938e+01
-9.025025939941406250e+01,2.720039939880371094e+01
-9.025137329101562500e+01,2.720018196105957031e+01
-9.025037384033203125e+01,2.720069313049316406e+01
-9.025205230712890625e+01,2.719890022277832031e+01
-9.025197601318359375e+01,2.719942092895507812e+01
-9.025044250488281250e+01,2.720102500915527344e+01
-9.025199127197265625e+01,2.720097923278808594e+01
-9.025189208984375000e+01,2.719946098327636719e+01
-9.025086212158203125e+01,2.720196342468261719e+01
-9.025193023681640625e+01,2.720088958740234375e+01
-9.025089263916015625e+01,2.720075225830078125e+01
-9.025083923339843750e+01,2.720103454589843750e+01
-9.025093078613281250e+01,2.720066261291503906e+01
-9.025178527832031250e+01,2.719952583312988281e+01
-9.025170135498046875e+01,2.720078086853027344e+01
-9.025118255615234375e+01,2.720203208923339844e+01
-9.025021362304687500e+01,2.720176506042480469e+01
-9.025079345703125000e+01,2.720007514953613281e+01
-9.025186920166015625e+01,2.719969367980957031e+01
-9.025186920166015625e+01,2.720083427429199219e+01
-9.025135040283203125e+01,2.719846916198730469e+01
-9.025167846679687500e+01,2.719944190979003906e+01
-9.025139617919921875e+01,2.720109558105468750e+01
-9.025102233886718750e+01,2.720071601867675781e+01
-9.025124359130859375e+01,2.719929313659667969e+01
-9.025101470947265625e+01,2.720165824890136719e+01
-9.025043487548828125e+01,2.720143890380859375e+01
-9.025217437744140625e+01,2.720033264160156250e+01
-9.025074005126953125e+01,2.719937515258789062e+01
-9.025047302246093750e+01,2.720050048828125000e+01
-9.025090026855468750e+01,2.720016860961914062e+01
-9.025116729736328125e+01,2.720207405090332031e+01
-9.025219726562500000e+01,2.719853019714355469e+01
-9.025208282470703125e+01,2.719988250732421875e+01
-9.025127410888671875e+01,2.720134544372558594e+01
-9.025040435791015625e+01,2.720209121704101562e+01
-9.025072479248046875e+01,2.720187950134277344e+01
-9.025123596191406250e+01,2.720173072814941406e+01
-9.025100708007812500e+01,2.720199775695800781e+01
-9.025179290771484375e+01,2.720096778869628906e+01
-9.025138854980468750e+01,2.720143890380859375e+01
-9.025096130371093750e+01,2.720069694519042969e+01
-9.025027465820312500e+01,2.720194053649902344e+01
-9.025041198730468750e+01,2.719982528686523438e+01
-9.025192260742187500e+01,2.719848442077636719e+01
-9.025048065185546875e+01,2.720184898376464844e+01
-9.025131988525390625e+01,2.719964981079101562e+01
-9.025091552734375000e+01,2.719918251037597656e+01
-9.025035858154296875e+01,2.720042991638183594e+01
-9.025064849853515625e+01,2.719968795776367188e+01
-9.025049591064453125e+01,2.720219802856445312e+01
-9.025245666503906250e+01,2.719930839538574219e+01
-9.025129699707031250e+01,2.719891929626464844e+01
-9.025028228759765625e+01,2.720100021362304688e+01
-9.025228881835937500e+01,2.719960594177246094e+01
-9.025195312500000000e+01,2.719964790344238281e+01
-9.025209808349609375e+01,2.719956398010253906e+01
-9.025145721435546875e+01,2.719919395446777344e+01
-9.025173187255859375e+01,2.719983673095703125e+01
-9.025009155273437500e+01,2.720090675354003906e+01
-9.025178527832031250e+01,2.720013046264648438e+01
-9.025030517578125000e+01,2.720135116577148438e+01
-9.025190734863281250e+01,2.719915580749511719e+01
-9.025151824951171875e+01,2.720140838623046875e+01
-9.025066375732421875e+01,2.720040893554687500e+01
-9.025098419189453125e+01,2.719936943054199219e+01
-9.025033569335937500e+01,2.720156097412109375e+01
-9.025257110595703125e+01,2.719889831542968750e+01
-9.025188446044921875e+01,2.719912910461425781e+01
-9.025085449218750000e+01,2.720004272460937500e+01
-9.025125122070312500e+01,2.720127677917480469e+01
-9.025229644775390625e+01,2.719947624206542969e+01
-9.025155639648437500e+01,2.720049095153808594e+01
-9.025207519531250000e+01,2.719915580749511719e+01
-9.025125885009765625e+01,2.720093345642089844e+01
-9.025010681152343750e+01,2.720130348205566406e+01
-9.025246429443359375e+01,2.719959449768066406e+01
-9.025082397460937500e+01,2.719989204406738281e+01
-9.025018310546875000e+01,2.720067596435546875e+01
-9.025089263916015625e+01,2.720200538635253906e+01
-9.025161743164062500e+01,2.720051574707031250e+01
-9.025177001953125000e+01,2.719891166687011719e+01
-9.025049591064453125e+01,2.720089340209960938e+01
-9.025025177001953125e+01,2.720182037353515625e+01
-9.025199127197265625e+01,2.720024681091308594e+01
-9.025151824951171875e+01,2.720136833190917969e+01
-9.025080871582031250e+01,2.720052146911621094e+01
-9.025120544433593750e+01,2.719912147521972656e+01
-9.025042724609375000e+01,2.719956588745117188e+01
-9.025244140625000000e+01,2.719875335693359375e+01
-9.025146484375000000e+01,2.719914245605468750e+01
-9.025041961669921875e+01,2.720061302185058594e+01
-9.025167846679687500e+01,2.719890975952148438e+01
-9.025079345703125000e+01,2.719947814941406250e+01
-9.025109863281250000e+01,2.720002746582031250e+01
-9.025065612792968750e+01,2.720124053955078125e+01
-9.025205230712890625e+01,2.719895935058593750e+01
-9.025094604492187500e+01,2.720148277282714844e+01
-9.025167083740234375e+01,2.720115280151367188e+01
-9.025180053710937500e+01,2.719932556152343750e+01
-9.025123596191406250e+01,2.719969749450683594e+01
-9.025173187255859375e+01,2.720135498046875000e+01
-9.025164031982421875e+01,2.720070648193359375e+01
-9.025228118896484375e+01,2.719970130920410156e+01
-9.025224304199218750e+01,2.719911575317382812e+01
-9.025202941894531250e+01,2.719984054565429688e+01
-9.025053405761718750e+01,2.720149803161621094e+01
-9.025115203857421875e+01,2.719903182983398438e+01
-9.025118255615234375e+01,2.720141410827636719e+01
-9.025123596191406250e+01,2.719980812072753906e+01
-9.025180816650390625e+01,2.719984626770019531e+01
-9.025157165527343750e+01,2.719928550720214844e+01
-9.025135803222656250e+01,2.720066452026367188e+01
-9.025133514404296875e+01,2.719934654235839844e+01
-9.025202178955078125e+01,2.720047569274902344e+01
-9.025175476074218750e+01,2.719923400878906250e+01
-9.025027465820312500e+01,2.720093154907226562e+01
-9.025211334228515625e+01,2.719836997985839844e+01
-9.025030517578125000e+01,2.720120048522949219e+01
-9.025107574462890625e+01,2.719891929626464844e+01
-9.025252532958984375e+01,2.719885635375976562e+01
-9.025247192382812500e+01,2.719912338256835938e+01
-9.025074768066406250e+01,2.720164489746093750e+01
-9.025065612792968750e+01,2.720158004760742188e+01
-9.025085449218750000e+01,2.719919586181640625e+01
-9.025143432617187500e+01,2.720137405395507812e+01
-9.025200653076171875e+01,2.719915199279785156e+01
-9.025186920166015625e+01,2.720044326782226562e+01
-9.025144958496093750e+01,2.719923782348632812e+01
-9.025012207031250000e+01,2.720126342773437500e+01
-9.025202178955078125e+01,2.719902038574218750e+01
-9.025198364257812500e+01,2.719898223876953125e+01
-9.025064086914062500e+01,2.720028495788574219e+01
-9.025079345703125000e+01,2.719929885864257812e+01
-9.025131988525390625e+01,2.720066070556640625e+01
-9.025202178955078125e+01,2.720082664489746094e+01
-9.025073242187500000e+01,2.719938659667968750e+01
-9.025216674804687500e+01,2.720028877258300781e+01
-9.025136566162109375e+01,2.719989013671875000e+01
-9.025135040283203125e+01,2.720112037658691406e+01
-9.025199127197265625e+01,2.720062637329101562e+01
-9.025135040283203125e+01,2.719985008239746094e+01
-9.025176239013671875e+01,2.719868087768554688e+01
-9.025133514404296875e+01,2.719983482360839844e+01
-9.025061798095703125e+01,2.720176315307617188e+01
-9.025204467773437500e+01,2.719839477539062500e+01
-9.025022125244140625e+01,2.720113563537597656e+01
-9.025227355957031250e+01,2.719956207275390625e+01
-9.025125885009765625e+01,2.720010566711425781e+01
-9.025183868408203125e+01,2.720036888122558594e+01
-9.025109863281250000e+01,2.720030403137207031e+01
-9.025173950195312500e+01,2.719897460937500000e+01
-9.025057983398437500e+01,2.720151519775390625e+01
-9.025182342529296875e+01,2.719989013671875000e+01
-9.025189971923828125e+01,2.720014953613281250e+01
-9.025189208984375000e+01,2.720016479492187500e+01
-9.025102996826171875e+01,2.719872093200683594e+01
-9.025038146972656250e+01,2.720130729675292969e+01
-9.025241851806640625e+01,2.719936180114746094e+01
-9.025144958496093750e+01,2.719994735717773438e+01
-9.025181579589843750e+01,2.719828224182128906e+01
-9.025127410888671875e+01,2.719905662536621094e+01
-9.025019836425781250e+01,2.720179748535156250e+01
-9.025262451171875000e+01,2.719927215576171875e+01
-9.025060272216796875e+01,2.720084571838378906e+01
-9.025114440917968750e+01,2.720031929016113281e+01
-9.025243377685546875e+01,2.719900321960449219e+01
-9.025078582763671875e+01,2.719945526123046875e+01
-9.025140380859375000e+01,2.719994926452636719e+01
-9.025187683105468750e+01,2.719913101196289062e+01
-9.025151062011718750e+01,2.719866561889648438e+01
-9.025146484375000000e+01,2.719931030273437500e+01
-9.025008392333984375e+01,2.720096588134765625e+01
-9.025155639648437500e+01,2.719907569885253906e+01
-9.025147247314453125e+01,2.719932746887207031e+01
-9.025057983398437500e+01,2.720178222656250000e+01
-9.025082397460937500e+01,2.720129966735839844e+01
-9.025177764892578125e+01,2.720010185241699219e+01
-9.025077819824218750e+01,2.719944381713867188e+01
-9.025173950195312500e+01,2.720099449157714844e+01
-9.025076293945312500e+01,2.719983100891113281e+01
-9.025144958496093750e+01,2.719977760314941406e+01
-9.025067138671875000e+01,2.719966316223144531e+01
-9.025024414062500000e+01,2.720015525817871094e+01
-9.025230407714843750e+01,2.719937705993652344e+01
-9.025051116943359375e+01,2.719989776611328125e+01
-9.025126647949218750e+01,2.720158767700195312e+01
-9.025187683105468750e+01,2.719923210144042969e+01
-9.025213623046875000e+01,2.719915962219238281e+01
-9.025098419189453125e+01,2.719916915893554688e+01
-9.025148773193359375e+01,2.719926452636718750e+01
-9.025099945068359375e+01,2.720046234130859375e+01
-9.025115203857421875e+01,2.720167732238769531e+01
-9.025207519531250000e+01,2.720071983337402344e+01
-9.025109100341796875e+01,2.719930076599121094e+01
-9.025127410888671875e+01,2.720194625854492188e+01
-9.025136566162109375e+01,2.719894599914550781e+01
-9.025062561035156250e+01,2.720215225219726562e+01
-9.025095367431640625e+01,2.719974136352539062e+01
-9.025075531005859375e+01,2.720012855529785156e+01
-9.025061798095703125e+01,2.719989395141601562e+01
-9.025238037109375000e+01,2.719951629638671875e+01
-9.025059509277343750e+01,2.720045852661132812e+01
-9.025057983398437500e+01,2.720178794860839844e+01
-9.025171661376953125e+01,2.719831848144531250e+01
-9.025238800048828125e+01,2.719956016540527344e+01
-9.025098419189453125e+01,2.720091056823730469e+01
-9.025208282470703125e+01,2.720089530944824219e+01
-9.025057220458984375e+01,2.720160865783691406e+01
-9.025183105468750000e+01,2.720095443725585938e+01
-9.025117492675781250e+01,2.720140075683593750e+01
-9.025072479248046875e+01,2.720150947570800781e+01
-9.025199127197265625e+01,2.719869995117187500e+01
-9.025117492675781250e+01,2.720111656188964844e+01
-9.025044250488281250e+01,2.719975280761718750e+01
-9.025074768066406250e+01,2.720051002502441406e+01
-9.025148010253906250e+01,2.720006752014160156e+01
-9.025124359130859375e+01,2.719945716857910156e+01
-9.025000762939453125e+01,2.720184707641601562e+01
-9.025218200683593750e+01,2.719839859008789062e+01
-9.025038909912109375e+01,2.720136642456054688e+01
-9.025193023681640625e+01,2.720100593566894531e+01
-9.025087738037109375e+01,2.720153808593750000e+01
-9.025172424316406250e+01,2.720009803771972656e+01
-9.025179290771484375e+01,2.720083999633789062e+01
-9.025006103515625000e+01,2.720094871520996094e+01
-9.025044250488281250e+01,2.719990539550781250e+01
-9.025060272216796875e+01,2.720072364807128906e+01
-9.025051879882812500e+01,2.720099639892578125e+01
-9.025181579589843750e+01,2.719891548156738281e+01
-9.025032806396484375e+01,2.720211982727050781e+01
-9.025264739990234375e+01,2.719916343688964844e+01
-9.025038909912109375e+01,2.719981765747070312e+01
-9.025147247314453125e+01,2.719838714599609375e+01
-9.025125885009765625e+01,2.720142555236816406e+01
-9.025135040283203125e+01,2.720130729675292969e+01
-9.025157165527343750e+01,2.719944000244140625e+01
-9.025062561035156250e+01,2.720140457153320312e+01
-9.025138092041015625e+01,2.719973373413085938e+01
-9.025012207031250000e+01,2.720113182067871094e+01
-9.025110626220703125e+01,2.720073127746582031e+01
-9.025193786621093750e+01,2.719889068603515625e+01
-9.025129699707031250e+01,2.720117950439453125e+01
-9.025032043457031250e+01,2.720043182373046875e+01
-9.025009918212890625e+01,2.720190238952636719e+01
-9.025048828125000000e+01,2.719971466064453125e+01
-9.025229644775390625e+01,2.720010948181152344e+01
-9.025030517578125000e+01,2.720081329345703125e+01
-9.025129699707031250e+01,2.719977378845214844e+01
-9.025041961669921875e+01,2.720086479187011719e+01
-9.025170898437500000e+01,2.720019721984863281e+01
-9.025092315673828125e+01,2.720174026489257812e+01
-9.025133514404296875e+01,2.720006179809570312e+01
-9.025169372558593750e+01,2.720068168640136719e+01
-9.025128936767578125e+01,2.720078468322753906e+01
-9.025149536132812500e+01,2.719970893859863281e+01
-9.025150299072265625e+01,2.720024490356445312e+01
-9.025061798095703125e+01,2.719987678527832031e+01
-9.025205230712890625e+01,2.720053672790527344e+01
-9.025016021728515625e+01,2.720090103149414062e+01
-9.025136566162109375e+01,2.720064926147460938e+01
-9.025081634521484375e+01,2.720066070556640625e+01
-9.025179290771484375e+01,2.719926071166992188e+01
-9.025158691406250000e+01,2.719939804077148438e+01
-9.025196075439453125e+01,2.719877243041992188e+01
-9.025148010253906250e+01,2.719912528991699219e+01
-9.025072479248046875e+01,2.720153808593750000e+01
-9.025245666503906250e+01,2.719869232177734375e+01
-9.025213623046875000e+01,2.719887733459472656e+01
-9.025126647949218750e+01,2.719964408874511719e+01
-9.025194549560546875e+01,2.719849205017089844e+01
-9.025115966796875000e+01,2.719927406311035156e+01
-9.025129699707031250e+01,2.719872093200683594e+01
-9.025102996826171875e+01,2.720001983642578125e+01
-9.025151062011718750e+01,2.719891166687011719e+01
-9.025067901611328125e+01,2.719959449768066406e+01
-9.025115203857421875e+01,2.720093727111816406e+01
-9.025058746337890625e+01,2.720130157470703125e+01
-9.025054168701171875e+01,2.719944763183593750e+01
-9.025155639648437500e+01,2.720003890991210938e+01
-9.025144958496093750e+01,2.719924545288085938e+01
-9.025039672851562500e+01,2.720090293884277344e+01
-9.025040435791015625e+01,2.720120811462402344e+01
-9.025202941894531250e+01,2.720019721984863281e+01
-9.025203704833984375e+01,2.719869422912597656e+01
-9.025052642822265625e+01,2.720069122314453125e+01
-9.025108337402343750e+01,2.720176887512207031e+01
-9.025170135498046875e+01,2.720103836059570312e+01
-9.025092315673828125e+01,2.719890594482421875e+01
-9.025246429443359375e+01,2.719871520996093750e+01
-9.025138092041015625e+01,2.719847297668457031e+01
-9.025035858154296875e+01,2.720077514648437500e+01
-9.025019073486328125e+01,2.720053291320800781e+01
-9.025256347656250000e+01,2.719943809509277344e+01
-9.025187683105468750e+01,2.719976234436035156e+01
-9.025033569335937500e+01,2.720167541503906250e+01
-9.025101470947265625e+01,2.720047950744628906e+01
-9.025072479248046875e+01,2.719988822937011719e+01
-9.025067901611328125e+01,2.720031356811523438e+01
-9.025067901611328125e+01,2.719941520690917969e+01
-9.025203704833984375e+01,2.720018577575683594e+01
-9.025087738037109375e+01,2.720096969604492188e+01
-9.025244903564453125e+01,2.719943428039550781e+01
-9.025093841552734375e+01,2.719996452331542969e+01
-9.025215911865234375e+01,2.719902420043945312e+01
-9.025211334228515625e+01,2.719999885559082031e+01
-9.025141143798828125e+01,2.720081901550292969e+01
-9.025067901611328125e+01,2.719993972778320312e+01
-9.025125885009765625e+01,2.719842529296875000e+01
-9.025083160400390625e+01,2.719991111755371094e+01
-9.025094604492187500e+01,2.719928169250488281e+01
-9.025175476074218750e+01,2.719927978515625000e+01
-9.025165557861328125e+01,2.719857788085937500e+01
-9.025230407714843750e+01,2.720024108886718750e+01
-9.025014495849609375e+01,2.720201301574707031e+01
-9.025148010253906250e+01,2.719960784912109375e+01
-9.025197601318359375e+01,2.720092773437500000e+01
-9.025183105468750000e+01,2.720084571838378906e+01
-9.025109100341796875e+01,2.720156669616699219e+01
-9.025093078613281250e+01,2.720112228393554688e+01
-9.025076293945312500e+01,2.720052909851074219e+01
-9.025099945068359375e+01,2.720201492309570312e+01
-9.025076293945312500e+01,2.720124626159667969e+01
-9.025075531005859375e+01,2.720178413391113281e+01
-9.025039672851562500e+01,2.720164108276367188e+01
-9.025012969970703125e+01,2.720120048522949219e+01
-9.025131225585937500e+01,2.719855880737304688e+01
-9.025068664550781250e+01,2.720038795471191406e+01
-9.025030517578125000e+01,2.720107078552246094e+01
-9.025068664550781250e+01,2.720118904113769531e+01
-9.025067901611328125e+01,2.720086097717285156e+01
-9.025122070312500000e+01,2.719924926757812500e+01
-9.025193786621093750e+01,2.719939804077148438e+01
-9.025179290771484375e+01,2.719900894165039062e+01
-9.025206756591796875e+01,2.719984817504882812e+01
-9.025193023681640625e+01,2.719922447204589844e+01
-9.025054168701171875e+01,2.720192527770996094e+01
-9.025071716308593750e+01,2.719987297058105469e+01
-9.025151824951171875e+01,2.719970512390136719e+01
-9.025107574462890625e+01,2.720205497741699219e+01
-9.025044250488281250e+01,2.720016670227050781e+01
-9.025181579589843750e+01,2.719862556457519531e+01
-9.025083160400390625e+01,2.719909095764160156e+01
-9.025068664550781250e+01,2.720144271850585938e+01
-9.025231933593750000e+01,2.719976806640625000e+01
-9.025170135498046875e+01,2.719907569885253906e+01
-9.025074768066406250e+01,2.720179557800292969e+01
-9.025145721435546875e+01,2.720123863220214844e+01
-9.025224304199218750e+01,2.719970130920410156e+01
-9.025074768066406250e+01,2.719987678527832031e+01
-9.025176239013671875e+01,2.720035362243652344e+01
-9.025043487548828125e+01,2.720023155212402344e+01
-9.025104522705078125e+01,2.720041465759277344e+01
-9.025165557861328125e+01,2.719961357116699219e+01
-9.025128936767578125e+01,2.719871330261230469e+01
-9.025068664550781250e+01,2.719997406005859375e+01
-9.025146484375000000e+01,2.719918060302734375e+01
-9.025047302246093750e+01,2.720039558410644531e+01
-9.025105285644531250e+01,2.720202064514160156e+01
-9.025207519531250000e+01,2.719943046569824219e+01
-9.025088500976562500e+01,2.719986724853515625e+01
-9.025089263916015625e+01,2.719957160949707031e+01
-9.025064086914062500e+01,2.719990158081054688e+01
-9.025018310546875000e+01,2.720087623596191406e+01
-9.025057983398437500e+01,2.720190429687500000e+01
-9.025234222412109375e+01,2.719862365722656250e+01
-9.025205993652343750e+01,2.720009613037109375e+01
-9.025091552734375000e+01,2.720005226135253906e+01
-9.025000000000000000e+01,2.720085334777832031e+01
-9.025193023681640625e+01,2.720069885253906250e+01
-9.025106811523437500e+01,2.720149040222167969e+01
-9.025098419189453125e+01,2.719931602478027344e+01
-9.025112915039062500e+01,2.720060157775878906e+01
-9.025266265869140625e+01,2.719910049438476562e+01
-9.025193023681640625e+01,2.719972991943359375e+01
-9.025176239013671875e+01,2.720067214965820312e+01
-9.025115203857421875e+01,2.720139503479003906e+01
-9.025101470947265625e+01,2.720179748535156250e+01
-9.025103759765625000e+01,2.720101356506347656e+01
-9.025144958496093750e+01,2.720166015625000000e+01
-9.025183105468750000e+01,2.720023345947265625e+01
-9.025193786621093750e+01,2.719988632202148438e+01
-9.025228118896484375e+01,2.719892692565917969e+01
-9.025080108642578125e+01,2.720172500610351562e+01
-9.025057983398437500e+01,2.720026206970214844e+01
-9.025056457519531250e+01,2.720221900939941406e+01
-9.025238800048828125e+01,2.719964218139648438e+01
-9.025238800048828125e+01,2.719925117492675781e+01
-9.025173950195312500e+01,2.719988059997558594e+01
-9.025237274169921875e+01,2.719889259338378906e+01
-9.025130462646484375e+01,2.720064544677734375e+01
-9.025218963623046875e+01,2.719953536987304688e+01
-9.025060272216796875e+01,2.720107078552246094e+01
-9.025066375732421875e+01,2.720019149780273438e+01
-9.025221252441406250e+01,2.719867324829101562e+01
-9.025065612792968750e+01,2.720006942749023438e+01
-9.025092315673828125e+01,2.719925689697265625e+01
-9.025170135498046875e+01,2.720080947875976562e+01
-9.025122833251953125e+01,2.719947814941406250e+01
-9.025154876708984375e+01,2.719837379455566406e+01
-9.025007629394531250e+01,2.720150375366210938e+01
-9.025090789794921875e+01,2.719909286499023438e+01
-9.025209045410156250e+01,2.719932174682617188e+01
-9.025173187255859375e+01,2.720003318786621094e+01
-9.025104522705078125e+01,2.719897270202636719e+01
-9.025143432617187500e+01,2.720025062561035156e+01
-9.025064086914062500e+01,2.719951248168945312e+01
-9.025216674804687500e+01,2.720054817199707031e+01
-9.025107574462890625e+01,2.720137214660644531e+01
-9.025200653076171875e+01,2.719972801208496094e+01
-9.025135040283203125e+01,2.720009040832519531e+01
-9.025019836425781250e+01,2.720038986206054688e+01
-9.025094604492187500e+01,2.720051765441894531e+01
-9.025160980224609375e+01,2.719906806945800781e+01
-9.025066375732421875e+01,2.720054626464843750e+01
-9.025129699707031250e+01,2.720014381408691406e+01
-9.025191497802734375e+01,2.719900894165039062e+01
-9.025151062011718750e+01,2.719993400573730469e+01
-9.025232696533203125e+01,2.719886016845703125e+01
-9.025038909912109375e+01,2.720079231262207031e+01
-9.025040435791015625e+01,2.720062065124511719e+01
-9.025180816650390625e+01,2.719950294494628906e+01
-9.025144195556640625e+01,2.719911766052246094e+01
-9.025143432617187500e+01,2.719923210144042969e+01
-9.025138092041015625e+01,2.720149421691894531e+01
-9.025069427490234375e+01,2.720193672180175781e+01
-9.025215148925781250e+01,2.720032119750976562e+01
-9.025119781494140625e+01,2.720183944702148438e+01
-9.025112152099609375e+01,2.719939231872558594e+01
-9.025251770019531250e+01,2.719893836975097656e+01
-9.025208282470703125e+01,2.719932174682617188e+01
-9.025180816650390625e+01,2.720059585571289062e+01
-9.025109863281250000e+01,2.720077514648437500e+01
-9.025172424316406250e+01,2.720138931274414062e+01
-9.025045776367187500e+01,2.719969367980957031e+01
-9.025196838378906250e+01,2.719951438903808594e+01
-9.025167846679687500e+01,2.719850349426269531e+01
-9.025141906738281250e+01,2.720062828063964844e+01
-9.025034332275390625e+01,2.720134735107421875e+01
-9.025174713134765625e+01,2.720034980773925781e+01
-9.025119781494140625e+01,2.720156288146972656e+01
-9.025233459472656250e+01,2.719881820678710938e+01
-9.025124359130859375e+01,2.720149993896484375e+01
-9.025143432617187500e+01,2.719954490661621094e+01
-9.025063323974609375e+01,2.719994163513183594e+01
-9.025074768066406250e+01,2.719957160949707031e+01
-9.025244903564453125e+01,2.719861984252929688e+01
-9.025034332275390625e+01,2.720087051391601562e+01
-9.025246429443359375e+01,2.719854164123535156e+01
-9.025145721435546875e+01,2.720049667358398438e+01
-9.025119781494140625e+01,2.719939422607421875e+01
-9.025043487548828125e+01,2.720165634155273438e+01
-9.025148010253906250e+01,2.720130920410156250e+01
-9.025211334228515625e+01,2.719868850708007812e+01
-9.025175476074218750e+01,2.720099067687988281e+01
-9.025049591064453125e+01,2.720218086242675781e+01
-9.025114440917968750e+01,2.720035171508789062e+01
-9.025178527832031250e+01,2.719903945922851562e+01
-9.025096130371093750e+01,2.719927597045898438e+01
-9.025016021728515625e+01,2.720063018798828125e+01
-9.025205230712890625e+01,2.719858741760253906e+01
-9.025109863281250000e+01,2.719923591613769531e+01
-9.025066375732421875e+01,2.720108795166015625e+01
-9.025000000000000000e+01,2.720083808898925781e+01
-9.025194549560546875e+01,2.719899559020996094e+01
-9.025171661376953125e+01,2.720041465759277344e+01
-9.025223541259765625e+01,2.720014190673828125e+01
-9.025066375732421875e+01,2.719993400573730469e+01
-9.025190734863281250e+01,2.719952011108398438e+01
-9.025210571289062500e+01,2.720046806335449219e+01
-9.025087738037109375e+01,2.720037078857421875e+01
-9.025134277343750000e+01,2.719984817504882812e+01
-9.025204467773437500e+01,2.720043182373046875e+01
-9.025106048583984375e+01,2.719971275329589844e+01
-9.025073242187500000e+01,2.719958496093750000e+01
-9.025063323974609375e+01,2.719959449768066406e+01
-9.025178527832031250e+01,2.720079421997070312e+01
-9.025080871582031250e+01,2.720182037353515625e+01
-9.025012969970703125e+01,2.720090103149414062e+01
-9.025138854980468750e+01,2.719905471801757812e+01
-9.025122070312500000e+01,2.720131111145019531e+01
-9.025126647949218750e+01,2.720109939575195312e+01
-9.025099182128906250e+01,2.720078849792480469e+01
-9.025176239013671875e+01,2.719943237304687500e+01
-9.025215911865234375e+01,2.719953346252441406e+01
-9.025007629394531250e+01,2.720144271850585938e+01
-9.025192260742187500e+01,2.719888496398925781e+01
-9.025066375732421875e+01,2.720049667358398438e+01
-9.025245666503906250e+01,2.719918632507324219e+01
-9.025215148925781250e+01,2.720031166076660156e+01
-9.025158691406250000e+01,2.719924926757812500e+01
-9.025193023681640625e+01,2.719850158691406250e+01
-9.025148010253906250e+01,2.719857597351074219e+01
-9.025170898437500000e+01,2.719925117492675781e+01
-9.025211334228515625e+01,2.720038604736328125e+01
-9.025108337402343750e+01,2.720092964172363281e+01
-9.025173950195312500e+01,2.719959449768066406e+01
-9.025135803222656250e+01,2.720141029357910156e+01
-9.025009918212890625e+01,2.720104408264160156e+01
-9.025032806396484375e+01,2.720222282409667969e+01
-9.025116729736328125e+01,2.719886398315429688e+01
-9.025065612792968750e+01,2.720095443725585938e+01
-9.025114440917968750e+01,2.719981193542480469e+01
-9.025075531005859375e+01,2.719921493530273438e+01
-9.025161743164062500e+01,2.720014762878417969e+01
-9.025158691406250000e+01,2.719834709167480469e+01
-9.025260925292968750e+01,2.719923782348632812e+01
-9.025052642822265625e+01,2.719968605041503906e+01
-9.025167083740234375e+01,2.720096015930175781e+01
-9.025148773193359375e+01,2.719998741149902344e+01
-9.025079345703125000e+01,2.720084762573242188e+01
-9.025142669677734375e+01,2.720082092285156250e+01
-9.025214385986328125e+01,2.719948577880859375e+01
-9.025205993652343750e+01,2.719940757751464844e+01
-9.025212097167968750e+01,2.720044517517089844e+01
-9.025035095214843750e+01,2.720071792602539062e+01
-9.025075531005859375e+01,2.719918823242187500e+01
-9.025125885009765625e+01,2.720172309875488281e+01
-9.025227355957031250e+01,2.719858741760253906e+01
-9.025120544433593750e+01,2.720182609558105469e+01
-9.025102233886718750e+01,2.720132064819335938e+01
-9.025113677978515625e+01,2.720175743103027344e+01
-9.025025177001953125e+01,2.720139122009277344e+01
-9.025019073486328125e+01,2.720060539245605469e+01
-9.025086212158203125e+01,2.720148277282714844e+01
-9.025021362304687500e+01,2.720074272155761719e+01
-9.025043487548828125e+01,2.720117759704589844e+01
-9.025255584716796875e+01,2.719930267333984375e+01
-9.025204467773437500e+01,2.720023155212402344e+01
-9.025226593017578125e+01,2.719980430603027344e+01
-9.025109863281250000e+01,2.720165824890136719e+01
-9.025191497802734375e+01,2.719941711425781250e+01
-9.025141143798828125e+01,2.719894027709960938e+01
-9.025159454345703125e+01,2.719973564147949219e+01
-9.025080871582031250e+01,2.720061683654785156e+01
-9.025119781494140625e+01,2.719862365722656250e+01
-9.025152587890625000e+01,2.720138168334960938e+01
-9.025151062011718750e+01,2.720100212097167969e+01
-9.025152587890625000e+01,2.719860267639160156e+01
-9.025011444091796875e+01,2.720110893249511719e+01
-9.025092315673828125e+01,2.719906616210937500e+01
-9.025167083740234375e+01,2.720097541809082031e+01
-9.025020599365234375e+01,2.720208740234375000e+01
-9.025041961669921875e+01,2.720017242431640625e+01
-9.025247192382812500e+01,2.719897651672363281e+01
-9.025215148925781250e+01,2.720045661926269531e+01
-9.025160217285156250e+01,2.719968605041503906e+01
-9.025037384033203125e+01,2.720139884948730469e+01
-9.025016021728515625e+01,2.720162010192871094e+01
-9.025053405761718750e+01,2.720075988769531250e+01
-9.025170135498046875e+01,2.720108222961425781e+01
-9.025209045410156250e+01,2.720071792602539062e+01
-9.025051879882812500e+01,2.720020484924316406e+01
-9.025148010253906250e+01,2.720136260986328125e+01
-9.025044250488281250e+01,2.720143508911132812e+01
-9.025088500976562500e+01,2.719924545288085938e+01
-9.025128173828125000e+01,2.719850349426269531e+01
-9.025163269042968750e+01,2.720082664489746094e+01
-9.025170898437500000e+01,2.720084190368652344e+01
-9.025164794921875000e+01,2.720018005371093750e+01
-9.025028991699218750e+01,2.720098304748535156e+01
-9.025070953369140625e+01,2.720009422302246094e+01
-9.025038909912109375e+01,2.720136833190917969e+01
-9.025155639648437500e+01,2.719972229003906250e+01
-9.025119018554687500e+01,2.720190048217773438e+01
-9.025180053710937500e+01,2.719834136962890625e+01
-9.025231170654296875e+01,2.719862747192382812e+01
-9.025051116943359375e+01,2.720172309875488281e+01
-9.025027465820312500e+01,2.720072555541992188e+01
-9.025176239013671875e+01,2.720064353942871094e+01
-9.025172424316406250e+01,2.720127296447753906e+01
-9.025115203857421875e+01,2.719970130920410156e+01
-9.025085449218750000e+01,2.720010185241699219e+01
-9.025119781494140625e+01,2.719881439208984375e+01
-9.025184631347656250e+01,2.719898223876953125e+01
-9.025125122070312500e+01,2.720002746582031250e+01
-9.025060272216796875e+01,2.720078659057617188e+01
-9.025080871582031250e+01,2.720129013061523438e+01
-9.025229644775390625e+01,2.719836997985839844e+01
-9.025036621093750000e+01,2.720143699645996094e+01
-9.025167846679687500e+01,2.720043754577636719e+01
-9.025099945068359375e+01,2.720137596130371094e+01
-9.025256347656250000e+01,2.719889068603515625e+01
-9.025160217285156250e+01,2.719943618774414062e+01
-9.025087738037109375e+01,2.720050239562988281e+01
-9.025128173828125000e+01,2.720174980163574219e+01
-9.025104522705078125e+01,2.720072364807128906e+01
-9.025097656250000000e+01,2.720162963867187500e+01
-9.025185394287109375e+01,2.720081710815429688e+01
-9.025121307373046875e+01,2.719921493530273438e+01
-9.025194549560546875e+01,2.719976043701171875e+01
-9.025160980224609375e+01,2.719907951354980469e+01
-9.025210571289062500e+01,2.719843292236328125e+01
-9.025177764892578125e+01,2.719847869873046875e+01
-9.025165557861328125e+01,2.720143127441406250e+01
-9.025148010253906250e+01,2.720027542114257812e+01
-9.025107574462890625e+01,2.719931983947753906e+01
-9.025122833251953125e+01,2.719893646240234375e+01
-9.025005340576171875e+01,2.720212745666503906e+01
-9.025107574462890625e+01,2.720123672485351562e+01
-9.025125122070312500e+01,2.720141410827636719e+01
-9.025038909912109375e+01,2.720143508911132812e+01
-9.025095367431640625e+01,2.720066642761230469e+01
-9.025109100341796875e+01,2.720174026489257812e+01
-9.025057220458984375e+01,2.720166778564453125e+01
-9.025211334228515625e+01,2.719914436340332031e+01
-9.025027465820312500e+01,2.720108032226562500e+01
-9.025059509277343750e+01,2.720222663879394531e+01
-9.025033569335937500e+01,2.720150184631347656e+01
-9.025173187255859375e+01,2.720048713684082031e+01
-9.025135803222656250e+01,2.720026969909667969e+01
-9.025127410888671875e+01,2.719929885864257812e+01
-9.025118255615234375e+01,2.720023918151855469e+01
-9.025057983398437500e+01,2.719964599609375000e+01
-9.025157165527343750e+01,2.719997024536132812e+01
-9.025004577636718750e+01,2.720212936401367188e+01
-9.025248718261718750e+01,2.719931411743164062e+01
-9.025102996826171875e+01,2.720016860961914062e+01
-9.025237274169921875e+01,2.719954872131347656e+01
-9.024996185302734375e+01,2.720104026794433594e+01
-9.025185394287109375e+01,2.719964981079101562e+01
-9.025090789794921875e+01,2.720126914978027344e+01
-9.025019073486328125e+01,2.720222282409667969e+01
-9.025111389160156250e+01,2.720155525207519531e+01
-9.025267028808593750e+01,2.719913101196289062e+01
-9.025019836425781250e+01,2.720122146606445312e+01
-9.025231933593750000e+01,2.719913864135742188e+01
-9.025120544433593750e+01,2.720087814331054688e+01
-9.025231933593750000e+01,2.719927787780761719e+01
-9.025052642822265625e+01,2.719991302490234375e+01
-9.025105285644531250e+01,2.720109367370605469e+01
-9.025075531005859375e+01,2.720209503173828125e+01
-9.025125885009765625e+01,2.720005989074707031e+01
-9.025068664550781250e+01,2.720077705383300781e+01
-9.025111389160156250e+01,2.719922447204589844e+01
