{
"type": "FeatureCollection",
"name": "candidates",
"crs": { "type": "name", "properties": { "name": "urn:ogc:def:crs:OGC:1.3:CRS84" } },
"features": [
{ "type": "Feature", "properties": { "cluster_id": 2, "component_ids": "3,4", "n_parts": 2, "area_m2": 9750650.7830078304, "confidence": 0.9811485129197498, "prob_max": 1.0, "centroid_lon": -89.125328189880236, "centroid_lat": 28.176537489049593, "length_m": 8585.6001623133379, "axis_bearing_deg": 146.57708921144828, "width_proxy_m": 1135.6982154618038, "elongation": 3.7242805905446175, "end1_lon": -89.156205920532315, "end1_lat": 28.219693572937089, "end2_lon": -89.108039961755651, "end2_lat": 28.15503595548093, "wind_u": -3.8113930764138386, "wind_v": 6.8220181173093781, "wind_speed_m_s": 7.8145152361379866, "wind_from_deg": 150.80834577296065, "wind_class": "valid", "wind_factor": 1.0, "size_factor": 1.0, "slick_potential": 0.9811485129197498, "eligible": true, "ineligible_reason": "", "potential_rank": 1, "selected": true, "selection_basis": "policy_v1_top_potential" }, "geometry": { "type": "MultiPolygon", "coordinates": [ [ [ [ -89.155276666066896, 28.219676335330625 ], [ -89.155276666066896, 28.219496672273802 ], [ -89.154917339953258, 28.219496672273802 ], [ -89.154917339953258, 28.219317009216976 ], [ -89.154737676896431, 28.219317009216976 ], [ -89.154737676896431, 28.219137346160153 ], [ -89.154558013839605, 28.219137346160153 ], [ -89.154558013839605, 28.21895768310333 ], [ -89.154378350782778, 28.21895768310333 ], [ -89.154378350782778, 28.218598356989681 ], [ -89.154198687725952, 28.218598356989681 ], [ -89.154198687725952, 28.218418693932858 ], [ -89.15401902466914, 28.218418693932858 ], [ -89.15401902466914, 28.218059367819208 ], [ -89.153839361612313, 28.218059367819208 ], [ -89.153839361612313, 28.217879704762385 ], [ -89.153659698555487, 28.217879704762385 ], [ -89.153659698555487, 28.217700041705562 ], [ -89.15348003549866, 28.217700041705562 ], [ -89.15348003549866, 28.217520378648739 ], [ -89.153300372441834, 28.217520378648739 ], [ -89.153300372441834, 28.217340715591913 ], [ -89.153120709385021, 28.217340715591913 ], [ -89.153120709385021, 28.21716105253509 ], [ -89.152941046328195, 28.21716105253509 ], [ -89.152941046328195, 28.216981389478267 ], [ -89.152761383271368, 28.216981389478267 ], [ -89.152761383271368, 28.216801726421444 ], [ -89.152402057157715, 28.216801726421444 ], [ -89.152402057157715, 28.216622063364618 ], [ -89.152222394100889, 28.216622063364618 ], [ -89.152222394100889, 28.216442400307795 ], [ -89.152042731044077, 28.216442400307795 ], [ -89.152042731044077, 28.216262737250972 ], [ -89.15186306798725, 28.216262737250972 ], [ -89.15186306798725, 28.216083074194145 ], [ -89.151503741873597, 28.216083074194145 ], [ -89.151503741873597, 28.215903411137322 ], [ -89.151324078816771, 28.215903411137322 ], [ -89.151324078816771, 28.215723748080499 ], [ -89.151144415759958, 28.215723748080499 ], [ -89.151144415759958, 28.215544085023677 ], [ -89.150964752703132, 28.215544085023677 ], [ -89.150964752703132, 28.21536442196685 ], [ -89.150785089646305, 28.21536442196685 ], [ -89.150785089646305, 28.215184758910027 ], [ -89.150605426589479, 28.215184758910027 ], [ -89.150605426589479, 28.215005095853204 ], [ -89.150425763532652, 28.215005095853204 ], [ -89.150425763532652, 28.214825432796381 ], [ -89.150246100475826, 28.214825432796381 ], [ -89.150246100475826, 28.214645769739555 ], [ -89.150066437419014, 28.214645769739555 ], [ -89.150066437419014, 28.214466106682732 ], [ -89.149886774362187, 28.214466106682732 ], [ -89.149886774362187, 28.214286443625909 ], [ -89.149707111305361, 28.214286443625909 ], [ -89.149707111305361, 28.214106780569082 ], [ -89.149527448248534, 28.214106780569082 ], [ -89.149527448248534, 28.213927117512259 ], [ -89.149347785191708, 28.213927117512259 ], [ -89.149347785191708, 28.213747454455437 ], [ -89.149168122134895, 28.213747454455437 ], [ -89.149168122134895, 28.213388128341787 ], [ -89.148988459078069, 28.213388128341787 ], [ -89.148988459078069, 28.213208465284964 ], [ -89.148808796021243, 28.213208465284964 ], [ -89.148808796021243, 28.213028802228141 ], [ -89.148629132964416, 28.213028802228141 ], [ -89.148629132964416, 28.212669476114492 ], [ -89.14844946990759, 28.212669476114492 ], [ -89.14844946990759, 28.212310150000846 ], [ -89.148269806850763, 28.212310150000846 ], [ -89.148269806850763, 28.211950823887197 ], [ -89.148090143793951, 28.211950823887197 ], [ -89.148090143793951, 28.211771160830374 ], [ -89.147910480737124, 28.211771160830374 ], [ -89.147910480737124, 28.211591497773551 ], [ -89.147730817680298, 28.211591497773551 ], [ -89.147730817680298, 28.211411834716724 ], [ -89.147371491566645, 28.211411834716724 ], [ -89.147371491566645, 28.211232171659901 ], [ -89.147012165453006, 28.211232171659901 ], [ -89.147012165453006, 28.211052508603078 ], [ -89.146652839339353, 28.211052508603078 ], [ -89.146652839339353, 28.210872845546255 ], [ -89.1462935132257, 28.210872845546255 ], [ -89.1462935132257, 28.210693182489429 ], [ -89.146113850168888, 28.210693182489429 ], [ -89.146113850168888, 28.210513519432606 ], [ -89.145754524055235, 28.210513519432606 ], [ -89.145754524055235, 28.210333856375783 ], [ -89.145574860998408, 28.210333856375783 ], [ -89.145574860998408, 28.210154193318957 ], [ -89.145395197941582, 28.210154193318957 ], [ -89.145395197941582, 28.209974530262134 ], [ -89.14521553488477, 28.209974530262134 ], [ -89.14521553488477, 28.209794867205311 ], [ -89.145035871827943, 28.209794867205311 ], [ -89.145035871827943, 28.209615204148488 ], [ -89.144856208771117, 28.209615204148488 ], [ -89.144856208771117, 28.209435541091661 ], [ -89.14467654571429, 28.209435541091661 ], [ -89.14467654571429, 28.209255878034838 ], [ -89.144496882657464, 28.209255878034838 ], [ -89.144496882657464, 28.209076214978015 ], [ -89.144317219600637, 28.209076214978015 ], [ -89.144317219600637, 28.208896551921192 ], [ -89.144137556543825, 28.208896551921192 ], [ -89.144137556543825, 28.208537225807543 ], [ -89.143957893486999, 28.208537225807543 ], [ -89.143957893486999, 28.20835756275072 ], [ -89.143778230430172, 28.20835756275072 ], [ -89.143778230430172, 28.208177899693894 ], [ -89.143598567373346, 28.208177899693894 ], [ -89.143598567373346, 28.207998236637071 ], [ -89.143418904316519, 28.207998236637071 ], [ -89.143418904316519, 28.207818573580248 ], [ -89.143239241259707, 28.207818573580248 ], [ -89.143239241259707, 28.207459247466598 ], [ -89.14305957820288, 28.207459247466598 ], [ -89.14305957820288, 28.207279584409775 ], [ -89.142879915146054, 28.207279584409775 ], [ -89.142879915146054, 28.207099921352953 ], [ -89.142700252089227, 28.207099921352953 ], [ -89.142700252089227, 28.20692025829613 ], [ -89.142520589032401, 28.20692025829613 ], [ -89.142520589032401, 28.206740595239303 ], [ -89.142340925975574, 28.206740595239303 ], [ -89.142340925975574, 28.20656093218248 ], [ -89.142161262918762, 28.20656093218248 ], [ -89.142161262918762, 28.206381269125657 ], [ -89.141981599861936, 28.206381269125657 ], [ -89.141981599861936, 28.206201606068831 ], [ -89.141801936805109, 28.206201606068831 ], [ -89.141801936805109, 28.206021943012008 ], [ -89.141622273748283, 28.206021943012008 ], [ -89.141622273748283, 28.205842279955185 ], [ -89.141442610691456, 28.205842279955185 ], [ -89.141442610691456, 28.205662616898362 ], [ -89.141262947634644, 28.205662616898362 ], [ -89.141262947634644, 28.205482953841535 ], [ -89.141083284577817, 28.205482953841535 ], [ -89.141083284577817, 28.205303290784713 ], [ -89.140903621520991, 28.205303290784713 ], [ -89.140903621520991, 28.20512362772789 ], [ -89.140723958464164, 28.20512362772789 ], [ -89.140723958464164, 28.204943964671067 ], [ -89.140544295407338, 28.204943964671067 ], [ -89.140544295407338, 28.204584638557417 ], [ -89.140364632350511, 28.204584638557417 ], [ -89.140364632350511, 28.204404975500594 ], [ -89.140184969293699, 28.204404975500594 ], [ -89.140184969293699, 28.204225312443768 ], [ -89.140005306236873, 28.204225312443768 ], [ -89.140005306236873, 28.203865986330122 ], [ -89.139825643180046, 28.203865986330122 ], [ -89.139825643180046, 28.203686323273299 ], [ -89.13964598012322, 28.203686323273299 ], [ -89.13964598012322, 28.20332699715965 ], [ -89.139466317066393, 28.20332699715965 ], [ -89.139466317066393, 28.203147334102827 ], [ -89.139286654009581, 28.203147334102827 ], [ -89.139286654009581, 28.202967671046004 ], [ -89.139106990952754, 28.202967671046004 ], [ -89.139106990952754, 28.202788007989177 ], [ -89.138927327895928, 28.202788007989177 ], [ -89.138927327895928, 28.202608344932354 ], [ -89.138747664839102, 28.202608344932354 ], [ -89.138747664839102, 28.202249018818705 ], [ -89.138568001782275, 28.202249018818705 ], [ -89.138568001782275, 28.202069355761882 ], [ -89.138388338725449, 28.202069355761882 ], [ -89.138388338725449, 28.201710029648236 ], [ -89.138208675668636, 28.201710029648236 ], [ -89.138208675668636, 28.201350703534587 ], [ -89.13802901261181, 28.201350703534587 ], [ -89.13802901261181, 28.201171040477764 ], [ -89.137849349554983, 28.201171040477764 ], [ -89.137849349554983, 28.200991377420941 ], [ -89.137669686498157, 28.200991377420941 ], [ -89.137669686498157, 28.200632051307291 ], [ -89.13749002344133, 28.200632051307291 ], [ -89.13749002344133, 28.200452388250469 ], [ -89.137310360384518, 28.200452388250469 ], [ -89.137310360384518, 28.200272725193642 ], [ -89.137130697327692, 28.200272725193642 ], [ -89.137130697327692, 28.199913399079996 ], [ -89.136951034270865, 28.199913399079996 ], [ -89.136951034270865, 28.199733736023173 ], [ -89.136771371214039, 28.199733736023173 ], [ -89.136771371214039, 28.199374409909524 ], [ -89.136591708157212, 28.199374409909524 ], [ -89.136591708157212, 28.199194746852701 ], [ -89.136412045100386, 28.199194746852701 ], [ -89.136412045100386, 28.198835420739051 ], [ -89.136232382043573, 28.198835420739051 ], [ -89.136232382043573, 28.198655757682229 ], [ -89.136052718986747, 28.198655757682229 ], [ -89.136052718986747, 28.198296431568579 ], [ -89.13587305592992, 28.198296431568579 ], [ -89.13587305592992, 28.19775744239811 ], [ -89.135693392873094, 28.19775744239811 ], [ -89.135693392873094, 28.197577779341284 ], [ -89.135513729816267, 28.197577779341284 ], [ -89.135513729816267, 28.197218453227638 ], [ -89.135334066759455, 28.197218453227638 ], [ -89.135334066759455, 28.196859127113989 ], [ -89.134974740645802, 28.196859127113989 ], [ -89.134974740645802, 28.196679464057166 ], [ -89.134615414532149, 28.196679464057166 ], [ -89.134615414532149, 28.196499801000343 ], [ -89.132279794793448, 28.196499801000343 ], [ -89.132279794793448, 28.196320137943516 ], [ -89.132100131736621, 28.196320137943516 ], [ -89.132100131736621, 28.196140474886693 ], [ -89.131920468679795, 28.196140474886693 ], [ -89.131920468679795, 28.195242159602575 ], [ -89.132100131736621, 28.195242159602575 ], [ -89.132100131736621, 28.193625192091158 ], [ -89.131920468679795, 28.193625192091158 ], [ -89.131920468679795, 28.192906539863863 ], [ -89.131740805622968, 28.192906539863863 ], [ -89.131740805622968, 28.19236755069339 ], [ -89.131561142566142, 28.19236755069339 ], [ -89.131561142566142, 28.192187887636567 ], [ -89.131381479509329, 28.192187887636567 ], [ -89.131381479509329, 28.191828561522922 ], [ -89.131201816452503, 28.191828561522922 ], [ -89.131201816452503, 28.191469235409272 ], [ -89.131022153395676, 28.191469235409272 ], [ -89.131022153395676, 28.1909302462388 ], [ -89.13084249033885, 28.1909302462388 ], [ -89.13084249033885, 28.190391257068327 ], [ -89.130662827282023, 28.190391257068327 ], [ -89.130662827282023, 28.190031930954682 ], [ -89.130483164225197, 28.190031930954682 ], [ -89.130483164225197, 28.189852267897859 ], [ -89.130303501168385, 28.189852267897859 ], [ -89.130303501168385, 28.189492941784209 ], [ -89.130123838111558, 28.189492941784209 ], [ -89.130123838111558, 28.189313278727386 ], [ -89.129944175054732, 28.189313278727386 ], [ -89.129944175054732, 28.18913361567056 ], [ -89.129764511997905, 28.18913361567056 ], [ -89.129764511997905, 28.188774289556914 ], [ -89.129584848941079, 28.188774289556914 ], [ -89.129584848941079, 28.188594626500091 ], [ -89.129405185884266, 28.188594626500091 ], [ -89.129405185884266, 28.188414963443265 ], [ -89.12922552282744, 28.188414963443265 ], [ -89.12922552282744, 28.188235300386442 ], [ -89.128866196713787, 28.188235300386442 ], [ -89.128866196713787, 28.188055637329619 ], [ -89.128506870600134, 28.188055637329619 ], [ -89.128506870600134, 28.187875974272796 ], [ -89.128147544486495, 28.187875974272796 ], [ -89.128147544486495, 28.187696311215969 ], [ -89.127967881429669, 28.187696311215969 ], [ -89.127967881429669, 28.187516648159146 ], [ -89.127608555316016, 28.187516648159146 ], [ -89.127608555316016, 28.187336985102323 ], [ -89.127428892259204, 28.187336985102323 ], [ -89.127428892259204, 28.187157322045497 ], [ -89.127249229202377, 28.187157322045497 ], [ -89.127249229202377, 28.186977658988674 ], [ -89.127069566145551, 28.186977658988674 ], [ -89.127069566145551, 28.186797995931851 ], [ -89.126889903088724, 28.186797995931851 ], [ -89.126889903088724, 28.186618332875028 ], [ -89.126710240031898, 28.186618332875028 ], [ -89.126710240031898, 28.186438669818202 ], [ -89.126530576975071, 28.186438669818202 ], [ -89.126530576975071, 28.186259006761379 ], [ -89.126350913918259, 28.186259006761379 ], [ -89.126350913918259, 28.186079343704556 ], [ -89.126171250861432, 28.186079343704556 ], [ -89.126171250861432, 28.185899680647733 ], [ -89.125811924747779, 28.185899680647733 ], [ -89.125811924747779, 28.185720017590906 ], [ -89.125632261690953, 28.185720017590906 ], [ -89.125632261690953, 28.185540354534083 ], [ -89.125452598634141, 28.185540354534083 ], [ -89.125452598634141, 28.185360691477261 ], [ -89.125272935577314, 28.185360691477261 ], [ -89.125272935577314, 28.185181028420434 ], [ -89.125093272520488, 28.185181028420434 ], [ -89.125093272520488, 28.185001365363611 ], [ -89.124733946406835, 28.185001365363611 ], [ -89.124733946406835, 28.184821702306788 ], [ -89.124554283350008, 28.184821702306788 ], [ -89.124554283350008, 28.184642039249965 ], [ -89.124194957236369, 28.184642039249965 ], [ -89.124194957236369, 28.184462376193139 ], [ -89.123835631122716, 28.184462376193139 ], [ -89.123835631122716, 28.184282713136316 ], [ -89.12365596806589, 28.184282713136316 ], [ -89.12365596806589, 28.184103050079493 ], [ -89.123296641952251, 28.184103050079493 ], [ -89.123296641952251, 28.183923387022666 ], [ -89.123116978895425, 28.183923387022666 ], [ -89.123116978895425, 28.183743723965843 ], [ -89.122757652781772, 28.183743723965843 ], [ -89.122757652781772, 28.183564060909021 ], [ -89.122398326668133, 28.183564060909021 ], [ -89.122398326668133, 28.183384397852198 ], [ -89.122218663611307, 28.183384397852198 ], [ -89.122218663611307, 28.183204734795371 ], [ -89.121859337497654, 28.183204734795371 ], [ -89.121859337497654, 28.183025071738548 ], [ -89.121679674440827, 28.183025071738548 ], [ -89.121679674440827, 28.182845408681725 ], [ -89.121320348327188, 28.182845408681725 ], [ -89.121320348327188, 28.182665745624902 ], [ -89.121140685270362, 28.182665745624902 ], [ -89.121140685270362, 28.182486082568076 ], [ -89.120781359156709, 28.182486082568076 ], [ -89.120781359156709, 28.182306419511253 ], [ -89.120601696099882, 28.182306419511253 ], [ -89.120601696099882, 28.18212675645443 ], [ -89.12042203304307, 28.18212675645443 ], [ -89.12042203304307, 28.181947093397604 ], [ -89.120242369986244, 28.181947093397604 ], [ -89.120242369986244, 28.181767430340781 ], [ -89.120062706929417, 28.181767430340781 ], [ -89.120062706929417, 28.181587767283958 ], [ -89.119883043872591, 28.181587767283958 ], [ -89.119883043872591, 28.181408104227135 ], [ -89.119703380815764, 28.181408104227135 ], [ -89.119703380815764, 28.181228441170308 ], [ -89.119523717758952, 28.181228441170308 ], [ -89.119523717758952, 28.181048778113485 ], [ -89.119164391645299, 28.181048778113485 ], [ -89.119164391645299, 28.180869115056662 ], [ -89.118805065531646, 28.180869115056662 ], [ -89.118805065531646, 28.180689451999839 ], [ -89.118625402474819, 28.180689451999839 ], [ -89.118625402474819, 28.180509788943013 ], [ -89.118266076361181, 28.180509788943013 ], [ -89.118266076361181, 28.18033012588619 ], [ -89.118086413304354, 28.18033012588619 ], [ -89.118086413304354, 28.180150462829367 ], [ -89.117906750247528, 28.180150462829367 ], [ -89.117906750247528, 28.179970799772541 ], [ -89.117727087190701, 28.179970799772541 ], [ -89.117727087190701, 28.179791136715718 ], [ -89.117547424133889, 28.179791136715718 ], [ -89.117547424133889, 28.179611473658895 ], [ -89.117188098020236, 28.179611473658895 ], [ -89.117188098020236, 28.179431810602072 ], [ -89.11700843496341, 28.179431810602072 ], [ -89.11700843496341, 28.179252147545245 ], [ -89.116828771906583, 28.179252147545245 ], [ -89.116828771906583, 28.178892821431599 ], [ -89.116649108849757, 28.178892821431599 ], [ -89.116649108849757, 28.178713158374777 ], [ -89.116469445792944, 28.178713158374777 ], [ -89.116469445792944, 28.17853349531795 ], [ -89.116289782736118, 28.17853349531795 ], [ -89.116289782736118, 28.178353832261127 ], [ -89.116110119679291, 28.178353832261127 ], [ -89.116110119679291, 28.178174169204304 ], [ -89.115930456622465, 28.178174169204304 ], [ -89.115930456622465, 28.177994506147478 ], [ -89.115571130508826, 28.177994506147478 ], [ -89.115571130508826, 28.177814843090655 ], [ -89.115211804395173, 28.177814843090655 ], [ -89.115211804395173, 28.177635180033832 ], [ -89.115032141338347, 28.177635180033832 ], [ -89.115032141338347, 28.177455516977009 ], [ -89.11485247828152, 28.177455516977009 ], [ -89.11485247828152, 28.177275853920182 ], [ -89.114672815224694, 28.177275853920182 ], [ -89.114672815224694, 28.177096190863359 ], [ -89.114493152167881, 28.177096190863359 ], [ -89.114493152167881, 28.176916527806537 ], [ -89.114313489111055, 28.176916527806537 ], [ -89.114313489111055, 28.176736864749714 ], [ -89.114133826054228, 28.176736864749714 ], [ -89.114133826054228, 28.176377538636064 ], [ -89.113954162997402, 28.176377538636064 ], [ -89.113954162997402, 28.176018212522415 ], [ -89.113774499940575, 28.176018212522415 ], [ -89.113774499940575, 28.175658886408769 ], [ -89.113594836883749, 28.175658886408769 ], [ -89.113594836883749, 28.175479223351946 ], [ -89.113415173826937, 28.175479223351946 ], [ -89.113415173826937, 28.17529956029512 ], [ -89.11323551077011, 28.17529956029512 ], [ -89.11323551077011, 28.175119897238297 ], [ -89.112876184656457, 28.175119897238297 ], [ -89.112876184656457, 28.174940234181474 ], [ -89.112696521599631, 28.174940234181474 ], [ -89.112696521599631, 28.174760571124651 ], [ -89.112516858542818, 28.174760571124651 ], [ -89.112516858542818, 28.174401245011001 ], [ -89.112337195485992, 28.174401245011001 ], [ -89.112337195485992, 28.174221581954178 ], [ -89.112157532429165, 28.174221581954178 ], [ -89.112157532429165, 28.174041918897352 ], [ -89.111977869372339, 28.174041918897352 ], [ -89.111977869372339, 28.173862255840529 ], [ -89.111798206315513, 28.173862255840529 ], [ -89.111798206315513, 28.173682592783706 ], [ -89.111618543258686, 28.173682592783706 ], [ -89.111618543258686, 28.173323266670057 ], [ -89.111438880201874, 28.173323266670057 ], [ -89.111438880201874, 28.173143603613234 ], [ -89.111259217145047, 28.173143603613234 ], [ -89.111259217145047, 28.172784277499588 ], [ -89.111079554088221, 28.172784277499588 ], [ -89.111079554088221, 28.172604614442761 ], [ -89.110899891031394, 28.172604614442761 ], [ -89.110899891031394, 28.172245288329115 ], [ -89.110720227974568, 28.172245288329115 ], [ -89.110720227974568, 28.172065625272289 ], [ -89.110540564917756, 28.172065625272289 ], [ -89.110540564917756, 28.171885962215466 ], [ -89.110360901860929, 28.171885962215466 ], [ -89.110360901860929, 28.17152663610182 ], [ -89.110181238804103, 28.17152663610182 ], [ -89.110181238804103, 28.171346973044994 ], [ -89.110001575747276, 28.171346973044994 ], [ -89.110001575747276, 28.171167309988171 ], [ -89.109642249633623, 28.171167309988171 ], [ -89.109642249633623, 28.170987646931348 ], [ -89.109462586576811, 28.170987646931348 ], [ -89.109462586576811, 28.170807983874525 ], [ -89.109282923519984, 28.170807983874525 ], [ -89.109282923519984, 28.170628320817698 ], [ -89.109103260463158, 28.170628320817698 ], [ -89.109103260463158, 28.170448657760875 ], [ -89.108923597406331, 28.170448657760875 ], [ -89.108923597406331, 28.170268994704053 ], [ -89.108743934349505, 28.170268994704053 ], [ -89.108743934349505, 28.170089331647226 ], [ -89.108564271292693, 28.170089331647226 ], [ -89.108564271292693, 28.169909668590403 ], [ -89.108384608235866, 28.169909668590403 ], [ -89.108384608235866, 28.16973000553358 ], [ -89.10820494517904, 28.16973000553358 ], [ -89.10820494517904, 28.169370679419931 ], [ -89.108025282122213, 28.169370679419931 ], [ -89.108025282122213, 28.169191016363108 ], [ -89.107845619065387, 28.169191016363108 ], [ -89.107845619065387, 28.169011353306285 ], [ -89.10766595600856, 28.169011353306285 ], [ -89.10766595600856, 28.168831690249462 ], [ -89.107486292951748, 28.168831690249462 ], [ -89.107486292951748, 28.168652027192636 ], [ -89.107306629894921, 28.168652027192636 ], [ -89.107306629894921, 28.168472364135813 ], [ -89.107126966838095, 28.168472364135813 ], [ -89.107126966838095, 28.16829270107899 ], [ -89.106947303781268, 28.16829270107899 ], [ -89.106947303781268, 28.168113038022163 ], [ -89.10658797766763, 28.168113038022163 ], [ -89.10658797766763, 28.16793337496534 ], [ -89.106408314610803, 28.16793337496534 ], [ -89.106408314610803, 28.167753711908517 ], [ -89.10604898849715, 28.167753711908517 ], [ -89.10604898849715, 28.167574048851694 ], [ -89.105869325440324, 28.167574048851694 ], [ -89.105869325440324, 28.167394385794868 ], [ -89.105689662383497, 28.167394385794868 ], [ -89.105689662383497, 28.167214722738045 ], [ -89.105509999326685, 28.167214722738045 ], [ -89.105509999326685, 28.167035059681222 ], [ -89.105330336269859, 28.167035059681222 ], [ -89.105330336269859, 28.166855396624399 ], [ -89.105150673213032, 28.166855396624399 ], [ -89.105150673213032, 28.166675733567573 ], [ -89.104971010156206, 28.166675733567573 ], [ -89.104971010156206, 28.16649607051075 ], [ -89.104611684042567, 28.16649607051075 ], [ -89.104611684042567, 28.166316407453927 ], [ -89.10443202098574, 28.166316407453927 ], [ -89.10443202098574, 28.1661367443971 ], [ -89.104252357928914, 28.1661367443971 ], [ -89.104252357928914, 28.165957081340277 ], [ -89.104072694872087, 28.165957081340277 ], [ -89.104072694872087, 28.165777418283454 ], [ -89.103893031815261, 28.165777418283454 ], [ -89.103893031815261, 28.165418092169805 ], [ -89.103713368758434, 28.165418092169805 ], [ -89.103713368758434, 28.165238429112982 ], [ -89.103533705701622, 28.165238429112982 ], [ -89.103533705701622, 28.165058766056159 ], [ -89.103354042644796, 28.165058766056159 ], [ -89.103354042644796, 28.164879102999336 ], [ -89.103174379587969, 28.164879102999336 ], [ -89.103174379587969, 28.16469943994251 ], [ -89.102994716531143, 28.16469943994251 ], [ -89.102994716531143, 28.164519776885687 ], [ -89.102635390417504, 28.164519776885687 ], [ -89.102635390417504, 28.164340113828864 ], [ -89.102455727360677, 28.164340113828864 ], [ -89.102455727360677, 28.164160450772037 ], [ -89.102276064303851, 28.164160450772037 ], [ -89.102276064303851, 28.163980787715214 ], [ -89.102096401247024, 28.163980787715214 ], [ -89.102096401247024, 28.163801124658391 ], [ -89.101916738190198, 28.163801124658391 ], [ -89.101916738190198, 28.163621461601569 ], [ -89.101737075133371, 28.163621461601569 ], [ -89.101737075133371, 28.163441798544742 ], [ -89.101557412076559, 28.163441798544742 ], [ -89.101557412076559, 28.163262135487919 ], [ -89.101377749019733, 28.163262135487919 ], [ -89.101377749019733, 28.163082472431096 ], [ -89.101198085962906, 28.163082472431096 ], [ -89.101198085962906, 28.16290280937427 ], [ -89.10101842290608, 28.16290280937427 ], [ -89.10101842290608, 28.162543483260624 ], [ -89.100838759849253, 28.162543483260624 ], [ -89.100838759849253, 28.162363820203801 ], [ -89.100659096792441, 28.162363820203801 ], [ -89.100659096792441, 28.162184157146974 ], [ -89.100479433735615, 28.162184157146974 ], [ -89.100479433735615, 28.162004494090151 ], [ -89.100299770678788, 28.162004494090151 ], [ -89.100299770678788, 28.161824831033329 ], [ -89.100120107621962, 28.161824831033329 ], [ -89.100120107621962, 28.161645167976506 ], [ -89.099940444565135, 28.161645167976506 ], [ -89.099940444565135, 28.161465504919679 ], [ -89.099760781508309, 28.161465504919679 ], [ -89.099760781508309, 28.161285841862856 ], [ -89.099581118451496, 28.161285841862856 ], [ -89.099581118451496, 28.161106178806033 ], [ -89.099221792337843, 28.161106178806033 ], [ -89.099221792337843, 28.160926515749207 ], [ -89.09886246622419, 28.160926515749207 ], [ -89.09886246622419, 28.160746852692384 ], [ -89.098323477053725, 28.160746852692384 ], [ -89.098323477053725, 28.160567189635561 ], [ -89.098143813996899, 28.160567189635561 ], [ -89.098143813996899, 28.160387526578738 ], [ -89.097964150940072, 28.160387526578738 ], [ -89.097964150940072, 28.159489211294616 ], [ -89.098143813996899, 28.159489211294616 ], [ -89.098143813996899, 28.159309548237793 ], [ -89.098503140110552, 28.159309548237793 ], [ -89.098503140110552, 28.15912988518097 ], [ -89.099581118451496, 28.15912988518097 ], [ -89.099581118451496, 28.159309548237793 ], [ -89.100120107621962, 28.159309548237793 ], [ -89.100120107621962, 28.159489211294616 ], [ -89.100479433735615, 28.159489211294616 ], [ -89.100479433735615, 28.159668874351443 ], [ -89.100838759849253, 28.159668874351443 ], [ -89.100838759849253, 28.159848537408266 ], [ -89.101198085962906, 28.159848537408266 ], [ -89.101198085962906, 28.160028200465089 ], [ -89.101737075133371, 28.160028200465089 ], [ -89.101737075133371, 28.159848537408266 ], [ -89.102096401247024, 28.159848537408266 ], [ -89.102096401247024, 28.159668874351443 ], [ -89.102276064303851, 28.159668874351443 ], [ -89.102276064303851, 28.159489211294616 ], [ -89.102635390417504, 28.159489211294616 ], [ -89.102635390417504, 28.159309548237793 ], [ -89.103713368758434, 28.159309548237793 ], [ -89.103713368758434, 28.159489211294616 ], [ -89.104072694872087, 28.159489211294616 ], [ -89.104072694872087, 28.159668874351443 ], [ -89.104252357928914, 28.159668874351443 ], [ -89.104252357928914, 28.159848537408266 ], [ -89.104611684042567, 28.159848537408266 ], [ -89.104611684042567, 28.160028200465089 ], [ -89.104971010156206, 28.160028200465089 ], [ -89.104971010156206, 28.159668874351443 ], [ -89.105150673213032, 28.159668874351443 ], [ -89.105150673213032, 28.159309548237793 ], [ -89.105330336269859, 28.159309548237793 ], [ -89.105330336269859, 28.15769258072638 ], [ -89.105150673213032, 28.15769258072638 ], [ -89.105150673213032, 28.156434939328612 ], [ -89.105330336269859, 28.156434939328612 ], [ -89.105330336269859, 28.156255276271786 ], [ -89.105509999326685, 28.156255276271786 ], [ -89.105509999326685, 28.156075613214963 ], [ -89.105869325440324, 28.156075613214963 ], [ -89.105869325440324, 28.15589595015814 ], [ -89.10658797766763, 28.15589595015814 ], [ -89.10658797766763, 28.155716287101317 ], [ -89.107306629894921, 28.155716287101317 ], [ -89.107306629894921, 28.15553662404449 ], [ -89.10766595600856, 28.15553662404449 ], [ -89.10766595600856, 28.155356960987667 ], [ -89.108025282122213, 28.155356960987667 ], [ -89.108025282122213, 28.155177297930845 ], [ -89.10820494517904, 28.155177297930845 ], [ -89.10820494517904, 28.154997634874018 ], [ -89.108743934349505, 28.154997634874018 ], [ -89.108743934349505, 28.154817971817195 ], [ -89.110181238804103, 28.154817971817195 ], [ -89.110181238804103, 28.154638308760372 ], [ -89.110720227974568, 28.154638308760372 ], [ -89.110720227974568, 28.154458645703549 ], [ -89.111079554088221, 28.154458645703549 ], [ -89.111079554088221, 28.154278982646723 ], [ -89.111259217145047, 28.154278982646723 ], [ -89.111259217145047, 28.1540993195899 ], [ -89.112157532429165, 28.1540993195899 ], [ -89.112157532429165, 28.154278982646723 ], [ -89.112337195485992, 28.154278982646723 ], [ -89.112337195485992, 28.154638308760372 ], [ -89.112516858542818, 28.154638308760372 ], [ -89.112516858542818, 28.155356960987667 ], [ -89.112696521599631, 28.155356960987667 ], [ -89.112696521599631, 28.156075613214963 ], [ -89.112876184656457, 28.156075613214963 ], [ -89.112876184656457, 28.156255276271786 ], [ -89.11323551077011, 28.156255276271786 ], [ -89.11323551077011, 28.156434939328612 ], [ -89.113774499940575, 28.156434939328612 ], [ -89.113774499940575, 28.156255276271786 ], [ -89.114313489111055, 28.156255276271786 ], [ -89.114313489111055, 28.156075613214963 ], [ -89.114493152167881, 28.156075613214963 ], [ -89.114493152167881, 28.15589595015814 ], [ -89.114672815224694, 28.15589595015814 ], [ -89.114672815224694, 28.154458645703549 ], [ -89.114493152167881, 28.154458645703549 ], [ -89.114493152167881, 28.153021341248955 ], [ -89.114672815224694, 28.153021341248955 ], [ -89.114672815224694, 28.152662015135309 ], [ -89.11485247828152, 28.152662015135309 ], [ -89.11485247828152, 28.152482352078486 ], [ -89.115032141338347, 28.152482352078486 ], [ -89.115032141338347, 28.15230268902166 ], [ -89.115391467452, 28.15230268902166 ], [ -89.115391467452, 28.152123025964837 ], [ -89.117188098020236, 28.152123025964837 ], [ -89.117188098020236, 28.15230268902166 ], [ -89.117727087190701, 28.15230268902166 ], [ -89.117727087190701, 28.152482352078486 ], [ -89.117906750247528, 28.152482352078486 ], [ -89.117906750247528, 28.152662015135309 ], [ -89.118266076361181, 28.152662015135309 ], [ -89.118266076361181, 28.152841678192132 ], [ -89.118445739418007, 28.152841678192132 ], [ -89.118445739418007, 28.153021341248955 ], [ -89.118805065531646, 28.153021341248955 ], [ -89.118805065531646, 28.153201004305782 ], [ -89.119164391645299, 28.153201004305782 ], [ -89.119164391645299, 28.153380667362605 ], [ -89.119523717758952, 28.153380667362605 ], [ -89.119523717758952, 28.153560330419428 ], [ -89.120062706929417, 28.153560330419428 ], [ -89.120062706929417, 28.153739993476254 ], [ -89.120242369986244, 28.153739993476254 ], [ -89.120242369986244, 28.153919656533077 ], [ -89.12042203304307, 28.153919656533077 ], [ -89.12042203304307, 28.1540993195899 ], [ -89.120601696099882, 28.1540993195899 ], [ -89.120601696099882, 28.154278982646723 ], [ -89.120781359156709, 28.154278982646723 ], [ -89.120781359156709, 28.154458645703549 ], [ -89.120961022213535, 28.154458645703549 ], [ -89.120961022213535, 28.154817971817195 ], [ -89.121140685270362, 28.154817971817195 ], [ -89.121140685270362, 28.154997634874018 ], [ -89.121320348327188, 28.154997634874018 ], [ -89.121320348327188, 28.155177297930845 ], [ -89.121500011384015, 28.155177297930845 ], [ -89.121500011384015, 28.155356960987667 ], [ -89.121679674440827, 28.155356960987667 ], [ -89.121679674440827, 28.15553662404449 ], [ -89.121859337497654, 28.15553662404449 ], [ -89.121859337497654, 28.155716287101317 ], [ -89.122218663611307, 28.155716287101317 ], [ -89.122218663611307, 28.15589595015814 ], [ -89.122577989724945, 28.15589595015814 ], [ -89.122577989724945, 28.156075613214963 ], [ -89.122757652781772, 28.156075613214963 ], [ -89.122757652781772, 28.156255276271786 ], [ -89.122937315838598, 28.156255276271786 ], [ -89.122937315838598, 28.156434939328612 ], [ -89.123116978895425, 28.156434939328612 ], [ -89.123116978895425, 28.156794265442258 ], [ -89.123296641952251, 28.156794265442258 ], [ -89.123296641952251, 28.156973928499081 ], [ -89.123476305009078, 28.156973928499081 ], [ -89.123476305009078, 28.157512917669553 ], [ -89.12365596806589, 28.157512917669553 ], [ -89.12365596806589, 28.15769258072638 ], [ -89.123835631122716, 28.15769258072638 ], [ -89.123835631122716, 28.158051906840026 ], [ -89.124015294179543, 28.158051906840026 ], [ -89.124015294179543, 28.158411232953675 ], [ -89.124194957236369, 28.158411232953675 ], [ -89.124194957236369, 28.158590896010498 ], [ -89.124374620293196, 28.158590896010498 ], [ -89.124374620293196, 28.158770559067321 ], [ -89.124554283350008, 28.158770559067321 ], [ -89.124554283350008, 28.158950222124144 ], [ -89.124733946406835, 28.158950222124144 ], [ -89.124733946406835, 28.15912988518097 ], [ -89.124913609463661, 28.15912988518097 ], [ -89.124913609463661, 28.159489211294616 ], [ -89.125093272520488, 28.159489211294616 ], [ -89.125093272520488, 28.159668874351443 ], [ -89.125272935577314, 28.159668874351443 ], [ -89.125272935577314, 28.159848537408266 ], [ -89.125452598634141, 28.159848537408266 ], [ -89.125452598634141, 28.160207863521912 ], [ -89.125632261690953, 28.160207863521912 ], [ -89.125632261690953, 28.160567189635561 ], [ -89.125811924747779, 28.160567189635561 ], [ -89.125811924747779, 28.161106178806033 ], [ -89.125991587804606, 28.161106178806033 ], [ -89.125991587804606, 28.161465504919679 ], [ -89.126171250861432, 28.161465504919679 ], [ -89.126171250861432, 28.161824831033329 ], [ -89.126350913918259, 28.161824831033329 ], [ -89.126350913918259, 28.162004494090151 ], [ -89.126530576975071, 28.162004494090151 ], [ -89.126530576975071, 28.162363820203801 ], [ -89.126710240031898, 28.162363820203801 ], [ -89.126710240031898, 28.162723146317447 ], [ -89.126889903088724, 28.162723146317447 ], [ -89.126889903088724, 28.163262135487919 ], [ -89.127069566145551, 28.163262135487919 ], [ -89.127069566145551, 28.163621461601569 ], [ -89.127249229202377, 28.163621461601569 ], [ -89.127249229202377, 28.163980787715214 ], [ -89.127428892259204, 28.163980787715214 ], [ -89.127428892259204, 28.164160450772037 ], [ -89.127608555316016, 28.164160450772037 ], [ -89.127608555316016, 28.164519776885687 ], [ -89.127788218372842, 28.164519776885687 ], [ -89.127788218372842, 28.16469943994251 ], [ -89.127967881429669, 28.16469943994251 ], [ -89.127967881429669, 28.165058766056159 ], [ -89.128147544486495, 28.165058766056159 ], [ -89.128147544486495, 28.165238429112982 ], [ -89.128327207543322, 28.165238429112982 ], [ -89.128327207543322, 28.165418092169805 ], [ -89.128506870600134, 28.165418092169805 ], [ -89.128506870600134, 28.165777418283454 ], [ -89.12868653365696, 28.165777418283454 ], [ -89.12868653365696, 28.165957081340277 ], [ -89.128866196713787, 28.165957081340277 ], [ -89.128866196713787, 28.1661367443971 ], [ -89.129045859770613, 28.1661367443971 ], [ -89.129045859770613, 28.166316407453927 ], [ -89.12922552282744, 28.166316407453927 ], [ -89.12922552282744, 28.16649607051075 ], [ -89.129584848941079, 28.16649607051075 ], [ -89.129584848941079, 28.166855396624399 ], [ -89.129764511997905, 28.166855396624399 ], [ -89.129764511997905, 28.167035059681222 ], [ -89.129944175054732, 28.167035059681222 ], [ -89.129944175054732, 28.167394385794868 ], [ -89.130123838111558, 28.167394385794868 ], [ -89.130123838111558, 28.167574048851694 ], [ -89.130303501168385, 28.167574048851694 ], [ -89.130303501168385, 28.167753711908517 ], [ -89.130483164225197, 28.167753711908517 ], [ -89.130483164225197, 28.168113038022163 ], [ -89.130662827282023, 28.168113038022163 ], [ -89.130662827282023, 28.16829270107899 ], [ -89.13084249033885, 28.16829270107899 ], [ -89.13084249033885, 28.168652027192636 ], [ -89.131022153395676, 28.168652027192636 ], [ -89.131022153395676, 28.169011353306285 ], [ -89.131201816452503, 28.169011353306285 ], [ -89.131201816452503, 28.169370679419931 ], [ -89.131381479509329, 28.169370679419931 ], [ -89.131381479509329, 28.169550342476757 ], [ -89.131561142566142, 28.169550342476757 ], [ -89.131561142566142, 28.16973000553358 ], [ -89.131740805622968, 28.16973000553358 ], [ -89.131740805622968, 28.169909668590403 ], [ -89.131920468679795, 28.169909668590403 ], [ -89.131920468679795, 28.170089331647226 ], [ -89.132279794793448, 28.170089331647226 ], [ -89.132279794793448, 28.170268994704053 ], [ -89.13245945785026, 28.170268994704053 ], [ -89.13245945785026, 28.170448657760875 ], [ -89.132639120907086, 28.170448657760875 ], [ -89.132639120907086, 28.170628320817698 ], [ -89.132818783963913, 28.170628320817698 ], [ -89.132818783963913, 28.170807983874525 ], [ -89.132998447020739, 28.170807983874525 ], [ -89.132998447020739, 28.170987646931348 ], [ -89.133178110077566, 28.170987646931348 ], [ -89.133178110077566, 28.171167309988171 ], [ -89.133357773134392, 28.171167309988171 ], [ -89.133357773134392, 28.171346973044994 ], [ -89.133537436191205, 28.171346973044994 ], [ -89.133537436191205, 28.171706299158643 ], [ -89.133717099248031, 28.171706299158643 ], [ -89.133717099248031, 28.171885962215466 ], [ -89.133896762304857, 28.171885962215466 ], [ -89.133896762304857, 28.172065625272289 ], [ -89.134076425361684, 28.172065625272289 ], [ -89.134076425361684, 28.172424951385938 ], [ -89.13425608841851, 28.172424951385938 ], [ -89.13425608841851, 28.172604614442761 ], [ -89.134435751475323, 28.172604614442761 ], [ -89.134435751475323, 28.172784277499588 ], [ -89.134615414532149, 28.172784277499588 ], [ -89.134615414532149, 28.172963940556411 ], [ -89.134795077588976, 28.172963940556411 ], [ -89.134795077588976, 28.173143603613234 ], [ -89.134974740645802, 28.173143603613234 ], [ -89.134974740645802, 28.173323266670057 ], [ -89.135154403702629, 28.173323266670057 ], [ -89.135154403702629, 28.173502929726883 ], [ -89.135334066759455, 28.173502929726883 ], [ -89.135334066759455, 28.173682592783706 ], [ -89.135513729816267, 28.173682592783706 ], [ -89.135513729816267, 28.174041918897352 ], [ -89.135693392873094, 28.174041918897352 ], [ -89.135693392873094, 28.174221581954178 ], [ -89.13587305592992, 28.174221581954178 ], [ -89.13587305592992, 28.174580908067824 ], [ -89.136052718986747, 28.174580908067824 ], [ -89.136052718986747, 28.174760571124651 ], [ -89.136232382043573, 28.174760571124651 ], [ -89.136232382043573, 28.174940234181474 ], [ -89.136412045100386, 28.174940234181474 ], [ -89.136412045100386, 28.175119897238297 ], [ -89.136591708157212, 28.175119897238297 ], [ -89.136591708157212, 28.17529956029512 ], [ -89.136771371214039, 28.17529956029512 ], [ -89.136771371214039, 28.175479223351946 ], [ -89.136951034270865, 28.175479223351946 ], [ -89.136951034270865, 28.175658886408769 ], [ -89.137130697327692, 28.175658886408769 ], [ -89.137130697327692, 28.176018212522415 ], [ -89.137310360384518, 28.176018212522415 ], [ -89.137310360384518, 28.176197875579241 ], [ -89.13749002344133, 28.176197875579241 ], [ -89.13749002344133, 28.176377538636064 ], [ -89.137669686498157, 28.176377538636064 ], [ -89.137669686498157, 28.176557201692887 ], [ -89.137849349554983, 28.176557201692887 ], [ -89.137849349554983, 28.176736864749714 ], [ -89.13802901261181, 28.176736864749714 ], [ -89.13802901261181, 28.177096190863359 ], [ -89.138208675668636, 28.177096190863359 ], [ -89.138208675668636, 28.177275853920182 ], [ -89.138388338725449, 28.177275853920182 ], [ -89.138388338725449, 28.177455516977009 ], [ -89.138568001782275, 28.177455516977009 ], [ -89.138568001782275, 28.177635180033832 ], [ -89.138747664839102, 28.177635180033832 ], [ -89.138747664839102, 28.177814843090655 ], [ -89.138927327895928, 28.177814843090655 ], [ -89.138927327895928, 28.177994506147478 ], [ -89.139106990952754, 28.177994506147478 ], [ -89.139106990952754, 28.178174169204304 ], [ -89.139286654009581, 28.178174169204304 ], [ -89.139286654009581, 28.178353832261127 ], [ -89.139466317066393, 28.178353832261127 ], [ -89.139466317066393, 28.178713158374777 ], [ -89.13964598012322, 28.178713158374777 ], [ -89.13964598012322, 28.178892821431599 ], [ -89.139825643180046, 28.178892821431599 ], [ -89.139825643180046, 28.179431810602072 ], [ -89.140005306236873, 28.179431810602072 ], [ -89.140005306236873, 28.179970799772541 ], [ -89.140184969293699, 28.179970799772541 ], [ -89.140184969293699, 28.18033012588619 ], [ -89.140364632350511, 28.18033012588619 ], [ -89.140364632350511, 28.180689451999839 ], [ -89.140544295407338, 28.180689451999839 ], [ -89.140544295407338, 28.181048778113485 ], [ -89.140723958464164, 28.181048778113485 ], [ -89.140723958464164, 28.182665745624902 ], [ -89.140544295407338, 28.182665745624902 ], [ -89.140544295407338, 28.183564060909021 ], [ -89.140364632350511, 28.183564060909021 ], [ -89.140364632350511, 28.184282713136316 ], [ -89.140184969293699, 28.184282713136316 ], [ -89.140184969293699, 28.185001365363611 ], [ -89.140364632350511, 28.185001365363611 ], [ -89.140364632350511, 28.185720017590906 ], [ -89.140184969293699, 28.185720017590906 ], [ -89.140184969293699, 28.186079343704556 ], [ -89.140005306236873, 28.186079343704556 ], [ -89.140005306236873, 28.186259006761379 ], [ -89.139825643180046, 28.186259006761379 ], [ -89.139825643180046, 28.186438669818202 ], [ -89.139466317066393, 28.186438669818202 ], [ -89.139466317066393, 28.186618332875028 ], [ -89.139106990952754, 28.186618332875028 ], [ -89.139106990952754, 28.186797995931851 ], [ -89.138927327895928, 28.186797995931851 ], [ -89.138927327895928, 28.186977658988674 ], [ -89.138747664839102, 28.186977658988674 ], [ -89.138747664839102, 28.187157322045497 ], [ -89.138568001782275, 28.187157322045497 ], [ -89.138568001782275, 28.187336985102323 ], [ -89.138388338725449, 28.187336985102323 ], [ -89.138388338725449, 28.187516648159146 ], [ -89.138208675668636, 28.187516648159146 ], [ -89.138208675668636, 28.187875974272796 ], [ -89.13802901261181, 28.187875974272796 ], [ -89.13802901261181, 28.188055637329619 ], [ -89.137849349554983, 28.188055637329619 ], [ -89.137849349554983, 28.188594626500091 ], [ -89.137669686498157, 28.188594626500091 ], [ -89.137669686498157, 28.189672604841032 ], [ -89.137849349554983, 28.189672604841032 ], [ -89.137849349554983, 28.190391257068327 ], [ -89.13802901261181, 28.190391257068327 ], [ -89.13802901261181, 28.191109909295623 ], [ -89.137849349554983, 28.191109909295623 ], [ -89.137849349554983, 28.191469235409272 ], [ -89.13802901261181, 28.191469235409272 ], [ -89.13802901261181, 28.19272687680704 ], [ -89.138208675668636, 28.19272687680704 ], [ -89.138208675668636, 28.193265865977512 ], [ -89.138388338725449, 28.193265865977512 ], [ -89.138388338725449, 28.193625192091158 ], [ -89.138568001782275, 28.193625192091158 ], [ -89.138568001782275, 28.193984518204807 ], [ -89.138747664839102, 28.193984518204807 ], [ -89.138747664839102, 28.194343844318453 ], [ -89.138927327895928, 28.194343844318453 ], [ -89.138927327895928, 28.19452350737528 ], [ -89.139106990952754, 28.19452350737528 ], [ -89.139106990952754, 28.194882833488926 ], [ -89.139286654009581, 28.194882833488926 ], [ -89.139286654009581, 28.195242159602575 ], [ -89.139466317066393, 28.195242159602575 ], [ -89.139466317066393, 28.195601485716221 ], [ -89.13964598012322, 28.195601485716221 ], [ -89.13964598012322, 28.195781148773047 ], [ -89.139825643180046, 28.195781148773047 ], [ -89.139825643180046, 28.196140474886693 ], [ -89.140005306236873, 28.196140474886693 ], [ -89.140005306236873, 28.196320137943516 ], [ -89.140184969293699, 28.196320137943516 ], [ -89.140184969293699, 28.196499801000343 ], [ -89.140364632350511, 28.196499801000343 ], [ -89.140364632350511, 28.196679464057166 ], [ -89.140544295407338, 28.196679464057166 ], [ -89.140544295407338, 28.196859127113989 ], [ -89.140723958464164, 28.196859127113989 ], [ -89.140723958464164, 28.197038790170811 ], [ -89.140903621520991, 28.197038790170811 ], [ -89.140903621520991, 28.197218453227638 ], [ -89.141083284577817, 28.197218453227638 ], [ -89.141083284577817, 28.197577779341284 ], [ -89.141262947634644, 28.197577779341284 ], [ -89.141262947634644, 28.19775744239811 ], [ -89.141442610691456, 28.19775744239811 ], [ -89.141442610691456, 28.198116768511756 ], [ -89.141622273748283, 28.198116768511756 ], [ -89.141622273748283, 28.198296431568579 ], [ -89.141801936805109, 28.198296431568579 ], [ -89.141801936805109, 28.198476094625406 ], [ -89.141981599861936, 28.198476094625406 ], [ -89.141981599861936, 28.198655757682229 ], [ -89.142161262918762, 28.198655757682229 ], [ -89.142161262918762, 28.198835420739051 ], [ -89.142340925975574, 28.198835420739051 ], [ -89.142340925975574, 28.199194746852701 ], [ -89.142520589032401, 28.199194746852701 ], [ -89.142520589032401, 28.199374409909524 ], [ -89.142700252089227, 28.199374409909524 ], [ -89.142700252089227, 28.199733736023173 ], [ -89.142879915146054, 28.199733736023173 ], [ -89.142879915146054, 28.200093062136819 ], [ -89.14305957820288, 28.200093062136819 ], [ -89.14305957820288, 28.200452388250469 ], [ -89.143239241259707, 28.200452388250469 ], [ -89.143239241259707, 28.200811714364114 ], [ -89.143418904316519, 28.200811714364114 ], [ -89.143418904316519, 28.200991377420941 ], [ -89.143598567373346, 28.200991377420941 ], [ -89.143598567373346, 28.201171040477764 ], [ -89.143778230430172, 28.201171040477764 ], [ -89.143778230430172, 28.20153036659141 ], [ -89.143957893486999, 28.20153036659141 ], [ -89.143957893486999, 28.201889692705059 ], [ -89.144137556543825, 28.201889692705059 ], [ -89.144137556543825, 28.202249018818705 ], [ -89.144317219600637, 28.202249018818705 ], [ -89.144317219600637, 28.202608344932354 ], [ -89.144496882657464, 28.202608344932354 ], [ -89.144496882657464, 28.202967671046004 ], [ -89.14467654571429, 28.202967671046004 ], [ -89.14467654571429, 28.203506660216473 ], [ -89.144856208771117, 28.203506660216473 ], [ -89.144856208771117, 28.204045649386945 ], [ -89.145035871827943, 28.204045649386945 ], [ -89.145035871827943, 28.204584638557417 ], [ -89.14521553488477, 28.204584638557417 ], [ -89.14521553488477, 28.20476430161424 ], [ -89.145395197941582, 28.20476430161424 ], [ -89.145395197941582, 28.20512362772789 ], [ -89.145574860998408, 28.20512362772789 ], [ -89.145574860998408, 28.205303290784713 ], [ -89.145754524055235, 28.205303290784713 ], [ -89.145754524055235, 28.205482953841535 ], [ -89.145934187112061, 28.205482953841535 ], [ -89.145934187112061, 28.205662616898362 ], [ -89.146113850168888, 28.205662616898362 ], [ -89.146113850168888, 28.205842279955185 ], [ -89.1462935132257, 28.205842279955185 ], [ -89.1462935132257, 28.206021943012008 ], [ -89.146473176282527, 28.206021943012008 ], [ -89.146473176282527, 28.206201606068831 ], [ -89.146652839339353, 28.206201606068831 ], [ -89.146652839339353, 28.206381269125657 ], [ -89.14683250239618, 28.206381269125657 ], [ -89.14683250239618, 28.20656093218248 ], [ -89.147012165453006, 28.20656093218248 ], [ -89.147012165453006, 28.206740595239303 ], [ -89.147191828509833, 28.206740595239303 ], [ -89.147191828509833, 28.20692025829613 ], [ -89.147371491566645, 28.20692025829613 ], [ -89.147371491566645, 28.207279584409775 ], [ -89.147730817680298, 28.207279584409775 ], [ -89.147730817680298, 28.207459247466598 ], [ -89.147910480737124, 28.207459247466598 ], [ -89.147910480737124, 28.207638910523425 ], [ -89.148090143793951, 28.207638910523425 ], [ -89.148090143793951, 28.207818573580248 ], [ -89.148269806850763, 28.207818573580248 ], [ -89.148269806850763, 28.207998236637071 ], [ -89.148629132964416, 28.207998236637071 ], [ -89.148629132964416, 28.208177899693894 ], [ -89.148808796021243, 28.208177899693894 ], [ -89.148808796021243, 28.20835756275072 ], [ -89.148988459078069, 28.20835756275072 ], [ -89.148988459078069, 28.208537225807543 ], [ -89.149168122134895, 28.208537225807543 ], [ -89.149168122134895, 28.208716888864366 ], [ -89.149347785191708, 28.208716888864366 ], [ -89.149347785191708, 28.208896551921192 ], [ -89.149527448248534, 28.208896551921192 ], [ -89.149527448248534, 28.209076214978015 ], [ -89.149707111305361, 28.209076214978015 ], [ -89.149707111305361, 28.209255878034838 ], [ -89.149886774362187, 28.209255878034838 ], [ -89.149886774362187, 28.209615204148488 ], [ -89.150066437419014, 28.209615204148488 ], [ -89.150066437419014, 28.209974530262134 ], [ -89.150246100475826, 28.209974530262134 ], [ -89.150246100475826, 28.210154193318957 ], [ -89.150425763532652, 28.210154193318957 ], [ -89.150425763532652, 28.210333856375783 ], [ -89.150605426589479, 28.210333856375783 ], [ -89.150605426589479, 28.210693182489429 ], [ -89.150785089646305, 28.210693182489429 ], [ -89.150785089646305, 28.210872845546255 ], [ -89.151144415759958, 28.210872845546255 ], [ -89.151144415759958, 28.211052508603078 ], [ -89.151324078816771, 28.211052508603078 ], [ -89.151324078816771, 28.211232171659901 ], [ -89.151503741873597, 28.211232171659901 ], [ -89.151503741873597, 28.211411834716724 ], [ -89.151683404930424, 28.211411834716724 ], [ -89.151683404930424, 28.211591497773551 ], [ -89.15186306798725, 28.211591497773551 ], [ -89.15186306798725, 28.211950823887197 ], [ -89.152042731044077, 28.211950823887197 ], [ -89.152042731044077, 28.212130486944019 ], [ -89.152222394100889, 28.212130486944019 ], [ -89.152222394100889, 28.212310150000846 ], [ -89.152402057157715, 28.212310150000846 ], [ -89.152402057157715, 28.212489813057669 ], [ -89.152581720214542, 28.212489813057669 ], [ -89.152581720214542, 28.212669476114492 ], [ -89.152761383271368, 28.212669476114492 ], [ -89.152761383271368, 28.212849139171318 ], [ -89.152941046328195, 28.212849139171318 ], [ -89.152941046328195, 28.213028802228141 ], [ -89.153120709385021, 28.213028802228141 ], [ -89.153120709385021, 28.213208465284964 ], [ -89.153300372441834, 28.213208465284964 ], [ -89.153300372441834, 28.213388128341787 ], [ -89.15348003549866, 28.213388128341787 ], [ -89.15348003549866, 28.213567791398614 ], [ -89.153659698555487, 28.213567791398614 ], [ -89.153659698555487, 28.213747454455437 ], [ -89.153839361612313, 28.213747454455437 ], [ -89.153839361612313, 28.213927117512259 ], [ -89.15401902466914, 28.213927117512259 ], [ -89.15401902466914, 28.214106780569082 ], [ -89.154198687725952, 28.214106780569082 ], [ -89.154198687725952, 28.214286443625909 ], [ -89.154378350782778, 28.214286443625909 ], [ -89.154378350782778, 28.214466106682732 ], [ -89.154558013839605, 28.214466106682732 ], [ -89.154558013839605, 28.214825432796381 ], [ -89.154737676896431, 28.214825432796381 ], [ -89.154737676896431, 28.215005095853204 ], [ -89.154917339953258, 28.215005095853204 ], [ -89.154917339953258, 28.215184758910027 ], [ -89.155276666066896, 28.215184758910027 ], [ -89.155276666066896, 28.21536442196685 ], [ -89.155456329123723, 28.21536442196685 ], [ -89.155456329123723, 28.215544085023677 ], [ -89.155635992180549, 28.215544085023677 ], [ -89.155635992180549, 28.215723748080499 ], [ -89.155815655237376, 28.215723748080499 ], [ -89.155815655237376, 28.216083074194145 ], [ -89.155995318294202, 28.216083074194145 ], [ -89.155995318294202, 28.216262737250972 ], [ -89.156174981351015, 28.216262737250972 ], [ -89.156174981351015, 28.216442400307795 ], [ -89.156354644407841, 28.216442400307795 ], [ -89.156354644407841, 28.216622063364618 ], [ -89.156534307464668, 28.216622063364618 ], [ -89.156534307464668, 28.216801726421444 ], [ -89.156893633578321, 28.216801726421444 ], [ -89.156893633578321, 28.216981389478267 ], [ -89.157073296635147, 28.216981389478267 ], [ -89.157073296635147, 28.21716105253509 ], [ -89.157252959691959, 28.21716105253509 ], [ -89.157252959691959, 28.217520378648739 ], [ -89.157432622748786, 28.217520378648739 ], [ -89.157432622748786, 28.217879704762385 ], [ -89.157612285805612, 28.217879704762385 ], [ -89.157612285805612, 28.218239030876035 ], [ -89.157791948862439, 28.218239030876035 ], [ -89.157791948862439, 28.219317009216976 ], [ -89.157612285805612, 28.219317009216976 ], [ -89.157612285805612, 28.219496672273802 ], [ -89.156354644407841, 28.219496672273802 ], [ -89.156354644407841, 28.219676335330625 ], [ -89.155276666066896, 28.219676335330625 ] ], [ [ -89.104611684042567, 28.161824831033329 ], [ -89.104971010156206, 28.161824831033329 ], [ -89.104971010156206, 28.160746852692384 ], [ -89.104252357928914, 28.160746852692384 ], [ -89.104252357928914, 28.160926515749207 ], [ -89.104072694872087, 28.160926515749207 ], [ -89.104072694872087, 28.161824831033329 ], [ -89.104252357928914, 28.161824831033329 ], [ -89.104252357928914, 28.162004494090151 ], [ -89.104611684042567, 28.162004494090151 ], [ -89.104611684042567, 28.161824831033329 ] ] ], [ [ [ -89.143418904316519, 28.221113639785216 ], [ -89.143418904316519, 28.220933976728393 ], [ -89.14305957820288, 28.220933976728393 ], [ -89.14305957820288, 28.220215324501098 ], [ -89.143239241259707, 28.220215324501098 ], [ -89.143239241259707, 28.220035661444275 ], [ -89.143778230430172, 28.220035661444275 ], [ -89.143778230430172, 28.220215324501098 ], [ -89.143957893486999, 28.220215324501098 ], [ -89.143957893486999, 28.220394987557921 ], [ -89.144137556543825, 28.220394987557921 ], [ -89.144137556543825, 28.220933976728393 ], [ -89.143957893486999, 28.220933976728393 ], [ -89.143957893486999, 28.221113639785216 ], [ -89.143418904316519, 28.221113639785216 ] ] ] ] } },
{ "type": "Feature", "properties": { "cluster_id": 7, "component_ids": "12,13", "n_parts": 2, "area_m2": 1653582.2008899748, "confidence": 0.96746374713839178, "prob_max": 1.0, "centroid_lon": -88.872740054732517, "centroid_lat": 28.148156809366842, "length_m": 2006.8022409031958, "axis_bearing_deg": 37.889437499857927, "width_proxy_m": 823.98861591152695, "elongation": 1.2359512925193363, "end1_lon": -88.878259238972703, "end1_lat": 28.140772281892232, "end2_lon": -88.865712139230482, "end2_lat": 28.155063285540546, "wind_u": -3.8003033902885375, "wind_v": 7.064853867878659, "wind_speed_m_s": 8.0221235363660792, "wind_from_deg": 151.7234468109225, "wind_class": "valid", "wind_factor": 1.0, "size_factor": 0.99999993414575916, "slick_potential": 0.96746368342680122, "eligible": true, "ineligible_reason": "", "potential_rank": 2, "selected": true, "selection_basis": "policy_v1_top_potential" }, "geometry": { "type": "MultiPolygon", "coordinates": [ [ [ [ -88.859910600648405, 28.156434939328612 ], [ -88.859910600648405, 28.156255276271786 ], [ -88.859730937591578, 28.156255276271786 ], [ -88.859730937591578, 28.156075613214963 ], [ -88.859551274534752, 28.156075613214963 ], [ -88.859551274534752, 28.15589595015814 ], [ -88.859371611477926, 28.15589595015814 ], [ -88.859371611477926, 28.155716287101317 ], [ -88.859191948421113, 28.155716287101317 ], [ -88.859191948421113, 28.15553662404449 ], [ -88.859012285364287, 28.15553662404449 ], [ -88.859012285364287, 28.155356960987667 ], [ -88.85883262230746, 28.155356960987667 ], [ -88.85883262230746, 28.154817971817195 ], [ -88.858652959250634, 28.154817971817195 ], [ -88.858652959250634, 28.154278982646723 ], [ -88.858473296193807, 28.154278982646723 ], [ -88.858473296193807, 28.153919656533077 ], [ -88.858652959250634, 28.153919656533077 ], [ -88.858652959250634, 28.153739993476254 ], [ -88.85883262230746, 28.153739993476254 ], [ -88.85883262230746, 28.153560330419428 ], [ -88.859191948421113, 28.153560330419428 ], [ -88.859191948421113, 28.153380667362605 ], [ -88.859910600648405, 28.153380667362605 ], [ -88.859910600648405, 28.153201004305782 ], [ -88.860629252875697, 28.153201004305782 ], [ -88.860629252875697, 28.153021341248955 ], [ -88.860808915932523, 28.153021341248955 ], [ -88.860808915932523, 28.152841678192132 ], [ -88.86098857898935, 28.152841678192132 ], [ -88.86098857898935, 28.152662015135309 ], [ -88.861168242046176, 28.152662015135309 ], [ -88.861168242046176, 28.152482352078486 ], [ -88.861347905102988, 28.152482352078486 ], [ -88.861347905102988, 28.152123025964837 ], [ -88.861527568159815, 28.152123025964837 ], [ -88.861527568159815, 28.151584036794365 ], [ -88.861707231216641, 28.151584036794365 ], [ -88.861707231216641, 28.151404373737542 ], [ -88.861886894273468, 28.151404373737542 ], [ -88.861886894273468, 28.151224710680719 ], [ -88.862066557330294, 28.151224710680719 ], [ -88.862066557330294, 28.151045047623892 ], [ -88.862425883443933, 28.151045047623892 ], [ -88.862425883443933, 28.150865384567069 ], [ -88.86260554650076, 28.150865384567069 ], [ -88.86260554650076, 28.150685721510246 ], [ -88.862964872614413, 28.150685721510246 ], [ -88.862964872614413, 28.150506058453423 ], [ -88.863324198728051, 28.150506058453423 ], [ -88.863324198728051, 28.150326395396597 ], [ -88.864042850955357, 28.150326395396597 ], [ -88.864042850955357, 28.150146732339774 ], [ -88.866558133750885, 28.150146732339774 ], [ -88.866558133750885, 28.149967069282951 ], [ -88.867456449035004, 28.149967069282951 ], [ -88.867456449035004, 28.149787406226128 ], [ -88.867815775148657, 28.149787406226128 ], [ -88.867815775148657, 28.149607743169302 ], [ -88.86817510126231, 28.149607743169302 ], [ -88.86817510126231, 28.149428080112479 ], [ -88.868534427375948, 28.149428080112479 ], [ -88.868534427375948, 28.149248417055656 ], [ -88.868893753489601, 28.149248417055656 ], [ -88.868893753489601, 28.149068753998829 ], [ -88.86925307960324, 28.149068753998829 ], [ -88.86925307960324, 28.148889090942006 ], [ -88.869612405716893, 28.148889090942006 ], [ -88.869612405716893, 28.148709427885183 ], [ -88.86979206877372, 28.148709427885183 ], [ -88.86979206877372, 28.148529764828361 ], [ -88.869971731830546, 28.148529764828361 ], [ -88.869971731830546, 28.148350101771534 ], [ -88.870331057944185, 28.148350101771534 ], [ -88.870331057944185, 28.148170438714711 ], [ -88.871768362398782, 28.148170438714711 ], [ -88.871768362398782, 28.147990775657888 ], [ -88.872846340739727, 28.147990775657888 ], [ -88.872846340739727, 28.147811112601062 ], [ -88.873385329910192, 28.147811112601062 ], [ -88.873385329910192, 28.147631449544239 ], [ -88.873744656023845, 28.147631449544239 ], [ -88.873744656023845, 28.147451786487416 ], [ -88.874103982137498, 28.147451786487416 ], [ -88.874103982137498, 28.147272123430593 ], [ -88.874463308251137, 28.147272123430593 ], [ -88.874463308251137, 28.146912797316944 ], [ -88.874642971307964, 28.146912797316944 ], [ -88.874642971307964, 28.145655155919176 ], [ -88.874463308251137, 28.145655155919176 ], [ -88.874463308251137, 28.145116166748704 ], [ -88.874283645194311, 28.145116166748704 ], [ -88.874283645194311, 28.144756840635058 ], [ -88.874103982137498, 28.144756840635058 ], [ -88.874103982137498, 28.144397514521408 ], [ -88.873924319080672, 28.144397514521408 ], [ -88.873924319080672, 28.143858525350936 ], [ -88.873744656023845, 28.143858525350936 ], [ -88.873744656023845, 28.143139873123641 ], [ -88.873564992967019, 28.143139873123641 ], [ -88.873564992967019, 28.142600883953172 ], [ -88.873385329910192, 28.142600883953172 ], [ -88.873385329910192, 28.142061894782699 ], [ -88.873205666853366, 28.142061894782699 ], [ -88.873205666853366, 28.141522905612227 ], [ -88.873026003796554, 28.141522905612227 ], [ -88.873026003796554, 28.140983916441755 ], [ -88.872846340739727, 28.140983916441755 ], [ -88.872846340739727, 28.140444927271282 ], [ -88.872666677682901, 28.140444927271282 ], [ -88.872666677682901, 28.13990593810081 ], [ -88.872487014626074, 28.13990593810081 ], [ -88.872487014626074, 28.139366948930341 ], [ -88.872307351569248, 28.139366948930341 ], [ -88.872307351569248, 28.139187285873515 ], [ -88.871948025455609, 28.139187285873515 ], [ -88.871948025455609, 28.139007622816692 ], [ -88.871768362398782, 28.139007622816692 ], [ -88.871768362398782, 28.138648296703046 ], [ -88.871588699341956, 28.138648296703046 ], [ -88.871588699341956, 28.13846863364622 ], [ -88.871409036285129, 28.13846863364622 ], [ -88.871409036285129, 28.138109307532574 ], [ -88.871229373228303, 28.138109307532574 ], [ -88.871229373228303, 28.136851666134806 ], [ -88.871409036285129, 28.136851666134806 ], [ -88.871409036285129, 28.136672003077983 ], [ -88.872307351569248, 28.136672003077983 ], [ -88.872307351569248, 28.136851666134806 ], [ -88.872487014626074, 28.136851666134806 ], [ -88.872487014626074, 28.137031329191629 ], [ -88.872666677682901, 28.137031329191629 ], [ -88.872666677682901, 28.137210992248452 ], [ -88.872846340739727, 28.137210992248452 ], [ -88.872846340739727, 28.137390655305278 ], [ -88.873026003796554, 28.137390655305278 ], [ -88.873026003796554, 28.137570318362101 ], [ -88.873205666853366, 28.137570318362101 ], [ -88.873205666853366, 28.137749981418924 ], [ -88.873385329910192, 28.137749981418924 ], [ -88.873385329910192, 28.137929644475747 ], [ -88.873564992967019, 28.137929644475747 ], [ -88.873564992967019, 28.138109307532574 ], [ -88.873744656023845, 28.138109307532574 ], [ -88.873744656023845, 28.138288970589397 ], [ -88.873924319080672, 28.138288970589397 ], [ -88.873924319080672, 28.13846863364622 ], [ -88.874103982137498, 28.13846863364622 ], [ -88.874103982137498, 28.138648296703046 ], [ -88.874283645194311, 28.138648296703046 ], [ -88.874283645194311, 28.138827959759869 ], [ -88.874642971307964, 28.138827959759869 ], [ -88.874642971307964, 28.139007622816692 ], [ -88.875002297421617, 28.139007622816692 ], [ -88.875002297421617, 28.139187285873515 ], [ -88.875181960478429, 28.139187285873515 ], [ -88.875181960478429, 28.139366948930341 ], [ -88.875361623535255, 28.139366948930341 ], [ -88.875361623535255, 28.139546611987164 ], [ -88.875541286592082, 28.139546611987164 ], [ -88.875541286592082, 28.139726275043987 ], [ -88.875720949648908, 28.139726275043987 ], [ -88.875720949648908, 28.140085601157637 ], [ -88.875900612705735, 28.140085601157637 ], [ -88.875900612705735, 28.14026526421446 ], [ -88.876080275762561, 28.14026526421446 ], [ -88.876080275762561, 28.140444927271282 ], [ -88.8764396018762, 28.140444927271282 ], [ -88.8764396018762, 28.140624590328109 ], [ -88.876798927989853, 28.140624590328109 ], [ -88.876798927989853, 28.140804253384932 ], [ -88.876978591046679, 28.140804253384932 ], [ -88.876978591046679, 28.140983916441755 ], [ -88.877337917160318, 28.140983916441755 ], [ -88.877337917160318, 28.141163579498578 ], [ -88.877517580217145, 28.141163579498578 ], [ -88.877517580217145, 28.141343242555404 ], [ -88.877876906330798, 28.141343242555404 ], [ -88.877876906330798, 28.141522905612227 ], [ -88.878415895501263, 28.141522905612227 ], [ -88.878415895501263, 28.14170256866905 ], [ -88.878954884671742, 28.14170256866905 ], [ -88.878954884671742, 28.141882231725873 ], [ -88.879493873842208, 28.141882231725873 ], [ -88.879493873842208, 28.142061894782699 ], [ -88.880032863012687, 28.142061894782699 ], [ -88.880032863012687, 28.142241557839522 ], [ -88.880392189126326, 28.142241557839522 ], [ -88.880392189126326, 28.142421220896345 ], [ -88.880571852183152, 28.142421220896345 ], [ -88.880571852183152, 28.142600883953172 ], [ -88.880751515239979, 28.142600883953172 ], [ -88.880751515239979, 28.142780547009995 ], [ -88.881110841353632, 28.142780547009995 ], [ -88.881110841353632, 28.143139873123641 ], [ -88.881290504410444, 28.143139873123641 ], [ -88.881290504410444, 28.143319536180467 ], [ -88.881649830524097, 28.143319536180467 ], [ -88.881649830524097, 28.14349919923729 ], [ -88.881829493580923, 28.14349919923729 ], [ -88.881829493580923, 28.143678862294113 ], [ -88.88200915663775, 28.143678862294113 ], [ -88.88200915663775, 28.144038188407762 ], [ -88.882188819694562, 28.144038188407762 ], [ -88.882188819694562, 28.144217851464585 ], [ -88.882368482751389, 28.144217851464585 ], [ -88.882368482751389, 28.144756840635058 ], [ -88.882548145808215, 28.144756840635058 ], [ -88.882548145808215, 28.145475492862353 ], [ -88.882727808865042, 28.145475492862353 ], [ -88.882727808865042, 28.147092460373766 ], [ -88.882548145808215, 28.147092460373766 ], [ -88.882548145808215, 28.147631449544239 ], [ -88.882368482751389, 28.147631449544239 ], [ -88.882368482751389, 28.147990775657888 ], [ -88.882188819694562, 28.147990775657888 ], [ -88.882188819694562, 28.148170438714711 ], [ -88.88200915663775, 28.148170438714711 ], [ -88.88200915663775, 28.148350101771534 ], [ -88.881829493580923, 28.148350101771534 ], [ -88.881829493580923, 28.148529764828361 ], [ -88.881649830524097, 28.148529764828361 ], [ -88.881649830524097, 28.148709427885183 ], [ -88.88147016746727, 28.148709427885183 ], [ -88.88147016746727, 28.148889090942006 ], [ -88.881290504410444, 28.148889090942006 ], [ -88.881290504410444, 28.149248417055656 ], [ -88.881110841353632, 28.149248417055656 ], [ -88.881110841353632, 28.149428080112479 ], [ -88.880931178296805, 28.149428080112479 ], [ -88.880931178296805, 28.149607743169302 ], [ -88.880751515239979, 28.149607743169302 ], [ -88.880751515239979, 28.149787406226128 ], [ -88.880571852183152, 28.149787406226128 ], [ -88.880571852183152, 28.149967069282951 ], [ -88.880392189126326, 28.149967069282951 ], [ -88.880392189126326, 28.150146732339774 ], [ -88.880212526069499, 28.150146732339774 ], [ -88.880212526069499, 28.150326395396597 ], [ -88.880032863012687, 28.150326395396597 ], [ -88.880032863012687, 28.150506058453423 ], [ -88.879673536899034, 28.150506058453423 ], [ -88.879673536899034, 28.150685721510246 ], [ -88.879314210785381, 28.150685721510246 ], [ -88.879314210785381, 28.150865384567069 ], [ -88.878595558558089, 28.150865384567069 ], [ -88.878595558558089, 28.151045047623892 ], [ -88.877697243273971, 28.151045047623892 ], [ -88.877697243273971, 28.151224710680719 ], [ -88.876080275762561, 28.151224710680719 ], [ -88.876080275762561, 28.151404373737542 ], [ -88.875541286592082, 28.151404373737542 ], [ -88.875541286592082, 28.151584036794365 ], [ -88.875361623535255, 28.151584036794365 ], [ -88.875361623535255, 28.151763699851191 ], [ -88.875002297421617, 28.151763699851191 ], [ -88.875002297421617, 28.151943362908014 ], [ -88.874642971307964, 28.151943362908014 ], [ -88.874642971307964, 28.152123025964837 ], [ -88.873744656023845, 28.152123025964837 ], [ -88.873744656023845, 28.15230268902166 ], [ -88.872666677682901, 28.15230268902166 ], [ -88.872666677682901, 28.152482352078486 ], [ -88.872127688512435, 28.152482352078486 ], [ -88.872127688512435, 28.152662015135309 ], [ -88.871768362398782, 28.152662015135309 ], [ -88.871768362398782, 28.152841678192132 ], [ -88.871588699341956, 28.152841678192132 ], [ -88.871588699341956, 28.153021341248955 ], [ -88.871229373228303, 28.153021341248955 ], [ -88.871229373228303, 28.153201004305782 ], [ -88.871049710171491, 28.153201004305782 ], [ -88.871049710171491, 28.153380667362605 ], [ -88.870690384057838, 28.153380667362605 ], [ -88.870690384057838, 28.153560330419428 ], [ -88.869971731830546, 28.153560330419428 ], [ -88.869971731830546, 28.153739993476254 ], [ -88.868534427375948, 28.153739993476254 ], [ -88.868534427375948, 28.153919656533077 ], [ -88.867815775148657, 28.153919656533077 ], [ -88.867815775148657, 28.1540993195899 ], [ -88.865300492353114, 28.1540993195899 ], [ -88.865300492353114, 28.154278982646723 ], [ -88.864402177068996, 28.154278982646723 ], [ -88.864402177068996, 28.154458645703549 ], [ -88.864042850955357, 28.154458645703549 ], [ -88.864042850955357, 28.154638308760372 ], [ -88.863863187898531, 28.154638308760372 ], [ -88.863863187898531, 28.154817971817195 ], [ -88.863503861784878, 28.154817971817195 ], [ -88.863503861784878, 28.154997634874018 ], [ -88.863144535671239, 28.154997634874018 ], [ -88.863144535671239, 28.155177297930845 ], [ -88.862785209557586, 28.155177297930845 ], [ -88.862785209557586, 28.155356960987667 ], [ -88.86260554650076, 28.155356960987667 ], [ -88.86260554650076, 28.15553662404449 ], [ -88.862425883443933, 28.15553662404449 ], [ -88.862425883443933, 28.155716287101317 ], [ -88.862246220387121, 28.155716287101317 ], [ -88.862246220387121, 28.15589595015814 ], [ -88.861886894273468, 28.15589595015814 ], [ -88.861886894273468, 28.156075613214963 ], [ -88.861707231216641, 28.156075613214963 ], [ -88.861707231216641, 28.156255276271786 ], [ -88.861168242046176, 28.156255276271786 ], [ -88.861168242046176, 28.156434939328612 ], [ -88.859910600648405, 28.156434939328612 ] ] ], [ [ [ -88.858473296193807, 28.152123025964837 ], [ -88.858473296193807, 28.151943362908014 ], [ -88.858293633136995, 28.151943362908014 ], [ -88.858293633136995, 28.151584036794365 ], [ -88.858652959250634, 28.151584036794365 ], [ -88.858652959250634, 28.152123025964837 ], [ -88.858473296193807, 28.152123025964837 ] ] ] ] } },
{ "type": "Feature", "properties": { "cluster_id": 3, "component_ids": "5", "n_parts": 1, "area_m2": 4926762.9739853218, "confidence": 0.9656212840603583, "prob_max": 1.0, "centroid_lon": -89.185380247090308, "centroid_lat": 28.16151862999029, "length_m": 11458.406296922754, "axis_bearing_deg": 139.0156473127351, "width_proxy_m": 429.96930343693981, "elongation": 12.15270047417895, "end1_lon": -89.15003575654184, "end1_lat": 28.125180871169853, "end2_lon": -89.22655603929897, "end2_lat": 28.203230668178165, "wind_u": -3.9095099128340474, "wind_v": 6.8071774020316846, "wind_speed_m_s": 7.8499638178324442, "wind_from_deg": 150.13031248331581, "wind_class": "valid", "wind_factor": 1.0, "size_factor": 1.0, "slick_potential": 0.9656212840603583, "eligible": true, "ineligible_reason": "", "potential_rank": 3, "selected": true, "selection_basis": "policy_v1_top_potential" }, "geometry": { "type": "Polygon", "coordinates": [ [ [ -89.227501214910106, 28.20835756275072 ], [ -89.227501214910106, 28.208177899693894 ], [ -89.228579193251051, 28.208177899693894 ], [ -89.228579193251051, 28.207998236637071 ], [ -89.228758856307877, 28.207998236637071 ], [ -89.228758856307877, 28.207818573580248 ], [ -89.228938519364704, 28.207818573580248 ], [ -89.228938519364704, 28.206740595239303 ], [ -89.228758856307877, 28.206740595239303 ], [ -89.228758856307877, 28.206381269125657 ], [ -89.228579193251051, 28.206381269125657 ], [ -89.228579193251051, 28.206201606068831 ], [ -89.228399530194224, 28.206201606068831 ], [ -89.228399530194224, 28.205842279955185 ], [ -89.228219867137412, 28.205842279955185 ], [ -89.228219867137412, 28.205662616898362 ], [ -89.228040204080585, 28.205662616898362 ], [ -89.228040204080585, 28.205482953841535 ], [ -89.227860541023759, 28.205482953841535 ], [ -89.227860541023759, 28.205303290784713 ], [ -89.227680877966932, 28.205303290784713 ], [ -89.227680877966932, 28.20512362772789 ], [ -89.227501214910106, 28.20512362772789 ], [ -89.227501214910106, 28.20476430161424 ], [ -89.227321551853294, 28.20476430161424 ], [ -89.227321551853294, 28.204404975500594 ], [ -89.227141888796467, 28.204404975500594 ], [ -89.227141888796467, 28.204225312443768 ], [ -89.226962225739641, 28.204225312443768 ], [ -89.226962225739641, 28.203865986330122 ], [ -89.226782562682814, 28.203865986330122 ], [ -89.226782562682814, 28.203686323273299 ], [ -89.226602899625988, 28.203686323273299 ], [ -89.226602899625988, 28.20332699715965 ], [ -89.226423236569161, 28.20332699715965 ], [ -89.226423236569161, 28.203147334102827 ], [ -89.226243573512349, 28.203147334102827 ], [ -89.226243573512349, 28.202788007989177 ], [ -89.226063910455522, 28.202788007989177 ], [ -89.226063910455522, 28.202608344932354 ], [ -89.225884247398696, 28.202608344932354 ], [ -89.225884247398696, 28.202428681875531 ], [ -89.225704584341869, 28.202428681875531 ], [ -89.225704584341869, 28.202249018818705 ], [ -89.225524921285043, 28.202249018818705 ], [ -89.225524921285043, 28.202069355761882 ], [ -89.225165595171404, 28.202069355761882 ], [ -89.225165595171404, 28.201889692705059 ], [ -89.224985932114578, 28.201889692705059 ], [ -89.224985932114578, 28.201710029648236 ], [ -89.224626606000925, 28.201710029648236 ], [ -89.224626606000925, 28.20153036659141 ], [ -89.224267279887286, 28.20153036659141 ], [ -89.224267279887286, 28.201350703534587 ], [ -89.22408761683046, 28.201350703534587 ], [ -89.22408761683046, 28.201171040477764 ], [ -89.223907953773633, 28.201171040477764 ], [ -89.223907953773633, 28.200991377420941 ], [ -89.223728290716807, 28.200991377420941 ], [ -89.223728290716807, 28.200811714364114 ], [ -89.22354862765998, 28.200811714364114 ], [ -89.22354862765998, 28.200632051307291 ], [ -89.223368964603168, 28.200632051307291 ], [ -89.223368964603168, 28.200272725193642 ], [ -89.223189301546341, 28.200272725193642 ], [ -89.223189301546341, 28.200093062136819 ], [ -89.223009638489515, 28.200093062136819 ], [ -89.223009638489515, 28.199733736023173 ], [ -89.222829975432688, 28.199733736023173 ], [ -89.222829975432688, 28.199554072966347 ], [ -89.222650312375862, 28.199554072966347 ], [ -89.222650312375862, 28.199374409909524 ], [ -89.222470649319035, 28.199374409909524 ], [ -89.222470649319035, 28.199015083795874 ], [ -89.222290986262223, 28.199015083795874 ], [ -89.222290986262223, 28.198655757682229 ], [ -89.222111323205397, 28.198655757682229 ], [ -89.222111323205397, 28.198476094625406 ], [ -89.22193166014857, 28.198476094625406 ], [ -89.22193166014857, 28.198116768511756 ], [ -89.221751997091744, 28.198116768511756 ], [ -89.221751997091744, 28.197937105454933 ], [ -89.221572334034917, 28.197937105454933 ], [ -89.221572334034917, 28.197577779341284 ], [ -89.221392670978105, 28.197577779341284 ], [ -89.221392670978105, 28.197398116284461 ], [ -89.221213007921278, 28.197398116284461 ], [ -89.221213007921278, 28.197218453227638 ], [ -89.221033344864452, 28.197218453227638 ], [ -89.221033344864452, 28.196859127113989 ], [ -89.220853681807625, 28.196859127113989 ], [ -89.220853681807625, 28.196679464057166 ], [ -89.220674018750799, 28.196679464057166 ], [ -89.220674018750799, 28.196499801000343 ], [ -89.220494355693972, 28.196499801000343 ], [ -89.220494355693972, 28.196320137943516 ], [ -89.22031469263716, 28.196320137943516 ], [ -89.22031469263716, 28.19596081182987 ], [ -89.220135029580334, 28.19596081182987 ], [ -89.220135029580334, 28.195781148773047 ], [ -89.219955366523507, 28.195781148773047 ], [ -89.219955366523507, 28.195601485716221 ], [ -89.219775703466681, 28.195601485716221 ], [ -89.219775703466681, 28.195242159602575 ], [ -89.219596040409854, 28.195242159602575 ], [ -89.219596040409854, 28.194882833488926 ], [ -89.219416377353042, 28.194882833488926 ], [ -89.219416377353042, 28.19452350737528 ], [ -89.219236714296215, 28.19452350737528 ], [ -89.219236714296215, 28.19416418126163 ], [ -89.219057051239389, 28.19416418126163 ], [ -89.219057051239389, 28.193984518204807 ], [ -89.218877388182563, 28.193984518204807 ], [ -89.218877388182563, 28.193625192091158 ], [ -89.218697725125736, 28.193625192091158 ], [ -89.218697725125736, 28.193445529034335 ], [ -89.21851806206891, 28.193445529034335 ], [ -89.21851806206891, 28.193265865977512 ], [ -89.218338399012097, 28.193265865977512 ], [ -89.218338399012097, 28.193086202920686 ], [ -89.218158735955271, 28.193086202920686 ], [ -89.218158735955271, 28.192906539863863 ], [ -89.217979072898444, 28.192906539863863 ], [ -89.217979072898444, 28.19272687680704 ], [ -89.217799409841618, 28.19272687680704 ], [ -89.217799409841618, 28.192547213750217 ], [ -89.217619746784791, 28.192547213750217 ], [ -89.217619746784791, 28.19236755069339 ], [ -89.217260420671153, 28.19236755069339 ], [ -89.217260420671153, 28.192187887636567 ], [ -89.217080757614326, 28.192187887636567 ], [ -89.217080757614326, 28.192008224579745 ], [ -89.2169010945575, 28.192008224579745 ], [ -89.2169010945575, 28.191828561522922 ], [ -89.216721431500673, 28.191828561522922 ], [ -89.216721431500673, 28.191648898466095 ], [ -89.216541768443847, 28.191648898466095 ], [ -89.216541768443847, 28.191289572352449 ], [ -89.216362105387034, 28.191289572352449 ], [ -89.216362105387034, 28.191109909295623 ], [ -89.216182442330208, 28.191109909295623 ], [ -89.216182442330208, 28.190570920125154 ], [ -89.216002779273381, 28.190570920125154 ], [ -89.216002779273381, 28.190211594011505 ], [ -89.215823116216555, 28.190211594011505 ], [ -89.215823116216555, 28.189672604841032 ], [ -89.215643453159728, 28.189672604841032 ], [ -89.215643453159728, 28.189492941784209 ], [ -89.215463790102916, 28.189492941784209 ], [ -89.215463790102916, 28.18913361567056 ], [ -89.21528412704609, 28.18913361567056 ], [ -89.21528412704609, 28.188774289556914 ], [ -89.215104463989263, 28.188774289556914 ], [ -89.215104463989263, 28.188594626500091 ], [ -89.214924800932437, 28.188594626500091 ], [ -89.214924800932437, 28.188235300386442 ], [ -89.21474513787561, 28.188235300386442 ], [ -89.21474513787561, 28.188055637329619 ], [ -89.214565474818784, 28.188055637329619 ], [ -89.214565474818784, 28.187696311215969 ], [ -89.214385811761971, 28.187696311215969 ], [ -89.214385811761971, 28.187516648159146 ], [ -89.214206148705145, 28.187516648159146 ], [ -89.214206148705145, 28.187157322045497 ], [ -89.214026485648318, 28.187157322045497 ], [ -89.214026485648318, 28.186977658988674 ], [ -89.213846822591492, 28.186977658988674 ], [ -89.213846822591492, 28.186797995931851 ], [ -89.213667159534666, 28.186797995931851 ], [ -89.213667159534666, 28.186618332875028 ], [ -89.213487496477853, 28.186618332875028 ], [ -89.213487496477853, 28.186259006761379 ], [ -89.213307833421027, 28.186259006761379 ], [ -89.213307833421027, 28.185899680647733 ], [ -89.2131281703642, 28.185899680647733 ], [ -89.2131281703642, 28.185540354534083 ], [ -89.212948507307374, 28.185540354534083 ], [ -89.212948507307374, 28.185360691477261 ], [ -89.212768844250547, 28.185360691477261 ], [ -89.212768844250547, 28.185181028420434 ], [ -89.212589181193721, 28.185181028420434 ], [ -89.212589181193721, 28.185001365363611 ], [ -89.212409518136909, 28.185001365363611 ], [ -89.212409518136909, 28.184821702306788 ], [ -89.212229855080082, 28.184821702306788 ], [ -89.212229855080082, 28.184642039249965 ], [ -89.212050192023256, 28.184642039249965 ], [ -89.212050192023256, 28.184462376193139 ], [ -89.211690865909603, 28.184462376193139 ], [ -89.211690865909603, 28.184282713136316 ], [ -89.211331539795964, 28.184282713136316 ], [ -89.211331539795964, 28.184103050079493 ], [ -89.211151876739137, 28.184103050079493 ], [ -89.211151876739137, 28.183923387022666 ], [ -89.210792550625484, 28.183923387022666 ], [ -89.210792550625484, 28.183743723965843 ], [ -89.210612887568658, 28.183743723965843 ], [ -89.210612887568658, 28.183564060909021 ], [ -89.210253561455019, 28.183564060909021 ], [ -89.210253561455019, 28.183384397852198 ], [ -89.210073898398193, 28.183384397852198 ], [ -89.210073898398193, 28.183204734795371 ], [ -89.209894235341366, 28.183204734795371 ], [ -89.209894235341366, 28.183025071738548 ], [ -89.20971457228454, 28.183025071738548 ], [ -89.20971457228454, 28.182845408681725 ], [ -89.209534909227727, 28.182845408681725 ], [ -89.209534909227727, 28.182665745624902 ], [ -89.209355246170901, 28.182665745624902 ], [ -89.209355246170901, 28.182486082568076 ], [ -89.209175583114074, 28.182486082568076 ], [ -89.209175583114074, 28.182306419511253 ], [ -89.208816257000422, 28.182306419511253 ], [ -89.208816257000422, 28.18212675645443 ], [ -89.208636593943595, 28.18212675645443 ], [ -89.208636593943595, 28.181947093397604 ], [ -89.208277267829956, 28.181947093397604 ], [ -89.208277267829956, 28.181767430340781 ], [ -89.20809760477313, 28.181767430340781 ], [ -89.20809760477313, 28.181587767283958 ], [ -89.207738278659477, 28.181587767283958 ], [ -89.207738278659477, 28.181408104227135 ], [ -89.207558615602665, 28.181408104227135 ], [ -89.207558615602665, 28.181228441170308 ], [ -89.207199289489012, 28.181228441170308 ], [ -89.207199289489012, 28.181048778113485 ], [ -89.206839963375359, 28.181048778113485 ], [ -89.206839963375359, 28.180869115056662 ], [ -89.206660300318532, 28.180869115056662 ], [ -89.206660300318532, 28.180689451999839 ], [ -89.206300974204893, 28.180689451999839 ], [ -89.206300974204893, 28.180509788943013 ], [ -89.206121311148067, 28.180509788943013 ], [ -89.206121311148067, 28.180150462829367 ], [ -89.20594164809124, 28.180150462829367 ], [ -89.20594164809124, 28.179791136715718 ], [ -89.205761985034414, 28.179791136715718 ], [ -89.205761985034414, 28.179431810602072 ], [ -89.205582321977602, 28.179431810602072 ], [ -89.205582321977602, 28.179252147545245 ], [ -89.205402658920775, 28.179252147545245 ], [ -89.205402658920775, 28.179072484488422 ], [ -89.205222995863949, 28.179072484488422 ], [ -89.205222995863949, 28.178892821431599 ], [ -89.205043332807122, 28.178892821431599 ], [ -89.205043332807122, 28.17853349531795 ], [ -89.204863669750296, 28.17853349531795 ], [ -89.204863669750296, 28.178353832261127 ], [ -89.204684006693469, 28.178353832261127 ], [ -89.204684006693469, 28.177814843090655 ], [ -89.204504343636657, 28.177814843090655 ], [ -89.204504343636657, 28.177455516977009 ], [ -89.20432468057983, 28.177455516977009 ], [ -89.20432468057983, 28.177096190863359 ], [ -89.204145017523004, 28.177096190863359 ], [ -89.204145017523004, 28.176916527806537 ], [ -89.203965354466177, 28.176916527806537 ], [ -89.203965354466177, 28.176557201692887 ], [ -89.203785691409351, 28.176557201692887 ], [ -89.203785691409351, 28.176377538636064 ], [ -89.203606028352539, 28.176377538636064 ], [ -89.203606028352539, 28.176197875579241 ], [ -89.203426365295712, 28.176197875579241 ], [ -89.203426365295712, 28.176018212522415 ], [ -89.203246702238886, 28.176018212522415 ], [ -89.203246702238886, 28.175658886408769 ], [ -89.203067039182059, 28.175658886408769 ], [ -89.203067039182059, 28.175479223351946 ], [ -89.202887376125233, 28.175479223351946 ], [ -89.202887376125233, 28.17529956029512 ], [ -89.202707713068406, 28.17529956029512 ], [ -89.202707713068406, 28.175119897238297 ], [ -89.202348386954768, 28.175119897238297 ], [ -89.202348386954768, 28.174940234181474 ], [ -89.202168723897941, 28.174940234181474 ], [ -89.202168723897941, 28.174760571124651 ], [ -89.201989060841115, 28.174760571124651 ], [ -89.201989060841115, 28.174580908067824 ], [ -89.201809397784288, 28.174580908067824 ], [ -89.201809397784288, 28.174401245011001 ], [ -89.201629734727476, 28.174401245011001 ], [ -89.201629734727476, 28.174041918897352 ], [ -89.201450071670649, 28.174041918897352 ], [ -89.201450071670649, 28.173862255840529 ], [ -89.201270408613823, 28.173862255840529 ], [ -89.201270408613823, 28.173682592783706 ], [ -89.201090745556996, 28.173682592783706 ], [ -89.201090745556996, 28.173502929726883 ], [ -89.20091108250017, 28.173502929726883 ], [ -89.20091108250017, 28.173323266670057 ], [ -89.200731419443343, 28.173323266670057 ], [ -89.200731419443343, 28.173143603613234 ], [ -89.200551756386531, 28.173143603613234 ], [ -89.200551756386531, 28.172963940556411 ], [ -89.200372093329705, 28.172963940556411 ], [ -89.200372093329705, 28.172604614442761 ], [ -89.200192430272878, 28.172604614442761 ], [ -89.200192430272878, 28.172424951385938 ], [ -89.200012767216052, 28.172424951385938 ], [ -89.200012767216052, 28.172245288329115 ], [ -89.199833104159225, 28.172245288329115 ], [ -89.199833104159225, 28.172065625272289 ], [ -89.199653441102413, 28.172065625272289 ], [ -89.199653441102413, 28.171885962215466 ], [ -89.199473778045586, 28.171885962215466 ], [ -89.199473778045586, 28.171706299158643 ], [ -89.19929411498876, 28.171706299158643 ], [ -89.19929411498876, 28.17152663610182 ], [ -89.199114451931933, 28.17152663610182 ], [ -89.199114451931933, 28.171167309988171 ], [ -89.198934788875107, 28.171167309988171 ], [ -89.198934788875107, 28.170628320817698 ], [ -89.19875512581828, 28.170628320817698 ], [ -89.19875512581828, 28.170268994704053 ], [ -89.198575462761468, 28.170268994704053 ], [ -89.198575462761468, 28.170089331647226 ], [ -89.198395799704642, 28.170089331647226 ], [ -89.198395799704642, 28.169909668590403 ], [ -89.198216136647815, 28.169909668590403 ], [ -89.198216136647815, 28.16973000553358 ], [ -89.198036473590989, 28.16973000553358 ], [ -89.198036473590989, 28.169550342476757 ], [ -89.197856810534162, 28.169550342476757 ], [ -89.197856810534162, 28.169370679419931 ], [ -89.19767714747735, 28.169370679419931 ], [ -89.19767714747735, 28.169191016363108 ], [ -89.197497484420524, 28.169191016363108 ], [ -89.197497484420524, 28.169011353306285 ], [ -89.197317821363697, 28.169011353306285 ], [ -89.197317821363697, 28.168831690249462 ], [ -89.197138158306871, 28.168831690249462 ], [ -89.197138158306871, 28.168652027192636 ], [ -89.196958495250044, 28.168652027192636 ], [ -89.196958495250044, 28.168472364135813 ], [ -89.196778832193218, 28.168472364135813 ], [ -89.196778832193218, 28.16829270107899 ], [ -89.196599169136405, 28.16829270107899 ], [ -89.196599169136405, 28.168113038022163 ], [ -89.196419506079579, 28.168113038022163 ], [ -89.196419506079579, 28.16793337496534 ], [ -89.196239843022752, 28.16793337496534 ], [ -89.196239843022752, 28.167574048851694 ], [ -89.196060179965926, 28.167574048851694 ], [ -89.196060179965926, 28.167035059681222 ], [ -89.195880516909099, 28.167035059681222 ], [ -89.195880516909099, 28.16649607051075 ], [ -89.195700853852287, 28.16649607051075 ], [ -89.195700853852287, 28.1661367443971 ], [ -89.195521190795461, 28.1661367443971 ], [ -89.195521190795461, 28.165957081340277 ], [ -89.195341527738634, 28.165957081340277 ], [ -89.195341527738634, 28.165597755226631 ], [ -89.195161864681808, 28.165597755226631 ], [ -89.195161864681808, 28.165418092169805 ], [ -89.194982201624981, 28.165418092169805 ], [ -89.194982201624981, 28.165058766056159 ], [ -89.194802538568155, 28.165058766056159 ], [ -89.194802538568155, 28.164879102999336 ], [ -89.194622875511342, 28.164879102999336 ], [ -89.194622875511342, 28.16469943994251 ], [ -89.194263549397689, 28.16469943994251 ], [ -89.194263549397689, 28.164519776885687 ], [ -89.194083886340863, 28.164519776885687 ], [ -89.194083886340863, 28.164340113828864 ], [ -89.193904223284036, 28.164340113828864 ], [ -89.193904223284036, 28.163980787715214 ], [ -89.193724560227224, 28.163980787715214 ], [ -89.193724560227224, 28.163801124658391 ], [ -89.193544897170398, 28.163801124658391 ], [ -89.193544897170398, 28.163441798544742 ], [ -89.193365234113571, 28.163441798544742 ], [ -89.193365234113571, 28.163082472431096 ], [ -89.193185571056745, 28.163082472431096 ], [ -89.193185571056745, 28.16290280937427 ], [ -89.193005907999918, 28.16290280937427 ], [ -89.193005907999918, 28.162543483260624 ], [ -89.192826244943092, 28.162543483260624 ], [ -89.192826244943092, 28.162363820203801 ], [ -89.192646581886279, 28.162363820203801 ], [ -89.192646581886279, 28.162184157146974 ], [ -89.192466918829453, 28.162184157146974 ], [ -89.192466918829453, 28.162004494090151 ], [ -89.1921075927158, 28.162004494090151 ], [ -89.1921075927158, 28.161824831033329 ], [ -89.191927929658974, 28.161824831033329 ], [ -89.191927929658974, 28.161645167976506 ], [ -89.191748266602161, 28.161645167976506 ], [ -89.191748266602161, 28.161465504919679 ], [ -89.191568603545335, 28.161465504919679 ], [ -89.191568603545335, 28.161285841862856 ], [ -89.191388940488508, 28.161285841862856 ], [ -89.191388940488508, 28.160926515749207 ], [ -89.191029614374855, 28.160926515749207 ], [ -89.191029614374855, 28.160746852692384 ], [ -89.190849951318029, 28.160746852692384 ], [ -89.190849951318029, 28.160567189635561 ], [ -89.19049062520439, 28.160567189635561 ], [ -89.19049062520439, 28.160387526578738 ], [ -89.190310962147564, 28.160387526578738 ], [ -89.190310962147564, 28.160207863521912 ], [ -89.190131299090737, 28.160207863521912 ], [ -89.190131299090737, 28.160028200465089 ], [ -89.189771972977098, 28.160028200465089 ], [ -89.189771972977098, 28.159848537408266 ], [ -89.189592309920272, 28.159848537408266 ], [ -89.189592309920272, 28.159668874351443 ], [ -89.189232983806619, 28.159668874351443 ], [ -89.189232983806619, 28.159489211294616 ], [ -89.189053320749792, 28.159489211294616 ], [ -89.189053320749792, 28.159309548237793 ], [ -89.188693994636154, 28.159309548237793 ], [ -89.188693994636154, 28.15912988518097 ], [ -89.188514331579327, 28.15912988518097 ], [ -89.188514331579327, 28.158950222124144 ], [ -89.186358374897438, 28.158950222124144 ], [ -89.186358374897438, 28.158770559067321 ], [ -89.186178711840611, 28.158770559067321 ], [ -89.186178711840611, 28.158590896010498 ], [ -89.185999048783785, 28.158590896010498 ], [ -89.185999048783785, 28.158411232953675 ], [ -89.185819385726973, 28.158411232953675 ], [ -89.185819385726973, 28.158231569896849 ], [ -89.185639722670146, 28.158231569896849 ], [ -89.185639722670146, 28.157872243783203 ], [ -89.18546005961332, 28.157872243783203 ], [ -89.18546005961332, 28.15769258072638 ], [ -89.185280396556493, 28.15769258072638 ], [ -89.185280396556493, 28.157512917669553 ], [ -89.185100733499667, 28.157512917669553 ], [ -89.185100733499667, 28.15733325461273 ], [ -89.18492107044284, 28.15733325461273 ], [ -89.18492107044284, 28.156973928499081 ], [ -89.184741407386028, 28.156973928499081 ], [ -89.184741407386028, 28.156794265442258 ], [ -89.184561744329201, 28.156794265442258 ], [ -89.184561744329201, 28.156434939328612 ], [ -89.184382081272375, 28.156434939328612 ], [ -89.184382081272375, 28.156075613214963 ], [ -89.184202418215548, 28.156075613214963 ], [ -89.184202418215548, 28.155356960987667 ], [ -89.184022755158722, 28.155356960987667 ], [ -89.184022755158722, 28.154458645703549 ], [ -89.18384309210191, 28.154458645703549 ], [ -89.18384309210191, 28.1540993195899 ], [ -89.183663429045083, 28.1540993195899 ], [ -89.183663429045083, 28.153919656533077 ], [ -89.183483765988257, 28.153919656533077 ], [ -89.183483765988257, 28.153739993476254 ], [ -89.18330410293143, 28.153739993476254 ], [ -89.18330410293143, 28.153560330419428 ], [ -89.182765113760965, 28.153560330419428 ], [ -89.182765113760965, 28.153380667362605 ], [ -89.182405787647312, 28.153380667362605 ], [ -89.182405787647312, 28.153201004305782 ], [ -89.182046461533659, 28.153201004305782 ], [ -89.182046461533659, 28.153021341248955 ], [ -89.18168713542002, 28.153021341248955 ], [ -89.18168713542002, 28.152841678192132 ], [ -89.181507472363194, 28.152841678192132 ], [ -89.181507472363194, 28.152662015135309 ], [ -89.181327809306367, 28.152662015135309 ], [ -89.181327809306367, 28.152482352078486 ], [ -89.181148146249541, 28.152482352078486 ], [ -89.181148146249541, 28.15230268902166 ], [ -89.180968483192714, 28.15230268902166 ], [ -89.180968483192714, 28.152123025964837 ], [ -89.180788820135902, 28.152123025964837 ], [ -89.180788820135902, 28.151943362908014 ], [ -89.180609157079076, 28.151943362908014 ], [ -89.180609157079076, 28.151763699851191 ], [ -89.180429494022249, 28.151763699851191 ], [ -89.180429494022249, 28.151584036794365 ], [ -89.180249830965423, 28.151584036794365 ], [ -89.180249830965423, 28.151224710680719 ], [ -89.180070167908596, 28.151224710680719 ], [ -89.180070167908596, 28.150865384567069 ], [ -89.179890504851784, 28.150865384567069 ], [ -89.179890504851784, 28.150506058453423 ], [ -89.179710841794957, 28.150506058453423 ], [ -89.179710841794957, 28.150326395396597 ], [ -89.179531178738131, 28.150326395396597 ], [ -89.179531178738131, 28.150146732339774 ], [ -89.179351515681304, 28.150146732339774 ], [ -89.179351515681304, 28.149787406226128 ], [ -89.179171852624478, 28.149787406226128 ], [ -89.179171852624478, 28.149607743169302 ], [ -89.178992189567651, 28.149607743169302 ], [ -89.178992189567651, 28.149428080112479 ], [ -89.178812526510839, 28.149428080112479 ], [ -89.178812526510839, 28.149248417055656 ], [ -89.178632863454013, 28.149248417055656 ], [ -89.178632863454013, 28.149068753998829 ], [ -89.178453200397186, 28.149068753998829 ], [ -89.178453200397186, 28.148889090942006 ], [ -89.17827353734036, 28.148889090942006 ], [ -89.17827353734036, 28.148709427885183 ], [ -89.178093874283533, 28.148709427885183 ], [ -89.178093874283533, 28.148529764828361 ], [ -89.177914211226721, 28.148529764828361 ], [ -89.177914211226721, 28.148350101771534 ], [ -89.177734548169894, 28.148350101771534 ], [ -89.177734548169894, 28.148170438714711 ], [ -89.177554885113068, 28.148170438714711 ], [ -89.177554885113068, 28.147990775657888 ], [ -89.177375222056241, 28.147990775657888 ], [ -89.177375222056241, 28.147631449544239 ], [ -89.177195558999415, 28.147631449544239 ], [ -89.177195558999415, 28.147451786487416 ], [ -89.177015895942588, 28.147451786487416 ], [ -89.177015895942588, 28.147272123430593 ], [ -89.176836232885776, 28.147272123430593 ], [ -89.176836232885776, 28.147092460373766 ], [ -89.17665656982895, 28.147092460373766 ], [ -89.17665656982895, 28.146912797316944 ], [ -89.176476906772123, 28.146912797316944 ], [ -89.176476906772123, 28.146733134260121 ], [ -89.176297243715297, 28.146733134260121 ], [ -89.176297243715297, 28.146553471203298 ], [ -89.17611758065847, 28.146553471203298 ], [ -89.17611758065847, 28.146373808146471 ], [ -89.175937917601644, 28.146373808146471 ], [ -89.175937917601644, 28.146194145089648 ], [ -89.175758254544832, 28.146194145089648 ], [ -89.175758254544832, 28.146014482032825 ], [ -89.175578591488005, 28.146014482032825 ], [ -89.175578591488005, 28.145834818975999 ], [ -89.175219265374352, 28.145834818975999 ], [ -89.175219265374352, 28.145655155919176 ], [ -89.175039602317526, 28.145655155919176 ], [ -89.175039602317526, 28.145475492862353 ], [ -89.174859939260713, 28.145475492862353 ], [ -89.174859939260713, 28.14529582980553 ], [ -89.174680276203887, 28.14529582980553 ], [ -89.174680276203887, 28.145116166748704 ], [ -89.17450061314706, 28.145116166748704 ], [ -89.17450061314706, 28.144936503691881 ], [ -89.174320950090234, 28.144936503691881 ], [ -89.174320950090234, 28.144756840635058 ], [ -89.174141287033407, 28.144756840635058 ], [ -89.174141287033407, 28.144397514521408 ], [ -89.173781960919769, 28.144397514521408 ], [ -89.173781960919769, 28.144217851464585 ], [ -89.172344656465171, 28.144217851464585 ], [ -89.172344656465171, 28.144038188407762 ], [ -89.171805667294706, 28.144038188407762 ], [ -89.171805667294706, 28.143858525350936 ], [ -89.171626004237879, 28.143858525350936 ], [ -89.171626004237879, 28.143678862294113 ], [ -89.171446341181053, 28.143678862294113 ], [ -89.171446341181053, 28.14349919923729 ], [ -89.171266678124226, 28.14349919923729 ], [ -89.171266678124226, 28.143319536180467 ], [ -89.1710870150674, 28.143319536180467 ], [ -89.1710870150674, 28.143139873123641 ], [ -89.170907352010587, 28.143139873123641 ], [ -89.170907352010587, 28.142960210066818 ], [ -89.170727688953761, 28.142960210066818 ], [ -89.170727688953761, 28.142600883953172 ], [ -89.170548025896935, 28.142600883953172 ], [ -89.170548025896935, 28.142421220896345 ], [ -89.170368362840108, 28.142421220896345 ], [ -89.170368362840108, 28.142241557839522 ], [ -89.170188699783282, 28.142241557839522 ], [ -89.170188699783282, 28.142061894782699 ], [ -89.170009036726455, 28.142061894782699 ], [ -89.170009036726455, 28.141882231725873 ], [ -89.169829373669643, 28.141882231725873 ], [ -89.169829373669643, 28.14170256866905 ], [ -89.16947004755599, 28.14170256866905 ], [ -89.16947004755599, 28.141522905612227 ], [ -89.168751395328698, 28.141522905612227 ], [ -89.168751395328698, 28.141343242555404 ], [ -89.168032743101392, 28.141343242555404 ], [ -89.168032743101392, 28.141163579498578 ], [ -89.167673416987753, 28.141163579498578 ], [ -89.167673416987753, 28.140983916441755 ], [ -89.167493753930927, 28.140983916441755 ], [ -89.167493753930927, 28.140804253384932 ], [ -89.1673140908741, 28.140804253384932 ], [ -89.1673140908741, 28.140624590328109 ], [ -89.166954764760462, 28.140624590328109 ], [ -89.166954764760462, 28.140444927271282 ], [ -89.166775101703635, 28.140444927271282 ], [ -89.166775101703635, 28.14026526421446 ], [ -89.166595438646809, 28.14026526421446 ], [ -89.166595438646809, 28.140085601157637 ], [ -89.166236112533156, 28.140085601157637 ], [ -89.166236112533156, 28.13990593810081 ], [ -89.166056449476329, 28.13990593810081 ], [ -89.166056449476329, 28.139726275043987 ], [ -89.165876786419517, 28.139726275043987 ], [ -89.165876786419517, 28.139546611987164 ], [ -89.16569712336269, 28.139546611987164 ], [ -89.16569712336269, 28.139366948930341 ], [ -89.165517460305864, 28.139366948930341 ], [ -89.165517460305864, 28.139187285873515 ], [ -89.165337797249038, 28.139187285873515 ], [ -89.165337797249038, 28.139007622816692 ], [ -89.164978471135399, 28.139007622816692 ], [ -89.164978471135399, 28.138827959759869 ], [ -89.164798808078572, 28.138827959759869 ], [ -89.164798808078572, 28.138648296703046 ], [ -89.164439481964919, 28.138648296703046 ], [ -89.164439481964919, 28.13846863364622 ], [ -89.164259818908093, 28.13846863364622 ], [ -89.164259818908093, 28.138288970589397 ], [ -89.163900492794454, 28.138288970589397 ], [ -89.163900492794454, 28.138109307532574 ], [ -89.163361503623975, 28.138109307532574 ], [ -89.163361503623975, 28.137929644475747 ], [ -89.163002177510336, 28.137929644475747 ], [ -89.163002177510336, 28.137749981418924 ], [ -89.162642851396683, 28.137749981418924 ], [ -89.162642851396683, 28.137570318362101 ], [ -89.16228352528303, 28.137570318362101 ], [ -89.16228352528303, 28.137390655305278 ], [ -89.162103862226203, 28.137390655305278 ], [ -89.162103862226203, 28.137210992248452 ], [ -89.161924199169391, 28.137210992248452 ], [ -89.161924199169391, 28.137031329191629 ], [ -89.161744536112565, 28.137031329191629 ], [ -89.161744536112565, 28.136851666134806 ], [ -89.161385209998912, 28.136851666134806 ], [ -89.161385209998912, 28.136672003077983 ], [ -89.161205546942085, 28.136672003077983 ], [ -89.161205546942085, 28.136492340021157 ], [ -89.161025883885273, 28.136492340021157 ], [ -89.161025883885273, 28.136312676964334 ], [ -89.160846220828446, 28.136312676964334 ], [ -89.160846220828446, 28.136133013907511 ], [ -89.16066655777162, 28.136133013907511 ], [ -89.16066655777162, 28.135953350850684 ], [ -89.160486894714793, 28.135953350850684 ], [ -89.160486894714793, 28.135773687793861 ], [ -89.160307231657967, 28.135773687793861 ], [ -89.160307231657967, 28.135594024737038 ], [ -89.160127568601141, 28.135594024737038 ], [ -89.160127568601141, 28.135234698623389 ], [ -89.159947905544328, 28.135234698623389 ], [ -89.159947905544328, 28.135055035566566 ], [ -89.159588579430675, 28.135055035566566 ], [ -89.159588579430675, 28.134875372509743 ], [ -89.159408916373849, 28.134875372509743 ], [ -89.159408916373849, 28.13469570945292 ], [ -89.159229253317022, 28.13469570945292 ], [ -89.159229253317022, 28.134336383339271 ], [ -89.15904959026021, 28.134336383339271 ], [ -89.15904959026021, 28.134156720282448 ], [ -89.158869927203384, 28.134156720282448 ], [ -89.158869927203384, 28.133977057225621 ], [ -89.158690264146557, 28.133977057225621 ], [ -89.158690264146557, 28.133797394168798 ], [ -89.158510601089731, 28.133797394168798 ], [ -89.158510601089731, 28.133617731111976 ], [ -89.158151274976078, 28.133617731111976 ], [ -89.158151274976078, 28.133438068055153 ], [ -89.157971611919265, 28.133438068055153 ], [ -89.157971611919265, 28.133258404998326 ], [ -89.157612285805612, 28.133258404998326 ], [ -89.157612285805612, 28.133078741941503 ], [ -89.157432622748786, 28.133078741941503 ], [ -89.157432622748786, 28.13289907888468 ], [ -89.157252959691959, 28.13289907888468 ], [ -89.157252959691959, 28.132719415827857 ], [ -89.157073296635147, 28.132719415827857 ], [ -89.157073296635147, 28.132539752771031 ], [ -89.156713970521494, 28.132539752771031 ], [ -89.156713970521494, 28.132180426657385 ], [ -89.156534307464668, 28.132180426657385 ], [ -89.156534307464668, 28.132000763600558 ], [ -89.156174981351015, 28.132000763600558 ], [ -89.156174981351015, 28.131821100543736 ], [ -89.155995318294202, 28.131821100543736 ], [ -89.155995318294202, 28.131641437486913 ], [ -89.155815655237376, 28.131641437486913 ], [ -89.155815655237376, 28.131282111373263 ], [ -89.155635992180549, 28.131282111373263 ], [ -89.155635992180549, 28.13110244831644 ], [ -89.155276666066896, 28.13110244831644 ], [ -89.155276666066896, 28.130922785259617 ], [ -89.155097003010084, 28.130922785259617 ], [ -89.155097003010084, 28.130563459145968 ], [ -89.154737676896431, 28.130563459145968 ], [ -89.154737676896431, 28.130383796089145 ], [ -89.154558013839605, 28.130383796089145 ], [ -89.154558013839605, 28.130204133032322 ], [ -89.154378350782778, 28.130204133032322 ], [ -89.154378350782778, 28.129844806918673 ], [ -89.154198687725952, 28.129844806918673 ], [ -89.154198687725952, 28.12966514386185 ], [ -89.15401902466914, 28.12966514386185 ], [ -89.15401902466914, 28.129485480805027 ], [ -89.153839361612313, 28.129485480805027 ], [ -89.153839361612313, 28.129126154691377 ], [ -89.153659698555487, 28.129126154691377 ], [ -89.153659698555487, 28.128946491634554 ], [ -89.15348003549866, 28.128946491634554 ], [ -89.15348003549866, 28.128766828577731 ], [ -89.153300372441834, 28.128766828577731 ], [ -89.153300372441834, 28.128587165520905 ], [ -89.153120709385021, 28.128587165520905 ], [ -89.153120709385021, 28.128407502464082 ], [ -89.152941046328195, 28.128407502464082 ], [ -89.152941046328195, 28.128048176350433 ], [ -89.152761383271368, 28.128048176350433 ], [ -89.152761383271368, 28.12786851329361 ], [ -89.152581720214542, 28.12786851329361 ], [ -89.152581720214542, 28.127688850236787 ], [ -89.152402057157715, 28.127688850236787 ], [ -89.152402057157715, 28.127509187179964 ], [ -89.152222394100889, 28.127509187179964 ], [ -89.152222394100889, 28.127329524123137 ], [ -89.152042731044077, 28.127329524123137 ], [ -89.152042731044077, 28.127149861066314 ], [ -89.15186306798725, 28.127149861066314 ], [ -89.15186306798725, 28.126970198009491 ], [ -89.151683404930424, 28.126970198009491 ], [ -89.151683404930424, 28.126790534952665 ], [ -89.151503741873597, 28.126790534952665 ], [ -89.151503741873597, 28.126610871895842 ], [ -89.151324078816771, 28.126610871895842 ], [ -89.151324078816771, 28.126431208839019 ], [ -89.151144415759958, 28.126431208839019 ], [ -89.151144415759958, 28.126251545782196 ], [ -89.150785089646305, 28.126251545782196 ], [ -89.150785089646305, 28.12607188272537 ], [ -89.150605426589479, 28.12607188272537 ], [ -89.150605426589479, 28.125892219668547 ], [ -89.150425763532652, 28.125892219668547 ], [ -89.150425763532652, 28.125712556611724 ], [ -89.150066437419014, 28.125712556611724 ], [ -89.150066437419014, 28.125532893554901 ], [ -89.149886774362187, 28.125532893554901 ], [ -89.149886774362187, 28.125353230498074 ], [ -89.149707111305361, 28.125353230498074 ], [ -89.149707111305361, 28.125173567441252 ], [ -89.149527448248534, 28.125173567441252 ], [ -89.149527448248534, 28.124993904384429 ], [ -89.149347785191708, 28.124993904384429 ], [ -89.149347785191708, 28.124814241327602 ], [ -89.149168122134895, 28.124814241327602 ], [ -89.149168122134895, 28.124634578270779 ], [ -89.148988459078069, 28.124634578270779 ], [ -89.148988459078069, 28.124454915213956 ], [ -89.148808796021243, 28.124454915213956 ], [ -89.148808796021243, 28.124275252157133 ], [ -89.148629132964416, 28.124275252157133 ], [ -89.148629132964416, 28.124095589100307 ], [ -89.14844946990759, 28.124095589100307 ], [ -89.14844946990759, 28.123915926043484 ], [ -89.148090143793951, 28.123915926043484 ], [ -89.148090143793951, 28.123736262986661 ], [ -89.147910480737124, 28.123736262986661 ], [ -89.147910480737124, 28.123556599929838 ], [ -89.147551154623471, 28.123556599929838 ], [ -89.147551154623471, 28.123376936873012 ], [ -89.147191828509833, 28.123376936873012 ], [ -89.147191828509833, 28.123197273816189 ], [ -89.14683250239618, 28.123197273816189 ], [ -89.14683250239618, 28.123017610759366 ], [ -89.146652839339353, 28.123017610759366 ], [ -89.146652839339353, 28.122837947702539 ], [ -89.1462935132257, 28.122837947702539 ], [ -89.1462935132257, 28.122658284645716 ], [ -89.146113850168888, 28.122658284645716 ], [ -89.146113850168888, 28.122478621588893 ], [ -89.145754524055235, 28.122478621588893 ], [ -89.145754524055235, 28.12229895853207 ], [ -89.145574860998408, 28.12229895853207 ], [ -89.145574860998408, 28.122119295475244 ], [ -89.145395197941582, 28.122119295475244 ], [ -89.145395197941582, 28.121939632418421 ], [ -89.145035871827943, 28.121939632418421 ], [ -89.145035871827943, 28.121759969361598 ], [ -89.14467654571429, 28.121759969361598 ], [ -89.14467654571429, 28.121580306304775 ], [ -89.144496882657464, 28.121580306304775 ], [ -89.144496882657464, 28.121400643247949 ], [ -89.144317219600637, 28.121400643247949 ], [ -89.144317219600637, 28.121220980191126 ], [ -89.143957893486999, 28.121220980191126 ], [ -89.143957893486999, 28.121041317134303 ], [ -89.143778230430172, 28.121041317134303 ], [ -89.143778230430172, 28.120861654077476 ], [ -89.143598567373346, 28.120861654077476 ], [ -89.143598567373346, 28.120681991020653 ], [ -89.143418904316519, 28.120681991020653 ], [ -89.143418904316519, 28.12050232796383 ], [ -89.14305957820288, 28.12050232796383 ], [ -89.14305957820288, 28.120322664907007 ], [ -89.142879915146054, 28.120322664907007 ], [ -89.142879915146054, 28.120143001850181 ], [ -89.142700252089227, 28.120143001850181 ], [ -89.142700252089227, 28.119963338793358 ], [ -89.142520589032401, 28.119963338793358 ], [ -89.142520589032401, 28.119783675736535 ], [ -89.142340925975574, 28.119783675736535 ], [ -89.142340925975574, 28.119604012679712 ], [ -89.142161262918762, 28.119604012679712 ], [ -89.142161262918762, 28.119424349622886 ], [ -89.141801936805109, 28.119424349622886 ], [ -89.141801936805109, 28.119244686566063 ], [ -89.141442610691456, 28.119244686566063 ], [ -89.141442610691456, 28.11906502350924 ], [ -89.140903621520991, 28.11906502350924 ], [ -89.140903621520991, 28.118885360452413 ], [ -89.140364632350511, 28.118885360452413 ], [ -89.140364632350511, 28.11870569739559 ], [ -89.140184969293699, 28.11870569739559 ], [ -89.140184969293699, 28.118526034338768 ], [ -89.139825643180046, 28.118526034338768 ], [ -89.139825643180046, 28.118346371281945 ], [ -89.13964598012322, 28.118346371281945 ], [ -89.13964598012322, 28.118166708225118 ], [ -89.138927327895928, 28.118166708225118 ], [ -89.138927327895928, 28.118346371281945 ], [ -89.138747664839102, 28.118346371281945 ], [ -89.138747664839102, 28.11870569739559 ], [ -89.138568001782275, 28.11870569739559 ], [ -89.138568001782275, 28.119783675736535 ], [ -89.138747664839102, 28.119783675736535 ], [ -89.138747664839102, 28.120143001850181 ], [ -89.138927327895928, 28.120143001850181 ], [ -89.138927327895928, 28.120322664907007 ], [ -89.139106990952754, 28.120322664907007 ], [ -89.139106990952754, 28.12050232796383 ], [ -89.139466317066393, 28.12050232796383 ], [ -89.139466317066393, 28.120681991020653 ], [ -89.13964598012322, 28.120681991020653 ], [ -89.13964598012322, 28.120861654077476 ], [ -89.140005306236873, 28.120861654077476 ], [ -89.140005306236873, 28.121041317134303 ], [ -89.140184969293699, 28.121041317134303 ], [ -89.140184969293699, 28.121220980191126 ], [ -89.140364632350511, 28.121220980191126 ], [ -89.140364632350511, 28.121400643247949 ], [ -89.140544295407338, 28.121400643247949 ], [ -89.140544295407338, 28.121580306304775 ], [ -89.140723958464164, 28.121580306304775 ], [ -89.140723958464164, 28.121759969361598 ], [ -89.140903621520991, 28.121759969361598 ], [ -89.140903621520991, 28.121939632418421 ], [ -89.141083284577817, 28.121939632418421 ], [ -89.141083284577817, 28.122119295475244 ], [ -89.141262947634644, 28.122119295475244 ], [ -89.141262947634644, 28.12229895853207 ], [ -89.141442610691456, 28.12229895853207 ], [ -89.141442610691456, 28.122478621588893 ], [ -89.141622273748283, 28.122478621588893 ], [ -89.141622273748283, 28.122658284645716 ], [ -89.141801936805109, 28.122658284645716 ], [ -89.141801936805109, 28.122837947702539 ], [ -89.141981599861936, 28.122837947702539 ], [ -89.141981599861936, 28.123017610759366 ], [ -89.142161262918762, 28.123017610759366 ], [ -89.142161262918762, 28.123197273816189 ], [ -89.142340925975574, 28.123197273816189 ], [ -89.142340925975574, 28.123376936873012 ], [ -89.142520589032401, 28.123376936873012 ], [ -89.142520589032401, 28.123556599929838 ], [ -89.142700252089227, 28.123556599929838 ], [ -89.142700252089227, 28.123736262986661 ], [ -89.142879915146054, 28.123736262986661 ], [ -89.142879915146054, 28.123915926043484 ], [ -89.143239241259707, 28.123915926043484 ], [ -89.143239241259707, 28.124095589100307 ], [ -89.143418904316519, 28.124095589100307 ], [ -89.143418904316519, 28.124275252157133 ], [ -89.143598567373346, 28.124275252157133 ], [ -89.143598567373346, 28.124454915213956 ], [ -89.143778230430172, 28.124454915213956 ], [ -89.143778230430172, 28.124634578270779 ], [ -89.143957893486999, 28.124634578270779 ], [ -89.143957893486999, 28.124814241327602 ], [ -89.144137556543825, 28.124814241327602 ], [ -89.144137556543825, 28.124993904384429 ], [ -89.144317219600637, 28.124993904384429 ], [ -89.144317219600637, 28.125173567441252 ], [ -89.144496882657464, 28.125173567441252 ], [ -89.144496882657464, 28.125353230498074 ], [ -89.14467654571429, 28.125353230498074 ], [ -89.14467654571429, 28.125532893554901 ], [ -89.144856208771117, 28.125532893554901 ], [ -89.144856208771117, 28.125712556611724 ], [ -89.145035871827943, 28.125712556611724 ], [ -89.145035871827943, 28.125892219668547 ], [ -89.14521553488477, 28.125892219668547 ], [ -89.14521553488477, 28.12607188272537 ], [ -89.145395197941582, 28.12607188272537 ], [ -89.145395197941582, 28.126251545782196 ], [ -89.145574860998408, 28.126251545782196 ], [ -89.145574860998408, 28.126431208839019 ], [ -89.145754524055235, 28.126431208839019 ], [ -89.145754524055235, 28.126610871895842 ], [ -89.145934187112061, 28.126610871895842 ], [ -89.145934187112061, 28.126790534952665 ], [ -89.146113850168888, 28.126790534952665 ], [ -89.146113850168888, 28.126970198009491 ], [ -89.146473176282527, 28.126970198009491 ], [ -89.146473176282527, 28.127149861066314 ], [ -89.146652839339353, 28.127149861066314 ], [ -89.146652839339353, 28.127329524123137 ], [ -89.14683250239618, 28.127329524123137 ], [ -89.14683250239618, 28.127509187179964 ], [ -89.147012165453006, 28.127509187179964 ], [ -89.147012165453006, 28.127688850236787 ], [ -89.147371491566645, 28.127688850236787 ], [ -89.147371491566645, 28.12786851329361 ], [ -89.147730817680298, 28.12786851329361 ], [ -89.147730817680298, 28.128048176350433 ], [ -89.148090143793951, 28.128048176350433 ], [ -89.148090143793951, 28.128227839407259 ], [ -89.148269806850763, 28.128227839407259 ], [ -89.148269806850763, 28.128407502464082 ], [ -89.14844946990759, 28.128407502464082 ], [ -89.14844946990759, 28.128587165520905 ], [ -89.148629132964416, 28.128587165520905 ], [ -89.148629132964416, 28.128766828577731 ], [ -89.148808796021243, 28.128766828577731 ], [ -89.148808796021243, 28.129126154691377 ], [ -89.148988459078069, 28.129126154691377 ], [ -89.148988459078069, 28.1293058177482 ], [ -89.149168122134895, 28.1293058177482 ], [ -89.149168122134895, 28.12966514386185 ], [ -89.149347785191708, 28.12966514386185 ], [ -89.149347785191708, 28.129844806918673 ], [ -89.149527448248534, 28.129844806918673 ], [ -89.149527448248534, 28.130024469975496 ], [ -89.149707111305361, 28.130024469975496 ], [ -89.149707111305361, 28.130383796089145 ], [ -89.149886774362187, 28.130383796089145 ], [ -89.149886774362187, 28.130563459145968 ], [ -89.150066437419014, 28.130563459145968 ], [ -89.150066437419014, 28.130743122202794 ], [ -89.150425763532652, 28.130743122202794 ], [ -89.150425763532652, 28.130922785259617 ], [ -89.150605426589479, 28.130922785259617 ], [ -89.150605426589479, 28.13110244831644 ], [ -89.150785089646305, 28.13110244831644 ], [ -89.150785089646305, 28.131282111373263 ], [ -89.150964752703132, 28.131282111373263 ], [ -89.150964752703132, 28.13146177443009 ], [ -89.151144415759958, 28.13146177443009 ], [ -89.151144415759958, 28.131641437486913 ], [ -89.151324078816771, 28.131641437486913 ], [ -89.151324078816771, 28.131821100543736 ], [ -89.151503741873597, 28.131821100543736 ], [ -89.151503741873597, 28.132000763600558 ], [ -89.151683404930424, 28.132000763600558 ], [ -89.151683404930424, 28.132180426657385 ], [ -89.15186306798725, 28.132180426657385 ], [ -89.15186306798725, 28.132539752771031 ], [ -89.152042731044077, 28.132539752771031 ], [ -89.152042731044077, 28.132719415827857 ], [ -89.152222394100889, 28.132719415827857 ], [ -89.152222394100889, 28.133078741941503 ], [ -89.152402057157715, 28.133078741941503 ], [ -89.152402057157715, 28.133258404998326 ], [ -89.152581720214542, 28.133258404998326 ], [ -89.152581720214542, 28.133438068055153 ], [ -89.152761383271368, 28.133438068055153 ], [ -89.152761383271368, 28.133797394168798 ], [ -89.152941046328195, 28.133797394168798 ], [ -89.152941046328195, 28.133977057225621 ], [ -89.153120709385021, 28.133977057225621 ], [ -89.153120709385021, 28.134156720282448 ], [ -89.153300372441834, 28.134156720282448 ], [ -89.153300372441834, 28.134336383339271 ], [ -89.15348003549866, 28.134336383339271 ], [ -89.15348003549866, 28.134516046396094 ], [ -89.153659698555487, 28.134516046396094 ], [ -89.153659698555487, 28.13469570945292 ], [ -89.15401902466914, 28.13469570945292 ], [ -89.15401902466914, 28.134875372509743 ], [ -89.154198687725952, 28.134875372509743 ], [ -89.154198687725952, 28.135055035566566 ], [ -89.154378350782778, 28.135055035566566 ], [ -89.154378350782778, 28.135234698623389 ], [ -89.154558013839605, 28.135234698623389 ], [ -89.154558013839605, 28.135414361680215 ], [ -89.154737676896431, 28.135414361680215 ], [ -89.154737676896431, 28.135594024737038 ], [ -89.154917339953258, 28.135594024737038 ], [ -89.154917339953258, 28.135773687793861 ], [ -89.155097003010084, 28.135773687793861 ], [ -89.155097003010084, 28.135953350850684 ], [ -89.155276666066896, 28.135953350850684 ], [ -89.155276666066896, 28.136133013907511 ], [ -89.155456329123723, 28.136133013907511 ], [ -89.155456329123723, 28.136312676964334 ], [ -89.155635992180549, 28.136312676964334 ], [ -89.155635992180549, 28.136492340021157 ], [ -89.155815655237376, 28.136492340021157 ], [ -89.155815655237376, 28.136672003077983 ], [ -89.155995318294202, 28.136672003077983 ], [ -89.155995318294202, 28.136851666134806 ], [ -89.156174981351015, 28.136851666134806 ], [ -89.156174981351015, 28.137031329191629 ], [ -89.156354644407841, 28.137031329191629 ], [ -89.156354644407841, 28.137210992248452 ], [ -89.156534307464668, 28.137210992248452 ], [ -89.156534307464668, 28.137390655305278 ], [ -89.156713970521494, 28.137390655305278 ], [ -89.156713970521494, 28.137570318362101 ], [ -89.156893633578321, 28.137570318362101 ], [ -89.156893633578321, 28.137749981418924 ], [ -89.157073296635147, 28.137749981418924 ], [ -89.157073296635147, 28.137929644475747 ], [ -89.157252959691959, 28.137929644475747 ], [ -89.157252959691959, 28.138288970589397 ], [ -89.157432622748786, 28.138288970589397 ], [ -89.157432622748786, 28.13846863364622 ], [ -89.157612285805612, 28.13846863364622 ], [ -89.157612285805612, 28.138648296703046 ], [ -89.157791948862439, 28.138648296703046 ], [ -89.157791948862439, 28.138827959759869 ], [ -89.158151274976078, 28.138827959759869 ], [ -89.158151274976078, 28.139007622816692 ], [ -89.158330938032904, 28.139007622816692 ], [ -89.158330938032904, 28.139187285873515 ], [ -89.158510601089731, 28.139187285873515 ], [ -89.158510601089731, 28.139366948930341 ], [ -89.158690264146557, 28.139366948930341 ], [ -89.158690264146557, 28.139546611987164 ], [ -89.15904959026021, 28.139546611987164 ], [ -89.15904959026021, 28.139726275043987 ], [ -89.159229253317022, 28.139726275043987 ], [ -89.159229253317022, 28.13990593810081 ], [ -89.159408916373849, 28.13990593810081 ], [ -89.159408916373849, 28.140085601157637 ], [ -89.159588579430675, 28.140085601157637 ], [ -89.159588579430675, 28.14026526421446 ], [ -89.159768242487502, 28.14026526421446 ], [ -89.159768242487502, 28.140444927271282 ], [ -89.160127568601141, 28.140444927271282 ], [ -89.160127568601141, 28.140624590328109 ], [ -89.160486894714793, 28.140624590328109 ], [ -89.160486894714793, 28.140804253384932 ], [ -89.16066655777162, 28.140804253384932 ], [ -89.16066655777162, 28.140983916441755 ], [ -89.161025883885273, 28.140983916441755 ], [ -89.161025883885273, 28.141163579498578 ], [ -89.161205546942085, 28.141163579498578 ], [ -89.161205546942085, 28.141343242555404 ], [ -89.161385209998912, 28.141343242555404 ], [ -89.161385209998912, 28.141522905612227 ], [ -89.161564873055738, 28.141522905612227 ], [ -89.161564873055738, 28.14170256866905 ], [ -89.161744536112565, 28.14170256866905 ], [ -89.161744536112565, 28.141882231725873 ], [ -89.161924199169391, 28.141882231725873 ], [ -89.161924199169391, 28.142061894782699 ], [ -89.16228352528303, 28.142061894782699 ], [ -89.16228352528303, 28.142241557839522 ], [ -89.162642851396683, 28.142241557839522 ], [ -89.162642851396683, 28.142421220896345 ], [ -89.162822514453509, 28.142421220896345 ], [ -89.162822514453509, 28.142600883953172 ], [ -89.163181840567148, 28.142600883953172 ], [ -89.163181840567148, 28.142780547009995 ], [ -89.163720829737628, 28.142780547009995 ], [ -89.163720829737628, 28.142960210066818 ], [ -89.164259818908093, 28.142960210066818 ], [ -89.164259818908093, 28.143139873123641 ], [ -89.164798808078572, 28.143139873123641 ], [ -89.164798808078572, 28.143319536180467 ], [ -89.164978471135399, 28.143319536180467 ], [ -89.164978471135399, 28.14349919923729 ], [ -89.165337797249038, 28.14349919923729 ], [ -89.165337797249038, 28.143678862294113 ], [ -89.165517460305864, 28.143678862294113 ], [ -89.165517460305864, 28.143858525350936 ], [ -89.16569712336269, 28.143858525350936 ], [ -89.16569712336269, 28.144038188407762 ], [ -89.165876786419517, 28.144038188407762 ], [ -89.165876786419517, 28.144217851464585 ], [ -89.166056449476329, 28.144217851464585 ], [ -89.166056449476329, 28.144397514521408 ], [ -89.166415775589982, 28.144397514521408 ], [ -89.166415775589982, 28.144577177578235 ], [ -89.166595438646809, 28.144577177578235 ], [ -89.166595438646809, 28.144756840635058 ], [ -89.166775101703635, 28.144756840635058 ], [ -89.166775101703635, 28.144936503691881 ], [ -89.166954764760462, 28.144936503691881 ], [ -89.166954764760462, 28.145116166748704 ], [ -89.167134427817274, 28.145116166748704 ], [ -89.167134427817274, 28.14529582980553 ], [ -89.167493753930927, 28.14529582980553 ], [ -89.167493753930927, 28.145475492862353 ], [ -89.167673416987753, 28.145475492862353 ], [ -89.167673416987753, 28.145655155919176 ], [ -89.168032743101392, 28.145655155919176 ], [ -89.168032743101392, 28.145834818975999 ], [ -89.168212406158219, 28.145834818975999 ], [ -89.168212406158219, 28.146014482032825 ], [ -89.168392069215045, 28.146014482032825 ], [ -89.168392069215045, 28.146194145089648 ], [ -89.168751395328698, 28.146194145089648 ], [ -89.168751395328698, 28.146373808146471 ], [ -89.168931058385525, 28.146373808146471 ], [ -89.168931058385525, 28.146553471203298 ], [ -89.169290384499163, 28.146553471203298 ], [ -89.169290384499163, 28.146733134260121 ], [ -89.16947004755599, 28.146733134260121 ], [ -89.16947004755599, 28.146912797316944 ], [ -89.169649710612816, 28.146912797316944 ], [ -89.169649710612816, 28.147092460373766 ], [ -89.169829373669643, 28.147092460373766 ], [ -89.169829373669643, 28.147272123430593 ], [ -89.170009036726455, 28.147272123430593 ], [ -89.170009036726455, 28.147451786487416 ], [ -89.170188699783282, 28.147451786487416 ], [ -89.170188699783282, 28.147631449544239 ], [ -89.170368362840108, 28.147631449544239 ], [ -89.170368362840108, 28.147811112601062 ], [ -89.170548025896935, 28.147811112601062 ], [ -89.170548025896935, 28.148170438714711 ], [ -89.170727688953761, 28.148170438714711 ], [ -89.170727688953761, 28.148350101771534 ], [ -89.170907352010587, 28.148350101771534 ], [ -89.170907352010587, 28.148529764828361 ], [ -89.1710870150674, 28.148529764828361 ], [ -89.1710870150674, 28.148709427885183 ], [ -89.171266678124226, 28.148709427885183 ], [ -89.171266678124226, 28.148889090942006 ], [ -89.171446341181053, 28.148889090942006 ], [ -89.171446341181053, 28.149248417055656 ], [ -89.171626004237879, 28.149248417055656 ], [ -89.171626004237879, 28.149428080112479 ], [ -89.171805667294706, 28.149428080112479 ], [ -89.171805667294706, 28.149787406226128 ], [ -89.171985330351518, 28.149787406226128 ], [ -89.171985330351518, 28.149967069282951 ], [ -89.172164993408344, 28.149967069282951 ], [ -89.172164993408344, 28.150326395396597 ], [ -89.172344656465171, 28.150326395396597 ], [ -89.172344656465171, 28.150506058453423 ], [ -89.172524319521997, 28.150506058453423 ], [ -89.172524319521997, 28.150685721510246 ], [ -89.172703982578824, 28.150685721510246 ], [ -89.172703982578824, 28.150865384567069 ], [ -89.17288364563565, 28.150865384567069 ], [ -89.17288364563565, 28.151045047623892 ], [ -89.173242971749289, 28.151045047623892 ], [ -89.173242971749289, 28.151224710680719 ], [ -89.173422634806116, 28.151224710680719 ], [ -89.173422634806116, 28.151404373737542 ], [ -89.173781960919769, 28.151404373737542 ], [ -89.173781960919769, 28.151584036794365 ], [ -89.173961623976581, 28.151584036794365 ], [ -89.173961623976581, 28.151763699851191 ], [ -89.174320950090234, 28.151763699851191 ], [ -89.174320950090234, 28.151943362908014 ], [ -89.174680276203887, 28.151943362908014 ], [ -89.174680276203887, 28.152123025964837 ], [ -89.175039602317526, 28.152123025964837 ], [ -89.175039602317526, 28.15230268902166 ], [ -89.175398928431179, 28.15230268902166 ], [ -89.175398928431179, 28.152482352078486 ], [ -89.175758254544832, 28.152482352078486 ], [ -89.175758254544832, 28.152662015135309 ], [ -89.17611758065847, 28.152662015135309 ], [ -89.17611758065847, 28.152841678192132 ], [ -89.17665656982895, 28.152841678192132 ], [ -89.17665656982895, 28.153021341248955 ], [ -89.177195558999415, 28.153021341248955 ], [ -89.177195558999415, 28.153201004305782 ], [ -89.177734548169894, 28.153201004305782 ], [ -89.177734548169894, 28.153380667362605 ], [ -89.177914211226721, 28.153380667362605 ], [ -89.177914211226721, 28.153560330419428 ], [ -89.178093874283533, 28.153560330419428 ], [ -89.178093874283533, 28.153739993476254 ], [ -89.17827353734036, 28.153739993476254 ], [ -89.17827353734036, 28.153919656533077 ], [ -89.178453200397186, 28.153919656533077 ], [ -89.178453200397186, 28.1540993195899 ], [ -89.178632863454013, 28.1540993195899 ], [ -89.178632863454013, 28.154278982646723 ], [ -89.178812526510839, 28.154278982646723 ], [ -89.178812526510839, 28.154638308760372 ], [ -89.178992189567651, 28.154638308760372 ], [ -89.178992189567651, 28.154817971817195 ], [ -89.179171852624478, 28.154817971817195 ], [ -89.179171852624478, 28.155177297930845 ], [ -89.179351515681304, 28.155177297930845 ], [ -89.179351515681304, 28.15553662404449 ], [ -89.179531178738131, 28.15553662404449 ], [ -89.179531178738131, 28.15589595015814 ], [ -89.179710841794957, 28.15589595015814 ], [ -89.179710841794957, 28.156075613214963 ], [ -89.179890504851784, 28.156075613214963 ], [ -89.179890504851784, 28.156614602385435 ], [ -89.180070167908596, 28.156614602385435 ], [ -89.180070167908596, 28.156973928499081 ], [ -89.180249830965423, 28.156973928499081 ], [ -89.180249830965423, 28.157153591555907 ], [ -89.180429494022249, 28.157153591555907 ], [ -89.180429494022249, 28.157512917669553 ], [ -89.180609157079076, 28.157512917669553 ], [ -89.180609157079076, 28.15769258072638 ], [ -89.180788820135902, 28.15769258072638 ], [ -89.180788820135902, 28.157872243783203 ], [ -89.180968483192714, 28.157872243783203 ], [ -89.180968483192714, 28.158051906840026 ], [ -89.181148146249541, 28.158051906840026 ], [ -89.181148146249541, 28.158231569896849 ], [ -89.181327809306367, 28.158231569896849 ], [ -89.181327809306367, 28.158411232953675 ], [ -89.181507472363194, 28.158411232953675 ], [ -89.181507472363194, 28.158590896010498 ], [ -89.18168713542002, 28.158590896010498 ], [ -89.18168713542002, 28.158770559067321 ], [ -89.181866798476847, 28.158770559067321 ], [ -89.181866798476847, 28.158950222124144 ], [ -89.182226124590485, 28.158950222124144 ], [ -89.182226124590485, 28.15912988518097 ], [ -89.182405787647312, 28.15912988518097 ], [ -89.182405787647312, 28.159309548237793 ], [ -89.182585450704138, 28.159309548237793 ], [ -89.182585450704138, 28.159489211294616 ], [ -89.182765113760965, 28.159489211294616 ], [ -89.182765113760965, 28.159668874351443 ], [ -89.182944776817777, 28.159668874351443 ], [ -89.182944776817777, 28.159848537408266 ], [ -89.183124439874604, 28.159848537408266 ], [ -89.183124439874604, 28.160028200465089 ], [ -89.18330410293143, 28.160028200465089 ], [ -89.18330410293143, 28.160207863521912 ], [ -89.183483765988257, 28.160207863521912 ], [ -89.183483765988257, 28.160387526578738 ], [ -89.18384309210191, 28.160387526578738 ], [ -89.18384309210191, 28.160567189635561 ], [ -89.184022755158722, 28.160567189635561 ], [ -89.184022755158722, 28.160746852692384 ], [ -89.184202418215548, 28.160746852692384 ], [ -89.184202418215548, 28.160926515749207 ], [ -89.184382081272375, 28.160926515749207 ], [ -89.184382081272375, 28.161106178806033 ], [ -89.184561744329201, 28.161106178806033 ], [ -89.184561744329201, 28.161285841862856 ], [ -89.18492107044284, 28.161285841862856 ], [ -89.18492107044284, 28.161465504919679 ], [ -89.185100733499667, 28.161465504919679 ], [ -89.185100733499667, 28.161645167976506 ], [ -89.18546005961332, 28.161645167976506 ], [ -89.18546005961332, 28.161824831033329 ], [ -89.185639722670146, 28.161824831033329 ], [ -89.185639722670146, 28.162004494090151 ], [ -89.185999048783785, 28.162004494090151 ], [ -89.185999048783785, 28.162184157146974 ], [ -89.186178711840611, 28.162184157146974 ], [ -89.186178711840611, 28.162363820203801 ], [ -89.186538037954264, 28.162363820203801 ], [ -89.186538037954264, 28.162543483260624 ], [ -89.186717701011091, 28.162543483260624 ], [ -89.186717701011091, 28.162723146317447 ], [ -89.186897364067903, 28.162723146317447 ], [ -89.186897364067903, 28.16290280937427 ], [ -89.18707702712473, 28.16290280937427 ], [ -89.18707702712473, 28.163262135487919 ], [ -89.187256690181556, 28.163262135487919 ], [ -89.187256690181556, 28.163621461601569 ], [ -89.187436353238382, 28.163621461601569 ], [ -89.187436353238382, 28.163801124658391 ], [ -89.187616016295209, 28.163801124658391 ], [ -89.187616016295209, 28.164160450772037 ], [ -89.187795679352035, 28.164160450772037 ], [ -89.187795679352035, 28.164340113828864 ], [ -89.187975342408848, 28.164340113828864 ], [ -89.187975342408848, 28.164519776885687 ], [ -89.188155005465674, 28.164519776885687 ], [ -89.188155005465674, 28.16469943994251 ], [ -89.188514331579327, 28.16469943994251 ], [ -89.188514331579327, 28.164879102999336 ], [ -89.188693994636154, 28.164879102999336 ], [ -89.188693994636154, 28.165058766056159 ], [ -89.189412646863445, 28.165058766056159 ], [ -89.189412646863445, 28.165238429112982 ], [ -89.189771972977098, 28.165238429112982 ], [ -89.189771972977098, 28.165058766056159 ], [ -89.190670288261217, 28.165058766056159 ], [ -89.190670288261217, 28.165238429112982 ], [ -89.191209277431682, 28.165238429112982 ], [ -89.191209277431682, 28.165418092169805 ], [ -89.191388940488508, 28.165418092169805 ], [ -89.191388940488508, 28.165777418283454 ], [ -89.191568603545335, 28.165777418283454 ], [ -89.191568603545335, 28.165957081340277 ], [ -89.191748266602161, 28.165957081340277 ], [ -89.191748266602161, 28.1661367443971 ], [ -89.191927929658974, 28.1661367443971 ], [ -89.191927929658974, 28.166316407453927 ], [ -89.1921075927158, 28.166316407453927 ], [ -89.1921075927158, 28.16649607051075 ], [ -89.192287255772627, 28.16649607051075 ], [ -89.192287255772627, 28.166675733567573 ], [ -89.192466918829453, 28.166675733567573 ], [ -89.192466918829453, 28.167035059681222 ], [ -89.192646581886279, 28.167035059681222 ], [ -89.192646581886279, 28.167214722738045 ], [ -89.192826244943092, 28.167214722738045 ], [ -89.192826244943092, 28.167574048851694 ], [ -89.193005907999918, 28.167574048851694 ], [ -89.193005907999918, 28.167753711908517 ], [ -89.193185571056745, 28.167753711908517 ], [ -89.193185571056745, 28.16793337496534 ], [ -89.193365234113571, 28.16793337496534 ], [ -89.193365234113571, 28.168113038022163 ], [ -89.193544897170398, 28.168113038022163 ], [ -89.193544897170398, 28.16829270107899 ], [ -89.193724560227224, 28.16829270107899 ], [ -89.193724560227224, 28.168472364135813 ], [ -89.193904223284036, 28.168472364135813 ], [ -89.193904223284036, 28.168831690249462 ], [ -89.194083886340863, 28.168831690249462 ], [ -89.194083886340863, 28.169011353306285 ], [ -89.194263549397689, 28.169011353306285 ], [ -89.194263549397689, 28.169370679419931 ], [ -89.194443212454516, 28.169370679419931 ], [ -89.194443212454516, 28.169550342476757 ], [ -89.194622875511342, 28.169550342476757 ], [ -89.194622875511342, 28.169909668590403 ], [ -89.194802538568155, 28.169909668590403 ], [ -89.194802538568155, 28.170089331647226 ], [ -89.194982201624981, 28.170089331647226 ], [ -89.194982201624981, 28.170268994704053 ], [ -89.195161864681808, 28.170268994704053 ], [ -89.195161864681808, 28.170628320817698 ], [ -89.195341527738634, 28.170628320817698 ], [ -89.195341527738634, 28.170807983874525 ], [ -89.195521190795461, 28.170807983874525 ], [ -89.195521190795461, 28.171167309988171 ], [ -89.195700853852287, 28.171167309988171 ], [ -89.195700853852287, 28.171706299158643 ], [ -89.195880516909099, 28.171706299158643 ], [ -89.195880516909099, 28.172065625272289 ], [ -89.196060179965926, 28.172065625272289 ], [ -89.196060179965926, 28.172245288329115 ], [ -89.196239843022752, 28.172245288329115 ], [ -89.196239843022752, 28.172424951385938 ], [ -89.196419506079579, 28.172424951385938 ], [ -89.196419506079579, 28.172784277499588 ], [ -89.196599169136405, 28.172784277499588 ], [ -89.196599169136405, 28.172963940556411 ], [ -89.196778832193218, 28.172963940556411 ], [ -89.196778832193218, 28.173143603613234 ], [ -89.196958495250044, 28.173143603613234 ], [ -89.196958495250044, 28.173323266670057 ], [ -89.197138158306871, 28.173323266670057 ], [ -89.197138158306871, 28.173682592783706 ], [ -89.197317821363697, 28.173682592783706 ], [ -89.197317821363697, 28.173862255840529 ], [ -89.197497484420524, 28.173862255840529 ], [ -89.197497484420524, 28.174041918897352 ], [ -89.19767714747735, 28.174041918897352 ], [ -89.19767714747735, 28.174221581954178 ], [ -89.197856810534162, 28.174221581954178 ], [ -89.197856810534162, 28.174401245011001 ], [ -89.198036473590989, 28.174401245011001 ], [ -89.198036473590989, 28.174580908067824 ], [ -89.198216136647815, 28.174580908067824 ], [ -89.198216136647815, 28.174760571124651 ], [ -89.198395799704642, 28.174760571124651 ], [ -89.198395799704642, 28.174940234181474 ], [ -89.198575462761468, 28.174940234181474 ], [ -89.198575462761468, 28.175119897238297 ], [ -89.19875512581828, 28.175119897238297 ], [ -89.19875512581828, 28.17529956029512 ], [ -89.198934788875107, 28.17529956029512 ], [ -89.198934788875107, 28.175479223351946 ], [ -89.199114451931933, 28.175479223351946 ], [ -89.199114451931933, 28.175658886408769 ], [ -89.19929411498876, 28.175658886408769 ], [ -89.19929411498876, 28.175838549465592 ], [ -89.199473778045586, 28.175838549465592 ], [ -89.199473778045586, 28.176018212522415 ], [ -89.199653441102413, 28.176018212522415 ], [ -89.199653441102413, 28.176377538636064 ], [ -89.199833104159225, 28.176377538636064 ], [ -89.199833104159225, 28.176557201692887 ], [ -89.200012767216052, 28.176557201692887 ], [ -89.200012767216052, 28.176736864749714 ], [ -89.200192430272878, 28.176736864749714 ], [ -89.200192430272878, 28.177096190863359 ], [ -89.200372093329705, 28.177096190863359 ], [ -89.200372093329705, 28.177275853920182 ], [ -89.200551756386531, 28.177275853920182 ], [ -89.200551756386531, 28.177455516977009 ], [ -89.200731419443343, 28.177455516977009 ], [ -89.200731419443343, 28.177635180033832 ], [ -89.20091108250017, 28.177635180033832 ], [ -89.20091108250017, 28.177814843090655 ], [ -89.201090745556996, 28.177814843090655 ], [ -89.201090745556996, 28.177994506147478 ], [ -89.201270408613823, 28.177994506147478 ], [ -89.201270408613823, 28.178174169204304 ], [ -89.201450071670649, 28.178174169204304 ], [ -89.201450071670649, 28.178353832261127 ], [ -89.201629734727476, 28.178353832261127 ], [ -89.201629734727476, 28.178713158374777 ], [ -89.201809397784288, 28.178713158374777 ], [ -89.201809397784288, 28.178892821431599 ], [ -89.201989060841115, 28.178892821431599 ], [ -89.201989060841115, 28.179072484488422 ], [ -89.202168723897941, 28.179072484488422 ], [ -89.202168723897941, 28.179252147545245 ], [ -89.202348386954768, 28.179252147545245 ], [ -89.202348386954768, 28.179611473658895 ], [ -89.202528050011594, 28.179611473658895 ], [ -89.202528050011594, 28.179791136715718 ], [ -89.202707713068406, 28.179791136715718 ], [ -89.202707713068406, 28.180150462829367 ], [ -89.202887376125233, 28.180150462829367 ], [ -89.202887376125233, 28.18033012588619 ], [ -89.203067039182059, 28.18033012588619 ], [ -89.203067039182059, 28.180689451999839 ], [ -89.203246702238886, 28.180689451999839 ], [ -89.203246702238886, 28.181048778113485 ], [ -89.203426365295712, 28.181048778113485 ], [ -89.203426365295712, 28.181228441170308 ], [ -89.203606028352539, 28.181228441170308 ], [ -89.203606028352539, 28.181408104227135 ], [ -89.203785691409351, 28.181408104227135 ], [ -89.203785691409351, 28.181587767283958 ], [ -89.203965354466177, 28.181587767283958 ], [ -89.203965354466177, 28.181767430340781 ], [ -89.204145017523004, 28.181767430340781 ], [ -89.204145017523004, 28.181947093397604 ], [ -89.20432468057983, 28.181947093397604 ], [ -89.20432468057983, 28.182306419511253 ], [ -89.204504343636657, 28.182306419511253 ], [ -89.204504343636657, 28.182665745624902 ], [ -89.204684006693469, 28.182665745624902 ], [ -89.204684006693469, 28.182845408681725 ], [ -89.204863669750296, 28.182845408681725 ], [ -89.204863669750296, 28.183025071738548 ], [ -89.205043332807122, 28.183025071738548 ], [ -89.205043332807122, 28.183204734795371 ], [ -89.205222995863949, 28.183204734795371 ], [ -89.205222995863949, 28.183564060909021 ], [ -89.205582321977602, 28.183564060909021 ], [ -89.205582321977602, 28.183743723965843 ], [ -89.205761985034414, 28.183743723965843 ], [ -89.205761985034414, 28.183923387022666 ], [ -89.20594164809124, 28.183923387022666 ], [ -89.20594164809124, 28.184103050079493 ], [ -89.206121311148067, 28.184103050079493 ], [ -89.206121311148067, 28.184282713136316 ], [ -89.206300974204893, 28.184282713136316 ], [ -89.206300974204893, 28.184462376193139 ], [ -89.20648063726172, 28.184462376193139 ], [ -89.20648063726172, 28.184642039249965 ], [ -89.206660300318532, 28.184642039249965 ], [ -89.206660300318532, 28.184821702306788 ], [ -89.206839963375359, 28.184821702306788 ], [ -89.206839963375359, 28.185001365363611 ], [ -89.207199289489012, 28.185001365363611 ], [ -89.207199289489012, 28.185181028420434 ], [ -89.207378952545838, 28.185181028420434 ], [ -89.207378952545838, 28.185360691477261 ], [ -89.207558615602665, 28.185360691477261 ], [ -89.207558615602665, 28.185540354534083 ], [ -89.207917941716303, 28.185540354534083 ], [ -89.207917941716303, 28.185720017590906 ], [ -89.20809760477313, 28.185720017590906 ], [ -89.20809760477313, 28.185899680647733 ], [ -89.208277267829956, 28.185899680647733 ], [ -89.208277267829956, 28.186079343704556 ], [ -89.208456930886783, 28.186079343704556 ], [ -89.208456930886783, 28.186259006761379 ], [ -89.208636593943595, 28.186259006761379 ], [ -89.208636593943595, 28.186618332875028 ], [ -89.208816257000422, 28.186618332875028 ], [ -89.208816257000422, 28.186797995931851 ], [ -89.208995920057248, 28.186797995931851 ], [ -89.208995920057248, 28.186977658988674 ], [ -89.209175583114074, 28.186977658988674 ], [ -89.209175583114074, 28.187336985102323 ], [ -89.209355246170901, 28.187336985102323 ], [ -89.209355246170901, 28.187516648159146 ], [ -89.209534909227727, 28.187516648159146 ], [ -89.209534909227727, 28.187696311215969 ], [ -89.20971457228454, 28.187696311215969 ], [ -89.20971457228454, 28.188055637329619 ], [ -89.209894235341366, 28.188055637329619 ], [ -89.209894235341366, 28.188235300386442 ], [ -89.210073898398193, 28.188235300386442 ], [ -89.210073898398193, 28.188414963443265 ], [ -89.210253561455019, 28.188414963443265 ], [ -89.210253561455019, 28.188774289556914 ], [ -89.210433224511846, 28.188774289556914 ], [ -89.210433224511846, 28.188953952613737 ], [ -89.210612887568658, 28.188953952613737 ], [ -89.210612887568658, 28.18913361567056 ], [ -89.210792550625484, 28.18913361567056 ], [ -89.210792550625484, 28.189492941784209 ], [ -89.210972213682311, 28.189492941784209 ], [ -89.210972213682311, 28.189672604841032 ], [ -89.211151876739137, 28.189672604841032 ], [ -89.211151876739137, 28.190031930954682 ], [ -89.211331539795964, 28.190031930954682 ], [ -89.211331539795964, 28.190211594011505 ], [ -89.21151120285279, 28.190211594011505 ], [ -89.21151120285279, 28.190391257068327 ], [ -89.211690865909603, 28.190391257068327 ], [ -89.211690865909603, 28.190750583181977 ], [ -89.211870528966429, 28.190750583181977 ], [ -89.211870528966429, 28.1909302462388 ], [ -89.212229855080082, 28.1909302462388 ], [ -89.212229855080082, 28.191109909295623 ], [ -89.212409518136909, 28.191109909295623 ], [ -89.212409518136909, 28.191289572352449 ], [ -89.212589181193721, 28.191289572352449 ], [ -89.212589181193721, 28.191469235409272 ], [ -89.212768844250547, 28.191469235409272 ], [ -89.212768844250547, 28.191648898466095 ], [ -89.212948507307374, 28.191648898466095 ], [ -89.212948507307374, 28.191828561522922 ], [ -89.2131281703642, 28.191828561522922 ], [ -89.2131281703642, 28.192187887636567 ], [ -89.213307833421027, 28.192187887636567 ], [ -89.213307833421027, 28.19236755069339 ], [ -89.213667159534666, 28.19236755069339 ], [ -89.213667159534666, 28.192547213750217 ], [ -89.213846822591492, 28.192547213750217 ], [ -89.213846822591492, 28.19272687680704 ], [ -89.214026485648318, 28.19272687680704 ], [ -89.214026485648318, 28.193086202920686 ], [ -89.214206148705145, 28.193086202920686 ], [ -89.214206148705145, 28.193265865977512 ], [ -89.214385811761971, 28.193265865977512 ], [ -89.214385811761971, 28.193445529034335 ], [ -89.214565474818784, 28.193445529034335 ], [ -89.214565474818784, 28.193804855147985 ], [ -89.21474513787561, 28.193804855147985 ], [ -89.21474513787561, 28.19416418126163 ], [ -89.214924800932437, 28.19416418126163 ], [ -89.214924800932437, 28.194343844318453 ], [ -89.215104463989263, 28.194343844318453 ], [ -89.215104463989263, 28.19452350737528 ], [ -89.21528412704609, 28.19452350737528 ], [ -89.21528412704609, 28.194882833488926 ], [ -89.215463790102916, 28.194882833488926 ], [ -89.215463790102916, 28.195421822659398 ], [ -89.215643453159728, 28.195421822659398 ], [ -89.215643453159728, 28.195781148773047 ], [ -89.215823116216555, 28.195781148773047 ], [ -89.215823116216555, 28.196320137943516 ], [ -89.216002779273381, 28.196320137943516 ], [ -89.216002779273381, 28.196859127113989 ], [ -89.216182442330208, 28.196859127113989 ], [ -89.216182442330208, 28.197218453227638 ], [ -89.216362105387034, 28.197218453227638 ], [ -89.216362105387034, 28.197398116284461 ], [ -89.216541768443847, 28.197398116284461 ], [ -89.216541768443847, 28.19775744239811 ], [ -89.216721431500673, 28.19775744239811 ], [ -89.216721431500673, 28.198116768511756 ], [ -89.2169010945575, 28.198116768511756 ], [ -89.2169010945575, 28.198476094625406 ], [ -89.217080757614326, 28.198476094625406 ], [ -89.217080757614326, 28.198655757682229 ], [ -89.217260420671153, 28.198655757682229 ], [ -89.217260420671153, 28.199194746852701 ], [ -89.217440083727979, 28.199194746852701 ], [ -89.217440083727979, 28.199733736023173 ], [ -89.217619746784791, 28.199733736023173 ], [ -89.217619746784791, 28.200093062136819 ], [ -89.217799409841618, 28.200093062136819 ], [ -89.217799409841618, 28.200272725193642 ], [ -89.217979072898444, 28.200272725193642 ], [ -89.217979072898444, 28.200632051307291 ], [ -89.218158735955271, 28.200632051307291 ], [ -89.218158735955271, 28.200811714364114 ], [ -89.218338399012097, 28.200811714364114 ], [ -89.218338399012097, 28.200991377420941 ], [ -89.21851806206891, 28.200991377420941 ], [ -89.21851806206891, 28.201171040477764 ], [ -89.218697725125736, 28.201171040477764 ], [ -89.218697725125736, 28.20153036659141 ], [ -89.218877388182563, 28.20153036659141 ], [ -89.218877388182563, 28.201889692705059 ], [ -89.219057051239389, 28.201889692705059 ], [ -89.219057051239389, 28.202069355761882 ], [ -89.219236714296215, 28.202069355761882 ], [ -89.219236714296215, 28.202249018818705 ], [ -89.219416377353042, 28.202249018818705 ], [ -89.219416377353042, 28.202428681875531 ], [ -89.219596040409854, 28.202428681875531 ], [ -89.219596040409854, 28.202608344932354 ], [ -89.219775703466681, 28.202608344932354 ], [ -89.219775703466681, 28.202788007989177 ], [ -89.219955366523507, 28.202788007989177 ], [ -89.219955366523507, 28.202967671046004 ], [ -89.22031469263716, 28.202967671046004 ], [ -89.22031469263716, 28.203147334102827 ], [ -89.220494355693972, 28.203147334102827 ], [ -89.220494355693972, 28.20332699715965 ], [ -89.220853681807625, 28.20332699715965 ], [ -89.220853681807625, 28.203506660216473 ], [ -89.221033344864452, 28.203506660216473 ], [ -89.221033344864452, 28.203686323273299 ], [ -89.221213007921278, 28.203686323273299 ], [ -89.221213007921278, 28.203865986330122 ], [ -89.221572334034917, 28.203865986330122 ], [ -89.221572334034917, 28.204045649386945 ], [ -89.22193166014857, 28.204045649386945 ], [ -89.22193166014857, 28.204225312443768 ], [ -89.222111323205397, 28.204225312443768 ], [ -89.222111323205397, 28.204404975500594 ], [ -89.222290986262223, 28.204404975500594 ], [ -89.222290986262223, 28.204584638557417 ], [ -89.222650312375862, 28.204584638557417 ], [ -89.222650312375862, 28.20476430161424 ], [ -89.222829975432688, 28.20476430161424 ], [ -89.222829975432688, 28.204943964671067 ], [ -89.223009638489515, 28.204943964671067 ], [ -89.223009638489515, 28.20512362772789 ], [ -89.223368964603168, 28.20512362772789 ], [ -89.223368964603168, 28.205303290784713 ], [ -89.22354862765998, 28.205303290784713 ], [ -89.22354862765998, 28.205482953841535 ], [ -89.223907953773633, 28.205482953841535 ], [ -89.223907953773633, 28.205662616898362 ], [ -89.22408761683046, 28.205662616898362 ], [ -89.22408761683046, 28.205842279955185 ], [ -89.224267279887286, 28.205842279955185 ], [ -89.224267279887286, 28.206021943012008 ], [ -89.224446942944098, 28.206021943012008 ], [ -89.224446942944098, 28.206381269125657 ], [ -89.224626606000925, 28.206381269125657 ], [ -89.224626606000925, 28.206740595239303 ], [ -89.224806269057751, 28.206740595239303 ], [ -89.224806269057751, 28.20692025829613 ], [ -89.224985932114578, 28.20692025829613 ], [ -89.224985932114578, 28.207279584409775 ], [ -89.225165595171404, 28.207279584409775 ], [ -89.225165595171404, 28.207459247466598 ], [ -89.225345258228231, 28.207459247466598 ], [ -89.225345258228231, 28.207638910523425 ], [ -89.225524921285043, 28.207638910523425 ], [ -89.225524921285043, 28.207818573580248 ], [ -89.225704584341869, 28.207818573580248 ], [ -89.225704584341869, 28.207998236637071 ], [ -89.225884247398696, 28.207998236637071 ], [ -89.225884247398696, 28.208177899693894 ], [ -89.226243573512349, 28.208177899693894 ], [ -89.226243573512349, 28.20835756275072 ], [ -89.227501214910106, 28.20835756275072 ] ] ] } },
{ "type": "Feature", "properties": { "cluster_id": 15, "component_ids": "25,26,27", "n_parts": 3, "area_m2": 1381596.9732025713, "confidence": 0.9638190258362711, "prob_max": 1.0, "centroid_lon": -90.566539181468727, "centroid_lat": 27.354799779196725, "length_m": 2221.0791657231916, "axis_bearing_deg": 124.78652276726595, "width_proxy_m": 622.03859930977205, "elongation": 2.0180219926104308, "end1_lon": -90.576101486950435, "end1_lat": 27.361556195180096, "end2_lon": -90.557664772304548, "end2_lat": 27.350120622745163, "wind_u": -3.8532627476721717, "wind_v": 7.8064042692801312, "wind_speed_m_s": 8.7056063211032662, "wind_from_deg": 153.72892606709914, "wind_class": "valid", "wind_factor": 1.0, "size_factor": 0.99999900045906864, "slick_potential": 0.96381806245970436, "eligible": true, "ineligible_reason": "", "potential_rank": 4, "selected": true, "selection_basis": "policy_v1_top_potential" }, "geometry": { "type": "MultiPolygon", "coordinates": [ [ [ [ -90.56724862964596, 27.361425912882837 ], [ -90.56724862964596, 27.36124624982601 ], [ -90.566350314361841, 27.36124624982601 ], [ -90.566350314361841, 27.361066586769187 ], [ -90.56563166213455, 27.361066586769187 ], [ -90.56563166213455, 27.360886923712364 ], [ -90.565272336020897, 27.360886923712364 ], [ -90.565272336020897, 27.360707260655541 ], [ -90.56509267296407, 27.360707260655541 ], [ -90.56509267296407, 27.360527597598715 ], [ -90.564733346850431, 27.360527597598715 ], [ -90.564733346850431, 27.360347934541892 ], [ -90.564553683793605, 27.360347934541892 ], [ -90.564553683793605, 27.360168271485069 ], [ -90.564194357679952, 27.360168271485069 ], [ -90.564194357679952, 27.359808945371419 ], [ -90.564014694623125, 27.359808945371419 ], [ -90.564014694623125, 27.359449619257774 ], [ -90.563835031566313, 27.359449619257774 ], [ -90.563835031566313, 27.356754673405415 ], [ -90.563655368509487, 27.356754673405415 ], [ -90.563655368509487, 27.356215684234943 ], [ -90.56347570545266, 27.356215684234943 ], [ -90.56347570545266, 27.35603602117812 ], [ -90.563296042395834, 27.35603602117812 ], [ -90.563296042395834, 27.355676695064471 ], [ -90.563116379339007, 27.355676695064471 ], [ -90.563116379339007, 27.355317368950821 ], [ -90.562936716282195, 27.355317368950821 ], [ -90.562936716282195, 27.354958042837175 ], [ -90.562757053225369, 27.354958042837175 ], [ -90.562757053225369, 27.354598716723526 ], [ -90.562577390168542, 27.354598716723526 ], [ -90.562577390168542, 27.35423939060988 ], [ -90.562397727111716, 27.35423939060988 ], [ -90.562397727111716, 27.354059727553057 ], [ -90.562218064054889, 27.354059727553057 ], [ -90.562218064054889, 27.35423939060988 ], [ -90.56185873794125, 27.35423939060988 ], [ -90.56185873794125, 27.354419053666703 ], [ -90.561319748770771, 27.354419053666703 ], [ -90.561319748770771, 27.354598716723526 ], [ -90.558804465975243, 27.354598716723526 ], [ -90.558804465975243, 27.354419053666703 ], [ -90.558085813747937, 27.354419053666703 ], [ -90.558085813747937, 27.35423939060988 ], [ -90.557726487634298, 27.35423939060988 ], [ -90.557726487634298, 27.354059727553057 ], [ -90.557546824577472, 27.354059727553057 ], [ -90.557546824577472, 27.353880064496231 ], [ -90.557187498463819, 27.353880064496231 ], [ -90.557187498463819, 27.353700401439408 ], [ -90.557007835407006, 27.353700401439408 ], [ -90.557007835407006, 27.353520738382585 ], [ -90.55682817235018, 27.353520738382585 ], [ -90.55682817235018, 27.353341075325758 ], [ -90.556468846236527, 27.353341075325758 ], [ -90.556468846236527, 27.353161412268935 ], [ -90.5562891831797, 27.353161412268935 ], [ -90.5562891831797, 27.352981749212113 ], [ -90.555929857066062, 27.352981749212113 ], [ -90.555929857066062, 27.35280208615529 ], [ -90.555750194009235, 27.35280208615529 ], [ -90.555750194009235, 27.351724107814345 ], [ -90.555929857066062, 27.351724107814345 ], [ -90.555929857066062, 27.351544444757522 ], [ -90.556109520122874, 27.351544444757522 ], [ -90.556109520122874, 27.351364781700696 ], [ -90.55682817235018, 27.351364781700696 ], [ -90.55682817235018, 27.351185118643873 ], [ -90.557726487634298, 27.351185118643873 ], [ -90.557726487634298, 27.35100545558705 ], [ -90.558265476804763, 27.35100545558705 ], [ -90.558265476804763, 27.350825792530227 ], [ -90.558984129032069, 27.350825792530227 ], [ -90.558984129032069, 27.3506461294734 ], [ -90.559523118202534, 27.3506461294734 ], [ -90.559523118202534, 27.350825792530227 ], [ -90.561140085713944, 27.350825792530227 ], [ -90.561140085713944, 27.3506461294734 ], [ -90.561319748770771, 27.3506461294734 ], [ -90.561319748770771, 27.350466466416577 ], [ -90.561499411827597, 27.350466466416577 ], [ -90.561499411827597, 27.349029161961987 ], [ -90.561319748770771, 27.349029161961987 ], [ -90.561319748770771, 27.348490172791514 ], [ -90.561140085713944, 27.348490172791514 ], [ -90.561140085713944, 27.34741219445057 ], [ -90.561319748770771, 27.34741219445057 ], [ -90.561319748770771, 27.347232531393747 ], [ -90.561499411827597, 27.347232531393747 ], [ -90.561499411827597, 27.347052868336924 ], [ -90.562397727111716, 27.347052868336924 ], [ -90.562397727111716, 27.347232531393747 ], [ -90.562757053225369, 27.347232531393747 ], [ -90.562757053225369, 27.34741219445057 ], [ -90.562936716282195, 27.34741219445057 ], [ -90.562936716282195, 27.347591857507396 ], [ -90.563116379339007, 27.347591857507396 ], [ -90.563116379339007, 27.347771520564219 ], [ -90.563296042395834, 27.347771520564219 ], [ -90.563296042395834, 27.347951183621042 ], [ -90.56347570545266, 27.347951183621042 ], [ -90.56347570545266, 27.348130846677869 ], [ -90.563655368509487, 27.348130846677869 ], [ -90.563655368509487, 27.348490172791514 ], [ -90.564014694623125, 27.348490172791514 ], [ -90.564014694623125, 27.348669835848337 ], [ -90.564194357679952, 27.348669835848337 ], [ -90.564194357679952, 27.348849498905164 ], [ -90.564553683793605, 27.348849498905164 ], [ -90.564553683793605, 27.349029161961987 ], [ -90.564913009907258, 27.349029161961987 ], [ -90.564913009907258, 27.34920882501881 ], [ -90.565272336020897, 27.34920882501881 ], [ -90.565272336020897, 27.349388488075633 ], [ -90.565451999077723, 27.349388488075633 ], [ -90.565451999077723, 27.349568151132459 ], [ -90.56563166213455, 27.349568151132459 ], [ -90.56563166213455, 27.349747814189282 ], [ -90.565811325191376, 27.349747814189282 ], [ -90.565811325191376, 27.349927477246105 ], [ -90.566350314361841, 27.349927477246105 ], [ -90.566350314361841, 27.350107140302931 ], [ -90.566709640475494, 27.350107140302931 ], [ -90.566709640475494, 27.350286803359754 ], [ -90.566889303532321, 27.350286803359754 ], [ -90.566889303532321, 27.350466466416577 ], [ -90.56724862964596, 27.350466466416577 ], [ -90.56724862964596, 27.3506461294734 ], [ -90.567607955759613, 27.3506461294734 ], [ -90.567607955759613, 27.350825792530227 ], [ -90.567967281873251, 27.350825792530227 ], [ -90.567967281873251, 27.35100545558705 ], [ -90.568326607986904, 27.35100545558705 ], [ -90.568326607986904, 27.351185118643873 ], [ -90.568865597157384, 27.351185118643873 ], [ -90.568865597157384, 27.351364781700696 ], [ -90.569224923271022, 27.351364781700696 ], [ -90.569224923271022, 27.351544444757522 ], [ -90.569584249384675, 27.351544444757522 ], [ -90.569584249384675, 27.351724107814345 ], [ -90.569763912441502, 27.351724107814345 ], [ -90.569763912441502, 27.351903770871168 ], [ -90.569943575498314, 27.351903770871168 ], [ -90.569943575498314, 27.352083433927994 ], [ -90.570123238555141, 27.352083433927994 ], [ -90.570123238555141, 27.35244276004164 ], [ -90.570302901611967, 27.35244276004164 ], [ -90.570302901611967, 27.35280208615529 ], [ -90.570482564668794, 27.35280208615529 ], [ -90.570482564668794, 27.352981749212113 ], [ -90.57066222772562, 27.352981749212113 ], [ -90.57066222772562, 27.353341075325758 ], [ -90.570841890782447, 27.353341075325758 ], [ -90.570841890782447, 27.353520738382585 ], [ -90.571021553839259, 27.353520738382585 ], [ -90.571021553839259, 27.353700401439408 ], [ -90.572099532180204, 27.353700401439408 ], [ -90.572099532180204, 27.353880064496231 ], [ -90.572458858293857, 27.353880064496231 ], [ -90.572458858293857, 27.354059727553057 ], [ -90.572638521350683, 27.354059727553057 ], [ -90.572638521350683, 27.35423939060988 ], [ -90.57281818440751, 27.35423939060988 ], [ -90.57281818440751, 27.354598716723526 ], [ -90.572997847464322, 27.354598716723526 ], [ -90.572997847464322, 27.356395347291766 ], [ -90.57281818440751, 27.356395347291766 ], [ -90.57281818440751, 27.356754673405415 ], [ -90.572638521350683, 27.356754673405415 ], [ -90.572638521350683, 27.357113999519061 ], [ -90.572458858293857, 27.357113999519061 ], [ -90.572458858293857, 27.357293662575884 ], [ -90.57227919523703, 27.357293662575884 ], [ -90.57227919523703, 27.357473325632711 ], [ -90.572099532180204, 27.357473325632711 ], [ -90.572099532180204, 27.357832651746357 ], [ -90.571919869123377, 27.357832651746357 ], [ -90.571919869123377, 27.358012314803183 ], [ -90.571740206066565, 27.358012314803183 ], [ -90.571740206066565, 27.358191977860006 ], [ -90.571560543009738, 27.358191977860006 ], [ -90.571560543009738, 27.358371640916829 ], [ -90.571380879952912, 27.358371640916829 ], [ -90.571380879952912, 27.358551303973652 ], [ -90.571201216896085, 27.358551303973652 ], [ -90.571201216896085, 27.358730967030478 ], [ -90.571021553839259, 27.358730967030478 ], [ -90.571021553839259, 27.358910630087301 ], [ -90.57066222772562, 27.358910630087301 ], [ -90.57066222772562, 27.359090293144124 ], [ -90.570482564668794, 27.359090293144124 ], [ -90.570482564668794, 27.359269956200947 ], [ -90.570302901611967, 27.359269956200947 ], [ -90.570302901611967, 27.359449619257774 ], [ -90.570123238555141, 27.359449619257774 ], [ -90.570123238555141, 27.359629282314597 ], [ -90.569943575498314, 27.359629282314597 ], [ -90.569943575498314, 27.359808945371419 ], [ -90.569763912441502, 27.359808945371419 ], [ -90.569763912441502, 27.359988608428246 ], [ -90.569584249384675, 27.359988608428246 ], [ -90.569584249384675, 27.360168271485069 ], [ -90.569404586327849, 27.360168271485069 ], [ -90.569404586327849, 27.360347934541892 ], [ -90.569045260214196, 27.360347934541892 ], [ -90.569045260214196, 27.360527597598715 ], [ -90.568865597157384, 27.360527597598715 ], [ -90.568865597157384, 27.360707260655541 ], [ -90.568685934100557, 27.360707260655541 ], [ -90.568685934100557, 27.360886923712364 ], [ -90.568506271043731, 27.360886923712364 ], [ -90.568506271043731, 27.361066586769187 ], [ -90.568146944930078, 27.361066586769187 ], [ -90.568146944930078, 27.36124624982601 ], [ -90.567607955759613, 27.36124624982601 ], [ -90.567607955759613, 27.361425912882837 ], [ -90.56724862964596, 27.361425912882837 ] ] ], [ [ [ -90.575872456373503, 27.359808945371419 ], [ -90.575692793316691, 27.359808945371419 ], [ -90.575692793316691, 27.359090293144124 ], [ -90.575513130259864, 27.359090293144124 ], [ -90.575513130259864, 27.357293662575884 ], [ -90.575692793316691, 27.357293662575884 ], [ -90.575692793316691, 27.356395347291766 ], [ -90.575872456373503, 27.356395347291766 ], [ -90.575872456373503, 27.356215684234943 ], [ -90.576052119430329, 27.356215684234943 ], [ -90.576052119430329, 27.35603602117812 ], [ -90.576950434714448, 27.35603602117812 ], [ -90.576950434714448, 27.356215684234943 ], [ -90.577130097771274, 27.356215684234943 ], [ -90.577130097771274, 27.356395347291766 ], [ -90.577309760828101, 27.356395347291766 ], [ -90.577309760828101, 27.356754673405415 ], [ -90.577489423884927, 27.356754673405415 ], [ -90.577489423884927, 27.358730967030478 ], [ -90.577309760828101, 27.358730967030478 ], [ -90.577309760828101, 27.359269956200947 ], [ -90.577130097771274, 27.359269956200947 ], [ -90.577130097771274, 27.359808945371419 ], [ -90.576950434714448, 27.359808945371419 ], [ -90.576950434714448, 27.359988608428246 ], [ -90.576591108600809, 27.359988608428246 ], [ -90.576591108600809, 27.360168271485069 ], [ -90.575872456373503, 27.360168271485069 ], [ -90.575872456373503, 27.359808945371419 ] ] ], [ [ [ -90.57946571750999, 27.361425912882837 ], [ -90.579106391396337, 27.361425912882837 ], [ -90.579106391396337, 27.36124624982601 ], [ -90.578926728339511, 27.36124624982601 ], [ -90.578926728339511, 27.361066586769187 ], [ -90.578747065282698, 27.361066586769187 ], [ -90.578747065282698, 27.359988608428246 ], [ -90.578926728339511, 27.359988608428246 ], [ -90.578926728339511, 27.359629282314597 ], [ -90.579106391396337, 27.359629282314597 ], [ -90.579106391396337, 27.359269956200947 ], [ -90.579286054453164, 27.359269956200947 ], [ -90.579286054453164, 27.358730967030478 ], [ -90.57946571750999, 27.358730967030478 ], [ -90.57946571750999, 27.358371640916829 ], [ -90.580184369737282, 27.358371640916829 ], [ -90.580184369737282, 27.358551303973652 ], [ -90.580364032794108, 27.358551303973652 ], [ -90.580364032794108, 27.358730967030478 ], [ -90.580543695850935, 27.358730967030478 ], [ -90.580543695850935, 27.359090293144124 ], [ -90.580723358907761, 27.359090293144124 ], [ -90.580723358907761, 27.359269956200947 ], [ -90.580543695850935, 27.359269956200947 ], [ -90.580543695850935, 27.360886923712364 ], [ -90.580364032794108, 27.360886923712364 ], [ -90.580364032794108, 27.36124624982601 ], [ -90.580184369737282, 27.36124624982601 ], [ -90.580184369737282, 27.361425912882837 ], [ -90.579825043623629, 27.361425912882837 ], [ -90.579825043623629, 27.361605575939659 ], [ -90.57946571750999, 27.361605575939659 ], [ -90.57946571750999, 27.361425912882837 ] ] ] ] } },
{ "type": "Feature", "properties": { "cluster_id": 1, "component_ids": "1,2,6", "n_parts": 3, "area_m2": 2292747.9785250425, "confidence": 0.95652213751257043, "prob_max": 1.0, "centroid_lon": -89.103429730075931, "centroid_lat": 28.214656185188627, "length_m": 3257.7477722329336, "axis_bearing_deg": 115.03025696030519, "width_proxy_m": 703.7831467699973, "elongation": 1.6882197361239193, "end1_lon": -89.085980288404073, "end1_lat": 28.211478583347589, "end2_lon": -89.116050199441304, "end2_lat": 28.223916449427385, "wind_u": -3.7217270957321267, "wind_v": 6.8126533683265116, "wind_speed_m_s": 7.7629568137454719, "wind_from_deg": 151.35238488613382, "wind_class": "valid", "wind_factor": 1.0, "size_factor": 0.99999999988966282, "slick_potential": 0.95652213740703051, "eligible": true, "ineligible_reason": "", "potential_rank": 5, "selected": true, "selection_basis": "policy_v1_top_potential" }, "geometry": { "type": "MultiPolygon", "coordinates": [ [ [ [ -89.08179447582593, 28.204943964671067 ], [ -89.08179447582593, 28.20476430161424 ], [ -89.081255486655451, 28.20476430161424 ], [ -89.081255486655451, 28.204584638557417 ], [ -89.080896160541812, 28.204584638557417 ], [ -89.080896160541812, 28.204404975500594 ], [ -89.080536834428159, 28.204404975500594 ], [ -89.080536834428159, 28.204225312443768 ], [ -89.080177508314506, 28.204225312443768 ], [ -89.080177508314506, 28.204045649386945 ], [ -89.079638519144041, 28.204045649386945 ], [ -89.079638519144041, 28.203865986330122 ], [ -89.079279193030388, 28.203865986330122 ], [ -89.079279193030388, 28.203686323273299 ], [ -89.078919866916749, 28.203686323273299 ], [ -89.078919866916749, 28.20332699715965 ], [ -89.078740203859923, 28.20332699715965 ], [ -89.078740203859923, 28.203147334102827 ], [ -89.078560540803096, 28.203147334102827 ], [ -89.078560540803096, 28.202967671046004 ], [ -89.07838087774627, 28.202967671046004 ], [ -89.07838087774627, 28.202608344932354 ], [ -89.078201214689443, 28.202608344932354 ], [ -89.078201214689443, 28.202069355761882 ], [ -89.078021551632617, 28.202069355761882 ], [ -89.078021551632617, 28.20153036659141 ], [ -89.077841888575804, 28.20153036659141 ], [ -89.077841888575804, 28.201350703534587 ], [ -89.077482562462151, 28.201350703534587 ], [ -89.077482562462151, 28.201171040477764 ], [ -89.076943573291686, 28.201171040477764 ], [ -89.076943573291686, 28.200991377420941 ], [ -89.07676391023486, 28.200991377420941 ], [ -89.07676391023486, 28.200811714364114 ], [ -89.076584247178033, 28.200811714364114 ], [ -89.076584247178033, 28.200632051307291 ], [ -89.076404584121207, 28.200632051307291 ], [ -89.076404584121207, 28.200272725193642 ], [ -89.07622492106438, 28.200272725193642 ], [ -89.07622492106438, 28.199913399079996 ], [ -89.076045258007554, 28.199913399079996 ], [ -89.076045258007554, 28.199733736023173 ], [ -89.075865594950741, 28.199733736023173 ], [ -89.075865594950741, 28.199554072966347 ], [ -89.075685931893915, 28.199554072966347 ], [ -89.075685931893915, 28.199374409909524 ], [ -89.075506268837088, 28.199374409909524 ], [ -89.075506268837088, 28.199194746852701 ], [ -89.075326605780262, 28.199194746852701 ], [ -89.075326605780262, 28.198835420739051 ], [ -89.075146942723435, 28.198835420739051 ], [ -89.075146942723435, 28.198116768511756 ], [ -89.075326605780262, 28.198116768511756 ], [ -89.075326605780262, 28.19775744239811 ], [ -89.076045258007554, 28.19775744239811 ], [ -89.076045258007554, 28.197937105454933 ], [ -89.07622492106438, 28.197937105454933 ], [ -89.07622492106438, 28.198116768511756 ], [ -89.076404584121207, 28.198116768511756 ], [ -89.076404584121207, 28.198296431568579 ], [ -89.076584247178033, 28.198296431568579 ], [ -89.076584247178033, 28.198835420739051 ], [ -89.07676391023486, 28.198835420739051 ], [ -89.07676391023486, 28.199015083795874 ], [ -89.076943573291686, 28.199015083795874 ], [ -89.076943573291686, 28.199194746852701 ], [ -89.077123236348498, 28.199194746852701 ], [ -89.077123236348498, 28.199374409909524 ], [ -89.077302899405325, 28.199374409909524 ], [ -89.077302899405325, 28.199554072966347 ], [ -89.077662225518978, 28.199554072966347 ], [ -89.077662225518978, 28.199733736023173 ], [ -89.078021551632617, 28.199733736023173 ], [ -89.078021551632617, 28.200272725193642 ], [ -89.078201214689443, 28.200272725193642 ], [ -89.078201214689443, 28.200632051307291 ], [ -89.07838087774627, 28.200632051307291 ], [ -89.07838087774627, 28.200811714364114 ], [ -89.078560540803096, 28.200811714364114 ], [ -89.078560540803096, 28.200991377420941 ], [ -89.078919866916749, 28.200991377420941 ], [ -89.078919866916749, 28.201171040477764 ], [ -89.079279193030388, 28.201171040477764 ], [ -89.079279193030388, 28.201350703534587 ], [ -89.079638519144041, 28.201350703534587 ], [ -89.079638519144041, 28.20153036659141 ], [ -89.079818182200867, 28.20153036659141 ], [ -89.079818182200867, 28.201710029648236 ], [ -89.080177508314506, 28.201710029648236 ], [ -89.080177508314506, 28.201889692705059 ], [ -89.080536834428159, 28.201889692705059 ], [ -89.080536834428159, 28.202069355761882 ], [ -89.080896160541812, 28.202069355761882 ], [ -89.080896160541812, 28.202249018818705 ], [ -89.081435149712277, 28.202249018818705 ], [ -89.081435149712277, 28.202428681875531 ], [ -89.082692791110048, 28.202428681875531 ], [ -89.082692791110048, 28.202608344932354 ], [ -89.083052117223687, 28.202608344932354 ], [ -89.083052117223687, 28.202788007989177 ], [ -89.08341144333734, 28.202788007989177 ], [ -89.08341144333734, 28.203147334102827 ], [ -89.083591106394167, 28.203147334102827 ], [ -89.083591106394167, 28.203506660216473 ], [ -89.083770769450993, 28.203506660216473 ], [ -89.083770769450993, 28.204404975500594 ], [ -89.083591106394167, 28.204404975500594 ], [ -89.083591106394167, 28.204584638557417 ], [ -89.08341144333734, 28.204584638557417 ], [ -89.08341144333734, 28.20476430161424 ], [ -89.083231780280514, 28.20476430161424 ], [ -89.083231780280514, 28.204943964671067 ], [ -89.08179447582593, 28.204943964671067 ] ] ], [ [ [ -89.11700843496341, 28.222191618126161 ], [ -89.116828771906583, 28.222191618126161 ], [ -89.116828771906583, 28.222011955069338 ], [ -89.116469445792944, 28.222011955069338 ], [ -89.116469445792944, 28.221832292012511 ], [ -89.115750793565638, 28.221832292012511 ], [ -89.115750793565638, 28.221652628955688 ], [ -89.112876184656457, 28.221652628955688 ], [ -89.112876184656457, 28.221832292012511 ], [ -89.111798206315513, 28.221832292012511 ], [ -89.111798206315513, 28.221652628955688 ], [ -89.111259217145047, 28.221652628955688 ], [ -89.111259217145047, 28.221472965898865 ], [ -89.110720227974568, 28.221472965898865 ], [ -89.110720227974568, 28.221293302842039 ], [ -89.110001575747276, 28.221293302842039 ], [ -89.110001575747276, 28.221113639785216 ], [ -89.107845619065387, 28.221113639785216 ], [ -89.107845619065387, 28.220933976728393 ], [ -89.107306629894921, 28.220933976728393 ], [ -89.107306629894921, 28.22075431367157 ], [ -89.106947303781268, 28.22075431367157 ], [ -89.106947303781268, 28.220574650614743 ], [ -89.106767640724442, 28.220574650614743 ], [ -89.106767640724442, 28.220394987557921 ], [ -89.10658797766763, 28.220394987557921 ], [ -89.10658797766763, 28.220215324501098 ], [ -89.106408314610803, 28.220215324501098 ], [ -89.106408314610803, 28.220035661444275 ], [ -89.10604898849715, 28.220035661444275 ], [ -89.10604898849715, 28.219855998387448 ], [ -89.105689662383497, 28.219855998387448 ], [ -89.105689662383497, 28.219676335330625 ], [ -89.104791347099379, 28.219676335330625 ], [ -89.104791347099379, 28.219496672273802 ], [ -89.104252357928914, 28.219496672273802 ], [ -89.104252357928914, 28.219317009216976 ], [ -89.103713368758434, 28.219317009216976 ], [ -89.103713368758434, 28.219137346160153 ], [ -89.103354042644796, 28.219137346160153 ], [ -89.103354042644796, 28.21895768310333 ], [ -89.102994716531143, 28.21895768310333 ], [ -89.102994716531143, 28.218778020046507 ], [ -89.102635390417504, 28.218778020046507 ], [ -89.102635390417504, 28.218598356989681 ], [ -89.102096401247024, 28.218598356989681 ], [ -89.102096401247024, 28.218418693932858 ], [ -89.101198085962906, 28.218418693932858 ], [ -89.101198085962906, 28.218239030876035 ], [ -89.100838759849253, 28.218239030876035 ], [ -89.100838759849253, 28.218059367819208 ], [ -89.100479433735615, 28.218059367819208 ], [ -89.100479433735615, 28.217879704762385 ], [ -89.100120107621962, 28.217879704762385 ], [ -89.100120107621962, 28.217700041705562 ], [ -89.099940444565135, 28.217700041705562 ], [ -89.099940444565135, 28.217520378648739 ], [ -89.099581118451496, 28.217520378648739 ], [ -89.099581118451496, 28.217340715591913 ], [ -89.099221792337843, 28.217340715591913 ], [ -89.099221792337843, 28.21716105253509 ], [ -89.098682803167378, 28.21716105253509 ], [ -89.098682803167378, 28.216981389478267 ], [ -89.097964150940072, 28.216981389478267 ], [ -89.097964150940072, 28.216801726421444 ], [ -89.097604824826433, 28.216801726421444 ], [ -89.097604824826433, 28.216622063364618 ], [ -89.09724549871278, 28.216622063364618 ], [ -89.09724549871278, 28.216262737250972 ], [ -89.097065835655954, 28.216262737250972 ], [ -89.097065835655954, 28.215903411137322 ], [ -89.096886172599127, 28.215903411137322 ], [ -89.096886172599127, 28.215723748080499 ], [ -89.096706509542315, 28.215723748080499 ], [ -89.096706509542315, 28.215544085023677 ], [ -89.096526846485489, 28.215544085023677 ], [ -89.096526846485489, 28.21536442196685 ], [ -89.096347183428662, 28.21536442196685 ], [ -89.096347183428662, 28.215184758910027 ], [ -89.095987857315009, 28.215184758910027 ], [ -89.095987857315009, 28.215005095853204 ], [ -89.09562853120137, 28.215005095853204 ], [ -89.09562853120137, 28.214825432796381 ], [ -89.095448868144544, 28.214825432796381 ], [ -89.095448868144544, 28.214645769739555 ], [ -89.095089542030891, 28.214645769739555 ], [ -89.095089542030891, 28.214466106682732 ], [ -89.094909878974065, 28.214466106682732 ], [ -89.094909878974065, 28.214286443625909 ], [ -89.094550552860426, 28.214286443625909 ], [ -89.094550552860426, 28.214106780569082 ], [ -89.094191226746773, 28.214106780569082 ], [ -89.094191226746773, 28.213927117512259 ], [ -89.09383190063312, 28.213927117512259 ], [ -89.09383190063312, 28.213747454455437 ], [ -89.093472574519481, 28.213747454455437 ], [ -89.093472574519481, 28.213567791398614 ], [ -89.093292911462655, 28.213567791398614 ], [ -89.093292911462655, 28.213388128341787 ], [ -89.093113248405828, 28.213388128341787 ], [ -89.093113248405828, 28.213208465284964 ], [ -89.092753922292189, 28.213208465284964 ], [ -89.092753922292189, 28.213028802228141 ], [ -89.092574259235363, 28.213028802228141 ], [ -89.092574259235363, 28.212849139171318 ], [ -89.092394596178536, 28.212849139171318 ], [ -89.092394596178536, 28.212669476114492 ], [ -89.09221493312171, 28.212669476114492 ], [ -89.09221493312171, 28.212489813057669 ], [ -89.091855607008057, 28.212489813057669 ], [ -89.091855607008057, 28.212310150000846 ], [ -89.091675943951245, 28.212310150000846 ], [ -89.091675943951245, 28.212130486944019 ], [ -89.091496280894418, 28.212130486944019 ], [ -89.091496280894418, 28.211950823887197 ], [ -89.091316617837592, 28.211950823887197 ], [ -89.091316617837592, 28.211771160830374 ], [ -89.091136954780765, 28.211771160830374 ], [ -89.091136954780765, 28.211591497773551 ], [ -89.090957291723939, 28.211591497773551 ], [ -89.090957291723939, 28.211411834716724 ], [ -89.090777628667126, 28.211411834716724 ], [ -89.090777628667126, 28.211232171659901 ], [ -89.0905979656103, 28.211232171659901 ], [ -89.0905979656103, 28.211052508603078 ], [ -89.090238639496647, 28.211052508603078 ], [ -89.090238639496647, 28.210872845546255 ], [ -89.090058976439821, 28.210872845546255 ], [ -89.090058976439821, 28.210693182489429 ], [ -89.089879313382994, 28.210693182489429 ], [ -89.089879313382994, 28.210513519432606 ], [ -89.089699650326182, 28.210513519432606 ], [ -89.089699650326182, 28.210333856375783 ], [ -89.089519987269355, 28.210333856375783 ], [ -89.089519987269355, 28.210154193318957 ], [ -89.089340324212529, 28.210154193318957 ], [ -89.089340324212529, 28.209794867205311 ], [ -89.089160661155702, 28.209794867205311 ], [ -89.089160661155702, 28.209615204148488 ], [ -89.088980998098876, 28.209615204148488 ], [ -89.088980998098876, 28.209435541091661 ], [ -89.088801335042064, 28.209435541091661 ], [ -89.088801335042064, 28.209255878034838 ], [ -89.088621671985237, 28.209255878034838 ], [ -89.088621671985237, 28.209076214978015 ], [ -89.088442008928411, 28.209076214978015 ], [ -89.088442008928411, 28.208896551921192 ], [ -89.088262345871584, 28.208896551921192 ], [ -89.088262345871584, 28.208716888864366 ], [ -89.088082682814758, 28.208716888864366 ], [ -89.088082682814758, 28.208537225807543 ], [ -89.087903019757931, 28.208537225807543 ], [ -89.087903019757931, 28.20835756275072 ], [ -89.087723356701119, 28.20835756275072 ], [ -89.087723356701119, 28.207998236637071 ], [ -89.087543693644292, 28.207998236637071 ], [ -89.087543693644292, 28.207818573580248 ], [ -89.087364030587466, 28.207818573580248 ], [ -89.087364030587466, 28.207638910523425 ], [ -89.087184367530639, 28.207638910523425 ], [ -89.087184367530639, 28.207459247466598 ], [ -89.087004704473813, 28.207459247466598 ], [ -89.087004704473813, 28.207099921352953 ], [ -89.086825041417001, 28.207099921352953 ], [ -89.086825041417001, 28.206740595239303 ], [ -89.086645378360174, 28.206740595239303 ], [ -89.086645378360174, 28.206201606068831 ], [ -89.086465715303348, 28.206201606068831 ], [ -89.086465715303348, 28.205662616898362 ], [ -89.086286052246521, 28.205662616898362 ], [ -89.086286052246521, 28.205482953841535 ], [ -89.086106389189695, 28.205482953841535 ], [ -89.086106389189695, 28.205303290784713 ], [ -89.085926726132868, 28.205303290784713 ], [ -89.085926726132868, 28.20512362772789 ], [ -89.085567400019229, 28.20512362772789 ], [ -89.085567400019229, 28.204943964671067 ], [ -89.085387736962403, 28.204943964671067 ], [ -89.085387736962403, 28.204584638557417 ], [ -89.085208073905576, 28.204584638557417 ], [ -89.085208073905576, 28.203865986330122 ], [ -89.085387736962403, 28.203865986330122 ], [ -89.085387736962403, 28.20332699715965 ], [ -89.086286052246521, 28.20332699715965 ], [ -89.086286052246521, 28.203506660216473 ], [ -89.086465715303348, 28.203506660216473 ], [ -89.086465715303348, 28.203686323273299 ], [ -89.086645378360174, 28.203686323273299 ], [ -89.086645378360174, 28.203865986330122 ], [ -89.087004704473813, 28.203865986330122 ], [ -89.087004704473813, 28.204045649386945 ], [ -89.087364030587466, 28.204045649386945 ], [ -89.087364030587466, 28.204225312443768 ], [ -89.087543693644292, 28.204225312443768 ], [ -89.087543693644292, 28.204404975500594 ], [ -89.087723356701119, 28.204404975500594 ], [ -89.087723356701119, 28.204584638557417 ], [ -89.087903019757931, 28.204584638557417 ], [ -89.087903019757931, 28.20476430161424 ], [ -89.088082682814758, 28.20476430161424 ], [ -89.088082682814758, 28.204943964671067 ], [ -89.088262345871584, 28.204943964671067 ], [ -89.088262345871584, 28.20512362772789 ], [ -89.088442008928411, 28.20512362772789 ], [ -89.088442008928411, 28.205303290784713 ], [ -89.088801335042064, 28.205303290784713 ], [ -89.088801335042064, 28.205482953841535 ], [ -89.088980998098876, 28.205482953841535 ], [ -89.088980998098876, 28.205662616898362 ], [ -89.089160661155702, 28.205662616898362 ], [ -89.089160661155702, 28.205842279955185 ], [ -89.089340324212529, 28.205842279955185 ], [ -89.089340324212529, 28.206201606068831 ], [ -89.089519987269355, 28.206201606068831 ], [ -89.089519987269355, 28.20656093218248 ], [ -89.089699650326182, 28.20656093218248 ], [ -89.089699650326182, 28.206740595239303 ], [ -89.089879313382994, 28.206740595239303 ], [ -89.089879313382994, 28.20692025829613 ], [ -89.090238639496647, 28.20692025829613 ], [ -89.090238639496647, 28.207099921352953 ], [ -89.090418302553473, 28.207099921352953 ], [ -89.090418302553473, 28.207279584409775 ], [ -89.090777628667126, 28.207279584409775 ], [ -89.090777628667126, 28.207459247466598 ], [ -89.090957291723939, 28.207459247466598 ], [ -89.090957291723939, 28.207638910523425 ], [ -89.091136954780765, 28.207638910523425 ], [ -89.091136954780765, 28.207818573580248 ], [ -89.091316617837592, 28.207818573580248 ], [ -89.091316617837592, 28.207998236637071 ], [ -89.091675943951245, 28.207998236637071 ], [ -89.091675943951245, 28.208177899693894 ], [ -89.09221493312171, 28.208177899693894 ], [ -89.09221493312171, 28.20835756275072 ], [ -89.092574259235363, 28.20835756275072 ], [ -89.092574259235363, 28.208537225807543 ], [ -89.093113248405828, 28.208537225807543 ], [ -89.093113248405828, 28.208716888864366 ], [ -89.093652237576308, 28.208716888864366 ], [ -89.093652237576308, 28.208537225807543 ], [ -89.095089542030891, 28.208537225807543 ], [ -89.095089542030891, 28.208716888864366 ], [ -89.095269205087718, 28.208716888864366 ], [ -89.095269205087718, 28.208896551921192 ], [ -89.095448868144544, 28.208896551921192 ], [ -89.095448868144544, 28.209076214978015 ], [ -89.09562853120137, 28.209076214978015 ], [ -89.09562853120137, 28.209794867205311 ], [ -89.095808194258183, 28.209794867205311 ], [ -89.095808194258183, 28.210333856375783 ], [ -89.095987857315009, 28.210333856375783 ], [ -89.095987857315009, 28.210513519432606 ], [ -89.096167520371836, 28.210513519432606 ], [ -89.096167520371836, 28.210872845546255 ], [ -89.096886172599127, 28.210872845546255 ], [ -89.096886172599127, 28.211052508603078 ], [ -89.097784487883246, 28.211052508603078 ], [ -89.097784487883246, 28.211232171659901 ], [ -89.098323477053725, 28.211232171659901 ], [ -89.098323477053725, 28.211411834716724 ], [ -89.098682803167378, 28.211411834716724 ], [ -89.098682803167378, 28.211591497773551 ], [ -89.09886246622419, 28.211591497773551 ], [ -89.09886246622419, 28.211771160830374 ], [ -89.099221792337843, 28.211771160830374 ], [ -89.099221792337843, 28.211950823887197 ], [ -89.09940145539467, 28.211950823887197 ], [ -89.09940145539467, 28.212130486944019 ], [ -89.099581118451496, 28.212130486944019 ], [ -89.099581118451496, 28.212310150000846 ], [ -89.100120107621962, 28.212310150000846 ], [ -89.100120107621962, 28.212489813057669 ], [ -89.102635390417504, 28.212489813057669 ], [ -89.102635390417504, 28.212310150000846 ], [ -89.102815053474316, 28.212310150000846 ], [ -89.102815053474316, 28.212489813057669 ], [ -89.103533705701622, 28.212489813057669 ], [ -89.103533705701622, 28.212669476114492 ], [ -89.103713368758434, 28.212669476114492 ], [ -89.103713368758434, 28.212849139171318 ], [ -89.103893031815261, 28.212849139171318 ], [ -89.103893031815261, 28.213028802228141 ], [ -89.104072694872087, 28.213028802228141 ], [ -89.104072694872087, 28.213388128341787 ], [ -89.104252357928914, 28.213388128341787 ], [ -89.104252357928914, 28.213567791398614 ], [ -89.10443202098574, 28.213567791398614 ], [ -89.10443202098574, 28.213747454455437 ], [ -89.104971010156206, 28.213747454455437 ], [ -89.104971010156206, 28.213927117512259 ], [ -89.106947303781268, 28.213927117512259 ], [ -89.106947303781268, 28.214106780569082 ], [ -89.107486292951748, 28.214106780569082 ], [ -89.107486292951748, 28.214286443625909 ], [ -89.107845619065387, 28.214286443625909 ], [ -89.107845619065387, 28.214466106682732 ], [ -89.108384608235866, 28.214466106682732 ], [ -89.108384608235866, 28.214645769739555 ], [ -89.108743934349505, 28.214645769739555 ], [ -89.108743934349505, 28.214825432796381 ], [ -89.109103260463158, 28.214825432796381 ], [ -89.109103260463158, 28.215005095853204 ], [ -89.109282923519984, 28.215005095853204 ], [ -89.109282923519984, 28.215184758910027 ], [ -89.109642249633623, 28.215184758910027 ], [ -89.109642249633623, 28.21536442196685 ], [ -89.10982191269045, 28.21536442196685 ], [ -89.10982191269045, 28.215544085023677 ], [ -89.110181238804103, 28.215544085023677 ], [ -89.110181238804103, 28.215723748080499 ], [ -89.110360901860929, 28.215723748080499 ], [ -89.110360901860929, 28.215903411137322 ], [ -89.110540564917756, 28.215903411137322 ], [ -89.110540564917756, 28.216083074194145 ], [ -89.110899891031394, 28.216083074194145 ], [ -89.110899891031394, 28.216262737250972 ], [ -89.111259217145047, 28.216262737250972 ], [ -89.111259217145047, 28.216442400307795 ], [ -89.111438880201874, 28.216442400307795 ], [ -89.111438880201874, 28.216622063364618 ], [ -89.111798206315513, 28.216622063364618 ], [ -89.111798206315513, 28.216801726421444 ], [ -89.112337195485992, 28.216801726421444 ], [ -89.112337195485992, 28.216981389478267 ], [ -89.112696521599631, 28.216981389478267 ], [ -89.112696521599631, 28.21716105253509 ], [ -89.112876184656457, 28.21716105253509 ], [ -89.112876184656457, 28.217340715591913 ], [ -89.11323551077011, 28.217340715591913 ], [ -89.11323551077011, 28.217520378648739 ], [ -89.113594836883749, 28.217520378648739 ], [ -89.113594836883749, 28.217700041705562 ], [ -89.113954162997402, 28.217700041705562 ], [ -89.113954162997402, 28.217879704762385 ], [ -89.114133826054228, 28.217879704762385 ], [ -89.114133826054228, 28.218059367819208 ], [ -89.114672815224694, 28.218059367819208 ], [ -89.114672815224694, 28.218239030876035 ], [ -89.115211804395173, 28.218239030876035 ], [ -89.115211804395173, 28.218418693932858 ], [ -89.115391467452, 28.218418693932858 ], [ -89.115391467452, 28.218598356989681 ], [ -89.115750793565638, 28.218598356989681 ], [ -89.115750793565638, 28.218778020046507 ], [ -89.115930456622465, 28.218778020046507 ], [ -89.115930456622465, 28.21895768310333 ], [ -89.116469445792944, 28.21895768310333 ], [ -89.116469445792944, 28.219137346160153 ], [ -89.11700843496341, 28.219137346160153 ], [ -89.11700843496341, 28.219317009216976 ], [ -89.118266076361181, 28.219317009216976 ], [ -89.118266076361181, 28.219137346160153 ], [ -89.118805065531646, 28.219137346160153 ], [ -89.118805065531646, 28.21895768310333 ], [ -89.119164391645299, 28.21895768310333 ], [ -89.119164391645299, 28.218778020046507 ], [ -89.119523717758952, 28.218778020046507 ], [ -89.119523717758952, 28.218598356989681 ], [ -89.119703380815764, 28.218598356989681 ], [ -89.119703380815764, 28.218418693932858 ], [ -89.120062706929417, 28.218418693932858 ], [ -89.120062706929417, 28.218239030876035 ], [ -89.12042203304307, 28.218239030876035 ], [ -89.12042203304307, 28.218059367819208 ], [ -89.120601696099882, 28.218059367819208 ], [ -89.120601696099882, 28.217879704762385 ], [ -89.121140685270362, 28.217879704762385 ], [ -89.121140685270362, 28.217700041705562 ], [ -89.121679674440827, 28.217700041705562 ], [ -89.121679674440827, 28.217520378648739 ], [ -89.123116978895425, 28.217520378648739 ], [ -89.123116978895425, 28.217700041705562 ], [ -89.123835631122716, 28.217700041705562 ], [ -89.123835631122716, 28.217879704762385 ], [ -89.124015294179543, 28.217879704762385 ], [ -89.124015294179543, 28.218059367819208 ], [ -89.124554283350008, 28.218059367819208 ], [ -89.124554283350008, 28.218239030876035 ], [ -89.125272935577314, 28.218239030876035 ], [ -89.125272935577314, 28.218418693932858 ], [ -89.125991587804606, 28.218418693932858 ], [ -89.125991587804606, 28.218598356989681 ], [ -89.126171250861432, 28.218598356989681 ], [ -89.126171250861432, 28.218778020046507 ], [ -89.126350913918259, 28.218778020046507 ], [ -89.126350913918259, 28.21895768310333 ], [ -89.126710240031898, 28.21895768310333 ], [ -89.126710240031898, 28.219137346160153 ], [ -89.126889903088724, 28.219137346160153 ], [ -89.126889903088724, 28.219317009216976 ], [ -89.127069566145551, 28.219317009216976 ], [ -89.127069566145551, 28.219496672273802 ], [ -89.127428892259204, 28.219496672273802 ], [ -89.127428892259204, 28.219676335330625 ], [ -89.127967881429669, 28.219676335330625 ], [ -89.127967881429669, 28.219855998387448 ], [ -89.128866196713787, 28.219855998387448 ], [ -89.128866196713787, 28.220035661444275 ], [ -89.129405185884266, 28.220035661444275 ], [ -89.129405185884266, 28.220215324501098 ], [ -89.129584848941079, 28.220215324501098 ], [ -89.129584848941079, 28.220574650614743 ], [ -89.129764511997905, 28.220574650614743 ], [ -89.129764511997905, 28.220933976728393 ], [ -89.129584848941079, 28.220933976728393 ], [ -89.129584848941079, 28.221293302842039 ], [ -89.128327207543322, 28.221293302842039 ], [ -89.128327207543322, 28.221113639785216 ], [ -89.122937315838598, 28.221113639785216 ], [ -89.122937315838598, 28.221293302842039 ], [ -89.121859337497654, 28.221293302842039 ], [ -89.121859337497654, 28.221472965898865 ], [ -89.121320348327188, 28.221472965898865 ], [ -89.121320348327188, 28.221652628955688 ], [ -89.121140685270362, 28.221652628955688 ], [ -89.121140685270362, 28.221832292012511 ], [ -89.120781359156709, 28.221832292012511 ], [ -89.120781359156709, 28.222011955069338 ], [ -89.12042203304307, 28.222011955069338 ], [ -89.12042203304307, 28.222191618126161 ], [ -89.119883043872591, 28.222191618126161 ], [ -89.119883043872591, 28.222371281182983 ], [ -89.11700843496341, 28.222371281182983 ], [ -89.11700843496341, 28.222191618126161 ] ] ], [ [ [ -89.099940444565135, 28.226683194546759 ], [ -89.099760781508309, 28.226683194546759 ], [ -89.099760781508309, 28.225784879262637 ], [ -89.100838759849253, 28.225784879262637 ], [ -89.100838759849253, 28.226144205376286 ], [ -89.10101842290608, 28.226144205376286 ], [ -89.10101842290608, 28.226683194546759 ], [ -89.100838759849253, 28.226683194546759 ], [ -89.100838759849253, 28.226862857603582 ], [ -89.099940444565135, 28.226862857603582 ], [ -89.099940444565135, 28.226683194546759 ] ] ] ] } },
{ "type": "Feature", "properties": { "cluster_id": 12, "component_ids": "19,20,21,22", "n_parts": 4, "area_m2": 734822.03217989951, "confidence": 0.92674934746460325, "prob_max": 0.99999904632568359, "centroid_lon": -90.218470519359158, "centroid_lat": 27.387566541645775, "length_m": 3244.228291088124, "axis_bearing_deg": 8.7865059629605664, "width_proxy_m": 226.50133290510144, "elongation": 4.0643961963724591, "end1_lon": -90.221491399975889, "end1_lat": 27.372110290292646, "end2_lon": -90.216481426747904, "end2_lat": 27.401044212561875, "wind_u": -4.2058409221111033, "wind_v": 7.267161654708306, "wind_speed_m_s": 8.3964716624167277, "wind_from_deg": 149.94005805335206, "wind_class": "valid", "wind_factor": 1.0, "size_factor": 0.99935626301379787, "slick_potential": 0.92615276463270158, "eligible": true, "ineligible_reason": "", "potential_rank": 6, "selected": true, "selection_basis": "policy_v1_top_potential" }, "geometry": { "type": "MultiPolygon", "coordinates": [ [ [ [ -90.21798364718029, 27.368792098212616 ], [ -90.218342973293943, 27.368792098212616 ], [ -90.218342973293943, 27.368971761269439 ], [ -90.21852263635077, 27.368971761269439 ], [ -90.21852263635077, 27.369331087383088 ], [ -90.21798364718029, 27.369331087383088 ], [ -90.21798364718029, 27.368792098212616 ] ] ], [ [ [ -90.213671733816525, 27.399334817872681 ], [ -90.213492070759699, 27.399334817872681 ], [ -90.213492070759699, 27.398795828702209 ], [ -90.213312407702873, 27.398795828702209 ], [ -90.213312407702873, 27.396460208963497 ], [ -90.213492070759699, 27.396460208963497 ], [ -90.213492070759699, 27.396100882849851 ], [ -90.213671733816525, 27.396100882849851 ], [ -90.213671733816525, 27.395741556736201 ], [ -90.213851396873338, 27.395741556736201 ], [ -90.213851396873338, 27.395382230622552 ], [ -90.214031059930164, 27.395382230622552 ], [ -90.214031059930164, 27.395022904508906 ], [ -90.214210722986991, 27.395022904508906 ], [ -90.214210722986991, 27.393765263111138 ], [ -90.214390386043817, 27.393765263111138 ], [ -90.214390386043817, 27.393226273940666 ], [ -90.214570049100644, 27.393226273940666 ], [ -90.214570049100644, 27.39286694782702 ], [ -90.21474971215747, 27.39286694782702 ], [ -90.21474971215747, 27.392327958656548 ], [ -90.214929375214282, 27.392327958656548 ], [ -90.214929375214282, 27.39107031725878 ], [ -90.215109038271109, 27.39107031725878 ], [ -90.215109038271109, 27.390172001974662 ], [ -90.215288701327935, 27.390172001974662 ], [ -90.215288701327935, 27.38963301280419 ], [ -90.215468364384762, 27.38963301280419 ], [ -90.215468364384762, 27.389094023633717 ], [ -90.215648027441588, 27.389094023633717 ], [ -90.215648027441588, 27.388375371406422 ], [ -90.215827690498401, 27.388375371406422 ], [ -90.215827690498401, 27.388016045292773 ], [ -90.216007353555227, 27.388016045292773 ], [ -90.216007353555227, 27.387656719179127 ], [ -90.216187016612054, 27.387656719179127 ], [ -90.216187016612054, 27.3874770561223 ], [ -90.21636667966888, 27.3874770561223 ], [ -90.21636667966888, 27.387297393065477 ], [ -90.216546342725707, 27.387297393065477 ], [ -90.216546342725707, 27.387117730008654 ], [ -90.216905668839345, 27.387117730008654 ], [ -90.216905668839345, 27.386938066951831 ], [ -90.217085331896172, 27.386938066951831 ], [ -90.217085331896172, 27.386758403895005 ], [ -90.217264994952998, 27.386758403895005 ], [ -90.217264994952998, 27.386399077781359 ], [ -90.217444658009825, 27.386399077781359 ], [ -90.217444658009825, 27.385860088610887 ], [ -90.217624321066651, 27.385860088610887 ], [ -90.217624321066651, 27.385321099440414 ], [ -90.217803984123464, 27.385321099440414 ], [ -90.217803984123464, 27.384961773326769 ], [ -90.21798364718029, 27.384961773326769 ], [ -90.21798364718029, 27.384782110269942 ], [ -90.218163310237117, 27.384782110269942 ], [ -90.218163310237117, 27.384602447213119 ], [ -90.21852263635077, 27.384602447213119 ], [ -90.21852263635077, 27.384422784156296 ], [ -90.218881962464408, 27.384422784156296 ], [ -90.218881962464408, 27.384243121099473 ], [ -90.219061625521235, 27.384243121099473 ], [ -90.219061625521235, 27.383883794985824 ], [ -90.219241288578061, 27.383883794985824 ], [ -90.219241288578061, 27.383524468872174 ], [ -90.219420951634888, 27.383524468872174 ], [ -90.219420951634888, 27.382805816644879 ], [ -90.219600614691714, 27.382805816644879 ], [ -90.219600614691714, 27.381188849133466 ], [ -90.219780277748526, 27.381188849133466 ], [ -90.219780277748526, 27.380649859962993 ], [ -90.219959940805353, 27.380649859962993 ], [ -90.219959940805353, 27.380290533849347 ], [ -90.220139603862179, 27.380290533849347 ], [ -90.220139603862179, 27.379931207735698 ], [ -90.220319266919006, 27.379931207735698 ], [ -90.220319266919006, 27.379571881622049 ], [ -90.220498929975832, 27.379571881622049 ], [ -90.220498929975832, 27.378493903281107 ], [ -90.220678593032659, 27.378493903281107 ], [ -90.220678593032659, 27.377775251053812 ], [ -90.220858256089471, 27.377775251053812 ], [ -90.220858256089471, 27.377595587996986 ], [ -90.221037919146298, 27.377595587996986 ], [ -90.221037919146298, 27.377415924940163 ], [ -90.221217582203124, 27.377415924940163 ], [ -90.221217582203124, 27.37723626188334 ], [ -90.221576908316777, 27.37723626188334 ], [ -90.221576908316777, 27.377056598826517 ], [ -90.222115897487242, 27.377056598826517 ], [ -90.222115897487242, 27.37687693576969 ], [ -90.222834549714534, 27.37687693576969 ], [ -90.222834549714534, 27.376697272712867 ], [ -90.223373538885014, 27.376697272712867 ], [ -90.223373538885014, 27.376517609656045 ], [ -90.22355320194184, 27.376517609656045 ], [ -90.22355320194184, 27.376158283542395 ], [ -90.223732864998652, 27.376158283542395 ], [ -90.223732864998652, 27.375619294371923 ], [ -90.224810843339597, 27.375619294371923 ], [ -90.224810843339597, 27.376517609656045 ], [ -90.224631180282785, 27.376517609656045 ], [ -90.224631180282785, 27.376697272712867 ], [ -90.224451517225958, 27.376697272712867 ], [ -90.224451517225958, 27.37687693576969 ], [ -90.224271854169132, 27.37687693576969 ], [ -90.224271854169132, 27.377056598826517 ], [ -90.224092191112305, 27.377056598826517 ], [ -90.224092191112305, 27.377595587996986 ], [ -90.223912528055479, 27.377595587996986 ], [ -90.223912528055479, 27.378853229394753 ], [ -90.223732864998652, 27.378853229394753 ], [ -90.223732864998652, 27.379931207735698 ], [ -90.22355320194184, 27.379931207735698 ], [ -90.22355320194184, 27.38047019690617 ], [ -90.223373538885014, 27.38047019690617 ], [ -90.223373538885014, 27.380829523019816 ], [ -90.223193875828187, 27.380829523019816 ], [ -90.223193875828187, 27.381009186076643 ], [ -90.223014212771361, 27.381009186076643 ], [ -90.223014212771361, 27.381368512190289 ], [ -90.222834549714534, 27.381368512190289 ], [ -90.222834549714534, 27.381907501360761 ], [ -90.222654886657722, 27.381907501360761 ], [ -90.222654886657722, 27.38226682747441 ], [ -90.222475223600895, 27.38226682747441 ], [ -90.222475223600895, 27.382805816644879 ], [ -90.222295560544069, 27.382805816644879 ], [ -90.222295560544069, 27.383524468872174 ], [ -90.222115897487242, 27.383524468872174 ], [ -90.222115897487242, 27.384063458042647 ], [ -90.221936234430416, 27.384063458042647 ], [ -90.221936234430416, 27.384422784156296 ], [ -90.221756571373589, 27.384422784156296 ], [ -90.221756571373589, 27.384602447213119 ], [ -90.221576908316777, 27.384602447213119 ], [ -90.221576908316777, 27.384782110269942 ], [ -90.221397245259951, 27.384782110269942 ], [ -90.221397245259951, 27.385141436383591 ], [ -90.221217582203124, 27.385141436383591 ], [ -90.221217582203124, 27.385500762497237 ], [ -90.221037919146298, 27.385500762497237 ], [ -90.221037919146298, 27.385680425554064 ], [ -90.220858256089471, 27.385680425554064 ], [ -90.220858256089471, 27.38603975166771 ], [ -90.220678593032659, 27.38603975166771 ], [ -90.220678593032659, 27.386399077781359 ], [ -90.220498929975832, 27.386399077781359 ], [ -90.220498929975832, 27.386578740838182 ], [ -90.220319266919006, 27.386578740838182 ], [ -90.220319266919006, 27.386758403895005 ], [ -90.220139603862179, 27.386758403895005 ], [ -90.220139603862179, 27.386938066951831 ], [ -90.219959940805353, 27.386938066951831 ], [ -90.219959940805353, 27.387117730008654 ], [ -90.219780277748526, 27.387117730008654 ], [ -90.219780277748526, 27.387297393065477 ], [ -90.219600614691714, 27.387297393065477 ], [ -90.219600614691714, 27.3874770561223 ], [ -90.219420951634888, 27.3874770561223 ], [ -90.219420951634888, 27.387656719179127 ], [ -90.219241288578061, 27.387656719179127 ], [ -90.219241288578061, 27.38783638223595 ], [ -90.219061625521235, 27.38783638223595 ], [ -90.219061625521235, 27.388195708349599 ], [ -90.218881962464408, 27.388195708349599 ], [ -90.218881962464408, 27.388375371406422 ], [ -90.218702299407596, 27.388375371406422 ], [ -90.218702299407596, 27.388734697520068 ], [ -90.21852263635077, 27.388734697520068 ], [ -90.21852263635077, 27.389094023633717 ], [ -90.218342973293943, 27.389094023633717 ], [ -90.218342973293943, 27.389453349747363 ], [ -90.218163310237117, 27.389453349747363 ], [ -90.218163310237117, 27.389812675861013 ], [ -90.21798364718029, 27.389812675861013 ], [ -90.21798364718029, 27.391429643372426 ], [ -90.217803984123464, 27.391429643372426 ], [ -90.217803984123464, 27.392148295599725 ], [ -90.217624321066651, 27.392148295599725 ], [ -90.217624321066651, 27.392507621713371 ], [ -90.217444658009825, 27.392507621713371 ], [ -90.217444658009825, 27.392687284770194 ], [ -90.217264994952998, 27.392687284770194 ], [ -90.217264994952998, 27.39286694782702 ], [ -90.217085331896172, 27.39286694782702 ], [ -90.217085331896172, 27.393046610883843 ], [ -90.216905668839345, 27.393046610883843 ], [ -90.216905668839345, 27.393226273940666 ], [ -90.216726005782533, 27.393226273940666 ], [ -90.216726005782533, 27.393405936997489 ], [ -90.216546342725707, 27.393405936997489 ], [ -90.216546342725707, 27.394124589224788 ], [ -90.21636667966888, 27.394124589224788 ], [ -90.21636667966888, 27.394663578395257 ], [ -90.216187016612054, 27.394663578395257 ], [ -90.216187016612054, 27.395022904508906 ], [ -90.216007353555227, 27.395022904508906 ], [ -90.216007353555227, 27.395561893679378 ], [ -90.215827690498401, 27.395561893679378 ], [ -90.215827690498401, 27.396280545906674 ], [ -90.215648027441588, 27.396280545906674 ], [ -90.215648027441588, 27.397178861190792 ], [ -90.215468364384762, 27.397178861190792 ], [ -90.215468364384762, 27.397538187304441 ], [ -90.215288701327935, 27.397538187304441 ], [ -90.215288701327935, 27.397897513418087 ], [ -90.215109038271109, 27.397897513418087 ], [ -90.215109038271109, 27.398436502588559 ], [ -90.214929375214282, 27.398436502588559 ], [ -90.214929375214282, 27.398975491759032 ], [ -90.21474971215747, 27.398975491759032 ], [ -90.21474971215747, 27.399155154815855 ], [ -90.214570049100644, 27.399155154815855 ], [ -90.214570049100644, 27.399334817872681 ], [ -90.214390386043817, 27.399334817872681 ], [ -90.214390386043817, 27.399514480929504 ], [ -90.214031059930164, 27.399514480929504 ], [ -90.214031059930164, 27.399694143986327 ], [ -90.213671733816525, 27.399694143986327 ], [ -90.213671733816525, 27.399334817872681 ] ] ], [ [ [ -90.212414092418754, 27.400951785384095 ], [ -90.212773418532407, 27.400951785384095 ], [ -90.212773418532407, 27.401131448440918 ], [ -90.21295308158922, 27.401131448440918 ], [ -90.21295308158922, 27.401490774554567 ], [ -90.212773418532407, 27.401490774554567 ], [ -90.212773418532407, 27.40167043761139 ], [ -90.212414092418754, 27.40167043761139 ], [ -90.212414092418754, 27.400951785384095 ] ] ], [ [ [ -90.212773418532407, 27.409216285997996 ], [ -90.212414092418754, 27.409216285997996 ], [ -90.212414092418754, 27.409036622941169 ], [ -90.212234429361928, 27.409036622941169 ], [ -90.212234429361928, 27.408677296827523 ], [ -90.212054766305101, 27.408677296827523 ], [ -90.212054766305101, 27.407958644600228 ], [ -90.212234429361928, 27.407958644600228 ], [ -90.212234429361928, 27.407778981543402 ], [ -90.212414092418754, 27.407778981543402 ], [ -90.212414092418754, 27.407599318486579 ], [ -90.212773418532407, 27.407599318486579 ], [ -90.212773418532407, 27.407778981543402 ], [ -90.213312407702873, 27.407778981543402 ], [ -90.213312407702873, 27.407958644600228 ], [ -90.213492070759699, 27.407958644600228 ], [ -90.213492070759699, 27.4084976337707 ], [ -90.213671733816525, 27.4084976337707 ], [ -90.213671733816525, 27.409216285997996 ], [ -90.213492070759699, 27.409216285997996 ], [ -90.213492070759699, 27.409395949054819 ], [ -90.212773418532407, 27.409395949054819 ], [ -90.212773418532407, 27.409216285997996 ] ] ] ] } },
{ "type": "Feature", "properties": { "cluster_id": 16, "component_ids": "28,29", "n_parts": 2, "area_m2": 403989.55113057047, "confidence": 0.90376003862193621, "prob_max": 0.99997150897979736, "centroid_lon": -89.525621168271542, "centroid_lat": 27.199589528874345, "length_m": 1577.7893610271785, "axis_bearing_deg": 120.26357852539252, "width_proxy_m": 256.04783573110393, "elongation": 3.0587932950467489, "end1_lon": -89.532764060838602, "end1_lat": 27.203681736081819, "end2_lon": -89.519009692191332, "end2_lat": 27.196505549907226, "wind_u": -4.1385693960564618, "wind_v": 6.8661442417128207, "wind_speed_m_s": 8.0169628534739559, "wind_from_deg": 148.92052273674213, "wind_class": "valid", "wind_factor": 1.0, "size_factor": 0.98240068875139408, "slick_potential": 0.8878544844081766, "eligible": true, "ineligible_reason": "", "potential_rank": 7, "selected": true, "selection_basis": "policy_v1_top_potential" }, "geometry": { "type": "MultiPolygon", "coordinates": [ [ [ [ -89.526640204521911, 27.202963096764151 ], [ -89.526640204521911, 27.202783433707328 ], [ -89.526101215351446, 27.202783433707328 ], [ -89.526101215351446, 27.202603770650505 ], [ -89.525741889237793, 27.202603770650505 ], [ -89.525741889237793, 27.202424107593682 ], [ -89.525202900067313, 27.202424107593682 ], [ -89.525202900067313, 27.202244444536856 ], [ -89.524843573953675, 27.202244444536856 ], [ -89.524843573953675, 27.202064781480033 ], [ -89.524663910896848, 27.202064781480033 ], [ -89.524663910896848, 27.20188511842321 ], [ -89.524484247840022, 27.20188511842321 ], [ -89.524484247840022, 27.201705455366387 ], [ -89.524304584783195, 27.201705455366387 ], [ -89.524304584783195, 27.20152579230956 ], [ -89.524124921726383, 27.20152579230956 ], [ -89.524124921726383, 27.201166466195914 ], [ -89.523945258669556, 27.201166466195914 ], [ -89.523945258669556, 27.200447813968619 ], [ -89.52376559561273, 27.200447813968619 ], [ -89.52376559561273, 27.20008848785497 ], [ -89.523585932555903, 27.20008848785497 ], [ -89.523585932555903, 27.199908824798147 ], [ -89.523406269499077, 27.199908824798147 ], [ -89.523406269499077, 27.199729161741324 ], [ -89.523046943385438, 27.199729161741324 ], [ -89.523046943385438, 27.199549498684497 ], [ -89.522687617271785, 27.199549498684497 ], [ -89.522687617271785, 27.199369835627675 ], [ -89.522328291158132, 27.199369835627675 ], [ -89.522328291158132, 27.199190172570852 ], [ -89.52214862810132, 27.199190172570852 ], [ -89.52214862810132, 27.198830846457202 ], [ -89.521968965044493, 27.198830846457202 ], [ -89.521968965044493, 27.198651183400379 ], [ -89.521789301987667, 27.198651183400379 ], [ -89.521789301987667, 27.198471520343556 ], [ -89.52160963893084, 27.198471520343556 ], [ -89.52160963893084, 27.19829185728673 ], [ -89.521250312817187, 27.19829185728673 ], [ -89.521250312817187, 27.198112194229907 ], [ -89.520890986703549, 27.198112194229907 ], [ -89.520890986703549, 27.197932531173084 ], [ -89.520351997533069, 27.197932531173084 ], [ -89.520351997533069, 27.197752868116261 ], [ -89.520172334476257, 27.197752868116261 ], [ -89.520172334476257, 27.197573205059435 ], [ -89.519992671419431, 27.197573205059435 ], [ -89.519992671419431, 27.197393542002612 ], [ -89.519813008362604, 27.197393542002612 ], [ -89.519813008362604, 27.197213878945789 ], [ -89.519453682248951, 27.197213878945789 ], [ -89.519453682248951, 27.197034215888962 ], [ -89.519274019192125, 27.197034215888962 ], [ -89.519274019192125, 27.196674889775316 ], [ -89.519094356135312, 27.196674889775316 ], [ -89.519094356135312, 27.196315563661667 ], [ -89.518914693078486, 27.196315563661667 ], [ -89.518914693078486, 27.195057922263899 ], [ -89.519094356135312, 27.195057922263899 ], [ -89.519094356135312, 27.194878259207076 ], [ -89.519274019192125, 27.194878259207076 ], [ -89.519274019192125, 27.194698596150253 ], [ -89.519453682248951, 27.194698596150253 ], [ -89.519453682248951, 27.19451893309343 ], [ -89.520351997533069, 27.19451893309343 ], [ -89.520351997533069, 27.194698596150253 ], [ -89.520711323646722, 27.194698596150253 ], [ -89.520711323646722, 27.194878259207076 ], [ -89.520890986703549, 27.194878259207076 ], [ -89.520890986703549, 27.195057922263899 ], [ -89.521070649760375, 27.195057922263899 ], [ -89.521070649760375, 27.195237585320726 ], [ -89.521429975874014, 27.195237585320726 ], [ -89.521429975874014, 27.195417248377549 ], [ -89.52160963893084, 27.195417248377549 ], [ -89.52160963893084, 27.195596911434372 ], [ -89.521789301987667, 27.195596911434372 ], [ -89.521789301987667, 27.195776574491198 ], [ -89.52214862810132, 27.195776574491198 ], [ -89.52214862810132, 27.195956237548021 ], [ -89.522507954214959, 27.195956237548021 ], [ -89.522507954214959, 27.196135900604844 ], [ -89.522867280328612, 27.196135900604844 ], [ -89.522867280328612, 27.196315563661667 ], [ -89.52322660644225, 27.196315563661667 ], [ -89.52322660644225, 27.196495226718493 ], [ -89.523406269499077, 27.196495226718493 ], [ -89.523406269499077, 27.196854552832139 ], [ -89.523585932555903, 27.196854552832139 ], [ -89.523585932555903, 27.197213878945789 ], [ -89.52376559561273, 27.197213878945789 ], [ -89.52376559561273, 27.197393542002612 ], [ -89.523945258669556, 27.197393542002612 ], [ -89.523945258669556, 27.197752868116261 ], [ -89.524124921726383, 27.197752868116261 ], [ -89.524124921726383, 27.197932531173084 ], [ -89.524304584783195, 27.197932531173084 ], [ -89.524304584783195, 27.198112194229907 ], [ -89.524484247840022, 27.198112194229907 ], [ -89.524484247840022, 27.198471520343556 ], [ -89.524663910896848, 27.198471520343556 ], [ -89.524663910896848, 27.198830846457202 ], [ -89.524843573953675, 27.198830846457202 ], [ -89.524843573953675, 27.199010509514025 ], [ -89.525202900067313, 27.199010509514025 ], [ -89.525202900067313, 27.199190172570852 ], [ -89.525562226180966, 27.199190172570852 ], [ -89.525562226180966, 27.199369835627675 ], [ -89.526101215351446, 27.199369835627675 ], [ -89.526101215351446, 27.199549498684497 ], [ -89.526460541465084, 27.199549498684497 ], [ -89.526460541465084, 27.199729161741324 ], [ -89.526999530635564, 27.199729161741324 ], [ -89.526999530635564, 27.199908824798147 ], [ -89.527358856749203, 27.199908824798147 ], [ -89.527358856749203, 27.20008848785497 ], [ -89.527897845919682, 27.20008848785497 ], [ -89.527897845919682, 27.200268150911793 ], [ -89.528077508976509, 27.200268150911793 ], [ -89.528077508976509, 27.200447813968619 ], [ -89.528436835090147, 27.200447813968619 ], [ -89.528436835090147, 27.200627477025442 ], [ -89.528616498146974, 27.200627477025442 ], [ -89.528616498146974, 27.200986803139088 ], [ -89.5287961612038, 27.200986803139088 ], [ -89.5287961612038, 27.201166466195914 ], [ -89.528616498146974, 27.201166466195914 ], [ -89.528616498146974, 27.20152579230956 ], [ -89.528436835090147, 27.20152579230956 ], [ -89.528436835090147, 27.20188511842321 ], [ -89.528257172033321, 27.20188511842321 ], [ -89.528257172033321, 27.202064781480033 ], [ -89.528077508976509, 27.202064781480033 ], [ -89.528077508976509, 27.202244444536856 ], [ -89.527897845919682, 27.202244444536856 ], [ -89.527897845919682, 27.202603770650505 ], [ -89.527718182862856, 27.202603770650505 ], [ -89.527718182862856, 27.202783433707328 ], [ -89.527358856749203, 27.202783433707328 ], [ -89.527358856749203, 27.202963096764151 ], [ -89.526640204521911, 27.202963096764151 ] ] ], [ [ [ -89.532748748453926, 27.20368174899145 ], [ -89.532748748453926, 27.203502085934623 ], [ -89.532389422340273, 27.203502085934623 ], [ -89.532389422340273, 27.2033224228778 ], [ -89.532209759283447, 27.2033224228778 ], [ -89.532209759283447, 27.203142759820977 ], [ -89.532030096226634, 27.203142759820977 ], [ -89.532030096226634, 27.202783433707328 ], [ -89.531850433169808, 27.202783433707328 ], [ -89.531850433169808, 27.202603770650505 ], [ -89.531670770112981, 27.202603770650505 ], [ -89.531670770112981, 27.202424107593682 ], [ -89.531491107056155, 27.202424107593682 ], [ -89.531491107056155, 27.202244444536856 ], [ -89.531311443999329, 27.202244444536856 ], [ -89.531311443999329, 27.202064781480033 ], [ -89.53041312871521, 27.202064781480033 ], [ -89.53041312871521, 27.20188511842321 ], [ -89.529874139544745, 27.20188511842321 ], [ -89.529874139544745, 27.201705455366387 ], [ -89.529694476487919, 27.201705455366387 ], [ -89.529694476487919, 27.20152579230956 ], [ -89.529514813431092, 27.20152579230956 ], [ -89.529514813431092, 27.201346129252737 ], [ -89.529335150374266, 27.201346129252737 ], [ -89.529335150374266, 27.200807140082265 ], [ -89.529514813431092, 27.200807140082265 ], [ -89.529514813431092, 27.200627477025442 ], [ -89.531491107056155, 27.200627477025442 ], [ -89.531491107056155, 27.200807140082265 ], [ -89.532209759283447, 27.200807140082265 ], [ -89.532209759283447, 27.200986803139088 ], [ -89.532748748453926, 27.200986803139088 ], [ -89.532748748453926, 27.201166466195914 ], [ -89.533108074567565, 27.201166466195914 ], [ -89.533108074567565, 27.201346129252737 ], [ -89.533287737624391, 27.201346129252737 ], [ -89.533287737624391, 27.20152579230956 ], [ -89.533467400681218, 27.20152579230956 ], [ -89.533467400681218, 27.201705455366387 ], [ -89.533647063738044, 27.201705455366387 ], [ -89.533647063738044, 27.20188511842321 ], [ -89.533826726794871, 27.20188511842321 ], [ -89.533826726794871, 27.202064781480033 ], [ -89.534006389851697, 27.202064781480033 ], [ -89.534006389851697, 27.202424107593682 ], [ -89.53418605290851, 27.202424107593682 ], [ -89.53418605290851, 27.202603770650505 ], [ -89.534365715965336, 27.202603770650505 ], [ -89.534365715965336, 27.2033224228778 ], [ -89.53418605290851, 27.2033224228778 ], [ -89.53418605290851, 27.203502085934623 ], [ -89.533826726794871, 27.203502085934623 ], [ -89.533826726794871, 27.20368174899145 ], [ -89.532748748453926, 27.20368174899145 ] ] ] ] } },
{ "type": "Feature", "properties": { "cluster_id": 22, "component_ids": "45,46,47,48,49", "n_parts": 5, "area_m2": 737677.68441908062, "confidence": 0.88622511439501894, "prob_max": 0.99962735176086426, "centroid_lon": -90.253099215288458, "centroid_lat": 27.000609754422058, "length_m": 3541.8809972497452, "axis_bearing_deg": 79.67798206293628, "width_proxy_m": 208.27285981428628, "elongation": 3.1888365911155243, "end1_lon": -90.22795157624941, "end1_lat": 27.005322442200452, "end2_lon": -90.263059911448607, "end2_lat": 26.999596752942882, "wind_u": -4.0538712398293306, "wind_v": 7.4613651977339082, "wind_speed_m_s": 8.4915159213811862, "wind_from_deg": 151.48410544897177, "wind_class": "valid", "wind_factor": 1.0, "size_factor": 0.99937438590848759, "slick_potential": 0.88567067947520117, "eligible": true, "ineligible_reason": "", "potential_rank": 8, "selected": true, "selection_basis": "policy_v1_top_potential" }, "geometry": { "type": "MultiPolygon", "coordinates": [ [ [ [ -90.246011084044824, 27.000662494780435 ], [ -90.245651757931171, 27.000662494780435 ], [ -90.245651757931171, 27.000482831723613 ], [ -90.245292431817532, 27.000482831723613 ], [ -90.245292431817532, 27.00030316866679 ], [ -90.245112768760706, 27.00030316866679 ], [ -90.245112768760706, 26.99994384255314 ], [ -90.244933105703879, 26.99994384255314 ], [ -90.244933105703879, 26.999404853382668 ], [ -90.244753442647053, 26.999404853382668 ], [ -90.244753442647053, 26.998865864212199 ], [ -90.244933105703879, 26.998865864212199 ], [ -90.244933105703879, 26.99850653809855 ], [ -90.245112768760706, 26.99850653809855 ], [ -90.245112768760706, 26.998326875041727 ], [ -90.245292431817532, 26.998326875041727 ], [ -90.245292431817532, 26.9981472119849 ], [ -90.24619074710165, 26.9981472119849 ], [ -90.24619074710165, 26.997967548928077 ], [ -90.247089062385768, 26.997967548928077 ], [ -90.247089062385768, 26.9981472119849 ], [ -90.247987377669887, 26.9981472119849 ], [ -90.247987377669887, 26.998326875041727 ], [ -90.249784008238123, 26.998326875041727 ], [ -90.249784008238123, 26.9981472119849 ], [ -90.24996367129495, 26.9981472119849 ], [ -90.24996367129495, 26.998326875041727 ], [ -90.250682323522241, 26.998326875041727 ], [ -90.250682323522241, 26.998686201155373 ], [ -90.250861986579068, 26.998686201155373 ], [ -90.250861986579068, 26.998865864212199 ], [ -90.251041649635894, 26.998865864212199 ], [ -90.251041649635894, 26.999045527269022 ], [ -90.251221312692721, 26.999045527269022 ], [ -90.251221312692721, 27.000123505609963 ], [ -90.251041649635894, 27.000123505609963 ], [ -90.251041649635894, 27.00030316866679 ], [ -90.250861986579068, 27.00030316866679 ], [ -90.250861986579068, 27.000482831723613 ], [ -90.250682323522241, 27.000482831723613 ], [ -90.250682323522241, 27.000662494780435 ], [ -90.250143334351776, 27.000662494780435 ], [ -90.250143334351776, 27.000842157837262 ], [ -90.246011084044824, 27.000842157837262 ], [ -90.246011084044824, 27.000662494780435 ] ] ], [ [ [ -90.236488942033162, 27.000842157837262 ], [ -90.236309278976336, 27.000842157837262 ], [ -90.236309278976336, 27.000662494780435 ], [ -90.235949952862683, 27.000662494780435 ], [ -90.235949952862683, 27.000482831723613 ], [ -90.235770289805856, 27.000482831723613 ], [ -90.235770289805856, 27.000123505609963 ], [ -90.23559062674903, 27.000123505609963 ], [ -90.23559062674903, 26.999404853382668 ], [ -90.235770289805856, 26.999404853382668 ], [ -90.235770289805856, 26.999225190325845 ], [ -90.235949952862683, 26.999225190325845 ], [ -90.235949952862683, 26.999045527269022 ], [ -90.236309278976336, 26.999045527269022 ], [ -90.236309278976336, 26.998865864212199 ], [ -90.238285572601399, 26.998865864212199 ], [ -90.238285572601399, 26.999045527269022 ], [ -90.239183887885517, 26.999045527269022 ], [ -90.239183887885517, 26.998865864212199 ], [ -90.239722877055982, 26.998865864212199 ], [ -90.239722877055982, 26.998686201155373 ], [ -90.240441529283288, 26.998686201155373 ], [ -90.240441529283288, 26.998865864212199 ], [ -90.240800855396927, 26.998865864212199 ], [ -90.240800855396927, 26.999045527269022 ], [ -90.240980518453753, 26.999045527269022 ], [ -90.240980518453753, 26.999225190325845 ], [ -90.241339844567406, 26.999225190325845 ], [ -90.241339844567406, 26.999404853382668 ], [ -90.241519507624218, 26.999404853382668 ], [ -90.241519507624218, 26.999584516439494 ], [ -90.241878833737871, 26.999584516439494 ], [ -90.241878833737871, 26.99994384255314 ], [ -90.241699170681045, 26.99994384255314 ], [ -90.241699170681045, 27.00030316866679 ], [ -90.241519507624218, 27.00030316866679 ], [ -90.241519507624218, 27.000482831723613 ], [ -90.241339844567406, 27.000482831723613 ], [ -90.241339844567406, 27.000662494780435 ], [ -90.2406211923401, 27.000662494780435 ], [ -90.2406211923401, 27.000842157837262 ], [ -90.238465235658225, 27.000842157837262 ], [ -90.238465235658225, 27.001021820894085 ], [ -90.236488942033162, 27.001021820894085 ], [ -90.236488942033162, 27.000842157837262 ] ] ], [ [ [ -90.265235031124973, 27.003716766746443 ], [ -90.264157052784043, 27.003716766746443 ], [ -90.264157052784043, 27.00353710368962 ], [ -90.263438400556737, 27.00353710368962 ], [ -90.263438400556737, 27.003357440632794 ], [ -90.263079074443098, 27.003357440632794 ], [ -90.263079074443098, 27.003177777575971 ], [ -90.262719748329445, 27.003177777575971 ], [ -90.262719748329445, 27.002998114519148 ], [ -90.262540085272619, 27.002998114519148 ], [ -90.262540085272619, 27.002818451462325 ], [ -90.262360422215792, 27.002818451462325 ], [ -90.262360422215792, 27.002638788405498 ], [ -90.26218075915898, 27.002638788405498 ], [ -90.26218075915898, 27.002459125348675 ], [ -90.261821433045327, 27.002459125348675 ], [ -90.261821433045327, 27.002279462291852 ], [ -90.261641769988501, 27.002279462291852 ], [ -90.261641769988501, 27.002099799235026 ], [ -90.261462106931674, 27.002099799235026 ], [ -90.261462106931674, 27.001920136178203 ], [ -90.261282443874848, 27.001920136178203 ], [ -90.261282443874848, 27.00174047312138 ], [ -90.261102780818035, 27.00174047312138 ], [ -90.261102780818035, 27.001560810064557 ], [ -90.260923117761209, 27.001560810064557 ], [ -90.260923117761209, 27.001381147007731 ], [ -90.260563791647556, 27.001381147007731 ], [ -90.260563791647556, 27.001201483950908 ], [ -90.259845139420264, 27.001201483950908 ], [ -90.259845139420264, 27.001021820894085 ], [ -90.258587498022493, 27.001021820894085 ], [ -90.258587498022493, 27.000842157837262 ], [ -90.257509519681548, 27.000842157837262 ], [ -90.257509519681548, 27.000662494780435 ], [ -90.255712889113312, 27.000662494780435 ], [ -90.255712889113312, 27.000482831723613 ], [ -90.255353562999659, 27.000482831723613 ], [ -90.255353562999659, 27.00030316866679 ], [ -90.255173899942847, 27.00030316866679 ], [ -90.255173899942847, 27.000123505609963 ], [ -90.25499423688602, 27.000123505609963 ], [ -90.25499423688602, 26.99994384255314 ], [ -90.254814573829194, 26.99994384255314 ], [ -90.254814573829194, 26.999764179496317 ], [ -90.254634910772367, 26.999764179496317 ], [ -90.254634910772367, 26.999584516439494 ], [ -90.254455247715541, 26.999584516439494 ], [ -90.254455247715541, 26.998865864212199 ], [ -90.254634910772367, 26.998865864212199 ], [ -90.254634910772367, 26.998686201155373 ], [ -90.254814573829194, 26.998686201155373 ], [ -90.254814573829194, 26.99850653809855 ], [ -90.255173899942847, 26.99850653809855 ], [ -90.255173899942847, 26.998326875041727 ], [ -90.255533226056485, 26.998326875041727 ], [ -90.255533226056485, 26.9981472119849 ], [ -90.256970530511083, 26.9981472119849 ], [ -90.256970530511083, 26.998326875041727 ], [ -90.257150193567909, 26.998326875041727 ], [ -90.257150193567909, 26.9981472119849 ], [ -90.257868845795201, 26.9981472119849 ], [ -90.257868845795201, 26.998326875041727 ], [ -90.258587498022493, 26.998326875041727 ], [ -90.258587498022493, 26.99850653809855 ], [ -90.260384128590729, 26.99850653809855 ], [ -90.260384128590729, 26.998686201155373 ], [ -90.260743454704382, 26.998686201155373 ], [ -90.260743454704382, 26.998865864212199 ], [ -90.261102780818035, 26.998865864212199 ], [ -90.261102780818035, 26.999045527269022 ], [ -90.261282443874848, 26.999045527269022 ], [ -90.261282443874848, 26.999225190325845 ], [ -90.261462106931674, 26.999225190325845 ], [ -90.261462106931674, 26.999404853382668 ], [ -90.261641769988501, 26.999404853382668 ], [ -90.261641769988501, 26.999584516439494 ], [ -90.262001096102153, 26.999584516439494 ], [ -90.262001096102153, 26.999764179496317 ], [ -90.262540085272619, 26.999764179496317 ], [ -90.262540085272619, 26.99994384255314 ], [ -90.26325873749991, 26.99994384255314 ], [ -90.26325873749991, 27.000123505609963 ], [ -90.263618063613563, 27.000123505609963 ], [ -90.263618063613563, 27.00030316866679 ], [ -90.263977389727216, 27.00030316866679 ], [ -90.263977389727216, 27.000482831723613 ], [ -90.264157052784043, 27.000482831723613 ], [ -90.264157052784043, 27.000662494780435 ], [ -90.264516378897682, 27.000662494780435 ], [ -90.264516378897682, 27.000842157837262 ], [ -90.264696041954508, 27.000842157837262 ], [ -90.264696041954508, 27.001021820894085 ], [ -90.265055368068161, 27.001021820894085 ], [ -90.265055368068161, 27.001201483950908 ], [ -90.265594357238626, 27.001201483950908 ], [ -90.265594357238626, 27.001381147007731 ], [ -90.266672335579571, 27.001381147007731 ], [ -90.266672335579571, 27.001560810064557 ], [ -90.267390987806863, 27.001560810064557 ], [ -90.267390987806863, 27.00174047312138 ], [ -90.268109640034169, 27.00174047312138 ], [ -90.268109640034169, 27.001920136178203 ], [ -90.268468966147807, 27.001920136178203 ], [ -90.268468966147807, 27.002099799235026 ], [ -90.268648629204634, 27.002099799235026 ], [ -90.268648629204634, 27.002279462291852 ], [ -90.269007955318287, 27.002279462291852 ], [ -90.269007955318287, 27.002459125348675 ], [ -90.270085933659232, 27.002459125348675 ], [ -90.270085933659232, 27.002818451462325 ], [ -90.269906270602405, 27.002818451462325 ], [ -90.269906270602405, 27.002998114519148 ], [ -90.269726607545579, 27.002998114519148 ], [ -90.269726607545579, 27.003177777575971 ], [ -90.269007955318287, 27.003177777575971 ], [ -90.269007955318287, 27.003357440632794 ], [ -90.268468966147807, 27.003357440632794 ], [ -90.268468966147807, 27.00353710368962 ], [ -90.268289303090981, 27.00353710368962 ], [ -90.268289303090981, 27.003716766746443 ], [ -90.267929976977342, 27.003716766746443 ], [ -90.267929976977342, 27.003896429803266 ], [ -90.265235031124973, 27.003896429803266 ], [ -90.265235031124973, 27.003716766746443 ] ] ], [ [ [ -90.23020073504432, 27.00174047312138 ], [ -90.23020073504432, 27.001560810064557 ], [ -90.230380398101147, 27.001560810064557 ], [ -90.230380398101147, 27.001381147007731 ], [ -90.230560061157973, 27.001381147007731 ], [ -90.230560061157973, 27.001201483950908 ], [ -90.230739724214786, 27.001201483950908 ], [ -90.230739724214786, 27.001021820894085 ], [ -90.231099050328439, 27.001021820894085 ], [ -90.231099050328439, 27.000842157837262 ], [ -90.231997365612557, 27.000842157837262 ], [ -90.231997365612557, 27.001021820894085 ], [ -90.23235669172621, 27.001021820894085 ], [ -90.23235669172621, 27.001201483950908 ], [ -90.232536354783036, 27.001201483950908 ], [ -90.232536354783036, 27.001381147007731 ], [ -90.23235669172621, 27.001381147007731 ], [ -90.23235669172621, 27.001920136178203 ], [ -90.232177028669383, 27.001920136178203 ], [ -90.232177028669383, 27.002099799235026 ], [ -90.231997365612557, 27.002099799235026 ], [ -90.231997365612557, 27.002279462291852 ], [ -90.230021071987494, 27.002279462291852 ], [ -90.230021071987494, 27.00174047312138 ], [ -90.23020073504432, 27.00174047312138 ] ] ], [ [ [ -90.225349832510076, 27.01054396290575 ], [ -90.225349832510076, 27.009825310678455 ], [ -90.225709158623715, 27.009825310678455 ], [ -90.225709158623715, 27.009645647621632 ], [ -90.226248147794195, 27.009645647621632 ], [ -90.226248147794195, 27.01054396290575 ], [ -90.226068484737368, 27.01054396290575 ], [ -90.226068484737368, 27.010723625962576 ], [ -90.225709158623715, 27.010723625962576 ], [ -90.225709158623715, 27.01054396290575 ], [ -90.225349832510076, 27.01054396290575 ] ] ] ] } },
{ "type": "Feature", "properties": { "cluster_id": 21, "component_ids": "44", "n_parts": 1, "area_m2": 431551.42201115936, "confidence": 0.89575059457044848, "prob_max": 0.99972522258758545, "centroid_lon": -90.221738250469741, "centroid_lat": 27.032802974552723, "length_m": 1380.3854699046692, "axis_bearing_deg": 156.67654724700725, "width_proxy_m": 312.6310957481773, "elongation": 2.1139226637959005, "end1_lon": -90.224501368778647, "end1_lat": 27.03839172594742, "end2_lon": -90.218993505709562, "end2_lat": 27.026951832058124, "wind_u": -4.0603977046112396, "wind_v": 7.4126658960131904, "wind_speed_m_s": 8.4518900374726389, "wind_from_deg": 151.28762194555938, "wind_class": "valid", "wind_factor": 1.0, "size_factor": 0.98664032209553632, "slick_potential": 0.8837836551442555, "eligible": true, "ineligible_reason": "", "potential_rank": 9, "selected": true, "selection_basis": "policy_v1_top_potential" }, "geometry": { "type": "Polygon", "coordinates": [ [ [ -90.224990506396423, 27.038391736713457 ], [ -90.224990506396423, 27.038212073656631 ], [ -90.225529495566903, 27.038212073656631 ], [ -90.225529495566903, 27.038032410599808 ], [ -90.225888821680542, 27.038032410599808 ], [ -90.225888821680542, 27.037852747542985 ], [ -90.226248147794195, 27.037852747542985 ], [ -90.226248147794195, 27.037673084486162 ], [ -90.226427810851021, 27.037673084486162 ], [ -90.226427810851021, 27.037493421429335 ], [ -90.226607473907848, 27.037493421429335 ], [ -90.226607473907848, 27.03713409531569 ], [ -90.22678713696466, 27.03713409531569 ], [ -90.22678713696466, 27.035696790861099 ], [ -90.226607473907848, 27.035696790861099 ], [ -90.226607473907848, 27.03533746474745 ], [ -90.226427810851021, 27.03533746474745 ], [ -90.226427810851021, 27.035157801690627 ], [ -90.226068484737368, 27.035157801690627 ], [ -90.226068484737368, 27.034978138633804 ], [ -90.225529495566903, 27.034978138633804 ], [ -90.225529495566903, 27.034798475576977 ], [ -90.224810843339597, 27.034798475576977 ], [ -90.224810843339597, 27.034618812520154 ], [ -90.224092191112305, 27.034618812520154 ], [ -90.224092191112305, 27.034439149463331 ], [ -90.223193875828187, 27.034439149463331 ], [ -90.223193875828187, 27.034259486406505 ], [ -90.222834549714534, 27.034259486406505 ], [ -90.222834549714534, 27.034079823349682 ], [ -90.222654886657722, 27.034079823349682 ], [ -90.222654886657722, 27.033900160292859 ], [ -90.222475223600895, 27.033900160292859 ], [ -90.222475223600895, 27.033720497236036 ], [ -90.222295560544069, 27.033720497236036 ], [ -90.222295560544069, 27.03354083417921 ], [ -90.222115897487242, 27.03354083417921 ], [ -90.222115897487242, 27.033361171122387 ], [ -90.221936234430416, 27.033361171122387 ], [ -90.221936234430416, 27.033181508065564 ], [ -90.221756571373589, 27.033181508065564 ], [ -90.221756571373589, 27.033001845008741 ], [ -90.221576908316777, 27.033001845008741 ], [ -90.221576908316777, 27.032822181951914 ], [ -90.221397245259951, 27.032822181951914 ], [ -90.221397245259951, 27.032642518895091 ], [ -90.221217582203124, 27.032642518895091 ], [ -90.221217582203124, 27.032462855838268 ], [ -90.220858256089471, 27.032462855838268 ], [ -90.220858256089471, 27.032283192781442 ], [ -90.220678593032659, 27.032283192781442 ], [ -90.220678593032659, 27.032103529724619 ], [ -90.220498929975832, 27.032103529724619 ], [ -90.220498929975832, 27.031923866667796 ], [ -90.220319266919006, 27.031923866667796 ], [ -90.220319266919006, 27.031744203610973 ], [ -90.220139603862179, 27.031744203610973 ], [ -90.220139603862179, 27.031384877497324 ], [ -90.219959940805353, 27.031384877497324 ], [ -90.219959940805353, 27.031205214440501 ], [ -90.220139603862179, 27.031205214440501 ], [ -90.220139603862179, 27.030127236099556 ], [ -90.220319266919006, 27.030127236099556 ], [ -90.220319266919006, 27.02976790998591 ], [ -90.220139603862179, 27.02976790998591 ], [ -90.220139603862179, 27.029408583872261 ], [ -90.219959940805353, 27.029408583872261 ], [ -90.219959940805353, 27.029228920815438 ], [ -90.220139603862179, 27.029228920815438 ], [ -90.220139603862179, 27.029049257758615 ], [ -90.220498929975832, 27.029049257758615 ], [ -90.220498929975832, 27.028689931644966 ], [ -90.220678593032659, 27.028689931644966 ], [ -90.220678593032659, 27.028510268588143 ], [ -90.221037919146298, 27.028510268588143 ], [ -90.221037919146298, 27.028330605531316 ], [ -90.221217582203124, 27.028330605531316 ], [ -90.221217582203124, 27.028150942474493 ], [ -90.221397245259951, 27.028150942474493 ], [ -90.221397245259951, 27.02797127941767 ], [ -90.221576908316777, 27.02797127941767 ], [ -90.221576908316777, 27.027791616360847 ], [ -90.221756571373589, 27.027791616360847 ], [ -90.221756571373589, 27.027611953304021 ], [ -90.221936234430416, 27.027611953304021 ], [ -90.221936234430416, 27.027072964133552 ], [ -90.222115897487242, 27.027072964133552 ], [ -90.222115897487242, 27.025994985792607 ], [ -90.221936234430416, 27.025994985792607 ], [ -90.221936234430416, 27.025635659678958 ], [ -90.221576908316777, 27.025635659678958 ], [ -90.221576908316777, 27.025455996622135 ], [ -90.220319266919006, 27.025455996622135 ], [ -90.220319266919006, 27.025635659678958 ], [ -90.219959940805353, 27.025635659678958 ], [ -90.219959940805353, 27.025815322735784 ], [ -90.219780277748526, 27.025815322735784 ], [ -90.219780277748526, 27.025994985792607 ], [ -90.219600614691714, 27.025994985792607 ], [ -90.219600614691714, 27.02617464884943 ], [ -90.219420951634888, 27.02617464884943 ], [ -90.219420951634888, 27.026893301076726 ], [ -90.219241288578061, 27.026893301076726 ], [ -90.219241288578061, 27.028510268588143 ], [ -90.219420951634888, 27.028510268588143 ], [ -90.219420951634888, 27.028689931644966 ], [ -90.219241288578061, 27.028689931644966 ], [ -90.219241288578061, 27.028869594701789 ], [ -90.218881962464408, 27.028869594701789 ], [ -90.218881962464408, 27.029049257758615 ], [ -90.21852263635077, 27.029049257758615 ], [ -90.21852263635077, 27.029228920815438 ], [ -90.21798364718029, 27.029228920815438 ], [ -90.21798364718029, 27.029408583872261 ], [ -90.217803984123464, 27.029408583872261 ], [ -90.217803984123464, 27.029588246929084 ], [ -90.217624321066651, 27.029588246929084 ], [ -90.217624321066651, 27.02976790998591 ], [ -90.217444658009825, 27.02976790998591 ], [ -90.217444658009825, 27.030845888326851 ], [ -90.217624321066651, 27.030845888326851 ], [ -90.217624321066651, 27.031384877497324 ], [ -90.217803984123464, 27.031384877497324 ], [ -90.217803984123464, 27.031923866667796 ], [ -90.21798364718029, 27.031923866667796 ], [ -90.21798364718029, 27.032103529724619 ], [ -90.218163310237117, 27.032103529724619 ], [ -90.218163310237117, 27.032283192781442 ], [ -90.218342973293943, 27.032283192781442 ], [ -90.218342973293943, 27.032462855838268 ], [ -90.218702299407596, 27.032462855838268 ], [ -90.218702299407596, 27.032642518895091 ], [ -90.218881962464408, 27.032642518895091 ], [ -90.218881962464408, 27.032822181951914 ], [ -90.219061625521235, 27.032822181951914 ], [ -90.219061625521235, 27.033361171122387 ], [ -90.219241288578061, 27.033361171122387 ], [ -90.219241288578061, 27.033900160292859 ], [ -90.219420951634888, 27.033900160292859 ], [ -90.219420951634888, 27.034259486406505 ], [ -90.219600614691714, 27.034259486406505 ], [ -90.219600614691714, 27.034439149463331 ], [ -90.219780277748526, 27.034439149463331 ], [ -90.219780277748526, 27.034618812520154 ], [ -90.219959940805353, 27.034618812520154 ], [ -90.219959940805353, 27.034798475576977 ], [ -90.220319266919006, 27.034798475576977 ], [ -90.220319266919006, 27.034978138633804 ], [ -90.220498929975832, 27.034978138633804 ], [ -90.220498929975832, 27.035157801690627 ], [ -90.220678593032659, 27.035157801690627 ], [ -90.220678593032659, 27.03533746474745 ], [ -90.221217582203124, 27.03533746474745 ], [ -90.221217582203124, 27.035517127804273 ], [ -90.221936234430416, 27.035517127804273 ], [ -90.221936234430416, 27.035696790861099 ], [ -90.222295560544069, 27.035696790861099 ], [ -90.222295560544069, 27.035876453917922 ], [ -90.222475223600895, 27.035876453917922 ], [ -90.222475223600895, 27.036954432258867 ], [ -90.222295560544069, 27.036954432258867 ], [ -90.222295560544069, 27.03713409531569 ], [ -90.222475223600895, 27.03713409531569 ], [ -90.222475223600895, 27.037852747542985 ], [ -90.222654886657722, 27.037852747542985 ], [ -90.222654886657722, 27.038032410599808 ], [ -90.222834549714534, 27.038032410599808 ], [ -90.222834549714534, 27.038212073656631 ], [ -90.223193875828187, 27.038212073656631 ], [ -90.223193875828187, 27.038391736713457 ], [ -90.224990506396423, 27.038391736713457 ] ] ] } },
{ "type": "Feature", "properties": { "cluster_id": 17, "component_ids": "30,31,32,34,37,38,39", "n_parts": 7, "area_m2": 1343588.9737793133, "confidence": 0.88189100539317367, "prob_max": 1.0, "centroid_lon": -90.422681676977135, "centroid_lat": 27.126953698349134, "length_m": 3560.0959304727112, "axis_bearing_deg": 115.71120071878228, "width_proxy_m": 377.4024633097207, "elongation": 2.1408412754732451, "end1_lon": -90.406228868141753, "end1_lat": 27.119581827521898, "end2_lon": -90.438582114829742, "end2_lat": 27.133520682821427, "wind_u": -3.9678987058089388, "wind_v": 7.6803540620459723, "wind_speed_m_s": 8.6447705960277688, "wind_from_deg": 152.67778230978601, "wind_class": "valid", "wind_factor": 1.0, "size_factor": 0.99999853826977425, "slick_potential": 0.88188971630643531, "eligible": true, "ineligible_reason": "", "potential_rank": 10, "selected": true, "selection_basis": "policy_v1_top_potential" }, "geometry": { "type": "MultiPolygon", "coordinates": [ [ [ [ -90.406989182959038, 27.119958764511509 ], [ -90.406809519902211, 27.119958764511509 ], [ -90.406809519902211, 27.119779101454686 ], [ -90.406629856845399, 27.119779101454686 ], [ -90.406629856845399, 27.119599438397863 ], [ -90.406809519902211, 27.119599438397863 ], [ -90.406809519902211, 27.119240112284213 ], [ -90.406989182959038, 27.119240112284213 ], [ -90.406989182959038, 27.119060449227391 ], [ -90.40734850907269, 27.119060449227391 ], [ -90.40734850907269, 27.119599438397863 ], [ -90.407528172129517, 27.119599438397863 ], [ -90.407528172129517, 27.119958764511509 ], [ -90.40734850907269, 27.119958764511509 ], [ -90.40734850907269, 27.120138427568332 ], [ -90.406989182959038, 27.120138427568332 ], [ -90.406989182959038, 27.119958764511509 ] ] ], [ [ [ -90.403216258765738, 27.125528319273052 ], [ -90.403216258765738, 27.125348656216225 ], [ -90.403036595708912, 27.125348656216225 ], [ -90.403036595708912, 27.125168993159402 ], [ -90.402497606538446, 27.125168993159402 ], [ -90.402497606538446, 27.124989330102579 ], [ -90.402138280424793, 27.124989330102579 ], [ -90.402138280424793, 27.125168993159402 ], [ -90.401958617367967, 27.125168993159402 ], [ -90.401958617367967, 27.125348656216225 ], [ -90.401599291254328, 27.125348656216225 ], [ -90.401599291254328, 27.125528319273052 ], [ -90.40070097597021, 27.125528319273052 ], [ -90.40070097597021, 27.125348656216225 ], [ -90.400521312913384, 27.125348656216225 ], [ -90.400521312913384, 27.125168993159402 ], [ -90.400341649856557, 27.125168993159402 ], [ -90.400341649856557, 27.124091014818458 ], [ -90.400521312913384, 27.124091014818458 ], [ -90.400521312913384, 27.123552025647989 ], [ -90.40070097597021, 27.123552025647989 ], [ -90.40070097597021, 27.123372362591162 ], [ -90.401060302083849, 27.123372362591162 ], [ -90.401060302083849, 27.123192699534339 ], [ -90.401599291254328, 27.123192699534339 ], [ -90.401599291254328, 27.123013036477516 ], [ -90.402677269595273, 27.123013036477516 ], [ -90.402677269595273, 27.123192699534339 ], [ -90.403216258765738, 27.123192699534339 ], [ -90.403216258765738, 27.123372362591162 ], [ -90.403395921822565, 27.123372362591162 ], [ -90.403395921822565, 27.123552025647989 ], [ -90.403575584879391, 27.123552025647989 ], [ -90.403575584879391, 27.123911351761635 ], [ -90.403755247936203, 27.123911351761635 ], [ -90.403755247936203, 27.124091014818458 ], [ -90.40393491099303, 27.124091014818458 ], [ -90.40393491099303, 27.124270677875284 ], [ -90.404114574049856, 27.124270677875284 ], [ -90.404114574049856, 27.124450340932107 ], [ -90.404294237106683, 27.124450340932107 ], [ -90.404294237106683, 27.12463000398893 ], [ -90.404473900163509, 27.12463000398893 ], [ -90.404473900163509, 27.125707982329875 ], [ -90.403395921822565, 27.125707982329875 ], [ -90.403395921822565, 27.125528319273052 ], [ -90.403216258765738, 27.125528319273052 ] ] ], [ [ [ -90.421901216675423, 27.130019895693646 ], [ -90.421901216675423, 27.129840232636823 ], [ -90.421362227504957, 27.129840232636823 ], [ -90.421362227504957, 27.12966056958 ], [ -90.420823238334478, 27.12966056958 ], [ -90.420823238334478, 27.129480906523177 ], [ -90.420463912220839, 27.129480906523177 ], [ -90.420463912220839, 27.129301243466351 ], [ -90.420284249164013, 27.129301243466351 ], [ -90.420284249164013, 27.129121580409528 ], [ -90.419745259993533, 27.129121580409528 ], [ -90.419745259993533, 27.128941917352705 ], [ -90.419026607766241, 27.128941917352705 ], [ -90.419026607766241, 27.128762254295879 ], [ -90.41776896636847, 27.128762254295879 ], [ -90.41776896636847, 27.128941917352705 ], [ -90.417229977198005, 27.128941917352705 ], [ -90.417229977198005, 27.129121580409528 ], [ -90.416690988027526, 27.129121580409528 ], [ -90.416690988027526, 27.128941917352705 ], [ -90.41615199885706, 27.128941917352705 ], [ -90.41615199885706, 27.128762254295879 ], [ -90.415792672743407, 27.128762254295879 ], [ -90.415792672743407, 27.128582591239056 ], [ -90.415613009686581, 27.128582591239056 ], [ -90.415613009686581, 27.128402928182233 ], [ -90.415433346629769, 27.128402928182233 ], [ -90.415433346629769, 27.12822326512541 ], [ -90.415074020516116, 27.12822326512541 ], [ -90.415074020516116, 27.128043602068583 ], [ -90.414894357459289, 27.128043602068583 ], [ -90.414894357459289, 27.12786393901176 ], [ -90.414714694402463, 27.12786393901176 ], [ -90.414714694402463, 27.127684275954937 ], [ -90.41453503134565, 27.127684275954937 ], [ -90.41453503134565, 27.127504612898115 ], [ -90.413996042175171, 27.127504612898115 ], [ -90.413996042175171, 27.127324949841288 ], [ -90.413636716061518, 27.127324949841288 ], [ -90.413636716061518, 27.127145286784465 ], [ -90.4127384007774, 27.127145286784465 ], [ -90.4127384007774, 27.126965623727642 ], [ -90.412379074663761, 27.126965623727642 ], [ -90.412379074663761, 27.126785960670816 ], [ -90.412019748550108, 27.126785960670816 ], [ -90.412019748550108, 27.126606297613993 ], [ -90.411840085493282, 27.126606297613993 ], [ -90.411840085493282, 27.12642663455717 ], [ -90.411480759379643, 27.12642663455717 ], [ -90.411480759379643, 27.126246971500347 ], [ -90.411301096322816, 27.126246971500347 ], [ -90.411301096322816, 27.12606730844352 ], [ -90.410762107152337, 27.12606730844352 ], [ -90.410762107152337, 27.125887645386697 ], [ -90.409684128811392, 27.125887645386697 ], [ -90.409684128811392, 27.125707982329875 ], [ -90.409324802697753, 27.125707982329875 ], [ -90.409324802697753, 27.125528319273052 ], [ -90.409145139640927, 27.125528319273052 ], [ -90.409145139640927, 27.125348656216225 ], [ -90.4089654765841, 27.125348656216225 ], [ -90.4089654765841, 27.125168993159402 ], [ -90.408785813527274, 27.125168993159402 ], [ -90.408785813527274, 27.124989330102579 ], [ -90.408606150470462, 27.124989330102579 ], [ -90.408606150470462, 27.124809667045753 ], [ -90.408426487413635, 27.124809667045753 ], [ -90.408426487413635, 27.12463000398893 ], [ -90.408067161299982, 27.12463000398893 ], [ -90.408067161299982, 27.124450340932107 ], [ -90.407528172129517, 27.124450340932107 ], [ -90.407528172129517, 27.124270677875284 ], [ -90.407168846015864, 27.124270677875284 ], [ -90.407168846015864, 27.123911351761635 ], [ -90.406989182959038, 27.123911351761635 ], [ -90.406989182959038, 27.123372362591162 ], [ -90.407168846015864, 27.123372362591162 ], [ -90.407168846015864, 27.123192699534339 ], [ -90.40734850907269, 27.123192699534339 ], [ -90.40734850907269, 27.123013036477516 ], [ -90.407528172129517, 27.123013036477516 ], [ -90.407528172129517, 27.12283337342069 ], [ -90.409324802697753, 27.12283337342069 ], [ -90.409324802697753, 27.123013036477516 ], [ -90.409863791868219, 27.123013036477516 ], [ -90.409863791868219, 27.123192699534339 ], [ -90.410223117981872, 27.123192699534339 ], [ -90.410223117981872, 27.123372362591162 ], [ -90.410402781038698, 27.123372362591162 ], [ -90.410402781038698, 27.123731688704812 ], [ -90.410582444095525, 27.123731688704812 ], [ -90.410582444095525, 27.124091014818458 ], [ -90.410762107152337, 27.124091014818458 ], [ -90.410762107152337, 27.124270677875284 ], [ -90.41112143326599, 27.124270677875284 ], [ -90.41112143326599, 27.124450340932107 ], [ -90.411480759379643, 27.124450340932107 ], [ -90.411480759379643, 27.12463000398893 ], [ -90.412019748550108, 27.12463000398893 ], [ -90.412019748550108, 27.124809667045753 ], [ -90.412379074663761, 27.124809667045753 ], [ -90.412379074663761, 27.124989330102579 ], [ -90.412558737720587, 27.124989330102579 ], [ -90.412558737720587, 27.125168993159402 ], [ -90.412918063834226, 27.125168993159402 ], [ -90.412918063834226, 27.125348656216225 ], [ -90.413457053004706, 27.125348656216225 ], [ -90.413457053004706, 27.125528319273052 ], [ -90.413816379118344, 27.125528319273052 ], [ -90.413816379118344, 27.125348656216225 ], [ -90.414175705231997, 27.125348656216225 ], [ -90.414175705231997, 27.125168993159402 ], [ -90.414355368288824, 27.125168993159402 ], [ -90.414355368288824, 27.124989330102579 ], [ -90.41453503134565, 27.124989330102579 ], [ -90.41453503134565, 27.124809667045753 ], [ -90.414714694402463, 27.124809667045753 ], [ -90.414714694402463, 27.12463000398893 ], [ -90.414894357459289, 27.12463000398893 ], [ -90.414894357459289, 27.124450340932107 ], [ -90.415253683572942, 27.124450340932107 ], [ -90.415253683572942, 27.124270677875284 ], [ -90.415792672743407, 27.124270677875284 ], [ -90.415792672743407, 27.124091014818458 ], [ -90.417589303311644, 27.124091014818458 ], [ -90.417589303311644, 27.124270677875284 ], [ -90.418128292482123, 27.124270677875284 ], [ -90.418128292482123, 27.124450340932107 ], [ -90.418487618595776, 27.124450340932107 ], [ -90.418487618595776, 27.12463000398893 ], [ -90.418667281652588, 27.12463000398893 ], [ -90.418667281652588, 27.124809667045753 ], [ -90.418846944709415, 27.124809667045753 ], [ -90.418846944709415, 27.124989330102579 ], [ -90.419026607766241, 27.124989330102579 ], [ -90.419026607766241, 27.125168993159402 ], [ -90.419206270823068, 27.125168993159402 ], [ -90.419206270823068, 27.125348656216225 ], [ -90.419385933879894, 27.125348656216225 ], [ -90.419385933879894, 27.125528319273052 ], [ -90.419565596936707, 27.125528319273052 ], [ -90.419565596936707, 27.125707982329875 ], [ -90.41992492305036, 27.125707982329875 ], [ -90.41992492305036, 27.125887645386697 ], [ -90.421721553618596, 27.125887645386697 ], [ -90.421721553618596, 27.125707982329875 ], [ -90.421901216675423, 27.125707982329875 ], [ -90.421901216675423, 27.125528319273052 ], [ -90.422260542789076, 27.125528319273052 ], [ -90.422260542789076, 27.125348656216225 ], [ -90.422619868902714, 27.125348656216225 ], [ -90.422619868902714, 27.125168993159402 ], [ -90.422979195016367, 27.125168993159402 ], [ -90.422979195016367, 27.124989330102579 ], [ -90.42333852113002, 27.124989330102579 ], [ -90.42333852113002, 27.124809667045753 ], [ -90.423697847243659, 27.124809667045753 ], [ -90.423697847243659, 27.12463000398893 ], [ -90.424236836414138, 27.12463000398893 ], [ -90.424236836414138, 27.124450340932107 ], [ -90.424775825584604, 27.124450340932107 ], [ -90.424775825584604, 27.12463000398893 ], [ -90.42495548864143, 27.12463000398893 ], [ -90.42495548864143, 27.124809667045753 ], [ -90.425314814755083, 27.124809667045753 ], [ -90.425314814755083, 27.12463000398893 ], [ -90.425494477811895, 27.12463000398893 ], [ -90.425494477811895, 27.124450340932107 ], [ -90.425674140868722, 27.124450340932107 ], [ -90.425674140868722, 27.124270677875284 ], [ -90.425853803925548, 27.124270677875284 ], [ -90.425853803925548, 27.123731688704812 ], [ -90.426033466982375, 27.123731688704812 ], [ -90.426033466982375, 27.123372362591162 ], [ -90.426213130039201, 27.123372362591162 ], [ -90.426213130039201, 27.123192699534339 ], [ -90.426392793096028, 27.123192699534339 ], [ -90.426392793096028, 27.123013036477516 ], [ -90.42657245615284, 27.123013036477516 ], [ -90.42657245615284, 27.12283337342069 ], [ -90.426752119209667, 27.12283337342069 ], [ -90.426752119209667, 27.122653710363867 ], [ -90.42711144532332, 27.122653710363867 ], [ -90.42711144532332, 27.122474047307044 ], [ -90.427470771436958, 27.122474047307044 ], [ -90.427470771436958, 27.122294384250221 ], [ -90.427830097550611, 27.122294384250221 ], [ -90.427830097550611, 27.122114721193395 ], [ -90.429087738948382, 27.122114721193395 ], [ -90.429087738948382, 27.122294384250221 ], [ -90.429447065062021, 27.122294384250221 ], [ -90.429447065062021, 27.122474047307044 ], [ -90.430165717289327, 27.122474047307044 ], [ -90.430165717289327, 27.122653710363867 ], [ -90.430884369516619, 27.122653710363867 ], [ -90.430884369516619, 27.12283337342069 ], [ -90.432681000084855, 27.12283337342069 ], [ -90.432681000084855, 27.123013036477516 ], [ -90.433399652312147, 27.123013036477516 ], [ -90.433399652312147, 27.123192699534339 ], [ -90.433938641482627, 27.123192699534339 ], [ -90.433938641482627, 27.123372362591162 ], [ -90.434118304539453, 27.123372362591162 ], [ -90.434118304539453, 27.123911351761635 ], [ -90.434297967596279, 27.123911351761635 ], [ -90.434297967596279, 27.124091014818458 ], [ -90.434118304539453, 27.124091014818458 ], [ -90.434118304539453, 27.124450340932107 ], [ -90.433938641482627, 27.124450340932107 ], [ -90.433938641482627, 27.12463000398893 ], [ -90.4337589784258, 27.12463000398893 ], [ -90.4337589784258, 27.124809667045753 ], [ -90.433579315368974, 27.124809667045753 ], [ -90.433579315368974, 27.124989330102579 ], [ -90.433399652312147, 27.124989330102579 ], [ -90.433399652312147, 27.125168993159402 ], [ -90.433219989255335, 27.125168993159402 ], [ -90.433219989255335, 27.125528319273052 ], [ -90.433399652312147, 27.125528319273052 ], [ -90.433399652312147, 27.125707982329875 ], [ -90.4337589784258, 27.125707982329875 ], [ -90.4337589784258, 27.125887645386697 ], [ -90.433938641482627, 27.125887645386697 ], [ -90.433938641482627, 27.12606730844352 ], [ -90.434118304539453, 27.12606730844352 ], [ -90.434118304539453, 27.12642663455717 ], [ -90.434297967596279, 27.12642663455717 ], [ -90.434297967596279, 27.126606297613993 ], [ -90.434477630653092, 27.126606297613993 ], [ -90.434477630653092, 27.126785960670816 ], [ -90.434657293709918, 27.126785960670816 ], [ -90.434657293709918, 27.126965623727642 ], [ -90.434836956766745, 27.126965623727642 ], [ -90.434836956766745, 27.127145286784465 ], [ -90.435196282880398, 27.127145286784465 ], [ -90.435196282880398, 27.127324949841288 ], [ -90.436094598164516, 27.127324949841288 ], [ -90.436094598164516, 27.127504612898115 ], [ -90.436453924278155, 27.127504612898115 ], [ -90.436453924278155, 27.127684275954937 ], [ -90.436633587334981, 27.127684275954937 ], [ -90.436633587334981, 27.12786393901176 ], [ -90.436813250391808, 27.12786393901176 ], [ -90.436813250391808, 27.12822326512541 ], [ -90.436992913448634, 27.12822326512541 ], [ -90.436992913448634, 27.128582591239056 ], [ -90.436633587334981, 27.128582591239056 ], [ -90.436633587334981, 27.128762254295879 ], [ -90.436274261221342, 27.128762254295879 ], [ -90.436274261221342, 27.128941917352705 ], [ -90.43537594593721, 27.128941917352705 ], [ -90.43537594593721, 27.128762254295879 ], [ -90.434297967596279, 27.128762254295879 ], [ -90.434297967596279, 27.128582591239056 ], [ -90.432681000084855, 27.128582591239056 ], [ -90.432681000084855, 27.128402928182233 ], [ -90.432321673971217, 27.128402928182233 ], [ -90.432321673971217, 27.12822326512541 ], [ -90.431782684800737, 27.12822326512541 ], [ -90.431782684800737, 27.128043602068583 ], [ -90.431423358687084, 27.128043602068583 ], [ -90.431423358687084, 27.12786393901176 ], [ -90.431064032573445, 27.12786393901176 ], [ -90.431064032573445, 27.127684275954937 ], [ -90.430884369516619, 27.127684275954937 ], [ -90.430884369516619, 27.127504612898115 ], [ -90.430525043402966, 27.127504612898115 ], [ -90.430525043402966, 27.127324949841288 ], [ -90.430165717289327, 27.127324949841288 ], [ -90.430165717289327, 27.127145286784465 ], [ -90.429626728118848, 27.127145286784465 ], [ -90.429626728118848, 27.126965623727642 ], [ -90.429267402005209, 27.126965623727642 ], [ -90.429267402005209, 27.126785960670816 ], [ -90.429087738948382, 27.126785960670816 ], [ -90.429087738948382, 27.126606297613993 ], [ -90.42872841283473, 27.126606297613993 ], [ -90.42872841283473, 27.12642663455717 ], [ -90.428369086721091, 27.12642663455717 ], [ -90.428369086721091, 27.126246971500347 ], [ -90.428189423664264, 27.126246971500347 ], [ -90.428189423664264, 27.12606730844352 ], [ -90.426931782266493, 27.12606730844352 ], [ -90.426931782266493, 27.126246971500347 ], [ -90.426392793096028, 27.126246971500347 ], [ -90.426392793096028, 27.12606730844352 ], [ -90.425314814755083, 27.12606730844352 ], [ -90.425314814755083, 27.126246971500347 ], [ -90.42495548864143, 27.126246971500347 ], [ -90.42495548864143, 27.12642663455717 ], [ -90.424775825584604, 27.12642663455717 ], [ -90.424775825584604, 27.126785960670816 ], [ -90.424596162527777, 27.126785960670816 ], [ -90.424596162527777, 27.126965623727642 ], [ -90.424775825584604, 27.126965623727642 ], [ -90.424775825584604, 27.127324949841288 ], [ -90.42495548864143, 27.127324949841288 ], [ -90.42495548864143, 27.129301243466351 ], [ -90.424775825584604, 27.129301243466351 ], [ -90.424775825584604, 27.12966056958 ], [ -90.424596162527777, 27.12966056958 ], [ -90.424596162527777, 27.130019895693646 ], [ -90.424057173357312, 27.130019895693646 ], [ -90.424057173357312, 27.130199558750473 ], [ -90.423158858073194, 27.130199558750473 ], [ -90.423158858073194, 27.130019895693646 ], [ -90.421901216675423, 27.130019895693646 ] ] ], [ [ [ -90.425135151698257, 27.132535178489182 ], [ -90.425135151698257, 27.132355515432359 ], [ -90.42495548864143, 27.132355515432359 ], [ -90.42495548864143, 27.132175852375536 ], [ -90.424775825584604, 27.132175852375536 ], [ -90.424775825584604, 27.131816526261886 ], [ -90.425135151698257, 27.131816526261886 ], [ -90.425135151698257, 27.131636863205063 ], [ -90.426033466982375, 27.131636863205063 ], [ -90.426033466982375, 27.131816526261886 ], [ -90.426392793096028, 27.131816526261886 ], [ -90.426392793096028, 27.131996189318709 ], [ -90.42657245615284, 27.131996189318709 ], [ -90.42657245615284, 27.132355515432359 ], [ -90.426392793096028, 27.132355515432359 ], [ -90.426392793096028, 27.132535178489182 ], [ -90.426213130039201, 27.132535178489182 ], [ -90.426213130039201, 27.132714841546004 ], [ -90.425853803925548, 27.132714841546004 ], [ -90.425853803925548, 27.132535178489182 ], [ -90.425135151698257, 27.132535178489182 ] ] ], [ [ [ -90.427470771436958, 27.133433493773303 ], [ -90.427470771436958, 27.133613156830126 ], [ -90.427291108380146, 27.133613156830126 ], [ -90.427291108380146, 27.133433493773303 ], [ -90.427470771436958, 27.133433493773303 ] ] ], [ [ [ -90.438070891789579, 27.13666742879613 ], [ -90.438070891789579, 27.136308102682484 ], [ -90.437891228732752, 27.136308102682484 ], [ -90.437891228732752, 27.135769113512012 ], [ -90.437711565675926, 27.135769113512012 ], [ -90.437711565675926, 27.13523012434154 ], [ -90.437891228732752, 27.13523012434154 ], [ -90.437891228732752, 27.135050461284717 ], [ -90.438070891789579, 27.135050461284717 ], [ -90.438070891789579, 27.134870798227894 ], [ -90.438789544016871, 27.134870798227894 ], [ -90.438789544016871, 27.135050461284717 ], [ -90.438969207073697, 27.135050461284717 ], [ -90.438969207073697, 27.135409787398366 ], [ -90.439148870130524, 27.135409787398366 ], [ -90.439148870130524, 27.136487765739307 ], [ -90.438969207073697, 27.136487765739307 ], [ -90.438969207073697, 27.136847091852957 ], [ -90.438430217903218, 27.136847091852957 ], [ -90.438430217903218, 27.13666742879613 ], [ -90.438070891789579, 27.13666742879613 ] ] ], [ [ [ -90.434477630653092, 27.140081026875787 ], [ -90.434477630653092, 27.139901363818961 ], [ -90.434118304539453, 27.139901363818961 ], [ -90.434118304539453, 27.139542037705315 ], [ -90.433938641482627, 27.139542037705315 ], [ -90.433938641482627, 27.139003048534843 ], [ -90.434118304539453, 27.139003048534843 ], [ -90.434118304539453, 27.138643722421193 ], [ -90.434297967596279, 27.138643722421193 ], [ -90.434297967596279, 27.138284396307547 ], [ -90.434477630653092, 27.138284396307547 ], [ -90.434477630653092, 27.137925070193898 ], [ -90.434657293709918, 27.137925070193898 ], [ -90.434657293709918, 27.137745407137075 ], [ -90.434836956766745, 27.137745407137075 ], [ -90.434836956766745, 27.137565744080252 ], [ -90.435196282880398, 27.137565744080252 ], [ -90.435196282880398, 27.137386081023429 ], [ -90.435914935107689, 27.137386081023429 ], [ -90.435914935107689, 27.137565744080252 ], [ -90.436274261221342, 27.137565744080252 ], [ -90.436274261221342, 27.137745407137075 ], [ -90.436453924278155, 27.137745407137075 ], [ -90.436453924278155, 27.137925070193898 ], [ -90.436633587334981, 27.137925070193898 ], [ -90.436633587334981, 27.138104733250724 ], [ -90.436813250391808, 27.138104733250724 ], [ -90.436813250391808, 27.138284396307547 ], [ -90.436992913448634, 27.138284396307547 ], [ -90.436992913448634, 27.138643722421193 ], [ -90.437172576505461, 27.138643722421193 ], [ -90.437172576505461, 27.13882338547802 ], [ -90.437352239562273, 27.13882338547802 ], [ -90.437352239562273, 27.139182711591666 ], [ -90.437531902619099, 27.139182711591666 ], [ -90.437531902619099, 27.139362374648492 ], [ -90.437352239562273, 27.139362374648492 ], [ -90.437352239562273, 27.139901363818961 ], [ -90.437172576505461, 27.139901363818961 ], [ -90.437172576505461, 27.140081026875787 ], [ -90.436633587334981, 27.140081026875787 ], [ -90.436633587334981, 27.14026068993261 ], [ -90.435016619823571, 27.14026068993261 ], [ -90.435016619823571, 27.140081026875787 ], [ -90.434477630653092, 27.140081026875787 ] ] ] ] } },
{ "type": "Feature", "properties": { "cluster_id": 19, "component_ids": "40,41,42", "n_parts": 3, "area_m2": 919629.94941392541, "confidence": 0.86278038226500986, "prob_max": 0.99987292289733887, "centroid_lon": -90.454331507035505, "centroid_lat": 27.109278235760328, "length_m": 4389.0840810889486, "axis_bearing_deg": 82.18890521375846, "width_proxy_m": 209.52661931820674, "elongation": 10.39650993311381, "end1_lon": -90.430791184397563, "end1_lat": 27.112106621579031, "end2_lon": -90.474643818268035, "end2_lat": 27.106723721394371, "wind_u": -3.9554151206838828, "wind_v": 7.7345993537392754, "wind_speed_m_s": 8.6873089009081923, "wind_from_deg": 152.91514394320427, "wind_class": "valid", "wind_factor": 1.0, "size_factor": 0.99989858600860626, "slick_potential": 0.86269288426274815, "eligible": true, "ineligible_reason": "", "potential_rank": 11, "selected": true, "selection_basis": "policy_v1_top_potential" }, "geometry": { "type": "MultiPolygon", "coordinates": [ [ [ [ -90.438070891789579, 27.112592579181729 ], [ -90.438070891789579, 27.112412916124907 ], [ -90.437711565675926, 27.112412916124907 ], [ -90.437711565675926, 27.11223325306808 ], [ -90.437531902619099, 27.11223325306808 ], [ -90.437531902619099, 27.111334937783962 ], [ -90.437711565675926, 27.111334937783962 ], [ -90.437711565675926, 27.111155274727139 ], [ -90.437891228732752, 27.111155274727139 ], [ -90.437891228732752, 27.110975611670312 ], [ -90.438250554846405, 27.110975611670312 ], [ -90.438250554846405, 27.11079594861349 ], [ -90.438430217903218, 27.11079594861349 ], [ -90.438430217903218, 27.110616285556667 ], [ -90.438609880960044, 27.110616285556667 ], [ -90.438609880960044, 27.11043662249984 ], [ -90.438969207073697, 27.11043662249984 ], [ -90.438969207073697, 27.110256959443017 ], [ -90.43932853318735, 27.110256959443017 ], [ -90.43932853318735, 27.110077296386194 ], [ -90.44040651152828, 27.110077296386194 ], [ -90.44040651152828, 27.109897633329371 ], [ -90.441664152926052, 27.109897633329371 ], [ -90.441664152926052, 27.110077296386194 ], [ -90.442382805153343, 27.110077296386194 ], [ -90.442382805153343, 27.110256959443017 ], [ -90.443460783494288, 27.110256959443017 ], [ -90.443460783494288, 27.110077296386194 ], [ -90.443999772664768, 27.110077296386194 ], [ -90.443999772664768, 27.109897633329371 ], [ -90.444898087948886, 27.109897633329371 ], [ -90.444898087948886, 27.109717970272545 ], [ -90.445437077119351, 27.109717970272545 ], [ -90.445437077119351, 27.109538307215722 ], [ -90.44597606628983, 27.109538307215722 ], [ -90.44597606628983, 27.109358644158899 ], [ -90.446335392403469, 27.109358644158899 ], [ -90.446335392403469, 27.109178981102076 ], [ -90.446515055460296, 27.109178981102076 ], [ -90.446515055460296, 27.10899931804525 ], [ -90.446694718517122, 27.10899931804525 ], [ -90.446694718517122, 27.108819654988427 ], [ -90.446874381573949, 27.108819654988427 ], [ -90.446874381573949, 27.108639991931604 ], [ -90.447054044630775, 27.108639991931604 ], [ -90.447054044630775, 27.108460328874777 ], [ -90.447233707687602, 27.108460328874777 ], [ -90.447233707687602, 27.108280665817954 ], [ -90.447772696858067, 27.108280665817954 ], [ -90.447772696858067, 27.108101002761131 ], [ -90.448491349085359, 27.108101002761131 ], [ -90.448491349085359, 27.108280665817954 ], [ -90.449389664369477, 27.108280665817954 ], [ -90.449389664369477, 27.108460328874777 ], [ -90.451904947165019, 27.108460328874777 ], [ -90.451904947165019, 27.108280665817954 ], [ -90.453881240790082, 27.108280665817954 ], [ -90.453881240790082, 27.108460328874777 ], [ -90.455498208301492, 27.108460328874777 ], [ -90.455498208301492, 27.108280665817954 ], [ -90.455857534415145, 27.108280665817954 ], [ -90.455857534415145, 27.108101002761131 ], [ -90.45639652358561, 27.108101002761131 ], [ -90.45639652358561, 27.107921339704308 ], [ -90.456755849699263, 27.107921339704308 ], [ -90.456755849699263, 27.107741676647482 ], [ -90.458911806381153, 27.107741676647482 ], [ -90.458911806381153, 27.107562013590659 ], [ -90.459630458608444, 27.107562013590659 ], [ -90.459630458608444, 27.107382350533836 ], [ -90.459989784722097, 27.107382350533836 ], [ -90.459989784722097, 27.107202687477013 ], [ -90.460528773892563, 27.107202687477013 ], [ -90.460528773892563, 27.107023024420187 ], [ -90.461247426119854, 27.107023024420187 ], [ -90.461247426119854, 27.106843361363364 ], [ -90.462325404460799, 27.106843361363364 ], [ -90.462325404460799, 27.107023024420187 ], [ -90.464481361142688, 27.107023024420187 ], [ -90.464481361142688, 27.106843361363364 ], [ -90.465379676426807, 27.106843361363364 ], [ -90.465379676426807, 27.106663698306541 ], [ -90.467355970051869, 27.106663698306541 ], [ -90.467355970051869, 27.106484035249714 ], [ -90.467894959222349, 27.106484035249714 ], [ -90.467894959222349, 27.106304372192891 ], [ -90.469332263676932, 27.106304372192891 ], [ -90.469332263676932, 27.106484035249714 ], [ -90.469691589790585, 27.106484035249714 ], [ -90.469691589790585, 27.106663698306541 ], [ -90.473105187870232, 27.106663698306541 ], [ -90.473105187870232, 27.106843361363364 ], [ -90.473464513983885, 27.106843361363364 ], [ -90.473464513983885, 27.107023024420187 ], [ -90.473823840097538, 27.107023024420187 ], [ -90.473823840097538, 27.107202687477013 ], [ -90.475081481495295, 27.107202687477013 ], [ -90.475081481495295, 27.107023024420187 ], [ -90.475261144552121, 27.107023024420187 ], [ -90.475261144552121, 27.106843361363364 ], [ -90.476159459836239, 27.106843361363364 ], [ -90.476159459836239, 27.107023024420187 ], [ -90.476339122893066, 27.107023024420187 ], [ -90.476339122893066, 27.107382350533836 ], [ -90.476518785949892, 27.107382350533836 ], [ -90.476518785949892, 27.108101002761131 ], [ -90.476339122893066, 27.108101002761131 ], [ -90.476339122893066, 27.108280665817954 ], [ -90.476159459836239, 27.108280665817954 ], [ -90.476159459836239, 27.108460328874777 ], [ -90.473284850927058, 27.108460328874777 ], [ -90.473284850927058, 27.108639991931604 ], [ -90.472027209529287, 27.108639991931604 ], [ -90.472027209529287, 27.108819654988427 ], [ -90.463942371972223, 27.108819654988427 ], [ -90.463942371972223, 27.10899931804525 ], [ -90.46358304585857, 27.10899931804525 ], [ -90.46358304585857, 27.109178981102076 ], [ -90.463223719744917, 27.109178981102076 ], [ -90.463223719744917, 27.109358644158899 ], [ -90.462684730574452, 27.109358644158899 ], [ -90.462684730574452, 27.109538307215722 ], [ -90.461067763063042, 27.109538307215722 ], [ -90.461067763063042, 27.109358644158899 ], [ -90.460708436949389, 27.109358644158899 ], [ -90.460708436949389, 27.109178981102076 ], [ -90.460528773892563, 27.109178981102076 ], [ -90.460528773892563, 27.10899931804525 ], [ -90.460349110835736, 27.10899931804525 ], [ -90.460349110835736, 27.108819654988427 ], [ -90.459810121665271, 27.108819654988427 ], [ -90.459810121665271, 27.108639991931604 ], [ -90.458911806381153, 27.108639991931604 ], [ -90.458911806381153, 27.108819654988427 ], [ -90.458732143324326, 27.108819654988427 ], [ -90.458732143324326, 27.10899931804525 ], [ -90.4585524802675, 27.10899931804525 ], [ -90.4585524802675, 27.109178981102076 ], [ -90.458372817210673, 27.109178981102076 ], [ -90.458372817210673, 27.109358644158899 ], [ -90.458193154153847, 27.109358644158899 ], [ -90.458193154153847, 27.109538307215722 ], [ -90.457833828040208, 27.109538307215722 ], [ -90.457833828040208, 27.109717970272545 ], [ -90.457654164983381, 27.109717970272545 ], [ -90.457654164983381, 27.109897633329371 ], [ -90.456216860528784, 27.109897633329371 ], [ -90.456216860528784, 27.109717970272545 ], [ -90.455857534415145, 27.109717970272545 ], [ -90.455857534415145, 27.109538307215722 ], [ -90.455498208301492, 27.109538307215722 ], [ -90.455498208301492, 27.109358644158899 ], [ -90.453701577733256, 27.109358644158899 ], [ -90.453701577733256, 27.109538307215722 ], [ -90.45316258856279, 27.109538307215722 ], [ -90.45316258856279, 27.109717970272545 ], [ -90.452623599392311, 27.109717970272545 ], [ -90.452623599392311, 27.109897633329371 ], [ -90.452084610221846, 27.109897633329371 ], [ -90.452084610221846, 27.110077296386194 ], [ -90.44974899048313, 27.110077296386194 ], [ -90.44974899048313, 27.110256959443017 ], [ -90.449210001312665, 27.110256959443017 ], [ -90.449210001312665, 27.11043662249984 ], [ -90.448850675199012, 27.11043662249984 ], [ -90.448850675199012, 27.110616285556667 ], [ -90.448491349085359, 27.110616285556667 ], [ -90.448491349085359, 27.11079594861349 ], [ -90.44813202297172, 27.11079594861349 ], [ -90.44813202297172, 27.110975611670312 ], [ -90.447952359914893, 27.110975611670312 ], [ -90.447952359914893, 27.111155274727139 ], [ -90.447772696858067, 27.111155274727139 ], [ -90.447772696858067, 27.111334937783962 ], [ -90.44759303380124, 27.111334937783962 ], [ -90.44759303380124, 27.111514600840785 ], [ -90.447233707687602, 27.111514600840785 ], [ -90.447233707687602, 27.111694263897608 ], [ -90.446694718517122, 27.111694263897608 ], [ -90.446694718517122, 27.111873926954434 ], [ -90.446155729346657, 27.111873926954434 ], [ -90.446155729346657, 27.112053590011257 ], [ -90.445437077119351, 27.112053590011257 ], [ -90.445437077119351, 27.11223325306808 ], [ -90.443101457380649, 27.11223325306808 ], [ -90.443101457380649, 27.112053590011257 ], [ -90.44040651152828, 27.112053590011257 ], [ -90.44040651152828, 27.11223325306808 ], [ -90.439687859300989, 27.11223325306808 ], [ -90.439687859300989, 27.112412916124907 ], [ -90.439148870130524, 27.112412916124907 ], [ -90.439148870130524, 27.112592579181729 ], [ -90.438070891789579, 27.112592579181729 ] ] ], [ [ [ -90.43214201091439, 27.112053590011257 ], [ -90.431423358687084, 27.112053590011257 ], [ -90.431423358687084, 27.111873926954434 ], [ -90.429087738948382, 27.111873926954434 ], [ -90.429087738948382, 27.111694263897608 ], [ -90.426392793096028, 27.111694263897608 ], [ -90.426392793096028, 27.111514600840785 ], [ -90.426213130039201, 27.111514600840785 ], [ -90.426213130039201, 27.111334937783962 ], [ -90.426033466982375, 27.111334937783962 ], [ -90.426033466982375, 27.111155274727139 ], [ -90.426213130039201, 27.111155274727139 ], [ -90.426213130039201, 27.110975611670312 ], [ -90.426752119209667, 27.110975611670312 ], [ -90.426752119209667, 27.11079594861349 ], [ -90.427470771436958, 27.11079594861349 ], [ -90.427470771436958, 27.110975611670312 ], [ -90.428908075891556, 27.110975611670312 ], [ -90.428908075891556, 27.11079594861349 ], [ -90.431603021743911, 27.11079594861349 ], [ -90.431603021743911, 27.110975611670312 ], [ -90.43214201091439, 27.110975611670312 ], [ -90.43214201091439, 27.111155274727139 ], [ -90.432681000084855, 27.111155274727139 ], [ -90.432681000084855, 27.111334937783962 ], [ -90.432860663141682, 27.111334937783962 ], [ -90.432860663141682, 27.111514600840785 ], [ -90.433399652312147, 27.111514600840785 ], [ -90.433399652312147, 27.111694263897608 ], [ -90.4337589784258, 27.111694263897608 ], [ -90.4337589784258, 27.111873926954434 ], [ -90.433938641482627, 27.111873926954434 ], [ -90.433938641482627, 27.112053590011257 ], [ -90.433399652312147, 27.112053590011257 ], [ -90.433399652312147, 27.11223325306808 ], [ -90.43214201091439, 27.11223325306808 ], [ -90.43214201091439, 27.112053590011257 ] ] ], [ [ [ -90.434836956766745, 27.111873926954434 ], [ -90.435196282880398, 27.111873926954434 ], [ -90.435196282880398, 27.111694263897608 ], [ -90.436094598164516, 27.111694263897608 ], [ -90.436094598164516, 27.111873926954434 ], [ -90.436274261221342, 27.111873926954434 ], [ -90.436274261221342, 27.112053590011257 ], [ -90.434836956766745, 27.112053590011257 ], [ -90.434836956766745, 27.111873926954434 ] ] ] ] } },
{ "type": "Feature", "properties": { "cluster_id": 18, "component_ids": "33,35,36", "n_parts": 3, "area_m2": 433668.43665597588, "confidence": 0.87342037148872398, "prob_max": 0.99918836355209351, "centroid_lon": -90.463487778898326, "centroid_lat": 27.129695459176066, "length_m": 2679.6111891687674, "axis_bearing_deg": 86.471791485835993, "width_proxy_m": 161.84006038223129, "elongation": 4.707943284058735, "end1_lon": -90.448850675199139, "end1_lat": 27.130649387677863, "end2_lon": -90.475827859887502, "end2_lat": 27.129161386551793, "wind_u": -3.9486525795552376, "wind_v": 7.7419523977069513, "wind_speed_m_s": 8.6907815599282348, "wind_from_deg": 152.97690988479238, "wind_class": "valid", "wind_factor": 1.0, "size_factor": 0.98692017571039503, "slick_potential": 0.86199618649868992, "eligible": true, "ineligible_reason": "", "potential_rank": 12, "selected": true, "selection_basis": "policy_v1_top_potential" }, "geometry": { "type": "MultiPolygon", "coordinates": [ [ [ [ -90.47076956813153, 27.130199558750473 ], [ -90.47076956813153, 27.130019895693646 ], [ -90.470230578961051, 27.130019895693646 ], [ -90.470230578961051, 27.129840232636823 ], [ -90.469691589790585, 27.129840232636823 ], [ -90.469691589790585, 27.12966056958 ], [ -90.468433948392814, 27.12966056958 ], [ -90.468433948392814, 27.129840232636823 ], [ -90.467894959222349, 27.129840232636823 ], [ -90.467894959222349, 27.130019895693646 ], [ -90.466637317824578, 27.130019895693646 ], [ -90.466637317824578, 27.129840232636823 ], [ -90.466277991710925, 27.129840232636823 ], [ -90.466277991710925, 27.12966056958 ], [ -90.466098328654098, 27.12966056958 ], [ -90.466098328654098, 27.129480906523177 ], [ -90.465559339483633, 27.129480906523177 ], [ -90.465559339483633, 27.129301243466351 ], [ -90.46520001336998, 27.129301243466351 ], [ -90.46520001336998, 27.129121580409528 ], [ -90.464122035029035, 27.129121580409528 ], [ -90.464122035029035, 27.129301243466351 ], [ -90.463762708915397, 27.129301243466351 ], [ -90.463762708915397, 27.129480906523177 ], [ -90.46358304585857, 27.129480906523177 ], [ -90.46358304585857, 27.12966056958 ], [ -90.463403382801744, 27.12966056958 ], [ -90.463403382801744, 27.129840232636823 ], [ -90.461427089176681, 27.129840232636823 ], [ -90.461427089176681, 27.12966056958 ], [ -90.461067763063042, 27.12966056958 ], [ -90.461067763063042, 27.129480906523177 ], [ -90.460708436949389, 27.129480906523177 ], [ -90.460708436949389, 27.129301243466351 ], [ -90.460528773892563, 27.129301243466351 ], [ -90.460528773892563, 27.128941917352705 ], [ -90.460708436949389, 27.128941917352705 ], [ -90.460708436949389, 27.128762254295879 ], [ -90.461247426119854, 27.128762254295879 ], [ -90.461247426119854, 27.128582591239056 ], [ -90.461786415290334, 27.128582591239056 ], [ -90.461786415290334, 27.128402928182233 ], [ -90.462145741403972, 27.128402928182233 ], [ -90.462145741403972, 27.12822326512541 ], [ -90.462684730574452, 27.12822326512541 ], [ -90.462684730574452, 27.128043602068583 ], [ -90.463403382801744, 27.128043602068583 ], [ -90.463403382801744, 27.12822326512541 ], [ -90.464122035029035, 27.12822326512541 ], [ -90.464122035029035, 27.128043602068583 ], [ -90.464301698085862, 27.128043602068583 ], [ -90.464301698085862, 27.12786393901176 ], [ -90.464481361142688, 27.12786393901176 ], [ -90.464481361142688, 27.127684275954937 ], [ -90.464661024199515, 27.127684275954937 ], [ -90.464661024199515, 27.127504612898115 ], [ -90.465020350313168, 27.127504612898115 ], [ -90.465020350313168, 27.127324949841288 ], [ -90.46573900254046, 27.127324949841288 ], [ -90.46573900254046, 27.127145286784465 ], [ -90.466277991710925, 27.127145286784465 ], [ -90.466277991710925, 27.127324949841288 ], [ -90.468613611449641, 27.127324949841288 ], [ -90.468613611449641, 27.127504612898115 ], [ -90.469332263676932, 27.127504612898115 ], [ -90.469332263676932, 27.127684275954937 ], [ -90.469511926733759, 27.127684275954937 ], [ -90.469511926733759, 27.12786393901176 ], [ -90.469871252847412, 27.12786393901176 ], [ -90.469871252847412, 27.128043602068583 ], [ -90.470589905074704, 27.128043602068583 ], [ -90.470589905074704, 27.12822326512541 ], [ -90.471488220358822, 27.12822326512541 ], [ -90.471488220358822, 27.128043602068583 ], [ -90.472027209529287, 27.128043602068583 ], [ -90.472027209529287, 27.12786393901176 ], [ -90.47238653564294, 27.12786393901176 ], [ -90.47238653564294, 27.127684275954937 ], [ -90.473464513983885, 27.127684275954937 ], [ -90.473464513983885, 27.12786393901176 ], [ -90.473644177040711, 27.12786393901176 ], [ -90.473644177040711, 27.128402928182233 ], [ -90.473823840097538, 27.128402928182233 ], [ -90.473823840097538, 27.129121580409528 ], [ -90.473644177040711, 27.129121580409528 ], [ -90.473644177040711, 27.12966056958 ], [ -90.473464513983885, 27.12966056958 ], [ -90.473464513983885, 27.130019895693646 ], [ -90.473105187870232, 27.130019895693646 ], [ -90.473105187870232, 27.130199558750473 ], [ -90.47076956813153, 27.130199558750473 ] ] ], [ [ [ -90.476518785949892, 27.13145720014824 ], [ -90.476339122893066, 27.13145720014824 ], [ -90.476339122893066, 27.131277537091414 ], [ -90.476159459836239, 27.131277537091414 ], [ -90.476159459836239, 27.130379221807296 ], [ -90.476339122893066, 27.130379221807296 ], [ -90.476339122893066, 27.130199558750473 ], [ -90.47741710123401, 27.130199558750473 ], [ -90.47741710123401, 27.130379221807296 ], [ -90.477776427347663, 27.130379221807296 ], [ -90.477776427347663, 27.130918210977768 ], [ -90.477956090404476, 27.130918210977768 ], [ -90.477956090404476, 27.131277537091414 ], [ -90.477776427347663, 27.131277537091414 ], [ -90.477776427347663, 27.13145720014824 ], [ -90.477596764290837, 27.13145720014824 ], [ -90.477596764290837, 27.131636863205063 ], [ -90.476518785949892, 27.131636863205063 ], [ -90.476518785949892, 27.13145720014824 ] ] ], [ [ [ -90.451006631880901, 27.132894504602831 ], [ -90.450647305767248, 27.132894504602831 ], [ -90.450647305767248, 27.132714841546004 ], [ -90.450287979653595, 27.132714841546004 ], [ -90.450287979653595, 27.132535178489182 ], [ -90.449928653539956, 27.132535178489182 ], [ -90.449928653539956, 27.132355515432359 ], [ -90.44974899048313, 27.132355515432359 ], [ -90.44974899048313, 27.132175852375536 ], [ -90.449389664369477, 27.132175852375536 ], [ -90.449389664369477, 27.131996189318709 ], [ -90.449210001312665, 27.131996189318709 ], [ -90.449210001312665, 27.131816526261886 ], [ -90.449030338255838, 27.131816526261886 ], [ -90.449030338255838, 27.13145720014824 ], [ -90.448850675199012, 27.13145720014824 ], [ -90.448850675199012, 27.130558884864119 ], [ -90.449030338255838, 27.130558884864119 ], [ -90.449030338255838, 27.130379221807296 ], [ -90.449389664369477, 27.130379221807296 ], [ -90.449389664369477, 27.130199558750473 ], [ -90.452084610221846, 27.130199558750473 ], [ -90.452084610221846, 27.130379221807296 ], [ -90.452982925505964, 27.130379221807296 ], [ -90.452982925505964, 27.130558884864119 ], [ -90.453342251619603, 27.130558884864119 ], [ -90.453342251619603, 27.130738547920942 ], [ -90.453701577733256, 27.130738547920942 ], [ -90.453701577733256, 27.130918210977768 ], [ -90.454420229960547, 27.130918210977768 ], [ -90.454420229960547, 27.131097874034591 ], [ -90.454959219131027, 27.131097874034591 ], [ -90.454959219131027, 27.131277537091414 ], [ -90.455138882187853, 27.131277537091414 ], [ -90.455138882187853, 27.13145720014824 ], [ -90.455318545244666, 27.13145720014824 ], [ -90.455318545244666, 27.131996189318709 ], [ -90.455138882187853, 27.131996189318709 ], [ -90.455138882187853, 27.132175852375536 ], [ -90.453881240790082, 27.132175852375536 ], [ -90.453881240790082, 27.131996189318709 ], [ -90.453342251619603, 27.131996189318709 ], [ -90.453342251619603, 27.131816526261886 ], [ -90.452982925505964, 27.131816526261886 ], [ -90.452982925505964, 27.131996189318709 ], [ -90.452623599392311, 27.131996189318709 ], [ -90.452623599392311, 27.132175852375536 ], [ -90.452443936335484, 27.132175852375536 ], [ -90.452443936335484, 27.132355515432359 ], [ -90.452264273278658, 27.132355515432359 ], [ -90.452264273278658, 27.132714841546004 ], [ -90.452084610221846, 27.132714841546004 ], [ -90.452084610221846, 27.132894504602831 ], [ -90.451545621051366, 27.132894504602831 ], [ -90.451545621051366, 27.133074167659654 ], [ -90.451006631880901, 27.133074167659654 ], [ -90.451006631880901, 27.132894504602831 ] ] ] ] } },
{ "type": "Feature", "properties": { "cluster_id": 10, "component_ids": "16,17", "n_parts": 2, "area_m2": 209475.38951736689, "confidence": 0.92393100005992124, "prob_max": 0.99994003772735596, "centroid_lon": -90.238081300235152, "centroid_lat": 27.93512251345367, "length_m": 1230.2539287680158, "axis_bearing_deg": 19.800680519548507, "width_proxy_m": 170.27004313421449, "elongation": 3.0231875288848418, "end1_lon": -90.240128228314617, "end1_lat": 27.930418802620515, "end2_lon": -90.23589385495417, "end2_lat": 27.940863971855972, "wind_u": -5.1158995613608536, "wind_v": 6.9491781703676985, "wind_speed_m_s": 8.6292239260229611, "wind_from_deg": 143.63995626768187, "wind_class": "valid", "wind_factor": 1.0, "size_factor": 0.8768994644377518, "slick_potential": 0.81019459912998137, "eligible": true, "ineligible_reason": "", "potential_rank": 13, "selected": false, "selection_basis": "" }, "geometry": { "type": "MultiPolygon", "coordinates": [ [ [ [ -90.238105909544572, 27.934012074980618 ], [ -90.238105909544572, 27.933832411923795 ], [ -90.237926246487746, 27.933832411923795 ], [ -90.237926246487746, 27.933473085810146 ], [ -90.237746583430919, 27.933473085810146 ], [ -90.237746583430919, 27.932574770526028 ], [ -90.237566920374093, 27.932574770526028 ], [ -90.237566920374093, 27.93131712912826 ], [ -90.237746583430919, 27.93131712912826 ], [ -90.237746583430919, 27.930957803014611 ], [ -90.237926246487746, 27.930957803014611 ], [ -90.237926246487746, 27.930778139957788 ], [ -90.238285572601399, 27.930778139957788 ], [ -90.238285572601399, 27.930598476900965 ], [ -90.238824561771864, 27.930598476900965 ], [ -90.238824561771864, 27.930418813844138 ], [ -90.240441529283288, 27.930418813844138 ], [ -90.240441529283288, 27.930598476900965 ], [ -90.240800855396927, 27.930598476900965 ], [ -90.240800855396927, 27.930957803014611 ], [ -90.240980518453753, 27.930957803014611 ], [ -90.240980518453753, 27.931137466071434 ], [ -90.24116018151058, 27.931137466071434 ], [ -90.24116018151058, 27.933293422753323 ], [ -90.240980518453753, 27.933293422753323 ], [ -90.240980518453753, 27.933473085810146 ], [ -90.240800855396927, 27.933473085810146 ], [ -90.240800855396927, 27.933652748866969 ], [ -90.2406211923401, 27.933652748866969 ], [ -90.2406211923401, 27.933832411923795 ], [ -90.240082203169635, 27.933832411923795 ], [ -90.240082203169635, 27.934012074980618 ], [ -90.238105909544572, 27.934012074980618 ] ] ], [ [ [ -90.236668605089974, 27.941018934196752 ], [ -90.236668605089974, 27.940839271139925 ], [ -90.235770289805856, 27.940839271139925 ], [ -90.235770289805856, 27.940659608083102 ], [ -90.235410963692217, 27.940659608083102 ], [ -90.235410963692217, 27.940479945026279 ], [ -90.235231300635391, 27.940479945026279 ], [ -90.235231300635391, 27.940300281969453 ], [ -90.235051637578565, 27.940300281969453 ], [ -90.235051637578565, 27.939940955855807 ], [ -90.234871974521738, 27.939940955855807 ], [ -90.234871974521738, 27.939401966685335 ], [ -90.234692311464912, 27.939401966685335 ], [ -90.234692311464912, 27.938503651401216 ], [ -90.234871974521738, 27.938503651401216 ], [ -90.234871974521738, 27.937964662230744 ], [ -90.235051637578565, 27.937964662230744 ], [ -90.235051637578565, 27.937784999173921 ], [ -90.235231300635391, 27.937784999173921 ], [ -90.235231300635391, 27.937605336117095 ], [ -90.235410963692217, 27.937605336117095 ], [ -90.235410963692217, 27.937425673060272 ], [ -90.235949952862683, 27.937425673060272 ], [ -90.235949952862683, 27.937605336117095 ], [ -90.236309278976336, 27.937605336117095 ], [ -90.236309278976336, 27.937784999173921 ], [ -90.236668605089974, 27.937784999173921 ], [ -90.236668605089974, 27.938144325287567 ], [ -90.236848268146801, 27.938144325287567 ], [ -90.236848268146801, 27.93832398834439 ], [ -90.237027931203627, 27.93832398834439 ], [ -90.237027931203627, 27.938503651401216 ], [ -90.237207594260454, 27.938503651401216 ], [ -90.237207594260454, 27.938862977514862 ], [ -90.23738725731728, 27.938862977514862 ], [ -90.23738725731728, 27.939222303628512 ], [ -90.237566920374093, 27.939222303628512 ], [ -90.237566920374093, 27.939401966685335 ], [ -90.237746583430919, 27.939401966685335 ], [ -90.237746583430919, 27.939761292798984 ], [ -90.237926246487746, 27.939761292798984 ], [ -90.237926246487746, 27.939940955855807 ], [ -90.237746583430919, 27.939940955855807 ], [ -90.237746583430919, 27.940659608083102 ], [ -90.237566920374093, 27.940659608083102 ], [ -90.237566920374093, 27.940839271139925 ], [ -90.237027931203627, 27.940839271139925 ], [ -90.237027931203627, 27.941018934196752 ], [ -90.236668605089974, 27.941018934196752 ] ] ] ] } },
{ "type": "Feature", "properties": { "cluster_id": 5, "component_ids": "8,9,10", "n_parts": 3, "area_m2": 297173.31368276477, "confidence": 0.83801839313840332, "prob_max": 0.99396193027496338, "centroid_lon": -89.077907722556461, "centroid_lat": 28.182072602696177, "length_m": 1778.7606117961664, "axis_bearing_deg": 126.77013297133948, "width_proxy_m": 167.0676265889897, "elongation": 3.8621136845838406, "end1_lon": -89.084011267689391, "end1_lat": 28.186618320659218, "end2_lon": -89.069500997151849, "end2_lat": 28.177010240206492, "wind_u": -3.7417593626755687, "wind_v": 6.8336177954147077, "wind_speed_m_s": 7.7909624117934779, "wind_from_deg": 151.29701398213129, "wind_class": "valid", "wind_factor": 1.0, "size_factor": 0.94878552831759222, "slick_potential": 0.79509972387367966, "eligible": true, "ineligible_reason": "", "potential_rank": 14, "selected": false, "selection_basis": "" }, "geometry": { "type": "MultiPolygon", "coordinates": [ [ [ [ -89.07299098604156, 28.178892821431599 ], [ -89.07299098604156, 28.178713158374777 ], [ -89.072631659927907, 28.178713158374777 ], [ -89.072631659927907, 28.17853349531795 ], [ -89.072451996871081, 28.17853349531795 ], [ -89.072451996871081, 28.178353832261127 ], [ -89.072092670757428, 28.178353832261127 ], [ -89.072092670757428, 28.178174169204304 ], [ -89.071374018530136, 28.178174169204304 ], [ -89.071374018530136, 28.177994506147478 ], [ -89.070655366302844, 28.177994506147478 ], [ -89.070655366302844, 28.177814843090655 ], [ -89.070296040189191, 28.177814843090655 ], [ -89.070296040189191, 28.177635180033832 ], [ -89.070116377132365, 28.177635180033832 ], [ -89.070116377132365, 28.177455516977009 ], [ -89.069936714075553, 28.177455516977009 ], [ -89.069936714075553, 28.177275853920182 ], [ -89.069757051018726, 28.177275853920182 ], [ -89.069757051018726, 28.177096190863359 ], [ -89.0695773879619, 28.177096190863359 ], [ -89.0695773879619, 28.176736864749714 ], [ -89.069397724905073, 28.176736864749714 ], [ -89.069397724905073, 28.176557201692887 ], [ -89.069218061848247, 28.176557201692887 ], [ -89.069218061848247, 28.176377538636064 ], [ -89.069038398791434, 28.176377538636064 ], [ -89.069038398791434, 28.176197875579241 ], [ -89.068858735734608, 28.176197875579241 ], [ -89.068858735734608, 28.176018212522415 ], [ -89.068679072677782, 28.176018212522415 ], [ -89.068679072677782, 28.175838549465592 ], [ -89.068499409620955, 28.175838549465592 ], [ -89.068499409620955, 28.175658886408769 ], [ -89.068319746564129, 28.175658886408769 ], [ -89.068319746564129, 28.175479223351946 ], [ -89.068140083507302, 28.175479223351946 ], [ -89.068140083507302, 28.174580908067824 ], [ -89.068319746564129, 28.174580908067824 ], [ -89.068319746564129, 28.174401245011001 ], [ -89.069038398791434, 28.174401245011001 ], [ -89.069038398791434, 28.174580908067824 ], [ -89.069218061848247, 28.174580908067824 ], [ -89.069218061848247, 28.174760571124651 ], [ -89.069397724905073, 28.174760571124651 ], [ -89.069397724905073, 28.174940234181474 ], [ -89.069936714075553, 28.174940234181474 ], [ -89.069936714075553, 28.175119897238297 ], [ -89.070475703246018, 28.175119897238297 ], [ -89.070475703246018, 28.17529956029512 ], [ -89.070835029359671, 28.17529956029512 ], [ -89.070835029359671, 28.175479223351946 ], [ -89.071014692416497, 28.175479223351946 ], [ -89.071014692416497, 28.175658886408769 ], [ -89.071374018530136, 28.175658886408769 ], [ -89.071374018530136, 28.175838549465592 ], [ -89.071553681586963, 28.175838549465592 ], [ -89.071553681586963, 28.176018212522415 ], [ -89.071733344643789, 28.176018212522415 ], [ -89.071733344643789, 28.176197875579241 ], [ -89.071913007700616, 28.176197875579241 ], [ -89.071913007700616, 28.176377538636064 ], [ -89.072092670757428, 28.176377538636064 ], [ -89.072092670757428, 28.176557201692887 ], [ -89.072272333814254, 28.176557201692887 ], [ -89.072272333814254, 28.176736864749714 ], [ -89.072451996871081, 28.176736864749714 ], [ -89.072451996871081, 28.177096190863359 ], [ -89.072631659927907, 28.177096190863359 ], [ -89.072631659927907, 28.177455516977009 ], [ -89.072811322984734, 28.177455516977009 ], [ -89.072811322984734, 28.177635180033832 ], [ -89.07299098604156, 28.177635180033832 ], [ -89.07299098604156, 28.177994506147478 ], [ -89.073170649098373, 28.177994506147478 ], [ -89.073170649098373, 28.178174169204304 ], [ -89.073529975212026, 28.178174169204304 ], [ -89.073529975212026, 28.17853349531795 ], [ -89.073350312155199, 28.17853349531795 ], [ -89.073350312155199, 28.178892821431599 ], [ -89.07299098604156, 28.178892821431599 ] ] ], [ [ [ -89.07676391023486, 28.183743723965843 ], [ -89.076584247178033, 28.183743723965843 ], [ -89.076584247178033, 28.183204734795371 ], [ -89.07676391023486, 28.183204734795371 ], [ -89.07676391023486, 28.183025071738548 ], [ -89.077302899405325, 28.183025071738548 ], [ -89.077302899405325, 28.183204734795371 ], [ -89.077662225518978, 28.183204734795371 ], [ -89.077662225518978, 28.183384397852198 ], [ -89.077841888575804, 28.183384397852198 ], [ -89.077841888575804, 28.183743723965843 ], [ -89.077662225518978, 28.183743723965843 ], [ -89.077662225518978, 28.184103050079493 ], [ -89.07676391023486, 28.184103050079493 ], [ -89.07676391023486, 28.183743723965843 ] ] ], [ [ [ -89.083950432507805, 28.186438669818202 ], [ -89.080177508314506, 28.186438669818202 ], [ -89.080177508314506, 28.186259006761379 ], [ -89.079638519144041, 28.186259006761379 ], [ -89.079638519144041, 28.186079343704556 ], [ -89.079279193030388, 28.186079343704556 ], [ -89.079279193030388, 28.185899680647733 ], [ -89.079099529973561, 28.185899680647733 ], [ -89.079099529973561, 28.185540354534083 ], [ -89.078919866916749, 28.185540354534083 ], [ -89.078919866916749, 28.185181028420434 ], [ -89.078740203859923, 28.185181028420434 ], [ -89.078740203859923, 28.184282713136316 ], [ -89.078919866916749, 28.184282713136316 ], [ -89.078919866916749, 28.183923387022666 ], [ -89.079279193030388, 28.183923387022666 ], [ -89.079279193030388, 28.183743723965843 ], [ -89.081614812769104, 28.183743723965843 ], [ -89.081614812769104, 28.183923387022666 ], [ -89.083770769450993, 28.183923387022666 ], [ -89.083770769450993, 28.184103050079493 ], [ -89.084130095564632, 28.184103050079493 ], [ -89.084130095564632, 28.184282713136316 ], [ -89.084309758621458, 28.184282713136316 ], [ -89.084309758621458, 28.184462376193139 ], [ -89.084669084735111, 28.184462376193139 ], [ -89.084669084735111, 28.184642039249965 ], [ -89.084848747791938, 28.184642039249965 ], [ -89.084848747791938, 28.184821702306788 ], [ -89.085208073905576, 28.184821702306788 ], [ -89.085208073905576, 28.185001365363611 ], [ -89.085387736962403, 28.185001365363611 ], [ -89.085387736962403, 28.185181028420434 ], [ -89.085747063076056, 28.185181028420434 ], [ -89.085747063076056, 28.185360691477261 ], [ -89.085926726132868, 28.185360691477261 ], [ -89.085926726132868, 28.185720017590906 ], [ -89.086106389189695, 28.185720017590906 ], [ -89.086106389189695, 28.186438669818202 ], [ -89.085747063076056, 28.186438669818202 ], [ -89.085747063076056, 28.186618332875028 ], [ -89.083950432507805, 28.186618332875028 ], [ -89.083950432507805, 28.186438669818202 ] ] ] ] } },
{ "type": "Feature", "properties": { "cluster_id": 13, "component_ids": "23", "n_parts": 1, "area_m2": 122787.243486166, "confidence": 0.88451260706189727, "prob_max": 0.99428564310073853, "centroid_lon": -90.554055821232694, "centroid_lat": 27.367245805073701, "length_m": 641.08244579824486, "axis_bearing_deg": 126.74884788403801, "width_proxy_m": 191.53112722229864, "elongation": 2.460530305295733, "end1_lon": -90.551438280645513, "end1_lat": 27.365528179149713, "end2_lon": -90.556630590834231, "end2_lat": 27.368989667223037, "wind_u": -3.8756626142802899, "wind_v": 7.7811225365671204, "wind_speed_m_s": 8.6929067997306095, "wind_from_deg": 153.52278022328508, "wind_class": "valid", "wind_factor": 1.0, "size_factor": 0.7070848888152077, "slick_potential": 0.62542549842001116, "eligible": true, "ineligible_reason": "", "potential_rank": 15, "selected": false, "selection_basis": "" }, "geometry": { "type": "Polygon", "coordinates": [ [ [ -90.556468846236527, 27.369151424326265 ], [ -90.556468846236527, 27.368971761269439 ], [ -90.556648509293353, 27.368971761269439 ], [ -90.556648509293353, 27.368792098212616 ], [ -90.55682817235018, 27.368792098212616 ], [ -90.55682817235018, 27.367714119871671 ], [ -90.556648509293353, 27.367714119871671 ], [ -90.556648509293353, 27.367534456814848 ], [ -90.5562891831797, 27.367534456814848 ], [ -90.5562891831797, 27.367354793758025 ], [ -90.555929857066062, 27.367354793758025 ], [ -90.555929857066062, 27.367175130701202 ], [ -90.555570530952409, 27.367175130701202 ], [ -90.555570530952409, 27.366995467644376 ], [ -90.555390867895582, 27.366995467644376 ], [ -90.555390867895582, 27.366815804587553 ], [ -90.555211204838756, 27.366815804587553 ], [ -90.555211204838756, 27.36663614153073 ], [ -90.554851878725117, 27.36663614153073 ], [ -90.554851878725117, 27.366456478473904 ], [ -90.55467221566829, 27.366456478473904 ], [ -90.55467221566829, 27.366276815417081 ], [ -90.554492552611464, 27.366276815417081 ], [ -90.554492552611464, 27.366097152360258 ], [ -90.554133226497811, 27.366097152360258 ], [ -90.554133226497811, 27.365917489303435 ], [ -90.553414574270519, 27.365917489303435 ], [ -90.553414574270519, 27.365737826246608 ], [ -90.552875585100054, 27.365737826246608 ], [ -90.552875585100054, 27.365558163189785 ], [ -90.552516258986401, 27.365558163189785 ], [ -90.552516258986401, 27.365378500132962 ], [ -90.552336595929575, 27.365378500132962 ], [ -90.552336595929575, 27.365198837076139 ], [ -90.551977269815936, 27.365198837076139 ], [ -90.551977269815936, 27.365019174019313 ], [ -90.551617943702283, 27.365019174019313 ], [ -90.551617943702283, 27.365378500132962 ], [ -90.551438280645456, 27.365378500132962 ], [ -90.551438280645456, 27.36663614153073 ], [ -90.551617943702283, 27.36663614153073 ], [ -90.551617943702283, 27.366995467644376 ], [ -90.551797606759109, 27.366995467644376 ], [ -90.551797606759109, 27.367175130701202 ], [ -90.551977269815936, 27.367175130701202 ], [ -90.551977269815936, 27.367354793758025 ], [ -90.552516258986401, 27.367354793758025 ], [ -90.552516258986401, 27.367534456814848 ], [ -90.552695922043227, 27.367534456814848 ], [ -90.552695922043227, 27.367714119871671 ], [ -90.55305524815688, 27.367714119871671 ], [ -90.55305524815688, 27.367893782928498 ], [ -90.553234911213693, 27.367893782928498 ], [ -90.553234911213693, 27.368073445985321 ], [ -90.553414574270519, 27.368073445985321 ], [ -90.553414574270519, 27.368253109042143 ], [ -90.553594237327346, 27.368253109042143 ], [ -90.553594237327346, 27.36843277209897 ], [ -90.553953563440999, 27.36843277209897 ], [ -90.553953563440999, 27.368612435155793 ], [ -90.554312889554637, 27.368612435155793 ], [ -90.554312889554637, 27.368792098212616 ], [ -90.555211204838756, 27.368792098212616 ], [ -90.555211204838756, 27.368971761269439 ], [ -90.555750194009235, 27.368971761269439 ], [ -90.555750194009235, 27.369151424326265 ], [ -90.556468846236527, 27.369151424326265 ] ] ] } },
{ "type": "Feature", "properties": { "cluster_id": 8, "component_ids": "14", "n_parts": 1, "area_m2": 69941.640500761569, "confidence": 0.87219973185553623, "prob_max": 0.99090290069580078, "centroid_lon": -88.865479703995248, "centroid_lat": 28.120714944294892, "length_m": 418.05605989078299, "axis_bearing_deg": 145.41109074424745, "width_proxy_m": 167.30206116144757, "elongation": 1.8493400963872519, "end1_lon": -88.866737796807641, "end1_lat": 28.122170575610063, "end2_lon": -88.864322337130659, "end2_lat": 28.119065011172523, "wind_u": -3.8690174170489557, "wind_v": 7.1016106434905355, "wind_speed_m_s": 8.0871607814588575, "wind_from_deg": 151.41807873356476, "wind_class": "valid", "wind_factor": 1.0, "size_factor": 0.50312480693126849, "slick_potential": 0.43882532169532079, "eligible": true, "ineligible_reason": "", "potential_rank": 16, "selected": false, "selection_basis": "" }, "geometry": { "type": "Polygon", "coordinates": [ [ [ -88.866558133750885, 28.122658284645716 ], [ -88.866558133750885, 28.122478621588893 ], [ -88.866737796807712, 28.122478621588893 ], [ -88.866737796807712, 28.12050232796383 ], [ -88.866558133750885, 28.12050232796383 ], [ -88.866558133750885, 28.120143001850181 ], [ -88.866378470694059, 28.120143001850181 ], [ -88.866378470694059, 28.119963338793358 ], [ -88.866198807637247, 28.119963338793358 ], [ -88.866198807637247, 28.119783675736535 ], [ -88.86601914458042, 28.119783675736535 ], [ -88.86601914458042, 28.119604012679712 ], [ -88.865659818466767, 28.119604012679712 ], [ -88.865659818466767, 28.119424349622886 ], [ -88.865480155409941, 28.119424349622886 ], [ -88.865480155409941, 28.119244686566063 ], [ -88.865120829296302, 28.119244686566063 ], [ -88.865120829296302, 28.11906502350924 ], [ -88.864222514012184, 28.11906502350924 ], [ -88.864222514012184, 28.119244686566063 ], [ -88.864042850955357, 28.119244686566063 ], [ -88.864042850955357, 28.119424349622886 ], [ -88.863863187898531, 28.119424349622886 ], [ -88.863863187898531, 28.119963338793358 ], [ -88.864042850955357, 28.119963338793358 ], [ -88.864042850955357, 28.12050232796383 ], [ -88.864222514012184, 28.12050232796383 ], [ -88.864222514012184, 28.120681991020653 ], [ -88.864402177068996, 28.120681991020653 ], [ -88.864402177068996, 28.120861654077476 ], [ -88.864581840125823, 28.120861654077476 ], [ -88.864581840125823, 28.121041317134303 ], [ -88.864761503182649, 28.121041317134303 ], [ -88.864761503182649, 28.121220980191126 ], [ -88.864941166239475, 28.121220980191126 ], [ -88.864941166239475, 28.121400643247949 ], [ -88.865120829296302, 28.121400643247949 ], [ -88.865120829296302, 28.121759969361598 ], [ -88.865300492353114, 28.121759969361598 ], [ -88.865300492353114, 28.122119295475244 ], [ -88.865480155409941, 28.122119295475244 ], [ -88.865480155409941, 28.12229895853207 ], [ -88.865659818466767, 28.12229895853207 ], [ -88.865659818466767, 28.122478621588893 ], [ -88.86601914458042, 28.122478621588893 ], [ -88.86601914458042, 28.122658284645716 ], [ -88.866558133750885, 28.122658284645716 ] ] ] } },
{ "type": "Feature", "properties": { "cluster_id": 20, "component_ids": "43", "n_parts": 1, "area_m2": 65639.095601476729, "confidence": 0.90112512530507272, "prob_max": 0.99543184041976929, "centroid_lon": -90.219054341883805, "centroid_lat": 27.061323055249964, "length_m": 298.61203154887983, "axis_bearing_deg": 179.99984069397829, "width_proxy_m": 219.81396818142693, "elongation": 1.1169657931984847, "end1_lon": -90.219151457028829, "end1_lat": 27.062646236966778, "end2_lon": -90.219151446342352, "end2_lat": 27.059951291627076, "wind_u": -4.0599627204043216, "wind_v": 7.4009241267207688, "wind_speed_m_s": 8.4413846743618102, "wind_from_deg": 151.25192384788176, "wind_class": "valid", "wind_factor": 1.0, "size_factor": 0.48127995620962538, "slick_potential": 0.43369346084621857, "eligible": true, "ineligible_reason": "", "potential_rank": 17, "selected": false, "selection_basis": "" }, "geometry": { "type": "Polygon", "coordinates": [ [ [ -90.219780277748526, 27.062646249384684 ], [ -90.219780277748526, 27.062466586327858 ], [ -90.220319266919006, 27.062466586327858 ], [ -90.220319266919006, 27.062286923271035 ], [ -90.220498929975832, 27.062286923271035 ], [ -90.220498929975832, 27.061388607986917 ], [ -90.220319266919006, 27.061388607986917 ], [ -90.220319266919006, 27.061029281873267 ], [ -90.220139603862179, 27.061029281873267 ], [ -90.220139603862179, 27.060669955759622 ], [ -90.219959940805353, 27.060669955759622 ], [ -90.219959940805353, 27.060490292702795 ], [ -90.219780277748526, 27.060490292702795 ], [ -90.219780277748526, 27.060310629645972 ], [ -90.219600614691714, 27.060310629645972 ], [ -90.219600614691714, 27.060130966589149 ], [ -90.219420951634888, 27.060130966589149 ], [ -90.219420951634888, 27.059951303532326 ], [ -90.21798364718029, 27.059951303532326 ], [ -90.21798364718029, 27.060130966589149 ], [ -90.217803984123464, 27.060130966589149 ], [ -90.217803984123464, 27.061927597157389 ], [ -90.21798364718029, 27.061927597157389 ], [ -90.21798364718029, 27.062286923271035 ], [ -90.218163310237117, 27.062286923271035 ], [ -90.218163310237117, 27.062466586327858 ], [ -90.218881962464408, 27.062466586327858 ], [ -90.218881962464408, 27.062646249384684 ], [ -90.219780277748526, 27.062646249384684 ] ] ] } },
{ "type": "Feature", "properties": { "cluster_id": 4, "component_ids": "7", "n_parts": 1, "area_m2": 44955.67300414294, "confidence": 0.82405079854652286, "prob_max": 0.96686971187591553, "centroid_lon": -89.105713523883239, "centroid_lat": 28.198304853274369, "length_m": 341.3734916064181, "axis_bearing_deg": 138.46152293949882, "width_proxy_m": 131.69057970082213, "elongation": 1.8467949022654837, "end1_lon": -89.106857477282546, "end1_lat": 28.199464223918721, "end2_lon": -89.104551816584177, "end2_lat": 28.197158543004559, "wind_u": -3.7512485803001869, "wind_v": 6.818933080561556, "wind_speed_m_s": 7.7826547057145534, "wind_from_deg": 151.18381744303818, "wind_class": "valid", "wind_factor": 1.0, "size_factor": 0.36208914432139505, "slick_potential": 0.29837984852307275, "eligible": true, "ineligible_reason": "", "potential_rank": 18, "selected": false, "selection_basis": "" }, "geometry": { "type": "Polygon", "coordinates": [ [ [ -89.106767640724442, 28.199554072966347 ], [ -89.106767640724442, 28.199374409909524 ], [ -89.106947303781268, 28.199374409909524 ], [ -89.106947303781268, 28.198476094625406 ], [ -89.106767640724442, 28.198476094625406 ], [ -89.106767640724442, 28.198116768511756 ], [ -89.10658797766763, 28.198116768511756 ], [ -89.10658797766763, 28.197937105454933 ], [ -89.106408314610803, 28.197937105454933 ], [ -89.106408314610803, 28.19775744239811 ], [ -89.106228651553977, 28.19775744239811 ], [ -89.106228651553977, 28.197577779341284 ], [ -89.10604898849715, 28.197577779341284 ], [ -89.10604898849715, 28.197398116284461 ], [ -89.105869325440324, 28.197398116284461 ], [ -89.105869325440324, 28.197218453227638 ], [ -89.105150673213032, 28.197218453227638 ], [ -89.105150673213032, 28.197038790170811 ], [ -89.104791347099379, 28.197038790170811 ], [ -89.104791347099379, 28.197218453227638 ], [ -89.10443202098574, 28.197218453227638 ], [ -89.10443202098574, 28.197398116284461 ], [ -89.104252357928914, 28.197398116284461 ], [ -89.104252357928914, 28.197937105454933 ], [ -89.104611684042567, 28.197937105454933 ], [ -89.104611684042567, 28.198116768511756 ], [ -89.104791347099379, 28.198116768511756 ], [ -89.104791347099379, 28.198296431568579 ], [ -89.104971010156206, 28.198296431568579 ], [ -89.104971010156206, 28.198655757682229 ], [ -89.105150673213032, 28.198655757682229 ], [ -89.105150673213032, 28.199015083795874 ], [ -89.105330336269859, 28.199015083795874 ], [ -89.105330336269859, 28.199194746852701 ], [ -89.105509999326685, 28.199194746852701 ], [ -89.105509999326685, 28.199374409909524 ], [ -89.105869325440324, 28.199374409909524 ], [ -89.105869325440324, 28.199554072966347 ], [ -89.106767640724442, 28.199554072966347 ] ] ] } },
{ "type": "Feature", "properties": { "cluster_id": 14, "component_ids": "24", "n_parts": 1, "area_m2": 23708.648916959763, "confidence": 0.7268406837733824, "prob_max": 0.83996427059173584, "centroid_lon": -90.177609067850909, "centroid_lat": 27.36509827939507, "length_m": 191.07545978646223, "axis_bearing_deg": 89.99985409806682, "width_proxy_m": 124.08003070334378, "elongation": 1.0664165774900281, "end1_lon": -90.178592519497087, "end1_lat": 27.365108987929375, "end2_lon": -90.176661144110795, "end2_lat": 27.365108992564853, "wind_u": -4.1978089985483757, "wind_v": 7.2372716568749205, "wind_speed_m_s": 8.3665824219748632, "wind_from_deg": 149.8851327957415, "wind_class": "valid", "wind_factor": 1.0, "size_factor": 0.21107694823281986, "slick_potential": 0.15341931338234163, "eligible": true, "ineligible_reason": "", "potential_rank": 19, "selected": false, "selection_basis": "" }, "geometry": { "type": "Polygon", "coordinates": [ [ [ -90.178098448565393, 27.365917489303435 ], [ -90.178098448565393, 27.365737826246608 ], [ -90.178457774679032, 27.365737826246608 ], [ -90.178457774679032, 27.365558163189785 ], [ -90.178637437735858, 27.365558163189785 ], [ -90.178637437735858, 27.365198837076139 ], [ -90.178457774679032, 27.365198837076139 ], [ -90.178457774679032, 27.36483951096249 ], [ -90.178278111622205, 27.36483951096249 ], [ -90.178278111622205, 27.364659847905667 ], [ -90.177918785508567, 27.364659847905667 ], [ -90.177918785508567, 27.364480184848841 ], [ -90.177559459394914, 27.364480184848841 ], [ -90.177559459394914, 27.364300521792018 ], [ -90.177020470224448, 27.364300521792018 ], [ -90.177020470224448, 27.364480184848841 ], [ -90.176661144110795, 27.364480184848841 ], [ -90.176661144110795, 27.365198837076139 ], [ -90.176840807167622, 27.365198837076139 ], [ -90.176840807167622, 27.365378500132962 ], [ -90.177020470224448, 27.365378500132962 ], [ -90.177020470224448, 27.365558163189785 ], [ -90.177200133281261, 27.365558163189785 ], [ -90.177200133281261, 27.365737826246608 ], [ -90.17773912245174, 27.365737826246608 ], [ -90.17773912245174, 27.365917489303435 ], [ -90.178098448565393, 27.365917489303435 ] ] ] } },
{ "type": "Feature", "properties": { "cluster_id": 11, "component_ids": "18", "n_parts": 1, "area_m2": 27472.995772711933, "confidence": 0.61889353318092155, "prob_max": 0.64096462726593018, "centroid_lon": -89.816881266075868, "centroid_lat": 27.885293442738529, "length_m": 267.43279658259127, "axis_bearing_deg": 107.8251367676431, "width_proxy_m": 102.72859620726229, "elongation": 1.7636884448039314, "end1_lon": -89.815614050747484, "end1_lat": 27.884831668084036, "end2_lon": -89.818199663850578, "end2_lat": 27.885570400914617, "wind_u": -5.0133761511163781, "wind_v": 6.7449804322148736, "wind_speed_m_s": 8.4040883778994147, "wind_from_deg": 143.37749596891129, "wind_class": "valid", "wind_factor": 1.0, "size_factor": 0.2402227324948919, "slick_potential": 0.14867229566413903, "eligible": true, "ineligible_reason": "", "potential_rank": 20, "selected": false, "selection_basis": "" }, "geometry": { "type": "Polygon", "coordinates": [ [ [ -89.817874019633464, 27.886042038808636 ], [ -89.817874019633464, 27.885862375751813 ], [ -89.818053682690277, 27.885862375751813 ], [ -89.818053682690277, 27.885503049638164 ], [ -89.818233345747103, 27.885503049638164 ], [ -89.818233345747103, 27.885143723524514 ], [ -89.818053682690277, 27.885143723524514 ], [ -89.818053682690277, 27.884964060467691 ], [ -89.817874019633464, 27.884964060467691 ], [ -89.817874019633464, 27.884784397410868 ], [ -89.817335030462985, 27.884784397410868 ], [ -89.817335030462985, 27.884604734354046 ], [ -89.816975704349346, 27.884604734354046 ], [ -89.816975704349346, 27.884784397410868 ], [ -89.816616378235693, 27.884784397410868 ], [ -89.816616378235693, 27.884964060467691 ], [ -89.814819747667457, 27.884964060467691 ], [ -89.814819747667457, 27.885323386581341 ], [ -89.815897726008401, 27.885323386581341 ], [ -89.815897726008401, 27.885503049638164 ], [ -89.816436715178867, 27.885503049638164 ], [ -89.816436715178867, 27.885682712694987 ], [ -89.81679604129252, 27.885682712694987 ], [ -89.81679604129252, 27.885862375751813 ], [ -89.817335030462985, 27.885862375751813 ], [ -89.817335030462985, 27.886042038808636 ], [ -89.817874019633464, 27.886042038808636 ] ] ] } },
{ "type": "Feature", "properties": { "cluster_id": 9, "component_ids": "15", "n_parts": 1, "area_m2": 3167.7365757972002, "confidence": 0.62644365761015153, "prob_max": 0.65530902147293091, "centroid_lon": -89.314887329493075, "centroid_lat": 27.962907883286462, "length_m": 79.640209249153827, "axis_bearing_deg": 179.99996741002275, "width_proxy_m": 39.775593329833661, "elongation": 1.5016757006320094, "end1_lon": -89.314907292350526, "end1_lat": 27.963297140585894, "end2_lon": -89.314907291758146, "end2_lat": 27.962578488416629, "wind_u": -4.3137438337106309, "wind_v": 6.8011324572774523, "wind_speed_m_s": 8.0538058434698634, "wind_from_deg": 147.61433229050598, "wind_class": "valid", "wind_factor": 1.0, "size_factor": 0.031180894121065506, "slick_potential": 0.019533073360755146, "eligible": false, "ineligible_reason": "area 3168 m2 < 23000 (below detector's reliable size)", "potential_rank": 21, "selected": false, "selection_basis": "" }, "geometry": { "type": "Polygon", "coordinates": [ [ [ -89.314997123583353, 27.963297153242912 ], [ -89.314997123583353, 27.963117490186089 ], [ -89.31517678664018, 27.963117490186089 ], [ -89.31517678664018, 27.962758164072444 ], [ -89.314997123583353, 27.962758164072444 ], [ -89.314997123583353, 27.962578501015617 ], [ -89.3146377974697, 27.962578501015617 ], [ -89.3146377974697, 27.963117490186089 ], [ -89.314817460526527, 27.963117490186089 ], [ -89.314817460526527, 27.963297153242912 ], [ -89.314997123583353, 27.963297153242912 ] ] ] } },
{ "type": "Feature", "properties": { "cluster_id": 6, "component_ids": "11", "n_parts": 1, "area_m2": 2810.609706223011, "confidence": 0.62303075194358826, "prob_max": 0.6499137282371521, "centroid_lon": -89.053272965555109, "centroid_lat": 28.164003245597307, "length_m": 61.758069980025063, "axis_bearing_deg": 89.999978910370771, "width_proxy_m": 45.509999051655441, "elongation": 1.0339215283706471, "end1_lon": -89.05358737590457, "end1_lat": 28.164070606464261, "end2_lon": -89.052958554925581, "end2_lat": 28.16407060666938, "wind_u": -3.7413629547011951, "wind_v": 6.8505052752660891, "wind_speed_m_s": 7.8055889774737031, "wind_from_deg": 151.35910042181186, "wind_class": "valid", "wind_factor": 1.0, "size_factor": 0.027714795275124104, "slick_potential": 0.017267169740223177, "eligible": false, "ineligible_reason": "area 2811 m2 < 23000 (below detector's reliable size)", "potential_rank": 22, "selected": false, "selection_basis": "" }, "geometry": { "type": "Polygon", "coordinates": [ [ [ -89.053407712847743, 28.164340113828864 ], [ -89.053407712847743, 28.164160450772037 ], [ -89.05358737590457, 28.164160450772037 ], [ -89.05358737590457, 28.163801124658391 ], [ -89.052868723677278, 28.163801124658391 ], [ -89.052868723677278, 28.163980787715214 ], [ -89.053048386734105, 28.163980787715214 ], [ -89.053048386734105, 28.164160450772037 ], [ -89.053228049790931, 28.164160450772037 ], [ -89.053228049790931, 28.164340113828864 ], [ -89.053407712847743, 28.164340113828864 ] ] ] } }
]
}
