longitude,latitude
-9.040985870361328125e+01,2.690909767150878906e+01
-9.041010284423828125e+01,2.690907096862792969e+01
-9.040969085693359375e+01,2.690939140319824219e+01
-9.041088104248046875e+01,2.690821075439453125e+01
-9.041156005859375000e+01,2.690745162963867188e+01
-9.041040039062500000e+01,2.690855979919433594e+01
-9.041114807128906250e+01,2.690768051147460938e+01
-9.041084289550781250e+01,2.690795135498046875e+01
-9.041102600097656250e+01,2.690832901000976562e+01
-9.040999603271484375e+01,2.690829277038574219e+01
-9.040866088867187500e+01,2.690972328186035156e+01
-9.040942382812500000e+01,2.690889167785644531e+01
-9.041166687011718750e+01,2.690761566162109375e+01
-9.041027069091796875e+01,2.690842437744140625e+01
-9.040901184082031250e+01,2.690971374511718750e+01
-9.041101837158203125e+01,2.690833854675292969e+01
-9.040984344482421875e+01,2.690888786315917969e+01
-9.041086578369140625e+01,2.690797996520996094e+01
-9.040902709960937500e+01,2.690957069396972656e+01
-9.040899658203125000e+01,2.690972709655761719e+01
-9.041026306152343750e+01,2.690883255004882812e+01
-9.040979003906250000e+01,2.690921211242675781e+01
-9.041101074218750000e+01,2.690818405151367188e+01
-9.041022491455078125e+01,2.690835762023925781e+01
-9.040985870361328125e+01,2.690835952758789062e+01
-9.041042327880859375e+01,2.690812873840332031e+01
-9.041144561767578125e+01,2.690761566162109375e+01
-9.041001892089843750e+01,2.690909385681152344e+01
-9.041065216064453125e+01,2.690863609313964844e+01
-9.041024017333984375e+01,2.690867424011230469e+01
-9.040946960449218750e+01,2.690896034240722656e+01
-9.041143798828125000e+01,2.690759468078613281e+01
-9.041085815429687500e+01,2.690772438049316406e+01
-9.040905761718750000e+01,2.690916633605957031e+01
-9.040848541259765625e+01,2.690974998474121094e+01
-9.041101837158203125e+01,2.690817260742187500e+01
-9.041002655029296875e+01,2.690835189819335938e+01
-9.041136169433593750e+01,2.690781211853027344e+01
-9.041011047363281250e+01,2.690898323059082031e+01
-9.040958404541015625e+01,2.690928649902343750e+01
-9.040860748291015625e+01,2.691003036499023438e+01
-9.041037750244140625e+01,2.690876388549804688e+01
-9.041000366210937500e+01,2.690892219543457031e+01
-9.040990447998046875e+01,2.690851593017578125e+01
-9.041050720214843750e+01,2.690830039978027344e+01
-9.041164398193359375e+01,2.690744972229003906e+01
-9.040975189208984375e+01,2.690857315063476562e+01
-9.041095733642578125e+01,2.690784645080566406e+01
-9.040973663330078125e+01,2.690937042236328125e+01
-9.040984344482421875e+01,2.690846824645996094e+01
-9.041038513183593750e+01,2.690806198120117188e+01
-9.041118621826171875e+01,2.690799522399902344e+01
-9.041023254394531250e+01,2.690847587585449219e+01
-9.041033172607421875e+01,2.690878868103027344e+01
-9.040930175781250000e+01,2.690959739685058594e+01
-9.041053771972656250e+01,2.690783691406250000e+01
-9.040924072265625000e+01,2.690894699096679688e+01
-9.041069030761718750e+01,2.690831947326660156e+01
-9.041034698486328125e+01,2.690851783752441406e+01
-9.040888977050781250e+01,2.690949440002441406e+01
-9.040937805175781250e+01,2.690889739990234375e+01
-9.040984344482421875e+01,2.690902709960937500e+01
-9.041040039062500000e+01,2.690864181518554688e+01
-9.040953063964843750e+01,2.690922164916992188e+01
-9.041058349609375000e+01,2.690807151794433594e+01
-9.040912628173828125e+01,2.690923690795898438e+01
-9.041133880615234375e+01,2.690756034851074219e+01
-9.041014099121093750e+01,2.690816879272460938e+01
-9.041142272949218750e+01,2.690757179260253906e+01
-9.040853118896484375e+01,2.691002655029296875e+01
-9.040977478027343750e+01,2.690869903564453125e+01
-9.040853881835937500e+01,2.691000938415527344e+01
-9.040843963623046875e+01,2.691002655029296875e+01
-9.040950775146484375e+01,2.690885734558105469e+01
-9.041011047363281250e+01,2.690864181518554688e+01
-9.040979003906250000e+01,2.690907669067382812e+01
-9.041049194335937500e+01,2.690857887268066406e+01
-9.041027069091796875e+01,2.690827751159667969e+01
-9.041127777099609375e+01,2.690742492675781250e+01
-9.040850067138671875e+01,2.690990638732910156e+01
-9.041007995605468750e+01,2.690863990783691406e+01
-9.040906524658203125e+01,2.690930366516113281e+01
-9.041092681884765625e+01,2.690841293334960938e+01
-9.041142272949218750e+01,2.690776824951171875e+01
-9.041037750244140625e+01,2.690815162658691406e+01
-9.040976715087890625e+01,2.690876770019531250e+01
-9.041023254394531250e+01,2.690873908996582031e+01
-9.041035461425781250e+01,2.690818977355957031e+01
-9.041063690185546875e+01,2.690819740295410156e+01
-9.041139984130859375e+01,2.690748786926269531e+01
-9.040863800048828125e+01,2.690971183776855469e+01
-9.041035461425781250e+01,2.690842628479003906e+01
-9.040995788574218750e+01,2.690907669067382812e+01
-9.040995788574218750e+01,2.690876579284667969e+01
-9.040935516357421875e+01,2.690934944152832031e+01
-9.040952301025390625e+01,2.690923500061035156e+01
-9.041133880615234375e+01,2.690754890441894531e+01
-9.040914916992187500e+01,2.690973091125488281e+01
-9.041124725341796875e+01,2.690752983093261719e+01
-9.041076660156250000e+01,2.690803146362304688e+01
-9.041024780273437500e+01,2.690861892700195312e+01
-9.041109466552734375e+01,2.690810775756835938e+01
-9.041062927246093750e+01,2.690802383422851562e+01
-9.041000366210937500e+01,2.690911483764648438e+01
-9.041128540039062500e+01,2.690762710571289062e+01
-9.041087341308593750e+01,2.690775489807128906e+01
-9.040978240966796875e+01,2.690845108032226562e+01
-9.040903472900390625e+01,2.690921783447265625e+01
-9.041068267822265625e+01,2.690795898437500000e+01
-9.041121673583984375e+01,2.690756988525390625e+01
-9.041075897216796875e+01,2.690789031982421875e+01
-9.041071319580078125e+01,2.690838813781738281e+01
-9.040969085693359375e+01,2.690906524658203125e+01
-9.041105651855468750e+01,2.690821456909179688e+01
-9.040949249267578125e+01,2.690900993347167969e+01
-9.041027069091796875e+01,2.690880966186523438e+01
-9.040920257568359375e+01,2.690900611877441406e+01
-9.040877532958984375e+01,2.690965270996093750e+01
-9.040964508056640625e+01,2.690868186950683594e+01
-9.041082000732421875e+01,2.690824890136718750e+01
-9.040878295898437500e+01,2.690991973876953125e+01
-9.040919494628906250e+01,2.690946769714355469e+01
-9.040979766845703125e+01,2.690919876098632812e+01
-9.040914916992187500e+01,2.690959167480468750e+01
-9.040947723388671875e+01,2.690908813476562500e+01
-9.041001129150390625e+01,2.690862464904785156e+01
-9.041073608398437500e+01,2.690776824951171875e+01
-9.041093444824218750e+01,2.690795707702636719e+01
-9.041111755371093750e+01,2.690766143798828125e+01
-9.041046142578125000e+01,2.690850257873535156e+01
-9.041143798828125000e+01,2.690742874145507812e+01
-9.040977478027343750e+01,2.690856742858886719e+01
-9.040997314453125000e+01,2.690908241271972656e+01
-9.041016387939453125e+01,2.690873527526855469e+01
-9.041126251220703125e+01,2.690761947631835938e+01
-9.040986633300781250e+01,2.690850257873535156e+01
-9.040985870361328125e+01,2.690855026245117188e+01
-9.041079711914062500e+01,2.690775489807128906e+01
-9.041083526611328125e+01,2.690779685974121094e+01
-9.041007995605468750e+01,2.690872192382812500e+01
-9.040986633300781250e+01,2.690836906433105469e+01
-9.040942382812500000e+01,2.690916252136230469e+01
-9.041144561767578125e+01,2.690751266479492188e+01
-9.040956878662109375e+01,2.690942382812500000e+01
-9.040948486328125000e+01,2.690902709960937500e+01
-9.040917968750000000e+01,2.690963363647460938e+01
-9.040904998779296875e+01,2.690967559814453125e+01
-9.041163635253906250e+01,2.690754699707031250e+01
-9.041040039062500000e+01,2.690840148925781250e+01
-9.041075897216796875e+01,2.690851020812988281e+01
-9.041132354736328125e+01,2.690761756896972656e+01
-9.041005706787109375e+01,2.690846252441406250e+01
-9.040971374511718750e+01,2.690922164916992188e+01
-9.041002655029296875e+01,2.690824127197265625e+01
-9.041016387939453125e+01,2.690892219543457031e+01
-9.040987396240234375e+01,2.690918922424316406e+01
-9.041061401367187500e+01,2.690819549560546875e+01
-9.041109466552734375e+01,2.690813255310058594e+01
-9.041041564941406250e+01,2.690846824645996094e+01
-9.040991973876953125e+01,2.690896797180175781e+01
-9.041139221191406250e+01,2.690785217285156250e+01
-9.041048431396484375e+01,2.690832710266113281e+01
-9.041065979003906250e+01,2.690822219848632812e+01
-9.040876770019531250e+01,2.690968894958496094e+01
-9.040925598144531250e+01,2.690917396545410156e+01
-9.041007995605468750e+01,2.690819168090820312e+01
-9.040984344482421875e+01,2.690877151489257812e+01
-9.041159057617187500e+01,2.690744972229003906e+01
-9.041056823730468750e+01,2.690858650207519531e+01
-9.041047668457031250e+01,2.690826606750488281e+01
-9.040947723388671875e+01,2.690948867797851562e+01
-9.040980529785156250e+01,2.690919685363769531e+01
-9.040965270996093750e+01,2.690908432006835938e+01
-9.041058349609375000e+01,2.690848731994628906e+01
-9.040947723388671875e+01,2.690888786315917969e+01
-9.040946197509765625e+01,2.690920639038085938e+01
-9.040940856933593750e+01,2.690918350219726562e+01
-9.041046142578125000e+01,2.690786170959472656e+01
-9.040866088867187500e+01,2.691000366210937500e+01
-9.041124725341796875e+01,2.690801239013671875e+01
-9.040860748291015625e+01,2.690958023071289062e+01
-9.041014862060546875e+01,2.690887451171875000e+01
-9.041115570068359375e+01,2.690754508972167969e+01
-9.040979766845703125e+01,2.690863037109375000e+01
-9.041002655029296875e+01,2.690888595581054688e+01
-9.040882873535156250e+01,2.690971374511718750e+01
-9.040980529785156250e+01,2.690914535522460938e+01
-9.040892791748046875e+01,2.690966224670410156e+01
-9.041059875488281250e+01,2.690857696533203125e+01
-9.041053771972656250e+01,2.690867996215820312e+01
-9.040998077392578125e+01,2.690864562988281250e+01
-9.041025543212890625e+01,2.690873146057128906e+01
-9.040981292724609375e+01,2.690870857238769531e+01
-9.041009521484375000e+01,2.690864944458007812e+01
-9.041121673583984375e+01,2.690788459777832031e+01
-9.041023254394531250e+01,2.690878868103027344e+01
-9.040951538085937500e+01,2.690944290161132812e+01
-9.041010284423828125e+01,2.690827369689941406e+01
-9.041169738769531250e+01,2.690756988525390625e+01
-9.041085052490234375e+01,2.690841293334960938e+01
-9.041037750244140625e+01,2.690821075439453125e+01
-9.041109466552734375e+01,2.690821647644042969e+01
-9.041081237792968750e+01,2.690778160095214844e+01
-9.040930175781250000e+01,2.690944099426269531e+01
-9.040901184082031250e+01,2.690984344482421875e+01
-9.040975189208984375e+01,2.690861511230468750e+01
-9.041110992431640625e+01,2.690820312500000000e+01
-9.041040039062500000e+01,2.690844917297363281e+01
-9.040888977050781250e+01,2.690925407409667969e+01
-9.040965270996093750e+01,2.690898323059082031e+01
-9.041066741943359375e+01,2.690850639343261719e+01
-9.040974426269531250e+01,2.690924835205078125e+01
-9.040880584716796875e+01,2.690986633300781250e+01
-9.041126251220703125e+01,2.690813255310058594e+01
-9.040981292724609375e+01,2.690906715393066406e+01
-9.041028594970703125e+01,2.690807914733886719e+01
-9.040986633300781250e+01,2.690886688232421875e+01
-9.040947723388671875e+01,2.690886306762695312e+01
-9.041090393066406250e+01,2.690796661376953125e+01
-9.041152191162109375e+01,2.690762710571289062e+01
-9.041062927246093750e+01,2.690843391418457031e+01
-9.041099548339843750e+01,2.690800666809082031e+01
-9.041021728515625000e+01,2.690862846374511719e+01
-9.041048431396484375e+01,2.690805816650390625e+01
-9.040944671630859375e+01,2.690922355651855469e+01
-9.041027069091796875e+01,2.690849685668945312e+01
-9.040962219238281250e+01,2.690890502929687500e+01
-9.041024017333984375e+01,2.690842247009277344e+01
-9.041030883789062500e+01,2.690866661071777344e+01
-9.040918731689453125e+01,2.690917587280273438e+01
-9.041122436523437500e+01,2.690817070007324219e+01
-9.041101074218750000e+01,2.690831947326660156e+01
-9.041109466552734375e+01,2.690773582458496094e+01
-9.041116333007812500e+01,2.690820312500000000e+01
-9.041094970703125000e+01,2.690821647644042969e+01
-9.041092681884765625e+01,2.690769004821777344e+01
-9.041039276123046875e+01,2.690856170654296875e+01
-9.040894317626953125e+01,2.690988731384277344e+01
-9.040961456298828125e+01,2.690907669067382812e+01
-9.040924072265625000e+01,2.690947723388671875e+01
-9.040953063964843750e+01,2.690945816040039062e+01
-9.041017150878906250e+01,2.690896224975585938e+01
-9.041111755371093750e+01,2.690814781188964844e+01
-9.040955352783203125e+01,2.690920066833496094e+01
-9.041080474853515625e+01,2.690835380554199219e+01
-9.040879821777343750e+01,2.690947532653808594e+01
-9.041011047363281250e+01,2.690830039978027344e+01
-9.040919494628906250e+01,2.690929794311523438e+01
-9.041091156005859375e+01,2.690791320800781250e+01
-9.040990447998046875e+01,2.690849876403808594e+01
-9.040996551513671875e+01,2.690904045104980469e+01
-9.041017150878906250e+01,2.690839385986328125e+01
-9.041080474853515625e+01,2.690829277038574219e+01
-9.041004180908203125e+01,2.690888214111328125e+01
-9.040860748291015625e+01,2.690993881225585938e+01
-9.041080474853515625e+01,2.690818405151367188e+01
-9.040961456298828125e+01,2.690913963317871094e+01
-9.041162109375000000e+01,2.690735054016113281e+01
-9.041130828857421875e+01,2.690760993957519531e+01
-9.040963745117187500e+01,2.690908622741699219e+01
-9.040908050537109375e+01,2.690912246704101562e+01
-9.040850830078125000e+01,2.690999794006347656e+01
-9.041126251220703125e+01,2.690795135498046875e+01
-9.041104125976562500e+01,2.690803909301757812e+01
-9.040863800048828125e+01,2.690982246398925781e+01
-9.041161346435546875e+01,2.690738677978515625e+01
-9.041016387939453125e+01,2.690902900695800781e+01
-9.040999603271484375e+01,2.690860939025878906e+01
-9.040995788574218750e+01,2.690846633911132812e+01
-9.041016387939453125e+01,2.690850830078125000e+01
-9.041099548339843750e+01,2.690775680541992188e+01
-9.041022491455078125e+01,2.690898513793945312e+01
-9.041124725341796875e+01,2.690781211853027344e+01
-9.041067504882812500e+01,2.690781593322753906e+01
-9.041068267822265625e+01,2.690836334228515625e+01
-9.040966033935546875e+01,2.690891838073730469e+01
-9.041141510009765625e+01,2.690776634216308594e+01
-9.041084289550781250e+01,2.690780639648437500e+01
-9.040917205810546875e+01,2.690935707092285156e+01
-9.040943145751953125e+01,2.690898132324218750e+01
-9.041156768798828125e+01,2.690769767761230469e+01
-9.041091156005859375e+01,2.690843009948730469e+01
-9.040990447998046875e+01,2.690866661071777344e+01
-9.041108703613281250e+01,2.690796089172363281e+01
-9.040902709960937500e+01,2.690956497192382812e+01
-9.041122436523437500e+01,2.690767669677734375e+01
-9.040966796875000000e+01,2.690938377380371094e+01
-9.040949249267578125e+01,2.690880012512207031e+01
-9.040902709960937500e+01,2.690923690795898438e+01
-9.041164398193359375e+01,2.690740776062011719e+01
-9.041065216064453125e+01,2.690851593017578125e+01
-9.041030120849609375e+01,2.690884590148925781e+01
-9.041125488281250000e+01,2.690816688537597656e+01
-9.041022491455078125e+01,2.690890884399414062e+01
-9.040942382812500000e+01,2.690892410278320312e+01
-9.041167449951171875e+01,2.690759658813476562e+01
-9.041079711914062500e+01,2.690830230712890625e+01
-9.040984344482421875e+01,2.690880966186523438e+01
-9.040900421142578125e+01,2.690964698791503906e+01
-9.041149902343750000e+01,2.690779685974121094e+01
-9.041117858886718750e+01,2.690779113769531250e+01
-9.040924835205078125e+01,2.690948295593261719e+01
-9.040975189208984375e+01,2.690905189514160156e+01
-9.040951538085937500e+01,2.690952301025390625e+01
-9.040980529785156250e+01,2.690909194946289062e+01
-9.041137695312500000e+01,2.690792083740234375e+01
-9.040909576416015625e+01,2.690946578979492188e+01
-9.040947723388671875e+01,2.690938949584960938e+01
-9.040885925292968750e+01,2.690954208374023438e+01
-9.040978240966796875e+01,2.690859031677246094e+01
-9.041176605224609375e+01,2.690744781494140625e+01
-9.040898132324218750e+01,2.690936088562011719e+01
-9.041138458251953125e+01,2.690743827819824219e+01
-9.040860748291015625e+01,2.690975952148437500e+01
-9.041044616699218750e+01,2.690863037109375000e+01
-9.041040802001953125e+01,2.690866470336914062e+01
-9.041098785400390625e+01,2.690824699401855469e+01
-9.041004180908203125e+01,2.690906143188476562e+01
-9.040922546386718750e+01,2.690929603576660156e+01
-9.040932464599609375e+01,2.690899085998535156e+01
-9.041152191162109375e+01,2.690733718872070312e+01
-9.041035461425781250e+01,2.690818405151367188e+01
-9.041040802001953125e+01,2.690864372253417969e+01
-9.040908813476562500e+01,2.690906715393066406e+01
-9.040924835205078125e+01,2.690897941589355469e+01
-9.041049957275390625e+01,2.690793800354003906e+01
-9.041077423095703125e+01,2.690791702270507812e+01
-9.040861511230468750e+01,2.690972328186035156e+01
-9.041171264648437500e+01,2.690752601623535156e+01
-9.041040802001953125e+01,2.690791702270507812e+01
-9.041085052490234375e+01,2.690834045410156250e+01
-9.041110229492187500e+01,2.690789604187011719e+01
-9.041024017333984375e+01,2.690859031677246094e+01
-9.040882110595703125e+01,2.690939712524414062e+01
-9.041090393066406250e+01,2.690835189819335938e+01
-9.041074371337890625e+01,2.690824127197265625e+01
-9.040968322753906250e+01,2.690916633605957031e+01
-9.040974426269531250e+01,2.690937423706054688e+01
-9.041082763671875000e+01,2.690766906738281250e+01
-9.041176605224609375e+01,2.690760612487792969e+01
-9.041078186035156250e+01,2.690853500366210938e+01
-9.040917205810546875e+01,2.690935707092285156e+01
-9.041040802001953125e+01,2.690870094299316406e+01
-9.040952301025390625e+01,2.690944862365722656e+01
-9.040958404541015625e+01,2.690941619873046875e+01
-9.040985107421875000e+01,2.690874290466308594e+01
-9.041154479980468750e+01,2.690779304504394531e+01
-9.040885925292968750e+01,2.690976905822753906e+01
-9.041088867187500000e+01,2.690766716003417969e+01
-9.041004180908203125e+01,2.690862083435058594e+01
-9.040966033935546875e+01,2.690849304199218750e+01
-9.041025543212890625e+01,2.690838813781738281e+01
-9.041038513183593750e+01,2.690877723693847656e+01
-9.041135406494140625e+01,2.690756034851074219e+01
-9.041064453125000000e+01,2.690847587585449219e+01
-9.040873718261718750e+01,2.690981864929199219e+01
-9.041162109375000000e+01,2.690751838684082031e+01
-9.040904998779296875e+01,2.690924453735351562e+01
-9.041104125976562500e+01,2.690782737731933594e+01
-9.040946197509765625e+01,2.690943336486816406e+01
-9.041073608398437500e+01,2.690809249877929688e+01
-9.040877532958984375e+01,2.690974235534667969e+01
-9.041035461425781250e+01,2.690801048278808594e+01
-9.040969085693359375e+01,2.690897560119628906e+01
-9.041011810302734375e+01,2.690868186950683594e+01
-9.040968322753906250e+01,2.690848922729492188e+01
-9.040964508056640625e+01,2.690922927856445312e+01
-9.040982055664062500e+01,2.690907287597656250e+01
-9.041051483154296875e+01,2.690830039978027344e+01
-9.041059875488281250e+01,2.690835952758789062e+01
-9.040998077392578125e+01,2.690880012512207031e+01
-9.041086578369140625e+01,2.690821647644042969e+01
-9.041004180908203125e+01,2.690822982788085938e+01
-9.040972137451171875e+01,2.690874862670898438e+01
-9.041067504882812500e+01,2.690816497802734375e+01
-9.040975189208984375e+01,2.690857696533203125e+01
-9.041059112548828125e+01,2.690833282470703125e+01
-9.041049194335937500e+01,2.690864372253417969e+01
-9.041120147705078125e+01,2.690768814086914062e+01
-9.041126251220703125e+01,2.690744972229003906e+01
-9.041022491455078125e+01,2.690860366821289062e+01
-9.040937805175781250e+01,2.690929222106933594e+01
-9.040911102294921875e+01,2.690962028503417969e+01
-9.041153717041015625e+01,2.690746116638183594e+01
-9.041070556640625000e+01,2.690808105468750000e+01
-9.041006469726562500e+01,2.690833282470703125e+01
-9.041026306152343750e+01,2.690876007080078125e+01
-9.041093444824218750e+01,2.690783309936523438e+01
-9.041044616699218750e+01,2.690815734863281250e+01
-9.041089630126953125e+01,2.690806961059570312e+01
-9.041095733642578125e+01,2.690822601318359375e+01
-9.040967559814453125e+01,2.690909385681152344e+01
-9.040963745117187500e+01,2.690863800048828125e+01
-9.040897369384765625e+01,2.690956306457519531e+01
-9.040999603271484375e+01,2.690831375122070312e+01
-9.041009521484375000e+01,2.690860366821289062e+01
-9.041088104248046875e+01,2.690810012817382812e+01
-9.040953826904296875e+01,2.690949249267578125e+01
-9.041046142578125000e+01,2.690805053710937500e+01
-9.041094970703125000e+01,2.690811347961425781e+01
-9.041004943847656250e+01,2.690901947021484375e+01
-9.041057586669921875e+01,2.690824127197265625e+01
-9.040870666503906250e+01,2.690994834899902344e+01
-9.041025543212890625e+01,2.690881729125976562e+01
-9.040887451171875000e+01,2.690974235534667969e+01
-9.040952301025390625e+01,2.690952110290527344e+01
-9.041141510009765625e+01,2.690736770629882812e+01
-9.041046905517578125e+01,2.690798377990722656e+01
-9.041162872314453125e+01,2.690760612487792969e+01
-9.041151428222656250e+01,2.690779113769531250e+01
-9.040856170654296875e+01,2.690993499755859375e+01
-9.040947723388671875e+01,2.690951538085937500e+01
-9.041049194335937500e+01,2.690841484069824219e+01
-9.040984344482421875e+01,2.690841484069824219e+01
-9.040864562988281250e+01,2.690982437133789062e+01
-9.041105651855468750e+01,2.690818405151367188e+01
-9.040924835205078125e+01,2.690957832336425781e+01
-9.040982055664062500e+01,2.690860557556152344e+01
-9.041104888916015625e+01,2.690794372558593750e+01
-9.040945434570312500e+01,2.690904426574707031e+01
-9.040997314453125000e+01,2.690884399414062500e+01
-9.041062164306640625e+01,2.690801239013671875e+01
-9.041036987304687500e+01,2.690852165222167969e+01
-9.041000366210937500e+01,2.690832901000976562e+01
-9.041016387939453125e+01,2.690814781188964844e+01
-9.041041564941406250e+01,2.690822792053222656e+01
-9.040842437744140625e+01,2.690974235534667969e+01
-9.041024780273437500e+01,2.690820121765136719e+01
-9.040982818603515625e+01,2.690836715698242188e+01
-9.040863800048828125e+01,2.690984916687011719e+01
-9.040937805175781250e+01,2.690926551818847656e+01
-9.041033935546875000e+01,2.690855407714843750e+01
-9.040911102294921875e+01,2.690928840637207031e+01
-9.040948486328125000e+01,2.690922546386718750e+01
-9.041075897216796875e+01,2.690776824951171875e+01
-9.040860748291015625e+01,2.690977859497070312e+01
-9.041176605224609375e+01,2.690743637084960938e+01
-9.041144561767578125e+01,2.690779304504394531e+01
-9.041032409667968750e+01,2.690860939025878906e+01
-9.040926361083984375e+01,2.690920829772949219e+01
-9.040923309326171875e+01,2.690961647033691406e+01
-9.040934753417968750e+01,2.690897560119628906e+01
-9.041073608398437500e+01,2.690820503234863281e+01
-9.040892028808593750e+01,2.690991020202636719e+01
-9.041083526611328125e+01,2.690772819519042969e+01
-9.040960693359375000e+01,2.690911674499511719e+01
-9.041091918945312500e+01,2.690810394287109375e+01
-9.040961456298828125e+01,2.690881538391113281e+01
-9.041117095947265625e+01,2.690804481506347656e+01
-9.041049194335937500e+01,2.690876960754394531e+01
-9.041157531738281250e+01,2.690740203857421875e+01
-9.041018676757812500e+01,2.690825271606445312e+01
-9.040969085693359375e+01,2.690876197814941406e+01
-9.041116333007812500e+01,2.690767097473144531e+01
-9.040985870361328125e+01,2.690834236145019531e+01
-9.040998077392578125e+01,2.690849113464355469e+01
-9.041103363037109375e+01,2.690789794921875000e+01
-9.040998840332031250e+01,2.690855407714843750e+01
-9.041096496582031250e+01,2.690838241577148438e+01
-9.041188812255859375e+01,2.690736198425292969e+01
-9.040850830078125000e+01,2.690965843200683594e+01
-9.041018676757812500e+01,2.690822410583496094e+01
-9.041025543212890625e+01,2.690839195251464844e+01
-9.041073608398437500e+01,2.690850448608398438e+01
-9.041053771972656250e+01,2.690779876708984375e+01
-9.040992736816406250e+01,2.690918922424316406e+01
-9.040862274169921875e+01,2.690990257263183594e+01
-9.041114807128906250e+01,2.690798377990722656e+01
-9.040991973876953125e+01,2.690879058837890625e+01
-9.040916442871093750e+01,2.690967941284179688e+01
-9.041029357910156250e+01,2.690810203552246094e+01
-9.040980529785156250e+01,2.690927696228027344e+01
-9.041012573242187500e+01,2.690816497802734375e+01
-9.040876770019531250e+01,2.690993118286132812e+01
-9.041165161132812500e+01,2.690742874145507812e+01
-9.040914916992187500e+01,2.690968132019042969e+01
-9.041146850585937500e+01,2.690749740600585938e+01
-9.040968322753906250e+01,2.690853309631347656e+01
-9.041018676757812500e+01,2.690894317626953125e+01
-9.041097259521484375e+01,2.690794181823730469e+01
-9.041004180908203125e+01,2.690862655639648438e+01
-9.040942382812500000e+01,2.690881347656250000e+01
-9.040937042236328125e+01,2.690918159484863281e+01
-9.041093444824218750e+01,2.690816497802734375e+01
-9.041019439697265625e+01,2.690813064575195312e+01
-9.040852355957031250e+01,2.691002655029296875e+01
-9.040974426269531250e+01,2.690842247009277344e+01
-9.041177368164062500e+01,2.690746688842773438e+01
-9.040924072265625000e+01,2.690917396545410156e+01
-9.041146087646484375e+01,2.690733909606933594e+01
-9.040885162353515625e+01,2.690948867797851562e+01
-9.040919494628906250e+01,2.690899467468261719e+01
-9.041115570068359375e+01,2.690817832946777344e+01
-9.041118621826171875e+01,2.690798950195312500e+01
-9.041092681884765625e+01,2.690797615051269531e+01
-9.040985870361328125e+01,2.690856933593750000e+01
-9.040950775146484375e+01,2.690902709960937500e+01
-9.041057586669921875e+01,2.690815734863281250e+01
-9.040846252441406250e+01,2.690970802307128906e+01
-9.041133880615234375e+01,2.690784645080566406e+01
-9.041002655029296875e+01,2.690849113464355469e+01
-9.041078186035156250e+01,2.690795326232910156e+01
-9.040990447998046875e+01,2.690897560119628906e+01
-9.040866088867187500e+01,2.690958976745605469e+01
-9.041101837158203125e+01,2.690764236450195312e+01
-9.040871429443359375e+01,2.690996170043945312e+01
-9.041154479980468750e+01,2.690757560729980469e+01
-9.041107940673828125e+01,2.690774726867675781e+01
-9.040885925292968750e+01,2.690976333618164062e+01
-9.041038513183593750e+01,2.690836906433105469e+01
-9.040944671630859375e+01,2.690905189514160156e+01
-9.041031646728515625e+01,2.690813446044921875e+01
-9.040880584716796875e+01,2.690954208374023438e+01
-9.041027832031250000e+01,2.690843582153320312e+01
-9.040967559814453125e+01,2.690938377380371094e+01
-9.041166687011718750e+01,2.690762138366699219e+01
-9.041163635253906250e+01,2.690744590759277344e+01
-9.041063690185546875e+01,2.690815544128417969e+01
-9.040915679931640625e+01,2.690954399108886719e+01
-9.041175842285156250e+01,2.690747833251953125e+01
-9.041004180908203125e+01,2.690833663940429688e+01
-9.040945434570312500e+01,2.690955162048339844e+01
-9.040905761718750000e+01,2.690931701660156250e+01
-9.041056823730468750e+01,2.690792274475097656e+01
-9.041027832031250000e+01,2.690883064270019531e+01
-9.040947723388671875e+01,2.690903663635253906e+01
-9.041025543212890625e+01,2.690890502929687500e+01
-9.040895843505859375e+01,2.690956306457519531e+01
-9.041104888916015625e+01,2.690816497802734375e+01
-9.041084289550781250e+01,2.690804862976074219e+01
-9.040901947021484375e+01,2.690924644470214844e+01
-9.041033935546875000e+01,2.690808296203613281e+01
-9.041053009033203125e+01,2.690801620483398438e+01
-9.041080474853515625e+01,2.690773773193359375e+01
-9.040945434570312500e+01,2.690956497192382812e+01
-9.041086578369140625e+01,2.690830993652343750e+01
-9.041162109375000000e+01,2.690771293640136719e+01
-9.040853118896484375e+01,2.690991783142089844e+01
-9.040940093994140625e+01,2.690923500061035156e+01
-9.041107177734375000e+01,2.690829086303710938e+01
-9.040890502929687500e+01,2.690953636169433594e+01
-9.040994262695312500e+01,2.690882301330566406e+01
-9.041033172607421875e+01,2.690874099731445312e+01
-9.041093444824218750e+01,2.690827369689941406e+01
-9.041082763671875000e+01,2.690828704833984375e+01
-9.040979766845703125e+01,2.690850639343261719e+01
-9.041094970703125000e+01,2.690792846679687500e+01
-9.040921020507812500e+01,2.690905380249023438e+01
-9.041110992431640625e+01,2.690806961059570312e+01
-9.040883636474609375e+01,2.690927505493164062e+01
-9.041169738769531250e+01,2.690760803222656250e+01
-9.040960693359375000e+01,2.690927696228027344e+01
-9.041114044189453125e+01,2.690819168090820312e+01
-9.040934753417968750e+01,2.690914154052734375e+01
-9.040994262695312500e+01,2.690888977050781250e+01
-9.041119384765625000e+01,2.690762519836425781e+01
-9.040968322753906250e+01,2.690918350219726562e+01
-9.041098022460937500e+01,2.690824508666992188e+01
-9.041107940673828125e+01,2.690761184692382812e+01
-9.041165161132812500e+01,2.690743255615234375e+01
-9.040930938720703125e+01,2.690889549255371094e+01
-9.040946197509765625e+01,2.690933609008789062e+01
-9.041101837158203125e+01,2.690791893005371094e+01
-9.041104888916015625e+01,2.690817642211914062e+01
-9.041074371337890625e+01,2.690835952758789062e+01
-9.040950012207031250e+01,2.690955924987792969e+01
-9.041062927246093750e+01,2.690851783752441406e+01
-9.040914154052734375e+01,2.690911483764648438e+01
-9.041032409667968750e+01,2.690889549255371094e+01
-9.040937805175781250e+01,2.690904426574707031e+01
-9.040872955322265625e+01,2.690951728820800781e+01
-9.041024780273437500e+01,2.690890121459960938e+01
-9.041131591796875000e+01,2.690769195556640625e+01
-9.040987396240234375e+01,2.690846061706542969e+01
-9.040878295898437500e+01,2.690997123718261719e+01
-9.041085052490234375e+01,2.690767288208007812e+01
-9.041111755371093750e+01,2.690783500671386719e+01
-9.041074371337890625e+01,2.690799903869628906e+01
-9.041044616699218750e+01,2.690811347961425781e+01
-9.040873718261718750e+01,2.690999794006347656e+01
-9.040981292724609375e+01,2.690844154357910156e+01
-9.041011047363281250e+01,2.690884017944335938e+01
-9.041054534912109375e+01,2.690819740295410156e+01
-9.040969848632812500e+01,2.690859985351562500e+01
-9.040870666503906250e+01,2.690972137451171875e+01
-9.041136932373046875e+01,2.690742111206054688e+01
-9.040994262695312500e+01,2.690893745422363281e+01
-9.041099548339843750e+01,2.690821647644042969e+01
-9.040891265869140625e+01,2.690985107421875000e+01
-9.041147613525390625e+01,2.690780067443847656e+01
-9.041043853759765625e+01,2.690791320800781250e+01
-9.041043853759765625e+01,2.690810012817382812e+01
-9.040851593017578125e+01,2.690970802307128906e+01
-9.041139221191406250e+01,2.690738868713378906e+01
-9.041015625000000000e+01,2.690882682800292969e+01
-9.041027069091796875e+01,2.690822982788085938e+01
-9.040930175781250000e+01,2.690889739990234375e+01
-9.041114807128906250e+01,2.690807151794433594e+01
-9.040969848632812500e+01,2.690903282165527344e+01
-9.040843200683593750e+01,2.690999794006347656e+01
-9.040881347656250000e+01,2.690978050231933594e+01
-9.041010284423828125e+01,2.690837287902832031e+01
-9.041105651855468750e+01,2.690808486938476562e+01
-9.040923309326171875e+01,2.690895271301269531e+01
-9.041028594970703125e+01,2.690848159790039062e+01
-9.040930175781250000e+01,2.690900039672851562e+01
-9.041168212890625000e+01,2.690736198425292969e+01
-9.041097259521484375e+01,2.690807342529296875e+01
-9.041095733642578125e+01,2.690837287902832031e+01
-9.040848541259765625e+01,2.690999794006347656e+01
-9.041065216064453125e+01,2.690861320495605469e+01
-9.041130828857421875e+01,2.690757179260253906e+01
-9.040982055664062500e+01,2.690920829772949219e+01
-9.041084289550781250e+01,2.690814399719238281e+01
-9.040914154052734375e+01,2.690963554382324219e+01
-9.041000366210937500e+01,2.690863227844238281e+01
-9.041001129150390625e+01,2.690900611877441406e+01
-9.040913391113281250e+01,2.690943145751953125e+01
-9.040854644775390625e+01,2.690986442565917969e+01
-9.041156005859375000e+01,2.690773773193359375e+01
-9.040948486328125000e+01,2.690917396545410156e+01
-9.040885162353515625e+01,2.690985298156738281e+01
-9.040893554687500000e+01,2.690950584411621094e+01
-9.040850830078125000e+01,2.690971755981445312e+01
-9.040895843505859375e+01,2.690921020507812500e+01
-9.040962982177734375e+01,2.690902709960937500e+01
-9.040968322753906250e+01,2.690848731994628906e+01
-9.041090393066406250e+01,2.690834236145019531e+01
-9.041025543212890625e+01,2.690857696533203125e+01
-9.040911865234375000e+01,2.690905761718750000e+01
-9.040997314453125000e+01,2.690912055969238281e+01
-9.041067504882812500e+01,2.690804481506347656e+01
-9.041140747070312500e+01,2.690742111206054688e+01
-9.041061401367187500e+01,2.690863990783691406e+01
-9.041098022460937500e+01,2.690808105468750000e+01
-9.041081237792968750e+01,2.690785598754882812e+01
-9.040879821777343750e+01,2.690977668762207031e+01
-9.041043853759765625e+01,2.690836715698242188e+01
-9.040951538085937500e+01,2.690929031372070312e+01
-9.040946197509765625e+01,2.690911674499511719e+01
-9.041119384765625000e+01,2.690810966491699219e+01
-9.041007995605468750e+01,2.690851974487304688e+01
-9.041050720214843750e+01,2.690845680236816406e+01
-9.041020965576171875e+01,2.690824317932128906e+01
-9.040925598144531250e+01,2.690931129455566406e+01
-9.041109466552734375e+01,2.690765190124511719e+01
-9.041086578369140625e+01,2.690782928466796875e+01
-9.041002655029296875e+01,2.690901756286621094e+01
-9.041064453125000000e+01,2.690854644775390625e+01
-9.040959930419921875e+01,2.690915298461914062e+01
-9.041001892089843750e+01,2.690820693969726562e+01
-9.041172790527343750e+01,2.690744781494140625e+01
-9.041093444824218750e+01,2.690812110900878906e+01
-9.040880584716796875e+01,2.690953063964843750e+01
-9.041082763671875000e+01,2.690850067138671875e+01
-9.040917968750000000e+01,2.690926170349121094e+01
-9.041146087646484375e+01,2.690785598754882812e+01
-9.041127777099609375e+01,2.690756416320800781e+01
-9.041014099121093750e+01,2.690880393981933594e+01
-9.041001129150390625e+01,2.690887641906738281e+01
-9.041117858886718750e+01,2.690781021118164062e+01
-9.040927886962890625e+01,2.690928268432617188e+01
-9.040849304199218750e+01,2.690969276428222656e+01
-9.041060638427734375e+01,2.690808868408203125e+01
-9.040976715087890625e+01,2.690896034240722656e+01
-9.041085052490234375e+01,2.690808296203613281e+01
-9.041050720214843750e+01,2.690849876403808594e+01
-9.040887451171875000e+01,2.690962219238281250e+01
-9.040884399414062500e+01,2.690925598144531250e+01
-9.040943145751953125e+01,2.690930366516113281e+01
-9.040958404541015625e+01,2.690872192382812500e+01
-9.040962982177734375e+01,2.690906715393066406e+01
-9.041014099121093750e+01,2.690843772888183594e+01
-9.041104125976562500e+01,2.690764617919921875e+01
-9.041032409667968750e+01,2.690854835510253906e+01
-9.040986633300781250e+01,2.690905380249023438e+01
-9.040886688232421875e+01,2.690973854064941406e+01
-9.040878295898437500e+01,2.690963363647460938e+01
-9.040976715087890625e+01,2.690868759155273438e+01
-9.041108703613281250e+01,2.690818786621093750e+01
-9.040892028808593750e+01,2.690948486328125000e+01
-9.041005706787109375e+01,2.690886878967285156e+01
-9.041062164306640625e+01,2.690787315368652344e+01
-9.041051483154296875e+01,2.690841293334960938e+01
-9.041048431396484375e+01,2.690813064575195312e+01
-9.041053009033203125e+01,2.690780258178710938e+01
-9.041083526611328125e+01,2.690789222717285156e+01
-9.041148376464843750e+01,2.690737152099609375e+01
-9.041036224365234375e+01,2.690884399414062500e+01
-9.041042327880859375e+01,2.690877532958984375e+01
-9.040850830078125000e+01,2.690990447998046875e+01
-9.041125488281250000e+01,2.690775871276855469e+01
-9.041130828857421875e+01,2.690749168395996094e+01
-9.041122436523437500e+01,2.690776252746582031e+01
-9.041122436523437500e+01,2.690816688537597656e+01
-9.041032409667968750e+01,2.690840530395507812e+01
-9.040951538085937500e+01,2.690887641906738281e+01
-9.040931701660156250e+01,2.690938568115234375e+01
-9.040975952148437500e+01,2.690925979614257812e+01
-9.040995025634765625e+01,2.690842819213867188e+01
-9.041095733642578125e+01,2.690769577026367188e+01
-9.041059112548828125e+01,2.690869140625000000e+01
-9.041107940673828125e+01,2.690769577026367188e+01
-9.041094207763671875e+01,2.690772628784179688e+01
-9.040937805175781250e+01,2.690886688232421875e+01
-9.040927124023437500e+01,2.690962791442871094e+01
-9.041056823730468750e+01,2.690780830383300781e+01
-9.040950012207031250e+01,2.690929031372070312e+01
-9.040975952148437500e+01,2.690888023376464844e+01
-9.041079711914062500e+01,2.690789222717285156e+01
-9.040998840332031250e+01,2.690888977050781250e+01
-9.040869140625000000e+01,2.690980339050292969e+01
-9.041057586669921875e+01,2.690831565856933594e+01
-9.041159057617187500e+01,2.690767097473144531e+01
-9.041052246093750000e+01,2.690828323364257812e+01
-9.041142272949218750e+01,2.690782928466796875e+01
-9.041033172607421875e+01,2.690880584716796875e+01
-9.041143798828125000e+01,2.690779113769531250e+01
-9.040956115722656250e+01,2.690949821472167969e+01
-9.041138458251953125e+01,2.690769577026367188e+01
-9.040980529785156250e+01,2.690882110595703125e+01
-9.041125488281250000e+01,2.690782356262207031e+01
-9.041060638427734375e+01,2.690784454345703125e+01
-9.041105651855468750e+01,2.690830421447753906e+01
-9.041100311279296875e+01,2.690795135498046875e+01
-9.041076660156250000e+01,2.690800857543945312e+01
-9.040950012207031250e+01,2.690949249267578125e+01
-9.040956878662109375e+01,2.690880203247070312e+01
-9.040971374511718750e+01,2.690910911560058594e+01
-9.041126251220703125e+01,2.690777206420898438e+01
-9.041050720214843750e+01,2.690855598449707031e+01
-9.041111755371093750e+01,2.690765190124511719e+01
-9.041072845458984375e+01,2.690794181823730469e+01
-9.040869140625000000e+01,2.690970230102539062e+01
-9.040919494628906250e+01,2.690940093994140625e+01
-9.040884399414062500e+01,2.690991973876953125e+01
-9.040898132324218750e+01,2.690972328186035156e+01
-9.040907287597656250e+01,2.690909957885742188e+01
-9.041003417968750000e+01,2.690819168090820312e+01
-9.041006469726562500e+01,2.690894508361816406e+01
-9.041114807128906250e+01,2.690823554992675781e+01
-9.041075897216796875e+01,2.690777397155761719e+01
-9.041037750244140625e+01,2.690876579284667969e+01
-9.041088867187500000e+01,2.690827941894531250e+01
-9.041117858886718750e+01,2.690814018249511719e+01
-9.040930175781250000e+01,2.690902328491210938e+01
-9.040928649902343750e+01,2.690934753417968750e+01
-9.040982055664062500e+01,2.690901184082031250e+01
-9.041032409667968750e+01,2.690804481506347656e+01
-9.040996551513671875e+01,2.690875053405761719e+01
-9.040853881835937500e+01,2.690964126586914062e+01
-9.040982055664062500e+01,2.690869331359863281e+01
-9.041052246093750000e+01,2.690783882141113281e+01
-9.040989685058593750e+01,2.690867424011230469e+01
-9.041083526611328125e+01,2.690785408020019531e+01
-9.040995025634765625e+01,2.690885734558105469e+01
-9.040883636474609375e+01,2.690985488891601562e+01
-9.041131591796875000e+01,2.690741920471191406e+01
-9.040935516357421875e+01,2.690950584411621094e+01
-9.041057586669921875e+01,2.690818405151367188e+01
-9.040980529785156250e+01,2.690848731994628906e+01
-9.040906524658203125e+01,2.690918540954589844e+01
-9.041016387939453125e+01,2.690869903564453125e+01
-9.041063690185546875e+01,2.690831184387207031e+01
-9.041073608398437500e+01,2.690846824645996094e+01
-9.040951538085937500e+01,2.690889358520507812e+01
-9.041156005859375000e+01,2.690775871276855469e+01
-9.041103363037109375e+01,2.690785026550292969e+01
-9.040993499755859375e+01,2.690912818908691406e+01
-9.041070556640625000e+01,2.690783882141113281e+01
-9.041055297851562500e+01,2.690840339660644531e+01
-9.040912628173828125e+01,2.690942001342773438e+01
-9.040921020507812500e+01,2.690910148620605469e+01
-9.040885925292968750e+01,2.690970420837402344e+01
-9.041056060791015625e+01,2.690827560424804688e+01
-9.040991210937500000e+01,2.690854454040527344e+01
-9.040905761718750000e+01,2.690941810607910156e+01
-9.041003417968750000e+01,2.690881347656250000e+01
-9.041086578369140625e+01,2.690829658508300781e+01
-9.041105651855468750e+01,2.690804100036621094e+01
-9.041063690185546875e+01,2.690784072875976562e+01
-9.041088867187500000e+01,2.690789794921875000e+01
-9.041106414794921875e+01,2.690829467773437500e+01
-9.041112518310546875e+01,2.690820121765136719e+01
-9.041122436523437500e+01,2.690813446044921875e+01
-9.041159820556640625e+01,2.690744781494140625e+01
-9.040841674804687500e+01,2.691001129150390625e+01
-9.040980529785156250e+01,2.690886497497558594e+01
-9.040989685058593750e+01,2.690889549255371094e+01
-9.040952301025390625e+01,2.690954017639160156e+01
-9.041020202636718750e+01,2.690822219848632812e+01
-9.040988922119140625e+01,2.690922546386718750e+01
-9.040977478027343750e+01,2.690862274169921875e+01
-9.040853118896484375e+01,2.690977096557617188e+01
-9.041120147705078125e+01,2.690782356262207031e+01
-9.041059112548828125e+01,2.690821266174316406e+01
-9.040890502929687500e+01,2.690935707092285156e+01
-9.040983581542968750e+01,2.690834617614746094e+01
-9.040972900390625000e+01,2.690894508361816406e+01
-9.040962982177734375e+01,2.690913772583007812e+01
-9.040946960449218750e+01,2.690910911560058594e+01
-9.041050720214843750e+01,2.690871429443359375e+01
-9.040980529785156250e+01,2.690844345092773438e+01
-9.041130828857421875e+01,2.690786552429199219e+01
-9.041004180908203125e+01,2.690857124328613281e+01
-9.041157531738281250e+01,2.690762710571289062e+01
-9.040888977050781250e+01,2.690991973876953125e+01
-9.040963745117187500e+01,2.690938568115234375e+01
-9.041062927246093750e+01,2.690823554992675781e+01
-9.041033935546875000e+01,2.690861511230468750e+01
-9.040994262695312500e+01,2.690856170654296875e+01
-9.040931701660156250e+01,2.690951728820800781e+01
-9.041127014160156250e+01,2.690763092041015625e+01
-9.041088104248046875e+01,2.690814018249511719e+01
-9.041040802001953125e+01,2.690795326232910156e+01
-9.040965270996093750e+01,2.690877914428710938e+01
-9.041136169433593750e+01,2.690759468078613281e+01
-9.041113281250000000e+01,2.690820121765136719e+01
-9.040959930419921875e+01,2.690924644470214844e+01
-9.040964508056640625e+01,2.690871429443359375e+01
-9.041103363037109375e+01,2.690801429748535156e+01
-9.041119384765625000e+01,2.690780258178710938e+01
-9.041133880615234375e+01,2.690766334533691406e+01
-9.040867614746093750e+01,2.691000175476074219e+01
-9.040998077392578125e+01,2.690881156921386719e+01
-9.040961456298828125e+01,2.690890121459960938e+01
-9.040996551513671875e+01,2.690862846374511719e+01
-9.041100311279296875e+01,2.690824127197265625e+01
-9.040976715087890625e+01,2.690883255004882812e+01
-9.041143035888671875e+01,2.690776443481445312e+01
-9.041049194335937500e+01,2.690804100036621094e+01
-9.041174316406250000e+01,2.690761947631835938e+01
-9.041003417968750000e+01,2.690839195251464844e+01
-9.041049957275390625e+01,2.690805435180664062e+01
-9.040846252441406250e+01,2.690974235534667969e+01
-9.041089630126953125e+01,2.690809822082519531e+01
-9.040981292724609375e+01,2.690911865234375000e+01
-9.041059112548828125e+01,2.690805244445800781e+01
-9.041004180908203125e+01,2.690858459472656250e+01
-9.041160583496093750e+01,2.690759658813476562e+01
-9.041143798828125000e+01,2.690772056579589844e+01
-9.041059875488281250e+01,2.690852355957031250e+01
-9.041065216064453125e+01,2.690802955627441406e+01
-9.040985870361328125e+01,2.690890502929687500e+01
-9.041006469726562500e+01,2.690895080566406250e+01
-9.040998840332031250e+01,2.690837860107421875e+01
-9.041052246093750000e+01,2.690828132629394531e+01
-9.040949249267578125e+01,2.690921401977539062e+01
-9.041001892089843750e+01,2.690898895263671875e+01
-9.040940093994140625e+01,2.690896797180175781e+01
-9.040917968750000000e+01,2.690960693359375000e+01
-9.041098022460937500e+01,2.690834999084472656e+01
-9.040919494628906250e+01,2.690926551818847656e+01
-9.041094207763671875e+01,2.690831375122070312e+01
-9.041072082519531250e+01,2.690783691406250000e+01
-9.040985870361328125e+01,2.690901756286621094e+01
-9.040959167480468750e+01,2.690908241271972656e+01
-9.041091918945312500e+01,2.690825462341308594e+01
-9.040856170654296875e+01,2.690969276428222656e+01
-9.041033172607421875e+01,2.690826797485351562e+01
-9.041119384765625000e+01,2.690764999389648438e+01
-9.040982055664062500e+01,2.690843200683593750e+01
-9.041053009033203125e+01,2.690853881835937500e+01
-9.040970611572265625e+01,2.690888214111328125e+01
-9.040959167480468750e+01,2.690912437438964844e+01
-9.041024017333984375e+01,2.690847206115722656e+01
-9.040890502929687500e+01,2.690967941284179688e+01
-9.041027832031250000e+01,2.690894508361816406e+01
-9.040911865234375000e+01,2.690932273864746094e+01
-9.041138458251953125e+01,2.690785408020019531e+01
-9.040869140625000000e+01,2.690986251831054688e+01
-9.040908813476562500e+01,2.690967178344726562e+01
-9.041040802001953125e+01,2.690826416015625000e+01
-9.041017150878906250e+01,2.690842247009277344e+01
-9.041117095947265625e+01,2.690791511535644531e+01
-9.041107177734375000e+01,2.690805244445800781e+01
-9.040939331054687500e+01,2.690892028808593750e+01
-9.041059112548828125e+01,2.690845680236816406e+01
-9.040956878662109375e+01,2.690875434875488281e+01
-9.041113281250000000e+01,2.690791893005371094e+01
-9.041156005859375000e+01,2.690735435485839844e+01
-9.040920257568359375e+01,2.690928077697753906e+01
-9.040882873535156250e+01,2.690998649597167969e+01
-9.041080474853515625e+01,2.690850257873535156e+01
-9.040983581542968750e+01,2.690870666503906250e+01
-9.041156005859375000e+01,2.690778541564941406e+01
-9.041098785400390625e+01,2.690805435180664062e+01
-9.040999603271484375e+01,2.690907287597656250e+01
-9.040989685058593750e+01,2.690867996215820312e+01
-9.041053771972656250e+01,2.690825462341308594e+01
-9.040918731689453125e+01,2.690950965881347656e+01
-9.040976715087890625e+01,2.690876770019531250e+01
-9.041067504882812500e+01,2.690813255310058594e+01
-9.041046905517578125e+01,2.690863418579101562e+01
-9.041042327880859375e+01,2.690868377685546875e+01
-9.041012573242187500e+01,2.690892028808593750e+01
-9.040946960449218750e+01,2.690947914123535156e+01
-9.041017150878906250e+01,2.690868949890136719e+01
-9.040991973876953125e+01,2.690895843505859375e+01
-9.040875244140625000e+01,2.690987586975097656e+01
-9.041100311279296875e+01,2.690796470642089844e+01
-9.040995025634765625e+01,2.690873908996582031e+01
-9.041014862060546875e+01,2.690837669372558594e+01
-9.041085815429687500e+01,2.690787506103515625e+01
-9.041118621826171875e+01,2.690769577026367188e+01
-9.040933990478515625e+01,2.690953636169433594e+01
-9.040877532958984375e+01,2.690952301025390625e+01
-9.040944671630859375e+01,2.690943908691406250e+01
-9.041027069091796875e+01,2.690828132629394531e+01
-9.041135406494140625e+01,2.690792655944824219e+01
-9.040883636474609375e+01,2.690968894958496094e+01
-9.040988922119140625e+01,2.690887641906738281e+01
-9.041048431396484375e+01,2.690821838378906250e+01
-9.041162872314453125e+01,2.690755462646484375e+01
-9.040986633300781250e+01,2.690926361083984375e+01
-9.041030120849609375e+01,2.690801620483398438e+01
-9.041159820556640625e+01,2.690776824951171875e+01
-9.041137695312500000e+01,2.690791893005371094e+01
-9.041036987304687500e+01,2.690801811218261719e+01
-9.040911865234375000e+01,2.690916442871093750e+01
-9.040989685058593750e+01,2.690854072570800781e+01
-9.041100311279296875e+01,2.690825653076171875e+01
-9.040988922119140625e+01,2.690832710266113281e+01
-9.040994262695312500e+01,2.690903663635253906e+01
-9.040864562988281250e+01,2.690964508056640625e+01
-9.040910339355468750e+01,2.690975761413574219e+01
-9.041090393066406250e+01,2.690796089172363281e+01
-9.041079711914062500e+01,2.690804100036621094e+01
-9.040879058837890625e+01,2.690974235534667969e+01
-9.040993499755859375e+01,2.690859031677246094e+01
-9.041117095947265625e+01,2.690802764892578125e+01
-9.041168975830078125e+01,2.690736770629882812e+01
-9.040964508056640625e+01,2.690867805480957031e+01
-9.040843963623046875e+01,2.690994262695312500e+01
-9.040937805175781250e+01,2.690917968750000000e+01
-9.040899658203125000e+01,2.690918350219726562e+01
-9.040939331054687500e+01,2.690909576416015625e+01
-9.040911865234375000e+01,2.690913391113281250e+01
-9.040952301025390625e+01,2.690945434570312500e+01
-9.041016387939453125e+01,2.690887260437011719e+01
-9.040903472900390625e+01,2.690957832336425781e+01
-9.041037750244140625e+01,2.690869522094726562e+01
-9.041079711914062500e+01,2.690843200683593750e+01
-9.040844726562500000e+01,2.691000366210937500e+01
-9.040859222412109375e+01,2.690998268127441406e+01
-9.040972900390625000e+01,2.690917015075683594e+01
-9.040989685058593750e+01,2.690901947021484375e+01
-9.040998840332031250e+01,2.690875816345214844e+01
-9.040850067138671875e+01,2.691002464294433594e+01
-9.041018676757812500e+01,2.690889739990234375e+01
-9.040872955322265625e+01,2.690995025634765625e+01
-9.041056060791015625e+01,2.690804100036621094e+01
-9.040923309326171875e+01,2.690942001342773438e+01
-9.040870666503906250e+01,2.691001129150390625e+01
-9.041054534912109375e+01,2.690799331665039062e+01
-9.040993499755859375e+01,2.690871620178222656e+01
-9.041012573242187500e+01,2.690857887268066406e+01
-9.040932464599609375e+01,2.690952301025390625e+01
-9.040926361083984375e+01,2.690904426574707031e+01
-9.040943145751953125e+01,2.690897560119628906e+01
-9.041032409667968750e+01,2.690797615051269531e+01
-9.040880584716796875e+01,2.690981101989746094e+01
-9.040898895263671875e+01,2.690915870666503906e+01
-9.040985107421875000e+01,2.690910720825195312e+01
-9.040950012207031250e+01,2.690903472900390625e+01
-9.040860748291015625e+01,2.690986061096191406e+01
-9.041069793701171875e+01,2.690803527832031250e+01
-9.041079711914062500e+01,2.690783691406250000e+01
-9.041036224365234375e+01,2.690848159790039062e+01
-9.040908813476562500e+01,2.690924072265625000e+01
-9.040929412841796875e+01,2.690931510925292969e+01
-9.041049957275390625e+01,2.690826225280761719e+01
-9.041020965576171875e+01,2.690881919860839844e+01
-9.041053771972656250e+01,2.690788459777832031e+01
-9.041189575195312500e+01,2.690738487243652344e+01
-9.040905761718750000e+01,2.690913963317871094e+01
-9.041006469726562500e+01,2.690862274169921875e+01
-9.041053009033203125e+01,2.690858078002929688e+01
-9.041091918945312500e+01,2.690762329101562500e+01
-9.040981292724609375e+01,2.690845680236816406e+01
-9.040936279296875000e+01,2.690885925292968750e+01
-9.040953063964843750e+01,2.690879440307617188e+01
-9.041055297851562500e+01,2.690810203552246094e+01
-9.040976715087890625e+01,2.690844726562500000e+01
-9.041106414794921875e+01,2.690792465209960938e+01
-9.040942382812500000e+01,2.690948677062988281e+01
-9.040862274169921875e+01,2.690975952148437500e+01
-9.040892791748046875e+01,2.690933609008789062e+01
-9.040991210937500000e+01,2.690838813781738281e+01
-9.040926361083984375e+01,2.690960311889648438e+01
-9.041023254394531250e+01,2.690840530395507812e+01
-9.041023254394531250e+01,2.690882492065429688e+01
-9.040921020507812500e+01,2.690963172912597656e+01
-9.041014099121093750e+01,2.690892028808593750e+01
-9.040911102294921875e+01,2.690936470031738281e+01
-9.040905761718750000e+01,2.690950393676757812e+01
-9.041059112548828125e+01,2.690859603881835938e+01
-9.040974426269531250e+01,2.690920448303222656e+01
-9.040999603271484375e+01,2.690904235839843750e+01
-9.040852355957031250e+01,2.690964889526367188e+01
-9.041104888916015625e+01,2.690776062011718750e+01
-9.040930175781250000e+01,2.690938568115234375e+01
-9.041138458251953125e+01,2.690744400024414062e+01
-9.041100311279296875e+01,2.690756607055664062e+01
-9.041030120849609375e+01,2.690827560424804688e+01
-9.041032409667968750e+01,2.690855979919433594e+01
-9.040923309326171875e+01,2.690936660766601562e+01
-9.041130828857421875e+01,2.690767478942871094e+01
-9.040986633300781250e+01,2.690863418579101562e+01
-9.041128540039062500e+01,2.690799713134765625e+01
-9.041108703613281250e+01,2.690784645080566406e+01
-9.041059112548828125e+01,2.690868377685546875e+01
-9.040913391113281250e+01,2.690913391113281250e+01
-9.041040802001953125e+01,2.690815353393554688e+01
-9.040988159179687500e+01,2.690845489501953125e+01
-9.041095733642578125e+01,2.690799713134765625e+01
-9.040843200683593750e+01,2.691003990173339844e+01
-9.041044616699218750e+01,2.690865707397460938e+01
-9.041078186035156250e+01,2.690803146362304688e+01
-9.040985870361328125e+01,2.690917015075683594e+01
-9.040951538085937500e+01,2.690954017639160156e+01
-9.040887451171875000e+01,2.690926742553710938e+01
-9.041141510009765625e+01,2.690737152099609375e+01
-9.041051483154296875e+01,2.690794944763183594e+01
-9.041136932373046875e+01,2.690759658813476562e+01
-9.040962219238281250e+01,2.690863418579101562e+01
-9.041112518310546875e+01,2.690786361694335938e+01
-9.040946197509765625e+01,2.690883636474609375e+01
-9.041035461425781250e+01,2.690819168090820312e+01
-9.041162872314453125e+01,2.690771675109863281e+01
-9.040936279296875000e+01,2.690940475463867188e+01
-9.040976715087890625e+01,2.690877342224121094e+01
-9.040988922119140625e+01,2.690875816345214844e+01
-9.041126251220703125e+01,2.690788650512695312e+01
-9.040985870361328125e+01,2.690842056274414062e+01
-9.041036987304687500e+01,2.690882682800292969e+01
-9.041066741943359375e+01,2.690793991088867188e+01
-9.040883636474609375e+01,2.690943145751953125e+01
-9.040969085693359375e+01,2.690897369384765625e+01
-9.041140747070312500e+01,2.690763473510742188e+01
-9.040917968750000000e+01,2.690969467163085938e+01
-9.040941619873046875e+01,2.690936660766601562e+01
-9.041136932373046875e+01,2.690741157531738281e+01
-9.041121673583984375e+01,2.690787887573242188e+01
-9.041014862060546875e+01,2.690863227844238281e+01
-9.041142272949218750e+01,2.690762519836425781e+01
-9.040888214111328125e+01,2.690944290161132812e+01
-9.041001892089843750e+01,2.690892601013183594e+01
-9.041074371337890625e+01,2.690826416015625000e+01
-9.040884399414062500e+01,2.690927314758300781e+01
-9.040915679931640625e+01,2.690954780578613281e+01
-9.041072845458984375e+01,2.690837860107421875e+01
-9.040905761718750000e+01,2.690963554382324219e+01
-9.041048431396484375e+01,2.690831565856933594e+01
-9.041082000732421875e+01,2.690800285339355469e+01
-9.040953826904296875e+01,2.690918540954589844e+01
-9.041083526611328125e+01,2.690808105468750000e+01
-9.041130828857421875e+01,2.690764617919921875e+01
-9.040959167480468750e+01,2.690917587280273438e+01
-9.041089630126953125e+01,2.690771675109863281e+01
-9.041078948974609375e+01,2.690772819519042969e+01
-9.040953826904296875e+01,2.690920639038085938e+01
-9.041035461425781250e+01,2.690866088867187500e+01
-9.040968322753906250e+01,2.690942764282226562e+01
-9.040937042236328125e+01,2.690922927856445312e+01
-9.040904235839843750e+01,2.690962409973144531e+01
-9.041147613525390625e+01,2.690770149230957031e+01
-9.041042327880859375e+01,2.690859222412109375e+01
-9.040991210937500000e+01,2.690920257568359375e+01
-9.041058349609375000e+01,2.690791511535644531e+01
-9.041106414794921875e+01,2.690798568725585938e+01
-9.040846252441406250e+01,2.690970611572265625e+01
-9.041012573242187500e+01,2.690889549255371094e+01
-9.041004180908203125e+01,2.690894317626953125e+01
-9.040908813476562500e+01,2.690913009643554688e+01
-9.041025543212890625e+01,2.690814781188964844e+01
-9.041030883789062500e+01,2.690872573852539062e+01
-9.041083526611328125e+01,2.690839385986328125e+01
-9.041001129150390625e+01,2.690875625610351562e+01
-9.041014099121093750e+01,2.690902137756347656e+01
-9.040983581542968750e+01,2.690926170349121094e+01
-9.041037750244140625e+01,2.690855979919433594e+01
-9.040939331054687500e+01,2.690954399108886719e+01
-9.040942382812500000e+01,2.690881538391113281e+01
-9.041136932373046875e+01,2.690768623352050781e+01
-9.040946960449218750e+01,2.690955162048339844e+01
-9.041059112548828125e+01,2.690797042846679688e+01
-9.041101837158203125e+01,2.690803337097167969e+01
-9.040988159179687500e+01,2.690894508361816406e+01
-9.040882873535156250e+01,2.690964126586914062e+01
-9.040901184082031250e+01,2.690974617004394531e+01
-9.040962982177734375e+01,2.690876579284667969e+01
-9.041082000732421875e+01,2.690823554992675781e+01
-9.041137695312500000e+01,2.690762901306152344e+01
-9.041085052490234375e+01,2.690831184387207031e+01
-9.041007995605468750e+01,2.690881156921386719e+01
-9.040928649902343750e+01,2.690959930419921875e+01
-9.041040039062500000e+01,2.690831375122070312e+01
-9.041150665283203125e+01,2.690782737731933594e+01
-9.041072082519531250e+01,2.690812873840332031e+01
-9.040863800048828125e+01,2.691005325317382812e+01
-9.041118621826171875e+01,2.690758514404296875e+01
-9.040970611572265625e+01,2.690909194946289062e+01
-9.041076660156250000e+01,2.690789413452148438e+01
-9.040981292724609375e+01,2.690873146057128906e+01
-9.041110229492187500e+01,2.690756988525390625e+01
-9.041112518310546875e+01,2.690776062011718750e+01
-9.041152191162109375e+01,2.690734863281250000e+01
-9.040880584716796875e+01,2.690987014770507812e+01
-9.041075897216796875e+01,2.690780258178710938e+01
-9.041060638427734375e+01,2.690829849243164062e+01
-9.040967559814453125e+01,2.690851211547851562e+01
-9.040932464599609375e+01,2.690902519226074219e+01
-9.041014099121093750e+01,2.690888214111328125e+01
-9.041089630126953125e+01,2.690804862976074219e+01
-9.041049957275390625e+01,2.690788269042968750e+01
-9.040949249267578125e+01,2.690893745422363281e+01
-9.041093444824218750e+01,2.690815162658691406e+01
-9.040961456298828125e+01,2.690937232971191406e+01
-9.040962982177734375e+01,2.690934562683105469e+01
-9.040914154052734375e+01,2.690915107727050781e+01
-9.041013336181640625e+01,2.690896797180175781e+01
-9.040879058837890625e+01,2.690970039367675781e+01
-9.040857696533203125e+01,2.690967559814453125e+01
-9.040982818603515625e+01,2.690860557556152344e+01
-9.041130828857421875e+01,2.690756607055664062e+01
-9.040901184082031250e+01,2.690941429138183594e+01
-9.041129302978515625e+01,2.690798950195312500e+01
-9.040947723388671875e+01,2.690894126892089844e+01
-9.041097259521484375e+01,2.690800857543945312e+01
-9.040972900390625000e+01,2.690843009948730469e+01
-9.041030883789062500e+01,2.690888404846191406e+01
-9.040984344482421875e+01,2.690894889831542969e+01
-9.041088104248046875e+01,2.690791702270507812e+01
-9.041099548339843750e+01,2.690800094604492188e+01
-9.041139221191406250e+01,2.690786933898925781e+01
-9.040914916992187500e+01,2.690969848632812500e+01
-9.041162872314453125e+01,2.690756607055664062e+01
-9.041088867187500000e+01,2.690805053710937500e+01
-9.041103363037109375e+01,2.690763092041015625e+01
-9.041054534912109375e+01,2.690803337097167969e+01
-9.041056060791015625e+01,2.690864181518554688e+01
-9.041141510009765625e+01,2.690749168395996094e+01
-9.040965270996093750e+01,2.690918731689453125e+01
-9.041021728515625000e+01,2.690874290466308594e+01
-9.041016387939453125e+01,2.690882492065429688e+01
-9.041034698486328125e+01,2.690824127197265625e+01
-9.041064453125000000e+01,2.690818023681640625e+01
-9.041153717041015625e+01,2.690766716003417969e+01
-9.041006469726562500e+01,2.690826606750488281e+01
-9.041125488281250000e+01,2.690760612487792969e+01
-9.041027069091796875e+01,2.690834045410156250e+01
-9.041085052490234375e+01,2.690841865539550781e+01
-9.041006469726562500e+01,2.690849876403808594e+01
-9.040879058837890625e+01,2.691001701354980469e+01
-9.040976715087890625e+01,2.690877723693847656e+01
-9.041052246093750000e+01,2.690848541259765625e+01
-9.040996551513671875e+01,2.690900993347167969e+01
-9.041091918945312500e+01,2.690838241577148438e+01
-9.040979766845703125e+01,2.690906906127929688e+01
-9.040991210937500000e+01,2.690858650207519531e+01
-9.041014099121093750e+01,2.690822792053222656e+01
-9.041123962402343750e+01,2.690755653381347656e+01
-9.040950012207031250e+01,2.690920639038085938e+01
-9.040965270996093750e+01,2.690921783447265625e+01
-9.040946197509765625e+01,2.690956306457519531e+01
-9.041058349609375000e+01,2.690839195251464844e+01
-9.041073608398437500e+01,2.690831375122070312e+01
-9.040889739990234375e+01,2.690983581542968750e+01
-9.041134643554687500e+01,2.690757369995117188e+01
-9.041107940673828125e+01,2.690769958496093750e+01
-9.040982818603515625e+01,2.690842437744140625e+01
-9.040941619873046875e+01,2.690919876098632812e+01
-9.041070556640625000e+01,2.690854072570800781e+01
-9.041114044189453125e+01,2.690757942199707031e+01
-9.040921783447265625e+01,2.690941047668457031e+01
-9.040930938720703125e+01,2.690934371948242188e+01
-9.041146850585937500e+01,2.690783691406250000e+01
-9.041083526611328125e+01,2.690815925598144531e+01
-9.041039276123046875e+01,2.690834999084472656e+01
-9.040856933593750000e+01,2.690994262695312500e+01
-9.041152954101562500e+01,2.690777015686035156e+01
-9.040989685058593750e+01,2.690879821777343750e+01
-9.041009521484375000e+01,2.690873336791992188e+01
-9.040924835205078125e+01,2.690902328491210938e+01
-9.040867614746093750e+01,2.690958213806152344e+01
-9.041108703613281250e+01,2.690810966491699219e+01
-9.040987396240234375e+01,2.690911293029785156e+01
-9.041047668457031250e+01,2.690812301635742188e+01
-9.041046905517578125e+01,2.690797042846679688e+01
-9.040941619873046875e+01,2.690905570983886719e+01
-9.040982818603515625e+01,2.690905952453613281e+01
-9.041136169433593750e+01,2.690757751464843750e+01
-9.041091918945312500e+01,2.690802574157714844e+01
-9.040944671630859375e+01,2.690880012512207031e+01
-9.041080474853515625e+01,2.690774917602539062e+01
-9.040964508056640625e+01,2.690918731689453125e+01
-9.040987396240234375e+01,2.690921211242675781e+01
-9.041001129150390625e+01,2.690907669067382812e+01
-9.040882110595703125e+01,2.690991210937500000e+01
-9.041027069091796875e+01,2.690876770019531250e+01
-9.041157531738281250e+01,2.690772819519042969e+01
-9.041053771972656250e+01,2.690832138061523438e+01
-9.040969085693359375e+01,2.690888977050781250e+01
-9.041053009033203125e+01,2.690821266174316406e+01
-9.041179656982421875e+01,2.690735244750976562e+01
-9.040927886962890625e+01,2.690906143188476562e+01
-9.040872192382812500e+01,2.690990066528320312e+01
-9.041117095947265625e+01,2.690776252746582031e+01
-9.040929412841796875e+01,2.690919876098632812e+01
-9.040911102294921875e+01,2.690974807739257812e+01
-9.041012573242187500e+01,2.690847587585449219e+01
-9.040980529785156250e+01,2.690838241577148438e+01
-9.041115570068359375e+01,2.690821456909179688e+01
-9.041051483154296875e+01,2.690783309936523438e+01
-9.040946960449218750e+01,2.690952110290527344e+01
-9.040939331054687500e+01,2.690900993347167969e+01
-9.040938568115234375e+01,2.690910339355468750e+01
-9.041111755371093750e+01,2.690784263610839844e+01
-9.041021728515625000e+01,2.690844917297363281e+01
-9.040959930419921875e+01,2.690896606445312500e+01
-9.041078948974609375e+01,2.690792846679687500e+01
-9.040973663330078125e+01,2.690902900695800781e+01
-9.041068267822265625e+01,2.690832710266113281e+01
-9.040967559814453125e+01,2.690923309326171875e+01
-9.040872955322265625e+01,2.690976333618164062e+01
-9.041015625000000000e+01,2.690866088867187500e+01
-9.041127777099609375e+01,2.690749168395996094e+01
-9.041117858886718750e+01,2.690815353393554688e+01
-9.040908050537109375e+01,2.690908813476562500e+01
-9.040960693359375000e+01,2.690869140625000000e+01
-9.040940093994140625e+01,2.690950775146484375e+01
-9.041134643554687500e+01,2.690756225585937500e+01
-9.041001892089843750e+01,2.690863990783691406e+01
-9.041117858886718750e+01,2.690752983093261719e+01
-9.041068267822265625e+01,2.690801811218261719e+01
-9.041008758544921875e+01,2.690898704528808594e+01
-9.041115570068359375e+01,2.690802574157714844e+01
-9.041078186035156250e+01,2.690778923034667969e+01
-9.041067504882812500e+01,2.690852928161621094e+01
-9.040876770019531250e+01,2.690971946716308594e+01
-9.041057586669921875e+01,2.690851402282714844e+01
-9.040975952148437500e+01,2.690907096862792969e+01
-9.040906524658203125e+01,2.690969467163085938e+01
-9.041026306152343750e+01,2.690865898132324219e+01
-9.041152191162109375e+01,2.690782546997070312e+01
-9.041045379638671875e+01,2.690798950195312500e+01
-9.041000366210937500e+01,2.690836524963378906e+01
-9.040969848632812500e+01,2.690931320190429688e+01
-9.040976715087890625e+01,2.690892982482910156e+01
-9.041028594970703125e+01,2.690870475769042969e+01
-9.040983581542968750e+01,2.690919494628906250e+01
-9.040891265869140625e+01,2.690941619873046875e+01
-9.041056060791015625e+01,2.690852546691894531e+01
-9.041094207763671875e+01,2.690770912170410156e+01
-9.041085815429687500e+01,2.690830039978027344e+01
-9.040927886962890625e+01,2.690961265563964844e+01
-9.040900421142578125e+01,2.690935325622558594e+01
-9.041158294677734375e+01,2.690732955932617188e+01
-9.041033172607421875e+01,2.690812492370605469e+01
-9.040849304199218750e+01,2.690993499755859375e+01
-9.041124725341796875e+01,2.690768814086914062e+01
-9.041104125976562500e+01,2.690770530700683594e+01
-9.040911102294921875e+01,2.690923500061035156e+01
-9.041095733642578125e+01,2.690812492370605469e+01
-9.041042327880859375e+01,2.690874290466308594e+01
-9.041033172607421875e+01,2.690884780883789062e+01
-9.041056060791015625e+01,2.690841484069824219e+01
-9.040957641601562500e+01,2.690929985046386719e+01
-9.040958404541015625e+01,2.690917778015136719e+01
-9.040992736816406250e+01,2.690841293334960938e+01
-9.041056060791015625e+01,2.690856361389160156e+01
-9.040972900390625000e+01,2.690872383117675781e+01
-9.041129302978515625e+01,2.690797042846679688e+01
-9.041030883789062500e+01,2.690834808349609375e+01
-9.040998840332031250e+01,2.690862846374511719e+01
-9.040851593017578125e+01,2.690998649597167969e+01
-9.040972900390625000e+01,2.690911293029785156e+01
-9.040929412841796875e+01,2.690938758850097656e+01
-9.040988922119140625e+01,2.690860939025878906e+01
-9.041017913818359375e+01,2.690897750854492188e+01
-9.041104888916015625e+01,2.690810966491699219e+01
-9.040991973876953125e+01,2.690834617614746094e+01
-9.041049194335937500e+01,2.690829658508300781e+01
-9.041008758544921875e+01,2.690877532958984375e+01
-9.041036224365234375e+01,2.690807723999023438e+01
-9.040991210937500000e+01,2.690829277038574219e+01
-9.041085052490234375e+01,2.690797424316406250e+01
-9.041059112548828125e+01,2.690781593322753906e+01
-9.040946960449218750e+01,2.690900611877441406e+01
-9.041000366210937500e+01,2.690848731994628906e+01
-9.040880584716796875e+01,2.690980339050292969e+01
-9.040941619873046875e+01,2.690940856933593750e+01
-9.040919494628906250e+01,2.690949821472167969e+01
-9.040979766845703125e+01,2.690847396850585938e+01
-9.041097259521484375e+01,2.690802001953125000e+01
-9.041110229492187500e+01,2.690825843811035156e+01
-9.040944671630859375e+01,2.690943527221679688e+01
-9.041072845458984375e+01,2.690795707702636719e+01
-9.040979003906250000e+01,2.690839004516601562e+01
-9.041168212890625000e+01,2.690757179260253906e+01
-9.041086578369140625e+01,2.690805625915527344e+01
-9.041034698486328125e+01,2.690808868408203125e+01
-9.040978240966796875e+01,2.690887641906738281e+01
-9.040979766845703125e+01,2.690931701660156250e+01
-9.040969848632812500e+01,2.690908241271972656e+01
-9.041143798828125000e+01,2.690753936767578125e+01
-9.041013336181640625e+01,2.690885543823242188e+01
-9.040914154052734375e+01,2.690905952453613281e+01
-9.040945434570312500e+01,2.690916061401367188e+01
-9.040985870361328125e+01,2.690906715393066406e+01
-9.040911102294921875e+01,2.690944862365722656e+01
-9.041070556640625000e+01,2.690838432312011719e+01
-9.040983581542968750e+01,2.690899848937988281e+01
-9.040996551513671875e+01,2.690853118896484375e+01
-9.041177368164062500e+01,2.690743637084960938e+01
-9.040895080566406250e+01,2.690925216674804688e+01
-9.041061401367187500e+01,2.690841102600097656e+01
-9.041172790527343750e+01,2.690737915039062500e+01
-9.040968322753906250e+01,2.690889549255371094e+01
-9.040963745117187500e+01,2.690913772583007812e+01
-9.040883636474609375e+01,2.690942001342773438e+01
-9.040995025634765625e+01,2.690892410278320312e+01
-9.041089630126953125e+01,2.690805435180664062e+01
-9.041082000732421875e+01,2.690842819213867188e+01
-9.040885162353515625e+01,2.690983963012695312e+01
-9.041032409667968750e+01,2.690875816345214844e+01
-9.040909576416015625e+01,2.690946006774902344e+01
-9.040982055664062500e+01,2.690907096862792969e+01
-9.041127014160156250e+01,2.690801620483398438e+01
-9.040975189208984375e+01,2.690862083435058594e+01
-9.041071319580078125e+01,2.690836524963378906e+01
-9.040926361083984375e+01,2.690962028503417969e+01
-9.041165924072265625e+01,2.690751266479492188e+01
-9.040942382812500000e+01,2.690902328491210938e+01
-9.040974426269531250e+01,2.690937232971191406e+01
-9.040859985351562500e+01,2.690992164611816406e+01
-9.041067504882812500e+01,2.690834426879882812e+01
-9.040936279296875000e+01,2.690900230407714844e+01
-9.040871429443359375e+01,2.690951728820800781e+01
-9.040883636474609375e+01,2.690970611572265625e+01
-9.041046905517578125e+01,2.690826034545898438e+01
-9.041070556640625000e+01,2.690848541259765625e+01
-9.040872955322265625e+01,2.690996551513671875e+01
-9.040901947021484375e+01,2.690950012207031250e+01
-9.040913391113281250e+01,2.690958976745605469e+01
-9.040946197509765625e+01,2.690880584716796875e+01
-9.040945434570312500e+01,2.690926742553710938e+01
-9.040936279296875000e+01,2.690915298461914062e+01
-9.040937805175781250e+01,2.690934944152832031e+01
-9.041142272949218750e+01,2.690732383728027344e+01
-9.040963745117187500e+01,2.690894508361816406e+01
-9.041005706787109375e+01,2.690879249572753906e+01
-9.041003417968750000e+01,2.690838050842285156e+01
-9.041085815429687500e+01,2.690847969055175781e+01
-9.040911102294921875e+01,2.690958976745605469e+01
-9.040961456298828125e+01,2.690883255004882812e+01
-9.041056823730468750e+01,2.690851593017578125e+01
-9.041075897216796875e+01,2.690781593322753906e+01
-9.040970611572265625e+01,2.690928077697753906e+01
-9.040885162353515625e+01,2.690987205505371094e+01
-9.041094970703125000e+01,2.690775871276855469e+01
-9.041118621826171875e+01,2.690812683105468750e+01
-9.041075897216796875e+01,2.690837860107421875e+01
-9.041087341308593750e+01,2.690807342529296875e+01
-9.040940856933593750e+01,2.690912437438964844e+01
-9.041126251220703125e+01,2.690771484375000000e+01
-9.040998840332031250e+01,2.690854454040527344e+01
-9.041017150878906250e+01,2.690825080871582031e+01
-9.041145324707031250e+01,2.690765762329101562e+01
-9.040929412841796875e+01,2.690892028808593750e+01
-9.040895080566406250e+01,2.690933799743652344e+01
-9.040869140625000000e+01,2.690973091125488281e+01
-9.041088867187500000e+01,2.690779495239257812e+01
-9.040928649902343750e+01,2.690904235839843750e+01
-9.040982055664062500e+01,2.690920448303222656e+01
-9.041136932373046875e+01,2.690751838684082031e+01
-9.041113281250000000e+01,2.690797233581542969e+01
-9.040994262695312500e+01,2.690898895263671875e+01
-9.040880584716796875e+01,2.690997123718261719e+01
-9.041162872314453125e+01,2.690758514404296875e+01
-9.041143798828125000e+01,2.690768814086914062e+01
-9.041084289550781250e+01,2.690831756591796875e+01
-9.040879058837890625e+01,2.690963172912597656e+01
-9.041090393066406250e+01,2.690769195556640625e+01
-9.040943908691406250e+01,2.690899848937988281e+01
-9.041159820556640625e+01,2.690759277343750000e+01
-9.041007232666015625e+01,2.690892791748046875e+01
-9.041123199462890625e+01,2.690759086608886719e+01
-9.040840148925781250e+01,2.690974617004394531e+01
-9.040905761718750000e+01,2.690942955017089844e+01
-9.041080474853515625e+01,2.690840911865234375e+01
-9.041042327880859375e+01,2.690815162658691406e+01
-9.041123962402343750e+01,2.690753936767578125e+01
-9.041114044189453125e+01,2.690824317932128906e+01
-9.041170501708984375e+01,2.690748023986816406e+01
-9.041056060791015625e+01,2.690813636779785156e+01
-9.040874481201171875e+01,2.690974235534667969e+01
-9.041017913818359375e+01,2.690859794616699219e+01
-9.040922546386718750e+01,2.690897750854492188e+01
-9.041139221191406250e+01,2.690773010253906250e+01
-9.041102600097656250e+01,2.690807342529296875e+01
-9.040904998779296875e+01,2.690919303894042969e+01
-9.041004180908203125e+01,2.690910339355468750e+01
-9.041094970703125000e+01,2.690810203552246094e+01
-9.040869140625000000e+01,2.690980339050292969e+01
-9.040975952148437500e+01,2.690930175781250000e+01
-9.041006469726562500e+01,2.690904808044433594e+01
-9.040951538085937500e+01,2.690899467468261719e+01
-9.040929412841796875e+01,2.690918540954589844e+01
-9.040959930419921875e+01,2.690893554687500000e+01
-9.041084289550781250e+01,2.690814971923828125e+01
-9.040999603271484375e+01,2.690898323059082031e+01
-9.040884399414062500e+01,2.690983581542968750e+01
-9.040988159179687500e+01,2.690855026245117188e+01
-9.041078948974609375e+01,2.690825843811035156e+01
-9.041038513183593750e+01,2.690793800354003906e+01
-9.041006469726562500e+01,2.690901184082031250e+01
-9.041083526611328125e+01,2.690809822082519531e+01
-9.040960693359375000e+01,2.690920448303222656e+01
-9.040961456298828125e+01,2.690896606445312500e+01
-9.041065216064453125e+01,2.690801811218261719e+01
-9.040898895263671875e+01,2.690959358215332031e+01
-9.040877532958984375e+01,2.690946960449218750e+01
-9.041057586669921875e+01,2.690866851806640625e+01
-9.041028594970703125e+01,2.690809059143066406e+01
-9.040940856933593750e+01,2.690884590148925781e+01
-9.040989685058593750e+01,2.690860748291015625e+01
-9.040880584716796875e+01,2.690986633300781250e+01
-9.041169738769531250e+01,2.690748023986816406e+01
-9.041080474853515625e+01,2.690837287902832031e+01
-9.040933227539062500e+01,2.690958213806152344e+01
-9.040935516357421875e+01,2.690937614440917969e+01
-9.040866851806640625e+01,2.690975189208984375e+01
-9.040908050537109375e+01,2.690963363647460938e+01
-9.040875244140625000e+01,2.690982246398925781e+01
-9.040869140625000000e+01,2.690993881225585938e+01
-9.040992736816406250e+01,2.690910148620605469e+01
-9.040937042236328125e+01,2.690943336486816406e+01
-9.040959167480468750e+01,2.690895652770996094e+01
-9.040980529785156250e+01,2.690840148925781250e+01
-9.041155242919921875e+01,2.690746116638183594e+01
-9.040853118896484375e+01,2.690974044799804688e+01
-9.041047668457031250e+01,2.690824890136718750e+01
-9.041051483154296875e+01,2.690795898437500000e+01
-9.041048431396484375e+01,2.690789222717285156e+01
-9.041027069091796875e+01,2.690806007385253906e+01
-9.041003417968750000e+01,2.690830230712890625e+01
-9.041091156005859375e+01,2.690777397155761719e+01
-9.040897369384765625e+01,2.690918350219726562e+01
-9.041110229492187500e+01,2.690818214416503906e+01
-9.041086578369140625e+01,2.690822410583496094e+01
-9.040888214111328125e+01,2.690992546081542969e+01
-9.041101074218750000e+01,2.690816307067871094e+01
-9.041084289550781250e+01,2.690794372558593750e+01
-9.041061401367187500e+01,2.690835762023925781e+01
-9.040844726562500000e+01,2.691000938415527344e+01
-9.041046142578125000e+01,2.690854644775390625e+01
-9.041114044189453125e+01,2.690790367126464844e+01
-9.040946960449218750e+01,2.690940856933593750e+01
-9.040959930419921875e+01,2.690877532958984375e+01
-9.041044616699218750e+01,2.690808105468750000e+01
-9.040863037109375000e+01,2.690955352783203125e+01
-9.041114807128906250e+01,2.690788650512695312e+01
-9.040994262695312500e+01,2.690852546691894531e+01
-9.040939331054687500e+01,2.690932846069335938e+01
-9.041117858886718750e+01,2.690809822082519531e+01
-9.041009521484375000e+01,2.690879440307617188e+01
-9.041124725341796875e+01,2.690789794921875000e+01
-9.040962219238281250e+01,2.690910148620605469e+01
-9.041033172607421875e+01,2.690796470642089844e+01
-9.041121673583984375e+01,2.690816879272460938e+01
-9.041001892089843750e+01,2.690843009948730469e+01
-9.040868377685546875e+01,2.690983200073242188e+01
-9.041011810302734375e+01,2.690880966186523438e+01
-9.041120910644531250e+01,2.690774726867675781e+01
-9.040917205810546875e+01,2.690910530090332031e+01
-9.040840148925781250e+01,2.690972900390625000e+01
-9.041051483154296875e+01,2.690861701965332031e+01
-9.040950012207031250e+01,2.690938186645507812e+01
-9.040960693359375000e+01,2.690884590148925781e+01
-9.041072845458984375e+01,2.690790939331054688e+01
-9.040998077392578125e+01,2.690822982788085938e+01
-9.041171264648437500e+01,2.690761756896972656e+01
-9.041088104248046875e+01,2.690791130065917969e+01
-9.040930938720703125e+01,2.690892028808593750e+01
-9.041114807128906250e+01,2.690775108337402344e+01
-9.041025543212890625e+01,2.690815925598144531e+01
-9.041009521484375000e+01,2.690850639343261719e+01
-9.040904998779296875e+01,2.690933036804199219e+01
-9.041134643554687500e+01,2.690776824951171875e+01
-9.040906524658203125e+01,2.690947914123535156e+01
-9.040973663330078125e+01,2.690923118591308594e+01
-9.041098022460937500e+01,2.690801620483398438e+01
-9.041040039062500000e+01,2.690828323364257812e+01
-9.040963745117187500e+01,2.690936660766601562e+01
-9.041000366210937500e+01,2.690893554687500000e+01
-9.041104125976562500e+01,2.690824699401855469e+01
-9.041136932373046875e+01,2.690786170959472656e+01
-9.041079711914062500e+01,2.690834808349609375e+01
-9.040879821777343750e+01,2.690950584411621094e+01
-9.041075897216796875e+01,2.690785217285156250e+01
-9.040925598144531250e+01,2.690942382812500000e+01
-9.041032409667968750e+01,2.690835762023925781e+01
-9.041065979003906250e+01,2.690835952758789062e+01
-9.041085815429687500e+01,2.690799903869628906e+01
-9.040985870361328125e+01,2.690891838073730469e+01
-9.041067504882812500e+01,2.690804862976074219e+01
-9.041038513183593750e+01,2.690876960754394531e+01
-9.041099548339843750e+01,2.690795898437500000e+01
-9.040901184082031250e+01,2.690913772583007812e+01
-9.041174316406250000e+01,2.690737915039062500e+01
-9.040862274169921875e+01,2.690997123718261719e+01
-9.041077423095703125e+01,2.690777969360351562e+01
-9.041170501708984375e+01,2.690768241882324219e+01
-9.040883636474609375e+01,2.690959358215332031e+01
-9.040882110595703125e+01,2.690955734252929688e+01
-9.041046905517578125e+01,2.690797042846679688e+01
-9.040944671630859375e+01,2.690938758850097656e+01
-9.041120147705078125e+01,2.690789794921875000e+01
-9.041031646728515625e+01,2.690875244140625000e+01
-9.041081237792968750e+01,2.690797424316406250e+01
-9.041129302978515625e+01,2.690781021118164062e+01
-9.041129302978515625e+01,2.690778541564941406e+01
-9.040965270996093750e+01,2.690869712829589844e+01
-9.041036987304687500e+01,2.690803909301757812e+01
-9.040983581542968750e+01,2.690891838073730469e+01
-9.041016387939453125e+01,2.690900039672851562e+01
-9.041028594970703125e+01,2.690809822082519531e+01
-9.041059875488281250e+01,2.690863800048828125e+01
-9.041035461425781250e+01,2.690840721130371094e+01
-9.040955352783203125e+01,2.690922355651855469e+01
-9.041027069091796875e+01,2.690886878967285156e+01
-9.041036987304687500e+01,2.690838050842285156e+01
-9.041133880615234375e+01,2.690759849548339844e+01
-9.041036987304687500e+01,2.690837097167968750e+01
-9.040867614746093750e+01,2.690967941284179688e+01
-9.041168212890625000e+01,2.690739822387695312e+01
-9.040884399414062500e+01,2.690927505493164062e+01
-9.041111755371093750e+01,2.690815544128417969e+01
-9.041014862060546875e+01,2.690855216979980469e+01
-9.041034698486328125e+01,2.690870285034179688e+01
-9.040992736816406250e+01,2.690868949890136719e+01
-9.041114807128906250e+01,2.690779113769531250e+01
-9.040887451171875000e+01,2.690986824035644531e+01
-9.040881347656250000e+01,2.690951538085937500e+01
-9.041063690185546875e+01,2.690838813781738281e+01
-9.041052246093750000e+01,2.690855598449707031e+01
-9.041050720214843750e+01,2.690856552124023438e+01
-9.041086578369140625e+01,2.690765190124511719e+01
-9.040882873535156250e+01,2.690938377380371094e+01
-9.041036987304687500e+01,2.690844154357910156e+01
-9.041161346435546875e+01,2.690733337402343750e+01
-9.041081237792968750e+01,2.690786361694335938e+01
-9.040927124023437500e+01,2.690906906127929688e+01
-9.040994262695312500e+01,2.690869712829589844e+01
-9.041156005859375000e+01,2.690778350830078125e+01
-9.041027069091796875e+01,2.690814208984375000e+01
-9.041034698486328125e+01,2.690844345092773438e+01
-9.041114044189453125e+01,2.690788650512695312e+01
-9.041119384765625000e+01,2.690759658813476562e+01
-9.041077423095703125e+01,2.690802001953125000e+01
-9.041097259521484375e+01,2.690786361694335938e+01
-9.041077423095703125e+01,2.690803146362304688e+01
-9.040863800048828125e+01,2.690969467163085938e+01
-9.040911865234375000e+01,2.690936279296875000e+01
-9.041046905517578125e+01,2.690853118896484375e+01
-9.041027832031250000e+01,2.690813446044921875e+01
-9.040988159179687500e+01,2.690912437438964844e+01
-9.041001892089843750e+01,2.690839004516601562e+01
-9.041047668457031250e+01,2.690832901000976562e+01
-9.041006469726562500e+01,2.690828514099121094e+01
-9.041124725341796875e+01,2.690803146362304688e+01
-9.040981292724609375e+01,2.690844726562500000e+01
-9.040919494628906250e+01,2.690953826904296875e+01
-9.041107940673828125e+01,2.690795326232910156e+01
-9.041127777099609375e+01,2.690789604187011719e+01
-9.041056060791015625e+01,2.690794944763183594e+01
-9.041082000732421875e+01,2.690798950195312500e+01
-9.040976715087890625e+01,2.690879821777343750e+01
-9.040905761718750000e+01,2.690960311889648438e+01
-9.041026306152343750e+01,2.690892791748046875e+01
-9.041055297851562500e+01,2.690802955627441406e+01
-9.040895843505859375e+01,2.690977478027343750e+01
-9.040921020507812500e+01,2.690964317321777344e+01
-9.041094207763671875e+01,2.690778732299804688e+01
-9.041019439697265625e+01,2.690832519531250000e+01
-9.040982818603515625e+01,2.690858650207519531e+01
-9.040988922119140625e+01,2.690843963623046875e+01
-9.041120910644531250e+01,2.690812110900878906e+01
-9.040951538085937500e+01,2.690881347656250000e+01
-9.040863037109375000e+01,2.690969657897949219e+01
-9.040991973876953125e+01,2.690921211242675781e+01
-9.041152954101562500e+01,2.690736389160156250e+01
-9.041119384765625000e+01,2.690814971923828125e+01
-9.040946197509765625e+01,2.690909767150878906e+01
-9.041015625000000000e+01,2.690904617309570312e+01
-9.040875244140625000e+01,2.690957832336425781e+01
-9.040996551513671875e+01,2.690909385681152344e+01
-9.040926361083984375e+01,2.690941619873046875e+01
-9.040891265869140625e+01,2.690950393676757812e+01
-9.041146850585937500e+01,2.690760040283203125e+01
-9.040945434570312500e+01,2.690922546386718750e+01
-9.040987396240234375e+01,2.690835189819335938e+01
-9.040851593017578125e+01,2.690993309020996094e+01
-9.040957641601562500e+01,2.690884208679199219e+01
-9.041031646728515625e+01,2.690851974487304688e+01
-9.041055297851562500e+01,2.690812492370605469e+01
-9.041177368164062500e+01,2.690739440917968750e+01
-9.040879821777343750e+01,2.690942382812500000e+01
-9.040946960449218750e+01,2.690949249267578125e+01
-9.040999603271484375e+01,2.690912246704101562e+01
-9.040898895263671875e+01,2.690951919555664062e+01
-9.041043853759765625e+01,2.690852928161621094e+01
-9.041001129150390625e+01,2.690901756286621094e+01
-9.040977478027343750e+01,2.690845298767089844e+01
-9.040901947021484375e+01,2.690979576110839844e+01
-9.040935516357421875e+01,2.690898704528808594e+01
-9.040912628173828125e+01,2.690917205810546875e+01
-9.041123199462890625e+01,2.690774917602539062e+01
-9.040979766845703125e+01,2.690839767456054688e+01
-9.041133880615234375e+01,2.690741729736328125e+01
-9.040929412841796875e+01,2.690942955017089844e+01
-9.040943145751953125e+01,2.690934753417968750e+01
-9.041076660156250000e+01,2.690810012817382812e+01
-9.040892028808593750e+01,2.690943908691406250e+01
-9.041046142578125000e+01,2.690830039978027344e+01
-9.040966033935546875e+01,2.690897178649902344e+01
-9.041132354736328125e+01,2.690772819519042969e+01
-9.040948486328125000e+01,2.690926361083984375e+01
-9.040991973876953125e+01,2.690832710266113281e+01
-9.041078948974609375e+01,2.690851593017578125e+01
-9.040910339355468750e+01,2.690905952453613281e+01
-9.041038513183593750e+01,2.690833282470703125e+01
-9.040914154052734375e+01,2.690909004211425781e+01
-9.041036987304687500e+01,2.690859413146972656e+01
-9.040887451171875000e+01,2.690965270996093750e+01
-9.041022491455078125e+01,2.690851974487304688e+01
-9.041005706787109375e+01,2.690891647338867188e+01
-9.040973663330078125e+01,2.690900230407714844e+01
-9.041054534912109375e+01,2.690828132629394531e+01
-9.041021728515625000e+01,2.690863418579101562e+01
-9.040989685058593750e+01,2.690842628479003906e+01
-9.041036224365234375e+01,2.690880775451660156e+01
-9.040879058837890625e+01,2.690988349914550781e+01
-9.040987396240234375e+01,2.690890884399414062e+01
-9.040953063964843750e+01,2.690893745422363281e+01
-9.041101074218750000e+01,2.690797615051269531e+01
-9.041080474853515625e+01,2.690807533264160156e+01
-9.041140747070312500e+01,2.690764999389648438e+01
-9.041090393066406250e+01,2.690789794921875000e+01
-9.040888977050781250e+01,2.690952491760253906e+01
-9.040952301025390625e+01,2.690947914123535156e+01
-9.041144561767578125e+01,2.690771293640136719e+01
-9.041044616699218750e+01,2.690824699401855469e+01
-9.041156005859375000e+01,2.690746879577636719e+01
-9.041061401367187500e+01,2.690800857543945312e+01
-9.041103363037109375e+01,2.690764045715332031e+01
-9.041006469726562500e+01,2.690850448608398438e+01
-9.041104888916015625e+01,2.690775871276855469e+01
-9.041011047363281250e+01,2.690823936462402344e+01
-9.040955352783203125e+01,2.690910911560058594e+01
-9.040896606445312500e+01,2.690937232971191406e+01
-9.041011810302734375e+01,2.690814781188964844e+01
-9.041037750244140625e+01,2.690849494934082031e+01
-9.041079711914062500e+01,2.690797996520996094e+01
-9.040910339355468750e+01,2.690911483764648438e+01
-9.041057586669921875e+01,2.690858078002929688e+01
-9.041149902343750000e+01,2.690759658813476562e+01
-9.041033935546875000e+01,2.690796279907226562e+01
-9.040932464599609375e+01,2.690896797180175781e+01
-9.040896606445312500e+01,2.690966415405273438e+01
-9.040982818603515625e+01,2.690915298461914062e+01
-9.040985870361328125e+01,2.690925788879394531e+01
-9.041069030761718750e+01,2.690777778625488281e+01
-9.041034698486328125e+01,2.690795707702636719e+01
-9.041122436523437500e+01,2.690747642517089844e+01
-9.040916442871093750e+01,2.690903282165527344e+01
-9.041075134277343750e+01,2.690830039978027344e+01
-9.040855407714843750e+01,2.690962982177734375e+01
-9.040932464599609375e+01,2.690957069396972656e+01
-9.040976715087890625e+01,2.690880966186523438e+01
-9.040995788574218750e+01,2.690843200683593750e+01
-9.040966033935546875e+01,2.690871429443359375e+01
-9.041023254394531250e+01,2.690812110900878906e+01
-9.041058349609375000e+01,2.690857505798339844e+01
-9.040935516357421875e+01,2.690913963317871094e+01
-9.041004180908203125e+01,2.690847206115722656e+01
-9.041137695312500000e+01,2.690780639648437500e+01
-9.041075134277343750e+01,2.690845108032226562e+01
-9.040979003906250000e+01,2.690901947021484375e+01
-9.040989685058593750e+01,2.690846443176269531e+01
-9.041001129150390625e+01,2.690844154357910156e+01
-9.041046905517578125e+01,2.690802383422851562e+01
-9.041097259521484375e+01,2.690798950195312500e+01
-9.041133880615234375e+01,2.690753364562988281e+01
-9.041071319580078125e+01,2.690859985351562500e+01
-9.041059875488281250e+01,2.690821647644042969e+01
-9.041006469726562500e+01,2.690907096862792969e+01
-9.041003417968750000e+01,2.690902137756347656e+01
-9.040909576416015625e+01,2.690953254699707031e+01
-9.040929412841796875e+01,2.690923881530761719e+01
-9.040957641601562500e+01,2.690885162353515625e+01
-9.040873718261718750e+01,2.690983200073242188e+01
-9.040911102294921875e+01,2.690932846069335938e+01
-9.040874481201171875e+01,2.690968704223632812e+01
-9.040861511230468750e+01,2.690960693359375000e+01
-9.040996551513671875e+01,2.690915107727050781e+01
-9.040962219238281250e+01,2.690876197814941406e+01
-9.040993499755859375e+01,2.690920448303222656e+01
-9.040893554687500000e+01,2.690922927856445312e+01
-9.040910339355468750e+01,2.690929412841796875e+01
-9.040853881835937500e+01,2.690996170043945312e+01
-9.040930938720703125e+01,2.690907478332519531e+01
-9.041065979003906250e+01,2.690799140930175781e+01
-9.041101837158203125e+01,2.690806198120117188e+01
-9.041116333007812500e+01,2.690781211853027344e+01
-9.041081237792968750e+01,2.690835189819335938e+01
-9.041111755371093750e+01,2.690794563293457031e+01
-9.040882873535156250e+01,2.690991401672363281e+01
-9.040996551513671875e+01,2.690842056274414062e+01
-9.041056823730468750e+01,2.690827560424804688e+01
-9.040876007080078125e+01,2.690985870361328125e+01
-9.041139984130859375e+01,2.690756034851074219e+01
-9.041052246093750000e+01,2.690790367126464844e+01
-9.040893554687500000e+01,2.690946388244628906e+01
-9.041101837158203125e+01,2.690829086303710938e+01
-9.041106414794921875e+01,2.690785789489746094e+01
-9.040872955322265625e+01,2.690969467163085938e+01
-9.040954589843750000e+01,2.690929794311523438e+01
-9.041101837158203125e+01,2.690824890136718750e+01
-9.040998077392578125e+01,2.690842247009277344e+01
-9.041030883789062500e+01,2.690869712829589844e+01
-9.040982818603515625e+01,2.690876579284667969e+01
-9.041070556640625000e+01,2.690821075439453125e+01
-9.041103363037109375e+01,2.690763854980468750e+01
-9.040988922119140625e+01,2.690848731994628906e+01
-9.041085815429687500e+01,2.690793609619140625e+01
-9.040948486328125000e+01,2.690877342224121094e+01
-9.040876770019531250e+01,2.690983390808105469e+01
-9.041107940673828125e+01,2.690807533264160156e+01
-9.041007232666015625e+01,2.690841102600097656e+01
-9.041026306152343750e+01,2.690821456909179688e+01
-9.040989685058593750e+01,2.690844345092773438e+01
-9.040855407714843750e+01,2.690977478027343750e+01
-9.041172790527343750e+01,2.690753555297851562e+01
-9.041065216064453125e+01,2.690851593017578125e+01
-9.040997314453125000e+01,2.690853118896484375e+01
-9.041019439697265625e+01,2.690891838073730469e+01
-9.040913391113281250e+01,2.690948104858398438e+01
-9.041047668457031250e+01,2.690804290771484375e+01
-9.040975952148437500e+01,2.690888786315917969e+01
-9.041080474853515625e+01,2.690827751159667969e+01
-9.041010284423828125e+01,2.690890693664550781e+01
-9.040925598144531250e+01,2.690941238403320312e+01
-9.040889739990234375e+01,2.690968894958496094e+01
-9.040943145751953125e+01,2.690916252136230469e+01
-9.040925598144531250e+01,2.690957832336425781e+01
-9.041042327880859375e+01,2.690861511230468750e+01
-9.041070556640625000e+01,2.690838241577148438e+01
-9.041151428222656250e+01,2.690773963928222656e+01
-9.040881347656250000e+01,2.690964698791503906e+01
-9.040963745117187500e+01,2.690868186950683594e+01
-9.041114044189453125e+01,2.690820503234863281e+01
-9.041059875488281250e+01,2.690838432312011719e+01
-9.041159057617187500e+01,2.690771293640136719e+01
-9.040983581542968750e+01,2.690890884399414062e+01
-9.041108703613281250e+01,2.690814018249511719e+01
-9.040913391113281250e+01,2.690921783447265625e+01
-9.040972900390625000e+01,2.690863418579101562e+01
-9.041161346435546875e+01,2.690757751464843750e+01
-9.040979766845703125e+01,2.690855407714843750e+01
-9.041046905517578125e+01,2.690800857543945312e+01
-9.040998077392578125e+01,2.690900230407714844e+01
-9.040955352783203125e+01,2.690947532653808594e+01
-9.041052246093750000e+01,2.690814018249511719e+01
-9.041139221191406250e+01,2.690740585327148438e+01
-9.041056823730468750e+01,2.690790367126464844e+01
-9.041115570068359375e+01,2.690800476074218750e+01
-9.041048431396484375e+01,2.690848731994628906e+01
-9.041072845458984375e+01,2.690781784057617188e+01
-9.041017150878906250e+01,2.690863990783691406e+01
-9.041014862060546875e+01,2.690818595886230469e+01
-9.041043090820312500e+01,2.690881156921386719e+01
-9.040921783447265625e+01,2.690939903259277344e+01
-9.041085052490234375e+01,2.690827560424804688e+01
-9.041021728515625000e+01,2.690853881835937500e+01
-9.040969848632812500e+01,2.690883636474609375e+01
-9.041101074218750000e+01,2.690785789489746094e+01
-9.040903472900390625e+01,2.690981864929199219e+01
-9.040950775146484375e+01,2.690886878967285156e+01
-9.041014862060546875e+01,2.690857696533203125e+01
-9.041123962402343750e+01,2.690780448913574219e+01
-9.041041564941406250e+01,2.690843009948730469e+01
-9.041157531738281250e+01,2.690769577026367188e+01
-9.040917205810546875e+01,2.690904045104980469e+01
-9.040929412841796875e+01,2.690892791748046875e+01
-9.041086578369140625e+01,2.690813446044921875e+01
-9.040873718261718750e+01,2.691000366210937500e+01
-9.041088104248046875e+01,2.690789413452148438e+01
-9.041080474853515625e+01,2.690797233581542969e+01
-9.040933227539062500e+01,2.690947151184082031e+01
-9.041056823730468750e+01,2.690865898132324219e+01
-9.040898132324218750e+01,2.690970993041992188e+01
-9.041051483154296875e+01,2.690808868408203125e+01
-9.040942382812500000e+01,2.690950965881347656e+01
-9.041114807128906250e+01,2.690800476074218750e+01
-9.041188049316406250e+01,2.690740394592285156e+01
-9.041017913818359375e+01,2.690885543823242188e+01
-9.040962219238281250e+01,2.690900421142578125e+01
-9.040961456298828125e+01,2.690938568115234375e+01
-9.040898132324218750e+01,2.690984153747558594e+01
-9.040991973876953125e+01,2.690831375122070312e+01
-9.041096496582031250e+01,2.690813636779785156e+01
-9.041139221191406250e+01,2.690748405456542969e+01
-9.040991210937500000e+01,2.690889358520507812e+01
-9.041030120849609375e+01,2.690869522094726562e+01
-9.040917205810546875e+01,2.690952301025390625e+01
-9.041160583496093750e+01,2.690766525268554688e+01
-9.040923309326171875e+01,2.690947914123535156e+01
-9.041061401367187500e+01,2.690817642211914062e+01
-9.040987396240234375e+01,2.690846824645996094e+01
-9.041017150878906250e+01,2.690822029113769531e+01
-9.041133880615234375e+01,2.690737533569335938e+01
-9.040909576416015625e+01,2.690909576416015625e+01
-9.041002655029296875e+01,2.690880203247070312e+01
-9.041056060791015625e+01,2.690808677673339844e+01
-9.040863037109375000e+01,2.690961456298828125e+01
-9.040951538085937500e+01,2.690934371948242188e+01
-9.041155242919921875e+01,2.690758705139160156e+01
-9.040988922119140625e+01,2.690911865234375000e+01
-9.040992736816406250e+01,2.690871810913085938e+01
-9.041114044189453125e+01,2.690783119201660156e+01
-9.041048431396484375e+01,2.690801811218261719e+01
-9.041158294677734375e+01,2.690752410888671875e+01
-9.041059112548828125e+01,2.690798759460449219e+01
-9.040914916992187500e+01,2.690922737121582031e+01
-9.041126251220703125e+01,2.690779495239257812e+01
-9.041023254394531250e+01,2.690873908996582031e+01
-9.041073608398437500e+01,2.690854072570800781e+01
-9.040955352783203125e+01,2.690949440002441406e+01
-9.040988922119140625e+01,2.690846252441406250e+01
-9.041091918945312500e+01,2.690814018249511719e+01
-9.041043853759765625e+01,2.690875816345214844e+01
-9.040975189208984375e+01,2.690874290466308594e+01
-9.041036224365234375e+01,2.690838050842285156e+01
-9.041043090820312500e+01,2.690873527526855469e+01
-9.041027832031250000e+01,2.690830230712890625e+01
-9.041015625000000000e+01,2.690823173522949219e+01
-9.041008758544921875e+01,2.690824127197265625e+01
-9.041004180908203125e+01,2.690898895263671875e+01
-9.040875244140625000e+01,2.690970993041992188e+01
-9.041088104248046875e+01,2.690785598754882812e+01
-9.041049957275390625e+01,2.690784645080566406e+01
-9.040935516357421875e+01,2.690935516357421875e+01
-9.040951538085937500e+01,2.690921211242675781e+01
-9.040848541259765625e+01,2.691004562377929688e+01
-9.040955352783203125e+01,2.690901565551757812e+01
-9.041088867187500000e+01,2.690808677673339844e+01
-9.041107177734375000e+01,2.690814208984375000e+01
-9.041131591796875000e+01,2.690772628784179688e+01
-9.040953063964843750e+01,2.690883636474609375e+01
-9.041056823730468750e+01,2.690865325927734375e+01
-9.041088867187500000e+01,2.690797615051269531e+01
-9.041155242919921875e+01,2.690747261047363281e+01
-9.041123199462890625e+01,2.690753936767578125e+01
-9.041096496582031250e+01,2.690797233581542969e+01
-9.041049957275390625e+01,2.690870666503906250e+01
-9.040951538085937500e+01,2.690910720825195312e+01
-9.041077423095703125e+01,2.690819549560546875e+01
-9.040937042236328125e+01,2.690941429138183594e+01
-9.040950775146484375e+01,2.690954017639160156e+01
-9.041086578369140625e+01,2.690774154663085938e+01
-9.040923309326171875e+01,2.690913963317871094e+01
-9.041026306152343750e+01,2.690836334228515625e+01
-9.041040039062500000e+01,2.690798568725585938e+01
-9.041034698486328125e+01,2.690856552124023438e+01
-9.040904998779296875e+01,2.690978622436523438e+01
-9.041143035888671875e+01,2.690738677978515625e+01
-9.040872955322265625e+01,2.691004943847656250e+01
-9.040982818603515625e+01,2.690925979614257812e+01
-9.040996551513671875e+01,2.690830421447753906e+01
-9.040985870361328125e+01,2.690910339355468750e+01
-9.041036987304687500e+01,2.690846633911132812e+01
-9.040939331054687500e+01,2.690906333923339844e+01
-9.040979766845703125e+01,2.690901947021484375e+01
-9.041108703613281250e+01,2.690810966491699219e+01
-9.041107940673828125e+01,2.690806198120117188e+01
-9.041046905517578125e+01,2.690874290466308594e+01
-9.040919494628906250e+01,2.690899467468261719e+01
-9.041040802001953125e+01,2.690797042846679688e+01
-9.040909576416015625e+01,2.690962791442871094e+01
-9.041171264648437500e+01,2.690751457214355469e+01
-9.041017913818359375e+01,2.690811729431152344e+01
-9.040899658203125000e+01,2.690970039367675781e+01
-9.040922546386718750e+01,2.690936851501464844e+01
-9.040899658203125000e+01,2.690965461730957031e+01
-9.040901184082031250e+01,2.690948295593261719e+01
-9.040895080566406250e+01,2.690929603576660156e+01
-9.041055297851562500e+01,2.690860557556152344e+01
-9.041095733642578125e+01,2.690831756591796875e+01
-9.040904235839843750e+01,2.690958976745605469e+01
-9.041098785400390625e+01,2.690807342529296875e+01
-9.041097259521484375e+01,2.690777969360351562e+01
-9.041059112548828125e+01,2.690780067443847656e+01
-9.041059112548828125e+01,2.690829467773437500e+01
-9.040955352783203125e+01,2.690890884399414062e+01
-9.041102600097656250e+01,2.690758132934570312e+01
-9.040950012207031250e+01,2.690938758850097656e+01
-9.040972900390625000e+01,2.690913772583007812e+01
-9.041124725341796875e+01,2.690755462646484375e+01
-9.041059875488281250e+01,2.690788269042968750e+01
-9.040985107421875000e+01,2.690911483764648438e+01
-9.041160583496093750e+01,2.690776252746582031e+01
-9.040939331054687500e+01,2.690949440002441406e+01
-9.041047668457031250e+01,2.690875053405761719e+01
-9.041062927246093750e+01,2.690826416015625000e+01
-9.040876007080078125e+01,2.690944480895996094e+01
-9.040928649902343750e+01,2.690901374816894531e+01
-9.040979766845703125e+01,2.690918350219726562e+01
-9.041027832031250000e+01,2.690892601013183594e+01
-9.040962982177734375e+01,2.690864944458007812e+01
-9.040947723388671875e+01,2.690937805175781250e+01
-9.040879058837890625e+01,2.690946578979492188e+01
-9.041045379638671875e+01,2.690800285339355469e+01
-9.040991973876953125e+01,2.690901565551757812e+01
-9.040995788574218750e+01,2.690902519226074219e+01
-9.041034698486328125e+01,2.690858459472656250e+01
-9.040898132324218750e+01,2.690917205810546875e+01
-9.040982818603515625e+01,2.690856742858886719e+01
-9.040879821777343750e+01,2.690942382812500000e+01
-9.041058349609375000e+01,2.690828895568847656e+01
-9.040894317626953125e+01,2.690974998474121094e+01
-9.041156768798828125e+01,2.690737342834472656e+01
-9.041171264648437500e+01,2.690754318237304688e+01
-9.040863037109375000e+01,2.690965652465820312e+01
-9.041024780273437500e+01,2.690801620483398438e+01
-9.041012573242187500e+01,2.690888977050781250e+01
-9.040969085693359375e+01,2.690930938720703125e+01
-9.041033935546875000e+01,2.690828895568847656e+01
-9.040991210937500000e+01,2.690856552124023438e+01
-9.041091156005859375e+01,2.690770721435546875e+01
-9.041120910644531250e+01,2.690779304504394531e+01
-9.041019439697265625e+01,2.690850067138671875e+01
-9.040930938720703125e+01,2.690902900695800781e+01
-9.040910339355468750e+01,2.690935707092285156e+01
-9.041185760498046875e+01,2.690737152099609375e+01
-9.040872955322265625e+01,2.690946960449218750e+01
-9.041020202636718750e+01,2.690875625610351562e+01
-9.040917205810546875e+01,2.690940475463867188e+01
-9.041078186035156250e+01,2.690809822082519531e+01
-9.040966033935546875e+01,2.690882873535156250e+01
-9.040909576416015625e+01,2.690964508056640625e+01
-9.040962982177734375e+01,2.690896987915039062e+01
-9.040898132324218750e+01,2.690957641601562500e+01
-9.041007232666015625e+01,2.690900039672851562e+01
-9.041068267822265625e+01,2.690796852111816406e+01
-9.041079711914062500e+01,2.690829658508300781e+01
-9.041100311279296875e+01,2.690786552429199219e+01
-9.041169738769531250e+01,2.690742301940917969e+01
-9.041146850585937500e+01,2.690746307373046875e+01
-9.040953826904296875e+01,2.690941810607910156e+01
-9.041018676757812500e+01,2.690865516662597656e+01
-9.041053009033203125e+01,2.690804290771484375e+01
-9.040995025634765625e+01,2.690916252136230469e+01
-9.041085815429687500e+01,2.690778541564941406e+01
-9.041135406494140625e+01,2.690738105773925781e+01
-9.040930938720703125e+01,2.690930938720703125e+01
-9.040958404541015625e+01,2.690950202941894531e+01
-9.040930938720703125e+01,2.690942192077636719e+01
-9.040875244140625000e+01,2.690946960449218750e+01
-9.040960693359375000e+01,2.690893554687500000e+01
-9.040898132324218750e+01,2.690964508056640625e+01
-9.040871429443359375e+01,2.690961837768554688e+01
-9.041127777099609375e+01,2.690788459777832031e+01
-9.040891265869140625e+01,2.690923500061035156e+01
-9.040918731689453125e+01,2.690967178344726562e+01
-9.040867614746093750e+01,2.690951538085937500e+01
-9.041020202636718750e+01,2.690878677368164062e+01
-9.041011047363281250e+01,2.690865516662597656e+01
-9.041066741943359375e+01,2.690802001953125000e+01
-9.041002655029296875e+01,2.690864181518554688e+01
-9.040995788574218750e+01,2.690914916992187500e+01
-9.041001892089843750e+01,2.690827751159667969e+01
-9.041043090820312500e+01,2.690845108032226562e+01
-9.040997314453125000e+01,2.690860366821289062e+01
-9.041118621826171875e+01,2.690814399719238281e+01
-9.041081237792968750e+01,2.690822792053222656e+01
-9.040918731689453125e+01,2.690933799743652344e+01
-9.040911865234375000e+01,2.690952301025390625e+01
-9.041140747070312500e+01,2.690787506103515625e+01
-9.040982055664062500e+01,2.690927886962890625e+01
-9.040962219238281250e+01,2.690906715393066406e+01
-9.041132354736328125e+01,2.690796661376953125e+01
-9.040982055664062500e+01,2.690845489501953125e+01
-9.040939331054687500e+01,2.690921592712402344e+01
-9.040853881835937500e+01,2.690989494323730469e+01
-9.041017150878906250e+01,2.690852165222167969e+01
-9.040937042236328125e+01,2.690901947021484375e+01
-9.041060638427734375e+01,2.690797996520996094e+01
