MMSI,VesselName,lon,lat,method,offset_min,sog,cog,nearest_report_min
200000000,WELLS PORCHE,-90.5319,29.55387,interp,0.08333333333333333,0.0,309.6,0.08333333333333333
209393000,UBC SACRAMENTO,-90.25549296089386,29.96898027932961,interp,0.9666666666666667,0.0,325.8,0.9666666666666667
209920000,CMA CGM NABUCCO,-89.73657304347826,29.52725086956522,interp,0.5333333333333333,11.1,298.2,0.5333333333333333
210328000,FULMAR EXPLORER,-89.239003,28.2251476,interp,0.23333333333333334,4.5,178.5,0.23333333333333334
219359000,FLORA K,-90.3101428888889,29.941905777777777,interp,0.8666666666666667,0.0,213.9,0.8666666666666667
229214000,NEDIM,-89.82759076923077,29.591124945054943,interp,1.2666666666666666,0.0,296.0,1.2666666666666666
229220000,SAMSUN,-89.98991,29.842938830409356,interp,0.3333333333333333,0.0,236.4,0.3333333333333333
232012083,HELLESPONT PROTECTOR,-89.60011130434782,29.400031594202897,interp,0.4166666666666667,11.4,325.0,0.4166666666666667
235053116,SEVEN OCEANS,-90.28528,27.30866,interp,8.366666666666667,0.0,165.0,8.366666666666667
235076282,PARAMOUNT HALIFAX,-89.35625071428571,28.773769428571427,interp,0.2833333333333333,0.6,285.4,0.2833333333333333
236111902,SANCO SWORD,-89.22295431034482,28.33326017241379,interp,2.1166666666666667,5.0,179.4,2.1166666666666667
241730000,SEA URCHIN,-91.27363,25.15,edge_nearest,4.366666666666666,0.9,70.8,4.366666666666666
244848000,DONAUGRACHT,-90.07229821621621,29.921674108108107,interp,1.2666666666666666,0.0,263.1,1.2666666666666666
248150000,KEA,-89.95284643243244,29.881102054054054,interp,0.6333333333333333,0.0,134.2,0.6333333333333333
248851000,PHILOTIMOS,-90.29217422222223,29.9653,interp,0.43333333333333335,0.0,134.6,0.43333333333333335
249390000,NEFELI,-89.3646058064516,29.293880967741934,interp,1.3,0.0,150.4,1.3
255805765,GISELA OLDENDORFF,-88.46772821782179,28.25606564356436,interp,0.1,13.6,302.8,0.1
255806180,ONEGO TRADER,-89.9984702247191,29.941492640449436,interp,0.75,0.0,348.0,0.75
257432000,OSLO BULK 4,-89.26482868131869,29.17844565934066,interp,1.3166666666666667,0.0,335.2,1.3166666666666667
258767000,BOW ENGINEER,-90.25954737967915,29.968307860962568,interp,0.8166666666666667,0.0,116.0,0.8166666666666667
259741000,CARMENCITA,-89.43286637681159,28.851067391304348,interp,0.5666666666666667,9.7,182.1,0.5666666666666667
303260000,GINNY LAB,-89.92781054054052,27.376977162162163,interp,8.083333333333334,2.2,344.6,8.083333333333334
303266000,KIRT CHOUEST,-90.20752,29.14501,unavailable,,0.0,295.6,8.766666666666667
303411000,REPUBLIC TIDE,-90.68802,29.547950568181818,interp,0.08333333333333333,0.0,360.0,0.08333333333333333
303458000,BRAD DARTEZ,-90.20458988909428,29.147474944547135,interp,8.916666666666666,0.0,176.6,8.916666666666666
303476000,WARRIOR,-91.18067,29.13288,interp,0.5333333333333333,0.1,131.1,0.5333333333333333
303515000,ALLIE CHOUEST,-90.20596569367369,29.146321076581575,interp,1.6166666666666667,0.0,72.0,1.6166666666666667
303517000,JOSHUA CANDIES,-90.19964287500001,29.122642875,interp,2.3,0.0,14.3,2.3
303606000,KELLY,-90.97748977099235,28.572930916030536,interp,0.5166666666666667,7.8,277.1,0.5166666666666667
303658000,MIA,-90.20036,29.132304444444443,interp,0.15,0.0,171.6,0.15
304596000,HEINZ SCHEPERS,-89.36343164510167,28.848978059149722,interp,1.75,0.3,109.5,1.75
305291000,K-BREEZE,-87.74881,28.4671,edge_nearest,1.0833333333333333,14.5,1.8,1.0833333333333333
311000222,EMERALD SPIRIT,-87.625253875,29.275917625,interp,0.5166666666666667,13.3,336.1,0.5166666666666667
311000240,Q5000,-87.91932,28.61452,interp,0.8666666666666667,0.0,180.7,0.8666666666666667
311000556,GARDNO,-90.43184887323943,29.996440845070424,interp,0.48333333333333334,1.0,295.0,0.48333333333333334
311001096,SANTORINI,-88.77361402366863,28.23811396449704,interp,0.5666666666666667,0.0,330.6,0.5666666666666667
311004000,GREEN MAVERIC,-90.129742320442,29.914419226519335,interp,0.23333333333333334,0.0,158.7,0.23333333333333334
311012400,POLARCUS NAILA,-90.20536371534196,29.14735057301294,interp,2.8333333333333335,0.0,108.7,2.8333333333333335
311015100,SUNSHINE ACE,-90.85599461538462,24.918548205128204,interp,0.36666666666666664,15.8,227.2,0.36666666666666664
311062000,HELIX PRODUCER I,-91.10840258333334,27.72966,interp,0.5166666666666667,0.0,271.7,0.5166666666666667
311707000,PGC IKAROS,-89.7601818888889,29.537220944444446,interp,0.2833333333333333,0.0,324.0,0.2833333333333333
314480000,TAYGETUS,-90.35619,29.939295,interp,1.5166666666666666,0.0,346.9,1.5166666666666666
319076100,EQUINOX EAGLE,-89.37118070422535,28.730658309859155,interp,0.31666666666666665,11.2,149.7,0.31666666666666665
319627000,STOLT SNELAND,-90.13735497237569,29.913327458563536,interp,1.5,0.0,279.5,1.5
338002000,TUCKER CANDIES,-90.20442,29.1419,unavailable,,0.0,72.2,10.233333333333333
338020000,L/B CAITLIN,-90.20178242537314,29.13522839552239,interp,1.25,0.0,295.4,1.25
338032000,AGNES CANDIES,-89.2119415942029,28.631576231884058,interp,0.26666666666666666,7.3,88.7,0.26666666666666666
338034000,CAPE HOPE,-90.21217925207756,29.14223268698061,interp,1.6166666666666667,0.0,0.0,1.6166666666666667
338035000,CAPT. ELLIOT MCCALL,-90.21099453781513,29.121044537815127,interp,5.4,0.0,262.2,5.4
338064000,HARVEY DEEP - SEA,-89.07538260869565,28.937588695652174,interp,0.4,9.0,244.8,0.4
338068000,SQUALL,-90.20446720379147,29.142168601895733,interp,2.95,0.0,74.1,2.95
338125915,CONSTITUTION SPAR,-90.96813022857143,27.29237517142857,interp,2.8833333333333333,0.1,343.4,2.8833333333333333
338128692,NIGHT MOVES,-91.54015066852368,29.831380668523675,interp,0.4,0.0,0.0,0.4
338140891,JUST FISSION,-89.9568007891492,29.26377,interp,12.45,0.0,360.0,12.45
338173000,MR CADE,-90.19595166666666,29.112932777777775,interp,0.16666666666666666,0.0,274.6,0.16666666666666666
338174000,MS CHARLOTTE,-90.21268,29.143488714285713,interp,0.15,0.0,33.2,0.15
338189000,BREEZE,-90.1945606741573,29.135435056179777,interp,0.65,0.1,140.0,0.65
338194000,PHILIP ALAN MCCALL,-90.72963573033708,29.348352808988764,interp,1.2666666666666666,0.0,31.0,1.2666666666666666
338196000,TORRENS TIDE,-90.213439,29.121434,interp,0.35,0.0,350.8,0.35
338197000,SHIP ISLAND,-90.20347083333333,29.147806111111112,interp,1.8333333333333333,0.0,183.3,1.8333333333333333
338203000,LEIGH ANN MORAN,-89.99249588235294,29.839094117647058,interp,1.2833333333333334,0.0,61.4,1.2833333333333334
338215000,HARVEY GLADIATOR,-90.19907477777777,29.120939555555555,interp,1.4333333333333333,0.0,285.8,1.4333333333333333
338225000,HARVEY ENERGY,-89.28921,28.181234777777778,interp,0.7166666666666667,0.2,354.1,0.7166666666666667
338263000,HARVEY SUB-SEA,-88.90494899999999,29.32815322222222,interp,0.38333333333333336,8.9,159.0,0.38333333333333336
338293000,OCEAN EVOLUTION,-91.98316500000001,27.783352916666665,interp,0.4166666666666667,0.1,148.7,0.4166666666666667
338297000,SEACOR CHIEF,-90.21191750000001,29.120537,interp,0.08333333333333333,0.0,65.8,0.08333333333333333
338353553,BRAVO,-87.76567307692308,29.79423769230769,interp,0.13333333333333333,6.2,293.1,0.13333333333333333
338397000,POLARIS,-90.20201,29.13143,interp,3.4166666666666665,0.0,301.1,3.4166666666666665
338409411,KIM,-89.6346714,29.88145475,interp,0.6833333333333333,0.1,360.0,0.6833333333333333
338438056,DREDGE MIKE HOOKS,-89.63455666666667,29.88125,interp,0.38333333333333336,0.0,360.0,0.38333333333333336
338469324,SAVIOR2,-90.07091,29.922445248618786,interp,0.7166666666666667,0.0,320.6,0.7166666666666667
338469684,JOHN OUZTS,-90.72856214285714,29.395982142857143,interp,0.25,0.0,360.0,0.25
338482000,HARVEY HERMES,-88.82553571428572,29.27150142857143,interp,0.3333333333333333,10.1,189.5,0.3333333333333333
338504000,LEGACY,-89.99825222222222,29.831594444444445,interp,0.6666666666666666,0.0,2.8,0.6666666666666666
338536000,HILDA LAB,-90.19982881188119,29.13107881188119,interp,0.2,0.0,13.6,0.2
338575000,LOOP RESPONDER,-90.00695895225464,28.871251763925727,interp,5.883333333333334,0.6,312.2,5.883333333333334
338601000,FAST SERVER,-90.20614841666665,29.145746833333334,interp,1.9,0.0,222.2,1.9
338607000,C-ENFORCER,-90.37491216666666,29.58569783333333,interp,2.85,0.1,316.5,2.85
338615000,C-RAMBLER,-90.69004557377049,29.547381639344263,interp,0.36666666666666664,0.0,172.7,0.36666666666666664
338617000,PENNSYLVANIA,-90.41085871428572,29.99205842857143,interp,0.45,11.0,300.0,0.45
338628000,ODYSSEA BARON,-90.20445,29.113875,interp,0.6666666666666666,0.0,296.4,0.6666666666666666
338633000,SEACOR FEARLESS,-90.2039546,29.1360368,interp,0.7666666666666667,0.0,289.3,0.7666666666666667
338642000,CAPT LATHAM,-91.09901824858756,29.661148757062147,interp,0.5166666666666667,0.0,284.9,0.5166666666666667
338663000,C-PERFORMER,-90.37517,29.585233,interp,0.13333333333333333,0.0,299.6,0.13333333333333333
338724000,ALICE MORAN,-89.89418498141265,29.617919925650558,interp,4.466666666666667,0.0,118.8,4.466666666666667
338755000,BASELINE EXPLORER,-90.71409669444445,29.58545338888889,interp,1.9833333333333334,0.0,254.9,1.9833333333333334
338765000,KURT J CROSBY,-90.20695,29.121948428571425,interp,0.18333333333333332,0.0,360.0,0.18333333333333332
338798000,HARVEY BLUE SEA,-90.19577,29.13892,interp,0.05,0.1,343.1,0.05
338878000,RENEE,-90.204778,29.147824,interp,0.2,0.3,112.5,0.2
345050028,HOS BRIGADOON,-90.38101993524515,29.576949935245143,interp,5.966666666666667,0.0,230.2,5.966666666666667
345090004,HOS DAKOTA,-90.60076,29.58604,interp,2.55,0.0,0.0,2.55
345090012,HOS SWEET WATER,-90.72090811111111,29.55793811111111,interp,0.2833333333333333,0.0,256.9,0.2833333333333333
345090026,HOS RIDGEWIND,-90.21685,29.145,interp,1.5166666666666666,0.0,130.0,1.5166666666666666
351224000,SERENE SKY,-90.28381089385474,29.964320446927374,interp,0.13333333333333333,0.1,114.0,0.13333333333333333
351638000,AMIS WISDOM III,-89.91228828729281,29.62825,interp,1.0333333333333334,0.0,241.9,1.0333333333333334
351684000,SCARLET CARDINAL,-89.34039,28.859837919075144,interp,0.15,0.0,96.3,0.15
351737000,CS SETUBAL,-90.00226907103826,29.825378142076502,interp,0.2833333333333333,0.0,28.1,0.2833333333333333
351754000,AFRICAN CHEETAH,-90.14195391666667,29.93953261111111,interp,0.7833333333333333,0.0,132.0,0.7833333333333333
352001176,NORD RIO,-90.45310500000002,29.99842,interp,0.5,0.0,163.3,0.5
352001219,BBC RAINBOW,-90.07308438202247,29.921324382022473,interp,1.0666666666666667,0.0,119.7,1.0666666666666667
352001671,SAVONETTA SUN,-90.16566999999999,29.94459125,interp,0.45,8.6,227.9,0.45
352192000,CRIMSON ARK,-90.30525310160428,29.95270486631016,interp,0.8,0.1,266.2,0.8
352586000,KEY OPUS,-89.77761115384615,29.555948846153846,interp,0.35,0.0,223.5,0.35
353408000,MADELEINE,-89.5058425,29.355695,interp,0.5,9.8,296.0,0.5
353984000,ESTEEM ENERGY,-89.28322791208791,29.209390329670327,interp,0.7333333333333333,0.0,106.5,0.7333333333333333
354634000,CENTURY EMERALD,-90.22142344444444,29.936236555555556,interp,1.0333333333333334,0.0,255.5,1.0333333333333334
354791000,VICTORY-G,-89.21553,27.71939,unavailable,,1.9,95.7,23.016666666666666
355024000,BULK CROATIA,-89.77114388888889,29.549453888888888,interp,1.1666666666666667,0.0,122.4,1.1666666666666667
355245000,SEVAN LOUISIANA,-88.10679709219859,29.106465815602835,interp,0.6833333333333333,0.0,260.9,0.6833333333333333
355825000,BUNUN INFINITY,-89.90851764044943,29.891165280898875,interp,0.7,0.0,177.0,0.7
355967000,GAS INSPIRATION,-91.10157854748603,29.654338156424583,interp,1.2166666666666666,0.0,46.7,1.2166666666666666
357659000,CARNIVAL GLORY,-89.99217732394366,29.728617183098592,interp,0.4666666666666667,11.8,140.8,0.4666666666666667
366014000,ODYSSEA KNIGHT,-91.57164,26.91195,unavailable,,0.3,252.1,18.3
366048300,HOLSTEIN,-90.53587,27.32148,unavailable,,0.0,265.8,22.333333333333332
3660489,NEPTUNE TLP,-89.92430568245126,27.37018894150418,interp,1.1333333333333333,0.0,130.0,1.1333333333333333
366050100,TLP SHENZI,-90.13479464763604,27.3008,interp,8.683333333333334,0.0,47.1,8.683333333333334
366054900,STAMPEDE TLP,-90.55616702702703,27.50908801801802,interp,0.18333333333333332,0.0,53.9,0.18333333333333332
366100000,APPOMATTOX,-87.93386,28.57339,unavailable,,0.0,286.1,24.35
366101000,VITO FPU,-89.2093357202216,28.025478559556788,interp,5.15,0.0,0.0,5.15
366484000,JEAN PIERRE LAB,-90.21050252808989,29.12248,interp,0.75,0.0,303.5,0.75
366515000,BLUE TARPON,-90.20163757660166,29.114201615598887,interp,0.48333333333333334,0.0,238.9,0.48333333333333334
366518000,ODYSSEA PHOENIX,-92.00134,26.16344,unavailable,,5.6,165.9,6.183333333333334
366550000,PAT TILLMAN,-90.19914,29.1228,edge_nearest,2.9833333333333334,0.1,263.7,2.9833333333333334
366553750,GEN ROY S KELLEY,-90.07685,29.920024084507045,interp,0.48333333333333334,0.0,0.0,0.48333333333333334
366592000,LOUISIANA RESPONDER,-89.46092,29.35457,interp,0.65,0.0,233.1,0.65
366602000,S T BENZ RESPONDER,-89.97407,29.25396425,interp,1.15,0.0,239.3,1.15
366614000,OCEAN INTERVENTION,-90.20884234636873,29.24063067039106,interp,0.1,0.0,69.1,0.1
366630000,OCEAN SKY,-90.19464,29.13087,unavailable,,0.0,188.4,17.033333333333335
366748250,HELEN,-90.07109016393443,29.811107213114752,interp,0.36666666666666664,4.5,11.0,0.36666666666666664
366748650,DYLAN JOHN,-90.19893759776535,29.150332402234636,interp,0.7166666666666667,0.0,11.2,0.7166666666666667
366750490,MISS ALINE,-90.22029722222221,29.217847916666667,interp,1.6666666666666667,0.0,42.6,1.6666666666666667
366768480,CROSBY CRUSADER,-88.95452205128205,29.389770512820512,interp,0.4666666666666667,7.3,216.9,0.4666666666666667
366785960,CAPT JERRY VIZIER,-90.18350601538461,29.153184353846154,interp,10.633333333333333,0.0,244.3,10.633333333333333
366799090,DOUGLAS,-90.07649294117647,29.77207544117647,interp,0.5166666666666667,0.5,72.6,0.5166666666666667
366813490,LUCKY PETER,-92.41787664814814,29.46942335185185,interp,3.0166666666666666,0.0,194.7,3.0166666666666666
366823870,MISS CLO,-90.0059,29.81680594936709,interp,0.5333333333333333,0.1,320.9,0.5333333333333333
366837540,RAM XII,-92.19055,29.7816,unavailable,,0.0,155.0,20.283333333333335
366837910,RAM XIV,-92.19211175824177,29.782211758241758,interp,0.26666666666666666,0.0,59.3,0.26666666666666666
366838630,STARFLEET PATRIOT,-90.24824,29.35056,interp,0.05,0.1,271.1,0.05
366840000,HARVEY CHAMPION,-90.20340725233645,29.139972747663553,interp,0.8166666666666667,0.0,66.3,0.8166666666666667
366841020,JOSSET,-91.95037,29.841714857142858,interp,0.2833333333333333,0.0,183.1,0.2833333333333333
366847780,PACIFIC DAWN,-90.470536869207,28.746660762100927,interp,0.48333333333333334,7.5,275.8,0.48333333333333334
366850210,CUMBERLAND,-89.97224,29.99931,interp,0.38333333333333336,0.0,264.5,0.38333333333333336
366855470,SALLY KIM IV,-91.79191,28.97512181818182,interp,0.13333333333333333,2.8,160.1,0.13333333333333333
366857940,JESSICA ELIZABETH,-90.29929371794871,29.43811743589744,interp,0.48333333333333334,0.0,245.3,0.48333333333333334
366874680,CHERYL ANN,-92.18766,29.781121176470588,interp,0.13333333333333333,0.0,360.0,0.13333333333333333
366874960,JOEL SMITH,-92.65930671428572,29.933603285714284,interp,0.38333333333333336,0.0,114.5,0.38333333333333336
366878830,OCEAN QUEST,-90.68772,29.547632571428572,interp,0.43333333333333335,0.0,130.7,0.43333333333333335
366887510,CROSBY VICTORY,-90.7053901980198,28.944739801980198,interp,0.03333333333333333,0.4,278.8,0.03333333333333333
366890710,MR JONAH,-90.2033796124031,29.149350775193795,interp,0.08333333333333333,0.0,339.4,0.08333333333333333
366898000,K-MARINE VII,-90.20251,29.1324,interp,6.583333333333333,0.0,153.1,6.583333333333333
366902000,K-MARINE VI,-90.2053248,29.139885200000002,interp,0.4,0.0,248.3,0.4
366906460,NRC ENERGY,-90.22113,29.21643,interp,1.65,0.0,207.6,1.65
366908680,MARCO POLO TLP,-90.18165,27.36211,unavailable,,102.3,360.0,19.966666666666665
366911650,HARVEY SPUR,-90.16207565517242,29.100076965517243,interp,2.1,0.6,276.1,2.1
366920020,MARTIN CAPTAIN,-92.65619416666667,29.932704166666667,interp,0.5,0.0,301.8,0.5
366920840,MISS SHERI ANN,-90.00575366197182,29.946290985915493,interp,0.43333333333333335,0.1,294.0,0.43333333333333335
366921080,MIRIAM W COOPER,-90.08512666666667,29.916953333333332,interp,0.4,0.1,250.0,0.4
366930000,EDWIN N BISSO,-90.13575288888889,29.92512711111111,interp,0.8666666666666667,0.0,253.9,0.8666666666666667
366935020,KATHLEEN,-89.24588516666667,29.15636838888889,interp,0.48333333333333334,0.0,304.2,0.48333333333333334
366935420,DAVID F STONE,-90.01471524590164,29.94404573770492,interp,0.48333333333333334,0.0,166.2,0.48333333333333334
366937720,ZION M FALGOUT,-90.20384647930823,29.149379295861642,interp,1.9,0.0,355.5,1.9
366938440,JEAN TURECAMO,-89.95279457142857,29.87708142857143,interp,0.43333333333333335,3.2,117.7,0.43333333333333335
366939170,ELIZABETH,-89.87050609890109,29.60387,interp,1.1833333333333333,0.0,222.3,1.1833333333333333
366939330,W W CRUM,-90.059686,29.835154,interp,0.4666666666666667,0.0,302.0,0.4666666666666667
366940000,JACKIE B,-90.01666571428572,29.95196,interp,0.5,0.0,243.4,0.5
366943760,SEA MULE,-90.07123202531645,29.810475569620255,interp,0.6333333333333333,4.4,15.4,0.6333333333333333
366950740,AMERICAN QUEEN,-90.06153233333335,29.9457,interp,1.2333333333333334,0.0,118.5,1.2333333333333334
366952340,DECATUR,-90.06819885714285,29.799970714285717,interp,0.21666666666666667,0.3,157.1,0.21666666666666667
366954120,BUNKER KING,-90.06247599999999,29.92392914285714,interp,0.43333333333333335,1.5,23.1,0.43333333333333335
366954130,STONE POWER,-89.94081966101695,29.875089491525422,interp,0.05,0.0,120.2,0.05
366954170,OLGA G STONE,-90.05901157142857,29.927084285714287,interp,0.38333333333333336,1.3,343.0,0.38333333333333336
366954190,JOHN W STONE,-89.89472,29.617142285714287,interp,0.5166666666666667,1.8,225.4,0.5166666666666667
366955430,R S WEEKS,-91.10613577464788,29.647788450704226,interp,0.5,0.0,122.5,0.5
366955460,CANDACE,-92.28728557142857,29.81618442857143,interp,0.5166666666666667,0.0,301.8,0.5166666666666667
366956290,CHERAMIE BOTRUC 38,-90.20550951898734,29.13982,interp,3.1333333333333333,0.0,329.3,3.1333333333333333
366956790,COOP ENTERPRISE,-90.06338699999999,29.85357,interp,0.9,0.0,339.2,0.9
366958650,LOUISIANA,-89.36201,29.28792,interp,0.5166666666666667,0.1,158.1,0.5166666666666667
366958670,NED FERRY,-90.35794,29.939535942028986,interp,0.4666666666666667,0.1,168.1,0.4666666666666667
366961440,MIKE SCHMAENG,-90.42167,29.99688,interp,0.43333333333333335,0.0,270.6,0.43333333333333335
366961550,PETER J,-90.01197,29.799163188405796,interp,0.36666666666666664,0.0,257.0,0.36666666666666664
366961890,SHAWNEE,-90.01906,29.49651,interp,0.38333333333333336,0.0,360.0,0.38333333333333336
366963860,OKALOOSA,-90.01033728571429,29.8008,interp,0.31666666666666665,0.0,283.0,0.31666666666666665
366964110,MISS DANA,-90.717597,29.464631,interp,0.35,4.7,189.6,0.35
366967810,EMILE T,-91.12039901408451,29.646010985915492,interp,0.43333333333333335,0.0,360.0,0.43333333333333335
366968740,NOLA,-89.36011642857143,29.28527642857143,interp,0.4166666666666667,0.0,126.8,0.4166666666666667
366970330,CHERAMIE BOTRUC 39,-92.52976010101013,27.92146292929293,interp,0.016666666666666666,3.3,144.8,0.016666666666666666
366970770,LOUISIANA LADY,-90.07051371428571,29.916963714285714,interp,0.43333333333333335,0.0,2.0,0.43333333333333335
366978490,KOBE CHOUEST,-89.29184055045872,28.74951504587156,interp,0.5166666666666667,10.6,260.0,0.5166666666666667
366978910,RUBY E,-90.16080542857142,29.95406542857143,interp,0.5333333333333333,0.0,235.7,0.5333333333333333
366979150,LADY MIDGE,-90.16073757142857,29.953755,interp,0.5166666666666667,5.2,233.7,0.5166666666666667
366982350,MS CHRISTINE,-89.8582356626506,29.002324457831325,interp,0.15,4.7,286.4,0.15
366983110,ANGUS R COOPER,-89.8008963768116,29.5726,interp,0.4166666666666667,0.1,201.3,0.4166666666666667
366983270,G SHELBY FRIEDRICHS,-90.33442,29.93658450704225,interp,0.5333333333333333,0.0,195.0,0.5333333333333333
366983480,MARGARET F COOPER,-90.17520586111112,29.94234586111111,interp,2.4833333333333334,0.1,190.8,2.4833333333333334
366983730,MR LLOYD,-89.35540724637681,29.25717,interp,0.4166666666666667,0.0,240.9,0.4166666666666667
366984240,ANDREW C MACMILLAN,-90.39902,29.972364428571428,interp,0.5166666666666667,0.0,21.7,0.5166666666666667
366984350,COOPERATIVE SPIRIT,-90.39928,29.97299608695652,interp,0.45,0.0,301.9,0.45
366986160,Q O DUNN,-92.13191281690142,29.822317183098594,interp,0.16666666666666666,0.0,129.3,0.16666666666666666
366987890,CAPT RUDY,-91.94197406060606,27.46541987878788,interp,5.366666666666666,10.6,49.5,5.366666666666666
366987910,MEMPHIS,-91.73070146067415,28.83252235955056,interp,4.533333333333333,0.0,165.2,4.533333333333333
366988090,JOHN G MORGAN,-90.189859,29.682054714285716,interp,0.18333333333333332,0.1,118.5,0.18333333333333332
366988450,WENDY C,-90.006269,29.9388215,interp,0.15,0.0,0.0,0.15
366989120,MARY GRACE,-91.02908916666667,29.6581,interp,0.55,0.0,254.3,0.55
366990040,KACIE LUHR,-89.81346,29.57924,interp,0.43333333333333335,0.0,318.2,0.43333333333333335
366991260,CAPT JOHN E GRAHAM,-91.20051,29.689154285714288,interp,0.5,0.0,254.6,0.5
366992010,PAPA D,-89.35892064864865,29.263470324324327,interp,0.1,0.0,235.4,0.1
366992040,OCEAN PRIDE,-89.30927580246914,29.240687283950617,interp,0.4666666666666667,5.9,320.7,0.4666666666666667
366992950,MEGAN JOLIE,-90.27335799107142,29.404336004464287,interp,2.9833333333333334,0.0,254.2,2.9833333333333334
366993120,ALLEY CAT,-90.33260857142857,29.932681428571428,interp,0.5,8.7,132.6,0.5
366993420,H B 1,-90.06387500000001,29.8569425,interp,2.9166666666666665,0.0,277.4,2.9166666666666665
366993660,PAMELA ANN,-90.00583147540983,29.938498524590166,interp,0.43333333333333335,0.0,137.2,0.43333333333333335
366996630,PECOS,-91.98579690909092,29.833644999999997,interp,0.2833333333333333,4.0,261.6,0.2833333333333333
366997390,CHARLES J CENAC,-90.70950579710146,29.57061,interp,0.48333333333333334,0.0,141.3,0.48333333333333334
366997450,LA BELLE,-89.30315685714287,29.344916857142856,interp,0.36666666666666664,0.0,236.5,0.36666666666666664
366997710,EMILY P SETTOON,-90.33518085714286,29.526984857142857,interp,0.36666666666666664,2.3,169.8,0.36666666666666664
366997820,KRISTIN ALEXIS,-90.39333,29.964403714285716,interp,0.5333333333333333,0.2,360.0,0.5333333333333333
366997830,LAUREN ELIZABETH,-90.29804436619719,29.961755633802817,interp,0.5166666666666667,0.0,301.4,0.5166666666666667
366997880,PARACLETE,-90.08081898550725,29.90020550724638,interp,0.5166666666666667,0.0,230.0,0.5166666666666667
366997930,RAY ECKSTEIN,-90.37433,29.94567,interp,0.6666666666666666,0.4,36.0,0.6666666666666666
366999330,BIENVILLE,-91.2191328169014,29.7143038028169,interp,0.48333333333333334,5.9,18.7,0.48333333333333334
366999513,CG AXE,-91.20241,29.6894,interp,1.2,0.0,136.9,1.2
366999713,CG AMBERJACK,-92.1164,29.8959,unavailable,,0.0,324.7,18.05
367001310,TIM TAUZIN,-91.14967544117647,29.68513,interp,0.5166666666666667,0.0,254.5,0.5166666666666667
367001540,MISS ANNE,-92.17751063291139,29.779930316455697,interp,0.08333333333333333,0.0,262.3,0.08333333333333333
367001580,MISS TONI,-90.6648833716475,29.246251685823754,interp,0.7333333333333333,0.0,254.0,0.7333333333333333
367002050,CAPTAIN EDDIE,-89.77943,29.39333,interp,0.5166666666666667,0.0,360.0,0.5166666666666667
367003210,ALBERT,-90.57511,29.572294347826087,interp,0.5,0.0,156.7,0.5
367003220,CHARLOTTE C SETTOON,-90.67266,29.597909666666666,interp,0.48333333333333334,0.0,20.5,0.48333333333333334
367003390,HENRI,-90.71277111111111,29.56191,interp,0.16666666666666666,0.0,222.1,0.16666666666666666
367003460,JOCK,-89.98929,29.999498852459016,interp,0.35,0.0,144.6,0.35
367003540,OVIDE J,-92.59805455696203,29.914289620253165,interp,0.43333333333333335,4.8,111.8,0.43333333333333335
367003780,PHILIP,-90.183538,29.933965714285716,interp,0.48333333333333334,5.1,234.6,0.48333333333333334
367003820,PHILOMENE P PERERA,-91.1200763768116,29.644683623188406,interp,0.4166666666666667,0.0,360.0,0.4166666666666667
367003850,ALBERT J SETTOON,-92.35408,29.741673580246914,interp,0.43333333333333335,0.0,263.8,0.43333333333333335
367003880,SARAH,-90.39507530054644,29.98181469945355,interp,1.4333333333333333,0.0,321.5,1.4333333333333333
367003920,TENNESSEE MERCHANT,-90.17860362637363,29.93998884615385,interp,0.9666666666666667,0.0,312.8,0.9666666666666667
367004030,TRENT JOSEPH,-91.09974,29.67998,interp,0.4,0.0,360.0,0.4
367004290,CSS SAVANNAH,-90.26825,29.96612657142857,interp,0.4,0.0,238.5,0.4
367004510,BAYOU BLACK,-90.40417475409835,29.98239950819672,interp,0.48333333333333334,0.0,181.7,0.48333333333333334
367004560,SIR BARTON,-89.92074765432098,29.632146296296295,interp,0.21666666666666667,3.0,300.8,0.21666666666666667
367004570,WAR ADMIRAL,-89.94098314285715,29.920941428571428,interp,0.5666666666666667,6.0,275.8,0.5666666666666667
367004610,CAPT WHITEY,-90.39909,29.971976231884057,interp,0.43333333333333335,0.0,199.4,0.43333333333333335
367005190,JOHNNY SR,-90.83306,29.99896,unavailable,,5.0,345.2,29.1
367005340,CREOLE CRUSADER,-92.37581025316456,29.87044835443038,interp,0.4666666666666667,6.0,313.3,0.4666666666666667
367005480,CREOLE SHAWNEE,-90.59383,29.572369285714284,interp,0.08333333333333333,0.0,360.0,0.08333333333333333
367005590,MEDICINE BOW,-89.21272328571428,29.15028314285714,interp,0.38333333333333336,0.0,219.8,0.38333333333333336
367005920,PEGGY ANN,-92.17163,29.77831,interp,0.5666666666666667,0.0,0.0,0.5666666666666667
367006330,KATHY PAWG,-89.98423114285714,29.704342571428572,interp,0.43333333333333335,0.1,260.4,0.43333333333333335
367006510,LADY MICHELLE,-90.07600608695651,29.886557826086957,interp,0.45,0.0,17.0,0.45
367007240,ALLISON S,-90.38474942857142,29.943873142857143,interp,0.4,0.0,271.8,0.4
367007750,MASTER TYLER,-89.783615875,29.40005825,interp,0.55,0.0,237.2,0.55
367007770,LADY JOSIE,-89.98478,29.35306,interp,0.3,0.0,289.6,0.3
367008160,BASIN ENDEAVOR,-91.49205590163935,29.802115901639343,interp,0.4166666666666667,0.0,245.6,0.4166666666666667
367008450,CAPT HERBERT,-89.98465,29.3523,interp,0.13333333333333333,0.0,8.0,0.13333333333333333
367008520,MISS ALENE,-89.35655,29.258516666666665,interp,0.38333333333333336,3.3,309.7,0.38333333333333336
367009410,WEST PEARL RIVER,-90.16626032786886,29.94180393442623,interp,0.4,0.0,133.2,0.4
367009460,UNCLE NU,-90.46688,29.99966,unavailable,,5.2,110.6,21.55
367010480,ALEXA RAY,-90.07968857142858,29.899824285714285,interp,0.5,0.0,137.4,0.5
367011510,PROVIDER,-90.69997465,29.54466155,interp,0.5166666666666667,0.0,234.7,0.5166666666666667
367014380,GEORGE ROWE,-90.53940069306931,29.561165247524755,interp,0.18333333333333332,6.0,274.7,0.18333333333333332
367015520,CAPT BRANDON,-92.70137,29.5542,unavailable,,0.1,199.3,5.316666666666666
367015830,ARLENE,-89.55440937499999,29.371029375000003,interp,0.4166666666666667,0.0,5.7,0.4166666666666667
367015930,MISS APRIL,-89.36010228571429,28.984162285714284,interp,0.45,0.0,39.2,0.45
367019860,LIA JANE,-90.24982,29.3551,unavailable,,0.0,360.0,10.833333333333334
367021170,RAYMOND M,-90.20677,29.11805,unavailable,,0.0,261.4,16.216666666666665
367028770,CROSBY STAR,-88.8872293442623,29.404059344262297,interp,0.06666666666666667,0.0,127.9,0.06666666666666667
367029000,J A BISSO II,-90.13573285714286,29.92480857142857,interp,0.5,0.0,199.1,0.5
367033570,EMILY ARIEL,-89.33964120547945,28.95330684931507,interp,2.7666666666666666,2.8,241.0,2.7666666666666666
367041150,DIXIE,-91.30155188405797,29.445826376811596,interp,0.4166666666666667,0.0,251.8,0.4166666666666667
367042160,EDWARD TERREL,-90.22434957746479,29.94585309859155,interp,0.48333333333333334,0.4,30.7,0.48333333333333334
367045970,SARAH D,-91.96545649999999,29.83892,interp,0.5833333333333334,0.0,272.1,0.5833333333333334
367049010,MISS TERRY,-90.005925,29.94639,interp,0.6666666666666666,0.0,281.5,0.6666666666666666
367052000,K-MARINE V,-91.06770204678362,28.386710058479533,interp,1.1333333333333333,10.8,44.9,1.1333333333333333
367052130,FREEDOM,-90.38423,29.94353,interp,0.06666666666666667,0.0,196.0,0.06666666666666667
367053620,MISS EFFIE,-89.86679714285715,29.60302,interp,0.5,0.1,279.7,0.5
367054850,AUBREY DUFRENE JR,-90.17616749999999,29.940714166666666,interp,0.5,4.5,55.7,0.5
367057380,DEL WILKINS,-90.1782,29.94023,interp,0.48333333333333334,0.0,176.4,0.48333333333333334
367057390,JOSEPH M HAMILTON,-89.97599,29.70259633802817,interp,0.4666666666666667,0.1,54.4,0.4666666666666667
367057420,JACK ODOM,-90.17872204545455,29.939892045454545,interp,0.5833333333333334,0.0,209.5,0.5833333333333334
367059850,ANNETTE_ADAMS,-89.35862471428572,29.26004,interp,0.55,0.0,291.4,0.55
367060130,MISS AIMEE,-91.14899647887324,29.68478647887324,interp,0.5333333333333333,0.0,261.2,0.5333333333333333
367067370,CHRISTIAN CHOUEST,-89.98290366336634,28.079357326732673,interp,0.5333333333333333,0.0,170.7,0.5333333333333333
367073370,JOAN TURECAMO,-90.3258320289855,29.93718,interp,0.23333333333333334,0.0,217.2,0.23333333333333334
367075010,STEPHANIE STONE,-90.0606808695652,29.92484956521739,interp,0.55,0.0,274.2,0.55
367076910,BRENDA B,-89.95162338235293,29.43446,interp,0.38333333333333336,0.0,308.5,0.38333333333333336
367077850,SMITH HUNTER,-89.2458314084507,29.1567923943662,interp,0.45,0.0,258.6,0.45
367078410,MISS CROSBY,-90.62682757575757,29.19982909090909,interp,0.4,6.3,127.9,0.4
367079070,JONI,-90.21396097605893,29.228205488029467,interp,4.083333333333333,0.0,35.7,4.083333333333333
367079560,MS DEE,-88.97517323943663,29.40068647887324,interp,0.45,16.7,323.9,0.45
367080090,SEA HOG,-90.02201777142857,29.989165542857144,interp,0.65,0.0,229.1,0.65
367080390,KEN T SMITH,-90.429964,29.994087,interp,0.35,5.7,96.0,0.35
367080810,ZOIE,-92.79044428571429,29.995914285714285,interp,0.5,0.0,284.3,0.5
367081140,GALLANT FOX,-89.94205591549296,29.92095,interp,0.48333333333333334,0.1,339.8,0.48333333333333334
367081770,CODY PAUL,-90.20644524752475,29.119589504950493,interp,0.8,0.0,52.4,0.8
367083810,XENA,-91.23092471428572,29.91207,interp,0.55,0.0,275.5,0.55
367086440,JACOB GERALD,-89.61685,29.135647499999997,interp,0.3333333333333333,7.1,162.4,0.3333333333333333
367087180,JANICE TYSON,-90.32979528571428,29.93705,interp,0.55,0.0,91.6,0.55
367087250,ALVERTA A SETTOON,-91.5227333802817,29.70495661971831,interp,0.4,0.0,61.0,0.4
367088170,BULL DOG,-92.13247,29.82255,unavailable,,0.0,284.9,6.75
367090310,SUN OF MAN,-89.11752,29.57877,interp,0.4666666666666667,0.0,301.5,0.4666666666666667
367090390,SUN DAY,-90.16545224489795,29.080074081632652,interp,0.6833333333333333,15.7,133.7,0.6833333333333333
367092740,MR DEAN,-91.08891774647887,29.637587605633804,interp,0.5666666666666667,9.1,314.3,0.5666666666666667
367093960,MISS JESSICA FAYE,-90.20165966292136,28.987538539325843,interp,1.4,0.5,338.3,1.4
367096360,TIM BURNS,-91.92041,29.84586,interp,0.23333333333333334,0.0,69.1,0.23333333333333334
367097670,ARLENE,-92.18749076470588,29.781034647058824,interp,0.21666666666666667,0.0,351.9,0.21666666666666667
367100060,JOYCE MAXINE,-91.66540028169014,29.76024436619718,interp,0.43333333333333335,5.3,94.4,0.43333333333333335
367101870,MARS TLP,-89.22298099447514,28.16981099447514,interp,1.4333333333333333,0.0,190.5,1.4333333333333333
367102030,OMAHA,-89.92765049180328,29.91758524590164,interp,0.48333333333333334,0.0,310.4,0.48333333333333334
367103120,MS TAYLOR,-90.95791538461539,28.799746153846154,interp,0.6666666666666666,10.2,61.0,0.6666666666666666
367105190,ATLANTIS,-89.19387755555556,29.374335777777777,interp,0.13333333333333333,2.9,324.7,0.13333333333333333
367108840,GALVESTON BAY,-91.12407770491804,29.65501295081967,interp,0.3,0.0,294.4,0.3
367108850,COTE BLANCHE BAY,-92.13272,29.822071978021977,interp,0.6833333333333333,0.0,253.6,0.6833333333333333
367108920,RACCOON POINT,-92.13210341304347,29.82184341304348,interp,2.6166666666666667,0.0,283.3,2.6166666666666667
367108940,TERREBONNE BAY,-92.1333,29.82226,unavailable,,0.0,360.0,9.183333333333334
367110440,LEADER,-90.60685166666667,29.022226666666665,interp,0.4166666666666667,8.5,60.1,0.4166666666666667
367111870,BERTHA D,-90.66555,29.597063521594684,interp,2.65,0.0,147.4,2.65
367113290,RAPID RUNNER II,-90.20333419753086,29.120877901234568,interp,0.2833333333333333,0.0,283.1,0.2833333333333333
367113870,MASTER CADE,-91.18145,29.68379,interp,0.9833333333333333,0.0,0.0,0.9833333333333333
367114050,GEORGE W BANTA,-91.70123173913044,29.76218956521739,interp,0.5,2.4,279.0,0.5
367122420,CAPT NEVILLE LEVY,-89.97513,29.92279,interp,2.433333333333333,0.0,268.7,2.433333333333333
367123550,BRIANA MARIE,-88.89974,29.214565,interp,0.4166666666666667,9.8,169.8,0.4166666666666667
367123560,KYLIE D,-91.02351795539035,28.606443011152418,interp,0.016666666666666666,10.8,349.1,0.016666666666666666
367126540,JULIE ANNE,-90.038664057971,29.839846231884056,interp,0.43333333333333335,7.3,237.2,0.43333333333333335
367127060,CAPT MANUEL,-90.3760870909091,29.56899581818182,interp,0.5333333333333333,0.0,280.9,0.5333333333333333
367127380,MISS ANNA,-89.559034,28.998610499999998,interp,0.31666666666666665,2.7,304.9,0.31666666666666665
367127480,TAHITI SPAR,-90.7142409612817,27.32597,interp,5.233333333333333,0.0,171.0,5.233333333333333
367129610,LINDSAY ANN ERICKSON,-90.08183,29.903791549295775,interp,0.5,0.0,186.1,0.5
367129820,JACKIE,-91.71916385714286,29.841303857142858,interp,0.45,0.0,360.0,0.45
367131150,DIANE,-91.71598741935485,29.76674612903226,interp,0.4666666666666667,3.9,288.5,0.4666666666666667
367132570,LEATHERJACK,-90.16974,29.02693258780037,interp,3.783333333333333,0.1,304.7,3.783333333333333
367132730,JIMMIE HOLMES ELEVAT,-90.70411606741574,29.56854404494382,interp,0.6,0.0,37.2,0.6
367135070,CARRIE MAE,-91.28457081967213,29.761210327868852,interp,0.5,4.6,249.2,0.5
367136670,RHETT PARKER,-92.99513475409836,29.92796524590164,interp,0.48333333333333334,0.0,334.8,0.48333333333333334
367140730,JANIE,-90.20936922222224,29.23939922222222,interp,0.4666666666666667,0.0,360.0,0.4666666666666667
367140920,D W GRIFFITH,-90.31405,29.47166,unavailable,,0.0,286.3,25.266666666666666
367140960,ROSS A GRAND,-90.08021338028169,29.898800985915493,interp,0.45,0.0,243.8,0.45
367142830,ALABAMA,-90.33436,29.93664,interp,0.38333333333333336,0.1,150.3,0.38333333333333336
367143520,GRAND ISLE 59 LOOP,-90.02436,28.88452,unavailable,,0.0,273.6,24.566666666666666
367143960,EMILY D,-89.35481,29.25669652173913,interp,0.4,0.0,360.0,0.4
367144790,CROSBY ENDEAVOR,-89.60636127777778,28.93293872222222,interp,0.38333333333333336,0.0,75.5,0.38333333333333336
367144820,CROSBY MOON,-90.20585239436619,29.1219923943662,interp,0.2833333333333333,0.1,257.7,0.2833333333333333
367145620,LANDON JAMES,-89.35637666666666,29.25809,interp,0.38333333333333336,0.0,228.7,0.38333333333333336
367151180,SUN TRAE,-89.3614989972145,29.25750200557103,interp,0.3,0.0,231.0,0.3
367152730,PRESAGER,-90.05853,29.927448428571427,interp,0.45,0.0,175.3,0.45
367152990,RACHEL K GOODWIN,-91.2969776056338,29.685169295774646,interp,0.36666666666666664,0.0,79.9,0.36666666666666664
367155210,MS DEBORAH,-90.36617,28.94640786259542,interp,1.0,0.5,240.0,1.0
367155550,RENEE T WHATLEY,-89.99009,29.999484000000002,interp,0.35,0.0,68.1,0.35
367156260,WARREN THOMAS,-90.20386,29.12125557894737,interp,1.4,0.0,302.9,1.4
367156710,JOAN CENAC,-89.30321316455696,29.34509,interp,0.4166666666666667,0.0,225.7,0.4166666666666667
367162740,CAPT ROD II,-89.89938,29.878437,interp,0.35,0.0,194.4,0.35
367166440,CAROLE L BRENT,-89.99384485714285,29.89709871428571,interp,0.5166666666666667,5.8,22.9,0.5166666666666667
367171930,JANICE ROBERTS,-89.99725914285713,29.935220571428573,interp,0.43333333333333335,7.7,124.4,0.43333333333333335
367175740,WILKIN A FALGOUT,-90.20387,29.149396056338027,interp,0.55,0.0,153.2,0.55
367178330,AUGER TLP,-92.44362,27.54578,edge_nearest,2.1666666666666665,0.2,54.6,2.1666666666666665
367180890,MISS KELLYE JO,-89.71373671428572,29.51727,interp,0.38333333333333336,0.0,252.7,0.38333333333333336
367181550,BELLE CHASSE II,-89.79429304347826,29.57527376811594,interp,0.4166666666666667,0.3,149.4,0.4166666666666667
367182120,AVA CLAIRE,-90.43734542857143,29.55578542857143,interp,0.26666666666666666,5.7,280.3,0.26666666666666666
367184660,MAGGIE LYNN,-90.10931,29.671958873239436,interp,0.13333333333333333,0.0,249.9,0.13333333333333333
367186410,BRIAN O DANIELS,-91.953738,29.840978,interp,0.4666666666666667,0.8,314.0,0.4666666666666667
367186630,GLORIA A,-90.25760417591802,28.971772596071734,interp,2.933333333333333,19.3,15.4,2.933333333333333
367186840,KENNETH S SETTOON,-91.5229155,29.70488633333333,interp,1.1,0.0,254.5,1.1
367187140,MEGAN B SETTOON,-90.4337664556962,29.555165443037975,interp,0.2833333333333333,5.8,282.8,0.2833333333333333
367188980,CAPTAIN JOEY,-90.28221142857143,29.97142,interp,0.08333333333333333,0.0,299.0,0.08333333333333333
367189570,ADMIRAL JACKSON,-90.35654,29.9391,interp,1.0666666666666667,0.1,196.7,1.0666666666666667
367191040,INT'L PATRIOT,-90.27402333333335,29.40785,interp,2.5,0.0,123.5,2.5
367192710,BAR PILOT,-89.42031677419355,28.916443548387097,interp,0.4666666666666667,23.8,33.6,0.4666666666666667
367194000,C-FIGHTER,-88.6251651111111,28.973182407407407,interp,2.2333333333333334,0.0,61.1,2.2333333333333334
367197410,CANDY COUNTER,-90.21005057692307,29.14788173076923,interp,0.5,0.0,2.2,0.5
367198880,DIXIE LEE EYMARD,-90.35541191011237,29.94022617977528,interp,0.5666666666666667,0.0,141.0,0.5666666666666667
367199280,M/V REED,-90.13959833333334,29.74202,interp,0.5,0.0,266.9,0.5
367300080,BIG RAY II,-89.86662,29.602957,interp,0.35,0.1,258.9,0.35
367300090,MR. HINGLE,-90.43332,29.99236475409836,interp,0.48333333333333334,0.3,318.5,0.48333333333333334
367300160,MELINDA B ADAMS,-90.20946,29.11537,unavailable,,0.0,245.7,12.966666666666667
367301310,RICHARD GONSOULIN II,-90.38621771428572,29.950742285714284,interp,0.26666666666666666,0.0,360.0,0.26666666666666666
367302370,CAPT BILL ENGLISH,-90.23828,29.65421,interp,0.3333333333333333,0.0,57.8,0.3333333333333333
367303720,BLIND FAITH,-88.26566228571428,28.341740142857144,interp,0.18333333333333332,0.2,135.4,0.18333333333333332
367304000,ODYSSEA SQUIRE,-88.62791663366338,28.975033366336636,interp,0.2833333333333333,0.2,292.3,0.2833333333333333
367305570,ORCHID LADY III,-92.15962476866133,29.78222,interp,12.883333333333333,0.0,81.6,12.883333333333333
367305890,LADY LAB,-89.30153924242424,29.35497590909091,interp,0.5166666666666667,15.5,6.6,0.5166666666666667
367308510,GULF FREEDOM,-90.24717242857143,29.350088285714286,interp,0.48333333333333334,0.1,303.9,0.48333333333333334
367309210,CREOLE QUEEN,-90.06195071428571,29.948455,interp,0.4166666666666667,0.0,293.9,0.4166666666666667
367309740,PACIFIC HORIZON,-91.03181642857143,29.656703285714286,interp,0.38333333333333336,0.0,281.1,0.38333333333333336
367309990,MISS PEGGY ANN,-92.02078295774649,28.49825704225352,interp,0.23333333333333334,18.3,342.7,0.23333333333333334
367310510,MATAGORDA,-90.432879625,29.992070374999997,interp,0.05,0.0,258.6,0.05
367311410,JACOB C,-92.0742637704918,28.608138360655737,interp,0.2833333333333333,0.8,100.6,0.2833333333333333
367311480,CRISTO SANTO,-90.83072,29.99837,unavailable,,7.2,162.6,17.083333333333332
367312120,RANDY J,-89.35988094444444,29.255939055555555,interp,0.2833333333333333,0.0,222.6,0.2833333333333333
367312950,NICHOLAS D,-89.65875130434783,29.707804347826087,interp,0.4,6.5,304.6,0.4
367313120,ALEXANDRA DANOS,-91.01706184615384,28.79590569230769,interp,0.45,9.7,86.0,0.45
367313530,STEPHANIE A SETTOON,-91.32434491803278,29.789684918032787,interp,0.5,0.0,265.1,0.5
367314380,HAROLD ANCAR,-90.30336774647887,29.94863225352113,interp,0.26666666666666666,0.5,17.0,0.26666666666666666
367314420,HOUMA,-89.54986,29.37064423398329,interp,2.533333333333333,0.0,209.2,2.533333333333333
367314830,MISS RAE ANNE,-90.00579382716049,29.816876172839507,interp,0.5166666666666667,0.1,222.0,0.5166666666666667
367316130,CAPT BUDDY G,-89.90842773743016,29.53997377094972,interp,0.45,0.0,273.8,0.45
367316350,MARGARET M,-89.36026588888889,29.24952411111111,interp,1.2333333333333334,0.0,254.1,1.2333333333333334
367318730,MARY D,-90.27821,29.9728,interp,0.4166666666666667,0.0,360.0,0.4166666666666667
367321740,CANDY FACTORY,-90.21007,29.14778,interp,0.75,0.0,329.3,0.75
367321850,GRANT,-90.6524079,28.907532699999997,interp,0.35,14.2,70.8,0.35
367323360,MR MURVIN,-90.09046333333332,28.476029999999998,interp,0.5333333333333333,15.9,201.3,0.5333333333333333
367323780,MR COLBY,-91.21249915492959,28.32358481690141,interp,4.283333333333333,1.6,14.7,4.283333333333333
367325760,BLACK BEARD,-89.996702,29.941762,interp,0.4666666666666667,0.2,96.3,0.4666666666666667
367326110,S J,-90.78042217391305,29.41011,interp,0.35,0.0,67.1,0.35
367327210,RAM POWELL TLP,-88.09215,29.06079,unavailable,,0.0,263.8,15.15
367327360,MEDITERRANEAN,-89.39919875000001,28.85241875,interp,0.43333333333333335,11.3,285.6,0.43333333333333335
367327540,KEITH GELVIN,-90.20525771428571,29.668040571428573,interp,0.43333333333333335,0.6,27.0,0.43333333333333335
367327630,DIVINE MERCY,-89.99888414285715,29.93475,interp,0.48333333333333334,0.0,194.0,0.48333333333333334
367330830,ODYSSEA DARWIN,-89.05075864705883,28.434854352941176,interp,0.45,10.3,303.2,0.45
367331110,SP IVORY,-90.2132196,29.1444128,interp,0.4,0.0,267.8,0.4
367332830,PENNY F,-92.18370633093524,29.77964949640288,interp,0.7333333333333333,0.0,274.9,0.7333333333333333
367332840,KARLA F,-90.19851,29.12044,interp,1.6333333333333333,0.1,256.0,1.6333333333333333
367333570,HAI VIET,-92.13500176563738,29.492953531274743,interp,3.716666666666667,0.5,217.0,3.716666666666667
367334320,HOS MYSTIQUE,-90.21415,29.14309,exact,0.0,0.0,63.4,0.0
367338000,HARVEY POWER,-90.20318330935253,29.138893884892084,interp,0.9,0.0,352.0,0.9
367338430,TERREL WILLIAMS,-90.22659721311476,29.946887213114753,interp,0.2833333333333333,0.0,335.0,0.2833333333333333
367339020,CANDACE MORGAN,-90.67274225352112,29.59733,interp,0.48333333333333334,0.1,57.1,0.48333333333333334
367339130,MS MEGAN,-90.20315,29.12041,edge_nearest,2.9833333333333334,0.1,350.0,2.9833333333333334
367341340,MR ALEX,-90.72947983240222,29.349689832402234,interp,0.05,0.0,18.7,0.05
367341450,ENCHILADA/SHELL RIG,-91.98630666666666,27.87545,interp,0.4,0.0,292.7,0.4
367344810,BC PUSHER I,-90.29215202247191,29.96554561797753,interp,0.5333333333333333,0.1,230.8,0.5333333333333333
367344920,JACK BINION,-91.75144742857144,29.764401714285714,interp,0.5333333333333333,0.0,257.4,0.5333333333333333
367355240,OLD GLORY,-89.95336499999999,29.881056,interp,0.4,0.1,310.7,0.4
367357000,CLAIRE CANDIES,-90.21846806451613,29.13200935483871,interp,0.06666666666666667,0.0,79.5,0.06666666666666667
367357150,DMO RESOLUTION,-90.24733325581394,29.351923255813954,interp,1.0,0.0,80.8,1.0
367360360,HANNAH RAY,-90.20657,29.11812,unavailable,,0.0,155.7,26.1
367362410,CRAIG VIZIER,-90.22735,29.24284,unavailable,,0.0,360.0,22.416666666666668
367363740,LADY CRYSTAL,-89.35340455555556,29.265594555555555,interp,1.3666666666666667,0.0,300.1,1.3666666666666667
367364280,CAPT NELSON,-90.38361085714286,29.571338,interp,0.5666666666666667,6.2,283.3,0.5666666666666667
367365680,KIM LONG,-91.21493876606684,28.715050411311054,interp,0.7166666666666667,2.7,284.1,0.7166666666666667
367368850,MELISSA LEE,-89.93519434782608,29.91934,interp,0.5,0.0,251.0,0.5
367369920,HARRY B SETTOON,-90.00606408450705,29.798194366197183,interp,0.4,5.3,19.5,0.4
367369930,DEE ANNA SETTOON,-90.71287450847458,29.59191393220339,interp,3.7666666666666666,6.3,185.8,3.7666666666666666
367369940,PENELOPE H SETTOON,-90.67268963636364,29.59801,interp,0.95,0.0,244.1,0.95
367373000,TRUE NORTH,-89.55150459016394,28.661556229508196,interp,0.4666666666666667,0.0,48.3,0.4666666666666667
367374990,ALTRO DONNA,-90.15327188405797,29.95839695652174,interp,0.48333333333333334,0.8,320.9,0.48333333333333334
367376530,MATTERHORN TLP,-88.82560492753623,28.74248,interp,0.43333333333333335,0.0,238.5,0.43333333333333335
367376810,ROOSTER I,-89.90334,29.89846,interp,0.4666666666666667,0.1,360.0,0.4666666666666667
367377490,JOANNE MORRISON,-89.55762262569833,28.833335251396647,interp,0.7833333333333333,0.0,167.1,0.7833333333333333
367379810,WISE ONE,-90.33732891719744,29.93620891719745,interp,0.2833333333333333,0.0,29.3,0.2833333333333333
367379820,SEA HORSE,-90.27823,29.97266,unavailable,,0.5,334.0,22.383333333333333
367379910,DELTA LADY,-90.02202428571428,29.851627142857144,interp,0.3333333333333333,0.0,236.4,0.3333333333333333
367381610,CAPT CHAD MICHAEL,-90.27338,29.40481,interp,0.65,0.0,360.0,0.65
367386570,HERBERT J PLAISANCE,-91.97750459016393,29.83627,interp,0.4666666666666667,0.0,286.1,0.4666666666666667
367387060,MISS CAITLIN,-89.86644514285715,29.602874857142858,interp,0.2833333333333333,0.1,273.0,0.2833333333333333
367387860,LOUISIANA,-90.38695926829269,29.951289268292683,interp,0.36666666666666664,0.0,264.0,0.36666666666666664
367388640,RANDOLPH JOHN,-89.51875325,28.948401625,interp,0.21666666666666667,0.9,126.0,0.21666666666666667
367390070,LANA K,-90.00272,29.82697,interp,0.4,0.0,360.0,0.4
367390640,LIL C,-89.3556,29.79288,interp,0.5833333333333334,0.0,354.3,0.5833333333333334
367391930,MISS LIZZY,-91.0889295652174,29.637071304347824,interp,0.35,10.2,311.9,0.35
367392020,LIL WEASEL,-90.50969,29.20269,edge_nearest,0.6,0.0,360.0,0.6
367393030,KENNETH C SAVAGE,-89.97361,29.92858,interp,0.48333333333333334,0.0,284.9,0.48333333333333334
367397990,MR MAG,-89.13542121212122,29.38539939393939,interp,0.5166666666666667,16.3,132.4,0.5166666666666667
367398930,PAT VOSS,-90.08058597222222,29.900435972222223,interp,0.48333333333333334,0.0,246.4,0.48333333333333334
367400840,DRY TORTUGAS,-90.07067811594204,29.92265,interp,0.4666666666666667,102.3,360.0,0.4666666666666667
367403580,PASS CHRISTIAN,-91.8988342253521,29.844927605633803,interp,0.45,4.0,269.7,0.45
367406770,MARVIN G,-90.4162288405797,29.996410579710144,interp,0.21666666666666667,0.0,360.0,0.21666666666666667
367407750,GENIE,-90.40403890109891,29.982248901098902,interp,0.16666666666666666,0.0,196.7,0.16666666666666666
367409990,SHINEY V MORAN,-90.07981016393444,29.91896508196721,interp,0.5,0.0,179.7,0.5
367411370,STARFLEET VIKING,-90.21159439232409,29.119282196162047,interp,3.05,0.0,254.9,3.05
367411940,MS JESSICA,-90.78237047619047,28.600002738095238,interp,0.016666666666666666,18.5,26.0,0.016666666666666666
367414780,ELLIOT CHERAMIE,-89.56057536231884,28.84265927536232,interp,0.31666666666666665,0.5,360.0,0.31666666666666665
367414810,MAX CHERAMIE,-91.26192,28.76,unavailable,,10.7,81.8,17.516666666666666
367416060,HARVEY RAIN,-90.20418813186814,29.137149120879123,interp,0.18333333333333332,0.4,54.0,0.18333333333333332
367418240,CHERAMIE BOTRUC 40,-90.69971812154697,29.56086187845304,interp,1.3666666666666667,0.0,334.8,1.3666666666666667
367419130,MS JILL,-89.50061,28.971353142857144,interp,0.36666666666666664,0.4,314.4,0.36666666666666664
367419770,MS JANE,-90.25131,29.35761,interp,5.35,0.0,31.8,5.35
367420450,JENNIE K,-90.17172,29.945573623188405,interp,0.4166666666666667,0.0,360.0,0.4166666666666667
367422770,DAMIAN WISE,-90.37284942857143,29.938768857142858,interp,0.26666666666666666,1.2,293.4,0.26666666666666666
367423260,WILLIAM,-89.9754,29.99893,interp,0.23333333333333334,0.0,257.3,0.23333333333333334
367423530,SIDNEY T,-89.98817,29.71731,unavailable,,0.1,18.3,6.45
367424310,JOHNNY M,-92.65821803278688,29.932672950819672,interp,0.5,3.1,109.8,0.5
367426260,ROSS CANDIES,-90.20279,29.133147093922652,interp,5.35,0.0,304.1,5.35
367426480,GARY CHIASSON ELEVAT,-91.08844475,28.61685,interp,0.1,0.3,171.0,0.1
367426920,GREY CUP,-88.677691,29.476708285714288,interp,0.48333333333333334,0.4,211.8,0.48333333333333334
367427270,MISS KELLY,-90.4041,29.982284571428572,interp,0.5333333333333333,0.0,315.0,0.5333333333333333
367427550,TRAILBLAZER,-90.21187004184102,29.145330041841007,interp,0.016666666666666666,0.0,228.5,0.016666666666666666
367428620,DIP,-91.86883657142856,29.332677714285715,interp,0.26666666666666666,0.8,360.0,0.26666666666666666
367429010,SEA HORSE,-92.40159,29.48437,unavailable,,0.0,200.9,8.783333333333333
367430050,STEVEN M BRYAN,-89.94173885714287,29.925,interp,0.43333333333333335,0.0,123.0,0.43333333333333335
367430790,MISS CALLIE CATE,-91.10560072463768,29.647865362318843,interp,0.5333333333333333,0.0,294.2,0.5333333333333333
367430870,MISTER JUG,-89.67310474576271,29.033281864406778,interp,0.5666666666666667,2.9,32.3,0.5666666666666667
367430980,HOS STRONGLINE,-90.21733,29.14333,interp,0.75,0.0,204.0,0.75
367431130,NIKOLA,-91.09892138888888,29.69154,interp,1.1166666666666667,0.0,263.0,1.1166666666666667
367431410,PONCHO,-90.25003860759493,29.35553,interp,0.18333333333333332,0.0,360.0,0.18333333333333332
367431640,SEA BULL,-91.22288314285714,29.70578342857143,interp,0.4,0.0,284.0,0.4
367431720,MISS RAMONA,-90.71372,29.39195,unavailable,,0.0,260.7,17.433333333333334
367431830,KELLY ANN CANDIES,-90.21651,29.12835,unavailable,,0.0,66.2,13.866666666666667
367433650,ELIZABETH,-89.872852,29.42215,interp,0.4666666666666667,0.0,237.4,0.4666666666666667
367436760,HARVEY ROVER,-90.21032,29.25104,interp,1.4,0.0,85.0,1.4
367438530,CAPT PEYTON P,-90.22051,29.21692458888889,interp,6.883333333333334,0.0,360.0,6.883333333333334
367440810,BEVERLY B,-90.43606014492754,29.99628014492754,interp,0.4666666666666667,10.4,276.8,0.4666666666666667
367441370,CROSBY LEADER,-89.61653695652173,28.93503391304348,interp,0.45,0.9,334.2,0.45
367441390,CROSBY ADMIRAL,-90.2063244,29.122058600000003,interp,0.23333333333333334,0.0,335.8,0.23333333333333334
367444220,WARREN JR,-90.142051971831,29.94533,interp,0.43333333333333335,0.0,165.9,0.43333333333333335
367444730,REPENTANCE,-90.08079428571428,29.90065,interp,0.5,0.0,360.0,0.5
367444940,WILDCAT,-92.30453142857142,29.554521428571427,interp,0.4,2.6,359.2,0.4
367445260,MISS DIANA,-91.75355388888889,29.774941944444446,interp,0.48333333333333334,0.0,37.6,0.48333333333333334
367449040,DAVID MCNEMAR,-91.30028985915493,29.758015211267608,interp,0.48333333333333334,7.1,81.0,0.48333333333333334
367449990,AMANDA MARIE,-91.4619129605263,29.308125986842104,interp,1.2166666666666666,2.2,187.9,1.2166666666666666
367451290,STEVE E BRYAN,-90.39941122222223,29.973368777777775,interp,0.36666666666666664,0.0,360.0,0.36666666666666664
367452650,PORTPILOT,-89.25857,29.17879,interp,0.4166666666666667,0.0,231.1,0.4166666666666667
367453020,DIRK C,-91.13509240506329,29.67220240506329,interp,0.31666666666666665,0.0,260.2,0.31666666666666665
367454140,MASTER HAI,-92.47119111111112,29.49976,interp,0.3333333333333333,0.1,30.2,0.3333333333333333
367454680,CHERAMIE BOTRUC 41,-90.20181503467406,29.13063251733703,interp,6.05,0.0,251.5,6.05
367455780,ZACHARY TAYLOR,-89.69396878787879,28.926775454545453,interp,0.5166666666666667,15.5,152.5,0.5166666666666667
367456750,CAROLINE,-92.12014,29.79048042253521,interp,0.05,0.0,255.7,0.05
367456770,COUSHATTA,-91.74323728571429,29.764357285714286,interp,0.31666666666666665,0.0,124.9,0.31666666666666665
367456810,ELLY LANE,-90.38435284153006,29.949932841530053,interp,0.43333333333333335,0.0,203.0,0.43333333333333335
367459110,GERALD MAJORS,-90.28036857142857,29.96844523809524,interp,0.5,7.2,63.4,0.5
367461370,CROSBY TROJAN,-90.44609975,28.99073625,interp,0.31666666666666665,7.5,250.8,0.31666666666666665
367463010,LAURA ANNE,-91.75361765363128,29.77487,interp,0.23333333333333334,0.0,263.4,0.23333333333333334
367463020,CAPTAIN RON,-92.15886066666667,29.781071333333333,interp,1.4,8.4,246.0,1.4
367463990,MS MELISSA,-92.30675,28.42635,unavailable,,8.3,26.6,28.883333333333333
367465140,CAPT MAI,-92.00931741935484,29.076400322580646,interp,0.15,8.0,302.3,0.15
367465960,CROSBY CARRIER,-90.62277183486238,29.197018990825686,interp,0.6833333333333333,6.2,130.3,0.6833333333333333
367467010,MS MARY,-90.19729333333333,29.13772,interp,5.0,0.0,245.0,5.0
367467980,MISS LUCY,-89.33389,29.43273,interp,0.5333333333333333,0.0,252.5,0.5333333333333333
367468270,HARVEY BRONCO,-89.50303985915492,28.84919661971831,interp,0.16666666666666666,11.5,272.3,0.16666666666666666
367468610,MR WAYNE,-90.67537557142857,29.60138,interp,0.5166666666666667,0.0,5.3,0.5166666666666667
367468920,ELWOOD JONES,-90.17452,29.94343,interp,0.38333333333333336,0.0,271.7,0.38333333333333336
367468960,TRIDENT,-90.2474220786517,29.349201685393258,interp,0.6166666666666667,0.0,254.8,0.6166666666666667
367469690,DOUG II,-92.06100357142857,29.464784285714284,interp,0.1,20.2,331.6,0.1
367471780,PRINCESS KELLY,-88.70682,29.9936,edge_nearest,1.3833333333333333,3.0,177.9,1.3833333333333333
367472580,LIZZY B MORAN,-89.95371260869565,29.877405942028986,interp,0.5333333333333333,3.2,114.3,0.5333333333333333
367474360,OCEAN PROJECT,-90.19645115942029,29.139910579710147,interp,0.06666666666666667,0.0,247.9,0.06666666666666667
367474680,CUSTOM,-91.22163,29.70322,interp,0.4166666666666667,0.0,254.4,0.4166666666666667
367474710,HIAWATHA,-90.28116714285714,29.971226857142856,interp,0.5333333333333333,4.7,265.5,0.5333333333333333
367474720,MOOSE,-89.99800042253521,29.83046943661972,interp,0.45,0.6,236.9,0.45
367474790,CROSBY PROGRESS,-90.48556024691358,29.559211975308642,interp,0.06666666666666667,6.6,272.0,0.06666666666666667
367475780,TRIPPER III,-91.71615,29.766202857142854,interp,0.3333333333333333,0.0,240.1,0.3333333333333333
367476840,BEA SONIER,-90.59389871428571,29.572258714285713,interp,0.15,0.0,360.0,0.15
367477280,HERO,-90.19560634,29.11269648,interp,2.816666666666667,0.0,244.0,2.816666666666667
367477290,MR JOHN,-92.08904264900661,28.945416622516554,interp,0.016666666666666666,2.5,118.4,0.016666666666666666
367478960,AUTHORITY III,-89.98198730337079,29.853492696629214,interp,0.8,0.0,64.5,0.8
367479650,SAINT CRISPIN,-90.40888845070423,29.993538450704225,interp,0.5,0.0,306.9,0.5
367481540,KAREN KOBY,-90.70216917355373,28.95969033057851,interp,0.4,2.0,157.0,0.4
367483740,ADVENTURE,-90.12855390740742,29.07951172222222,interp,3.5166666666666666,0.0,111.6,3.5166666666666666
367483870,GALVESTON,-90.34286784132841,28.96693,interp,1.95,0.0,264.0,1.95
367483890,LAFAYETTE,-92.8956306043956,29.591691208791207,interp,0.18333333333333332,0.0,211.4,0.18333333333333332
367492110,ODYSSEA TITAN,-88.66464057142858,29.295093142857144,interp,0.4,1.2,185.8,0.4
367493450,ODYSSEA VALOR,-92.59374857142858,28.550127142857143,interp,0.2833333333333333,3.1,144.3,0.2833333333333333
367493740,ENDURANCE,-91.81694,29.79341,interp,0.4,0.0,289.7,0.4
367493760,TYRANT,-90.56049833333334,28.849766666666667,interp,0.2,19.6,55.4,0.2
367500230,MICHELLE,-91.73183,28.79021271954674,interp,0.5333333333333333,0.2,259.8,0.5333333333333333
367500460,MAC ANDREW MCKINNEY,-92.0376110869565,29.81705945652174,interp,0.08333333333333333,0.0,271.6,0.08333333333333333
367500810,CAPT FRANK,-89.2457,29.15663,interp,0.5166666666666667,0.0,9.2,0.5166666666666667
367501540,OSG ENDURANCE,-92.46372913043479,27.803096521739132,interp,2.8333333333333335,11.9,295.0,2.8333333333333335
367502290,DARLENE WISE,-90.33636314285714,29.936516571428573,interp,0.4,0.0,54.6,0.4
367502540,STEVE GOLDING,-89.94172,29.9248,interp,0.4666666666666667,0.0,26.9,0.4666666666666667
367503760,WES SELLARS,-89.96887,29.92161,interp,0.48333333333333334,0.1,162.0,0.48333333333333334
367504980,SID MOLLER,-90.40206449275362,29.97975,interp,0.5166666666666667,0.1,167.7,0.5166666666666667
367505030,FRANK JAHN,-90.42083,29.9915,interp,0.55,0.0,270.0,0.55
367505070,RENEE DAVISON,-90.4209514084507,29.991243802816903,interp,0.45,0.1,302.6,0.45
367505630,BOOTSIE B,-90.20685043478261,29.92268275362319,interp,0.4666666666666667,6.8,269.0,0.4666666666666667
367505870,ORANGE,-90.38679420289854,29.95141420289855,interp,0.48333333333333334,0.0,27.4,0.48333333333333334
367506440,AMANDA A,-90.3898902,29.5577999,interp,0.016666666666666666,0.0,249.7,0.016666666666666666
367507220,TEDDY MEYER,-91.76280565217391,29.76382043478261,interp,0.45,1.4,287.6,0.45
367507730,SAN ANTONIO,-91.45508927536231,29.673531304347826,interp,0.43333333333333335,5.1,293.7,0.43333333333333335
367507790,HARVEY SUPPORTER,-90.3208145381526,27.15102546184739,interp,1.8833333333333333,0.2,151.8,1.8833333333333333
367508680,CROSBY INTEGRITY,-90.20603269662921,29.122068202247192,interp,0.13333333333333333,0.0,238.1,0.13333333333333333
367509350,CONNOR ANTHONY,-90.24809860724234,29.35195278551532,interp,1.6666666666666667,0.0,360.0,1.6666666666666667
367509360,JAN MARIE,-92.27117333333334,29.62575272727273,interp,0.3333333333333333,14.8,33.9,0.3333333333333333
367510430,DAVID J COOPER,-90.33467288888889,29.936636444444446,interp,1.0666666666666667,0.1,237.1,1.0666666666666667
367510770,SEA SERVICE 1,-90.21665,29.12635,unavailable,,0.0,85.9,6.05
367512340,CSS TEXAS,-90.26796285714286,29.966164285714285,interp,0.4166666666666667,0.1,250.2,0.4166666666666667
367512520,T LUKE SAVAGE,-90.83482193181817,29.99825,interp,0.2833333333333333,0.0,243.5,0.2833333333333333
367513750,MASTER TYLER,-90.25898,29.3782,edge_nearest,4.716666666666667,0.0,360.0,4.716666666666667
367514120,L/B ROBERT,-91.11518403314916,29.64053,interp,1.2166666666666666,0.0,279.2,1.2166666666666666
367514520,VICKI LYNN,-90.01938571428572,29.49685,interp,0.25,0.0,121.8,0.25
367515210,CAPT CLAUDE,-90.60560414414414,29.576753513513513,interp,0.21666666666666667,0.0,343.3,0.21666666666666667
367515280,LADY OF GUADALUPE,-92.25328,29.804300222222224,interp,0.03333333333333333,0.0,173.0,0.03333333333333333
367515860,MAMA ROSIE,-90.02507,29.84881,interp,0.5166666666666667,0.0,140.5,0.5166666666666667
367516330,LOUISIANA BAYOU,-90.28883,29.959922608695653,interp,0.5,0.2,246.4,0.5
367518250,GEORGE C,-90.02479,29.84901,interp,0.4166666666666667,0.0,288.7,0.4166666666666667
367518570,HARVEY INTERVENTION,-88.51818268456375,29.038280201342282,interp,0.31666666666666665,8.9,225.6,0.31666666666666665
367523620,BEST WON,-91.13725253298152,28.42634746701847,interp,0.4,0.2,249.6,0.4
367524420,BOO SONIER,-90.59410955555556,29.571860333333333,interp,0.016666666666666666,0.0,254.7,0.016666666666666666
367524710,MISS JENNIE,-89.98192608695653,29.70661,interp,0.4,2.3,156.3,0.4
367527220,MR FRED,-89.86256014492754,29.60370652173913,interp,0.5666666666666667,4.6,316.2,0.5666666666666667
367527930,SAMUEL A CHURCH,-89.26658516129032,29.18862935483871,interp,0.36666666666666664,10.4,157.7,0.36666666666666664
367528070,MICHELLE ELISE,-90.60558721448469,29.57676069637883,interp,0.4166666666666667,0.0,291.4,0.4166666666666667
367529040,K-MARINE VIII,-90.72979323943662,29.34906323943662,interp,0.4,0.0,253.6,0.4
367529150,PORT NECHES,-90.3840963768116,29.94875724637681,interp,0.4166666666666667,0.0,259.6,0.4166666666666667
367529860,C R MCCASKILL,-90.66113,29.60048,interp,0.43333333333333335,0.0,66.7,0.43333333333333335
367530470,SEA LION,-91.22290391304348,29.705621739130436,interp,0.45,0.0,260.5,0.45
367532830,CAROL MCMANUS,-89.87414285714286,29.609851714285714,interp,0.43333333333333335,0.8,23.4,0.43333333333333335
367534590,MICHAEL EYMARD,-90.20979,29.238498888888888,interp,0.3333333333333333,0.0,280.3,0.3333333333333333
367534880,LOUISIANA HERITAGE,-90.36297957142857,29.94021,interp,0.05,0.1,224.2,0.05
367535450,DELTA SPARROW,-89.3577368888889,29.259863444444445,interp,0.5166666666666667,0.0,259.6,0.5166666666666667
367535850,BIG BLUE,-90.20153,29.13002,unavailable,,0.0,223.6,16.033333333333335
367536590,GUADALUPE,-90.349197125,29.621087625,interp,0.55,2.2,45.4,0.55
367536940,ANDI NICOL,-90.196173,29.113024499999998,interp,0.2,0.0,360.0,0.2
367537070,JAY C,-90.00264434782609,29.82674,interp,0.5,0.0,360.0,0.5
367537780,ANALYESE MARIE,-89.50290910112359,29.006439213483144,interp,0.25,3.0,69.9,0.25
367537970,HARVEY STEELER,-90.19412653259361,29.13469919556172,interp,4.166666666666667,0.0,333.2,4.166666666666667
367538650,MISS THU THAO,-89.21682168539327,29.37846831460674,interp,0.3333333333333333,2.9,303.8,0.3333333333333333
367538940,RITA ANN,-90.60571188888888,29.576799527777776,interp,0.5666666666666667,0.0,265.2,0.5666666666666667
367539060,SUSAN ELIZABETH,-91.5401,29.823944057971016,interp,0.4666666666666667,0.0,12.7,0.4666666666666667
367539810,CAPT ANDY LAKE,-90.64665000000001,29.592114,interp,0.5333333333333333,5.4,122.6,0.5333333333333333
367541160,LEGACY,-92.02599098591548,29.8211,interp,0.5333333333333333,0.0,352.1,0.5333333333333333
367541690,LOUISIANA LAGNIAPPE,-90.29854942028985,29.960975507246378,interp,0.5666666666666667,0.5,31.1,0.5666666666666667
367541980,EUGENIE J HUGER,-90.46962260869564,29.558484347826088,interp,0.3,5.2,277.9,0.3
367542420,CAPT SMOKE,-91.334024,29.964106,interp,0.23333333333333334,0.0,24.5,0.23333333333333334
367542650,RIVER PILOT,-89.32335161290324,29.259358387096775,interp,0.36666666666666664,29.3,133.5,0.36666666666666664
367543570,FOURCHON RUNNER,-90.21325261697066,29.140107383029342,interp,2.75,0.0,31.7,2.75
367544000,EXPLORER,-90.69303525,29.54762425,interp,0.95,0.0,9.2,0.95
367545860,MS KERCI,-90.72756782608695,29.567253768115943,interp,0.4666666666666667,0.0,225.0,0.4666666666666667
367548230,LOUISIANA PRIDE,-90.29903366197183,29.959944929577468,interp,0.4,2.8,225.2,0.4
367549260,ROGER F WICKER,-90.20961371428571,29.924659714285713,interp,0.21666666666666667,4.7,296.7,0.21666666666666667
367553290,SAVAGE GUARDIAN,-90.19771800000001,29.92621,interp,0.23333333333333334,7.9,245.4,0.23333333333333334
367553360,GUIDING LIGHT,-92.36954018181818,29.432469363636365,interp,0.2833333333333333,7.9,319.1,0.2833333333333333
367555690,GINNY HOWELL,-90.07711433333334,29.892777333333335,interp,0.85,0.0,180.8,0.85
367556630,JASON E DUTTINGER,-89.6674731884058,29.465048405797102,interp,0.5166666666666667,12.3,120.1,0.5166666666666667
367556730,HARVEY COLT,-90.52460428324697,27.766289067357512,interp,0.5833333333333334,1.2,152.3,0.5833333333333334
367558150,UNCLE SAM,-90.23984542857143,29.969083714285713,interp,0.5333333333333333,0.0,351.7,0.5333333333333333
367559840,MS DANIELLE,-90.30720774647888,29.94406985915493,interp,0.55,0.2,138.3,0.55
367560890,RUFFIAN,-89.9192814084507,29.625291830985915,interp,0.48333333333333334,0.2,248.4,0.48333333333333334
367561730,MR JAKE,-90.21192802469136,29.14148,interp,0.26666666666666666,0.0,202.8,0.26666666666666666
367563360,DUTCH GIRL,-89.3618,29.257735352112675,interp,0.55,0.0,255.4,0.55
367566040,G FREDERICK SEEMANN,-90.21035219895288,29.120069528795813,interp,1.0666666666666667,8.3,241.8,1.0666666666666667
367566130,SEACAT,-91.045171,29.623107857142855,interp,0.38333333333333336,6.3,77.5,0.38333333333333336
367569030,JOHN HARVILL,-91.39262622857143,28.796527400000002,interp,1.45,8.2,90.6,1.45
367569850,LESLIE ANN,-88.68611675324675,29.464786883116883,interp,3.6166666666666667,0.9,179.2,3.6166666666666667
367570920,UNCLE JOHN,-89.87710929577464,29.610442676056337,interp,0.31666666666666665,0.2,78.0,0.31666666666666665
367570970,MISSISSIPPI DELTA,-89.36029338235294,29.28543661764706,interp,0.38333333333333336,0.2,172.4,0.38333333333333336
367571450,EVEREADY,-89.09039819444445,29.46496888888889,interp,0.5166666666666667,19.4,252.2,0.5166666666666667
367573410,CHAMPION,-91.46042714285714,29.917288142857142,interp,0.55,6.5,337.3,0.55
367574050,TOBIE EYMARD,-91.08697415730336,28.47059168539326,interp,0.43333333333333335,0.2,235.7,0.43333333333333335
367575520,HOS COMMANDER,-90.21306,29.13928,interp,8.95,0.0,234.3,8.95
367576750,RED RIVER,-90.2057685915493,29.9249023943662,interp,0.45,0.0,54.7,0.45
367578830,CAPTAIN SAM,-89.98822608695652,29.717233043478263,interp,0.4,0.2,209.3,0.4
367579920,SAVAGE INSPIRATION,-91.22639,29.90919,interp,0.45,0.0,294.5,0.45
367580190,FAST DELIVERER,-90.21128,29.146049344594594,interp,1.6166666666666667,0.0,210.7,1.6166666666666667
367581180,VANESSA,-92.18879,29.78116,interp,0.8,0.0,232.3,0.8
367581960,MS ISABELLA ROSE,-90.24853,28.61595,interp,0.4166666666666667,0.0,0.0,0.4166666666666667
367581980,MS EMELIE ROSE,-92.14343283333335,29.791937166666667,interp,2.15,0.0,246.1,2.15
367581990,MS SOPHIA ROSE,-90.52381760869565,28.90725717391304,interp,0.35,9.7,54.1,0.35
367582020,MS GERT,-90.9683966558966,28.38868662358643,interp,2.2,9.0,105.7,2.2
367582190,LYLA ANGELLE,-90.60469591549297,29.568344084507043,interp,0.48333333333333334,0.0,265.8,0.48333333333333334
367583170,CONNOR BORDELON,-90.70129051899907,29.54579683966636,interp,5.683333333333334,0.0,147.5,5.683333333333334
367583670,RACHEL ALEXANDRA,-89.96261363636366,29.66998,interp,1.2,0.2,224.5,1.2
367584340,CAPT TRUONG PHI,-92.43714654545455,29.087337545454545,interp,1.15,2.3,202.8,1.15
367584550,SAVAGE JOURNEY,-89.84086173913043,29.598107101449276,interp,0.4166666666666667,4.8,303.8,0.4166666666666667
367585550,CHRIS R,-92.51969635761591,28.085505165562914,interp,0.8666666666666667,1.5,157.0,0.8666666666666667
367585870,HOS RIVERBEND,-90.19334147540982,29.132772841530056,interp,0.8666666666666667,0.0,61.2,0.8666666666666667
367586250,FINN FALGOUT,-90.20344,29.14951,edge_nearest,4.533333333333333,0.0,0.1,4.533333333333333
367586370,NASHVILLE,-91.33590516304348,28.65074,interp,1.5166666666666666,0.0,253.0,1.5166666666666666
367586380,CHARLESTON,-91.73960830985916,28.813867464788732,interp,0.1,0.1,282.9,0.1
367586750,DUKE,-89.97379,29.92821,interp,0.26666666666666666,0.0,240.9,0.26666666666666666
367586890,GENESIS FREEDOM,-90.2753349132948,29.9677250867052,interp,0.7333333333333333,0.1,299.5,0.7333333333333333
367586910,GENESIS GLORY,-90.29841245901639,29.959400327868853,interp,1.1,0.0,259.8,1.1
367586920,GENESIS LIBERTY,-91.10818037837838,29.644894216216215,interp,1.0666666666666667,0.0,0.0,1.0666666666666667
367587710,CELTIC,-90.19703426900585,29.141342865497077,interp,0.8166666666666667,0.1,50.6,0.8166666666666667
367588580,ROLAND A FALGOUT,-90.20341030303032,29.1492796969697,interp,0.05,0.0,188.6,0.05
367588670,LIL JIMMY,-89.53937347826087,29.351183478260868,interp,0.4,0.1,182.7,0.4
367588940,MISS ELIZABETH,-89.71931166666666,29.520790833333336,interp,0.25,0.1,244.1,0.25
367590950,DIAMOND MINE,-92.18551541984732,29.781550839694656,interp,1.0,0.0,360.0,1.0
367591760,DIAMOND LUGGER,-90.0638,29.63278,unavailable,,0.1,293.5,18.7
367592640,CAPT CJ,-90.140155,29.930985,interp,0.05,4.9,355.6,0.05
367593340,SEACOR HAWK,-90.22112385714286,29.14553,interp,0.45,0.0,301.3,0.45
367593360,SEACOR EAGLE,-90.70403573770493,29.56786,interp,0.43333333333333335,0.0,43.5,0.43333333333333335
367594470,CAPT J W BANTA,-90.05630366197182,29.82857943661972,interp,0.2833333333333333,5.0,53.2,0.2833333333333333
367596840,HOS CAPTAIN,-88.2897435,29.036296333333333,interp,1.7166666666666666,9.0,248.3,1.7166666666666666
367596850,HOS BAYOU,-90.21440483333333,29.1431155,interp,1.55,0.0,104.6,1.55
367597990,BAYOU LADY,-90.01351,29.99686512820513,interp,0.48333333333333334,0.0,251.8,0.48333333333333334
367598280,MISS BETH,-90.17934470588236,29.682047058823528,interp,0.5333333333333333,0.0,319.3,0.5333333333333333
367598440,ELIE CHERAMIE,-89.34449588235293,29.244569411764708,interp,0.4,0.7,66.8,0.4
367598830,LADY JOYELLE,-90.06093657142857,29.846966714285713,interp,0.38333333333333336,0.0,61.6,0.38333333333333336
367599790,STONE STRAIT,-90.39924285714285,29.972346428571427,interp,0.4166666666666667,0.0,187.2,0.4166666666666667
367601620,FRANK GOLEMI,-90.29283771428571,29.96585614285714,interp,0.45,0.0,153.6,0.45
367602540,JOHN JACOB,-90.22122041666667,29.2173565,interp,1.5666666666666667,0.0,89.5,1.5666666666666667
367602710,ABI C,-89.57329535211268,28.8362423943662,interp,0.4166666666666667,0.6,123.9,0.4166666666666667
367602790,HANNAH C,-91.23962914285714,28.726057142857144,interp,0.15,4.2,341.3,0.15
367602890,GRAND ISLE,-89.35665821229051,29.25394,interp,0.5333333333333333,0.0,299.6,0.5333333333333333
367603350,ROMAN ELIE,-91.44653,28.49177,unavailable,,3.2,338.5,29.116666666666667
367604920,KAREN ANN,-90.38597704225353,29.95102,interp,0.35,0.0,0.0,0.35
367605530,PATIENCE LAB,-91.10191488888889,28.50774,interp,0.36666666666666664,0.2,330.6,0.36666666666666664
367605770,JC DEVILLE,-89.90841442622951,29.539755573770492,interp,0.45,0.0,276.2,0.45
367606270,MS JOLIE,-90.21183473509933,29.141499470198678,interp,11.916666666666666,0.1,258.5,11.916666666666666
367606280,THERESE DANOS,-92.96421,27.93999050916497,interp,0.4166666666666667,0.3,164.2,0.4166666666666667
367606390,BADGER,-90.69398,29.5476,interp,0.11666666666666667,0.0,26.6,0.11666666666666667
367606520,RAVEN,-90.2127986885246,29.119926229508195,interp,0.36666666666666664,2.1,15.2,0.36666666666666664
367608620,MS TAYLOR,-91.74006111111112,28.792202222222222,interp,0.4,10.9,23.0,0.4
367608850,POPPA P,-90.198957,29.15041,interp,0.3,0.0,334.8,0.3
367609520,HARVEY CONDOR,-89.21438040268455,28.040661812080536,interp,0.5166666666666667,8.7,288.2,0.5166666666666667
367610650,IRISH,-88.0748447706422,29.37772614678899,interp,0.4166666666666667,3.6,330.6,0.4166666666666667
367610960,JAMIE G EYMARD,-91.74443565096952,28.78301434903047,interp,1.1333333333333333,0.0,342.5,1.1333333333333333
367611250,REBEL,-90.22359475903615,29.147974759036146,interp,2.6333333333333333,0.1,263.8,2.6333333333333333
367611260,JANE OLIVIA,-89.9558585,29.274518999999998,interp,0.1,6.8,20.1,0.1
367612050,BRANDY NICOLE,-91.71509209876544,29.84132,interp,0.2833333333333333,0.0,360.0,0.2833333333333333
367612230,K-MARINE XI,-90.72967,29.34908,edge_nearest,0.25,0.0,37.4,0.25
367612290,ELISE MARY,-91.56435891414141,28.5039172979798,interp,1.7833333333333334,0.3,245.3,1.7833333333333334
367612310,HOS BLACK FOOT,-88.73455539393939,28.204797696969695,interp,1.2666666666666666,0.1,261.7,1.2666666666666666
367612320,HOS BLACK ROCK,-90.21111353932584,29.13969870786517,interp,0.38333333333333336,0.0,195.3,0.38333333333333336
367612350,HOS BRIARWOOD,-90.20683872928177,29.12289,interp,1.1333333333333333,0.0,14.6,1.1333333333333333
367612470,HOS CLEARVIEW,-90.19995816901408,29.131391830985915,interp,0.21666666666666667,0.0,64.7,0.21666666666666667
367612480,HOS CROCKETT,-90.21877574585636,29.133518508287295,interp,5.133333333333334,0.0,57.0,5.133333333333334
367612490,HOS CALEDONIA,-90.21266088888889,29.13942,interp,0.26666666666666666,0.0,198.0,0.26666666666666666
367612520,HOS CEDAR RIDGE,-90.2182,29.14327317679558,interp,1.9166666666666667,0.0,252.4,1.9166666666666667
367612530,HOS CAROUSEL,-90.21168328571429,29.140983285714285,interp,0.38333333333333336,0.0,82.9,0.38333333333333336
367613490,GREAT EXPECTATIONS,-90.21054777777778,29.12177962962963,interp,0.36666666666666664,2.0,54.0,0.36666666666666664
367613790,JOHN DEMPSEY,-89.99734,29.933334647887325,interp,0.55,0.0,113.5,0.55
367614930,NOLAN RHODES,-90.05807477611941,29.953172835820894,interp,0.4,6.6,0.0,0.4
367614940,JERIS AUTHEMENT,-90.00182514285714,29.884160571428573,interp,0.4,4.6,209.0,0.4
367618240,MR EVAN,-92.35091555555556,29.326625277777776,interp,1.1666666666666667,15.3,11.0,1.1666666666666667
367618760,BRITTANY LYNN,-90.58074455598455,29.574434826254826,interp,1.6,4.2,300.0,1.6
367619370,WHITETAIL,-90.97723028571428,28.69090985714286,interp,0.2833333333333333,9.3,57.0,0.2833333333333333
367619730,SARAH GOLDING,-90.00054450704225,29.9356,interp,0.5333333333333333,0.0,131.1,0.5333333333333333
367621410,BULL SHARK,-91.84230972222221,29.940224166666667,interp,0.5833333333333334,0.0,266.5,0.5833333333333334
367622660,FMS COURAGE,-91.08767,28.47098037037037,interp,0.05,0.1,43.4,0.05
367622850,FMS ENDURANCE,-91.09834372222222,29.666585666666666,interp,0.7166666666666667,0.0,298.2,0.7166666666666667
367624350,STINGRAY,-90.12414,29.09699,interp,0.35,0.0,360.0,0.35
367626030,DANE WISE,-90.33584800000001,29.93674,interp,0.4666666666666667,0.0,142.7,0.4666666666666667
367626460,TEXAS,-89.88471173913044,29.61427188405797,interp,0.48333333333333334,0.3,318.1,0.48333333333333334
367627320,ROCKFISH,-91.85215,29.94651,interp,0.8666666666666667,0.0,255.5,0.8666666666666667
367627370,MAN O WAR,-91.84237056179775,29.93977056179775,interp,0.16666666666666666,0.0,275.5,0.16666666666666666
367627470,RODNEY E SETTOON,-90.87320819672131,29.53605,interp,0.4166666666666667,0.0,237.8,0.4166666666666667
367628230,LAURENCE M GONSOULIN,-90.81663591549295,29.53550957746479,interp,0.48333333333333334,5.8,87.5,0.48333333333333334
367628670,PAUL AILLET,-91.28285094594595,28.48679216216216,interp,0.48333333333333334,20.2,59.0,0.48333333333333334
367630990,SOLOMON,-90.19674242857143,29.140717285714285,interp,0.2833333333333333,0.0,66.8,0.2833333333333333
367631990,ROBERT,-90.24126391304348,29.96290695652174,interp,0.4,0.0,294.8,0.4
367633250,LOCKMASTER,-90.46786,29.99984,unavailable,,9.5,127.4,7.816666666666666
367634690,CAJUN II,-90.20511,29.14427,interp,0.38333333333333336,0.0,250.1,0.38333333333333336
367635140,AVERY ISLAND,-90.19740594444445,29.11796986111111,interp,1.2166666666666666,0.0,170.5,1.2166666666666666
367637190,HAYDEN,-92.18616471930908,29.78027471930907,interp,4.25,0.0,40.5,4.25
367637760,CLARK TODD,-90.23903385714286,29.968663857142857,interp,0.45,0.0,307.0,0.45
367637920,GERRY BORDELON,-90.70117,29.54612,interp,0.6666666666666666,0.0,116.5,0.6666666666666666
367637970,SHANNON MARY,-90.07720323943661,29.91469,interp,0.4,0.0,320.7,0.4
367638170,J ANDREW ECKSTEIN,-90.39920342857143,29.97138342857143,interp,0.4,0.0,360.0,0.4
367638240,DAVID L FIELDS,-90.01036333333334,29.79126,interp,0.38333333333333336,10.0,33.0,0.38333333333333336
367638640,MANDY R SETTOON,-90.33455788235294,29.523835764705883,interp,0.23333333333333334,3.3,171.0,0.23333333333333334
367639270,DENNIS FROMENTHAL,-90.39334,29.96461,interp,0.48333333333333334,0.0,322.0,0.48333333333333334
367639990,ELDA A,-90.23705764285714,29.156791214285715,interp,0.31666666666666665,6.1,217.8,0.31666666666666665
367640510,FAST CHEETAH,-90.21138,29.146,unavailable,,0.0,312.6,13.933333333333334
367640910,MASON G,-90.202988,29.119162,interp,0.4666666666666667,0.0,239.5,0.4666666666666667
367642490,MISS WHITNEY,-90.38209206581351,29.57119096892139,interp,3.3333333333333335,2.0,124.5,3.3333333333333335
367643140,SUN STEPHEN,-89.55283,29.37222,interp,0.45,0.0,14.9,0.45
367643740,HOS WARLAND,-90.21412648199446,29.14190783933518,interp,1.3,0.0,247.9,1.3
367643760,HOS WOODLAND,-90.19537,29.13782,unavailable,,0.0,70.6,22.833333333333332
367643820,JANAE' ALYSSA,-89.20107966292134,29.37764146067416,interp,0.3333333333333333,2.4,355.8,0.3333333333333333
367643990,JAVA,-90.202478,29.11834,interp,0.26666666666666666,1.6,176.7,0.26666666666666666
367646390,ANDREW C,-90.02447604938271,29.849037901234567,interp,0.5333333333333333,0.1,248.4,0.5333333333333333
367647210,ROBERT J SHEA,-92.07293,29.80569,interp,0.4666666666666667,0.0,298.5,0.4666666666666667
367648290,ST CHRISTOPHER,-90.23500253521127,29.95963,interp,0.5166666666666667,0.0,328.4,0.5166666666666667
367649150,LACIE G EYMARD,-90.20964022197558,29.238959955604884,interp,0.06666666666666667,0.0,277.3,0.06666666666666667
367649170,DONALD WOOD,-90.30779623188405,29.94351231884058,interp,0.26666666666666666,1.1,300.8,0.26666666666666666
367651380,ELK,-88.27775,28.34116923809524,interp,0.13333333333333333,1.0,132.8,0.13333333333333333
367653160,FAST LEOPARD,-90.20622956974324,29.14600086051353,interp,1.0333333333333334,0.0,313.1,1.0333333333333334
367653220,CAT ISLAND,-91.16269285714286,28.278792857142857,interp,0.3333333333333333,10.1,243.0,0.3333333333333333
367653480,JUNIOR G,-90.04259542857143,29.83789714285714,interp,0.5333333333333333,0.0,292.9,0.5333333333333333
367653490,CHRISTI C,-91.30203,29.44544524590164,interp,0.48333333333333334,0.0,261.8,0.48333333333333334
367653530,LILY C,-92.18625202531646,29.781312025316456,interp,0.26666666666666666,0.0,273.9,0.26666666666666666
367653540,STIM STAR IV,-90.21933773654916,29.1362,interp,1.0166666666666666,0.0,46.3,1.0166666666666666
367654230,ADRIATIC,-90.19659351955308,29.140753519553073,interp,1.05,0.0,178.8,1.05
367654520,NANCY SONIER,-89.987265942029,29.99959,interp,0.4666666666666667,0.0,360.0,0.4666666666666667
367657110,PECAN ISLAND,-90.63574185430463,27.89549430463576,interp,0.6,11.3,18.7,0.6
367658610,BROOKE,-92.65897255691769,27.830714886164625,interp,2.433333333333333,0.3,191.0,2.433333333333333
367659780,STARFLEET GUARDIAN,-90.21159,29.1192,unavailable,,0.0,360.0,15.95
367660250,INDEPENDENCE,-90.14129304347826,29.91860434782609,interp,0.5,0.0,320.0,0.5
367661180,TEXIAN,-89.94329518450185,29.870385184501846,interp,4.35,0.0,225.1,4.35
367663150,HOUSTON,-91.84238439999999,29.9408678,interp,0.18333333333333332,0.0,31.4,0.18333333333333332
367666170,ASHLEY DANIELSON,-90.40784,29.99300579710145,interp,0.48333333333333334,0.0,303.7,0.48333333333333334
367666240,AQUEOS SPLASH,-91.1001320994475,29.68534,interp,0.6333333333333333,0.1,50.1,0.6333333333333333
367666910,CAJUN IV,-90.53369714285714,28.058612040816328,interp,0.95,20.5,14.0,0.95
367666980,LADY LAFON,-91.104,29.64993,interp,0.5,0.0,70.2,0.5
367668280,CAPT ROD,-89.97869266666667,29.10218366666667,interp,0.7333333333333333,0.0,276.8,0.7333333333333333
367668490,KAMA,-90.21735,29.13033,unavailable,,0.0,241.8,13.65
367668680,BISON,-90.19675494444444,29.141434944444445,interp,1.4833333333333334,0.0,260.0,1.4833333333333334
367668740,WINE ISLAND,-90.19848,29.1196,unavailable,,0.0,360.0,10.033333333333333
367670000,HARVEY AMERICA,-87.91973533333334,28.614194666666666,interp,0.4666666666666667,0.0,55.0,0.4666666666666667
367672370,BILL GARVEY,-90.38855,29.952399081081083,interp,0.2833333333333333,0.0,333.7,0.2833333333333333
367672720,KRAEMER T,-91.76944451016637,29.384145489833642,interp,4.066666666666666,0.1,41.9,4.066666666666666
367674650,MICHAEL AKIU #86,-90.46039,29.99972,unavailable,,6.7,279.0,28.3
367676470,CAPTAIN BOUDREAUX,-89.81875376811594,29.385684782608696,interp,0.3333333333333333,5.1,81.9,0.3333333333333333
367677960,FAST TIGER,-90.20106,29.13437,unavailable,,0.0,3.5,23.15
367680760,AMBRIE DUPRE,-89.94170857142858,29.9232,interp,0.5,5.1,285.7,0.5
367682130,MV LIV,-89.99008657142858,29.99959,interp,0.4,0.0,248.2,0.4
367682410,GREAT WHITE,-90.22163671428572,29.148029857142856,interp,0.38333333333333336,0.0,133.5,0.38333333333333336
367684470,CROSBY 2,-90.67320518518518,29.60094,interp,0.23333333333333334,0.0,286.6,0.23333333333333334
367686970,MISS BRENNYN,-89.90581,29.88587,unavailable,,20.8,323.0,23.5
367689010,PAPA WISE,-90.33624314285714,29.936436571428573,interp,0.38333333333333336,0.1,241.8,0.38333333333333336
367691280,ROBIN,-90.20702173913044,29.120362608695654,interp,0.3,0.1,73.5,0.3
367692120,KATHLEEN DUPRE,-92.79092971830985,29.9725661971831,interp,0.5,4.9,270.7,0.5
367693160,CECIL V NEAL,-92.10134120000001,29.7958816,interp,0.05,1.8,71.5,0.05
367693810,DAUPHIN ISLAND,-90.21237185714286,29.121331857142856,interp,0.21666666666666667,0.0,256.8,0.21666666666666667
367696990,MARINER,-90.20542,29.14912,interp,1.25,0.0,245.6,1.25
367697080,ENDEAVOR,-90.33736915492958,29.543375492957747,interp,0.3333333333333333,4.1,323.9,0.3333333333333333
367697440,BRANDON BORDELON,-90.19618155555555,29.140016888888887,interp,1.2666666666666666,0.0,29.7,1.2666666666666666
367698030,MISS JADE II,-92.33497,29.05216,unavailable,,2.9,273.3,6.05
367701480,HAWK,-90.19571143846154,29.112787123076924,interp,3.1166666666666667,0.1,288.4,3.1166666666666667
367702280,MICHAEL G MORRIS,-90.39946318681318,29.97349,interp,0.48333333333333334,0.0,108.8,0.48333333333333334
367702430,SAFETY GLORY,-90.80401,29.99666,interp,0.4166666666666667,0.0,274.7,0.4166666666666667
367702440,SAFETY GOAL,-90.81951199999999,29.981898857142856,interp,0.5666666666666667,6.7,104.2,0.5666666666666667
367702470,SAFETY LEGEND,-90.79917,29.99993,unavailable,,3.4,229.3,9.783333333333333
367702490,SAFETY PRIORITY,-90.17842676056338,29.94016,interp,0.38333333333333336,0.0,228.3,0.38333333333333336
367702550,SAFETY TEAM,-90.19162804469272,29.929825977653632,interp,0.6,0.2,241.6,0.6
367702560,SAFETY VOYAGER,-90.82945,29.99949,unavailable,,5.4,231.1,28.533333333333335
367702730,TREY PAUL,-91.82378,29.8333,interp,0.1,0.0,360.0,0.1
367704260,JAMES HENRY,-89.90341,29.89864,interp,0.48333333333333334,0.1,360.0,0.48333333333333334
367706830,CAPT DUFFY,-90.22541370370371,29.946563703703703,interp,0.4,0.2,291.6,0.4
367707750,GOD'S GIFT,-91.817580875,29.80562175,interp,0.11666666666666667,0.1,243.9,0.11666666666666667
367709020,RAM XIX,-91.842023045977,29.941206781609196,interp,0.9833333333333333,0.0,255.2,0.9833333333333333
367709190,SUSANNAH V GRIFFIN,-89.71561786885246,29.509969344262295,interp,0.5,7.8,142.1,0.5
367710550,MS NANCY,-90.20272,28.10128,unavailable,,0.4,161.2,19.116666666666667
367710960,CAPT TROY GREEN,-90.0062862857143,29.93929,interp,0.43333333333333335,0.0,304.7,0.43333333333333335
367711830,AMERICAN COURAGE,-90.02218,29.990246428571428,interp,0.4166666666666667,0.0,200.6,0.4166666666666667
367712790,JESUS SAVES,-90.39091313432836,29.556571791044778,interp,0.2,2.4,47.9,0.2
367714220,THANH LAM,-91.19909474093267,28.705846191709842,interp,0.08333333333333333,3.1,101.3,0.08333333333333333
367716330,MARDI GRAS,-90.191565,29.92594,interp,0.5166666666666667,11.4,63.0,0.5166666666666667
367719730,COL FRANK X ARMIGER,-90.05592,29.952800704225353,interp,0.55,0.0,287.9,0.55
367719770,THOMAS JEFFERSON,-89.97356260869566,29.922466521739132,interp,0.5166666666666667,0.5,360.0,0.5166666666666667
367721310,ROUGAROU,-90.07751,29.771974444444442,interp,0.5333333333333333,0.0,360.0,0.5333333333333333
367722840,GLENN AUTRY,-90.20117,29.12233,edge_nearest,2.683333333333333,7.3,101.4,2.683333333333333
367728590,MASTER BRAXTON,-91.71432461538463,29.291535384615386,interp,0.5833333333333334,2.4,95.1,0.5833333333333334
367728680,MARK SHELL,-91.96983,29.838083802816904,interp,0.45,0.0,236.6,0.45
367728720,WICHITA,-90.07669857142857,29.771488571428574,interp,0.3333333333333333,4.9,236.4,0.3333333333333333
367728870,FREDERICK E BOUCHARD,-89.86101505555555,29.607955055555554,interp,1.4833333333333334,0.0,273.8,1.4833333333333334
367732930,MASTER CRAIG,-90.03458833333332,29.180911666666667,interp,0.25,7.9,230.2,0.25
367734950,ISLAND ACE,-89.9901763527054,29.24364639278557,interp,11.35,0.6,139.9,11.35
367737960,LOUISIANA MARINER,-90.2838268115942,29.96209492753623,interp,0.4166666666666667,1.5,231.9,0.4166666666666667
367739650,MAGGIE A,-90.19698522222222,29.119550888888888,interp,1.4333333333333333,0.0,234.2,1.4333333333333333
367740050,AMERICAN RELIANCE,-90.28994642857144,29.64589,interp,0.08333333333333333,4.8,268.1,0.08333333333333333
367743660,EVELYN JAMES,-90.00279928571427,29.881745714285714,interp,0.25,2.4,27.7,0.25
367744120,TED KAYSER,-90.12340333333334,29.906793333333333,interp,0.38333333333333336,0.0,284.7,0.38333333333333336
367744130,TAK I,-90.14269868852459,29.937270983606556,interp,0.4166666666666667,0.0,265.7,0.4166666666666667
367744140,ROBIN R,-90.240152,29.962422,interp,0.4666666666666667,1.7,298.5,0.4666666666666667
367749970,LOUISIANA PARADISE,-90.37681885714285,29.94579142857143,interp,0.43333333333333335,3.1,122.6,0.43333333333333335
367751160,CHARLIE C,-90.40122,29.978049090909092,interp,0.13333333333333333,0.0,13.5,0.13333333333333333
367754870,MISS BEHAVIN,-91.22842800000001,29.18965311111111,interp,0.43333333333333335,2.0,103.3,0.43333333333333335
367755720,AMERICAN DUCHESS,-90.02524,29.94925627118644,interp,1.1,0.0,111.0,1.1
367755860,STEVE DAINES,-90.33132483146068,29.93688,interp,1.4333333333333333,0.0,311.8,1.4333333333333333
367755970,SUSAN CROSBY,-90.67235824662811,29.598444123314067,interp,1.7833333333333334,0.0,261.9,1.7833333333333334
367761870,JESSIE Q,-89.35859,29.26074,interp,0.6833333333333333,0.0,347.4,0.6833333333333333
367762880,COLTON JAMES,-91.62337333333335,29.759703333333334,interp,0.38333333333333336,5.3,271.3,0.38333333333333336
367764520,BRANDON KYLE,-90.45194000000001,29.55730357142857,interp,0.2833333333333333,3.8,96.9,0.2833333333333333
367765490,AMERICAN STRONG,-90.02218,29.989734714285717,interp,0.55,0.0,342.8,0.55
367767180,AMERICAN PHAROAH,-89.86517014492753,29.608592463768115,interp,0.2833333333333333,0.1,14.9,0.2833333333333333
367767850,BOLD RULER,-89.96469771428572,29.675037142857143,interp,0.55,0.0,174.5,0.55
367767860,MISS EMERSON,-89.89938199999999,29.878676,interp,0.23333333333333334,0.0,218.0,0.23333333333333334
367768080,ROD C,-90.40885971428573,29.987153285714285,interp,0.38333333333333336,0.2,311.9,0.38333333333333336
367771000,INNOVATION,-89.74362728571428,28.487337285714286,interp,0.38333333333333336,11.7,218.7,0.38333333333333336
367771510,SALLY B,-91.84231448390678,29.943977758046614,interp,3.3666666666666667,0.0,261.9,3.3666666666666667
367771970,FAST LION,-90.21101275000001,29.14618,interp,1.65,0.0,47.0,1.65
367773540,LUCY,-90.2873431155779,27.317749849246233,interp,0.4666666666666667,0.3,221.4,0.4666666666666667
367775310,LOUISIANA LEGACY,-90.30548357142857,29.95315785714286,interp,0.4166666666666667,6.8,235.3,0.4166666666666667
367776370,217,-90.714426375,29.584730875,interp,4.35,0.0,82.5,4.35
367777320,LADY CHRISTINE,-91.07390795539034,28.94923535315985,interp,1.2,2.9,97.5,1.2
367778140,BREEZE,-89.90935831460673,29.61906415730337,interp,0.21666666666666667,0.1,118.2,0.21666666666666667
367783120,GO PATRIOT,-92.18381277227722,29.779834455445545,interp,0.4666666666666667,0.0,286.2,0.4666666666666667
367785160,BRUTUS TLP,-90.64799,27.7952775,interp,0.25,0.1,250.3,0.25
367787640,SPIRIT,-89.91092,29.8970760989011,interp,1.1833333333333333,0.0,294.8,1.1833333333333333
367787650,JUSTICE,-90.14129,29.918499890109892,interp,0.016666666666666666,0.0,325.0,0.016666666666666666
367789310,FANTASY ISLAND,-89.10561788732394,28.418069014084505,interp,0.16666666666666666,9.3,292.9,0.16666666666666666
367789330,TDW,-90.7284,29.3962823,interp,0.38333333333333336,0.0,360.0,0.38333333333333336
367789370,JODY ANN,-90.07100869565217,29.875594347826087,interp,0.5,0.0,109.3,0.5
367798350,LUCAS PAUL DEVALL,-91.48874,29.688875915492957,interp,0.48333333333333334,0.0,315.4,0.48333333333333334
367799330,PINTAIL,-91.3597009375,29.6421821875,interp,0.5166666666666667,5.8,96.4,0.5166666666666667
367799340,WIDGEON,-90.060034875,29.84393,interp,0.65,0.0,146.4,0.65
367801000,CAPE KNOX,-90.0322320670391,29.957494413407822,interp,1.3166666666666667,0.0,89.8,1.3166666666666667
368001940,CROSBY 8,-89.91751268156423,29.46741,interp,0.8,0.0,305.1,0.8
368001950,CROSBY 7,-89.91866,29.472732953285828,interp,6.816666666666666,0.0,360.0,6.816666666666666
368004560,KERRI ANN,-90.41891266666667,29.180677333333335,interp,0.43333333333333335,5.0,252.1,0.43333333333333335
368005880,LOUISIANA STRONG,-90.29687,29.95508,interp,0.2833333333333333,0.0,50.2,0.2833333333333333
368005910,MR C,-90.20362836547291,29.12127326905418,interp,2.966666666666667,0.1,250.4,2.966666666666667
368006070,MACK B,-89.86133,29.60219,unavailable,,0.0,360.0,28.633333333333333
368006860,LIZ HEALY,-89.90562592592593,29.882664814814817,interp,0.5,9.7,9.7,0.5
368007370,W B WOOD,-90.18423514285715,29.93731742857143,interp,0.3,0.0,360.0,0.3
368007450,GOD'S GLORY,-89.67603542857142,29.856406714285715,interp,0.45,7.7,122.5,0.45
368008130,MARSH ISLAND,-90.20340463768116,29.14769463768116,interp,0.5333333333333333,0.0,152.8,0.5333333333333333
368011060,MASTER DEVIN,-89.120446,29.05066,interp,0.6,2.4,187.2,0.6
368011450,KRISTIN,-89.89835649999999,29.620323749999997,interp,0.21666666666666667,0.1,325.3,0.21666666666666667
368011470,LOUISE,-89.88301901639345,29.612358524590164,interp,0.38333333333333336,3.2,305.7,0.38333333333333336
368013860,PAUL CANDIES,-90.20480788990824,29.13855211009174,interp,1.9166666666666667,0.0,255.8,1.9166666666666667
368016260,CAPT. BUFORD BERRY,-89.92182658333333,29.519183166666664,interp,0.6833333333333333,0.0,360.0,0.6833333333333333
368018310,TRISTEN,-90.19065211267605,29.931082112676055,interp,0.4666666666666667,0.0,360.0,0.4666666666666667
368019410,CHALLENGER,-92.42812,29.48243,unavailable,,8.3,298.0,26.95
368020480,BARBARO,-89.92058142857142,29.62773142857143,interp,0.5,5.9,300.8,0.5
368021310,MISS SOPHIA CLAIRE,-91.09543,29.64501209876543,interp,0.5333333333333333,0.0,360.0,0.5333333333333333
368021936,LADY TIERNEY,-90.20373,29.12136967365967,interp,0.11666666666666667,0.0,264.2,0.11666666666666667
368022610,VERMILION,-92.13184,29.822848979591836,interp,0.36666666666666664,0.0,200.1,0.36666666666666664
368023230,MS.EMILY,-88.78096147540984,29.267097540983606,interp,0.5,12.5,25.2,0.5
368024380,ARATA,-92.1406287150838,29.9734643575419,interp,1.3,0.0,282.7,1.3
368027780,MR RIDGE,-90.21221,29.11977,unavailable,,0.0,250.6,14.366666666666667
368029490,MISS ELLA MAE,-91.25405514285714,29.655431714285715,interp,0.43333333333333335,7.8,245.2,0.43333333333333335
368032120,LESTER FULFER,-90.4025397385621,29.981431045751634,interp,0.06666666666666667,0.0,262.7,0.06666666666666667
368033820,EVERETT C,-90.6561292929293,29.59711404040404,interp,0.11666666666666667,4.1,289.0,0.11666666666666667
368034940,JACIE E,-90.28347042857142,29.962246571428572,interp,0.45,1.9,237.5,0.45
368035830,GOL FORCE,-92.07176782608695,28.937554782608697,interp,0.3333333333333333,8.5,308.4,0.3333333333333333
368038090,GOL SAPPHIRE,-91.880407,28.345291,interp,0.35,4.4,344.6,0.35
368041830,RTA1,-90.05607,29.95357,unavailable,,0.1,287.7,21.383333333333333
368042470,SOPHIA GRACE,-90.40427224043715,29.98250163934426,interp,1.1833333333333333,0.0,256.9,1.1833333333333333
368042990,P/V ASSISTANT,-89.36024142857141,29.285452857142857,interp,0.5,0.2,71.7,0.5
368045260,SARAH PAIGE,-90.08083225352112,29.89973633802817,interp,0.48333333333333334,0.1,279.0,0.48333333333333334
368046360,POSEIDON,-91.09849934426231,29.690963114754098,interp,0.31666666666666665,0.0,295.7,0.31666666666666665
368051000,FAST MAMMOTH,-90.21110333333334,29.146113333333332,interp,0.38333333333333336,0.0,286.0,0.38333333333333336
368052910,LIL' EMI,-89.9728,29.91454,interp,0.45,0.0,169.1,0.45
368054570,MISS MARLEY,-90.1130736231884,29.90499,interp,0.4166666666666667,0.0,188.5,0.4166666666666667
368054660,ML GROVE,-90.20893,29.123079625000003,interp,0.016666666666666666,0.0,93.2,0.016666666666666666
368055920,WAR EMBLEM,-89.95494352941176,29.6548,interp,0.5333333333333333,5.8,338.7,0.5333333333333333
368058010,CELESTE LOUISE,-90.66253139423077,29.598071394230768,interp,0.48333333333333334,0.0,360.0,0.48333333333333334
368059520,DEER ISLAND,-90.77118,26.45875,edge_nearest,2.2,0.0,347.0,2.2
368059840,RTA2,-90.05845262295082,29.95269295081967,interp,0.36666666666666664,14.3,283.6,0.36666666666666664
368061000,C-CLIPPER,-92.59263573770491,28.53343786885246,interp,1.2,0.1,311.5,1.2
368061040,LADY TEREA,-90.388148375,29.56472325,interp,0.21666666666666667,0.0,243.1,0.21666666666666667
368061080,JUDITH ANN,-89.01240552238805,29.054757910447762,interp,0.4666666666666667,20.2,45.2,0.4666666666666667
368062270,KIRSTEN GOLDING,-90.00611172222224,29.938948277777776,interp,0.5166666666666667,0.0,278.6,0.5166666666666667
368063310,CITY OF NEW ORLEANS,-90.06213,29.955142285714285,interp,0.45,0.0,138.1,0.45
368065210,MISS AUDREY,-91.86257761506278,28.96393820083682,interp,0.11666666666666667,8.0,105.0,0.11666666666666667
368065260,PRINCESS ARIEL,-91.14211524590165,28.700813278688525,interp,0.016666666666666666,3.1,105.2,0.016666666666666666
368065290,MASTER ANDREW,-92.2873484,29.0546364,interp,0.15,2.9,108.0,0.15
368067520,SP_89E,-89.39598,28.6966,interp,0.43333333333333335,0.0,223.0,0.43333333333333335
368067930,LOUISIANA PURCHASE,-90.22466757142857,29.94507,interp,0.48333333333333334,0.0,322.0,0.48333333333333334
368069440,PORTIER1,-89.35783822222223,29.25996,interp,0.5333333333333333,0.0,9.8,0.5333333333333333
368070080,RED BIRD,-90.33476986149586,29.523990277008313,interp,0.08333333333333333,0.4,232.4,0.08333333333333333
368070920,UNCLE BLUE,-91.98108014285715,29.835148285714283,interp,0.016666666666666666,0.3,164.6,0.016666666666666666
368071000,CINDY JEAN LAB,-89.78725454545454,28.675734363636366,interp,0.35,9.3,115.2,0.35
368072040,M/ V COTTLE,-90.31074304347825,29.944475217391304,interp,0.5,8.2,43.5,0.5
368073280,RYDER JAMES DEVALL,-92.19326768115941,29.78078,interp,0.26666666666666666,0.0,235.8,0.26666666666666666
368073490,RIVER DIAMOND,-91.84225357142857,29.94403642857143,interp,0.4166666666666667,0.0,248.2,0.4166666666666667
368073550,MISS REAGAN,-90.0058929113924,29.81678,interp,0.4666666666666667,0.0,319.4,0.4666666666666667
368076650,GO LIBERTY,-90.22213518309857,29.216966788732396,interp,0.95,0.0,198.6,0.95
368079000,SEA SCOUT,-91.02888695652175,29.658326956521737,interp,0.4,0.0,281.9,0.4
368080000,CINDY BROWN TIDE,-91.11824079096046,29.643381186440678,interp,1.4166666666666667,0.0,32.3,1.4166666666666667
368083616,BAM &,-92.19133329113923,29.782066582278482,interp,0.43333333333333335,0.1,298.0,0.43333333333333335
368084090,LARRY B WHIPPLE,-90.31984771428571,29.93953442857143,interp,0.5166666666666667,0.0,142.9,0.5166666666666667
368085190,MARTIN,-92.87524352112676,29.95074,interp,0.4166666666666667,0.0,313.9,0.4166666666666667
368086520,MASTER DYLAN,-89.19333600000002,29.368912666666667,interp,0.1,3.0,273.6,0.1
368086880,FALCON,-90.19587,29.11299,unavailable,,0.4,360.0,14.4
368087000,C-CARRIER,-90.25485,28.10328,edge_nearest,0.06666666666666667,9.4,1.6,0.06666666666666667
368087360,MISS AVA,-89.32874,29.04181827777778,interp,0.5166666666666667,0.0,360.0,0.5166666666666667
368089370,MISS EVA,-90.2816,29.97001,edge_nearest,1.0,15.3,190.1,1.0
368090720,ADMIRAL,-90.00510173913044,29.808689130434782,interp,0.35,10.4,191.1,0.35
368090840,KENNY SHAVER,-90.38471116022099,29.94942767955801,interp,0.35,0.0,223.6,0.35
368090980,INTRA REGAL,-90.33633428571427,29.531979285714286,interp,0.25,2.9,348.8,0.25
368091250,MISS KATE,-89.53289652777778,29.365806527777778,interp,0.4166666666666667,0.0,8.6,0.4166666666666667
368092830,LAKE VERRET,-92.48170280000001,29.896681800000003,interp,0.18333333333333332,4.7,98.1,0.18333333333333332
368092840,BAYOU ST.JOHN,-90.79198,29.99867,unavailable,,6.7,226.4,13.466666666666667
368093830,DIXIE RAIDER,-90.2444285915493,29.97024084507042,interp,0.48333333333333334,2.9,308.7,0.48333333333333334
368095340,GAMBLER,-90.04241542857143,29.838005142857142,interp,0.5666666666666667,0.0,230.9,0.5666666666666667
368099010,CAPTAIN RAPHAEL,-90.38635442857142,29.94458,interp,0.5166666666666667,0.1,39.6,0.5166666666666667
368099290,GOL MOVER,-90.21012154166667,29.121516916666668,interp,0.6166666666666667,0.0,360.0,0.6166666666666667
368099310,RED STAG,-90.19646380165288,29.14072429752066,interp,2.45,0.0,225.0,2.45
368099430,AXIS,-90.19689481994459,29.14138296398892,interp,1.7833333333333334,0.0,251.6,1.7833333333333334
368099770,WALTER CURE ELEVATOR,-89.05885316666668,29.298436833333334,interp,0.95,0.0,313.6,0.95
368101000,RAM CHALLENGER,-90.38078242857142,28.501847571428574,interp,1.45,0.0,36.4,1.45
368102290,JS CHATRY,-89.9884692753623,29.717050144927537,interp,0.5666666666666667,0.3,266.6,0.5666666666666667
368103510,ANDY MCKINNEY,-91.80168,29.780088450704227,interp,0.5,0.0,255.6,0.5
368103550,DANNY OCKMAN,-90.17480521126761,29.943000422535214,interp,0.5666666666666667,0.0,219.0,0.5666666666666667
368103560,MIKE HOWARD,-90.04051971830987,29.838482676056337,interp,0.4166666666666667,5.5,58.9,0.4166666666666667
368103880,N.STAR INDEPENDENCE,-90.2469034,29.3490502,interp,1.1333333333333333,0.0,267.6,1.1333333333333333
368105180,MR.NELSON,-89.9460647826087,29.431373913043476,interp,0.45,5.4,128.7,0.45
368106490,COUNT FLEET,-92.181111,29.778687,interp,0.35,0.0,111.7,0.35
368107760,LOUIS ARMSTRONG,-90.06168033333333,29.9320705,interp,0.05,0.0,194.8,0.05
368110390,PEARL RIVER,-90.01969285714286,29.98733914285714,interp,0.43333333333333335,4.9,201.0,0.43333333333333335
368110410,GOSIER,-91.90529623188405,29.8456,interp,0.43333333333333335,0.0,309.2,0.43333333333333335
368110430,POINT A LA HACHE,-92.4684691011236,29.894770898876406,interp,0.3333333333333333,5.0,100.1,0.3333333333333333
368111370,BOSC0,-90.60748357142857,29.57709314285714,interp,0.38333333333333336,0.0,62.6,0.38333333333333336
368112000,ADRI LAB,-89.36086,29.25642,interp,0.38333333333333336,0.0,360.0,0.38333333333333336
368112840,FRITZ CENAC,-90.70901109090909,29.609924454545457,interp,0.8833333333333333,0.0,214.9,0.8833333333333333
368113430,BRANDON T. PASENTINE,-89.930345625,29.9215325,interp,0.4666666666666667,2.4,68.4,0.4666666666666667
368113990,ANDREW S.,-89.90995,29.619448260869564,interp,0.2,0.0,360.0,0.2
368114180,JOHN BOY,-90.3775820152884,29.58191467685893,interp,6.383333333333334,0.0,360.0,6.383333333333334
368115890,SOUTHERN BELLE,-90.40777857142858,29.551215,interp,0.08333333333333333,3.5,99.0,0.08333333333333333
368116270,WEEKS 262,-90.66544,29.60027,unavailable,,0.0,320.3,22.216666666666665
368117020,CURLIN,-90.02320371428571,29.977086714285715,interp,0.48333333333333334,5.7,195.2,0.48333333333333334
368119090,CONTAINER EXPRESS,-90.10217961538461,29.912386923076923,interp,0.45,0.0,208.1,0.45
368119110,C.D. WHITE,-90.01170323943661,29.799409718309857,interp,0.38333333333333336,0.0,210.0,0.38333333333333336
368120080,JET 1,-90.00281,29.82662,edge_nearest,3.5,0.1,67.3,3.5
368120610,DODSON THORNTON,-90.02451724637682,29.949872173913043,interp,0.36666666666666664,4.0,292.5,0.36666666666666664
368121820,MICHAEL S,-89.97968661764705,29.707015294117646,interp,0.38333333333333336,11.5,161.2,0.38333333333333336
368127720,JENNT TRAN,-89.21245056179775,29.38763786516854,interp,0.2833333333333333,4.8,134.2,0.2833333333333333
368128040,ST. CHARLES,-89.92908304709141,29.92367,interp,1.8333333333333333,0.4,148.8,1.8333333333333333
368128050,ROYAL,-89.9100008888889,29.623921555555555,interp,0.7333333333333333,5.4,353.5,0.7333333333333333
368129280,PEGGY SUE,-89.24458217391305,29.156817826086957,interp,0.45,0.1,28.4,0.45
368129990,PRINCESS IVY,-88.63482,29.99901,unavailable,,2.9,11.0,11.416666666666666
368130550,TAYLOR,-89.88978,29.61563,interp,0.5,0.1,258.7,0.5
368132340,BOLD VENTURE,-89.86613086956521,29.608645217391306,interp,0.2833333333333333,1.0,107.0,0.2833333333333333
368135000,HOLIDAY,-88.10307404040404,28.46354797979798,interp,0.3333333333333333,0.1,254.2,0.3333333333333333
368136890,LUBBOCK,-90.061,29.924678450704224,interp,0.5,0.0,316.0,0.5
368137980,LADY EDWINA,-92.28719,29.81639704225352,interp,0.35,0.0,88.9,0.35
368138150,CAPT KEITH LOFTON,-92.10564,29.79495,interp,0.5,0.0,350.5,0.5
368139660,TIMBALIER BAY,-90.00822,29.94060657142857,interp,0.4,0.0,205.7,0.4
368142750,NYQUIST,-90.24300000000001,29.96708333333333,interp,0.38333333333333336,9.4,115.0,0.38333333333333336
368144120,SEA PILOT,-89.40745,28.9323,interp,0.5,0.0,160.7,0.5
368144320,MIKE MITCHELL,-91.17633,29.75329536231884,interp,0.5333333333333333,0.0,219.3,0.5333333333333333
368144370,A. THOMAS HIGGINS,-90.12861557142857,29.91388442857143,interp,0.5166666666666667,0.0,164.9,0.5166666666666667
368150680,EMILEE ALEXIS,-91.2776024637681,29.683366231884058,interp,0.43333333333333335,0.0,266.1,0.43333333333333335
368150730,PAPOOSE,-91.27766,29.683307540983606,interp,0.38333333333333336,0.0,262.2,0.38333333333333336
368151890,KEVIN ALLEN,-89.95653436619719,29.920494366197183,interp,0.5166666666666667,0.1,146.2,0.5166666666666667
368152930,KIMBERLY CELESTE,-89.31473476901209,28.946088464818764,interp,0.2833333333333333,2.1,216.7,0.2833333333333333
368157000,COCO IV,-90.70409323863636,29.548303238636365,interp,0.31666666666666665,0.0,113.6,0.31666666666666665
368158760,REDDING C,-91.191216,29.685606,interp,0.4666666666666667,6.0,283.9,0.4666666666666667
368158770,RIVERS C,-91.1349,29.671922,interp,0.4666666666666667,0.0,264.5,0.4666666666666667
368161580,KEENELAND,-89.93690258064515,29.92153258064516,interp,0.4,4.5,303.5,0.4
368163520,WALLER,-90.38650147540983,29.95043295081967,interp,0.45,0.0,222.3,0.45
368166250,LUGGER 21,-91.21252622222222,29.403988444444444,interp,0.11666666666666667,0.1,330.3,0.11666666666666667
368166560,ARGOS PLATFORM,-90.36601749419954,27.173487517401394,interp,0.9,0.0,199.6,0.9
368167580,MASTER ANDREW,-88.6961,29.99969,unavailable,,3.3,4.0,27.55
368173380,MISS AUDREY,-90.38844661971831,29.56483971830986,interp,0.4,0.0,32.0,0.4
368174480,STEEL SKIPPER,-90.42823161764707,29.991924705882354,interp,0.4166666666666667,0.3,135.1,0.4166666666666667
368175120,MISS LEAH,-92.18305,29.0086,edge_nearest,4.883333333333334,2.9,108.5,4.883333333333334
368175520,PAT CENAC,-91.46851049180327,29.679444590163936,interp,0.16666666666666666,5.7,297.0,0.16666666666666666
368175910,FRENCHMAN,-89.99818016853933,29.94156,interp,0.05,0.0,195.8,0.05
368178110,VB 10;000,-89.60524478873239,28.92997084507042,interp,0.5666666666666667,0.0,317.1,0.5666666666666667
368178590,DAUPHINE,-89.92739,29.91751,interp,0.4666666666666667,0.0,360.0,0.4666666666666667
368179260,MILLIE,-90.53471360770577,27.320675359019265,interp,0.43333333333333335,0.5,145.5,0.43333333333333335
368180820,JACK K,-92.287143,29.816227,interp,0.35,0.0,137.2,0.35
368183220,CAPT WOODROW,-89.2842457142857,29.08657142857143,interp,0.5,9.5,206.0,0.5
368184920,SANDY ANN,-90.65252,29.21817,unavailable,,5.9,124.0,23.516666666666666
368185000,DEE WHITE,-89.90968927536231,29.619313188405798,interp,0.5333333333333333,0.0,253.4,0.5333333333333333
368186000,HARVEY CARRIER,-90.1998,29.12154,unavailable,,0.0,286.9,11.816666666666666
368187930,ADRIENNE M MOORE,-91.25946,29.939335,interp,0.5166666666666667,3.4,342.3,0.5166666666666667
368188790,SOUTHERN NIGHTS,-90.09977342857142,29.685233142857143,interp,0.4,0.0,219.4,0.4
368189190,DUKE,-90.414051,28.907588,interp,0.13333333333333333,9.3,45.0,0.13333333333333333
368196410,C-CONSTRUCTOR,-90.31032,27.155289786276715,interp,0.31666666666666665,0.0,328.4,0.31666666666666665
368197760,MIAMI,-91.2973366039823,28.477334800884957,interp,3.9166666666666665,0.1,144.9,3.9166666666666665
368199380,MISS TENA,-89.22899307692308,29.409763846153847,interp,0.23333333333333334,2.2,111.7,0.23333333333333334
368201060,JENNA D,-91.1189452688172,29.647375268817203,interp,1.4666666666666666,0.0,53.0,1.4666666666666666
368202360,G.I.JOE,-90.24213944444443,29.33558111111111,interp,0.016666666666666666,4.3,148.4,0.016666666666666666
368212950,EMILY W,-91.21898,29.699154245810057,interp,1.2666666666666666,0.0,258.1,1.2666666666666666
368213040,CITATION,-90.42991285714285,29.554588571428575,interp,0.5,0.6,178.7,0.5
368213090,CALIFORNIA CHROME,-90.17829694444443,29.940276111111114,interp,1.8333333333333333,0.0,6.1,1.8333333333333333
368214190,ERIN M BROOKS,-90.22510557142857,29.94553442857143,interp,0.5166666666666667,0.0,84.5,0.5166666666666667
368217730,CHARGER,-91.10014457142857,29.66672,interp,0.45,0.0,264.4,0.45
368222890,GREEN WAVE,-90.01125968749999,29.9420425,interp,0.43333333333333335,0.0,212.3,0.43333333333333335
368224160,LEVIATHAN,-90.67159,29.5997,interp,2.2666666666666666,0.0,360.0,2.2666666666666666
368225760,JOSEPH G,-90.2057001718213,29.141178969072165,interp,0.08333333333333333,0.0,234.9,0.08333333333333333
368226070,BLANCHARD 1,-90.21337,29.240673913043477,interp,0.5333333333333333,0.1,74.4,0.5333333333333333
368227820,MISS WRENN,-91.14899,29.68495,interp,0.38333333333333336,0.0,360.0,0.38333333333333336
368227830,BUNNY BORDELON,-90.70185583333333,29.54594416666667,interp,1.25,0.0,360.0,1.25
368232020,PATRICIA DE-ANNE,-88.60871507308684,29.778210395528802,interp,3.5,5.8,25.9,3.5
368234460,JAMES K,-92.90888714285714,29.939845714285713,interp,0.5,4.7,252.5,0.5
368234960,COLONEL,-89.86985728571429,29.603518142857144,interp,0.31666666666666665,0.0,267.1,0.31666666666666665
368235690,KENISON STERLING,-91.2341,29.669193142857143,interp,0.5333333333333333,6.1,219.8,0.5333333333333333
368237180,GO ADVENTURER,-90.20579,29.14062,edge_nearest,4.65,0.0,307.7,4.65
368237190,GO CRUSADER,-89.42049089887641,28.828630449438204,interp,0.15,9.7,169.0,0.15
368238290,A.B. CENAC,-89.3471838028169,29.2515176056338,interp,0.45,0.0,265.3,0.45
368239910,ZENYATTA,-91.73066,29.753562934782607,interp,0.3,0.6,313.0,0.3
368240920,HOS MAVERICK,-90.21192342857144,29.140991142857143,interp,0.13333333333333333,0.0,143.2,0.13333333333333333
368242000,CHLOE CANDIES,-91.10612626373626,29.646255274725274,interp,0.8,0.0,270.7,0.8
368243880,CAPT PAUL CAYARD,-91.22293257142856,29.705356285714284,interp,0.43333333333333335,0.0,11.4,0.43333333333333335
368246270,TAYLOR DANOS,-90.20593331491712,29.118342486187846,interp,0.25,0.0,166.7,0.25
368248000,KRISTIN FAGAN,-90.20986,29.12283,exact,0.0,0.0,268.8,0.0
368248150,JACKE M,-89.98454542857144,29.314131714285715,interp,0.5333333333333333,4.4,168.6,0.5333333333333333
368248160,ANGELA A,-90.49599300000001,29.249627,interp,0.4,0.0,360.0,0.4
368250110,JOSEPH ALFRED DEVALL,-90.40205,29.98911538674033,interp,2.783333333333333,0.1,114.0,2.783333333333333
368251260,MISS GINGER,-91.12437983606557,29.655525081967212,interp,1.5,0.0,256.0,1.5
368252160,KENNY BILLIOT JR,-90.29833464788732,29.961255352112676,interp,0.55,0.0,1.0,0.55
368252420,CAPTAIN ROY DANIELS,-91.57229214285715,29.73949,interp,0.4166666666666667,3.3,147.0,0.4166666666666667
368253140,BC PUSHER 4,-89.84418028169014,29.599370563380283,interp,0.5166666666666667,7.1,290.7,0.5166666666666667
368253360,ALMA GRACE,-90.41690394366198,29.992400704225354,interp,0.43333333333333335,9.4,104.9,0.43333333333333335
368253470,HOS RUNNING BUCK,-90.32101626373627,29.938662527472527,interp,1.1333333333333333,0.0,244.0,1.1333333333333333
368255760,M.A.R.S. ODIN,-91.03208571428571,29.656023469387755,interp,0.7333333333333333,0.0,259.6,0.7333333333333333
368256040,JACK ESTES,-90.34355147540984,29.936271147540985,interp,0.48333333333333334,3.6,278.0,0.48333333333333334
368259540,CARTER RAY SETTOON,-89.98359231884058,29.31114347826087,interp,0.2833333333333333,5.4,157.6,0.2833333333333333
368262250,RODNEY HAGEBOLS,-90.30147873015872,29.950836666666664,interp,0.43333333333333335,0.7,207.3,0.43333333333333335
368262880,KELBY JAMES,-89.92827,29.43844,exact,0.0,0.1,219.9,0.0
368264040,JIMMY BAER,-90.00636342857143,29.93919,interp,0.4,0.0,237.3,0.4
368264720,HOS RUGER,-90.21408222222223,29.1222,interp,0.36666666666666664,0.0,144.1,0.36666666666666664
368269770,GO TRIUMPH,-88.64896,29.41885,exact,0.0,0.2,28.5,0.0
368269780,GO GLORY,-90.22204587570623,29.216867062146893,interp,0.8666666666666667,0.0,201.6,0.8666666666666667
368269860,GO JUSTICE,-90.85046804780877,28.839957768924304,interp,0.25,0.4,299.7,0.25
368270430,GO TRAVELER,-88.40358670846395,29.248523510971786,interp,2.5166666666666666,9.7,218.6,2.5166666666666666
368274190,ANGELIQUE,-90.40031410958903,29.54644397260274,interp,0.4,0.9,352.6,0.4
368274280,AL CENAC,-92.66724,29.935712173913043,interp,0.45,0.0,315.5,0.45
368274380,ERIC LIVINGSTON,-92.45707606557376,29.893173770491803,interp,0.45,4.8,98.5,0.45
368275760,MISS ROYCHELLE,-89.88591063291139,29.425736455696203,interp,0.4666666666666667,0.0,44.4,0.4666666666666667
368276480,MISS CHRISTY,-91.75365602941176,29.774836029411766,interp,0.45,0.0,94.8,0.45
368278740,CG FLYER,-91.09841,29.691238784530388,interp,0.18333333333333332,0.0,271.5,0.18333333333333332
368280050,DRUE ARAMISE,-91.30860746478874,29.641875915492957,interp,0.5166666666666667,4.0,255.4,0.5166666666666667
368286740,RELENTLESS,-92.48556277777777,29.897614444444443,interp,0.4666666666666667,2.7,280.9,0.4666666666666667
368286750,RESOLUTION,-91.88096309859155,29.845007323943662,interp,0.3,0.8,267.0,0.3
368287530,DIAMOND DREDGE NO.6,-91.104106987061,29.6491668207024,interp,4.15,0.0,360.0,4.15
368289320,BRANDON LIVINGSTON,-90.06294,29.85270536231884,interp,0.5333333333333333,0.0,42.5,0.5333333333333333
368295000,OVERSEAS TAMPA,-90.3991204945055,29.986358021978024,interp,0.15,0.0,319.5,0.15
368400000,DINO CHOUEST,-90.21277116666668,29.144978833333333,interp,0.23333333333333334,0.0,163.0,0.23333333333333334
368410000,FAST VIKING,-90.20606,29.14562,unavailable,,0.0,257.5,5.283333333333333
368413000,COURAGE,-89.97551647058823,29.85966911764706,interp,0.23333333333333334,10.0,6.5,0.23333333333333334
368465000,JONATHAN ROZIER,-90.221,29.21736,interp,1.15,0.0,360.0,1.15
368508000,GENIE LAB,-90.16466503655565,27.53785007311129,interp,10.183333333333334,0.2,173.1,10.183333333333334
368584000,HARVEY SPIRIT,-90.20262,29.13805,unavailable,,0.0,81.1,12.733333333333333
368589000,OVERSEAS CASCADE,-88.19891188118812,28.76776594059406,interp,0.11666666666666667,11.3,36.8,0.11666666666666667
368615000,NICKI CANDIES,-90.21506371937639,29.123491859688198,interp,2.783333333333333,0.0,89.5,2.783333333333333
368681000,L/B PAUL,-90.20159,29.13483,unavailable,,0.0,247.2,12.133333333333333
368988000,USS VICKSBURG,-90.09692438202246,29.908552808988766,interp,1.0666666666666667,0.0,108.7,1.0666666666666667
368991000,BELLATRIX,-90.09680620111732,29.90823379888268,interp,1.1333333333333333,0.0,114.1,1.1333333333333333
369020000,TINA PYNE,-90.01792557142858,29.78083642857143,interp,0.48333333333333334,11.1,23.3,0.48333333333333334
369093000,KOLT LEVI,-90.20937083333334,29.11542,interp,0.9166666666666666,0.0,181.5,0.9166666666666666
369108000,CADE CANDIES,-90.51825,27.781648391105296,interp,1.3666666666666667,0.1,353.1,1.3666666666666667
369109000,LIBERTY,-90.02577135593219,29.94973,interp,0.4,0.0,180.6,0.4
369139000,HOS BRIMSTONE,-90.11945285714286,28.795825714285716,interp,0.45,10.8,332.0,0.45
369193000,LANEY CHOUEST,-90.20859611111112,29.14702388888889,interp,1.1666666666666667,0.0,321.1,1.1666666666666667
369204000,POTTER TIDE,-90.19637034722223,29.13541510416667,interp,11.916666666666666,0.0,218.8,11.916666666666666
369223000,C-LEADER,-90.20242533333334,29.147864666666667,interp,0.7,0.0,74.0,0.7
369232000,CLARENCE MOORE,-90.19717152214024,29.120012029520296,interp,0.9166666666666666,0.0,60.2,0.9166666666666666
369240000,PEYTON CANDIES,-89.64778623762376,27.80825,interp,0.6333333333333333,0.1,231.8,0.6333333333333333
369255000,C-LEGEND,-88.10698520833333,29.102213958333333,interp,7.666666666666667,0.1,42.9,7.666666666666667
369260000,GRACIE CANDIES,-91.31872985507245,28.324663333333334,interp,0.43333333333333335,9.7,234.2,0.43333333333333335
369262000,PAUL MCLERNAN,-89.22393361111111,28.80534527777778,interp,0.36666666666666664,10.0,56.8,0.36666666666666664
369286000,HARVEY EXPLORER,-90.20129438202247,28.60161359550562,interp,0.4666666666666667,9.8,16.8,0.4666666666666667
369293000,SOUTHERN TIDE,-90.19625,29.135419497206705,interp,1.4166666666666667,0.0,336.6,1.4166666666666667
369336000,AMBER,-90.21290819819819,29.14343369369369,interp,2.1666666666666665,0.0,63.8,2.1666666666666665
369347000,PERSISTENCE LAB,-90.20568336414048,29.123059815157117,interp,3.033333333333333,0.0,257.7,3.033333333333333
369494390,BP ATLANTIS PLATFORM,-90.02674,27.19519,edge_nearest,1.3166666666666667,0.0,295.2,1.3166666666666667
369533000,LIGHTNING,-90.15701034321371,28.07673496099844,interp,1.25,9.7,358.3,1.25
369552000,BLUE DOLPHIN,-90.2028381553398,29.114054563106794,interp,3.2666666666666666,0.0,245.2,3.2666666666666666
369638000,IPANEMA,-90.21152,29.1458765,interp,0.4666666666666667,0.0,175.2,0.4666666666666667
369702000,COASTAL RELIANCE,-92.38096706666667,27.626939133333334,interp,0.21666666666666667,10.7,324.7,0.21666666666666667
369970029,BEAUVAIS,-89.35235290502793,29.273398547486032,interp,0.43333333333333335,0.0,319.8,0.43333333333333335
370069000,JIPRO ISIS,-89.367,29.29790211111111,interp,0.6333333333333333,0.0,127.9,0.6333333333333333
370350000,BALSA 92,-90.08283455555556,29.917849111111114,interp,1.3666666666666667,0.0,163.4,1.3666666666666667
370574000,WELVIEW,-90.02311739130435,29.77942260869565,interp,0.2,0.0,258.3,0.2
371085000,FAIRCHEM BLADE,-89.91112277777778,29.897527222222223,interp,0.8333333333333334,0.1,135.5,0.8333333333333334
371325000,HONG KONG DAWN,-90.32635395604396,29.936971868131867,interp,0.3,0.1,107.0,0.3
371765000,WEST NEPTUNE,-89.98367,28.079,interp,0.18333333333333332,0.1,100.0,0.18333333333333332
372348000,PRT KAHO,-89.97788333333332,29.862273333333334,interp,0.38333333333333336,11.8,185.9,0.38333333333333336
372611000,PRINCESSA V,-90.0047762295082,29.82137,interp,1.4,0.0,150.8,1.4
374106000,CENTURY GOLD,-89.30844,29.06158,interp,0.38333333333333336,10.6,220.1,0.38333333333333336
374113000,MEIYU,-89.35544016666667,28.885480333333334,interp,0.05,0.0,308.9,0.05
374225000,BULK POLARIS,-89.81890936781608,29.5855441954023,interp,1.2166666666666666,0.0,142.9,1.2166666666666666
374369000,SILVER DUBAI,-89.280524,29.090576857142857,interp,0.38333333333333336,12.1,205.9,0.38333333333333336
374677000,AMIS HERO,-89.424800375,28.820940500000003,interp,0.5166666666666667,9.6,183.9,0.5166666666666667
374788000,PRELUDE,-91.29399,26.40088,unavailable,,11.6,284.7,7.316666666666666
374964000,AGRI PRINCESS,-89.98630957142858,29.93020214285714,interp,0.38333333333333336,2.3,292.1,0.38333333333333336
3791472,LUCIUS SPAR,-92.04016009174312,26.13163981651376,interp,0.16666666666666666,0.1,317.1,0.16666666666666666
403644000,ZAHRA,-90.32936044444443,29.936419555555553,interp,0.26666666666666666,0.0,53.7,0.26666666666666666
405000345,MEGHNA DREAM,-90.3633264,29.9406136,interp,1.05,0.0,292.1,1.05
413349820,QIAN KUN,-89.40648405797101,28.93756536231884,interp,0.4166666666666667,12.6,33.2,0.4166666666666667
413527660,RONG HUA WAN,-89.91218204419889,29.902922044198895,interp,1.2,0.0,161.1,1.2
414706000,ZHAO YANG FENG,-90.2634528888889,29.96836,interp,0.8666666666666667,0.0,115.1,0.8666666666666667
471706202,ALLISON_K,-90.01511,29.95121436619718,interp,0.5166666666666667,0.0,360.0,0.5166666666666667
477110600,ATLANTIC OLIVE,-91.87127,26.21309,unavailable,,11.5,327.0,9.066666666666666
477131700,SHANDONG FU HUI,-89.94037070652173,29.875067717391307,interp,1.1833333333333333,0.0,130.5,1.1833333333333333
477139500,PACIFIC WEALTH,-89.93086944444444,29.923360555555554,interp,0.16666666666666666,0.1,106.4,0.16666666666666666
477166800,UNI SUNSHINE,-89.72351,27.05725,unavailable,,13.5,10.1,19.566666666666666
477537900,UNI HARMONY,-89.97717450704225,29.701431690140847,interp,0.5,12.7,162.8,0.5
477631300,TIGER NORTH,-89.33034536312849,28.90600536312849,interp,0.8,0.0,76.5,0.8
477858900,CHALLENGE PRELUDE,-90.65494944444444,24.88849666666667,interp,0.08333333333333333,1.6,277.4,0.08333333333333333
538002511,AJAX,-89.76528,29.543366,interp,0.6,0.0,125.0,0.6
538002878,DISCOVERER INSPIRATI,-92.65699197007481,27.824698029925187,interp,1.3166666666666667,0.0,242.0,1.3166666666666667
538003197,SEAWAYS SIFNOS,-89.60677585714285,29.40934742857143,interp,0.5166666666666667,12.4,176.0,0.5166666666666667
538003434,CELSIUS MALAGA,-89.34364847645429,28.88318728531856,interp,2.55,0.0,312.4,2.55
538003526,DUBAI GLAMOUR,-89.29587,29.226067333333333,interp,0.4,0.0,168.0,0.4
538003882,DUBAI ANGEL,-89.93509083333333,28.791390833333335,interp,2.75,0.0,236.0,2.75
538003893,VALARIS EXL II,-88.66472560439561,29.290961098901096,interp,0.3333333333333333,0.0,288.9,0.3333333333333333
538004609,DEEPWATER ASGARD,-89.64809357142857,27.80736,interp,0.4166666666666667,0.0,308.2,0.4166666666666667
538004610,DEEPWATER INVICTUS,-90.14479,27.37003,unavailable,,0.0,86.2,21.833333333333332
538005118,STI FONTVIEILLE,-89.38029528571428,28.972327571428572,interp,0.48333333333333334,10.7,216.1,0.48333333333333334
538005123,DEEPWATER THALASSA,-90.77124,26.45477568,interp,3.6,0.1,99.8,3.6
538005124,DEEPWATER PROTEUS,-90.6627023166023,27.80139115830116,interp,0.5,0.0,58.6,0.5
538005126,DEEPWATER POSEIDON,-91.42332,26.71763,unavailable,,0.0,250.7,10.583333333333334
538005314,OCEAN BLACKHORNET,-90.50397,27.17014,unavailable,,0.0,70.0,17.25
538005361,OCEAN BLACKLION,-90.31728897777778,27.145981511111113,interp,2.183333333333333,0.0,191.0,2.183333333333333
538005422,RIVER SHINER,-89.59718072463768,29.393692173913045,interp,0.4166666666666667,13.0,137.3,0.4166666666666667
538005579,DEEPWATER CONQUEROR,-91.21146983367984,27.15136,interp,0.06666666666666667,0.0,82.0,0.06666666666666667
538005761,ARDMORE ENDEAVOUR,-89.82007485714286,29.590382857142856,interp,0.4,12.6,127.9,0.4
538005813,NAVE LUMINOSITY,-89.93346466666665,29.871933555555554,interp,0.5333333333333333,0.0,262.4,0.5333333333333333
538006161,ORWELL,-88.34415771428571,29.95699157142857,interp,0.48333333333333334,12.9,138.0,0.48333333333333334
538006194,DEEPWATER ATLAS,-91.57099,26.91132,unavailable,,0.0,297.5,10.7
538006477,INTERLINK AFFINITY,-89.93645714285715,29.87355857142857,interp,0.4166666666666667,0.0,122.4,0.4166666666666667
538006752,XENIA,-89.77398540983606,29.553015409836068,interp,1.4,0.0,126.3,1.4
538006982,ANTE TOPIC,-89.35163716666666,28.85611711111111,interp,1.2833333333333334,0.0,268.7,1.2833333333333334
538007227,GH URBAN SEA,-90.12255704545456,29.912558522727274,interp,1.25,0.0,248.4,1.25
538007275,SEA RUBY,-90.95405,25.34826,unavailable,,12.3,102.0,11.483333333333333
538007655,STAR DALMATIA,-92.79406695652175,28.11661739130435,interp,0.43333333333333335,7.8,319.8,0.43333333333333335
538007810,FAIRCHEM BLADE,-90.32465768802228,29.938258467966573,interp,2.3,0.0,130.8,2.3
538008044,MSXT ATHENA,-89.94817297297297,29.87891918918919,interp,1.4166666666666667,0.0,123.5,1.4166666666666667
538008083,GLORIEUSE,-90.1764229213483,29.93321584269663,interp,0.8666666666666667,0.0,125.4,0.8666666666666667
538008272,ANDIAMO,-89.42456732394365,28.91257281690141,interp,0.5,9.3,40.0,0.5
538008553,ATALANTI.GR,-90.02067866666667,29.784632666666667,interp,0.13333333333333333,0.1,44.3,0.13333333333333333
538008599,OVERSEAS SUN COAST,-89.49028,28.16602,exact,0.0,11.2,66.9,0.0
538009200,PACIFIC SAPPHIRE,-89.53738173913044,29.362536086956524,interp,0.4,13.0,103.4,0.4
538009364,SKY,-89.82360485875707,29.587764858757062,interp,1.4333333333333333,0.0,281.0,1.4333333333333333
538009699,SUBSEA RESPONDER IV,-89.60369950819673,28.93078524590164,interp,0.5,0.5,270.5,0.5
538009898,SEAWAYS EAGLE,-89.60006,29.44713,interp,0.5166666666666667,14.2,138.8,0.5166666666666667
538009901,WEST VELA,-90.11367,28.849836592797786,interp,0.23333333333333334,0.0,29.0,0.23333333333333334
538010141,SEA FRACTUS,-89.96693550724638,29.686235072463766,interp,0.5333333333333333,12.7,149.2,0.5333333333333333
548624000,CLEAROCEAN MERIBEL,-89.29248935828878,29.222181871657757,interp,0.5833333333333334,0.0,352.5,0.5833333333333334
548978000,AQUAVITA SUN,-89.35142755555555,28.898722444444445,interp,0.18333333333333332,0.1,68.6,0.18333333333333332
563005500,ATLANTIC MONTERREY,-90.12653366197183,29.910372394366195,interp,0.4166666666666667,11.5,288.3,0.4166666666666667
563025800,LOWLANDS FUTURE,-90.17828934065935,29.93175021978022,interp,0.06666666666666667,0.0,39.4,0.06666666666666667
563026400,TRAMMO CORNELL,-90.2952,29.96210633333333,interp,0.18333333333333332,0.1,162.9,0.18333333333333332
563033300,DANCING BRAVE,-90.83113,29.9986,unavailable,,11.3,348.5,27.533333333333335
563036300,LADYBOWER,-89.91920322580646,29.917102580645164,interp,0.36666666666666664,12.6,139.0,0.36666666666666664
563105500,FAIRCHEM FORTITUDE,-89.95372857142857,29.877234285714287,interp,0.5,3.3,115.9,0.5
563120600,GINGA LIGER,-90.437141,29.997319,interp,1.1,0.0,107.3,1.1
563141900,NORD ANDROMEDA,-89.286803,29.214150666666665,interp,0.7,0.0,132.1,0.7
563445000,STARLING,-89.33955345679013,28.697753456790124,interp,0.36666666666666664,0.6,320.3,0.36666666666666664
563637000,CHALLENGE PARAGON,-90.41062898876405,29.994095505617977,interp,0.8166666666666667,0.0,122.3,0.8166666666666667
563930000,CLIPPER BREEZE,-89.94376466666667,29.876781555555556,interp,1.2666666666666666,0.1,124.0,1.2666666666666666
564692000,LETO PROVIDENCE,-89.78065523076923,24.63337307692308,interp,0.48333333333333334,15.6,295.4,0.48333333333333334
566040000,ATLANTIC DREAM,-89.90942994475138,29.89387491712707,interp,1.5,0.0,201.5,1.5
566708000,CHAYANEE NAREE,-89.91339733333334,29.62199,interp,0.26666666666666666,0.0,279.2,0.26666666666666666
576299000,HOS ACHIEVER,-90.21430325,29.1426645,interp,1.55,0.0,31.0,1.55
577208000,ISLAND INTERVENTION,-90.20797734806631,29.1461226519337,interp,0.4,0.0,234.5,0.4
577263000,SUBSEA VISION,-89.96984905555554,29.25512763888889,interp,0.2833333333333333,0.0,247.9,0.2833333333333333
577358000,ISLAND VENTURE,-90.03157,27.224436893939394,interp,0.6833333333333333,0.2,95.7,0.6833333333333333
577444000,NFE SUSTAINABILITY,-91.10525,29.64665,interp,0.03333333333333333,0.0,123.5,0.03333333333333333
577446000,A'RINRA,-90.21058,29.14651,unavailable,,12.4,336.4,17.383333333333333
577447000,MADAM KALINA,-90.21008521739131,29.145764057971014,interp,0.06666666666666667,0.0,168.4,0.06666666666666667
577574000,BRIDGE MAIL,-90.38149306197965,29.5762053746531,interp,4.166666666666667,0.0,246.9,4.166666666666667
577587000,HOS TAURUS,-90.21388211581292,29.141955768374167,interp,5.9,0.0,265.5,5.9
636013156,EVRIDIKI,-89.32975617977529,28.882274269662922,interp,0.5666666666666667,0.0,272.3,0.5666666666666667
636014302,KM KEELUNG,-89.90707900000001,29.8831815,interp,0.15,0.0,206.6,0.15
636014663,ENSCO 75,-90.28546736363637,28.91239527272727,interp,0.48333333333333334,0.0,48.2,0.48333333333333334
636015112,GLOBETROTTER II,-89.28539,28.18091,interp,0.08333333333333333,0.1,131.0,0.08333333333333333
636015161,BASTILLE STREET,-91.55342,25.15144,unavailable,,10.5,280.4,20.216666666666665
636015856,NOBLE FAYE KOZACK,-88.75552075609757,28.01831924390244,interp,0.5166666666666667,0.1,124.4,0.5166666666666667
636016002,PACIFIC SHARAV,-90.16467194904459,27.53667298726115,interp,7.816666666666666,0.0,148.8,7.816666666666666
636016005,DORIC BREEZE,-89.76297311111111,29.540170777777778,interp,0.23333333333333334,0.0,126.4,0.23333333333333334
636016656,WIGEON,-89.26740666666667,29.189713333333334,interp,0.38333333333333336,10.7,157.1,0.38333333333333336
636017090,KYTHIRA I,-89.86359785714285,29.605007571428573,interp,0.5166666666666667,11.6,99.1,0.5166666666666667
636018535,BULK JAMAICA,-90.35023516666666,29.938003833333333,interp,1.45,0.1,153.1,1.45
636018870,GREEN K-MAX 5,-89.90698222222221,29.88807222222222,interp,0.4666666666666667,0.0,142.5,0.4666666666666667
636018912,MAERSK KLEVEN,-90.10944,29.91173279329609,interp,0.7166666666666667,0.0,128.5,0.7166666666666667
636019868,CMA CGM BERLIOZ,-89.36454176470588,28.87286176470588,interp,0.4666666666666667,1.8,127.0,0.4666666666666667
636020065,KEY ACTION,-89.89162206521739,29.61670793478261,interp,0.6333333333333333,0.0,279.0,0.6333333333333333
636020125,ROSTRUM,-89.33464483516482,28.871745054945055,interp,1.5,0.0,41.5,1.5
636020344,THEMIS,-89.7685045762712,29.54623457627119,interp,1.35,0.0,172.5,1.35
636020974,WECO LUCILIA C,-89.93647458563537,29.92425917127072,interp,1.3833333333333333,0.0,297.0,1.3833333333333333
636021241,FULVIA,-89.99678777777778,29.943099444444446,interp,0.16666666666666666,0.0,120.7,0.16666666666666666
636021351,HSL VARNA,-90.14196449438202,29.936773483146066,interp,1.3333333333333333,0.0,179.4,1.3333333333333333
636092195,LADY DORIS,-89.90668166666666,29.880704444444447,interp,0.16666666666666666,0.0,334.8,0.16666666666666666
636092963,JASMUND,-89.96389892045454,29.673857840909093,interp,0.31666666666666665,0.0,290.1,0.31666666666666665
