longitude,latitude
-8.871925354003906250e+01,2.792828178405761719e+01
-8.871780395507812500e+01,2.792691802978515625e+01
-8.871703338623046875e+01,2.792792510986328125e+01
-8.871957397460937500e+01,2.792657470703125000e+01
-8.871965026855468750e+01,2.792733383178710938e+01
-8.872016906738281250e+01,2.792743492126464844e+01
-8.872033691406250000e+01,2.792711830139160156e+01
-8.871875000000000000e+01,2.792838668823242188e+01
-8.871986389160156250e+01,2.792863082885742188e+01
-8.871701049804687500e+01,2.792677307128906250e+01
-8.871722412109375000e+01,2.792665100097656250e+01
-8.871781921386718750e+01,2.792783737182617188e+01
-8.871960449218750000e+01,2.792824554443359375e+01
-8.871842193603515625e+01,2.792813301086425781e+01
-8.871949768066406250e+01,2.792765808105468750e+01
-8.871920776367187500e+01,2.792662429809570312e+01
-8.872035980224609375e+01,2.792669296264648438e+01
-8.872014617919921875e+01,2.792671394348144531e+01
-8.871659851074218750e+01,2.792753219604492188e+01
-8.871952819824218750e+01,2.792654037475585938e+01
-8.871897125244140625e+01,2.792892074584960938e+01
-8.871981811523437500e+01,2.792723846435546875e+01
-8.871862030029296875e+01,2.792686080932617188e+01
-8.871691131591796875e+01,2.792699813842773438e+01
-8.872203063964843750e+01,2.792764282226562500e+01
-8.871981811523437500e+01,2.792872619628906250e+01
-8.871652221679687500e+01,2.792781257629394531e+01
-8.871759796142578125e+01,2.792725563049316406e+01
-8.871895599365234375e+01,2.792862701416015625e+01
-8.872093963623046875e+01,2.792798042297363281e+01
-8.871818542480468750e+01,2.792809677124023438e+01
-8.871939849853515625e+01,2.792827415466308594e+01
-8.871942901611328125e+01,2.792873001098632812e+01
-8.871712493896484375e+01,2.792662048339843750e+01
-8.871707153320312500e+01,2.792754745483398438e+01
-8.871818542480468750e+01,2.792840576171875000e+01
-8.871960449218750000e+01,2.792757797241210938e+01
-8.871947479248046875e+01,2.792786788940429688e+01
-8.872028350830078125e+01,2.792839241027832031e+01
-8.871829223632812500e+01,2.792805099487304688e+01
-8.871949768066406250e+01,2.792766380310058594e+01
-8.872134399414062500e+01,2.792766761779785156e+01
-8.871983337402343750e+01,2.792767524719238281e+01
-8.872100830078125000e+01,2.792819595336914062e+01
-8.871891021728515625e+01,2.792701339721679688e+01
-8.871836090087890625e+01,2.792795181274414062e+01
-8.871904754638671875e+01,2.792809867858886719e+01
-8.871848297119140625e+01,2.792833137512207031e+01
-8.871881103515625000e+01,2.792661857604980469e+01
-8.871671295166015625e+01,2.792758941650390625e+01
-8.872046661376953125e+01,2.792799568176269531e+01
-8.871798706054687500e+01,2.792829132080078125e+01
-8.871846008300781250e+01,2.792722702026367188e+01
-8.871791076660156250e+01,2.792680168151855469e+01
-8.872042846679687500e+01,2.792791748046875000e+01
-8.872202301025390625e+01,2.792807388305664062e+01
-8.872087860107421875e+01,2.792770004272460938e+01
-8.871974945068359375e+01,2.792635154724121094e+01
-8.872082519531250000e+01,2.792825889587402344e+01
-8.871822357177734375e+01,2.792839431762695312e+01
-8.871765899658203125e+01,2.792779731750488281e+01
-8.871914672851562500e+01,2.792671203613281250e+01
-8.871698760986328125e+01,2.792644691467285156e+01
-8.872010803222656250e+01,2.792835998535156250e+01
-8.872081756591796875e+01,2.792840576171875000e+01
-8.872102355957031250e+01,2.792751121520996094e+01
-8.871695709228515625e+01,2.792761802673339844e+01
-8.872058868408203125e+01,2.792743682861328125e+01
-8.871943664550781250e+01,2.792723083496093750e+01
-8.871841430664062500e+01,2.792702102661132812e+01
-8.871698760986328125e+01,2.792766189575195312e+01
-8.871862030029296875e+01,2.792749404907226562e+01
-8.872049713134765625e+01,2.792810630798339844e+01
-8.871770477294921875e+01,2.792814826965332031e+01
-8.871940612792968750e+01,2.792831420898437500e+01
-8.872216796875000000e+01,2.792778396606445312e+01
-8.872154998779296875e+01,2.792754364013671875e+01
-8.872068786621093750e+01,2.792686271667480469e+01
-8.872116088867187500e+01,2.792793273925781250e+01
-8.871710205078125000e+01,2.792655944824218750e+01
-8.871694946289062500e+01,2.792659568786621094e+01
-8.871797180175781250e+01,2.792700767517089844e+01
-8.871778869628906250e+01,2.792713356018066406e+01
-8.871992492675781250e+01,2.792791366577148438e+01
-8.871835327148437500e+01,2.792869377136230469e+01
-8.871951293945312500e+01,2.792669486999511719e+01
-8.871773529052734375e+01,2.792686653137207031e+01
-8.872093200683593750e+01,2.792836952209472656e+01
-8.871642303466796875e+01,2.792683410644531250e+01
-8.871984100341796875e+01,2.792858505249023438e+01
-8.871675109863281250e+01,2.792718696594238281e+01
-8.871788024902343750e+01,2.792700958251953125e+01
-8.872128295898437500e+01,2.792763519287109375e+01
-8.871868133544921875e+01,2.792835998535156250e+01
-8.871975708007812500e+01,2.792649459838867188e+01
-8.871796417236328125e+01,2.792823410034179688e+01
-8.872039794921875000e+01,2.792745208740234375e+01
-8.871698760986328125e+01,2.792678070068359375e+01
-8.871997070312500000e+01,2.792810249328613281e+01
-8.871857452392578125e+01,2.792647552490234375e+01
-8.872007751464843750e+01,2.792844772338867188e+01
-8.871788024902343750e+01,2.792815208435058594e+01
-8.871905517578125000e+01,2.792731285095214844e+01
-8.871961975097656250e+01,2.792674827575683594e+01
-8.871663665771484375e+01,2.792791557312011719e+01
-8.872101593017578125e+01,2.792811012268066406e+01
-8.871861267089843750e+01,2.792807006835937500e+01
-8.872172546386718750e+01,2.792834281921386719e+01
-8.871935272216796875e+01,2.792721557617187500e+01
-8.872074127197265625e+01,2.792694473266601562e+01
-8.872052001953125000e+01,2.792670059204101562e+01
-8.872148132324218750e+01,2.792746925354003906e+01
-8.871775817871093750e+01,2.792726707458496094e+01
-8.871962738037109375e+01,2.792751312255859375e+01
-8.871894836425781250e+01,2.792705154418945312e+01
-8.871939086914062500e+01,2.792842483520507812e+01
-8.871833801269531250e+01,2.792763328552246094e+01
-8.872158050537109375e+01,2.792806434631347656e+01
-8.871789550781250000e+01,2.792711067199707031e+01
-8.871628570556640625e+01,2.792716789245605469e+01
-8.872196197509765625e+01,2.792818641662597656e+01
-8.871710968017578125e+01,2.792725563049316406e+01
-8.871824645996093750e+01,2.792783164978027344e+01
-8.872032165527343750e+01,2.792677879333496094e+01
-8.872203826904296875e+01,2.792829322814941406e+01
-8.871846771240234375e+01,2.792843818664550781e+01
-8.872047424316406250e+01,2.792755508422851562e+01
-8.871881866455078125e+01,2.792824363708496094e+01
-8.871951293945312500e+01,2.792869949340820312e+01
-8.871712493896484375e+01,2.792761230468750000e+01
-8.872052764892578125e+01,2.792731285095214844e+01
-8.871840667724609375e+01,2.792647361755371094e+01
-8.872070312500000000e+01,2.792790794372558594e+01
-8.871681213378906250e+01,2.792692375183105469e+01
-8.871735382080078125e+01,2.792821121215820312e+01
-8.872027587890625000e+01,2.792826652526855469e+01
-8.871953582763671875e+01,2.792829704284667969e+01
-8.871827697753906250e+01,2.792859840393066406e+01
-8.871820831298828125e+01,2.792694091796875000e+01
-8.871784210205078125e+01,2.792794609069824219e+01
-8.871884155273437500e+01,2.792884826660156250e+01
-8.871643066406250000e+01,2.792705917358398438e+01
-8.872131347656250000e+01,2.792829704284667969e+01
-8.871907043457031250e+01,2.792719650268554688e+01
-8.871993255615234375e+01,2.792694091796875000e+01
-8.871763610839843750e+01,2.792785263061523438e+01
-8.871726226806640625e+01,2.792781066894531250e+01
-8.871788787841796875e+01,2.792801284790039062e+01
-8.872019958496093750e+01,2.792724990844726562e+01
-8.871842193603515625e+01,2.792763519287109375e+01
-8.871875000000000000e+01,2.792758369445800781e+01
-8.871957397460937500e+01,2.792736244201660156e+01
-8.871702575683593750e+01,2.792668533325195312e+01
-8.871871185302734375e+01,2.792793846130371094e+01
-8.872021484375000000e+01,2.792782974243164062e+01
-8.871845245361328125e+01,2.792777252197265625e+01
-8.871791076660156250e+01,2.792793273925781250e+01
-8.871701049804687500e+01,2.792708969116210938e+01
-8.871884918212890625e+01,2.792727851867675781e+01
-8.871734619140625000e+01,2.792703247070312500e+01
-8.871950531005859375e+01,2.792642593383789062e+01
-8.871910858154296875e+01,2.792684936523437500e+01
-8.871697235107421875e+01,2.792766571044921875e+01
-8.871965789794921875e+01,2.792677116394042969e+01
-8.871836090087890625e+01,2.792766189575195312e+01
-8.872183227539062500e+01,2.792810630798339844e+01
-8.872062683105468750e+01,2.792792892456054688e+01
-8.872092437744140625e+01,2.792729377746582031e+01
-8.872019958496093750e+01,2.792682456970214844e+01
-8.871902465820312500e+01,2.792749977111816406e+01
-8.871819305419921875e+01,2.792801475524902344e+01
-8.872187042236328125e+01,2.792831230163574219e+01
-8.871812438964843750e+01,2.792694473266601562e+01
-8.871831512451171875e+01,2.792766952514648438e+01
-8.871772003173828125e+01,2.792736244201660156e+01
-8.872009277343750000e+01,2.792723655700683594e+01
-8.871697235107421875e+01,2.792788696289062500e+01
-8.872012329101562500e+01,2.792823600769042969e+01
-8.872029113769531250e+01,2.792700576782226562e+01
-8.872003936767578125e+01,2.792707824707031250e+01
-8.872022247314453125e+01,2.792845916748046875e+01
-8.871889495849609375e+01,2.792653274536132812e+01
-8.872109985351562500e+01,2.792827415466308594e+01
-8.872101593017578125e+01,2.792783737182617188e+01
-8.871833038330078125e+01,2.792708206176757812e+01
-8.872153472900390625e+01,2.792790222167968750e+01
-8.871817779541015625e+01,2.792790031433105469e+01
-8.872040557861328125e+01,2.792774963378906250e+01
-8.871957397460937500e+01,2.792701911926269531e+01
-8.872126007080078125e+01,2.792747879028320312e+01
-8.871712493896484375e+01,2.792702865600585938e+01
-8.872119140625000000e+01,2.792829895019531250e+01
-8.871667480468750000e+01,2.792712211608886719e+01
-8.871944427490234375e+01,2.792874717712402344e+01
-8.871692657470703125e+01,2.792762374877929688e+01
-8.871639251708984375e+01,2.792707443237304688e+01
-8.871685791015625000e+01,2.792781448364257812e+01
-8.871857452392578125e+01,2.792849731445312500e+01
-8.871842956542968750e+01,2.792640304565429688e+01
-8.872063446044921875e+01,2.792753791809082031e+01
-8.871788787841796875e+01,2.792842674255371094e+01
-8.871997833251953125e+01,2.792679023742675781e+01
-8.871660614013671875e+01,2.792699241638183594e+01
-8.871887207031250000e+01,2.792708778381347656e+01
-8.871791839599609375e+01,2.792696571350097656e+01
-8.872141265869140625e+01,2.792751884460449219e+01
-8.871751403808593750e+01,2.792701530456542969e+01
-8.871943664550781250e+01,2.792788696289062500e+01
-8.871698760986328125e+01,2.792749214172363281e+01
-8.872034454345703125e+01,2.792784500122070312e+01
-8.872126007080078125e+01,2.792767906188964844e+01
-8.871885681152343750e+01,2.792710494995117188e+01
-8.871887207031250000e+01,2.792640113830566406e+01
-8.871936035156250000e+01,2.792735481262207031e+01
-8.871993255615234375e+01,2.792856597900390625e+01
-8.871984100341796875e+01,2.792703819274902344e+01
-8.871791839599609375e+01,2.792699241638183594e+01
-8.872052001953125000e+01,2.792690277099609375e+01
-8.872022247314453125e+01,2.792830467224121094e+01
-8.871771240234375000e+01,2.792830467224121094e+01
-8.871965026855468750e+01,2.792857933044433594e+01
-8.872103881835937500e+01,2.792771911621093750e+01
-8.871675109863281250e+01,2.792785835266113281e+01
-8.871658325195312500e+01,2.792667579650878906e+01
-8.871788787841796875e+01,2.792662620544433594e+01
-8.871836090087890625e+01,2.792789459228515625e+01
-8.872058868408203125e+01,2.792739105224609375e+01
-8.871903228759765625e+01,2.792898941040039062e+01
-8.871893310546875000e+01,2.792793464660644531e+01
-8.871970367431640625e+01,2.792655563354492188e+01
-8.871702575683593750e+01,2.792682838439941406e+01
-8.871885681152343750e+01,2.792716407775878906e+01
-8.871997833251953125e+01,2.792739295959472656e+01
-8.871704864501953125e+01,2.792703056335449219e+01
-8.872055053710937500e+01,2.792764854431152344e+01
-8.871846771240234375e+01,2.792779350280761719e+01
-8.871733856201171875e+01,2.792779922485351562e+01
-8.872006225585937500e+01,2.792836380004882812e+01
-8.871753692626953125e+01,2.792729187011718750e+01
-8.871907043457031250e+01,2.792697525024414062e+01
-8.871637725830078125e+01,2.792741394042968750e+01
-8.871930694580078125e+01,2.792650222778320312e+01
-8.871887969970703125e+01,2.792789649963378906e+01
-8.872196960449218750e+01,2.792775154113769531e+01
-8.871968078613281250e+01,2.792850112915039062e+01
-8.871665954589843750e+01,2.792779731750488281e+01
-8.871884155273437500e+01,2.792766189575195312e+01
-8.871841430664062500e+01,2.792833328247070312e+01
-8.871781158447265625e+01,2.792825126647949219e+01
-8.871683502197265625e+01,2.792785644531250000e+01
-8.871737670898437500e+01,2.792788124084472656e+01
-8.871897888183593750e+01,2.792804336547851562e+01
-8.871907043457031250e+01,2.792824745178222656e+01
-8.871687316894531250e+01,2.792664718627929688e+01
-8.871920013427734375e+01,2.792763710021972656e+01
-8.872186279296875000e+01,2.792793273925781250e+01
-8.872134399414062500e+01,2.792810440063476562e+01
-8.871764373779296875e+01,2.792709732055664062e+01
-8.871921539306640625e+01,2.792772102355957031e+01
-8.872192382812500000e+01,2.792811775207519531e+01
-8.871820068359375000e+01,2.792857360839843750e+01
-8.871810913085937500e+01,2.792850875854492188e+01
-8.871846008300781250e+01,2.792665863037109375e+01
-8.871694183349609375e+01,2.792649650573730469e+01
-8.872166442871093750e+01,2.792826080322265625e+01
-8.871723175048828125e+01,2.792747879028320312e+01
-8.871720886230468750e+01,2.792689514160156250e+01
-8.872048950195312500e+01,2.792833709716796875e+01
-8.871804046630859375e+01,2.792835998535156250e+01
-8.871993255615234375e+01,2.792761611938476562e+01
-8.871785736083984375e+01,2.792719459533691406e+01
-8.872044372558593750e+01,2.792778015136718750e+01
-8.871778106689453125e+01,2.792765617370605469e+01
-8.871657562255859375e+01,2.792774200439453125e+01
-8.872029113769531250e+01,2.792683792114257812e+01
-8.872040557861328125e+01,2.792724418640136719e+01
-8.871943664550781250e+01,2.792786026000976562e+01
-8.872087097167968750e+01,2.792768478393554688e+01
-8.871897888183593750e+01,2.792707061767578125e+01
-8.871913909912109375e+01,2.792689132690429688e+01
-8.871923828125000000e+01,2.792764282226562500e+01
-8.871775817871093750e+01,2.792753219604492188e+01
-8.871697998046875000e+01,2.792715263366699219e+01
-8.871768188476562500e+01,2.792793846130371094e+01
-8.872196960449218750e+01,2.792834472656250000e+01
-8.872088623046875000e+01,2.792712974548339844e+01
-8.871894836425781250e+01,2.792728996276855469e+01
-8.871947479248046875e+01,2.792645835876464844e+01
-8.871763610839843750e+01,2.792683982849121094e+01
-8.871806335449218750e+01,2.792727279663085938e+01
-8.871983337402343750e+01,2.792701339721679688e+01
-8.871968078613281250e+01,2.792784690856933594e+01
-8.871939086914062500e+01,2.792657470703125000e+01
-8.872135925292968750e+01,2.792761230468750000e+01
-8.872168731689453125e+01,2.792793464660644531e+01
-8.871774291992187500e+01,2.792834472656250000e+01
-8.871930694580078125e+01,2.792668342590332031e+01
-8.872091674804687500e+01,2.792839241027832031e+01
-8.872192382812500000e+01,2.792819213867187500e+01
-8.871979522705078125e+01,2.792767906188964844e+01
-8.871938323974609375e+01,2.792657661437988281e+01
-8.871858215332031250e+01,2.792807960510253906e+01
-8.872023010253906250e+01,2.792783355712890625e+01
-8.871910095214843750e+01,2.792749595642089844e+01
-8.871994781494140625e+01,2.792780876159667969e+01
-8.871845245361328125e+01,2.792828559875488281e+01
-8.871802520751953125e+01,2.792658424377441406e+01
-8.871962738037109375e+01,2.792731857299804688e+01
-8.872014617919921875e+01,2.792812538146972656e+01
-8.872205352783203125e+01,2.792774009704589844e+01
-8.872187805175781250e+01,2.792802619934082031e+01
-8.871855926513671875e+01,2.792782592773437500e+01
-8.872080230712890625e+01,2.792811393737792969e+01
-8.871881103515625000e+01,2.792800331115722656e+01
-8.871720123291015625e+01,2.792744827270507812e+01
-8.872000885009765625e+01,2.792736434936523438e+01
-8.871958923339843750e+01,2.792885017395019531e+01
-8.871973419189453125e+01,2.792789649963378906e+01
-8.872000885009765625e+01,2.792665100097656250e+01
-8.871795654296875000e+01,2.792843627929687500e+01
-8.871921539306640625e+01,2.792746353149414062e+01
-8.871826171875000000e+01,2.792858314514160156e+01
-8.871997070312500000e+01,2.792843246459960938e+01
-8.871918487548828125e+01,2.792751884460449219e+01
-8.871998596191406250e+01,2.792691421508789062e+01
-8.871768188476562500e+01,2.792827606201171875e+01
-8.871984863281250000e+01,2.792762947082519531e+01
-8.872145843505859375e+01,2.792829132080078125e+01
-8.871787261962890625e+01,2.792767524719238281e+01
-8.871695709228515625e+01,2.792716789245605469e+01
-8.871974182128906250e+01,2.792787361145019531e+01
-8.871991729736328125e+01,2.792702674865722656e+01
-8.871710205078125000e+01,2.792778205871582031e+01
-8.871653747558593750e+01,2.792679977416992188e+01
-8.871782684326171875e+01,2.792750167846679688e+01
-8.871839904785156250e+01,2.792845153808593750e+01
-8.871664428710937500e+01,2.792724227905273438e+01
-8.872187805175781250e+01,2.792849922180175781e+01
-8.871841430664062500e+01,2.792771339416503906e+01
-8.871883392333984375e+01,2.792773246765136719e+01
-8.871845245361328125e+01,2.792690467834472656e+01
-8.871847534179687500e+01,2.792716789245605469e+01
-8.871850585937500000e+01,2.792765808105468750e+01
-8.871721649169921875e+01,2.792706298828125000e+01
-8.871759033203125000e+01,2.792812538146972656e+01
-8.871862792968750000e+01,2.792822074890136719e+01
-8.872036743164062500e+01,2.792791557312011719e+01
-8.871765136718750000e+01,2.792792701721191406e+01
-8.871688842773437500e+01,2.792660903930664062e+01
-8.871962738037109375e+01,2.792674255371093750e+01
-8.872014617919921875e+01,2.792730522155761719e+01
-8.871951293945312500e+01,2.792659378051757812e+01
-8.871912384033203125e+01,2.792757225036621094e+01
-8.871855926513671875e+01,2.792728042602539062e+01
-8.871640777587890625e+01,2.792779731750488281e+01
-8.871865844726562500e+01,2.792815208435058594e+01
-8.871971130371093750e+01,2.792806053161621094e+01
-8.871688079833984375e+01,2.792717170715332031e+01
-8.872196197509765625e+01,2.792781257629394531e+01
-8.871868896484375000e+01,2.792646980285644531e+01
-8.871642303466796875e+01,2.792774009704589844e+01
-8.872060394287109375e+01,2.792713165283203125e+01
-8.871996307373046875e+01,2.792811965942382812e+01
-8.872042083740234375e+01,2.792705154418945312e+01
-8.872061157226562500e+01,2.792751121520996094e+01
-8.871659851074218750e+01,2.792727851867675781e+01
-8.872016143798828125e+01,2.792674827575683594e+01
-8.871815490722656250e+01,2.792676734924316406e+01
-8.872177124023437500e+01,2.792846870422363281e+01
-8.871903991699218750e+01,2.792823028564453125e+01
-8.872037506103515625e+01,2.792828178405761719e+01
-8.871865081787109375e+01,2.792710304260253906e+01
-8.871863555908203125e+01,2.792767906188964844e+01
-8.871791076660156250e+01,2.792759132385253906e+01
-8.871934509277343750e+01,2.792701339721679688e+01
-8.871691894531250000e+01,2.792676544189453125e+01
-8.872044372558593750e+01,2.792725944519042969e+01
-8.872011566162109375e+01,2.792872238159179688e+01
-8.871981048583984375e+01,2.792862319946289062e+01
-8.871649169921875000e+01,2.792675781250000000e+01
-8.871784973144531250e+01,2.792831039428710938e+01
-8.872136688232421875e+01,2.792787742614746094e+01
-8.872171783447265625e+01,2.792832756042480469e+01
-8.871971893310546875e+01,2.792868041992187500e+01
-8.871781921386718750e+01,2.792774009704589844e+01
-8.872017669677734375e+01,2.792745018005371094e+01
-8.871859741210937500e+01,2.792709159851074219e+01
-8.871709442138671875e+01,2.792712593078613281e+01
-8.871789550781250000e+01,2.792833328247070312e+01
-8.871987915039062500e+01,2.792728614807128906e+01
-8.872026062011718750e+01,2.792848587036132812e+01
-8.872025299072265625e+01,2.792673301696777344e+01
-8.871641540527343750e+01,2.792779922485351562e+01
-8.871878814697265625e+01,2.792870903015136719e+01
-8.872192382812500000e+01,2.792799377441406250e+01
-8.871652984619140625e+01,2.792760658264160156e+01
-8.871852874755859375e+01,2.792642593383789062e+01
-8.871876525878906250e+01,2.792650604248046875e+01
-8.871716308593750000e+01,2.792693710327148438e+01
-8.871741485595703125e+01,2.792766761779785156e+01
-8.872127532958984375e+01,2.792731094360351562e+01
-8.871810150146484375e+01,2.792744255065917969e+01
-8.871694946289062500e+01,2.792665290832519531e+01
-8.871776580810546875e+01,2.792782783508300781e+01
-8.871794128417968750e+01,2.792645835876464844e+01
-8.871813964843750000e+01,2.792862892150878906e+01
-8.871649169921875000e+01,2.792727088928222656e+01
-8.872186279296875000e+01,2.792808341979980469e+01
-8.872128295898437500e+01,2.792794990539550781e+01
-8.871903228759765625e+01,2.792650413513183594e+01
-8.871689605712890625e+01,2.792656135559082031e+01
-8.871643066406250000e+01,2.792748260498046875e+01
-8.871727752685546875e+01,2.792667579650878906e+01
-8.871778869628906250e+01,2.792679786682128906e+01
-8.871996307373046875e+01,2.792670440673828125e+01
-8.872030639648437500e+01,2.792734146118164062e+01
-8.871705627441406250e+01,2.792672920227050781e+01
-8.871820068359375000e+01,2.792749595642089844e+01
-8.872060394287109375e+01,2.792712211608886719e+01
-8.871945190429687500e+01,2.792783546447753906e+01
-8.871939086914062500e+01,2.792816162109375000e+01
-8.871771240234375000e+01,2.792753219604492188e+01
-8.871704101562500000e+01,2.792654228210449219e+01
-8.871903991699218750e+01,2.792875671386718750e+01
-8.871833801269531250e+01,2.792727279663085938e+01
-8.871759796142578125e+01,2.792712211608886719e+01
-8.871875762939453125e+01,2.792835617065429688e+01
-8.872064971923828125e+01,2.792739868164062500e+01
-8.871741485595703125e+01,2.792752456665039062e+01
-8.872014617919921875e+01,2.792803382873535156e+01
-8.871900177001953125e+01,2.792844963073730469e+01
-8.871872711181640625e+01,2.792702674865722656e+01
-8.871693420410156250e+01,2.792742156982421875e+01
-8.871642303466796875e+01,2.792695426940917969e+01
-8.871902465820312500e+01,2.792860603332519531e+01
-8.871752166748046875e+01,2.792814254760742188e+01
-8.871950531005859375e+01,2.792795372009277344e+01
-8.871955108642578125e+01,2.792719650268554688e+01
-8.871821594238281250e+01,2.792686843872070312e+01
-8.872191619873046875e+01,2.792796134948730469e+01
-8.871671295166015625e+01,2.792694091796875000e+01
-8.871665191650390625e+01,2.792801475524902344e+01
-8.871750640869140625e+01,2.792820358276367188e+01
-8.872000885009765625e+01,2.792835998535156250e+01
-8.871646118164062500e+01,2.792693901062011719e+01
-8.871975708007812500e+01,2.792794990539550781e+01
-8.871923065185546875e+01,2.792663002014160156e+01
-8.871992492675781250e+01,2.792821502685546875e+01
-8.871914672851562500e+01,2.792695999145507812e+01
-8.872125244140625000e+01,2.792791557312011719e+01
-8.872040557861328125e+01,2.792840576171875000e+01
-8.871765136718750000e+01,2.792780494689941406e+01
-8.871827697753906250e+01,2.792803001403808594e+01
-8.871847534179687500e+01,2.792697143554687500e+01
-8.871705627441406250e+01,2.792796325683593750e+01
-8.872046661376953125e+01,2.792756462097167969e+01
-8.872077178955078125e+01,2.792722320556640625e+01
-8.871912384033203125e+01,2.792676353454589844e+01
-8.871648406982421875e+01,2.792681694030761719e+01
-8.871864318847656250e+01,2.792808723449707031e+01
-8.872076416015625000e+01,2.792691040039062500e+01
-8.872039031982421875e+01,2.792689323425292969e+01
-8.872066497802734375e+01,2.792810058593750000e+01
-8.871728515625000000e+01,2.792791748046875000e+01
-8.871910858154296875e+01,2.792759895324707031e+01
-8.872092437744140625e+01,2.792846298217773438e+01
-8.871839141845703125e+01,2.792753410339355469e+01
-8.871737670898437500e+01,2.792674255371093750e+01
-8.872196960449218750e+01,2.792810440063476562e+01
-8.871804046630859375e+01,2.792671775817871094e+01
-8.872174835205078125e+01,2.792764091491699219e+01
-8.872048950195312500e+01,2.792829704284667969e+01
-8.871871948242187500e+01,2.792834091186523438e+01
-8.871855163574218750e+01,2.792756271362304688e+01
-8.871820831298828125e+01,2.792849922180175781e+01
-8.871691131591796875e+01,2.792696380615234375e+01
-8.871863555908203125e+01,2.792773628234863281e+01
-8.871744537353515625e+01,2.792668533325195312e+01
-8.871965789794921875e+01,2.792716026306152344e+01
-8.872105407714843750e+01,2.792817878723144531e+01
-8.871782684326171875e+01,2.792679214477539062e+01
-8.872104644775390625e+01,2.792786407470703125e+01
-8.872058105468750000e+01,2.792770385742187500e+01
-8.871893310546875000e+01,2.792793846130371094e+01
-8.871882629394531250e+01,2.792847824096679688e+01
-8.871965026855468750e+01,2.792671012878417969e+01
-8.871722412109375000e+01,2.792665481567382812e+01
-8.871901702880859375e+01,2.792754173278808594e+01
-8.871824645996093750e+01,2.792651748657226562e+01
-8.871935272216796875e+01,2.792746543884277344e+01
-8.872131347656250000e+01,2.792729949951171875e+01
-8.872004699707031250e+01,2.792762374877929688e+01
-8.871735382080078125e+01,2.792749786376953125e+01
-8.871772766113281250e+01,2.792824745178222656e+01
-8.871945953369140625e+01,2.792704963684082031e+01
-8.871965026855468750e+01,2.792691993713378906e+01
-8.872019195556640625e+01,2.792724418640136719e+01
-8.871817016601562500e+01,2.792815208435058594e+01
-8.872111511230468750e+01,2.792767715454101562e+01
-8.871921539306640625e+01,2.792827224731445312e+01
-8.871898651123046875e+01,2.792788124084472656e+01
-8.871949005126953125e+01,2.792828559875488281e+01
-8.871840667724609375e+01,2.792845535278320312e+01
-8.871898651123046875e+01,2.792721557617187500e+01
-8.872083282470703125e+01,2.792733764648437500e+01
-8.871681976318359375e+01,2.792727279663085938e+01
-8.871693420410156250e+01,2.792722892761230469e+01
-8.871891021728515625e+01,2.792693901062011719e+01
-8.871895599365234375e+01,2.792642784118652344e+01
-8.871910095214843750e+01,2.792732620239257812e+01
-8.872037506103515625e+01,2.792773246765136719e+01
-8.871958923339843750e+01,2.792787933349609375e+01
-8.871805572509765625e+01,2.792711448669433594e+01
-8.872158813476562500e+01,2.792837524414062500e+01
-8.871842956542968750e+01,2.792709159851074219e+01
-8.872144317626953125e+01,2.792813873291015625e+01
-8.871920776367187500e+01,2.792773246765136719e+01
-8.871957397460937500e+01,2.792670822143554688e+01
-8.872046661376953125e+01,2.792794990539550781e+01
-8.871768188476562500e+01,2.792828750610351562e+01
-8.871717834472656250e+01,2.792774200439453125e+01
-8.871742248535156250e+01,2.792811203002929688e+01
-8.871733093261718750e+01,2.792673492431640625e+01
-8.871895599365234375e+01,2.792695045471191406e+01
-8.871887969970703125e+01,2.792775917053222656e+01
-8.871939849853515625e+01,2.792657852172851562e+01
-8.872013092041015625e+01,2.792693138122558594e+01
-8.871923065185546875e+01,2.792824745178222656e+01
-8.871949768066406250e+01,2.792863082885742188e+01
-8.872045898437500000e+01,2.792828178405761719e+01
-8.871816253662109375e+01,2.792844581604003906e+01
-8.871843719482421875e+01,2.792671585083007812e+01
-8.872027587890625000e+01,2.792853927612304688e+01
-8.872019195556640625e+01,2.792751693725585938e+01
-8.871842193603515625e+01,2.792698860168457031e+01
-8.871747589111328125e+01,2.792817878723144531e+01
-8.871758270263671875e+01,2.792805099487304688e+01
-8.872205352783203125e+01,2.792838859558105469e+01
-8.871836090087890625e+01,2.792792129516601562e+01
-8.871746826171875000e+01,2.792681694030761719e+01
-8.871767425537109375e+01,2.792798805236816406e+01
-8.872160339355468750e+01,2.792784690856933594e+01
-8.871925354003906250e+01,2.792717552185058594e+01
-8.871805572509765625e+01,2.792650222778320312e+01
-8.871971893310546875e+01,2.792684173583984375e+01
-8.871683502197265625e+01,2.792679977416992188e+01
-8.871871185302734375e+01,2.792861747741699219e+01
-8.871779632568359375e+01,2.792723274230957031e+01
-8.872106933593750000e+01,2.792752075195312500e+01
-8.872025299072265625e+01,2.792725563049316406e+01
-8.871722412109375000e+01,2.792770195007324219e+01
-8.871920776367187500e+01,2.792884445190429688e+01
-8.871750640869140625e+01,2.792815017700195312e+01
-8.872001647949218750e+01,2.792795944213867188e+01
-8.871910095214843750e+01,2.792895126342773438e+01
-8.871691894531250000e+01,2.792673492431640625e+01
-8.871874237060546875e+01,2.792818069458007812e+01
-8.871815490722656250e+01,2.792682647705078125e+01
-8.871761322021484375e+01,2.792691612243652344e+01
-8.872152709960937500e+01,2.792780113220214844e+01
-8.871739959716796875e+01,2.792684173583984375e+01
-8.872033691406250000e+01,2.792825317382812500e+01
-8.872037506103515625e+01,2.792658424377441406e+01
-8.871881866455078125e+01,2.792763900756835938e+01
-8.871681976318359375e+01,2.792672348022460938e+01
-8.871971130371093750e+01,2.792726135253906250e+01
-8.872018432617187500e+01,2.792703819274902344e+01
-8.872129821777343750e+01,2.792819786071777344e+01
-8.871949768066406250e+01,2.792744445800781250e+01
-8.871989440917968750e+01,2.792818450927734375e+01
-8.871798706054687500e+01,2.792728996276855469e+01
-8.872121429443359375e+01,2.792809295654296875e+01
-8.871995544433593750e+01,2.792703247070312500e+01
-8.871842956542968750e+01,2.792673301696777344e+01
-8.872040557861328125e+01,2.792740821838378906e+01
-8.871885681152343750e+01,2.792816543579101562e+01
-8.871710205078125000e+01,2.792720222473144531e+01
-8.871750640869140625e+01,2.792809677124023438e+01
-8.871804809570312500e+01,2.792756271362304688e+01
-8.871631622314453125e+01,2.792711257934570312e+01
-8.871817779541015625e+01,2.792842483520507812e+01
-8.871834564208984375e+01,2.792826652526855469e+01
-8.871929168701171875e+01,2.792660713195800781e+01
-8.871792602539062500e+01,2.792714691162109375e+01
-8.872185516357421875e+01,2.792796325683593750e+01
-8.872125244140625000e+01,2.792818260192871094e+01
-8.872054290771484375e+01,2.792834281921386719e+01
-8.871920776367187500e+01,2.792688751220703125e+01
-8.871957397460937500e+01,2.792881202697753906e+01
-8.872090911865234375e+01,2.792768859863281250e+01
-8.871854400634765625e+01,2.792669105529785156e+01
-8.872072601318359375e+01,2.792699241638183594e+01
-8.871968841552734375e+01,2.792685508728027344e+01
-8.871986389160156250e+01,2.792775726318359375e+01
-8.872012329101562500e+01,2.792672348022460938e+01
-8.871868896484375000e+01,2.792815399169921875e+01
-8.872096252441406250e+01,2.792824172973632812e+01
-8.871820831298828125e+01,2.792770004272460938e+01
-8.872029113769531250e+01,2.792849349975585938e+01
-8.871768188476562500e+01,2.792738723754882812e+01
-8.871858215332031250e+01,2.792652320861816406e+01
-8.871643066406250000e+01,2.792741775512695312e+01
-8.871823883056640625e+01,2.792836189270019531e+01
-8.872048950195312500e+01,2.792725563049316406e+01
-8.871825408935546875e+01,2.792771148681640625e+01
-8.871763610839843750e+01,2.792736434936523438e+01
-8.871886444091796875e+01,2.792882156372070312e+01
-8.871833801269531250e+01,2.792835807800292969e+01
-8.871742248535156250e+01,2.792812347412109375e+01
-8.871900177001953125e+01,2.792692565917968750e+01
-8.871998596191406250e+01,2.792656898498535156e+01
-8.871883392333984375e+01,2.792655372619628906e+01
-8.871888732910156250e+01,2.792664337158203125e+01
-8.871920013427734375e+01,2.792686080932617188e+01
-8.871960449218750000e+01,2.792666625976562500e+01
-8.871907043457031250e+01,2.792685699462890625e+01
-8.871792602539062500e+01,2.792653083801269531e+01
-8.871796417236328125e+01,2.792823410034179688e+01
-8.872142028808593750e+01,2.792743492126464844e+01
-8.871779632568359375e+01,2.792714500427246094e+01
-8.871856689453125000e+01,2.792680168151855469e+01
-8.871787261962890625e+01,2.792798233032226562e+01
-8.872069549560546875e+01,2.792695236206054688e+01
-8.871877288818359375e+01,2.792863464355468750e+01
-8.871932220458984375e+01,2.792882347106933594e+01
-8.871871185302734375e+01,2.792869758605957031e+01
-8.871770477294921875e+01,2.792838859558105469e+01
-8.871893310546875000e+01,2.792766952514648438e+01
-8.871703338623046875e+01,2.792784690856933594e+01
-8.871684265136718750e+01,2.792702293395996094e+01
-8.871810150146484375e+01,2.792663002014160156e+01
-8.871884155273437500e+01,2.792676925659179688e+01
-8.872080993652343750e+01,2.792683410644531250e+01
-8.871652984619140625e+01,2.792683410644531250e+01
-8.871972656250000000e+01,2.792660140991210938e+01
-8.871849822998046875e+01,2.792796516418457031e+01
-8.871690368652343750e+01,2.792725944519042969e+01
-8.872211456298828125e+01,2.792792320251464844e+01
-8.871887207031250000e+01,2.792813110351562500e+01
-8.872034454345703125e+01,2.792789268493652344e+01
-8.871842956542968750e+01,2.792855834960937500e+01
-8.872142028808593750e+01,2.792764663696289062e+01
-8.872028350830078125e+01,2.792687606811523438e+01
-8.872093963623046875e+01,2.792708587646484375e+01
-8.871973419189453125e+01,2.792727088928222656e+01
-8.871769714355468750e+01,2.792809677124023438e+01
-8.871793365478515625e+01,2.792826080322265625e+01
-8.871968078613281250e+01,2.792704391479492188e+01
-8.872013854980468750e+01,2.792819404602050781e+01
-8.871981048583984375e+01,2.792860794067382812e+01
-8.871659088134765625e+01,2.792747688293457031e+01
-8.872050476074218750e+01,2.792819786071777344e+01
-8.871932220458984375e+01,2.792716598510742188e+01
-8.871720886230468750e+01,2.792805671691894531e+01
-8.871730804443359375e+01,2.792716217041015625e+01
-8.871762847900390625e+01,2.792677879333496094e+01
-8.872126770019531250e+01,2.792792701721191406e+01
-8.871945953369140625e+01,2.792750740051269531e+01
-8.871729278564453125e+01,2.792711639404296875e+01
-8.871839141845703125e+01,2.792718124389648438e+01
-8.871936798095703125e+01,2.792760086059570312e+01
-8.872044372558593750e+01,2.792827606201171875e+01
-8.871748352050781250e+01,2.792754936218261719e+01
-8.872112274169921875e+01,2.792730331420898438e+01
-8.871854400634765625e+01,2.792644309997558594e+01
-8.871970367431640625e+01,2.792832756042480469e+01
-8.871794128417968750e+01,2.792698287963867188e+01
-8.872073364257812500e+01,2.792781639099121094e+01
-8.871942901611328125e+01,2.792872428894042969e+01
-8.872039794921875000e+01,2.792787551879882812e+01
-8.871797943115234375e+01,2.792710304260253906e+01
-8.871657562255859375e+01,2.792684936523437500e+01
-8.871998596191406250e+01,2.792663955688476562e+01
-8.871855163574218750e+01,2.792805862426757812e+01
-8.872051239013671875e+01,2.792712402343750000e+01
-8.871784973144531250e+01,2.792777633666992188e+01
-8.872018432617187500e+01,2.792871284484863281e+01
-8.871669006347656250e+01,2.792736053466796875e+01
-8.872032928466796875e+01,2.792773437500000000e+01
-8.871743774414062500e+01,2.792714500427246094e+01
-8.871863555908203125e+01,2.792655563354492188e+01
-8.871720886230468750e+01,2.792686080932617188e+01
-8.871903228759765625e+01,2.792718124389648438e+01
-8.871807861328125000e+01,2.792797088623046875e+01
-8.871758270263671875e+01,2.792750358581542969e+01
-8.872016143798828125e+01,2.792711257934570312e+01
-8.871894073486328125e+01,2.792786979675292969e+01
-8.871971893310546875e+01,2.792711448669433594e+01
-8.872025299072265625e+01,2.792762947082519531e+01
-8.871913146972656250e+01,2.792834854125976562e+01
-8.872183227539062500e+01,2.792836761474609375e+01
-8.871913146972656250e+01,2.792871475219726562e+01
-8.871707916259765625e+01,2.792730903625488281e+01
-8.872076416015625000e+01,2.792757034301757812e+01
-8.872158050537109375e+01,2.792840194702148438e+01
-8.871949005126953125e+01,2.792694091796875000e+01
-8.871802520751953125e+01,2.792770957946777344e+01
-8.871919250488281250e+01,2.792770195007324219e+01
-8.872167205810546875e+01,2.792840766906738281e+01
-8.871633148193359375e+01,2.792717170715332031e+01
-8.871826171875000000e+01,2.792713165283203125e+01
-8.871999359130859375e+01,2.792782783508300781e+01
-8.871675872802734375e+01,2.792745971679687500e+01
-8.871748352050781250e+01,2.792759323120117188e+01
-8.871815490722656250e+01,2.792855644226074219e+01
-8.872149658203125000e+01,2.792761611938476562e+01
-8.871826934814453125e+01,2.792821502685546875e+01
-8.872049713134765625e+01,2.792703437805175781e+01
-8.871945190429687500e+01,2.792652511596679688e+01
-8.871770477294921875e+01,2.792691040039062500e+01
-8.871660614013671875e+01,2.792685699462890625e+01
-8.871747589111328125e+01,2.792738914489746094e+01
-8.871989440917968750e+01,2.792844581604003906e+01
-8.871867370605468750e+01,2.792686843872070312e+01
-8.871848297119140625e+01,2.792814445495605469e+01
-8.872087860107421875e+01,2.792835617065429688e+01
-8.871704864501953125e+01,2.792787361145019531e+01
-8.871896362304687500e+01,2.792636871337890625e+01
-8.871693420410156250e+01,2.792655563354492188e+01
-8.871841430664062500e+01,2.792702102661132812e+01
-8.871979522705078125e+01,2.792672920227050781e+01
-8.871813964843750000e+01,2.792691802978515625e+01
-8.871709442138671875e+01,2.792689704895019531e+01
-8.871635437011718750e+01,2.792720413208007812e+01
-8.871936035156250000e+01,2.792683982849121094e+01
-8.872044372558593750e+01,2.792740440368652344e+01
-8.871753692626953125e+01,2.792702293395996094e+01
-8.871926879882812500e+01,2.792730903625488281e+01
-8.871688842773437500e+01,2.792720413208007812e+01
-8.871923065185546875e+01,2.792787742614746094e+01
-8.871872711181640625e+01,2.792721748352050781e+01
-8.872000885009765625e+01,2.792819976806640625e+01
-8.872194671630859375e+01,2.792816352844238281e+01
-8.871730804443359375e+01,2.792810440063476562e+01
-8.872038269042968750e+01,2.792665100097656250e+01
-8.871981048583984375e+01,2.792869949340820312e+01
-8.871851348876953125e+01,2.792832756042480469e+01
-8.871749877929687500e+01,2.792819023132324219e+01
-8.872035980224609375e+01,2.792709922790527344e+01
-8.872033691406250000e+01,2.792749595642089844e+01
-8.871841430664062500e+01,2.792818641662597656e+01
-8.871961975097656250e+01,2.792737960815429688e+01
-8.871924591064453125e+01,2.792760086059570312e+01
-8.871963500976562500e+01,2.792670631408691406e+01
-8.871787261962890625e+01,2.792741394042968750e+01
-8.871669769287109375e+01,2.792702674865722656e+01
-8.871778106689453125e+01,2.792796707153320312e+01
-8.871967315673828125e+01,2.792807388305664062e+01
-8.872090148925781250e+01,2.792768096923828125e+01
-8.872058105468750000e+01,2.792825317382812500e+01
-8.871797180175781250e+01,2.792776679992675781e+01
-8.872082519531250000e+01,2.792833518981933594e+01
-8.872080230712890625e+01,2.792805290222167969e+01
-8.871890258789062500e+01,2.792834281921386719e+01
-8.872013092041015625e+01,2.792860603332519531e+01
-8.871881866455078125e+01,2.792807769775390625e+01
-8.872132873535156250e+01,2.792825126647949219e+01
-8.872023010253906250e+01,2.792781829833984375e+01
-8.871929931640625000e+01,2.792703819274902344e+01
-8.871855926513671875e+01,2.792869186401367188e+01
-8.871764373779296875e+01,2.792693710327148438e+01
-8.872163391113281250e+01,2.792769241333007812e+01
-8.871860504150390625e+01,2.792779541015625000e+01
-8.871937561035156250e+01,2.792642021179199219e+01
-8.871784210205078125e+01,2.792756080627441406e+01
-8.871926116943359375e+01,2.792842292785644531e+01
-8.871650695800781250e+01,2.792761039733886719e+01
-8.871974945068359375e+01,2.792759323120117188e+01
-8.871669006347656250e+01,2.792709350585937500e+01
-8.871974182128906250e+01,2.792702293395996094e+01
-8.872091674804687500e+01,2.792799758911132812e+01
-8.871985626220703125e+01,2.792827033996582031e+01
-8.872007751464843750e+01,2.792655754089355469e+01
-8.871787261962890625e+01,2.792733573913574219e+01
-8.872138977050781250e+01,2.792851448059082031e+01
-8.871704101562500000e+01,2.792795181274414062e+01
-8.871918487548828125e+01,2.792847824096679688e+01
-8.871893310546875000e+01,2.792716789245605469e+01
-8.871800231933593750e+01,2.792712783813476562e+01
-8.871717834472656250e+01,2.792704200744628906e+01
-8.871743011474609375e+01,2.792665290832519531e+01
-8.871968078613281250e+01,2.792846298217773438e+01
-8.871991729736328125e+01,2.792845344543457031e+01
-8.872177886962890625e+01,2.792796325683593750e+01
-8.871998596191406250e+01,2.792693710327148438e+01
-8.871876525878906250e+01,2.792721939086914062e+01
-8.871884155273437500e+01,2.792717933654785156e+01
-8.871749114990234375e+01,2.792785644531250000e+01
-8.872164154052734375e+01,2.792822074890136719e+01
-8.871902465820312500e+01,2.792877388000488281e+01
-8.871955871582031250e+01,2.792791366577148438e+01
-8.871685791015625000e+01,2.792656517028808594e+01
-8.872026824951171875e+01,2.792817115783691406e+01
-8.872008514404296875e+01,2.792730331420898438e+01
-8.872035980224609375e+01,2.792859077453613281e+01
-8.871746826171875000e+01,2.792702102661132812e+01
-8.871870422363281250e+01,2.792830657958984375e+01
-8.871949005126953125e+01,2.792631149291992188e+01
-8.871940612792968750e+01,2.792754173278808594e+01
-8.871765899658203125e+01,2.792724037170410156e+01
-8.871999359130859375e+01,2.792692375183105469e+01
-8.871989440917968750e+01,2.792758369445800781e+01
-8.871832275390625000e+01,2.792848777770996094e+01
-8.872021484375000000e+01,2.792852592468261719e+01
-8.872154235839843750e+01,2.792813110351562500e+01
-8.871714019775390625e+01,2.792809867858886719e+01
-8.871846771240234375e+01,2.792797470092773438e+01
-8.871633148193359375e+01,2.792711257934570312e+01
-8.871848297119140625e+01,2.792740058898925781e+01
-8.872010040283203125e+01,2.792780876159667969e+01
-8.872029113769531250e+01,2.792736053466796875e+01
-8.871829223632812500e+01,2.792812728881835938e+01
-8.871950531005859375e+01,2.792755699157714844e+01
-8.871887969970703125e+01,2.792658805847167969e+01
-8.871688842773437500e+01,2.792691040039062500e+01
-8.871907043457031250e+01,2.792731666564941406e+01
-8.871645355224609375e+01,2.792755508422851562e+01
-8.871913146972656250e+01,2.792701911926269531e+01
-8.871890258789062500e+01,2.792664527893066406e+01
-8.871739959716796875e+01,2.792757415771484375e+01
-8.871817016601562500e+01,2.792766380310058594e+01
-8.871871948242187500e+01,2.792760276794433594e+01
-8.871927642822265625e+01,2.792849159240722656e+01
-8.871780395507812500e+01,2.792791748046875000e+01
-8.871836090087890625e+01,2.792727661132812500e+01
-8.871901702880859375e+01,2.792675590515136719e+01
-8.872046661376953125e+01,2.792733955383300781e+01
-8.871826171875000000e+01,2.792852210998535156e+01
-8.871931457519531250e+01,2.792802429199218750e+01
-8.871881866455078125e+01,2.792740440368652344e+01
-8.872204589843750000e+01,2.792817497253417969e+01
-8.871938323974609375e+01,2.792886352539062500e+01
-8.871736145019531250e+01,2.792748069763183594e+01
-8.871811676025390625e+01,2.792679595947265625e+01
-8.871826171875000000e+01,2.792700767517089844e+01
-8.871885681152343750e+01,2.792887496948242188e+01
-8.872120666503906250e+01,2.792776107788085938e+01
-8.871936035156250000e+01,2.792694473266601562e+01
-8.871720886230468750e+01,2.792734527587890625e+01
-8.872101593017578125e+01,2.792791938781738281e+01
-8.871714782714843750e+01,2.792658996582031250e+01
-8.871974182128906250e+01,2.792778968811035156e+01
-8.871673583984375000e+01,2.792775535583496094e+01
-8.871910858154296875e+01,2.792862129211425781e+01
-8.872120666503906250e+01,2.792765998840332031e+01
-8.871837615966796875e+01,2.792729187011718750e+01
-8.871807861328125000e+01,2.792779731750488281e+01
-8.871728515625000000e+01,2.792791938781738281e+01
-8.871680450439453125e+01,2.792655754089355469e+01
-8.872122955322265625e+01,2.792770004272460938e+01
-8.872116851806640625e+01,2.792795944213867188e+01
-8.872026824951171875e+01,2.792738151550292969e+01
-8.872039031982421875e+01,2.792683029174804688e+01
-8.871782684326171875e+01,2.792683982849121094e+01
-8.872013854980468750e+01,2.792783355712890625e+01
-8.872100830078125000e+01,2.792783546447753906e+01
-8.871867370605468750e+01,2.792772674560546875e+01
-8.871690368652343750e+01,2.792741584777832031e+01
-8.872027587890625000e+01,2.792768859863281250e+01
-8.871701049804687500e+01,2.792677497863769531e+01
-8.871854400634765625e+01,2.792766189575195312e+01
-8.871706390380859375e+01,2.792739105224609375e+01
-8.872055053710937500e+01,2.792693710327148438e+01
-8.871775817871093750e+01,2.792663574218750000e+01
-8.871877288818359375e+01,2.792714500427246094e+01
-8.871735382080078125e+01,2.792695999145507812e+01
-8.872160339355468750e+01,2.792800712585449219e+01
-8.871798706054687500e+01,2.792704582214355469e+01
-8.871743774414062500e+01,2.792781829833984375e+01
-8.871839904785156250e+01,2.792668151855468750e+01
-8.871874237060546875e+01,2.792796897888183594e+01
-8.872201538085937500e+01,2.792812156677246094e+01
-8.871798706054687500e+01,2.792807579040527344e+01
-8.872064971923828125e+01,2.792725944519042969e+01
-8.871859741210937500e+01,2.792740631103515625e+01
-8.872196960449218750e+01,2.792811393737792969e+01
-8.871838378906250000e+01,2.792878341674804688e+01
-8.871681976318359375e+01,2.792654037475585938e+01
-8.871968841552734375e+01,2.792755126953125000e+01
-8.871972656250000000e+01,2.792857933044433594e+01
-8.871659851074218750e+01,2.792681694030761719e+01
-8.871923065185546875e+01,2.792826080322265625e+01
-8.871841430664062500e+01,2.792682266235351562e+01
-8.871924591064453125e+01,2.792647171020507812e+01
-8.871780395507812500e+01,2.792676162719726562e+01
-8.871968841552734375e+01,2.792807769775390625e+01
-8.871765136718750000e+01,2.792716026306152344e+01
-8.871807861328125000e+01,2.792840003967285156e+01
-8.871820068359375000e+01,2.792782402038574219e+01
-8.871890258789062500e+01,2.792655181884765625e+01
-8.871688842773437500e+01,2.792690086364746094e+01
-8.871956634521484375e+01,2.792831993103027344e+01
-8.871945190429687500e+01,2.792874336242675781e+01
-8.871971893310546875e+01,2.792832756042480469e+01
-8.871803283691406250e+01,2.792651367187500000e+01
-8.871938323974609375e+01,2.792658233642578125e+01
-8.871898651123046875e+01,2.792663955688476562e+01
-8.872103881835937500e+01,2.792718696594238281e+01
-8.871698760986328125e+01,2.792686080932617188e+01
-8.871882629394531250e+01,2.792808723449707031e+01
-8.871794891357421875e+01,2.792649650573730469e+01
-8.871760559082031250e+01,2.792678260803222656e+01
-8.871680450439453125e+01,2.792670249938964844e+01
-8.872089385986328125e+01,2.792804527282714844e+01
-8.872035217285156250e+01,2.792675971984863281e+01
-8.872118377685546875e+01,2.792845916748046875e+01
-8.872061157226562500e+01,2.792804527282714844e+01
-8.871775054931640625e+01,2.792788887023925781e+01
-8.871807098388671875e+01,2.792729377746582031e+01
-8.872064971923828125e+01,2.792704772949218750e+01
-8.871867370605468750e+01,2.792698860168457031e+01
-8.872078704833984375e+01,2.792771530151367188e+01
-8.871861267089843750e+01,2.792851448059082031e+01
-8.871914672851562500e+01,2.792795181274414062e+01
-8.872181701660156250e+01,2.792827224731445312e+01
-8.871860504150390625e+01,2.792786026000976562e+01
-8.871836090087890625e+01,2.792700576782226562e+01
-8.871853637695312500e+01,2.792706680297851562e+01
-8.871918487548828125e+01,2.792759895324707031e+01
-8.871990203857421875e+01,2.792815971374511719e+01
-8.872200775146484375e+01,2.792825317382812500e+01
-8.871875762939453125e+01,2.792695045471191406e+01
-8.871938323974609375e+01,2.792769241333007812e+01
-8.871869659423828125e+01,2.792683029174804688e+01
-8.871868896484375000e+01,2.792708015441894531e+01
-8.871997070312500000e+01,2.792704963684082031e+01
-8.872016906738281250e+01,2.792785453796386719e+01
-8.871798706054687500e+01,2.792717933654785156e+01
-8.872011566162109375e+01,2.792875671386718750e+01
-8.871839141845703125e+01,2.792764854431152344e+01
-8.871720123291015625e+01,2.792648506164550781e+01
-8.871924591064453125e+01,2.792672157287597656e+01
-8.871853637695312500e+01,2.792756271362304688e+01
-8.872046661376953125e+01,2.792829895019531250e+01
-8.872047424316406250e+01,2.792673873901367188e+01
-8.871852874755859375e+01,2.792778587341308594e+01
-8.871941375732421875e+01,2.792795753479003906e+01
-8.871831512451171875e+01,2.792740631103515625e+01
-8.871781158447265625e+01,2.792831420898437500e+01
-8.872092437744140625e+01,2.792774963378906250e+01
-8.871784210205078125e+01,2.792807579040527344e+01
-8.871698760986328125e+01,2.792708015441894531e+01
-8.871778869628906250e+01,2.792658615112304688e+01
-8.871855926513671875e+01,2.792735099792480469e+01
-8.871689605712890625e+01,2.792664146423339844e+01
-8.872096252441406250e+01,2.792778587341308594e+01
-8.871871185302734375e+01,2.792724990844726562e+01
-8.872128295898437500e+01,2.792801284790039062e+01
-8.872192382812500000e+01,2.792827224731445312e+01
-8.872081756591796875e+01,2.792675018310546875e+01
-8.872072601318359375e+01,2.792761039733886719e+01
-8.871903228759765625e+01,2.792881202697753906e+01
-8.872093200683593750e+01,2.792752265930175781e+01
-8.872018432617187500e+01,2.792803001403808594e+01
-8.872007751464843750e+01,2.792777252197265625e+01
-8.871992492675781250e+01,2.792695617675781250e+01
-8.872061157226562500e+01,2.792753028869628906e+01
-8.871992492675781250e+01,2.792850303649902344e+01
-8.872016906738281250e+01,2.792658996582031250e+01
-8.872074127197265625e+01,2.792715644836425781e+01
-8.871893310546875000e+01,2.792852973937988281e+01
-8.872151184082031250e+01,2.792839813232421875e+01
-8.871922302246093750e+01,2.792806053161621094e+01
-8.871714019775390625e+01,2.792666625976562500e+01
-8.872171020507812500e+01,2.792773628234863281e+01
-8.872052001953125000e+01,2.792770957946777344e+01
-8.872021484375000000e+01,2.792673110961914062e+01
-8.871846771240234375e+01,2.792664909362792969e+01
-8.871814727783203125e+01,2.792803955078125000e+01
-8.871770477294921875e+01,2.792738151550292969e+01
-8.871774291992187500e+01,2.792794990539550781e+01
-8.871846008300781250e+01,2.792717170715332031e+01
-8.871826934814453125e+01,2.792654037475585938e+01
-8.871871948242187500e+01,2.792702293395996094e+01
-8.872167205810546875e+01,2.792804336547851562e+01
-8.872074890136718750e+01,2.792746925354003906e+01
-8.872217559814453125e+01,2.792791557312011719e+01
-8.871885681152343750e+01,2.792740249633789062e+01
-8.871665954589843750e+01,2.792684555053710938e+01
-8.871954345703125000e+01,2.792841148376464844e+01
-8.872029113769531250e+01,2.792815399169921875e+01
-8.871826171875000000e+01,2.792764282226562500e+01
-8.871828460693359375e+01,2.792675590515136719e+01
-8.871898651123046875e+01,2.792679977416992188e+01
-8.872064208984375000e+01,2.792757225036621094e+01
-8.872182464599609375e+01,2.792778587341308594e+01
-8.871820068359375000e+01,2.792812156677246094e+01
-8.872032928466796875e+01,2.792780685424804688e+01
-8.872187042236328125e+01,2.792849922180175781e+01
-8.871829223632812500e+01,2.792819023132324219e+01
-8.871998596191406250e+01,2.792678070068359375e+01
-8.871788024902343750e+01,2.792792892456054688e+01
-8.872015380859375000e+01,2.792748069763183594e+01
-8.871945953369140625e+01,2.792803955078125000e+01
-8.871852874755859375e+01,2.792832756042480469e+01
-8.871831512451171875e+01,2.792771911621093750e+01
-8.871789550781250000e+01,2.792726707458496094e+01
-8.871854400634765625e+01,2.792860794067382812e+01
-8.872094726562500000e+01,2.792726898193359375e+01
-8.872019958496093750e+01,2.792672348022460938e+01
-8.871865844726562500e+01,2.792655563354492188e+01
-8.871647644042968750e+01,2.792736053466796875e+01
-8.871887969970703125e+01,2.792730522155761719e+01
-8.872084808349609375e+01,2.792849159240722656e+01
-8.871971893310546875e+01,2.792765045166015625e+01
-8.871890258789062500e+01,2.792645454406738281e+01
-8.872010803222656250e+01,2.792868804931640625e+01
-8.872084808349609375e+01,2.792852210998535156e+01
-8.872183227539062500e+01,2.792808723449707031e+01
-8.872128295898437500e+01,2.792726898193359375e+01
-8.871830749511718750e+01,2.792754745483398438e+01
-8.871785736083984375e+01,2.792740058898925781e+01
-8.872015380859375000e+01,2.792697334289550781e+01
-8.871849822998046875e+01,2.792855834960937500e+01
-8.871741485595703125e+01,2.792691040039062500e+01
-8.871745300292968750e+01,2.792807579040527344e+01
-8.872084808349609375e+01,2.792768478393554688e+01
-8.872057342529296875e+01,2.792717552185058594e+01
-8.871784210205078125e+01,2.792813873291015625e+01
-8.871920776367187500e+01,2.792686843872070312e+01
-8.871852874755859375e+01,2.792643737792968750e+01
-8.871731567382812500e+01,2.792761421203613281e+01
-8.871901702880859375e+01,2.792731857299804688e+01
-8.872158813476562500e+01,2.792808151245117188e+01
-8.872142791748046875e+01,2.792791175842285156e+01
-8.871669769287109375e+01,2.792758369445800781e+01
-8.871725463867187500e+01,2.792665290832519531e+01
-8.871974182128906250e+01,2.792694091796875000e+01
-8.871646118164062500e+01,2.792711067199707031e+01
-8.872049713134765625e+01,2.792741775512695312e+01
-8.872026062011718750e+01,2.792793655395507812e+01
-8.871822357177734375e+01,2.792706108093261719e+01
-8.871687316894531250e+01,2.792809295654296875e+01
-8.871832275390625000e+01,2.792817687988281250e+01
-8.871664428710937500e+01,2.792734909057617188e+01
-8.871942138671875000e+01,2.792737579345703125e+01
-8.872053527832031250e+01,2.792749404907226562e+01
-8.871696472167968750e+01,2.792659950256347656e+01
-8.871804809570312500e+01,2.792755508422851562e+01
-8.871930694580078125e+01,2.792744827270507812e+01
-8.871778106689453125e+01,2.792748641967773438e+01
-8.871868896484375000e+01,2.792807769775390625e+01
-8.872052764892578125e+01,2.792685699462890625e+01
-8.871791076660156250e+01,2.792747879028320312e+01
-8.871917724609375000e+01,2.792668914794921875e+01
-8.871926116943359375e+01,2.792706680297851562e+01
-8.871949005126953125e+01,2.792756271362304688e+01
-8.872021484375000000e+01,2.792820739746093750e+01
-8.872028350830078125e+01,2.792795181274414062e+01
-8.872153472900390625e+01,2.792809104919433594e+01
-8.871878814697265625e+01,2.792662620544433594e+01
-8.871989440917968750e+01,2.792703437805175781e+01
-8.872190093994140625e+01,2.792839622497558594e+01
-8.871815490722656250e+01,2.792701339721679688e+01
-8.872201538085937500e+01,2.792802238464355469e+01
-8.871670532226562500e+01,2.792670059204101562e+01
-8.871768951416015625e+01,2.792679977416992188e+01
-8.871797943115234375e+01,2.792700195312500000e+01
-8.871794891357421875e+01,2.792689323425292969e+01
-8.872004699707031250e+01,2.792777442932128906e+01
-8.871888732910156250e+01,2.792840194702148438e+01
-8.872023010253906250e+01,2.792842483520507812e+01
-8.872124481201171875e+01,2.792726516723632812e+01
-8.872074890136718750e+01,2.792832756042480469e+01
-8.871925354003906250e+01,2.792832183837890625e+01
-8.871892547607421875e+01,2.792765998840332031e+01
-8.871717071533203125e+01,2.792715263366699219e+01
-8.872014617919921875e+01,2.792665481567382812e+01
-8.872019195556640625e+01,2.792706108093261719e+01
-8.871762084960937500e+01,2.792825508117675781e+01
-8.871784210205078125e+01,2.792819976806640625e+01
-8.871734619140625000e+01,2.792701148986816406e+01
-8.871775054931640625e+01,2.792683792114257812e+01
-8.871974945068359375e+01,2.792732048034667969e+01
-8.871743011474609375e+01,2.792659759521484375e+01
-8.871947479248046875e+01,2.792832183837890625e+01
-8.872154998779296875e+01,2.792749977111816406e+01
-8.871895599365234375e+01,2.792839622497558594e+01
-8.872109222412109375e+01,2.792818260192871094e+01
-8.871929168701171875e+01,2.792700386047363281e+01
-8.871820068359375000e+01,2.792781448364257812e+01
-8.872102355957031250e+01,2.792745018005371094e+01
-8.871906280517578125e+01,2.792675971984863281e+01
-8.871973419189453125e+01,2.792684745788574219e+01
-8.872047424316406250e+01,2.792732429504394531e+01
-8.871922302246093750e+01,2.792690658569335938e+01
-8.871939849853515625e+01,2.792660331726074219e+01
-8.871882629394531250e+01,2.792875480651855469e+01
-8.871904754638671875e+01,2.792785835266113281e+01
-8.871884918212890625e+01,2.792703247070312500e+01
-8.872151947021484375e+01,2.792764472961425781e+01
-8.872000122070312500e+01,2.792784118652343750e+01
-8.871814727783203125e+01,2.792864799499511719e+01
-8.871987915039062500e+01,2.792815017700195312e+01
-8.871656036376953125e+01,2.792690277099609375e+01
-8.871954345703125000e+01,2.792831611633300781e+01
-8.871651458740234375e+01,2.792774391174316406e+01
-8.871804809570312500e+01,2.792822074890136719e+01
-8.872046661376953125e+01,2.792717361450195312e+01
-8.872098541259765625e+01,2.792733383178710938e+01
-8.871892547607421875e+01,2.792769813537597656e+01
-8.872058105468750000e+01,2.792680740356445312e+01
-8.871854400634765625e+01,2.792805671691894531e+01
-8.871943664550781250e+01,2.792738151550292969e+01
-8.871678161621093750e+01,2.792716407775878906e+01
-8.872079467773437500e+01,2.792678642272949219e+01
-8.872143554687500000e+01,2.792761039733886719e+01
-8.871731567382812500e+01,2.792801094055175781e+01
-8.871812438964843750e+01,2.792738151550292969e+01
-8.871755218505859375e+01,2.792693710327148438e+01
-8.872053527832031250e+01,2.792817687988281250e+01
-8.872155761718750000e+01,2.792829322814941406e+01
-8.871958160400390625e+01,2.792690849304199219e+01
-8.871940612792968750e+01,2.792802810668945312e+01
-8.871745300292968750e+01,2.792654800415039062e+01
-8.872058105468750000e+01,2.792744255065917969e+01
-8.871700286865234375e+01,2.792784500122070312e+01
-8.871968078613281250e+01,2.792763137817382812e+01
-8.871899414062500000e+01,2.792636871337890625e+01
-8.871979522705078125e+01,2.792711448669433594e+01
-8.871771240234375000e+01,2.792735481262207031e+01
-8.871990203857421875e+01,2.792816543579101562e+01
-8.871929931640625000e+01,2.792717933654785156e+01
-8.871886444091796875e+01,2.792822647094726562e+01
-8.871875000000000000e+01,2.792738723754882812e+01
-8.872044372558593750e+01,2.792677497863769531e+01
-8.871663665771484375e+01,2.792722511291503906e+01
-8.871751403808593750e+01,2.792678833007812500e+01
-8.872017669677734375e+01,2.792674827575683594e+01
-8.872152709960937500e+01,2.792839050292968750e+01
-8.871980285644531250e+01,2.792794990539550781e+01
-8.872045898437500000e+01,2.792828941345214844e+01
-8.872023773193359375e+01,2.792790985107421875e+01
-8.871751403808593750e+01,2.792794036865234375e+01
-8.871924591064453125e+01,2.792872238159179688e+01
-8.871874237060546875e+01,2.792642974853515625e+01
-8.871775054931640625e+01,2.792815971374511719e+01
-8.871828460693359375e+01,2.792762947082519531e+01
-8.872051239013671875e+01,2.792713546752929688e+01
-8.872013854980468750e+01,2.792786026000976562e+01
-8.871993255615234375e+01,2.792788696289062500e+01
-8.872167205810546875e+01,2.792832374572753906e+01
-8.871875000000000000e+01,2.792774009704589844e+01
-8.871779632568359375e+01,2.792806816101074219e+01
-8.871887969970703125e+01,2.792746734619140625e+01
-8.871715545654296875e+01,2.792725181579589844e+01
-8.871909332275390625e+01,2.792810440063476562e+01
-8.871781921386718750e+01,2.792681121826171875e+01
-8.871949005126953125e+01,2.792867851257324219e+01
-8.871849060058593750e+01,2.792860603332519531e+01
-8.871868896484375000e+01,2.792788696289062500e+01
-8.871923065185546875e+01,2.792780685424804688e+01
-8.872055053710937500e+01,2.792824745178222656e+01
-8.872022247314453125e+01,2.792763900756835938e+01
-8.872068786621093750e+01,2.792741966247558594e+01
-8.871981048583984375e+01,2.792867851257324219e+01
-8.872096252441406250e+01,2.792781066894531250e+01
-8.871669769287109375e+01,2.792674255371093750e+01
-8.871775054931640625e+01,2.792833518981933594e+01
-8.871937561035156250e+01,2.792863655090332031e+01
-8.872177124023437500e+01,2.792814445495605469e+01
-8.871788024902343750e+01,2.792748641967773438e+01
-8.871712493896484375e+01,2.792750358581542969e+01
-8.871814727783203125e+01,2.792680931091308594e+01
-8.871640777587890625e+01,2.792738723754882812e+01
-8.871660614013671875e+01,2.792778587341308594e+01
-8.871668243408203125e+01,2.792722511291503906e+01
-8.872201538085937500e+01,2.792812919616699219e+01
-8.871691131591796875e+01,2.792733192443847656e+01
-8.871968078613281250e+01,2.792711448669433594e+01
-8.872059631347656250e+01,2.792761802673339844e+01
-8.872188568115234375e+01,2.792790794372558594e+01
-8.871697998046875000e+01,2.792708206176757812e+01
-8.871947479248046875e+01,2.792868804931640625e+01
-8.872151184082031250e+01,2.792757415771484375e+01
-8.871888732910156250e+01,2.792790031433105469e+01
-8.871723175048828125e+01,2.792692184448242188e+01
-8.871900939941406250e+01,2.792759895324707031e+01
-8.871861267089843750e+01,2.792740631103515625e+01
-8.871633148193359375e+01,2.792721939086914062e+01
-8.872118377685546875e+01,2.792775344848632812e+01
-8.871899414062500000e+01,2.792661285400390625e+01
-8.871665191650390625e+01,2.792745590209960938e+01
-8.871690368652343750e+01,2.792778015136718750e+01
-8.871954345703125000e+01,2.792792510986328125e+01
-8.871967315673828125e+01,2.792728996276855469e+01
-8.872077178955078125e+01,2.792762565612792969e+01
-8.872064971923828125e+01,2.792741203308105469e+01
-8.871922302246093750e+01,2.792686080932617188e+01
-8.871993255615234375e+01,2.792651939392089844e+01
-8.871977233886718750e+01,2.792745208740234375e+01
-8.872156524658203125e+01,2.792788124084472656e+01
-8.871841430664062500e+01,2.792821502685546875e+01
-8.871913146972656250e+01,2.792665863037109375e+01
-8.871974182128906250e+01,2.792659187316894531e+01
-8.871970367431640625e+01,2.792712593078613281e+01
-8.872000885009765625e+01,2.792822647094726562e+01
-8.872181701660156250e+01,2.792805290222167969e+01
-8.872072601318359375e+01,2.792839050292968750e+01
-8.871880340576171875e+01,2.792670822143554688e+01
-8.871750640869140625e+01,2.792800140380859375e+01
-8.871836853027343750e+01,2.792651748657226562e+01
-8.871812438964843750e+01,2.792728233337402344e+01
-8.871688842773437500e+01,2.792647933959960938e+01
-8.872016906738281250e+01,2.792775344848632812e+01
-8.871916198730468750e+01,2.792747116088867188e+01
-8.871670532226562500e+01,2.792701530456542969e+01
-8.871759033203125000e+01,2.792741966247558594e+01
-8.871698760986328125e+01,2.792729377746582031e+01
-8.871916198730468750e+01,2.792678260803222656e+01
-8.871722412109375000e+01,2.792752647399902344e+01
-8.871979522705078125e+01,2.792670822143554688e+01
-8.871713256835937500e+01,2.792669105529785156e+01
-8.872206878662109375e+01,2.792826080322265625e+01
-8.872106933593750000e+01,2.792809486389160156e+01
-8.871799468994140625e+01,2.792821121215820312e+01
-8.871892547607421875e+01,2.792844772338867188e+01
-8.872000885009765625e+01,2.792738342285156250e+01
-8.871804809570312500e+01,2.792705726623535156e+01
-8.871987915039062500e+01,2.792685890197753906e+01
-8.872201538085937500e+01,2.792826461791992188e+01
-8.871686553955078125e+01,2.792805862426757812e+01
-8.871839904785156250e+01,2.792724800109863281e+01
-8.871752929687500000e+01,2.792774581909179688e+01
-8.871688079833984375e+01,2.792650794982910156e+01
-8.871986389160156250e+01,2.792827033996582031e+01
-8.871990203857421875e+01,2.792690277099609375e+01
-8.872007751464843750e+01,2.792805862426757812e+01
-8.871724700927734375e+01,2.792710876464843750e+01
-8.872017669677734375e+01,2.792683410644531250e+01
-8.871906280517578125e+01,2.792867279052734375e+01
-8.872123718261718750e+01,2.792806243896484375e+01
-8.872158050537109375e+01,2.792840194702148438e+01
-8.871733093261718750e+01,2.792697143554687500e+01
-8.871999359130859375e+01,2.792790794372558594e+01
-8.871830749511718750e+01,2.792840385437011719e+01
-8.871756744384765625e+01,2.792781448364257812e+01
-8.871833038330078125e+01,2.792828750610351562e+01
-8.871804046630859375e+01,2.792796707153320312e+01
-8.871842193603515625e+01,2.792784309387207031e+01
-8.872204589843750000e+01,2.792839813232421875e+01
-8.871701812744140625e+01,2.792668151855468750e+01
-8.871740722656250000e+01,2.792786598205566406e+01
-8.871863555908203125e+01,2.792740058898925781e+01
-8.871646118164062500e+01,2.792765426635742188e+01
-8.871949005126953125e+01,2.792761611938476562e+01
-8.872128295898437500e+01,2.792814826965332031e+01
-8.871714019775390625e+01,2.792779731750488281e+01
-8.872123718261718750e+01,2.792818450927734375e+01
-8.871906280517578125e+01,2.792757415771484375e+01
-8.871936035156250000e+01,2.792843437194824219e+01
-8.871688842773437500e+01,2.792801284790039062e+01
-8.871672058105468750e+01,2.792742538452148438e+01
-8.871662139892578125e+01,2.792700004577636719e+01
-8.871674346923828125e+01,2.792737960815429688e+01
-8.871795654296875000e+01,2.792816543579101562e+01
-8.871905517578125000e+01,2.792833328247070312e+01
-8.871867370605468750e+01,2.792693710327148438e+01
-8.871823883056640625e+01,2.792784309387207031e+01
-8.871839904785156250e+01,2.792672538757324219e+01
-8.872201538085937500e+01,2.792818069458007812e+01
-8.872045135498046875e+01,2.792734718322753906e+01
-8.871905517578125000e+01,2.792709350585937500e+01
-8.871895599365234375e+01,2.792844390869140625e+01
-8.871743011474609375e+01,2.792768096923828125e+01
-8.871897125244140625e+01,2.792727088928222656e+01
-8.871637725830078125e+01,2.792762374877929688e+01
-8.871891784667968750e+01,2.792677879333496094e+01
-8.872051239013671875e+01,2.792838668823242188e+01
-8.871741485595703125e+01,2.792807197570800781e+01
-8.871730804443359375e+01,2.792735671997070312e+01
-8.871900939941406250e+01,2.792837905883789062e+01
-8.871920013427734375e+01,2.792639732360839844e+01
-8.871723937988281250e+01,2.792770195007324219e+01
-8.871767425537109375e+01,2.792729568481445312e+01
-8.871727752685546875e+01,2.792702674865722656e+01
-8.871976470947265625e+01,2.792827415466308594e+01
-8.871972656250000000e+01,2.792752456665039062e+01
-8.871895599365234375e+01,2.792632865905761719e+01
-8.872090911865234375e+01,2.792763328552246094e+01
-8.871904754638671875e+01,2.792855262756347656e+01
-8.872011566162109375e+01,2.792740249633789062e+01
-8.872068786621093750e+01,2.792759895324707031e+01
-8.872059631347656250e+01,2.792793464660644531e+01
-8.872156524658203125e+01,2.792777442932128906e+01
-8.871686553955078125e+01,2.792716789245605469e+01
-8.871862792968750000e+01,2.792863464355468750e+01
-8.871709442138671875e+01,2.792701911926269531e+01
-8.871636962890625000e+01,2.792729759216308594e+01
-8.871848297119140625e+01,2.792675590515136719e+01
-8.871785736083984375e+01,2.792736625671386719e+01
-8.872055816650390625e+01,2.792703056335449219e+01
-8.871878814697265625e+01,2.792693710327148438e+01
-8.872039794921875000e+01,2.792731666564941406e+01
-8.871641540527343750e+01,2.792721748352050781e+01
-8.871670532226562500e+01,2.792771911621093750e+01
-8.871670532226562500e+01,2.792677688598632812e+01
-8.871778106689453125e+01,2.792738914489746094e+01
-8.872069549560546875e+01,2.792691802978515625e+01
-8.871664428710937500e+01,2.792689895629882812e+01
-8.871779632568359375e+01,2.792762565612792969e+01
-8.871990203857421875e+01,2.792780876159667969e+01
-8.871788024902343750e+01,2.792784118652343750e+01
-8.871929168701171875e+01,2.792715263366699219e+01
-8.872095489501953125e+01,2.792827987670898438e+01
-8.871894073486328125e+01,2.792766380310058594e+01
-8.871974945068359375e+01,2.792865753173828125e+01
-8.871640777587890625e+01,2.792734718322753906e+01
-8.871981048583984375e+01,2.792813301086425781e+01
-8.871957397460937500e+01,2.792800712585449219e+01
-8.871969604492187500e+01,2.792707824707031250e+01
-8.871847534179687500e+01,2.792685127258300781e+01
-8.871799468994140625e+01,2.792679786682128906e+01
-8.871928405761718750e+01,2.792694664001464844e+01
-8.872058868408203125e+01,2.792785835266113281e+01
-8.871937561035156250e+01,2.792829704284667969e+01
-8.871862792968750000e+01,2.792764663696289062e+01
-8.872006225585937500e+01,2.792662429809570312e+01
-8.871759796142578125e+01,2.792777442932128906e+01
-8.871961212158203125e+01,2.792851638793945312e+01
-8.871802520751953125e+01,2.792639541625976562e+01
-8.871804809570312500e+01,2.792671394348144531e+01
-8.872014617919921875e+01,2.792787933349609375e+01
-8.872202301025390625e+01,2.792774581909179688e+01
-8.871899414062500000e+01,2.792881393432617188e+01
-8.872049713134765625e+01,2.792699813842773438e+01
-8.872034454345703125e+01,2.792723655700683594e+01
-8.871954345703125000e+01,2.792850494384765625e+01
-8.871842956542968750e+01,2.792696380615234375e+01
-8.871977996826171875e+01,2.792775154113769531e+01
-8.872029113769531250e+01,2.792806816101074219e+01
-8.871978759765625000e+01,2.792794418334960938e+01
-8.871839904785156250e+01,2.792763519287109375e+01
-8.871688842773437500e+01,2.792739105224609375e+01
-8.871775817871093750e+01,2.792655181884765625e+01
-8.871980285644531250e+01,2.792695617675781250e+01
-8.872073364257812500e+01,2.792732048034667969e+01
-8.871823883056640625e+01,2.792820739746093750e+01
-8.872048187255859375e+01,2.792712974548339844e+01
-8.871725463867187500e+01,2.792729187011718750e+01
-8.871986389160156250e+01,2.792666435241699219e+01
-8.871812438964843750e+01,2.792723274230957031e+01
-8.872202301025390625e+01,2.792818450927734375e+01
-8.871646881103515625e+01,2.792766189575195312e+01
-8.871826171875000000e+01,2.792669296264648438e+01
-8.871900177001953125e+01,2.792719459533691406e+01
-8.871822357177734375e+01,2.792857360839843750e+01
-8.872028350830078125e+01,2.792823028564453125e+01
-8.871643066406250000e+01,2.792753601074218750e+01
-8.871756744384765625e+01,2.792814636230468750e+01
-8.871767425537109375e+01,2.792669677734375000e+01
-8.871779632568359375e+01,2.792667770385742188e+01
-8.872145080566406250e+01,2.792794799804687500e+01
-8.871667480468750000e+01,2.792754173278808594e+01
-8.872050476074218750e+01,2.792791366577148438e+01
-8.871928405761718750e+01,2.792790794372558594e+01
-8.871810913085937500e+01,2.792679405212402344e+01
-8.872032165527343750e+01,2.792727279663085938e+01
-8.871959686279296875e+01,2.792664909362792969e+01
-8.871917724609375000e+01,2.792685317993164062e+01
-8.871652221679687500e+01,2.792722511291503906e+01
-8.871916198730468750e+01,2.792787361145019531e+01
-8.871702575683593750e+01,2.792738723754882812e+01
-8.871864318847656250e+01,2.792667579650878906e+01
-8.871690368652343750e+01,2.792711067199707031e+01
-8.872038269042968750e+01,2.792764854431152344e+01
-8.871809387207031250e+01,2.792689514160156250e+01
-8.871984100341796875e+01,2.792853927612304688e+01
-8.871636962890625000e+01,2.792745399475097656e+01
-8.872200775146484375e+01,2.792819595336914062e+01
-8.871726226806640625e+01,2.792710494995117188e+01
-8.871990966796875000e+01,2.792839431762695312e+01
-8.872029876708984375e+01,2.792751502990722656e+01
-8.871695709228515625e+01,2.792781066894531250e+01
-8.871943664550781250e+01,2.792757225036621094e+01
-8.871849060058593750e+01,2.792806053161621094e+01
-8.871663665771484375e+01,2.792762184143066406e+01
-8.871871948242187500e+01,2.792788124084472656e+01
-8.871805572509765625e+01,2.792674827575683594e+01
-8.871997833251953125e+01,2.792742919921875000e+01
-8.872111511230468750e+01,2.792793083190917969e+01
-8.871883392333984375e+01,2.792688751220703125e+01
-8.872000885009765625e+01,2.792711067199707031e+01
-8.871834564208984375e+01,2.792852592468261719e+01
-8.871743011474609375e+01,2.792712402343750000e+01
-8.871997070312500000e+01,2.792658042907714844e+01
-8.871968078613281250e+01,2.792867469787597656e+01
-8.871927642822265625e+01,2.792677497863769531e+01
-8.871802520751953125e+01,2.792807388305664062e+01
-8.871938323974609375e+01,2.792886543273925781e+01
-8.872010040283203125e+01,2.792727470397949219e+01
-8.871714782714843750e+01,2.792730522155761719e+01
-8.871854400634765625e+01,2.792652702331542969e+01
-8.871939849853515625e+01,2.792781066894531250e+01
-8.871997070312500000e+01,2.792750930786132812e+01
-8.871745300292968750e+01,2.792782974243164062e+01
-8.871790313720703125e+01,2.792829704284667969e+01
-8.871907043457031250e+01,2.792679023742675781e+01
-8.871953582763671875e+01,2.792787170410156250e+01
-8.872019195556640625e+01,2.792782402038574219e+01
-8.872191619873046875e+01,2.792821502685546875e+01
-8.871934509277343750e+01,2.792830276489257812e+01
-8.871875762939453125e+01,2.792766380310058594e+01
-8.872150421142578125e+01,2.792847251892089844e+01
-8.871932983398437500e+01,2.792666816711425781e+01
-8.872026062011718750e+01,2.792679405212402344e+01
-8.872190093994140625e+01,2.792784118652343750e+01
-8.871825408935546875e+01,2.792796516418457031e+01
-8.871672058105468750e+01,2.792731666564941406e+01
-8.872101593017578125e+01,2.792802047729492188e+01
-8.872213745117187500e+01,2.792763519287109375e+01
-8.871678924560546875e+01,2.792774200439453125e+01
-8.871824645996093750e+01,2.792836952209472656e+01
-8.872068023681640625e+01,2.792771530151367188e+01
-8.871984100341796875e+01,2.792742538452148438e+01
-8.871879577636718750e+01,2.792826271057128906e+01
-8.871875000000000000e+01,2.792777442932128906e+01
-8.871906280517578125e+01,2.792796325683593750e+01
-8.871765899658203125e+01,2.792735862731933594e+01
-8.872203826904296875e+01,2.792833137512207031e+01
-8.871768951416015625e+01,2.792800331115722656e+01
-8.871775817871093750e+01,2.792732048034667969e+01
-8.872088623046875000e+01,2.792734336853027344e+01
-8.871811676025390625e+01,2.792708396911621094e+01
-8.871883392333984375e+01,2.792764091491699219e+01
-8.871827697753906250e+01,2.792694664001464844e+01
-8.871985626220703125e+01,2.792759704589843750e+01
-8.871739959716796875e+01,2.792815780639648438e+01
-8.871913909912109375e+01,2.792687225341796875e+01
-8.872003173828125000e+01,2.792807006835937500e+01
-8.872102355957031250e+01,2.792701530456542969e+01
-8.872094726562500000e+01,2.792822837829589844e+01
-8.871907806396484375e+01,2.792877197265625000e+01
-8.871747589111328125e+01,2.792708396911621094e+01
-8.871672058105468750e+01,2.792666625976562500e+01
-8.872047424316406250e+01,2.792741584777832031e+01
-8.871972656250000000e+01,2.792800903320312500e+01
-8.871826934814453125e+01,2.792740249633789062e+01
-8.872180175781250000e+01,2.792774200439453125e+01
-8.871657562255859375e+01,2.792714118957519531e+01
-8.871909332275390625e+01,2.792803764343261719e+01
-8.871996307373046875e+01,2.792794418334960938e+01
-8.871902465820312500e+01,2.792731285095214844e+01
-8.871674346923828125e+01,2.792715263366699219e+01
-8.871906280517578125e+01,2.792888259887695312e+01
-8.871691131591796875e+01,2.792675018310546875e+01
-8.872093963623046875e+01,2.792835617065429688e+01
-8.871855926513671875e+01,2.792721176147460938e+01
-8.871846771240234375e+01,2.792756843566894531e+01
-8.871921539306640625e+01,2.792870903015136719e+01
-8.871863555908203125e+01,2.792799377441406250e+01
-8.871875000000000000e+01,2.792786979675292969e+01
-8.871907043457031250e+01,2.792687225341796875e+01
-8.872043609619140625e+01,2.792836952209472656e+01
-8.871868133544921875e+01,2.792808151245117188e+01
-8.871894073486328125e+01,2.792671966552734375e+01
-8.871640014648437500e+01,2.792766571044921875e+01
-8.872143554687500000e+01,2.792768096923828125e+01
-8.871997070312500000e+01,2.792711639404296875e+01
-8.872041320800781250e+01,2.792734527587890625e+01
-8.871929931640625000e+01,2.792763137817382812e+01
-8.871807861328125000e+01,2.792772483825683594e+01
-8.871828460693359375e+01,2.792664337158203125e+01
-8.872195434570312500e+01,2.792772483825683594e+01
-8.872120666503906250e+01,2.792793083190917969e+01
-8.872110748291015625e+01,2.792780685424804688e+01
-8.871808624267578125e+01,2.792754364013671875e+01
-8.871646118164062500e+01,2.792687988281250000e+01
-8.871983337402343750e+01,2.792755317687988281e+01
-8.871862030029296875e+01,2.792708778381347656e+01
-8.871672058105468750e+01,2.792790412902832031e+01
-8.871701812744140625e+01,2.792771720886230469e+01
-8.871795654296875000e+01,2.792811203002929688e+01
-8.872095489501953125e+01,2.792714691162109375e+01
-8.872147369384765625e+01,2.792817687988281250e+01
-8.871894836425781250e+01,2.792638778686523438e+01
-8.871895599365234375e+01,2.792653465270996094e+01
-8.871840667724609375e+01,2.792791748046875000e+01
-8.871936035156250000e+01,2.792842483520507812e+01
-8.871895599365234375e+01,2.792852783203125000e+01
-8.872152709960937500e+01,2.792757415771484375e+01
-8.872018432617187500e+01,2.792865943908691406e+01
-8.872082519531250000e+01,2.792748069763183594e+01
-8.872068023681640625e+01,2.792729187011718750e+01
-8.871957397460937500e+01,2.792749404907226562e+01
-8.871792602539062500e+01,2.792719078063964844e+01
-8.872011566162109375e+01,2.792840385437011719e+01
-8.871762084960937500e+01,2.792729377746582031e+01
-8.871911621093750000e+01,2.792770957946777344e+01
-8.871913146972656250e+01,2.792744064331054688e+01
-8.872109222412109375e+01,2.792797851562500000e+01
-8.871846008300781250e+01,2.792861366271972656e+01
-8.872097015380859375e+01,2.792726707458496094e+01
-8.871907043457031250e+01,2.792833328247070312e+01
-8.872204589843750000e+01,2.792830276489257812e+01
-8.871849822998046875e+01,2.792681503295898438e+01
-8.871782684326171875e+01,2.792686843872070312e+01
-8.871957397460937500e+01,2.792697715759277344e+01
-8.872214508056640625e+01,2.792767715454101562e+01
-8.871670532226562500e+01,2.792721748352050781e+01
-8.871977996826171875e+01,2.792841339111328125e+01
-8.871893310546875000e+01,2.792696571350097656e+01
-8.871696472167968750e+01,2.792750167846679688e+01
-8.871915435791015625e+01,2.792750740051269531e+01
-8.871711730957031250e+01,2.792691230773925781e+01
-8.871826171875000000e+01,2.792709541320800781e+01
-8.871634674072265625e+01,2.792733383178710938e+01
-8.872129821777343750e+01,2.792778015136718750e+01
-8.872129058837890625e+01,2.792800521850585938e+01
-8.871861267089843750e+01,2.792744445800781250e+01
-8.872121429443359375e+01,2.792810821533203125e+01
-8.871650695800781250e+01,2.792704582214355469e+01
-8.871930694580078125e+01,2.792881393432617188e+01
-8.871732330322265625e+01,2.792661857604980469e+01
-8.872106170654296875e+01,2.792739486694335938e+01
-8.871842956542968750e+01,2.792634391784667969e+01
-8.872021484375000000e+01,2.792827796936035156e+01
-8.871715545654296875e+01,2.792678070068359375e+01
-8.871815490722656250e+01,2.792749023437500000e+01
-8.871989440917968750e+01,2.792692184448242188e+01
-8.871981811523437500e+01,2.792848968505859375e+01
-8.871833801269531250e+01,2.792804527282714844e+01
-8.871793365478515625e+01,2.792739105224609375e+01
-8.871883392333984375e+01,2.792659378051757812e+01
-8.872168731689453125e+01,2.792787933349609375e+01
-8.871723175048828125e+01,2.792745780944824219e+01
-8.871790313720703125e+01,2.792749214172363281e+01
-8.872058868408203125e+01,2.792807388305664062e+01
-8.871875000000000000e+01,2.792805099487304688e+01
-8.871915435791015625e+01,2.792776870727539062e+01
-8.871782684326171875e+01,2.792706298828125000e+01
-8.871954345703125000e+01,2.792792129516601562e+01
-8.872143554687500000e+01,2.792808341979980469e+01
-8.871686553955078125e+01,2.792657089233398438e+01
-8.872058868408203125e+01,2.792800140380859375e+01
-8.871952819824218750e+01,2.792728996276855469e+01
-8.872062683105468750e+01,2.792714309692382812e+01
-8.872051239013671875e+01,2.792839050292968750e+01
-8.871917724609375000e+01,2.792691993713378906e+01
-8.871883392333984375e+01,2.792654228210449219e+01
-8.872008514404296875e+01,2.792798233032226562e+01
-8.872023773193359375e+01,2.792786407470703125e+01
-8.871756744384765625e+01,2.792680358886718750e+01
-8.871714782714843750e+01,2.792708969116210938e+01
-8.872019958496093750e+01,2.792794799804687500e+01
-8.872058868408203125e+01,2.792667388916015625e+01
-8.871963500976562500e+01,2.792834854125976562e+01
-8.871732330322265625e+01,2.792733192443847656e+01
-8.872082519531250000e+01,2.792705535888671875e+01
-8.871725463867187500e+01,2.792781448364257812e+01
-8.871966552734375000e+01,2.792743873596191406e+01
-8.872010040283203125e+01,2.792678642272949219e+01
-8.872148132324218750e+01,2.792777442932128906e+01
-8.871765899658203125e+01,2.792722320556640625e+01
-8.872017669677734375e+01,2.792747116088867188e+01
-8.871633911132812500e+01,2.792731666564941406e+01
-8.871811676025390625e+01,2.792843627929687500e+01
-8.872207641601562500e+01,2.792776489257812500e+01
-8.871630096435546875e+01,2.792727661132812500e+01
-8.872027587890625000e+01,2.792714881896972656e+01
-8.872137451171875000e+01,2.792794609069824219e+01
-8.871881866455078125e+01,2.792713928222656250e+01
-8.871913909912109375e+01,2.792658615112304688e+01
-8.871681213378906250e+01,2.792696571350097656e+01
-8.872026824951171875e+01,2.792769050598144531e+01
-8.871800231933593750e+01,2.792686271667480469e+01
-8.871865844726562500e+01,2.792802429199218750e+01
-8.871744537353515625e+01,2.792704391479492188e+01
-8.871646118164062500e+01,2.792749595642089844e+01
-8.871960449218750000e+01,2.792661285400390625e+01
-8.871656036376953125e+01,2.792726325988769531e+01
-8.871679687500000000e+01,2.792760086059570312e+01
-8.871850585937500000e+01,2.792850685119628906e+01
-8.872145843505859375e+01,2.792746162414550781e+01
-8.872138214111328125e+01,2.792746162414550781e+01
-8.871804046630859375e+01,2.792818450927734375e+01
-8.871846008300781250e+01,2.792854881286621094e+01
-8.872160339355468750e+01,2.792811203002929688e+01
-8.872005462646484375e+01,2.792755508422851562e+01
-8.871644592285156250e+01,2.792733764648437500e+01
-8.871858978271484375e+01,2.792653274536132812e+01
-8.872133636474609375e+01,2.792815208435058594e+01
-8.871782684326171875e+01,2.792723464965820312e+01
-8.871657562255859375e+01,2.792689132690429688e+01
-8.872190856933593750e+01,2.792836570739746094e+01
-8.872058105468750000e+01,2.792767143249511719e+01
-8.872047424316406250e+01,2.792689895629882812e+01
-8.872071838378906250e+01,2.792689704895019531e+01
-8.871817016601562500e+01,2.792741394042968750e+01
-8.871910858154296875e+01,2.792670249938964844e+01
-8.871712493896484375e+01,2.792811775207519531e+01
-8.871842193603515625e+01,2.792743873596191406e+01
-8.871844482421875000e+01,2.792772674560546875e+01
-8.871873474121093750e+01,2.792806434631347656e+01
-8.872091674804687500e+01,2.792712211608886719e+01
-8.872054290771484375e+01,2.792747306823730469e+01
-8.871829986572265625e+01,2.792798042297363281e+01
-8.871721649169921875e+01,2.792799186706542969e+01
-8.872003936767578125e+01,2.792804908752441406e+01
-8.872073364257812500e+01,2.792762947082519531e+01
-8.871964263916015625e+01,2.792828178405761719e+01
-8.872000122070312500e+01,2.792845535278320312e+01
-8.872000122070312500e+01,2.792833137512207031e+01
-8.871898651123046875e+01,2.792710113525390625e+01
-8.871939849853515625e+01,2.792768287658691406e+01
-8.871988677978515625e+01,2.792725181579589844e+01
-8.871804046630859375e+01,2.792727088928222656e+01
-8.871714019775390625e+01,2.792755317687988281e+01
-8.871882629394531250e+01,2.792852973937988281e+01
-8.872059631347656250e+01,2.792741584777832031e+01
-8.871733093261718750e+01,2.792701530456542969e+01
-8.872054290771484375e+01,2.792769241333007812e+01
-8.871942901611328125e+01,2.792676544189453125e+01
-8.871905517578125000e+01,2.792807579040527344e+01
-8.871878814697265625e+01,2.792696571350097656e+01
-8.871913909912109375e+01,2.792860603332519531e+01
-8.872146606445312500e+01,2.792817115783691406e+01
-8.871855926513671875e+01,2.792761039733886719e+01
-8.871658325195312500e+01,2.792764663696289062e+01
-8.871845245361328125e+01,2.792867660522460938e+01
-8.871896362304687500e+01,2.792854118347167969e+01
-8.871881103515625000e+01,2.792739868164062500e+01
-8.871907043457031250e+01,2.792820930480957031e+01
-8.871827697753906250e+01,2.792675590515136719e+01
-8.872003173828125000e+01,2.792772293090820312e+01
-8.872093200683593750e+01,2.792753219604492188e+01
-8.871976470947265625e+01,2.792719841003417969e+01
-8.872134399414062500e+01,2.792779350280761719e+01
-8.871905517578125000e+01,2.792760086059570312e+01
-8.871833038330078125e+01,2.792688941955566406e+01
-8.871747589111328125e+01,2.792700004577636719e+01
-8.871669769287109375e+01,2.792708969116210938e+01
-8.872036743164062500e+01,2.792758369445800781e+01
-8.872096252441406250e+01,2.792838478088378906e+01
-8.872017669677734375e+01,2.792692375183105469e+01
-8.871717834472656250e+01,2.792756462097167969e+01
-8.871740722656250000e+01,2.792812538146972656e+01
-8.872148895263671875e+01,2.792733192443847656e+01
-8.871961212158203125e+01,2.792779922485351562e+01
-8.872052764892578125e+01,2.792679214477539062e+01
-8.871768951416015625e+01,2.792671203613281250e+01
-8.871659088134765625e+01,2.792700767517089844e+01
-8.872139739990234375e+01,2.792795181274414062e+01
-8.871745300292968750e+01,2.792764091491699219e+01
-8.872090911865234375e+01,2.792767715454101562e+01
-8.872022247314453125e+01,2.792788314819335938e+01
-8.871828460693359375e+01,2.792825126647949219e+01
-8.871862030029296875e+01,2.792733001708984375e+01
-8.871884918212890625e+01,2.792771339416503906e+01
-8.872048950195312500e+01,2.792758750915527344e+01
-8.872019195556640625e+01,2.792829513549804688e+01
-8.871832275390625000e+01,2.792801284790039062e+01
-8.871668243408203125e+01,2.792712783813476562e+01
-8.871908569335937500e+01,2.792693328857421875e+01
-8.872010040283203125e+01,2.792719841003417969e+01
-8.871728515625000000e+01,2.792766189575195312e+01
-8.871882629394531250e+01,2.792649459838867188e+01
-8.871679687500000000e+01,2.792747688293457031e+01
-8.871876525878906250e+01,2.792847633361816406e+01
-8.871813201904296875e+01,2.792790031433105469e+01
-8.872081756591796875e+01,2.792793655395507812e+01
-8.872040557861328125e+01,2.792836761474609375e+01
-8.872108459472656250e+01,2.792781639099121094e+01
-8.871818542480468750e+01,2.792686462402343750e+01
-8.871731567382812500e+01,2.792766761779785156e+01
-8.871728515625000000e+01,2.792664718627929688e+01
-8.871939086914062500e+01,2.792783737182617188e+01
-8.872018432617187500e+01,2.792772102355957031e+01
-8.872074127197265625e+01,2.792694091796875000e+01
-8.871958160400390625e+01,2.792825508117675781e+01
-8.872154235839843750e+01,2.792786598205566406e+01
-8.872076416015625000e+01,2.792732620239257812e+01
-8.871977233886718750e+01,2.792867660522460938e+01
-8.872029113769531250e+01,2.792749595642089844e+01
-8.871819305419921875e+01,2.792794418334960938e+01
-8.871906280517578125e+01,2.792808151245117188e+01
-8.872023010253906250e+01,2.792780303955078125e+01
-8.872034454345703125e+01,2.792731857299804688e+01
-8.871977233886718750e+01,2.792869186401367188e+01
-8.872064208984375000e+01,2.792740821838378906e+01
-8.872138977050781250e+01,2.792797470092773438e+01
-8.872156524658203125e+01,2.792817687988281250e+01
-8.871869659423828125e+01,2.792855072021484375e+01
-8.871879577636718750e+01,2.792704963684082031e+01
-8.871968841552734375e+01,2.792882347106933594e+01
-8.872064971923828125e+01,2.792838859558105469e+01
-8.872019958496093750e+01,2.792806243896484375e+01
-8.871913909912109375e+01,2.792852020263671875e+01
-8.872032928466796875e+01,2.792813682556152344e+01
-8.871916198730468750e+01,2.792811393737792969e+01
-8.872181701660156250e+01,2.792854499816894531e+01
-8.871640014648437500e+01,2.792762947082519531e+01
-8.872007751464843750e+01,2.792724609375000000e+01
-8.871763610839843750e+01,2.792801094055175781e+01
-8.872054290771484375e+01,2.792844963073730469e+01
-8.871839904785156250e+01,2.792837715148925781e+01
-8.871752929687500000e+01,2.792701530456542969e+01
-8.872133636474609375e+01,2.792736625671386719e+01
-8.871803283691406250e+01,2.792659187316894531e+01
-8.871917724609375000e+01,2.792843818664550781e+01
-8.871835327148437500e+01,2.792787361145019531e+01
-8.871746826171875000e+01,2.792787170410156250e+01
-8.871795654296875000e+01,2.792670631408691406e+01
-8.872068786621093750e+01,2.792722702026367188e+01
-8.871743011474609375e+01,2.792684555053710938e+01
-8.871860504150390625e+01,2.792856407165527344e+01
-8.871663665771484375e+01,2.792747879028320312e+01
-8.871942901611328125e+01,2.792885589599609375e+01
-8.872216033935546875e+01,2.792768478393554688e+01
-8.871798706054687500e+01,2.792735862731933594e+01
-8.871721649169921875e+01,2.792650604248046875e+01
-8.871849060058593750e+01,2.792701339721679688e+01
-8.871947479248046875e+01,2.792725753784179688e+01
-8.871891784667968750e+01,2.792836189270019531e+01
-8.871905517578125000e+01,2.792863273620605469e+01
-8.871891021728515625e+01,2.792825126647949219e+01
-8.872087097167968750e+01,2.792709541320800781e+01
-8.871796417236328125e+01,2.792812919616699219e+01
-8.871659088134765625e+01,2.792783355712890625e+01
-8.871941375732421875e+01,2.792635154724121094e+01
-8.872045898437500000e+01,2.792777633666992188e+01
-8.871916961669921875e+01,2.792814445495605469e+01
-8.871820068359375000e+01,2.792697334289550781e+01
-8.871707153320312500e+01,2.792782211303710938e+01
-8.871831512451171875e+01,2.792801284790039062e+01
-8.872143554687500000e+01,2.792787361145019531e+01
-8.872039031982421875e+01,2.792814445495605469e+01
-8.872077178955078125e+01,2.792801094055175781e+01
-8.871901702880859375e+01,2.792822456359863281e+01
-8.871878814697265625e+01,2.792703628540039062e+01
-8.871728515625000000e+01,2.792743682861328125e+01
-8.871678924560546875e+01,2.792762756347656250e+01
-8.871683502197265625e+01,2.792791938781738281e+01
-8.871791076660156250e+01,2.792669105529785156e+01
-8.871660614013671875e+01,2.792689704895019531e+01
-8.872150421142578125e+01,2.792848014831542969e+01
-8.871860504150390625e+01,2.792657661437988281e+01
-8.871995544433593750e+01,2.792649650573730469e+01
-8.872106933593750000e+01,2.792778015136718750e+01
-8.871767425537109375e+01,2.792742347717285156e+01
-8.871806335449218750e+01,2.792802047729492188e+01
-8.872027587890625000e+01,2.792812728881835938e+01
-8.872023010253906250e+01,2.792715072631835938e+01
-8.872193908691406250e+01,2.792840576171875000e+01
-8.871996307373046875e+01,2.792789840698242188e+01
-8.871782684326171875e+01,2.792798042297363281e+01
-8.872039794921875000e+01,2.792707061767578125e+01
-8.872102355957031250e+01,2.792775726318359375e+01
-8.871844482421875000e+01,2.792837333679199219e+01
-8.871793365478515625e+01,2.792693519592285156e+01
-8.872193908691406250e+01,2.792833328247070312e+01
-8.871857452392578125e+01,2.792653274536132812e+01
-8.871732330322265625e+01,2.792779159545898438e+01
-8.871863555908203125e+01,2.792761993408203125e+01
-8.872181701660156250e+01,2.792842674255371094e+01
-8.871974182128906250e+01,2.792875099182128906e+01
-8.872116851806640625e+01,2.792737579345703125e+01
-8.871677398681640625e+01,2.792735862731933594e+01
-8.871862030029296875e+01,2.792720794677734375e+01
-8.872153472900390625e+01,2.792740249633789062e+01
-8.872063446044921875e+01,2.792716026306152344e+01
-8.871769714355468750e+01,2.792697525024414062e+01
-8.872026062011718750e+01,2.792831993103027344e+01
-8.871873474121093750e+01,2.792727470397949219e+01
-8.871898651123046875e+01,2.792643928527832031e+01
-8.871993255615234375e+01,2.792757225036621094e+01
-8.871849822998046875e+01,2.792684555053710938e+01
-8.871738433837890625e+01,2.792704010009765625e+01
-8.871716308593750000e+01,2.792753791809082031e+01
-8.872082519531250000e+01,2.792789459228515625e+01
-8.871865081787109375e+01,2.792660331726074219e+01
-8.871712493896484375e+01,2.792769432067871094e+01
-8.871982574462890625e+01,2.792764091491699219e+01
-8.871709442138671875e+01,2.792782783508300781e+01
-8.871913146972656250e+01,2.792711830139160156e+01
-8.872037506103515625e+01,2.792786979675292969e+01
-8.871906280517578125e+01,2.792711067199707031e+01
-8.871900939941406250e+01,2.792712974548339844e+01
-8.871910095214843750e+01,2.792741012573242188e+01
-8.871893310546875000e+01,2.792777633666992188e+01
-8.872198486328125000e+01,2.792820930480957031e+01
-8.871704864501953125e+01,2.792700958251953125e+01
-8.871940612792968750e+01,2.792700386047363281e+01
-8.871801757812500000e+01,2.792679405212402344e+01
-8.871905517578125000e+01,2.792771148681640625e+01
-8.871727752685546875e+01,2.792778778076171875e+01
-8.871930694580078125e+01,2.792707443237304688e+01
-8.871875000000000000e+01,2.792662620544433594e+01
-8.871880340576171875e+01,2.792661857604980469e+01
-8.871929168701171875e+01,2.792881584167480469e+01
-8.871726226806640625e+01,2.792778587341308594e+01
-8.871762847900390625e+01,2.792803764343261719e+01
-8.871921539306640625e+01,2.792691421508789062e+01
-8.871722412109375000e+01,2.792809486389160156e+01
-8.872061157226562500e+01,2.792831039428710938e+01
-8.871745300292968750e+01,2.792731475830078125e+01
-8.871876525878906250e+01,2.792656135559082031e+01
-8.871884155273437500e+01,2.792803382873535156e+01
-8.872042846679687500e+01,2.792854881286621094e+01
-8.871785736083984375e+01,2.792721176147460938e+01
-8.872126770019531250e+01,2.792809677124023438e+01
-8.871812438964843750e+01,2.792658042907714844e+01
-8.871800231933593750e+01,2.792767524719238281e+01
-8.871792602539062500e+01,2.792822074890136719e+01
-8.871927642822265625e+01,2.792832374572753906e+01
-8.872022247314453125e+01,2.792832565307617188e+01
-8.871996307373046875e+01,2.792813491821289062e+01
-8.871829986572265625e+01,2.792845916748046875e+01
-8.871959686279296875e+01,2.792703247070312500e+01
-8.871836853027343750e+01,2.792706680297851562e+01
-8.872152709960937500e+01,2.792764663696289062e+01
-8.872021484375000000e+01,2.792666053771972656e+01
-8.872135925292968750e+01,2.792832946777343750e+01
-8.872044372558593750e+01,2.792821311950683594e+01
-8.872055053710937500e+01,2.792798995971679688e+01
-8.871915435791015625e+01,2.792651939392089844e+01
-8.871900177001953125e+01,2.792699813842773438e+01
-8.871937561035156250e+01,2.792802619934082031e+01
-8.872029876708984375e+01,2.792799377441406250e+01
-8.871885681152343750e+01,2.792715072631835938e+01
-8.872029113769531250e+01,2.792673873901367188e+01
-8.871925354003906250e+01,2.792725372314453125e+01
-8.872074127197265625e+01,2.792705535888671875e+01
-8.871988677978515625e+01,2.792775535583496094e+01
-8.871926116943359375e+01,2.792679786682128906e+01
-8.871984100341796875e+01,2.792709732055664062e+01
-8.871994781494140625e+01,2.792754364013671875e+01
-8.871863555908203125e+01,2.792843055725097656e+01
-8.871916198730468750e+01,2.792646598815917969e+01
-8.871859741210937500e+01,2.792649269104003906e+01
-8.871863555908203125e+01,2.792712974548339844e+01
-8.871797943115234375e+01,2.792709541320800781e+01
-8.871846771240234375e+01,2.792772102355957031e+01
-8.871717071533203125e+01,2.792804145812988281e+01
-8.871971893310546875e+01,2.792806816101074219e+01
-8.871976470947265625e+01,2.792688560485839844e+01
-8.871863555908203125e+01,2.792662048339843750e+01
-8.871701812744140625e+01,2.792727088928222656e+01
-8.872177886962890625e+01,2.792785835266113281e+01
-8.871670532226562500e+01,2.792689704895019531e+01
-8.872136688232421875e+01,2.792789649963378906e+01
-8.871891784667968750e+01,2.792800712585449219e+01
-8.871759033203125000e+01,2.792813491821289062e+01
-8.871793365478515625e+01,2.792845344543457031e+01
-8.871697998046875000e+01,2.792793846130371094e+01
-8.871906280517578125e+01,2.792853736877441406e+01
-8.871817016601562500e+01,2.792784881591796875e+01
-8.872020721435546875e+01,2.792758941650390625e+01
-8.871752166748046875e+01,2.792824363708496094e+01
-8.871727752685546875e+01,2.792648696899414062e+01
-8.871788024902343750e+01,2.792797470092773438e+01
-8.871746826171875000e+01,2.792744255065917969e+01
-8.871911621093750000e+01,2.792676162719726562e+01
-8.872016906738281250e+01,2.792857933044433594e+01
-8.871935272216796875e+01,2.792854309082031250e+01
-8.871836090087890625e+01,2.792844009399414062e+01
-8.871907806396484375e+01,2.792888641357421875e+01
-8.871810150146484375e+01,2.792698669433593750e+01
-8.871755218505859375e+01,2.792814254760742188e+01
-8.871929931640625000e+01,2.792676353454589844e+01
-8.871699523925781250e+01,2.792751884460449219e+01
-8.872074890136718750e+01,2.792777252197265625e+01
-8.871763610839843750e+01,2.792809295654296875e+01
-8.872058105468750000e+01,2.792674636840820312e+01
-8.871891784667968750e+01,2.792792510986328125e+01
-8.871952819824218750e+01,2.792649459838867188e+01
-8.871759796142578125e+01,2.792823982238769531e+01
-8.871859741210937500e+01,2.792656326293945312e+01
-8.871795654296875000e+01,2.792786788940429688e+01
-8.871765899658203125e+01,2.792768669128417969e+01
-8.871652221679687500e+01,2.792711257934570312e+01
-8.871821594238281250e+01,2.792792892456054688e+01
-8.872004699707031250e+01,2.792855834960937500e+01
-8.871759033203125000e+01,2.792740249633789062e+01
-8.871932983398437500e+01,2.792789840698242188e+01
-8.872014617919921875e+01,2.792837142944335938e+01
-8.871952056884765625e+01,2.792829704284667969e+01
-8.872112274169921875e+01,2.792806625366210938e+01
-8.871670532226562500e+01,2.792713356018066406e+01
-8.871977233886718750e+01,2.792765426635742188e+01
-8.871738433837890625e+01,2.792746925354003906e+01
-8.872090148925781250e+01,2.792711448669433594e+01
-8.871836090087890625e+01,2.792710304260253906e+01
-8.871717834472656250e+01,2.792740249633789062e+01
-8.872016906738281250e+01,2.792660522460937500e+01
-8.871738433837890625e+01,2.792711067199707031e+01
-8.871968841552734375e+01,2.792720222473144531e+01
-8.871994781494140625e+01,2.792847061157226562e+01
-8.871931457519531250e+01,2.792725181579589844e+01
-8.871878051757812500e+01,2.792815017700195312e+01
-8.872154235839843750e+01,2.792825698852539062e+01
-8.871814727783203125e+01,2.792860794067382812e+01
-8.871925354003906250e+01,2.792735862731933594e+01
-8.871954345703125000e+01,2.792689895629882812e+01
-8.871849822998046875e+01,2.792654991149902344e+01
-8.871860504150390625e+01,2.792662620544433594e+01
-8.872081756591796875e+01,2.792805671691894531e+01
-8.872199249267578125e+01,2.792832756042480469e+01
-8.871803283691406250e+01,2.792721176147460938e+01
-8.872143554687500000e+01,2.792773437500000000e+01
-8.871662902832031250e+01,2.792741394042968750e+01
-8.871942901611328125e+01,2.792805480957031250e+01
-8.872153472900390625e+01,2.792744255065917969e+01
-8.872144317626953125e+01,2.792835807800292969e+01
-8.871688079833984375e+01,2.792659759521484375e+01
-8.872002410888671875e+01,2.792746543884277344e+01
-8.872055053710937500e+01,2.792676162719726562e+01
-8.872044372558593750e+01,2.792839050292968750e+01
-8.872046661376953125e+01,2.792829132080078125e+01
-8.871894073486328125e+01,2.792680358886718750e+01
-8.871730804443359375e+01,2.792791938781738281e+01
-8.872199249267578125e+01,2.792817878723144531e+01
-8.872000885009765625e+01,2.792730903625488281e+01
-8.871670532226562500e+01,2.792674636840820312e+01
-8.871820831298828125e+01,2.792709541320800781e+01
-8.872087097167968750e+01,2.792778015136718750e+01
-8.871910858154296875e+01,2.792771911621093750e+01
-8.871750640869140625e+01,2.792741203308105469e+01
-8.871778106689453125e+01,2.792717552185058594e+01
-8.872053527832031250e+01,2.792685127258300781e+01
-8.871749114990234375e+01,2.792825698852539062e+01
-8.871847534179687500e+01,2.792816352844238281e+01
-8.871904754638671875e+01,2.792711639404296875e+01
-8.871822357177734375e+01,2.792749595642089844e+01
-8.871730041503906250e+01,2.792794418334960938e+01
-8.871706390380859375e+01,2.792811203002929688e+01
-8.871828460693359375e+01,2.792661285400390625e+01
-8.871658325195312500e+01,2.792766952514648438e+01
-8.872026062011718750e+01,2.792818832397460938e+01
-8.872013854980468750e+01,2.792799568176269531e+01
-8.871917724609375000e+01,2.792823600769042969e+01
-8.871897888183593750e+01,2.792639923095703125e+01
-8.871952819824218750e+01,2.792818069458007812e+01
-8.872066497802734375e+01,2.792804718017578125e+01
-8.871755981445312500e+01,2.792685317993164062e+01
-8.871852874755859375e+01,2.792741775512695312e+01
-8.871695709228515625e+01,2.792770004272460938e+01
-8.872002410888671875e+01,2.792685127258300781e+01
-8.872140502929687500e+01,2.792827987670898438e+01
-8.872097015380859375e+01,2.792726516723632812e+01
-8.871952819824218750e+01,2.792697906494140625e+01
-8.871875000000000000e+01,2.792859268188476562e+01
-8.872024536132812500e+01,2.792756843566894531e+01
-8.871691894531250000e+01,2.792769241333007812e+01
-8.871978759765625000e+01,2.792851448059082031e+01
-8.871953582763671875e+01,2.792888832092285156e+01
-8.872026824951171875e+01,2.792862701416015625e+01
-8.871821594238281250e+01,2.792651367187500000e+01
-8.871670532226562500e+01,2.792750930786132812e+01
-8.871951293945312500e+01,2.792666053771972656e+01
-8.871856689453125000e+01,2.792841911315917969e+01
-8.871735382080078125e+01,2.792668914794921875e+01
-8.872105407714843750e+01,2.792774963378906250e+01
-8.872064208984375000e+01,2.792753791809082031e+01
-8.871718597412109375e+01,2.792735671997070312e+01
-8.872099304199218750e+01,2.792726707458496094e+01
-8.872120666503906250e+01,2.792785263061523438e+01
-8.871950531005859375e+01,2.792660713195800781e+01
-8.872090911865234375e+01,2.792782020568847656e+01
-8.871728515625000000e+01,2.792752075195312500e+01
-8.872074127197265625e+01,2.792724227905273438e+01
-8.872094726562500000e+01,2.792712974548339844e+01
-8.872012329101562500e+01,2.792682456970214844e+01
-8.871778106689453125e+01,2.792827033996582031e+01
-8.871943664550781250e+01,2.792669868469238281e+01
-8.872143554687500000e+01,2.792736053466796875e+01
-8.871841430664062500e+01,2.792735099792480469e+01
-8.871813964843750000e+01,2.792804336547851562e+01
-8.871755218505859375e+01,2.792679405212402344e+01
-8.871900939941406250e+01,2.792737197875976562e+01
-8.871922302246093750e+01,2.792884826660156250e+01
-8.872047424316406250e+01,2.792692184448242188e+01
-8.871977996826171875e+01,2.792858695983886719e+01
-8.871921539306640625e+01,2.792648124694824219e+01
-8.871860504150390625e+01,2.792824745178222656e+01
-8.872080993652343750e+01,2.792838478088378906e+01
-8.871923065185546875e+01,2.792811393737792969e+01
-8.871805572509765625e+01,2.792697143554687500e+01
-8.872139739990234375e+01,2.792758560180664062e+01
-8.871983337402343750e+01,2.792714118957519531e+01
-8.871782684326171875e+01,2.792725563049316406e+01
-8.871777343750000000e+01,2.792680358886718750e+01
-8.871982574462890625e+01,2.792837905883789062e+01
-8.872042083740234375e+01,2.792821502685546875e+01
-8.871894836425781250e+01,2.792822647094726562e+01
-8.872135162353515625e+01,2.792810058593750000e+01
-8.872064971923828125e+01,2.792686653137207031e+01
-8.871952056884765625e+01,2.792734146118164062e+01
-8.871828460693359375e+01,2.792692375183105469e+01
-8.871906280517578125e+01,2.792760276794433594e+01
-8.871971893310546875e+01,2.792682838439941406e+01
-8.871862792968750000e+01,2.792780685424804688e+01
-8.871944427490234375e+01,2.792866897583007812e+01
-8.871700286865234375e+01,2.792646217346191406e+01
-8.872021484375000000e+01,2.792852973937988281e+01
-8.871977996826171875e+01,2.792794990539550781e+01
-8.871962738037109375e+01,2.792832374572753906e+01
-8.871904754638671875e+01,2.792738723754882812e+01
-8.871840667724609375e+01,2.792872810363769531e+01
-8.871781158447265625e+01,2.792714500427246094e+01
