longitude,latitude
-8.998116302490234375e+01,2.711519813537597656e+01
-8.998229217529296875e+01,2.711329841613769531e+01
-8.998190307617187500e+01,2.711371803283691406e+01
-8.998167419433593750e+01,2.711383628845214844e+01
-8.998200988769531250e+01,2.711372756958007812e+01
-8.998150634765625000e+01,2.711394882202148438e+01
-8.998160552978515625e+01,2.711440849304199219e+01
-8.998158264160156250e+01,2.711416435241699219e+01
-8.998217010498046875e+01,2.711352539062500000e+01
-8.998222351074218750e+01,2.711442184448242188e+01
-8.998180389404296875e+01,2.711484909057617188e+01
-8.998178100585937500e+01,2.711411285400390625e+01
-8.998127746582031250e+01,2.711544418334960938e+01
-8.998135375976562500e+01,2.711427879333496094e+01
-8.998213195800781250e+01,2.711371612548828125e+01
-8.998136138916015625e+01,2.711462020874023438e+01
-8.998132324218750000e+01,2.711545372009277344e+01
-8.998171997070312500e+01,2.711459922790527344e+01
-8.998116302490234375e+01,2.711563491821289062e+01
-8.998214721679687500e+01,2.711396789550781250e+01
-8.998105621337890625e+01,2.711507987976074219e+01
-8.998210906982421875e+01,2.711403465270996094e+01
-8.998206329345703125e+01,2.711341094970703125e+01
-8.998222351074218750e+01,2.711433601379394531e+01
-8.998140716552734375e+01,2.711505317687988281e+01
-8.998146057128906250e+01,2.711431503295898438e+01
-8.998151397705078125e+01,2.711472511291503906e+01
-8.998196411132812500e+01,2.711379432678222656e+01
-8.998213195800781250e+01,2.711451530456542969e+01
-8.998206329345703125e+01,2.711396789550781250e+01
-8.998190307617187500e+01,2.711508178710937500e+01
-8.998199462890625000e+01,2.711352729797363281e+01
-8.998122406005859375e+01,2.711447143554687500e+01
-8.998125457763671875e+01,2.711552429199218750e+01
-8.998155975341796875e+01,2.711482620239257812e+01
-8.998187255859375000e+01,2.711363601684570312e+01
-8.998148345947265625e+01,2.711433601379394531e+01
-8.998139190673828125e+01,2.711537361145019531e+01
-8.998210906982421875e+01,2.711453437805175781e+01
-8.998165893554687500e+01,2.711413764953613281e+01
-8.998225402832031250e+01,2.711369323730468750e+01
-8.998117828369140625e+01,2.711550521850585938e+01
-8.998204040527343750e+01,2.711386680603027344e+01
-8.998152160644531250e+01,2.711400413513183594e+01
-8.998125457763671875e+01,2.711492919921875000e+01
-8.998149108886718750e+01,2.711488342285156250e+01
-8.998183441162109375e+01,2.711521911621093750e+01
-8.998136138916015625e+01,2.711502075195312500e+01
-8.998148345947265625e+01,2.711494636535644531e+01
-8.998212432861328125e+01,2.711371421813964844e+01
-8.998130798339843750e+01,2.711514282226562500e+01
-8.998117065429687500e+01,2.711509132385253906e+01
-8.998210144042968750e+01,2.711415481567382812e+01
-8.998209381103515625e+01,2.711415100097656250e+01
-8.998143768310546875e+01,2.711413383483886719e+01
-8.998206329345703125e+01,2.711351013183593750e+01
-8.998207855224609375e+01,2.711434936523437500e+01
-8.998135375976562500e+01,2.711519241333007812e+01
-8.998123168945312500e+01,2.711451339721679688e+01
-8.998202514648437500e+01,2.711406707763671875e+01
-8.998210906982421875e+01,2.711430931091308594e+01
-8.998201751708984375e+01,2.711393928527832031e+01
-8.998132324218750000e+01,2.711447334289550781e+01
-8.998181915283203125e+01,2.711497116088867188e+01
-8.998156738281250000e+01,2.711449241638183594e+01
-8.998223876953125000e+01,2.711405754089355469e+01
-8.998207092285156250e+01,2.711347198486328125e+01
-8.998198699951171875e+01,2.711345672607421875e+01
-8.998155975341796875e+01,2.711528015136718750e+01
-8.998213958740234375e+01,2.711343002319335938e+01
-8.998126220703125000e+01,2.711463546752929688e+01
-8.998196411132812500e+01,2.711452102661132812e+01
-8.998215484619140625e+01,2.711344146728515625e+01
-8.998186492919921875e+01,2.711505508422851562e+01
-8.998156738281250000e+01,2.711516952514648438e+01
-8.998164367675781250e+01,2.711398887634277344e+01
-8.998182678222656250e+01,2.711385917663574219e+01
-8.998187255859375000e+01,2.711475944519042969e+01
-8.998199462890625000e+01,2.711473274230957031e+01
-8.998228454589843750e+01,2.711368751525878906e+01
-8.998143768310546875e+01,2.711437988281250000e+01
-8.998217773437500000e+01,2.711437416076660156e+01
-8.998113250732421875e+01,2.711511802673339844e+01
-8.998218536376953125e+01,2.711430931091308594e+01
-8.998191070556640625e+01,2.711396598815917969e+01
-8.998117065429687500e+01,2.711456489562988281e+01
-8.998142242431640625e+01,2.711540603637695312e+01
-8.998166656494140625e+01,2.711509513854980469e+01
-8.998211669921875000e+01,2.711355972290039062e+01
-8.998133087158203125e+01,2.711550903320312500e+01
-8.998143768310546875e+01,2.711459159851074219e+01
-8.998191833496093750e+01,2.711497688293457031e+01
-8.998160552978515625e+01,2.711456108093261719e+01
-8.998133850097656250e+01,2.711437797546386719e+01
-8.998164367675781250e+01,2.711430931091308594e+01
-8.998191070556640625e+01,2.711385154724121094e+01
-8.998188781738281250e+01,2.711394309997558594e+01
-8.998136901855468750e+01,2.711517524719238281e+01
-8.998171997070312500e+01,2.711442756652832031e+01
-8.998153686523437500e+01,2.711494255065917969e+01
-8.998229217529296875e+01,2.711435699462890625e+01
-8.998191833496093750e+01,2.711397933959960938e+01
-8.998220825195312500e+01,2.711331367492675781e+01
-8.998168182373046875e+01,2.711454010009765625e+01
-8.998126983642578125e+01,2.711493873596191406e+01
-8.998195648193359375e+01,2.711390686035156250e+01
-8.998188018798828125e+01,2.711401176452636719e+01
-8.998231506347656250e+01,2.711358833312988281e+01
-8.998188018798828125e+01,2.711449623107910156e+01
-8.998220062255859375e+01,2.711378860473632812e+01
-8.998194122314453125e+01,2.711481857299804688e+01
-8.998203277587890625e+01,2.711451339721679688e+01
-8.998162841796875000e+01,2.711491966247558594e+01
-8.998185729980468750e+01,2.711377716064453125e+01
-8.998207855224609375e+01,2.711328125000000000e+01
-8.998134613037109375e+01,2.711528205871582031e+01
-8.998197174072265625e+01,2.711469650268554688e+01
-8.998171234130859375e+01,2.711413574218750000e+01
-8.998208618164062500e+01,2.711317443847656250e+01
-8.998130035400390625e+01,2.711543464660644531e+01
-8.998182678222656250e+01,2.711499977111816406e+01
-8.998127746582031250e+01,2.711503410339355469e+01
-8.998198699951171875e+01,2.711407661437988281e+01
-8.998224639892578125e+01,2.711366271972656250e+01
-8.998173522949218750e+01,2.711415672302246094e+01
-8.998148345947265625e+01,2.711522293090820312e+01
-8.998197174072265625e+01,2.711456298828125000e+01
-8.998137664794921875e+01,2.711439704895019531e+01
-8.998166656494140625e+01,2.711425018310546875e+01
-8.998159790039062500e+01,2.711466789245605469e+01
-8.998178863525390625e+01,2.711400413513183594e+01
-8.998151397705078125e+01,2.711419486999511719e+01
-8.998165130615234375e+01,2.711516571044921875e+01
-8.998158264160156250e+01,2.711410522460937500e+01
-8.998190307617187500e+01,2.711334800720214844e+01
-8.998214721679687500e+01,2.711394882202148438e+01
-8.998204803466796875e+01,2.711344909667968750e+01
-8.998179626464843750e+01,2.711407661437988281e+01
-8.998204040527343750e+01,2.711440086364746094e+01
-8.998226165771484375e+01,2.711320877075195312e+01
-8.998143768310546875e+01,2.711417198181152344e+01
-8.998217010498046875e+01,2.711379814147949219e+01
-8.998128509521484375e+01,2.711414909362792969e+01
-8.998163604736328125e+01,2.711519813537597656e+01
-8.998129272460937500e+01,2.711528778076171875e+01
-8.998223114013671875e+01,2.711318588256835938e+01
-8.998118591308593750e+01,2.711527061462402344e+01
-8.998216247558593750e+01,2.711348915100097656e+01
-8.998226928710937500e+01,2.711418533325195312e+01
-8.998186492919921875e+01,2.711495399475097656e+01
-8.998182678222656250e+01,2.711409187316894531e+01
-8.998137664794921875e+01,2.711424255371093750e+01
-8.998156738281250000e+01,2.711541748046875000e+01
-8.998211669921875000e+01,2.711463737487792969e+01
-8.998195648193359375e+01,2.711464309692382812e+01
-8.998183441162109375e+01,2.711531066894531250e+01
-8.998196411132812500e+01,2.711469841003417969e+01
-8.998169708251953125e+01,2.711502838134765625e+01
-8.998126983642578125e+01,2.711489677429199219e+01
-8.998188018798828125e+01,2.711517524719238281e+01
-8.998134613037109375e+01,2.711488533020019531e+01
-8.998160552978515625e+01,2.711358070373535156e+01
-8.998227691650390625e+01,2.711365318298339844e+01
-8.998204040527343750e+01,2.711428260803222656e+01
-8.998113250732421875e+01,2.711559486389160156e+01
-8.998171997070312500e+01,2.711507225036621094e+01
-8.998212432861328125e+01,2.711394119262695312e+01
-8.998157501220703125e+01,2.711499977111816406e+01
-8.998165130615234375e+01,2.711484909057617188e+01
-8.998191070556640625e+01,2.711443710327148438e+01
-8.998171997070312500e+01,2.711495018005371094e+01
-8.998143005371093750e+01,2.711510086059570312e+01
-8.998201751708984375e+01,2.711437797546386719e+01
-8.998145294189453125e+01,2.711536979675292969e+01
-8.998203277587890625e+01,2.711473083496093750e+01
-8.998146820068359375e+01,2.711399459838867188e+01
-8.998128509521484375e+01,2.711447525024414062e+01
-8.998183441162109375e+01,2.711484146118164062e+01
-8.998133850097656250e+01,2.711449432373046875e+01
-8.998143005371093750e+01,2.711472511291503906e+01
-8.998228454589843750e+01,2.711418914794921875e+01
-8.998157501220703125e+01,2.711463928222656250e+01
-8.998123168945312500e+01,2.711505508422851562e+01
-8.998216247558593750e+01,2.711385536193847656e+01
-8.998166656494140625e+01,2.711499214172363281e+01
-8.998197174072265625e+01,2.711445617675781250e+01
-8.998201751708984375e+01,2.711374282836914062e+01
-8.998159027099609375e+01,2.711420631408691406e+01
-8.998118591308593750e+01,2.711468505859375000e+01
-8.998107910156250000e+01,2.711504936218261719e+01
-8.998180389404296875e+01,2.711375236511230469e+01
-8.998211669921875000e+01,2.711415481567382812e+01
-8.998159027099609375e+01,2.711366081237792969e+01
-8.998145294189453125e+01,2.711432075500488281e+01
-8.998162841796875000e+01,2.711400985717773438e+01
-8.998144531250000000e+01,2.711413383483886719e+01
-8.998185729980468750e+01,2.711395645141601562e+01
-8.998107147216796875e+01,2.711511039733886719e+01
-8.998210906982421875e+01,2.711421394348144531e+01
-8.998200988769531250e+01,2.711457252502441406e+01
-8.998205566406250000e+01,2.711361694335937500e+01
-8.998140716552734375e+01,2.711412429809570312e+01
-8.998189544677734375e+01,2.711399650573730469e+01
-8.998120117187500000e+01,2.711477279663085938e+01
-8.998155212402343750e+01,2.711558151245117188e+01
-8.998174285888671875e+01,2.711497879028320312e+01
-8.998222351074218750e+01,2.711421585083007812e+01
-8.998120880126953125e+01,2.711441230773925781e+01
-8.998208618164062500e+01,2.711327552795410156e+01
-8.998203277587890625e+01,2.711445236206054688e+01
-8.998110961914062500e+01,2.711507797241210938e+01
-8.998178100585937500e+01,2.711421203613281250e+01
-8.998148345947265625e+01,2.711395263671875000e+01
-8.998146057128906250e+01,2.711491394042968750e+01
-8.998153686523437500e+01,2.711509513854980469e+01
-8.998222351074218750e+01,2.711382675170898438e+01
-8.998171234130859375e+01,2.711408233642578125e+01
-8.998136138916015625e+01,2.711455726623535156e+01
-8.998129272460937500e+01,2.711530876159667969e+01
-8.998178100585937500e+01,2.711517524719238281e+01
-8.998198699951171875e+01,2.711371421813964844e+01
-8.998213195800781250e+01,2.711454772949218750e+01
-8.998196411132812500e+01,2.711400604248046875e+01
-8.998143005371093750e+01,2.711407852172851562e+01
-8.998181915283203125e+01,2.711517906188964844e+01
-8.998148345947265625e+01,2.711398124694824219e+01
-8.998171234130859375e+01,2.711498069763183594e+01
-8.998156738281250000e+01,2.711426544189453125e+01
-8.998164367675781250e+01,2.711495780944824219e+01
-8.998221588134765625e+01,2.711406898498535156e+01
-8.998154449462890625e+01,2.711433029174804688e+01
-8.998195648193359375e+01,2.711438751220703125e+01
-8.998162841796875000e+01,2.711405563354492188e+01
-8.998149108886718750e+01,2.711421394348144531e+01
-8.998174285888671875e+01,2.711474990844726562e+01
-8.998157501220703125e+01,2.711472320556640625e+01
-8.998204040527343750e+01,2.711463737487792969e+01
-8.998149871826171875e+01,2.711448097229003906e+01
-8.998168945312500000e+01,2.711413955688476562e+01
-8.998183441162109375e+01,2.711377906799316406e+01
-8.998141479492187500e+01,2.711460876464843750e+01
-8.998179626464843750e+01,2.711496925354003906e+01
-8.998197937011718750e+01,2.711505126953125000e+01
-8.998180389404296875e+01,2.711531829833984375e+01
-8.998219299316406250e+01,2.711417579650878906e+01
-8.998197174072265625e+01,2.711444664001464844e+01
-8.998215484619140625e+01,2.711352539062500000e+01
-8.998204803466796875e+01,2.711377334594726562e+01
-8.998153686523437500e+01,2.711384391784667969e+01
-8.998115539550781250e+01,2.711529350280761719e+01
-8.998182678222656250e+01,2.711326408386230469e+01
-8.998136138916015625e+01,2.711444282531738281e+01
-8.998181152343750000e+01,2.711418342590332031e+01
-8.998142242431640625e+01,2.711545372009277344e+01
-8.998169708251953125e+01,2.711465644836425781e+01
-8.998207092285156250e+01,2.711382675170898438e+01
-8.998136901855468750e+01,2.711525344848632812e+01
-8.998141479492187500e+01,2.711546707153320312e+01
-8.998198699951171875e+01,2.711478042602539062e+01
-8.998179626464843750e+01,2.711510086059570312e+01
-8.998227691650390625e+01,2.711420249938964844e+01
-8.998174285888671875e+01,2.711405754089355469e+01
-8.998146057128906250e+01,2.711387825012207031e+01
-8.998179626464843750e+01,2.711381912231445312e+01
-8.998191833496093750e+01,2.711504173278808594e+01
-8.998190307617187500e+01,2.711453628540039062e+01
-8.998143005371093750e+01,2.711456680297851562e+01
-8.998194885253906250e+01,2.711343955993652344e+01
-8.998120880126953125e+01,2.711467170715332031e+01
-8.998121643066406250e+01,2.711420249938964844e+01
-8.998228454589843750e+01,2.711418914794921875e+01
-8.998159027099609375e+01,2.711395263671875000e+01
-8.998194122314453125e+01,2.711492729187011719e+01
-8.998167419433593750e+01,2.711511230468750000e+01
-8.998205566406250000e+01,2.711473846435546875e+01
-8.998182678222656250e+01,2.711478233337402344e+01
-8.998155975341796875e+01,2.711413002014160156e+01
-8.998194122314453125e+01,2.711412048339843750e+01
-8.998147583007812500e+01,2.711413574218750000e+01
-8.998208618164062500e+01,2.711367225646972656e+01
-8.998182678222656250e+01,2.711531066894531250e+01
-8.998149108886718750e+01,2.711402702331542969e+01
-8.998173522949218750e+01,2.711370086669921875e+01
-8.998233032226562500e+01,2.711401367187500000e+01
-8.998180389404296875e+01,2.711423873901367188e+01
-8.998154449462890625e+01,2.711556243896484375e+01
-8.998203277587890625e+01,2.711475181579589844e+01
-8.998213195800781250e+01,2.711316490173339844e+01
-8.998159790039062500e+01,2.711543273925781250e+01
-8.998175048828125000e+01,2.711344337463378906e+01
-8.998124694824218750e+01,2.711443519592285156e+01
-8.998209381103515625e+01,2.711423873901367188e+01
-8.998203277587890625e+01,2.711326599121093750e+01
-8.998191070556640625e+01,2.711435699462890625e+01
-8.998122406005859375e+01,2.711506843566894531e+01
-8.998133087158203125e+01,2.711442756652832031e+01
-8.998175811767578125e+01,2.711485862731933594e+01
-8.998201751708984375e+01,2.711457061767578125e+01
-8.998159790039062500e+01,2.711498832702636719e+01
-8.998189544677734375e+01,2.711381912231445312e+01
-8.998129272460937500e+01,2.711480903625488281e+01
-8.998225402832031250e+01,2.711344718933105469e+01
-8.998159027099609375e+01,2.711373329162597656e+01
-8.998119354248046875e+01,2.711567687988281250e+01
-8.998155212402343750e+01,2.711433601379394531e+01
-8.998119354248046875e+01,2.711565780639648438e+01
-8.998111724853515625e+01,2.711563110351562500e+01
-8.998182678222656250e+01,2.711332130432128906e+01
-8.998141479492187500e+01,2.711443519592285156e+01
-8.998178100585937500e+01,2.711441993713378906e+01
-8.998173522949218750e+01,2.711490440368652344e+01
-8.998205566406250000e+01,2.711452674865722656e+01
-8.998174285888671875e+01,2.711396217346191406e+01
-8.998214721679687500e+01,2.711321640014648438e+01
-8.998175811767578125e+01,2.711440849304199219e+01
-8.998126983642578125e+01,2.711487579345703125e+01
-8.998176574707031250e+01,2.711382865905761719e+01
-8.998157501220703125e+01,2.711443519592285156e+01
-8.998193359375000000e+01,2.711463356018066406e+01
-8.998176574707031250e+01,2.711387634277343750e+01
-8.998199462890625000e+01,2.711403274536132812e+01
-8.998226165771484375e+01,2.711336898803710938e+01
-8.998113250732421875e+01,2.711526489257812500e+01
-8.998188018798828125e+01,2.711422920227050781e+01
-8.998186492919921875e+01,2.711498832702636719e+01
-8.998172760009765625e+01,2.711453056335449219e+01
-8.998152160644531250e+01,2.711508750915527344e+01
-8.998159790039062500e+01,2.711500167846679688e+01
-8.998225402832031250e+01,2.711343002319335938e+01
-8.998153686523437500e+01,2.711555099487304688e+01
-8.998217010498046875e+01,2.711335372924804688e+01
-8.998201751708984375e+01,2.711385536193847656e+01
-8.998188018798828125e+01,2.711445617675781250e+01
-8.998231506347656250e+01,2.711413383483886719e+01
-8.998191070556640625e+01,2.711377143859863281e+01
-8.998192596435546875e+01,2.711506843566894531e+01
-8.998197937011718750e+01,2.711349678039550781e+01
-8.998144531250000000e+01,2.711397361755371094e+01
-8.998120880126953125e+01,2.711472892761230469e+01
-8.998191070556640625e+01,2.711369705200195312e+01
-8.998216247558593750e+01,2.711339569091796875e+01
-8.998194885253906250e+01,2.711363983154296875e+01
-8.998213958740234375e+01,2.711435317993164062e+01
-8.998165130615234375e+01,2.711483764648437500e+01
-8.998147583007812500e+01,2.711465454101562500e+01
-8.998198699951171875e+01,2.711475181579589844e+01
-8.998124694824218750e+01,2.711450386047363281e+01
-8.998120880126953125e+01,2.711524963378906250e+01
-8.998143768310546875e+01,2.711424446105957031e+01
-8.998215484619140625e+01,2.711419677734375000e+01
-8.998145294189453125e+01,2.711518096923828125e+01
-8.998179626464843750e+01,2.711508560180664062e+01
-8.998147583007812500e+01,2.711534500122070312e+01
-8.998149108886718750e+01,2.711476135253906250e+01
-8.998169708251953125e+01,2.711434745788574219e+01
-8.998188018798828125e+01,2.711344718933105469e+01
-8.998211669921875000e+01,2.711382484436035156e+01
-8.998136901855468750e+01,2.711415481567382812e+01
-8.998212432861328125e+01,2.711348342895507812e+01
-8.998199462890625000e+01,2.711439514160156250e+01
-8.998227691650390625e+01,2.711330223083496094e+01
-8.998149108886718750e+01,2.711414146423339844e+01
-8.998188018798828125e+01,2.711500740051269531e+01
-8.998187255859375000e+01,2.711458778381347656e+01
-8.998222351074218750e+01,2.711349487304687500e+01
-8.998152923583984375e+01,2.711409187316894531e+01
-8.998154449462890625e+01,2.711415672302246094e+01
-8.998191833496093750e+01,2.711345291137695312e+01
-8.998197174072265625e+01,2.711354064941406250e+01
-8.998179626464843750e+01,2.711452293395996094e+01
-8.998204803466796875e+01,2.711331176757812500e+01
-8.998146057128906250e+01,2.711388587951660156e+01
-8.998149108886718750e+01,2.711484718322753906e+01
-8.998171997070312500e+01,2.711530303955078125e+01
-8.998130035400390625e+01,2.711419296264648438e+01
-8.998147583007812500e+01,2.711467552185058594e+01
-8.998151397705078125e+01,2.711541557312011719e+01
-8.998143005371093750e+01,2.711541366577148438e+01
-8.998189544677734375e+01,2.711421203613281250e+01
-8.998165893554687500e+01,2.711413002014160156e+01
-8.998174285888671875e+01,2.711507797241210938e+01
-8.998153686523437500e+01,2.711378479003906250e+01
-8.998195648193359375e+01,2.711486434936523438e+01
-8.998184967041015625e+01,2.711511039733886719e+01
-8.998197937011718750e+01,2.711401748657226562e+01
-8.998194122314453125e+01,2.711431884765625000e+01
-8.998178100585937500e+01,2.711480712890625000e+01
-8.998193359375000000e+01,2.711414527893066406e+01
-8.998202514648437500e+01,2.711408424377441406e+01
-8.998122406005859375e+01,2.711529922485351562e+01
-8.998136138916015625e+01,2.711477661132812500e+01
-8.998155212402343750e+01,2.711373329162597656e+01
-8.998163604736328125e+01,2.711448287963867188e+01
-8.998211669921875000e+01,2.711457252502441406e+01
-8.998189544677734375e+01,2.711404991149902344e+01
-8.998167419433593750e+01,2.711535072326660156e+01
-8.998180389404296875e+01,2.711508941650390625e+01
-8.998163604736328125e+01,2.711484718322753906e+01
-8.998208618164062500e+01,2.711443138122558594e+01
-8.998140716552734375e+01,2.711446571350097656e+01
-8.998153686523437500e+01,2.711493301391601562e+01
-8.998149108886718750e+01,2.711487197875976562e+01
-8.998205566406250000e+01,2.711327934265136719e+01
-8.998170471191406250e+01,2.711344146728515625e+01
-8.998104858398437500e+01,2.711505508422851562e+01
-8.998192596435546875e+01,2.711478424072265625e+01
-8.998210144042968750e+01,2.711332702636718750e+01
-8.998153686523437500e+01,2.711424636840820312e+01
-8.998183441162109375e+01,2.711474227905273438e+01
-8.998127746582031250e+01,2.711536407470703125e+01
-8.998178100585937500e+01,2.711500930786132812e+01
-8.998137664794921875e+01,2.711409378051757812e+01
-8.998133087158203125e+01,2.711533355712890625e+01
-8.998213958740234375e+01,2.711457633972167969e+01
-8.998168945312500000e+01,2.711436462402343750e+01
-8.998194122314453125e+01,2.711462974548339844e+01
-8.998158264160156250e+01,2.711437225341796875e+01
-8.998178100585937500e+01,2.711443138122558594e+01
-8.998188018798828125e+01,2.711329650878906250e+01
-8.998113250732421875e+01,2.711453056335449219e+01
-8.998194885253906250e+01,2.711470413208007812e+01
-8.998168945312500000e+01,2.711530494689941406e+01
-8.998160552978515625e+01,2.711387252807617188e+01
-8.998179626464843750e+01,2.711391639709472656e+01
-8.998194122314453125e+01,2.711350440979003906e+01
-8.998152160644531250e+01,2.711519622802734375e+01
-8.998149108886718750e+01,2.711420249938964844e+01
-8.998192596435546875e+01,2.711428642272949219e+01
-8.998158264160156250e+01,2.711469268798828125e+01
-8.998206329345703125e+01,2.711329841613769531e+01
-8.998216247558593750e+01,2.711450386047363281e+01
-8.998178100585937500e+01,2.711513710021972656e+01
-8.998175048828125000e+01,2.711490249633789062e+01
-8.998166656494140625e+01,2.711367797851562500e+01
-8.998169708251953125e+01,2.711463356018066406e+01
-8.998138427734375000e+01,2.711442756652832031e+01
-8.998210144042968750e+01,2.711382675170898438e+01
-8.998209381103515625e+01,2.711437797546386719e+01
-8.998218536376953125e+01,2.711393165588378906e+01
-8.998185729980468750e+01,2.711445426940917969e+01
-8.998181152343750000e+01,2.711374473571777344e+01
-8.998210906982421875e+01,2.711316871643066406e+01
-8.998153686523437500e+01,2.711494636535644531e+01
-8.998184967041015625e+01,2.711429023742675781e+01
-8.998152923583984375e+01,2.711456489562988281e+01
-8.998178863525390625e+01,2.711416435241699219e+01
-8.998195648193359375e+01,2.711456680297851562e+01
-8.998130798339843750e+01,2.711474418640136719e+01
-8.998214721679687500e+01,2.711358451843261719e+01
-8.998224639892578125e+01,2.711421775817871094e+01
-8.998130035400390625e+01,2.711420631408691406e+01
-8.998186492919921875e+01,2.711326789855957031e+01
-8.998198699951171875e+01,2.711342620849609375e+01
-8.998197174072265625e+01,2.711444664001464844e+01
-8.998160552978515625e+01,2.711481666564941406e+01
-8.998149108886718750e+01,2.711521720886230469e+01
-8.998171234130859375e+01,2.711533546447753906e+01
-8.998198699951171875e+01,2.711492919921875000e+01
-8.998161315917968750e+01,2.711496925354003906e+01
-8.998220062255859375e+01,2.711434936523437500e+01
-8.998114776611328125e+01,2.711499786376953125e+01
-8.998162841796875000e+01,2.711392021179199219e+01
-8.998136901855468750e+01,2.711493110656738281e+01
-8.998207855224609375e+01,2.711375427246093750e+01
-8.998155975341796875e+01,2.711410522460937500e+01
-8.998185729980468750e+01,2.711494064331054688e+01
-8.998171997070312500e+01,2.711408615112304688e+01
-8.998217010498046875e+01,2.711425399780273438e+01
-8.998184204101562500e+01,2.711474418640136719e+01
-8.998120880126953125e+01,2.711558341979980469e+01
-8.998211669921875000e+01,2.711409378051757812e+01
-8.998162841796875000e+01,2.711490821838378906e+01
-8.998162078857421875e+01,2.711483955383300781e+01
-8.998120880126953125e+01,2.711461448669433594e+01
-8.998116302490234375e+01,2.711562538146972656e+01
-8.998223114013671875e+01,2.711400222778320312e+01
-8.998117828369140625e+01,2.711543083190917969e+01
-8.998200225830078125e+01,2.711501884460449219e+01
-8.998168182373046875e+01,2.711431694030761719e+01
-8.998158264160156250e+01,2.711408233642578125e+01
-8.998175811767578125e+01,2.711424827575683594e+01
-8.998123168945312500e+01,2.711416816711425781e+01
-8.998207092285156250e+01,2.711355781555175781e+01
-8.998203277587890625e+01,2.711498451232910156e+01
-8.998229980468750000e+01,2.711377143859863281e+01
-8.998184967041015625e+01,2.711348152160644531e+01
-8.998210906982421875e+01,2.711430358886718750e+01
-8.998155975341796875e+01,2.711460685729980469e+01
-8.998197937011718750e+01,2.711355400085449219e+01
-8.998137664794921875e+01,2.711500549316406250e+01
-8.998125457763671875e+01,2.711437416076660156e+01
-8.998141479492187500e+01,2.711458396911621094e+01
-8.998163604736328125e+01,2.711435508728027344e+01
-8.998224639892578125e+01,2.711391448974609375e+01
-8.998136901855468750e+01,2.711524581909179688e+01
-8.998221588134765625e+01,2.711355590820312500e+01
-8.998178863525390625e+01,2.711529541015625000e+01
-8.998136901855468750e+01,2.711434173583984375e+01
-8.998120880126953125e+01,2.711475563049316406e+01
-8.998214721679687500e+01,2.711450958251953125e+01
-8.998123931884765625e+01,2.711420059204101562e+01
-8.998199462890625000e+01,2.711487579345703125e+01
-8.998137664794921875e+01,2.711449050903320312e+01
-8.998217010498046875e+01,2.711427116394042969e+01
-8.998165130615234375e+01,2.711453247070312500e+01
-8.998138427734375000e+01,2.711535263061523438e+01
-8.998223114013671875e+01,2.711370468139648438e+01
-8.998149871826171875e+01,2.711523246765136719e+01
-8.998169708251953125e+01,2.711484718322753906e+01
-8.998175048828125000e+01,2.711493301391601562e+01
-8.998137664794921875e+01,2.711513137817382812e+01
-8.998138427734375000e+01,2.711414337158203125e+01
-8.998162841796875000e+01,2.711520767211914062e+01
-8.998122406005859375e+01,2.711512374877929688e+01
-8.998150634765625000e+01,2.711417770385742188e+01
-8.998123931884765625e+01,2.711491584777832031e+01
-8.998223114013671875e+01,2.711328697204589844e+01
-8.998204040527343750e+01,2.711457633972167969e+01
-8.998202514648437500e+01,2.711460685729980469e+01
-8.998192596435546875e+01,2.711500930786132812e+01
-8.998139190673828125e+01,2.711494255065917969e+01
-8.998133850097656250e+01,2.711454582214355469e+01
-8.998229980468750000e+01,2.711321258544921875e+01
-8.998176574707031250e+01,2.711386871337890625e+01
-8.998201751708984375e+01,2.711458015441894531e+01
-8.998118591308593750e+01,2.711453628540039062e+01
-8.998126983642578125e+01,2.711448860168457031e+01
-8.998177337646484375e+01,2.711357498168945312e+01
-8.998197174072265625e+01,2.711368560791015625e+01
-8.998181915283203125e+01,2.711324501037597656e+01
-8.998111724853515625e+01,2.711527061462402344e+01
-8.998168945312500000e+01,2.711349678039550781e+01
-8.998185729980468750e+01,2.711328697204589844e+01
-8.998222351074218750e+01,2.711435127258300781e+01
-8.998182678222656250e+01,2.711342430114746094e+01
-8.998222351074218750e+01,2.711381912231445312e+01
-8.998185729980468750e+01,2.711441040039062500e+01
-8.998113250732421875e+01,2.711489105224609375e+01
-8.998227691650390625e+01,2.711439704895019531e+01
-8.998209381103515625e+01,2.711415290832519531e+01
-8.998168945312500000e+01,2.711498260498046875e+01
-8.998183441162109375e+01,2.711532020568847656e+01
-8.998190307617187500e+01,2.711334228515625000e+01
-8.998137664794921875e+01,2.711500358581542969e+01
-8.998204803466796875e+01,2.711466407775878906e+01
-8.998169708251953125e+01,2.711532020568847656e+01
-8.998172760009765625e+01,2.711529731750488281e+01
-8.998162841796875000e+01,2.711444091796875000e+01
-8.998133087158203125e+01,2.711546325683593750e+01
-8.998194885253906250e+01,2.711337089538574219e+01
-8.998171997070312500e+01,2.711435890197753906e+01
-8.998136901855468750e+01,2.711397361755371094e+01
-8.998178100585937500e+01,2.711411857604980469e+01
-8.998226928710937500e+01,2.711345481872558594e+01
-8.998212432861328125e+01,2.711444664001464844e+01
-8.998125457763671875e+01,2.711546897888183594e+01
-8.998123931884765625e+01,2.711478042602539062e+01
-8.998213958740234375e+01,2.711369132995605469e+01
-8.998164367675781250e+01,2.711526870727539062e+01
-8.998201751708984375e+01,2.711392974853515625e+01
-8.998124694824218750e+01,2.711537933349609375e+01
-8.998178863525390625e+01,2.711337280273437500e+01
-8.998168945312500000e+01,2.711360740661621094e+01
-8.998161315917968750e+01,2.711470413208007812e+01
-8.998180389404296875e+01,2.711448287963867188e+01
-8.998137664794921875e+01,2.711397361755371094e+01
-8.998168945312500000e+01,2.711505508422851562e+01
-8.998175811767578125e+01,2.711491203308105469e+01
-8.998194122314453125e+01,2.711412239074707031e+01
-8.998204040527343750e+01,2.711425209045410156e+01
-8.998175811767578125e+01,2.711459159851074219e+01
-8.998217773437500000e+01,2.711417388916015625e+01
-8.998154449462890625e+01,2.711377716064453125e+01
-8.998160552978515625e+01,2.711547088623046875e+01
-8.998153686523437500e+01,2.711438560485839844e+01
-8.998200988769531250e+01,2.711400222778320312e+01
-8.998147583007812500e+01,2.711414527893066406e+01
-8.998202514648437500e+01,2.711421012878417969e+01
-8.998208618164062500e+01,2.711461830139160156e+01
-8.998220825195312500e+01,2.711356735229492188e+01
-8.998214721679687500e+01,2.711324119567871094e+01
-8.998185729980468750e+01,2.711442565917968750e+01
-8.998151397705078125e+01,2.711501884460449219e+01
-8.998145294189453125e+01,2.711536407470703125e+01
-8.998199462890625000e+01,2.711389541625976562e+01
-8.998161315917968750e+01,2.711394119262695312e+01
-8.998196411132812500e+01,2.711467552185058594e+01
-8.998205566406250000e+01,2.711364364624023438e+01
-8.998182678222656250e+01,2.711387443542480469e+01
-8.998124694824218750e+01,2.711418151855468750e+01
-8.998213958740234375e+01,2.711397361755371094e+01
-8.998226165771484375e+01,2.711423492431640625e+01
-8.998165893554687500e+01,2.711487388610839844e+01
-8.998141479492187500e+01,2.711417579650878906e+01
-8.998132324218750000e+01,2.711521530151367188e+01
-8.998154449462890625e+01,2.711387634277343750e+01
-8.998175811767578125e+01,2.711436271667480469e+01
-8.998213958740234375e+01,2.711401367187500000e+01
-8.998178863525390625e+01,2.711372375488281250e+01
-8.998220062255859375e+01,2.711406707763671875e+01
-8.998191070556640625e+01,2.711494827270507812e+01
-8.998183441162109375e+01,2.711343383789062500e+01
-8.998196411132812500e+01,2.711406707763671875e+01
-8.998129272460937500e+01,2.711564445495605469e+01
-8.998197937011718750e+01,2.711475753784179688e+01
-8.998132324218750000e+01,2.711542701721191406e+01
-8.998223114013671875e+01,2.711320304870605469e+01
-8.998176574707031250e+01,2.711362838745117188e+01
-8.998117828369140625e+01,2.711555862426757812e+01
-8.998197937011718750e+01,2.711428451538085938e+01
-8.998147583007812500e+01,2.711394882202148438e+01
-8.998118591308593750e+01,2.711543655395507812e+01
-8.998154449462890625e+01,2.711536979675292969e+01
-8.998154449462890625e+01,2.711422348022460938e+01
-8.998220062255859375e+01,2.711386489868164062e+01
-8.998146057128906250e+01,2.711468696594238281e+01
-8.998177337646484375e+01,2.711465072631835938e+01
-8.998189544677734375e+01,2.711374855041503906e+01
-8.998193359375000000e+01,2.711437797546386719e+01
-8.998155212402343750e+01,2.711390304565429688e+01
-8.998159790039062500e+01,2.711371612548828125e+01
-8.998183441162109375e+01,2.711396789550781250e+01
-8.998110961914062500e+01,2.711481094360351562e+01
-8.998168945312500000e+01,2.711383819580078125e+01
-8.998143768310546875e+01,2.711386489868164062e+01
-8.998120117187500000e+01,2.711547088623046875e+01
-8.998150634765625000e+01,2.711497879028320312e+01
-8.998191833496093750e+01,2.711440849304199219e+01
-8.998130798339843750e+01,2.711487770080566406e+01
-8.998156738281250000e+01,2.711496925354003906e+01
-8.998189544677734375e+01,2.711345672607421875e+01
-8.998194122314453125e+01,2.711448478698730469e+01
-8.998138427734375000e+01,2.711483573913574219e+01
-8.998155212402343750e+01,2.711541938781738281e+01
-8.998134613037109375e+01,2.711453247070312500e+01
-8.998207855224609375e+01,2.711409568786621094e+01
-8.998193359375000000e+01,2.711343193054199219e+01
-8.998161315917968750e+01,2.711487388610839844e+01
-8.998217010498046875e+01,2.711403656005859375e+01
-8.998147583007812500e+01,2.711442756652832031e+01
-8.998234558105468750e+01,2.711407852172851562e+01
-8.998166656494140625e+01,2.711388397216796875e+01
-8.998151397705078125e+01,2.711438751220703125e+01
-8.998217010498046875e+01,2.711351966857910156e+01
-8.998144531250000000e+01,2.711384582519531250e+01
-8.998161315917968750e+01,2.711413574218750000e+01
-8.998216247558593750e+01,2.711378669738769531e+01
-8.998165130615234375e+01,2.711422920227050781e+01
-8.998165893554687500e+01,2.711384391784667969e+01
-8.998178100585937500e+01,2.711412620544433594e+01
-8.998173522949218750e+01,2.711338615417480469e+01
-8.998188781738281250e+01,2.711513328552246094e+01
-8.998120880126953125e+01,2.711553955078125000e+01
-8.998229980468750000e+01,2.711397743225097656e+01
-8.998171234130859375e+01,2.711454963684082031e+01
-8.998152160644531250e+01,2.711547660827636719e+01
-8.998167419433593750e+01,2.711371040344238281e+01
-8.998184204101562500e+01,2.711520957946777344e+01
-8.998157501220703125e+01,2.711371994018554688e+01
-8.998151397705078125e+01,2.711547088623046875e+01
-8.998139953613281250e+01,2.711404228210449219e+01
-8.998120880126953125e+01,2.711445236206054688e+01
-8.998133850097656250e+01,2.711414146423339844e+01
-8.998198699951171875e+01,2.711490440368652344e+01
-8.998214721679687500e+01,2.711382675170898438e+01
-8.998172760009765625e+01,2.711436653137207031e+01
-8.998133087158203125e+01,2.711432838439941406e+01
-8.998145294189453125e+01,2.711484909057617188e+01
-8.998220825195312500e+01,2.711413383483886719e+01
-8.998161315917968750e+01,2.711370277404785156e+01
-8.998117828369140625e+01,2.711567115783691406e+01
-8.998139953613281250e+01,2.711391067504882812e+01
-8.998134613037109375e+01,2.711476898193359375e+01
-8.998123168945312500e+01,2.711423301696777344e+01
-8.998224639892578125e+01,2.711318016052246094e+01
-8.998119354248046875e+01,2.711504173278808594e+01
-8.998180389404296875e+01,2.711338424682617188e+01
-8.998123931884765625e+01,2.711448669433593750e+01
-8.998232269287109375e+01,2.711400222778320312e+01
-8.998181915283203125e+01,2.711337661743164062e+01
-8.998211669921875000e+01,2.711385154724121094e+01
-8.998155975341796875e+01,2.711418724060058594e+01
-8.998149108886718750e+01,2.711468887329101562e+01
-8.998192596435546875e+01,2.711394309997558594e+01
-8.998098754882812500e+01,2.711517143249511719e+01
-8.998165130615234375e+01,2.711415863037109375e+01
-8.998199462890625000e+01,2.711374664306640625e+01
-8.998178100585937500e+01,2.711481094360351562e+01
-8.998108673095703125e+01,2.711509132385253906e+01
-8.998204040527343750e+01,2.711340522766113281e+01
-8.998213958740234375e+01,2.711359024047851562e+01
-8.998133087158203125e+01,2.711545562744140625e+01
-8.998187255859375000e+01,2.711416053771972656e+01
-8.998145294189453125e+01,2.711469841003417969e+01
-8.998171234130859375e+01,2.711377525329589844e+01
-8.998117828369140625e+01,2.711509895324707031e+01
-8.998181915283203125e+01,2.711420059204101562e+01
-8.998178863525390625e+01,2.711530113220214844e+01
-8.998174285888671875e+01,2.711333656311035156e+01
-8.998197174072265625e+01,2.711396789550781250e+01
-8.998146057128906250e+01,2.711527633666992188e+01
-8.998159027099609375e+01,2.711393356323242188e+01
-8.998127746582031250e+01,2.711489295959472656e+01
-8.998181152343750000e+01,2.711358642578125000e+01
-8.998200988769531250e+01,2.711478996276855469e+01
-8.998147583007812500e+01,2.711468887329101562e+01
-8.998201751708984375e+01,2.711488342285156250e+01
-8.998131561279296875e+01,2.711520767211914062e+01
-8.998208618164062500e+01,2.711391448974609375e+01
-8.998120880126953125e+01,2.711476516723632812e+01
-8.998171234130859375e+01,2.711370658874511719e+01
-8.998182678222656250e+01,2.711370468139648438e+01
-8.998191833496093750e+01,2.711343574523925781e+01
-8.998222351074218750e+01,2.711431312561035156e+01
-8.998114013671875000e+01,2.711551666259765625e+01
-8.998149871826171875e+01,2.711494064331054688e+01
-8.998125457763671875e+01,2.711514282226562500e+01
-8.998173522949218750e+01,2.711460304260253906e+01
-8.998200988769531250e+01,2.711468505859375000e+01
-8.998226165771484375e+01,2.711429595947265625e+01
-8.998217773437500000e+01,2.711425971984863281e+01
-8.998147583007812500e+01,2.711406135559082031e+01
-8.998210906982421875e+01,2.711379051208496094e+01
-8.998126983642578125e+01,2.711457443237304688e+01
-8.998230743408203125e+01,2.711408615112304688e+01
-8.998168945312500000e+01,2.711510848999023438e+01
-8.998142242431640625e+01,2.711477851867675781e+01
-8.998176574707031250e+01,2.711470413208007812e+01
-8.998217010498046875e+01,2.711347007751464844e+01
-8.998170471191406250e+01,2.711500930786132812e+01
-8.998207092285156250e+01,2.711338806152343750e+01
-8.998127746582031250e+01,2.711439514160156250e+01
-8.998159790039062500e+01,2.711511993408203125e+01
-8.998120880126953125e+01,2.711446571350097656e+01
-8.998163604736328125e+01,2.711542510986328125e+01
-8.998217773437500000e+01,2.711312484741210938e+01
-8.998188018798828125e+01,2.711333084106445312e+01
-8.998217010498046875e+01,2.711381530761718750e+01
-8.998215484619140625e+01,2.711432647705078125e+01
-8.998213958740234375e+01,2.711450195312500000e+01
-8.998124694824218750e+01,2.711463356018066406e+01
-8.998207092285156250e+01,2.711490440368652344e+01
-8.998140716552734375e+01,2.711465072631835938e+01
-8.998110961914062500e+01,2.711502456665039062e+01
-8.998201751708984375e+01,2.711487770080566406e+01
-8.998229217529296875e+01,2.711363220214843750e+01
-8.998152160644531250e+01,2.711403465270996094e+01
-8.998192596435546875e+01,2.711335945129394531e+01
-8.998220825195312500e+01,2.711374092102050781e+01
-8.998197937011718750e+01,2.711379051208496094e+01
-8.998180389404296875e+01,2.711380577087402344e+01
-8.998146057128906250e+01,2.711396789550781250e+01
-8.998188018798828125e+01,2.711471557617187500e+01
-8.998192596435546875e+01,2.711398696899414062e+01
-8.998144531250000000e+01,2.711415290832519531e+01
-8.998118591308593750e+01,2.711531448364257812e+01
-8.998221588134765625e+01,2.711325454711914062e+01
-8.998178863525390625e+01,2.711477661132812500e+01
-8.998171234130859375e+01,2.711350631713867188e+01
-8.998179626464843750e+01,2.711378669738769531e+01
-8.998103332519531250e+01,2.711520004272460938e+01
-8.998222351074218750e+01,2.711321830749511719e+01
-8.998191070556640625e+01,2.711472511291503906e+01
-8.998171997070312500e+01,2.711389350891113281e+01
-8.998126983642578125e+01,2.711438941955566406e+01
-8.998233795166015625e+01,2.711410331726074219e+01
-8.998164367675781250e+01,2.711479377746582031e+01
-8.998110198974609375e+01,2.711558723449707031e+01
-8.998129272460937500e+01,2.711545372009277344e+01
-8.998165130615234375e+01,2.711401939392089844e+01
-8.998226928710937500e+01,2.711408042907714844e+01
-8.998123931884765625e+01,2.711443710327148438e+01
-8.998185729980468750e+01,2.711427688598632812e+01
-8.998131561279296875e+01,2.711454391479492188e+01
-8.998220062255859375e+01,2.711401748657226562e+01
-8.998114013671875000e+01,2.711561203002929688e+01
-8.998142242431640625e+01,2.711411285400390625e+01
-8.998223876953125000e+01,2.711344909667968750e+01
-8.998181915283203125e+01,2.711511230468750000e+01
-8.998212432861328125e+01,2.711405563354492188e+01
-8.998149108886718750e+01,2.711540412902832031e+01
-8.998169708251953125e+01,2.711435890197753906e+01
-8.998188018798828125e+01,2.711491203308105469e+01
-8.998138427734375000e+01,2.711509895324707031e+01
-8.998182678222656250e+01,2.711323165893554688e+01
-8.998154449462890625e+01,2.711489868164062500e+01
-8.998126983642578125e+01,2.711511230468750000e+01
-8.998103332519531250e+01,2.711520767211914062e+01
-8.998159027099609375e+01,2.711474990844726562e+01
-8.998137664794921875e+01,2.711397361755371094e+01
-8.998226928710937500e+01,2.711438179016113281e+01
-8.998187255859375000e+01,2.711440086364746094e+01
-8.998120117187500000e+01,2.711453819274902344e+01
-8.998189544677734375e+01,2.711505889892578125e+01
-8.998195648193359375e+01,2.711382675170898438e+01
-8.998224639892578125e+01,2.711326980590820312e+01
-8.998220825195312500e+01,2.711403465270996094e+01
-8.998197937011718750e+01,2.711361503601074219e+01
-8.998128509521484375e+01,2.711543846130371094e+01
-8.998191833496093750e+01,2.711418151855468750e+01
-8.998162078857421875e+01,2.711508369445800781e+01
-8.998149871826171875e+01,2.711479759216308594e+01
-8.998170471191406250e+01,2.711422729492187500e+01
-8.998200988769531250e+01,2.711434936523437500e+01
-8.998168182373046875e+01,2.711388015747070312e+01
-8.998143005371093750e+01,2.711498260498046875e+01
-8.998210144042968750e+01,2.711345672607421875e+01
-8.998200225830078125e+01,2.711360168457031250e+01
-8.998189544677734375e+01,2.711494064331054688e+01
-8.998216247558593750e+01,2.711454963684082031e+01
-8.998162078857421875e+01,2.711491966247558594e+01
-8.998151397705078125e+01,2.711373138427734375e+01
-8.998219299316406250e+01,2.711407089233398438e+01
-8.998117065429687500e+01,2.711507987976074219e+01
-8.998133850097656250e+01,2.711487197875976562e+01
-8.998220825195312500e+01,2.711342048645019531e+01
-8.998188781738281250e+01,2.711467933654785156e+01
-8.998181915283203125e+01,2.711472129821777344e+01
-8.998224639892578125e+01,2.711373710632324219e+01
-8.998143005371093750e+01,2.711495399475097656e+01
-8.998110198974609375e+01,2.711488151550292969e+01
-8.998101043701171875e+01,2.711516571044921875e+01
-8.998191833496093750e+01,2.711385917663574219e+01
-8.998166656494140625e+01,2.711472320556640625e+01
-8.998210906982421875e+01,2.711396980285644531e+01
-8.998203277587890625e+01,2.711441230773925781e+01
-8.998127746582031250e+01,2.711525344848632812e+01
-8.998155975341796875e+01,2.711505889892578125e+01
-8.998141479492187500e+01,2.711427688598632812e+01
-8.998160552978515625e+01,2.711480903625488281e+01
-8.998136138916015625e+01,2.711406326293945312e+01
-8.998171234130859375e+01,2.711413383483886719e+01
-8.998181152343750000e+01,2.711343383789062500e+01
-8.998205566406250000e+01,2.711342048645019531e+01
-8.998191070556640625e+01,2.711438941955566406e+01
-8.998178100585937500e+01,2.711490821838378906e+01
-8.998132324218750000e+01,2.711541938781738281e+01
-8.998120880126953125e+01,2.711522293090820312e+01
-8.998153686523437500e+01,2.711431694030761719e+01
-8.998124694824218750e+01,2.711507034301757812e+01
-8.998184967041015625e+01,2.711472892761230469e+01
-8.998183441162109375e+01,2.711354064941406250e+01
-8.998199462890625000e+01,2.711429214477539062e+01
-8.998184204101562500e+01,2.711385345458984375e+01
-8.998172760009765625e+01,2.711338615417480469e+01
-8.998200988769531250e+01,2.711367797851562500e+01
-8.998228454589843750e+01,2.711324310302734375e+01
-8.998228454589843750e+01,2.711370086669921875e+01
-8.998220062255859375e+01,2.711332702636718750e+01
-8.998225402832031250e+01,2.711368560791015625e+01
-8.998184204101562500e+01,2.711418151855468750e+01
-8.998143005371093750e+01,2.711446952819824219e+01
-8.998151397705078125e+01,2.711512374877929688e+01
-8.998176574707031250e+01,2.711332130432128906e+01
-8.998179626464843750e+01,2.711515808105468750e+01
-8.998156738281250000e+01,2.711402702331542969e+01
-8.998201751708984375e+01,2.711344909667968750e+01
-8.998211669921875000e+01,2.711351394653320312e+01
-8.998201751708984375e+01,2.711348533630371094e+01
-8.998131561279296875e+01,2.711438369750976562e+01
-8.998158264160156250e+01,2.711545372009277344e+01
-8.998176574707031250e+01,2.711342048645019531e+01
-8.998160552978515625e+01,2.711507034301757812e+01
-8.998162078857421875e+01,2.711459732055664062e+01
-8.998197937011718750e+01,2.711365890502929688e+01
-8.998180389404296875e+01,2.711472702026367188e+01
-8.998120880126953125e+01,2.711542701721191406e+01
-8.998200225830078125e+01,2.711417961120605469e+01
-8.998194122314453125e+01,2.711410522460937500e+01
-8.998122406005859375e+01,2.711424064636230469e+01
-8.998204040527343750e+01,2.711477661132812500e+01
-8.998235321044921875e+01,2.711366653442382812e+01
-8.998163604736328125e+01,2.711453437805175781e+01
-8.998181152343750000e+01,2.711348724365234375e+01
-8.998216247558593750e+01,2.711384963989257812e+01
-8.998200988769531250e+01,2.711381721496582031e+01
-8.998189544677734375e+01,2.711332511901855469e+01
-8.998143768310546875e+01,2.711438560485839844e+01
-8.998168945312500000e+01,2.711491394042968750e+01
-8.998228454589843750e+01,2.711371994018554688e+01
-8.998205566406250000e+01,2.711449623107910156e+01
-8.998212432861328125e+01,2.711347007751464844e+01
-8.998194885253906250e+01,2.711369895935058594e+01
-8.998117065429687500e+01,2.711528205871582031e+01
-8.998142242431640625e+01,2.711508178710937500e+01
-8.998179626464843750e+01,2.711326217651367188e+01
-8.998140716552734375e+01,2.711545944213867188e+01
-8.998118591308593750e+01,2.711457824707031250e+01
-8.998152160644531250e+01,2.711371612548828125e+01
-8.998189544677734375e+01,2.711484909057617188e+01
-8.998189544677734375e+01,2.711346244812011719e+01
-8.998205566406250000e+01,2.711474037170410156e+01
-8.998222351074218750e+01,2.711428260803222656e+01
-8.998133087158203125e+01,2.711457824707031250e+01
-8.998146057128906250e+01,2.711504554748535156e+01
-8.998172760009765625e+01,2.711482238769531250e+01
-8.998167419433593750e+01,2.711364364624023438e+01
-8.998171997070312500e+01,2.711451148986816406e+01
-8.998102569580078125e+01,2.711511421203613281e+01
-8.998158264160156250e+01,2.711435127258300781e+01
-8.998174285888671875e+01,2.711343955993652344e+01
-8.998163604736328125e+01,2.711436271667480469e+01
-8.998199462890625000e+01,2.711362075805664062e+01
-8.998175811767578125e+01,2.711466217041015625e+01
-8.998217773437500000e+01,2.711322402954101562e+01
-8.998159790039062500e+01,2.711531829833984375e+01
-8.998194122314453125e+01,2.711398124694824219e+01
-8.998138427734375000e+01,2.711408233642578125e+01
-8.998148345947265625e+01,2.711404037475585938e+01
-8.998122406005859375e+01,2.711470222473144531e+01
-8.998185729980468750e+01,2.711453819274902344e+01
-8.998204803466796875e+01,2.711420249938964844e+01
-8.998126220703125000e+01,2.711416435241699219e+01
-8.998219299316406250e+01,2.711447906494140625e+01
-8.998143768310546875e+01,2.711449813842773438e+01
-8.998214721679687500e+01,2.711371994018554688e+01
-8.998187255859375000e+01,2.711505126953125000e+01
-8.998188781738281250e+01,2.711353492736816406e+01
-8.998201751708984375e+01,2.711429595947265625e+01
-8.998137664794921875e+01,2.711507797241210938e+01
-8.998130035400390625e+01,2.711465072631835938e+01
-8.998130035400390625e+01,2.711536598205566406e+01
-8.998197174072265625e+01,2.711411094665527344e+01
-8.998158264160156250e+01,2.711417388916015625e+01
-8.998132324218750000e+01,2.711504173278808594e+01
-8.998180389404296875e+01,2.711463928222656250e+01
-8.998222351074218750e+01,2.711429214477539062e+01
-8.998224639892578125e+01,2.711401367187500000e+01
-8.998183441162109375e+01,2.711350059509277344e+01
-8.998205566406250000e+01,2.711371421813964844e+01
-8.998109436035156250e+01,2.711559867858886719e+01
-8.998165130615234375e+01,2.711459922790527344e+01
-8.998173522949218750e+01,2.711469078063964844e+01
-8.998166656494140625e+01,2.711384582519531250e+01
-8.998188781738281250e+01,2.711517524719238281e+01
-8.998151397705078125e+01,2.711422348022460938e+01
-8.998119354248046875e+01,2.711449241638183594e+01
-8.998226928710937500e+01,2.711376571655273438e+01
-8.998196411132812500e+01,2.711403465270996094e+01
-8.998117065429687500e+01,2.711487197875976562e+01
-8.998143005371093750e+01,2.711384391784667969e+01
-8.998162841796875000e+01,2.711467933654785156e+01
-8.998163604736328125e+01,2.711491394042968750e+01
-8.998149871826171875e+01,2.711478996276855469e+01
-8.998146057128906250e+01,2.711397361755371094e+01
-8.998170471191406250e+01,2.711428642272949219e+01
-8.998176574707031250e+01,2.711528396606445312e+01
-8.998200225830078125e+01,2.711408424377441406e+01
-8.998194885253906250e+01,2.711450004577636719e+01
-8.998161315917968750e+01,2.711421966552734375e+01
-8.998183441162109375e+01,2.711333847045898438e+01
-8.998156738281250000e+01,2.711531639099121094e+01
-8.998215484619140625e+01,2.711407089233398438e+01
-8.998169708251953125e+01,2.711354637145996094e+01
-8.998149108886718750e+01,2.711438941955566406e+01
-8.998141479492187500e+01,2.711411857604980469e+01
-8.998166656494140625e+01,2.711505699157714844e+01
-8.998146057128906250e+01,2.711429405212402344e+01
-8.998222351074218750e+01,2.711396026611328125e+01
-8.998225402832031250e+01,2.711373329162597656e+01
-8.998229980468750000e+01,2.711359596252441406e+01
-8.998175811767578125e+01,2.711460685729980469e+01
-8.998151397705078125e+01,2.711455726623535156e+01
-8.998166656494140625e+01,2.711433219909667969e+01
-8.998160552978515625e+01,2.711453437805175781e+01
-8.998181152343750000e+01,2.711372566223144531e+01
-8.998160552978515625e+01,2.711401367187500000e+01
-8.998181915283203125e+01,2.711374664306640625e+01
-8.998214721679687500e+01,2.711401557922363281e+01
-8.998177337646484375e+01,2.711497879028320312e+01
-8.998188781738281250e+01,2.711378860473632812e+01
-8.998171234130859375e+01,2.711430740356445312e+01
-8.998211669921875000e+01,2.711449813842773438e+01
-8.998192596435546875e+01,2.711379051208496094e+01
-8.998171234130859375e+01,2.711468887329101562e+01
-8.998189544677734375e+01,2.711485481262207031e+01
-8.998156738281250000e+01,2.711396598815917969e+01
-8.998194122314453125e+01,2.711409950256347656e+01
-8.998155975341796875e+01,2.711495590209960938e+01
-8.998187255859375000e+01,2.711489105224609375e+01
-8.998137664794921875e+01,2.711454772949218750e+01
-8.998149871826171875e+01,2.711537933349609375e+01
-8.998135375976562500e+01,2.711488723754882812e+01
-8.998228454589843750e+01,2.711435890197753906e+01
-8.998189544677734375e+01,2.711353683471679688e+01
-8.998175811767578125e+01,2.711484909057617188e+01
-8.998124694824218750e+01,2.711414909362792969e+01
-8.998158264160156250e+01,2.711481475830078125e+01
-8.998223876953125000e+01,2.711425971984863281e+01
-8.998106384277343750e+01,2.711519622802734375e+01
-8.998178100585937500e+01,2.711398315429687500e+01
-8.998217773437500000e+01,2.711350440979003906e+01
-8.998146057128906250e+01,2.711396408081054688e+01
-8.998207092285156250e+01,2.711448287963867188e+01
-8.998158264160156250e+01,2.711457824707031250e+01
-8.998160552978515625e+01,2.711487388610839844e+01
-8.998180389404296875e+01,2.711423873901367188e+01
-8.998188781738281250e+01,2.711328125000000000e+01
-8.998132324218750000e+01,2.711535072326660156e+01
-8.998205566406250000e+01,2.711495399475097656e+01
-8.998132324218750000e+01,2.711492729187011719e+01
-8.998124694824218750e+01,2.711551666259765625e+01
-8.998146057128906250e+01,2.711543273925781250e+01
-8.998184204101562500e+01,2.711401367187500000e+01
-8.998173522949218750e+01,2.711413002014160156e+01
-8.998226928710937500e+01,2.711403846740722656e+01
-8.998134613037109375e+01,2.711446762084960938e+01
-8.998207092285156250e+01,2.711438941955566406e+01
-8.998141479492187500e+01,2.711431121826171875e+01
-8.998225402832031250e+01,2.711386871337890625e+01
-8.998233795166015625e+01,2.711325836181640625e+01
-8.998136901855468750e+01,2.711491012573242188e+01
-8.998159790039062500e+01,2.711437988281250000e+01
-8.998220062255859375e+01,2.711399841308593750e+01
-8.998188781738281250e+01,2.711499786376953125e+01
-8.998163604736328125e+01,2.711437416076660156e+01
-8.998194122314453125e+01,2.711406707763671875e+01
-8.998146057128906250e+01,2.711524200439453125e+01
-8.998157501220703125e+01,2.711443328857421875e+01
-8.998198699951171875e+01,2.711395454406738281e+01
-8.998173522949218750e+01,2.711336517333984375e+01
-8.998206329345703125e+01,2.711459541320800781e+01
-8.998205566406250000e+01,2.711464500427246094e+01
-8.998191833496093750e+01,2.711484146118164062e+01
-8.998166656494140625e+01,2.711533355712890625e+01
-8.998185729980468750e+01,2.711452484130859375e+01
-8.998178100585937500e+01,2.711479568481445312e+01
-8.998129272460937500e+01,2.711556243896484375e+01
-8.998217773437500000e+01,2.711387634277343750e+01
-8.998170471191406250e+01,2.711448287963867188e+01
-8.998168945312500000e+01,2.711404609680175781e+01
-8.998202514648437500e+01,2.711366844177246094e+01
-8.998219299316406250e+01,2.711356735229492188e+01
-8.998117828369140625e+01,2.711446380615234375e+01
-8.998159790039062500e+01,2.711535263061523438e+01
-8.998115539550781250e+01,2.711505889892578125e+01
-8.998162841796875000e+01,2.711526107788085938e+01
-8.998174285888671875e+01,2.711396980285644531e+01
-8.998126983642578125e+01,2.711533355712890625e+01
-8.998171997070312500e+01,2.711465835571289062e+01
-8.998188018798828125e+01,2.711398506164550781e+01
-8.998188018798828125e+01,2.711521720886230469e+01
-8.998165130615234375e+01,2.711359214782714844e+01
-8.998170471191406250e+01,2.711362838745117188e+01
-8.998125457763671875e+01,2.711469650268554688e+01
-8.998157501220703125e+01,2.711416435241699219e+01
-8.998146820068359375e+01,2.711384201049804688e+01
-8.998183441162109375e+01,2.711491966247558594e+01
-8.998110198974609375e+01,2.711516952514648438e+01
-8.998151397705078125e+01,2.711556243896484375e+01
-8.998209381103515625e+01,2.711381721496582031e+01
-8.998204803466796875e+01,2.711388015747070312e+01
-8.998126220703125000e+01,2.711538696289062500e+01
-8.998162841796875000e+01,2.711425781250000000e+01
-8.998233795166015625e+01,2.711405372619628906e+01
-8.998143768310546875e+01,2.711423873901367188e+01
-8.998146057128906250e+01,2.711484909057617188e+01
-8.998143005371093750e+01,2.711473655700683594e+01
-8.998123931884765625e+01,2.711465263366699219e+01
-8.998169708251953125e+01,2.711532211303710938e+01
-8.998193359375000000e+01,2.711479187011718750e+01
-8.998137664794921875e+01,2.711526679992675781e+01
-8.998201751708984375e+01,2.711463928222656250e+01
-8.998223114013671875e+01,2.711446189880371094e+01
-8.998111724853515625e+01,2.711560249328613281e+01
-8.998122406005859375e+01,2.711564445495605469e+01
-8.998173522949218750e+01,2.711501312255859375e+01
-8.998179626464843750e+01,2.711487388610839844e+01
-8.998174285888671875e+01,2.711453247070312500e+01
-8.998117065429687500e+01,2.711566162109375000e+01
-8.998196411132812500e+01,2.711483955383300781e+01
-8.998185729980468750e+01,2.711375617980957031e+01
-8.998145294189453125e+01,2.711513137817382812e+01
-8.998183441162109375e+01,2.711368179321289062e+01
-8.998168182373046875e+01,2.711444473266601562e+01
-8.998176574707031250e+01,2.711433792114257812e+01
-8.998157501220703125e+01,2.711532974243164062e+01
-8.998130798339843750e+01,2.711458587646484375e+01
-8.998141479492187500e+01,2.711457633972167969e+01
-8.998165130615234375e+01,2.711354064941406250e+01
-8.998130798339843750e+01,2.711549568176269531e+01
-8.998179626464843750e+01,2.711497688293457031e+01
-8.998149108886718750e+01,2.711469650268554688e+01
-8.998117065429687500e+01,2.711547088623046875e+01
-8.998196411132812500e+01,2.711382102966308594e+01
-8.998195648193359375e+01,2.711358070373535156e+01
-8.998129272460937500e+01,2.711425018310546875e+01
-8.998190307617187500e+01,2.711431312561035156e+01
-8.998126220703125000e+01,2.711478996276855469e+01
-8.998186492919921875e+01,2.711329460144042969e+01
-8.998211669921875000e+01,2.711323547363281250e+01
-8.998146057128906250e+01,2.711500358581542969e+01
-8.998191070556640625e+01,2.711405563354492188e+01
-8.998194885253906250e+01,2.711473655700683594e+01
-8.998177337646484375e+01,2.711351203918457031e+01
-8.998174285888671875e+01,2.711437416076660156e+01
-8.998208618164062500e+01,2.711454582214355469e+01
-8.998195648193359375e+01,2.711332511901855469e+01
-8.998146820068359375e+01,2.711399841308593750e+01
-8.998130035400390625e+01,2.711436462402343750e+01
-8.998139953613281250e+01,2.711434936523437500e+01
-8.998188018798828125e+01,2.711384773254394531e+01
-8.998142242431640625e+01,2.711395645141601562e+01
-8.998220062255859375e+01,2.711384582519531250e+01
-8.998163604736328125e+01,2.711532402038574219e+01
-8.998118591308593750e+01,2.711485862731933594e+01
-8.998151397705078125e+01,2.711394691467285156e+01
-8.998156738281250000e+01,2.711541366577148438e+01
-8.998177337646484375e+01,2.711413764953613281e+01
-8.998196411132812500e+01,2.711475753784179688e+01
-8.998153686523437500e+01,2.711543083190917969e+01
-8.998194122314453125e+01,2.711485290527343750e+01
-8.998133850097656250e+01,2.711499023437500000e+01
-8.998136138916015625e+01,2.711516571044921875e+01
-8.998213958740234375e+01,2.711459732055664062e+01
-8.998204040527343750e+01,2.711327934265136719e+01
-8.998175811767578125e+01,2.711506652832031250e+01
-8.998188018798828125e+01,2.711495399475097656e+01
-8.998101043701171875e+01,2.711511421203613281e+01
-8.998211669921875000e+01,2.711359405517578125e+01
-8.998149871826171875e+01,2.711511421203613281e+01
-8.998224639892578125e+01,2.711330223083496094e+01
-8.998176574707031250e+01,2.711397552490234375e+01
-8.998191833496093750e+01,2.711441040039062500e+01
-8.998143005371093750e+01,2.711505317687988281e+01
-8.998228454589843750e+01,2.711359786987304688e+01
-8.998158264160156250e+01,2.711428451538085938e+01
-8.998218536376953125e+01,2.711374092102050781e+01
-8.998124694824218750e+01,2.711465644836425781e+01
-8.998179626464843750e+01,2.711384963989257812e+01
-8.998151397705078125e+01,2.711402893066406250e+01
-8.998215484619140625e+01,2.711389923095703125e+01
-8.998112487792968750e+01,2.711565017700195312e+01
-8.998205566406250000e+01,2.711461830139160156e+01
-8.998203277587890625e+01,2.711385726928710938e+01
-8.998183441162109375e+01,2.711507797241210938e+01
-8.998160552978515625e+01,2.711551856994628906e+01
-8.998223114013671875e+01,2.711320686340332031e+01
-8.998178100585937500e+01,2.711360168457031250e+01
-8.998139953613281250e+01,2.711416244506835938e+01
-8.998205566406250000e+01,2.711328315734863281e+01
-8.998222351074218750e+01,2.711378669738769531e+01
-8.998136901855468750e+01,2.711438179016113281e+01
-8.998176574707031250e+01,2.711387634277343750e+01
-8.998155212402343750e+01,2.711517524719238281e+01
-8.998158264160156250e+01,2.711444854736328125e+01
-8.998166656494140625e+01,2.711448478698730469e+01
-8.998148345947265625e+01,2.711396598815917969e+01
-8.998189544677734375e+01,2.711366462707519531e+01
-8.998115539550781250e+01,2.711495018005371094e+01
-8.998161315917968750e+01,2.711470413208007812e+01
-8.998154449462890625e+01,2.711550712585449219e+01
-8.998157501220703125e+01,2.711514282226562500e+01
-8.998221588134765625e+01,2.711324119567871094e+01
-8.998181152343750000e+01,2.711442756652832031e+01
-8.998119354248046875e+01,2.711498832702636719e+01
-8.998184204101562500e+01,2.711478996276855469e+01
-8.998210906982421875e+01,2.711418342590332031e+01
-8.998145294189453125e+01,2.711528015136718750e+01
-8.998214721679687500e+01,2.711434555053710938e+01
-8.998142242431640625e+01,2.711536216735839844e+01
-8.998192596435546875e+01,2.711413192749023438e+01
-8.998204803466796875e+01,2.711383628845214844e+01
-8.998159027099609375e+01,2.711493873596191406e+01
-8.998212432861328125e+01,2.711322212219238281e+01
-8.998209381103515625e+01,2.711395645141601562e+01
-8.998226928710937500e+01,2.711355781555175781e+01
-8.998162078857421875e+01,2.711494827270507812e+01
-8.998198699951171875e+01,2.711345291137695312e+01
-8.998190307617187500e+01,2.711341094970703125e+01
-8.998159790039062500e+01,2.711497116088867188e+01
-8.998198699951171875e+01,2.711457633972167969e+01
-8.998181152343750000e+01,2.711536407470703125e+01
-8.998148345947265625e+01,2.711492347717285156e+01
-8.998140716552734375e+01,2.711533737182617188e+01
-8.998200988769531250e+01,2.711451148986816406e+01
-8.998188781738281250e+01,2.711514854431152344e+01
-8.998181915283203125e+01,2.711358451843261719e+01
-8.998223114013671875e+01,2.711393547058105469e+01
-8.998098754882812500e+01,2.711516571044921875e+01
-8.998191070556640625e+01,2.711480331420898438e+01
-8.998186492919921875e+01,2.711483192443847656e+01
-8.998121643066406250e+01,2.711462783813476562e+01
-8.998167419433593750e+01,2.711375999450683594e+01
-8.998197937011718750e+01,2.711465072631835938e+01
-8.998223876953125000e+01,2.711442184448242188e+01
-8.998175811767578125e+01,2.711454391479492188e+01
-8.998197937011718750e+01,2.711499786376953125e+01
-8.998185729980468750e+01,2.711519813537597656e+01
-8.998195648193359375e+01,2.711443519592285156e+01
-8.998163604736328125e+01,2.711539077758789062e+01
-8.998133087158203125e+01,2.711433219909667969e+01
-8.998233795166015625e+01,2.711364936828613281e+01
-8.998184967041015625e+01,2.711366844177246094e+01
-8.998221588134765625e+01,2.711398124694824219e+01
-8.998174285888671875e+01,2.711475563049316406e+01
-8.998124694824218750e+01,2.711525917053222656e+01
-8.998143768310546875e+01,2.711550521850585938e+01
-8.998146820068359375e+01,2.711436653137207031e+01
-8.998215484619140625e+01,2.711417961120605469e+01
-8.998220825195312500e+01,2.711430931091308594e+01
-8.998184204101562500e+01,2.711465835571289062e+01
-8.998158264160156250e+01,2.711542510986328125e+01
-8.998118591308593750e+01,2.711449623107910156e+01
-8.998186492919921875e+01,2.711408805847167969e+01
-8.998202514648437500e+01,2.711397361755371094e+01
-8.998214721679687500e+01,2.711340332031250000e+01
-8.998167419433593750e+01,2.711488533020019531e+01
-8.998195648193359375e+01,2.711364746093750000e+01
-8.998159027099609375e+01,2.711440277099609375e+01
-8.998207092285156250e+01,2.711333274841308594e+01
-8.998130798339843750e+01,2.711409950256347656e+01
-8.998217773437500000e+01,2.711363220214843750e+01
-8.998230743408203125e+01,2.711322975158691406e+01
-8.998191070556640625e+01,2.711350822448730469e+01
-8.998178100585937500e+01,2.711331558227539062e+01
-8.998201751708984375e+01,2.711416816711425781e+01
-8.998138427734375000e+01,2.711400985717773438e+01
-8.998185729980468750e+01,2.711325454711914062e+01
-8.998135375976562500e+01,2.711459541320800781e+01
-8.998191833496093750e+01,2.711479377746582031e+01
-8.998213195800781250e+01,2.711394691467285156e+01
-8.998174285888671875e+01,2.711349296569824219e+01
-8.998144531250000000e+01,2.711455154418945312e+01
-8.998220062255859375e+01,2.711411285400390625e+01
-8.998173522949218750e+01,2.711525344848632812e+01
-8.998173522949218750e+01,2.711522102355957031e+01
-8.998126983642578125e+01,2.711469078063964844e+01
-8.998195648193359375e+01,2.711491584777832031e+01
-8.998124694824218750e+01,2.711532783508300781e+01
-8.998106384277343750e+01,2.711518096923828125e+01
-8.998155212402343750e+01,2.711422920227050781e+01
-8.998107910156250000e+01,2.711486244201660156e+01
-8.998223114013671875e+01,2.711343955993652344e+01
-8.998128509521484375e+01,2.711501312255859375e+01
-8.998143005371093750e+01,2.711454963684082031e+01
-8.998217010498046875e+01,2.711392211914062500e+01
-8.998139190673828125e+01,2.711391448974609375e+01
-8.998205566406250000e+01,2.711487770080566406e+01
-8.998171997070312500e+01,2.711474609375000000e+01
-8.998183441162109375e+01,2.711324119567871094e+01
-8.998204803466796875e+01,2.711373901367187500e+01
-8.998218536376953125e+01,2.711392402648925781e+01
-8.998152160644531250e+01,2.711549758911132812e+01
-8.998212432861328125e+01,2.711394691467285156e+01
-8.998204803466796875e+01,2.711339378356933594e+01
-8.998184204101562500e+01,2.711373901367187500e+01
-8.998228454589843750e+01,2.711338233947753906e+01
-8.998168182373046875e+01,2.711499786376953125e+01
-8.998191833496093750e+01,2.711462783813476562e+01
-8.998191833496093750e+01,2.711471939086914062e+01
-8.998178863525390625e+01,2.711394882202148438e+01
-8.998199462890625000e+01,2.711401176452636719e+01
-8.998158264160156250e+01,2.711384391784667969e+01
-8.998220825195312500e+01,2.711347198486328125e+01
-8.998177337646484375e+01,2.711405754089355469e+01
-8.998168182373046875e+01,2.711418724060058594e+01
-8.998157501220703125e+01,2.711444664001464844e+01
-8.998204040527343750e+01,2.711440086364746094e+01
-8.998184204101562500e+01,2.711489295959472656e+01
-8.998173522949218750e+01,2.711490058898925781e+01
-8.998160552978515625e+01,2.711424064636230469e+01
-8.998161315917968750e+01,2.711382293701171875e+01
-8.998217773437500000e+01,2.711339187622070312e+01
-8.998156738281250000e+01,2.711495018005371094e+01
-8.998168945312500000e+01,2.711503982543945312e+01
-8.998204040527343750e+01,2.711429595947265625e+01
-8.998212432861328125e+01,2.711425590515136719e+01
-8.998211669921875000e+01,2.711351966857910156e+01
-8.998146057128906250e+01,2.711395454406738281e+01
-8.998149871826171875e+01,2.711489868164062500e+01
-8.998120880126953125e+01,2.711447334289550781e+01
-8.998210906982421875e+01,2.711336898803710938e+01
-8.998144531250000000e+01,2.711511039733886719e+01
-8.998148345947265625e+01,2.711505699157714844e+01
-8.998213195800781250e+01,2.711408042907714844e+01
-8.998187255859375000e+01,2.711413383483886719e+01
-8.998118591308593750e+01,2.711557197570800781e+01
-8.998168945312500000e+01,2.711454200744628906e+01
-8.998181915283203125e+01,2.711454963684082031e+01
-8.998128509521484375e+01,2.711454963684082031e+01
-8.998110198974609375e+01,2.711509513854980469e+01
-8.998230743408203125e+01,2.711413383483886719e+01
-8.998181915283203125e+01,2.711500167846679688e+01
-8.998183441162109375e+01,2.711383819580078125e+01
-8.998175811767578125e+01,2.711360740661621094e+01
-8.998143005371093750e+01,2.711468505859375000e+01
-8.998175811767578125e+01,2.711489677429199219e+01
-8.998213195800781250e+01,2.711391830444335938e+01
-8.998133850097656250e+01,2.711431884765625000e+01
-8.998192596435546875e+01,2.711345100402832031e+01
-8.998167419433593750e+01,2.711499214172363281e+01
-8.998186492919921875e+01,2.711514663696289062e+01
-8.998191070556640625e+01,2.711501121520996094e+01
-8.998196411132812500e+01,2.711469078063964844e+01
-8.998197174072265625e+01,2.711416816711425781e+01
-8.998156738281250000e+01,2.711457824707031250e+01
-8.998191833496093750e+01,2.711400032043457031e+01
-8.998132324218750000e+01,2.711462020874023438e+01
-8.998128509521484375e+01,2.711558914184570312e+01
-8.998221588134765625e+01,2.711366271972656250e+01
-8.998140716552734375e+01,2.711483764648437500e+01
-8.998151397705078125e+01,2.711555671691894531e+01
-8.998171997070312500e+01,2.711418533325195312e+01
-8.998142242431640625e+01,2.711387634277343750e+01
-8.998210144042968750e+01,2.711316680908203125e+01
-8.998173522949218750e+01,2.711342811584472656e+01
-8.998139190673828125e+01,2.711460304260253906e+01
-8.998143005371093750e+01,2.711474037170410156e+01
-8.998220825195312500e+01,2.711375045776367188e+01
-8.998178100585937500e+01,2.711419296264648438e+01
-8.998152923583984375e+01,2.711464309692382812e+01
-8.998198699951171875e+01,2.711371040344238281e+01
-8.998113250732421875e+01,2.711476135253906250e+01
-8.998166656494140625e+01,2.711480712890625000e+01
-8.998208618164062500e+01,2.711424636840820312e+01
-8.998171997070312500e+01,2.711507797241210938e+01
-8.998122406005859375e+01,2.711538696289062500e+01
-8.998183441162109375e+01,2.711447715759277344e+01
-8.998217773437500000e+01,2.711331367492675781e+01
-8.998118591308593750e+01,2.711456298828125000e+01
-8.998140716552734375e+01,2.711423873901367188e+01
-8.998162841796875000e+01,2.711534881591796875e+01
-8.998226165771484375e+01,2.711345481872558594e+01
-8.998171997070312500e+01,2.711437606811523438e+01
-8.998211669921875000e+01,2.711331939697265625e+01
-8.998194885253906250e+01,2.711378669738769531e+01
-8.998192596435546875e+01,2.711491966247558594e+01
-8.998232269287109375e+01,2.711404228210449219e+01
-8.998192596435546875e+01,2.711349868774414062e+01
-8.998217773437500000e+01,2.711454010009765625e+01
-8.998123931884765625e+01,2.711534690856933594e+01
-8.998209381103515625e+01,2.711446952819824219e+01
-8.998171234130859375e+01,2.711488151550292969e+01
-8.998145294189453125e+01,2.711545372009277344e+01
-8.998191070556640625e+01,2.711452293395996094e+01
-8.998175048828125000e+01,2.711362266540527344e+01
-8.998157501220703125e+01,2.711395835876464844e+01
-8.998177337646484375e+01,2.711520957946777344e+01
-8.998165130615234375e+01,2.711467361450195312e+01
-8.998194885253906250e+01,2.711460304260253906e+01
-8.998181915283203125e+01,2.711509704589843750e+01
-8.998120880126953125e+01,2.711496734619140625e+01
-8.998208618164062500e+01,2.711447906494140625e+01
-8.998200988769531250e+01,2.711346054077148438e+01
-8.998221588134765625e+01,2.711429786682128906e+01
-8.998158264160156250e+01,2.711543846130371094e+01
-8.998124694824218750e+01,2.711491584777832031e+01
-8.998234558105468750e+01,2.711323165893554688e+01
-8.998171997070312500e+01,2.711376762390136719e+01
-8.998223876953125000e+01,2.711358833312988281e+01
-8.998208618164062500e+01,2.711350822448730469e+01
-8.998127746582031250e+01,2.711479568481445312e+01
-8.998220825195312500e+01,2.711408615112304688e+01
-8.998207855224609375e+01,2.711472892761230469e+01
-8.998203277587890625e+01,2.711431121826171875e+01
-8.998167419433593750e+01,2.711512947082519531e+01
-8.998162078857421875e+01,2.711494827270507812e+01
-8.998153686523437500e+01,2.711399078369140625e+01
-8.998210144042968750e+01,2.711453437805175781e+01
-8.998152160644531250e+01,2.711435127258300781e+01
-8.998180389404296875e+01,2.711408996582031250e+01
-8.998217010498046875e+01,2.711310005187988281e+01
-8.998168945312500000e+01,2.711434555053710938e+01
-8.998115539550781250e+01,2.711560630798339844e+01
-8.998170471191406250e+01,2.711492729187011719e+01
-8.998149108886718750e+01,2.711511421203613281e+01
-8.998159790039062500e+01,2.711426544189453125e+01
-8.998199462890625000e+01,2.711495208740234375e+01
-8.998227691650390625e+01,2.711411094665527344e+01
-8.998149871826171875e+01,2.711388778686523438e+01
-8.998192596435546875e+01,2.711410522460937500e+01
-8.998182678222656250e+01,2.711461067199707031e+01
-8.998171997070312500e+01,2.711370849609375000e+01
-8.998146820068359375e+01,2.711380577087402344e+01
-8.998128509521484375e+01,2.711426353454589844e+01
-8.998206329345703125e+01,2.711381340026855469e+01
-8.998133087158203125e+01,2.711408424377441406e+01
-8.998178100585937500e+01,2.711343765258789062e+01
-8.998144531250000000e+01,2.711463737487792969e+01
-8.998163604736328125e+01,2.711414337158203125e+01
-8.998130798339843750e+01,2.711548614501953125e+01
-8.998159027099609375e+01,2.711520385742187500e+01
-8.998146820068359375e+01,2.711522865295410156e+01
-8.998146057128906250e+01,2.711400794982910156e+01
-8.998217773437500000e+01,2.711394119262695312e+01
-8.998162841796875000e+01,2.711525535583496094e+01
-8.998195648193359375e+01,2.711372184753417969e+01
-8.998142242431640625e+01,2.711388587951660156e+01
-8.998210906982421875e+01,2.711393737792968750e+01
-8.998171997070312500e+01,2.711371994018554688e+01
-8.998204040527343750e+01,2.711327552795410156e+01
-8.998163604736328125e+01,2.711460494995117188e+01
-8.998184967041015625e+01,2.711525917053222656e+01
-8.998166656494140625e+01,2.711486816406250000e+01
-8.998190307617187500e+01,2.711475181579589844e+01
-8.998122406005859375e+01,2.711454772949218750e+01
-8.998150634765625000e+01,2.711486244201660156e+01
-8.998160552978515625e+01,2.711545562744140625e+01
-8.998178100585937500e+01,2.711492538452148438e+01
-8.998137664794921875e+01,2.711511230468750000e+01
-8.998213195800781250e+01,2.711434364318847656e+01
-8.998173522949218750e+01,2.711481285095214844e+01
-8.998162078857421875e+01,2.711418342590332031e+01
-8.998116302490234375e+01,2.711474418640136719e+01
-8.998207092285156250e+01,2.711433410644531250e+01
-8.998156738281250000e+01,2.711458396911621094e+01
-8.998164367675781250e+01,2.711491775512695312e+01
-8.998114776611328125e+01,2.711493301391601562e+01
-8.998178863525390625e+01,2.711475753784179688e+01
-8.998213195800781250e+01,2.711395263671875000e+01
-8.998200988769531250e+01,2.711470603942871094e+01
-8.998137664794921875e+01,2.711512374877929688e+01
-8.998175811767578125e+01,2.711491203308105469e+01
-8.998149871826171875e+01,2.711421012878417969e+01
-8.998213195800781250e+01,2.711431694030761719e+01
-8.998157501220703125e+01,2.711544227600097656e+01
-8.998127746582031250e+01,2.711421012878417969e+01
-8.998143005371093750e+01,2.711464309692382812e+01
-8.998183441162109375e+01,2.711531448364257812e+01
-8.998119354248046875e+01,2.711555862426757812e+01
-8.998208618164062500e+01,2.711426544189453125e+01
-8.998136901855468750e+01,2.711457633972167969e+01
-8.998132324218750000e+01,2.711423873901367188e+01
-8.998110198974609375e+01,2.711501502990722656e+01
-8.998128509521484375e+01,2.711535835266113281e+01
-8.998188781738281250e+01,2.711403656005859375e+01
-8.998217773437500000e+01,2.711449241638183594e+01
-8.998133087158203125e+01,2.711514282226562500e+01
-8.998145294189453125e+01,2.711532974243164062e+01
-8.998135375976562500e+01,2.711433982849121094e+01
-8.998155975341796875e+01,2.711501693725585938e+01
-8.998143005371093750e+01,2.711480331420898438e+01
-8.998153686523437500e+01,2.711509895324707031e+01
-8.998221588134765625e+01,2.711314010620117188e+01
-8.998155975341796875e+01,2.711463737487792969e+01
-8.998174285888671875e+01,2.711334800720214844e+01
-8.998181915283203125e+01,2.711462402343750000e+01
-8.998160552978515625e+01,2.711399650573730469e+01
-8.998143768310546875e+01,2.711531639099121094e+01
-8.998148345947265625e+01,2.711445236206054688e+01
-8.998208618164062500e+01,2.711446952819824219e+01
-8.998191833496093750e+01,2.711352920532226562e+01
-8.998176574707031250e+01,2.711516380310058594e+01
-8.998204040527343750e+01,2.711354446411132812e+01
-8.998217010498046875e+01,2.711436080932617188e+01
-8.998211669921875000e+01,2.711396598815917969e+01
-8.998145294189453125e+01,2.711478042602539062e+01
-8.998226928710937500e+01,2.711363792419433594e+01
-8.998164367675781250e+01,2.711421775817871094e+01
-8.998165130615234375e+01,2.711387062072753906e+01
-8.998127746582031250e+01,2.711441802978515625e+01
-8.998120117187500000e+01,2.711487197875976562e+01
-8.998118591308593750e+01,2.711532211303710938e+01
-8.998200988769531250e+01,2.711356353759765625e+01
-8.998132324218750000e+01,2.711459732055664062e+01
-8.998181915283203125e+01,2.711511039733886719e+01
-8.998226165771484375e+01,2.711340332031250000e+01
-8.998227691650390625e+01,2.711395263671875000e+01
-8.998181152343750000e+01,2.711485290527343750e+01
-8.998221588134765625e+01,2.711431694030761719e+01
-8.998120880126953125e+01,2.711522293090820312e+01
-8.998197174072265625e+01,2.711341476440429688e+01
-8.998142242431640625e+01,2.711461067199707031e+01
-8.998188781738281250e+01,2.711482810974121094e+01
-8.998218536376953125e+01,2.711343383789062500e+01
-8.998178863525390625e+01,2.711337661743164062e+01
-8.998132324218750000e+01,2.711506080627441406e+01
-8.998222351074218750e+01,2.711443138122558594e+01
-8.998180389404296875e+01,2.711385345458984375e+01
-8.998130035400390625e+01,2.711420440673828125e+01
-8.998216247558593750e+01,2.711336326599121094e+01
-8.998207855224609375e+01,2.711318778991699219e+01
-8.998190307617187500e+01,2.711390304565429688e+01
-8.998123168945312500e+01,2.711536407470703125e+01
-8.998125457763671875e+01,2.711424636840820312e+01
-8.998181915283203125e+01,2.711439323425292969e+01
-8.998125457763671875e+01,2.711447334289550781e+01
-8.998224639892578125e+01,2.711404800415039062e+01
-8.998120880126953125e+01,2.711470603942871094e+01
-8.998194885253906250e+01,2.711506843566894531e+01
-8.998219299316406250e+01,2.711404991149902344e+01
-8.998121643066406250e+01,2.711542701721191406e+01
-8.998181152343750000e+01,2.711522293090820312e+01
-8.998194122314453125e+01,2.711499595642089844e+01
-8.998148345947265625e+01,2.711464691162109375e+01
-8.998139953613281250e+01,2.711481666564941406e+01
-8.998152160644531250e+01,2.711459541320800781e+01
-8.998213195800781250e+01,2.711406707763671875e+01
-8.998184967041015625e+01,2.711487007141113281e+01
-8.998134613037109375e+01,2.711554718017578125e+01
-8.998156738281250000e+01,2.711417388916015625e+01
-8.998213958740234375e+01,2.711419677734375000e+01
-8.998167419433593750e+01,2.711351203918457031e+01
-8.998192596435546875e+01,2.711494636535644531e+01
-8.998211669921875000e+01,2.711325645446777344e+01
-8.998210144042968750e+01,2.711398315429687500e+01
-8.998165130615234375e+01,2.711499786376953125e+01
-8.998154449462890625e+01,2.711465644836425781e+01
-8.998192596435546875e+01,2.711377334594726562e+01
-8.998134613037109375e+01,2.711526679992675781e+01
-8.998112487792968750e+01,2.711497688293457031e+01
-8.998167419433593750e+01,2.711369323730468750e+01
-8.998133850097656250e+01,2.711436843872070312e+01
-8.998159790039062500e+01,2.711426162719726562e+01
-8.998133087158203125e+01,2.711557197570800781e+01
-8.998220062255859375e+01,2.711437797546386719e+01
-8.998160552978515625e+01,2.711541557312011719e+01
-8.998153686523437500e+01,2.711512565612792969e+01
-8.998143005371093750e+01,2.711536788940429688e+01
-8.998126983642578125e+01,2.711548423767089844e+01
-8.998127746582031250e+01,2.711562728881835938e+01
-8.998185729980468750e+01,2.711501312255859375e+01
-8.998157501220703125e+01,2.711522102355957031e+01
-8.998152160644531250e+01,2.711462593078613281e+01
-8.998143768310546875e+01,2.711391067504882812e+01
-8.998189544677734375e+01,2.711402893066406250e+01
-8.998178863525390625e+01,2.711361312866210938e+01
-8.998129272460937500e+01,2.711429214477539062e+01
-8.998173522949218750e+01,2.711349868774414062e+01
-8.998164367675781250e+01,2.711363792419433594e+01
-8.998157501220703125e+01,2.711388015747070312e+01
-8.998200988769531250e+01,2.711353683471679688e+01
-8.998218536376953125e+01,2.711418724060058594e+01
-8.998226928710937500e+01,2.711417198181152344e+01
-8.998204040527343750e+01,2.711375999450683594e+01
-8.998204803466796875e+01,2.711425590515136719e+01
-8.998112487792968750e+01,2.711561203002929688e+01
-8.998201751708984375e+01,2.711445999145507812e+01
-8.998108673095703125e+01,2.711488723754882812e+01
-8.998217773437500000e+01,2.711310958862304688e+01
-8.998225402832031250e+01,2.711385345458984375e+01
-8.998164367675781250e+01,2.711523437500000000e+01
-8.998144531250000000e+01,2.711435890197753906e+01
-8.998178863525390625e+01,2.711375808715820312e+01
-8.998224639892578125e+01,2.711382865905761719e+01
-8.998159790039062500e+01,2.711416816711425781e+01
-8.998153686523437500e+01,2.711507606506347656e+01
-8.998184204101562500e+01,2.711463928222656250e+01
-8.998161315917968750e+01,2.711485481262207031e+01
-8.998165130615234375e+01,2.711352920532226562e+01
-8.998161315917968750e+01,2.711405944824218750e+01
-8.998121643066406250e+01,2.711546516418457031e+01
-8.998186492919921875e+01,2.711467170715332031e+01
-8.998223876953125000e+01,2.711365890502929688e+01
-8.998126983642578125e+01,2.711463737487792969e+01
-8.998209381103515625e+01,2.711459159851074219e+01
-8.998164367675781250e+01,2.711520767211914062e+01
-8.998148345947265625e+01,2.711446762084960938e+01
-8.998193359375000000e+01,2.711365127563476562e+01
-8.998149108886718750e+01,2.711374092102050781e+01
-8.998205566406250000e+01,2.711373329162597656e+01
-8.998128509521484375e+01,2.711443138122558594e+01
-8.998219299316406250e+01,2.711362838745117188e+01
-8.998168182373046875e+01,2.711377906799316406e+01
-8.998171997070312500e+01,2.711421966552734375e+01
-8.998127746582031250e+01,2.711490440368652344e+01
-8.998135375976562500e+01,2.711513710021972656e+01
-8.998175811767578125e+01,2.711510276794433594e+01
-8.998181915283203125e+01,2.711337852478027344e+01
-8.998217773437500000e+01,2.711393737792968750e+01
-8.998184204101562500e+01,2.711403846740722656e+01
-8.998175048828125000e+01,2.711525154113769531e+01
-8.998183441162109375e+01,2.711480140686035156e+01
-8.998218536376953125e+01,2.711433601379394531e+01
-8.998116302490234375e+01,2.711503982543945312e+01
-8.998192596435546875e+01,2.711357688903808594e+01
-8.998148345947265625e+01,2.711515235900878906e+01
-8.998182678222656250e+01,2.711411094665527344e+01
-8.998208618164062500e+01,2.711428260803222656e+01
-8.998207092285156250e+01,2.711384963989257812e+01
-8.998171997070312500e+01,2.711470413208007812e+01
-8.998195648193359375e+01,2.711383247375488281e+01
-8.998206329345703125e+01,2.711475181579589844e+01
-8.998217010498046875e+01,2.711386299133300781e+01
-8.998123931884765625e+01,2.711563873291015625e+01
-8.998111724853515625e+01,2.711478805541992188e+01
-8.998191070556640625e+01,2.711348152160644531e+01
-8.998123168945312500e+01,2.711519241333007812e+01
-8.998120117187500000e+01,2.711512756347656250e+01
-8.998175811767578125e+01,2.711360931396484375e+01
-8.998160552978515625e+01,2.711519050598144531e+01
-8.998199462890625000e+01,2.711469078063964844e+01
-8.998203277587890625e+01,2.711379051208496094e+01
-8.998145294189453125e+01,2.711427307128906250e+01
-8.998171234130859375e+01,2.711366081237792969e+01
-8.998169708251953125e+01,2.711469078063964844e+01
-8.998199462890625000e+01,2.711497879028320312e+01
-8.998166656494140625e+01,2.711370468139648438e+01
-8.998186492919921875e+01,2.711419486999511719e+01
-8.998162078857421875e+01,2.711500167846679688e+01
-8.998201751708984375e+01,2.711483764648437500e+01
-8.998187255859375000e+01,2.711417007446289062e+01
-8.998186492919921875e+01,2.711415481567382812e+01
-8.998114013671875000e+01,2.711523246765136719e+01
-8.998177337646484375e+01,2.711431121826171875e+01
-8.998199462890625000e+01,2.711462974548339844e+01
-8.998166656494140625e+01,2.711440277099609375e+01
-8.998221588134765625e+01,2.711369132995605469e+01
-8.998117828369140625e+01,2.711506462097167969e+01
-8.998207855224609375e+01,2.711431503295898438e+01
-8.998207092285156250e+01,2.711450386047363281e+01
-8.998206329345703125e+01,2.711451339721679688e+01
-8.998192596435546875e+01,2.711333847045898438e+01
-8.998113250732421875e+01,2.711487579345703125e+01
-8.998189544677734375e+01,2.711425781250000000e+01
-8.998236846923828125e+01,2.711325454711914062e+01
-8.998197937011718750e+01,2.711362648010253906e+01
-8.998132324218750000e+01,2.711462783813476562e+01
-8.998168182373046875e+01,2.711442375183105469e+01
-8.998168182373046875e+01,2.711375999450683594e+01
-8.998188018798828125e+01,2.711424636840820312e+01
-8.998224639892578125e+01,2.711382865905761719e+01
-8.998215484619140625e+01,2.711342430114746094e+01
-8.998202514648437500e+01,2.711384201049804688e+01
-8.998210906982421875e+01,2.711370849609375000e+01
-8.998202514648437500e+01,2.711385726928710938e+01
-8.998112487792968750e+01,2.711523818969726562e+01
-8.998133850097656250e+01,2.711498832702636719e+01
-8.998201751708984375e+01,2.711444282531738281e+01
-8.998168182373046875e+01,2.711375236511230469e+01
-8.998182678222656250e+01,2.711501884460449219e+01
-8.998159790039062500e+01,2.711400604248046875e+01
-8.998192596435546875e+01,2.711414527893066406e+01
-8.998158264160156250e+01,2.711386680603027344e+01
-8.998129272460937500e+01,2.711408233642578125e+01
-8.998146820068359375e+01,2.711398124694824219e+01
-8.998148345947265625e+01,2.711528587341308594e+01
-8.998222351074218750e+01,2.711389350891113281e+01
-8.998182678222656250e+01,2.711362648010253906e+01
-8.998204040527343750e+01,2.711381912231445312e+01
-8.998158264160156250e+01,2.711447906494140625e+01
-8.998140716552734375e+01,2.711531639099121094e+01
-8.998204040527343750e+01,2.711492156982421875e+01
-8.998184967041015625e+01,2.711374092102050781e+01
-8.998154449462890625e+01,2.711544609069824219e+01
-8.998204803466796875e+01,2.711357688903808594e+01
-8.998170471191406250e+01,2.711399459838867188e+01
-8.998153686523437500e+01,2.711419677734375000e+01
-8.998152160644531250e+01,2.711400794982910156e+01
-8.998139953613281250e+01,2.711437225341796875e+01
-8.998111724853515625e+01,2.711524009704589844e+01
-8.998190307617187500e+01,2.711516761779785156e+01
-8.998231506347656250e+01,2.711325263977050781e+01
-8.998149108886718750e+01,2.711477088928222656e+01
-8.998200988769531250e+01,2.711503791809082031e+01
-8.998115539550781250e+01,2.711512374877929688e+01
-8.998188018798828125e+01,2.711501693725585938e+01
-8.998148345947265625e+01,2.711514091491699219e+01
-8.998124694824218750e+01,2.711509513854980469e+01
-8.998154449462890625e+01,2.711495590209960938e+01
-8.998146057128906250e+01,2.711386871337890625e+01
-8.998113250732421875e+01,2.711553382873535156e+01
-8.998146057128906250e+01,2.711444664001464844e+01
-8.998188781738281250e+01,2.711434173583984375e+01
-8.998188781738281250e+01,2.711387825012207031e+01
-8.998168182373046875e+01,2.711535453796386719e+01
-8.998191833496093750e+01,2.711507415771484375e+01
-8.998131561279296875e+01,2.711515617370605469e+01
-8.998199462890625000e+01,2.711442375183105469e+01
-8.998188018798828125e+01,2.711492919921875000e+01
-8.998143768310546875e+01,2.711397171020507812e+01
-8.998135375976562500e+01,2.711454963684082031e+01
-8.998126220703125000e+01,2.711470985412597656e+01
-8.998225402832031250e+01,2.711367225646972656e+01
-8.998143005371093750e+01,2.711389923095703125e+01
-8.998219299316406250e+01,2.711323165893554688e+01
-8.998151397705078125e+01,2.711517715454101562e+01
-8.998158264160156250e+01,2.711512565612792969e+01
-8.998204803466796875e+01,2.711395454406738281e+01
-8.998122406005859375e+01,2.711500358581542969e+01
-8.998190307617187500e+01,2.711409759521484375e+01
-8.998158264160156250e+01,2.711468124389648438e+01
-8.998231506347656250e+01,2.711368751525878906e+01
-8.998158264160156250e+01,2.711502838134765625e+01
-8.998127746582031250e+01,2.711428260803222656e+01
-8.998149108886718750e+01,2.711385917663574219e+01
-8.998119354248046875e+01,2.711453437805175781e+01
-8.998185729980468750e+01,2.711410331726074219e+01
-8.998123931884765625e+01,2.711459541320800781e+01
-8.998197174072265625e+01,2.711448860168457031e+01
-8.998128509521484375e+01,2.711529731750488281e+01
-8.998181915283203125e+01,2.711430549621582031e+01
-8.998186492919921875e+01,2.711479759216308594e+01
-8.998165893554687500e+01,2.711476325988769531e+01
-8.998195648193359375e+01,2.711411094665527344e+01
-8.998186492919921875e+01,2.711446571350097656e+01
-8.998152160644531250e+01,2.711399650573730469e+01
-8.998172760009765625e+01,2.711469841003417969e+01
-8.998146820068359375e+01,2.711456489562988281e+01
-8.998217773437500000e+01,2.711389160156250000e+01
-8.998206329345703125e+01,2.711392974853515625e+01
-8.998235321044921875e+01,2.711361312866210938e+01
-8.998206329345703125e+01,2.711372566223144531e+01
-8.998123931884765625e+01,2.711511611938476562e+01
-8.998187255859375000e+01,2.711400985717773438e+01
-8.998188781738281250e+01,2.711374092102050781e+01
-8.998204803466796875e+01,2.711340713500976562e+01
-8.998168182373046875e+01,2.711419677734375000e+01
-8.998211669921875000e+01,2.711359024047851562e+01
-8.998159790039062500e+01,2.711382293701171875e+01
-8.998156738281250000e+01,2.711483383178710938e+01
-8.998122406005859375e+01,2.711492347717285156e+01
-8.998156738281250000e+01,2.711369132995605469e+01
-8.998193359375000000e+01,2.711434364318847656e+01
-8.998202514648437500e+01,2.711379241943359375e+01
-8.998121643066406250e+01,2.711461448669433594e+01
-8.998116302490234375e+01,2.711481857299804688e+01
-8.998211669921875000e+01,2.711456680297851562e+01
-8.998165130615234375e+01,2.711353111267089844e+01
-8.998132324218750000e+01,2.711450767517089844e+01
-8.998136138916015625e+01,2.711535644531250000e+01
-8.998179626464843750e+01,2.711503601074218750e+01
-8.998187255859375000e+01,2.711520195007324219e+01
-8.998184204101562500e+01,2.711343574523925781e+01
-8.998165893554687500e+01,2.711352920532226562e+01
-8.998213195800781250e+01,2.711326789855957031e+01
-8.998122406005859375e+01,2.711452102661132812e+01
-8.998213195800781250e+01,2.711424446105957031e+01
-8.998103332519531250e+01,2.711510467529296875e+01
-8.998159790039062500e+01,2.711540031433105469e+01
-8.998159027099609375e+01,2.711449623107910156e+01
-8.998156738281250000e+01,2.711403274536132812e+01
-8.998146820068359375e+01,2.711429977416992188e+01
-8.998163604736328125e+01,2.711370849609375000e+01
-8.998212432861328125e+01,2.711456298828125000e+01
-8.998143005371093750e+01,2.711477851867675781e+01
-8.998165130615234375e+01,2.711413574218750000e+01
-8.998220062255859375e+01,2.711446380615234375e+01
-8.998170471191406250e+01,2.711481857299804688e+01
-8.998153686523437500e+01,2.711405181884765625e+01
-8.998208618164062500e+01,2.711320495605468750e+01
-8.998161315917968750e+01,2.711407470703125000e+01
-8.998178100585937500e+01,2.711368560791015625e+01
-8.998216247558593750e+01,2.711389350891113281e+01
-8.998223876953125000e+01,2.711340713500976562e+01
-8.998197174072265625e+01,2.711404037475585938e+01
-8.998194885253906250e+01,2.711503028869628906e+01
-8.998189544677734375e+01,2.711494445800781250e+01
-8.998140716552734375e+01,2.711522483825683594e+01
-8.998142242431640625e+01,2.711489677429199219e+01
-8.998146820068359375e+01,2.711446571350097656e+01
-8.998126220703125000e+01,2.711549377441406250e+01
-8.998132324218750000e+01,2.711493492126464844e+01
-8.998120117187500000e+01,2.711528396606445312e+01
-8.998106384277343750e+01,2.711509895324707031e+01
-8.998190307617187500e+01,2.711510086059570312e+01
-8.998208618164062500e+01,2.711330223083496094e+01
-8.998146057128906250e+01,2.711435317993164062e+01
-8.998191070556640625e+01,2.711516380310058594e+01
-8.998130035400390625e+01,2.711487960815429688e+01
-8.998117065429687500e+01,2.711558723449707031e+01
-8.998136138916015625e+01,2.711466217041015625e+01
-8.998191833496093750e+01,2.711373901367187500e+01
-8.998223114013671875e+01,2.711402130126953125e+01
-8.998223114013671875e+01,2.711372947692871094e+01
-8.998220062255859375e+01,2.711434936523437500e+01
-8.998225402832031250e+01,2.711390686035156250e+01
-8.998156738281250000e+01,2.711401939392089844e+01
-8.998197174072265625e+01,2.711411476135253906e+01
-8.998129272460937500e+01,2.711554145812988281e+01
-8.998138427734375000e+01,2.711414337158203125e+01
-8.998176574707031250e+01,2.711353111267089844e+01
-8.998123931884765625e+01,2.711504173278808594e+01
-8.998217773437500000e+01,2.711374855041503906e+01
-8.998119354248046875e+01,2.711528778076171875e+01
-8.998165130615234375e+01,2.711510658264160156e+01
-8.998158264160156250e+01,2.711403083801269531e+01
-8.998196411132812500e+01,2.711460304260253906e+01
-8.998136901855468750e+01,2.711418342590332031e+01
-8.998162078857421875e+01,2.711446189880371094e+01
-8.998204803466796875e+01,2.711408805847167969e+01
-8.998204803466796875e+01,2.711340332031250000e+01
-8.998153686523437500e+01,2.711407852172851562e+01
-8.998204040527343750e+01,2.711375236511230469e+01
-8.998135375976562500e+01,2.711430168151855469e+01
-8.998128509521484375e+01,2.711550903320312500e+01
-8.998228454589843750e+01,2.711407470703125000e+01
-8.998164367675781250e+01,2.711405754089355469e+01
-8.998170471191406250e+01,2.711386680603027344e+01
-8.998152160644531250e+01,2.711401748657226562e+01
-8.998112487792968750e+01,2.711454391479492188e+01
-8.998215484619140625e+01,2.711450958251953125e+01
-8.998162841796875000e+01,2.711418724060058594e+01
-8.998197937011718750e+01,2.711487388610839844e+01
-8.998140716552734375e+01,2.711517143249511719e+01
-8.998179626464843750e+01,2.711371994018554688e+01
-8.998162078857421875e+01,2.711460876464843750e+01
-8.998216247558593750e+01,2.711423873901367188e+01
-8.998190307617187500e+01,2.711481285095214844e+01
-8.998146820068359375e+01,2.711512756347656250e+01
-8.998132324218750000e+01,2.711536026000976562e+01
-8.998149871826171875e+01,2.711485481262207031e+01
-8.998155212402343750e+01,2.711537742614746094e+01
-8.998202514648437500e+01,2.711454391479492188e+01
-8.998213195800781250e+01,2.711433792114257812e+01
-8.998123931884765625e+01,2.711525726318359375e+01
-8.998143005371093750e+01,2.711423873901367188e+01
-8.998204803466796875e+01,2.711428642272949219e+01
-8.998168945312500000e+01,2.711467742919921875e+01
-8.998128509521484375e+01,2.711478233337402344e+01
-8.998148345947265625e+01,2.711421585083007812e+01
-8.998149871826171875e+01,2.711413383483886719e+01
-8.998177337646484375e+01,2.711366462707519531e+01
-8.998184967041015625e+01,2.711488914489746094e+01
-8.998188018798828125e+01,2.711389160156250000e+01
-8.998223114013671875e+01,2.711324310302734375e+01
-8.998180389404296875e+01,2.711355590820312500e+01
-8.998230743408203125e+01,2.711401176452636719e+01
-8.998200988769531250e+01,2.711438369750976562e+01
-8.998188781738281250e+01,2.711351394653320312e+01
-8.998183441162109375e+01,2.711445236206054688e+01
-8.998160552978515625e+01,2.711376190185546875e+01
-8.998143768310546875e+01,2.711509513854980469e+01
-8.998220062255859375e+01,2.711425590515136719e+01
-8.998182678222656250e+01,2.711432647705078125e+01
-8.998122406005859375e+01,2.711422538757324219e+01
-8.998155212402343750e+01,2.711450004577636719e+01
-8.998213195800781250e+01,2.711371803283691406e+01
-8.998141479492187500e+01,2.711445236206054688e+01
-8.998178863525390625e+01,2.711434745788574219e+01
-8.998228454589843750e+01,2.711375999450683594e+01
-8.998192596435546875e+01,2.711426353454589844e+01
-8.998123931884765625e+01,2.711454010009765625e+01
-8.998128509521484375e+01,2.711443138122558594e+01
-8.998213958740234375e+01,2.711405372619628906e+01
-8.998204803466796875e+01,2.711371040344238281e+01
-8.998202514648437500e+01,2.711378479003906250e+01
-8.998155975341796875e+01,2.711525535583496094e+01
-8.998139190673828125e+01,2.711542892456054688e+01
-8.998184967041015625e+01,2.711380767822265625e+01
-8.998165130615234375e+01,2.711535835266113281e+01
-8.998180389404296875e+01,2.711334419250488281e+01
-8.998230743408203125e+01,2.711400794982910156e+01
-8.998194122314453125e+01,2.711477470397949219e+01
-8.998157501220703125e+01,2.711471366882324219e+01
-8.998174285888671875e+01,2.711527061462402344e+01
-8.998148345947265625e+01,2.711383438110351562e+01
-8.998222351074218750e+01,2.711410713195800781e+01
-8.998226928710937500e+01,2.711336326599121094e+01
-8.998175048828125000e+01,2.711469459533691406e+01
-8.998110198974609375e+01,2.711489486694335938e+01
-8.998195648193359375e+01,2.711459732055664062e+01
-8.998146057128906250e+01,2.711525344848632812e+01
-8.998149108886718750e+01,2.711522102355957031e+01
-8.998196411132812500e+01,2.711398887634277344e+01
-8.998152160644531250e+01,2.711404418945312500e+01
-8.998163604736328125e+01,2.711382865905761719e+01
-8.998217010498046875e+01,2.711317062377929688e+01
-8.998120117187500000e+01,2.711458015441894531e+01
-8.998179626464843750e+01,2.711462211608886719e+01
-8.998188018798828125e+01,2.711382865905761719e+01
-8.998107910156250000e+01,2.711511611938476562e+01
-8.998164367675781250e+01,2.711515808105468750e+01
-8.998183441162109375e+01,2.711501884460449219e+01
-8.998168182373046875e+01,2.711444664001464844e+01
-8.998221588134765625e+01,2.711374282836914062e+01
-8.998178863525390625e+01,2.711368942260742188e+01
-8.998186492919921875e+01,2.711369705200195312e+01
-8.998130798339843750e+01,2.711480331420898438e+01
-8.998229980468750000e+01,2.711375617980957031e+01
-8.998193359375000000e+01,2.711463165283203125e+01
-8.998152923583984375e+01,2.711404800415039062e+01
-8.998218536376953125e+01,2.711408805847167969e+01
-8.998155212402343750e+01,2.711439132690429688e+01
-8.998186492919921875e+01,2.711416435241699219e+01
-8.998207855224609375e+01,2.711472511291503906e+01
-8.998175811767578125e+01,2.711400413513183594e+01
-8.998162841796875000e+01,2.711383438110351562e+01
-8.998158264160156250e+01,2.711381340026855469e+01
-8.998188781738281250e+01,2.711490058898925781e+01
-8.998121643066406250e+01,2.711532020568847656e+01
-8.998203277587890625e+01,2.711365127563476562e+01
-8.998172760009765625e+01,2.711343574523925781e+01
-8.998152160644531250e+01,2.711509513854980469e+01
-8.998158264160156250e+01,2.711496543884277344e+01
-8.998116302490234375e+01,2.711568069458007812e+01
-8.998152160644531250e+01,2.711469459533691406e+01
-8.998213958740234375e+01,2.711400032043457031e+01
-8.998230743408203125e+01,2.711416816711425781e+01
-8.998230743408203125e+01,2.711367607116699219e+01
-8.998142242431640625e+01,2.711441612243652344e+01
-8.998212432861328125e+01,2.711315536499023438e+01
-8.998208618164062500e+01,2.711383247375488281e+01
-8.998216247558593750e+01,2.711335754394531250e+01
-8.998214721679687500e+01,2.711386489868164062e+01
-8.998152923583984375e+01,2.711480712890625000e+01
-8.998210144042968750e+01,2.711409950256347656e+01
-8.998155975341796875e+01,2.711519241333007812e+01
-8.998196411132812500e+01,2.711347198486328125e+01
-8.998133087158203125e+01,2.711471366882324219e+01
-8.998178100585937500e+01,2.711408996582031250e+01
-8.998171234130859375e+01,2.711359786987304688e+01
-8.998194122314453125e+01,2.711443138122558594e+01
-8.998225402832031250e+01,2.711323738098144531e+01
-8.998185729980468750e+01,2.711519241333007812e+01
-8.998151397705078125e+01,2.711384773254394531e+01
-8.998179626464843750e+01,2.711497688293457031e+01
-8.998190307617187500e+01,2.711429405212402344e+01
-8.998141479492187500e+01,2.711467933654785156e+01
-8.998171234130859375e+01,2.711482429504394531e+01
-8.998230743408203125e+01,2.711413002014160156e+01
-8.998227691650390625e+01,2.711405754089355469e+01
-8.998123931884765625e+01,2.711448287963867188e+01
-8.998171234130859375e+01,2.711357498168945312e+01
-8.998144531250000000e+01,2.711536979675292969e+01
-8.998159790039062500e+01,2.711367797851562500e+01
-8.998140716552734375e+01,2.711542510986328125e+01
-8.998143005371093750e+01,2.711505317687988281e+01
-8.998138427734375000e+01,2.711536407470703125e+01
-8.998131561279296875e+01,2.711511421203613281e+01
-8.998118591308593750e+01,2.711480522155761719e+01
-8.998211669921875000e+01,2.711459350585937500e+01
-8.998229980468750000e+01,2.711437034606933594e+01
-8.998138427734375000e+01,2.711528778076171875e+01
-8.998221588134765625e+01,2.711402702331542969e+01
-8.998206329345703125e+01,2.711358451843261719e+01
-8.998177337646484375e+01,2.711341667175292969e+01
-8.998200225830078125e+01,2.711415290832519531e+01
-8.998146820068359375e+01,2.711453437805175781e+01
-8.998201751708984375e+01,2.711331748962402344e+01
-8.998165130615234375e+01,2.711521911621093750e+01
-8.998171997070312500e+01,2.711496353149414062e+01
-8.998217773437500000e+01,2.711339187622070312e+01
-8.998181915283203125e+01,2.711354064941406250e+01
-8.998179626464843750e+01,2.711498641967773438e+01
-8.998136901855468750e+01,2.711414146423339844e+01
-8.998161315917968750e+01,2.711532020568847656e+01
-8.998201751708984375e+01,2.711412620544433594e+01
-8.998130798339843750e+01,2.711455345153808594e+01
-8.998178863525390625e+01,2.711506462097167969e+01
-8.998204803466796875e+01,2.711492538452148438e+01
-8.998141479492187500e+01,2.711418914794921875e+01
-8.998162841796875000e+01,2.711519050598144531e+01
-8.998113250732421875e+01,2.711497688293457031e+01
-8.998175811767578125e+01,2.711364746093750000e+01
-8.998207855224609375e+01,2.711326026916503906e+01
-8.998180389404296875e+01,2.711487960815429688e+01
-8.998184204101562500e+01,2.711491203308105469e+01
-8.998194885253906250e+01,2.711445999145507812e+01
-8.998152923583984375e+01,2.711416435241699219e+01
-8.998198699951171875e+01,2.711413764953613281e+01
-8.998138427734375000e+01,2.711547088623046875e+01
-8.998235321044921875e+01,2.711328697204589844e+01
-8.998109436035156250e+01,2.711518096923828125e+01
-8.998120117187500000e+01,2.711446762084960938e+01
-8.998160552978515625e+01,2.711356544494628906e+01
-8.998191070556640625e+01,2.711479568481445312e+01
-8.998176574707031250e+01,2.711519622802734375e+01
-8.998179626464843750e+01,2.711401748657226562e+01
-8.998159027099609375e+01,2.711420631408691406e+01
-8.998198699951171875e+01,2.711344337463378906e+01
-8.998226165771484375e+01,2.711372184753417969e+01
-8.998178863525390625e+01,2.711425971984863281e+01
-8.998133850097656250e+01,2.711459350585937500e+01
-8.998133087158203125e+01,2.711497306823730469e+01
-8.998191070556640625e+01,2.711463737487792969e+01
-8.998140716552734375e+01,2.711508178710937500e+01
-8.998206329345703125e+01,2.711395645141601562e+01
-8.998152160644531250e+01,2.711447525024414062e+01
-8.998146057128906250e+01,2.711539268493652344e+01
-8.998155975341796875e+01,2.711466407775878906e+01
-8.998133850097656250e+01,2.711523818969726562e+01
-8.998191833496093750e+01,2.711493110656738281e+01
-8.998192596435546875e+01,2.711371612548828125e+01
-8.998216247558593750e+01,2.711425971984863281e+01
-8.998213195800781250e+01,2.711372947692871094e+01
-8.998231506347656250e+01,2.711337280273437500e+01
-8.998169708251953125e+01,2.711528015136718750e+01
-8.998184967041015625e+01,2.711448097229003906e+01
-8.998183441162109375e+01,2.711374664306640625e+01
-8.998190307617187500e+01,2.711510848999023438e+01
-8.998197937011718750e+01,2.711353302001953125e+01
-8.998218536376953125e+01,2.711318778991699219e+01
-8.998146820068359375e+01,2.711500930786132812e+01
-8.998151397705078125e+01,2.711516952514648438e+01
-8.998110961914062500e+01,2.711496162414550781e+01
-8.998152160644531250e+01,2.711460304260253906e+01
-8.998136901855468750e+01,2.711534118652343750e+01
-8.998114013671875000e+01,2.711516380310058594e+01
-8.998214721679687500e+01,2.711316108703613281e+01
-8.998153686523437500e+01,2.711547851562500000e+01
-8.998192596435546875e+01,2.711468505859375000e+01
-8.998178863525390625e+01,2.711444664001464844e+01
-8.998193359375000000e+01,2.711378479003906250e+01
-8.998171234130859375e+01,2.711437988281250000e+01
-8.998190307617187500e+01,2.711509895324707031e+01
-8.998155212402343750e+01,2.711383628845214844e+01
-8.998194885253906250e+01,2.711430358886718750e+01
-8.998165893554687500e+01,2.711429595947265625e+01
-8.998213958740234375e+01,2.711416435241699219e+01
-8.998138427734375000e+01,2.711498832702636719e+01
-8.998142242431640625e+01,2.711522483825683594e+01
-8.998184967041015625e+01,2.711521339416503906e+01
-8.998160552978515625e+01,2.711480903625488281e+01
-8.998146820068359375e+01,2.711399459838867188e+01
-8.998149108886718750e+01,2.711491012573242188e+01
-8.998178100585937500e+01,2.711427879333496094e+01
-8.998137664794921875e+01,2.711460304260253906e+01
-8.998187255859375000e+01,2.711369514465332031e+01
