longitude,latitude
-8.963795471191406250e+01,2.780898094177246094e+01
-8.963862609863281250e+01,2.780841445922851562e+01
-8.963528442382812500e+01,2.780966186523437500e+01
-8.963623809814453125e+01,2.780824661254882812e+01
-8.963746643066406250e+01,2.780945396423339844e+01
-8.963690185546875000e+01,2.781015396118164062e+01
-8.963708496093750000e+01,2.781069946289062500e+01
-8.963786315917968750e+01,2.781067657470703125e+01
-8.963812255859375000e+01,2.781000328063964844e+01
-8.963821411132812500e+01,2.780889129638671875e+01
-8.963710784912109375e+01,2.781032562255859375e+01
-8.963799285888671875e+01,2.780916976928710938e+01
-8.963586425781250000e+01,2.781069374084472656e+01
-8.963586425781250000e+01,2.780908393859863281e+01
-8.963638305664062500e+01,2.781045532226562500e+01
-8.963690948486328125e+01,2.780856323242187500e+01
-8.963589477539062500e+01,2.780935287475585938e+01
-8.963778686523437500e+01,2.781010627746582031e+01
-8.963630676269531250e+01,2.780921363830566406e+01
-8.963777923583984375e+01,2.780908393859863281e+01
-8.963748931884765625e+01,2.780988883972167969e+01
-8.963676452636718750e+01,2.781133651733398438e+01
-8.963742828369140625e+01,2.780893707275390625e+01
-8.963708496093750000e+01,2.781024360656738281e+01
-8.963716888427734375e+01,2.780779457092285156e+01
-8.963707733154296875e+01,2.780814933776855469e+01
-8.963697814941406250e+01,2.781016540527343750e+01
-8.963553619384765625e+01,2.781020545959472656e+01
-8.963669586181640625e+01,2.781141853332519531e+01
-8.963800811767578125e+01,2.780861854553222656e+01
-8.963765716552734375e+01,2.780873870849609375e+01
-8.963649749755859375e+01,2.781117630004882812e+01
-8.963725280761718750e+01,2.780784416198730469e+01
-8.963828277587890625e+01,2.781009292602539062e+01
-8.963648223876953125e+01,2.780951309204101562e+01
-8.963594818115234375e+01,2.780930900573730469e+01
-8.963664245605468750e+01,2.780937767028808594e+01
-8.963506317138671875e+01,2.780966186523437500e+01
-8.963664245605468750e+01,2.780834197998046875e+01
-8.963832092285156250e+01,2.781003379821777344e+01
-8.963754272460937500e+01,2.780842590332031250e+01
-8.963592529296875000e+01,2.780841636657714844e+01
-8.963767242431640625e+01,2.780918312072753906e+01
-8.963652801513671875e+01,2.780993652343750000e+01
-8.963786315917968750e+01,2.780836677551269531e+01
-8.963597869873046875e+01,2.781120300292968750e+01
-8.963838195800781250e+01,2.780845642089843750e+01
-8.963637542724609375e+01,2.780840682983398438e+01
-8.963651275634765625e+01,2.781053733825683594e+01
-8.963538360595703125e+01,2.780988502502441406e+01
-8.963608551025390625e+01,2.781001853942871094e+01
-8.963809204101562500e+01,2.780827140808105469e+01
-8.963851928710937500e+01,2.780927848815917969e+01
-8.963641357421875000e+01,2.780959129333496094e+01
-8.963755798339843750e+01,2.780863189697265625e+01
-8.963842010498046875e+01,2.780842971801757812e+01
-8.963677215576171875e+01,2.781082534790039062e+01
-8.963703918457031250e+01,2.780823898315429688e+01
-8.963510131835937500e+01,2.781051254272460938e+01
-8.963802337646484375e+01,2.781057739257812500e+01
-8.963568115234375000e+01,2.780976295471191406e+01
-8.963574218750000000e+01,2.781036376953125000e+01
-8.963739776611328125e+01,2.780787467956542969e+01
-8.963805389404296875e+01,2.780939102172851562e+01
-8.963811492919921875e+01,2.780984306335449219e+01
-8.963511657714843750e+01,2.780969619750976562e+01
-8.963867950439453125e+01,2.780891799926757812e+01
-8.963809204101562500e+01,2.780993080139160156e+01
-8.963586425781250000e+01,2.780993652343750000e+01
-8.963809204101562500e+01,2.780813217163085938e+01
-8.963779449462890625e+01,2.780909729003906250e+01
-8.963668060302734375e+01,2.780978775024414062e+01
-8.963534545898437500e+01,2.781103324890136719e+01
-8.963697814941406250e+01,2.781093406677246094e+01
-8.963820648193359375e+01,2.780841064453125000e+01
-8.963727569580078125e+01,2.780839729309082031e+01
-8.963713836669921875e+01,2.781071090698242188e+01
-8.963719177246093750e+01,2.781012153625488281e+01
-8.963598632812500000e+01,2.781126785278320312e+01
-8.963813018798828125e+01,2.780797386169433594e+01
-8.963801574707031250e+01,2.781076622009277344e+01
-8.963748168945312500e+01,2.781017494201660156e+01
-8.963823699951171875e+01,2.780857849121093750e+01
-8.963665771484375000e+01,2.781068611145019531e+01
-8.963544464111328125e+01,2.780952835083007812e+01
-8.963747406005859375e+01,2.781058311462402344e+01
-8.963622283935546875e+01,2.781078910827636719e+01
-8.963549804687500000e+01,2.781087493896484375e+01
-8.963584136962890625e+01,2.780947685241699219e+01
-8.963553619384765625e+01,2.781112480163574219e+01
-8.963786315917968750e+01,2.780792999267578125e+01
-8.963600158691406250e+01,2.781053733825683594e+01
-8.963674926757812500e+01,2.780790710449218750e+01
-8.963619232177734375e+01,2.781109046936035156e+01
-8.963784027099609375e+01,2.780954742431640625e+01
-8.963784027099609375e+01,2.780959129333496094e+01
-8.963816070556640625e+01,2.780902671813964844e+01
-8.963807678222656250e+01,2.781013679504394531e+01
-8.963648223876953125e+01,2.781045341491699219e+01
-8.963627624511718750e+01,2.781114578247070312e+01
-8.963838958740234375e+01,2.780880355834960938e+01
-8.963581085205078125e+01,2.781002998352050781e+01
-8.963683319091796875e+01,2.780777359008789062e+01
-8.963617706298828125e+01,2.780892753601074219e+01
-8.963777923583984375e+01,2.780956840515136719e+01
-8.963538360595703125e+01,2.781013107299804688e+01
-8.963556671142578125e+01,2.781001091003417969e+01
-8.963582611083984375e+01,2.780858039855957031e+01
-8.963652038574218750e+01,2.780855941772460938e+01
-8.963867187500000000e+01,2.780871009826660156e+01
-8.963610839843750000e+01,2.781103897094726562e+01
-8.963796234130859375e+01,2.780803871154785156e+01
-8.963806915283203125e+01,2.780915260314941406e+01
-8.963578796386718750e+01,2.780835914611816406e+01
-8.963738250732421875e+01,2.780854034423828125e+01
-8.963711547851562500e+01,2.780949211120605469e+01
-8.963567352294921875e+01,2.781058502197265625e+01
-8.963562774658203125e+01,2.781132125854492188e+01
-8.963625335693359375e+01,2.781113624572753906e+01
-8.963827514648437500e+01,2.780916786193847656e+01
-8.963745117187500000e+01,2.780901527404785156e+01
-8.963736724853515625e+01,2.781027793884277344e+01
-8.963819885253906250e+01,2.781056594848632812e+01
-8.963590240478515625e+01,2.780821037292480469e+01
-8.963836669921875000e+01,2.780814933776855469e+01
-8.963850402832031250e+01,2.780942153930664062e+01
-8.963650512695312500e+01,2.781053733825683594e+01
-8.963796997070312500e+01,2.780964469909667969e+01
-8.963780975341796875e+01,2.781066513061523438e+01
-8.963868713378906250e+01,2.780876541137695312e+01
-8.963786315917968750e+01,2.781061935424804688e+01
-8.963649749755859375e+01,2.780969429016113281e+01
-8.963832855224609375e+01,2.780840492248535156e+01
-8.963695526123046875e+01,2.781110382080078125e+01
-8.963613891601562500e+01,2.781136894226074219e+01
-8.963607025146484375e+01,2.780821037292480469e+01
-8.963665008544921875e+01,2.780953216552734375e+01
-8.963519287109375000e+01,2.780933570861816406e+01
-8.963653564453125000e+01,2.780920791625976562e+01
-8.963814544677734375e+01,2.780975151062011719e+01
-8.963704681396484375e+01,2.780807685852050781e+01
-8.963790130615234375e+01,2.780933380126953125e+01
-8.963674926757812500e+01,2.781117057800292969e+01
-8.963767242431640625e+01,2.780802726745605469e+01
-8.963584136962890625e+01,2.781037712097167969e+01
-8.963699340820312500e+01,2.780844688415527344e+01
-8.963759613037109375e+01,2.781064414978027344e+01
-8.963846588134765625e+01,2.780870437622070312e+01
-8.963696289062500000e+01,2.780881118774414062e+01
-8.963662719726562500e+01,2.781106567382812500e+01
-8.963562774658203125e+01,2.780832672119140625e+01
-8.963563537597656250e+01,2.780867958068847656e+01
-8.963678741455078125e+01,2.781001663208007812e+01
-8.963705444335937500e+01,2.780961418151855469e+01
-8.963522338867187500e+01,2.780932998657226562e+01
-8.963532257080078125e+01,2.781070327758789062e+01
-8.963745117187500000e+01,2.781036186218261719e+01
-8.963745880126953125e+01,2.781015014648437500e+01
-8.963698577880859375e+01,2.780909919738769531e+01
-8.963742828369140625e+01,2.780917549133300781e+01
-8.963704681396484375e+01,2.780977821350097656e+01
-8.963770294189453125e+01,2.780898094177246094e+01
-8.963543701171875000e+01,2.780897903442382812e+01
-8.963773345947265625e+01,2.781091499328613281e+01
-8.963617706298828125e+01,2.780970001220703125e+01
-8.963701629638671875e+01,2.780890846252441406e+01
-8.963571929931640625e+01,2.780945968627929688e+01
-8.963542938232421875e+01,2.781136131286621094e+01
-8.963731384277343750e+01,2.780914115905761719e+01
-8.963800811767578125e+01,2.780956649780273438e+01
-8.963703155517578125e+01,2.780825424194335938e+01
-8.963712310791015625e+01,2.780951118469238281e+01
-8.963562011718750000e+01,2.781110954284667969e+01
-8.963690185546875000e+01,2.781045150756835938e+01
-8.963718414306640625e+01,2.781089782714843750e+01
-8.963726806640625000e+01,2.780794525146484375e+01
-8.963684844970703125e+01,2.780879402160644531e+01
-8.963584136962890625e+01,2.780912399291992188e+01
-8.963774108886718750e+01,2.780972099304199219e+01
-8.963671112060546875e+01,2.780845069885253906e+01
-8.963636016845703125e+01,2.780888938903808594e+01
-8.963511657714843750e+01,2.780966949462890625e+01
-8.963734436035156250e+01,2.780877685546875000e+01
-8.963801574707031250e+01,2.780899429321289062e+01
-8.963713073730468750e+01,2.781017875671386719e+01
-8.963557434082031250e+01,2.780953979492187500e+01
-8.963661956787109375e+01,2.781082344055175781e+01
-8.963557434082031250e+01,2.780909729003906250e+01
-8.963675689697265625e+01,2.780951118469238281e+01
-8.963845062255859375e+01,2.780821990966796875e+01
-8.963739776611328125e+01,2.780882453918457031e+01
-8.963798522949218750e+01,2.781072425842285156e+01
-8.963607025146484375e+01,2.780873870849609375e+01
-8.963763427734375000e+01,2.780883789062500000e+01
-8.963793182373046875e+01,2.781007957458496094e+01
-8.963583374023437500e+01,2.780836677551269531e+01
-8.963698577880859375e+01,2.780901336669921875e+01
-8.963787841796875000e+01,2.780980491638183594e+01
-8.963689422607421875e+01,2.781106758117675781e+01
-8.963802337646484375e+01,2.781076622009277344e+01
-8.963587188720703125e+01,2.780864715576171875e+01
-8.963796997070312500e+01,2.780814743041992188e+01
-8.963822937011718750e+01,2.780840301513671875e+01
-8.963663482666015625e+01,2.781133079528808594e+01
-8.963788604736328125e+01,2.781075859069824219e+01
-8.963730621337890625e+01,2.780925178527832031e+01
-8.963545989990234375e+01,2.780923461914062500e+01
-8.963652038574218750e+01,2.781117820739746094e+01
-8.963816833496093750e+01,2.780893707275390625e+01
-8.963742828369140625e+01,2.781084060668945312e+01
-8.963599395751953125e+01,2.780950355529785156e+01
-8.963738250732421875e+01,2.780860519409179688e+01
-8.963516998291015625e+01,2.781022453308105469e+01
-8.963632965087890625e+01,2.781010627746582031e+01
-8.963717651367187500e+01,2.780983734130859375e+01
-8.963639068603515625e+01,2.780869102478027344e+01
-8.963729095458984375e+01,2.780939865112304688e+01
-8.963562774658203125e+01,2.780911827087402344e+01
-8.963552856445312500e+01,2.780886650085449219e+01
-8.963648986816406250e+01,2.780899238586425781e+01
-8.963521575927734375e+01,2.781097602844238281e+01
-8.963552093505859375e+01,2.781050491333007812e+01
-8.963563537597656250e+01,2.781105995178222656e+01
-8.963593292236328125e+01,2.780894470214843750e+01
-8.963525390625000000e+01,2.780916404724121094e+01
-8.963542175292968750e+01,2.781066513061523438e+01
-8.963658905029296875e+01,2.781121253967285156e+01
-8.963682556152343750e+01,2.781041526794433594e+01
-8.963728332519531250e+01,2.780944061279296875e+01
-8.963614654541015625e+01,2.781044197082519531e+01
-8.963698577880859375e+01,2.781035614013671875e+01
-8.963601684570312500e+01,2.780835151672363281e+01
-8.963626861572265625e+01,2.781111526489257812e+01
-8.963782501220703125e+01,2.780791473388671875e+01
-8.963803863525390625e+01,2.780840301513671875e+01
-8.963743591308593750e+01,2.780951690673828125e+01
-8.963632202148437500e+01,2.781033325195312500e+01
-8.963751983642578125e+01,2.781089210510253906e+01
-8.963583374023437500e+01,2.781000709533691406e+01
-8.963732147216796875e+01,2.780896759033203125e+01
-8.963609313964843750e+01,2.780829429626464844e+01
-8.963700103759765625e+01,2.781020927429199219e+01
-8.963752746582031250e+01,2.780882644653320312e+01
-8.963607025146484375e+01,2.780978775024414062e+01
-8.963805389404296875e+01,2.780874824523925781e+01
-8.963840484619140625e+01,2.780974197387695312e+01
-8.963717651367187500e+01,2.780786514282226562e+01
-8.963592529296875000e+01,2.780901336669921875e+01
-8.963611602783203125e+01,2.780971527099609375e+01
-8.963687133789062500e+01,2.780822753906250000e+01
-8.963526153564453125e+01,2.780913162231445312e+01
-8.963609313964843750e+01,2.780934715270996094e+01
-8.963717651367187500e+01,2.780854415893554688e+01
-8.963630676269531250e+01,2.780943298339843750e+01
-8.963854217529296875e+01,2.780921363830566406e+01
-8.963795471191406250e+01,2.780781745910644531e+01
-8.963560485839843750e+01,2.781094551086425781e+01
-8.963583374023437500e+01,2.780897712707519531e+01
-8.963655090332031250e+01,2.780921554565429688e+01
-8.963825988769531250e+01,2.780937767028808594e+01
-8.963811492919921875e+01,2.781031036376953125e+01
-8.963670349121093750e+01,2.781128692626953125e+01
-8.963779449462890625e+01,2.780866432189941406e+01
-8.963686370849609375e+01,2.780976676940917969e+01
-8.963618469238281250e+01,2.781120872497558594e+01
-8.963751983642578125e+01,2.781097984313964844e+01
-8.963574218750000000e+01,2.780880546569824219e+01
-8.963806915283203125e+01,2.781043052673339844e+01
-8.963545989990234375e+01,2.780889129638671875e+01
-8.963748168945312500e+01,2.780790328979492188e+01
-8.963748168945312500e+01,2.781097984313964844e+01
-8.963718414306640625e+01,2.780799484252929688e+01
-8.963537597656250000e+01,2.780939483642578125e+01
-8.963535308837890625e+01,2.781001281738281250e+01
-8.963533020019531250e+01,2.780955314636230469e+01
-8.963808441162109375e+01,2.780997657775878906e+01
-8.963717651367187500e+01,2.780860519409179688e+01
-8.963668060302734375e+01,2.780953979492187500e+01
-8.963513946533203125e+01,2.781073379516601562e+01
-8.963553619384765625e+01,2.780978202819824219e+01
-8.963653564453125000e+01,2.781029891967773438e+01
-8.963505554199218750e+01,2.781062698364257812e+01
-8.963774871826171875e+01,2.780890846252441406e+01
-8.963521575927734375e+01,2.780985069274902344e+01
-8.963555908203125000e+01,2.780884361267089844e+01
-8.963679504394531250e+01,2.781145668029785156e+01
-8.963520812988281250e+01,2.780924034118652344e+01
-8.963795471191406250e+01,2.780795860290527344e+01
-8.963612365722656250e+01,2.781028366088867188e+01
-8.963513946533203125e+01,2.780974197387695312e+01
-8.963604736328125000e+01,2.781071472167968750e+01
-8.963567352294921875e+01,2.780833625793457031e+01
-8.963547515869140625e+01,2.781003189086914062e+01
-8.963841247558593750e+01,2.780893325805664062e+01
-8.963791656494140625e+01,2.780867004394531250e+01
-8.963569641113281250e+01,2.780831336975097656e+01
-8.963713073730468750e+01,2.780865097045898438e+01
-8.963539886474609375e+01,2.781134223937988281e+01
-8.963598632812500000e+01,2.780945396423339844e+01
-8.963642883300781250e+01,2.781008720397949219e+01
-8.963671875000000000e+01,2.780889511108398438e+01
-8.963563537597656250e+01,2.781101226806640625e+01
-8.963790130615234375e+01,2.780847740173339844e+01
-8.963839721679687500e+01,2.780867195129394531e+01
-8.963622283935546875e+01,2.780934906005859375e+01
-8.963665771484375000e+01,2.780861282348632812e+01
-8.963739013671875000e+01,2.781001472473144531e+01
-8.963581085205078125e+01,2.781085014343261719e+01
-8.963636779785156250e+01,2.780818367004394531e+01
-8.963764190673828125e+01,2.780810356140136719e+01
-8.963685607910156250e+01,2.780833244323730469e+01
-8.963694763183593750e+01,2.781109809875488281e+01
-8.963526153564453125e+01,2.781069183349609375e+01
-8.963683319091796875e+01,2.780918884277343750e+01
-8.963635253906250000e+01,2.781011962890625000e+01
-8.963591003417968750e+01,2.780885505676269531e+01
-8.963607788085937500e+01,2.781078910827636719e+01
-8.963674163818359375e+01,2.780927848815917969e+01
-8.963803100585937500e+01,2.781057929992675781e+01
-8.963813018798828125e+01,2.780817031860351562e+01
-8.963749694824218750e+01,2.780792999267578125e+01
-8.963687896728515625e+01,2.780889320373535156e+01
-8.963707733154296875e+01,2.781079673767089844e+01
-8.963794708251953125e+01,2.780797386169433594e+01
-8.963578033447265625e+01,2.780913162231445312e+01
-8.963793945312500000e+01,2.781080627441406250e+01
-8.963607788085937500e+01,2.781048011779785156e+01
-8.963596343994140625e+01,2.780855941772460938e+01
-8.963497161865234375e+01,2.781075286865234375e+01
-8.963800811767578125e+01,2.780982208251953125e+01
-8.963639068603515625e+01,2.781009483337402344e+01
-8.963816070556640625e+01,2.780992507934570312e+01
-8.963658142089843750e+01,2.781082153320312500e+01
-8.963807678222656250e+01,2.780891418457031250e+01
-8.963712310791015625e+01,2.780875015258789062e+01
-8.963573455810546875e+01,2.781038093566894531e+01
-8.963515472412109375e+01,2.781027221679687500e+01
-8.963581085205078125e+01,2.780877876281738281e+01
-8.963614654541015625e+01,2.780869102478027344e+01
-8.963605499267578125e+01,2.780830955505371094e+01
-8.963558959960937500e+01,2.781137847900390625e+01
-8.963500213623046875e+01,2.781080436706542969e+01
-8.963800811767578125e+01,2.780911064147949219e+01
-8.963829040527343750e+01,2.780829620361328125e+01
-8.963648223876953125e+01,2.781130790710449219e+01
-8.963677978515625000e+01,2.781037139892578125e+01
-8.963853454589843750e+01,2.780908775329589844e+01
-8.963634490966796875e+01,2.781078529357910156e+01
-8.963700103759765625e+01,2.780980873107910156e+01
-8.963787841796875000e+01,2.780970001220703125e+01
-8.963810729980468750e+01,2.780906105041503906e+01
-8.963782501220703125e+01,2.780907821655273438e+01
-8.963820648193359375e+01,2.780807876586914062e+01
-8.963561248779296875e+01,2.780935859680175781e+01
-8.963516235351562500e+01,2.781080055236816406e+01
-8.963703918457031250e+01,2.780858612060546875e+01
-8.963566589355468750e+01,2.781011199951171875e+01
-8.963557434082031250e+01,2.781068038940429688e+01
-8.963795471191406250e+01,2.780878067016601562e+01
-8.963534545898437500e+01,2.781041717529296875e+01
-8.963817596435546875e+01,2.780815124511718750e+01
-8.963751220703125000e+01,2.781042861938476562e+01
-8.963843536376953125e+01,2.780895042419433594e+01
-8.963635253906250000e+01,2.781023979187011719e+01
-8.963722229003906250e+01,2.780990219116210938e+01
-8.963680267333984375e+01,2.780816459655761719e+01
-8.963742065429687500e+01,2.781030082702636719e+01
-8.963813018798828125e+01,2.780902099609375000e+01
-8.963642883300781250e+01,2.780814361572265625e+01
-8.963748168945312500e+01,2.780791091918945312e+01
-8.963546752929687500e+01,2.780989456176757812e+01
-8.963726806640625000e+01,2.781050682067871094e+01
-8.963536071777343750e+01,2.781003189086914062e+01
-8.963777923583984375e+01,2.781083869934082031e+01
-8.963581848144531250e+01,2.780821609497070312e+01
-8.963722229003906250e+01,2.780857467651367188e+01
-8.963809967041015625e+01,2.780892944335937500e+01
-8.963782501220703125e+01,2.780917549133300781e+01
-8.963800811767578125e+01,2.780939292907714844e+01
-8.963568878173828125e+01,2.781019783020019531e+01
-8.963833618164062500e+01,2.780991172790527344e+01
-8.963613891601562500e+01,2.781010627746582031e+01
-8.963578796386718750e+01,2.781075477600097656e+01
-8.963814544677734375e+01,2.780991935729980469e+01
-8.963735198974609375e+01,2.780826568603515625e+01
-8.963569641113281250e+01,2.780929946899414062e+01
-8.963597106933593750e+01,2.780821800231933594e+01
-8.963497924804687500e+01,2.781120109558105469e+01
-8.963724517822265625e+01,2.780845832824707031e+01
-8.963669586181640625e+01,2.780867767333984375e+01
-8.963619995117187500e+01,2.780882644653320312e+01
-8.963544464111328125e+01,2.780926704406738281e+01
-8.963754272460937500e+01,2.780983161926269531e+01
-8.963676452636718750e+01,2.780895042419433594e+01
-8.963564300537109375e+01,2.780948829650878906e+01
-8.963628387451171875e+01,2.781125068664550781e+01
-8.963636016845703125e+01,2.781103706359863281e+01
-8.963737487792968750e+01,2.780996704101562500e+01
-8.963809204101562500e+01,2.780898475646972656e+01
-8.963736724853515625e+01,2.781121826171875000e+01
-8.963815307617187500e+01,2.780841445922851562e+01
-8.963556671142578125e+01,2.780854606628417969e+01
-8.963616943359375000e+01,2.780880737304687500e+01
-8.963578796386718750e+01,2.781101608276367188e+01
-8.963545227050781250e+01,2.781118965148925781e+01
-8.963565826416015625e+01,2.781118392944335938e+01
-8.963764190673828125e+01,2.780981636047363281e+01
-8.963609313964843750e+01,2.780898475646972656e+01
-8.963545227050781250e+01,2.780989456176757812e+01
-8.963806152343750000e+01,2.780878257751464844e+01
-8.963698577880859375e+01,2.781009483337402344e+01
-8.963647460937500000e+01,2.781141853332519531e+01
-8.963684082031250000e+01,2.781111907958984375e+01
-8.963606262207031250e+01,2.780918121337890625e+01
-8.963785552978515625e+01,2.780879974365234375e+01
-8.963542175292968750e+01,2.780997085571289062e+01
-8.963692474365234375e+01,2.780934143066406250e+01
-8.963524627685546875e+01,2.781074905395507812e+01
-8.963576507568359375e+01,2.781004142761230469e+01
-8.963738250732421875e+01,2.780781364440917969e+01
-8.963757324218750000e+01,2.780878448486328125e+01
-8.963848114013671875e+01,2.780920028686523438e+01
-8.963661956787109375e+01,2.781141853332519531e+01
-8.963838958740234375e+01,2.780952644348144531e+01
-8.963552856445312500e+01,2.780946350097656250e+01
-8.963696289062500000e+01,2.780809402465820312e+01
-8.963789367675781250e+01,2.781033515930175781e+01
-8.963742065429687500e+01,2.780888366699218750e+01
-8.963501739501953125e+01,2.781054878234863281e+01
-8.963731384277343750e+01,2.781091880798339844e+01
-8.963659667968750000e+01,2.780954551696777344e+01
-8.963779449462890625e+01,2.781006050109863281e+01
-8.963663482666015625e+01,2.781064033508300781e+01
-8.963635253906250000e+01,2.781123542785644531e+01
-8.963818359375000000e+01,2.780833053588867188e+01
-8.963684082031250000e+01,2.781029129028320312e+01
-8.963719177246093750e+01,2.781121826171875000e+01
-8.963634490966796875e+01,2.781074142456054688e+01
-8.963579559326171875e+01,2.781102752685546875e+01
-8.963548278808593750e+01,2.781032943725585938e+01
-8.963677215576171875e+01,2.781008720397949219e+01
-8.963523101806640625e+01,2.780932617187500000e+01
-8.963822174072265625e+01,2.780915641784667969e+01
-8.963713073730468750e+01,2.780947303771972656e+01
-8.963544464111328125e+01,2.781011581420898438e+01
-8.963803863525390625e+01,2.781021690368652344e+01
-8.963665008544921875e+01,2.780874061584472656e+01
-8.963675689697265625e+01,2.780788421630859375e+01
-8.963835144042968750e+01,2.780956268310546875e+01
-8.963762664794921875e+01,2.780879402160644531e+01
-8.963645172119140625e+01,2.780847740173339844e+01
-8.963678741455078125e+01,2.781111335754394531e+01
-8.963698577880859375e+01,2.780918502807617188e+01
-8.963728332519531250e+01,2.781044769287109375e+01
-8.963658905029296875e+01,2.781020927429199219e+01
-8.963832855224609375e+01,2.780883789062500000e+01
-8.963645935058593750e+01,2.780939102172851562e+01
-8.963745117187500000e+01,2.780931091308593750e+01
-8.963594818115234375e+01,2.780900192260742188e+01
-8.963662719726562500e+01,2.781047630310058594e+01
-8.963659667968750000e+01,2.780820083618164062e+01
-8.963650512695312500e+01,2.780844306945800781e+01
-8.963520812988281250e+01,2.781077575683593750e+01
-8.963787841796875000e+01,2.781007766723632812e+01
-8.963813781738281250e+01,2.780943298339843750e+01
-8.963707733154296875e+01,2.781025695800781250e+01
-8.963530731201171875e+01,2.780894660949707031e+01
-8.963525390625000000e+01,2.781019592285156250e+01
-8.963777160644531250e+01,2.780792999267578125e+01
-8.963761901855468750e+01,2.780884933471679688e+01
-8.963603210449218750e+01,2.781077384948730469e+01
-8.963850402832031250e+01,2.780937385559082031e+01
-8.963510131835937500e+01,2.781119155883789062e+01
-8.963623809814453125e+01,2.781040573120117188e+01
-8.963828277587890625e+01,2.780849075317382812e+01
-8.963684082031250000e+01,2.780808258056640625e+01
-8.963572692871093750e+01,2.781132888793945312e+01
-8.963752746582031250e+01,2.780978393554687500e+01
-8.963738250732421875e+01,2.780988311767578125e+01
-8.963558197021484375e+01,2.781129074096679688e+01
-8.963734436035156250e+01,2.780842590332031250e+01
-8.963660430908203125e+01,2.781043815612792969e+01
-8.963558197021484375e+01,2.781059265136718750e+01
-8.963606262207031250e+01,2.781145668029785156e+01
-8.963567352294921875e+01,2.781099510192871094e+01
-8.963658905029296875e+01,2.780880165100097656e+01
-8.963695526123046875e+01,2.780999946594238281e+01
-8.963853454589843750e+01,2.780810165405273438e+01
-8.963726043701171875e+01,2.780879592895507812e+01
-8.963758850097656250e+01,2.780936622619628906e+01
-8.963536071777343750e+01,2.781048774719238281e+01
-8.963517761230468750e+01,2.781104087829589844e+01
-8.963652801513671875e+01,2.781090164184570312e+01
-8.963529205322265625e+01,2.781038665771484375e+01
-8.963521575927734375e+01,2.781080245971679688e+01
-8.963708496093750000e+01,2.781046295166015625e+01
-8.963570404052734375e+01,2.780965805053710938e+01
-8.963689422607421875e+01,2.781014251708984375e+01
-8.963529968261718750e+01,2.780944824218750000e+01
-8.963636016845703125e+01,2.780927276611328125e+01
-8.963575744628906250e+01,2.780838775634765625e+01
-8.963642883300781250e+01,2.780819129943847656e+01
-8.963722229003906250e+01,2.780943298339843750e+01
-8.963752746582031250e+01,2.781012344360351562e+01
-8.963687133789062500e+01,2.781106185913085938e+01
-8.963630676269531250e+01,2.781091499328613281e+01
-8.963610076904296875e+01,2.780961608886718750e+01
-8.963825225830078125e+01,2.780894279479980469e+01
-8.963622283935546875e+01,2.781070899963378906e+01
-8.963862609863281250e+01,2.780858230590820312e+01
-8.963747406005859375e+01,2.780986976623535156e+01
-8.963595581054687500e+01,2.780849266052246094e+01
-8.963734436035156250e+01,2.780924797058105469e+01
-8.963636779785156250e+01,2.780885505676269531e+01
-8.963661193847656250e+01,2.780853080749511719e+01
-8.963683319091796875e+01,2.780781936645507812e+01
-8.963828277587890625e+01,2.780984306335449219e+01
-8.963823699951171875e+01,2.780974388122558594e+01
-8.963639068603515625e+01,2.781128692626953125e+01
-8.963740539550781250e+01,2.780835342407226562e+01
-8.963671112060546875e+01,2.780797958374023438e+01
-8.963729858398437500e+01,2.780836105346679688e+01
-8.963858795166015625e+01,2.780891990661621094e+01
-8.963677978515625000e+01,2.780923843383789062e+01
-8.963597869873046875e+01,2.780987358093261719e+01
-8.963702392578125000e+01,2.781057739257812500e+01
-8.963603973388671875e+01,2.781129646301269531e+01
-8.963787078857421875e+01,2.781040763854980469e+01
-8.963581085205078125e+01,2.780925750732421875e+01
-8.963634490966796875e+01,2.780825614929199219e+01
-8.963843536376953125e+01,2.780963516235351562e+01
-8.963670349121093750e+01,2.780826187133789062e+01
-8.963640594482421875e+01,2.780829620361328125e+01
-8.963556671142578125e+01,2.780985450744628906e+01
-8.963567352294921875e+01,2.781119728088378906e+01
-8.963765716552734375e+01,2.781090736389160156e+01
-8.963561248779296875e+01,2.780840110778808594e+01
-8.963722991943359375e+01,2.781044960021972656e+01
-8.963668060302734375e+01,2.780988502502441406e+01
-8.963650512695312500e+01,2.780852699279785156e+01
-8.963735961914062500e+01,2.780989837646484375e+01
-8.963657379150390625e+01,2.781115341186523438e+01
-8.963722229003906250e+01,2.780911636352539062e+01
-8.963806915283203125e+01,2.780823516845703125e+01
-8.963697052001953125e+01,2.780907249450683594e+01
-8.963620758056640625e+01,2.781146621704101562e+01
-8.963808441162109375e+01,2.780845451354980469e+01
-8.963511657714843750e+01,2.780975532531738281e+01
-8.963807678222656250e+01,2.780978775024414062e+01
-8.963801574707031250e+01,2.780840110778808594e+01
-8.963807678222656250e+01,2.781073379516601562e+01
-8.963755035400390625e+01,2.780826759338378906e+01
-8.963662719726562500e+01,2.780980300903320312e+01
-8.963759613037109375e+01,2.780844306945800781e+01
-8.963581848144531250e+01,2.780845069885253906e+01
-8.963854980468750000e+01,2.780910491943359375e+01
-8.963726806640625000e+01,2.780861663818359375e+01
-8.963677978515625000e+01,2.780869102478027344e+01
-8.963586425781250000e+01,2.780819702148437500e+01
-8.963788604736328125e+01,2.781072616577148438e+01
-8.963590240478515625e+01,2.780976867675781250e+01
-8.963726043701171875e+01,2.781020164489746094e+01
-8.963744354248046875e+01,2.780837249755859375e+01
-8.963528442382812500e+01,2.781129837036132812e+01
-8.963777160644531250e+01,2.780944442749023438e+01
-8.963667297363281250e+01,2.780820083618164062e+01
-8.963646697998046875e+01,2.780859565734863281e+01
-8.963627624511718750e+01,2.781101226806640625e+01
-8.963672637939453125e+01,2.781059837341308594e+01
-8.963736724853515625e+01,2.781130790710449219e+01
-8.963716125488281250e+01,2.781104087829589844e+01
-8.963545227050781250e+01,2.781017494201660156e+01
-8.963529968261718750e+01,2.780892372131347656e+01
-8.963777160644531250e+01,2.780997657775878906e+01
-8.963858032226562500e+01,2.780901336669921875e+01
-8.963569641113281250e+01,2.781144905090332031e+01
-8.963602447509765625e+01,2.780835723876953125e+01
-8.963806915283203125e+01,2.780973243713378906e+01
-8.963798522949218750e+01,2.780907058715820312e+01
-8.963838195800781250e+01,2.780887794494628906e+01
-8.963584899902343750e+01,2.781007385253906250e+01
-8.963680267333984375e+01,2.781052589416503906e+01
-8.963726043701171875e+01,2.781006622314453125e+01
-8.963565826416015625e+01,2.780872726440429688e+01
-8.963685607910156250e+01,2.780971145629882812e+01
-8.963565826416015625e+01,2.781092262268066406e+01
-8.963626098632812500e+01,2.780962371826171875e+01
-8.963642883300781250e+01,2.780960083007812500e+01
-8.963649749755859375e+01,2.780847167968750000e+01
-8.963714599609375000e+01,2.780985450744628906e+01
-8.963716125488281250e+01,2.781122207641601562e+01
-8.963528442382812500e+01,2.781118583679199219e+01
-8.963751220703125000e+01,2.781074142456054688e+01
-8.963680267333984375e+01,2.780893516540527344e+01
-8.963538360595703125e+01,2.780945396423339844e+01
-8.963559722900390625e+01,2.780933570861816406e+01
-8.963571166992187500e+01,2.781029510498046875e+01
-8.963726806640625000e+01,2.780963706970214844e+01
-8.963737487792968750e+01,2.780911064147949219e+01
-8.963513946533203125e+01,2.780963706970214844e+01
-8.963813781738281250e+01,2.780932617187500000e+01
-8.963604736328125000e+01,2.780989837646484375e+01
-8.963545227050781250e+01,2.781143760681152344e+01
-8.963827514648437500e+01,2.780835723876953125e+01
-8.963511657714843750e+01,2.781118774414062500e+01
-8.963706207275390625e+01,2.780847740173339844e+01
-8.963796234130859375e+01,2.781022644042968750e+01
-8.963609313964843750e+01,2.780844879150390625e+01
-8.963742065429687500e+01,2.780923843383789062e+01
-8.963659667968750000e+01,2.781062316894531250e+01
-8.963583374023437500e+01,2.781018066406250000e+01
-8.963674926757812500e+01,2.781101608276367188e+01
-8.963704681396484375e+01,2.780906295776367188e+01
-8.963604736328125000e+01,2.780941581726074219e+01
-8.963640594482421875e+01,2.781062316894531250e+01
-8.963726043701171875e+01,2.780979728698730469e+01
-8.963796997070312500e+01,2.780908966064453125e+01
-8.963771057128906250e+01,2.780873870849609375e+01
-8.963590240478515625e+01,2.780844879150390625e+01
-8.963678741455078125e+01,2.780853843688964844e+01
-8.963854217529296875e+01,2.780909347534179688e+01
-8.963841247558593750e+01,2.780896377563476562e+01
-8.963825988769531250e+01,2.780793952941894531e+01
-8.963849639892578125e+01,2.780887222290039062e+01
-8.963576507568359375e+01,2.781140708923339844e+01
-8.963535308837890625e+01,2.781075286865234375e+01
-8.963739013671875000e+01,2.780792808532714844e+01
-8.963645935058593750e+01,2.781143379211425781e+01
-8.963676452636718750e+01,2.780986595153808594e+01
-8.963711547851562500e+01,2.780990982055664062e+01
-8.963587188720703125e+01,2.780897521972656250e+01
-8.963815307617187500e+01,2.781036186218261719e+01
-8.963591766357421875e+01,2.780952453613281250e+01
-8.963602447509765625e+01,2.781110191345214844e+01
-8.963536071777343750e+01,2.781007003784179688e+01
-8.963626861572265625e+01,2.781137275695800781e+01
-8.963745117187500000e+01,2.780844116210937500e+01
-8.963694000244140625e+01,2.780897331237792969e+01
-8.963576507568359375e+01,2.781053161621093750e+01
-8.963516235351562500e+01,2.781010246276855469e+01
-8.963522338867187500e+01,2.780913734436035156e+01
-8.963680267333984375e+01,2.780997467041015625e+01
-8.963712310791015625e+01,2.781024169921875000e+01
-8.963513946533203125e+01,2.780992698669433594e+01
-8.963657379150390625e+01,2.781019973754882812e+01
-8.963533020019531250e+01,2.781050491333007812e+01
-8.963828277587890625e+01,2.780966567993164062e+01
-8.963545227050781250e+01,2.780927276611328125e+01
-8.963787841796875000e+01,2.780850028991699219e+01
-8.963651275634765625e+01,2.780946159362792969e+01
-8.963788604736328125e+01,2.780817604064941406e+01
-8.963793945312500000e+01,2.781057739257812500e+01
-8.963710021972656250e+01,2.780900764465332031e+01
-8.963748931884765625e+01,2.780952644348144531e+01
-8.963516235351562500e+01,2.781123352050781250e+01
-8.963618469238281250e+01,2.780944442749023438e+01
-8.963743591308593750e+01,2.781075859069824219e+01
-8.963703918457031250e+01,2.780817604064941406e+01
-8.963752746582031250e+01,2.780887794494628906e+01
-8.963559722900390625e+01,2.780859756469726562e+01
-8.963605499267578125e+01,2.780973815917968750e+01
-8.963549804687500000e+01,2.780947875976562500e+01
-8.963717651367187500e+01,2.780812644958496094e+01
-8.963558959960937500e+01,2.781136703491210938e+01
-8.963845062255859375e+01,2.780896568298339844e+01
-8.963737487792968750e+01,2.781038475036621094e+01
-8.963584899902343750e+01,2.780964851379394531e+01
-8.963755035400390625e+01,2.780870437622070312e+01
-8.963735961914062500e+01,2.780841636657714844e+01
-8.963492584228515625e+01,2.781082916259765625e+01
-8.963732910156250000e+01,2.780822181701660156e+01
-8.963708496093750000e+01,2.780979156494140625e+01
-8.963633728027343750e+01,2.780991363525390625e+01
-8.963648223876953125e+01,2.780953788757324219e+01
-8.963818359375000000e+01,2.780901718139648438e+01
-8.963655853271484375e+01,2.780982017517089844e+01
-8.963790893554687500e+01,2.780836677551269531e+01
-8.963611602783203125e+01,2.780872726440429688e+01
-8.963834381103515625e+01,2.780816841125488281e+01
-8.963592529296875000e+01,2.780920791625976562e+01
-8.963617706298828125e+01,2.780874633789062500e+01
-8.963573455810546875e+01,2.781106185913085938e+01
-8.963743591308593750e+01,2.780881881713867188e+01
-8.963759613037109375e+01,2.781021118164062500e+01
-8.963511657714843750e+01,2.781139373779296875e+01
-8.963641357421875000e+01,2.780874443054199219e+01
-8.963655853271484375e+01,2.780948066711425781e+01
-8.963787078857421875e+01,2.780813407897949219e+01
-8.963780212402343750e+01,2.780830383300781250e+01
-8.963794708251953125e+01,2.780940246582031250e+01
-8.963653564453125000e+01,2.780871772766113281e+01
-8.963703918457031250e+01,2.780992317199707031e+01
-8.963506317138671875e+01,2.781111717224121094e+01
-8.963631439208984375e+01,2.781117057800292969e+01
-8.963776397705078125e+01,2.780998420715332031e+01
-8.963574218750000000e+01,2.780918693542480469e+01
-8.963694763183593750e+01,2.780906867980957031e+01
-8.963696289062500000e+01,2.781034278869628906e+01
-8.963776397705078125e+01,2.781003761291503906e+01
-8.963594818115234375e+01,2.780999755859375000e+01
-8.963732910156250000e+01,2.781088066101074219e+01
-8.963848114013671875e+01,2.780916786193847656e+01
-8.963629913330078125e+01,2.781041336059570312e+01
-8.963505554199218750e+01,2.781059265136718750e+01
-8.963825225830078125e+01,2.780911827087402344e+01
-8.963612365722656250e+01,2.780844306945800781e+01
-8.963738250732421875e+01,2.781007385253906250e+01
-8.963507080078125000e+01,2.780963134765625000e+01
-8.963684844970703125e+01,2.781016159057617188e+01
-8.963798522949218750e+01,2.780903434753417969e+01
-8.963586425781250000e+01,2.781099319458007812e+01
-8.963638305664062500e+01,2.780904579162597656e+01
-8.963687133789062500e+01,2.780820083618164062e+01
-8.963789367675781250e+01,2.781092071533203125e+01
-8.963543701171875000e+01,2.780925559997558594e+01
-8.963779449462890625e+01,2.780942153930664062e+01
-8.963654327392578125e+01,2.780988883972167969e+01
-8.963697052001953125e+01,2.781022071838378906e+01
-8.963675689697265625e+01,2.780932998657226562e+01
-8.963678741455078125e+01,2.781097984313964844e+01
-8.963836669921875000e+01,2.780998039245605469e+01
-8.963625335693359375e+01,2.781048965454101562e+01
-8.963806915283203125e+01,2.780848693847656250e+01
-8.963677978515625000e+01,2.781123161315917969e+01
-8.963729095458984375e+01,2.781097030639648438e+01
-8.963657379150390625e+01,2.780904197692871094e+01
-8.963641357421875000e+01,2.780925750732421875e+01
-8.963764190673828125e+01,2.780857086181640625e+01
-8.963778686523437500e+01,2.780875778198242188e+01
-8.963575744628906250e+01,2.780992889404296875e+01
-8.963770294189453125e+01,2.780930709838867188e+01
-8.963574218750000000e+01,2.780970191955566406e+01
-8.963752746582031250e+01,2.780857467651367188e+01
-8.963700866699218750e+01,2.780779838562011719e+01
-8.963637542724609375e+01,2.781043243408203125e+01
-8.963845062255859375e+01,2.780937576293945312e+01
-8.963635253906250000e+01,2.780964660644531250e+01
-8.963834381103515625e+01,2.780839538574218750e+01
-8.963756561279296875e+01,2.780875968933105469e+01
-8.963794708251953125e+01,2.781015205383300781e+01
-8.963644409179687500e+01,2.780960845947265625e+01
-8.963691711425781250e+01,2.780903244018554688e+01
-8.963704681396484375e+01,2.781074905395507812e+01
-8.963634490966796875e+01,2.780972862243652344e+01
-8.963690948486328125e+01,2.780886268615722656e+01
-8.963568878173828125e+01,2.781130981445312500e+01
-8.963792419433593750e+01,2.780955314636230469e+01
-8.963795471191406250e+01,2.780962181091308594e+01
-8.963783264160156250e+01,2.780994415283203125e+01
-8.963774108886718750e+01,2.781070709228515625e+01
-8.963724517822265625e+01,2.780962753295898438e+01
-8.963736724853515625e+01,2.780999183654785156e+01
-8.963698577880859375e+01,2.781124877929687500e+01
-8.963732147216796875e+01,2.780863952636718750e+01
-8.963677215576171875e+01,2.780969238281250000e+01
-8.963618469238281250e+01,2.780918884277343750e+01
-8.963663482666015625e+01,2.780850410461425781e+01
-8.963698577880859375e+01,2.780826568603515625e+01
-8.963528442382812500e+01,2.781004524230957031e+01
-8.963755035400390625e+01,2.781078147888183594e+01
-8.963595581054687500e+01,2.781076431274414062e+01
-8.963754272460937500e+01,2.781064796447753906e+01
-8.963625335693359375e+01,2.780906105041503906e+01
-8.963819122314453125e+01,2.780858612060546875e+01
-8.963661956787109375e+01,2.781099510192871094e+01
-8.963855743408203125e+01,2.780879592895507812e+01
-8.963703918457031250e+01,2.780988121032714844e+01
-8.963522338867187500e+01,2.780994033813476562e+01
-8.963664245605468750e+01,2.780898094177246094e+01
-8.963783264160156250e+01,2.780807685852050781e+01
-8.963579559326171875e+01,2.781127929687500000e+01
-8.963819885253906250e+01,2.781041336059570312e+01
-8.963551330566406250e+01,2.780868530273437500e+01
-8.963838958740234375e+01,2.780837059020996094e+01
-8.963823699951171875e+01,2.780857658386230469e+01
-8.963571166992187500e+01,2.780868721008300781e+01
-8.963577270507812500e+01,2.781026649475097656e+01
-8.963600158691406250e+01,2.780941200256347656e+01
-8.963825225830078125e+01,2.780903625488281250e+01
-8.963531494140625000e+01,2.780911254882812500e+01
-8.963768768310546875e+01,2.781010055541992188e+01
-8.963594818115234375e+01,2.781093025207519531e+01
-8.963758850097656250e+01,2.781108665466308594e+01
-8.963702392578125000e+01,2.780862808227539062e+01
-8.963697052001953125e+01,2.780873680114746094e+01
-8.963666534423828125e+01,2.781106948852539062e+01
-8.963627624511718750e+01,2.780948257446289062e+01
-8.963799285888671875e+01,2.780872344970703125e+01
-8.963741302490234375e+01,2.780782318115234375e+01
-8.963573455810546875e+01,2.780959701538085938e+01
-8.963629913330078125e+01,2.781134033203125000e+01
-8.963654327392578125e+01,2.781029510498046875e+01
-8.963547515869140625e+01,2.781029319763183594e+01
-8.963632965087890625e+01,2.781018066406250000e+01
-8.963568878173828125e+01,2.781022071838378906e+01
-8.963781738281250000e+01,2.781067085266113281e+01
-8.963780212402343750e+01,2.780987739562988281e+01
-8.963523101806640625e+01,2.781053161621093750e+01
-8.963684082031250000e+01,2.781084251403808594e+01
-8.963785552978515625e+01,2.780963516235351562e+01
-8.963821411132812500e+01,2.780927848815917969e+01
-8.963653564453125000e+01,2.781142616271972656e+01
-8.963688659667968750e+01,2.781139564514160156e+01
-8.963751983642578125e+01,2.781028366088867188e+01
-8.963751220703125000e+01,2.781007957458496094e+01
-8.963694000244140625e+01,2.780972099304199219e+01
-8.963674926757812500e+01,2.781145668029785156e+01
-8.963794708251953125e+01,2.780991363525390625e+01
-8.963629150390625000e+01,2.780873298645019531e+01
-8.963688659667968750e+01,2.781062698364257812e+01
-8.963612365722656250e+01,2.780866241455078125e+01
-8.963665771484375000e+01,2.780966186523437500e+01
-8.963675689697265625e+01,2.780947494506835938e+01
-8.963748168945312500e+01,2.781076622009277344e+01
-8.963579559326171875e+01,2.781009864807128906e+01
-8.963539886474609375e+01,2.781131744384765625e+01
-8.963607025146484375e+01,2.781001281738281250e+01
-8.963692474365234375e+01,2.781116104125976562e+01
-8.963538360595703125e+01,2.781025314331054688e+01
-8.963765716552734375e+01,2.781019592285156250e+01
-8.963643646240234375e+01,2.781009483337402344e+01
-8.963651275634765625e+01,2.781122970581054688e+01
-8.963667297363281250e+01,2.780872535705566406e+01
-8.963635253906250000e+01,2.780845069885253906e+01
-8.963533020019531250e+01,2.780971717834472656e+01
-8.963710784912109375e+01,2.780934333801269531e+01
-8.963591766357421875e+01,2.781037139892578125e+01
-8.963841247558593750e+01,2.780864143371582031e+01
-8.963636016845703125e+01,2.780793190002441406e+01
-8.963673400878906250e+01,2.781048011779785156e+01
-8.963538360595703125e+01,2.781047821044921875e+01
-8.963681793212890625e+01,2.780903816223144531e+01
-8.963777923583984375e+01,2.780980300903320312e+01
-8.963574981689453125e+01,2.780850601196289062e+01
-8.963804626464843750e+01,2.780784416198730469e+01
-8.963552093505859375e+01,2.781023025512695312e+01
-8.963674926757812500e+01,2.780953216552734375e+01
-8.963793182373046875e+01,2.780948257446289062e+01
-8.963601684570312500e+01,2.780815315246582031e+01
-8.963551330566406250e+01,2.780929183959960938e+01
-8.963550567626953125e+01,2.780984306335449219e+01
-8.963574981689453125e+01,2.780975532531738281e+01
-8.963647460937500000e+01,2.780881881713867188e+01
-8.963533020019531250e+01,2.780927467346191406e+01
-8.963737487792968750e+01,2.780858230590820312e+01
-8.963764953613281250e+01,2.781071662902832031e+01
-8.963542175292968750e+01,2.781089973449707031e+01
-8.963816070556640625e+01,2.780781936645507812e+01
-8.963624572753906250e+01,2.781109046936035156e+01
-8.963578796386718750e+01,2.781050491333007812e+01
-8.963557434082031250e+01,2.780919837951660156e+01
-8.963755798339843750e+01,2.781087493896484375e+01
-8.963652038574218750e+01,2.780923652648925781e+01
-8.963785552978515625e+01,2.780981445312500000e+01
-8.963749694824218750e+01,2.781091499328613281e+01
-8.963790130615234375e+01,2.780994606018066406e+01
-8.963639068603515625e+01,2.781054878234863281e+01
-8.963665771484375000e+01,2.781073951721191406e+01
-8.963814544677734375e+01,2.780949974060058594e+01
-8.963620758056640625e+01,2.780803489685058594e+01
-8.963516998291015625e+01,2.781096267700195312e+01
-8.963766479492187500e+01,2.781032943725585938e+01
-8.963784790039062500e+01,2.781010818481445312e+01
-8.963563537597656250e+01,2.781093215942382812e+01
-8.963680267333984375e+01,2.780835151672363281e+01
-8.963697814941406250e+01,2.781057929992675781e+01
-8.963679504394531250e+01,2.780791854858398438e+01
-8.963629913330078125e+01,2.780905532836914062e+01
-8.963860321044921875e+01,2.780845069885253906e+01
-8.963727569580078125e+01,2.780944824218750000e+01
-8.963672637939453125e+01,2.781055259704589844e+01
-8.963726806640625000e+01,2.780823898315429688e+01
-8.963619232177734375e+01,2.780954170227050781e+01
-8.963822174072265625e+01,2.780868530273437500e+01
-8.963717651367187500e+01,2.780847549438476562e+01
-8.963842773437500000e+01,2.780962371826171875e+01
-8.963570404052734375e+01,2.781022453308105469e+01
-8.963623046875000000e+01,2.780888175964355469e+01
-8.963568878173828125e+01,2.780929374694824219e+01
-8.963728332519531250e+01,2.780868148803710938e+01
-8.963660430908203125e+01,2.781147575378417969e+01
-8.963792419433593750e+01,2.780958747863769531e+01
-8.963690185546875000e+01,2.780872344970703125e+01
-8.963787841796875000e+01,2.781028366088867188e+01
-8.963542175292968750e+01,2.781040573120117188e+01
-8.963589477539062500e+01,2.780859947204589844e+01
-8.963720703125000000e+01,2.780813598632812500e+01
-8.963552856445312500e+01,2.780953407287597656e+01
-8.963624572753906250e+01,2.780802917480468750e+01
-8.963618469238281250e+01,2.781141090393066406e+01
-8.963735961914062500e+01,2.780849838256835938e+01
-8.963570404052734375e+01,2.780981636047363281e+01
-8.963865661621093750e+01,2.780837059020996094e+01
-8.963850402832031250e+01,2.780836677551269531e+01
-8.963847351074218750e+01,2.780831909179687500e+01
-8.963617706298828125e+01,2.780893707275390625e+01
-8.963522338867187500e+01,2.781110763549804688e+01
-8.963832092285156250e+01,2.780829811096191406e+01
-8.963722229003906250e+01,2.781060218811035156e+01
-8.963638305664062500e+01,2.780973815917968750e+01
-8.963665771484375000e+01,2.780971908569335938e+01
-8.963783264160156250e+01,2.780853080749511719e+01
-8.963552093505859375e+01,2.780924224853515625e+01
-8.963522338867187500e+01,2.781032562255859375e+01
-8.963825225830078125e+01,2.780981826782226562e+01
-8.963629150390625000e+01,2.780859184265136719e+01
-8.963582611083984375e+01,2.781063461303710938e+01
-8.963679504394531250e+01,2.781001472473144531e+01
-8.963743591308593750e+01,2.780818557739257812e+01
-8.963760375976562500e+01,2.781099891662597656e+01
-8.963724517822265625e+01,2.781055259704589844e+01
-8.963767242431640625e+01,2.780851936340332031e+01
-8.963698577880859375e+01,2.780954933166503906e+01
-8.963745117187500000e+01,2.780817222595214844e+01
-8.963597106933593750e+01,2.781065177917480469e+01
-8.963754272460937500e+01,2.780994796752929688e+01
-8.963753509521484375e+01,2.780904579162597656e+01
-8.963534545898437500e+01,2.781041145324707031e+01
-8.963707733154296875e+01,2.781079864501953125e+01
-8.963784027099609375e+01,2.780920028686523438e+01
-8.963708496093750000e+01,2.781092071533203125e+01
-8.963694763183593750e+01,2.780911827087402344e+01
-8.963692474365234375e+01,2.780868530273437500e+01
-8.963701629638671875e+01,2.781030464172363281e+01
-8.963545227050781250e+01,2.781082916259765625e+01
-8.963719177246093750e+01,2.780879592895507812e+01
-8.963718414306640625e+01,2.780820083618164062e+01
-8.963713073730468750e+01,2.781029129028320312e+01
-8.963625335693359375e+01,2.780828285217285156e+01
-8.963597106933593750e+01,2.780829429626464844e+01
-8.963708496093750000e+01,2.781033325195312500e+01
-8.963767242431640625e+01,2.780958938598632812e+01
-8.963819122314453125e+01,2.781063461303710938e+01
-8.963668823242187500e+01,2.781036567687988281e+01
-8.963511657714843750e+01,2.781033515930175781e+01
-8.963700103759765625e+01,2.781090354919433594e+01
-8.963784027099609375e+01,2.780827713012695312e+01
-8.963866424560546875e+01,2.780880355834960938e+01
-8.963766479492187500e+01,2.780949401855468750e+01
-8.963813781738281250e+01,2.781032752990722656e+01
-8.963827514648437500e+01,2.780784416198730469e+01
-8.963597869873046875e+01,2.780855178833007812e+01
-8.963757324218750000e+01,2.780866432189941406e+01
-8.963561248779296875e+01,2.781101036071777344e+01
-8.963775634765625000e+01,2.780990791320800781e+01
-8.963765716552734375e+01,2.780997467041015625e+01
-8.963558197021484375e+01,2.781021690368652344e+01
-8.963578033447265625e+01,2.780886840820312500e+01
-8.963776397705078125e+01,2.780967903137207031e+01
-8.963819122314453125e+01,2.780922698974609375e+01
-8.963700866699218750e+01,2.780972099304199219e+01
-8.963820648193359375e+01,2.781008148193359375e+01
-8.963809204101562500e+01,2.781040954589843750e+01
-8.963741302490234375e+01,2.780944824218750000e+01
-8.963772583007812500e+01,2.781079483032226562e+01
-8.963552856445312500e+01,2.780978584289550781e+01
-8.963748931884765625e+01,2.780825614929199219e+01
-8.963616180419921875e+01,2.780862998962402344e+01
-8.963758087158203125e+01,2.780873107910156250e+01
-8.963722229003906250e+01,2.780997467041015625e+01
-8.963645935058593750e+01,2.781093025207519531e+01
-8.963536834716796875e+01,2.781087684631347656e+01
-8.963731384277343750e+01,2.781107139587402344e+01
-8.963597106933593750e+01,2.780972290039062500e+01
-8.963765716552734375e+01,2.780900573730468750e+01
-8.963732910156250000e+01,2.780817794799804688e+01
-8.963796997070312500e+01,2.780911254882812500e+01
-8.963737487792968750e+01,2.780979156494140625e+01
-8.963761901855468750e+01,2.781087112426757812e+01
-8.963533782958984375e+01,2.781007766723632812e+01
-8.963671112060546875e+01,2.780911254882812500e+01
-8.963834381103515625e+01,2.780845451354980469e+01
-8.963703918457031250e+01,2.780886077880859375e+01
-8.963665008544921875e+01,2.780810737609863281e+01
-8.963719940185546875e+01,2.781017684936523438e+01
-8.963643646240234375e+01,2.780852890014648438e+01
-8.963635253906250000e+01,2.780967903137207031e+01
-8.963636779785156250e+01,2.780808067321777344e+01
-8.963520050048828125e+01,2.780952453613281250e+01
-8.963703155517578125e+01,2.780835342407226562e+01
-8.963688659667968750e+01,2.780778694152832031e+01
-8.963712310791015625e+01,2.781123924255371094e+01
-8.963612365722656250e+01,2.780839729309082031e+01
-8.963504791259765625e+01,2.781103897094726562e+01
-8.963724517822265625e+01,2.780909347534179688e+01
-8.963824462890625000e+01,2.780813598632812500e+01
-8.963611602783203125e+01,2.781120681762695312e+01
-8.963529205322265625e+01,2.780936431884765625e+01
-8.963593292236328125e+01,2.781007766723632812e+01
-8.963777160644531250e+01,2.780989074707031250e+01
-8.963729095458984375e+01,2.780875205993652344e+01
-8.963622283935546875e+01,2.781128501892089844e+01
-8.963565063476562500e+01,2.780850028991699219e+01
-8.963498687744140625e+01,2.781075096130371094e+01
-8.963613128662109375e+01,2.780995941162109375e+01
-8.963517761230468750e+01,2.781131553649902344e+01
-8.963770294189453125e+01,2.780888938903808594e+01
-8.963782501220703125e+01,2.781056022644042969e+01
-8.963778686523437500e+01,2.781052398681640625e+01
-8.963581085205078125e+01,2.781024932861328125e+01
-8.963802337646484375e+01,2.781000900268554688e+01
-8.963522338867187500e+01,2.781124114990234375e+01
-8.963654327392578125e+01,2.781101226806640625e+01
-8.963585662841796875e+01,2.781097221374511719e+01
-8.963601684570312500e+01,2.780950355529785156e+01
-8.963549041748046875e+01,2.781059074401855469e+01
-8.963692474365234375e+01,2.780808639526367188e+01
-8.963625335693359375e+01,2.781061553955078125e+01
-8.963821411132812500e+01,2.780867004394531250e+01
-8.963609313964843750e+01,2.780996513366699219e+01
-8.963736724853515625e+01,2.780869483947753906e+01
-8.963518524169921875e+01,2.780925178527832031e+01
-8.963825225830078125e+01,2.780989265441894531e+01
-8.963768005371093750e+01,2.781109809875488281e+01
-8.963713836669921875e+01,2.780998229980468750e+01
-8.963681030273437500e+01,2.780856704711914062e+01
-8.963741302490234375e+01,2.780868721008300781e+01
-8.963811492919921875e+01,2.780850601196289062e+01
-8.963754272460937500e+01,2.781100273132324219e+01
-8.963785552978515625e+01,2.780809402465820312e+01
-8.963727569580078125e+01,2.780875587463378906e+01
-8.963636779785156250e+01,2.780816650390625000e+01
-8.963623046875000000e+01,2.780871772766113281e+01
-8.963820648193359375e+01,2.780956649780273438e+01
-8.963700103759765625e+01,2.780798721313476562e+01
-8.963735198974609375e+01,2.781030654907226562e+01
-8.963755035400390625e+01,2.780970001220703125e+01
-8.963766479492187500e+01,2.780981063842773438e+01
-8.963632965087890625e+01,2.780900573730468750e+01
-8.963698577880859375e+01,2.780892944335937500e+01
-8.963507080078125000e+01,2.781047630310058594e+01
-8.963816070556640625e+01,2.780813217163085938e+01
-8.963789367675781250e+01,2.780823135375976562e+01
-8.963562774658203125e+01,2.780903053283691406e+01
-8.963692474365234375e+01,2.780814170837402344e+01
-8.963643646240234375e+01,2.780914306640625000e+01
-8.963806915283203125e+01,2.780811882019042969e+01
-8.963531494140625000e+01,2.781093788146972656e+01
-8.963541412353515625e+01,2.781115913391113281e+01
-8.963832855224609375e+01,2.780926132202148438e+01
-8.963634490966796875e+01,2.780936050415039062e+01
-8.963493347167968750e+01,2.781072044372558594e+01
-8.963516998291015625e+01,2.781047439575195312e+01
-8.963858795166015625e+01,2.780845832824707031e+01
-8.963637542724609375e+01,2.780974197387695312e+01
-8.963760375976562500e+01,2.780934906005859375e+01
-8.963768005371093750e+01,2.781006431579589844e+01
-8.963515472412109375e+01,2.781044197082519531e+01
-8.963838958740234375e+01,2.780921173095703125e+01
-8.963739013671875000e+01,2.781014633178710938e+01
-8.963620758056640625e+01,2.780947685241699219e+01
-8.963570404052734375e+01,2.780897903442382812e+01
-8.963672637939453125e+01,2.780807304382324219e+01
-8.963697052001953125e+01,2.781033325195312500e+01
-8.963742828369140625e+01,2.781034660339355469e+01
-8.963747406005859375e+01,2.780922317504882812e+01
-8.963766479492187500e+01,2.780911445617675781e+01
-8.963726043701171875e+01,2.781119728088378906e+01
-8.963706970214843750e+01,2.780809974670410156e+01
-8.963671112060546875e+01,2.780826568603515625e+01
-8.963550567626953125e+01,2.781061744689941406e+01
-8.963543701171875000e+01,2.780924797058105469e+01
-8.963671875000000000e+01,2.781032180786132812e+01
-8.963536834716796875e+01,2.781004333496093750e+01
-8.963830566406250000e+01,2.780942726135253906e+01
-8.963650512695312500e+01,2.780809783935546875e+01
-8.963682556152343750e+01,2.781061363220214844e+01
-8.963686370849609375e+01,2.781052398681640625e+01
-8.963822937011718750e+01,2.780846214294433594e+01
-8.963529205322265625e+01,2.781111526489257812e+01
-8.963745880126953125e+01,2.780890464782714844e+01
-8.963680267333984375e+01,2.780916023254394531e+01
-8.963666534423828125e+01,2.781134223937988281e+01
-8.963821411132812500e+01,2.780837059020996094e+01
-8.963679504394531250e+01,2.780977249145507812e+01
-8.963716888427734375e+01,2.780968666076660156e+01
-8.963510131835937500e+01,2.781085777282714844e+01
-8.963569641113281250e+01,2.781007194519042969e+01
-8.963584899902343750e+01,2.781084251403808594e+01
-8.963802337646484375e+01,2.780883789062500000e+01
-8.963774871826171875e+01,2.781020736694335938e+01
-8.963632202148437500e+01,2.780884361267089844e+01
-8.963581848144531250e+01,2.780862617492675781e+01
-8.963626098632812500e+01,2.781011962890625000e+01
-8.963743591308593750e+01,2.781013107299804688e+01
-8.963713836669921875e+01,2.780810356140136719e+01
-8.963726043701171875e+01,2.780871963500976562e+01
-8.963555145263671875e+01,2.780976486206054688e+01
-8.963842010498046875e+01,2.780837631225585938e+01
-8.963608551025390625e+01,2.780832481384277344e+01
-8.963526153564453125e+01,2.781005096435546875e+01
-8.963732147216796875e+01,2.781030464172363281e+01
-8.963806152343750000e+01,2.781034278869628906e+01
-8.963801574707031250e+01,2.781015586853027344e+01
-8.963729858398437500e+01,2.781129837036132812e+01
-8.963777923583984375e+01,2.780973625183105469e+01
-8.963822174072265625e+01,2.780831527709960938e+01
-8.963712310791015625e+01,2.780912399291992188e+01
-8.963651275634765625e+01,2.780989837646484375e+01
-8.963835144042968750e+01,2.780869865417480469e+01
-8.963675689697265625e+01,2.780897331237792969e+01
-8.963766479492187500e+01,2.780780220031738281e+01
-8.963588714599609375e+01,2.781012535095214844e+01
-8.963697052001953125e+01,2.781128501892089844e+01
-8.963716888427734375e+01,2.780836105346679688e+01
-8.963638305664062500e+01,2.781032180786132812e+01
-8.963759613037109375e+01,2.781107330322265625e+01
-8.963644409179687500e+01,2.780932807922363281e+01
-8.963523864746093750e+01,2.780918312072753906e+01
-8.963531494140625000e+01,2.780980110168457031e+01
-8.963855743408203125e+01,2.780898284912109375e+01
-8.963790130615234375e+01,2.781076431274414062e+01
-8.963604736328125000e+01,2.781005477905273438e+01
-8.963632202148437500e+01,2.781019020080566406e+01
-8.963726043701171875e+01,2.780846786499023438e+01
-8.963498687744140625e+01,2.781073951721191406e+01
-8.963662719726562500e+01,2.780929374694824219e+01
-8.963647460937500000e+01,2.781000137329101562e+01
-8.963659667968750000e+01,2.780858039855957031e+01
-8.963552856445312500e+01,2.781043052673339844e+01
-8.963707733154296875e+01,2.781009101867675781e+01
-8.963754272460937500e+01,2.780913162231445312e+01
-8.963755798339843750e+01,2.781037139892578125e+01
-8.963655090332031250e+01,2.781109428405761719e+01
-8.963712310791015625e+01,2.780959129333496094e+01
-8.963661956787109375e+01,2.780797958374023438e+01
-8.963842010498046875e+01,2.780889701843261719e+01
-8.963542938232421875e+01,2.781015777587890625e+01
-8.963565063476562500e+01,2.780961608886718750e+01
-8.963833618164062500e+01,2.780807876586914062e+01
-8.963766479492187500e+01,2.781074714660644531e+01
-8.963505554199218750e+01,2.781039237976074219e+01
-8.963816070556640625e+01,2.780789566040039062e+01
-8.963703918457031250e+01,2.780808067321777344e+01
-8.963667297363281250e+01,2.780955505371093750e+01
-8.963645935058593750e+01,2.780802917480468750e+01
-8.963658142089843750e+01,2.780870246887207031e+01
-8.963793945312500000e+01,2.781003379821777344e+01
-8.963794708251953125e+01,2.780872344970703125e+01
-8.963537597656250000e+01,2.781089782714843750e+01
-8.963615417480468750e+01,2.780838203430175781e+01
-8.963818359375000000e+01,2.780940818786621094e+01
-8.963655090332031250e+01,2.781103706359863281e+01
-8.963847351074218750e+01,2.780851936340332031e+01
-8.963784027099609375e+01,2.780938529968261719e+01
-8.963727569580078125e+01,2.781014823913574219e+01
-8.963729095458984375e+01,2.781100273132324219e+01
-8.963587951660156250e+01,2.781122398376464844e+01
-8.963740539550781250e+01,2.780958366394042969e+01
-8.963836669921875000e+01,2.780845069885253906e+01
-8.963583374023437500e+01,2.780865097045898438e+01
-8.963574981689453125e+01,2.780916786193847656e+01
-8.963788604736328125e+01,2.781048202514648438e+01
-8.963686370849609375e+01,2.780995559692382812e+01
-8.963761138916015625e+01,2.780964851379394531e+01
-8.963787841796875000e+01,2.781031799316406250e+01
-8.963544464111328125e+01,2.781115913391113281e+01
-8.963599395751953125e+01,2.781061553955078125e+01
-8.963784027099609375e+01,2.780940246582031250e+01
-8.963633728027343750e+01,2.780827140808105469e+01
-8.963500213623046875e+01,2.781082344055175781e+01
-8.963796997070312500e+01,2.780909919738769531e+01
-8.963763427734375000e+01,2.781088829040527344e+01
-8.963603210449218750e+01,2.781052589416503906e+01
-8.963697814941406250e+01,2.780776405334472656e+01
-8.963593292236328125e+01,2.780883789062500000e+01
-8.963643646240234375e+01,2.781133079528808594e+01
-8.963715362548828125e+01,2.780825614929199219e+01
-8.963661956787109375e+01,2.780827331542968750e+01
-8.963595581054687500e+01,2.781036376953125000e+01
-8.963768768310546875e+01,2.780885314941406250e+01
-8.963842010498046875e+01,2.780868530273437500e+01
-8.963813018798828125e+01,2.780970191955566406e+01
-8.963820648193359375e+01,2.780984497070312500e+01
-8.963746643066406250e+01,2.780925178527832031e+01
-8.963541412353515625e+01,2.781124496459960938e+01
-8.963749694824218750e+01,2.781046104431152344e+01
-8.963711547851562500e+01,2.781029319763183594e+01
-8.963568115234375000e+01,2.780923271179199219e+01
-8.963794708251953125e+01,2.780945968627929688e+01
-8.963610839843750000e+01,2.780966567993164062e+01
-8.963816833496093750e+01,2.780864334106445312e+01
-8.963656616210937500e+01,2.780915641784667969e+01
-8.963492584228515625e+01,2.781081008911132812e+01
-8.963654327392578125e+01,2.780954170227050781e+01
-8.963665008544921875e+01,2.781140136718750000e+01
-8.963500213623046875e+01,2.781074714660644531e+01
-8.963732910156250000e+01,2.781020355224609375e+01
-8.963696289062500000e+01,2.781058311462402344e+01
-8.963620758056640625e+01,2.780951118469238281e+01
-8.963817596435546875e+01,2.781002235412597656e+01
-8.963790893554687500e+01,2.780883598327636719e+01
-8.963547515869140625e+01,2.780913925170898438e+01
-8.963690948486328125e+01,2.780908775329589844e+01
-8.963728332519531250e+01,2.780974578857421875e+01
-8.963584899902343750e+01,2.780877494812011719e+01
-8.963526916503906250e+01,2.780906486511230469e+01
-8.963533020019531250e+01,2.780973434448242188e+01
-8.963693237304687500e+01,2.780864715576171875e+01
-8.963523864746093750e+01,2.780949020385742188e+01
-8.963568878173828125e+01,2.780841064453125000e+01
-8.963625335693359375e+01,2.781005477905273438e+01
-8.963616180419921875e+01,2.780934333801269531e+01
-8.963691711425781250e+01,2.781114768981933594e+01
-8.963736724853515625e+01,2.781060600280761719e+01
-8.963703918457031250e+01,2.781072998046875000e+01
-8.963549804687500000e+01,2.780931472778320312e+01
-8.963740539550781250e+01,2.780871200561523438e+01
-8.963854217529296875e+01,2.780904197692871094e+01
-8.963752746582031250e+01,2.781064414978027344e+01
-8.963791656494140625e+01,2.781085586547851562e+01
-8.963651275634765625e+01,2.780861854553222656e+01
-8.963523864746093750e+01,2.780919456481933594e+01
-8.963802337646484375e+01,2.780809974670410156e+01
-8.963721466064453125e+01,2.780876159667968750e+01
-8.963585662841796875e+01,2.780879211425781250e+01
-8.963674163818359375e+01,2.780988121032714844e+01
-8.963816070556640625e+01,2.781048583984375000e+01
-8.963714599609375000e+01,2.781016349792480469e+01
-8.963722229003906250e+01,2.780805206298828125e+01
-8.963765716552734375e+01,2.780985260009765625e+01
-8.963549804687500000e+01,2.781011772155761719e+01
-8.963669586181640625e+01,2.781027221679687500e+01
-8.963772583007812500e+01,2.781089019775390625e+01
-8.963755035400390625e+01,2.781014251708984375e+01
-8.963664245605468750e+01,2.781066703796386719e+01
-8.963779449462890625e+01,2.780920982360839844e+01
-8.963726806640625000e+01,2.781004905700683594e+01
-8.963616943359375000e+01,2.780940055847167969e+01
-8.963784790039062500e+01,2.780791473388671875e+01
-8.963558197021484375e+01,2.781038665771484375e+01
-8.963761901855468750e+01,2.780924606323242188e+01
-8.963754272460937500e+01,2.780783653259277344e+01
-8.963651275634765625e+01,2.780990600585937500e+01
-8.963713836669921875e+01,2.781024169921875000e+01
-8.963578033447265625e+01,2.781061744689941406e+01
-8.963735198974609375e+01,2.780994606018066406e+01
-8.963729858398437500e+01,2.780876159667968750e+01
-8.963857269287109375e+01,2.780877876281738281e+01
-8.963827514648437500e+01,2.780927467346191406e+01
-8.963714599609375000e+01,2.781119728088378906e+01
-8.963523864746093750e+01,2.781073951721191406e+01
-8.963790130615234375e+01,2.780972290039062500e+01
-8.963664245605468750e+01,2.781067848205566406e+01
-8.963746643066406250e+01,2.781014633178710938e+01
-8.963824462890625000e+01,2.780871009826660156e+01
-8.963585662841796875e+01,2.780952072143554688e+01
-8.963609313964843750e+01,2.781124687194824219e+01
-8.963774871826171875e+01,2.780918312072753906e+01
-8.963761901855468750e+01,2.781089973449707031e+01
-8.963763427734375000e+01,2.781112480163574219e+01
-8.963524627685546875e+01,2.780967903137207031e+01
-8.963777160644531250e+01,2.780801963806152344e+01
-8.963619995117187500e+01,2.781007766723632812e+01
-8.963818359375000000e+01,2.781056213378906250e+01
-8.963500976562500000e+01,2.781119728088378906e+01
-8.963669586181640625e+01,2.781131362915039062e+01
-8.963756561279296875e+01,2.780915260314941406e+01
-8.963595581054687500e+01,2.781004714965820312e+01
-8.963540649414062500e+01,2.780968093872070312e+01
-8.963574218750000000e+01,2.781075096130371094e+01
-8.963668823242187500e+01,2.781101799011230469e+01
-8.963673400878906250e+01,2.780903625488281250e+01
-8.963811492919921875e+01,2.780935096740722656e+01
-8.963655090332031250e+01,2.781073379516601562e+01
-8.963714599609375000e+01,2.781085777282714844e+01
-8.963562011718750000e+01,2.780977439880371094e+01
-8.963703918457031250e+01,2.781041717529296875e+01
-8.963640594482421875e+01,2.781025886535644531e+01
-8.963507843017578125e+01,2.781050491333007812e+01
-8.963707733154296875e+01,2.781052970886230469e+01
-8.963655090332031250e+01,2.780997467041015625e+01
-8.963726043701171875e+01,2.780977058410644531e+01
-8.963588714599609375e+01,2.780919075012207031e+01
-8.963854217529296875e+01,2.780934524536132812e+01
-8.963706970214843750e+01,2.781085586547851562e+01
-8.963612365722656250e+01,2.780981063842773438e+01
-8.963783264160156250e+01,2.780939102172851562e+01
-8.963616943359375000e+01,2.780841636657714844e+01
-8.963779449462890625e+01,2.781043624877929688e+01
-8.963726806640625000e+01,2.781124687194824219e+01
-8.963654327392578125e+01,2.780834579467773438e+01
-8.963835144042968750e+01,2.780886077880859375e+01
-8.963791656494140625e+01,2.780920219421386719e+01
-8.963728332519531250e+01,2.780878257751464844e+01
-8.963524627685546875e+01,2.781067657470703125e+01
-8.963645172119140625e+01,2.781021881103515625e+01
-8.963727569580078125e+01,2.780829238891601562e+01
-8.963626861572265625e+01,2.780942344665527344e+01
-8.963586425781250000e+01,2.780901145935058594e+01
-8.963764190673828125e+01,2.780821609497070312e+01
-8.963549804687500000e+01,2.780992698669433594e+01
-8.963584899902343750e+01,2.781050682067871094e+01
-8.963635253906250000e+01,2.781105232238769531e+01
-8.963645935058593750e+01,2.780839538574218750e+01
-8.963585662841796875e+01,2.781009864807128906e+01
-8.963787841796875000e+01,2.781033325195312500e+01
-8.963697814941406250e+01,2.780802345275878906e+01
-8.963771057128906250e+01,2.780864715576171875e+01
-8.963514709472656250e+01,2.781071281433105469e+01
-8.963754272460937500e+01,2.781003570556640625e+01
-8.963791656494140625e+01,2.780812072753906250e+01
-8.963768768310546875e+01,2.780825996398925781e+01
-8.963798522949218750e+01,2.780912017822265625e+01
-8.963632202148437500e+01,2.781091117858886719e+01
-8.963617706298828125e+01,2.780824661254882812e+01
-8.963614654541015625e+01,2.781004333496093750e+01
-8.963784790039062500e+01,2.780812644958496094e+01
-8.963771820068359375e+01,2.780995368957519531e+01
-8.963679504394531250e+01,2.780811691284179688e+01
-8.963562011718750000e+01,2.780833816528320312e+01
-8.963558197021484375e+01,2.781106758117675781e+01
-8.963642883300781250e+01,2.781063842773437500e+01
-8.963841247558593750e+01,2.780878067016601562e+01
-8.963545227050781250e+01,2.781139564514160156e+01
-8.963815307617187500e+01,2.780924606323242188e+01
-8.963626861572265625e+01,2.780887985229492188e+01
-8.963529968261718750e+01,2.780965805053710938e+01
-8.963665771484375000e+01,2.780804824829101562e+01
-8.963859558105468750e+01,2.780902290344238281e+01
-8.963780975341796875e+01,2.780797767639160156e+01
-8.963661193847656250e+01,2.780886650085449219e+01
-8.963653564453125000e+01,2.781106758117675781e+01
-8.963522338867187500e+01,2.780974006652832031e+01
-8.963697052001953125e+01,2.780950164794921875e+01
-8.963549804687500000e+01,2.781000518798828125e+01
-8.963767242431640625e+01,2.780831718444824219e+01
-8.963773345947265625e+01,2.780878639221191406e+01
-8.963568115234375000e+01,2.781030654907226562e+01
-8.963819122314453125e+01,2.781019401550292969e+01
-8.963758850097656250e+01,2.780882644653320312e+01
-8.963657379150390625e+01,2.781115150451660156e+01
-8.963801574707031250e+01,2.781046867370605469e+01
-8.963807678222656250e+01,2.781011772155761719e+01
-8.963636016845703125e+01,2.781004142761230469e+01
-8.963632965087890625e+01,2.781030082702636719e+01
-8.963639068603515625e+01,2.780995559692382812e+01
-8.963745117187500000e+01,2.780889129638671875e+01
-8.963767242431640625e+01,2.781002807617187500e+01
-8.963710021972656250e+01,2.781119537353515625e+01
-8.963547515869140625e+01,2.781099510192871094e+01
-8.963600158691406250e+01,2.780942726135253906e+01
-8.963763427734375000e+01,2.780903625488281250e+01
-8.963796997070312500e+01,2.781007003784179688e+01
-8.963639068603515625e+01,2.780795478820800781e+01
-8.963724517822265625e+01,2.780882072448730469e+01
-8.963725280761718750e+01,2.781032943725585938e+01
-8.963655090332031250e+01,2.781000328063964844e+01
-8.963648986816406250e+01,2.780870246887207031e+01
-8.963675689697265625e+01,2.781086349487304688e+01
-8.963578033447265625e+01,2.781068801879882812e+01
-8.963832092285156250e+01,2.780960083007812500e+01
-8.963570404052734375e+01,2.780879020690917969e+01
-8.963559722900390625e+01,2.780982589721679688e+01
-8.963619995117187500e+01,2.780950927734375000e+01
-8.963708496093750000e+01,2.781123542785644531e+01
-8.963778686523437500e+01,2.780797767639160156e+01
-8.963803863525390625e+01,2.780919837951660156e+01
-8.963767242431640625e+01,2.781084632873535156e+01
-8.963710021972656250e+01,2.781056404113769531e+01
-8.963585662841796875e+01,2.781128883361816406e+01
-8.963633728027343750e+01,2.781108093261718750e+01
-8.963712310791015625e+01,2.781091690063476562e+01
-8.963681793212890625e+01,2.781117630004882812e+01
-8.963786315917968750e+01,2.781019210815429688e+01
-8.963732910156250000e+01,2.781064033508300781e+01
-8.963644409179687500e+01,2.780998802185058594e+01
-8.963562011718750000e+01,2.781115531921386719e+01
-8.963531494140625000e+01,2.780921554565429688e+01
-8.963731384277343750e+01,2.780794906616210938e+01
-8.963593292236328125e+01,2.781106185913085938e+01
-8.963673400878906250e+01,2.780902099609375000e+01
-8.963592529296875000e+01,2.780861091613769531e+01
-8.963539886474609375e+01,2.780976486206054688e+01
-8.963563537597656250e+01,2.780851554870605469e+01
-8.963555145263671875e+01,2.780874824523925781e+01
-8.963565063476562500e+01,2.780908012390136719e+01
-8.963602447509765625e+01,2.781138420104980469e+01
-8.963848114013671875e+01,2.780866241455078125e+01
-8.963645172119140625e+01,2.780836296081542969e+01
-8.963542938232421875e+01,2.781028938293457031e+01
-8.963829040527343750e+01,2.780893898010253906e+01
-8.963774871826171875e+01,2.780899047851562500e+01
-8.963796234130859375e+01,2.780891036987304688e+01
-8.963680267333984375e+01,2.780860328674316406e+01
-8.963744354248046875e+01,2.780917167663574219e+01
-8.963508605957031250e+01,2.781021118164062500e+01
-8.963655090332031250e+01,2.781143569946289062e+01
-8.963761901855468750e+01,2.780943489074707031e+01
-8.963555145263671875e+01,2.781060981750488281e+01
-8.963751220703125000e+01,2.780854988098144531e+01
-8.963753509521484375e+01,2.781060981750488281e+01
-8.963588714599609375e+01,2.780973434448242188e+01
-8.963610076904296875e+01,2.780878067016601562e+01
-8.963562774658203125e+01,2.781080245971679688e+01
-8.963851165771484375e+01,2.780829048156738281e+01
-8.963747406005859375e+01,2.780852890014648438e+01
-8.963608551025390625e+01,2.780939483642578125e+01
-8.963705444335937500e+01,2.781050109863281250e+01
-8.963825988769531250e+01,2.780882263183593750e+01
-8.963735198974609375e+01,2.780977058410644531e+01
-8.963779449462890625e+01,2.780854415893554688e+01
-8.963699340820312500e+01,2.781018829345703125e+01
-8.963520050048828125e+01,2.781057357788085938e+01
-8.963857269287109375e+01,2.780891990661621094e+01
-8.963599395751953125e+01,2.780925941467285156e+01
-8.963517761230468750e+01,2.780999565124511719e+01
-8.963663482666015625e+01,2.781118965148925781e+01
-8.963746643066406250e+01,2.780979156494140625e+01
-8.963722991943359375e+01,2.780834007263183594e+01
-8.963574218750000000e+01,2.781018447875976562e+01
-8.963555145263671875e+01,2.781104278564453125e+01
-8.963799285888671875e+01,2.780953025817871094e+01
-8.963751983642578125e+01,2.781057357788085938e+01
-8.963614654541015625e+01,2.780983161926269531e+01
-8.963637542724609375e+01,2.780854797363281250e+01
-8.963525390625000000e+01,2.780897712707519531e+01
-8.963825225830078125e+01,2.780816650390625000e+01
-8.963680267333984375e+01,2.780855941772460938e+01
-8.963554382324218750e+01,2.780993080139160156e+01
-8.963706207275390625e+01,2.780834197998046875e+01
-8.963582611083984375e+01,2.780888557434082031e+01
-8.963647460937500000e+01,2.780937004089355469e+01
-8.963608551025390625e+01,2.781049728393554688e+01
-8.963768768310546875e+01,2.780837059020996094e+01
-8.963661193847656250e+01,2.781070709228515625e+01
-8.963771820068359375e+01,2.781036567687988281e+01
-8.963571166992187500e+01,2.780831146240234375e+01
-8.963741302490234375e+01,2.780871009826660156e+01
-8.963660430908203125e+01,2.780906867980957031e+01
-8.963787078857421875e+01,2.781055068969726562e+01
-8.963754272460937500e+01,2.780996131896972656e+01
-8.963831329345703125e+01,2.780902481079101562e+01
-8.963806152343750000e+01,2.780849838256835938e+01
-8.963793945312500000e+01,2.780916213989257812e+01
-8.963594818115234375e+01,2.781073760986328125e+01
-8.963626098632812500e+01,2.780846786499023438e+01
-8.963698577880859375e+01,2.781063079833984375e+01
-8.963663482666015625e+01,2.780916786193847656e+01
-8.963758087158203125e+01,2.780917739868164062e+01
-8.963701629638671875e+01,2.780868339538574219e+01
-8.963708496093750000e+01,2.780994033813476562e+01
-8.963666534423828125e+01,2.780874633789062500e+01
-8.963811492919921875e+01,2.780973625183105469e+01
-8.963729095458984375e+01,2.780862998962402344e+01
-8.963539886474609375e+01,2.781022644042968750e+01
-8.963758850097656250e+01,2.780783653259277344e+01
-8.963501739501953125e+01,2.781049728393554688e+01
-8.963691711425781250e+01,2.781137847900390625e+01
-8.963550567626953125e+01,2.781047248840332031e+01
-8.963609313964843750e+01,2.780836868286132812e+01
-8.963843536376953125e+01,2.780825424194335938e+01
-8.963842773437500000e+01,2.780849838256835938e+01
-8.963632965087890625e+01,2.781086158752441406e+01
-8.963616180419921875e+01,2.781081008911132812e+01
-8.963583374023437500e+01,2.780862617492675781e+01
-8.963738250732421875e+01,2.781057929992675781e+01
-8.963768005371093750e+01,2.780854415893554688e+01
-8.963784790039062500e+01,2.780971336364746094e+01
-8.963681793212890625e+01,2.780864524841308594e+01
-8.963522338867187500e+01,2.781053924560546875e+01
-8.963765716552734375e+01,2.780842590332031250e+01
-8.963758850097656250e+01,2.780839157104492188e+01
-8.963581085205078125e+01,2.780962371826171875e+01
-8.963576507568359375e+01,2.780872154235839844e+01
-8.963700866699218750e+01,2.780993843078613281e+01
-8.963820648193359375e+01,2.781005477905273438e+01
-8.963570404052734375e+01,2.780880355834960938e+01
-8.963829040527343750e+01,2.780956268310546875e+01
-8.963685607910156250e+01,2.780923843383789062e+01
-8.963719177246093750e+01,2.781035423278808594e+01
-8.963809967041015625e+01,2.780987548828125000e+01
-8.963683319091796875e+01,2.780920410156250000e+01
-8.963712310791015625e+01,2.780813407897949219e+01
-8.963680267333984375e+01,2.780919075012207031e+01
-8.963613891601562500e+01,2.781097793579101562e+01
-8.963748168945312500e+01,2.780786132812500000e+01
-8.963535308837890625e+01,2.781041717529296875e+01
-8.963824462890625000e+01,2.780889892578125000e+01
-8.963674926757812500e+01,2.780943870544433594e+01
-8.963777160644531250e+01,2.780964660644531250e+01
-8.963655853271484375e+01,2.780962371826171875e+01
-8.963719177246093750e+01,2.780839920043945312e+01
-8.963729858398437500e+01,2.781123733520507812e+01
-8.963602447509765625e+01,2.781075096130371094e+01
-8.963761138916015625e+01,2.780921554565429688e+01
-8.963782501220703125e+01,2.780944442749023438e+01
-8.963780975341796875e+01,2.780945968627929688e+01
-8.963595581054687500e+01,2.780818939208984375e+01
-8.963565826416015625e+01,2.781056785583496094e+01
-8.963842010498046875e+01,2.780871391296386719e+01
-8.963702392578125000e+01,2.780928802490234375e+01
-8.963708496093750000e+01,2.780777168273925781e+01
-8.963646697998046875e+01,2.780848693847656250e+01
-8.963546752929687500e+01,2.781102752685546875e+01
-8.963874053955078125e+01,2.780862617492675781e+01
-8.963589477539062500e+01,2.781013679504394531e+01
-8.963663482666015625e+01,2.780963516235351562e+01
-8.963833618164062500e+01,2.780839157104492188e+01
-8.963580322265625000e+01,2.780886268615722656e+01
-8.963696289062500000e+01,2.780929183959960938e+01
-8.963500213623046875e+01,2.781080436706542969e+01
-8.963746643066406250e+01,2.780853080749511719e+01
-8.963671112060546875e+01,2.780812454223632812e+01
-8.963685607910156250e+01,2.780870819091796875e+01
-8.963508605957031250e+01,2.781026458740234375e+01
-8.963692474365234375e+01,2.780849456787109375e+01
-8.963687896728515625e+01,2.780872535705566406e+01
-8.963608551025390625e+01,2.781099700927734375e+01
-8.963638305664062500e+01,2.781054496765136719e+01
-8.963759613037109375e+01,2.780941009521484375e+01
-8.963579559326171875e+01,2.780885505676269531e+01
-8.963779449462890625e+01,2.781022262573242188e+01
-8.963587951660156250e+01,2.780920791625976562e+01
-8.963818359375000000e+01,2.780785751342773438e+01
-8.963697052001953125e+01,2.780913352966308594e+01
-8.963567352294921875e+01,2.780905532836914062e+01
-8.963512420654296875e+01,2.780951881408691406e+01
-8.963824462890625000e+01,2.780873107910156250e+01
-8.963548278808593750e+01,2.780927467346191406e+01
-8.963715362548828125e+01,2.781078529357910156e+01
-8.963749694824218750e+01,2.780862045288085938e+01
-8.963789367675781250e+01,2.780854415893554688e+01
-8.963603973388671875e+01,2.780859947204589844e+01
-8.963687896728515625e+01,2.780866813659667969e+01
-8.963643646240234375e+01,2.780977058410644531e+01
-8.963698577880859375e+01,2.781087303161621094e+01
-8.963825988769531250e+01,2.780995559692382812e+01
-8.963626098632812500e+01,2.780871391296386719e+01
-8.963724517822265625e+01,2.781111335754394531e+01
-8.963751983642578125e+01,2.781093215942382812e+01
-8.963658905029296875e+01,2.780838394165039062e+01
-8.963622283935546875e+01,2.781133651733398438e+01
-8.963616943359375000e+01,2.780911827087402344e+01
-8.963595581054687500e+01,2.780947494506835938e+01
-8.963566589355468750e+01,2.780926895141601562e+01
-8.963841247558593750e+01,2.780885505676269531e+01
-8.963578796386718750e+01,2.780978012084960938e+01
-8.963607788085937500e+01,2.781100273132324219e+01
-8.963819122314453125e+01,2.781034088134765625e+01
-8.963692474365234375e+01,2.780780792236328125e+01
-8.963844299316406250e+01,2.780889320373535156e+01
-8.963653564453125000e+01,2.781018257141113281e+01
-8.963832092285156250e+01,2.781011581420898438e+01
-8.963603210449218750e+01,2.781083679199218750e+01
-8.963793945312500000e+01,2.781017875671386719e+01
-8.963696289062500000e+01,2.781061744689941406e+01
-8.963625335693359375e+01,2.781074142456054688e+01
-8.963750457763671875e+01,2.780813789367675781e+01
-8.963690948486328125e+01,2.781035995483398438e+01
-8.963533020019531250e+01,2.780914688110351562e+01
-8.963649749755859375e+01,2.781133079528808594e+01
-8.963605499267578125e+01,2.780982398986816406e+01
-8.963710784912109375e+01,2.780939483642578125e+01
-8.963653564453125000e+01,2.780884933471679688e+01
-8.963515472412109375e+01,2.781107902526855469e+01
-8.963771057128906250e+01,2.780785942077636719e+01
-8.963568115234375000e+01,2.781062126159667969e+01
-8.963510131835937500e+01,2.781056976318359375e+01
-8.963779449462890625e+01,2.781072425842285156e+01
-8.963810729980468750e+01,2.781022071838378906e+01
-8.963652038574218750e+01,2.781076240539550781e+01
-8.963751220703125000e+01,2.780940818786621094e+01
-8.963783264160156250e+01,2.781007575988769531e+01
-8.963538360595703125e+01,2.780928421020507812e+01
-8.963749694824218750e+01,2.781114196777343750e+01
-8.963587188720703125e+01,2.781002616882324219e+01
-8.963581085205078125e+01,2.781027793884277344e+01
-8.963729095458984375e+01,2.780834197998046875e+01
-8.963574218750000000e+01,2.781131744384765625e+01
-8.963527679443359375e+01,2.780920600891113281e+01
-8.963710021972656250e+01,2.781063652038574219e+01
-8.963722991943359375e+01,2.781052589416503906e+01
-8.963706970214843750e+01,2.780882263183593750e+01
-8.963607025146484375e+01,2.781064605712890625e+01
-8.963684844970703125e+01,2.780909729003906250e+01
-8.963523101806640625e+01,2.781125259399414062e+01
-8.963520050048828125e+01,2.781041717529296875e+01
-8.963668060302734375e+01,2.781001281738281250e+01
-8.963748168945312500e+01,2.780831146240234375e+01
-8.963711547851562500e+01,2.781041336059570312e+01
-8.963533020019531250e+01,2.780976676940917969e+01
-8.963531494140625000e+01,2.781112670898437500e+01
-8.963539886474609375e+01,2.780910873413085938e+01
-8.963845825195312500e+01,2.780939292907714844e+01
-8.963541412353515625e+01,2.781011772155761719e+01
-8.963672637939453125e+01,2.780913734436035156e+01
-8.963561248779296875e+01,2.781016159057617188e+01
-8.963751983642578125e+01,2.780949974060058594e+01
-8.963662719726562500e+01,2.781094360351562500e+01
-8.963687896728515625e+01,2.780939674377441406e+01
-8.963762664794921875e+01,2.780993652343750000e+01
-8.963700103759765625e+01,2.781005287170410156e+01
-8.963702392578125000e+01,2.780906867980957031e+01
-8.963719940185546875e+01,2.780955123901367188e+01
-8.963565063476562500e+01,2.780925178527832031e+01
-8.963816833496093750e+01,2.780978965759277344e+01
-8.963710784912109375e+01,2.781125831604003906e+01
-8.963520050048828125e+01,2.781020355224609375e+01
-8.963710021972656250e+01,2.780992698669433594e+01
-8.963620758056640625e+01,2.780995750427246094e+01
-8.963736724853515625e+01,2.780865097045898438e+01
-8.963708496093750000e+01,2.780878448486328125e+01
-8.963748168945312500e+01,2.780820465087890625e+01
-8.963682556152343750e+01,2.780854225158691406e+01
-8.963626098632812500e+01,2.781076622009277344e+01
-8.963817596435546875e+01,2.780790519714355469e+01
-8.963790130615234375e+01,2.781070899963378906e+01
-8.963826751708984375e+01,2.780811309814453125e+01
-8.963780212402343750e+01,2.780829238891601562e+01
-8.963663482666015625e+01,2.780901718139648438e+01
-8.963735198974609375e+01,2.780795478820800781e+01
-8.963635253906250000e+01,2.780868721008300781e+01
-8.963639068603515625e+01,2.780818367004394531e+01
-8.963636779785156250e+01,2.780936813354492188e+01
-8.963681030273437500e+01,2.780834770202636719e+01
-8.963567352294921875e+01,2.780899429321289062e+01
-8.963681793212890625e+01,2.781019973754882812e+01
-8.963598632812500000e+01,2.781055450439453125e+01
-8.963540649414062500e+01,2.780886459350585938e+01
-8.963722991943359375e+01,2.780936431884765625e+01
-8.963680267333984375e+01,2.780865097045898438e+01
-8.963557434082031250e+01,2.781019592285156250e+01
-8.963568115234375000e+01,2.781047439575195312e+01
-8.963804626464843750e+01,2.780948448181152344e+01
-8.963758087158203125e+01,2.780813407897949219e+01
-8.963573455810546875e+01,2.780999755859375000e+01
-8.963689422607421875e+01,2.781096076965332031e+01
-8.963773345947265625e+01,2.781026077270507812e+01
-8.963815307617187500e+01,2.781040382385253906e+01
-8.963585662841796875e+01,2.780836105346679688e+01
-8.963827514648437500e+01,2.780813026428222656e+01
-8.963644409179687500e+01,2.780795669555664062e+01
-8.963548278808593750e+01,2.781008338928222656e+01
-8.963515472412109375e+01,2.780986595153808594e+01
-8.963867950439453125e+01,2.780877685546875000e+01
-8.963766479492187500e+01,2.780909729003906250e+01
-8.963565826416015625e+01,2.781090927124023438e+01
-8.963764190673828125e+01,2.781083297729492188e+01
-8.963647460937500000e+01,2.780978584289550781e+01
-8.963583374023437500e+01,2.780926132202148438e+01
-8.963587951660156250e+01,2.780964851379394531e+01
-8.963562011718750000e+01,2.780883216857910156e+01
-8.963805389404296875e+01,2.780947303771972656e+01
-8.963636779785156250e+01,2.781023979187011719e+01
-8.963849639892578125e+01,2.780877685546875000e+01
-8.963619232177734375e+01,2.780932235717773438e+01
-8.963789367675781250e+01,2.780842208862304688e+01
-8.963812255859375000e+01,2.780930137634277344e+01
-8.963719940185546875e+01,2.781007766723632812e+01
-8.963576507568359375e+01,2.780930709838867188e+01
-8.963600921630859375e+01,2.780927658081054688e+01
-8.963600158691406250e+01,2.780870056152343750e+01
-8.963730621337890625e+01,2.780867004394531250e+01
-8.963692474365234375e+01,2.780804252624511719e+01
-8.963850402832031250e+01,2.780951118469238281e+01
-8.963542175292968750e+01,2.781122779846191406e+01
-8.963697814941406250e+01,2.780897903442382812e+01
-8.963815307617187500e+01,2.781015014648437500e+01
-8.963790130615234375e+01,2.781008338928222656e+01
-8.963686370849609375e+01,2.781077766418457031e+01
-8.963649749755859375e+01,2.781037712097167969e+01
-8.963608551025390625e+01,2.780984115600585938e+01
-8.963680267333984375e+01,2.781119155883789062e+01
-8.963626098632812500e+01,2.781049919128417969e+01
-8.963636016845703125e+01,2.781099128723144531e+01
-8.963574981689453125e+01,2.781087493896484375e+01
-8.963523101806640625e+01,2.781048011779785156e+01
-8.963812255859375000e+01,2.781026077270507812e+01
-8.963517761230468750e+01,2.781117630004882812e+01
-8.963636016845703125e+01,2.780803680419921875e+01
-8.963592529296875000e+01,2.780971717834472656e+01
-8.963821411132812500e+01,2.781033325195312500e+01
-8.963546752929687500e+01,2.781035232543945312e+01
-8.963613128662109375e+01,2.781044769287109375e+01
-8.963665008544921875e+01,2.781137084960937500e+01
-8.963603210449218750e+01,2.781014823913574219e+01
-8.963643646240234375e+01,2.780866241455078125e+01
-8.963765716552734375e+01,2.780876731872558594e+01
-8.963729095458984375e+01,2.780842781066894531e+01
-8.963800048828125000e+01,2.780916786193847656e+01
-8.963758087158203125e+01,2.780861282348632812e+01
-8.963732147216796875e+01,2.781130218505859375e+01
-8.963604736328125000e+01,2.781113052368164062e+01
-8.963581085205078125e+01,2.780924606323242188e+01
-8.963706207275390625e+01,2.780906295776367188e+01
-8.963694000244140625e+01,2.781122398376464844e+01
-8.963545989990234375e+01,2.780952262878417969e+01
-8.963718414306640625e+01,2.780807876586914062e+01
-8.963575744628906250e+01,2.780853271484375000e+01
-8.963617706298828125e+01,2.781068038940429688e+01
-8.963838958740234375e+01,2.780908393859863281e+01
-8.963716888427734375e+01,2.780849266052246094e+01
-8.963634490966796875e+01,2.781100082397460938e+01
-8.963739013671875000e+01,2.781045722961425781e+01
-8.963823699951171875e+01,2.780902671813964844e+01
-8.963585662841796875e+01,2.780924797058105469e+01
-8.963764953613281250e+01,2.780963706970214844e+01
-8.963546752929687500e+01,2.780957984924316406e+01
-8.963650512695312500e+01,2.780972671508789062e+01
-8.963725280761718750e+01,2.780897521972656250e+01
-8.963638305664062500e+01,2.780817604064941406e+01
-8.963579559326171875e+01,2.780933761596679688e+01
-8.963680267333984375e+01,2.780859375000000000e+01
-8.963557434082031250e+01,2.780972862243652344e+01
-8.963688659667968750e+01,2.781119346618652344e+01
-8.963788604736328125e+01,2.780879020690917969e+01
-8.963608551025390625e+01,2.780923461914062500e+01
-8.963600921630859375e+01,2.780896568298339844e+01
-8.963569641113281250e+01,2.780927276611328125e+01
-8.963523864746093750e+01,2.781017875671386719e+01
-8.963610839843750000e+01,2.781110954284667969e+01
-8.963805389404296875e+01,2.780805206298828125e+01
-8.963806152343750000e+01,2.780939102172851562e+01
-8.963618469238281250e+01,2.780940055847167969e+01
-8.963803100585937500e+01,2.780994224548339844e+01
-8.963681030273437500e+01,2.781070709228515625e+01
-8.963607025146484375e+01,2.780872917175292969e+01
-8.963669586181640625e+01,2.780989456176757812e+01
-8.963774871826171875e+01,2.780906677246093750e+01
-8.963774108886718750e+01,2.780992507934570312e+01
-8.963691711425781250e+01,2.781061744689941406e+01
-8.963679504394531250e+01,2.781099128723144531e+01
-8.963665771484375000e+01,2.781027412414550781e+01
-8.963746643066406250e+01,2.781084251403808594e+01
-8.963773345947265625e+01,2.780952453613281250e+01
-8.963779449462890625e+01,2.780920600891113281e+01
-8.963805389404296875e+01,2.780832862854003906e+01
-8.963642120361328125e+01,2.781093597412109375e+01
-8.963571166992187500e+01,2.780960273742675781e+01
-8.963613128662109375e+01,2.781140136718750000e+01
-8.963845825195312500e+01,2.780896759033203125e+01
-8.963833618164062500e+01,2.780861473083496094e+01
-8.963748168945312500e+01,2.780920982360839844e+01
-8.963819885253906250e+01,2.780829238891601562e+01
-8.963698577880859375e+01,2.780992507934570312e+01
-8.963811492919921875e+01,2.780887985229492188e+01
-8.963597106933593750e+01,2.781034278869628906e+01
-8.963825225830078125e+01,2.780786895751953125e+01
-8.963581848144531250e+01,2.780953788757324219e+01
-8.963785552978515625e+01,2.780810546875000000e+01
-8.963576507568359375e+01,2.780942726135253906e+01
-8.963595581054687500e+01,2.780867958068847656e+01
-8.963767242431640625e+01,2.781005477905273438e+01
-8.963797760009765625e+01,2.781069946289062500e+01
-8.963652038574218750e+01,2.780887031555175781e+01
-8.963520050048828125e+01,2.781075859069824219e+01
-8.963587951660156250e+01,2.780853080749511719e+01
-8.963787078857421875e+01,2.780869293212890625e+01
-8.963750457763671875e+01,2.780934906005859375e+01
-8.963607025146484375e+01,2.780842018127441406e+01
-8.963709259033203125e+01,2.780956077575683594e+01
-8.963558959960937500e+01,2.780891990661621094e+01
-8.963837432861328125e+01,2.780979728698730469e+01
-8.963679504394531250e+01,2.781060028076171875e+01
-8.963786315917968750e+01,2.780906295776367188e+01
-8.963690948486328125e+01,2.780942153930664062e+01
-8.963511657714843750e+01,2.780973434448242188e+01
-8.963636779785156250e+01,2.780982398986816406e+01
-8.963700866699218750e+01,2.780848503112792969e+01
-8.963592529296875000e+01,2.780986022949218750e+01
-8.963684082031250000e+01,2.780947113037109375e+01
-8.963748931884765625e+01,2.780841827392578125e+01
-8.963712310791015625e+01,2.780927276611328125e+01
-8.963810729980468750e+01,2.780826759338378906e+01
-8.963554382324218750e+01,2.781009674072265625e+01
-8.963552856445312500e+01,2.780993843078613281e+01
-8.963745880126953125e+01,2.780887031555175781e+01
-8.963676452636718750e+01,2.780853652954101562e+01
-8.963678741455078125e+01,2.780863952636718750e+01
-8.963732910156250000e+01,2.781069374084472656e+01
-8.963629150390625000e+01,2.781113624572753906e+01
-8.963827514648437500e+01,2.780959129333496094e+01
-8.963710021972656250e+01,2.781101989746093750e+01
-8.963633728027343750e+01,2.780879592895507812e+01
-8.963771820068359375e+01,2.781074523925781250e+01
-8.963845825195312500e+01,2.780833053588867188e+01
-8.963563537597656250e+01,2.780828285217285156e+01
-8.963785552978515625e+01,2.780869102478027344e+01
-8.963805389404296875e+01,2.780787086486816406e+01
-8.963780212402343750e+01,2.780985450744628906e+01
-8.963669586181640625e+01,2.781005477905273438e+01
-8.963786315917968750e+01,2.781057929992675781e+01
-8.963751983642578125e+01,2.781120300292968750e+01
-8.963534545898437500e+01,2.780909347534179688e+01
-8.963774871826171875e+01,2.780886840820312500e+01
-8.963694000244140625e+01,2.780797386169433594e+01
-8.963715362548828125e+01,2.780990600585937500e+01
-8.963559722900390625e+01,2.781060791015625000e+01
-8.963763427734375000e+01,2.780963516235351562e+01
-8.963704681396484375e+01,2.781076622009277344e+01
-8.963810729980468750e+01,2.780822944641113281e+01
-8.963709259033203125e+01,2.781070709228515625e+01
-8.963687896728515625e+01,2.780892372131347656e+01
-8.963570404052734375e+01,2.780931091308593750e+01
-8.963577270507812500e+01,2.780897140502929688e+01
-8.963822937011718750e+01,2.780804634094238281e+01
-8.963549041748046875e+01,2.781016921997070312e+01
-8.963822174072265625e+01,2.780797386169433594e+01
-8.963720703125000000e+01,2.780978202819824219e+01
-8.963645935058593750e+01,2.780879592895507812e+01
-8.963581848144531250e+01,2.781088638305664062e+01
-8.963744354248046875e+01,2.781052017211914062e+01
-8.963771057128906250e+01,2.780812263488769531e+01
-8.963780975341796875e+01,2.781021690368652344e+01
-8.963601684570312500e+01,2.781136894226074219e+01
-8.963665771484375000e+01,2.780966567993164062e+01
-8.963728332519531250e+01,2.780845451354980469e+01
-8.963603210449218750e+01,2.780869674682617188e+01
-8.963830566406250000e+01,2.780780982971191406e+01
-8.963757324218750000e+01,2.780803680419921875e+01
-8.963623809814453125e+01,2.780865478515625000e+01
-8.963606262207031250e+01,2.781035423278808594e+01
-8.963752746582031250e+01,2.780840682983398438e+01
-8.963759613037109375e+01,2.780969429016113281e+01
-8.963836669921875000e+01,2.780942535400390625e+01
-8.963805389404296875e+01,2.781072807312011719e+01
-8.963574981689453125e+01,2.780930328369140625e+01
-8.963763427734375000e+01,2.780887794494628906e+01
-8.963823699951171875e+01,2.780972480773925781e+01
-8.963622283935546875e+01,2.780969238281250000e+01
-8.963682556152343750e+01,2.780920028686523438e+01
-8.963813018798828125e+01,2.780969429016113281e+01
-8.963632965087890625e+01,2.780908966064453125e+01
-8.963576507568359375e+01,2.780898475646972656e+01
-8.963559722900390625e+01,2.780899429321289062e+01
-8.963781738281250000e+01,2.781003570556640625e+01
-8.963645935058593750e+01,2.781102180480957031e+01
-8.963513946533203125e+01,2.781020545959472656e+01
-8.963665008544921875e+01,2.780847930908203125e+01
-8.963703155517578125e+01,2.781053543090820312e+01
-8.963703918457031250e+01,2.781033897399902344e+01
-8.963675689697265625e+01,2.781148147583007812e+01
-8.963651275634765625e+01,2.781007003784179688e+01
-8.963737487792968750e+01,2.780880546569824219e+01
-8.963806152343750000e+01,2.780887985229492188e+01
-8.963519287109375000e+01,2.781070327758789062e+01
-8.963745117187500000e+01,2.780830955505371094e+01
-8.963591003417968750e+01,2.780981445312500000e+01
-8.963842773437500000e+01,2.780855369567871094e+01
-8.963827514648437500e+01,2.780958175659179688e+01
-8.963702392578125000e+01,2.780864906311035156e+01
-8.963734436035156250e+01,2.780796241760253906e+01
-8.963502502441406250e+01,2.781114196777343750e+01
-8.963663482666015625e+01,2.780804634094238281e+01
-8.963723754882812500e+01,2.780864524841308594e+01
-8.963822937011718750e+01,2.780965232849121094e+01
-8.963669586181640625e+01,2.781019401550292969e+01
-8.963739776611328125e+01,2.780895423889160156e+01
-8.963726043701171875e+01,2.781061744689941406e+01
-8.963513183593750000e+01,2.781033706665039062e+01
-8.963574981689453125e+01,2.781141281127929688e+01
-8.963623809814453125e+01,2.780831718444824219e+01
-8.963601684570312500e+01,2.781023406982421875e+01
-8.963649749755859375e+01,2.780917549133300781e+01
-8.963568115234375000e+01,2.780864715576171875e+01
-8.963735961914062500e+01,2.780945777893066406e+01
-8.963752746582031250e+01,2.781112670898437500e+01
-8.963870239257812500e+01,2.780859375000000000e+01
-8.963807678222656250e+01,2.781040573120117188e+01
-8.963545227050781250e+01,2.780908203125000000e+01
-8.963765716552734375e+01,2.781019210815429688e+01
-8.963708496093750000e+01,2.780932235717773438e+01
-8.963517761230468750e+01,2.781131362915039062e+01
-8.963620758056640625e+01,2.781013107299804688e+01
-8.963722991943359375e+01,2.781007766723632812e+01
-8.963801574707031250e+01,2.780883598327636719e+01
-8.963784790039062500e+01,2.780876922607421875e+01
-8.963825988769531250e+01,2.780970382690429688e+01
-8.963545989990234375e+01,2.781002807617187500e+01
-8.963567352294921875e+01,2.780862236022949219e+01
-8.963716125488281250e+01,2.781090927124023438e+01
-8.963793182373046875e+01,2.780802345275878906e+01
-8.963545989990234375e+01,2.780882644653320312e+01
-8.963710784912109375e+01,2.781100654602050781e+01
-8.963670349121093750e+01,2.781055450439453125e+01
-8.963697814941406250e+01,2.781094932556152344e+01
-8.963546752929687500e+01,2.781065177917480469e+01
-8.963516998291015625e+01,2.780993080139160156e+01
-8.963647460937500000e+01,2.781071090698242188e+01
-8.963523864746093750e+01,2.781005668640136719e+01
-8.963571166992187500e+01,2.781044578552246094e+01
-8.963863372802734375e+01,2.780865478515625000e+01
-8.963807678222656250e+01,2.780951118469238281e+01
-8.963830566406250000e+01,2.780912208557128906e+01
-8.963688659667968750e+01,2.781085968017578125e+01
-8.963762664794921875e+01,2.780878448486328125e+01
-8.963665008544921875e+01,2.780837631225585938e+01
-8.963563537597656250e+01,2.780838966369628906e+01
-8.963719177246093750e+01,2.780908775329589844e+01
-8.963617706298828125e+01,2.780991935729980469e+01
-8.963619995117187500e+01,2.780809783935546875e+01
-8.963754272460937500e+01,2.781058120727539062e+01
-8.963832855224609375e+01,2.780804443359375000e+01
-8.963742065429687500e+01,2.781023788452148438e+01
-8.963672637939453125e+01,2.780806922912597656e+01
-8.963517761230468750e+01,2.781039619445800781e+01
-8.963590240478515625e+01,2.780850601196289062e+01
-8.963766479492187500e+01,2.781020545959472656e+01
-8.963553619384765625e+01,2.781129455566406250e+01
-8.963542175292968750e+01,2.780952835083007812e+01
-8.963839721679687500e+01,2.780836486816406250e+01
-8.963757324218750000e+01,2.781072807312011719e+01
-8.963831329345703125e+01,2.780971336364746094e+01
-8.963719940185546875e+01,2.780904579162597656e+01
-8.963565826416015625e+01,2.781065368652343750e+01
-8.963536071777343750e+01,2.781086349487304688e+01
-8.963575744628906250e+01,2.781006050109863281e+01
-8.963824462890625000e+01,2.780781745910644531e+01
-8.963774871826171875e+01,2.781030273437500000e+01
-8.963829040527343750e+01,2.780995368957519531e+01
-8.963559722900390625e+01,2.780955314636230469e+01
-8.963745117187500000e+01,2.781056785583496094e+01
-8.963578796386718750e+01,2.781068229675292969e+01
-8.963589477539062500e+01,2.780867004394531250e+01
-8.963629150390625000e+01,2.780798530578613281e+01
-8.963755798339843750e+01,2.781007194519042969e+01
-8.963769531250000000e+01,2.781008338928222656e+01
-8.963741302490234375e+01,2.780948829650878906e+01
-8.963542938232421875e+01,2.781027412414550781e+01
-8.963587951660156250e+01,2.780944633483886719e+01
-8.963568115234375000e+01,2.781062316894531250e+01
-8.963713836669921875e+01,2.780908012390136719e+01
-8.963710021972656250e+01,2.781107521057128906e+01
-8.963707733154296875e+01,2.780782508850097656e+01
-8.963800048828125000e+01,2.780805969238281250e+01
-8.963594818115234375e+01,2.781094741821289062e+01
-8.963533782958984375e+01,2.781003761291503906e+01
-8.963536071777343750e+01,2.780868148803710938e+01
-8.963498687744140625e+01,2.781083297729492188e+01
-8.963774108886718750e+01,2.780990219116210938e+01
-8.963784027099609375e+01,2.781047439575195312e+01
-8.963645935058593750e+01,2.780907440185546875e+01
-8.963611602783203125e+01,2.780944824218750000e+01
-8.963626098632812500e+01,2.780827140808105469e+01
-8.963735961914062500e+01,2.780839920043945312e+01
-8.963672637939453125e+01,2.780936813354492188e+01
-8.963589477539062500e+01,2.781008338928222656e+01
-8.963634490966796875e+01,2.781053543090820312e+01
-8.963789367675781250e+01,2.780782890319824219e+01
-8.963565063476562500e+01,2.781068801879882812e+01
-8.963754272460937500e+01,2.780971527099609375e+01
-8.963668060302734375e+01,2.781060600280761719e+01
-8.963850402832031250e+01,2.780828475952148438e+01
-8.963710784912109375e+01,2.780881881713867188e+01
-8.963625335693359375e+01,2.780981254577636719e+01
-8.963721466064453125e+01,2.781093025207519531e+01
-8.963658142089843750e+01,2.781000900268554688e+01
-8.963668823242187500e+01,2.781083869934082031e+01
-8.963793945312500000e+01,2.781005477905273438e+01
-8.963642120361328125e+01,2.780863189697265625e+01
-8.963777160644531250e+01,2.780909347534179688e+01
-8.963702392578125000e+01,2.780849647521972656e+01
-8.963759613037109375e+01,2.780789756774902344e+01
-8.963708496093750000e+01,2.780794906616210938e+01
-8.963774871826171875e+01,2.781062126159667969e+01
-8.963717651367187500e+01,2.780957984924316406e+01
-8.963504028320312500e+01,2.781057929992675781e+01
-8.963623046875000000e+01,2.780872917175292969e+01
-8.963811492919921875e+01,2.781027603149414062e+01
-8.963635253906250000e+01,2.780837821960449219e+01
-8.963528442382812500e+01,2.781133651733398438e+01
-8.963676452636718750e+01,2.781047439575195312e+01
-8.963815307617187500e+01,2.781073951721191406e+01
-8.963710021972656250e+01,2.781062698364257812e+01
-8.963569641113281250e+01,2.781068420410156250e+01
-8.963642120361328125e+01,2.780995941162109375e+01
-8.963690185546875000e+01,2.781093215942382812e+01
-8.963604736328125000e+01,2.781089401245117188e+01
-8.963786315917968750e+01,2.780853080749511719e+01
-8.963542938232421875e+01,2.781036186218261719e+01
-8.963619232177734375e+01,2.781140708923339844e+01
-8.963756561279296875e+01,2.781097030639648438e+01
-8.963562774658203125e+01,2.781074905395507812e+01
-8.963764190673828125e+01,2.780975723266601562e+01
-8.963696289062500000e+01,2.780958175659179688e+01
-8.963654327392578125e+01,2.780870437622070312e+01
-8.963667297363281250e+01,2.780956077575683594e+01
-8.963810729980468750e+01,2.781025695800781250e+01
-8.963552856445312500e+01,2.780904197692871094e+01
-8.963722229003906250e+01,2.780930137634277344e+01
-8.963527679443359375e+01,2.781134033203125000e+01
-8.963851928710937500e+01,2.780866813659667969e+01
-8.963640594482421875e+01,2.780950355529785156e+01
-8.963842010498046875e+01,2.780888366699218750e+01
-8.963758850097656250e+01,2.780899810791015625e+01
-8.963649749755859375e+01,2.781051254272460938e+01
-8.963552856445312500e+01,2.781141853332519531e+01
-8.963689422607421875e+01,2.781076431274414062e+01
-8.963533020019531250e+01,2.781049537658691406e+01
-8.963817596435546875e+01,2.780851745605468750e+01
-8.963810729980468750e+01,2.781043052673339844e+01
-8.963688659667968750e+01,2.781014442443847656e+01
-8.963823699951171875e+01,2.780864143371582031e+01
-8.963551330566406250e+01,2.780928802490234375e+01
-8.963669586181640625e+01,2.781034660339355469e+01
-8.963642883300781250e+01,2.781127929687500000e+01
-8.963673400878906250e+01,2.780939674377441406e+01
-8.963600158691406250e+01,2.781007003784179688e+01
-8.963625335693359375e+01,2.780864334106445312e+01
