longitude,latitude
-8.848437500000000000e+01,2.803286170959472656e+01
-8.848503112792968750e+01,2.803194999694824219e+01
-8.848262023925781250e+01,2.803280448913574219e+01
-8.848449707031250000e+01,2.803243255615234375e+01
-8.848501586914062500e+01,2.803303527832031250e+01
-8.848429870605468750e+01,2.803335571289062500e+01
-8.848532104492187500e+01,2.803170204162597656e+01
-8.848479461669921875e+01,2.803205299377441406e+01
-8.848329925537109375e+01,2.803285789489746094e+01
-8.848519134521484375e+01,2.803337478637695312e+01
-8.848265075683593750e+01,2.803341293334960938e+01
-8.848384857177734375e+01,2.803357696533203125e+01
-8.848574066162109375e+01,2.803134346008300781e+01
-8.848397827148437500e+01,2.803261947631835938e+01
-8.848413085937500000e+01,2.803157424926757812e+01
-8.848466491699218750e+01,2.803377532958984375e+01
-8.848427581787109375e+01,2.803160858154296875e+01
-8.848491668701171875e+01,2.803363418579101562e+01
-8.848592376708984375e+01,2.803172302246093750e+01
-8.848338317871093750e+01,2.803193664550781250e+01
-8.848552703857421875e+01,2.803111267089843750e+01
-8.848341369628906250e+01,2.803269004821777344e+01
-8.848292541503906250e+01,2.803271675109863281e+01
-8.848316192626953125e+01,2.803239631652832031e+01
-8.848415374755859375e+01,2.803351783752441406e+01
-8.848430633544921875e+01,2.803348350524902344e+01
-8.848554229736328125e+01,2.803292465209960938e+01
-8.848466491699218750e+01,2.803234481811523438e+01
-8.848385620117187500e+01,2.803267860412597656e+01
-8.848390960693359375e+01,2.803264999389648438e+01
-8.848295593261718750e+01,2.803328704833984375e+01
-8.848539733886718750e+01,2.803313064575195312e+01
-8.848419952392578125e+01,2.803311538696289062e+01
-8.848268127441406250e+01,2.803356170654296875e+01
-8.848541259765625000e+01,2.803178596496582031e+01
-8.848458099365234375e+01,2.803323173522949219e+01
-8.848268890380859375e+01,2.803372573852539062e+01
-8.848464965820312500e+01,2.803260421752929688e+01
-8.848455047607421875e+01,2.803353500366210938e+01
-8.848554992675781250e+01,2.803185844421386719e+01
-8.848574066162109375e+01,2.803145027160644531e+01
-8.848573303222656250e+01,2.803216934204101562e+01
-8.848311614990234375e+01,2.803266716003417969e+01
-8.848492431640625000e+01,2.803368377685546875e+01
-8.848358917236328125e+01,2.803350067138671875e+01
-8.848574829101562500e+01,2.803288841247558594e+01
-8.848449707031250000e+01,2.803192520141601562e+01
-8.848418426513671875e+01,2.803285598754882812e+01
-8.848318481445312500e+01,2.803281021118164062e+01
-8.848342132568359375e+01,2.803190231323242188e+01
-8.848532867431640625e+01,2.803339195251464844e+01
-8.848467254638671875e+01,2.803232955932617188e+01
-8.848561096191406250e+01,2.803219223022460938e+01
-8.848467254638671875e+01,2.803368377685546875e+01
-8.848446655273437500e+01,2.803283691406250000e+01
-8.848447418212890625e+01,2.803350639343261719e+01
-8.848536682128906250e+01,2.803306961059570312e+01
-8.848577880859375000e+01,2.803204727172851562e+01
-8.848268890380859375e+01,2.803350639343261719e+01
-8.848351287841796875e+01,2.803327941894531250e+01
-8.848572540283203125e+01,2.803163528442382812e+01
-8.848365020751953125e+01,2.803284454345703125e+01
-8.848454284667968750e+01,2.803298377990722656e+01
-8.848576354980468750e+01,2.803167343139648438e+01
-8.848377227783203125e+01,2.803196334838867188e+01
-8.848441314697265625e+01,2.803376007080078125e+01
-8.848476409912109375e+01,2.803262710571289062e+01
-8.848336791992187500e+01,2.803341293334960938e+01
-8.848489379882812500e+01,2.803183364868164062e+01
-8.848424530029296875e+01,2.803285217285156250e+01
-8.848406219482421875e+01,2.803219604492187500e+01
-8.848269653320312500e+01,2.803372383117675781e+01
-8.848311614990234375e+01,2.803234672546386719e+01
-8.848277282714843750e+01,2.803264999389648438e+01
-8.848558807373046875e+01,2.803116226196289062e+01
-8.848480987548828125e+01,2.803151893615722656e+01
-8.848402404785156250e+01,2.803272438049316406e+01
-8.848528289794921875e+01,2.803120994567871094e+01
-8.848565673828125000e+01,2.803188133239746094e+01
-8.848237609863281250e+01,2.803317642211914062e+01
-8.848412322998046875e+01,2.803249549865722656e+01
-8.848406219482421875e+01,2.803223609924316406e+01
-8.848527526855468750e+01,2.803212547302246094e+01
-8.848295593261718750e+01,2.803308486938476562e+01
-8.848580169677734375e+01,2.803220939636230469e+01
-8.848506927490234375e+01,2.803135490417480469e+01
-8.848372650146484375e+01,2.803180313110351562e+01
-8.848339843750000000e+01,2.803307342529296875e+01
-8.848375701904296875e+01,2.803297042846679688e+01
-8.848390960693359375e+01,2.803357696533203125e+01
-8.848445129394531250e+01,2.803189468383789062e+01
-8.848312377929687500e+01,2.803330230712890625e+01
-8.848360443115234375e+01,2.803276443481445312e+01
-8.848513031005859375e+01,2.803155136108398438e+01
-8.848579406738281250e+01,2.803158950805664062e+01
-8.848411560058593750e+01,2.803230667114257812e+01
-8.848487854003906250e+01,2.803259086608886719e+01
-8.848587799072265625e+01,2.803179740905761719e+01
-8.848402404785156250e+01,2.803322792053222656e+01
-8.848439788818359375e+01,2.803188323974609375e+01
-8.848385620117187500e+01,2.803281211853027344e+01
-8.848521423339843750e+01,2.803184127807617188e+01
-8.848294830322265625e+01,2.803302574157714844e+01
-8.848354339599609375e+01,2.803243637084960938e+01
-8.848572540283203125e+01,2.803291893005371094e+01
-8.848359680175781250e+01,2.803257560729980469e+01
-8.848523712158203125e+01,2.803282737731933594e+01
-8.848428344726562500e+01,2.803240966796875000e+01
-8.848287963867187500e+01,2.803293991088867188e+01
-8.848509216308593750e+01,2.803296279907226562e+01
-8.848300933837890625e+01,2.803237724304199219e+01
-8.848432922363281250e+01,2.803300666809082031e+01
-8.848250579833984375e+01,2.803329467773437500e+01
-8.848525238037109375e+01,2.803275871276855469e+01
-8.848359680175781250e+01,2.803277969360351562e+01
-8.848506927490234375e+01,2.803118324279785156e+01
-8.848331451416015625e+01,2.803318786621093750e+01
-8.848280334472656250e+01,2.803336143493652344e+01
-8.848469543457031250e+01,2.803142738342285156e+01
-8.848422241210937500e+01,2.803396034240722656e+01
-8.848527526855468750e+01,2.803277778625488281e+01
-8.848517608642578125e+01,2.803298187255859375e+01
-8.848474121093750000e+01,2.803264808654785156e+01
-8.848493194580078125e+01,2.803222084045410156e+01
-8.848336791992187500e+01,2.803249740600585938e+01
-8.848456573486328125e+01,2.803299903869628906e+01
-8.848538208007812500e+01,2.803176879882812500e+01
-8.848509979248046875e+01,2.803290557861328125e+01
-8.848538208007812500e+01,2.803182411193847656e+01
-8.848369598388671875e+01,2.803306961059570312e+01
-8.848535156250000000e+01,2.803331565856933594e+01
-8.848268127441406250e+01,2.803302764892578125e+01
-8.848581695556640625e+01,2.803154563903808594e+01
-8.848468780517578125e+01,2.803287124633789062e+01
-8.848287963867187500e+01,2.803253364562988281e+01
-8.848363494873046875e+01,2.803302955627441406e+01
-8.848459625244140625e+01,2.803166007995605469e+01
-8.848278045654296875e+01,2.803298950195312500e+01
-8.848500823974609375e+01,2.803228187561035156e+01
-8.848337554931640625e+01,2.803234672546386719e+01
-8.848465728759765625e+01,2.803186035156250000e+01
-8.848388671875000000e+01,2.803261947631835938e+01
-8.848305511474609375e+01,2.803263282775878906e+01
-8.848542785644531250e+01,2.803297233581542969e+01
-8.848267364501953125e+01,2.803354835510253906e+01
-8.848346710205078125e+01,2.803198051452636719e+01
-8.848387145996093750e+01,2.803165435791015625e+01
-8.848342132568359375e+01,2.803262901306152344e+01
-8.848292541503906250e+01,2.803326416015625000e+01
-8.848374938964843750e+01,2.803231620788574219e+01
-8.848368835449218750e+01,2.803324317932128906e+01
-8.848565673828125000e+01,2.803301429748535156e+01
-8.848320770263671875e+01,2.803340148925781250e+01
-8.848390197753906250e+01,2.803191566467285156e+01
-8.848553466796875000e+01,2.803145027160644531e+01
-8.848499298095703125e+01,2.803251838684082031e+01
-8.848371887207031250e+01,2.803283309936523438e+01
-8.848441314697265625e+01,2.803384017944335938e+01
-8.848408508300781250e+01,2.803197097778320312e+01
-8.848562622070312500e+01,2.803301620483398438e+01
-8.848455810546875000e+01,2.803371238708496094e+01
-8.848426055908203125e+01,2.803156852722167969e+01
-8.848435211181640625e+01,2.803283500671386719e+01
-8.848456573486328125e+01,2.803182411193847656e+01
-8.848455047607421875e+01,2.803192138671875000e+01
-8.848338317871093750e+01,2.803228187561035156e+01
-8.848539733886718750e+01,2.803147315979003906e+01
-8.848415374755859375e+01,2.803360176086425781e+01
-8.848392486572265625e+01,2.803340911865234375e+01
-8.848373413085937500e+01,2.803241920471191406e+01
-8.848542022705078125e+01,2.803167724609375000e+01
-8.848430633544921875e+01,2.803207588195800781e+01
-8.848567199707031250e+01,2.803215599060058594e+01
-8.848336791992187500e+01,2.803243637084960938e+01
-8.848446655273437500e+01,2.803389167785644531e+01
-8.848424530029296875e+01,2.803322410583496094e+01
-8.848318481445312500e+01,2.803275489807128906e+01
-8.848319244384765625e+01,2.803363609313964844e+01
-8.848464202880859375e+01,2.803352928161621094e+01
-8.848508453369140625e+01,2.803128814697265625e+01
-8.848537445068359375e+01,2.803174972534179688e+01
-8.848339080810546875e+01,2.803318977355957031e+01
-8.848442840576171875e+01,2.803160858154296875e+01
-8.848572540283203125e+01,2.803142166137695312e+01
-8.848408508300781250e+01,2.803216934204101562e+01
-8.848277282714843750e+01,2.803362846374511719e+01
-8.848278808593750000e+01,2.803263664245605469e+01
-8.848543548583984375e+01,2.803112792968750000e+01
-8.848412322998046875e+01,2.803341674804687500e+01
-8.848571014404296875e+01,2.803228950500488281e+01
-8.848437500000000000e+01,2.803145599365234375e+01
-8.848421478271484375e+01,2.803340911865234375e+01
-8.848405456542968750e+01,2.803199768066406250e+01
-8.848400878906250000e+01,2.803385925292968750e+01
-8.848473358154296875e+01,2.803189849853515625e+01
-8.848471069335937500e+01,2.803191184997558594e+01
-8.848355865478515625e+01,2.803222846984863281e+01
-8.848497772216796875e+01,2.803190040588378906e+01
-8.848477172851562500e+01,2.803143501281738281e+01
-8.848422241210937500e+01,2.803370857238769531e+01
-8.848437500000000000e+01,2.803214073181152344e+01
-8.848492431640625000e+01,2.803139495849609375e+01
-8.848501586914062500e+01,2.803181648254394531e+01
-8.848411560058593750e+01,2.803222656250000000e+01
-8.848525238037109375e+01,2.803241920471191406e+01
-8.848284912109375000e+01,2.803260231018066406e+01
-8.848477172851562500e+01,2.803140830993652344e+01
-8.848371124267578125e+01,2.803332138061523438e+01
-8.848497009277343750e+01,2.803153800964355469e+01
-8.848351287841796875e+01,2.803222656250000000e+01
-8.848324584960937500e+01,2.803247261047363281e+01
-8.848505401611328125e+01,2.803334236145019531e+01
-8.848497772216796875e+01,2.803307914733886719e+01
-8.848364257812500000e+01,2.803204536437988281e+01
-8.848492431640625000e+01,2.803217315673828125e+01
-8.848370361328125000e+01,2.803199958801269531e+01
-8.848507690429687500e+01,2.803335380554199219e+01
-8.848550415039062500e+01,2.803228569030761719e+01
-8.848481750488281250e+01,2.803310012817382812e+01
-8.848310089111328125e+01,2.803328895568847656e+01
-8.848342132568359375e+01,2.803280639648437500e+01
-8.848504638671875000e+01,2.803235435485839844e+01
-8.848535156250000000e+01,2.803201675415039062e+01
-8.848448181152343750e+01,2.803154563903808594e+01
-8.848315429687500000e+01,2.803373336791992188e+01
-8.848531341552734375e+01,2.803160285949707031e+01
-8.848496246337890625e+01,2.803135681152343750e+01
-8.848522949218750000e+01,2.803160095214843750e+01
-8.848384857177734375e+01,2.803251838684082031e+01
-8.848479461669921875e+01,2.803342247009277344e+01
-8.848498535156250000e+01,2.803284072875976562e+01
-8.848377990722656250e+01,2.803207397460937500e+01
-8.848468780517578125e+01,2.803365707397460938e+01
-8.848553466796875000e+01,2.803215408325195312e+01
-8.848491668701171875e+01,2.803374671936035156e+01
-8.848393249511718750e+01,2.803319549560546875e+01
-8.848549652099609375e+01,2.803314971923828125e+01
-8.848362731933593750e+01,2.803317260742187500e+01
-8.848365783691406250e+01,2.803256225585937500e+01
-8.848374938964843750e+01,2.803259086608886719e+01
-8.848425292968750000e+01,2.803366470336914062e+01
-8.848571014404296875e+01,2.803298377990722656e+01
-8.848403930664062500e+01,2.803292083740234375e+01
-8.848435211181640625e+01,2.803326988220214844e+01
-8.848562622070312500e+01,2.803127288818359375e+01
-8.848390960693359375e+01,2.803248023986816406e+01
-8.848364257812500000e+01,2.803190040588378906e+01
-8.848413085937500000e+01,2.803297424316406250e+01
-8.848390197753906250e+01,2.803239631652832031e+01
-8.848384094238281250e+01,2.803258323669433594e+01
-8.848442840576171875e+01,2.803147888183593750e+01
-8.848462677001953125e+01,2.803243064880371094e+01
-8.848440551757812500e+01,2.803174972534179688e+01
-8.848535156250000000e+01,2.803213310241699219e+01
-8.848510742187500000e+01,2.803198051452636719e+01
-8.848458862304687500e+01,2.803300476074218750e+01
-8.848339080810546875e+01,2.803273391723632812e+01
-8.848320770263671875e+01,2.803228759765625000e+01
-8.848435974121093750e+01,2.803369140625000000e+01
-8.848523712158203125e+01,2.803208923339843750e+01
-8.848354339599609375e+01,2.803303909301757812e+01
-8.848306274414062500e+01,2.803229331970214844e+01
-8.848446655273437500e+01,2.803377914428710938e+01
-8.848532104492187500e+01,2.803239250183105469e+01
-8.848425292968750000e+01,2.803226089477539062e+01
-8.848435211181640625e+01,2.803164291381835938e+01
-8.848364257812500000e+01,2.803296470642089844e+01
-8.848466491699218750e+01,2.803330993652343750e+01
-8.848500823974609375e+01,2.803214263916015625e+01
-8.848359680175781250e+01,2.803312873840332031e+01
-8.848410034179687500e+01,2.803316497802734375e+01
-8.848354339599609375e+01,2.803286933898925781e+01
-8.848432922363281250e+01,2.803142356872558594e+01
-8.848304748535156250e+01,2.803359985351562500e+01
-8.848506164550781250e+01,2.803285598754882812e+01
-8.848312377929687500e+01,2.803341293334960938e+01
-8.848281097412109375e+01,2.803276062011718750e+01
-8.848454284667968750e+01,2.803182220458984375e+01
-8.848340606689453125e+01,2.803230476379394531e+01
-8.848371124267578125e+01,2.803280067443847656e+01
-8.848494720458984375e+01,2.803199768066406250e+01
-8.848510742187500000e+01,2.803114891052246094e+01
-8.848364257812500000e+01,2.803177070617675781e+01
-8.848432922363281250e+01,2.803183555603027344e+01
-8.848284912109375000e+01,2.803244209289550781e+01
-8.848508453369140625e+01,2.803287315368652344e+01
-8.848419952392578125e+01,2.803384971618652344e+01
-8.848352050781250000e+01,2.803185844421386719e+01
-8.848378753662109375e+01,2.803197288513183594e+01
-8.848528289794921875e+01,2.803139305114746094e+01
-8.848535919189453125e+01,2.803229522705078125e+01
-8.848381805419921875e+01,2.803270912170410156e+01
-8.848522949218750000e+01,2.803301429748535156e+01
-8.848556518554687500e+01,2.803313827514648438e+01
-8.848557281494140625e+01,2.803168678283691406e+01
-8.848510742187500000e+01,2.803214836120605469e+01
-8.848584747314453125e+01,2.803227424621582031e+01
-8.848521423339843750e+01,2.803211593627929688e+01
-8.848497772216796875e+01,2.803276824951171875e+01
-8.848576354980468750e+01,2.803218460083007812e+01
-8.848442840576171875e+01,2.803156280517578125e+01
-8.848476409912109375e+01,2.803202819824218750e+01
-8.848511505126953125e+01,2.803268623352050781e+01
-8.848444366455078125e+01,2.803190994262695312e+01
-8.848455810546875000e+01,2.803313827514648438e+01
-8.848455047607421875e+01,2.803295326232910156e+01
-8.848462677001953125e+01,2.803236198425292969e+01
-8.848492431640625000e+01,2.803271675109863281e+01
-8.848430633544921875e+01,2.803351402282714844e+01
-8.848484039306640625e+01,2.803207015991210938e+01
-8.848574066162109375e+01,2.803126525878906250e+01
-8.848481750488281250e+01,2.803335189819335938e+01
-8.848548126220703125e+01,2.803189468383789062e+01
-8.848507690429687500e+01,2.803242683410644531e+01
-8.848532104492187500e+01,2.803136062622070312e+01
-8.848529052734375000e+01,2.803327178955078125e+01
-8.848396301269531250e+01,2.803326225280761719e+01
-8.848298645019531250e+01,2.803243827819824219e+01
-8.848442840576171875e+01,2.803182029724121094e+01
-8.848554992675781250e+01,2.803275680541992188e+01
-8.848482513427734375e+01,2.803286361694335938e+01
-8.848484039306640625e+01,2.803217124938964844e+01
-8.848380279541015625e+01,2.803228378295898438e+01
-8.848331451416015625e+01,2.803335380554199219e+01
-8.848317718505859375e+01,2.803291130065917969e+01
-8.848477935791015625e+01,2.803185081481933594e+01
-8.848499298095703125e+01,2.803357696533203125e+01
-8.848571014404296875e+01,2.803159332275390625e+01
-8.848308563232421875e+01,2.803332901000976562e+01
-8.848367309570312500e+01,2.803268051147460938e+01
-8.848483276367187500e+01,2.803186798095703125e+01
-8.848515319824218750e+01,2.803201675415039062e+01
-8.848369598388671875e+01,2.803222465515136719e+01
-8.848387908935546875e+01,2.803253746032714844e+01
-8.848544311523437500e+01,2.803130340576171875e+01
-8.848574829101562500e+01,2.803177261352539062e+01
-8.848545837402343750e+01,2.803299331665039062e+01
-8.848501586914062500e+01,2.803266143798828125e+01
-8.848579406738281250e+01,2.803284645080566406e+01
-8.848520660400390625e+01,2.803150939941406250e+01
-8.848322296142578125e+01,2.803226280212402344e+01
-8.848500061035156250e+01,2.803200721740722656e+01
-8.848387908935546875e+01,2.803280448913574219e+01
-8.848408508300781250e+01,2.803349113464355469e+01
-8.848459625244140625e+01,2.803322029113769531e+01
-8.848456573486328125e+01,2.803164672851562500e+01
-8.848346710205078125e+01,2.803304481506347656e+01
-8.848423767089843750e+01,2.803384017944335938e+01
-8.848547363281250000e+01,2.803246688842773438e+01
-8.848366546630859375e+01,2.803238677978515625e+01
-8.848548126220703125e+01,2.803165817260742188e+01
-8.848408508300781250e+01,2.803234481811523438e+01
-8.848557281494140625e+01,2.803236961364746094e+01
-8.848492431640625000e+01,2.803275299072265625e+01
-8.848560333251953125e+01,2.803278923034667969e+01
-8.848332214355468750e+01,2.803341293334960938e+01
-8.848468780517578125e+01,2.803295898437500000e+01
-8.848548126220703125e+01,2.803331565856933594e+01
-8.848493194580078125e+01,2.803159713745117188e+01
-8.848336791992187500e+01,2.803345680236816406e+01
-8.848469543457031250e+01,2.803222846984863281e+01
-8.848583984375000000e+01,2.803169059753417969e+01
-8.848316955566406250e+01,2.803330039978027344e+01
-8.848302459716796875e+01,2.803364944458007812e+01
-8.848464965820312500e+01,2.803273200988769531e+01
-8.848577117919921875e+01,2.803151512145996094e+01
-8.848411560058593750e+01,2.803322029113769531e+01
-8.848533630371093750e+01,2.803191566467285156e+01
-8.848347473144531250e+01,2.803353691101074219e+01
-8.848348236083984375e+01,2.803310203552246094e+01
-8.848332214355468750e+01,2.803280448913574219e+01
-8.848517608642578125e+01,2.803249740600585938e+01
-8.848585510253906250e+01,2.803193664550781250e+01
-8.848577880859375000e+01,2.803234863281250000e+01
-8.848503875732421875e+01,2.803162384033203125e+01
-8.848484039306640625e+01,2.803216361999511719e+01
-8.848385620117187500e+01,2.803195762634277344e+01
-8.848393249511718750e+01,2.803219604492187500e+01
-8.848252868652343750e+01,2.803366279602050781e+01
-8.848243713378906250e+01,2.803302383422851562e+01
-8.848390960693359375e+01,2.803273582458496094e+01
-8.848487091064453125e+01,2.803341102600097656e+01
-8.848435211181640625e+01,2.803290367126464844e+01
-8.848410034179687500e+01,2.803209877014160156e+01
-8.848437500000000000e+01,2.803363609313964844e+01
-8.848485565185546875e+01,2.803343582153320312e+01
-8.848542785644531250e+01,2.803200531005859375e+01
-8.848554992675781250e+01,2.803300476074218750e+01
-8.848538208007812500e+01,2.803245925903320312e+01
-8.848534393310546875e+01,2.803135681152343750e+01
-8.848351287841796875e+01,2.803296852111816406e+01
-8.848326873779296875e+01,2.803290557861328125e+01
-8.848455047607421875e+01,2.803134727478027344e+01
-8.848565673828125000e+01,2.803211402893066406e+01
-8.848567199707031250e+01,2.803263854980468750e+01
-8.848593139648437500e+01,2.803140068054199219e+01
-8.848476409912109375e+01,2.803234863281250000e+01
-8.848445129394531250e+01,2.803139877319335938e+01
-8.848310852050781250e+01,2.803258895874023438e+01
-8.848532104492187500e+01,2.803136062622070312e+01
-8.848287963867187500e+01,2.803346061706542969e+01
-8.848503875732421875e+01,2.803118324279785156e+01
-8.848554229736328125e+01,2.803208541870117188e+01
-8.848503875732421875e+01,2.803281211853027344e+01
-8.848555755615234375e+01,2.803182792663574219e+01
-8.848497009277343750e+01,2.803245735168457031e+01
-8.848310089111328125e+01,2.803346633911132812e+01
-8.848419952392578125e+01,2.803237724304199219e+01
-8.848387908935546875e+01,2.803212547302246094e+01
-8.848582458496093750e+01,2.803229331970214844e+01
-8.848271942138671875e+01,2.803370857238769531e+01
-8.848288726806640625e+01,2.803313064575195312e+01
-8.848516845703125000e+01,2.803128814697265625e+01
-8.848399353027343750e+01,2.803272628784179688e+01
-8.848540496826171875e+01,2.803302955627441406e+01
-8.848550415039062500e+01,2.803189849853515625e+01
-8.848319244384765625e+01,2.803215789794921875e+01
-8.848533630371093750e+01,2.803291893005371094e+01
-8.848251342773437500e+01,2.803317451477050781e+01
-8.848483276367187500e+01,2.803190231323242188e+01
-8.848306274414062500e+01,2.803241348266601562e+01
-8.848451232910156250e+01,2.803237152099609375e+01
-8.848487854003906250e+01,2.803264617919921875e+01
-8.848516082763671875e+01,2.803200340270996094e+01
-8.848461914062500000e+01,2.803306388854980469e+01
-8.848355865478515625e+01,2.803261756896972656e+01
-8.848401641845703125e+01,2.803170204162597656e+01
-8.848252105712890625e+01,2.803353691101074219e+01
-8.848432922363281250e+01,2.803147315979003906e+01
-8.848338317871093750e+01,2.803344345092773438e+01
-8.848580932617187500e+01,2.803288841247558594e+01
-8.848253631591796875e+01,2.803300476074218750e+01
-8.848422241210937500e+01,2.803273200988769531e+01
-8.848488616943359375e+01,2.803269958496093750e+01
-8.848289489746093750e+01,2.803240203857421875e+01
-8.848520660400390625e+01,2.803189849853515625e+01
-8.848334503173828125e+01,2.803301239013671875e+01
-8.848331451416015625e+01,2.803209686279296875e+01
-8.848413848876953125e+01,2.803279495239257812e+01
-8.848505401611328125e+01,2.803112411499023438e+01
-8.848320770263671875e+01,2.803297996520996094e+01
-8.848362731933593750e+01,2.803333091735839844e+01
-8.848500823974609375e+01,2.803222846984863281e+01
-8.848328399658203125e+01,2.803296279907226562e+01
-8.848422241210937500e+01,2.803224182128906250e+01
-8.848391723632812500e+01,2.803170204162597656e+01
-8.848419189453125000e+01,2.803251838684082031e+01
-8.848540496826171875e+01,2.803228950500488281e+01
-8.848423767089843750e+01,2.803285789489746094e+01
-8.848453521728515625e+01,2.803326988220214844e+01
-8.848462677001953125e+01,2.803307151794433594e+01
-8.848397827148437500e+01,2.803171920776367188e+01
-8.848537445068359375e+01,2.803303718566894531e+01
-8.848361206054687500e+01,2.803197860717773438e+01
-8.848400115966796875e+01,2.803223228454589844e+01
-8.848458862304687500e+01,2.803242301940917969e+01
-8.848552703857421875e+01,2.803322982788085938e+01
-8.848532104492187500e+01,2.803129005432128906e+01
-8.848352813720703125e+01,2.803259086608886719e+01
-8.848567962646484375e+01,2.803293609619140625e+01
-8.848571777343750000e+01,2.803209495544433594e+01
-8.848409271240234375e+01,2.803171157836914062e+01
-8.848329162597656250e+01,2.803247642517089844e+01
-8.848342895507812500e+01,2.803259849548339844e+01
-8.848365020751953125e+01,2.803199386596679688e+01
-8.848342895507812500e+01,2.803252410888671875e+01
-8.848517608642578125e+01,2.803171157836914062e+01
-8.848452758789062500e+01,2.803295898437500000e+01
-8.848560333251953125e+01,2.803119087219238281e+01
-8.848368835449218750e+01,2.803355216979980469e+01
-8.848538208007812500e+01,2.803201866149902344e+01
-8.848496246337890625e+01,2.803172492980957031e+01
-8.848493194580078125e+01,2.803358840942382812e+01
-8.848449707031250000e+01,2.803342819213867188e+01
-8.848535919189453125e+01,2.803245925903320312e+01
-8.848484802246093750e+01,2.803329467773437500e+01
-8.848391723632812500e+01,2.803345680236816406e+01
-8.848386383056640625e+01,2.803299331665039062e+01
-8.848291015625000000e+01,2.803279304504394531e+01
-8.848423004150390625e+01,2.803196907043457031e+01
-8.848369598388671875e+01,2.803206062316894531e+01
-8.848481750488281250e+01,2.803211784362792969e+01
-8.848381805419921875e+01,2.803170585632324219e+01
-8.848548889160156250e+01,2.803223609924316406e+01
-8.848476409912109375e+01,2.803241157531738281e+01
-8.848398590087890625e+01,2.803178977966308594e+01
-8.848294067382812500e+01,2.803357887268066406e+01
-8.848309326171875000e+01,2.803350830078125000e+01
-8.848303985595703125e+01,2.803267288208007812e+01
-8.848332977294921875e+01,2.803249740600585938e+01
-8.848443603515625000e+01,2.803265571594238281e+01
-8.848317718505859375e+01,2.803235435485839844e+01
-8.848405456542968750e+01,2.803343582153320312e+01
-8.848416900634765625e+01,2.803152847290039062e+01
-8.848550415039062500e+01,2.803259849548339844e+01
-8.848372650146484375e+01,2.803354072570800781e+01
-8.848508453369140625e+01,2.803315544128417969e+01
-8.848482513427734375e+01,2.803340148925781250e+01
-8.848422241210937500e+01,2.803246498107910156e+01
-8.848579406738281250e+01,2.803137016296386719e+01
-8.848419189453125000e+01,2.803162956237792969e+01
-8.848339080810546875e+01,2.803318405151367188e+01
-8.848518371582031250e+01,2.803261947631835938e+01
-8.848546600341796875e+01,2.803207397460937500e+01
-8.848557281494140625e+01,2.803228569030761719e+01
-8.848413848876953125e+01,2.803230285644531250e+01
-8.848539733886718750e+01,2.803125572204589844e+01
-8.848452758789062500e+01,2.803230285644531250e+01
-8.848487854003906250e+01,2.803258323669433594e+01
-8.848420715332031250e+01,2.803240013122558594e+01
-8.848438262939453125e+01,2.803215026855468750e+01
-8.848389434814453125e+01,2.803313064575195312e+01
-8.848547363281250000e+01,2.803170394897460938e+01
-8.848394775390625000e+01,2.803253173828125000e+01
-8.848544311523437500e+01,2.803271484375000000e+01
-8.848540496826171875e+01,2.803242683410644531e+01
-8.848448944091796875e+01,2.803301429748535156e+01
-8.848513031005859375e+01,2.803185462951660156e+01
-8.848435211181640625e+01,2.803325653076171875e+01
-8.848410034179687500e+01,2.803342437744140625e+01
-8.848313140869140625e+01,2.803235816955566406e+01
-8.848237609863281250e+01,2.803330802917480469e+01
-8.848524475097656250e+01,2.803219604492187500e+01
-8.848336029052734375e+01,2.803219413757324219e+01
-8.848320770263671875e+01,2.803350830078125000e+01
-8.848490905761718750e+01,2.803246879577636719e+01
-8.848428344726562500e+01,2.803386688232421875e+01
-8.848518371582031250e+01,2.803253555297851562e+01
-8.848439788818359375e+01,2.803371620178222656e+01
-8.848553466796875000e+01,2.803164482116699219e+01
-8.848574066162109375e+01,2.803159713745117188e+01
-8.848384857177734375e+01,2.803302574157714844e+01
-8.848504638671875000e+01,2.803218841552734375e+01
-8.848354339599609375e+01,2.803333091735839844e+01
-8.848423004150390625e+01,2.803273391723632812e+01
-8.848265838623046875e+01,2.803284645080566406e+01
-8.848485565185546875e+01,2.803140449523925781e+01
-8.848518371582031250e+01,2.803215026855468750e+01
-8.848541259765625000e+01,2.803269195556640625e+01
-8.848281097412109375e+01,2.803342819213867188e+01
-8.848568725585937500e+01,2.803134346008300781e+01
-8.848343658447265625e+01,2.803286933898925781e+01
-8.848571777343750000e+01,2.803109931945800781e+01
-8.848317718505859375e+01,2.803259849548339844e+01
-8.848474121093750000e+01,2.803320693969726562e+01
-8.848533630371093750e+01,2.803319168090820312e+01
-8.848300170898437500e+01,2.803365135192871094e+01
-8.848571014404296875e+01,2.803109169006347656e+01
-8.848442077636718750e+01,2.803236579895019531e+01
-8.848407745361328125e+01,2.803322029113769531e+01
-8.848320007324218750e+01,2.803231811523437500e+01
-8.848548126220703125e+01,2.803160285949707031e+01
-8.848540496826171875e+01,2.803248405456542969e+01
-8.848480987548828125e+01,2.803362846374511719e+01
-8.848492431640625000e+01,2.803265571594238281e+01
-8.848265075683593750e+01,2.803333473205566406e+01
-8.848433685302734375e+01,2.803289222717285156e+01
-8.848416900634765625e+01,2.803202629089355469e+01
-8.848508453369140625e+01,2.803182983398437500e+01
-8.848461151123046875e+01,2.803173255920410156e+01
-8.848450469970703125e+01,2.803249740600585938e+01
-8.848319244384765625e+01,2.803289031982421875e+01
-8.848311614990234375e+01,2.803223419189453125e+01
-8.848435974121093750e+01,2.803326416015625000e+01
-8.848419189453125000e+01,2.803259658813476562e+01
-8.848370361328125000e+01,2.803342628479003906e+01
-8.848381042480468750e+01,2.803281211853027344e+01
-8.848497772216796875e+01,2.803217506408691406e+01
-8.848390960693359375e+01,2.803197860717773438e+01
-8.848526000976562500e+01,2.803145980834960938e+01
-8.848256683349609375e+01,2.803290557861328125e+01
-8.848317718505859375e+01,2.803249359130859375e+01
-8.848481750488281250e+01,2.803218269348144531e+01
-8.848530578613281250e+01,2.803326416015625000e+01
-8.848433685302734375e+01,2.803312110900878906e+01
-8.848466491699218750e+01,2.803330421447753906e+01
-8.848551940917968750e+01,2.803262329101562500e+01
-8.848566436767578125e+01,2.803196716308593750e+01
-8.848552703857421875e+01,2.803117561340332031e+01
-8.848461151123046875e+01,2.803304481506347656e+01
-8.848535156250000000e+01,2.803153800964355469e+01
-8.848294830322265625e+01,2.803335189819335938e+01
-8.848383331298828125e+01,2.803375816345214844e+01
-8.848400878906250000e+01,2.803209686279296875e+01
-8.848303985595703125e+01,2.803349304199218750e+01
-8.848531341552734375e+01,2.803232383728027344e+01
-8.848347473144531250e+01,2.803303527832031250e+01
-8.848508453369140625e+01,2.803167533874511719e+01
-8.848493957519531250e+01,2.803244018554687500e+01
-8.848466491699218750e+01,2.803188323974609375e+01
-8.848455810546875000e+01,2.803302001953125000e+01
-8.848410797119140625e+01,2.803168487548828125e+01
-8.848442840576171875e+01,2.803306007385253906e+01
-8.848540496826171875e+01,2.803320121765136719e+01
-8.848524475097656250e+01,2.803117942810058594e+01
-8.848487854003906250e+01,2.803155899047851562e+01
-8.848587036132812500e+01,2.803188133239746094e+01
-8.848374176025390625e+01,2.803306961059570312e+01
-8.848309326171875000e+01,2.803341293334960938e+01
-8.848387908935546875e+01,2.803285217285156250e+01
-8.848365783691406250e+01,2.803219604492187500e+01
-8.848589324951171875e+01,2.803181457519531250e+01
-8.848468780517578125e+01,2.803145599365234375e+01
-8.848287200927734375e+01,2.803287506103515625e+01
-8.848499298095703125e+01,2.803182601928710938e+01
-8.848387145996093750e+01,2.803330802917480469e+01
-8.848502349853515625e+01,2.803114509582519531e+01
-8.848336791992187500e+01,2.803247642517089844e+01
-8.848399353027343750e+01,2.803369522094726562e+01
-8.848367309570312500e+01,2.803318595886230469e+01
-8.848474884033203125e+01,2.803157615661621094e+01
-8.848434448242187500e+01,2.803365707397460938e+01
-8.848407745361328125e+01,2.803177833557128906e+01
-8.848567962646484375e+01,2.803241729736328125e+01
-8.848545837402343750e+01,2.803163146972656250e+01
-8.848562622070312500e+01,2.803186607360839844e+01
-8.848561859130859375e+01,2.803194236755371094e+01
-8.848511505126953125e+01,2.803166389465332031e+01
-8.848401641845703125e+01,2.803307151794433594e+01
-8.848459625244140625e+01,2.803354835510253906e+01
-8.848437500000000000e+01,2.803167343139648438e+01
-8.848472595214843750e+01,2.803326606750488281e+01
-8.848466491699218750e+01,2.803284263610839844e+01
-8.848571014404296875e+01,2.803254508972167969e+01
-8.848499298095703125e+01,2.803262901306152344e+01
-8.848419189453125000e+01,2.803366088867187500e+01
-8.848507690429687500e+01,2.803289604187011719e+01
-8.848300933837890625e+01,2.803361892700195312e+01
-8.848368835449218750e+01,2.803182029724121094e+01
-8.848525238037109375e+01,2.803192138671875000e+01
-8.848526000976562500e+01,2.803195190429687500e+01
-8.848549652099609375e+01,2.803130912780761719e+01
-8.848564147949218750e+01,2.803209304809570312e+01
-8.848393249511718750e+01,2.803367614746093750e+01
-8.848550415039062500e+01,2.803305816650390625e+01
-8.848374938964843750e+01,2.803166198730468750e+01
-8.848326110839843750e+01,2.803297424316406250e+01
-8.848519897460937500e+01,2.803197860717773438e+01
-8.848279571533203125e+01,2.803306770324707031e+01
-8.848357391357421875e+01,2.803243637084960938e+01
-8.848238372802734375e+01,2.803305816650390625e+01
-8.848242187500000000e+01,2.803333282470703125e+01
-8.848258972167968750e+01,2.803290176391601562e+01
-8.848542022705078125e+01,2.803146743774414062e+01
-8.848565673828125000e+01,2.803302001953125000e+01
-8.848270416259765625e+01,2.803296089172363281e+01
-8.848452758789062500e+01,2.803167533874511719e+01
-8.848442840576171875e+01,2.803251266479492188e+01
-8.848564910888671875e+01,2.803130149841308594e+01
-8.848471069335937500e+01,2.803191375732421875e+01
-8.848489379882812500e+01,2.803279113769531250e+01
-8.848562622070312500e+01,2.803286552429199219e+01
-8.848587036132812500e+01,2.803225898742675781e+01
-8.848280334472656250e+01,2.803276634216308594e+01
-8.848596191406250000e+01,2.803126525878906250e+01
-8.848398590087890625e+01,2.803370094299316406e+01
-8.848541259765625000e+01,2.803187179565429688e+01
-8.848545837402343750e+01,2.803265953063964844e+01
-8.848551177978515625e+01,2.803258132934570312e+01
-8.848379516601562500e+01,2.803317451477050781e+01
-8.848461151123046875e+01,2.803367424011230469e+01
-8.848297882080078125e+01,2.803262138366699219e+01
-8.848392486572265625e+01,2.803294372558593750e+01
-8.848373413085937500e+01,2.803283309936523438e+01
-8.848563385009765625e+01,2.803178405761718750e+01
-8.848405456542968750e+01,2.803166961669921875e+01
-8.848528289794921875e+01,2.803172492980957031e+01
-8.848407745361328125e+01,2.803194808959960938e+01
-8.848522949218750000e+01,2.803282356262207031e+01
-8.848412322998046875e+01,2.803220558166503906e+01
-8.848423004150390625e+01,2.803393936157226562e+01
-8.848252868652343750e+01,2.803307533264160156e+01
-8.848259735107421875e+01,2.803329849243164062e+01
-8.848419189453125000e+01,2.803312492370605469e+01
-8.848439788818359375e+01,2.803263664245605469e+01
-8.848500823974609375e+01,2.803277206420898438e+01
-8.848496246337890625e+01,2.803263282775878906e+01
-8.848420715332031250e+01,2.803236961364746094e+01
-8.848471832275390625e+01,2.803203964233398438e+01
-8.848442077636718750e+01,2.803275108337402344e+01
-8.848498535156250000e+01,2.803167152404785156e+01
-8.848543548583984375e+01,2.803287887573242188e+01
-8.848342895507812500e+01,2.803346443176269531e+01
-8.848419189453125000e+01,2.803222656250000000e+01
-8.848458862304687500e+01,2.803211021423339844e+01
-8.848544311523437500e+01,2.803178787231445312e+01
-8.848406982421875000e+01,2.803180122375488281e+01
-8.848334503173828125e+01,2.803210449218750000e+01
-8.848445129394531250e+01,2.803251457214355469e+01
-8.848441314697265625e+01,2.803330421447753906e+01
-8.848555755615234375e+01,2.803297996520996094e+01
-8.848480987548828125e+01,2.803335189819335938e+01
-8.848398590087890625e+01,2.803230094909667969e+01
-8.848293304443359375e+01,2.803339576721191406e+01
-8.848517608642578125e+01,2.803211975097656250e+01
-8.848376464843750000e+01,2.803219604492187500e+01
-8.848345947265625000e+01,2.803278923034667969e+01
-8.848454284667968750e+01,2.803185272216796875e+01
-8.848533630371093750e+01,2.803140640258789062e+01
-8.848287963867187500e+01,2.803232002258300781e+01
-8.848459625244140625e+01,2.803293800354003906e+01
-8.848416900634765625e+01,2.803378868103027344e+01
-8.848262023925781250e+01,2.803361892700195312e+01
-8.848404693603515625e+01,2.803282928466796875e+01
-8.848264312744140625e+01,2.803274345397949219e+01
-8.848460388183593750e+01,2.803183937072753906e+01
-8.848566436767578125e+01,2.803254699707031250e+01
-8.848310089111328125e+01,2.803295135498046875e+01
-8.848487854003906250e+01,2.803163909912109375e+01
-8.848547363281250000e+01,2.803217697143554688e+01
-8.848276519775390625e+01,2.803291893005371094e+01
-8.848419189453125000e+01,2.803231239318847656e+01
-8.848535156250000000e+01,2.803205108642578125e+01
-8.848453521728515625e+01,2.803370475769042969e+01
-8.848572540283203125e+01,2.803253746032714844e+01
-8.848355102539062500e+01,2.803185462951660156e+01
-8.848285675048828125e+01,2.803306961059570312e+01
-8.848557281494140625e+01,2.803264808654785156e+01
-8.848459625244140625e+01,2.803219223022460938e+01
-8.848297119140625000e+01,2.803245735168457031e+01
-8.848548126220703125e+01,2.803124618530273438e+01
-8.848507690429687500e+01,2.803309631347656250e+01
-8.848317718505859375e+01,2.803350639343261719e+01
-8.848455047607421875e+01,2.803170776367187500e+01
-8.848369598388671875e+01,2.803358650207519531e+01
-8.848458099365234375e+01,2.803267669677734375e+01
-8.848345947265625000e+01,2.803263092041015625e+01
-8.848461151123046875e+01,2.803229904174804688e+01
-8.848268890380859375e+01,2.803358078002929688e+01
-8.848252105712890625e+01,2.803351020812988281e+01
-8.848363494873046875e+01,2.803273773193359375e+01
-8.848298645019531250e+01,2.803320503234863281e+01
-8.848285675048828125e+01,2.803234863281250000e+01
-8.848431396484375000e+01,2.803334999084472656e+01
-8.848461914062500000e+01,2.803232765197753906e+01
-8.848448181152343750e+01,2.803317260742187500e+01
-8.848295593261718750e+01,2.803275489807128906e+01
-8.848480224609375000e+01,2.803224563598632812e+01
-8.848518371582031250e+01,2.803305625915527344e+01
-8.848455047607421875e+01,2.803199577331542969e+01
-8.848532867431640625e+01,2.803326988220214844e+01
-8.848303222656250000e+01,2.803264808654785156e+01
-8.848446655273437500e+01,2.803306770324707031e+01
-8.848474884033203125e+01,2.803173065185546875e+01
-8.848532104492187500e+01,2.803122329711914062e+01
-8.848592376708984375e+01,2.803155517578125000e+01
-8.848300170898437500e+01,2.803325080871582031e+01
-8.848336791992187500e+01,2.803352546691894531e+01
-8.848388671875000000e+01,2.803192138671875000e+01
-8.848326110839843750e+01,2.803331375122070312e+01
-8.848429870605468750e+01,2.803185081481933594e+01
-8.848352050781250000e+01,2.803318214416503906e+01
-8.848291015625000000e+01,2.803246307373046875e+01
-8.848289489746093750e+01,2.803330612182617188e+01
-8.848374176025390625e+01,2.803282928466796875e+01
-8.848567962646484375e+01,2.803144645690917969e+01
-8.848236846923828125e+01,2.803324508666992188e+01
-8.848572540283203125e+01,2.803216743469238281e+01
-8.848501586914062500e+01,2.803139305114746094e+01
-8.848421478271484375e+01,2.803290557861328125e+01
-8.848520660400390625e+01,2.803310966491699219e+01
-8.848274230957031250e+01,2.803328895568847656e+01
-8.848570251464843750e+01,2.803227996826171875e+01
-8.848493957519531250e+01,2.803359603881835938e+01
-8.848516845703125000e+01,2.803314208984375000e+01
-8.848419189453125000e+01,2.803149414062500000e+01
-8.848561859130859375e+01,2.803198242187500000e+01
-8.848430633544921875e+01,2.803189659118652344e+01
-8.848396301269531250e+01,2.803291893005371094e+01
-8.848397064208984375e+01,2.803352546691894531e+01
-8.848501586914062500e+01,2.803159141540527344e+01
-8.848254394531250000e+01,2.803347396850585938e+01
-8.848355102539062500e+01,2.803182029724121094e+01
-8.848256683349609375e+01,2.803305244445800781e+01
-8.848259735107421875e+01,2.803273963928222656e+01
-8.848575592041015625e+01,2.803103065490722656e+01
-8.848514556884765625e+01,2.803129577636718750e+01
-8.848258972167968750e+01,2.803301620483398438e+01
-8.848426818847656250e+01,2.803195953369140625e+01
-8.848316955566406250e+01,2.803347015380859375e+01
-8.848379516601562500e+01,2.803348922729492188e+01
-8.848386383056640625e+01,2.803247833251953125e+01
-8.848509216308593750e+01,2.803117942810058594e+01
-8.848340606689453125e+01,2.803320312500000000e+01
-8.848374176025390625e+01,2.803234863281250000e+01
-8.848486328125000000e+01,2.803259849548339844e+01
-8.848331451416015625e+01,2.803233528137207031e+01
-8.848487854003906250e+01,2.803367996215820312e+01
-8.848390197753906250e+01,2.803199768066406250e+01
-8.848458862304687500e+01,2.803368568420410156e+01
-8.848405456542968750e+01,2.803256034851074219e+01
-8.848371124267578125e+01,2.803358078002929688e+01
-8.848294830322265625e+01,2.803316497802734375e+01
-8.848397064208984375e+01,2.803270339965820312e+01
-8.848568725585937500e+01,2.803241157531738281e+01
-8.848231506347656250e+01,2.803323745727539062e+01
-8.848404693603515625e+01,2.803233337402343750e+01
-8.848468017578125000e+01,2.803337097167968750e+01
-8.848285675048828125e+01,2.803345680236816406e+01
-8.848562622070312500e+01,2.803264236450195312e+01
-8.848293304443359375e+01,2.803293800354003906e+01
-8.848549652099609375e+01,2.803194999694824219e+01
-8.848376464843750000e+01,2.803351974487304688e+01
-8.848569488525390625e+01,2.803188133239746094e+01
-8.848412322998046875e+01,2.803382682800292969e+01
-8.848538208007812500e+01,2.803130531311035156e+01
-8.848429107666015625e+01,2.803202438354492188e+01
-8.848282623291015625e+01,2.803320312500000000e+01
-8.848317718505859375e+01,2.803285408020019531e+01
-8.848299407958984375e+01,2.803269386291503906e+01
-8.848567962646484375e+01,2.803261756896972656e+01
-8.848534393310546875e+01,2.803149414062500000e+01
-8.848425292968750000e+01,2.803335952758789062e+01
-8.848438262939453125e+01,2.803280830383300781e+01
-8.848532867431640625e+01,2.803198242187500000e+01
-8.848545074462890625e+01,2.803137397766113281e+01
-8.848513793945312500e+01,2.803163146972656250e+01
-8.848272705078125000e+01,2.803374671936035156e+01
-8.848415374755859375e+01,2.803199768066406250e+01
-8.848522949218750000e+01,2.803132247924804688e+01
-8.848507690429687500e+01,2.803276634216308594e+01
-8.848578643798828125e+01,2.803102302551269531e+01
-8.848464202880859375e+01,2.803267860412597656e+01
-8.848379516601562500e+01,2.803194427490234375e+01
-8.848494720458984375e+01,2.803276443481445312e+01
-8.848546600341796875e+01,2.803132820129394531e+01
-8.848337554931640625e+01,2.803225898742675781e+01
-8.848482513427734375e+01,2.803302383422851562e+01
-8.848545074462890625e+01,2.803280448913574219e+01
-8.848323822021484375e+01,2.803205871582031250e+01
-8.848271179199218750e+01,2.803284072875976562e+01
-8.848435974121093750e+01,2.803182792663574219e+01
-8.848541259765625000e+01,2.803129577636718750e+01
-8.848516082763671875e+01,2.803169441223144531e+01
-8.848580932617187500e+01,2.803251075744628906e+01
-8.848541259765625000e+01,2.803167343139648438e+01
-8.848588562011718750e+01,2.803172111511230469e+01
-8.848567199707031250e+01,2.803189468383789062e+01
-8.848444366455078125e+01,2.803151893615722656e+01
-8.848280334472656250e+01,2.803363800048828125e+01
-8.848513793945312500e+01,2.803348541259765625e+01
-8.848287963867187500e+01,2.803270912170410156e+01
-8.848239135742187500e+01,2.803298759460449219e+01
-8.848435974121093750e+01,2.803173637390136719e+01
-8.848378753662109375e+01,2.803236579895019531e+01
-8.848327636718750000e+01,2.803288459777832031e+01
-8.848508453369140625e+01,2.803355407714843750e+01
-8.848499298095703125e+01,2.803235244750976562e+01
-8.848393249511718750e+01,2.803246879577636719e+01
-8.848358154296875000e+01,2.803188705444335938e+01
-8.848483276367187500e+01,2.803258705139160156e+01
-8.848540496826171875e+01,2.803134346008300781e+01
-8.848509216308593750e+01,2.803339004516601562e+01
-8.848250579833984375e+01,2.803326797485351562e+01
-8.848322296142578125e+01,2.803290748596191406e+01
-8.848352813720703125e+01,2.803189277648925781e+01
-8.848510742187500000e+01,2.803225135803222656e+01
-8.848263549804687500e+01,2.803265953063964844e+01
-8.848318481445312500e+01,2.803308105468750000e+01
-8.848533630371093750e+01,2.803123664855957031e+01
-8.848442077636718750e+01,2.803300666809082031e+01
-8.848447418212890625e+01,2.803379058837890625e+01
-8.848318481445312500e+01,2.803323936462402344e+01
-8.848511505126953125e+01,2.803142547607421875e+01
-8.848419189453125000e+01,2.803257751464843750e+01
-8.848480224609375000e+01,2.803165435791015625e+01
-8.848586273193359375e+01,2.803142738342285156e+01
-8.848396301269531250e+01,2.803175544738769531e+01
-8.848548126220703125e+01,2.803237724304199219e+01
-8.848464965820312500e+01,2.803185081481933594e+01
-8.848497009277343750e+01,2.803324508666992188e+01
-8.848387145996093750e+01,2.803299522399902344e+01
-8.848531341552734375e+01,2.803228378295898438e+01
-8.848416137695312500e+01,2.803365135192871094e+01
-8.848239135742187500e+01,2.803302574157714844e+01
-8.848430633544921875e+01,2.803325653076171875e+01
-8.848490142822265625e+01,2.803354072570800781e+01
-8.848419189453125000e+01,2.803318023681640625e+01
-8.848559570312500000e+01,2.803133773803710938e+01
-8.848445129394531250e+01,2.803248023986816406e+01
-8.848561096191406250e+01,2.803217887878417969e+01
-8.848375701904296875e+01,2.803243637084960938e+01
-8.848368835449218750e+01,2.803179931640625000e+01
-8.848582458496093750e+01,2.803148460388183594e+01
-8.848486328125000000e+01,2.803161621093750000e+01
-8.848348236083984375e+01,2.803244400024414062e+01
-8.848442840576171875e+01,2.803382492065429688e+01
-8.848423004150390625e+01,2.803242492675781250e+01
-8.848483276367187500e+01,2.803297233581542969e+01
-8.848400878906250000e+01,2.803342247009277344e+01
-8.848368072509765625e+01,2.803301620483398438e+01
-8.848477172851562500e+01,2.803210258483886719e+01
-8.848303222656250000e+01,2.803321456909179688e+01
-8.848410034179687500e+01,2.803356170654296875e+01
-8.848358154296875000e+01,2.803214454650878906e+01
-8.848352813720703125e+01,2.803237915039062500e+01
-8.848541259765625000e+01,2.803222084045410156e+01
-8.848555755615234375e+01,2.803158950805664062e+01
-8.848457336425781250e+01,2.803302383422851562e+01
-8.848485565185546875e+01,2.803166580200195312e+01
-8.848595428466796875e+01,2.803123092651367188e+01
-8.848574066162109375e+01,2.803273391723632812e+01
-8.848382568359375000e+01,2.803185653686523438e+01
-8.848496246337890625e+01,2.803234100341796875e+01
-8.848481750488281250e+01,2.803252983093261719e+01
-8.848446655273437500e+01,2.803162765502929688e+01
-8.848406982421875000e+01,2.803355979919433594e+01
-8.848370361328125000e+01,2.803252983093261719e+01
-8.848437500000000000e+01,2.803296852111816406e+01
-8.848445129394531250e+01,2.803193855285644531e+01
-8.848493957519531250e+01,2.803201866149902344e+01
-8.848577117919921875e+01,2.803262138366699219e+01
-8.848409271240234375e+01,2.803391456604003906e+01
-8.848461151123046875e+01,2.803315734863281250e+01
-8.848432922363281250e+01,2.803311729431152344e+01
-8.848354339599609375e+01,2.803303146362304688e+01
-8.848267364501953125e+01,2.803300857543945312e+01
-8.848339080810546875e+01,2.803228569030761719e+01
-8.848455047607421875e+01,2.803237533569335938e+01
-8.848503875732421875e+01,2.803255271911621094e+01
-8.848450469970703125e+01,2.803372383117675781e+01
-8.848332977294921875e+01,2.803347587585449219e+01
-8.848558044433593750e+01,2.803117370605468750e+01
-8.848491668701171875e+01,2.803244018554687500e+01
-8.848292541503906250e+01,2.803289413452148438e+01
-8.848464965820312500e+01,2.803215026855468750e+01
-8.848346710205078125e+01,2.803275871276855469e+01
-8.848236083984375000e+01,2.803325843811035156e+01
-8.848365783691406250e+01,2.803234481811523438e+01
-8.848375701904296875e+01,2.803169441223144531e+01
-8.848580932617187500e+01,2.803172302246093750e+01
-8.848574066162109375e+01,2.803170013427734375e+01
-8.848451995849609375e+01,2.803152656555175781e+01
-8.848365020751953125e+01,2.803190803527832031e+01
-8.848439788818359375e+01,2.803162574768066406e+01
-8.848400878906250000e+01,2.803263664245605469e+01
-8.848458099365234375e+01,2.803327560424804688e+01
-8.848236846923828125e+01,2.803316497802734375e+01
-8.848547363281250000e+01,2.803244209289550781e+01
-8.848292541503906250e+01,2.803350448608398438e+01
-8.848329925537109375e+01,2.803240776062011719e+01
-8.848593139648437500e+01,2.803146171569824219e+01
-8.848370361328125000e+01,2.803209304809570312e+01
-8.848337554931640625e+01,2.803237915039062500e+01
-8.848534393310546875e+01,2.803294372558593750e+01
-8.848252105712890625e+01,2.803314208984375000e+01
-8.848477172851562500e+01,2.803301811218261719e+01
-8.848403167724609375e+01,2.803314208984375000e+01
-8.848354339599609375e+01,2.803243064880371094e+01
-8.848479461669921875e+01,2.803255844116210938e+01
-8.848448944091796875e+01,2.803216743469238281e+01
-8.848419189453125000e+01,2.803236389160156250e+01
-8.848249053955078125e+01,2.803292274475097656e+01
-8.848556518554687500e+01,2.803187179565429688e+01
-8.848576354980468750e+01,2.803247642517089844e+01
-8.848466491699218750e+01,2.803134918212890625e+01
-8.848397064208984375e+01,2.803312683105468750e+01
-8.848475646972656250e+01,2.803141784667968750e+01
-8.848276519775390625e+01,2.803298568725585938e+01
-8.848441314697265625e+01,2.803181838989257812e+01
-8.848389434814453125e+01,2.803228950500488281e+01
-8.848274993896484375e+01,2.803279304504394531e+01
-8.848555755615234375e+01,2.803263473510742188e+01
-8.848313903808593750e+01,2.803374862670898438e+01
-8.848475646972656250e+01,2.803283309936523438e+01
-8.848455810546875000e+01,2.803151130676269531e+01
-8.848516082763671875e+01,2.803190803527832031e+01
-8.848367309570312500e+01,2.803207206726074219e+01
-8.848352050781250000e+01,2.803250694274902344e+01
-8.848423004150390625e+01,2.803355979919433594e+01
-8.848511505126953125e+01,2.803344726562500000e+01
-8.848234558105468750e+01,2.803311157226562500e+01
-8.848482513427734375e+01,2.803345489501953125e+01
-8.848526000976562500e+01,2.803225708007812500e+01
-8.848296356201171875e+01,2.803275108337402344e+01
-8.848554992675781250e+01,2.803183746337890625e+01
-8.848532104492187500e+01,2.803148269653320312e+01
-8.848431396484375000e+01,2.803343963623046875e+01
-8.848473358154296875e+01,2.803274536132812500e+01
-8.848262786865234375e+01,2.803331756591796875e+01
-8.848419952392578125e+01,2.803287315368652344e+01
-8.848350524902343750e+01,2.803334236145019531e+01
-8.848247528076171875e+01,2.803320693969726562e+01
-8.848369598388671875e+01,2.803317832946777344e+01
-8.848352050781250000e+01,2.803240585327148438e+01
-8.848455810546875000e+01,2.803270721435546875e+01
-8.848486328125000000e+01,2.803357505798339844e+01
-8.848339843750000000e+01,2.803202629089355469e+01
-8.848515319824218750e+01,2.803296279907226562e+01
-8.848397064208984375e+01,2.803242492675781250e+01
-8.848270416259765625e+01,2.803374099731445312e+01
-8.848464202880859375e+01,2.803247070312500000e+01
-8.848464965820312500e+01,2.803203582763671875e+01
-8.848553466796875000e+01,2.803151893615722656e+01
-8.848415374755859375e+01,2.803190994262695312e+01
-8.848553466796875000e+01,2.803225135803222656e+01
-8.848307037353515625e+01,2.803274345397949219e+01
-8.848472595214843750e+01,2.803207969665527344e+01
-8.848410797119140625e+01,2.803367614746093750e+01
-8.848435211181640625e+01,2.803380012512207031e+01
-8.848426055908203125e+01,2.803229904174804688e+01
-8.848322296142578125e+01,2.803339767456054688e+01
-8.848466491699218750e+01,2.803257942199707031e+01
-8.848530578613281250e+01,2.803150749206542969e+01
-8.848493957519531250e+01,2.803151321411132812e+01
-8.848285675048828125e+01,2.803291130065917969e+01
-8.848387145996093750e+01,2.803218650817871094e+01
-8.848576354980468750e+01,2.803105163574218750e+01
-8.848412322998046875e+01,2.803305435180664062e+01
-8.848453521728515625e+01,2.803277206420898438e+01
-8.848580932617187500e+01,2.803248786926269531e+01
-8.848293304443359375e+01,2.803326988220214844e+01
-8.848577117919921875e+01,2.803217315673828125e+01
-8.848310089111328125e+01,2.803358078002929688e+01
-8.848458099365234375e+01,2.803154945373535156e+01
-8.848413085937500000e+01,2.803233146667480469e+01
-8.848419189453125000e+01,2.803308677673339844e+01
-8.848460388183593750e+01,2.803298568725585938e+01
-8.848558044433593750e+01,2.803309249877929688e+01
-8.848398590087890625e+01,2.803343009948730469e+01
-8.848577880859375000e+01,2.803160476684570312e+01
-8.848506927490234375e+01,2.803121566772460938e+01
-8.848537445068359375e+01,2.803339195251464844e+01
-8.848375701904296875e+01,2.803301620483398438e+01
-8.848526763916015625e+01,2.803333091735839844e+01
-8.848558807373046875e+01,2.803248977661132812e+01
-8.848431396484375000e+01,2.803221130371093750e+01
-8.848486328125000000e+01,2.803220748901367188e+01
-8.848564910888671875e+01,2.803281402587890625e+01
-8.848339843750000000e+01,2.803328704833984375e+01
-8.848258972167968750e+01,2.803296852111816406e+01
-8.848506927490234375e+01,2.803304100036621094e+01
-8.848406219482421875e+01,2.803174018859863281e+01
-8.848583221435546875e+01,2.803264045715332031e+01
-8.848476409912109375e+01,2.803176116943359375e+01
-8.848253631591796875e+01,2.803328323364257812e+01
-8.848330688476562500e+01,2.803359413146972656e+01
-8.848421478271484375e+01,2.803158569335937500e+01
-8.848492431640625000e+01,2.803285408020019531e+01
-8.848476409912109375e+01,2.803162384033203125e+01
-8.848447418212890625e+01,2.803161239624023438e+01
-8.848440551757812500e+01,2.803151321411132812e+01
-8.848570251464843750e+01,2.803264045715332031e+01
-8.848490142822265625e+01,2.803370285034179688e+01
-8.848447418212890625e+01,2.803272247314453125e+01
-8.848365020751953125e+01,2.803346252441406250e+01
-8.848372650146484375e+01,2.803309822082519531e+01
-8.848552703857421875e+01,2.803127861022949219e+01
-8.848388671875000000e+01,2.803320503234863281e+01
-8.848507690429687500e+01,2.803110694885253906e+01
-8.848315429687500000e+01,2.803290176391601562e+01
-8.848303222656250000e+01,2.803338241577148438e+01
-8.848322296142578125e+01,2.803286170959472656e+01
-8.848464965820312500e+01,2.803180122375488281e+01
-8.848513031005859375e+01,2.803255081176757812e+01
-8.848349761962890625e+01,2.803264617919921875e+01
-8.848381805419921875e+01,2.803298568725585938e+01
-8.848533630371093750e+01,2.803173637390136719e+01
-8.848361968994140625e+01,2.803252792358398438e+01
-8.848444366455078125e+01,2.803285408020019531e+01
-8.848526000976562500e+01,2.803226280212402344e+01
-8.848283386230468750e+01,2.803352355957031250e+01
-8.848416137695312500e+01,2.803238296508789062e+01
-8.848445129394531250e+01,2.803318595886230469e+01
-8.848527526855468750e+01,2.803229522705078125e+01
-8.848497772216796875e+01,2.803321075439453125e+01
-8.848561859130859375e+01,2.803128814697265625e+01
-8.848310089111328125e+01,2.803271484375000000e+01
-8.848486328125000000e+01,2.803264999389648438e+01
-8.848427581787109375e+01,2.803317642211914062e+01
-8.848531341552734375e+01,2.803145980834960938e+01
-8.848351287841796875e+01,2.803287124633789062e+01
-8.848387908935546875e+01,2.803190422058105469e+01
-8.848561096191406250e+01,2.803274917602539062e+01
-8.848517608642578125e+01,2.803187942504882812e+01
-8.848388671875000000e+01,2.803325843811035156e+01
-8.848444366455078125e+01,2.803309440612792969e+01
-8.848399353027343750e+01,2.803272438049316406e+01
-8.848264312744140625e+01,2.803284072875976562e+01
-8.848439788818359375e+01,2.803373718261718750e+01
-8.848593139648437500e+01,2.803174209594726562e+01
-8.848282623291015625e+01,2.803252601623535156e+01
-8.848444366455078125e+01,2.803390502929687500e+01
-8.848495483398437500e+01,2.803329849243164062e+01
-8.848372650146484375e+01,2.803270149230957031e+01
-8.848360443115234375e+01,2.803297042846679688e+01
-8.848482513427734375e+01,2.803146743774414062e+01
-8.848502349853515625e+01,2.803145790100097656e+01
-8.848504638671875000e+01,2.803188896179199219e+01
-8.848470306396484375e+01,2.803156471252441406e+01
-8.848394012451171875e+01,2.803153228759765625e+01
-8.848382568359375000e+01,2.803374481201171875e+01
-8.848532867431640625e+01,2.803335380554199219e+01
-8.848589324951171875e+01,2.803128051757812500e+01
-8.848361968994140625e+01,2.803327369689941406e+01
-8.848477172851562500e+01,2.803165626525878906e+01
-8.848549652099609375e+01,2.803221511840820312e+01
-8.848371124267578125e+01,2.803316879272460938e+01
-8.848412322998046875e+01,2.803238487243652344e+01
-8.848463439941406250e+01,2.803337097167968750e+01
-8.848362731933593750e+01,2.803333091735839844e+01
-8.848406982421875000e+01,2.803228950500488281e+01
-8.848232269287109375e+01,2.803326606750488281e+01
-8.848534393310546875e+01,2.803185272216796875e+01
-8.848539733886718750e+01,2.803186607360839844e+01
-8.848533630371093750e+01,2.803217506408691406e+01
-8.848539733886718750e+01,2.803274345397949219e+01
-8.848461914062500000e+01,2.803247642517089844e+01
-8.848484039306640625e+01,2.803260231018066406e+01
-8.848466491699218750e+01,2.803374671936035156e+01
-8.848448181152343750e+01,2.803178405761718750e+01
-8.848410034179687500e+01,2.803293418884277344e+01
-8.848332977294921875e+01,2.803313255310058594e+01
-8.848368835449218750e+01,2.803230094909667969e+01
-8.848403930664062500e+01,2.803183555603027344e+01
-8.848570251464843750e+01,2.803272056579589844e+01
-8.848519897460937500e+01,2.803295898437500000e+01
-8.848516845703125000e+01,2.803287315368652344e+01
-8.848337554931640625e+01,2.803299522399902344e+01
-8.848420715332031250e+01,2.803390121459960938e+01
-8.848444366455078125e+01,2.803281784057617188e+01
-8.848379516601562500e+01,2.803260040283203125e+01
-8.848584747314453125e+01,2.803215599060058594e+01
-8.848268890380859375e+01,2.803323364257812500e+01
-8.848317718505859375e+01,2.803343391418457031e+01
-8.848560333251953125e+01,2.803123283386230469e+01
-8.848521423339843750e+01,2.803239822387695312e+01
-8.848530578613281250e+01,2.803311729431152344e+01
-8.848414611816406250e+01,2.803204345703125000e+01
-8.848412322998046875e+01,2.803214645385742188e+01
-8.848426818847656250e+01,2.803391075134277344e+01
-8.848348999023437500e+01,2.803324127197265625e+01
-8.848525238037109375e+01,2.803125572204589844e+01
-8.848397064208984375e+01,2.803352165222167969e+01
-8.848547363281250000e+01,2.803265762329101562e+01
-8.848529052734375000e+01,2.803215599060058594e+01
-8.848442840576171875e+01,2.803360176086425781e+01
-8.848529815673828125e+01,2.803195762634277344e+01
-8.848561096191406250e+01,2.803142356872558594e+01
-8.848506164550781250e+01,2.803266143798828125e+01
-8.848500823974609375e+01,2.803253555297851562e+01
-8.848429870605468750e+01,2.803280067443847656e+01
-8.848545074462890625e+01,2.803206062316894531e+01
-8.848488616943359375e+01,2.803365516662597656e+01
-8.848335266113281250e+01,2.803274726867675781e+01
-8.848443603515625000e+01,2.803342628479003906e+01
-8.848503112792968750e+01,2.803361320495605469e+01
-8.848314666748046875e+01,2.803285217285156250e+01
-8.848397064208984375e+01,2.803301048278808594e+01
-8.848403930664062500e+01,2.803280639648437500e+01
-8.848513031005859375e+01,2.803300094604492188e+01
-8.848236083984375000e+01,2.803344535827636719e+01
-8.848459625244140625e+01,2.803373336791992188e+01
-8.848519134521484375e+01,2.803249168395996094e+01
-8.848381805419921875e+01,2.803347969055175781e+01
-8.848377990722656250e+01,2.803240585327148438e+01
-8.848336029052734375e+01,2.803251457214355469e+01
-8.848440551757812500e+01,2.803241348266601562e+01
-8.848583221435546875e+01,2.803266906738281250e+01
-8.848261260986328125e+01,2.803289222717285156e+01
-8.848325347900390625e+01,2.803218460083007812e+01
-8.848579406738281250e+01,2.803290939331054688e+01
-8.848422241210937500e+01,2.803347015380859375e+01
-8.848400878906250000e+01,2.803247451782226562e+01
-8.848525238037109375e+01,2.803212738037109375e+01
-8.848269653320312500e+01,2.803308296203613281e+01
-8.848403167724609375e+01,2.803285598754882812e+01
-8.848534393310546875e+01,2.803179931640625000e+01
-8.848291778564453125e+01,2.803262710571289062e+01
-8.848358154296875000e+01,2.803264045715332031e+01
-8.848235321044921875e+01,2.803302192687988281e+01
-8.848452758789062500e+01,2.803170394897460938e+01
-8.848529052734375000e+01,2.803283119201660156e+01
-8.848265075683593750e+01,2.803367805480957031e+01
-8.848523712158203125e+01,2.803300285339355469e+01
-8.848371887207031250e+01,2.803286361694335938e+01
-8.848532867431640625e+01,2.803207588195800781e+01
-8.848516082763671875e+01,2.803309249877929688e+01
-8.848540496826171875e+01,2.803212165832519531e+01
-8.848419952392578125e+01,2.803370094299316406e+01
-8.848558044433593750e+01,2.803162574768066406e+01
-8.848310089111328125e+01,2.803238677978515625e+01
-8.848522949218750000e+01,2.803256797790527344e+01
-8.848570251464843750e+01,2.803266906738281250e+01
-8.848538970947265625e+01,2.803226470947265625e+01
-8.848383331298828125e+01,2.803206253051757812e+01
-8.848451995849609375e+01,2.803332328796386719e+01
-8.848374176025390625e+01,2.803179168701171875e+01
-8.848297882080078125e+01,2.803252029418945312e+01
-8.848343658447265625e+01,2.803294372558593750e+01
-8.848460388183593750e+01,2.803234291076660156e+01
-8.848423767089843750e+01,2.803351974487304688e+01
-8.848434448242187500e+01,2.803157424926757812e+01
-8.848342895507812500e+01,2.803334236145019531e+01
-8.848429107666015625e+01,2.803180694580078125e+01
-8.848592376708984375e+01,2.803145980834960938e+01
-8.848332214355468750e+01,2.803289413452148438e+01
-8.848280334472656250e+01,2.803363227844238281e+01
-8.848445129394531250e+01,2.803184509277343750e+01
-8.848535919189453125e+01,2.803186798095703125e+01
-8.848403167724609375e+01,2.803220748901367188e+01
-8.848545837402343750e+01,2.803235626220703125e+01
-8.848580169677734375e+01,2.803249549865722656e+01
-8.848550415039062500e+01,2.803287315368652344e+01
-8.848353576660156250e+01,2.803186416625976562e+01
-8.848287200927734375e+01,2.803302001953125000e+01
-8.848423767089843750e+01,2.803156852722167969e+01
-8.848315429687500000e+01,2.803234291076660156e+01
-8.848448944091796875e+01,2.803166961669921875e+01
-8.848327636718750000e+01,2.803297424316406250e+01
-8.848480224609375000e+01,2.803312492370605469e+01
-8.848367309570312500e+01,2.803330802917480469e+01
-8.848397827148437500e+01,2.803305244445800781e+01
-8.848503112792968750e+01,2.803127479553222656e+01
-8.848576354980468750e+01,2.803174209594726562e+01
-8.848331451416015625e+01,2.803266143798828125e+01
-8.848419189453125000e+01,2.803312301635742188e+01
-8.848451995849609375e+01,2.803139305114746094e+01
-8.848532104492187500e+01,2.803304100036621094e+01
-8.848284149169921875e+01,2.803239250183105469e+01
-8.848480224609375000e+01,2.803307914733886719e+01
-8.848355102539062500e+01,2.803189659118652344e+01
-8.848484039306640625e+01,2.803141212463378906e+01
-8.848430633544921875e+01,2.803265762329101562e+01
-8.848451995849609375e+01,2.803137969970703125e+01
-8.848501586914062500e+01,2.803242874145507812e+01
-8.848480987548828125e+01,2.803186225891113281e+01
-8.848468017578125000e+01,2.803337478637695312e+01
-8.848518371582031250e+01,2.803169250488281250e+01
-8.848471069335937500e+01,2.803345108032226562e+01
-8.848417663574218750e+01,2.803241348266601562e+01
-8.848404693603515625e+01,2.803216552734375000e+01
-8.848450469970703125e+01,2.803311347961425781e+01
-8.848325347900390625e+01,2.803216552734375000e+01
-8.848437500000000000e+01,2.803199386596679688e+01
-8.848423767089843750e+01,2.803162384033203125e+01
-8.848461914062500000e+01,2.803301429748535156e+01
-8.848321533203125000e+01,2.803249549865722656e+01
-8.848290252685546875e+01,2.803275108337402344e+01
-8.848458099365234375e+01,2.803307533264160156e+01
-8.848507690429687500e+01,2.803208923339843750e+01
-8.848587799072265625e+01,2.803231239318847656e+01
-8.848415374755859375e+01,2.803343391418457031e+01
-8.848461914062500000e+01,2.803350448608398438e+01
-8.848504638671875000e+01,2.803203773498535156e+01
-8.848575592041015625e+01,2.803215789794921875e+01
-8.848295593261718750e+01,2.803291320800781250e+01
-8.848476409912109375e+01,2.803158760070800781e+01
-8.848525238037109375e+01,2.803221321105957031e+01
-8.848515319824218750e+01,2.803234291076660156e+01
-8.848280334472656250e+01,2.803328895568847656e+01
-8.848519897460937500e+01,2.803206634521484375e+01
-8.848558044433593750e+01,2.803140830993652344e+01
-8.848435974121093750e+01,2.803275299072265625e+01
-8.848577880859375000e+01,2.803194236755371094e+01
-8.848571777343750000e+01,2.803225326538085938e+01
-8.848477172851562500e+01,2.803221702575683594e+01
-8.848539733886718750e+01,2.803281402587890625e+01
-8.848458862304687500e+01,2.803139305114746094e+01
-8.848570251464843750e+01,2.803258705139160156e+01
-8.848318481445312500e+01,2.803280067443847656e+01
-8.848478698730468750e+01,2.803162193298339844e+01
-8.848466491699218750e+01,2.803272056579589844e+01
-8.848236083984375000e+01,2.803301048278808594e+01
-8.848500061035156250e+01,2.803334808349609375e+01
-8.848320770263671875e+01,2.803365898132324219e+01
-8.848493194580078125e+01,2.803173255920410156e+01
-8.848576354980468750e+01,2.803274345397949219e+01
-8.848439788818359375e+01,2.803148078918457031e+01
-8.848530578613281250e+01,2.803152847290039062e+01
-8.848479461669921875e+01,2.803247070312500000e+01
-8.848529815673828125e+01,2.803295135498046875e+01
-8.848390960693359375e+01,2.803261184692382812e+01
-8.848422241210937500e+01,2.803216934204101562e+01
-8.848271179199218750e+01,2.803270149230957031e+01
-8.848500823974609375e+01,2.803367996215820312e+01
-8.848361968994140625e+01,2.803203773498535156e+01
-8.848468017578125000e+01,2.803287506103515625e+01
-8.848346710205078125e+01,2.803249549865722656e+01
-8.848362731933593750e+01,2.803329658508300781e+01
-8.848329162597656250e+01,2.803227615356445312e+01
-8.848408508300781250e+01,2.803186416625976562e+01
-8.848381042480468750e+01,2.803162765502929688e+01
-8.848483276367187500e+01,2.803361511230468750e+01
-8.848309326171875000e+01,2.803268241882324219e+01
-8.848239898681640625e+01,2.803312683105468750e+01
-8.848449707031250000e+01,2.803213882446289062e+01
-8.848250579833984375e+01,2.803294754028320312e+01
-8.848525238037109375e+01,2.803219795227050781e+01
-8.848447418212890625e+01,2.803188514709472656e+01
-8.848258209228515625e+01,2.803317260742187500e+01
-8.848343658447265625e+01,2.803366661071777344e+01
-8.848496246337890625e+01,2.803161430358886719e+01
-8.848545837402343750e+01,2.803257560729980469e+01
-8.848540496826171875e+01,2.803259086608886719e+01
-8.848554992675781250e+01,2.803205871582031250e+01
-8.848321533203125000e+01,2.803347587585449219e+01
-8.848392486572265625e+01,2.803178024291992188e+01
-8.848339080810546875e+01,2.803370666503906250e+01
-8.848455047607421875e+01,2.803178024291992188e+01
-8.848578643798828125e+01,2.803178405761718750e+01
-8.848541259765625000e+01,2.803304862976074219e+01
-8.848457336425781250e+01,2.803279685974121094e+01
-8.848242187500000000e+01,2.803301239013671875e+01
-8.848389434814453125e+01,2.803218841552734375e+01
-8.848460388183593750e+01,2.803173255920410156e+01
-8.848523712158203125e+01,2.803310585021972656e+01
-8.848446655273437500e+01,2.803189659118652344e+01
-8.848330688476562500e+01,2.803232765197753906e+01
-8.848328399658203125e+01,2.803278923034667969e+01
-8.848566436767578125e+01,2.803161239624023438e+01
-8.848398590087890625e+01,2.803165245056152344e+01
-8.848554229736328125e+01,2.803320693969726562e+01
-8.848487091064453125e+01,2.803283119201660156e+01
-8.848497009277343750e+01,2.803226470947265625e+01
-8.848511505126953125e+01,2.803223800659179688e+01
-8.848345947265625000e+01,2.803288459777832031e+01
-8.848417663574218750e+01,2.803226089477539062e+01
-8.848266601562500000e+01,2.803352928161621094e+01
-8.848392486572265625e+01,2.803182029724121094e+01
-8.848360443115234375e+01,2.803287887573242188e+01
-8.848572540283203125e+01,2.803132057189941406e+01
-8.848355865478515625e+01,2.803309249877929688e+01
-8.848533630371093750e+01,2.803338432312011719e+01
-8.848365783691406250e+01,2.803331756591796875e+01
-8.848494720458984375e+01,2.803199768066406250e+01
-8.848518371582031250e+01,2.803239059448242188e+01
-8.848489379882812500e+01,2.803268432617187500e+01
-8.848341369628906250e+01,2.803330039978027344e+01
-8.848274993896484375e+01,2.803342056274414062e+01
-8.848369598388671875e+01,2.803194999694824219e+01
-8.848445892333984375e+01,2.803316879272460938e+01
-8.848497772216796875e+01,2.803278160095214844e+01
-8.848571777343750000e+01,2.803258705139160156e+01
-8.848477935791015625e+01,2.803202438354492188e+01
-8.848497009277343750e+01,2.803178977966308594e+01
-8.848496246337890625e+01,2.803347396850585938e+01
-8.848408508300781250e+01,2.803166580200195312e+01
-8.848372650146484375e+01,2.803208160400390625e+01
-8.848416900634765625e+01,2.803338623046875000e+01
-8.848574829101562500e+01,2.803143501281738281e+01
-8.848344421386718750e+01,2.803216361999511719e+01
-8.848435211181640625e+01,2.803347778320312500e+01
-8.848438262939453125e+01,2.803338050842285156e+01
-8.848468780517578125e+01,2.803183937072753906e+01
-8.848401641845703125e+01,2.803256797790527344e+01
-8.848413848876953125e+01,2.803296661376953125e+01
-8.848453521728515625e+01,2.803259086608886719e+01
-8.848529815673828125e+01,2.803130912780761719e+01
-8.848530578613281250e+01,2.803241348266601562e+01
-8.848340606689453125e+01,2.803279685974121094e+01
-8.848279571533203125e+01,2.803310012817382812e+01
-8.848361968994140625e+01,2.803365325927734375e+01
-8.848493957519531250e+01,2.803263854980468750e+01
-8.848415374755859375e+01,2.803161239624023438e+01
-8.848442840576171875e+01,2.803189659118652344e+01
-8.848303222656250000e+01,2.803267478942871094e+01
-8.848484802246093750e+01,2.803284645080566406e+01
-8.848567199707031250e+01,2.803223419189453125e+01
-8.848558044433593750e+01,2.803215599060058594e+01
-8.848502349853515625e+01,2.803350830078125000e+01
-8.848522186279296875e+01,2.803209495544433594e+01
-8.848436737060546875e+01,2.803226852416992188e+01
-8.848385620117187500e+01,2.803328895568847656e+01
-8.848392486572265625e+01,2.803248977661132812e+01
-8.848466491699218750e+01,2.803377914428710938e+01
-8.848426055908203125e+01,2.803173637390136719e+01
-8.848379516601562500e+01,2.803367996215820312e+01
-8.848531341552734375e+01,2.803310585021972656e+01
-8.848365020751953125e+01,2.803299331665039062e+01
-8.848307800292968750e+01,2.803227043151855469e+01
-8.848243713378906250e+01,2.803323554992675781e+01
-8.848558044433593750e+01,2.803264617919921875e+01
-8.848438262939453125e+01,2.803172874450683594e+01
-8.848384857177734375e+01,2.803281211853027344e+01
-8.848383331298828125e+01,2.803339004516601562e+01
-8.848366546630859375e+01,2.803238296508789062e+01
-8.848452758789062500e+01,2.803292465209960938e+01
-8.848483276367187500e+01,2.803191375732421875e+01
-8.848511505126953125e+01,2.803269195556640625e+01
-8.848447418212890625e+01,2.803256034851074219e+01
-8.848355865478515625e+01,2.803198051452636719e+01
-8.848531341552734375e+01,2.803284263610839844e+01
-8.848404693603515625e+01,2.803168106079101562e+01
-8.848396301269531250e+01,2.803293228149414062e+01
-8.848338317871093750e+01,2.803215980529785156e+01
-8.848365783691406250e+01,2.803248023986816406e+01
-8.848547363281250000e+01,2.803214454650878906e+01
-8.848519134521484375e+01,2.803130340576171875e+01
-8.848311614990234375e+01,2.803265190124511719e+01
-8.848561096191406250e+01,2.803153038024902344e+01
-8.848522186279296875e+01,2.803181648254394531e+01
-8.848262786865234375e+01,2.803279685974121094e+01
-8.848476409912109375e+01,2.803278732299804688e+01
-8.848496246337890625e+01,2.803331756591796875e+01
-8.848478698730468750e+01,2.803231239318847656e+01
-8.848281860351562500e+01,2.803310585021972656e+01
-8.848284912109375000e+01,2.803349876403808594e+01
-8.848549652099609375e+01,2.803248214721679688e+01
-8.848425292968750000e+01,2.803302383422851562e+01
-8.848502349853515625e+01,2.803218269348144531e+01
-8.848546600341796875e+01,2.803237724304199219e+01
-8.848522949218750000e+01,2.803182220458984375e+01
-8.848330688476562500e+01,2.803241157531738281e+01
-8.848530578613281250e+01,2.803151702880859375e+01
-8.848532104492187500e+01,2.803294944763183594e+01
-8.848391723632812500e+01,2.803152847290039062e+01
-8.848297119140625000e+01,2.803313446044921875e+01
-8.848420715332031250e+01,2.803169059753417969e+01
-8.848361968994140625e+01,2.803216743469238281e+01
-8.848493957519531250e+01,2.803160667419433594e+01
-8.848560333251953125e+01,2.803177261352539062e+01
-8.848571777343750000e+01,2.803179550170898438e+01
-8.848478698730468750e+01,2.803204345703125000e+01
-8.848507690429687500e+01,2.803279685974121094e+01
-8.848460388183593750e+01,2.803302383422851562e+01
-8.848278045654296875e+01,2.803360366821289062e+01
-8.848536682128906250e+01,2.803176307678222656e+01
-8.848335266113281250e+01,2.803349876403808594e+01
-8.848374938964843750e+01,2.803277778625488281e+01
-8.848318481445312500e+01,2.803208351135253906e+01
-8.848381042480468750e+01,2.803303909301757812e+01
-8.848482513427734375e+01,2.803278160095214844e+01
-8.848450469970703125e+01,2.803333282470703125e+01
-8.848342132568359375e+01,2.803332138061523438e+01
-8.848573303222656250e+01,2.803192710876464844e+01
-8.848518371582031250e+01,2.803140258789062500e+01
-8.848260498046875000e+01,2.803283119201660156e+01
-8.848252105712890625e+01,2.803372955322265625e+01
-8.848411560058593750e+01,2.803243255615234375e+01
-8.848468017578125000e+01,2.803252601623535156e+01
-8.848286437988281250e+01,2.803316688537597656e+01
-8.848404693603515625e+01,2.803213119506835938e+01
-8.848259735107421875e+01,2.803308486938476562e+01
-8.848359680175781250e+01,2.803361892700195312e+01
-8.848333740234375000e+01,2.803325271606445312e+01
-8.848457336425781250e+01,2.803373718261718750e+01
-8.848496246337890625e+01,2.803300285339355469e+01
-8.848462677001953125e+01,2.803336143493652344e+01
-8.848459625244140625e+01,2.803175544738769531e+01
-8.848514556884765625e+01,2.803288650512695312e+01
-8.848562622070312500e+01,2.803268623352050781e+01
-8.848358154296875000e+01,2.803247833251953125e+01
-8.848439025878906250e+01,2.803195571899414062e+01
-8.848287200927734375e+01,2.803317070007324219e+01
-8.848307800292968750e+01,2.803240585327148438e+01
-8.848410797119140625e+01,2.803307723999023438e+01
-8.848580932617187500e+01,2.803224372863769531e+01
-8.848461914062500000e+01,2.803290939331054688e+01
-8.848423767089843750e+01,2.803150367736816406e+01
-8.848512268066406250e+01,2.803226852416992188e+01
-8.848414611816406250e+01,2.803336715698242188e+01
-8.848542022705078125e+01,2.803287315368652344e+01
-8.848505401611328125e+01,2.803255462646484375e+01
-8.848416900634765625e+01,2.803366661071777344e+01
-8.848513793945312500e+01,2.803174018859863281e+01
-8.848473358154296875e+01,2.803273010253906250e+01
-8.848336029052734375e+01,2.803327941894531250e+01
-8.848493957519531250e+01,2.803191947937011719e+01
-8.848385620117187500e+01,2.803329658508300781e+01
-8.848463439941406250e+01,2.803296279907226562e+01
-8.848480224609375000e+01,2.803259277343750000e+01
-8.848448181152343750e+01,2.803188514709472656e+01
-8.848567962646484375e+01,2.803136444091796875e+01
-8.848484039306640625e+01,2.803356933593750000e+01
-8.848536682128906250e+01,2.803197097778320312e+01
-8.848416137695312500e+01,2.803367805480957031e+01
-8.848496246337890625e+01,2.803262901306152344e+01
-8.848303222656250000e+01,2.803363418579101562e+01
-8.848507690429687500e+01,2.803176307678222656e+01
-8.848530578613281250e+01,2.803296852111816406e+01
-8.848536682128906250e+01,2.803310394287109375e+01
-8.848585510253906250e+01,2.803227043151855469e+01
-8.848487091064453125e+01,2.803190231323242188e+01
-8.848429107666015625e+01,2.803384971618652344e+01
-8.848390960693359375e+01,2.803255271911621094e+01
-8.848552703857421875e+01,2.803154945373535156e+01
-8.848494720458984375e+01,2.803362655639648438e+01
-8.848407745361328125e+01,2.803378868103027344e+01
-8.848476409912109375e+01,2.803335571289062500e+01
-8.848455810546875000e+01,2.803316497802734375e+01
-8.848381042480468750e+01,2.803361701965332031e+01
-8.848462677001953125e+01,2.803319931030273438e+01
-8.848338317871093750e+01,2.803193473815917969e+01
-8.848390960693359375e+01,2.803330993652343750e+01
-8.848545074462890625e+01,2.803334617614746094e+01
-8.848233032226562500e+01,2.803323554992675781e+01
-8.848465728759765625e+01,2.803256225585937500e+01
-8.848300170898437500e+01,2.803339004516601562e+01
-8.848598480224609375e+01,2.803118133544921875e+01
-8.848468017578125000e+01,2.803341674804687500e+01
-8.848339080810546875e+01,2.803358650207519531e+01
-8.848520660400390625e+01,2.803182792663574219e+01
-8.848314666748046875e+01,2.803266143798828125e+01
-8.848538970947265625e+01,2.803252792358398438e+01
-8.848497772216796875e+01,2.803350067138671875e+01
-8.848354339599609375e+01,2.803228759765625000e+01
-8.848527526855468750e+01,2.803162384033203125e+01
-8.848447418212890625e+01,2.803191184997558594e+01
-8.848385620117187500e+01,2.803355026245117188e+01
-8.848435974121093750e+01,2.803160476684570312e+01
-8.848346710205078125e+01,2.803321266174316406e+01
-8.848293304443359375e+01,2.803330421447753906e+01
-8.848346710205078125e+01,2.803238487243652344e+01
-8.848547363281250000e+01,2.803238296508789062e+01
-8.848397064208984375e+01,2.803169250488281250e+01
-8.848492431640625000e+01,2.803144645690917969e+01
-8.848503875732421875e+01,2.803248405456542969e+01
-8.848519134521484375e+01,2.803344535827636719e+01
-8.848532867431640625e+01,2.803151893615722656e+01
-8.848311614990234375e+01,2.803254127502441406e+01
-8.848520660400390625e+01,2.803228569030761719e+01
-8.848377990722656250e+01,2.803191947937011719e+01
-8.848251342773437500e+01,2.803309440612792969e+01
-8.848583984375000000e+01,2.803266906738281250e+01
-8.848554229736328125e+01,2.803144836425781250e+01
-8.848335266113281250e+01,2.803286933898925781e+01
-8.848360443115234375e+01,2.803200149536132812e+01
-8.848306274414062500e+01,2.803231048583984375e+01
-8.848373413085937500e+01,2.803255462646484375e+01
-8.848427581787109375e+01,2.803264045715332031e+01
-8.848497772216796875e+01,2.803152275085449219e+01
-8.848577880859375000e+01,2.803203392028808594e+01
-8.848483276367187500e+01,2.803166770935058594e+01
-8.848564910888671875e+01,2.803235244750976562e+01
-8.848564147949218750e+01,2.803207588195800781e+01
-8.848371124267578125e+01,2.803351974487304688e+01
-8.848372650146484375e+01,2.803343772888183594e+01
-8.848468017578125000e+01,2.803183555603027344e+01
-8.848516845703125000e+01,2.803237533569335938e+01
-8.848479461669921875e+01,2.803360748291015625e+01
-8.848317718505859375e+01,2.803344726562500000e+01
-8.848491668701171875e+01,2.803176689147949219e+01
-8.848239898681640625e+01,2.803337287902832031e+01
-8.848550415039062500e+01,2.803214454650878906e+01
-8.848329162597656250e+01,2.803217315673828125e+01
-8.848443603515625000e+01,2.803196716308593750e+01
-8.848477172851562500e+01,2.803292274475097656e+01
-8.848391723632812500e+01,2.803332901000976562e+01
-8.848356628417968750e+01,2.803255271911621094e+01
-8.848433685302734375e+01,2.803369140625000000e+01
-8.848579406738281250e+01,2.803154182434082031e+01
-8.848270416259765625e+01,2.803330993652343750e+01
-8.848342132568359375e+01,2.803331947326660156e+01
-8.848478698730468750e+01,2.803364181518554688e+01
-8.848539733886718750e+01,2.803152465820312500e+01
-8.848535156250000000e+01,2.803289031982421875e+01
-8.848466491699218750e+01,2.803319931030273438e+01
-8.848475646972656250e+01,2.803340721130371094e+01
-8.848447418212890625e+01,2.803384017944335938e+01
-8.848541259765625000e+01,2.803231430053710938e+01
-8.848491668701171875e+01,2.803306388854980469e+01
-8.848379516601562500e+01,2.803340721130371094e+01
-8.848390960693359375e+01,2.803254127502441406e+01
-8.848291015625000000e+01,2.803299903869628906e+01
-8.848567199707031250e+01,2.803266334533691406e+01
-8.848256683349609375e+01,2.803319549560546875e+01
-8.848253631591796875e+01,2.803340721130371094e+01
-8.848270416259765625e+01,2.803353881835937500e+01
-8.848345184326171875e+01,2.803237342834472656e+01
-8.848562622070312500e+01,2.803113937377929688e+01
-8.848503875732421875e+01,2.803163909912109375e+01
-8.848526763916015625e+01,2.803333663940429688e+01
-8.848525238037109375e+01,2.803140449523925781e+01
-8.848389434814453125e+01,2.803221893310546875e+01
-8.848473358154296875e+01,2.803202056884765625e+01
-8.848499298095703125e+01,2.803203392028808594e+01
-8.848323059082031250e+01,2.803204727172851562e+01
-8.848468780517578125e+01,2.803155899047851562e+01
-8.848514556884765625e+01,2.803286361694335938e+01
-8.848314666748046875e+01,2.803294944763183594e+01
-8.848462677001953125e+01,2.803158760070800781e+01
-8.848326110839843750e+01,2.803335571289062500e+01
-8.848458862304687500e+01,2.803320693969726562e+01
-8.848556518554687500e+01,2.803109169006347656e+01
-8.848477172851562500e+01,2.803247642517089844e+01
-8.848498535156250000e+01,2.803131675720214844e+01
-8.848555755615234375e+01,2.803322982788085938e+01
-8.848444366455078125e+01,2.803306388854980469e+01
-8.848236083984375000e+01,2.803343200683593750e+01
-8.848313140869140625e+01,2.803334617614746094e+01
-8.848488616943359375e+01,2.803240203857421875e+01
-8.848431396484375000e+01,2.803167915344238281e+01
-8.848542785644531250e+01,2.803177070617675781e+01
-8.848512268066406250e+01,2.803284645080566406e+01
-8.848342895507812500e+01,2.803357315063476562e+01
-8.848341369628906250e+01,2.803255271911621094e+01
-8.848557281494140625e+01,2.803317642211914062e+01
-8.848388671875000000e+01,2.803218841552734375e+01
-8.848413085937500000e+01,2.803182411193847656e+01
-8.848286437988281250e+01,2.803325653076171875e+01
-8.848369598388671875e+01,2.803299140930175781e+01
-8.848546600341796875e+01,2.803326225280761719e+01
-8.848483276367187500e+01,2.803129768371582031e+01
-8.848413085937500000e+01,2.803372573852539062e+01
-8.848529815673828125e+01,2.803254699707031250e+01
-8.848262023925781250e+01,2.803299140930175781e+01
-8.848459625244140625e+01,2.803175354003906250e+01
-8.848377227783203125e+01,2.803268432617187500e+01
-8.848551177978515625e+01,2.803252792358398438e+01
-8.848501586914062500e+01,2.803244209289550781e+01
-8.848566436767578125e+01,2.803117561340332031e+01
-8.848528289794921875e+01,2.803158760070800781e+01
-8.848326110839843750e+01,2.803260993957519531e+01
-8.848454284667968750e+01,2.803334426879882812e+01
-8.848382568359375000e+01,2.803272628784179688e+01
-8.848488616943359375e+01,2.803190803527832031e+01
-8.848415374755859375e+01,2.803207588195800781e+01
-8.848449707031250000e+01,2.803282165527343750e+01
-8.848376464843750000e+01,2.803243255615234375e+01
-8.848559570312500000e+01,2.803180313110351562e+01
-8.848444366455078125e+01,2.803180885314941406e+01
-8.848305511474609375e+01,2.803269004821777344e+01
-8.848281860351562500e+01,2.803308486938476562e+01
-8.848497009277343750e+01,2.803297042846679688e+01
-8.848485565185546875e+01,2.803141975402832031e+01
-8.848530578613281250e+01,2.803201103210449219e+01
-8.848391723632812500e+01,2.803223228454589844e+01
-8.848481750488281250e+01,2.803135490417480469e+01
-8.848473358154296875e+01,2.803139495849609375e+01
-8.848275756835937500e+01,2.803320884704589844e+01
-8.848442077636718750e+01,2.803288269042968750e+01
-8.848577117919921875e+01,2.803192520141601562e+01
-8.848271179199218750e+01,2.803331184387207031e+01
-8.848576354980468750e+01,2.803153228759765625e+01
-8.848410034179687500e+01,2.803256607055664062e+01
-8.848470306396484375e+01,2.803300094604492188e+01
-8.848560333251953125e+01,2.803190994262695312e+01
-8.848406219482421875e+01,2.803256607055664062e+01
-8.848415374755859375e+01,2.803163719177246094e+01
-8.848402404785156250e+01,2.803258705139160156e+01
-8.848556518554687500e+01,2.803115081787109375e+01
-8.848402404785156250e+01,2.803278923034667969e+01
-8.848520660400390625e+01,2.803203964233398438e+01
-8.848384094238281250e+01,2.803307914733886719e+01
-8.848428344726562500e+01,2.803174591064453125e+01
-8.848502349853515625e+01,2.803346252441406250e+01
-8.848493194580078125e+01,2.803190231323242188e+01
-8.848521423339843750e+01,2.803186798095703125e+01
-8.848519897460937500e+01,2.803189086914062500e+01
-8.848284912109375000e+01,2.803270721435546875e+01
-8.848429107666015625e+01,2.803245925903320312e+01
-8.848348999023437500e+01,2.803244209289550781e+01
-8.848393249511718750e+01,2.803301811218261719e+01
-8.848283386230468750e+01,2.803326034545898438e+01
-8.848422241210937500e+01,2.803251838684082031e+01
-8.848462677001953125e+01,2.803158760070800781e+01
-8.848368835449218750e+01,2.803199577331542969e+01
-8.848397064208984375e+01,2.803224182128906250e+01
-8.848400115966796875e+01,2.803204536437988281e+01
-8.848400878906250000e+01,2.803222465515136719e+01
-8.848496246337890625e+01,2.803203392028808594e+01
-8.848282623291015625e+01,2.803326034545898438e+01
-8.848535156250000000e+01,2.803238868713378906e+01
-8.848299407958984375e+01,2.803341293334960938e+01
-8.848419189453125000e+01,2.803240966796875000e+01
-8.848273468017578125e+01,2.803349494934082031e+01
-8.848553466796875000e+01,2.803104209899902344e+01
-8.848476409912109375e+01,2.803330039978027344e+01
-8.848466491699218750e+01,2.803162765502929688e+01
-8.848509979248046875e+01,2.803123092651367188e+01
-8.848303222656250000e+01,2.803289222717285156e+01
-8.848399353027343750e+01,2.803218841552734375e+01
-8.848373413085937500e+01,2.803327941894531250e+01
-8.848458862304687500e+01,2.803350257873535156e+01
-8.848580932617187500e+01,2.803181457519531250e+01
-8.848330688476562500e+01,2.803277015686035156e+01
-8.848493194580078125e+01,2.803343200683593750e+01
-8.848519897460937500e+01,2.803307533264160156e+01
-8.848360443115234375e+01,2.803227233886718750e+01
-8.848329925537109375e+01,2.803310394287109375e+01
-8.848313903808593750e+01,2.803351402282714844e+01
-8.848276519775390625e+01,2.803364181518554688e+01
-8.848581695556640625e+01,2.803212356567382812e+01
-8.848386383056640625e+01,2.803160476684570312e+01
-8.848394012451171875e+01,2.803345298767089844e+01
-8.848590850830078125e+01,2.803186988830566406e+01
-8.848549652099609375e+01,2.803223991394042969e+01
-8.848451232910156250e+01,2.803335762023925781e+01
-8.848439788818359375e+01,2.803323936462402344e+01
-8.848441314697265625e+01,2.803245162963867188e+01
-8.848364257812500000e+01,2.803260993957519531e+01
-8.848545837402343750e+01,2.803271102905273438e+01
-8.848570251464843750e+01,2.803211212158203125e+01
-8.848404693603515625e+01,2.803383827209472656e+01
-8.848486328125000000e+01,2.803211212158203125e+01
-8.848536682128906250e+01,2.803226089477539062e+01
-8.848521423339843750e+01,2.803323745727539062e+01
-8.848438262939453125e+01,2.803162574768066406e+01
-8.848346710205078125e+01,2.803196907043457031e+01
-8.848467254638671875e+01,2.803324890136718750e+01
-8.848478698730468750e+01,2.803307151794433594e+01
-8.848424530029296875e+01,2.803211975097656250e+01
-8.848404693603515625e+01,2.803249549865722656e+01
-8.848406982421875000e+01,2.803321647644042969e+01
-8.848458862304687500e+01,2.803144264221191406e+01
-8.848463439941406250e+01,2.803309822082519531e+01
-8.848590087890625000e+01,2.803128814697265625e+01
-8.848391723632812500e+01,2.803262519836425781e+01
-8.848488616943359375e+01,2.803216743469238281e+01
-8.848419952392578125e+01,2.803386306762695312e+01
-8.848414611816406250e+01,2.803265762329101562e+01
-8.848510742187500000e+01,2.803234863281250000e+01
-8.848442840576171875e+01,2.803296852111816406e+01
-8.848423767089843750e+01,2.803232002258300781e+01
-8.848453521728515625e+01,2.803248023986816406e+01
-8.848274230957031250e+01,2.803364372253417969e+01
-8.848567199707031250e+01,2.803178787231445312e+01
-8.848481750488281250e+01,2.803363800048828125e+01
-8.848451232910156250e+01,2.803280258178710938e+01
-8.848352813720703125e+01,2.803359603881835938e+01
-8.848453521728515625e+01,2.803175735473632812e+01
-8.848426055908203125e+01,2.803207778930664062e+01
-8.848456573486328125e+01,2.803137016296386719e+01
-8.848390960693359375e+01,2.803215599060058594e+01
-8.848556518554687500e+01,2.803261184692382812e+01
-8.848380279541015625e+01,2.803262519836425781e+01
-8.848340606689453125e+01,2.803266716003417969e+01
-8.848334503173828125e+01,2.803230857849121094e+01
-8.848357391357421875e+01,2.803308486938476562e+01
-8.848384857177734375e+01,2.803205108642578125e+01
-8.848271179199218750e+01,2.803346443176269531e+01
-8.848426055908203125e+01,2.803321647644042969e+01
-8.848453521728515625e+01,2.803232955932617188e+01
-8.848390960693359375e+01,2.803224563598632812e+01
-8.848545837402343750e+01,2.803170585632324219e+01
-8.848237609863281250e+01,2.803342247009277344e+01
-8.848451232910156250e+01,2.803363418579101562e+01
-8.848529815673828125e+01,2.803246307373046875e+01
-8.848577880859375000e+01,2.803220367431640625e+01
-8.848278808593750000e+01,2.803289794921875000e+01
-8.848238372802734375e+01,2.803340911865234375e+01
-8.848555755615234375e+01,2.803284454345703125e+01
-8.848266601562500000e+01,2.803266143798828125e+01
-8.848335266113281250e+01,2.803212738037109375e+01
-8.848496246337890625e+01,2.803178024291992188e+01
-8.848530578613281250e+01,2.803291702270507812e+01
-8.848378753662109375e+01,2.803325462341308594e+01
-8.848294830322265625e+01,2.803349113464355469e+01
-8.848261260986328125e+01,2.803340911865234375e+01
-8.848548126220703125e+01,2.803168106079101562e+01
-8.848336791992187500e+01,2.803321075439453125e+01
-8.848506927490234375e+01,2.803115463256835938e+01
-8.848551940917968750e+01,2.803151321411132812e+01
-8.848465728759765625e+01,2.803281021118164062e+01
-8.848289489746093750e+01,2.803357315063476562e+01
-8.848311614990234375e+01,2.803228378295898438e+01
-8.848316192626953125e+01,2.803333854675292969e+01
-8.848302459716796875e+01,2.803298187255859375e+01
-8.848448181152343750e+01,2.803181266784667969e+01
-8.848390960693359375e+01,2.803175735473632812e+01
-8.848598480224609375e+01,2.803132057189941406e+01
-8.848416900634765625e+01,2.803230476379394531e+01
-8.848573303222656250e+01,2.803203201293945312e+01
-8.848543548583984375e+01,2.803220939636230469e+01
-8.848442840576171875e+01,2.803355216979980469e+01
-8.848394012451171875e+01,2.803360939025878906e+01
-8.848335266113281250e+01,2.803363800048828125e+01
-8.848445892333984375e+01,2.803386116027832031e+01
-8.848571777343750000e+01,2.803213119506835938e+01
-8.848328399658203125e+01,2.803224563598632812e+01
-8.848314666748046875e+01,2.803370285034179688e+01
-8.848584747314453125e+01,2.803209304809570312e+01
-8.848350524902343750e+01,2.803257369995117188e+01
-8.848488616943359375e+01,2.803157615661621094e+01
-8.848440551757812500e+01,2.803167724609375000e+01
-8.848535156250000000e+01,2.803153610229492188e+01
-8.848477172851562500e+01,2.803154373168945312e+01
-8.848505401611328125e+01,2.803348731994628906e+01
-8.848292541503906250e+01,2.803349494934082031e+01
-8.848428344726562500e+01,2.803228378295898438e+01
-8.848461914062500000e+01,2.803376388549804688e+01
-8.848421478271484375e+01,2.803154373168945312e+01
-8.848271942138671875e+01,2.803309059143066406e+01
-8.848576354980468750e+01,2.803114891052246094e+01
-8.848428344726562500e+01,2.803181838989257812e+01
-8.848495483398437500e+01,2.803288650512695312e+01
-8.848558807373046875e+01,2.803123855590820312e+01
-8.848297882080078125e+01,2.803345680236816406e+01
-8.848506164550781250e+01,2.803214073181152344e+01
-8.848380279541015625e+01,2.803319549560546875e+01
-8.848447418212890625e+01,2.803206634521484375e+01
-8.848332977294921875e+01,2.803232192993164062e+01
-8.848293304443359375e+01,2.803356742858886719e+01
-8.848389434814453125e+01,2.803221130371093750e+01
-8.848455047607421875e+01,2.803379249572753906e+01
-8.848513793945312500e+01,2.803140068054199219e+01
-8.848322296142578125e+01,2.803325271606445312e+01
-8.848308563232421875e+01,2.803314399719238281e+01
-8.848279571533203125e+01,2.803362274169921875e+01
-8.848547363281250000e+01,2.803162384033203125e+01
-8.848337554931640625e+01,2.803326225280761719e+01
-8.848554992675781250e+01,2.803200721740722656e+01
-8.848436737060546875e+01,2.803354454040527344e+01
-8.848310089111328125e+01,2.803294372558593750e+01
-8.848406219482421875e+01,2.803312873840332031e+01
-8.848504638671875000e+01,2.803169250488281250e+01
-8.848522949218750000e+01,2.803224563598632812e+01
-8.848446655273437500e+01,2.803339576721191406e+01
-8.848440551757812500e+01,2.803374099731445312e+01
-8.848409271240234375e+01,2.803340721130371094e+01
-8.848512268066406250e+01,2.803306770324707031e+01
-8.848513793945312500e+01,2.803199577331542969e+01
-8.848512268066406250e+01,2.803174400329589844e+01
-8.848477935791015625e+01,2.803201484680175781e+01
-8.848262786865234375e+01,2.803282737731933594e+01
-8.848438262939453125e+01,2.803290367126464844e+01
-8.848540496826171875e+01,2.803125953674316406e+01
-8.848300170898437500e+01,2.803367042541503906e+01
-8.848291015625000000e+01,2.803365516662597656e+01
-8.848296356201171875e+01,2.803301048278808594e+01
-8.848518371582031250e+01,2.803238105773925781e+01
-8.848564910888671875e+01,2.803254127502441406e+01
-8.848363494873046875e+01,2.803263664245605469e+01
-8.848360443115234375e+01,2.803185272216796875e+01
-8.848284912109375000e+01,2.803298377990722656e+01
-8.848511505126953125e+01,2.803133773803710938e+01
-8.848484039306640625e+01,2.803208351135253906e+01
-8.848303985595703125e+01,2.803274154663085938e+01
-8.848442840576171875e+01,2.803257369995117188e+01
-8.848260498046875000e+01,2.803348731994628906e+01
-8.848589324951171875e+01,2.803162002563476562e+01
-8.848431396484375000e+01,2.803349876403808594e+01
-8.848517608642578125e+01,2.803158569335937500e+01
-8.848418426513671875e+01,2.803264617919921875e+01
-8.848367309570312500e+01,2.803337669372558594e+01
-8.848409271240234375e+01,2.803196525573730469e+01
-8.848534393310546875e+01,2.803315925598144531e+01
-8.848413085937500000e+01,2.803273200988769531e+01
-8.848462677001953125e+01,2.803149795532226562e+01
-8.848439025878906250e+01,2.803236770629882812e+01
-8.848469543457031250e+01,2.803180885314941406e+01
-8.848511505126953125e+01,2.803353881835937500e+01
-8.848384094238281250e+01,2.803220748901367188e+01
-8.848388671875000000e+01,2.803225326538085938e+01
-8.848493194580078125e+01,2.803309440612792969e+01
-8.848575592041015625e+01,2.803156280517578125e+01
-8.848474884033203125e+01,2.803349876403808594e+01
-8.848340606689453125e+01,2.803275489807128906e+01
-8.848538208007812500e+01,2.803278541564941406e+01
-8.848250579833984375e+01,2.803305244445800781e+01
-8.848509216308593750e+01,2.803135299682617188e+01
-8.848527526855468750e+01,2.803215026855468750e+01
-8.848408508300781250e+01,2.803323745727539062e+01
-8.848551177978515625e+01,2.803255462646484375e+01
-8.848526000976562500e+01,2.803325080871582031e+01
-8.848500823974609375e+01,2.803156471252441406e+01
-8.848391723632812500e+01,2.803169631958007812e+01
-8.848284149169921875e+01,2.803241539001464844e+01
-8.848457336425781250e+01,2.803273773193359375e+01
-8.848504638671875000e+01,2.803215408325195312e+01
-8.848463439941406250e+01,2.803338623046875000e+01
-8.848468017578125000e+01,2.803330230712890625e+01
-8.848405456542968750e+01,2.803235244750976562e+01
-8.848281097412109375e+01,2.803363990783691406e+01
-8.848282623291015625e+01,2.803335571289062500e+01
-8.848563385009765625e+01,2.803305816650390625e+01
-8.848331451416015625e+01,2.803204536437988281e+01
-8.848459625244140625e+01,2.803262138366699219e+01
-8.848355102539062500e+01,2.803264236450195312e+01
-8.848503112792968750e+01,2.803287887573242188e+01
-8.848537445068359375e+01,2.803236770629882812e+01
-8.848396301269531250e+01,2.803302192687988281e+01
-8.848439025878906250e+01,2.803170776367187500e+01
-8.848304748535156250e+01,2.803296279907226562e+01
-8.848326873779296875e+01,2.803274917602539062e+01
-8.848466491699218750e+01,2.803145408630371094e+01
-8.848501586914062500e+01,2.803222084045410156e+01
-8.848580932617187500e+01,2.803138542175292969e+01
-8.848574829101562500e+01,2.803248786926269531e+01
-8.848286437988281250e+01,2.803359222412109375e+01
-8.848487091064453125e+01,2.803167533874511719e+01
-8.848574066162109375e+01,2.803168296813964844e+01
-8.848348236083984375e+01,2.803341865539550781e+01
-8.848404693603515625e+01,2.803257942199707031e+01
-8.848561096191406250e+01,2.803175735473632812e+01
-8.848346710205078125e+01,2.803294181823730469e+01
-8.848280334472656250e+01,2.803338241577148438e+01
-8.848262786865234375e+01,2.803352737426757812e+01
-8.848533630371093750e+01,2.803224754333496094e+01
-8.848369598388671875e+01,2.803227806091308594e+01
-8.848242950439453125e+01,2.803324890136718750e+01
-8.848456573486328125e+01,2.803325271606445312e+01
-8.848453521728515625e+01,2.803311920166015625e+01
-8.848388671875000000e+01,2.803340339660644531e+01
-8.848458099365234375e+01,2.803184700012207031e+01
-8.848535919189453125e+01,2.803129959106445312e+01
-8.848455810546875000e+01,2.803146362304687500e+01
-8.848313140869140625e+01,2.803220748901367188e+01
-8.848573303222656250e+01,2.803157234191894531e+01
-8.848416137695312500e+01,2.803204727172851562e+01
-8.848435974121093750e+01,2.803133773803710938e+01
-8.848358154296875000e+01,2.803201484680175781e+01
-8.848438262939453125e+01,2.803186988830566406e+01
-8.848571777343750000e+01,2.803164100646972656e+01
-8.848412322998046875e+01,2.803332138061523438e+01
-8.848462677001953125e+01,2.803192901611328125e+01
-8.848484802246093750e+01,2.803309822082519531e+01
-8.848577117919921875e+01,2.803251838684082031e+01
-8.848320007324218750e+01,2.803253173828125000e+01
-8.848367309570312500e+01,2.803285026550292969e+01
-8.848265838623046875e+01,2.803322982788085938e+01
-8.848469543457031250e+01,2.803227996826171875e+01
-8.848525238037109375e+01,2.803319168090820312e+01
-8.848365783691406250e+01,2.803178977966308594e+01
-8.848526000976562500e+01,2.803347969055175781e+01
-8.848571014404296875e+01,2.803225898742675781e+01
-8.848249053955078125e+01,2.803370857238769531e+01
-8.848519134521484375e+01,2.803248786926269531e+01
-8.848437500000000000e+01,2.803241729736328125e+01
-8.848355865478515625e+01,2.803370857238769531e+01
-8.848468780517578125e+01,2.803278732299804688e+01
-8.848529815673828125e+01,2.803130912780761719e+01
-8.848509979248046875e+01,2.803141403198242188e+01
-8.848575592041015625e+01,2.803165626525878906e+01
-8.848262786865234375e+01,2.803323364257812500e+01
-8.848480224609375000e+01,2.803337097167968750e+01
-8.848474884033203125e+01,2.803348541259765625e+01
-8.848420715332031250e+01,2.803354454040527344e+01
-8.848459625244140625e+01,2.803356170654296875e+01
-8.848397827148437500e+01,2.803384780883789062e+01
-8.848551177978515625e+01,2.803169250488281250e+01
-8.848567962646484375e+01,2.803124237060546875e+01
-8.848448181152343750e+01,2.803357696533203125e+01
-8.848485565185546875e+01,2.803161621093750000e+01
-8.848367309570312500e+01,2.803221130371093750e+01
-8.848253631591796875e+01,2.803311538696289062e+01
-8.848442840576171875e+01,2.803218841552734375e+01
-8.848348236083984375e+01,2.803360176086425781e+01
-8.848310089111328125e+01,2.803243446350097656e+01
-8.848514556884765625e+01,2.803283882141113281e+01
-8.848493194580078125e+01,2.803272438049316406e+01
-8.848369598388671875e+01,2.803194808959960938e+01
-8.848287200927734375e+01,2.803294754028320312e+01
-8.848521423339843750e+01,2.803248405456542969e+01
-8.848522186279296875e+01,2.803289604187011719e+01
-8.848582458496093750e+01,2.803161048889160156e+01
-8.848443603515625000e+01,2.803215026855468750e+01
-8.848531341552734375e+01,2.803248405456542969e+01
-8.848584747314453125e+01,2.803178215026855469e+01
-8.848504638671875000e+01,2.803290557861328125e+01
-8.848288726806640625e+01,2.803306579589843750e+01
-8.848318481445312500e+01,2.803227996826171875e+01
-8.848506164550781250e+01,2.803249168395996094e+01
-8.848521423339843750e+01,2.803238487243652344e+01
-8.848476409912109375e+01,2.803224945068359375e+01
-8.848303985595703125e+01,2.803356742858886719e+01
-8.848436737060546875e+01,2.803222846984863281e+01
-8.848476409912109375e+01,2.803353309631347656e+01
-8.848522186279296875e+01,2.803223228454589844e+01
-8.848545837402343750e+01,2.803250885009765625e+01
-8.848361206054687500e+01,2.803281784057617188e+01
-8.848330688476562500e+01,2.803336143493652344e+01
-8.848320770263671875e+01,2.803249168395996094e+01
-8.848447418212890625e+01,2.803159713745117188e+01
-8.848397827148437500e+01,2.803276824951171875e+01
-8.848379516601562500e+01,2.803385162353515625e+01
-8.848496246337890625e+01,2.803227996826171875e+01
-8.848419189453125000e+01,2.803359794616699219e+01
-8.848428344726562500e+01,2.803208541870117188e+01
-8.848354339599609375e+01,2.803346824645996094e+01
-8.848487091064453125e+01,2.803333473205566406e+01
-8.848395538330078125e+01,2.803330039978027344e+01
-8.848426055908203125e+01,2.803373146057128906e+01
-8.848546600341796875e+01,2.803216171264648438e+01
-8.848347473144531250e+01,2.803256988525390625e+01
-8.848507690429687500e+01,2.803169250488281250e+01
-8.848411560058593750e+01,2.803195953369140625e+01
-8.848538208007812500e+01,2.803268432617187500e+01
-8.848452758789062500e+01,2.803251266479492188e+01
-8.848583221435546875e+01,2.803254699707031250e+01
-8.848327636718750000e+01,2.803280830383300781e+01
-8.848571777343750000e+01,2.803214645385742188e+01
-8.848333740234375000e+01,2.803247451782226562e+01
-8.848337554931640625e+01,2.803200531005859375e+01
-8.848425292968750000e+01,2.803344345092773438e+01
-8.848585510253906250e+01,2.803240966796875000e+01
-8.848466491699218750e+01,2.803324699401855469e+01
-8.848375701904296875e+01,2.803341674804687500e+01
-8.848451232910156250e+01,2.803361129760742188e+01
-8.848506164550781250e+01,2.803125190734863281e+01
-8.848321533203125000e+01,2.803212738037109375e+01
-8.848526000976562500e+01,2.803306198120117188e+01
-8.848508453369140625e+01,2.803222274780273438e+01
-8.848429107666015625e+01,2.803269577026367188e+01
-8.848362731933593750e+01,2.803250694274902344e+01
-8.848396301269531250e+01,2.803293800354003906e+01
-8.848570251464843750e+01,2.803214454650878906e+01
-8.848256683349609375e+01,2.803361892700195312e+01
-8.848451995849609375e+01,2.803228950500488281e+01
-8.848365020751953125e+01,2.803313255310058594e+01
-8.848486328125000000e+01,2.803178024291992188e+01
-8.848397064208984375e+01,2.803369712829589844e+01
-8.848294830322265625e+01,2.803229904174804688e+01
-8.848446655273437500e+01,2.803351020812988281e+01
-8.848574829101562500e+01,2.803224945068359375e+01
-8.848432922363281250e+01,2.803311920166015625e+01
-8.848415374755859375e+01,2.803341674804687500e+01
-8.848399353027343750e+01,2.803277587890625000e+01
-8.848329162597656250e+01,2.803272438049316406e+01
