longitude,latitude
-8.872731781005859375e+01,2.793043327331542969e+01
-8.872684478759765625e+01,2.793089866638183594e+01
-8.872718811035156250e+01,2.793054008483886719e+01
-8.872662353515625000e+01,2.793096733093261719e+01
-8.872657775878906250e+01,2.793082046508789062e+01
-8.872666931152343750e+01,2.793144416809082031e+01
-8.872647857666015625e+01,2.793070983886718750e+01
-8.872663116455078125e+01,2.793103408813476562e+01
-8.872718811035156250e+01,2.793072509765625000e+01
-8.872739410400390625e+01,2.793058204650878906e+01
-8.872625732421875000e+01,2.793127822875976562e+01
-8.872703552246093750e+01,2.793042373657226562e+01
-8.872671508789062500e+01,2.793028450012207031e+01
-8.872702026367187500e+01,2.793058776855468750e+01
-8.872660064697265625e+01,2.793045997619628906e+01
-8.872666168212890625e+01,2.793054199218750000e+01
-8.872734069824218750e+01,2.793028831481933594e+01
-8.872625732421875000e+01,2.793094444274902344e+01
-8.872682952880859375e+01,2.793122863769531250e+01
-8.872648620605468750e+01,2.793107032775878906e+01
-8.872671508789062500e+01,2.793072128295898438e+01
-8.872716522216796875e+01,2.793101501464843750e+01
-8.872734069824218750e+01,2.793029022216796875e+01
-8.872690582275390625e+01,2.793080902099609375e+01
-8.872671508789062500e+01,2.793052291870117188e+01
-8.872699737548828125e+01,2.793105697631835938e+01
-8.872716522216796875e+01,2.793102073669433594e+01
-8.872724151611328125e+01,2.793057441711425781e+01
-8.872653961181640625e+01,2.793130683898925781e+01
-8.872676849365234375e+01,2.793132781982421875e+01
-8.872712707519531250e+01,2.793035316467285156e+01
-8.872657775878906250e+01,2.793077659606933594e+01
-8.872621917724609375e+01,2.793099975585937500e+01
-8.872647094726562500e+01,2.793074035644531250e+01
-8.872734069824218750e+01,2.793062591552734375e+01
-8.872737121582031250e+01,2.793040466308593750e+01
-8.872701263427734375e+01,2.793064880371093750e+01
-8.872661590576171875e+01,2.793102073669433594e+01
-8.872677612304687500e+01,2.793031120300292969e+01
-8.872636413574218750e+01,2.793062591552734375e+01
-8.872648620605468750e+01,2.793119430541992188e+01
-8.872621154785156250e+01,2.793119049072265625e+01
-8.872669219970703125e+01,2.793132400512695312e+01
-8.872711944580078125e+01,2.793035316467285156e+01
-8.872637176513671875e+01,2.793090248107910156e+01
-8.872698974609375000e+01,2.793027496337890625e+01
-8.872728729248046875e+01,2.793061065673828125e+01
-8.872716522216796875e+01,2.793082237243652344e+01
-8.872718811035156250e+01,2.793114471435546875e+01
-8.872727203369140625e+01,2.793052291870117188e+01
-8.872710418701171875e+01,2.793070030212402344e+01
-8.872646331787109375e+01,2.793091583251953125e+01
-8.872678375244140625e+01,2.793062400817871094e+01
-8.872638702392578125e+01,2.793099021911621094e+01
-8.872653198242187500e+01,2.793137741088867188e+01
-8.872663116455078125e+01,2.793051528930664062e+01
-8.872633361816406250e+01,2.793097496032714844e+01
-8.872634124755859375e+01,2.793078994750976562e+01
-8.872705841064453125e+01,2.793031501770019531e+01
-8.872624206542968750e+01,2.793124580383300781e+01
-8.872673797607421875e+01,2.793072891235351562e+01
-8.872725677490234375e+01,2.793054199218750000e+01
-8.872634887695312500e+01,2.793048477172851562e+01
-8.872619628906250000e+01,2.793078041076660156e+01
-8.872637939453125000e+01,2.793116569519042969e+01
-8.872698974609375000e+01,2.793050193786621094e+01
-8.872632598876953125e+01,2.793056297302246094e+01
-8.872690582275390625e+01,2.793064117431640625e+01
-8.872675323486328125e+01,2.793117141723632812e+01
-8.872644042968750000e+01,2.793109893798828125e+01
-8.872708892822265625e+01,2.793075561523437500e+01
-8.872712707519531250e+01,2.793055725097656250e+01
-8.872702789306640625e+01,2.793087959289550781e+01
-8.872655487060546875e+01,2.793066406250000000e+01
-8.872664642333984375e+01,2.793112564086914062e+01
-8.872663116455078125e+01,2.793038368225097656e+01
-8.872624206542968750e+01,2.793090248107910156e+01
-8.872673797607421875e+01,2.793032455444335938e+01
-8.872711181640625000e+01,2.793119049072265625e+01
-8.872669219970703125e+01,2.793135452270507812e+01
-8.872657012939453125e+01,2.793092918395996094e+01
-8.872709655761718750e+01,2.793119239807128906e+01
-8.872702026367187500e+01,2.793124961853027344e+01
-8.872652435302734375e+01,2.793103408813476562e+01
-8.872682952880859375e+01,2.793074607849121094e+01
-8.872708892822265625e+01,2.793077659606933594e+01
-8.872714233398437500e+01,2.793052291870117188e+01
-8.872650909423828125e+01,2.793078041076660156e+01
-8.872639465332031250e+01,2.793046951293945312e+01
-8.872692108154296875e+01,2.793125534057617188e+01
-8.872680664062500000e+01,2.793075752258300781e+01
-8.872667694091796875e+01,2.793113708496093750e+01
-8.872734832763671875e+01,2.793031692504882812e+01
-8.872644805908203125e+01,2.793076324462890625e+01
-8.872668457031250000e+01,2.793138694763183594e+01
-8.872666168212890625e+01,2.793090820312500000e+01
-8.872709655761718750e+01,2.793062400817871094e+01
-8.872647857666015625e+01,2.793076133728027344e+01
-8.872678375244140625e+01,2.793057632446289062e+01
-8.872659301757812500e+01,2.793037605285644531e+01
-8.872679138183593750e+01,2.793124580383300781e+01
-8.872679901123046875e+01,2.793066787719726562e+01
-8.872725677490234375e+01,2.793067169189453125e+01
-8.872685241699218750e+01,2.793078804016113281e+01
-8.872702026367187500e+01,2.793094253540039062e+01
-8.872703552246093750e+01,2.793088531494140625e+01
-8.872671508789062500e+01,2.793139648437500000e+01
-8.872661590576171875e+01,2.793038749694824219e+01
-8.872673034667968750e+01,2.793133735656738281e+01
-8.872650909423828125e+01,2.793044853210449219e+01
-8.872668457031250000e+01,2.793056106567382812e+01
-8.872694396972656250e+01,2.793066215515136719e+01
-8.872711181640625000e+01,2.793032646179199219e+01
-8.872653961181640625e+01,2.793064880371093750e+01
-8.872649383544921875e+01,2.793131065368652344e+01
-8.872736358642578125e+01,2.793062210083007812e+01
-8.872666931152343750e+01,2.793039321899414062e+01
-8.872643280029296875e+01,2.793059730529785156e+01
-8.872626495361328125e+01,2.793101501464843750e+01
-8.872653198242187500e+01,2.793119049072265625e+01
-8.872650146484375000e+01,2.793064689636230469e+01
-8.872651672363281250e+01,2.793045997619628906e+01
-8.872648620605468750e+01,2.793062400817871094e+01
-8.872710418701171875e+01,2.793046188354492188e+01
-8.872698211669921875e+01,2.793083953857421875e+01
-8.872653198242187500e+01,2.793134117126464844e+01
-8.872670745849609375e+01,2.793098449707031250e+01
-8.872721862792968750e+01,2.793058013916015625e+01
-8.872642517089843750e+01,2.793116188049316406e+01
-8.872685241699218750e+01,2.793118286132812500e+01
-8.872642517089843750e+01,2.793101501464843750e+01
-8.872702026367187500e+01,2.793045234680175781e+01
-8.872721099853515625e+01,2.793107986450195312e+01
-8.872702026367187500e+01,2.793099594116210938e+01
-8.872726440429687500e+01,2.793072319030761719e+01
-8.872714233398437500e+01,2.793097496032714844e+01
-8.872679138183593750e+01,2.793096542358398438e+01
-8.872672271728515625e+01,2.793080520629882812e+01
-8.872631072998046875e+01,2.793067932128906250e+01
-8.872675323486328125e+01,2.793048477172851562e+01
-8.872631072998046875e+01,2.793107223510742188e+01
-8.872654724121093750e+01,2.793048286437988281e+01
-8.872664642333984375e+01,2.793143653869628906e+01
-8.872700500488281250e+01,2.793057632446289062e+01
-8.872655487060546875e+01,2.793037223815917969e+01
-8.872640228271484375e+01,2.793097877502441406e+01
-8.872728729248046875e+01,2.793065452575683594e+01
-8.872701263427734375e+01,2.793067169189453125e+01
-8.872663116455078125e+01,2.793041038513183594e+01
-8.872640991210937500e+01,2.793094444274902344e+01
-8.872646331787109375e+01,2.793092918395996094e+01
-8.872634887695312500e+01,2.793064498901367188e+01
-8.872644042968750000e+01,2.793060874938964844e+01
-8.872691345214843750e+01,2.793072891235351562e+01
-8.872637176513671875e+01,2.793054771423339844e+01
-8.872622680664062500e+01,2.793099975585937500e+01
-8.872684478759765625e+01,2.793096733093261719e+01
-8.872668457031250000e+01,2.793033218383789062e+01
-8.872628021240234375e+01,2.793112182617187500e+01
-8.872672271728515625e+01,2.793098258972167969e+01
-8.872722625732421875e+01,2.793094253540039062e+01
-8.872714996337890625e+01,2.793100929260253906e+01
-8.872680664062500000e+01,2.793065261840820312e+01
-8.872731018066406250e+01,2.793038749694824219e+01
-8.872669982910156250e+01,2.793036842346191406e+01
-8.872654724121093750e+01,2.793084144592285156e+01
-8.872720336914062500e+01,2.793076896667480469e+01
-8.872622680664062500e+01,2.793094444274902344e+01
-8.872726440429687500e+01,2.793059921264648438e+01
-8.872675323486328125e+01,2.793059539794921875e+01
-8.872714996337890625e+01,2.793031883239746094e+01
-8.872654724121093750e+01,2.793127822875976562e+01
-8.872691345214843750e+01,2.793061637878417969e+01
-8.872707366943359375e+01,2.793073654174804688e+01
-8.872707366943359375e+01,2.793024063110351562e+01
-8.872679138183593750e+01,2.793062782287597656e+01
-8.872682952880859375e+01,2.793056106567382812e+01
-8.872689819335937500e+01,2.793117332458496094e+01
-8.872669219970703125e+01,2.793106842041015625e+01
-8.872620391845703125e+01,2.793093299865722656e+01
-8.872674560546875000e+01,2.793085479736328125e+01
-8.872673797607421875e+01,2.793026733398437500e+01
-8.872721862792968750e+01,2.793047714233398438e+01
-8.872669982910156250e+01,2.793065834045410156e+01
-8.872696685791015625e+01,2.793085670471191406e+01
-8.872710418701171875e+01,2.793050575256347656e+01
-8.872653198242187500e+01,2.793104171752929688e+01
-8.872694396972656250e+01,2.793092727661132812e+01
-8.872686004638671875e+01,2.793096923828125000e+01
-8.872635650634765625e+01,2.793054389953613281e+01
-8.872615814208984375e+01,2.793081665039062500e+01
-8.872719573974609375e+01,2.793112564086914062e+01
-8.872714233398437500e+01,2.793026733398437500e+01
-8.872659301757812500e+01,2.793131065368652344e+01
-8.872718811035156250e+01,2.793062591552734375e+01
-8.872643280029296875e+01,2.793050384521484375e+01
-8.872650909423828125e+01,2.793093872070312500e+01
-8.872707366943359375e+01,2.793070030212402344e+01
-8.872698211669921875e+01,2.793112945556640625e+01
-8.872720336914062500e+01,2.793073844909667969e+01
-8.872628021240234375e+01,2.793106460571289062e+01
-8.872701263427734375e+01,2.793108367919921875e+01
-8.872724151611328125e+01,2.793045997619628906e+01
-8.872731781005859375e+01,2.793045806884765625e+01
-8.872671508789062500e+01,2.793081855773925781e+01
-8.872711181640625000e+01,2.793061065673828125e+01
-8.872663116455078125e+01,2.793089866638183594e+01
-8.872683715820312500e+01,2.793074226379394531e+01
-8.872634124755859375e+01,2.793124771118164062e+01
-8.872693634033203125e+01,2.793033981323242188e+01
-8.872715759277343750e+01,2.793060684204101562e+01
-8.872634124755859375e+01,2.793088531494140625e+01
-8.872726440429687500e+01,2.793037223815917969e+01
-8.872653198242187500e+01,2.793073654174804688e+01
-8.872639465332031250e+01,2.793062973022460938e+01
-8.872651672363281250e+01,2.793140983581542969e+01
-8.872709655761718750e+01,2.793093872070312500e+01
-8.872680664062500000e+01,2.793131828308105469e+01
-8.872644042968750000e+01,2.793097305297851562e+01
-8.872687530517578125e+01,2.793063163757324219e+01
-8.872643280029296875e+01,2.793126869201660156e+01
-8.872682952880859375e+01,2.793089675903320312e+01
-8.872637176513671875e+01,2.793054008483886719e+01
-8.872721099853515625e+01,2.793044471740722656e+01
-8.872717285156250000e+01,2.793107986450195312e+01
-8.872710418701171875e+01,2.793076324462890625e+01
-8.872627258300781250e+01,2.793084335327148438e+01
-8.872689056396484375e+01,2.793080711364746094e+01
-8.872649383544921875e+01,2.793105506896972656e+01
-8.872673034667968750e+01,2.793050384521484375e+01
-8.872708129882812500e+01,2.793049240112304688e+01
-8.872688293457031250e+01,2.793042945861816406e+01
-8.872692871093750000e+01,2.793068122863769531e+01
-8.872643280029296875e+01,2.793072891235351562e+01
-8.872633361816406250e+01,2.793050384521484375e+01
-8.872694396972656250e+01,2.793093299865722656e+01
-8.872680664062500000e+01,2.793069458007812500e+01
-8.872669982910156250e+01,2.793094444274902344e+01
-8.872667694091796875e+01,2.793074226379394531e+01
-8.872707366943359375e+01,2.793060302734375000e+01
-8.872662353515625000e+01,2.793111038208007812e+01
-8.872731018066406250e+01,2.793030357360839844e+01
-8.872662353515625000e+01,2.793046760559082031e+01
-8.872711181640625000e+01,2.793037986755371094e+01
-8.872628021240234375e+01,2.793112754821777344e+01
-8.872638702392578125e+01,2.793059349060058594e+01
-8.872701263427734375e+01,2.793059539794921875e+01
-8.872692871093750000e+01,2.793088150024414062e+01
-8.872707366943359375e+01,2.793096542358398438e+01
-8.872733306884765625e+01,2.793057441711425781e+01
-8.872702789306640625e+01,2.793087196350097656e+01
-8.872714996337890625e+01,2.793041610717773438e+01
-8.872664642333984375e+01,2.793123435974121094e+01
-8.872638702392578125e+01,2.793086814880371094e+01
-8.872679138183593750e+01,2.793106460571289062e+01
-8.872667694091796875e+01,2.793051338195800781e+01
-8.872644042968750000e+01,2.793092346191406250e+01
-8.872722625732421875e+01,2.793067359924316406e+01
-8.872657012939453125e+01,2.793079566955566406e+01
-8.872706604003906250e+01,2.793044281005859375e+01
-8.872708892822265625e+01,2.793068885803222656e+01
-8.872705841064453125e+01,2.793118095397949219e+01
-8.872692108154296875e+01,2.793048667907714844e+01
-8.872700500488281250e+01,2.793086051940917969e+01
-8.872663879394531250e+01,2.793028640747070312e+01
-8.872666931152343750e+01,2.793038558959960938e+01
-8.872695159912109375e+01,2.793086624145507812e+01
-8.872645568847656250e+01,2.793119430541992188e+01
-8.872705078125000000e+01,2.793121337890625000e+01
-8.872707366943359375e+01,2.793028259277343750e+01
-8.872696685791015625e+01,2.793039131164550781e+01
-8.872694396972656250e+01,2.793120384216308594e+01
-8.872667694091796875e+01,2.793027687072753906e+01
-8.872740173339843750e+01,2.793056106567382812e+01
-8.872667694091796875e+01,2.793082618713378906e+01
-8.872645568847656250e+01,2.793090248107910156e+01
-8.872671508789062500e+01,2.793075942993164062e+01
-8.872619628906250000e+01,2.793117904663085938e+01
-8.872654724121093750e+01,2.793052482604980469e+01
-8.872740173339843750e+01,2.793053817749023438e+01
-8.872687530517578125e+01,2.793034744262695312e+01
-8.872630310058593750e+01,2.793070220947265625e+01
-8.872704315185546875e+01,2.793048858642578125e+01
-8.872676086425781250e+01,2.793091201782226562e+01
-8.872676849365234375e+01,2.793132209777832031e+01
-8.872645568847656250e+01,2.793060302734375000e+01
-8.872685241699218750e+01,2.793104934692382812e+01
-8.872634887695312500e+01,2.793115615844726562e+01
-8.872661590576171875e+01,2.793102836608886719e+01
-8.872735595703125000e+01,2.793032455444335938e+01
-8.872666931152343750e+01,2.793085861206054688e+01
-8.872691345214843750e+01,2.793038749694824219e+01
-8.872698974609375000e+01,2.793106079101562500e+01
-8.872666931152343750e+01,2.793041610717773438e+01
-8.872643280029296875e+01,2.793106460571289062e+01
-8.872655487060546875e+01,2.793118476867675781e+01
-8.872673797607421875e+01,2.793025016784667969e+01
-8.872720336914062500e+01,2.793045234680175781e+01
-8.872730255126953125e+01,2.793054199218750000e+01
-8.872621917724609375e+01,2.793117523193359375e+01
-8.872730255126953125e+01,2.793056678771972656e+01
-8.872652435302734375e+01,2.793106079101562500e+01
-8.872707366943359375e+01,2.793044281005859375e+01
-8.872679138183593750e+01,2.793084144592285156e+01
-8.872651672363281250e+01,2.793142318725585938e+01
-8.872707366943359375e+01,2.793104362487792969e+01
-8.872677612304687500e+01,2.793039894104003906e+01
-8.872709655761718750e+01,2.793095588684082031e+01
-8.872702789306640625e+01,2.793080711364746094e+01
-8.872678375244140625e+01,2.793133544921875000e+01
-8.872712707519531250e+01,2.793075752258300781e+01
-8.872714233398437500e+01,2.793022537231445312e+01
-8.872692871093750000e+01,2.793105125427246094e+01
-8.872631072998046875e+01,2.793106269836425781e+01
-8.872718811035156250e+01,2.793085289001464844e+01
-8.872679138183593750e+01,2.793117332458496094e+01
-8.872654724121093750e+01,2.793135452270507812e+01
-8.872644042968750000e+01,2.793096351623535156e+01
-8.872660064697265625e+01,2.793140411376953125e+01
-8.872666931152343750e+01,2.793116569519042969e+01
-8.872651672363281250e+01,2.793040275573730469e+01
-8.872682952880859375e+01,2.793124771118164062e+01
-8.872715759277343750e+01,2.793053627014160156e+01
-8.872715759277343750e+01,2.793054771423339844e+01
-8.872718811035156250e+01,2.793034744262695312e+01
-8.872733306884765625e+01,2.793062019348144531e+01
-8.872682952880859375e+01,2.793103981018066406e+01
-8.872686767578125000e+01,2.793124198913574219e+01
-8.872652435302734375e+01,2.793109321594238281e+01
-8.872652435302734375e+01,2.793035507202148438e+01
-8.872647094726562500e+01,2.793076324462890625e+01
-8.872714233398437500e+01,2.793054962158203125e+01
-8.872638702392578125e+01,2.793121337890625000e+01
-8.872643280029296875e+01,2.793114662170410156e+01
-8.872629547119140625e+01,2.793076324462890625e+01
-8.872653961181640625e+01,2.793060111999511719e+01
-8.872679138183593750e+01,2.793125534057617188e+01
-8.872617340087890625e+01,2.793082809448242188e+01
-8.872718048095703125e+01,2.793039321899414062e+01
-8.872624969482421875e+01,2.793071746826171875e+01
-8.872683715820312500e+01,2.793040657043457031e+01
-8.872689056396484375e+01,2.793068313598632812e+01
-8.872655487060546875e+01,2.793125152587890625e+01
-8.872666168212890625e+01,2.793142890930175781e+01
-8.872685241699218750e+01,2.793124580383300781e+01
-8.872724914550781250e+01,2.793035125732421875e+01
-8.872693634033203125e+01,2.793049812316894531e+01
-8.872710418701171875e+01,2.793080520629882812e+01
-8.872737121582031250e+01,2.793036079406738281e+01
-8.872684478759765625e+01,2.793105506896972656e+01
-8.872721862792968750e+01,2.793052673339843750e+01
-8.872624969482421875e+01,2.793131065368652344e+01
-8.872670745849609375e+01,2.793086624145507812e+01
-8.872709655761718750e+01,2.793108177185058594e+01
-8.872684478759765625e+01,2.793132781982421875e+01
-8.872632598876953125e+01,2.793062400817871094e+01
-8.872673797607421875e+01,2.793079376220703125e+01
-8.872619628906250000e+01,2.793107414245605469e+01
-8.872664642333984375e+01,2.793074798583984375e+01
-8.872729492187500000e+01,2.793051528930664062e+01
-8.872664642333984375e+01,2.793037414550781250e+01
-8.872714233398437500e+01,2.793047332763671875e+01
-8.872702789306640625e+01,2.793114662170410156e+01
-8.872659301757812500e+01,2.793116569519042969e+01
-8.872668457031250000e+01,2.793047142028808594e+01
-8.872724914550781250e+01,2.793083953857421875e+01
-8.872673797607421875e+01,2.793055915832519531e+01
-8.872697448730468750e+01,2.793114852905273438e+01
-8.872624206542968750e+01,2.793082809448242188e+01
-8.872686767578125000e+01,2.793087196350097656e+01
-8.872689056396484375e+01,2.793072319030761719e+01
-8.872619628906250000e+01,2.793106842041015625e+01
-8.872645568847656250e+01,2.793135643005371094e+01
-8.872714996337890625e+01,2.793080902099609375e+01
-8.872711944580078125e+01,2.793075752258300781e+01
-8.872679138183593750e+01,2.793061828613281250e+01
-8.872695159912109375e+01,2.793054199218750000e+01
-8.872692108154296875e+01,2.793076133728027344e+01
-8.872702026367187500e+01,2.793043327331542969e+01
-8.872621917724609375e+01,2.793094062805175781e+01
-8.872660064697265625e+01,2.793093681335449219e+01
-8.872676086425781250e+01,2.793057250976562500e+01
-8.872639465332031250e+01,2.793098640441894531e+01
-8.872659301757812500e+01,2.793148231506347656e+01
-8.872690582275390625e+01,2.793055725097656250e+01
-8.872721862792968750e+01,2.793050384521484375e+01
-8.872666931152343750e+01,2.793041992187500000e+01
-8.872640991210937500e+01,2.793047523498535156e+01
-8.872689819335937500e+01,2.793068313598632812e+01
-8.872662353515625000e+01,2.793138122558593750e+01
-8.872697448730468750e+01,2.793094635009765625e+01
-8.872714233398437500e+01,2.793098640441894531e+01
-8.872669982910156250e+01,2.793029785156250000e+01
-8.872669219970703125e+01,2.793058204650878906e+01
-8.872638702392578125e+01,2.793088340759277344e+01
-8.872714996337890625e+01,2.793060111999511719e+01
-8.872659301757812500e+01,2.793053245544433594e+01
-8.872653198242187500e+01,2.793071556091308594e+01
-8.872621917724609375e+01,2.793116760253906250e+01
-8.872686767578125000e+01,2.793046760559082031e+01
-8.872713470458984375e+01,2.793037033081054688e+01
-8.872700500488281250e+01,2.793083572387695312e+01
-8.872635650634765625e+01,2.793103790283203125e+01
-8.872693634033203125e+01,2.793109130859375000e+01
-8.872628784179687500e+01,2.793093681335449219e+01
-8.872677612304687500e+01,2.793076133728027344e+01
-8.872689056396484375e+01,2.793046760559082031e+01
-8.872640228271484375e+01,2.793074607849121094e+01
-8.872697448730468750e+01,2.793041610717773438e+01
-8.872727966308593750e+01,2.793063545227050781e+01
-8.872626495361328125e+01,2.793071174621582031e+01
-8.872677612304687500e+01,2.793059921264648438e+01
-8.872717285156250000e+01,2.793111610412597656e+01
-8.872721099853515625e+01,2.793058586120605469e+01
-8.872706604003906250e+01,2.793108940124511719e+01
-8.872645568847656250e+01,2.793040657043457031e+01
-8.872631835937500000e+01,2.793076896667480469e+01
-8.872702026367187500e+01,2.793120765686035156e+01
-8.872692108154296875e+01,2.793058586120605469e+01
-8.872629547119140625e+01,2.793057250976562500e+01
-8.872627258300781250e+01,2.793099021911621094e+01
-8.872695922851562500e+01,2.793119621276855469e+01
-8.872717285156250000e+01,2.793032646179199219e+01
-8.872721862792968750e+01,2.793091964721679688e+01
-8.872650146484375000e+01,2.793093490600585938e+01
-8.872684478759765625e+01,2.793042182922363281e+01
-8.872671508789062500e+01,2.793099403381347656e+01
-8.872697448730468750e+01,2.793074607849121094e+01
-8.872647094726562500e+01,2.793154335021972656e+01
-8.872650909423828125e+01,2.793066215515136719e+01
-8.872693634033203125e+01,2.793062400817871094e+01
-8.872631072998046875e+01,2.793092918395996094e+01
-8.872623443603515625e+01,2.793089294433593750e+01
-8.872659301757812500e+01,2.793070793151855469e+01
-8.872645568847656250e+01,2.793144416809082031e+01
-8.872649383544921875e+01,2.793126678466796875e+01
-8.872662353515625000e+01,2.793136596679687500e+01
-8.872639465332031250e+01,2.793081855773925781e+01
-8.872618865966796875e+01,2.793102073669433594e+01
-8.872648620605468750e+01,2.793132591247558594e+01
-8.872698211669921875e+01,2.793119239807128906e+01
-8.872694396972656250e+01,2.793095397949218750e+01
-8.872695159912109375e+01,2.793063163757324219e+01
-8.872669982910156250e+01,2.793111419677734375e+01
-8.872698974609375000e+01,2.793090629577636719e+01
-8.872632598876953125e+01,2.793066978454589844e+01
-8.872685241699218750e+01,2.793124008178710938e+01
-8.872701263427734375e+01,2.793061828613281250e+01
-8.872674560546875000e+01,2.793105125427246094e+01
-8.872725677490234375e+01,2.793091201782226562e+01
-8.872652435302734375e+01,2.793108558654785156e+01
-8.872688293457031250e+01,2.793051719665527344e+01
-8.872634124755859375e+01,2.793063926696777344e+01
-8.872697448730468750e+01,2.793087005615234375e+01
-8.872693634033203125e+01,2.793044090270996094e+01
-8.872657775878906250e+01,2.793098068237304688e+01
-8.872711181640625000e+01,2.793030357360839844e+01
-8.872738647460937500e+01,2.793045234680175781e+01
-8.872666168212890625e+01,2.793029785156250000e+01
-8.872640228271484375e+01,2.793083763122558594e+01
-8.872657775878906250e+01,2.793095397949218750e+01
-8.872660827636718750e+01,2.793044853210449219e+01
-8.872618865966796875e+01,2.793101119995117188e+01
-8.872651672363281250e+01,2.793087577819824219e+01
-8.872676086425781250e+01,2.793045234680175781e+01
-8.872660064697265625e+01,2.793084907531738281e+01
-8.872734832763671875e+01,2.793030548095703125e+01
-8.872627258300781250e+01,2.793056869506835938e+01
-8.872659301757812500e+01,2.793134689331054688e+01
-8.872636413574218750e+01,2.793085098266601562e+01
-8.872665405273437500e+01,2.793074417114257812e+01
-8.872727966308593750e+01,2.793040275573730469e+01
-8.872614288330078125e+01,2.793079566955566406e+01
-8.872703552246093750e+01,2.793118095397949219e+01
-8.872700500488281250e+01,2.793034362792968750e+01
-8.872685241699218750e+01,2.793079948425292969e+01
-8.872684478759765625e+01,2.793127822875976562e+01
-8.872727203369140625e+01,2.793093299865722656e+01
-8.872630310058593750e+01,2.793083381652832031e+01
-8.872621917724609375e+01,2.793091392517089844e+01
-8.872721862792968750e+01,2.793107795715332031e+01
-8.872676849365234375e+01,2.793024063110351562e+01
-8.872725677490234375e+01,2.793094253540039062e+01
-8.872667694091796875e+01,2.793032646179199219e+01
-8.872627258300781250e+01,2.793104553222656250e+01
-8.872635650634765625e+01,2.793119430541992188e+01
-8.872628021240234375e+01,2.793109130859375000e+01
-8.872731781005859375e+01,2.793057632446289062e+01
-8.872677612304687500e+01,2.793046569824218750e+01
-8.872675323486328125e+01,2.793078804016113281e+01
-8.872638702392578125e+01,2.793109893798828125e+01
-8.872681427001953125e+01,2.793099403381347656e+01
-8.872702789306640625e+01,2.793040847778320312e+01
-8.872628021240234375e+01,2.793118858337402344e+01
-8.872624206542968750e+01,2.793088340759277344e+01
-8.872709655761718750e+01,2.793120002746582031e+01
-8.872618103027343750e+01,2.793105316162109375e+01
-8.872666931152343750e+01,2.793108177185058594e+01
-8.872624206542968750e+01,2.793117904663085938e+01
-8.872646331787109375e+01,2.793039131164550781e+01
-8.872670745849609375e+01,2.793119812011718750e+01
-8.872619628906250000e+01,2.793074226379394531e+01
-8.872640228271484375e+01,2.793117141723632812e+01
-8.872705078125000000e+01,2.793031692504882812e+01
-8.872676849365234375e+01,2.793048286437988281e+01
-8.872657775878906250e+01,2.793148612976074219e+01
-8.872649383544921875e+01,2.793092346191406250e+01
-8.872674560546875000e+01,2.793097114562988281e+01
-8.872666168212890625e+01,2.793063354492187500e+01
-8.872661590576171875e+01,2.793135833740234375e+01
-8.872701263427734375e+01,2.793027496337890625e+01
-8.872655487060546875e+01,2.793084716796875000e+01
-8.872659301757812500e+01,2.793058586120605469e+01
-8.872707366943359375e+01,2.793073844909667969e+01
-8.872665405273437500e+01,2.793128013610839844e+01
-8.872642517089843750e+01,2.793055152893066406e+01
-8.872720336914062500e+01,2.793110466003417969e+01
-8.872662353515625000e+01,2.793047523498535156e+01
-8.872708892822265625e+01,2.793108367919921875e+01
-8.872643280029296875e+01,2.793136787414550781e+01
-8.872675323486328125e+01,2.793067169189453125e+01
-8.872673034667968750e+01,2.793099403381347656e+01
-8.872636413574218750e+01,2.793080520629882812e+01
-8.872673797607421875e+01,2.793120574951171875e+01
-8.872673034667968750e+01,2.793071556091308594e+01
-8.872672271728515625e+01,2.793059730529785156e+01
-8.872708892822265625e+01,2.793098831176757812e+01
-8.872636413574218750e+01,2.793090057373046875e+01
-8.872669219970703125e+01,2.793113517761230469e+01
-8.872634124755859375e+01,2.793072700500488281e+01
-8.872726440429687500e+01,2.793056106567382812e+01
-8.872673797607421875e+01,2.793097686767578125e+01
-8.872733306884765625e+01,2.793054771423339844e+01
-8.872691345214843750e+01,2.793110466003417969e+01
-8.872714233398437500e+01,2.793033599853515625e+01
-8.872678375244140625e+01,2.793050956726074219e+01
-8.872655487060546875e+01,2.793118858337402344e+01
-8.872631835937500000e+01,2.793081283569335938e+01
-8.872642517089843750e+01,2.793071746826171875e+01
-8.872633361816406250e+01,2.793064880371093750e+01
-8.872665405273437500e+01,2.793144989013671875e+01
-8.872714996337890625e+01,2.793039894104003906e+01
-8.872695922851562500e+01,2.793123626708984375e+01
-8.872691345214843750e+01,2.793095588684082031e+01
-8.872732543945312500e+01,2.793027877807617188e+01
-8.872682952880859375e+01,2.793114471435546875e+01
-8.872690582275390625e+01,2.793078041076660156e+01
-8.872719573974609375e+01,2.793056297302246094e+01
-8.872717285156250000e+01,2.793036651611328125e+01
-8.872708129882812500e+01,2.793043136596679688e+01
-8.872634887695312500e+01,2.793098449707031250e+01
-8.872672271728515625e+01,2.793049240112304688e+01
-8.872648620605468750e+01,2.793114471435546875e+01
-8.872624206542968750e+01,2.793127250671386719e+01
-8.872653961181640625e+01,2.793129348754882812e+01
-8.872707366943359375e+01,2.793033599853515625e+01
-8.872641754150390625e+01,2.793128776550292969e+01
-8.872718048095703125e+01,2.793081092834472656e+01
-8.872674560546875000e+01,2.793101882934570312e+01
-8.872699737548828125e+01,2.793075180053710938e+01
-8.872657012939453125e+01,2.793045043945312500e+01
-8.872712707519531250e+01,2.793079948425292969e+01
-8.872718048095703125e+01,2.793035125732421875e+01
-8.872643280029296875e+01,2.793053054809570312e+01
-8.872677612304687500e+01,2.793023681640625000e+01
-8.872637939453125000e+01,2.793114089965820312e+01
-8.872710418701171875e+01,2.793088340759277344e+01
-8.872636413574218750e+01,2.793119239807128906e+01
-8.872636413574218750e+01,2.793045425415039062e+01
-8.872678375244140625e+01,2.793044662475585938e+01
-8.872714996337890625e+01,2.793033790588378906e+01
-8.872708892822265625e+01,2.793045425415039062e+01
-8.872719573974609375e+01,2.793046188354492188e+01
-8.872650909423828125e+01,2.793115997314453125e+01
-8.872739410400390625e+01,2.793050956726074219e+01
-8.872664642333984375e+01,2.793103981018066406e+01
-8.872662353515625000e+01,2.793126487731933594e+01
-8.872732543945312500e+01,2.793055152893066406e+01
-8.872678375244140625e+01,2.793034934997558594e+01
-8.872636413574218750e+01,2.793095397949218750e+01
-8.872727966308593750e+01,2.793105888366699219e+01
-8.872629547119140625e+01,2.793064498901367188e+01
-8.872677612304687500e+01,2.793041992187500000e+01
-8.872661590576171875e+01,2.793058967590332031e+01
-8.872647094726562500e+01,2.793073272705078125e+01
-8.872727203369140625e+01,2.793107604980468750e+01
-8.872626495361328125e+01,2.793100357055664062e+01
-8.872710418701171875e+01,2.793066406250000000e+01
-8.872668457031250000e+01,2.793063545227050781e+01
-8.872637939453125000e+01,2.793100929260253906e+01
-8.872688293457031250e+01,2.793126678466796875e+01
-8.872687530517578125e+01,2.793120002746582031e+01
-8.872647857666015625e+01,2.793041992187500000e+01
-8.872705841064453125e+01,2.793073463439941406e+01
-8.872714996337890625e+01,2.793035316467285156e+01
-8.872725677490234375e+01,2.793102073669433594e+01
-8.872619628906250000e+01,2.793081474304199219e+01
-8.872645568847656250e+01,2.793073844909667969e+01
-8.872666931152343750e+01,2.793132209777832031e+01
-8.872657775878906250e+01,2.793143653869628906e+01
-8.872646331787109375e+01,2.793041610717773438e+01
-8.872665405273437500e+01,2.793138885498046875e+01
-8.872712707519531250e+01,2.793063926696777344e+01
-8.872645568847656250e+01,2.793079376220703125e+01
-8.872637176513671875e+01,2.793114471435546875e+01
-8.872711181640625000e+01,2.793031311035156250e+01
-8.872694396972656250e+01,2.793084907531738281e+01
-8.872697448730468750e+01,2.793126487731933594e+01
-8.872705841064453125e+01,2.793111419677734375e+01
-8.872647094726562500e+01,2.793084716796875000e+01
-8.872705078125000000e+01,2.793035888671875000e+01
-8.872637939453125000e+01,2.793116760253906250e+01
-8.872680664062500000e+01,2.793068885803222656e+01
-8.872643280029296875e+01,2.793138122558593750e+01
-8.872650146484375000e+01,2.793111038208007812e+01
-8.872672271728515625e+01,2.793024253845214844e+01
-8.872694396972656250e+01,2.793041801452636719e+01
-8.872732543945312500e+01,2.793031501770019531e+01
-8.872702026367187500e+01,2.793123435974121094e+01
-8.872734832763671875e+01,2.793041038513183594e+01
-8.872633361816406250e+01,2.793103027343750000e+01
-8.872662353515625000e+01,2.793039512634277344e+01
-8.872690582275390625e+01,2.793047332763671875e+01
-8.872718811035156250e+01,2.793096542358398438e+01
-8.872672271728515625e+01,2.793080902099609375e+01
-8.872722625732421875e+01,2.793066024780273438e+01
-8.872691345214843750e+01,2.793104743957519531e+01
-8.872689819335937500e+01,2.793124771118164062e+01
-8.872692871093750000e+01,2.793092346191406250e+01
-8.872720336914062500e+01,2.793105697631835938e+01
-8.872682189941406250e+01,2.793113708496093750e+01
-8.872667694091796875e+01,2.793132019042968750e+01
-8.872645568847656250e+01,2.793123435974121094e+01
-8.872686767578125000e+01,2.793089294433593750e+01
-8.872620391845703125e+01,2.793106460571289062e+01
-8.872722625732421875e+01,2.793036270141601562e+01
-8.872689819335937500e+01,2.793067359924316406e+01
-8.872640991210937500e+01,2.793119621276855469e+01
-8.872733306884765625e+01,2.793064308166503906e+01
-8.872661590576171875e+01,2.793061256408691406e+01
-8.872651672363281250e+01,2.793039512634277344e+01
-8.872734069824218750e+01,2.793042373657226562e+01
-8.872696685791015625e+01,2.793040657043457031e+01
-8.872650146484375000e+01,2.793059921264648438e+01
-8.872704315185546875e+01,2.793111991882324219e+01
-8.872679901123046875e+01,2.793063926696777344e+01
-8.872711181640625000e+01,2.793086242675781250e+01
-8.872682952880859375e+01,2.793095970153808594e+01
-8.872664642333984375e+01,2.793080520629882812e+01
-8.872698211669921875e+01,2.793056678771972656e+01
-8.872640228271484375e+01,2.793083000183105469e+01
-8.872687530517578125e+01,2.793101501464843750e+01
-8.872650909423828125e+01,2.793050193786621094e+01
-8.872650909423828125e+01,2.793058204650878906e+01
-8.872725677490234375e+01,2.793064880371093750e+01
-8.872724914550781250e+01,2.793044281005859375e+01
-8.872700500488281250e+01,2.793086624145507812e+01
-8.872617340087890625e+01,2.793096351623535156e+01
-8.872697448730468750e+01,2.793042373657226562e+01
-8.872671508789062500e+01,2.793121528625488281e+01
-8.872736358642578125e+01,2.793034744262695312e+01
-8.872673797607421875e+01,2.793108177185058594e+01
-8.872714233398437500e+01,2.793019676208496094e+01
-8.872657775878906250e+01,2.793042182922363281e+01
-8.872669982910156250e+01,2.793140983581542969e+01
-8.872708129882812500e+01,2.793065834045410156e+01
-8.872705078125000000e+01,2.793071556091308594e+01
-8.872664642333984375e+01,2.793143081665039062e+01
-8.872680664062500000e+01,2.793038558959960938e+01
-8.872686004638671875e+01,2.793101310729980469e+01
-8.872653198242187500e+01,2.793127441406250000e+01
-8.872683715820312500e+01,2.793136215209960938e+01
-8.872662353515625000e+01,2.793134307861328125e+01
-8.872660064697265625e+01,2.793063735961914062e+01
-8.872691345214843750e+01,2.793083572387695312e+01
-8.872683715820312500e+01,2.793049049377441406e+01
-8.872704315185546875e+01,2.793054580688476562e+01
-8.872643280029296875e+01,2.793129730224609375e+01
-8.872646331787109375e+01,2.793146324157714844e+01
-8.872691345214843750e+01,2.793113327026367188e+01
-8.872703552246093750e+01,2.793091201782226562e+01
-8.872642517089843750e+01,2.793103599548339844e+01
-8.872691345214843750e+01,2.793088150024414062e+01
-8.872624969482421875e+01,2.793107604980468750e+01
-8.872659301757812500e+01,2.793079948425292969e+01
-8.872624206542968750e+01,2.793073654174804688e+01
-8.872644805908203125e+01,2.793054008483886719e+01
-8.872692871093750000e+01,2.793064308166503906e+01
-8.872714233398437500e+01,2.793073463439941406e+01
-8.872705841064453125e+01,2.793109512329101562e+01
-8.872683715820312500e+01,2.793118286132812500e+01
-8.872655487060546875e+01,2.793093490600585938e+01
-8.872677612304687500e+01,2.793115615844726562e+01
-8.872708129882812500e+01,2.793068885803222656e+01
-8.872633361816406250e+01,2.793070983886718750e+01
-8.872693634033203125e+01,2.793057632446289062e+01
-8.872653198242187500e+01,2.793070030212402344e+01
-8.872614288330078125e+01,2.793079757690429688e+01
-8.872657012939453125e+01,2.793057441711425781e+01
-8.872653198242187500e+01,2.793036460876464844e+01
-8.872735595703125000e+01,2.793050575256347656e+01
-8.872733306884765625e+01,2.793049240112304688e+01
-8.872692871093750000e+01,2.793124961853027344e+01
-8.872650909423828125e+01,2.793042755126953125e+01
-8.872678375244140625e+01,2.793038177490234375e+01
-8.872673797607421875e+01,2.793069648742675781e+01
-8.872655487060546875e+01,2.793102455139160156e+01
-8.872703552246093750e+01,2.793094825744628906e+01
-8.872680664062500000e+01,2.793132972717285156e+01
-8.872640228271484375e+01,2.793091964721679688e+01
-8.872642517089843750e+01,2.793057441711425781e+01
-8.872737884521484375e+01,2.793042373657226562e+01
-8.872654724121093750e+01,2.793049621582031250e+01
-8.872644805908203125e+01,2.793057060241699219e+01
-8.872640228271484375e+01,2.793110847473144531e+01
-8.872666168212890625e+01,2.793138885498046875e+01
-8.872618865966796875e+01,2.793077278137207031e+01
-8.872708892822265625e+01,2.793087387084960938e+01
-8.872680664062500000e+01,2.793086624145507812e+01
-8.872653198242187500e+01,2.793059539794921875e+01
-8.872705078125000000e+01,2.793071937561035156e+01
-8.872696685791015625e+01,2.793117713928222656e+01
-8.872687530517578125e+01,2.793057060241699219e+01
-8.872622680664062500e+01,2.793131256103515625e+01
-8.872678375244140625e+01,2.793061637878417969e+01
-8.872688293457031250e+01,2.793133354187011719e+01
-8.872707366943359375e+01,2.793023109436035156e+01
-8.872623443603515625e+01,2.793118667602539062e+01
-8.872727966308593750e+01,2.793053627014160156e+01
-8.872677612304687500e+01,2.793086051940917969e+01
-8.872689819335937500e+01,2.793033790588378906e+01
-8.872627258300781250e+01,2.793073654174804688e+01
-8.872733306884765625e+01,2.793027687072753906e+01
-8.872681427001953125e+01,2.793044853210449219e+01
-8.872664642333984375e+01,2.793057250976562500e+01
-8.872650909423828125e+01,2.793101692199707031e+01
-8.872705841064453125e+01,2.793081092834472656e+01
-8.872653961181640625e+01,2.793149566650390625e+01
-8.872711944580078125e+01,2.793052291870117188e+01
-8.872653198242187500e+01,2.793048667907714844e+01
-8.872652435302734375e+01,2.793062019348144531e+01
-8.872683715820312500e+01,2.793121719360351562e+01
-8.872692871093750000e+01,2.793102073669433594e+01
-8.872727203369140625e+01,2.793104171752929688e+01
-8.872715759277343750e+01,2.793102264404296875e+01
-8.872641754150390625e+01,2.793120574951171875e+01
-8.872616577148437500e+01,2.793095588684082031e+01
-8.872719573974609375e+01,2.793065071105957031e+01
-8.872670745849609375e+01,2.793144416809082031e+01
-8.872633361816406250e+01,2.793066787719726562e+01
-8.872727203369140625e+01,2.793052482604980469e+01
-8.872713470458984375e+01,2.793039131164550781e+01
-8.872653961181640625e+01,2.793109512329101562e+01
-8.872694396972656250e+01,2.793098640441894531e+01
-8.872703552246093750e+01,2.793078231811523438e+01
-8.872625732421875000e+01,2.793083572387695312e+01
-8.872683715820312500e+01,2.793078804016113281e+01
-8.872660827636718750e+01,2.793133163452148438e+01
-8.872661590576171875e+01,2.793090248107910156e+01
-8.872618103027343750e+01,2.793078804016113281e+01
-8.872667694091796875e+01,2.793085670471191406e+01
-8.872650909423828125e+01,2.793058967590332031e+01
-8.872696685791015625e+01,2.793075561523437500e+01
-8.872718811035156250e+01,2.793106651306152344e+01
-8.872651672363281250e+01,2.793147277832031250e+01
-8.872641754150390625e+01,2.793045234680175781e+01
-8.872722625732421875e+01,2.793088150024414062e+01
-8.872669982910156250e+01,2.793062210083007812e+01
-8.872628021240234375e+01,2.793105888366699219e+01
-8.872634124755859375e+01,2.793098258972167969e+01
-8.872652435302734375e+01,2.793117713928222656e+01
-8.872697448730468750e+01,2.793068122863769531e+01
-8.872692871093750000e+01,2.793053627014160156e+01
-8.872622680664062500e+01,2.793115425109863281e+01
-8.872723388671875000e+01,2.793041610717773438e+01
-8.872658538818359375e+01,2.793101119995117188e+01
-8.872661590576171875e+01,2.793149566650390625e+01
-8.872646331787109375e+01,2.793151092529296875e+01
-8.872671508789062500e+01,2.793046188354492188e+01
-8.872731018066406250e+01,2.793066406250000000e+01
-8.872636413574218750e+01,2.793067550659179688e+01
-8.872696685791015625e+01,2.793055343627929688e+01
-8.872689819335937500e+01,2.793105316162109375e+01
-8.872655487060546875e+01,2.793112182617187500e+01
-8.872700500488281250e+01,2.793111228942871094e+01
-8.872679901123046875e+01,2.793059921264648438e+01
-8.872650909423828125e+01,2.793090057373046875e+01
-8.872682189941406250e+01,2.793109893798828125e+01
-8.872698974609375000e+01,2.793072128295898438e+01
-8.872713470458984375e+01,2.793040275573730469e+01
-8.872698974609375000e+01,2.793037796020507812e+01
-8.872630310058593750e+01,2.793071556091308594e+01
-8.872663116455078125e+01,2.793053627014160156e+01
-8.872733306884765625e+01,2.793027305603027344e+01
-8.872672271728515625e+01,2.793141746520996094e+01
-8.872647094726562500e+01,2.793136215209960938e+01
-8.872674560546875000e+01,2.793026161193847656e+01
-8.872697448730468750e+01,2.793127059936523438e+01
-8.872682952880859375e+01,2.793084526062011719e+01
-8.872695922851562500e+01,2.793077659606933594e+01
-8.872637176513671875e+01,2.793083953857421875e+01
-8.872647857666015625e+01,2.793095397949218750e+01
-8.872676849365234375e+01,2.793128776550292969e+01
-8.872636413574218750e+01,2.793120384216308594e+01
-8.872689819335937500e+01,2.793129730224609375e+01
-8.872684478759765625e+01,2.793036842346191406e+01
-8.872675323486328125e+01,2.793060111999511719e+01
-8.872658538818359375e+01,2.793121910095214844e+01
-8.872630310058593750e+01,2.793125534057617188e+01
-8.872617340087890625e+01,2.793102264404296875e+01
-8.872686004638671875e+01,2.793086051940917969e+01
-8.872702026367187500e+01,2.793085098266601562e+01
-8.872627258300781250e+01,2.793121910095214844e+01
-8.872682189941406250e+01,2.793096160888671875e+01
-8.872643280029296875e+01,2.793130683898925781e+01
-8.872733306884765625e+01,2.793046379089355469e+01
-8.872628021240234375e+01,2.793100166320800781e+01
-8.872700500488281250e+01,2.793028640747070312e+01
-8.872667694091796875e+01,2.793080902099609375e+01
-8.872732543945312500e+01,2.793101119995117188e+01
-8.872681427001953125e+01,2.793057441711425781e+01
-8.872703552246093750e+01,2.793060684204101562e+01
-8.872647857666015625e+01,2.793151283264160156e+01
-8.872656250000000000e+01,2.793087577819824219e+01
-8.872721099853515625e+01,2.793090057373046875e+01
-8.872666168212890625e+01,2.793039703369140625e+01
-8.872694396972656250e+01,2.793045043945312500e+01
-8.872621154785156250e+01,2.793081855773925781e+01
-8.872655487060546875e+01,2.793097496032714844e+01
-8.872632598876953125e+01,2.793103790283203125e+01
-8.872669982910156250e+01,2.793035507202148438e+01
-8.872665405273437500e+01,2.793144607543945312e+01
-8.872712707519531250e+01,2.793083000183105469e+01
-8.872647094726562500e+01,2.793099975585937500e+01
-8.872692871093750000e+01,2.793040466308593750e+01
-8.872680664062500000e+01,2.793038368225097656e+01
-8.872676849365234375e+01,2.793034744262695312e+01
-8.872721862792968750e+01,2.793111228942871094e+01
-8.872693634033203125e+01,2.793075752258300781e+01
-8.872668457031250000e+01,2.793095207214355469e+01
-8.872667694091796875e+01,2.793083381652832031e+01
-8.872675323486328125e+01,2.793087959289550781e+01
-8.872642517089843750e+01,2.793072891235351562e+01
-8.872643280029296875e+01,2.793088150024414062e+01
-8.872644042968750000e+01,2.793072319030761719e+01
-8.872666168212890625e+01,2.793134498596191406e+01
-8.872689819335937500e+01,2.793045997619628906e+01
-8.872717285156250000e+01,2.793074035644531250e+01
-8.872649383544921875e+01,2.793155670166015625e+01
-8.872653198242187500e+01,2.793066978454589844e+01
-8.872669219970703125e+01,2.793080329895019531e+01
-8.872717285156250000e+01,2.793047904968261719e+01
-8.872657012939453125e+01,2.793063354492187500e+01
-8.872693634033203125e+01,2.793079948425292969e+01
-8.872687530517578125e+01,2.793124198913574219e+01
-8.872719573974609375e+01,2.793065261840820312e+01
-8.872635650634765625e+01,2.793092155456542969e+01
-8.872677612304687500e+01,2.793062019348144531e+01
-8.872698211669921875e+01,2.793090820312500000e+01
-8.872721099853515625e+01,2.793066406250000000e+01
-8.872657012939453125e+01,2.793105506896972656e+01
-8.872719573974609375e+01,2.793095016479492188e+01
-8.872732543945312500e+01,2.793030548095703125e+01
-8.872675323486328125e+01,2.793107414245605469e+01
-8.872723388671875000e+01,2.793034553527832031e+01
-8.872637939453125000e+01,2.793066406250000000e+01
-8.872708129882812500e+01,2.793075561523437500e+01
-8.872619628906250000e+01,2.793117141723632812e+01
-8.872690582275390625e+01,2.793089675903320312e+01
-8.872712707519531250e+01,2.793038558959960938e+01
-8.872669219970703125e+01,2.793130111694335938e+01
-8.872656250000000000e+01,2.793074607849121094e+01
-8.872660827636718750e+01,2.793044090270996094e+01
-8.872626495361328125e+01,2.793100166320800781e+01
-8.872711944580078125e+01,2.793051719665527344e+01
-8.872675323486328125e+01,2.793089866638183594e+01
-8.872695922851562500e+01,2.793087959289550781e+01
-8.872674560546875000e+01,2.793072319030761719e+01
-8.872702026367187500e+01,2.793109130859375000e+01
-8.872740936279296875e+01,2.793051910400390625e+01
-8.872674560546875000e+01,2.793109893798828125e+01
-8.872707366943359375e+01,2.793024063110351562e+01
-8.872705841064453125e+01,2.793115234375000000e+01
-8.872719573974609375e+01,2.793098068237304688e+01
-8.872663116455078125e+01,2.793070030212402344e+01
-8.872660827636718750e+01,2.793078422546386719e+01
-8.872692871093750000e+01,2.793035507202148438e+01
-8.872701263427734375e+01,2.793036460876464844e+01
-8.872648620605468750e+01,2.793108558654785156e+01
-8.872707366943359375e+01,2.793051147460937500e+01
-8.872644805908203125e+01,2.793103408813476562e+01
-8.872689819335937500e+01,2.793037986755371094e+01
-8.872658538818359375e+01,2.793031883239746094e+01
-8.872679138183593750e+01,2.793105697631835938e+01
-8.872734069824218750e+01,2.793036270141601562e+01
-8.872664642333984375e+01,2.793088722229003906e+01
-8.872693634033203125e+01,2.793041610717773438e+01
-8.872728729248046875e+01,2.793065071105957031e+01
-8.872667694091796875e+01,2.793085861206054688e+01
-8.872675323486328125e+01,2.793061828613281250e+01
-8.872706604003906250e+01,2.793098449707031250e+01
-8.872666168212890625e+01,2.793090820312500000e+01
-8.872672271728515625e+01,2.793058395385742188e+01
-8.872668457031250000e+01,2.793141174316406250e+01
-8.872612762451171875e+01,2.793079757690429688e+01
-8.872718811035156250e+01,2.793051910400390625e+01
-8.872721099853515625e+01,2.793052482604980469e+01
-8.872721862792968750e+01,2.793062782287597656e+01
-8.872696685791015625e+01,2.793068122863769531e+01
-8.872706604003906250e+01,2.793073654174804688e+01
-8.872712707519531250e+01,2.793111038208007812e+01
-8.872683715820312500e+01,2.793044090270996094e+01
-8.872680664062500000e+01,2.793080520629882812e+01
-8.872651672363281250e+01,2.793082046508789062e+01
-8.872657012939453125e+01,2.793056106567382812e+01
-8.872666168212890625e+01,2.793042755126953125e+01
-8.872633361816406250e+01,2.793121719360351562e+01
-8.872725677490234375e+01,2.793087959289550781e+01
-8.872668457031250000e+01,2.793123054504394531e+01
-8.872723388671875000e+01,2.793085098266601562e+01
-8.872652435302734375e+01,2.793077278137207031e+01
-8.872712707519531250e+01,2.793023681640625000e+01
-8.872695922851562500e+01,2.793113327026367188e+01
-8.872692871093750000e+01,2.793078613281250000e+01
-8.872630310058593750e+01,2.793120384216308594e+01
-8.872664642333984375e+01,2.793067169189453125e+01
-8.872671508789062500e+01,2.793138122558593750e+01
-8.872620391845703125e+01,2.793085479736328125e+01
-8.872714233398437500e+01,2.793022537231445312e+01
-8.872627258300781250e+01,2.793081283569335938e+01
-8.872654724121093750e+01,2.793115615844726562e+01
-8.872648620605468750e+01,2.793091201782226562e+01
-8.872620391845703125e+01,2.793099784851074219e+01
-8.872718811035156250e+01,2.793069648742675781e+01
-8.872671508789062500e+01,2.793126487731933594e+01
-8.872672271728515625e+01,2.793050575256347656e+01
-8.872672271728515625e+01,2.793054008483886719e+01
-8.872698974609375000e+01,2.793114089965820312e+01
-8.872659301757812500e+01,2.793086814880371094e+01
-8.872708129882812500e+01,2.793031311035156250e+01
-8.872673797607421875e+01,2.793023490905761719e+01
-8.872642517089843750e+01,2.793101310729980469e+01
-8.872689819335937500e+01,2.793128204345703125e+01
-8.872682189941406250e+01,2.793098831176757812e+01
-8.872644805908203125e+01,2.793122673034667969e+01
-8.872672271728515625e+01,2.793101501464843750e+01
-8.872650909423828125e+01,2.793116569519042969e+01
-8.872720336914062500e+01,2.793061828613281250e+01
-8.872702026367187500e+01,2.793104743957519531e+01
-8.872718048095703125e+01,2.793055152893066406e+01
-8.872724151611328125e+01,2.793039321899414062e+01
-8.872698974609375000e+01,2.793125343322753906e+01
-8.872711181640625000e+01,2.793116760253906250e+01
-8.872716522216796875e+01,2.793077087402343750e+01
-8.872713470458984375e+01,2.793072509765625000e+01
-8.872686767578125000e+01,2.793077087402343750e+01
-8.872707366943359375e+01,2.793121147155761719e+01
-8.872724914550781250e+01,2.793059730529785156e+01
-8.872721099853515625e+01,2.793109512329101562e+01
-8.872648620605468750e+01,2.793069267272949219e+01
-8.872699737548828125e+01,2.793098831176757812e+01
-8.872725677490234375e+01,2.793109321594238281e+01
-8.872641754150390625e+01,2.793071365356445312e+01
-8.872676849365234375e+01,2.793081855773925781e+01
-8.872676849365234375e+01,2.793075561523437500e+01
-8.872722625732421875e+01,2.793089294433593750e+01
-8.872652435302734375e+01,2.793111610412597656e+01
-8.872657775878906250e+01,2.793147850036621094e+01
-8.872660827636718750e+01,2.793103027343750000e+01
-8.872616577148437500e+01,2.793086051940917969e+01
-8.872709655761718750e+01,2.793110275268554688e+01
-8.872640991210937500e+01,2.793124008178710938e+01
-8.872719573974609375e+01,2.793072319030761719e+01
-8.872675323486328125e+01,2.793096923828125000e+01
-8.872695922851562500e+01,2.793120956420898438e+01
-8.872662353515625000e+01,2.793060302734375000e+01
-8.872646331787109375e+01,2.793061637878417969e+01
-8.872630310058593750e+01,2.793112945556640625e+01
-8.872686767578125000e+01,2.793065071105957031e+01
-8.872661590576171875e+01,2.793114662170410156e+01
-8.872637939453125000e+01,2.793049621582031250e+01
-8.872691345214843750e+01,2.793099403381347656e+01
-8.872644042968750000e+01,2.793129158020019531e+01
-8.872672271728515625e+01,2.793064308166503906e+01
-8.872718048095703125e+01,2.793060493469238281e+01
-8.872625732421875000e+01,2.793076133728027344e+01
-8.872644805908203125e+01,2.793120384216308594e+01
-8.872676849365234375e+01,2.793077278137207031e+01
-8.872717285156250000e+01,2.793050193786621094e+01
-8.872629547119140625e+01,2.793062210083007812e+01
-8.872630310058593750e+01,2.793099403381347656e+01
-8.872637939453125000e+01,2.793111991882324219e+01
-8.872645568847656250e+01,2.793104362487792969e+01
-8.872656250000000000e+01,2.793066978454589844e+01
-8.872623443603515625e+01,2.793103027343750000e+01
-8.872683715820312500e+01,2.793041801452636719e+01
-8.872727203369140625e+01,2.793084716796875000e+01
-8.872651672363281250e+01,2.793137931823730469e+01
-8.872684478759765625e+01,2.793123817443847656e+01
-8.872659301757812500e+01,2.793120765686035156e+01
-8.872631072998046875e+01,2.793095779418945312e+01
-8.872727203369140625e+01,2.793089675903320312e+01
-8.872664642333984375e+01,2.793075561523437500e+01
-8.872720336914062500e+01,2.793059349060058594e+01
-8.872725677490234375e+01,2.793092155456542969e+01
-8.872724151611328125e+01,2.793061447143554688e+01
-8.872680664062500000e+01,2.793108558654785156e+01
-8.872692871093750000e+01,2.793106651306152344e+01
-8.872725677490234375e+01,2.793045806884765625e+01
-8.872634124755859375e+01,2.793055534362792969e+01
-8.872721862792968750e+01,2.793075370788574219e+01
-8.872724914550781250e+01,2.793066215515136719e+01
-8.872660064697265625e+01,2.793133926391601562e+01
-8.872660064697265625e+01,2.793049430847167969e+01
-8.872702026367187500e+01,2.793095779418945312e+01
-8.872653198242187500e+01,2.793039703369140625e+01
-8.872631072998046875e+01,2.793059158325195312e+01
-8.872653961181640625e+01,2.793076324462890625e+01
-8.872695159912109375e+01,2.793063354492187500e+01
-8.872692871093750000e+01,2.793100929260253906e+01
-8.872675323486328125e+01,2.793036079406738281e+01
-8.872658538818359375e+01,2.793089675903320312e+01
-8.872715759277343750e+01,2.793025207519531250e+01
-8.872676086425781250e+01,2.793043327331542969e+01
-8.872737121582031250e+01,2.793042373657226562e+01
-8.872651672363281250e+01,2.793116378784179688e+01
-8.872648620605468750e+01,2.793074226379394531e+01
-8.872636413574218750e+01,2.793095207214355469e+01
-8.872682189941406250e+01,2.793045997619628906e+01
-8.872703552246093750e+01,2.793124389648437500e+01
-8.872719573974609375e+01,2.793052291870117188e+01
-8.872669219970703125e+01,2.793055725097656250e+01
-8.872644805908203125e+01,2.793126678466796875e+01
-8.872645568847656250e+01,2.793040847778320312e+01
-8.872632598876953125e+01,2.793075180053710938e+01
-8.872670745849609375e+01,2.793035316467285156e+01
-8.872634124755859375e+01,2.793104553222656250e+01
-8.872635650634765625e+01,2.793054389953613281e+01
-8.872686767578125000e+01,2.793132591247558594e+01
-8.872682952880859375e+01,2.793040084838867188e+01
-8.872644805908203125e+01,2.793107223510742188e+01
-8.872622680664062500e+01,2.793128585815429688e+01
-8.872647857666015625e+01,2.793076133728027344e+01
-8.872648620605468750e+01,2.793146896362304688e+01
-8.872710418701171875e+01,2.793091392517089844e+01
-8.872667694091796875e+01,2.793090057373046875e+01
-8.872676849365234375e+01,2.793083572387695312e+01
-8.872699737548828125e+01,2.793030548095703125e+01
-8.872629547119140625e+01,2.793097877502441406e+01
-8.872734069824218750e+01,2.793050956726074219e+01
-8.872646331787109375e+01,2.793066024780273438e+01
-8.872661590576171875e+01,2.793123054504394531e+01
-8.872686767578125000e+01,2.793087196350097656e+01
-8.872711181640625000e+01,2.793089485168457031e+01
-8.872647094726562500e+01,2.793041801452636719e+01
-8.872693634033203125e+01,2.793033599853515625e+01
-8.872686004638671875e+01,2.793072128295898438e+01
-8.872667694091796875e+01,2.793120002746582031e+01
-8.872711944580078125e+01,2.793069267272949219e+01
-8.872696685791015625e+01,2.793049049377441406e+01
-8.872641754150390625e+01,2.793128585815429688e+01
-8.872708892822265625e+01,2.793099021911621094e+01
-8.872710418701171875e+01,2.793045806884765625e+01
-8.872711181640625000e+01,2.793101501464843750e+01
-8.872677612304687500e+01,2.793063354492187500e+01
-8.872669982910156250e+01,2.793054008483886719e+01
-8.872698974609375000e+01,2.793088722229003906e+01
-8.872637939453125000e+01,2.793049049377441406e+01
-8.872652435302734375e+01,2.793135643005371094e+01
-8.872681427001953125e+01,2.793050384521484375e+01
-8.872671508789062500e+01,2.793037223815917969e+01
-8.872702789306640625e+01,2.793086051940917969e+01
-8.872640228271484375e+01,2.793059921264648438e+01
-8.872630310058593750e+01,2.793066215515136719e+01
-8.872701263427734375e+01,2.793088150024414062e+01
-8.872711181640625000e+01,2.793058013916015625e+01
-8.872688293457031250e+01,2.793097305297851562e+01
-8.872708129882812500e+01,2.793103027343750000e+01
-8.872708892822265625e+01,2.793056106567382812e+01
-8.872634124755859375e+01,2.793072319030761719e+01
-8.872692108154296875e+01,2.793039321899414062e+01
-8.872660827636718750e+01,2.793136215209960938e+01
-8.872718811035156250e+01,2.793063545227050781e+01
-8.872716522216796875e+01,2.793067169189453125e+01
-8.872647094726562500e+01,2.793118667602539062e+01
-8.872632598876953125e+01,2.793083763122558594e+01
-8.872714996337890625e+01,2.793058204650878906e+01
-8.872723388671875000e+01,2.793038177490234375e+01
-8.872689056396484375e+01,2.793075752258300781e+01
-8.872737121582031250e+01,2.793057632446289062e+01
-8.872698974609375000e+01,2.793060684204101562e+01
-8.872638702392578125e+01,2.793109893798828125e+01
-8.872641754150390625e+01,2.793070030212402344e+01
-8.872693634033203125e+01,2.793040847778320312e+01
-8.872701263427734375e+01,2.793076896667480469e+01
-8.872689056396484375e+01,2.793115425109863281e+01
-8.872650146484375000e+01,2.793138313293457031e+01
-8.872721099853515625e+01,2.793099975585937500e+01
-8.872653198242187500e+01,2.793098831176757812e+01
-8.872701263427734375e+01,2.793045043945312500e+01
-8.872676086425781250e+01,2.793033409118652344e+01
-8.872713470458984375e+01,2.793040847778320312e+01
-8.872703552246093750e+01,2.793069267272949219e+01
-8.872728729248046875e+01,2.793088722229003906e+01
-8.872635650634765625e+01,2.793121147155761719e+01
-8.872669219970703125e+01,2.793068122863769531e+01
-8.872676849365234375e+01,2.793055534362792969e+01
-8.872724914550781250e+01,2.793111228942871094e+01
-8.872650909423828125e+01,2.793046951293945312e+01
-8.872703552246093750e+01,2.793081855773925781e+01
-8.872650146484375000e+01,2.793061447143554688e+01
-8.872665405273437500e+01,2.793089294433593750e+01
-8.872640228271484375e+01,2.793053245544433594e+01
-8.872622680664062500e+01,2.793111610412597656e+01
-8.872667694091796875e+01,2.793044471740722656e+01
-8.872654724121093750e+01,2.793034362792968750e+01
-8.872717285156250000e+01,2.793108177185058594e+01
-8.872637176513671875e+01,2.793065643310546875e+01
-8.872687530517578125e+01,2.793056297302246094e+01
-8.872681427001953125e+01,2.793129539489746094e+01
-8.872623443603515625e+01,2.793106079101562500e+01
-8.872657012939453125e+01,2.793107795715332031e+01
-8.872718811035156250e+01,2.793062973022460938e+01
-8.872684478759765625e+01,2.793047332763671875e+01
-8.872686767578125000e+01,2.793128585815429688e+01
-8.872622680664062500e+01,2.793078422546386719e+01
-8.872662353515625000e+01,2.793100738525390625e+01
-8.872650146484375000e+01,2.793152999877929688e+01
-8.872700500488281250e+01,2.793041801452636719e+01
-8.872655487060546875e+01,2.793114662170410156e+01
-8.872729492187500000e+01,2.793060111999511719e+01
-8.872650909423828125e+01,2.793149757385253906e+01
-8.872692871093750000e+01,2.793115615844726562e+01
-8.872669219970703125e+01,2.793129730224609375e+01
-8.872650909423828125e+01,2.793093109130859375e+01
-8.872650146484375000e+01,2.793129158020019531e+01
-8.872660827636718750e+01,2.793040466308593750e+01
-8.872676849365234375e+01,2.793112945556640625e+01
-8.872714996337890625e+01,2.793025207519531250e+01
-8.872660827636718750e+01,2.793101692199707031e+01
-8.872686004638671875e+01,2.793044281005859375e+01
-8.872617340087890625e+01,2.793105888366699219e+01
-8.872736358642578125e+01,2.793052101135253906e+01
-8.872698211669921875e+01,2.793078804016113281e+01
-8.872663879394531250e+01,2.793054008483886719e+01
-8.872687530517578125e+01,2.793043136596679688e+01
-8.872708892822265625e+01,2.793023872375488281e+01
-8.872727966308593750e+01,2.793093490600585938e+01
-8.872683715820312500e+01,2.793047904968261719e+01
-8.872642517089843750e+01,2.793054771423339844e+01
-8.872646331787109375e+01,2.793070220947265625e+01
-8.872728729248046875e+01,2.793045806884765625e+01
-8.872661590576171875e+01,2.793036460876464844e+01
-8.872711181640625000e+01,2.793081474304199219e+01
-8.872708129882812500e+01,2.793063354492187500e+01
-8.872713470458984375e+01,2.793063354492187500e+01
-8.872654724121093750e+01,2.793074417114257812e+01
-8.872676086425781250e+01,2.793057823181152344e+01
-8.872629547119140625e+01,2.793091011047363281e+01
-8.872660827636718750e+01,2.793041992187500000e+01
-8.872660064697265625e+01,2.793075180053710938e+01
-8.872649383544921875e+01,2.793140792846679688e+01
-8.872656250000000000e+01,2.793143844604492188e+01
-8.872727966308593750e+01,2.793036460876464844e+01
-8.872660064697265625e+01,2.793082427978515625e+01
-8.872667694091796875e+01,2.793090248107910156e+01
-8.872704315185546875e+01,2.793054199218750000e+01
-8.872718048095703125e+01,2.793069076538085938e+01
-8.872729492187500000e+01,2.793033599853515625e+01
-8.872709655761718750e+01,2.793076705932617188e+01
-8.872657012939453125e+01,2.793088150024414062e+01
-8.872631835937500000e+01,2.793087959289550781e+01
-8.872653198242187500e+01,2.793044662475585938e+01
-8.872698211669921875e+01,2.793090438842773438e+01
-8.872714233398437500e+01,2.793080902099609375e+01
-8.872698211669921875e+01,2.793054199218750000e+01
-8.872702789306640625e+01,2.793047332763671875e+01
-8.872721099853515625e+01,2.793103981018066406e+01
-8.872665405273437500e+01,2.793037605285644531e+01
-8.872655487060546875e+01,2.793049240112304688e+01
-8.872650909423828125e+01,2.793129348754882812e+01
-8.872626495361328125e+01,2.793099784851074219e+01
-8.872688293457031250e+01,2.793096160888671875e+01
-8.872636413574218750e+01,2.793119621276855469e+01
-8.872730255126953125e+01,2.793040275573730469e+01
-8.872645568847656250e+01,2.793050384521484375e+01
-8.872697448730468750e+01,2.793099784851074219e+01
-8.872624969482421875e+01,2.793126296997070312e+01
-8.872696685791015625e+01,2.793097114562988281e+01
-8.872711944580078125e+01,2.793020057678222656e+01
-8.872650909423828125e+01,2.793145751953125000e+01
-8.872692108154296875e+01,2.793047142028808594e+01
-8.872673797607421875e+01,2.793067359924316406e+01
-8.872703552246093750e+01,2.793120193481445312e+01
-8.872682952880859375e+01,2.793081474304199219e+01
-8.872694396972656250e+01,2.793071556091308594e+01
-8.872648620605468750e+01,2.793113136291503906e+01
-8.872666168212890625e+01,2.793127250671386719e+01
-8.872711181640625000e+01,2.793033218383789062e+01
-8.872723388671875000e+01,2.793070411682128906e+01
-8.872650909423828125e+01,2.793070983886718750e+01
-8.872630310058593750e+01,2.793077278137207031e+01
-8.872669982910156250e+01,2.793101310729980469e+01
-8.872711181640625000e+01,2.793075561523437500e+01
-8.872667694091796875e+01,2.793036270141601562e+01
-8.872682189941406250e+01,2.793047142028808594e+01
-8.872638702392578125e+01,2.793109321594238281e+01
-8.872634124755859375e+01,2.793064689636230469e+01
-8.872633361816406250e+01,2.793122291564941406e+01
-8.872709655761718750e+01,2.793082427978515625e+01
-8.872731781005859375e+01,2.793063354492187500e+01
-8.872724151611328125e+01,2.793105697631835938e+01
-8.872716522216796875e+01,2.793059349060058594e+01
-8.872683715820312500e+01,2.793059921264648438e+01
-8.872675323486328125e+01,2.793090629577636719e+01
-8.872668457031250000e+01,2.793064117431640625e+01
-8.872657012939453125e+01,2.793109703063964844e+01
-8.872712707519531250e+01,2.793112182617187500e+01
-8.872673797607421875e+01,2.793040847778320312e+01
-8.872676849365234375e+01,2.793103218078613281e+01
-8.872663879394531250e+01,2.793079185485839844e+01
-8.872618103027343750e+01,2.793103218078613281e+01
-8.872631072998046875e+01,2.793115425109863281e+01
-8.872631835937500000e+01,2.793051528930664062e+01
-8.872616577148437500e+01,2.793079566955566406e+01
-8.872660827636718750e+01,2.793104934692382812e+01
-8.872672271728515625e+01,2.793101882934570312e+01
-8.872678375244140625e+01,2.793041801452636719e+01
-8.872669219970703125e+01,2.793074607849121094e+01
-8.872675323486328125e+01,2.793093490600585938e+01
-8.872657012939453125e+01,2.793058967590332031e+01
-8.872648620605468750e+01,2.793124961853027344e+01
-8.872697448730468750e+01,2.793083000183105469e+01
-8.872698974609375000e+01,2.793050575256347656e+01
-8.872718811035156250e+01,2.793078804016113281e+01
-8.872695159912109375e+01,2.793117141723632812e+01
-8.872691345214843750e+01,2.793070220947265625e+01
-8.872648620605468750e+01,2.793044662475585938e+01
-8.872640991210937500e+01,2.793120765686035156e+01
-8.872640228271484375e+01,2.793103599548339844e+01
-8.872727966308593750e+01,2.793085098266601562e+01
-8.872663879394531250e+01,2.793037986755371094e+01
-8.872675323486328125e+01,2.793079376220703125e+01
-8.872643280029296875e+01,2.793049240112304688e+01
-8.872658538818359375e+01,2.793061828613281250e+01
-8.872726440429687500e+01,2.793062591552734375e+01
-8.872706604003906250e+01,2.793032264709472656e+01
-8.872650909423828125e+01,2.793138504028320312e+01
-8.872638702392578125e+01,2.793064308166503906e+01
-8.872725677490234375e+01,2.793042564392089844e+01
-8.872694396972656250e+01,2.793115806579589844e+01
-8.872713470458984375e+01,2.793049812316894531e+01
-8.872705841064453125e+01,2.793079566955566406e+01
-8.872719573974609375e+01,2.793099021911621094e+01
-8.872673034667968750e+01,2.793135070800781250e+01
-8.872701263427734375e+01,2.793063735961914062e+01
-8.872631072998046875e+01,2.793077468872070312e+01
-8.872636413574218750e+01,2.793091201782226562e+01
-8.872687530517578125e+01,2.793084335327148438e+01
-8.872708892822265625e+01,2.793061065673828125e+01
-8.872657012939453125e+01,2.793143272399902344e+01
-8.872667694091796875e+01,2.793118858337402344e+01
-8.872713470458984375e+01,2.793050384521484375e+01
-8.872642517089843750e+01,2.793057823181152344e+01
-8.872713470458984375e+01,2.793040466308593750e+01
-8.872729492187500000e+01,2.793088912963867188e+01
-8.872667694091796875e+01,2.793115615844726562e+01
-8.872657012939453125e+01,2.793032073974609375e+01
-8.872637176513671875e+01,2.793079757690429688e+01
-8.872695159912109375e+01,2.793124771118164062e+01
-8.872670745849609375e+01,2.793039321899414062e+01
-8.872653198242187500e+01,2.793051528930664062e+01
-8.872662353515625000e+01,2.793113708496093750e+01
-8.872698974609375000e+01,2.793041038513183594e+01
-8.872728729248046875e+01,2.793050765991210938e+01
-8.872733306884765625e+01,2.793052101135253906e+01
-8.872698211669921875e+01,2.793054962158203125e+01
-8.872657775878906250e+01,2.793145561218261719e+01
-8.872718048095703125e+01,2.793082046508789062e+01
-8.872702026367187500e+01,2.793086624145507812e+01
-8.872635650634765625e+01,2.793094062805175781e+01
-8.872718048095703125e+01,2.793049240112304688e+01
-8.872657012939453125e+01,2.793094635009765625e+01
-8.872713470458984375e+01,2.793025398254394531e+01
-8.872664642333984375e+01,2.793072700500488281e+01
-8.872634887695312500e+01,2.793045425415039062e+01
-8.872669982910156250e+01,2.793082046508789062e+01
-8.872703552246093750e+01,2.793121910095214844e+01
-8.872708129882812500e+01,2.793079757690429688e+01
-8.872701263427734375e+01,2.793096351623535156e+01
-8.872657775878906250e+01,2.793089103698730469e+01
-8.872735595703125000e+01,2.793056678771972656e+01
-8.872707366943359375e+01,2.793035697937011719e+01
-8.872626495361328125e+01,2.793096733093261719e+01
-8.872676086425781250e+01,2.793063545227050781e+01
-8.872699737548828125e+01,2.793070220947265625e+01
-8.872633361816406250e+01,2.793080139160156250e+01
-8.872617340087890625e+01,2.793099784851074219e+01
-8.872630310058593750e+01,2.793113327026367188e+01
-8.872669982910156250e+01,2.793052864074707031e+01
-8.872623443603515625e+01,2.793110084533691406e+01
-8.872621917724609375e+01,2.793075752258300781e+01
-8.872667694091796875e+01,2.793100357055664062e+01
-8.872653198242187500e+01,2.793086051940917969e+01
-8.872708892822265625e+01,2.793110466003417969e+01
-8.872716522216796875e+01,2.793087959289550781e+01
-8.872705841064453125e+01,2.793098449707031250e+01
-8.872629547119140625e+01,2.793100357055664062e+01
-8.872687530517578125e+01,2.793043708801269531e+01
-8.872722625732421875e+01,2.793085289001464844e+01
-8.872653961181640625e+01,2.793061828613281250e+01
-8.872618103027343750e+01,2.793103599548339844e+01
-8.872681427001953125e+01,2.793049430847167969e+01
-8.872634124755859375e+01,2.793080139160156250e+01
-8.872633361816406250e+01,2.793056106567382812e+01
-8.872682952880859375e+01,2.793085098266601562e+01
-8.872701263427734375e+01,2.793082809448242188e+01
-8.872670745849609375e+01,2.793033027648925781e+01
-8.872714996337890625e+01,2.793064308166503906e+01
-8.872642517089843750e+01,2.793118095397949219e+01
-8.872687530517578125e+01,2.793095016479492188e+01
-8.872714996337890625e+01,2.793073463439941406e+01
-8.872691345214843750e+01,2.793105506896972656e+01
-8.872708892822265625e+01,2.793046951293945312e+01
-8.872703552246093750e+01,2.793077659606933594e+01
-8.872654724121093750e+01,2.793087196350097656e+01
-8.872649383544921875e+01,2.793122863769531250e+01
-8.872702789306640625e+01,2.793051719665527344e+01
-8.872675323486328125e+01,2.793091011047363281e+01
-8.872702789306640625e+01,2.793084716796875000e+01
-8.872660064697265625e+01,2.793123626708984375e+01
-8.872705078125000000e+01,2.793073272705078125e+01
-8.872684478759765625e+01,2.793047523498535156e+01
-8.872726440429687500e+01,2.793037796020507812e+01
-8.872717285156250000e+01,2.793106460571289062e+01
-8.872721099853515625e+01,2.793055915832519531e+01
-8.872692108154296875e+01,2.793105506896972656e+01
-8.872711944580078125e+01,2.793075561523437500e+01
-8.872716522216796875e+01,2.793025588989257812e+01
-8.872645568847656250e+01,2.793096733093261719e+01
-8.872681427001953125e+01,2.793130683898925781e+01
-8.872707366943359375e+01,2.793047142028808594e+01
-8.872729492187500000e+01,2.793089103698730469e+01
-8.872626495361328125e+01,2.793114280700683594e+01
-8.872666931152343750e+01,2.793101882934570312e+01
-8.872703552246093750e+01,2.793118858337402344e+01
-8.872700500488281250e+01,2.793050384521484375e+01
-8.872657775878906250e+01,2.793106460571289062e+01
-8.872632598876953125e+01,2.793110656738281250e+01
-8.872660827636718750e+01,2.793127250671386719e+01
-8.872698974609375000e+01,2.793111991882324219e+01
-8.872669219970703125e+01,2.793066024780273438e+01
-8.872722625732421875e+01,2.793042945861816406e+01
-8.872722625732421875e+01,2.793109130859375000e+01
-8.872689056396484375e+01,2.793108940124511719e+01
-8.872711944580078125e+01,2.793098831176757812e+01
-8.872641754150390625e+01,2.793107795715332031e+01
-8.872701263427734375e+01,2.793091011047363281e+01
-8.872676086425781250e+01,2.793101501464843750e+01
-8.872705078125000000e+01,2.793092536926269531e+01
-8.872640228271484375e+01,2.793042182922363281e+01
-8.872677612304687500e+01,2.793091583251953125e+01
-8.872612762451171875e+01,2.793079185485839844e+01
-8.872698974609375000e+01,2.793071365356445312e+01
-8.872641754150390625e+01,2.793088531494140625e+01
-8.872737121582031250e+01,2.793033218383789062e+01
-8.872709655761718750e+01,2.793100166320800781e+01
-8.872659301757812500e+01,2.793097877502441406e+01
-8.872712707519531250e+01,2.793050384521484375e+01
-8.872639465332031250e+01,2.793064880371093750e+01
-8.872722625732421875e+01,2.793105125427246094e+01
-8.872650909423828125e+01,2.793054771423339844e+01
-8.872712707519531250e+01,2.793043899536132812e+01
-8.872684478759765625e+01,2.793048286437988281e+01
-8.872677612304687500e+01,2.793099403381347656e+01
-8.872676086425781250e+01,2.793037223815917969e+01
-8.872658538818359375e+01,2.793085670471191406e+01
-8.872637939453125000e+01,2.793085098266601562e+01
-8.872639465332031250e+01,2.793114089965820312e+01
-8.872660827636718750e+01,2.793119239807128906e+01
-8.872687530517578125e+01,2.793120384216308594e+01
-8.872649383544921875e+01,2.793057632446289062e+01
-8.872654724121093750e+01,2.793109893798828125e+01
-8.872661590576171875e+01,2.793037605285644531e+01
-8.872697448730468750e+01,2.793035697937011719e+01
-8.872712707519531250e+01,2.793071365356445312e+01
-8.872730255126953125e+01,2.793104362487792969e+01
-8.872714233398437500e+01,2.793040657043457031e+01
-8.872683715820312500e+01,2.793118095397949219e+01
-8.872637176513671875e+01,2.793060684204101562e+01
-8.872663879394531250e+01,2.793102073669433594e+01
-8.872718048095703125e+01,2.793065452575683594e+01
-8.872656250000000000e+01,2.793044090270996094e+01
-8.872618103027343750e+01,2.793075370788574219e+01
-8.872660827636718750e+01,2.793137931823730469e+01
-8.872683715820312500e+01,2.793109321594238281e+01
-8.872661590576171875e+01,2.793148231506347656e+01
-8.872721862792968750e+01,2.793039703369140625e+01
-8.872650146484375000e+01,2.793073081970214844e+01
-8.872628784179687500e+01,2.793112182617187500e+01
-8.872650146484375000e+01,2.793045616149902344e+01
-8.872631835937500000e+01,2.793052673339843750e+01
-8.872661590576171875e+01,2.793065261840820312e+01
-8.872694396972656250e+01,2.793116760253906250e+01
-8.872626495361328125e+01,2.793115997314453125e+01
-8.872685241699218750e+01,2.793071365356445312e+01
-8.872640991210937500e+01,2.793115997314453125e+01
-8.872700500488281250e+01,2.793038368225097656e+01
-8.872651672363281250e+01,2.793118476867675781e+01
-8.872737884521484375e+01,2.793060874938964844e+01
-8.872695159912109375e+01,2.793042564392089844e+01
-8.872696685791015625e+01,2.793117713928222656e+01
-8.872733306884765625e+01,2.793061447143554688e+01
-8.872671508789062500e+01,2.793097496032714844e+01
-8.872674560546875000e+01,2.793104171752929688e+01
-8.872671508789062500e+01,2.793094635009765625e+01
-8.872691345214843750e+01,2.793047332763671875e+01
-8.872717285156250000e+01,2.793068313598632812e+01
-8.872716522216796875e+01,2.793107414245605469e+01
-8.872655487060546875e+01,2.793139076232910156e+01
-8.872649383544921875e+01,2.793091201782226562e+01
-8.872700500488281250e+01,2.793046379089355469e+01
-8.872617340087890625e+01,2.793084144592285156e+01
-8.872728729248046875e+01,2.793062782287597656e+01
-8.872639465332031250e+01,2.793049621582031250e+01
-8.872683715820312500e+01,2.793049812316894531e+01
-8.872707366943359375e+01,2.793084526062011719e+01
-8.872677612304687500e+01,2.793092346191406250e+01
-8.872654724121093750e+01,2.793064308166503906e+01
-8.872698974609375000e+01,2.793107223510742188e+01
-8.872661590576171875e+01,2.793124961853027344e+01
-8.872733306884765625e+01,2.793043899536132812e+01
-8.872628784179687500e+01,2.793083953857421875e+01
-8.872640991210937500e+01,2.793109703063964844e+01
-8.872657012939453125e+01,2.793088912963867188e+01
-8.872716522216796875e+01,2.793108558654785156e+01
-8.872717285156250000e+01,2.793041038513183594e+01
-8.872705841064453125e+01,2.793093109130859375e+01
-8.872673797607421875e+01,2.793136978149414062e+01
-8.872686767578125000e+01,2.793121528625488281e+01
-8.872712707519531250e+01,2.793100547790527344e+01
-8.872705841064453125e+01,2.793113136291503906e+01
-8.872714996337890625e+01,2.793112564086914062e+01
-8.872727203369140625e+01,2.793067550659179688e+01
-8.872714996337890625e+01,2.793089866638183594e+01
-8.872673797607421875e+01,2.793094062805175781e+01
-8.872663879394531250e+01,2.793139076232910156e+01
-8.872621154785156250e+01,2.793102073669433594e+01
-8.872672271728515625e+01,2.793028640747070312e+01
-8.872673034667968750e+01,2.793129920959472656e+01
-8.872668457031250000e+01,2.793066215515136719e+01
-8.872634124755859375e+01,2.793074607849121094e+01
-8.872633361816406250e+01,2.793112564086914062e+01
-8.872621917724609375e+01,2.793079185485839844e+01
-8.872623443603515625e+01,2.793085861206054688e+01
-8.872631835937500000e+01,2.793091392517089844e+01
-8.872680664062500000e+01,2.793135452270507812e+01
-8.872648620605468750e+01,2.793057250976562500e+01
-8.872643280029296875e+01,2.793123626708984375e+01
-8.872703552246093750e+01,2.793042755126953125e+01
-8.872732543945312500e+01,2.793101310729980469e+01
-8.872709655761718750e+01,2.793036270141601562e+01
-8.872664642333984375e+01,2.793054771423339844e+01
-8.872695922851562500e+01,2.793053436279296875e+01
-8.872700500488281250e+01,2.793124771118164062e+01
-8.872706604003906250e+01,2.793055725097656250e+01
-8.872652435302734375e+01,2.793128395080566406e+01
-8.872634887695312500e+01,2.793045043945312500e+01
-8.872689056396484375e+01,2.793037796020507812e+01
-8.872721862792968750e+01,2.793084335327148438e+01
-8.872650146484375000e+01,2.793100929260253906e+01
-8.872642517089843750e+01,2.793074417114257812e+01
-8.872657775878906250e+01,2.793131065368652344e+01
-8.872686767578125000e+01,2.793038558959960938e+01
-8.872651672363281250e+01,2.793088912963867188e+01
-8.872703552246093750e+01,2.793092727661132812e+01
-8.872702789306640625e+01,2.793069076538085938e+01
-8.872698211669921875e+01,2.793031692504882812e+01
-8.872696685791015625e+01,2.793086624145507812e+01
-8.872616577148437500e+01,2.793085670471191406e+01
-8.872646331787109375e+01,2.793087768554687500e+01
-8.872628784179687500e+01,2.793122863769531250e+01
-8.872699737548828125e+01,2.793117523193359375e+01
-8.872706604003906250e+01,2.793067359924316406e+01
-8.872675323486328125e+01,2.793039321899414062e+01
-8.872651672363281250e+01,2.793114471435546875e+01
-8.872659301757812500e+01,2.793138122558593750e+01
-8.872721099853515625e+01,2.793049812316894531e+01
-8.872721099853515625e+01,2.793083953857421875e+01
-8.872660827636718750e+01,2.793097496032714844e+01
-8.872648620605468750e+01,2.793062973022460938e+01
-8.872615814208984375e+01,2.793098068237304688e+01
-8.872663879394531250e+01,2.793053627014160156e+01
-8.872640991210937500e+01,2.793113136291503906e+01
-8.872669219970703125e+01,2.793043136596679688e+01
-8.872634124755859375e+01,2.793083381652832031e+01
-8.872665405273437500e+01,2.793079566955566406e+01
-8.872669219970703125e+01,2.793113899230957031e+01
-8.872690582275390625e+01,2.793107223510742188e+01
-8.872724151611328125e+01,2.793074989318847656e+01
-8.872687530517578125e+01,2.793043708801269531e+01
-8.872664642333984375e+01,2.793069648742675781e+01
-8.872711944580078125e+01,2.793069648742675781e+01
-8.872706604003906250e+01,2.793024826049804688e+01
-8.872713470458984375e+01,2.793042373657226562e+01
-8.872668457031250000e+01,2.793122291564941406e+01
-8.872643280029296875e+01,2.793063926696777344e+01
-8.872703552246093750e+01,2.793096733093261719e+01
-8.872667694091796875e+01,2.793071174621582031e+01
-8.872700500488281250e+01,2.793051147460937500e+01
-8.872673797607421875e+01,2.793051719665527344e+01
-8.872695922851562500e+01,2.793078994750976562e+01
-8.872661590576171875e+01,2.793061447143554688e+01
-8.872728729248046875e+01,2.793051719665527344e+01
-8.872682189941406250e+01,2.793044662475585938e+01
-8.872640228271484375e+01,2.793123245239257812e+01
-8.872711944580078125e+01,2.793115615844726562e+01
-8.872648620605468750e+01,2.793126106262207031e+01
-8.872636413574218750e+01,2.793065261840820312e+01
-8.872683715820312500e+01,2.793116760253906250e+01
-8.872676849365234375e+01,2.793119239807128906e+01
-8.872630310058593750e+01,2.793077278137207031e+01
-8.872716522216796875e+01,2.793087196350097656e+01
-8.872694396972656250e+01,2.793033981323242188e+01
-8.872718811035156250e+01,2.793057060241699219e+01
-8.872665405273437500e+01,2.793055534362792969e+01
-8.872691345214843750e+01,2.793031883239746094e+01
-8.872645568847656250e+01,2.793100166320800781e+01
-8.872629547119140625e+01,2.793080902099609375e+01
-8.872692871093750000e+01,2.793080711364746094e+01
-8.872737121582031250e+01,2.793056869506835938e+01
-8.872629547119140625e+01,2.793083763122558594e+01
-8.872731781005859375e+01,2.793043899536132812e+01
-8.872676849365234375e+01,2.793067741394042969e+01
-8.872705078125000000e+01,2.793086624145507812e+01
-8.872730255126953125e+01,2.793055152893066406e+01
-8.872675323486328125e+01,2.793067741394042969e+01
-8.872668457031250000e+01,2.793037033081054688e+01
-8.872673797607421875e+01,2.793068313598632812e+01
-8.872678375244140625e+01,2.793123817443847656e+01
-8.872676849365234375e+01,2.793022918701171875e+01
-8.872642517089843750e+01,2.793128395080566406e+01
-8.872676086425781250e+01,2.793074989318847656e+01
-8.872714996337890625e+01,2.793057250976562500e+01
-8.872672271728515625e+01,2.793083572387695312e+01
-8.872674560546875000e+01,2.793041610717773438e+01
-8.872723388671875000e+01,2.793103981018066406e+01
-8.872670745849609375e+01,2.793121528625488281e+01
-8.872702789306640625e+01,2.793050765991210938e+01
-8.872713470458984375e+01,2.793051338195800781e+01
-8.872713470458984375e+01,2.793052482604980469e+01
-8.872654724121093750e+01,2.793125343322753906e+01
-8.872682952880859375e+01,2.793065452575683594e+01
-8.872660827636718750e+01,2.793029785156250000e+01
-8.872650909423828125e+01,2.793059921264648438e+01
-8.872656250000000000e+01,2.793139457702636719e+01
-8.872657012939453125e+01,2.793109893798828125e+01
-8.872674560546875000e+01,2.793082046508789062e+01
-8.872633361816406250e+01,2.793083190917968750e+01
-8.872680664062500000e+01,2.793066978454589844e+01
-8.872686767578125000e+01,2.793038558959960938e+01
-8.872653198242187500e+01,2.793046188354492188e+01
-8.872667694091796875e+01,2.793056106567382812e+01
-8.872666931152343750e+01,2.793049812316894531e+01
-8.872668457031250000e+01,2.793056106567382812e+01
-8.872676849365234375e+01,2.793125152587890625e+01
-8.872679901123046875e+01,2.793108367919921875e+01
-8.872705841064453125e+01,2.793055534362792969e+01
-8.872633361816406250e+01,2.793083000183105469e+01
-8.872724914550781250e+01,2.793069839477539062e+01
-8.872641754150390625e+01,2.793089103698730469e+01
-8.872678375244140625e+01,2.793063354492187500e+01
-8.872631835937500000e+01,2.793090248107910156e+01
-8.872619628906250000e+01,2.793113327026367188e+01
-8.872628021240234375e+01,2.793099784851074219e+01
-8.872711181640625000e+01,2.793096733093261719e+01
-8.872689056396484375e+01,2.793039703369140625e+01
-8.872702026367187500e+01,2.793029403686523438e+01
-8.872637176513671875e+01,2.793071937561035156e+01
-8.872668457031250000e+01,2.793054389953613281e+01
-8.872669982910156250e+01,2.793089675903320312e+01
-8.872706604003906250e+01,2.793102455139160156e+01
-8.872737121582031250e+01,2.793053627014160156e+01
-8.872647094726562500e+01,2.793069648742675781e+01
-8.872720336914062500e+01,2.793102264404296875e+01
-8.872726440429687500e+01,2.793092346191406250e+01
-8.872653961181640625e+01,2.793054580688476562e+01
-8.872687530517578125e+01,2.793130111694335938e+01
-8.872650146484375000e+01,2.793080902099609375e+01
-8.872648620605468750e+01,2.793093681335449219e+01
-8.872634887695312500e+01,2.793095397949218750e+01
-8.872647094726562500e+01,2.793104362487792969e+01
-8.872676849365234375e+01,2.793125343322753906e+01
-8.872656250000000000e+01,2.793033981323242188e+01
-8.872680664062500000e+01,2.793096542358398438e+01
-8.872741699218750000e+01,2.793055725097656250e+01
-8.872672271728515625e+01,2.793122863769531250e+01
-8.872728729248046875e+01,2.793065834045410156e+01
-8.872702026367187500e+01,2.793097496032714844e+01
-8.872679138183593750e+01,2.793115425109863281e+01
-8.872695922851562500e+01,2.793092727661132812e+01
-8.872621154785156250e+01,2.793100166320800781e+01
-8.872696685791015625e+01,2.793124008178710938e+01
-8.872657012939453125e+01,2.793099594116210938e+01
-8.872688293457031250e+01,2.793065834045410156e+01
-8.872659301757812500e+01,2.793066215515136719e+01
-8.872645568847656250e+01,2.793147850036621094e+01
-8.872657012939453125e+01,2.793125915527343750e+01
-8.872735595703125000e+01,2.793063163757324219e+01
-8.872689056396484375e+01,2.793110084533691406e+01
-8.872702026367187500e+01,2.793057632446289062e+01
-8.872724151611328125e+01,2.793065643310546875e+01
-8.872624969482421875e+01,2.793102264404296875e+01
-8.872728729248046875e+01,2.793097496032714844e+01
-8.872653961181640625e+01,2.793108177185058594e+01
-8.872656250000000000e+01,2.793115043640136719e+01
-8.872677612304687500e+01,2.793038177490234375e+01
-8.872669219970703125e+01,2.793140602111816406e+01
-8.872619628906250000e+01,2.793102836608886719e+01
-8.872644042968750000e+01,2.793044090270996094e+01
-8.872707366943359375e+01,2.793094635009765625e+01
-8.872709655761718750e+01,2.793089294433593750e+01
-8.872677612304687500e+01,2.793054008483886719e+01
-8.872671508789062500e+01,2.793117332458496094e+01
-8.872673797607421875e+01,2.793064880371093750e+01
-8.872650909423828125e+01,2.793150138854980469e+01
-8.872682189941406250e+01,2.793089866638183594e+01
-8.872704315185546875e+01,2.793089103698730469e+01
-8.872631072998046875e+01,2.793114089965820312e+01
-8.872652435302734375e+01,2.793144989013671875e+01
-8.872622680664062500e+01,2.793097877502441406e+01
-8.872734832763671875e+01,2.793036651611328125e+01
-8.872639465332031250e+01,2.793120384216308594e+01
-8.872670745849609375e+01,2.793068504333496094e+01
-8.872646331787109375e+01,2.793116950988769531e+01
-8.872703552246093750e+01,2.793059539794921875e+01
-8.872695159912109375e+01,2.793112182617187500e+01
-8.872679901123046875e+01,2.793071174621582031e+01
-8.872714233398437500e+01,2.793067169189453125e+01
-8.872694396972656250e+01,2.793083763122558594e+01
-8.872679138183593750e+01,2.793060493469238281e+01
-8.872693634033203125e+01,2.793067741394042969e+01
-8.872634124755859375e+01,2.793095397949218750e+01
-8.872731018066406250e+01,2.793051910400390625e+01
-8.872717285156250000e+01,2.793108558654785156e+01
-8.872695159912109375e+01,2.793078613281250000e+01
-8.872665405273437500e+01,2.793098831176757812e+01
-8.872685241699218750e+01,2.793043518066406250e+01
-8.872676849365234375e+01,2.793052864074707031e+01
-8.872663879394531250e+01,2.793053245544433594e+01
-8.872679138183593750e+01,2.793116188049316406e+01
-8.872665405273437500e+01,2.793067932128906250e+01
-8.872673797607421875e+01,2.793027687072753906e+01
-8.872649383544921875e+01,2.793066978454589844e+01
-8.872643280029296875e+01,2.793054771423339844e+01
-8.872660827636718750e+01,2.793082046508789062e+01
-8.872660827636718750e+01,2.793049049377441406e+01
-8.872630310058593750e+01,2.793089294433593750e+01
-8.872690582275390625e+01,2.793090820312500000e+01
-8.872666168212890625e+01,2.793117523193359375e+01
-8.872619628906250000e+01,2.793092155456542969e+01
-8.872691345214843750e+01,2.793062782287597656e+01
-8.872665405273437500e+01,2.793055725097656250e+01
-8.872646331787109375e+01,2.793118667602539062e+01
-8.872654724121093750e+01,2.793122673034667969e+01
-8.872721862792968750e+01,2.793047523498535156e+01
-8.872616577148437500e+01,2.793085479736328125e+01
-8.872648620605468750e+01,2.793110466003417969e+01
-8.872705078125000000e+01,2.793106460571289062e+01
-8.872723388671875000e+01,2.793071937561035156e+01
-8.872627258300781250e+01,2.793070411682128906e+01
-8.872617340087890625e+01,2.793084907531738281e+01
-8.872641754150390625e+01,2.793048286437988281e+01
-8.872640991210937500e+01,2.793118095397949219e+01
-8.872626495361328125e+01,2.793120193481445312e+01
-8.872702789306640625e+01,2.793046760559082031e+01
-8.872660827636718750e+01,2.793132781982421875e+01
-8.872729492187500000e+01,2.793087196350097656e+01
-8.872671508789062500e+01,2.793089294433593750e+01
-8.872640991210937500e+01,2.793091583251953125e+01
-8.872648620605468750e+01,2.793099212646484375e+01
-8.872626495361328125e+01,2.793086624145507812e+01
-8.872721862792968750e+01,2.793047142028808594e+01
-8.872674560546875000e+01,2.793101882934570312e+01
-8.872653961181640625e+01,2.793084907531738281e+01
-8.872699737548828125e+01,2.793026733398437500e+01
-8.872721862792968750e+01,2.793041801452636719e+01
-8.872701263427734375e+01,2.793079948425292969e+01
-8.872638702392578125e+01,2.793094253540039062e+01
-8.872633361816406250e+01,2.793052101135253906e+01
-8.872647094726562500e+01,2.793087959289550781e+01
-8.872637939453125000e+01,2.793074989318847656e+01
-8.872683715820312500e+01,2.793045043945312500e+01
-8.872659301757812500e+01,2.793039512634277344e+01
-8.872737884521484375e+01,2.793038177490234375e+01
-8.872657775878906250e+01,2.793145179748535156e+01
-8.872676086425781250e+01,2.793059730529785156e+01
-8.872736358642578125e+01,2.793060302734375000e+01
-8.872726440429687500e+01,2.793064308166503906e+01
-8.872700500488281250e+01,2.793103218078613281e+01
-8.872682189941406250e+01,2.793101692199707031e+01
-8.872658538818359375e+01,2.793099021911621094e+01
-8.872705078125000000e+01,2.793113899230957031e+01
-8.872675323486328125e+01,2.793109893798828125e+01
-8.872686767578125000e+01,2.793119049072265625e+01
-8.872663116455078125e+01,2.793130111694335938e+01
-8.872737121582031250e+01,2.793063735961914062e+01
-8.872647857666015625e+01,2.793149566650390625e+01
-8.872640228271484375e+01,2.793051910400390625e+01
-8.872651672363281250e+01,2.793099594116210938e+01
-8.872644805908203125e+01,2.793124389648437500e+01
-8.872669982910156250e+01,2.793111610412597656e+01
-8.872702789306640625e+01,2.793121337890625000e+01
-8.872661590576171875e+01,2.793107032775878906e+01
-8.872652435302734375e+01,2.793064498901367188e+01
-8.872697448730468750e+01,2.793039512634277344e+01
-8.872678375244140625e+01,2.793040084838867188e+01
-8.872715759277343750e+01,2.793041038513183594e+01
-8.872692108154296875e+01,2.793037796020507812e+01
-8.872725677490234375e+01,2.793104934692382812e+01
-8.872677612304687500e+01,2.793129158020019531e+01
-8.872640228271484375e+01,2.793091583251953125e+01
-8.872680664062500000e+01,2.793059349060058594e+01
-8.872710418701171875e+01,2.793111801147460938e+01
-8.872631072998046875e+01,2.793106079101562500e+01
-8.872669982910156250e+01,2.793034172058105469e+01
-8.872627258300781250e+01,2.793076515197753906e+01
-8.872675323486328125e+01,2.793116188049316406e+01
-8.872727203369140625e+01,2.793030929565429688e+01
-8.872675323486328125e+01,2.793044281005859375e+01
-8.872686767578125000e+01,2.793119239807128906e+01
-8.872714996337890625e+01,2.793084144592285156e+01
-8.872640991210937500e+01,2.793090629577636719e+01
-8.872710418701171875e+01,2.793059730529785156e+01
-8.872633361816406250e+01,2.793106842041015625e+01
-8.872671508789062500e+01,2.793087196350097656e+01
-8.872686004638671875e+01,2.793053245544433594e+01
-8.872643280029296875e+01,2.793054580688476562e+01
-8.872640991210937500e+01,2.793093872070312500e+01
-8.872664642333984375e+01,2.793054580688476562e+01
-8.872638702392578125e+01,2.793107795715332031e+01
-8.872708129882812500e+01,2.793112182617187500e+01
-8.872705841064453125e+01,2.793035316467285156e+01
-8.872649383544921875e+01,2.793085289001464844e+01
-8.872642517089843750e+01,2.793080711364746094e+01
-8.872635650634765625e+01,2.793095207214355469e+01
-8.872634124755859375e+01,2.793125343322753906e+01
-8.872679138183593750e+01,2.793127632141113281e+01
-8.872721099853515625e+01,2.793044853210449219e+01
-8.872655487060546875e+01,2.793086814880371094e+01
-8.872623443603515625e+01,2.793132019042968750e+01
-8.872728729248046875e+01,2.793058204650878906e+01
-8.872698211669921875e+01,2.793102645874023438e+01
-8.872640228271484375e+01,2.793074226379394531e+01
-8.872681427001953125e+01,2.793086433410644531e+01
-8.872705078125000000e+01,2.793044471740722656e+01
-8.872718048095703125e+01,2.793064498901367188e+01
-8.872700500488281250e+01,2.793098258972167969e+01
-8.872702026367187500e+01,2.793109512329101562e+01
-8.872686004638671875e+01,2.793096160888671875e+01
-8.872722625732421875e+01,2.793091583251953125e+01
-8.872711944580078125e+01,2.793055152893066406e+01
-8.872708892822265625e+01,2.793046760559082031e+01
-8.872688293457031250e+01,2.793116188049316406e+01
-8.872641754150390625e+01,2.793102073669433594e+01
-8.872685241699218750e+01,2.793133163452148438e+01
-8.872697448730468750e+01,2.793053817749023438e+01
-8.872692108154296875e+01,2.793080902099609375e+01
-8.872714996337890625e+01,2.793032264709472656e+01
-8.872662353515625000e+01,2.793113136291503906e+01
-8.872644805908203125e+01,2.793098068237304688e+01
-8.872640991210937500e+01,2.793096923828125000e+01
-8.872635650634765625e+01,2.793075752258300781e+01
-8.872718048095703125e+01,2.793068695068359375e+01
-8.872658538818359375e+01,2.793067169189453125e+01
-8.872648620605468750e+01,2.793040847778320312e+01
-8.872630310058593750e+01,2.793074035644531250e+01
-8.872703552246093750e+01,2.793033218383789062e+01
-8.872700500488281250e+01,2.793056488037109375e+01
-8.872635650634765625e+01,2.793067169189453125e+01
-8.872689819335937500e+01,2.793070411682128906e+01
-8.872627258300781250e+01,2.793089103698730469e+01
-8.872738647460937500e+01,2.793047523498535156e+01
-8.872695922851562500e+01,2.793100357055664062e+01
-8.872709655761718750e+01,2.793041801452636719e+01
-8.872680664062500000e+01,2.793071174621582031e+01
-8.872623443603515625e+01,2.793118095397949219e+01
-8.872668457031250000e+01,2.793092155456542969e+01
-8.872669219970703125e+01,2.793047714233398438e+01
-8.872653961181640625e+01,2.793102836608886719e+01
-8.872679901123046875e+01,2.793073654174804688e+01
-8.872686004638671875e+01,2.793035316467285156e+01
-8.872686767578125000e+01,2.793062973022460938e+01
-8.872643280029296875e+01,2.793117141723632812e+01
-8.872640228271484375e+01,2.793113899230957031e+01
-8.872692108154296875e+01,2.793045997619628906e+01
-8.872727966308593750e+01,2.793107414245605469e+01
-8.872661590576171875e+01,2.793054199218750000e+01
-8.872664642333984375e+01,2.793055915832519531e+01
-8.872715759277343750e+01,2.793091011047363281e+01
-8.872686767578125000e+01,2.793123817443847656e+01
-8.872731781005859375e+01,2.793044662475585938e+01
-8.872712707519531250e+01,2.793103599548339844e+01
-8.872650909423828125e+01,2.793069648742675781e+01
-8.872702789306640625e+01,2.793033790588378906e+01
-8.872718811035156250e+01,2.793061447143554688e+01
-8.872683715820312500e+01,2.793090057373046875e+01
-8.872731018066406250e+01,2.793098449707031250e+01
-8.872621154785156250e+01,2.793098640441894531e+01
-8.872701263427734375e+01,2.793040084838867188e+01
-8.872659301757812500e+01,2.793037605285644531e+01
-8.872697448730468750e+01,2.793076705932617188e+01
-8.872653961181640625e+01,2.793127250671386719e+01
-8.872709655761718750e+01,2.793060302734375000e+01
-8.872707366943359375e+01,2.793099021911621094e+01
-8.872708129882812500e+01,2.793096351623535156e+01
-8.872672271728515625e+01,2.793060493469238281e+01
-8.872636413574218750e+01,2.793095588684082031e+01
-8.872634124755859375e+01,2.793086433410644531e+01
-8.872638702392578125e+01,2.793045616149902344e+01
-8.872643280029296875e+01,2.793119621276855469e+01
-8.872696685791015625e+01,2.793073081970214844e+01
-8.872655487060546875e+01,2.793066978454589844e+01
-8.872665405273437500e+01,2.793128967285156250e+01
-8.872717285156250000e+01,2.793084526062011719e+01
-8.872725677490234375e+01,2.793069267272949219e+01
-8.872680664062500000e+01,2.793135070800781250e+01
-8.872676086425781250e+01,2.793082618713378906e+01
-8.872678375244140625e+01,2.793040847778320312e+01
-8.872638702392578125e+01,2.793074226379394531e+01
-8.872626495361328125e+01,2.793123054504394531e+01
-8.872644805908203125e+01,2.793068885803222656e+01
-8.872666168212890625e+01,2.793111228942871094e+01
-8.872622680664062500e+01,2.793132019042968750e+01
-8.872687530517578125e+01,2.793034172058105469e+01
-8.872709655761718750e+01,2.793062400817871094e+01
-8.872732543945312500e+01,2.793038940429687500e+01
-8.872638702392578125e+01,2.793094062805175781e+01
-8.872698211669921875e+01,2.793042755126953125e+01
-8.872732543945312500e+01,2.793048667907714844e+01
-8.872661590576171875e+01,2.793092536926269531e+01
-8.872674560546875000e+01,2.793067932128906250e+01
-8.872727966308593750e+01,2.793050384521484375e+01
-8.872655487060546875e+01,2.793076324462890625e+01
-8.872634124755859375e+01,2.793086814880371094e+01
-8.872628021240234375e+01,2.793090629577636719e+01
-8.872723388671875000e+01,2.793065071105957031e+01
-8.872690582275390625e+01,2.793117713928222656e+01
-8.872657012939453125e+01,2.793055343627929688e+01
-8.872616577148437500e+01,2.793079948425292969e+01
-8.872702789306640625e+01,2.793094062805175781e+01
-8.872700500488281250e+01,2.793089294433593750e+01
-8.872708129882812500e+01,2.793121528625488281e+01
-8.872677612304687500e+01,2.793094825744628906e+01
-8.872688293457031250e+01,2.793046569824218750e+01
-8.872713470458984375e+01,2.793033218383789062e+01
-8.872651672363281250e+01,2.793102645874023438e+01
-8.872632598876953125e+01,2.793049812316894531e+01
-8.872731018066406250e+01,2.793044853210449219e+01
-8.872673034667968750e+01,2.793050765991210938e+01
-8.872673034667968750e+01,2.793028640747070312e+01
-8.872649383544921875e+01,2.793046188354492188e+01
-8.872680664062500000e+01,2.793045997619628906e+01
-8.872731018066406250e+01,2.793047332763671875e+01
-8.872686004638671875e+01,2.793093109130859375e+01
-8.872690582275390625e+01,2.793049812316894531e+01
-8.872712707519531250e+01,2.793090438842773438e+01
-8.872671508789062500e+01,2.793142318725585938e+01
-8.872640228271484375e+01,2.793060874938964844e+01
-8.872662353515625000e+01,2.793109512329101562e+01
-8.872662353515625000e+01,2.793074607849121094e+01
-8.872625732421875000e+01,2.793081092834472656e+01
-8.872697448730468750e+01,2.793061828613281250e+01
-8.872729492187500000e+01,2.793096542358398438e+01
-8.872649383544921875e+01,2.793039131164550781e+01
-8.872624206542968750e+01,2.793095970153808594e+01
-8.872719573974609375e+01,2.793072128295898438e+01
-8.872686004638671875e+01,2.793064689636230469e+01
-8.872650146484375000e+01,2.793152809143066406e+01
-8.872667694091796875e+01,2.793103027343750000e+01
-8.872702789306640625e+01,2.793078994750976562e+01
-8.872711181640625000e+01,2.793033218383789062e+01
-8.872703552246093750e+01,2.793035507202148438e+01
-8.872732543945312500e+01,2.793047904968261719e+01
-8.872639465332031250e+01,2.793117332458496094e+01
-8.872624206542968750e+01,2.793080902099609375e+01
-8.872713470458984375e+01,2.793099403381347656e+01
-8.872620391845703125e+01,2.793089866638183594e+01
-8.872712707519531250e+01,2.793103218078613281e+01
-8.872692108154296875e+01,2.793101501464843750e+01
-8.872707366943359375e+01,2.793104743957519531e+01
-8.872650146484375000e+01,2.793130874633789062e+01
-8.872628021240234375e+01,2.793121528625488281e+01
-8.872686004638671875e+01,2.793110084533691406e+01
-8.872632598876953125e+01,2.793122863769531250e+01
-8.872654724121093750e+01,2.793121147155761719e+01
-8.872723388671875000e+01,2.793047332763671875e+01
-8.872725677490234375e+01,2.793033409118652344e+01
-8.872703552246093750e+01,2.793104171752929688e+01
-8.872695922851562500e+01,2.793041038513183594e+01
-8.872655487060546875e+01,2.793053054809570312e+01
-8.872619628906250000e+01,2.793076515197753906e+01
-8.872685241699218750e+01,2.793057632446289062e+01
-8.872663116455078125e+01,2.793098640441894531e+01
-8.872634887695312500e+01,2.793057060241699219e+01
-8.872721862792968750e+01,2.793083572387695312e+01
-8.872711944580078125e+01,2.793078613281250000e+01
-8.872653198242187500e+01,2.793044471740722656e+01
-8.872631072998046875e+01,2.793072891235351562e+01
-8.872720336914062500e+01,2.793072128295898438e+01
-8.872662353515625000e+01,2.793144416809082031e+01
-8.872630310058593750e+01,2.793106651306152344e+01
-8.872724914550781250e+01,2.793086433410644531e+01
-8.872734832763671875e+01,2.793046760559082031e+01
-8.872685241699218750e+01,2.793056297302246094e+01
-8.872657012939453125e+01,2.793126869201660156e+01
-8.872649383544921875e+01,2.793138313293457031e+01
-8.872650146484375000e+01,2.793111419677734375e+01
-8.872724914550781250e+01,2.793072891235351562e+01
-8.872737884521484375e+01,2.793052864074707031e+01
-8.872637176513671875e+01,2.793103218078613281e+01
-8.872718048095703125e+01,2.793085479736328125e+01
-8.872661590576171875e+01,2.793124771118164062e+01
-8.872633361816406250e+01,2.793076705932617188e+01
-8.872636413574218750e+01,2.793052291870117188e+01
-8.872714233398437500e+01,2.793071365356445312e+01
-8.872718811035156250e+01,2.793069267272949219e+01
-8.872700500488281250e+01,2.793061256408691406e+01
-8.872642517089843750e+01,2.793123626708984375e+01
-8.872645568847656250e+01,2.793094635009765625e+01
-8.872657012939453125e+01,2.793125915527343750e+01
-8.872683715820312500e+01,2.793058013916015625e+01
-8.872714233398437500e+01,2.793104743957519531e+01
-8.872661590576171875e+01,2.793030929565429688e+01
-8.872670745849609375e+01,2.793127441406250000e+01
-8.872635650634765625e+01,2.793120002746582031e+01
-8.872615051269531250e+01,2.793089103698730469e+01
-8.872718048095703125e+01,2.793063926696777344e+01
-8.872660064697265625e+01,2.793073081970214844e+01
-8.872653198242187500e+01,2.793089675903320312e+01
-8.872640228271484375e+01,2.793059539794921875e+01
-8.872681427001953125e+01,2.793037605285644531e+01
-8.872673797607421875e+01,2.793073844909667969e+01
-8.872655487060546875e+01,2.793108940124511719e+01
-8.872679138183593750e+01,2.793109130859375000e+01
-8.872657012939453125e+01,2.793127822875976562e+01
-8.872708129882812500e+01,2.793063926696777344e+01
-8.872691345214843750e+01,2.793103408813476562e+01
-8.872678375244140625e+01,2.793052864074707031e+01
-8.872664642333984375e+01,2.793094635009765625e+01
-8.872715759277343750e+01,2.793098640441894531e+01
-8.872679138183593750e+01,2.793091583251953125e+01
-8.872695922851562500e+01,2.793108177185058594e+01
-8.872727203369140625e+01,2.793063163757324219e+01
-8.872651672363281250e+01,2.793064117431640625e+01
-8.872705841064453125e+01,2.793044853210449219e+01
-8.872669982910156250e+01,2.793047714233398438e+01
-8.872663879394531250e+01,2.793033599853515625e+01
-8.872693634033203125e+01,2.793068504333496094e+01
-8.872646331787109375e+01,2.793070602416992188e+01
-8.872737121582031250e+01,2.793064117431640625e+01
-8.872644805908203125e+01,2.793059921264648438e+01
-8.872640991210937500e+01,2.793044471740722656e+01
-8.872654724121093750e+01,2.793150711059570312e+01
-8.872692871093750000e+01,2.793098258972167969e+01
-8.872707366943359375e+01,2.793094444274902344e+01
-8.872658538818359375e+01,2.793126678466796875e+01
-8.872672271728515625e+01,2.793094253540039062e+01
-8.872705078125000000e+01,2.793105697631835938e+01
-8.872674560546875000e+01,2.793123626708984375e+01
-8.872700500488281250e+01,2.793029785156250000e+01
-8.872644042968750000e+01,2.793125343322753906e+01
-8.872635650634765625e+01,2.793047523498535156e+01
-8.872687530517578125e+01,2.793132209777832031e+01
-8.872728729248046875e+01,2.793092155456542969e+01
-8.872657012939453125e+01,2.793129920959472656e+01
-8.872711944580078125e+01,2.793062973022460938e+01
-8.872685241699218750e+01,2.793073654174804688e+01
-8.872657012939453125e+01,2.793062973022460938e+01
-8.872675323486328125e+01,2.793079566955566406e+01
-8.872736358642578125e+01,2.793064117431640625e+01
-8.872626495361328125e+01,2.793093490600585938e+01
-8.872690582275390625e+01,2.793061447143554688e+01
-8.872653961181640625e+01,2.793151283264160156e+01
-8.872664642333984375e+01,2.793084144592285156e+01
-8.872698974609375000e+01,2.793046188354492188e+01
-8.872683715820312500e+01,2.793105316162109375e+01
-8.872626495361328125e+01,2.793051719665527344e+01
-8.872664642333984375e+01,2.793147087097167969e+01
-8.872702026367187500e+01,2.793102073669433594e+01
-8.872643280029296875e+01,2.793130493164062500e+01
-8.872711944580078125e+01,2.793022155761718750e+01
-8.872691345214843750e+01,2.793088150024414062e+01
-8.872715759277343750e+01,2.793024063110351562e+01
-8.872629547119140625e+01,2.793099212646484375e+01
-8.872688293457031250e+01,2.793096733093261719e+01
-8.872693634033203125e+01,2.793124198913574219e+01
-8.872674560546875000e+01,2.793074226379394531e+01
-8.872660064697265625e+01,2.793105888366699219e+01
-8.872645568847656250e+01,2.793068122863769531e+01
