longitude,latitude
-9.040552520751953125e+01,2.690334510803222656e+01
-9.040706634521484375e+01,2.690254974365234375e+01
-9.040634155273437500e+01,2.690343666076660156e+01
-9.040692138671875000e+01,2.690276336669921875e+01
-9.040589141845703125e+01,2.690328407287597656e+01
-9.040683746337890625e+01,2.690290260314941406e+01
-9.040651702880859375e+01,2.690267944335937500e+01
-9.040638732910156250e+01,2.690269470214843750e+01
-9.040582275390625000e+01,2.690380477905273438e+01
-9.040597534179687500e+01,2.690365028381347656e+01
-9.040661621093750000e+01,2.690263938903808594e+01
-9.040545654296875000e+01,2.690343284606933594e+01
-9.040649414062500000e+01,2.690319061279296875e+01
-9.040663909912109375e+01,2.690264320373535156e+01
-9.040640258789062500e+01,2.690346527099609375e+01
-9.040596771240234375e+01,2.690360069274902344e+01
-9.040593719482421875e+01,2.690303230285644531e+01
-9.040619659423828125e+01,2.690292549133300781e+01
-9.040637969970703125e+01,2.690332412719726562e+01
-9.040656280517578125e+01,2.690327835083007812e+01
-9.040686035156250000e+01,2.690271759033203125e+01
-9.040568542480468750e+01,2.690326881408691406e+01
-9.040679168701171875e+01,2.690306663513183594e+01
-9.040693664550781250e+01,2.690281105041503906e+01
-9.040724182128906250e+01,2.690279960632324219e+01
-9.040679168701171875e+01,2.690303039550781250e+01
-9.040634918212890625e+01,2.690294647216796875e+01
-9.040530395507812500e+01,2.690342521667480469e+01
-9.040579223632812500e+01,2.690374565124511719e+01
-9.040611267089843750e+01,2.690353584289550781e+01
-9.040659332275390625e+01,2.690270614624023438e+01
-9.040566253662109375e+01,2.690381813049316406e+01
-9.040571594238281250e+01,2.690336608886718750e+01
-9.040647125244140625e+01,2.690341377258300781e+01
-9.040559387207031250e+01,2.690394973754882812e+01
-9.040596008300781250e+01,2.690330505371093750e+01
-9.040552520751953125e+01,2.690329360961914062e+01
-9.040598297119140625e+01,2.690318107604980469e+01
-9.040632629394531250e+01,2.690289497375488281e+01
-9.040630340576171875e+01,2.690294456481933594e+01
-9.040567779541015625e+01,2.690365409851074219e+01
-9.040700531005859375e+01,2.690252494812011719e+01
-9.040610504150390625e+01,2.690321350097656250e+01
-9.040589904785156250e+01,2.690350151062011719e+01
-9.040696716308593750e+01,2.690302467346191406e+01
-9.040635681152343750e+01,2.690295219421386719e+01
-9.040669250488281250e+01,2.690257072448730469e+01
-9.040607452392578125e+01,2.690327453613281250e+01
-9.040549468994140625e+01,2.690357208251953125e+01
-9.040641021728515625e+01,2.690290641784667969e+01
-9.040630340576171875e+01,2.690297698974609375e+01
-9.040689849853515625e+01,2.690266418457031250e+01
-9.040635681152343750e+01,2.690320014953613281e+01
-9.040675354003906250e+01,2.690278816223144531e+01
-9.040649414062500000e+01,2.690333175659179688e+01
-9.040658569335937500e+01,2.690316772460937500e+01
-9.040603637695312500e+01,2.690346336364746094e+01
-9.040624237060546875e+01,2.690287590026855469e+01
-9.040649414062500000e+01,2.690258979797363281e+01
-9.040566253662109375e+01,2.690370750427246094e+01
-9.040652465820312500e+01,2.690326881408691406e+01
-9.040605926513671875e+01,2.690308189392089844e+01
-9.040560913085937500e+01,2.690379333496093750e+01
-9.040634918212890625e+01,2.690345001220703125e+01
-9.040552520751953125e+01,2.690361404418945312e+01
-9.040647125244140625e+01,2.690297889709472656e+01
-9.040680694580078125e+01,2.690271568298339844e+01
-9.040610504150390625e+01,2.690308380126953125e+01
-9.040586090087890625e+01,2.690364456176757812e+01
-9.040650177001953125e+01,2.690320777893066406e+01
-9.040560150146484375e+01,2.690329360961914062e+01
-9.040600585937500000e+01,2.690314674377441406e+01
-9.040596771240234375e+01,2.690335655212402344e+01
-9.040615844726562500e+01,2.690300178527832031e+01
-9.040693664550781250e+01,2.690260124206542969e+01
-9.040576934814453125e+01,2.690316390991210938e+01
-9.040708160400390625e+01,2.690259742736816406e+01
-9.040609741210937500e+01,2.690357398986816406e+01
-9.040586853027343750e+01,2.690310287475585938e+01
-9.040670013427734375e+01,2.690287590026855469e+01
-9.040647125244140625e+01,2.690267372131347656e+01
-9.040618896484375000e+01,2.690302848815917969e+01
-9.040658569335937500e+01,2.690311431884765625e+01
-9.040705108642578125e+01,2.690276527404785156e+01
-9.040676116943359375e+01,2.690250587463378906e+01
-9.040565490722656250e+01,2.690317344665527344e+01
-9.040670013427734375e+01,2.690279960632324219e+01
-9.040608215332031250e+01,2.690359115600585938e+01
-9.040672302246093750e+01,2.690250205993652344e+01
-9.040665435791015625e+01,2.690266227722167969e+01
-9.040727996826171875e+01,2.690251731872558594e+01
-9.040690612792968750e+01,2.690295028686523438e+01
-9.040640258789062500e+01,2.690341758728027344e+01
-9.040623474121093750e+01,2.690302848815917969e+01
-9.040557098388671875e+01,2.690322113037109375e+01
-9.040600585937500000e+01,2.690371131896972656e+01
-9.040673065185546875e+01,2.690320205688476562e+01
-9.040649414062500000e+01,2.690324974060058594e+01
-9.040720367431640625e+01,2.690280151367187500e+01
-9.040650939941406250e+01,2.690327453613281250e+01
-9.040615081787109375e+01,2.690349769592285156e+01
-9.040549468994140625e+01,2.690355110168457031e+01
-9.040560150146484375e+01,2.690352630615234375e+01
-9.040583038330078125e+01,2.690285873413085938e+01
-9.040685272216796875e+01,2.690270423889160156e+01
-9.040657806396484375e+01,2.690305709838867188e+01
-9.040618896484375000e+01,2.690350914001464844e+01
-9.040665435791015625e+01,2.690287780761718750e+01
-9.040596008300781250e+01,2.690351676940917969e+01
-9.040606689453125000e+01,2.690342521667480469e+01
-9.040639495849609375e+01,2.690316772460937500e+01
-9.040618896484375000e+01,2.690345382690429688e+01
-9.040576171875000000e+01,2.690360260009765625e+01
-9.040654754638671875e+01,2.690311050415039062e+01
-9.040695953369140625e+01,2.690306472778320312e+01
-9.040583038330078125e+01,2.690372085571289062e+01
-9.040662384033203125e+01,2.690326690673828125e+01
-9.040568542480468750e+01,2.690308189392089844e+01
-9.040546417236328125e+01,2.690335464477539062e+01
-9.040634155273437500e+01,2.690337181091308594e+01
-9.040555572509765625e+01,2.690334892272949219e+01
-9.040571594238281250e+01,2.690342903137207031e+01
-9.040692901611328125e+01,2.690295028686523438e+01
-9.040591430664062500e+01,2.690334892272949219e+01
-9.040545654296875000e+01,2.690363502502441406e+01
-9.040670776367187500e+01,2.690283012390136719e+01
-9.040610504150390625e+01,2.690348815917968750e+01
-9.040649414062500000e+01,2.690315628051757812e+01
-9.040647125244140625e+01,2.690281486511230469e+01
-9.040589141845703125e+01,2.690314865112304688e+01
-9.040534210205078125e+01,2.690347862243652344e+01
-9.040522766113281250e+01,2.690367317199707031e+01
-9.040615081787109375e+01,2.690288162231445312e+01
-9.040666961669921875e+01,2.690298080444335938e+01
-9.040582275390625000e+01,2.690289878845214844e+01
-9.040569305419921875e+01,2.690389633178710938e+01
-9.040570068359375000e+01,2.690323638916015625e+01
-9.040677642822265625e+01,2.690321159362792969e+01
-9.040592193603515625e+01,2.690304756164550781e+01
-9.040566253662109375e+01,2.690315628051757812e+01
-9.040625762939453125e+01,2.690295982360839844e+01
-9.040666198730468750e+01,2.690300941467285156e+01
-9.040657043457031250e+01,2.690320205688476562e+01
-9.040650939941406250e+01,2.690274810791015625e+01
-9.040560913085937500e+01,2.690315818786621094e+01
-9.040632629394531250e+01,2.690296745300292969e+01
-9.040538024902343750e+01,2.690351486206054688e+01
-9.040715789794921875e+01,2.690255546569824219e+01
-9.040695190429687500e+01,2.690296745300292969e+01
-9.040667724609375000e+01,2.690331268310546875e+01
-9.040620422363281250e+01,2.690346336364746094e+01
-9.040707397460937500e+01,2.690304183959960938e+01
-9.040685272216796875e+01,2.690297698974609375e+01
-9.040650939941406250e+01,2.690258598327636719e+01
-9.040657806396484375e+01,2.690314102172851562e+01
-9.040528106689453125e+01,2.690367889404296875e+01
-9.040618133544921875e+01,2.690309715270996094e+01
-9.040570068359375000e+01,2.690306091308593750e+01
-9.040578460693359375e+01,2.690350723266601562e+01
-9.040591430664062500e+01,2.690357017517089844e+01
-9.040679931640625000e+01,2.690279769897460938e+01
-9.040718078613281250e+01,2.690255165100097656e+01
-9.040605926513671875e+01,2.690305519104003906e+01
-9.040560150146484375e+01,2.690337181091308594e+01
-9.040630340576171875e+01,2.690354156494140625e+01
-9.040642547607421875e+01,2.690281105041503906e+01
-9.040675354003906250e+01,2.690315437316894531e+01
-9.040642547607421875e+01,2.690295219421386719e+01
-9.040563201904296875e+01,2.690313339233398438e+01
-9.040569305419921875e+01,2.690307426452636719e+01
-9.040616607666015625e+01,2.690347099304199219e+01
-9.040586090087890625e+01,2.690317916870117188e+01
-9.040605926513671875e+01,2.690348052978515625e+01
-9.040681457519531250e+01,2.690291404724121094e+01
-9.040583801269531250e+01,2.690321731567382812e+01
-9.040646362304687500e+01,2.690312957763671875e+01
-9.040672302246093750e+01,2.690330696105957031e+01
-9.040708923339843750e+01,2.690263366699218750e+01
-9.040592956542968750e+01,2.690306663513183594e+01
-9.040574645996093750e+01,2.690317726135253906e+01
-9.040618896484375000e+01,2.690335464477539062e+01
-9.040682220458984375e+01,2.690319442749023438e+01
-9.040593719482421875e+01,2.690338706970214844e+01
-9.040661621093750000e+01,2.690322494506835938e+01
-9.040578460693359375e+01,2.690329933166503906e+01
-9.040602874755859375e+01,2.690308952331542969e+01
-9.040619659423828125e+01,2.690288352966308594e+01
-9.040567016601562500e+01,2.690337944030761719e+01
-9.040629577636718750e+01,2.690344238281250000e+01
-9.040658569335937500e+01,2.690342903137207031e+01
-9.040679168701171875e+01,2.690296936035156250e+01
-9.040696716308593750e+01,2.690255928039550781e+01
-9.040650177001953125e+01,2.690315246582031250e+01
-9.040664672851562500e+01,2.690267753601074219e+01
-9.040651702880859375e+01,2.690282249450683594e+01
-9.040707397460937500e+01,2.690303611755371094e+01
-9.040576171875000000e+01,2.690299606323242188e+01
-9.040557861328125000e+01,2.690331840515136719e+01
-9.040621948242187500e+01,2.690307617187500000e+01
-9.040579223632812500e+01,2.690376663208007812e+01
-9.040706634521484375e+01,2.690304183959960938e+01
-9.040610504150390625e+01,2.690332412719726562e+01
-9.040656280517578125e+01,2.690283966064453125e+01
-9.040568542480468750e+01,2.690368652343750000e+01
-9.040578460693359375e+01,2.690377616882324219e+01
-9.040656280517578125e+01,2.690330314636230469e+01
-9.040518188476562500e+01,2.690363502502441406e+01
-9.040631103515625000e+01,2.690350341796875000e+01
-9.040692901611328125e+01,2.690295600891113281e+01
-9.040609741210937500e+01,2.690303993225097656e+01
-9.040565490722656250e+01,2.690303230285644531e+01
-9.040614318847656250e+01,2.690291595458984375e+01
-9.040696716308593750e+01,2.690264701843261719e+01
-9.040649414062500000e+01,2.690344238281250000e+01
-9.040687561035156250e+01,2.690320014953613281e+01
-9.040639495849609375e+01,2.690321350097656250e+01
-9.040569305419921875e+01,2.690335655212402344e+01
-9.040694427490234375e+01,2.690263557434082031e+01
-9.040632629394531250e+01,2.690269851684570312e+01
-9.040537261962890625e+01,2.690346336364746094e+01
-9.040692901611328125e+01,2.690295028686523438e+01
-9.040585327148437500e+01,2.690303230285644531e+01
-9.040703582763671875e+01,2.690275764465332031e+01
-9.040651702880859375e+01,2.690338325500488281e+01
-9.040612792968750000e+01,2.690354156494140625e+01
-9.040556335449218750e+01,2.690393638610839844e+01
-9.040665435791015625e+01,2.690326690673828125e+01
-9.040632629394531250e+01,2.690334701538085938e+01
-9.040584564208984375e+01,2.690312004089355469e+01
-9.040641021728515625e+01,2.690301132202148438e+01
-9.040707397460937500e+01,2.690256118774414062e+01
-9.040570068359375000e+01,2.690314865112304688e+01
-9.040655517578125000e+01,2.690276908874511719e+01
-9.040572357177734375e+01,2.690309143066406250e+01
-9.040603637695312500e+01,2.690287590026855469e+01
-9.040697479248046875e+01,2.690285301208496094e+01
-9.040621185302734375e+01,2.690310287475585938e+01
-9.040662384033203125e+01,2.690327835083007812e+01
-9.040657043457031250e+01,2.690252113342285156e+01
-9.040605163574218750e+01,2.690371131896972656e+01
-9.040602874755859375e+01,2.690275382995605469e+01
-9.040540313720703125e+01,2.690334701538085938e+01
-9.040664672851562500e+01,2.690302467346191406e+01
-9.040639495849609375e+01,2.690312957763671875e+01
-9.040544891357421875e+01,2.690364265441894531e+01
-9.040552520751953125e+01,2.690332031250000000e+01
-9.040622711181640625e+01,2.690340232849121094e+01
-9.040657043457031250e+01,2.690319824218750000e+01
-9.040600585937500000e+01,2.690350532531738281e+01
-9.040629577636718750e+01,2.690288734436035156e+01
-9.040551757812500000e+01,2.690350723266601562e+01
-9.040679168701171875e+01,2.690261650085449219e+01
-9.040583038330078125e+01,2.690292930603027344e+01
-9.040690612792968750e+01,2.690262413024902344e+01
-9.040547180175781250e+01,2.690393257141113281e+01
-9.040584564208984375e+01,2.690321922302246094e+01
-9.040547180175781250e+01,2.690392494201660156e+01
-9.040565490722656250e+01,2.690330123901367188e+01
-9.040620422363281250e+01,2.690319252014160156e+01
-9.040618896484375000e+01,2.690342903137207031e+01
-9.040663146972656250e+01,2.690316581726074219e+01
-9.040608978271484375e+01,2.690299224853515625e+01
-9.040660095214843750e+01,2.690254020690917969e+01
-9.040617370605468750e+01,2.690319061279296875e+01
-9.040550231933593750e+01,2.690354156494140625e+01
-9.040702056884765625e+01,2.690308189392089844e+01
-9.040610504150390625e+01,2.690292549133300781e+01
-9.040589904785156250e+01,2.690325736999511719e+01
-9.040645599365234375e+01,2.690324974060058594e+01
-9.040612030029296875e+01,2.690294647216796875e+01
-9.040647888183593750e+01,2.690295410156250000e+01
-9.040679931640625000e+01,2.690257644653320312e+01
-9.040633392333984375e+01,2.690307617187500000e+01
-9.040640258789062500e+01,2.690343093872070312e+01
-9.040613555908203125e+01,2.690325927734375000e+01
-9.040588378906250000e+01,2.690357208251953125e+01
-9.040599822998046875e+01,2.690351295471191406e+01
-9.040678405761718750e+01,2.690260887145996094e+01
-9.040664672851562500e+01,2.690259742736816406e+01
-9.040649414062500000e+01,2.690286636352539062e+01
-9.040636444091796875e+01,2.690318298339843750e+01
-9.040696716308593750e+01,2.690291404724121094e+01
-9.040631103515625000e+01,2.690286064147949219e+01
-9.040649414062500000e+01,2.690345382690429688e+01
-9.040678405761718750e+01,2.690265083312988281e+01
-9.040638732910156250e+01,2.690271377563476562e+01
-9.040563964843750000e+01,2.690308189392089844e+01
-9.040538024902343750e+01,2.690349006652832031e+01
-9.040631103515625000e+01,2.690282630920410156e+01
-9.040663909912109375e+01,2.690262031555175781e+01
-9.040635681152343750e+01,2.690279006958007812e+01
-9.040673828125000000e+01,2.690306282043457031e+01
-9.040606689453125000e+01,2.690341949462890625e+01
-9.040701293945312500e+01,2.690297317504882812e+01
-9.040512847900390625e+01,2.690367507934570312e+01
-9.040576934814453125e+01,2.690338516235351562e+01
-9.040655517578125000e+01,2.690328979492187500e+01
-9.040541076660156250e+01,2.690337944030761719e+01
-9.040567016601562500e+01,2.690320968627929688e+01
-9.040673828125000000e+01,2.690298843383789062e+01
-9.040568542480468750e+01,2.690388107299804688e+01
-9.040579986572265625e+01,2.690363502502441406e+01
-9.040630340576171875e+01,2.690349578857421875e+01
-9.040586090087890625e+01,2.690370178222656250e+01
-9.040581512451171875e+01,2.690342712402343750e+01
-9.040607452392578125e+01,2.690318107604980469e+01
-9.040621948242187500e+01,2.690272140502929688e+01
-9.040663146972656250e+01,2.690282630920410156e+01
-9.040554809570312500e+01,2.690318298339843750e+01
-9.040660095214843750e+01,2.690266799926757812e+01
-9.040652465820312500e+01,2.690312194824218750e+01
-9.040679168701171875e+01,2.690254402160644531e+01
-9.040573120117187500e+01,2.690314483642578125e+01
-9.040642547607421875e+01,2.690343666076660156e+01
-9.040635681152343750e+01,2.690324592590332031e+01
-9.040673828125000000e+01,2.690264701843261719e+01
-9.040578460693359375e+01,2.690311241149902344e+01
-9.040581512451171875e+01,2.690313720703125000e+01
-9.040637969970703125e+01,2.690273666381835938e+01
-9.040624237060546875e+01,2.690323638916015625e+01
-9.040645599365234375e+01,2.690261268615722656e+01
-9.040566253662109375e+01,2.690303611755371094e+01
-9.040581512451171875e+01,2.690346908569335938e+01
-9.040688323974609375e+01,2.690258979797363281e+01
-9.040621948242187500e+01,2.690361785888671875e+01
-9.040577697753906250e+01,2.690339469909667969e+01
-9.040592956542968750e+01,2.690372657775878906e+01
-9.040579986572265625e+01,2.690374565124511719e+01
-9.040721130371093750e+01,2.690282249450683594e+01
-9.040714263916015625e+01,2.690261459350585938e+01
-9.040635681152343750e+01,2.690306472778320312e+01
-9.040689849853515625e+01,2.690313339233398438e+01
-9.040682220458984375e+01,2.690264701843261719e+01
-9.040599060058593750e+01,2.690309333801269531e+01
-9.040622711181640625e+01,2.690350532531738281e+01
-9.040575408935546875e+01,2.690296936035156250e+01
-9.040652465820312500e+01,2.690334892272949219e+01
-9.040644836425781250e+01,2.690295410156250000e+01
-9.040698242187500000e+01,2.690292930603027344e+01
-9.040522766113281250e+01,2.690361022949218750e+01
-9.040643310546875000e+01,2.690310287475585938e+01
-9.040625762939453125e+01,2.690336990356445312e+01
-9.040710449218750000e+01,2.690277862548828125e+01
-9.040638732910156250e+01,2.690302658081054688e+01
-9.040651702880859375e+01,2.690297317504882812e+01
-9.040561676025390625e+01,2.690347099304199219e+01
-9.040576934814453125e+01,2.690294075012207031e+01
-9.040599822998046875e+01,2.690325927734375000e+01
-9.040700531005859375e+01,2.690256118774414062e+01
-9.040672302246093750e+01,2.690317344665527344e+01
-9.040632629394531250e+01,2.690299224853515625e+01
-9.040616607666015625e+01,2.690365028381347656e+01
-9.040632629394531250e+01,2.690349769592285156e+01
-9.040603637695312500e+01,2.690342903137207031e+01
-9.040665435791015625e+01,2.690311622619628906e+01
-9.040563964843750000e+01,2.690332031250000000e+01
-9.040590667724609375e+01,2.690349578857421875e+01
-9.040582275390625000e+01,2.690347862243652344e+01
-9.040646362304687500e+01,2.690259742736816406e+01
-9.040596008300781250e+01,2.690276718139648438e+01
-9.040560150146484375e+01,2.690392303466796875e+01
-9.040707397460937500e+01,2.690286445617675781e+01
-9.040646362304687500e+01,2.690332221984863281e+01
-9.040653991699218750e+01,2.690260505676269531e+01
-9.040581512451171875e+01,2.690317916870117188e+01
-9.040632629394531250e+01,2.690332794189453125e+01
-9.040627288818359375e+01,2.690346527099609375e+01
-9.040555572509765625e+01,2.690315437316894531e+01
-9.040564727783203125e+01,2.690373611450195312e+01
-9.040676116943359375e+01,2.690316581726074219e+01
-9.040677642822265625e+01,2.690322303771972656e+01
-9.040605926513671875e+01,2.690319252014160156e+01
-9.040647125244140625e+01,2.690324592590332031e+01
-9.040589904785156250e+01,2.690322494506835938e+01
-9.040620422363281250e+01,2.690319824218750000e+01
-9.040692138671875000e+01,2.690279197692871094e+01
-9.040649414062500000e+01,2.690327835083007812e+01
-9.040617370605468750e+01,2.690362739562988281e+01
-9.040588378906250000e+01,2.690298843383789062e+01
-9.040692138671875000e+01,2.690308189392089844e+01
-9.040616607666015625e+01,2.690295791625976562e+01
-9.040632629394531250e+01,2.690273094177246094e+01
-9.040591430664062500e+01,2.690362167358398438e+01
-9.040574645996093750e+01,2.690317153930664062e+01
-9.040640258789062500e+01,2.690309333801269531e+01
-9.040593719482421875e+01,2.690337371826171875e+01
-9.040647888183593750e+01,2.690260314941406250e+01
-9.040678405761718750e+01,2.690312767028808594e+01
-9.040629577636718750e+01,2.690352439880371094e+01
-9.040567016601562500e+01,2.690385055541992188e+01
-9.040621948242187500e+01,2.690342330932617188e+01
-9.040593719482421875e+01,2.690288543701171875e+01
-9.040611267089843750e+01,2.690331459045410156e+01
-9.040561676025390625e+01,2.690330505371093750e+01
-9.040660095214843750e+01,2.690283393859863281e+01
-9.040707397460937500e+01,2.690265655517578125e+01
-9.040666961669921875e+01,2.690308761596679688e+01
-9.040674591064453125e+01,2.690285873413085938e+01
-9.040632629394531250e+01,2.690318870544433594e+01
-9.040616607666015625e+01,2.690287590026855469e+01
-9.040653228759765625e+01,2.690253067016601562e+01
-9.040589904785156250e+01,2.690350341796875000e+01
-9.040628051757812500e+01,2.690311622619628906e+01
-9.040583801269531250e+01,2.690332984924316406e+01
-9.040618133544921875e+01,2.690307426452636719e+01
-9.040648651123046875e+01,2.690321159362792969e+01
-9.040553283691406250e+01,2.690347290039062500e+01
-9.040704345703125000e+01,2.690303230285644531e+01
-9.040664672851562500e+01,2.690270996093750000e+01
-9.040687561035156250e+01,2.690297317504882812e+01
-9.040637969970703125e+01,2.690268135070800781e+01
-9.040648651123046875e+01,2.690315437316894531e+01
-9.040598297119140625e+01,2.690342330932617188e+01
-9.040586853027343750e+01,2.690363883972167969e+01
-9.040657043457031250e+01,2.690337371826171875e+01
-9.040702056884765625e+01,2.690293884277343750e+01
-9.040601348876953125e+01,2.690349197387695312e+01
-9.040682983398437500e+01,2.690304565429687500e+01
-9.040532684326171875e+01,2.690363311767578125e+01
-9.040591430664062500e+01,2.690300559997558594e+01
-9.040564727783203125e+01,2.690353965759277344e+01
-9.040657043457031250e+01,2.690280342102050781e+01
-9.040583038330078125e+01,2.690310859680175781e+01
-9.040638732910156250e+01,2.690341186523437500e+01
-9.040606689453125000e+01,2.690305709838867188e+01
-9.040676116943359375e+01,2.690301132202148438e+01
-9.040634155273437500e+01,2.690332603454589844e+01
-9.040548706054687500e+01,2.690388488769531250e+01
-9.040666198730468750e+01,2.690295028686523438e+01
-9.040602874755859375e+01,2.690345954895019531e+01
-9.040695953369140625e+01,2.690250587463378906e+01
-9.040679931640625000e+01,2.690264320373535156e+01
-9.040601348876953125e+01,2.690343093872070312e+01
-9.040542602539062500e+01,2.690391731262207031e+01
-9.040702819824218750e+01,2.690283203125000000e+01
-9.040682983398437500e+01,2.690287780761718750e+01
-9.040697479248046875e+01,2.690252494812011719e+01
-9.040660858154296875e+01,2.690340995788574219e+01
-9.040603637695312500e+01,2.690317153930664062e+01
-9.040587615966796875e+01,2.690309143066406250e+01
-9.040615081787109375e+01,2.690312004089355469e+01
-9.040652465820312500e+01,2.690271949768066406e+01
-9.040664672851562500e+01,2.690338706970214844e+01
-9.040689849853515625e+01,2.690275382995605469e+01
-9.040618133544921875e+01,2.690274620056152344e+01
-9.040667724609375000e+01,2.690305137634277344e+01
-9.040589904785156250e+01,2.690333747863769531e+01
-9.040725708007812500e+01,2.690277099609375000e+01
-9.040637969970703125e+01,2.690274238586425781e+01
-9.040567016601562500e+01,2.690357208251953125e+01
-9.040541076660156250e+01,2.690331649780273438e+01
-9.040567016601562500e+01,2.690336990356445312e+01
-9.040701293945312500e+01,2.690309143066406250e+01
-9.040597534179687500e+01,2.690320205688476562e+01
-9.040682983398437500e+01,2.690283393859863281e+01
-9.040728759765625000e+01,2.690275764465332031e+01
-9.040567779541015625e+01,2.690368461608886719e+01
-9.040673828125000000e+01,2.690267944335937500e+01
-9.040558624267578125e+01,2.690326881408691406e+01
-9.040539550781250000e+01,2.690350151062011719e+01
-9.040703582763671875e+01,2.690253829956054688e+01
-9.040676879882812500e+01,2.690313529968261719e+01
-9.040663146972656250e+01,2.690331077575683594e+01
-9.040658569335937500e+01,2.690334320068359375e+01
-9.040560913085937500e+01,2.690333747863769531e+01
-9.040676116943359375e+01,2.690301895141601562e+01
-9.040602874755859375e+01,2.690327835083007812e+01
-9.040572357177734375e+01,2.690372848510742188e+01
-9.040679168701171875e+01,2.690273857116699219e+01
-9.040588378906250000e+01,2.690364456176757812e+01
-9.040612792968750000e+01,2.690341377258300781e+01
-9.040623474121093750e+01,2.690343666076660156e+01
-9.040714263916015625e+01,2.690281677246093750e+01
-9.040568542480468750e+01,2.690363121032714844e+01
-9.040556335449218750e+01,2.690317535400390625e+01
-9.040607452392578125e+01,2.690359687805175781e+01
-9.040544891357421875e+01,2.690366935729980469e+01
-9.040575408935546875e+01,2.690315818786621094e+01
-9.040721893310546875e+01,2.690256118774414062e+01
-9.040544891357421875e+01,2.690357017517089844e+01
-9.040673828125000000e+01,2.690254783630371094e+01
-9.040661621093750000e+01,2.690319252014160156e+01
-9.040660095214843750e+01,2.690321159362792969e+01
-9.040694427490234375e+01,2.690299224853515625e+01
-9.040650177001953125e+01,2.690342712402343750e+01
-9.040568542480468750e+01,2.690353965759277344e+01
-9.040554809570312500e+01,2.690337181091308594e+01
-9.040682220458984375e+01,2.690249443054199219e+01
-9.040611267089843750e+01,2.690294265747070312e+01
-9.040658569335937500e+01,2.690320205688476562e+01
-9.040531921386718750e+01,2.690340995788574219e+01
-9.040544128417968750e+01,2.690336608886718750e+01
-9.040608215332031250e+01,2.690280914306640625e+01
-9.040639495849609375e+01,2.690280151367187500e+01
-9.040594482421875000e+01,2.690279579162597656e+01
-9.040686035156250000e+01,2.690303993225097656e+01
-9.040614318847656250e+01,2.690272331237792969e+01
-9.040678405761718750e+01,2.690279769897460938e+01
-9.040631866455078125e+01,2.690316772460937500e+01
-9.040527343750000000e+01,2.690358734130859375e+01
-9.040694427490234375e+01,2.690304756164550781e+01
-9.040664672851562500e+01,2.690298271179199219e+01
-9.040614318847656250e+01,2.690347671508789062e+01
-9.040695190429687500e+01,2.690314674377441406e+01
-9.040567016601562500e+01,2.690357208251953125e+01
-9.040663909912109375e+01,2.690323448181152344e+01
-9.040619659423828125e+01,2.690363121032714844e+01
-9.040597534179687500e+01,2.690324401855468750e+01
-9.040566253662109375e+01,2.690379524230957031e+01
-9.040610504150390625e+01,2.690318107604980469e+01
-9.040552520751953125e+01,2.690310287475585938e+01
-9.040617370605468750e+01,2.690305519104003906e+01
-9.040667724609375000e+01,2.690327453613281250e+01
-9.040680694580078125e+01,2.690261459350585938e+01
-9.040672302246093750e+01,2.690311050415039062e+01
-9.040554046630859375e+01,2.690382003784179688e+01
-9.040709686279296875e+01,2.690259933471679688e+01
-9.040542602539062500e+01,2.690350914001464844e+01
-9.040665435791015625e+01,2.690275764465332031e+01
-9.040610504150390625e+01,2.690362167358398438e+01
-9.040650177001953125e+01,2.690290260314941406e+01
-9.040596008300781250e+01,2.690284729003906250e+01
-9.040598297119140625e+01,2.690336990356445312e+01
-9.040625000000000000e+01,2.690321540832519531e+01
-9.040554046630859375e+01,2.690309906005859375e+01
-9.040614318847656250e+01,2.690351104736328125e+01
-9.040622711181640625e+01,2.690342903137207031e+01
-9.040641021728515625e+01,2.690301322937011719e+01
-9.040657043457031250e+01,2.690304565429687500e+01
-9.040618896484375000e+01,2.690328025817871094e+01
-9.040676879882812500e+01,2.690297126770019531e+01
-9.040576171875000000e+01,2.690296554565429688e+01
-9.040583038330078125e+01,2.690324401855468750e+01
-9.040649414062500000e+01,2.690293884277343750e+01
-9.040571594238281250e+01,2.690315246582031250e+01
-9.040653991699218750e+01,2.690303230285644531e+01
-9.040668487548828125e+01,2.690320014953613281e+01
-9.040673065185546875e+01,2.690268325805664062e+01
-9.040659332275390625e+01,2.690255355834960938e+01
-9.040631866455078125e+01,2.690317535400390625e+01
-9.040587615966796875e+01,2.690353965759277344e+01
-9.040583038330078125e+01,2.690371704101562500e+01
-9.040695190429687500e+01,2.690256309509277344e+01
-9.040645599365234375e+01,2.690289306640625000e+01
-9.040589141845703125e+01,2.690302085876464844e+01
-9.040650939941406250e+01,2.690326118469238281e+01
-9.040652465820312500e+01,2.690275955200195312e+01
-9.040620422363281250e+01,2.690293121337890625e+01
-9.040668487548828125e+01,2.690289115905761719e+01
-9.040689849853515625e+01,2.690297698974609375e+01
-9.040607452392578125e+01,2.690343475341796875e+01
-9.040561676025390625e+01,2.690318298339843750e+01
-9.040561676025390625e+01,2.690368461608886719e+01
-9.040577697753906250e+01,2.690301132202148438e+01
-9.040615844726562500e+01,2.690317153930664062e+01
-9.040669250488281250e+01,2.690290641784667969e+01
-9.040612792968750000e+01,2.690287208557128906e+01
-9.040679168701171875e+01,2.690291595458984375e+01
-9.040646362304687500e+01,2.690340423583984375e+01
-9.040616607666015625e+01,2.690272712707519531e+01
-9.040644073486328125e+01,2.690298080444335938e+01
-9.040560913085937500e+01,2.690389251708984375e+01
-9.040653991699218750e+01,2.690329360961914062e+01
-9.040563964843750000e+01,2.690378189086914062e+01
-9.040672302246093750e+01,2.690250968933105469e+01
-9.040607452392578125e+01,2.690283584594726562e+01
-9.040648651123046875e+01,2.690307617187500000e+01
-9.040568542480468750e+01,2.690306282043457031e+01
-9.040698242187500000e+01,2.690295600891113281e+01
-9.040596008300781250e+01,2.690369606018066406e+01
-9.040582275390625000e+01,2.690316772460937500e+01
-9.040676879882812500e+01,2.690282058715820312e+01
-9.040575408935546875e+01,2.690340423583984375e+01
-9.040621948242187500e+01,2.690330314636230469e+01
-9.040629577636718750e+01,2.690285110473632812e+01
-9.040643310546875000e+01,2.690313148498535156e+01
-9.040579986572265625e+01,2.690301704406738281e+01
-9.040584564208984375e+01,2.690291976928710938e+01
-9.040622711181640625e+01,2.690297126770019531e+01
-9.040524291992187500e+01,2.690355682373046875e+01
-9.040599822998046875e+01,2.690295219421386719e+01
-9.040560913085937500e+01,2.690303611755371094e+01
-9.040585327148437500e+01,2.690352630615234375e+01
-9.040641021728515625e+01,2.690315055847167969e+01
-9.040554809570312500e+01,2.690353393554687500e+01
-9.040594482421875000e+01,2.690350532531738281e+01
-9.040624237060546875e+01,2.690272140502929688e+01
-9.040721130371093750e+01,2.690255546569824219e+01
-9.040645599365234375e+01,2.690317916870117188e+01
-9.040566253662109375e+01,2.690349197387695312e+01
-9.040556335449218750e+01,2.690336418151855469e+01
-9.040660095214843750e+01,2.690296173095703125e+01
-9.040600585937500000e+01,2.690344619750976562e+01
-9.040674591064453125e+01,2.690290832519531250e+01
-9.040575408935546875e+01,2.690327835083007812e+01
-9.040700531005859375e+01,2.690288162231445312e+01
-9.040679931640625000e+01,2.690327262878417969e+01
-9.040693664550781250e+01,2.690253067016601562e+01
-9.040596771240234375e+01,2.690297698974609375e+01
-9.040579223632812500e+01,2.690325164794921875e+01
-9.040666961669921875e+01,2.690267372131347656e+01
-9.040563201904296875e+01,2.690302276611328125e+01
-9.040592193603515625e+01,2.690310859680175781e+01
-9.040669250488281250e+01,2.690279769897460938e+01
-9.040598297119140625e+01,2.690314102172851562e+01
-9.040705108642578125e+01,2.690306472778320312e+01
-9.040730285644531250e+01,2.690251731872558594e+01
-9.040594482421875000e+01,2.690296363830566406e+01
-9.040616607666015625e+01,2.690305709838867188e+01
-9.040686035156250000e+01,2.690312957763671875e+01
-9.040599822998046875e+01,2.690273094177246094e+01
-9.040547180175781250e+01,2.690386581420898438e+01
-9.040692138671875000e+01,2.690284919738769531e+01
-9.040610504150390625e+01,2.690327453613281250e+01
-9.040595245361328125e+01,2.690289688110351562e+01
-9.040579986572265625e+01,2.690292930603027344e+01
-9.040568542480468750e+01,2.690388488769531250e+01
-9.040705871582031250e+01,2.690254974365234375e+01
-9.040689849853515625e+01,2.690258407592773438e+01
-9.040558624267578125e+01,2.690312576293945312e+01
-9.040534973144531250e+01,2.690336418151855469e+01
-9.040550994873046875e+01,2.690318679809570312e+01
-9.040657043457031250e+01,2.690336227416992188e+01
-9.040666961669921875e+01,2.690282058715820312e+01
-9.040611267089843750e+01,2.690318298339843750e+01
-9.040551757812500000e+01,2.690327453613281250e+01
-9.040576934814453125e+01,2.690348052978515625e+01
-9.040680694580078125e+01,2.690294265747070312e+01
-9.040586090087890625e+01,2.690291213989257812e+01
-9.040545654296875000e+01,2.690393447875976562e+01
-9.040556335449218750e+01,2.690306282043457031e+01
-9.040559387207031250e+01,2.690347290039062500e+01
-9.040674591064453125e+01,2.690249443054199219e+01
-9.040540313720703125e+01,2.690363883972167969e+01
-9.040609741210937500e+01,2.690271377563476562e+01
-9.040539550781250000e+01,2.690337181091308594e+01
-9.040696716308593750e+01,2.690285110473632812e+01
-9.040663909912109375e+01,2.690283775329589844e+01
-9.040583038330078125e+01,2.690314865112304688e+01
-9.040579986572265625e+01,2.690339469909667969e+01
-9.040636444091796875e+01,2.690293502807617188e+01
-9.040703582763671875e+01,2.690277481079101562e+01
-9.040718078613281250e+01,2.690285301208496094e+01
-9.040597534179687500e+01,2.690310859680175781e+01
-9.040644073486328125e+01,2.690282249450683594e+01
-9.040625762939453125e+01,2.690337371826171875e+01
-9.040646362304687500e+01,2.690265655517578125e+01
-9.040563964843750000e+01,2.690390205383300781e+01
-9.040705871582031250e+01,2.690262603759765625e+01
-9.040663146972656250e+01,2.690271568298339844e+01
-9.040565490722656250e+01,2.690379333496093750e+01
-9.040631103515625000e+01,2.690304756164550781e+01
-9.040574645996093750e+01,2.690340995788574219e+01
-9.040601348876953125e+01,2.690291595458984375e+01
-9.040538024902343750e+01,2.690366935729980469e+01
-9.040623474121093750e+01,2.690308189392089844e+01
-9.040705871582031250e+01,2.690255737304687500e+01
-9.040643310546875000e+01,2.690293502807617188e+01
-9.040582275390625000e+01,2.690367698669433594e+01
-9.040585327148437500e+01,2.690302467346191406e+01
-9.040550231933593750e+01,2.690354919433593750e+01
-9.040615081787109375e+01,2.690280151367187500e+01
-9.040659332275390625e+01,2.690330123901367188e+01
-9.040578460693359375e+01,2.690340042114257812e+01
-9.040661621093750000e+01,2.690334320068359375e+01
-9.040559387207031250e+01,2.690368461608886719e+01
-9.040695953369140625e+01,2.690294647216796875e+01
-9.040660095214843750e+01,2.690287590026855469e+01
-9.040538024902343750e+01,2.690350914001464844e+01
-9.040600585937500000e+01,2.690288543701171875e+01
-9.040618133544921875e+01,2.690285301208496094e+01
-9.040685272216796875e+01,2.690302276611328125e+01
-9.040585327148437500e+01,2.690350914001464844e+01
-9.040708923339843750e+01,2.690301513671875000e+01
-9.040550231933593750e+01,2.690366935729980469e+01
-9.040615081787109375e+01,2.690328979492187500e+01
-9.040657806396484375e+01,2.690325164794921875e+01
-9.040691375732421875e+01,2.690300369262695312e+01
-9.040678405761718750e+01,2.690301132202148438e+01
-9.040570831298828125e+01,2.690311241149902344e+01
-9.040661621093750000e+01,2.690281295776367188e+01
-9.040544891357421875e+01,2.690340614318847656e+01
-9.040519714355468750e+01,2.690362548828125000e+01
-9.040695190429687500e+01,2.690289497375488281e+01
-9.040615081787109375e+01,2.690353775024414062e+01
-9.040570831298828125e+01,2.690345573425292969e+01
-9.040621948242187500e+01,2.690332984924316406e+01
-9.040666198730468750e+01,2.690264892578125000e+01
-9.040615844726562500e+01,2.690348625183105469e+01
-9.040693664550781250e+01,2.690298843383789062e+01
-9.040650177001953125e+01,2.690264129638671875e+01
-9.040705871582031250e+01,2.690255165100097656e+01
-9.040544128417968750e+01,2.690332031250000000e+01
-9.040601348876953125e+01,2.690356445312500000e+01
-9.040534210205078125e+01,2.690337181091308594e+01
-9.040611267089843750e+01,2.690369606018066406e+01
-9.040662384033203125e+01,2.690249061584472656e+01
-9.040670776367187500e+01,2.690280914306640625e+01
-9.040695953369140625e+01,2.690295219421386719e+01
-9.040674591064453125e+01,2.690304756164550781e+01
-9.040675354003906250e+01,2.690313339233398438e+01
-9.040543365478515625e+01,2.690343666076660156e+01
-9.040670013427734375e+01,2.690333747863769531e+01
-9.040566253662109375e+01,2.690340232849121094e+01
-9.040527343750000000e+01,2.690365409851074219e+01
-9.040661621093750000e+01,2.690333938598632812e+01
-9.040687561035156250e+01,2.690268898010253906e+01
-9.040576171875000000e+01,2.690308761596679688e+01
-9.040675354003906250e+01,2.690276527404785156e+01
-9.040643310546875000e+01,2.690284919738769531e+01
-9.040615844726562500e+01,2.690290451049804688e+01
-9.040566253662109375e+01,2.690307617187500000e+01
-9.040638732910156250e+01,2.690330314636230469e+01
-9.040637207031250000e+01,2.690295410156250000e+01
-9.040567016601562500e+01,2.690316200256347656e+01
-9.040670776367187500e+01,2.690253829956054688e+01
-9.040625762939453125e+01,2.690335464477539062e+01
-9.040693664550781250e+01,2.690297508239746094e+01
-9.040598297119140625e+01,2.690279388427734375e+01
-9.040615081787109375e+01,2.690289688110351562e+01
-9.040670776367187500e+01,2.690252113342285156e+01
-9.040643310546875000e+01,2.690329742431640625e+01
-9.040605163574218750e+01,2.690296745300292969e+01
-9.040543365478515625e+01,2.690332031250000000e+01
-9.040699768066406250e+01,2.690289497375488281e+01
-9.040604400634765625e+01,2.690340232849121094e+01
-9.040560150146484375e+01,2.690380096435546875e+01
-9.040596771240234375e+01,2.690304374694824219e+01
-9.040689849853515625e+01,2.690290069580078125e+01
-9.040539550781250000e+01,2.690335083007812500e+01
-9.040629577636718750e+01,2.690310859680175781e+01
-9.040551757812500000e+01,2.690337562561035156e+01
-9.040705108642578125e+01,2.690251159667968750e+01
-9.040678405761718750e+01,2.690289115905761719e+01
-9.040702819824218750e+01,2.690306091308593750e+01
-9.040538787841796875e+01,2.690391921997070312e+01
-9.040686035156250000e+01,2.690318870544433594e+01
-9.040562438964843750e+01,2.690315055847167969e+01
-9.040676116943359375e+01,2.690262031555175781e+01
-9.040634918212890625e+01,2.690350341796875000e+01
-9.040667724609375000e+01,2.690292930603027344e+01
-9.040588378906250000e+01,2.690372848510742188e+01
-9.040607452392578125e+01,2.690318679809570312e+01
-9.040641021728515625e+01,2.690339279174804688e+01
-9.040569305419921875e+01,2.690361213684082031e+01
-9.040590667724609375e+01,2.690347671508789062e+01
-9.040571594238281250e+01,2.690384483337402344e+01
-9.040551757812500000e+01,2.690365219116210938e+01
-9.040595245361328125e+01,2.690339851379394531e+01
-9.040554046630859375e+01,2.690309715270996094e+01
-9.040692901611328125e+01,2.690304183959960938e+01
-9.040633392333984375e+01,2.690316009521484375e+01
-9.040534973144531250e+01,2.690340423583984375e+01
-9.040646362304687500e+01,2.690345764160156250e+01
-9.040638732910156250e+01,2.690287399291992188e+01
-9.040674591064453125e+01,2.690254020690917969e+01
-9.040682983398437500e+01,2.690320205688476562e+01
-9.040679931640625000e+01,2.690289688110351562e+01
-9.040640258789062500e+01,2.690277099609375000e+01
-9.040557861328125000e+01,2.690379714965820312e+01
-9.040637207031250000e+01,2.690304756164550781e+01
-9.040605163574218750e+01,2.690354156494140625e+01
-9.040583038330078125e+01,2.690344429016113281e+01
-9.040708923339843750e+01,2.690291976928710938e+01
-9.040606689453125000e+01,2.690312576293945312e+01
-9.040653991699218750e+01,2.690309906005859375e+01
-9.040598297119140625e+01,2.690297317504882812e+01
-9.040574645996093750e+01,2.690354728698730469e+01
-9.040656280517578125e+01,2.690266227722167969e+01
-9.040643310546875000e+01,2.690275573730468750e+01
-9.040644073486328125e+01,2.690340042114257812e+01
-9.040678405761718750e+01,2.690315055847167969e+01
-9.040602874755859375e+01,2.690346527099609375e+01
-9.040572357177734375e+01,2.690295028686523438e+01
-9.040717315673828125e+01,2.690256118774414062e+01
-9.040676879882812500e+01,2.690291976928710938e+01
-9.040537261962890625e+01,2.690366363525390625e+01
-9.040697479248046875e+01,2.690312957763671875e+01
-9.040560150146484375e+01,2.690352058410644531e+01
-9.040719604492187500e+01,2.690278244018554688e+01
-9.040670776367187500e+01,2.690261650085449219e+01
-9.040639495849609375e+01,2.690328598022460938e+01
-9.040629577636718750e+01,2.690332221984863281e+01
-9.040681457519531250e+01,2.690275192260742188e+01
-9.040574645996093750e+01,2.690353393554687500e+01
-9.040523529052734375e+01,2.690359115600585938e+01
-9.040634155273437500e+01,2.690289688110351562e+01
-9.040606689453125000e+01,2.690336227416992188e+01
-9.040663146972656250e+01,2.690289688110351562e+01
-9.040657806396484375e+01,2.690312194824218750e+01
-9.040595245361328125e+01,2.690354537963867188e+01
-9.040563201904296875e+01,2.690322875976562500e+01
-9.040598297119140625e+01,2.690341949462890625e+01
-9.040553283691406250e+01,2.690314483642578125e+01
-9.040606689453125000e+01,2.690307998657226562e+01
-9.040611267089843750e+01,2.690273666381835938e+01
-9.040648651123046875e+01,2.690265846252441406e+01
-9.040639495849609375e+01,2.690314674377441406e+01
-9.040627288818359375e+01,2.690341758728027344e+01
-9.040563964843750000e+01,2.690377807617187500e+01
-9.040583038330078125e+01,2.690321350097656250e+01
-9.040702056884765625e+01,2.690295982360839844e+01
-9.040547943115234375e+01,2.690363883972167969e+01
-9.040634155273437500e+01,2.690331840515136719e+01
-9.040616607666015625e+01,2.690277481079101562e+01
-9.040651702880859375e+01,2.690307426452636719e+01
-9.040622711181640625e+01,2.690291595458984375e+01
-9.040599060058593750e+01,2.690273475646972656e+01
-9.040644836425781250e+01,2.690279006958007812e+01
-9.040680694580078125e+01,2.690251350402832031e+01
-9.040670013427734375e+01,2.690331077575683594e+01
-9.040671539306640625e+01,2.690327453613281250e+01
-9.040686035156250000e+01,2.690272331237792969e+01
-9.040669250488281250e+01,2.690257644653320312e+01
-9.040681457519531250e+01,2.690272521972656250e+01
-9.040626525878906250e+01,2.690306663513183594e+01
-9.040567779541015625e+01,2.690331268310546875e+01
-9.040588378906250000e+01,2.690359115600585938e+01
-9.040631103515625000e+01,2.690353202819824219e+01
-9.040583038330078125e+01,2.690307426452636719e+01
-9.040642547607421875e+01,2.690268325805664062e+01
-9.040683746337890625e+01,2.690323066711425781e+01
-9.040658569335937500e+01,2.690268707275390625e+01
-9.040644073486328125e+01,2.690270042419433594e+01
-9.040550231933593750e+01,2.690330314636230469e+01
-9.040605163574218750e+01,2.690273857116699219e+01
-9.040602111816406250e+01,2.690354347229003906e+01
-9.040599060058593750e+01,2.690331649780273438e+01
-9.040640258789062500e+01,2.690279006958007812e+01
-9.040628051757812500e+01,2.690332794189453125e+01
-9.040650939941406250e+01,2.690302276611328125e+01
-9.040641021728515625e+01,2.690300369262695312e+01
-9.040712738037109375e+01,2.690276908874511719e+01
-9.040663146972656250e+01,2.690328979492187500e+01
-9.040695953369140625e+01,2.690269279479980469e+01
-9.040599822998046875e+01,2.690328598022460938e+01
-9.040691375732421875e+01,2.690275955200195312e+01
-9.040612030029296875e+01,2.690275955200195312e+01
-9.040709686279296875e+01,2.690302467346191406e+01
-9.040671539306640625e+01,2.690282440185546875e+01
-9.040647125244140625e+01,2.690285301208496094e+01
-9.040568542480468750e+01,2.690327262878417969e+01
-9.040612792968750000e+01,2.690344619750976562e+01
-9.040687561035156250e+01,2.690273094177246094e+01
-9.040663146972656250e+01,2.690315246582031250e+01
-9.040660095214843750e+01,2.690266227722167969e+01
-9.040635681152343750e+01,2.690281677246093750e+01
-9.040573883056640625e+01,2.690359687805175781e+01
-9.040576934814453125e+01,2.690377426147460938e+01
-9.040533447265625000e+01,2.690342712402343750e+01
-9.040571594238281250e+01,2.690294265747070312e+01
-9.040642547607421875e+01,2.690336227416992188e+01
-9.040624237060546875e+01,2.690272521972656250e+01
-9.040665435791015625e+01,2.690326690673828125e+01
-9.040686035156250000e+01,2.690300750732421875e+01
-9.040554809570312500e+01,2.690339088439941406e+01
-9.040580749511718750e+01,2.690356826782226562e+01
-9.040618133544921875e+01,2.690339088439941406e+01
-9.040595245361328125e+01,2.690286636352539062e+01
-9.040612792968750000e+01,2.690325164794921875e+01
-9.040589904785156250e+01,2.690321540832519531e+01
-9.040601348876953125e+01,2.690275573730468750e+01
-9.040597534179687500e+01,2.690320777893066406e+01
-9.040641784667968750e+01,2.690276908874511719e+01
-9.040620422363281250e+01,2.690330886840820312e+01
-9.040570068359375000e+01,2.690384292602539062e+01
-9.040663146972656250e+01,2.690253639221191406e+01
-9.040602874755859375e+01,2.690365791320800781e+01
-9.040638732910156250e+01,2.690294837951660156e+01
-9.040556335449218750e+01,2.690314865112304688e+01
-9.040570068359375000e+01,2.690310287475585938e+01
-9.040540313720703125e+01,2.690347480773925781e+01
-9.040633392333984375e+01,2.690322494506835938e+01
-9.040657806396484375e+01,2.690302085876464844e+01
-9.040683746337890625e+01,2.690310668945312500e+01
-9.040570068359375000e+01,2.690332221984863281e+01
-9.040666961669921875e+01,2.690277290344238281e+01
-9.040642547607421875e+01,2.690346145629882812e+01
-9.040624237060546875e+01,2.690275955200195312e+01
-9.040654754638671875e+01,2.690307044982910156e+01
-9.040567779541015625e+01,2.690360641479492188e+01
-9.040550231933593750e+01,2.690343093872070312e+01
-9.040559387207031250e+01,2.690376091003417969e+01
-9.040644836425781250e+01,2.690299797058105469e+01
-9.040587615966796875e+01,2.690313529968261719e+01
-9.040559387207031250e+01,2.690360641479492188e+01
-9.040627288818359375e+01,2.690328788757324219e+01
-9.040684509277343750e+01,2.690301513671875000e+01
-9.040685272216796875e+01,2.690287590026855469e+01
-9.040615844726562500e+01,2.690275955200195312e+01
-9.040652465820312500e+01,2.690279388427734375e+01
-9.040709686279296875e+01,2.690301895141601562e+01
-9.040701293945312500e+01,2.690255737304687500e+01
-9.040602874755859375e+01,2.690331077575683594e+01
-9.040617370605468750e+01,2.690332984924316406e+01
-9.040596008300781250e+01,2.690296173095703125e+01
-9.040577697753906250e+01,2.690317535400390625e+01
-9.040533447265625000e+01,2.690338706970214844e+01
-9.040685272216796875e+01,2.690275764465332031e+01
-9.040643310546875000e+01,2.690296363830566406e+01
-9.040534210205078125e+01,2.690356636047363281e+01
-9.040560913085937500e+01,2.690302467346191406e+01
-9.040600585937500000e+01,2.690335273742675781e+01
-9.040604400634765625e+01,2.690346145629882812e+01
-9.040582275390625000e+01,2.690344238281250000e+01
-9.040676879882812500e+01,2.690324211120605469e+01
-9.040566253662109375e+01,2.690307807922363281e+01
-9.040702056884765625e+01,2.690278625488281250e+01
-9.040606689453125000e+01,2.690315246582031250e+01
-9.040649414062500000e+01,2.690297698974609375e+01
-9.040647125244140625e+01,2.690318489074707031e+01
-9.040592956542968750e+01,2.690314674377441406e+01
-9.040599060058593750e+01,2.690366554260253906e+01
-9.040676879882812500e+01,2.690265274047851562e+01
-9.040673065185546875e+01,2.690292930603027344e+01
-9.040596771240234375e+01,2.690281486511230469e+01
-9.040575408935546875e+01,2.690326118469238281e+01
-9.040560913085937500e+01,2.690315818786621094e+01
-9.040684509277343750e+01,2.690263557434082031e+01
-9.040610504150390625e+01,2.690351676940917969e+01
-9.040570068359375000e+01,2.690322303771972656e+01
-9.040679931640625000e+01,2.690286254882812500e+01
-9.040682220458984375e+01,2.690274810791015625e+01
-9.040687561035156250e+01,2.690267372131347656e+01
-9.040563201904296875e+01,2.690392303466796875e+01
-9.040620422363281250e+01,2.690328216552734375e+01
-9.040582275390625000e+01,2.690332603454589844e+01
-9.040602111816406250e+01,2.690318298339843750e+01
-9.040696716308593750e+01,2.690298652648925781e+01
-9.040596008300781250e+01,2.690329170227050781e+01
-9.040615081787109375e+01,2.690286827087402344e+01
-9.040589141845703125e+01,2.690305519104003906e+01
-9.040617370605468750e+01,2.690287399291992188e+01
-9.040670776367187500e+01,2.690290451049804688e+01
-9.040626525878906250e+01,2.690345191955566406e+01
-9.040628051757812500e+01,2.690287208557128906e+01
-9.040608215332031250e+01,2.690316009521484375e+01
-9.040705871582031250e+01,2.690270614624023438e+01
-9.040671539306640625e+01,2.690313720703125000e+01
-9.040634918212890625e+01,2.690286445617675781e+01
-9.040612792968750000e+01,2.690333366394042969e+01
-9.040642547607421875e+01,2.690336418151855469e+01
-9.040582275390625000e+01,2.690304374694824219e+01
-9.040641021728515625e+01,2.690299987792968750e+01
-9.040593719482421875e+01,2.690349960327148438e+01
-9.040640258789062500e+01,2.690338516235351562e+01
-9.040561676025390625e+01,2.690336227416992188e+01
-9.040590667724609375e+01,2.690371322631835938e+01
-9.040703582763671875e+01,2.690304946899414062e+01
-9.040562438964843750e+01,2.690352249145507812e+01
-9.040695190429687500e+01,2.690302658081054688e+01
-9.040625762939453125e+01,2.690275764465332031e+01
-9.040622711181640625e+01,2.690339660644531250e+01
-9.040595245361328125e+01,2.690342712402343750e+01
-9.040687561035156250e+01,2.690299415588378906e+01
-9.040615844726562500e+01,2.690299034118652344e+01
-9.040668487548828125e+01,2.690266418457031250e+01
-9.040567016601562500e+01,2.690307044982910156e+01
-9.040663909912109375e+01,2.690314483642578125e+01
-9.040592193603515625e+01,2.690332031250000000e+01
-9.040599822998046875e+01,2.690345191955566406e+01
-9.040621948242187500e+01,2.690310287475585938e+01
-9.040563201904296875e+01,2.690374755859375000e+01
-9.040668487548828125e+01,2.690336608886718750e+01
-9.040557861328125000e+01,2.690355300903320312e+01
-9.040710449218750000e+01,2.690278053283691406e+01
-9.040553283691406250e+01,2.690384483337402344e+01
-9.040585327148437500e+01,2.690374755859375000e+01
-9.040625000000000000e+01,2.690298843383789062e+01
-9.040609741210937500e+01,2.690307426452636719e+01
-9.040689086914062500e+01,2.690281105041503906e+01
-9.040688323974609375e+01,2.690288543701171875e+01
-9.040556335449218750e+01,2.690333175659179688e+01
-9.040664672851562500e+01,2.690310096740722656e+01
-9.040563201904296875e+01,2.690324401855468750e+01
-9.040683746337890625e+01,2.690281105041503906e+01
-9.040688323974609375e+01,2.690250587463378906e+01
-9.040565490722656250e+01,2.690353202819824219e+01
-9.040695190429687500e+01,2.690312767028808594e+01
-9.040592193603515625e+01,2.690322494506835938e+01
-9.040678405761718750e+01,2.690288352966308594e+01
-9.040644073486328125e+01,2.690343284606933594e+01
-9.040598297119140625e+01,2.690320968627929688e+01
-9.040640258789062500e+01,2.690298652648925781e+01
-9.040583038330078125e+01,2.690365791320800781e+01
-9.040589141845703125e+01,2.690325736999511719e+01
-9.040646362304687500e+01,2.690292167663574219e+01
-9.040599060058593750e+01,2.690272331237792969e+01
-9.040665435791015625e+01,2.690319633483886719e+01
-9.040664672851562500e+01,2.690322303771972656e+01
-9.040647888183593750e+01,2.690334701538085938e+01
-9.040615081787109375e+01,2.690364837646484375e+01
-9.040633392333984375e+01,2.690322113037109375e+01
-9.040625000000000000e+01,2.690336608886718750e+01
-9.040561676025390625e+01,2.690385246276855469e+01
-9.040672302246093750e+01,2.690283584594726562e+01
-9.040609741210937500e+01,2.690324401855468750e+01
-9.040602111816406250e+01,2.690304565429687500e+01
-9.040647125244140625e+01,2.690278053283691406e+01
-9.040671539306640625e+01,2.690268898010253906e+01
-9.040603637695312500e+01,2.690367507934570312e+01
-9.040533447265625000e+01,2.690365982055664062e+01
-9.040608215332031250e+01,2.690362358093261719e+01
-9.040609741210937500e+01,2.690299606323242188e+01
-9.040712738037109375e+01,2.690281867980957031e+01
-9.040615081787109375e+01,2.690331840515136719e+01
-9.040629577636718750e+01,2.690296554565429688e+01
-9.040715026855468750e+01,2.690261840820312500e+01
-9.040589904785156250e+01,2.690285110473632812e+01
-9.040715026855468750e+01,2.690281486511230469e+01
-9.040599060058593750e+01,2.690285110473632812e+01
-9.040544128417968750e+01,2.690346336364746094e+01
-9.040586090087890625e+01,2.690313339233398438e+01
-9.040699005126953125e+01,2.690299606323242188e+01
-9.040566253662109375e+01,2.690301513671875000e+01
-9.040634918212890625e+01,2.690340995788574219e+01
-9.040660095214843750e+01,2.690282821655273438e+01
-9.040653991699218750e+01,2.690287208557128906e+01
-9.040595245361328125e+01,2.690316200256347656e+01
-9.040699005126953125e+01,2.690287208557128906e+01
-9.040705871582031250e+01,2.690251731872558594e+01
-9.040567016601562500e+01,2.690320396423339844e+01
-9.040577697753906250e+01,2.690347671508789062e+01
-9.040572357177734375e+01,2.690343284606933594e+01
-9.040542602539062500e+01,2.690344619750976562e+01
-9.040618896484375000e+01,2.690363311767578125e+01
-9.040647888183593750e+01,2.690332412719726562e+01
-9.040570831298828125e+01,2.690369415283203125e+01
-9.040659332275390625e+01,2.690322875976562500e+01
-9.040687561035156250e+01,2.690308952331542969e+01
-9.040551757812500000e+01,2.690391159057617188e+01
-9.040620422363281250e+01,2.690347862243652344e+01
-9.040628051757812500e+01,2.690339851379394531e+01
-9.040616607666015625e+01,2.690325546264648438e+01
-9.040543365478515625e+01,2.690393447875976562e+01
-9.040652465820312500e+01,2.690333557128906250e+01
-9.040565490722656250e+01,2.690389442443847656e+01
-9.040623474121093750e+01,2.690286827087402344e+01
-9.040580749511718750e+01,2.690361022949218750e+01
-9.040567779541015625e+01,2.690392875671386719e+01
-9.040618133544921875e+01,2.690284156799316406e+01
-9.040605926513671875e+01,2.690323257446289062e+01
-9.040616607666015625e+01,2.690315818786621094e+01
-9.040601348876953125e+01,2.690366935729980469e+01
-9.040550994873046875e+01,2.690340042114257812e+01
-9.040567016601562500e+01,2.690336608886718750e+01
-9.040588378906250000e+01,2.690282821655273438e+01
-9.040562438964843750e+01,2.690381813049316406e+01
-9.040630340576171875e+01,2.690344429016113281e+01
-9.040579986572265625e+01,2.690340042114257812e+01
-9.040641021728515625e+01,2.690286636352539062e+01
-9.040636444091796875e+01,2.690275764465332031e+01
-9.040637207031250000e+01,2.690310859680175781e+01
-9.040547180175781250e+01,2.690350532531738281e+01
-9.040720367431640625e+01,2.690284156799316406e+01
-9.040655517578125000e+01,2.690255737304687500e+01
-9.040579223632812500e+01,2.690354919433593750e+01
-9.040635681152343750e+01,2.690298843383789062e+01
-9.040650177001953125e+01,2.690329170227050781e+01
-9.040607452392578125e+01,2.690278053283691406e+01
-9.040614318847656250e+01,2.690318107604980469e+01
-9.040667724609375000e+01,2.690316772460937500e+01
-9.040568542480468750e+01,2.690308380126953125e+01
-9.040547943115234375e+01,2.690329933166503906e+01
-9.040562438964843750e+01,2.690326499938964844e+01
-9.040628814697265625e+01,2.690290260314941406e+01
-9.040560913085937500e+01,2.690307807922363281e+01
-9.040676116943359375e+01,2.690281295776367188e+01
-9.040609741210937500e+01,2.690364837646484375e+01
-9.040536499023437500e+01,2.690355682373046875e+01
-9.040574645996093750e+01,2.690304946899414062e+01
-9.040600585937500000e+01,2.690371131896972656e+01
-9.040615081787109375e+01,2.690306472778320312e+01
-9.040653228759765625e+01,2.690329933166503906e+01
-9.040649414062500000e+01,2.690335083007812500e+01
-9.040560913085937500e+01,2.690357780456542969e+01
-9.040566253662109375e+01,2.690365219116210938e+01
-9.040676879882812500e+01,2.690317726135253906e+01
-9.040644836425781250e+01,2.690259933471679688e+01
-9.040625000000000000e+01,2.690349960327148438e+01
-9.040641784667968750e+01,2.690341186523437500e+01
-9.040659332275390625e+01,2.690272140502929688e+01
-9.040586090087890625e+01,2.690358924865722656e+01
-9.040674591064453125e+01,2.690255355834960938e+01
-9.040612030029296875e+01,2.690299415588378906e+01
-9.040641021728515625e+01,2.690315246582031250e+01
-9.040576171875000000e+01,2.690357780456542969e+01
-9.040685272216796875e+01,2.690267753601074219e+01
-9.040589904785156250e+01,2.690318298339843750e+01
-9.040710449218750000e+01,2.690285873413085938e+01
-9.040672302246093750e+01,2.690276908874511719e+01
-9.040684509277343750e+01,2.690322494506835938e+01
-9.040543365478515625e+01,2.690344810485839844e+01
-9.040615081787109375e+01,2.690292549133300781e+01
-9.040576171875000000e+01,2.690308761596679688e+01
-9.040669250488281250e+01,2.690285110473632812e+01
-9.040536499023437500e+01,2.690394020080566406e+01
-9.040663909912109375e+01,2.690320968627929688e+01
-9.040650177001953125e+01,2.690286827087402344e+01
-9.040636444091796875e+01,2.690348243713378906e+01
-9.040671539306640625e+01,2.690251350402832031e+01
-9.040609741210937500e+01,2.690281867980957031e+01
-9.040685272216796875e+01,2.690263748168945312e+01
-9.040560150146484375e+01,2.690317916870117188e+01
-9.040647125244140625e+01,2.690259361267089844e+01
-9.040679168701171875e+01,2.690278053283691406e+01
-9.040557861328125000e+01,2.690328788757324219e+01
-9.040611267089843750e+01,2.690294837951660156e+01
-9.040596008300781250e+01,2.690360260009765625e+01
-9.040590667724609375e+01,2.690326118469238281e+01
-9.040603637695312500e+01,2.690325546264648438e+01
-9.040699005126953125e+01,2.690279579162597656e+01
-9.040570068359375000e+01,2.690306663513183594e+01
-9.040669250488281250e+01,2.690330314636230469e+01
-9.040628051757812500e+01,2.690281486511230469e+01
-9.040532684326171875e+01,2.690360832214355469e+01
-9.040599060058593750e+01,2.690336799621582031e+01
-9.040693664550781250e+01,2.690266036987304688e+01
-9.040598297119140625e+01,2.690358161926269531e+01
-9.040670013427734375e+01,2.690253448486328125e+01
-9.040691375732421875e+01,2.690279006958007812e+01
-9.040624237060546875e+01,2.690318870544433594e+01
-9.040695190429687500e+01,2.690265274047851562e+01
-9.040538024902343750e+01,2.690361595153808594e+01
-9.040634155273437500e+01,2.690334701538085938e+01
-9.040666961669921875e+01,2.690299415588378906e+01
-9.040582275390625000e+01,2.690367698669433594e+01
-9.040674591064453125e+01,2.690305900573730469e+01
-9.040578460693359375e+01,2.690372657775878906e+01
-9.040638732910156250e+01,2.690302085876464844e+01
-9.040653228759765625e+01,2.690285301208496094e+01
-9.040597534179687500e+01,2.690348434448242188e+01
-9.040656280517578125e+01,2.690254974365234375e+01
-9.040660858154296875e+01,2.690289497375488281e+01
-9.040682220458984375e+01,2.690266418457031250e+01
-9.040602874755859375e+01,2.690347862243652344e+01
-9.040637969970703125e+01,2.690269470214843750e+01
-9.040599822998046875e+01,2.690349578857421875e+01
-9.040653228759765625e+01,2.690320777893066406e+01
-9.040581512451171875e+01,2.690350532531738281e+01
-9.040575408935546875e+01,2.690371704101562500e+01
-9.040656280517578125e+01,2.690317153930664062e+01
-9.040615844726562500e+01,2.690279960632324219e+01
-9.040682220458984375e+01,2.690284729003906250e+01
-9.040644836425781250e+01,2.690333557128906250e+01
-9.040637969970703125e+01,2.690336036682128906e+01
-9.040596008300781250e+01,2.690292167663574219e+01
-9.040653228759765625e+01,2.690324592590332031e+01
-9.040689086914062500e+01,2.690307044982910156e+01
-9.040618896484375000e+01,2.690325546264648438e+01
-9.040657806396484375e+01,2.690340614318847656e+01
-9.040647125244140625e+01,2.690315246582031250e+01
-9.040611267089843750e+01,2.690368080139160156e+01
-9.040550994873046875e+01,2.690327644348144531e+01
-9.040693664550781250e+01,2.690268707275390625e+01
-9.040621185302734375e+01,2.690283012390136719e+01
-9.040679931640625000e+01,2.690287399291992188e+01
-9.040618896484375000e+01,2.690335655212402344e+01
-9.040582275390625000e+01,2.690378570556640625e+01
-9.040572357177734375e+01,2.690325355529785156e+01
-9.040673828125000000e+01,2.690298080444335938e+01
-9.040689849853515625e+01,2.690265464782714844e+01
-9.040683746337890625e+01,2.690302467346191406e+01
-9.040632629394531250e+01,2.690328598022460938e+01
-9.040603637695312500e+01,2.690370941162109375e+01
-9.040531921386718750e+01,2.690338897705078125e+01
-9.040628051757812500e+01,2.690301704406738281e+01
-9.040723419189453125e+01,2.690276718139648438e+01
-9.040652465820312500e+01,2.690291976928710938e+01
-9.040563201904296875e+01,2.690395164489746094e+01
-9.040661621093750000e+01,2.690262603759765625e+01
-9.040610504150390625e+01,2.690343666076660156e+01
-9.040636444091796875e+01,2.690279006958007812e+01
-9.040591430664062500e+01,2.690323638916015625e+01
-9.040649414062500000e+01,2.690261650085449219e+01
-9.040545654296875000e+01,2.690317344665527344e+01
-9.040670013427734375e+01,2.690272331237792969e+01
-9.040683746337890625e+01,2.690250205993652344e+01
-9.040568542480468750e+01,2.690385055541992188e+01
-9.040628051757812500e+01,2.690273857116699219e+01
-9.040652465820312500e+01,2.690301322937011719e+01
-9.040555572509765625e+01,2.690311431884765625e+01
-9.040558624267578125e+01,2.690339279174804688e+01
-9.040646362304687500e+01,2.690332794189453125e+01
-9.040666961669921875e+01,2.690287971496582031e+01
-9.040602874755859375e+01,2.690277862548828125e+01
-9.040571594238281250e+01,2.690334701538085938e+01
-9.040679931640625000e+01,2.690293502807617188e+01
-9.040624237060546875e+01,2.690358924865722656e+01
-9.040623474121093750e+01,2.690357589721679688e+01
-9.040546417236328125e+01,2.690345954895019531e+01
-9.040652465820312500e+01,2.690337562561035156e+01
-9.040583038330078125e+01,2.690316963195800781e+01
-9.040519714355468750e+01,2.690358924865722656e+01
-9.040675354003906250e+01,2.690261840820312500e+01
-9.040552520751953125e+01,2.690360069274902344e+01
-9.040710449218750000e+01,2.690285301208496094e+01
-9.040569305419921875e+01,2.690334892272949219e+01
-9.040672302246093750e+01,2.690285682678222656e+01
-9.040555572509765625e+01,2.690306854248046875e+01
-9.040666961669921875e+01,2.690333175659179688e+01
-9.040615081787109375e+01,2.690335845947265625e+01
-9.040652465820312500e+01,2.690280532836914062e+01
-9.040674591064453125e+01,2.690285301208496094e+01
-9.040711975097656250e+01,2.690279006958007812e+01
-9.040715789794921875e+01,2.690262413024902344e+01
-9.040666198730468750e+01,2.690287971496582031e+01
-9.040646362304687500e+01,2.690265083312988281e+01
-9.040621185302734375e+01,2.690286445617675781e+01
-9.040677642822265625e+01,2.690320205688476562e+01
-9.040681457519531250e+01,2.690258026123046875e+01
-9.040612030029296875e+01,2.690348815917968750e+01
-9.040643310546875000e+01,2.690325164794921875e+01
-9.040644073486328125e+01,2.690329551696777344e+01
-9.040614318847656250e+01,2.690297698974609375e+01
-9.040647888183593750e+01,2.690294647216796875e+01
-9.040583038330078125e+01,2.690298271179199219e+01
-9.040672302246093750e+01,2.690264129638671875e+01
-9.040614318847656250e+01,2.690303039550781250e+01
-9.040693664550781250e+01,2.690308380126953125e+01
-9.040602874755859375e+01,2.690311431884765625e+01
-9.040590667724609375e+01,2.690326118469238281e+01
-9.040658569335937500e+01,2.690311431884765625e+01
-9.040635681152343750e+01,2.690339279174804688e+01
-9.040698242187500000e+01,2.690306472778320312e+01
-9.040620422363281250e+01,2.690342521667480469e+01
-9.040592193603515625e+01,2.690315818786621094e+01
-9.040588378906250000e+01,2.690296363830566406e+01
-9.040666961669921875e+01,2.690261268615722656e+01
-9.040595245361328125e+01,2.690349388122558594e+01
-9.040614318847656250e+01,2.690350341796875000e+01
-9.040657806396484375e+01,2.690306282043457031e+01
-9.040670013427734375e+01,2.690302276611328125e+01
-9.040575408935546875e+01,2.690383529663085938e+01
-9.040680694580078125e+01,2.690262222290039062e+01
-9.040658569335937500e+01,2.690268898010253906e+01
-9.040519714355468750e+01,2.690360069274902344e+01
-9.040566253662109375e+01,2.690306854248046875e+01
-9.040584564208984375e+01,2.690348815917968750e+01
-9.040534210205078125e+01,2.690337753295898438e+01
-9.040686798095703125e+01,2.690314865112304688e+01
-9.040654754638671875e+01,2.690262413024902344e+01
-9.040578460693359375e+01,2.690360260009765625e+01
-9.040583801269531250e+01,2.690356826782226562e+01
-9.040718841552734375e+01,2.690277099609375000e+01
-9.040668487548828125e+01,2.690294075012207031e+01
-9.040630340576171875e+01,2.690303611755371094e+01
-9.040544128417968750e+01,2.690388870239257812e+01
-9.040608215332031250e+01,2.690327644348144531e+01
-9.040627288818359375e+01,2.690324211120605469e+01
-9.040547943115234375e+01,2.690338706970214844e+01
-9.040695953369140625e+01,2.690291786193847656e+01
-9.040633392333984375e+01,2.690345191955566406e+01
-9.040620422363281250e+01,2.690291213989257812e+01
-9.040606689453125000e+01,2.690282630920410156e+01
-9.040571594238281250e+01,2.690340805053710938e+01
-9.040622711181640625e+01,2.690342140197753906e+01
-9.040682983398437500e+01,2.690262603759765625e+01
-9.040666961669921875e+01,2.690286636352539062e+01
-9.040552520751953125e+01,2.690327072143554688e+01
-9.040611267089843750e+01,2.690348815917968750e+01
-9.040647125244140625e+01,2.690343284606933594e+01
-9.040573120117187500e+01,2.690387344360351562e+01
-9.040651702880859375e+01,2.690326690673828125e+01
-9.040645599365234375e+01,2.690302276611328125e+01
-9.040590667724609375e+01,2.690332221984863281e+01
-9.040715026855468750e+01,2.690286254882812500e+01
-9.040635681152343750e+01,2.690296363830566406e+01
-9.040718078613281250e+01,2.690250778198242188e+01
-9.040554809570312500e+01,2.690340995788574219e+01
-9.040559387207031250e+01,2.690386772155761719e+01
-9.040676116943359375e+01,2.690272521972656250e+01
-9.040569305419921875e+01,2.690348625183105469e+01
-9.040608215332031250e+01,2.690310287475585938e+01
-9.040559387207031250e+01,2.690304374694824219e+01
-9.040599822998046875e+01,2.690275382995605469e+01
-9.040563964843750000e+01,2.690338325500488281e+01
-9.040571594238281250e+01,2.690343666076660156e+01
-9.040676116943359375e+01,2.690276718139648438e+01
-9.040617370605468750e+01,2.690308761596679688e+01
-9.040585327148437500e+01,2.690336227416992188e+01
-9.040641784667968750e+01,2.690281105041503906e+01
-9.040528106689453125e+01,2.690352630615234375e+01
-9.040608215332031250e+01,2.690340042114257812e+01
-9.040663146972656250e+01,2.690303039550781250e+01
-9.040618896484375000e+01,2.690351295471191406e+01
-9.040628814697265625e+01,2.690320587158203125e+01
-9.040664672851562500e+01,2.690257644653320312e+01
-9.040532684326171875e+01,2.690342140197753906e+01
-9.040562438964843750e+01,2.690321159362792969e+01
-9.040609741210937500e+01,2.690366172790527344e+01
-9.040679931640625000e+01,2.690261650085449219e+01
-9.040610504150390625e+01,2.690319061279296875e+01
-9.040656280517578125e+01,2.690259552001953125e+01
-9.040637207031250000e+01,2.690285682678222656e+01
-9.040647888183593750e+01,2.690338516235351562e+01
-9.040696716308593750e+01,2.690287208557128906e+01
-9.040629577636718750e+01,2.690273284912109375e+01
-9.040681457519531250e+01,2.690314102172851562e+01
-9.040667724609375000e+01,2.690313148498535156e+01
-9.040615081787109375e+01,2.690342521667480469e+01
-9.040584564208984375e+01,2.690375900268554688e+01
-9.040641784667968750e+01,2.690320587158203125e+01
-9.040724945068359375e+01,2.690276718139648438e+01
-9.040605926513671875e+01,2.690283775329589844e+01
-9.040583801269531250e+01,2.690303611755371094e+01
-9.040628814697265625e+01,2.690356063842773438e+01
-9.040603637695312500e+01,2.690334510803222656e+01
-9.040648651123046875e+01,2.690323257446289062e+01
-9.040635681152343750e+01,2.690349578857421875e+01
-9.040541076660156250e+01,2.690360069274902344e+01
-9.040666961669921875e+01,2.690313529968261719e+01
-9.040641784667968750e+01,2.690269088745117188e+01
-9.040684509277343750e+01,2.690301895141601562e+01
-9.040546417236328125e+01,2.690356636047363281e+01
-9.040689086914062500e+01,2.690249252319335938e+01
-9.040603637695312500e+01,2.690290832519531250e+01
-9.040679168701171875e+01,2.690268325805664062e+01
-9.040654754638671875e+01,2.690269088745117188e+01
-9.040548706054687500e+01,2.690350341796875000e+01
-9.040679931640625000e+01,2.690292167663574219e+01
-9.040669250488281250e+01,2.690325355529785156e+01
-9.040666961669921875e+01,2.690331268310546875e+01
-9.040656280517578125e+01,2.690307617187500000e+01
-9.040612792968750000e+01,2.690355110168457031e+01
-9.040602874755859375e+01,2.690348243713378906e+01
-9.040577697753906250e+01,2.690306472778320312e+01
-9.040670013427734375e+01,2.690315818786621094e+01
-9.040580749511718750e+01,2.690323257446289062e+01
-9.040708923339843750e+01,2.690284156799316406e+01
-9.040620422363281250e+01,2.690303421020507812e+01
-9.040661621093750000e+01,2.690248298645019531e+01
-9.040605163574218750e+01,2.690318298339843750e+01
-9.040541076660156250e+01,2.690391159057617188e+01
-9.040615844726562500e+01,2.690344619750976562e+01
-9.040585327148437500e+01,2.690359306335449219e+01
-9.040590667724609375e+01,2.690317344665527344e+01
-9.040658569335937500e+01,2.690338134765625000e+01
-9.040690612792968750e+01,2.690291595458984375e+01
-9.040572357177734375e+01,2.690302658081054688e+01
-9.040637969970703125e+01,2.690300941467285156e+01
-9.040629577636718750e+01,2.690326881408691406e+01
-9.040602111816406250e+01,2.690288352966308594e+01
-9.040565490722656250e+01,2.690299606323242188e+01
-9.040654754638671875e+01,2.690283775329589844e+01
-9.040548706054687500e+01,2.690316200256347656e+01
-9.040608215332031250e+01,2.690274238586425781e+01
-9.040573120117187500e+01,2.690338134765625000e+01
-9.040595245361328125e+01,2.690310478210449219e+01
-9.040561676025390625e+01,2.690381240844726562e+01
-9.040602111816406250e+01,2.690360450744628906e+01
-9.040583038330078125e+01,2.690365028381347656e+01
-9.040567016601562500e+01,2.690309524536132812e+01
-9.040673828125000000e+01,2.690286254882812500e+01
-9.040607452392578125e+01,2.690361976623535156e+01
-9.040637207031250000e+01,2.690282630920410156e+01
-9.040559387207031250e+01,2.690304565429687500e+01
-9.040663146972656250e+01,2.690288352966308594e+01
-9.040601348876953125e+01,2.690289115905761719e+01
-9.040601348876953125e+01,2.690331649780273438e+01
-9.040608978271484375e+01,2.690343093872070312e+01
-9.040689086914062500e+01,2.690260505676269531e+01
-9.040642547607421875e+01,2.690331268310546875e+01
-9.040538024902343750e+01,2.690340614318847656e+01
-9.040584564208984375e+01,2.690346908569335938e+01
-9.040607452392578125e+01,2.690371704101562500e+01
-9.040626525878906250e+01,2.690342521667480469e+01
-9.040567779541015625e+01,2.690362358093261719e+01
-9.040672302246093750e+01,2.690306091308593750e+01
-9.040618896484375000e+01,2.690338706970214844e+01
-9.040593719482421875e+01,2.690312957763671875e+01
-9.040721893310546875e+01,2.690255546569824219e+01
-9.040531921386718750e+01,2.690350914001464844e+01
-9.040663146972656250e+01,2.690307617187500000e+01
-9.040711975097656250e+01,2.690252113342285156e+01
-9.040590667724609375e+01,2.690332412719726562e+01
-9.040605163574218750e+01,2.690346145629882812e+01
-9.040531921386718750e+01,2.690360260009765625e+01
-9.040625762939453125e+01,2.690334701538085938e+01
-9.040666961669921875e+01,2.690288162231445312e+01
-9.040690612792968750e+01,2.690308952331542969e+01
-9.040570831298828125e+01,2.690383529663085938e+01
-9.040657806396484375e+01,2.690326309204101562e+01
-9.040567779541015625e+01,2.690362739562988281e+01
-9.040623474121093750e+01,2.690342521667480469e+01
-9.040710449218750000e+01,2.690286636352539062e+01
-9.040574645996093750e+01,2.690317535400390625e+01
-9.040670776367187500e+01,2.690305137634277344e+01
-9.040715026855468750e+01,2.690259552001953125e+01
-9.040570068359375000e+01,2.690339088439941406e+01
-9.040547180175781250e+01,2.690387725830078125e+01
-9.040664672851562500e+01,2.690303802490234375e+01
-9.040560150146484375e+01,2.690337944030761719e+01
-9.040548706054687500e+01,2.690323638916015625e+01
-9.040525054931640625e+01,2.690365409851074219e+01
-9.040631866455078125e+01,2.690298652648925781e+01
-9.040681457519531250e+01,2.690311813354492188e+01
-9.040567016601562500e+01,2.690390396118164062e+01
-9.040561676025390625e+01,2.690365028381347656e+01
-9.040583038330078125e+01,2.690370178222656250e+01
-9.040555572509765625e+01,2.690327453613281250e+01
-9.040595245361328125e+01,2.690352630615234375e+01
-9.040572357177734375e+01,2.690346527099609375e+01
-9.040592956542968750e+01,2.690357208251953125e+01
-9.040668487548828125e+01,2.690248680114746094e+01
-9.040589904785156250e+01,2.690335464477539062e+01
-9.040600585937500000e+01,2.690271377563476562e+01
-9.040628051757812500e+01,2.690327453613281250e+01
-9.040589141845703125e+01,2.690304756164550781e+01
-9.040699768066406250e+01,2.690311622619628906e+01
-9.040579986572265625e+01,2.690369987487792969e+01
-9.040576171875000000e+01,2.690328979492187500e+01
-9.040666961669921875e+01,2.690313339233398438e+01
-9.040629577636718750e+01,2.690274810791015625e+01
-9.040627288818359375e+01,2.690353965759277344e+01
-9.040573883056640625e+01,2.690385246276855469e+01
-9.040647888183593750e+01,2.690271949768066406e+01
-9.040708923339843750e+01,2.690292739868164062e+01
-9.040677642822265625e+01,2.690305900573730469e+01
-9.040665435791015625e+01,2.690289115905761719e+01
-9.040576934814453125e+01,2.690344810485839844e+01
-9.040682983398437500e+01,2.690269851684570312e+01
-9.040596771240234375e+01,2.690313720703125000e+01
-9.040593719482421875e+01,2.690297698974609375e+01
-9.040701293945312500e+01,2.690266990661621094e+01
-9.040544128417968750e+01,2.690333366394042969e+01
-9.040538787841796875e+01,2.690355682373046875e+01
-9.040643310546875000e+01,2.690273666381835938e+01
-9.040554046630859375e+01,2.690340042114257812e+01
-9.040634918212890625e+01,2.690349960327148438e+01
-9.040679931640625000e+01,2.690259361267089844e+01
-9.040689086914062500e+01,2.690283966064453125e+01
-9.040630340576171875e+01,2.690338325500488281e+01
-9.040701293945312500e+01,2.690268898010253906e+01
-9.040683746337890625e+01,2.690302658081054688e+01
-9.040635681152343750e+01,2.690268135070800781e+01
-9.040569305419921875e+01,2.690337753295898438e+01
-9.040713500976562500e+01,2.690263748168945312e+01
-9.040641784667968750e+01,2.690335273742675781e+01
-9.040667724609375000e+01,2.690263175964355469e+01
-9.040607452392578125e+01,2.690271568298339844e+01
-9.040559387207031250e+01,2.690361213684082031e+01
-9.040686798095703125e+01,2.690307617187500000e+01
-9.040616607666015625e+01,2.690292739868164062e+01
-9.040663909912109375e+01,2.690260314941406250e+01
-9.040717315673828125e+01,2.690258026123046875e+01
-9.040632629394531250e+01,2.690292167663574219e+01
-9.040625762939453125e+01,2.690316963195800781e+01
-9.040541839599609375e+01,2.690336227416992188e+01
-9.040699768066406250e+01,2.690270996093750000e+01
-9.040685272216796875e+01,2.690289497375488281e+01
-9.040538787841796875e+01,2.690348052978515625e+01
-9.040652465820312500e+01,2.690344810485839844e+01
-9.040677642822265625e+01,2.690291023254394531e+01
-9.040650939941406250e+01,2.690341949462890625e+01
-9.040578460693359375e+01,2.690337944030761719e+01
-9.040567779541015625e+01,2.690347862243652344e+01
-9.040583038330078125e+01,2.690334510803222656e+01
-9.040669250488281250e+01,2.690293312072753906e+01
-9.040637207031250000e+01,2.690338134765625000e+01
-9.040568542480468750e+01,2.690383529663085938e+01
-9.040585327148437500e+01,2.690313911437988281e+01
-9.040671539306640625e+01,2.690299224853515625e+01
-9.040592956542968750e+01,2.690280532836914062e+01
-9.040647888183593750e+01,2.690339851379394531e+01
-9.040656280517578125e+01,2.690256500244140625e+01
-9.040662384033203125e+01,2.690290451049804688e+01
-9.040607452392578125e+01,2.690349388122558594e+01
-9.040588378906250000e+01,2.690336418151855469e+01
-9.040632629394531250e+01,2.690285873413085938e+01
-9.040566253662109375e+01,2.690369987487792969e+01
-9.040528869628906250e+01,2.690362930297851562e+01
-9.040680694580078125e+01,2.690321540832519531e+01
-9.040594482421875000e+01,2.690289115905761719e+01
-9.040552520751953125e+01,2.690329360961914062e+01
-9.040590667724609375e+01,2.690316963195800781e+01
-9.040566253662109375e+01,2.690385055541992188e+01
-9.040716552734375000e+01,2.690258026123046875e+01
-9.040682983398437500e+01,2.690305709838867188e+01
-9.040606689453125000e+01,2.690369987487792969e+01
-9.040592193603515625e+01,2.690358734130859375e+01
-9.040580749511718750e+01,2.690372467041015625e+01
-9.040557098388671875e+01,2.690382385253906250e+01
-9.040559387207031250e+01,2.690388679504394531e+01
-9.040638732910156250e+01,2.690344619750976562e+01
-9.040599060058593750e+01,2.690361976623535156e+01
-9.040584564208984375e+01,2.690335655212402344e+01
-9.040562438964843750e+01,2.690305519104003906e+01
-9.040697479248046875e+01,2.690256500244140625e+01
-9.040632629394531250e+01,2.690298271179199219e+01
-9.040611267089843750e+01,2.690282058715820312e+01
-9.040545654296875000e+01,2.690327072143554688e+01
-9.040602111816406250e+01,2.690278625488281250e+01
-9.040589904785156250e+01,2.690287399291992188e+01
-9.040582275390625000e+01,2.690300369262695312e+01
-9.040643310546875000e+01,2.690272712707519531e+01
-9.040704345703125000e+01,2.690295791625976562e+01
-9.040678405761718750e+01,2.690297508239746094e+01
-9.040690612792968750e+01,2.690294456481933594e+01
-9.040650177001953125e+01,2.690282058715820312e+01
-9.040658569335937500e+01,2.690304374694824219e+01
-9.040656280517578125e+01,2.690314865112304688e+01
-9.040521240234375000e+01,2.690359878540039062e+01
-9.040663146972656250e+01,2.690248298645019531e+01
-9.040684509277343750e+01,2.690280342102050781e+01
-9.040609741210937500e+01,2.690360832214355469e+01
-9.040569305419921875e+01,2.690325736999511719e+01
-9.040612792968750000e+01,2.690288734436035156e+01
-9.040518188476562500e+01,2.690367126464843750e+01
-9.040682983398437500e+01,2.690279197692871094e+01
-9.040589904785156250e+01,2.690312767028808594e+01
-9.040592956542968750e+01,2.690356063842773438e+01
-9.040706634521484375e+01,2.690291404724121094e+01
-9.040632629394531250e+01,2.690327644348144531e+01
-9.040696716308593750e+01,2.690279960632324219e+01
-9.040601348876953125e+01,2.690343856811523438e+01
-9.040589904785156250e+01,2.690282058715820312e+01
-9.040590667724609375e+01,2.690307426452636719e+01
-9.040636444091796875e+01,2.690328598022460938e+01
-9.040678405761718750e+01,2.690271759033203125e+01
-9.040546417236328125e+01,2.690343284606933594e+01
-9.040669250488281250e+01,2.690318679809570312e+01
-9.040609741210937500e+01,2.690359115600585938e+01
-9.040576934814453125e+01,2.690329742431640625e+01
-9.040634155273437500e+01,2.690279769897460938e+01
-9.040567779541015625e+01,2.690296173095703125e+01
-9.040652465820312500e+01,2.690280151367187500e+01
-9.040546417236328125e+01,2.690333366394042969e+01
-9.040671539306640625e+01,2.690271759033203125e+01
-9.040596771240234375e+01,2.690292739868164062e+01
-9.040608215332031250e+01,2.690311813354492188e+01
-9.040550231933593750e+01,2.690355491638183594e+01
-9.040698242187500000e+01,2.690273284912109375e+01
-9.040565490722656250e+01,2.690363883972167969e+01
-9.040625762939453125e+01,2.690351295471191406e+01
-9.040673828125000000e+01,2.690286254882812500e+01
-9.040625000000000000e+01,2.690299987792968750e+01
-9.040626525878906250e+01,2.690358543395996094e+01
-9.040632629394531250e+01,2.690335464477539062e+01
-9.040709686279296875e+01,2.690278625488281250e+01
-9.040680694580078125e+01,2.690304183959960938e+01
-9.040534210205078125e+01,2.690364837646484375e+01
-9.040631103515625000e+01,2.690276718139648438e+01
-9.040584564208984375e+01,2.690361022949218750e+01
-9.040622711181640625e+01,2.690303802490234375e+01
-9.040663909912109375e+01,2.690304565429687500e+01
-9.040657806396484375e+01,2.690285110473632812e+01
-9.040614318847656250e+01,2.690334129333496094e+01
-9.040639495849609375e+01,2.690287399291992188e+01
-9.040666961669921875e+01,2.690326881408691406e+01
-9.040671539306640625e+01,2.690283012390136719e+01
-9.040712738037109375e+01,2.690252304077148438e+01
-9.040554046630859375e+01,2.690390396118164062e+01
-9.040628051757812500e+01,2.690272903442382812e+01
-9.040726470947265625e+01,2.690278625488281250e+01
-9.040541839599609375e+01,2.690367698669433594e+01
-9.040606689453125000e+01,2.690282821655273438e+01
-9.040603637695312500e+01,2.690359497070312500e+01
-9.040691375732421875e+01,2.690279960632324219e+01
-9.040656280517578125e+01,2.690325736999511719e+01
-9.040650177001953125e+01,2.690283584594726562e+01
-9.040695190429687500e+01,2.690275382995605469e+01
-9.040692901611328125e+01,2.690273857116699219e+01
-9.040569305419921875e+01,2.690321540832519531e+01
-9.040600585937500000e+01,2.690286445617675781e+01
-9.040610504150390625e+01,2.690334129333496094e+01
-9.040659332275390625e+01,2.690339469909667969e+01
-9.040594482421875000e+01,2.690289688110351562e+01
-9.040681457519531250e+01,2.690320014953613281e+01
-9.040630340576171875e+01,2.690306854248046875e+01
-9.040603637695312500e+01,2.690350532531738281e+01
-9.040660858154296875e+01,2.690332412719726562e+01
-9.040630340576171875e+01,2.690305137634277344e+01
-9.040682220458984375e+01,2.690263557434082031e+01
-9.040629577636718750e+01,2.690304946899414062e+01
-9.040708160400390625e+01,2.690253067016601562e+01
-9.040703582763671875e+01,2.690294075012207031e+01
-9.040618133544921875e+01,2.690314292907714844e+01
-9.040655517578125000e+01,2.690323257446289062e+01
-9.040602111816406250e+01,2.690321731567382812e+01
-9.040675354003906250e+01,2.690274047851562500e+01
-9.040576171875000000e+01,2.690385055541992188e+01
-9.040537261962890625e+01,2.690365409851074219e+01
-9.040663909912109375e+01,2.690306282043457031e+01
-9.040664672851562500e+01,2.690315437316894531e+01
-9.040663146972656250e+01,2.690315818786621094e+01
-9.040528106689453125e+01,2.690358352661132812e+01
-9.040635681152343750e+01,2.690308570861816406e+01
-9.040693664550781250e+01,2.690249633789062500e+01
-9.040640258789062500e+01,2.690277290344238281e+01
-9.040554046630859375e+01,2.690341377258300781e+01
-9.040605926513671875e+01,2.690322113037109375e+01
-9.040596771240234375e+01,2.690291976928710938e+01
-9.040632629394531250e+01,2.690308761596679688e+01
-9.040682983398437500e+01,2.690279388427734375e+01
-9.040664672851562500e+01,2.690263366699218750e+01
-9.040649414062500000e+01,2.690286254882812500e+01
-9.040660095214843750e+01,2.690277862548828125e+01
-9.040649414062500000e+01,2.690286827087402344e+01
-9.040560913085937500e+01,2.690357398986816406e+01
-9.040656280517578125e+01,2.690313720703125000e+01
-9.040596008300781250e+01,2.690291595458984375e+01
-9.040634918212890625e+01,2.690345764160156250e+01
-9.040587615966796875e+01,2.690305137634277344e+01
-9.040638732910156250e+01,2.690302658081054688e+01
-9.040583801269531250e+01,2.690299415588378906e+01
-9.040542602539062500e+01,2.690317344665527344e+01
-9.040708923339843750e+01,2.690287590026855469e+01
-9.040567779541015625e+01,2.690307807922363281e+01
-9.040586090087890625e+01,2.690367317199707031e+01
-9.040680694580078125e+01,2.690282821655273438e+01
-9.040701293945312500e+01,2.690280151367187500e+01
-9.040616607666015625e+01,2.690281677246093750e+01
-9.040651702880859375e+01,2.690284347534179688e+01
-9.040592193603515625e+01,2.690327453613281250e+01
-9.040575408935546875e+01,2.690370559692382812e+01
-9.040665435791015625e+01,2.690335464477539062e+01
-9.040622711181640625e+01,2.690286254882812500e+01
-9.040578460693359375e+01,2.690380096435546875e+01
-9.040649414062500000e+01,2.690273475646972656e+01
-9.040603637695312500e+01,2.690302085876464844e+01
-9.040581512451171875e+01,2.690315818786621094e+01
-9.040575408935546875e+01,2.690307617187500000e+01
-9.040562438964843750e+01,2.690327644348144531e+01
-9.040684509277343750e+01,2.690250968933105469e+01
-9.040580749511718750e+01,2.690343284606933594e+01
-9.040661621093750000e+01,2.690341758728027344e+01
-9.040534973144531250e+01,2.690368652343750000e+01
-9.040642547607421875e+01,2.690344238281250000e+01
-9.040584564208984375e+01,2.690360641479492188e+01
-9.040548706054687500e+01,2.690365028381347656e+01
-9.040698242187500000e+01,2.690263938903808594e+01
-9.040591430664062500e+01,2.690350341796875000e+01
-9.040565490722656250e+01,2.690302658081054688e+01
-9.040573120117187500e+01,2.690329360961914062e+01
-9.040635681152343750e+01,2.690312957763671875e+01
-9.040630340576171875e+01,2.690291595458984375e+01
-9.040718078613281250e+01,2.690253257751464844e+01
-9.040527343750000000e+01,2.690360450744628906e+01
-9.040615844726562500e+01,2.690365409851074219e+01
-9.040649414062500000e+01,2.690345764160156250e+01
-9.040559387207031250e+01,2.690365982055664062e+01
-9.040652465820312500e+01,2.690313911437988281e+01
-9.040641784667968750e+01,2.690340232849121094e+01
-9.040562438964843750e+01,2.690308189392089844e+01
-9.040557861328125000e+01,2.690336990356445312e+01
-9.040545654296875000e+01,2.690346908569335938e+01
-9.040681457519531250e+01,2.690271949768066406e+01
-9.040560913085937500e+01,2.690305137634277344e+01
-9.040666198730468750e+01,2.690253829956054688e+01
-9.040589904785156250e+01,2.690361595153808594e+01
-9.040599060058593750e+01,2.690357208251953125e+01
-9.040654754638671875e+01,2.690290451049804688e+01
-9.040544128417968750e+01,2.690361404418945312e+01
-9.040634918212890625e+01,2.690301132202148438e+01
-9.040593719482421875e+01,2.690336799621582031e+01
-9.040691375732421875e+01,2.690270996093750000e+01
-9.040598297119140625e+01,2.690352630615234375e+01
-9.040569305419921875e+01,2.690301513671875000e+01
-9.040694427490234375e+01,2.690313529968261719e+01
-9.040533447265625000e+01,2.690340614318847656e+01
-9.040628051757812500e+01,2.690302658081054688e+01
-9.040541076660156250e+01,2.690342330932617188e+01
-9.040649414062500000e+01,2.690317153930664062e+01
-9.040625762939453125e+01,2.690312767028808594e+01
-9.040637969970703125e+01,2.690334320068359375e+01
-9.040606689453125000e+01,2.690338516235351562e+01
-9.040644073486328125e+01,2.690300178527832031e+01
-9.040633392333984375e+01,2.690319252014160156e+01
-9.040575408935546875e+01,2.690307044982910156e+01
-9.040666961669921875e+01,2.690329170227050781e+01
-9.040567016601562500e+01,2.690385818481445312e+01
-9.040615081787109375e+01,2.690333747863769531e+01
-9.040574645996093750e+01,2.690334510803222656e+01
-9.040673828125000000e+01,2.690283966064453125e+01
-9.040657043457031250e+01,2.690289115905761719e+01
-9.040695953369140625e+01,2.690266609191894531e+01
-9.040653991699218750e+01,2.690279388427734375e+01
-9.040547943115234375e+01,2.690365982055664062e+01
-9.040706634521484375e+01,2.690270233154296875e+01
-9.040628051757812500e+01,2.690298271179199219e+01
-9.040699005126953125e+01,2.690256690979003906e+01
-9.040627288818359375e+01,2.690285110473632812e+01
-9.040647888183593750e+01,2.690265655517578125e+01
-9.040603637695312500e+01,2.690311622619628906e+01
-9.040660095214843750e+01,2.690271949768066406e+01
-9.040585327148437500e+01,2.690297126770019531e+01
-9.040592956542968750e+01,2.690344047546386719e+01
-9.040543365478515625e+01,2.690357780456542969e+01
-9.040578460693359375e+01,2.690291976928710938e+01
-9.040641784667968750e+01,2.690311813354492188e+01
-9.040648651123046875e+01,2.690283775329589844e+01
-9.040538024902343750e+01,2.690343666076660156e+01
-9.040531921386718750e+01,2.690354728698730469e+01
-9.040673065185546875e+01,2.690316963195800781e+01
-9.040702056884765625e+01,2.690263938903808594e+01
-9.040589904785156250e+01,2.690282058715820312e+01
-9.040552520751953125e+01,2.690336036682128906e+01
-9.040568542480468750e+01,2.690373992919921875e+01
-9.040631103515625000e+01,2.690347290039062500e+01
-9.040617370605468750e+01,2.690272521972656250e+01
-9.040590667724609375e+01,2.690281867980957031e+01
-9.040657806396484375e+01,2.690256690979003906e+01
-9.040538024902343750e+01,2.690339279174804688e+01
-9.040670776367187500e+01,2.690301704406738281e+01
-9.040605163574218750e+01,2.690369415283203125e+01
-9.040592956542968750e+01,2.690328025817871094e+01
-9.040583801269531250e+01,2.690307426452636719e+01
-9.040571594238281250e+01,2.690322494506835938e+01
-9.040589904785156250e+01,2.690290641784667969e+01
-9.040674591064453125e+01,2.690316581726074219e+01
-9.040571594238281250e+01,2.690345573425292969e+01
-9.040597534179687500e+01,2.690309906005859375e+01
-9.040705108642578125e+01,2.690275192260742188e+01
-9.040682983398437500e+01,2.690309906005859375e+01
-9.040615081787109375e+01,2.690339660644531250e+01
-9.040579223632812500e+01,2.690309143066406250e+01
-9.040591430664062500e+01,2.690307998657226562e+01
-9.040612030029296875e+01,2.690285491943359375e+01
-9.040670776367187500e+01,2.690284538269042969e+01
-9.040676116943359375e+01,2.690260314941406250e+01
-9.040692138671875000e+01,2.690318298339843750e+01
-9.040644073486328125e+01,2.690296745300292969e+01
-9.040653228759765625e+01,2.690343093872070312e+01
-9.040644836425781250e+01,2.690340232849121094e+01
-9.040573883056640625e+01,2.690366744995117188e+01
-9.040572357177734375e+01,2.690350914001464844e+01
-9.040573883056640625e+01,2.690329933166503906e+01
-9.040555572509765625e+01,2.690382957458496094e+01
-9.040557861328125000e+01,2.690355682373046875e+01
-9.040647888183593750e+01,2.690347290039062500e+01
-9.040650939941406250e+01,2.690259933471679688e+01
-9.040570831298828125e+01,2.690324974060058594e+01
-9.040553283691406250e+01,2.690353775024414062e+01
-9.040542602539062500e+01,2.690389823913574219e+01
-9.040560150146484375e+01,2.690341949462890625e+01
-9.040631866455078125e+01,2.690284156799316406e+01
-9.040682220458984375e+01,2.690288734436035156e+01
-9.040678405761718750e+01,2.690275192260742188e+01
-9.040682983398437500e+01,2.690304565429687500e+01
-9.040684509277343750e+01,2.690282630920410156e+01
-9.040573883056640625e+01,2.690387725830078125e+01
-9.040583038330078125e+01,2.690306854248046875e+01
-9.040645599365234375e+01,2.690299987792968750e+01
-9.040560150146484375e+01,2.690384483337402344e+01
-9.040557861328125000e+01,2.690317344665527344e+01
-9.040686798095703125e+01,2.690261650085449219e+01
-9.040607452392578125e+01,2.690279006958007812e+01
-9.040547180175781250e+01,2.690362739562988281e+01
-9.040702819824218750e+01,2.690301322937011719e+01
-9.040671539306640625e+01,2.690277671813964844e+01
-9.040608978271484375e+01,2.690354537963867188e+01
-9.040699005126953125e+01,2.690299034118652344e+01
-9.040585327148437500e+01,2.690307044982910156e+01
-9.040650177001953125e+01,2.690322875976562500e+01
-9.040555572509765625e+01,2.690319633483886719e+01
-9.040596771240234375e+01,2.690325736999511719e+01
-9.040657043457031250e+01,2.690296554565429688e+01
-9.040647888183593750e+01,2.690265274047851562e+01
-9.040579223632812500e+01,2.690310478210449219e+01
-9.040650939941406250e+01,2.690281486511230469e+01
-9.040554809570312500e+01,2.690325546264648438e+01
-9.040560150146484375e+01,2.690383148193359375e+01
-9.040691375732421875e+01,2.690289688110351562e+01
-9.040596008300781250e+01,2.690306282043457031e+01
-9.040602111816406250e+01,2.690295791625976562e+01
-9.040576934814453125e+01,2.690307998657226562e+01
-9.040677642822265625e+01,2.690313529968261719e+01
-9.040594482421875000e+01,2.690312957763671875e+01
-9.040655517578125000e+01,2.690334892272949219e+01
-9.040573883056640625e+01,2.690364074707031250e+01
-9.040613555908203125e+01,2.690286636352539062e+01
-9.040599060058593750e+01,2.690332221984863281e+01
-9.040675354003906250e+01,2.690300559997558594e+01
-9.040643310546875000e+01,2.690334129333496094e+01
-9.040582275390625000e+01,2.690360450744628906e+01
-9.040562438964843750e+01,2.690375137329101562e+01
-9.040583038330078125e+01,2.690346908569335938e+01
-9.040597534179687500e+01,2.690369606018066406e+01
-9.040657806396484375e+01,2.690318298339843750e+01
-9.040672302246093750e+01,2.690306091308593750e+01
-9.040565490722656250e+01,2.690320587158203125e+01
-9.040718078613281250e+01,2.690283203125000000e+01
-9.040658569335937500e+01,2.690306091308593750e+01
-9.040610504150390625e+01,2.690333557128906250e+01
-9.040698242187500000e+01,2.690293312072753906e+01
-9.040549468994140625e+01,2.690349578857421875e+01
-9.040572357177734375e+01,2.690318107604980469e+01
-9.040715789794921875e+01,2.690262985229492188e+01
-9.040574645996093750e+01,2.690313720703125000e+01
-9.040610504150390625e+01,2.690284729003906250e+01
-9.040636444091796875e+01,2.690339088439941406e+01
-9.040628814697265625e+01,2.690292358398437500e+01
-9.040671539306640625e+01,2.690253067016601562e+01
-9.040612030029296875e+01,2.690279197692871094e+01
-9.040694427490234375e+01,2.690286064147949219e+01
-9.040653991699218750e+01,2.690311431884765625e+01
-9.040625000000000000e+01,2.690274620056152344e+01
-9.040628814697265625e+01,2.690319252014160156e+01
-9.040585327148437500e+01,2.690294265747070312e+01
-9.040676116943359375e+01,2.690329551696777344e+01
-9.040576934814453125e+01,2.690359687805175781e+01
-9.040679931640625000e+01,2.690300369262695312e+01
-9.040625000000000000e+01,2.690313911437988281e+01
-9.040586853027343750e+01,2.690329360961914062e+01
-9.040663909912109375e+01,2.690277481079101562e+01
-9.040566253662109375e+01,2.690330696105957031e+01
-9.040621185302734375e+01,2.690315818786621094e+01
-9.040687561035156250e+01,2.690275001525878906e+01
-9.040640258789062500e+01,2.690308189392089844e+01
-9.040540313720703125e+01,2.690339851379394531e+01
-9.040545654296875000e+01,2.690333557128906250e+01
-9.040670013427734375e+01,2.690292549133300781e+01
-9.040650939941406250e+01,2.690279388427734375e+01
-9.040648651123046875e+01,2.690283584594726562e+01
-9.040596771240234375e+01,2.690364074707031250e+01
-9.040679168701171875e+01,2.690321350097656250e+01
-9.040575408935546875e+01,2.690376472473144531e+01
-9.040622711181640625e+01,2.690289497375488281e+01
-9.040612030029296875e+01,2.690366172790527344e+01
-9.040693664550781250e+01,2.690286064147949219e+01
-9.040648651123046875e+01,2.690331268310546875e+01
-9.040592956542968750e+01,2.690338516235351562e+01
-9.040625000000000000e+01,2.690359878540039062e+01
-9.040568542480468750e+01,2.690300750732421875e+01
-9.040682983398437500e+01,2.690292739868164062e+01
-9.040679168701171875e+01,2.690257453918457031e+01
-9.040618896484375000e+01,2.690332794189453125e+01
-9.040524291992187500e+01,2.690359687805175781e+01
-9.040648651123046875e+01,2.690322685241699219e+01
-9.040582275390625000e+01,2.690366554260253906e+01
-9.040586090087890625e+01,2.690364074707031250e+01
-9.040642547607421875e+01,2.690294456481933594e+01
-9.040576171875000000e+01,2.690309333801269531e+01
-9.040591430664062500e+01,2.690295982360839844e+01
-9.040662384033203125e+01,2.690251541137695312e+01
-9.040535736083984375e+01,2.690342521667480469e+01
-9.040625000000000000e+01,2.690328216552734375e+01
-9.040628051757812500e+01,2.690289306640625000e+01
-9.040608978271484375e+01,2.690357208251953125e+01
-9.040708160400390625e+01,2.690263557434082031e+01
-9.040635681152343750e+01,2.690345573425292969e+01
-9.040605926513671875e+01,2.690323257446289062e+01
-9.040676879882812500e+01,2.690276336669921875e+01
-9.040612030029296875e+01,2.690285682678222656e+01
-9.040705108642578125e+01,2.690259933471679688e+01
-9.040623474121093750e+01,2.690283966064453125e+01
-9.040554046630859375e+01,2.690349960327148438e+01
-9.040689849853515625e+01,2.690274620056152344e+01
-9.040645599365234375e+01,2.690324783325195312e+01
-9.040689086914062500e+01,2.690314674377441406e+01
-9.040578460693359375e+01,2.690309143066406250e+01
-9.040676879882812500e+01,2.690293121337890625e+01
-9.040672302246093750e+01,2.690326690673828125e+01
-9.040585327148437500e+01,2.690324211120605469e+01
-9.040629577636718750e+01,2.690305137634277344e+01
-9.040669250488281250e+01,2.690325164794921875e+01
-9.040612030029296875e+01,2.690300750732421875e+01
-9.040589904785156250e+01,2.690296745300292969e+01
-9.040582275390625000e+01,2.690296936035156250e+01
-9.040642547607421875e+01,2.690338516235351562e+01
-9.040648651123046875e+01,2.690277099609375000e+01
-9.040599822998046875e+01,2.690275764465332031e+01
-9.040589904785156250e+01,2.690357208251953125e+01
-9.040597534179687500e+01,2.690349769592285156e+01
-9.040543365478515625e+01,2.690394210815429688e+01
-9.040584564208984375e+01,2.690338897705078125e+01
-9.040668487548828125e+01,2.690290069580078125e+01
-9.040695953369140625e+01,2.690293312072753906e+01
-9.040689849853515625e+01,2.690270614624023438e+01
-9.040567016601562500e+01,2.690328979492187500e+01
-9.040653991699218750e+01,2.690252304077148438e+01
-9.040723419189453125e+01,2.690280723571777344e+01
-9.040679168701171875e+01,2.690320968627929688e+01
-9.040659332275390625e+01,2.690283966064453125e+01
-9.040698242187500000e+01,2.690257072448730469e+01
-9.040663146972656250e+01,2.690260314941406250e+01
-9.040668487548828125e+01,2.690283775329589844e+01
-9.040675354003906250e+01,2.690323638916015625e+01
-9.040588378906250000e+01,2.690343856811523438e+01
-9.040663909912109375e+01,2.690295791625976562e+01
-9.040596771240234375e+01,2.690360832214355469e+01
-9.040635681152343750e+01,2.690270805358886719e+01
-9.040556335449218750e+01,2.690345382690429688e+01
-9.040615844726562500e+01,2.690304183959960938e+01
-9.040599822998046875e+01,2.690283584594726562e+01
-9.040644073486328125e+01,2.690315628051757812e+01
-9.040675354003906250e+01,2.690252304077148438e+01
-9.040573120117187500e+01,2.690300369262695312e+01
-9.040630340576171875e+01,2.690344429016113281e+01
-9.040637207031250000e+01,2.690310096740722656e+01
-9.040568542480468750e+01,2.690341186523437500e+01
-9.040615844726562500e+01,2.690339660644531250e+01
-9.040695953369140625e+01,2.690291786193847656e+01
-9.040690612792968750e+01,2.690288925170898438e+01
-9.040674591064453125e+01,2.690325736999511719e+01
-9.040538787841796875e+01,2.690337181091308594e+01
-9.040599822998046875e+01,2.690282440185546875e+01
-9.040582275390625000e+01,2.690372276306152344e+01
-9.040583038330078125e+01,2.690290451049804688e+01
-9.040576171875000000e+01,2.690375900268554688e+01
-9.040574645996093750e+01,2.690357971191406250e+01
-9.040572357177734375e+01,2.690373420715332031e+01
-9.040516662597656250e+01,2.690361213684082031e+01
-9.040558624267578125e+01,2.690363883972167969e+01
-9.040534973144531250e+01,2.690353584289550781e+01
-9.040673828125000000e+01,2.690318107604980469e+01
-9.040698242187500000e+01,2.690302848815917969e+01
-9.040571594238281250e+01,2.690369987487792969e+01
-9.040680694580078125e+01,2.690289497375488281e+01
-9.040651702880859375e+01,2.690273284912109375e+01
-9.040605926513671875e+01,2.690273666381835938e+01
-9.040650177001953125e+01,2.690300941467285156e+01
-9.040575408935546875e+01,2.690333175659179688e+01
-9.040641784667968750e+01,2.690262222290039062e+01
-9.040609741210937500e+01,2.690359687805175781e+01
-9.040617370605468750e+01,2.690346145629882812e+01
-9.040666198730468750e+01,2.690261268615722656e+01
-9.040614318847656250e+01,2.690278244018554688e+01
-9.040630340576171875e+01,2.690345001220703125e+01
-9.040555572509765625e+01,2.690317726135253906e+01
-9.040606689453125000e+01,2.690365219116210938e+01
-9.040676879882812500e+01,2.690325927734375000e+01
-9.040651702880859375e+01,2.690299415588378906e+01
-9.040525054931640625e+01,2.690361404418945312e+01
-9.040551757812500000e+01,2.690338325500488281e+01
-9.040629577636718750e+01,2.690348815917968750e+01
-9.040666198730468750e+01,2.690335464477539062e+01
-9.040562438964843750e+01,2.690318870544433594e+01
-9.040606689453125000e+01,2.690359115600585938e+01
-9.040529632568359375e+01,2.690362548828125000e+01
-9.040607452392578125e+01,2.690284347534179688e+01
-9.040650177001953125e+01,2.690258026123046875e+01
-9.040630340576171875e+01,2.690339660644531250e+01
-9.040635681152343750e+01,2.690340232849121094e+01
-9.040645599365234375e+01,2.690316772460937500e+01
-9.040578460693359375e+01,2.690314674377441406e+01
-9.040527343750000000e+01,2.690360450744628906e+01
-9.040648651123046875e+01,2.690300559997558594e+01
-9.040573120117187500e+01,2.690378570556640625e+01
-9.040691375732421875e+01,2.690251731872558594e+01
-9.040533447265625000e+01,2.690337371826171875e+01
-9.040583038330078125e+01,2.690284729003906250e+01
-9.040644836425781250e+01,2.690332984924316406e+01
-9.040627288818359375e+01,2.690355682373046875e+01
-9.040618896484375000e+01,2.690300178527832031e+01
-9.040589141845703125e+01,2.690314865112304688e+01
-9.040638732910156250e+01,2.690268898010253906e+01
-9.040682983398437500e+01,2.690274047851562500e+01
-9.040619659423828125e+01,2.690311813354492188e+01
-9.040556335449218750e+01,2.690339469909667969e+01
-9.040559387207031250e+01,2.690357208251953125e+01
-9.040726470947265625e+01,2.690252113342285156e+01
-9.040523529052734375e+01,2.690362930297851562e+01
-9.040642547607421875e+01,2.690325736999511719e+01
-9.040572357177734375e+01,2.690360069274902344e+01
-9.040657043457031250e+01,2.690290451049804688e+01
-9.040582275390625000e+01,2.690328979492187500e+01
-9.040583801269531250e+01,2.690373039245605469e+01
-9.040589141845703125e+01,2.690336608886718750e+01
-9.040563964843750000e+01,2.690369033813476562e+01
-9.040647125244140625e+01,2.690339279174804688e+01
-9.040633392333984375e+01,2.690283012390136719e+01
-9.040675354003906250e+01,2.690301704406738281e+01
-9.040663909912109375e+01,2.690277862548828125e+01
-9.040711975097656250e+01,2.690254592895507812e+01
-9.040686798095703125e+01,2.690256690979003906e+01
-9.040618133544921875e+01,2.690361404418945312e+01
-9.040631866455078125e+01,2.690320205688476562e+01
-9.040620422363281250e+01,2.690286636352539062e+01
-9.040647125244140625e+01,2.690348052978515625e+01
-9.040637969970703125e+01,2.690273284912109375e+01
-9.040664672851562500e+01,2.690251731872558594e+01
-9.040580749511718750e+01,2.690354728698730469e+01
-9.040589904785156250e+01,2.690361022949218750e+01
-9.040525054931640625e+01,2.690362739562988281e+01
-9.040584564208984375e+01,2.690334701538085938e+01
-9.040569305419921875e+01,2.690373039245605469e+01
-9.040699768066406250e+01,2.690279579162597656e+01
-9.040658569335937500e+01,2.690251541137695312e+01
-9.040519714355468750e+01,2.690365219116210938e+01
-9.040645599365234375e+01,2.690327453613281250e+01
-9.040622711181640625e+01,2.690320205688476562e+01
-9.040634918212890625e+01,2.690285873413085938e+01
-9.040610504150390625e+01,2.690319061279296875e+01
-9.040647125244140625e+01,2.690347290039062500e+01
-9.040578460693359375e+01,2.690299034118652344e+01
-9.040644073486328125e+01,2.690309524536132812e+01
-9.040600585937500000e+01,2.690316772460937500e+01
-9.040671539306640625e+01,2.690297698974609375e+01
-9.040567779541015625e+01,2.690356063842773438e+01
-9.040576171875000000e+01,2.690366363525390625e+01
-9.040714263916015625e+01,2.690279388427734375e+01
-9.040598297119140625e+01,2.690342140197753906e+01
-9.040711975097656250e+01,2.690283966064453125e+01
-9.040568542480468750e+01,2.690308380126953125e+01
-9.040582275390625000e+01,2.690349769592285156e+01
-9.040618896484375000e+01,2.690312767028808594e+01
-9.040562438964843750e+01,2.690338897705078125e+01
-9.040625000000000000e+01,2.690283393859863281e+01
