longitude,latitude
-9.031519317626953125e+01,2.671725463867187500e+01
-9.031540679931640625e+01,2.671684646606445312e+01
-9.031517791748046875e+01,2.671611022949218750e+01
-9.031474304199218750e+01,2.671686172485351562e+01
-9.031555938720703125e+01,2.671607208251953125e+01
-9.031577301025390625e+01,2.671704673767089844e+01
-9.031563568115234375e+01,2.671637344360351562e+01
-9.031447601318359375e+01,2.671642303466796875e+01
-9.031555175781250000e+01,2.671652221679687500e+01
-9.031456756591796875e+01,2.671641731262207031e+01
-9.031494903564453125e+01,2.671656417846679688e+01
-9.031525421142578125e+01,2.671588516235351562e+01
-9.031500244140625000e+01,2.671645164489746094e+01
-9.031513214111328125e+01,2.671687698364257812e+01
-9.031470489501953125e+01,2.671567153930664062e+01
-9.031554412841796875e+01,2.671669006347656250e+01
-9.031523132324218750e+01,2.671618461608886719e+01
-9.031439971923828125e+01,2.671562957763671875e+01
-9.031449890136718750e+01,2.671611976623535156e+01
-9.031462097167968750e+01,2.671661376953125000e+01
-9.031494903564453125e+01,2.671692085266113281e+01
-9.031417846679687500e+01,2.671571350097656250e+01
-9.031502532958984375e+01,2.671591377258300781e+01
-9.031482696533203125e+01,2.671539115905761719e+01
-9.031601715087890625e+01,2.671731948852539062e+01
-9.031530761718750000e+01,2.671710205078125000e+01
-9.031447601318359375e+01,2.671624946594238281e+01
-9.031568908691406250e+01,2.671629524230957031e+01
-9.031491851806640625e+01,2.671706008911132812e+01
-9.031429290771484375e+01,2.671596145629882812e+01
-9.031423950195312500e+01,2.671611404418945312e+01
-9.031448364257812500e+01,2.671584510803222656e+01
-9.031501770019531250e+01,2.671697044372558594e+01
-9.031481170654296875e+01,2.671699333190917969e+01
-9.031507873535156250e+01,2.671595764160156250e+01
-9.031541442871093750e+01,2.671626091003417969e+01
-9.031428527832031250e+01,2.671552658081054688e+01
-9.031458282470703125e+01,2.671586608886718750e+01
-9.031475067138671875e+01,2.671667289733886719e+01
-9.031459808349609375e+01,2.671526336669921875e+01
-9.031532287597656250e+01,2.671591567993164062e+01
-9.031560516357421875e+01,2.671665573120117188e+01
-9.031445312500000000e+01,2.671663665771484375e+01
-9.031564331054687500e+01,2.671604537963867188e+01
-9.031522369384765625e+01,2.671592140197753906e+01
-9.031431579589843750e+01,2.671639823913574219e+01
-9.031462860107421875e+01,2.671679115295410156e+01
-9.031529235839843750e+01,2.671616363525390625e+01
-9.031512451171875000e+01,2.671721458435058594e+01
-9.031502532958984375e+01,2.671693229675292969e+01
-9.031471252441406250e+01,2.671606445312500000e+01
-9.031520843505859375e+01,2.671669387817382812e+01
-9.031551361083984375e+01,2.671680831909179688e+01
-9.031474304199218750e+01,2.671562767028808594e+01
-9.031462097167968750e+01,2.671525955200195312e+01
-9.031479644775390625e+01,2.671723175048828125e+01
-9.031447601318359375e+01,2.671598815917968750e+01
-9.031466674804687500e+01,2.671645927429199219e+01
-9.031551361083984375e+01,2.671704864501953125e+01
-9.031590270996093750e+01,2.671679306030273438e+01
-9.031433105468750000e+01,2.671562385559082031e+01
-9.031552886962890625e+01,2.671620368957519531e+01
-9.031466674804687500e+01,2.671584701538085938e+01
-9.031562042236328125e+01,2.671734809875488281e+01
-9.031594085693359375e+01,2.671678352355957031e+01
-9.031508636474609375e+01,2.671708297729492188e+01
-9.031484985351562500e+01,2.671546745300292969e+01
-9.031520843505859375e+01,2.671708106994628906e+01
-9.031557464599609375e+01,2.671666526794433594e+01
-9.031453704833984375e+01,2.671617126464843750e+01
-9.031546783447265625e+01,2.671667289733886719e+01
-9.031519317626953125e+01,2.671559333801269531e+01
-9.031503295898437500e+01,2.671581649780273438e+01
-9.031459045410156250e+01,2.671622848510742188e+01
-9.031512451171875000e+01,2.671613693237304688e+01
-9.031469726562500000e+01,2.671538543701171875e+01
-9.031435394287109375e+01,2.671599578857421875e+01
-9.031439208984375000e+01,2.671615982055664062e+01
-9.031533050537109375e+01,2.671648025512695312e+01
-9.031510925292968750e+01,2.671651268005371094e+01
-9.031552886962890625e+01,2.671630096435546875e+01
-9.031472778320312500e+01,2.671635818481445312e+01
-9.031452178955078125e+01,2.671603584289550781e+01
-9.031517028808593750e+01,2.671726608276367188e+01
-9.031423950195312500e+01,2.671572113037109375e+01
-9.031478118896484375e+01,2.671648025512695312e+01
-9.031566619873046875e+01,2.671662902832031250e+01
-9.031461334228515625e+01,2.671720886230468750e+01
-9.031423950195312500e+01,2.671645927429199219e+01
-9.031513214111328125e+01,2.671590232849121094e+01
-9.031437683105468750e+01,2.671525573730468750e+01
-9.031522369384765625e+01,2.671617889404296875e+01
-9.031429290771484375e+01,2.671542549133300781e+01
-9.031446838378906250e+01,2.671564674377441406e+01
-9.031562805175781250e+01,2.671603584289550781e+01
-9.031533050537109375e+01,2.671708297729492188e+01
-9.031452941894531250e+01,2.671637344360351562e+01
-9.031492614746093750e+01,2.671542739868164062e+01
-9.031470489501953125e+01,2.671603012084960938e+01
-9.031584167480468750e+01,2.671711921691894531e+01
-9.031563568115234375e+01,2.671604537963867188e+01
-9.031516265869140625e+01,2.671642684936523438e+01
-9.031456756591796875e+01,2.671567916870117188e+01
-9.031552124023437500e+01,2.671697998046875000e+01
-9.031584167480468750e+01,2.671713066101074219e+01
-9.031565093994140625e+01,2.671642494201660156e+01
-9.031480407714843750e+01,2.671685218811035156e+01
-9.031527709960937500e+01,2.671718215942382812e+01
-9.031581878662109375e+01,2.671672821044921875e+01
-9.031526947021484375e+01,2.671589469909667969e+01
-9.031448364257812500e+01,2.671596145629882812e+01
-9.031424713134765625e+01,2.671576499938964844e+01
-9.031459045410156250e+01,2.671540069580078125e+01
-9.031524658203125000e+01,2.671627044677734375e+01
-9.031475067138671875e+01,2.671644401550292969e+01
-9.031453704833984375e+01,2.671537780761718750e+01
-9.031462860107421875e+01,2.671659278869628906e+01
-9.031513214111328125e+01,2.671708679199218750e+01
-9.031525421142578125e+01,2.671588516235351562e+01
-9.031417846679687500e+01,2.671592903137207031e+01
-9.031492614746093750e+01,2.671557998657226562e+01
-9.031578063964843750e+01,2.671655273437500000e+01
-9.031569671630859375e+01,2.671677780151367188e+01
-9.031597137451171875e+01,2.671737670898437500e+01
-9.031567382812500000e+01,2.671637535095214844e+01
-9.031547546386718750e+01,2.671647834777832031e+01
-9.031436920166015625e+01,2.671607017517089844e+01
-9.031478118896484375e+01,2.671594047546386719e+01
-9.031451416015625000e+01,2.671526718139648438e+01
-9.031427001953125000e+01,2.671610450744628906e+01
-9.031484985351562500e+01,2.671697425842285156e+01
-9.031439208984375000e+01,2.671556091308593750e+01
-9.031452178955078125e+01,2.671704864501953125e+01
-9.031508636474609375e+01,2.671573257446289062e+01
-9.031477355957031250e+01,2.671607589721679688e+01
-9.031443023681640625e+01,2.671654319763183594e+01
-9.031565856933593750e+01,2.671639251708984375e+01
-9.031438446044921875e+01,2.671640396118164062e+01
-9.031509399414062500e+01,2.671598052978515625e+01
-9.031504058837890625e+01,2.671612930297851562e+01
-9.031513977050781250e+01,2.671689033508300781e+01
-9.031446838378906250e+01,2.671637153625488281e+01
-9.031548309326171875e+01,2.671656036376953125e+01
-9.031541442871093750e+01,2.671625900268554688e+01
-9.031546783447265625e+01,2.671670913696289062e+01
-9.031541442871093750e+01,2.671580696105957031e+01
-9.031436157226562500e+01,2.671573066711425781e+01
-9.031489562988281250e+01,2.671667098999023438e+01
-9.031430053710937500e+01,2.671533203125000000e+01
-9.031446075439453125e+01,2.671535682678222656e+01
-9.031584930419921875e+01,2.671736145019531250e+01
-9.031514739990234375e+01,2.671713447570800781e+01
-9.031459808349609375e+01,2.671623229980468750e+01
-9.031469726562500000e+01,2.671710777282714844e+01
-9.031582641601562500e+01,2.671734809875488281e+01
-9.031571197509765625e+01,2.671735191345214844e+01
-9.031457519531250000e+01,2.671635055541992188e+01
-9.031497192382812500e+01,2.671622085571289062e+01
-9.031551361083984375e+01,2.671660041809082031e+01
-9.031540679931640625e+01,2.671620941162109375e+01
-9.031436157226562500e+01,2.671588516235351562e+01
-9.031552124023437500e+01,2.671723937988281250e+01
-9.031493377685546875e+01,2.671621513366699219e+01
-9.031494903564453125e+01,2.671672630310058594e+01
-9.031453704833984375e+01,2.671675300598144531e+01
-9.031453704833984375e+01,2.671698951721191406e+01
-9.031491088867187500e+01,2.671554565429687500e+01
-9.031423187255859375e+01,2.671577835083007812e+01
-9.031516265869140625e+01,2.671718406677246094e+01
-9.031475830078125000e+01,2.671629905700683594e+01
-9.031539154052734375e+01,2.671632957458496094e+01
-9.031428527832031250e+01,2.671581459045410156e+01
-9.031473541259765625e+01,2.671585655212402344e+01
-9.031527709960937500e+01,2.671707153320312500e+01
-9.031484222412109375e+01,2.671604347229003906e+01
-9.031576538085937500e+01,2.671662139892578125e+01
-9.031504058837890625e+01,2.671632194519042969e+01
-9.031549072265625000e+01,2.671680831909179688e+01
-9.031547546386718750e+01,2.671671867370605469e+01
-9.031522369384765625e+01,2.671723937988281250e+01
-9.031427764892578125e+01,2.671532058715820312e+01
-9.031521606445312500e+01,2.671715354919433594e+01
-9.031454467773437500e+01,2.671571350097656250e+01
-9.031513214111328125e+01,2.671621704101562500e+01
-9.031521606445312500e+01,2.671583175659179688e+01
-9.031431579589843750e+01,2.671569061279296875e+01
-9.031472015380859375e+01,2.671680831909179688e+01
-9.031481933593750000e+01,2.671527099609375000e+01
-9.031437683105468750e+01,2.671539115905761719e+01
-9.031470489501953125e+01,2.671663856506347656e+01
-9.031423187255859375e+01,2.671563339233398438e+01
-9.031523895263671875e+01,2.671556282043457031e+01
-9.031420135498046875e+01,2.671557807922363281e+01
-9.031529235839843750e+01,2.671605300903320312e+01
-9.031533813476562500e+01,2.671657562255859375e+01
-9.031539916992187500e+01,2.671592903137207031e+01
-9.031483459472656250e+01,2.671691322326660156e+01
-9.031490325927734375e+01,2.671649742126464844e+01
-9.031561279296875000e+01,2.671640396118164062e+01
-9.031446838378906250e+01,2.671645545959472656e+01
-9.031534576416015625e+01,2.671702957153320312e+01
-9.031436920166015625e+01,2.671619987487792969e+01
-9.031511688232421875e+01,2.671592903137207031e+01
-9.031597900390625000e+01,2.671728897094726562e+01
-9.031553649902343750e+01,2.671690559387207031e+01
-9.031580352783203125e+01,2.671671867370605469e+01
-9.031575775146484375e+01,2.671701812744140625e+01
-9.031506347656250000e+01,2.671656990051269531e+01
-9.031478881835937500e+01,2.671619224548339844e+01
-9.031462097167968750e+01,2.671566200256347656e+01
-9.031512451171875000e+01,2.671722221374511719e+01
-9.031518554687500000e+01,2.671613311767578125e+01
-9.031430053710937500e+01,2.671610641479492188e+01
-9.031581115722656250e+01,2.671663284301757812e+01
-9.031527709960937500e+01,2.671631622314453125e+01
-9.031432342529296875e+01,2.671537971496582031e+01
-9.031428527832031250e+01,2.671605491638183594e+01
-9.031438446044921875e+01,2.671609878540039062e+01
-9.031439208984375000e+01,2.671665382385253906e+01
-9.031510925292968750e+01,2.671629333496093750e+01
-9.031516265869140625e+01,2.671663475036621094e+01
-9.031436157226562500e+01,2.671530151367187500e+01
-9.031493377685546875e+01,2.671651077270507812e+01
-9.031590270996093750e+01,2.671706008911132812e+01
-9.031578826904296875e+01,2.671708297729492188e+01
-9.031528472900390625e+01,2.671569824218750000e+01
-9.031471252441406250e+01,2.671535682678222656e+01
-9.031484222412109375e+01,2.671602439880371094e+01
-9.031441497802734375e+01,2.671538543701171875e+01
-9.031447601318359375e+01,2.671604156494140625e+01
-9.031573486328125000e+01,2.671673011779785156e+01
-9.031571197509765625e+01,2.671649932861328125e+01
-9.031590270996093750e+01,2.671672248840332031e+01
-9.031469726562500000e+01,2.671585273742675781e+01
-9.031443786621093750e+01,2.671657943725585938e+01
-9.031526184082031250e+01,2.671585464477539062e+01
-9.031479644775390625e+01,2.671681594848632812e+01
-9.031502532958984375e+01,2.671609115600585938e+01
-9.031545257568359375e+01,2.671651077270507812e+01
-9.031506347656250000e+01,2.671562194824218750e+01
-9.031479644775390625e+01,2.671596336364746094e+01
-9.031481933593750000e+01,2.671588516235351562e+01
-9.031542205810546875e+01,2.671706581115722656e+01
-9.031493377685546875e+01,2.671662521362304688e+01
-9.031488037109375000e+01,2.671631240844726562e+01
-9.031443023681640625e+01,2.671526145935058594e+01
-9.031553649902343750e+01,2.671622657775878906e+01
-9.031464385986328125e+01,2.671590423583984375e+01
-9.031581878662109375e+01,2.671671867370605469e+01
-9.031533050537109375e+01,2.671659088134765625e+01
-9.031532287597656250e+01,2.671613121032714844e+01
-9.031459808349609375e+01,2.671637725830078125e+01
-9.031481933593750000e+01,2.671718215942382812e+01
-9.031532287597656250e+01,2.671668624877929688e+01
-9.031520080566406250e+01,2.671665573120117188e+01
-9.031598663330078125e+01,2.671735572814941406e+01
-9.031522369384765625e+01,2.671575736999511719e+01
-9.031492614746093750e+01,2.671693801879882812e+01
-9.031558227539062500e+01,2.671645164489746094e+01
-9.031448364257812500e+01,2.671616744995117188e+01
-9.031542205810546875e+01,2.671644783020019531e+01
-9.031555938720703125e+01,2.671709442138671875e+01
-9.031568908691406250e+01,2.671666717529296875e+01
-9.031558990478515625e+01,2.671705818176269531e+01
-9.031536865234375000e+01,2.671579933166503906e+01
-9.031556701660156250e+01,2.671622085571289062e+01
-9.031479644775390625e+01,2.671620941162109375e+01
-9.031541442871093750e+01,2.671632766723632812e+01
-9.031468200683593750e+01,2.671624755859375000e+01
-9.031497955322265625e+01,2.671623039245605469e+01
-9.031437683105468750e+01,2.671651077270507812e+01
-9.031488037109375000e+01,2.671563148498535156e+01
-9.031550598144531250e+01,2.671638107299804688e+01
-9.031486511230468750e+01,2.671538734436035156e+01
-9.031555175781250000e+01,2.671609497070312500e+01
-9.031436157226562500e+01,2.671583557128906250e+01
-9.031546020507812500e+01,2.671593666076660156e+01
-9.031484222412109375e+01,2.671701049804687500e+01
-9.031563568115234375e+01,2.671689224243164062e+01
-9.031535339355468750e+01,2.671721458435058594e+01
-9.031437683105468750e+01,2.671615028381347656e+01
-9.031545257568359375e+01,2.671592330932617188e+01
-9.031496429443359375e+01,2.671607208251953125e+01
-9.031456756591796875e+01,2.671665573120117188e+01
-9.031507873535156250e+01,2.671648979187011719e+01
-9.031550598144531250e+01,2.671615982055664062e+01
-9.031584930419921875e+01,2.671676254272460938e+01
-9.031588745117187500e+01,2.671724128723144531e+01
-9.031552886962890625e+01,2.671587753295898438e+01
-9.031552124023437500e+01,2.671659469604492188e+01
-9.031443023681640625e+01,2.671682167053222656e+01
-9.031513977050781250e+01,2.671640777587890625e+01
-9.031453704833984375e+01,2.671635055541992188e+01
-9.031467437744140625e+01,2.671704483032226562e+01
-9.031459808349609375e+01,2.671566772460937500e+01
-9.031474304199218750e+01,2.671542358398437500e+01
-9.031527709960937500e+01,2.671608543395996094e+01
-9.031481933593750000e+01,2.671572113037109375e+01
-9.031509399414062500e+01,2.671622085571289062e+01
-9.031417083740234375e+01,2.671570205688476562e+01
-9.031533813476562500e+01,2.671669578552246094e+01
-9.031488037109375000e+01,2.671610069274902344e+01
-9.031486511230468750e+01,2.671641349792480469e+01
-9.031465911865234375e+01,2.671602630615234375e+01
-9.031534576416015625e+01,2.671627235412597656e+01
-9.031483459472656250e+01,2.671661758422851562e+01
-9.031555175781250000e+01,2.671590805053710938e+01
-9.031558227539062500e+01,2.671602439880371094e+01
-9.031435394287109375e+01,2.671547317504882812e+01
-9.031552886962890625e+01,2.671592903137207031e+01
-9.031524658203125000e+01,2.671591567993164062e+01
-9.031520843505859375e+01,2.671617889404296875e+01
-9.031525421142578125e+01,2.671657752990722656e+01
-9.031562042236328125e+01,2.671691703796386719e+01
-9.031582641601562500e+01,2.671653938293457031e+01
-9.031533050537109375e+01,2.671587181091308594e+01
-9.031544494628906250e+01,2.671668815612792969e+01
-9.031535339355468750e+01,2.671603202819824219e+01
-9.031496429443359375e+01,2.671686172485351562e+01
-9.031513214111328125e+01,2.671673583984375000e+01
-9.031449127197265625e+01,2.671562194824218750e+01
-9.031433105468750000e+01,2.671605491638183594e+01
-9.031569671630859375e+01,2.671658706665039062e+01
-9.031449127197265625e+01,2.671598625183105469e+01
-9.031520080566406250e+01,2.671597099304199219e+01
-9.031543731689453125e+01,2.671644401550292969e+01
-9.031575775146484375e+01,2.671728515625000000e+01
-9.031494140625000000e+01,2.671586608886718750e+01
-9.031539154052734375e+01,2.671663856506347656e+01
-9.031424713134765625e+01,2.671516609191894531e+01
-9.031437683105468750e+01,2.671537780761718750e+01
-9.031529998779296875e+01,2.671658897399902344e+01
-9.031455993652343750e+01,2.671655082702636719e+01
-9.031575775146484375e+01,2.671733093261718750e+01
-9.031510162353515625e+01,2.671570205688476562e+01
-9.031497192382812500e+01,2.671575927734375000e+01
-9.031553649902343750e+01,2.671717643737792969e+01
-9.031431579589843750e+01,2.671519851684570312e+01
-9.031472778320312500e+01,2.671617317199707031e+01
-9.031433868408203125e+01,2.671602821350097656e+01
-9.031473541259765625e+01,2.671609878540039062e+01
-9.031423187255859375e+01,2.671547698974609375e+01
-9.031475830078125000e+01,2.671556282043457031e+01
-9.031519317626953125e+01,2.671602821350097656e+01
-9.031494903564453125e+01,2.671642875671386719e+01
-9.031489562988281250e+01,2.671553993225097656e+01
-9.031527709960937500e+01,2.671717071533203125e+01
-9.031521606445312500e+01,2.671561622619628906e+01
-9.031523895263671875e+01,2.671679306030273438e+01
-9.031432342529296875e+01,2.671635246276855469e+01
-9.031475067138671875e+01,2.671646308898925781e+01
-9.031497192382812500e+01,2.671549415588378906e+01
-9.031472778320312500e+01,2.671621894836425781e+01
-9.031486511230468750e+01,2.671568870544433594e+01
-9.031522369384765625e+01,2.671560478210449219e+01
-9.031551361083984375e+01,2.671697616577148438e+01
-9.031439208984375000e+01,2.671542930603027344e+01
-9.031447601318359375e+01,2.671671867370605469e+01
-9.031441497802734375e+01,2.671629142761230469e+01
-9.031474304199218750e+01,2.671665573120117188e+01
-9.031440734863281250e+01,2.671522521972656250e+01
-9.031549835205078125e+01,2.671616744995117188e+01
-9.031575012207031250e+01,2.671644401550292969e+01
-9.031559753417968750e+01,2.671590995788574219e+01
-9.031578063964843750e+01,2.671649551391601562e+01
-9.031459808349609375e+01,2.671640586853027344e+01
-9.031490325927734375e+01,2.671541023254394531e+01
-9.031521606445312500e+01,2.671598243713378906e+01
-9.031495666503906250e+01,2.671634674072265625e+01
-9.031485748291015625e+01,2.671704292297363281e+01
-9.031567382812500000e+01,2.671705436706542969e+01
-9.031510162353515625e+01,2.671558189392089844e+01
-9.031460571289062500e+01,2.671553611755371094e+01
-9.031565856933593750e+01,2.671692657470703125e+01
-9.031539154052734375e+01,2.671657180786132812e+01
-9.031530761718750000e+01,2.671720886230468750e+01
-9.031484985351562500e+01,2.671531867980957031e+01
-9.031557464599609375e+01,2.671661567687988281e+01
-9.031519317626953125e+01,2.671568489074707031e+01
-9.031539154052734375e+01,2.671688842773437500e+01
-9.031576538085937500e+01,2.671686363220214844e+01
-9.031520080566406250e+01,2.671693229675292969e+01
-9.031485748291015625e+01,2.671695137023925781e+01
-9.031436157226562500e+01,2.671612739562988281e+01
-9.031499481201171875e+01,2.671710586547851562e+01
-9.031468200683593750e+01,2.671527862548828125e+01
-9.031496429443359375e+01,2.671676826477050781e+01
-9.031484222412109375e+01,2.671725654602050781e+01
-9.031533813476562500e+01,2.671711349487304688e+01
-9.031545257568359375e+01,2.671625328063964844e+01
-9.031547546386718750e+01,2.671627998352050781e+01
-9.031537628173828125e+01,2.671595382690429688e+01
-9.031586456298828125e+01,2.671661949157714844e+01
-9.031517028808593750e+01,2.671673965454101562e+01
-9.031540679931640625e+01,2.671714782714843750e+01
-9.031538391113281250e+01,2.671582603454589844e+01
-9.031461334228515625e+01,2.671645736694335938e+01
-9.031427764892578125e+01,2.671580886840820312e+01
-9.031543731689453125e+01,2.671626472473144531e+01
-9.031443786621093750e+01,2.671649932861328125e+01
-9.031447601318359375e+01,2.671643638610839844e+01
-9.031427764892578125e+01,2.671560287475585938e+01
-9.031526184082031250e+01,2.671707725524902344e+01
-9.031478881835937500e+01,2.671534919738769531e+01
-9.031539154052734375e+01,2.671602439880371094e+01
-9.031472015380859375e+01,2.671562576293945312e+01
-9.031504821777343750e+01,2.671618843078613281e+01
-9.031481170654296875e+01,2.671678543090820312e+01
-9.031514739990234375e+01,2.671722793579101562e+01
-9.031538391113281250e+01,2.671714210510253906e+01
-9.031549835205078125e+01,2.671604347229003906e+01
-9.031468963623046875e+01,2.671714591979980469e+01
-9.031499481201171875e+01,2.671591567993164062e+01
-9.031556701660156250e+01,2.671667480468750000e+01
-9.031523132324218750e+01,2.671679115295410156e+01
-9.031557464599609375e+01,2.671631813049316406e+01
-9.031423950195312500e+01,2.671650505065917969e+01
-9.031552886962890625e+01,2.671581840515136719e+01
-9.031481933593750000e+01,2.671628379821777344e+01
-9.031515502929687500e+01,2.671558380126953125e+01
-9.031575012207031250e+01,2.671715545654296875e+01
-9.031543731689453125e+01,2.671727561950683594e+01
-9.031481933593750000e+01,2.671619224548339844e+01
-9.031459808349609375e+01,2.671599197387695312e+01
-9.031571960449218750e+01,2.671639060974121094e+01
-9.031432342529296875e+01,2.671533393859863281e+01
-9.031539154052734375e+01,2.671612930297851562e+01
-9.031566619873046875e+01,2.671718215942382812e+01
-9.031462860107421875e+01,2.671532821655273438e+01
-9.031480407714843750e+01,2.671666526794433594e+01
-9.031447601318359375e+01,2.671555519104003906e+01
-9.031586456298828125e+01,2.671690750122070312e+01
-9.031538391113281250e+01,2.671577072143554688e+01
-9.031463623046875000e+01,2.671577072143554688e+01
-9.031555175781250000e+01,2.671711540222167969e+01
-9.031512451171875000e+01,2.671648979187011719e+01
-9.031507873535156250e+01,2.671625900268554688e+01
-9.031468963623046875e+01,2.671684074401855469e+01
-9.031565093994140625e+01,2.671672821044921875e+01
-9.031555175781250000e+01,2.671660041809082031e+01
-9.031478881835937500e+01,2.671594429016113281e+01
-9.031505584716796875e+01,2.671600914001464844e+01
-9.031514739990234375e+01,2.671635627746582031e+01
-9.031510925292968750e+01,2.671590423583984375e+01
-9.031465148925781250e+01,2.671627616882324219e+01
-9.031471252441406250e+01,2.671583175659179688e+01
-9.031429290771484375e+01,2.671611022949218750e+01
-9.031505584716796875e+01,2.671724128723144531e+01
-9.031497955322265625e+01,2.671598434448242188e+01
-9.031555938720703125e+01,2.671627235412597656e+01
-9.031439971923828125e+01,2.671543884277343750e+01
-9.031459045410156250e+01,2.671693801879882812e+01
-9.031505584716796875e+01,2.671619987487792969e+01
-9.031503295898437500e+01,2.671709823608398438e+01
-9.031539916992187500e+01,2.671675682067871094e+01
-9.031576538085937500e+01,2.671703910827636719e+01
-9.031437683105468750e+01,2.671526336669921875e+01
-9.031456756591796875e+01,2.671575355529785156e+01
-9.031419372558593750e+01,2.671591377258300781e+01
-9.031549072265625000e+01,2.671635437011718750e+01
-9.031433105468750000e+01,2.671554374694824219e+01
-9.031435394287109375e+01,2.671579551696777344e+01
-9.031481933593750000e+01,2.671576690673828125e+01
-9.031527709960937500e+01,2.671592521667480469e+01
-9.031539154052734375e+01,2.671660423278808594e+01
-9.031542968750000000e+01,2.671696853637695312e+01
-9.031486511230468750e+01,2.671618461608886719e+01
-9.031487274169921875e+01,2.671579551696777344e+01
-9.031412506103515625e+01,2.671569442749023438e+01
-9.031501007080078125e+01,2.671581649780273438e+01
-9.031575775146484375e+01,2.671657752990722656e+01
-9.031475067138671875e+01,2.671589469909667969e+01
-9.031591796875000000e+01,2.671730804443359375e+01
-9.031560516357421875e+01,2.671641159057617188e+01
-9.031568908691406250e+01,2.671712875366210938e+01
-9.031484985351562500e+01,2.671541595458984375e+01
-9.031510925292968750e+01,2.671558189392089844e+01
-9.031568145751953125e+01,2.671727752685546875e+01
-9.031502532958984375e+01,2.671604919433593750e+01
-9.031554412841796875e+01,2.671717834472656250e+01
-9.031533050537109375e+01,2.671589851379394531e+01
-9.031587219238281250e+01,2.671701622009277344e+01
-9.031445312500000000e+01,2.671614837646484375e+01
-9.031475830078125000e+01,2.671566390991210938e+01
-9.031436920166015625e+01,2.671654701232910156e+01
-9.031493377685546875e+01,2.671652793884277344e+01
-9.031524658203125000e+01,2.671639823913574219e+01
-9.031484985351562500e+01,2.671719169616699219e+01
-9.031427764892578125e+01,2.671567535400390625e+01
-9.031509399414062500e+01,2.671613883972167969e+01
-9.031446838378906250e+01,2.671586036682128906e+01
-9.031475830078125000e+01,2.671700096130371094e+01
-9.031468963623046875e+01,2.671673202514648438e+01
-9.031462097167968750e+01,2.671697998046875000e+01
-9.031502532958984375e+01,2.671706962585449219e+01
-9.031472015380859375e+01,2.671682357788085938e+01
-9.031560516357421875e+01,2.671720314025878906e+01
-9.031533813476562500e+01,2.671673011779785156e+01
-9.031510925292968750e+01,2.671616554260253906e+01
-9.031499481201171875e+01,2.671671867370605469e+01
-9.031539916992187500e+01,2.671670150756835938e+01
-9.031451416015625000e+01,2.671691513061523438e+01
-9.031538391113281250e+01,2.671712875366210938e+01
-9.031465911865234375e+01,2.671526908874511719e+01
-9.031501007080078125e+01,2.671557235717773438e+01
-9.031523132324218750e+01,2.671621704101562500e+01
-9.031446838378906250e+01,2.671686744689941406e+01
-9.031503295898437500e+01,2.671666145324707031e+01
-9.031427001953125000e+01,2.671652793884277344e+01
-9.031594085693359375e+01,2.671705245971679688e+01
-9.031462097167968750e+01,2.671644401550292969e+01
-9.031489562988281250e+01,2.671588134765625000e+01
-9.031533050537109375e+01,2.671661567687988281e+01
-9.031494140625000000e+01,2.671580505371093750e+01
-9.031463623046875000e+01,2.671632385253906250e+01
-9.031518554687500000e+01,2.671578216552734375e+01
-9.031428527832031250e+01,2.671520996093750000e+01
-9.031462097167968750e+01,2.671628189086914062e+01
-9.031430053710937500e+01,2.671541786193847656e+01
-9.031443786621093750e+01,2.671605873107910156e+01
-9.031462097167968750e+01,2.671562004089355469e+01
-9.031459045410156250e+01,2.671611976623535156e+01
-9.031468200683593750e+01,2.671521377563476562e+01
-9.031494903564453125e+01,2.671699905395507812e+01
-9.031460571289062500e+01,2.671599769592285156e+01
-9.031559753417968750e+01,2.671616744995117188e+01
-9.031569671630859375e+01,2.671725082397460938e+01
-9.031500244140625000e+01,2.671571922302246094e+01
-9.031504821777343750e+01,2.671634292602539062e+01
-9.031436157226562500e+01,2.671677398681640625e+01
-9.031539154052734375e+01,2.671718406677246094e+01
-9.031597900390625000e+01,2.671710205078125000e+01
-9.031598663330078125e+01,2.671729850769042969e+01
-9.031446838378906250e+01,2.671524620056152344e+01
-9.031596374511718750e+01,2.671710395812988281e+01
-9.031435394287109375e+01,2.671528816223144531e+01
-9.031436157226562500e+01,2.671642875671386719e+01
-9.031578826904296875e+01,2.671652221679687500e+01
-9.031464385986328125e+01,2.671565437316894531e+01
-9.031483459472656250e+01,2.671619606018066406e+01
-9.031459808349609375e+01,2.671685218811035156e+01
-9.031435394287109375e+01,2.671629714965820312e+01
-9.031513214111328125e+01,2.671665000915527344e+01
-9.031449890136718750e+01,2.671678352355957031e+01
-9.031510162353515625e+01,2.671586608886718750e+01
-9.031582641601562500e+01,2.671735954284667969e+01
-9.031475067138671875e+01,2.671530151367187500e+01
-9.031490325927734375e+01,2.671662139892578125e+01
-9.031507110595703125e+01,2.671687889099121094e+01
-9.031443786621093750e+01,2.671644592285156250e+01
-9.031546020507812500e+01,2.671590614318847656e+01
-9.031507110595703125e+01,2.671572875976562500e+01
-9.031465148925781250e+01,2.671568298339843750e+01
-9.031503295898437500e+01,2.671722984313964844e+01
-9.031443023681640625e+01,2.671611785888671875e+01
-9.031497192382812500e+01,2.671651649475097656e+01
-9.031454467773437500e+01,2.671581268310546875e+01
-9.031499481201171875e+01,2.671704101562500000e+01
-9.031497192382812500e+01,2.671561241149902344e+01
-9.031532287597656250e+01,2.671574974060058594e+01
-9.031449890136718750e+01,2.671606636047363281e+01
-9.031438446044921875e+01,2.671564102172851562e+01
-9.031544494628906250e+01,2.671651458740234375e+01
-9.031501770019531250e+01,2.671695327758789062e+01
-9.031597137451171875e+01,2.671732139587402344e+01
-9.031465148925781250e+01,2.671537590026855469e+01
-9.031434631347656250e+01,2.671548080444335938e+01
-9.031573486328125000e+01,2.671714973449707031e+01
-9.031464385986328125e+01,2.671683311462402344e+01
-9.031475067138671875e+01,2.671599197387695312e+01
-9.031494903564453125e+01,2.671653366088867188e+01
-9.031512451171875000e+01,2.671692657470703125e+01
-9.031474304199218750e+01,2.671604347229003906e+01
-9.031494140625000000e+01,2.671543502807617188e+01
-9.031449127197265625e+01,2.671526145935058594e+01
-9.031463623046875000e+01,2.671581840515136719e+01
-9.031565856933593750e+01,2.671697425842285156e+01
-9.031475067138671875e+01,2.671530914306640625e+01
-9.031416320800781250e+01,2.671591567993164062e+01
-9.031497192382812500e+01,2.671673965454101562e+01
-9.031452178955078125e+01,2.671685600280761719e+01
-9.031568145751953125e+01,2.671642684936523438e+01
-9.031495666503906250e+01,2.671652221679687500e+01
-9.031540679931640625e+01,2.671696662902832031e+01
-9.031527709960937500e+01,2.671588134765625000e+01
-9.031469726562500000e+01,2.671574211120605469e+01
-9.031475067138671875e+01,2.671666526794433594e+01
-9.031438446044921875e+01,2.671657562255859375e+01
-9.031414031982421875e+01,2.671566581726074219e+01
-9.031515502929687500e+01,2.671725845336914062e+01
-9.031455993652343750e+01,2.671688842773437500e+01
-9.031533813476562500e+01,2.671599769592285156e+01
-9.031509399414062500e+01,2.671551895141601562e+01
-9.031558990478515625e+01,2.671725654602050781e+01
-9.031529235839843750e+01,2.671670341491699219e+01
-9.031559753417968750e+01,2.671600532531738281e+01
-9.031526947021484375e+01,2.671693420410156250e+01
-9.031513977050781250e+01,2.671637535095214844e+01
-9.031555175781250000e+01,2.671634864807128906e+01
-9.031536102294921875e+01,2.671597099304199219e+01
-9.031522369384765625e+01,2.671597099304199219e+01
-9.031464385986328125e+01,2.671689224243164062e+01
-9.031456756591796875e+01,2.671563720703125000e+01
-9.031458282470703125e+01,2.671649932861328125e+01
-9.031419372558593750e+01,2.671642684936523438e+01
-9.031480407714843750e+01,2.671683692932128906e+01
-9.031514739990234375e+01,2.671579742431640625e+01
-9.031455230712890625e+01,2.671666908264160156e+01
-9.031570434570312500e+01,2.671677017211914062e+01
-9.031548309326171875e+01,2.671591949462890625e+01
-9.031501007080078125e+01,2.671660614013671875e+01
-9.031529998779296875e+01,2.671643829345703125e+01
-9.031559753417968750e+01,2.671669006347656250e+01
-9.031535339355468750e+01,2.671594810485839844e+01
-9.031447601318359375e+01,2.671525001525878906e+01
-9.031436920166015625e+01,2.671636199951171875e+01
-9.031562042236328125e+01,2.671680831909179688e+01
-9.031425476074218750e+01,2.671653175354003906e+01
-9.031437683105468750e+01,2.671644210815429688e+01
-9.031465911865234375e+01,2.671563911437988281e+01
-9.031529998779296875e+01,2.671589279174804688e+01
-9.031526947021484375e+01,2.671602821350097656e+01
-9.031546783447265625e+01,2.671616744995117188e+01
-9.031462860107421875e+01,2.671655464172363281e+01
-9.031482696533203125e+01,2.671651458740234375e+01
-9.031495666503906250e+01,2.671689224243164062e+01
-9.031580352783203125e+01,2.671648979187011719e+01
-9.031457519531250000e+01,2.671545600891113281e+01
-9.031420135498046875e+01,2.671601295471191406e+01
-9.031474304199218750e+01,2.671712493896484375e+01
-9.031461334228515625e+01,2.671556854248046875e+01
-9.031442260742187500e+01,2.671567916870117188e+01
-9.031423950195312500e+01,2.671574974060058594e+01
-9.031544494628906250e+01,2.671641349792480469e+01
-9.031459808349609375e+01,2.671584701538085938e+01
-9.031426239013671875e+01,2.671612548828125000e+01
-9.031546020507812500e+01,2.671721458435058594e+01
-9.031539916992187500e+01,2.671708679199218750e+01
-9.031541442871093750e+01,2.671648788452148438e+01
-9.031531524658203125e+01,2.671592521667480469e+01
-9.031507110595703125e+01,2.671558189392089844e+01
-9.031420898437500000e+01,2.671573829650878906e+01
-9.031507873535156250e+01,2.671705055236816406e+01
-9.031498718261718750e+01,2.671714210510253906e+01
-9.031509399414062500e+01,2.671714591979980469e+01
-9.031548309326171875e+01,2.671640777587890625e+01
-9.031426239013671875e+01,2.671584129333496094e+01
-9.031436157226562500e+01,2.671636009216308594e+01
-9.031520080566406250e+01,2.671580123901367188e+01
-9.031526947021484375e+01,2.671654701232910156e+01
-9.031563568115234375e+01,2.671732139587402344e+01
-9.031568908691406250e+01,2.671715927124023438e+01
-9.031433868408203125e+01,2.671595764160156250e+01
-9.031510925292968750e+01,2.671580314636230469e+01
-9.031438446044921875e+01,2.671640586853027344e+01
-9.031487274169921875e+01,2.671608924865722656e+01
-9.031466674804687500e+01,2.671686553955078125e+01
-9.031459808349609375e+01,2.671646499633789062e+01
-9.031436920166015625e+01,2.671518707275390625e+01
-9.031494903564453125e+01,2.671578025817871094e+01
-9.031562805175781250e+01,2.671607208251953125e+01
-9.031571960449218750e+01,2.671733093261718750e+01
-9.031428527832031250e+01,2.671533966064453125e+01
-9.031587219238281250e+01,2.671673202514648438e+01
-9.031491088867187500e+01,2.671583366394042969e+01
-9.031444549560546875e+01,2.671673774719238281e+01
-9.031584930419921875e+01,2.671706008911132812e+01
-9.031479644775390625e+01,2.671619796752929688e+01
-9.031568145751953125e+01,2.671656036376953125e+01
-9.031535339355468750e+01,2.671685981750488281e+01
-9.031549072265625000e+01,2.671720695495605469e+01
-9.031504821777343750e+01,2.671553421020507812e+01
-9.031528472900390625e+01,2.671665763854980469e+01
-9.031592559814453125e+01,2.671723556518554688e+01
-9.031523895263671875e+01,2.671690750122070312e+01
-9.031521606445312500e+01,2.671553230285644531e+01
-9.031509399414062500e+01,2.671705627441406250e+01
-9.031458282470703125e+01,2.671662139892578125e+01
-9.031515502929687500e+01,2.671652984619140625e+01
-9.031547546386718750e+01,2.671603393554687500e+01
-9.031504821777343750e+01,2.671617698669433594e+01
-9.031446075439453125e+01,2.671649360656738281e+01
-9.031588745117187500e+01,2.671666526794433594e+01
-9.031443023681640625e+01,2.671571540832519531e+01
-9.031497955322265625e+01,2.671578979492187500e+01
-9.031420135498046875e+01,2.671555137634277344e+01
-9.031565856933593750e+01,2.671715164184570312e+01
-9.031482696533203125e+01,2.671599769592285156e+01
-9.031560516357421875e+01,2.671677207946777344e+01
-9.031510925292968750e+01,2.671659660339355469e+01
-9.031536865234375000e+01,2.671584701538085938e+01
-9.031465148925781250e+01,2.671610069274902344e+01
-9.031513214111328125e+01,2.671609115600585938e+01
-9.031526184082031250e+01,2.671676063537597656e+01
-9.031421661376953125e+01,2.671553421020507812e+01
-9.031465148925781250e+01,2.671687889099121094e+01
-9.031573486328125000e+01,2.671657562255859375e+01
-9.031555938720703125e+01,2.671619606018066406e+01
-9.031539916992187500e+01,2.671664810180664062e+01
-9.031439208984375000e+01,2.671653175354003906e+01
-9.031462860107421875e+01,2.671527481079101562e+01
-9.031500244140625000e+01,2.671582221984863281e+01
-9.031508636474609375e+01,2.671691322326660156e+01
-9.031480407714843750e+01,2.671712493896484375e+01
-9.031502532958984375e+01,2.671669960021972656e+01
-9.031517791748046875e+01,2.671563529968261719e+01
-9.031520080566406250e+01,2.671723365783691406e+01
-9.031540679931640625e+01,2.671638298034667969e+01
-9.031537628173828125e+01,2.671643638610839844e+01
-9.031510925292968750e+01,2.671720695495605469e+01
-9.031465911865234375e+01,2.671555519104003906e+01
-9.031523132324218750e+01,2.671673583984375000e+01
-9.031476593017578125e+01,2.671678543090820312e+01
-9.031543731689453125e+01,2.671732711791992188e+01
-9.031501007080078125e+01,2.671703147888183594e+01
-9.031443786621093750e+01,2.671575164794921875e+01
-9.031520843505859375e+01,2.671648597717285156e+01
-9.031478118896484375e+01,2.671577262878417969e+01
-9.031523895263671875e+01,2.671613311767578125e+01
-9.031459808349609375e+01,2.671671295166015625e+01
-9.031477355957031250e+01,2.671704101562500000e+01
-9.031541442871093750e+01,2.671701431274414062e+01
-9.031451416015625000e+01,2.671665191650390625e+01
-9.031467437744140625e+01,2.671689605712890625e+01
-9.031473541259765625e+01,2.671713638305664062e+01
-9.031549835205078125e+01,2.671677398681640625e+01
-9.031437683105468750e+01,2.671623039245605469e+01
-9.031524658203125000e+01,2.671656990051269531e+01
-9.031454467773437500e+01,2.671602630615234375e+01
-9.031507873535156250e+01,2.671615600585937500e+01
-9.031557464599609375e+01,2.671658897399902344e+01
-9.031568145751953125e+01,2.671712493896484375e+01
-9.031530761718750000e+01,2.671701240539550781e+01
-9.031456756591796875e+01,2.671622085571289062e+01
-9.031538391113281250e+01,2.671590423583984375e+01
-9.031516265869140625e+01,2.671688461303710938e+01
-9.031542205810546875e+01,2.671643447875976562e+01
-9.031505584716796875e+01,2.671605300903320312e+01
-9.031436920166015625e+01,2.671663856506347656e+01
-9.031433868408203125e+01,2.671577453613281250e+01
-9.031430816650390625e+01,2.671558761596679688e+01
-9.031553649902343750e+01,2.671724128723144531e+01
-9.031465148925781250e+01,2.671551322937011719e+01
-9.031459808349609375e+01,2.671551322937011719e+01
-9.031554412841796875e+01,2.671590614318847656e+01
-9.031475067138671875e+01,2.671602249145507812e+01
-9.031462860107421875e+01,2.671636962890625000e+01
-9.031552886962890625e+01,2.671683883666992188e+01
-9.031535339355468750e+01,2.671723175048828125e+01
-9.031589508056640625e+01,2.671677589416503906e+01
-9.031424713134765625e+01,2.671599388122558594e+01
-9.031423187255859375e+01,2.671543312072753906e+01
-9.031439971923828125e+01,2.671634101867675781e+01
-9.031510925292968750e+01,2.671715354919433594e+01
-9.031557464599609375e+01,2.671677017211914062e+01
-9.031500244140625000e+01,2.671640586853027344e+01
-9.031425476074218750e+01,2.671558380126953125e+01
-9.031537628173828125e+01,2.671644401550292969e+01
-9.031555938720703125e+01,2.671716499328613281e+01
-9.031492614746093750e+01,2.671596527099609375e+01
-9.031494140625000000e+01,2.671547317504882812e+01
-9.031419372558593750e+01,2.671647834777832031e+01
-9.031476593017578125e+01,2.671592903137207031e+01
-9.031552124023437500e+01,2.671734046936035156e+01
-9.031505584716796875e+01,2.671560478210449219e+01
-9.031569671630859375e+01,2.671640777587890625e+01
-9.031499481201171875e+01,2.671556854248046875e+01
-9.031468200683593750e+01,2.671546936035156250e+01
-9.031494140625000000e+01,2.671635437011718750e+01
-9.031479644775390625e+01,2.671557617187500000e+01
-9.031562042236328125e+01,2.671601486206054688e+01
-9.031470489501953125e+01,2.671566581726074219e+01
-9.031448364257812500e+01,2.671569061279296875e+01
-9.031453704833984375e+01,2.671630668640136719e+01
-9.031546783447265625e+01,2.671662330627441406e+01
-9.031467437744140625e+01,2.671552848815917969e+01
-9.031495666503906250e+01,2.671719932556152344e+01
-9.031536865234375000e+01,2.671618843078613281e+01
-9.031427001953125000e+01,2.671562385559082031e+01
-9.031533813476562500e+01,2.671706581115722656e+01
-9.031537628173828125e+01,2.671683883666992188e+01
-9.031581878662109375e+01,2.671712493896484375e+01
-9.031449127197265625e+01,2.671652984619140625e+01
-9.031562805175781250e+01,2.671650886535644531e+01
-9.031558990478515625e+01,2.671595954895019531e+01
-9.031524658203125000e+01,2.671730613708496094e+01
-9.031566619873046875e+01,2.671637535095214844e+01
-9.031529998779296875e+01,2.671597099304199219e+01
-9.031541442871093750e+01,2.671587371826171875e+01
-9.031465911865234375e+01,2.671648406982421875e+01
-9.031538391113281250e+01,2.671679878234863281e+01
-9.031540679931640625e+01,2.671653938293457031e+01
-9.031501770019531250e+01,2.671630859375000000e+01
-9.031497192382812500e+01,2.671698760986328125e+01
-9.031465911865234375e+01,2.671623420715332031e+01
-9.031474304199218750e+01,2.671622657775878906e+01
-9.031422424316406250e+01,2.671555137634277344e+01
-9.031523895263671875e+01,2.671640777587890625e+01
-9.031591033935546875e+01,2.671723556518554688e+01
-9.031489562988281250e+01,2.671713066101074219e+01
-9.031586456298828125e+01,2.671696281433105469e+01
-9.031460571289062500e+01,2.671583747863769531e+01
-9.031468963623046875e+01,2.671661186218261719e+01
-9.031519317626953125e+01,2.671628379821777344e+01
-9.031500244140625000e+01,2.671596908569335938e+01
-9.031550598144531250e+01,2.671613311767578125e+01
-9.031467437744140625e+01,2.671638679504394531e+01
-9.031510925292968750e+01,2.671729087829589844e+01
-9.031510925292968750e+01,2.671555328369140625e+01
-9.031481170654296875e+01,2.671712493896484375e+01
-9.031452941894531250e+01,2.671557617187500000e+01
-9.031584930419921875e+01,2.671666908264160156e+01
-9.031508636474609375e+01,2.671604919433593750e+01
-9.031532287597656250e+01,2.671684837341308594e+01
-9.031470489501953125e+01,2.671654891967773438e+01
-9.031558990478515625e+01,2.671709060668945312e+01
-9.031479644775390625e+01,2.671592330932617188e+01
-9.031443786621093750e+01,2.671609687805175781e+01
-9.031521606445312500e+01,2.671683883666992188e+01
-9.031526947021484375e+01,2.671637916564941406e+01
-9.031530761718750000e+01,2.671598434448242188e+01
-9.031499481201171875e+01,2.671576118469238281e+01
-9.031440734863281250e+01,2.671560096740722656e+01
-9.031560516357421875e+01,2.671600914001464844e+01
-9.031547546386718750e+01,2.671592521667480469e+01
-9.031547546386718750e+01,2.671587181091308594e+01
-9.031526184082031250e+01,2.671728515625000000e+01
-9.031472778320312500e+01,2.671687316894531250e+01
-9.031443023681640625e+01,2.671525764465332031e+01
-9.031564331054687500e+01,2.671733093261718750e+01
-9.031504058837890625e+01,2.671639823913574219e+01
-9.031525421142578125e+01,2.671643829345703125e+01
-9.031443023681640625e+01,2.671615791320800781e+01
-9.031524658203125000e+01,2.671711349487304688e+01
-9.031439208984375000e+01,2.671646118164062500e+01
-9.031550598144531250e+01,2.671728324890136719e+01
-9.031472015380859375e+01,2.671557044982910156e+01
-9.031470489501953125e+01,2.671586799621582031e+01
-9.031483459472656250e+01,2.671675682067871094e+01
-9.031430053710937500e+01,2.671647262573242188e+01
-9.031511688232421875e+01,2.671646499633789062e+01
-9.031540679931640625e+01,2.671663856506347656e+01
-9.031510162353515625e+01,2.671659088134765625e+01
-9.031459045410156250e+01,2.671672248840332031e+01
-9.031497192382812500e+01,2.671562576293945312e+01
-9.031471252441406250e+01,2.671614456176757812e+01
-9.031481933593750000e+01,2.671542930603027344e+01
-9.031600952148437500e+01,2.671688079833984375e+01
-9.031480407714843750e+01,2.671589469909667969e+01
-9.031526184082031250e+01,2.671622657775878906e+01
-9.031484985351562500e+01,2.671715164184570312e+01
-9.031428527832031250e+01,2.671663665771484375e+01
-9.031453704833984375e+01,2.671612167358398438e+01
-9.031583404541015625e+01,2.671696853637695312e+01
-9.031436920166015625e+01,2.671539306640625000e+01
-9.031496429443359375e+01,2.671583366394042969e+01
-9.031460571289062500e+01,2.671629142761230469e+01
-9.031441497802734375e+01,2.671536827087402344e+01
-9.031514739990234375e+01,2.671725273132324219e+01
-9.031549835205078125e+01,2.671592903137207031e+01
-9.031561279296875000e+01,2.671673774719238281e+01
-9.031444549560546875e+01,2.671622848510742188e+01
-9.031489562988281250e+01,2.671573066711425781e+01
-9.031465148925781250e+01,2.671554946899414062e+01
-9.031453704833984375e+01,2.671689796447753906e+01
-9.031454467773437500e+01,2.671543121337890625e+01
-9.031600952148437500e+01,2.671735572814941406e+01
-9.031517791748046875e+01,2.671636772155761719e+01
-9.031483459472656250e+01,2.671640777587890625e+01
-9.031472778320312500e+01,2.671618652343750000e+01
-9.031538391113281250e+01,2.671594810485839844e+01
-9.031491088867187500e+01,2.671636199951171875e+01
-9.031491851806640625e+01,2.671554374694824219e+01
-9.031414794921875000e+01,2.671568870544433594e+01
-9.031427001953125000e+01,2.671596717834472656e+01
-9.031418609619140625e+01,2.671570014953613281e+01
-9.031507873535156250e+01,2.671707725524902344e+01
-9.031488800048828125e+01,2.671579551696777344e+01
-9.031565093994140625e+01,2.671664428710937500e+01
-9.031490325927734375e+01,2.671724700927734375e+01
-9.031431579589843750e+01,2.671570968627929688e+01
-9.031475067138671875e+01,2.671615791320800781e+01
-9.031478881835937500e+01,2.671540069580078125e+01
-9.031483459472656250e+01,2.671550178527832031e+01
-9.031544494628906250e+01,2.671616935729980469e+01
-9.031454467773437500e+01,2.671699333190917969e+01
-9.031436157226562500e+01,2.671570014953613281e+01
-9.031521606445312500e+01,2.671644210815429688e+01
-9.031474304199218750e+01,2.671707725524902344e+01
-9.031543731689453125e+01,2.671716499328613281e+01
-9.031562805175781250e+01,2.671651458740234375e+01
-9.031417083740234375e+01,2.671594619750976562e+01
-9.031475067138671875e+01,2.671592330932617188e+01
-9.031537628173828125e+01,2.671669387817382812e+01
-9.031565093994140625e+01,2.671654701232910156e+01
-9.031467437744140625e+01,2.671644401550292969e+01
-9.031583404541015625e+01,2.671703720092773438e+01
-9.031561279296875000e+01,2.671605300903320312e+01
-9.031506347656250000e+01,2.671670722961425781e+01
-9.031448364257812500e+01,2.671676254272460938e+01
-9.031546783447265625e+01,2.671601295471191406e+01
-9.031473541259765625e+01,2.671716499328613281e+01
-9.031547546386718750e+01,2.671655082702636719e+01
-9.031523132324218750e+01,2.671657943725585938e+01
-9.031529235839843750e+01,2.671595191955566406e+01
-9.031510925292968750e+01,2.671704101562500000e+01
-9.031443786621093750e+01,2.671588897705078125e+01
-9.031435394287109375e+01,2.671664619445800781e+01
-9.031536865234375000e+01,2.671617507934570312e+01
-9.031493377685546875e+01,2.671640396118164062e+01
-9.031532287597656250e+01,2.671662139892578125e+01
-9.031477355957031250e+01,2.671607589721679688e+01
-9.031559753417968750e+01,2.671707153320312500e+01
-9.031507873535156250e+01,2.671675300598144531e+01
-9.031506347656250000e+01,2.671562576293945312e+01
-9.031571197509765625e+01,2.671722412109375000e+01
-9.031585693359375000e+01,2.671708869934082031e+01
-9.031453704833984375e+01,2.671589279174804688e+01
-9.031455993652343750e+01,2.671601676940917969e+01
-9.031488037109375000e+01,2.671565628051757812e+01
-9.031504821777343750e+01,2.671577453613281250e+01
-9.031453704833984375e+01,2.671639442443847656e+01
-9.031526184082031250e+01,2.671610069274902344e+01
-9.031441497802734375e+01,2.671625709533691406e+01
-9.031481933593750000e+01,2.671565246582031250e+01
-9.031510925292968750e+01,2.671672439575195312e+01
-9.031471252441406250e+01,2.671624755859375000e+01
-9.031516265869140625e+01,2.671557998657226562e+01
-9.031492614746093750e+01,2.671576499938964844e+01
-9.031581115722656250e+01,2.671662330627441406e+01
-9.031475067138671875e+01,2.671623039245605469e+01
-9.031472015380859375e+01,2.671590042114257812e+01
-9.031562805175781250e+01,2.671694564819335938e+01
-9.031475830078125000e+01,2.671629905700683594e+01
-9.031463623046875000e+01,2.671579933166503906e+01
-9.031517028808593750e+01,2.671722221374511719e+01
-9.031445312500000000e+01,2.671677780151367188e+01
-9.031550598144531250e+01,2.671626091003417969e+01
-9.031555175781250000e+01,2.671630096435546875e+01
-9.031565093994140625e+01,2.671649169921875000e+01
-9.031518554687500000e+01,2.671627616882324219e+01
-9.031542205810546875e+01,2.671650123596191406e+01
-9.031582641601562500e+01,2.671724128723144531e+01
-9.031474304199218750e+01,2.671568107604980469e+01
-9.031495666503906250e+01,2.671629142761230469e+01
-9.031440734863281250e+01,2.671596717834472656e+01
-9.031430816650390625e+01,2.671557426452636719e+01
-9.031438446044921875e+01,2.671544456481933594e+01
-9.031434631347656250e+01,2.671644592285156250e+01
-9.031590270996093750e+01,2.671698760986328125e+01
-9.031504821777343750e+01,2.671690559387207031e+01
-9.031584167480468750e+01,2.671690750122070312e+01
-9.031437683105468750e+01,2.671589279174804688e+01
-9.031518554687500000e+01,2.671568870544433594e+01
-9.031551361083984375e+01,2.671707344055175781e+01
-9.031546783447265625e+01,2.671582984924316406e+01
-9.031519317626953125e+01,2.671641921997070312e+01
-9.031426239013671875e+01,2.671637916564941406e+01
-9.031454467773437500e+01,2.671586036682128906e+01
-9.031474304199218750e+01,2.671536636352539062e+01
-9.031521606445312500e+01,2.671720886230468750e+01
-9.031517791748046875e+01,2.671556663513183594e+01
-9.031519317626953125e+01,2.671568489074707031e+01
-9.031471252441406250e+01,2.671659851074218750e+01
-9.031442260742187500e+01,2.671609497070312500e+01
-9.031542205810546875e+01,2.671596145629882812e+01
-9.031565093994140625e+01,2.671658134460449219e+01
-9.031512451171875000e+01,2.671700477600097656e+01
-9.031457519531250000e+01,2.671566390991210938e+01
-9.031460571289062500e+01,2.671572685241699219e+01
-9.031556701660156250e+01,2.671711730957031250e+01
-9.031459808349609375e+01,2.671614837646484375e+01
-9.031513977050781250e+01,2.671576309204101562e+01
-9.031439208984375000e+01,2.671519470214843750e+01
-9.031436920166015625e+01,2.671619415283203125e+01
-9.031550598144531250e+01,2.671726417541503906e+01
-9.031513214111328125e+01,2.671664810180664062e+01
-9.031456756591796875e+01,2.671660041809082031e+01
-9.031495666503906250e+01,2.671656799316406250e+01
-9.031464385986328125e+01,2.671656608581542969e+01
-9.031559753417968750e+01,2.671645164489746094e+01
-9.031455230712890625e+01,2.671673393249511719e+01
-9.031555938720703125e+01,2.671699142456054688e+01
-9.031550598144531250e+01,2.671630859375000000e+01
-9.031552886962890625e+01,2.671610832214355469e+01
-9.031567382812500000e+01,2.671733093261718750e+01
-9.031584930419921875e+01,2.671732521057128906e+01
-9.031564331054687500e+01,2.671668434143066406e+01
-9.031554412841796875e+01,2.671655845642089844e+01
-9.031506347656250000e+01,2.671631813049316406e+01
-9.031580352783203125e+01,2.671735572814941406e+01
-9.031568908691406250e+01,2.671648025512695312e+01
-9.031597137451171875e+01,2.671731376647949219e+01
-9.031424713134765625e+01,2.671569633483886719e+01
-9.031547546386718750e+01,2.671686363220214844e+01
-9.031411743164062500e+01,2.671565055847167969e+01
-9.031488800048828125e+01,2.671627044677734375e+01
-9.031484985351562500e+01,2.671616363525390625e+01
-9.031586456298828125e+01,2.671697425842285156e+01
-9.031463623046875000e+01,2.671649932861328125e+01
-9.031501770019531250e+01,2.671721458435058594e+01
-9.031474304199218750e+01,2.671645736694335938e+01
-9.031575775146484375e+01,2.671718788146972656e+01
-9.031449127197265625e+01,2.671657371520996094e+01
-9.031567382812500000e+01,2.671663665771484375e+01
-9.031497955322265625e+01,2.671652221679687500e+01
-9.031556701660156250e+01,2.671721076965332031e+01
-9.031443786621093750e+01,2.671570777893066406e+01
-9.031420898437500000e+01,2.671625137329101562e+01
-9.031497192382812500e+01,2.671609878540039062e+01
-9.031484222412109375e+01,2.671666717529296875e+01
-9.031532287597656250e+01,2.671572875976562500e+01
-9.031532287597656250e+01,2.671676635742187500e+01
-9.031460571289062500e+01,2.671670722961425781e+01
-9.031466674804687500e+01,2.671590232849121094e+01
-9.031554412841796875e+01,2.671640396118164062e+01
-9.031473541259765625e+01,2.671523475646972656e+01
-9.031455230712890625e+01,2.671656417846679688e+01
-9.031486511230468750e+01,2.671619415283203125e+01
-9.031547546386718750e+01,2.671621704101562500e+01
-9.031472015380859375e+01,2.671718025207519531e+01
-9.031436157226562500e+01,2.671633148193359375e+01
-9.031445312500000000e+01,2.671629142761230469e+01
-9.031437683105468750e+01,2.671575546264648438e+01
-9.031474304199218750e+01,2.671565246582031250e+01
-9.031591796875000000e+01,2.671695137023925781e+01
-9.031482696533203125e+01,2.671696281433105469e+01
-9.031478881835937500e+01,2.671522712707519531e+01
-9.031536102294921875e+01,2.671711540222167969e+01
-9.031483459472656250e+01,2.671674346923828125e+01
-9.031594848632812500e+01,2.671704292297363281e+01
-9.031461334228515625e+01,2.671600914001464844e+01
-9.031559753417968750e+01,2.671641540527343750e+01
-9.031594085693359375e+01,2.671706581115722656e+01
-9.031568145751953125e+01,2.671649551391601562e+01
-9.031517028808593750e+01,2.671679306030273438e+01
-9.031541442871093750e+01,2.671692085266113281e+01
-9.031559753417968750e+01,2.671623802185058594e+01
-9.031472778320312500e+01,2.671699142456054688e+01
-9.031574249267578125e+01,2.671671676635742188e+01
-9.031573486328125000e+01,2.671659469604492188e+01
-9.031495666503906250e+01,2.671699333190917969e+01
-9.031432342529296875e+01,2.671548843383789062e+01
-9.031549835205078125e+01,2.671683883666992188e+01
-9.031439971923828125e+01,2.671589088439941406e+01
-9.031453704833984375e+01,2.671702194213867188e+01
-9.031510925292968750e+01,2.671616744995117188e+01
-9.031535339355468750e+01,2.671681213378906250e+01
-9.031452178955078125e+01,2.671544075012207031e+01
-9.031458282470703125e+01,2.671618080139160156e+01
-9.031524658203125000e+01,2.671575164794921875e+01
-9.031458282470703125e+01,2.671557807922363281e+01
-9.031465911865234375e+01,2.671657180786132812e+01
-9.031428527832031250e+01,2.671578598022460938e+01
-9.031419372558593750e+01,2.671600914001464844e+01
-9.031474304199218750e+01,2.671570587158203125e+01
-9.031471252441406250e+01,2.671709823608398438e+01
-9.031573486328125000e+01,2.671736145019531250e+01
-9.031552124023437500e+01,2.671628189086914062e+01
-9.031455993652343750e+01,2.671571540832519531e+01
-9.031583404541015625e+01,2.671670150756835938e+01
-9.031445312500000000e+01,2.671681404113769531e+01
-9.031459045410156250e+01,2.671666526794433594e+01
-9.031443786621093750e+01,2.671537399291992188e+01
-9.031548309326171875e+01,2.671730613708496094e+01
-9.031468963623046875e+01,2.671560096740722656e+01
-9.031445312500000000e+01,2.671632385253906250e+01
-9.031417083740234375e+01,2.671643257141113281e+01
-9.031523132324218750e+01,2.671557044982910156e+01
-9.031520080566406250e+01,2.671554183959960938e+01
-9.031428527832031250e+01,2.671581649780273438e+01
-9.031482696533203125e+01,2.671707916259765625e+01
-9.031510925292968750e+01,2.671552085876464844e+01
-9.031564331054687500e+01,2.671686363220214844e+01
-9.031478118896484375e+01,2.671630668640136719e+01
-9.031491851806640625e+01,2.671630668640136719e+01
-9.031496429443359375e+01,2.671564102172851562e+01
-9.031444549560546875e+01,2.671660995483398438e+01
-9.031491851806640625e+01,2.671682357788085938e+01
-9.031513214111328125e+01,2.671648788452148438e+01
-9.031458282470703125e+01,2.671541404724121094e+01
-9.031562805175781250e+01,2.671683502197265625e+01
-9.031486511230468750e+01,2.671562576293945312e+01
-9.031500244140625000e+01,2.671621513366699219e+01
-9.031458282470703125e+01,2.671540641784667969e+01
-9.031499481201171875e+01,2.671683692932128906e+01
-9.031549072265625000e+01,2.671648216247558594e+01
-9.031504821777343750e+01,2.671593666076660156e+01
-9.031455230712890625e+01,2.671666717529296875e+01
-9.031565856933593750e+01,2.671697425842285156e+01
-9.031529235839843750e+01,2.671604347229003906e+01
-9.031571960449218750e+01,2.671704864501953125e+01
-9.031478118896484375e+01,2.671595382690429688e+01
-9.031455230712890625e+01,2.671569252014160156e+01
-9.031538391113281250e+01,2.671667289733886719e+01
-9.031481170654296875e+01,2.671692276000976562e+01
-9.031475067138671875e+01,2.671576881408691406e+01
-9.031446075439453125e+01,2.671541023254394531e+01
-9.031543731689453125e+01,2.671666908264160156e+01
-9.031543731689453125e+01,2.671669387817382812e+01
-9.031539154052734375e+01,2.671627044677734375e+01
-9.031523895263671875e+01,2.671669578552246094e+01
-9.031439971923828125e+01,2.671661376953125000e+01
-9.031566619873046875e+01,2.671703529357910156e+01
-9.031483459472656250e+01,2.671548843383789062e+01
-9.031553649902343750e+01,2.671583938598632812e+01
-9.031533813476562500e+01,2.671621322631835938e+01
-9.031488037109375000e+01,2.671570777893066406e+01
-9.031498718261718750e+01,2.671703910827636719e+01
-9.031558990478515625e+01,2.671646881103515625e+01
-9.031557464599609375e+01,2.671650505065917969e+01
-9.031458282470703125e+01,2.671656036376953125e+01
-9.031547546386718750e+01,2.671632957458496094e+01
-9.031548309326171875e+01,2.671607398986816406e+01
-9.031466674804687500e+01,2.671714782714843750e+01
-9.031509399414062500e+01,2.671632194519042969e+01
-9.031518554687500000e+01,2.671617317199707031e+01
-9.031434631347656250e+01,2.671629905700683594e+01
-9.031465148925781250e+01,2.671545982360839844e+01
-9.031491851806640625e+01,2.671574783325195312e+01
-9.031533813476562500e+01,2.671648406982421875e+01
-9.031539154052734375e+01,2.671702766418457031e+01
-9.031479644775390625e+01,2.671694946289062500e+01
-9.031591796875000000e+01,2.671715354919433594e+01
-9.031455230712890625e+01,2.671627998352050781e+01
-9.031509399414062500e+01,2.671591567993164062e+01
-9.031452178955078125e+01,2.671540451049804688e+01
-9.031456756591796875e+01,2.671701812744140625e+01
-9.031531524658203125e+01,2.671599578857421875e+01
-9.031533050537109375e+01,2.671637916564941406e+01
-9.031598663330078125e+01,2.671704292297363281e+01
-9.031439208984375000e+01,2.671646690368652344e+01
-9.031439208984375000e+01,2.671675109863281250e+01
-9.031465148925781250e+01,2.671594238281250000e+01
-9.031519317626953125e+01,2.671561431884765625e+01
-9.031469726562500000e+01,2.671580505371093750e+01
-9.031542205810546875e+01,2.671660423278808594e+01
-9.031422424316406250e+01,2.671558380126953125e+01
-9.031475067138671875e+01,2.671718215942382812e+01
-9.031473541259765625e+01,2.671626853942871094e+01
-9.031444549560546875e+01,2.671549606323242188e+01
-9.031590270996093750e+01,2.671724510192871094e+01
-9.031469726562500000e+01,2.671703147888183594e+01
-9.031492614746093750e+01,2.671595382690429688e+01
-9.031455230712890625e+01,2.671708297729492188e+01
-9.031534576416015625e+01,2.671717834472656250e+01
-9.031470489501953125e+01,2.671649169921875000e+01
-9.031558990478515625e+01,2.671645736694335938e+01
-9.031478118896484375e+01,2.671574783325195312e+01
-9.031543731689453125e+01,2.671722984313964844e+01
-9.031452941894531250e+01,2.671685409545898438e+01
-9.031475067138671875e+01,2.671642875671386719e+01
-9.031490325927734375e+01,2.671720314025878906e+01
-9.031506347656250000e+01,2.671585083007812500e+01
-9.031594085693359375e+01,2.671686553955078125e+01
-9.031590270996093750e+01,2.671684074401855469e+01
-9.031472015380859375e+01,2.671658897399902344e+01
-9.031578063964843750e+01,2.671654129028320312e+01
-9.031489562988281250e+01,2.671716308593750000e+01
-9.031548309326171875e+01,2.671707725524902344e+01
-9.031509399414062500e+01,2.671702384948730469e+01
-9.031446838378906250e+01,2.671615028381347656e+01
-9.031471252441406250e+01,2.671677970886230469e+01
-9.031513214111328125e+01,2.671682929992675781e+01
-9.031522369384765625e+01,2.671574020385742188e+01
-9.031472778320312500e+01,2.671643066406250000e+01
-9.031479644775390625e+01,2.671571731567382812e+01
-9.031529998779296875e+01,2.671648406982421875e+01
-9.031443786621093750e+01,2.671561813354492188e+01
-9.031481170654296875e+01,2.671571350097656250e+01
-9.031510162353515625e+01,2.671563720703125000e+01
-9.031600952148437500e+01,2.671712303161621094e+01
-9.031475830078125000e+01,2.671537590026855469e+01
-9.031477355957031250e+01,2.671574974060058594e+01
-9.031420135498046875e+01,2.671568679809570312e+01
-9.031565856933593750e+01,2.671627807617187500e+01
-9.031425476074218750e+01,2.671527671813964844e+01
-9.031555938720703125e+01,2.671668815612792969e+01
-9.031537628173828125e+01,2.671633338928222656e+01
-9.031549072265625000e+01,2.671640396118164062e+01
-9.031439971923828125e+01,2.671586608886718750e+01
-9.031470489501953125e+01,2.671584320068359375e+01
-9.031443786621093750e+01,2.671669387817382812e+01
-9.031494140625000000e+01,2.671541595458984375e+01
-9.031484985351562500e+01,2.671546173095703125e+01
-9.031452178955078125e+01,2.671595001220703125e+01
-9.031488800048828125e+01,2.671540069580078125e+01
-9.031478881835937500e+01,2.671697998046875000e+01
-9.031495666503906250e+01,2.671712112426757812e+01
-9.031557464599609375e+01,2.671610069274902344e+01
-9.031457519531250000e+01,2.671607780456542969e+01
-9.031448364257812500e+01,2.671683692932128906e+01
-9.031449127197265625e+01,2.671669578552246094e+01
-9.031477355957031250e+01,2.671630668640136719e+01
-9.031523132324218750e+01,2.671612167358398438e+01
-9.031562042236328125e+01,2.671655654907226562e+01
-9.031446838378906250e+01,2.671667861938476562e+01
-9.031550598144531250e+01,2.671659469604492188e+01
-9.031455230712890625e+01,2.671614074707031250e+01
-9.031537628173828125e+01,2.671669006347656250e+01
-9.031562805175781250e+01,2.671671867370605469e+01
-9.031510162353515625e+01,2.671603965759277344e+01
-9.031515502929687500e+01,2.671598625183105469e+01
-9.031594848632812500e+01,2.671722412109375000e+01
-9.031434631347656250e+01,2.671534729003906250e+01
-9.031423187255859375e+01,2.671543312072753906e+01
-9.031473541259765625e+01,2.671679687500000000e+01
-9.031523895263671875e+01,2.671667098999023438e+01
-9.031438446044921875e+01,2.671644783020019531e+01
-9.031543731689453125e+01,2.671685028076171875e+01
-9.031541442871093750e+01,2.671679878234863281e+01
-9.031513977050781250e+01,2.671561622619628906e+01
-9.031486511230468750e+01,2.671708869934082031e+01
-9.031494140625000000e+01,2.671584701538085938e+01
-9.031472015380859375e+01,2.671597480773925781e+01
-9.031570434570312500e+01,2.671728515625000000e+01
-9.031507873535156250e+01,2.671555900573730469e+01
-9.031501770019531250e+01,2.671634483337402344e+01
-9.031517028808593750e+01,2.671630668640136719e+01
-9.031463623046875000e+01,2.671692466735839844e+01
-9.031457519531250000e+01,2.671647834777832031e+01
-9.031502532958984375e+01,2.671694755554199219e+01
-9.031520843505859375e+01,2.671583366394042969e+01
-9.031572723388671875e+01,2.671664810180664062e+01
-9.031430816650390625e+01,2.671576690673828125e+01
-9.031433105468750000e+01,2.671670150756835938e+01
-9.031489562988281250e+01,2.671653175354003906e+01
-9.031552886962890625e+01,2.671658897399902344e+01
-9.031438446044921875e+01,2.671535301208496094e+01
-9.031474304199218750e+01,2.671572875976562500e+01
-9.031434631347656250e+01,2.671628570556640625e+01
-9.031520080566406250e+01,2.671557235717773438e+01
-9.031446838378906250e+01,2.671697235107421875e+01
-9.031469726562500000e+01,2.671722984313964844e+01
-9.031433105468750000e+01,2.671644592285156250e+01
-9.031555175781250000e+01,2.671669006347656250e+01
-9.031584167480468750e+01,2.671662712097167969e+01
-9.031551361083984375e+01,2.671636581420898438e+01
-9.031505584716796875e+01,2.671552658081054688e+01
-9.031486511230468750e+01,2.671596336364746094e+01
-9.031492614746093750e+01,2.671640777587890625e+01
-9.031531524658203125e+01,2.671576499938964844e+01
-9.031460571289062500e+01,2.671585845947265625e+01
-9.031451416015625000e+01,2.671519088745117188e+01
-9.031470489501953125e+01,2.671652030944824219e+01
-9.031584167480468750e+01,2.671726608276367188e+01
-9.031452178955078125e+01,2.671550750732421875e+01
-9.031505584716796875e+01,2.671665573120117188e+01
-9.031461334228515625e+01,2.671606254577636719e+01
-9.031423950195312500e+01,2.671629905700683594e+01
-9.031555938720703125e+01,2.671594047546386719e+01
-9.031475067138671875e+01,2.671722793579101562e+01
-9.031475830078125000e+01,2.671648216247558594e+01
-9.031496429443359375e+01,2.671657371520996094e+01
-9.031462860107421875e+01,2.671557617187500000e+01
-9.031451416015625000e+01,2.671684837341308594e+01
-9.031468963623046875e+01,2.671604728698730469e+01
-9.031495666503906250e+01,2.671646690368652344e+01
-9.031433105468750000e+01,2.671562004089355469e+01
-9.031465911865234375e+01,2.671668815612792969e+01
-9.031531524658203125e+01,2.671654701232910156e+01
-9.031509399414062500e+01,2.671599006652832031e+01
-9.031570434570312500e+01,2.671673774719238281e+01
-9.031552124023437500e+01,2.671712875366210938e+01
-9.031509399414062500e+01,2.671624755859375000e+01
-9.031545257568359375e+01,2.671588516235351562e+01
-9.031447601318359375e+01,2.671652030944824219e+01
-9.031433105468750000e+01,2.671620368957519531e+01
-9.031594085693359375e+01,2.671697044372558594e+01
-9.031439208984375000e+01,2.671664237976074219e+01
-9.031481933593750000e+01,2.671527099609375000e+01
-9.031432342529296875e+01,2.671533584594726562e+01
-9.031484222412109375e+01,2.671620559692382812e+01
-9.031437683105468750e+01,2.671569061279296875e+01
-9.031574249267578125e+01,2.671655273437500000e+01
-9.031510925292968750e+01,2.671576118469238281e+01
-9.031480407714843750e+01,2.671696090698242188e+01
-9.031556701660156250e+01,2.671618461608886719e+01
-9.031549835205078125e+01,2.671709632873535156e+01
-9.031529998779296875e+01,2.671566200256347656e+01
-9.031538391113281250e+01,2.671615791320800781e+01
-9.031545257568359375e+01,2.671659278869628906e+01
-9.031587219238281250e+01,2.671710586547851562e+01
-9.031523132324218750e+01,2.671717834472656250e+01
-9.031524658203125000e+01,2.671625709533691406e+01
-9.031520843505859375e+01,2.671561622619628906e+01
-9.031416320800781250e+01,2.671593666076660156e+01
-9.031593322753906250e+01,2.671681976318359375e+01
-9.031513977050781250e+01,2.671645545959472656e+01
-9.031538391113281250e+01,2.671630477905273438e+01
-9.031585693359375000e+01,2.671672248840332031e+01
-9.031497192382812500e+01,2.671712112426757812e+01
-9.031499481201171875e+01,2.671681594848632812e+01
-9.031538391113281250e+01,2.671616554260253906e+01
-9.031456756591796875e+01,2.671689987182617188e+01
-9.031530761718750000e+01,2.671599006652832031e+01
-9.031599426269531250e+01,2.671705627441406250e+01
-9.031497192382812500e+01,2.671676445007324219e+01
-9.031557464599609375e+01,2.671726799011230469e+01
-9.031446838378906250e+01,2.671544456481933594e+01
-9.031419372558593750e+01,2.671543693542480469e+01
-9.031485748291015625e+01,2.671666526794433594e+01
-9.031504058837890625e+01,2.671582794189453125e+01
-9.031534576416015625e+01,2.671575736999511719e+01
-9.031568145751953125e+01,2.671636009216308594e+01
-9.031511688232421875e+01,2.671605682373046875e+01
-9.031499481201171875e+01,2.671717262268066406e+01
-9.031571960449218750e+01,2.671679115295410156e+01
-9.031542968750000000e+01,2.671667098999023438e+01
-9.031416320800781250e+01,2.671597290039062500e+01
-9.031547546386718750e+01,2.671620368957519531e+01
-9.031459808349609375e+01,2.671625137329101562e+01
-9.031519317626953125e+01,2.671572303771972656e+01
-9.031459045410156250e+01,2.671596336364746094e+01
-9.031452178955078125e+01,2.671689033508300781e+01
-9.031476593017578125e+01,2.671619415283203125e+01
-9.031572723388671875e+01,2.671731948852539062e+01
-9.031453704833984375e+01,2.671685218811035156e+01
-9.031550598144531250e+01,2.671662712097167969e+01
-9.031549835205078125e+01,2.671683883666992188e+01
-9.031457519531250000e+01,2.671616172790527344e+01
-9.031514739990234375e+01,2.671582794189453125e+01
-9.031474304199218750e+01,2.671593666076660156e+01
-9.031526184082031250e+01,2.671634674072265625e+01
-9.031421661376953125e+01,2.671626091003417969e+01
-9.031453704833984375e+01,2.671567344665527344e+01
-9.031486511230468750e+01,2.671648979187011719e+01
-9.031446838378906250e+01,2.671605682373046875e+01
-9.031574249267578125e+01,2.671717834472656250e+01
-9.031571960449218750e+01,2.671687126159667969e+01
-9.031560516357421875e+01,2.671693229675292969e+01
-9.031481933593750000e+01,2.671572875976562500e+01
-9.031558227539062500e+01,2.671597862243652344e+01
-9.031582641601562500e+01,2.671690368652343750e+01
-9.031430816650390625e+01,2.671563911437988281e+01
-9.031485748291015625e+01,2.671538925170898438e+01
-9.031474304199218750e+01,2.671574974060058594e+01
-9.031504058837890625e+01,2.671640777587890625e+01
-9.031539154052734375e+01,2.671659469604492188e+01
-9.031440734863281250e+01,2.671532630920410156e+01
-9.031550598144531250e+01,2.671643066406250000e+01
-9.031449127197265625e+01,2.671649742126464844e+01
-9.031520843505859375e+01,2.671664047241210938e+01
-9.031456756591796875e+01,2.671703147888183594e+01
-9.031558990478515625e+01,2.671659851074218750e+01
-9.031536102294921875e+01,2.671687507629394531e+01
-9.031526947021484375e+01,2.671604728698730469e+01
-9.031539916992187500e+01,2.671653175354003906e+01
-9.031449890136718750e+01,2.671609306335449219e+01
-9.031466674804687500e+01,2.671526718139648438e+01
-9.031466674804687500e+01,2.671666145324707031e+01
-9.031519317626953125e+01,2.671606254577636719e+01
-9.031446838378906250e+01,2.671520805358886719e+01
-9.031492614746093750e+01,2.671640968322753906e+01
-9.031542205810546875e+01,2.671664047241210938e+01
-9.031488037109375000e+01,2.671681022644042969e+01
-9.031539154052734375e+01,2.671647071838378906e+01
-9.031478118896484375e+01,2.671575355529785156e+01
-9.031546783447265625e+01,2.671582031250000000e+01
-9.031555175781250000e+01,2.671610641479492188e+01
-9.031588745117187500e+01,2.671722030639648438e+01
-9.031465148925781250e+01,2.671685981750488281e+01
-9.031557464599609375e+01,2.671636199951171875e+01
-9.031536865234375000e+01,2.671688270568847656e+01
-9.031555175781250000e+01,2.671660041809082031e+01
-9.031526947021484375e+01,2.671576499938964844e+01
-9.031439208984375000e+01,2.671615409851074219e+01
-9.031536102294921875e+01,2.671720504760742188e+01
-9.031523132324218750e+01,2.671603012084960938e+01
-9.031599426269531250e+01,2.671706008911132812e+01
-9.031467437744140625e+01,2.671532821655273438e+01
-9.031484222412109375e+01,2.671650123596191406e+01
-9.031475830078125000e+01,2.671712493896484375e+01
-9.031571197509765625e+01,2.671726989746093750e+01
-9.031511688232421875e+01,2.671600341796875000e+01
-9.031469726562500000e+01,2.671647262573242188e+01
-9.031423187255859375e+01,2.671623229980468750e+01
-9.031492614746093750e+01,2.671688842773437500e+01
-9.031556701660156250e+01,2.671709060668945312e+01
-9.031455993652343750e+01,2.671707344055175781e+01
-9.031462860107421875e+01,2.671589660644531250e+01
-9.031551361083984375e+01,2.671614837646484375e+01
-9.031600189208984375e+01,2.671732902526855469e+01
-9.031535339355468750e+01,2.671691131591796875e+01
-9.031571960449218750e+01,2.671701240539550781e+01
-9.031439208984375000e+01,2.671629714965820312e+01
-9.031545257568359375e+01,2.671674156188964844e+01
-9.031504058837890625e+01,2.671661758422851562e+01
-9.031446075439453125e+01,2.671671295166015625e+01
-9.031552886962890625e+01,2.671681213378906250e+01
-9.031497955322265625e+01,2.671645355224609375e+01
-9.031525421142578125e+01,2.671636009216308594e+01
-9.031425476074218750e+01,2.671595764160156250e+01
-9.031568908691406250e+01,2.671700859069824219e+01
-9.031467437744140625e+01,2.671634101867675781e+01
-9.031537628173828125e+01,2.671615982055664062e+01
-9.031586456298828125e+01,2.671678733825683594e+01
-9.031597900390625000e+01,2.671725463867187500e+01
-9.031418609619140625e+01,2.671547698974609375e+01
-9.031539154052734375e+01,2.671586036682128906e+01
-9.031533050537109375e+01,2.671604919433593750e+01
-9.031478881835937500e+01,2.671576499938964844e+01
-9.031462860107421875e+01,2.671682167053222656e+01
-9.031504821777343750e+01,2.671659851074218750e+01
-9.031455230712890625e+01,2.671547317504882812e+01
-9.031456756591796875e+01,2.671611213684082031e+01
-9.031470489501953125e+01,2.671544075012207031e+01
-9.031439971923828125e+01,2.671638107299804688e+01
-9.031486511230468750e+01,2.671674728393554688e+01
-9.031539916992187500e+01,2.671709632873535156e+01
-9.031417083740234375e+01,2.671550178527832031e+01
-9.031466674804687500e+01,2.671649932861328125e+01
-9.031585693359375000e+01,2.671673011779785156e+01
-9.031495666503906250e+01,2.671570587158203125e+01
-9.031459808349609375e+01,2.671684074401855469e+01
-9.031553649902343750e+01,2.671653556823730469e+01
-9.031481170654296875e+01,2.671539497375488281e+01
-9.031475067138671875e+01,2.671547126770019531e+01
-9.031533050537109375e+01,2.671600151062011719e+01
-9.031531524658203125e+01,2.671701049804687500e+01
-9.031439208984375000e+01,2.671668052673339844e+01
-9.031479644775390625e+01,2.671648025512695312e+01
-9.031476593017578125e+01,2.671539688110351562e+01
-9.031558990478515625e+01,2.671649360656738281e+01
-9.031500244140625000e+01,2.671706962585449219e+01
-9.031523895263671875e+01,2.671685028076171875e+01
-9.031538391113281250e+01,2.671581459045410156e+01
-9.031507873535156250e+01,2.671726417541503906e+01
-9.031548309326171875e+01,2.671608352661132812e+01
-9.031430053710937500e+01,2.671578788757324219e+01
-9.031560516357421875e+01,2.671597099304199219e+01
-9.031467437744140625e+01,2.671530342102050781e+01
-9.031447601318359375e+01,2.671578979492187500e+01
-9.031549835205078125e+01,2.671711158752441406e+01
-9.031497955322265625e+01,2.671618843078613281e+01
-9.031443786621093750e+01,2.671642875671386719e+01
-9.031477355957031250e+01,2.671550369262695312e+01
-9.031503295898437500e+01,2.671578979492187500e+01
-9.031468200683593750e+01,2.671661949157714844e+01
-9.031497955322265625e+01,2.671580886840820312e+01
-9.031556701660156250e+01,2.671716690063476562e+01
-9.031585693359375000e+01,2.671660804748535156e+01
-9.031491088867187500e+01,2.671648597717285156e+01
-9.031502532958984375e+01,2.671664428710937500e+01
-9.031488800048828125e+01,2.671643829345703125e+01
-9.031493377685546875e+01,2.671583747863769531e+01
-9.031559753417968750e+01,2.671653556823730469e+01
-9.031586456298828125e+01,2.671721649169921875e+01
-9.031490325927734375e+01,2.671702384948730469e+01
-9.031442260742187500e+01,2.671610450744628906e+01
-9.031510162353515625e+01,2.671593666076660156e+01
-9.031577301025390625e+01,2.671657371520996094e+01
-9.031478881835937500e+01,2.671578788757324219e+01
-9.031552886962890625e+01,2.671669769287109375e+01
-9.031499481201171875e+01,2.671647262573242188e+01
-9.031433105468750000e+01,2.671568870544433594e+01
-9.031552124023437500e+01,2.671699714660644531e+01
-9.031491851806640625e+01,2.671685028076171875e+01
-9.031455230712890625e+01,2.671692466735839844e+01
-9.031440734863281250e+01,2.671632575988769531e+01
-9.031457519531250000e+01,2.671616172790527344e+01
-9.031587982177734375e+01,2.671724128723144531e+01
-9.031466674804687500e+01,2.671530342102050781e+01
-9.031539154052734375e+01,2.671605110168457031e+01
-9.031555938720703125e+01,2.671683502197265625e+01
-9.031524658203125000e+01,2.671721649169921875e+01
-9.031540679931640625e+01,2.671711158752441406e+01
-9.031574249267578125e+01,2.671704864501953125e+01
-9.031570434570312500e+01,2.671718978881835938e+01
-9.031587982177734375e+01,2.671729469299316406e+01
-9.031578063964843750e+01,2.671664619445800781e+01
-9.031571197509765625e+01,2.671689414978027344e+01
-9.031493377685546875e+01,2.671645736694335938e+01
-9.031506347656250000e+01,2.671712684631347656e+01
-9.031439971923828125e+01,2.671526527404785156e+01
-9.031518554687500000e+01,2.671708488464355469e+01
-9.031461334228515625e+01,2.671589088439941406e+01
-9.031427001953125000e+01,2.671627998352050781e+01
-9.031538391113281250e+01,2.671728324890136719e+01
-9.031536865234375000e+01,2.671574783325195312e+01
-9.031414794921875000e+01,2.671548271179199219e+01
-9.031453704833984375e+01,2.671659660339355469e+01
-9.031539916992187500e+01,2.671590423583984375e+01
-9.031513977050781250e+01,2.671591377258300781e+01
-9.031521606445312500e+01,2.671587562561035156e+01
-9.031444549560546875e+01,2.671564102172851562e+01
-9.031506347656250000e+01,2.671600723266601562e+01
-9.031431579589843750e+01,2.671653556823730469e+01
-9.031569671630859375e+01,2.671733474731445312e+01
-9.031528472900390625e+01,2.671617698669433594e+01
-9.031475067138671875e+01,2.671679496765136719e+01
-9.031480407714843750e+01,2.671563911437988281e+01
-9.031581115722656250e+01,2.671688270568847656e+01
-9.031451416015625000e+01,2.671628379821777344e+01
-9.031416320800781250e+01,2.671571922302246094e+01
-9.031489562988281250e+01,2.671691513061523438e+01
-9.031520080566406250e+01,2.671552276611328125e+01
-9.031476593017578125e+01,2.671562194824218750e+01
-9.031445312500000000e+01,2.671608734130859375e+01
-9.031550598144531250e+01,2.671679306030273438e+01
-9.031533050537109375e+01,2.671583366394042969e+01
-9.031531524658203125e+01,2.671636772155761719e+01
-9.031494903564453125e+01,2.671564674377441406e+01
-9.031477355957031250e+01,2.671721267700195312e+01
-9.031531524658203125e+01,2.671660041809082031e+01
-9.031455993652343750e+01,2.671675872802734375e+01
-9.031554412841796875e+01,2.671590614318847656e+01
-9.031433868408203125e+01,2.671600151062011719e+01
-9.031562042236328125e+01,2.671719169616699219e+01
-9.031536865234375000e+01,2.671638107299804688e+01
-9.031454467773437500e+01,2.671549987792968750e+01
-9.031465911865234375e+01,2.671654891967773438e+01
-9.031496429443359375e+01,2.671705436706542969e+01
-9.031553649902343750e+01,2.671625137329101562e+01
-9.031578063964843750e+01,2.671685791015625000e+01
-9.031469726562500000e+01,2.671635055541992188e+01
-9.031420135498046875e+01,2.671559143066406250e+01
-9.031443023681640625e+01,2.671561431884765625e+01
-9.031442260742187500e+01,2.671638679504394531e+01
-9.031446075439453125e+01,2.671549224853515625e+01
-9.031464385986328125e+01,2.671608924865722656e+01
-9.031498718261718750e+01,2.671675109863281250e+01
-9.031480407714843750e+01,2.671553611755371094e+01
-9.031536865234375000e+01,2.671689987182617188e+01
-9.031578826904296875e+01,2.671674156188964844e+01
-9.031481933593750000e+01,2.671572875976562500e+01
-9.031456756591796875e+01,2.671591186523437500e+01
-9.031595611572265625e+01,2.671686172485351562e+01
-9.031549835205078125e+01,2.671649169921875000e+01
-9.031545257568359375e+01,2.671595954895019531e+01
-9.031506347656250000e+01,2.671562957763671875e+01
-9.031532287597656250e+01,2.671602630615234375e+01
-9.031503295898437500e+01,2.671688842773437500e+01
-9.031552886962890625e+01,2.671686935424804688e+01
-9.031462860107421875e+01,2.671597290039062500e+01
-9.031513977050781250e+01,2.671601867675781250e+01
-9.031459808349609375e+01,2.671569633483886719e+01
-9.031524658203125000e+01,2.671645736694335938e+01
-9.031444549560546875e+01,2.671572303771972656e+01
-9.031569671630859375e+01,2.671638107299804688e+01
-9.031472778320312500e+01,2.671567726135253906e+01
-9.031449127197265625e+01,2.671655845642089844e+01
-9.031449127197265625e+01,2.671520996093750000e+01
-9.031442260742187500e+01,2.671670532226562500e+01
-9.031585693359375000e+01,2.671731948852539062e+01
-9.031466674804687500e+01,2.671670913696289062e+01
-9.031526184082031250e+01,2.671564674377441406e+01
-9.031529235839843750e+01,2.671697998046875000e+01
-9.031518554687500000e+01,2.671693992614746094e+01
-9.031571960449218750e+01,2.671685791015625000e+01
-9.031488037109375000e+01,2.671563911437988281e+01
-9.031554412841796875e+01,2.671635246276855469e+01
-9.031447601318359375e+01,2.671566581726074219e+01
-9.031455230712890625e+01,2.671673965454101562e+01
-9.031481170654296875e+01,2.671556663513183594e+01
-9.031476593017578125e+01,2.671554565429687500e+01
-9.031441497802734375e+01,2.671621322631835938e+01
-9.031520843505859375e+01,2.671645355224609375e+01
-9.031478881835937500e+01,2.671602249145507812e+01
-9.031549835205078125e+01,2.671671104431152344e+01
-9.031575012207031250e+01,2.671646308898925781e+01
-9.031475830078125000e+01,2.671600151062011719e+01
-9.031438446044921875e+01,2.671537017822265625e+01
-9.031473541259765625e+01,2.671599197387695312e+01
-9.031460571289062500e+01,2.671706581115722656e+01
-9.031524658203125000e+01,2.671703910827636719e+01
-9.031445312500000000e+01,2.671522140502929688e+01
-9.031455993652343750e+01,2.671667098999023438e+01
-9.031536102294921875e+01,2.671588134765625000e+01
-9.031482696533203125e+01,2.671613883972167969e+01
-9.031547546386718750e+01,2.671631240844726562e+01
-9.031481170654296875e+01,2.671624374389648438e+01
-9.031455993652343750e+01,2.671553039550781250e+01
-9.031507873535156250e+01,2.671690177917480469e+01
-9.031517791748046875e+01,2.671604156494140625e+01
-9.031539916992187500e+01,2.671619224548339844e+01
-9.031539916992187500e+01,2.671619987487792969e+01
-9.031479644775390625e+01,2.671677398681640625e+01
-9.031535339355468750e+01,2.671577453613281250e+01
-9.031490325927734375e+01,2.671606063842773438e+01
-9.031419372558593750e+01,2.671515083312988281e+01
-9.031421661376953125e+01,2.671555709838867188e+01
-9.031491088867187500e+01,2.671704101562500000e+01
-9.031471252441406250e+01,2.671652603149414062e+01
-9.031485748291015625e+01,2.671625328063964844e+01
-9.031516265869140625e+01,2.671557807922363281e+01
-9.031486511230468750e+01,2.671605873107910156e+01
-9.031455993652343750e+01,2.671688842773437500e+01
-9.031476593017578125e+01,2.671562576293945312e+01
-9.031452941894531250e+01,2.671570396423339844e+01
-9.031434631347656250e+01,2.671656990051269531e+01
-9.031446075439453125e+01,2.671557998657226562e+01
-9.031454467773437500e+01,2.671571350097656250e+01
-9.031523132324218750e+01,2.671705245971679688e+01
-9.031462860107421875e+01,2.671713447570800781e+01
-9.031516265869140625e+01,2.671678924560546875e+01
-9.031526184082031250e+01,2.671615982055664062e+01
-9.031575775146484375e+01,2.671665954589843750e+01
-9.031424713134765625e+01,2.671596527099609375e+01
-9.031481933593750000e+01,2.671525001525878906e+01
-9.031479644775390625e+01,2.671596336364746094e+01
-9.031527709960937500e+01,2.671577835083007812e+01
-9.031569671630859375e+01,2.671697044372558594e+01
-9.031482696533203125e+01,2.671567916870117188e+01
-9.031499481201171875e+01,2.671565055847167969e+01
-9.031452178955078125e+01,2.671568107604980469e+01
-9.031482696533203125e+01,2.671632766723632812e+01
-9.031565093994140625e+01,2.671701622009277344e+01
-9.031420898437500000e+01,2.671568489074707031e+01
-9.031590270996093750e+01,2.671717262268066406e+01
-9.031596374511718750e+01,2.671707534790039062e+01
-9.031422424316406250e+01,2.671549987792968750e+01
-9.031546783447265625e+01,2.671726036071777344e+01
-9.031436157226562500e+01,2.671592712402343750e+01
-9.031442260742187500e+01,2.671613121032714844e+01
-9.031417083740234375e+01,2.671599197387695312e+01
-9.031542205810546875e+01,2.671586036682128906e+01
-9.031448364257812500e+01,2.671630668640136719e+01
-9.031523132324218750e+01,2.671705436706542969e+01
-9.031546020507812500e+01,2.671588325500488281e+01
-9.031507110595703125e+01,2.671657752990722656e+01
-9.031512451171875000e+01,2.671695327758789062e+01
-9.031581115722656250e+01,2.671663856506347656e+01
-9.031551361083984375e+01,2.671686172485351562e+01
-9.031480407714843750e+01,2.671718406677246094e+01
-9.031519317626953125e+01,2.671690368652343750e+01
-9.031459045410156250e+01,2.671538734436035156e+01
-9.031536102294921875e+01,2.671670150756835938e+01
-9.031561279296875000e+01,2.671726799011230469e+01
-9.031464385986328125e+01,2.671634483337402344e+01
-9.031499481201171875e+01,2.671612739562988281e+01
-9.031442260742187500e+01,2.671577644348144531e+01
-9.031478118896484375e+01,2.671706008911132812e+01
-9.031456756591796875e+01,2.671522903442382812e+01
-9.031483459472656250e+01,2.671680831909179688e+01
-9.031449890136718750e+01,2.671675109863281250e+01
-9.031534576416015625e+01,2.671692657470703125e+01
-9.031521606445312500e+01,2.671615600585937500e+01
-9.031571197509765625e+01,2.671657180786132812e+01
-9.031432342529296875e+01,2.671655845642089844e+01
-9.031464385986328125e+01,2.671645545959472656e+01
-9.031473541259765625e+01,2.671660804748535156e+01
-9.031458282470703125e+01,2.671550369262695312e+01
-9.031520080566406250e+01,2.671722793579101562e+01
-9.031559753417968750e+01,2.671687889099121094e+01
-9.031560516357421875e+01,2.671681594848632812e+01
-9.031470489501953125e+01,2.671578216552734375e+01
-9.031505584716796875e+01,2.671683883666992188e+01
-9.031471252441406250e+01,2.671593856811523438e+01
-9.031489562988281250e+01,2.671716880798339844e+01
-9.031447601318359375e+01,2.671666526794433594e+01
-9.031507110595703125e+01,2.671648406982421875e+01
-9.031466674804687500e+01,2.671549224853515625e+01
-9.031549072265625000e+01,2.671674346923828125e+01
-9.031423187255859375e+01,2.671627807617187500e+01
-9.031488037109375000e+01,2.671709632873535156e+01
-9.031444549560546875e+01,2.671649551391601562e+01
-9.031466674804687500e+01,2.671595573425292969e+01
-9.031457519531250000e+01,2.671652793884277344e+01
-9.031526184082031250e+01,2.671620941162109375e+01
-9.031549072265625000e+01,2.671704101562500000e+01
-9.031487274169921875e+01,2.671611976623535156e+01
-9.031552886962890625e+01,2.671647834777832031e+01
-9.031525421142578125e+01,2.671652030944824219e+01
-9.031457519531250000e+01,2.671702766418457031e+01
-9.031479644775390625e+01,2.671592903137207031e+01
-9.031511688232421875e+01,2.671622848510742188e+01
-9.031574249267578125e+01,2.671641349792480469e+01
-9.031589508056640625e+01,2.671725273132324219e+01
-9.031436920166015625e+01,2.671653366088867188e+01
-9.031524658203125000e+01,2.671644973754882812e+01
-9.031479644775390625e+01,2.671643066406250000e+01
-9.031477355957031250e+01,2.671569252014160156e+01
-9.031468963623046875e+01,2.671575927734375000e+01
-9.031462097167968750e+01,2.671542930603027344e+01
-9.031443023681640625e+01,2.671560478210449219e+01
-9.031520843505859375e+01,2.671691894531250000e+01
-9.031483459472656250e+01,2.671527862548828125e+01
-9.031483459472656250e+01,2.671549606323242188e+01
-9.031455993652343750e+01,2.671588325500488281e+01
-9.031442260742187500e+01,2.671527099609375000e+01
-9.031425476074218750e+01,2.671567344665527344e+01
-9.031459045410156250e+01,2.671608161926269531e+01
-9.031433105468750000e+01,2.671548652648925781e+01
-9.031523132324218750e+01,2.671660232543945312e+01
-9.031496429443359375e+01,2.671677970886230469e+01
-9.031504058837890625e+01,2.671611404418945312e+01
-9.031447601318359375e+01,2.671566772460937500e+01
-9.031457519531250000e+01,2.671654701232910156e+01
-9.031476593017578125e+01,2.671672058105468750e+01
-9.031553649902343750e+01,2.671622276306152344e+01
-9.031463623046875000e+01,2.671538925170898438e+01
-9.031455993652343750e+01,2.671643638610839844e+01
-9.031564331054687500e+01,2.671706390380859375e+01
-9.031574249267578125e+01,2.671667861938476562e+01
-9.031446075439453125e+01,2.671647453308105469e+01
-9.031552124023437500e+01,2.671582221984863281e+01
-9.031514739990234375e+01,2.671597290039062500e+01
-9.031495666503906250e+01,2.671697807312011719e+01
-9.031597137451171875e+01,2.671702003479003906e+01
-9.031484985351562500e+01,2.671633911132812500e+01
-9.031425476074218750e+01,2.671599388122558594e+01
-9.031446075439453125e+01,2.671623039245605469e+01
-9.031456756591796875e+01,2.671709060668945312e+01
-9.031475067138671875e+01,2.671722984313964844e+01
-9.031553649902343750e+01,2.671621894836425781e+01
-9.031501007080078125e+01,2.671660614013671875e+01
-9.031542968750000000e+01,2.671581459045410156e+01
-9.031447601318359375e+01,2.671604728698730469e+01
-9.031494140625000000e+01,2.671557617187500000e+01
-9.031549072265625000e+01,2.671611785888671875e+01
-9.031537628173828125e+01,2.671654510498046875e+01
-9.031423950195312500e+01,2.671602058410644531e+01
-9.031435394287109375e+01,2.671601295471191406e+01
-9.031475067138671875e+01,2.671570205688476562e+01
-9.031498718261718750e+01,2.671716117858886719e+01
-9.031472015380859375e+01,2.671587181091308594e+01
-9.031574249267578125e+01,2.671657943725585938e+01
-9.031553649902343750e+01,2.671695137023925781e+01
-9.031514739990234375e+01,2.671669578552246094e+01
-9.031466674804687500e+01,2.671635627746582031e+01
-9.031570434570312500e+01,2.671720123291015625e+01
-9.031508636474609375e+01,2.671675872802734375e+01
-9.031537628173828125e+01,2.671706008911132812e+01
-9.031498718261718750e+01,2.671696090698242188e+01
-9.031452178955078125e+01,2.671670341491699219e+01
-9.031483459472656250e+01,2.671712112426757812e+01
-9.031452178955078125e+01,2.671627426147460938e+01
-9.031459045410156250e+01,2.671663856506347656e+01
-9.031498718261718750e+01,2.671672439575195312e+01
-9.031571197509765625e+01,2.671730232238769531e+01
-9.031478881835937500e+01,2.671653747558593750e+01
-9.031428527832031250e+01,2.671566200256347656e+01
-9.031498718261718750e+01,2.671577453613281250e+01
-9.031462097167968750e+01,2.671555519104003906e+01
-9.031535339355468750e+01,2.671603012084960938e+01
-9.031486511230468750e+01,2.671567916870117188e+01
-9.031527709960937500e+01,2.671713066101074219e+01
-9.031423950195312500e+01,2.671598815917968750e+01
-9.031481170654296875e+01,2.671592521667480469e+01
-9.031579589843750000e+01,2.671722793579101562e+01
-9.031439971923828125e+01,2.671533966064453125e+01
-9.031471252441406250e+01,2.671722221374511719e+01
-9.031512451171875000e+01,2.671686363220214844e+01
-9.031552124023437500e+01,2.671599769592285156e+01
-9.031459045410156250e+01,2.671558570861816406e+01
-9.031537628173828125e+01,2.671706581115722656e+01
-9.031566619873046875e+01,2.671678352355957031e+01
-9.031541442871093750e+01,2.671595573425292969e+01
-9.031426239013671875e+01,2.671599006652832031e+01
-9.031540679931640625e+01,2.671629905700683594e+01
-9.031421661376953125e+01,2.671617507934570312e+01
-9.031483459472656250e+01,2.671630287170410156e+01
-9.031486511230468750e+01,2.671588325500488281e+01
-9.031427001953125000e+01,2.671603965759277344e+01
-9.031444549560546875e+01,2.671563148498535156e+01
-9.031434631347656250e+01,2.671626663208007812e+01
-9.031575012207031250e+01,2.671720314025878906e+01
-9.031511688232421875e+01,2.671579933166503906e+01
-9.031437683105468750e+01,2.671599006652832031e+01
-9.031420135498046875e+01,2.671582794189453125e+01
-9.031418609619140625e+01,2.671599769592285156e+01
-9.031437683105468750e+01,2.671652221679687500e+01
-9.031529235839843750e+01,2.671711921691894531e+01
-9.031484985351562500e+01,2.671536064147949219e+01
-9.031549835205078125e+01,2.671616935729980469e+01
-9.031450653076171875e+01,2.671609497070312500e+01
-9.031420898437500000e+01,2.671650123596191406e+01
-9.031575012207031250e+01,2.671650123596191406e+01
-9.031547546386718750e+01,2.671690940856933594e+01
-9.031412506103515625e+01,2.671568870544433594e+01
-9.031501770019531250e+01,2.671641159057617188e+01
-9.031517028808593750e+01,2.671595954895019531e+01
-9.031558990478515625e+01,2.671647644042968750e+01
-9.031549072265625000e+01,2.671685981750488281e+01
-9.031560516357421875e+01,2.671707916259765625e+01
-9.031517791748046875e+01,2.671663665771484375e+01
-9.031588745117187500e+01,2.671701812744140625e+01
-9.031538391113281250e+01,2.671623420715332031e+01
-9.031526184082031250e+01,2.671604728698730469e+01
-9.031497955322265625e+01,2.671552848815917969e+01
-9.031537628173828125e+01,2.671702766418457031e+01
-9.031435394287109375e+01,2.671619796752929688e+01
-9.031545257568359375e+01,2.671729660034179688e+01
-9.031549835205078125e+01,2.671592903137207031e+01
-9.031526947021484375e+01,2.671571350097656250e+01
-9.031510925292968750e+01,2.671603393554687500e+01
-9.031504058837890625e+01,2.671551322937011719e+01
-9.031518554687500000e+01,2.671644210815429688e+01
-9.031527709960937500e+01,2.671586036682128906e+01
-9.031484985351562500e+01,2.671665382385253906e+01
-9.031438446044921875e+01,2.671616172790527344e+01
-9.031476593017578125e+01,2.671538543701171875e+01
-9.031430053710937500e+01,2.671609497070312500e+01
-9.031561279296875000e+01,2.671655273437500000e+01
-9.031443023681640625e+01,2.671579170227050781e+01
-9.031464385986328125e+01,2.671687126159667969e+01
-9.031506347656250000e+01,2.671573829650878906e+01
-9.031518554687500000e+01,2.671611976623535156e+01
-9.031506347656250000e+01,2.671622848510742188e+01
-9.031541442871093750e+01,2.671684265136718750e+01
-9.031523132324218750e+01,2.671596145629882812e+01
-9.031490325927734375e+01,2.671613693237304688e+01
-9.031481170654296875e+01,2.671635627746582031e+01
-9.031449890136718750e+01,2.671557998657226562e+01
-9.031459808349609375e+01,2.671636199951171875e+01
-9.031488800048828125e+01,2.671616172790527344e+01
-9.031472778320312500e+01,2.671555709838867188e+01
-9.031494140625000000e+01,2.671605300903320312e+01
-9.031497955322265625e+01,2.671549415588378906e+01
-9.031450653076171875e+01,2.671648597717285156e+01
-9.031442260742187500e+01,2.671638870239257812e+01
-9.031493377685546875e+01,2.671582794189453125e+01
-9.031439208984375000e+01,2.671559715270996094e+01
-9.031446075439453125e+01,2.671566200256347656e+01
-9.031574249267578125e+01,2.671692276000976562e+01
-9.031540679931640625e+01,2.671714210510253906e+01
-9.031578063964843750e+01,2.671710968017578125e+01
-9.031429290771484375e+01,2.671573829650878906e+01
-9.031519317626953125e+01,2.671554565429687500e+01
-9.031505584716796875e+01,2.671573829650878906e+01
-9.031475830078125000e+01,2.671525001525878906e+01
-9.031558990478515625e+01,2.671643638610839844e+01
-9.031509399414062500e+01,2.671650695800781250e+01
-9.031597137451171875e+01,2.671687889099121094e+01
-9.031507873535156250e+01,2.671584129333496094e+01
-9.031526947021484375e+01,2.671643829345703125e+01
-9.031478881835937500e+01,2.671679687500000000e+01
-9.031538391113281250e+01,2.671629714965820312e+01
-9.031562805175781250e+01,2.671695327758789062e+01
-9.031495666503906250e+01,2.671546936035156250e+01
-9.031562805175781250e+01,2.671692085266113281e+01
-9.031464385986328125e+01,2.671583366394042969e+01
-9.031420898437500000e+01,2.671602249145507812e+01
-9.031451416015625000e+01,2.671652793884277344e+01
-9.031523132324218750e+01,2.671636581420898438e+01
-9.031436157226562500e+01,2.671574211120605469e+01
-9.031503295898437500e+01,2.671697235107421875e+01
-9.031571960449218750e+01,2.671682357788085938e+01
-9.031469726562500000e+01,2.671538734436035156e+01
-9.031576538085937500e+01,2.671665573120117188e+01
-9.031536865234375000e+01,2.671726989746093750e+01
-9.031488800048828125e+01,2.671627235412597656e+01
-9.031462860107421875e+01,2.671556854248046875e+01
-9.031457519531250000e+01,2.671532821655273438e+01
-9.031490325927734375e+01,2.671666145324707031e+01
-9.031420898437500000e+01,2.671649360656738281e+01
-9.031473541259765625e+01,2.671555137634277344e+01
-9.031539916992187500e+01,2.671633148193359375e+01
-9.031423187255859375e+01,2.671601867675781250e+01
-9.031502532958984375e+01,2.671583938598632812e+01
-9.031466674804687500e+01,2.671627044677734375e+01
-9.031475067138671875e+01,2.671599960327148438e+01
-9.031441497802734375e+01,2.671676254272460938e+01
-9.031568145751953125e+01,2.671635437011718750e+01
-9.031443786621093750e+01,2.671591377258300781e+01
-9.031568145751953125e+01,2.671654701232910156e+01
-9.031543731689453125e+01,2.671708106994628906e+01
-9.031434631347656250e+01,2.671653366088867188e+01
-9.031430816650390625e+01,2.671556091308593750e+01
-9.031550598144531250e+01,2.671681213378906250e+01
-9.031541442871093750e+01,2.671669578552246094e+01
-9.031581878662109375e+01,2.671737480163574219e+01
-9.031501007080078125e+01,2.671651268005371094e+01
-9.031485748291015625e+01,2.671578598022460938e+01
-9.031450653076171875e+01,2.671694183349609375e+01
-9.031525421142578125e+01,2.671586036682128906e+01
-9.031461334228515625e+01,2.671683502197265625e+01
-9.031465148925781250e+01,2.671549034118652344e+01
-9.031456756591796875e+01,2.671633338928222656e+01
-9.031528472900390625e+01,2.671567916870117188e+01
-9.031459045410156250e+01,2.671567535400390625e+01
-9.031442260742187500e+01,2.671527671813964844e+01
-9.031474304199218750e+01,2.671709251403808594e+01
-9.031469726562500000e+01,2.671568107604980469e+01
-9.031516265869140625e+01,2.671659088134765625e+01
-9.031493377685546875e+01,2.671587562561035156e+01
-9.031567382812500000e+01,2.671687507629394531e+01
-9.031440734863281250e+01,2.671661376953125000e+01
-9.031525421142578125e+01,2.671728706359863281e+01
-9.031482696533203125e+01,2.671658706665039062e+01
-9.031455993652343750e+01,2.671597099304199219e+01
-9.031515502929687500e+01,2.671617889404296875e+01
-9.031567382812500000e+01,2.671663665771484375e+01
-9.031494903564453125e+01,2.671608543395996094e+01
-9.031490325927734375e+01,2.671720123291015625e+01
-9.031487274169921875e+01,2.671653366088867188e+01
-9.031539154052734375e+01,2.671654701232910156e+01
-9.031520843505859375e+01,2.671583366394042969e+01
-9.031508636474609375e+01,2.671578407287597656e+01
-9.031443023681640625e+01,2.671644210815429688e+01
-9.031575775146484375e+01,2.671704864501953125e+01
-9.031476593017578125e+01,2.671533966064453125e+01
-9.031577301025390625e+01,2.671710014343261719e+01
-9.031534576416015625e+01,2.671681022644042969e+01
-9.031568145751953125e+01,2.671706008911132812e+01
-9.031468963623046875e+01,2.671716308593750000e+01
-9.031473541259765625e+01,2.671681785583496094e+01
-9.031529998779296875e+01,2.671689414978027344e+01
-9.031433105468750000e+01,2.671645164489746094e+01
-9.031476593017578125e+01,2.671670532226562500e+01
-9.031556701660156250e+01,2.671624374389648438e+01
-9.031549835205078125e+01,2.671601676940917969e+01
-9.031558990478515625e+01,2.671700286865234375e+01
-9.031462860107421875e+01,2.671706962585449219e+01
-9.031497192382812500e+01,2.671578407287597656e+01
-9.031425476074218750e+01,2.671549797058105469e+01
-9.031488800048828125e+01,2.671594810485839844e+01
-9.031475830078125000e+01,2.671640777587890625e+01
-9.031579589843750000e+01,2.671686553955078125e+01
-9.031462097167968750e+01,2.671701622009277344e+01
-9.031556701660156250e+01,2.671665191650390625e+01
-9.031445312500000000e+01,2.671665000915527344e+01
-9.031568908691406250e+01,2.671664237976074219e+01
-9.031507873535156250e+01,2.671720695495605469e+01
-9.031517028808593750e+01,2.671556282043457031e+01
-9.031588745117187500e+01,2.671695327758789062e+01
-9.031487274169921875e+01,2.671592140197753906e+01
-9.031483459472656250e+01,2.671682357788085938e+01
-9.031478118896484375e+01,2.671693992614746094e+01
-9.031460571289062500e+01,2.671647262573242188e+01
-9.031483459472656250e+01,2.671522903442382812e+01
-9.031577301025390625e+01,2.671670532226562500e+01
-9.031427001953125000e+01,2.671616363525390625e+01
-9.031574249267578125e+01,2.671685409545898438e+01
-9.031491851806640625e+01,2.671685028076171875e+01
-9.031555938720703125e+01,2.671655845642089844e+01
-9.031564331054687500e+01,2.671657180786132812e+01
-9.031520080566406250e+01,2.671619796752929688e+01
-9.031452941894531250e+01,2.671658706665039062e+01
-9.031436157226562500e+01,2.671611022949218750e+01
-9.031483459472656250e+01,2.671681022644042969e+01
-9.031485748291015625e+01,2.671593856811523438e+01
-9.031581115722656250e+01,2.671714210510253906e+01
-9.031421661376953125e+01,2.671518325805664062e+01
-9.031481933593750000e+01,2.671536445617675781e+01
-9.031513214111328125e+01,2.671701622009277344e+01
-9.031436920166015625e+01,2.671644210815429688e+01
-9.031456756591796875e+01,2.671690559387207031e+01
-9.031557464599609375e+01,2.671646118164062500e+01
-9.031590270996093750e+01,2.671681404113769531e+01
-9.031449890136718750e+01,2.671590995788574219e+01
-9.031449127197265625e+01,2.671611976623535156e+01
-9.031465148925781250e+01,2.671553993225097656e+01
-9.031478118896484375e+01,2.671609497070312500e+01
-9.031468963623046875e+01,2.671649360656738281e+01
-9.031513977050781250e+01,2.671678352355957031e+01
-9.031465148925781250e+01,2.671521949768066406e+01
-9.031484985351562500e+01,2.671684837341308594e+01
-9.031538391113281250e+01,2.671634292602539062e+01
-9.031535339355468750e+01,2.671684074401855469e+01
-9.031519317626953125e+01,2.671551895141601562e+01
-9.031472015380859375e+01,2.671578216552734375e+01
-9.031474304199218750e+01,2.671634674072265625e+01
-9.031580352783203125e+01,2.671706390380859375e+01
-9.031501007080078125e+01,2.671647644042968750e+01
-9.031547546386718750e+01,2.671698188781738281e+01
-9.031575012207031250e+01,2.671656417846679688e+01
-9.031426239013671875e+01,2.671564102172851562e+01
-9.031520080566406250e+01,2.671597671508789062e+01
-9.031451416015625000e+01,2.671558380126953125e+01
-9.031452941894531250e+01,2.671524620056152344e+01
-9.031428527832031250e+01,2.671525764465332031e+01
-9.031511688232421875e+01,2.671624183654785156e+01
-9.031447601318359375e+01,2.671675491333007812e+01
-9.031420898437500000e+01,2.671569442749023438e+01
-9.031497192382812500e+01,2.671722030639648438e+01
-9.031533813476562500e+01,2.671676635742187500e+01
-9.031558990478515625e+01,2.671687316894531250e+01
-9.031487274169921875e+01,2.671684646606445312e+01
-9.031490325927734375e+01,2.671644020080566406e+01
-9.031562805175781250e+01,2.671704864501953125e+01
-9.031516265869140625e+01,2.671698760986328125e+01
-9.031497955322265625e+01,2.671564292907714844e+01
-9.031457519531250000e+01,2.671664237976074219e+01
-9.031549072265625000e+01,2.671730422973632812e+01
-9.031600189208984375e+01,2.671710205078125000e+01
-9.031439208984375000e+01,2.671669578552246094e+01
-9.031486511230468750e+01,2.671688079833984375e+01
-9.031545257568359375e+01,2.671637153625488281e+01
-9.031501007080078125e+01,2.671623611450195312e+01
-9.031436157226562500e+01,2.671569061279296875e+01
-9.031484985351562500e+01,2.671621131896972656e+01
-9.031501007080078125e+01,2.671607780456542969e+01
-9.031496429443359375e+01,2.671722221374511719e+01
-9.031468200683593750e+01,2.671616554260253906e+01
-9.031543731689453125e+01,2.671587562561035156e+01
-9.031428527832031250e+01,2.671660423278808594e+01
-9.031506347656250000e+01,2.671591186523437500e+01
-9.031521606445312500e+01,2.671677589416503906e+01
-9.031513977050781250e+01,2.671728134155273438e+01
-9.031554412841796875e+01,2.671694374084472656e+01
-9.031459045410156250e+01,2.671671676635742188e+01
-9.031513977050781250e+01,2.671564674377441406e+01
-9.031523895263671875e+01,2.671656990051269531e+01
-9.031523132324218750e+01,2.671572494506835938e+01
-9.031523132324218750e+01,2.671668434143066406e+01
-9.031554412841796875e+01,2.671723365783691406e+01
-9.031479644775390625e+01,2.671611404418945312e+01
-9.031473541259765625e+01,2.671648788452148438e+01
