longitude,latitude
-9.043778228759765625e+01,2.690033912658691406e+01
-9.044378662109375000e+01,2.689969062805175781e+01
-9.043967437744140625e+01,2.689903068542480469e+01
-9.044004058837890625e+01,2.689820861816406250e+01
-9.044473266601562500e+01,2.689876556396484375e+01
-9.044720458984375000e+01,2.689863967895507812e+01
-9.044804382324218750e+01,2.689820861816406250e+01
-9.044022369384765625e+01,2.689902687072753906e+01
-9.044709777832031250e+01,2.689937210083007812e+01
-9.043801116943359375e+01,2.689915275573730469e+01
-9.043969726562500000e+01,2.689839172363281250e+01
-9.044183349609375000e+01,2.689892768859863281e+01
-9.043943023681640625e+01,2.689874076843261719e+01
-9.043927764892578125e+01,2.689864158630371094e+01
-9.044535064697265625e+01,2.689748954772949219e+01
-9.044364166259765625e+01,2.689860534667968750e+01
-9.043900299072265625e+01,2.689902877807617188e+01
-9.044480133056640625e+01,2.690085029602050781e+01
-9.044512939453125000e+01,2.689834976196289062e+01
-9.044687652587890625e+01,2.689925765991210938e+01
-9.044008636474609375e+01,2.689897727966308594e+01
-9.044414520263671875e+01,2.689891815185546875e+01
-9.044114685058593750e+01,2.689888572692871094e+01
-9.043964385986328125e+01,2.689852333068847656e+01
-9.044326019287109375e+01,2.689999389648437500e+01
-9.044531250000000000e+01,2.690038299560546875e+01
-9.044733428955078125e+01,2.689921951293945312e+01
-9.043920898437500000e+01,2.689877510070800781e+01
-9.044198608398437500e+01,2.689848709106445312e+01
-9.044779205322265625e+01,2.689849662780761719e+01
-9.044275665283203125e+01,2.689795112609863281e+01
-9.044407653808593750e+01,2.689924621582031250e+01
-9.044779968261718750e+01,2.689859580993652344e+01
-9.044409179687500000e+01,2.689669418334960938e+01
-9.043814849853515625e+01,2.689911270141601562e+01
-9.044487762451171875e+01,2.689893531799316406e+01
-9.044157409667968750e+01,2.689852714538574219e+01
-9.044613647460937500e+01,2.689781570434570312e+01
-9.044871520996093750e+01,2.689722824096679688e+01
-9.044373321533203125e+01,2.689867591857910156e+01
-9.044427490234375000e+01,2.689740943908691406e+01
-9.044006347656250000e+01,2.689821434020996094e+01
-9.044815063476562500e+01,2.689756011962890625e+01
-9.044641876220703125e+01,2.689720726013183594e+01
-9.043779754638671875e+01,2.689941024780273438e+01
-9.044354248046875000e+01,2.689820289611816406e+01
-9.044734191894531250e+01,2.689880752563476562e+01
-9.044400787353515625e+01,2.689795684814453125e+01
-9.044422149658203125e+01,2.689747810363769531e+01
-9.043769073486328125e+01,2.689958381652832031e+01
-9.044639587402343750e+01,2.689874649047851562e+01
-9.043785095214843750e+01,2.689970970153808594e+01
-9.044717407226562500e+01,2.689951896667480469e+01
-9.044002532958984375e+01,2.689897727966308594e+01
-9.044203948974609375e+01,2.689802360534667969e+01
-9.044276428222656250e+01,2.689827919006347656e+01
-9.044222259521484375e+01,2.689942741394042969e+01
-9.044532775878906250e+01,2.689739227294921875e+01
-9.044950866699218750e+01,2.689702033996582031e+01
-9.044129180908203125e+01,2.689805793762207031e+01
-9.044277954101562500e+01,2.689777183532714844e+01
-9.044798278808593750e+01,2.689850616455078125e+01
-9.044421386718750000e+01,2.689764595031738281e+01
-9.044512176513671875e+01,2.689901351928710938e+01
-9.044782257080078125e+01,2.689893913269042969e+01
-9.044103240966796875e+01,2.689888381958007812e+01
-9.044659423828125000e+01,2.689672470092773438e+01
-9.044111633300781250e+01,2.690018653869628906e+01
-9.044287872314453125e+01,2.689900779724121094e+01
-9.044525146484375000e+01,2.689730644226074219e+01
-9.044313812255859375e+01,2.689814376831054688e+01
-9.043857574462890625e+01,2.689941406250000000e+01
-9.044631958007812500e+01,2.689651489257812500e+01
-9.044186401367187500e+01,2.689983367919921875e+01
-9.044667053222656250e+01,2.689821624755859375e+01
-9.044312286376953125e+01,2.689717864990234375e+01
-9.044300842285156250e+01,2.689745903015136719e+01
-9.044125366210937500e+01,2.689954948425292969e+01
-9.044540405273437500e+01,2.689983367919921875e+01
-9.044437408447265625e+01,2.689801597595214844e+01
-9.043952178955078125e+01,2.689963150024414062e+01
-9.044498443603515625e+01,2.689987564086914062e+01
-9.044368743896484375e+01,2.689902687072753906e+01
-9.044187164306640625e+01,2.689945411682128906e+01
-9.044554901123046875e+01,2.689974021911621094e+01
-9.044277191162109375e+01,2.689778900146484375e+01
-9.044176483154296875e+01,2.689809989929199219e+01
-9.044082641601562500e+01,2.689908981323242188e+01
-9.043879699707031250e+01,2.689890098571777344e+01
-9.044943237304687500e+01,2.689710807800292969e+01
-9.044633483886718750e+01,2.689693069458007812e+01
-9.043812561035156250e+01,2.690026092529296875e+01
-9.044552612304687500e+01,2.689979171752929688e+01
-9.044509887695312500e+01,2.690000534057617188e+01
-9.044483184814453125e+01,2.689894104003906250e+01
-9.043938446044921875e+01,2.689955520629882812e+01
-9.044570159912109375e+01,2.689848709106445312e+01
-9.043882751464843750e+01,2.689944648742675781e+01
-9.044408416748046875e+01,2.689929389953613281e+01
-9.044704437255859375e+01,2.689829444885253906e+01
-9.044508361816406250e+01,2.689978981018066406e+01
-9.044698333740234375e+01,2.689838790893554688e+01
-9.044011688232421875e+01,2.689897727966308594e+01
-9.044254302978515625e+01,2.689836692810058594e+01
-9.044495391845703125e+01,2.690075874328613281e+01
-9.044805145263671875e+01,2.689846420288085938e+01
-9.044444274902343750e+01,2.689923667907714844e+01
-9.044828033447265625e+01,2.689743423461914062e+01
-9.044248962402343750e+01,2.689823150634765625e+01
-9.044587707519531250e+01,2.689718437194824219e+01
-9.044575500488281250e+01,2.689867782592773438e+01
-9.044570922851562500e+01,2.689758110046386719e+01
-9.044343566894531250e+01,2.689787483215332031e+01
-9.044554138183593750e+01,2.690029525756835938e+01
-9.044096374511718750e+01,2.690059280395507812e+01
-9.043846130371093750e+01,2.689925575256347656e+01
-9.044467163085937500e+01,2.689631843566894531e+01
-9.044264221191406250e+01,2.689734077453613281e+01
-9.044100952148437500e+01,2.689776039123535156e+01
-9.044360351562500000e+01,2.689723205566406250e+01
-9.044231414794921875e+01,2.689863014221191406e+01
-9.044584655761718750e+01,2.690064048767089844e+01
-9.044130706787109375e+01,2.689831161499023438e+01
-9.044436645507812500e+01,2.689676856994628906e+01
-9.044770812988281250e+01,2.689796638488769531e+01
-9.044542694091796875e+01,2.689904022216796875e+01
-9.044289398193359375e+01,2.689802169799804688e+01
-9.043964385986328125e+01,2.689872360229492188e+01
-9.044462585449218750e+01,2.689707374572753906e+01
-9.044580841064453125e+01,2.690060997009277344e+01
-9.044082641601562500e+01,2.689919662475585938e+01
-9.044541168212890625e+01,2.689663314819335938e+01
-9.044393920898437500e+01,2.689877319335937500e+01
-9.044558715820312500e+01,2.689740753173828125e+01
-9.043797302246093750e+01,2.689996337890625000e+01
-9.044544982910156250e+01,2.689754867553710938e+01
-9.044745635986328125e+01,2.689783477783203125e+01
-9.044844818115234375e+01,2.689792442321777344e+01
-9.044262695312500000e+01,2.689976310729980469e+01
-9.044072723388671875e+01,2.689865875244140625e+01
-9.044248962402343750e+01,2.689918136596679688e+01
-9.044344329833984375e+01,2.689737319946289062e+01
-9.044721984863281250e+01,2.689819335937500000e+01
-9.044485473632812500e+01,2.689750671386718750e+01
-9.044702911376953125e+01,2.689927291870117188e+01
-9.043918609619140625e+01,2.689913177490234375e+01
-9.044324493408203125e+01,2.689927101135253906e+01
-9.044097900390625000e+01,2.689866256713867188e+01
-9.044704437255859375e+01,2.689825820922851562e+01
-9.044187927246093750e+01,2.689819335937500000e+01
-9.044564056396484375e+01,2.689690399169921875e+01
-9.044805145263671875e+01,2.689814567565917969e+01
-9.044434356689453125e+01,2.689738845825195312e+01
-9.044029235839843750e+01,2.689815521240234375e+01
-9.044278717041015625e+01,2.689942932128906250e+01
-9.044689941406250000e+01,2.689953804016113281e+01
-9.044892120361328125e+01,2.689759445190429688e+01
-9.044574737548828125e+01,2.689659118652343750e+01
-9.044209289550781250e+01,2.689976310729980469e+01
-9.044295501708984375e+01,2.689952659606933594e+01
-9.044453430175781250e+01,2.689708328247070312e+01
-9.044201660156250000e+01,2.689999771118164062e+01
-9.044578552246093750e+01,2.689772605895996094e+01
-9.044572448730468750e+01,2.689772415161132812e+01
-9.043996429443359375e+01,2.689842987060546875e+01
-9.044340515136718750e+01,2.689686584472656250e+01
-9.044620513916015625e+01,2.689802360534667969e+01
-9.044645690917968750e+01,2.689703178405761719e+01
-9.044259643554687500e+01,2.690002059936523438e+01
-9.043938446044921875e+01,2.689918136596679688e+01
-9.044486999511718750e+01,2.689768600463867188e+01
-9.044635772705078125e+01,2.689793586730957031e+01
-9.044433593750000000e+01,2.689751815795898438e+01
-9.044004058837890625e+01,2.689902687072753906e+01
-9.044598388671875000e+01,2.689919471740722656e+01
-9.044647216796875000e+01,2.689699172973632812e+01
-9.044225311279296875e+01,2.689879035949707031e+01
-9.044332885742187500e+01,2.689680671691894531e+01
-9.044443511962890625e+01,2.690043449401855469e+01
-9.044466400146484375e+01,2.689992523193359375e+01
-9.043795013427734375e+01,2.690027999877929688e+01
-9.044378662109375000e+01,2.689667129516601562e+01
-9.044004821777343750e+01,2.689931488037109375e+01
-9.044871520996093750e+01,2.689767265319824219e+01
-9.044575500488281250e+01,2.689839744567871094e+01
-9.044393920898437500e+01,2.689667320251464844e+01
-9.044446563720703125e+01,2.690048789978027344e+01
-9.044657135009765625e+01,2.689927673339843750e+01
-9.044435882568359375e+01,2.689976501464843750e+01
-9.044127655029296875e+01,2.689800643920898438e+01
-9.044242858886718750e+01,2.689762306213378906e+01
-9.044570922851562500e+01,2.689883995056152344e+01
-9.044667053222656250e+01,2.689866638183593750e+01
-9.044583129882812500e+01,2.689686584472656250e+01
-9.044078826904296875e+01,2.689876937866210938e+01
-9.043840789794921875e+01,2.689914703369140625e+01
-9.044715118408203125e+01,2.689795112609863281e+01
-9.044882965087890625e+01,2.689703369140625000e+01
-9.044701385498046875e+01,2.689784812927246094e+01
-9.044352722167968750e+01,2.689767074584960938e+01
-9.043899536132812500e+01,2.689931869506835938e+01
-9.044390869140625000e+01,2.690025329589843750e+01
-9.044498443603515625e+01,2.689954948425292969e+01
-9.044396972656250000e+01,2.689687728881835938e+01
-9.044144439697265625e+01,2.689907073974609375e+01
-9.044677734375000000e+01,2.689910316467285156e+01
-9.044278717041015625e+01,2.689884757995605469e+01
-9.043984222412109375e+01,2.689887809753417969e+01
-9.044542694091796875e+01,2.690067100524902344e+01
-9.044229888916015625e+01,2.689845275878906250e+01
-9.044313812255859375e+01,2.689751815795898438e+01
-9.044325256347656250e+01,2.689766693115234375e+01
-9.044267272949218750e+01,2.689998245239257812e+01
-9.043865203857421875e+01,2.689899826049804688e+01
-9.044330596923828125e+01,2.689853668212890625e+01
-9.044338226318359375e+01,2.689946556091308594e+01
-9.044809722900390625e+01,2.689778709411621094e+01
-9.044365692138671875e+01,2.689768218994140625e+01
-9.044339752197265625e+01,2.689873504638671875e+01
-9.044103240966796875e+01,2.689974975585937500e+01
-9.044375610351562500e+01,2.689753532409667969e+01
-9.044342041015625000e+01,2.689776611328125000e+01
-9.044582366943359375e+01,2.689668846130371094e+01
-9.044493103027343750e+01,2.689845848083496094e+01
-9.044544219970703125e+01,2.689710044860839844e+01
-9.044651794433593750e+01,2.689884757995605469e+01
-9.044630432128906250e+01,2.689830970764160156e+01
-9.044409942626953125e+01,2.689933204650878906e+01
-9.044248199462890625e+01,2.689747238159179688e+01
-9.044637298583984375e+01,2.689863777160644531e+01
-9.043852233886718750e+01,2.689975738525390625e+01
-9.044232940673828125e+01,2.689813804626464844e+01
-9.044612884521484375e+01,2.689923286437988281e+01
-9.044142913818359375e+01,2.689987564086914062e+01
-9.043801879882812500e+01,2.689947128295898438e+01
-9.044452667236328125e+01,2.689774131774902344e+01
-9.044546508789062500e+01,2.689686775207519531e+01
-9.044260406494140625e+01,2.689813804626464844e+01
-9.044384002685546875e+01,2.689992141723632812e+01
-9.044592285156250000e+01,2.689845085144042969e+01
-9.044029235839843750e+01,2.689885902404785156e+01
-9.044229888916015625e+01,2.689834403991699219e+01
-9.044309997558593750e+01,2.689900016784667969e+01
-9.044255828857421875e+01,2.689786720275878906e+01
-9.044572448730468750e+01,2.689648628234863281e+01
-9.044163513183593750e+01,2.690062904357910156e+01
-9.044078826904296875e+01,2.689843368530273438e+01
-9.044509887695312500e+01,2.689966011047363281e+01
-9.044113922119140625e+01,2.689822959899902344e+01
-9.044557189941406250e+01,2.689738082885742188e+01
-9.044290924072265625e+01,2.689795112609863281e+01
-9.044602203369140625e+01,2.689814758300781250e+01
-9.044006347656250000e+01,2.689848518371582031e+01
-9.044520568847656250e+01,2.689715003967285156e+01
-9.044937896728515625e+01,2.689725112915039062e+01
-9.044509124755859375e+01,2.689972114562988281e+01
-9.044236755371093750e+01,2.690021705627441406e+01
-9.044136047363281250e+01,2.690031242370605469e+01
-9.043844604492187500e+01,2.689937591552734375e+01
-9.044412994384765625e+01,2.689672660827636719e+01
-9.044631195068359375e+01,2.689912223815917969e+01
-9.044322204589843750e+01,2.689793968200683594e+01
-9.043782043457031250e+01,2.689938354492187500e+01
-9.043977355957031250e+01,2.689864349365234375e+01
-9.044515991210937500e+01,2.690011787414550781e+01
-9.044554138183593750e+01,2.690073204040527344e+01
-9.044747161865234375e+01,2.689839363098144531e+01
-9.044609069824218750e+01,2.689858055114746094e+01
-9.044713592529296875e+01,2.689967155456542969e+01
-9.043766784667968750e+01,2.689957046508789062e+01
-9.044630432128906250e+01,2.689865303039550781e+01
-9.044505310058593750e+01,2.689941787719726562e+01
-9.044712066650390625e+01,2.689942741394042969e+01
-9.044153594970703125e+01,2.689958763122558594e+01
-9.044570159912109375e+01,2.689682388305664062e+01
-9.044566345214843750e+01,2.689797210693359375e+01
-9.044541168212890625e+01,2.689945220947265625e+01
-9.044528198242187500e+01,2.689740180969238281e+01
-9.044388580322265625e+01,2.689950942993164062e+01
-9.044410705566406250e+01,2.689920425415039062e+01
-9.044500732421875000e+01,2.689834022521972656e+01
-9.044503784179687500e+01,2.689927864074707031e+01
-9.044296264648437500e+01,2.689980316162109375e+01
-9.044575500488281250e+01,2.689813613891601562e+01
-9.043882751464843750e+01,2.690001869201660156e+01
-9.044829559326171875e+01,2.689791107177734375e+01
-9.044403076171875000e+01,2.690017127990722656e+01
-9.044704437255859375e+01,2.689861679077148438e+01
-9.043980407714843750e+01,2.689819526672363281e+01
-9.043969726562500000e+01,2.689907455444335938e+01
-9.044567871093750000e+01,2.689899635314941406e+01
-9.044027709960937500e+01,2.689903831481933594e+01
-9.044178009033203125e+01,2.689926719665527344e+01
-9.044491577148437500e+01,2.690061378479003906e+01
-9.044273376464843750e+01,2.689899063110351562e+01
-9.044535827636718750e+01,2.689723777770996094e+01
-9.044602203369140625e+01,2.690010261535644531e+01
-9.044469451904296875e+01,2.689939689636230469e+01
-9.044562530517578125e+01,2.689829444885253906e+01
-9.044963836669921875e+01,2.689700889587402344e+01
-9.044372558593750000e+01,2.689723968505859375e+01
-9.044153594970703125e+01,2.689836311340332031e+01
-9.043951416015625000e+01,2.689947128295898438e+01
-9.044591522216796875e+01,2.689771080017089844e+01
-9.044402313232421875e+01,2.690073966979980469e+01
-9.044069671630859375e+01,2.689867210388183594e+01
-9.044782257080078125e+01,2.689841079711914062e+01
-9.044119262695312500e+01,2.689805412292480469e+01
-9.044001770019531250e+01,2.689842605590820312e+01
-9.044302368164062500e+01,2.689772224426269531e+01
-9.043848419189453125e+01,2.690030670166015625e+01
-9.044600677490234375e+01,2.689780235290527344e+01
-9.044633483886718750e+01,2.689841651916503906e+01
-9.044363403320312500e+01,2.689702224731445312e+01
-9.043968963623046875e+01,2.689844512939453125e+01
-9.044352722167968750e+01,2.689773368835449219e+01
-9.044775390625000000e+01,2.689761543273925781e+01
-9.044763946533203125e+01,2.689874649047851562e+01
-9.044556427001953125e+01,2.690037345886230469e+01
-9.044526672363281250e+01,2.689929771423339844e+01
-9.043836975097656250e+01,2.689957427978515625e+01
-9.044897460937500000e+01,2.689782142639160156e+01
-9.043886566162109375e+01,2.689906501770019531e+01
-9.043852233886718750e+01,2.689988517761230469e+01
-9.044611358642578125e+01,2.689822387695312500e+01
-9.044319152832031250e+01,2.689816474914550781e+01
-9.044264221191406250e+01,2.689949989318847656e+01
-9.044384002685546875e+01,2.689968490600585938e+01
-9.044583129882812500e+01,2.689712142944335938e+01
-9.044218444824218750e+01,2.689805603027343750e+01
-9.044068145751953125e+01,2.689910316467285156e+01
-9.044243621826171875e+01,2.690024948120117188e+01
-9.044628143310546875e+01,2.689953231811523438e+01
-9.044337463378906250e+01,2.689723777770996094e+01
-9.044735717773437500e+01,2.689824295043945312e+01
-9.044412231445312500e+01,2.689766883850097656e+01
-9.043973541259765625e+01,2.689835739135742188e+01
-9.044657897949218750e+01,2.689950180053710938e+01
-9.043983459472656250e+01,2.689816856384277344e+01
-9.043830108642578125e+01,2.689889526367187500e+01
-9.044500732421875000e+01,2.689933204650878906e+01
-9.044607543945312500e+01,2.690021514892578125e+01
-9.044148254394531250e+01,2.689847183227539062e+01
-9.044433593750000000e+01,2.689937591552734375e+01
-9.044518280029296875e+01,2.690091514587402344e+01
-9.044150543212890625e+01,2.689859008789062500e+01
-9.044528961181640625e+01,2.689821434020996094e+01
-9.044791412353515625e+01,2.689872360229492188e+01
-9.044137573242187500e+01,2.689811134338378906e+01
-9.044068145751953125e+01,2.689848518371582031e+01
-9.044456481933593750e+01,2.689896583557128906e+01
-9.044802856445312500e+01,2.689834976196289062e+01
-9.044303131103515625e+01,2.689910697937011719e+01
-9.044679260253906250e+01,2.689847946166992188e+01
-9.044158172607421875e+01,2.689884948730468750e+01
-9.044215393066406250e+01,2.689816284179687500e+01
-9.044124603271484375e+01,2.689912223815917969e+01
-9.044574737548828125e+01,2.689921951293945312e+01
-9.044760131835937500e+01,2.689913558959960938e+01
-9.043804168701171875e+01,2.689922523498535156e+01
-9.044693756103515625e+01,2.689971542358398438e+01
-9.044665527343750000e+01,2.689765167236328125e+01
-9.044563293457031250e+01,2.689828300476074219e+01
-9.044423675537109375e+01,2.689678573608398438e+01
-9.044405364990234375e+01,2.689725494384765625e+01
-9.044890594482421875e+01,2.689780807495117188e+01
-9.044116210937500000e+01,2.690037345886230469e+01
-9.044029998779296875e+01,2.689894485473632812e+01
-9.044333648681640625e+01,2.689808654785156250e+01
-9.044402313232421875e+01,2.690032386779785156e+01
-9.044889831542968750e+01,2.689782524108886719e+01
-9.044384765625000000e+01,2.689888381958007812e+01
-9.044448089599609375e+01,2.689729690551757812e+01
-9.044399261474609375e+01,2.690035057067871094e+01
-9.044681549072265625e+01,2.689873695373535156e+01
-9.044568634033203125e+01,2.690050315856933594e+01
-9.043923950195312500e+01,2.689998435974121094e+01
-9.044613647460937500e+01,2.689941024780273438e+01
-9.044235992431640625e+01,2.689799308776855469e+01
-9.044621276855468750e+01,2.689662361145019531e+01
-9.044705963134765625e+01,2.689918899536132812e+01
-9.044638824462890625e+01,2.690005874633789062e+01
-9.044940948486328125e+01,2.689711189270019531e+01
-9.044844055175781250e+01,2.689835739135742188e+01
-9.044525909423828125e+01,2.689849090576171875e+01
-9.044124603271484375e+01,2.689904785156250000e+01
-9.044596099853515625e+01,2.689659309387207031e+01
-9.043966674804687500e+01,2.689942741394042969e+01
-9.044068908691406250e+01,2.689801216125488281e+01
-9.044689941406250000e+01,2.689900016784667969e+01
-9.044509887695312500e+01,2.689956092834472656e+01
-9.044725036621093750e+01,2.689860725402832031e+01
-9.044545745849609375e+01,2.689891624450683594e+01
-9.044104766845703125e+01,2.689828681945800781e+01
-9.044429016113281250e+01,2.689785575866699219e+01
-9.044028472900390625e+01,2.689839553833007812e+01
-9.044406890869140625e+01,2.689707374572753906e+01
-9.044709014892578125e+01,2.689967918395996094e+01
-9.044010162353515625e+01,2.689821815490722656e+01
-9.043814849853515625e+01,2.689906311035156250e+01
-9.044347381591796875e+01,2.689817428588867188e+01
-9.043872833251953125e+01,2.689937210083007812e+01
-9.044542694091796875e+01,2.690035629272460938e+01
-9.044709014892578125e+01,2.689865303039550781e+01
-9.044545745849609375e+01,2.690010261535644531e+01
-9.043925476074218750e+01,2.689905548095703125e+01
-9.044595336914062500e+01,2.689785385131835938e+01
-9.044480133056640625e+01,2.689822769165039062e+01
-9.043997192382812500e+01,2.689895439147949219e+01
-9.044505310058593750e+01,2.689910697937011719e+01
-9.044636535644531250e+01,2.689841079711914062e+01
-9.044409179687500000e+01,2.689946365356445312e+01
-9.044888305664062500e+01,2.689732360839843750e+01
-9.044290161132812500e+01,2.689748764038085938e+01
-9.044484710693359375e+01,2.689656066894531250e+01
-9.044564819335937500e+01,2.689656257629394531e+01
-9.044155120849609375e+01,2.689859199523925781e+01
-9.044071197509765625e+01,2.689887619018554688e+01
-9.044386291503906250e+01,2.689845657348632812e+01
-9.044499206542968750e+01,2.689919662475585938e+01
-9.044660186767578125e+01,2.689829826354980469e+01
-9.044204711914062500e+01,2.689785575866699219e+01
-9.044363403320312500e+01,2.689846038818359375e+01
-9.043817901611328125e+01,2.689982414245605469e+01
-9.044878387451171875e+01,2.689795684814453125e+01
-9.044210815429687500e+01,2.689870452880859375e+01
-9.044582366943359375e+01,2.689859008789062500e+01
-9.044200134277343750e+01,2.689770889282226562e+01
-9.044448852539062500e+01,2.689767074584960938e+01
-9.044467163085937500e+01,2.689643859863281250e+01
-9.044408416748046875e+01,2.689807701110839844e+01
-9.044641113281250000e+01,2.689916801452636719e+01
-9.044371032714843750e+01,2.689867401123046875e+01
-9.044367218017578125e+01,2.689969253540039062e+01
-9.044409179687500000e+01,2.689948844909667969e+01
-9.044475555419921875e+01,2.689654159545898438e+01
-9.044535064697265625e+01,2.690033721923828125e+01
-9.044412994384765625e+01,2.689739227294921875e+01
-9.044486236572265625e+01,2.689839935302734375e+01
-9.044536590576171875e+01,2.690083312988281250e+01
-9.044288635253906250e+01,2.689740371704101562e+01
-9.043900299072265625e+01,2.689990234375000000e+01
-9.044599914550781250e+01,2.690054702758789062e+01
-9.044715881347656250e+01,2.689922332763671875e+01
-9.044495391845703125e+01,2.689667510986328125e+01
-9.043986511230468750e+01,2.689950942993164062e+01
-9.044270324707031250e+01,2.689729690551757812e+01
-9.044386291503906250e+01,2.689659690856933594e+01
-9.044280242919921875e+01,2.689717864990234375e+01
-9.044677734375000000e+01,2.689795494079589844e+01
-9.044406127929687500e+01,2.689918899536132812e+01
-9.044814300537109375e+01,2.689762306213378906e+01
-9.044190216064453125e+01,2.689912605285644531e+01
-9.044671630859375000e+01,2.689869880676269531e+01
-9.043948364257812500e+01,2.689915084838867188e+01
-9.044154357910156250e+01,2.690024948120117188e+01
-9.044031524658203125e+01,2.689858627319335938e+01
-9.044639587402343750e+01,2.689772033691406250e+01
-9.044339752197265625e+01,2.689990425109863281e+01
-9.044611358642578125e+01,2.689938926696777344e+01
-9.044413757324218750e+01,2.690010833740234375e+01
-9.044242858886718750e+01,2.689925193786621094e+01
-9.044291687011718750e+01,2.689844131469726562e+01
-9.044486236572265625e+01,2.689724540710449219e+01
-9.043941497802734375e+01,2.689853096008300781e+01
-9.044385528564453125e+01,2.689675903320312500e+01
-9.044564819335937500e+01,2.689818382263183594e+01
-9.044042968750000000e+01,2.689838218688964844e+01
-9.044661712646484375e+01,2.689917945861816406e+01
-9.044516754150390625e+01,2.689859199523925781e+01
-9.044468688964843750e+01,2.689666748046875000e+01
-9.044063568115234375e+01,2.689826965332031250e+01
-9.044097137451171875e+01,2.689834594726562500e+01
-9.043792724609375000e+01,2.689962959289550781e+01
-9.044430541992187500e+01,2.689859008789062500e+01
-9.044267272949218750e+01,2.689937973022460938e+01
-9.044533538818359375e+01,2.689646530151367188e+01
-9.044615173339843750e+01,2.689978599548339844e+01
-9.043896484375000000e+01,2.689865875244140625e+01
-9.044199371337890625e+01,2.689915275573730469e+01
-9.044472503662109375e+01,2.690017318725585938e+01
-9.044396972656250000e+01,2.690025520324707031e+01
-9.044421386718750000e+01,2.689803314208984375e+01
-9.044823455810546875e+01,2.689814376831054688e+01
-9.044522094726562500e+01,2.689665222167968750e+01
-9.044187927246093750e+01,2.689818382263183594e+01
-9.044560241699218750e+01,2.689943695068359375e+01
-9.044680023193359375e+01,2.689889335632324219e+01
-9.044670104980468750e+01,2.689936447143554688e+01
-9.044426727294921875e+01,2.689767265319824219e+01
-9.043858337402343750e+01,2.689944839477539062e+01
-9.044491577148437500e+01,2.689813613891601562e+01
-9.044513702392578125e+01,2.689900207519531250e+01
-9.044425964355468750e+01,2.689790153503417969e+01
-9.044485473632812500e+01,2.689771270751953125e+01
-9.044178009033203125e+01,2.690030860900878906e+01
-9.044921875000000000e+01,2.689704513549804688e+01
-9.044136047363281250e+01,2.689941787719726562e+01
-9.044280242919921875e+01,2.689869880676269531e+01
-9.044726562500000000e+01,2.689829826354980469e+01
-9.044366455078125000e+01,2.689780807495117188e+01
-9.044591522216796875e+01,2.689990043640136719e+01
-9.044621276855468750e+01,2.689938354492187500e+01
-9.044392395019531250e+01,2.689922523498535156e+01
-9.044651794433593750e+01,2.689813423156738281e+01
-9.044071960449218750e+01,2.689893341064453125e+01
-9.044337463378906250e+01,2.689944839477539062e+01
-9.044276428222656250e+01,2.689941406250000000e+01
-9.044625854492187500e+01,2.689881896972656250e+01
-9.044117736816406250e+01,2.689847946166992188e+01
-9.044533538818359375e+01,2.689885520935058594e+01
-9.044247436523437500e+01,2.690034484863281250e+01
-9.044571685791015625e+01,2.689930152893066406e+01
-9.043930816650390625e+01,2.689843750000000000e+01
-9.044864654541015625e+01,2.689732170104980469e+01
-9.044746398925781250e+01,2.689827728271484375e+01
-9.044785308837890625e+01,2.689845085144042969e+01
-9.044287109375000000e+01,2.689847946166992188e+01
-9.044595336914062500e+01,2.689857482910156250e+01
-9.044197082519531250e+01,2.689860534667968750e+01
-9.044387817382812500e+01,2.689846992492675781e+01
-9.043859863281250000e+01,2.689930725097656250e+01
-9.044663238525390625e+01,2.689708328247070312e+01
-9.044622039794921875e+01,2.689867210388183594e+01
-9.044587707519531250e+01,2.689982223510742188e+01
-9.044061279296875000e+01,2.689787673950195312e+01
-9.044809722900390625e+01,2.689797401428222656e+01
-9.044236755371093750e+01,2.689773559570312500e+01
-9.044848632812500000e+01,2.689761734008789062e+01
-9.043859863281250000e+01,2.690033340454101562e+01
-9.044409179687500000e+01,2.689984703063964844e+01
-9.044511413574218750e+01,2.690053939819335938e+01
-9.044065093994140625e+01,2.689846420288085938e+01
-9.044847869873046875e+01,2.689759635925292969e+01
-9.044466400146484375e+01,2.689810943603515625e+01
-9.043896484375000000e+01,2.689958381652832031e+01
-9.044298553466796875e+01,2.689906311035156250e+01
-9.044742584228515625e+01,2.689814949035644531e+01
-9.044615173339843750e+01,2.689947891235351562e+01
-9.044364166259765625e+01,2.690059852600097656e+01
-9.044921875000000000e+01,2.689745521545410156e+01
-9.044510650634765625e+01,2.689917564392089844e+01
-9.044383239746093750e+01,2.689884567260742188e+01
-9.044046020507812500e+01,2.689889335632324219e+01
-9.044469451904296875e+01,2.689726829528808594e+01
-9.044647979736328125e+01,2.689804267883300781e+01
-9.044580841064453125e+01,2.689731597900390625e+01
-9.044464111328125000e+01,2.689842033386230469e+01
-9.044337463378906250e+01,2.689947128295898438e+01
-9.044398498535156250e+01,2.689820289611816406e+01
-9.044210052490234375e+01,2.689894104003906250e+01
-9.044308471679687500e+01,2.689808845520019531e+01
-9.044583892822265625e+01,2.689846611022949219e+01
-9.044918060302734375e+01,2.689752197265625000e+01
-9.044869232177734375e+01,2.689779853820800781e+01
-9.044432067871093750e+01,2.689687919616699219e+01
-9.044892120361328125e+01,2.689758110046386719e+01
-9.043895721435546875e+01,2.689868164062500000e+01
-9.044556427001953125e+01,2.689828872680664062e+01
-9.044494628906250000e+01,2.690061759948730469e+01
-9.044355010986328125e+01,2.689921569824218750e+01
-9.044384765625000000e+01,2.689990997314453125e+01
-9.044615936279296875e+01,2.689984321594238281e+01
-9.044725799560546875e+01,2.689895439147949219e+01
-9.044410705566406250e+01,2.689942550659179688e+01
-9.044727325439453125e+01,2.689788818359375000e+01
-9.044094848632812500e+01,2.689791870117187500e+01
-9.044188690185546875e+01,2.689962577819824219e+01
-9.044432830810546875e+01,2.689718437194824219e+01
-9.044091796875000000e+01,2.689825820922851562e+01
-9.044619750976562500e+01,2.689911079406738281e+01
-9.044223022460937500e+01,2.689805603027343750e+01
-9.044666290283203125e+01,2.689779281616210938e+01
-9.044543457031250000e+01,2.689884757995605469e+01
-9.044569396972656250e+01,2.689762687683105469e+01
-9.044405364990234375e+01,2.689932060241699219e+01
-9.044501495361328125e+01,2.689664459228515625e+01
-9.044377899169921875e+01,2.689922714233398438e+01
-9.044519805908203125e+01,2.690063476562500000e+01
-9.043946838378906250e+01,2.689935493469238281e+01
-9.044647979736328125e+01,2.689735603332519531e+01
-9.044186401367187500e+01,2.690054130554199219e+01
-9.044770050048828125e+01,2.689906311035156250e+01
-9.044262695312500000e+01,2.689842224121093750e+01
-9.044110107421875000e+01,2.689819717407226562e+01
-9.044313049316406250e+01,2.689823913574218750e+01
-9.044360351562500000e+01,2.689692878723144531e+01
-9.044783020019531250e+01,2.689898300170898438e+01
-9.044626617431640625e+01,2.689696121215820312e+01
-9.044631195068359375e+01,2.689792823791503906e+01
-9.044252777099609375e+01,2.689895820617675781e+01
-9.044223022460937500e+01,2.689972496032714844e+01
-9.043914031982421875e+01,2.689895629882812500e+01
-9.044116973876953125e+01,2.689908981323242188e+01
-9.044878387451171875e+01,2.689798927307128906e+01
-9.044235992431640625e+01,2.689852714538574219e+01
-9.044622802734375000e+01,2.689722442626953125e+01
-9.044285583496093750e+01,2.690007972717285156e+01
-9.044484710693359375e+01,2.689675903320312500e+01
-9.043801879882812500e+01,2.689975929260253906e+01
-9.044668579101562500e+01,2.689970397949218750e+01
-9.044007110595703125e+01,2.689878845214843750e+01
-9.044735717773437500e+01,2.689817047119140625e+01
-9.044731903076171875e+01,2.689875030517578125e+01
-9.043844604492187500e+01,2.689873504638671875e+01
-9.044721221923828125e+01,2.689886283874511719e+01
-9.044057464599609375e+01,2.689899635314941406e+01
-9.044309234619140625e+01,2.689875602722167969e+01
-9.044549560546875000e+01,2.689694595336914062e+01
-9.044400787353515625e+01,2.689992141723632812e+01
-9.044444274902343750e+01,2.689916229248046875e+01
-9.044657135009765625e+01,2.689995193481445312e+01
-9.044526672363281250e+01,2.689921760559082031e+01
-9.044258880615234375e+01,2.689990806579589844e+01
-9.043948364257812500e+01,2.689850425720214844e+01
-9.044505310058593750e+01,2.689974212646484375e+01
-9.044121551513671875e+01,2.690005874633789062e+01
-9.044068908691406250e+01,2.689841651916503906e+01
-9.044663238525390625e+01,2.689838790893554688e+01
-9.044660949707031250e+01,2.689844512939453125e+01
-9.044782257080078125e+01,2.689768981933593750e+01
-9.044704437255859375e+01,2.689913368225097656e+01
-9.044216156005859375e+01,2.689961814880371094e+01
-9.044123840332031250e+01,2.690051078796386719e+01
-9.044554138183593750e+01,2.690052413940429688e+01
-9.044862365722656250e+01,2.689738273620605469e+01
-9.044036102294921875e+01,2.689911842346191406e+01
-9.044645690917968750e+01,2.689841651916503906e+01
-9.043904113769531250e+01,2.689926338195800781e+01
-9.043962097167968750e+01,2.689910507202148438e+01
-9.044315338134765625e+01,2.689721298217773438e+01
-9.044949340820312500e+01,2.689723968505859375e+01
-9.044750976562500000e+01,2.689786148071289062e+01
-9.044572448730468750e+01,2.689711952209472656e+01
-9.044449615478515625e+01,2.689835739135742188e+01
-9.044113922119140625e+01,2.690049743652343750e+01
-9.044809722900390625e+01,2.689786338806152344e+01
-9.044573974609375000e+01,2.689772415161132812e+01
-9.044490051269531250e+01,2.689935302734375000e+01
-9.044599151611328125e+01,2.690036392211914062e+01
-9.044867706298828125e+01,2.689817619323730469e+01
-9.044220733642578125e+01,2.689972496032714844e+01
-9.044696807861328125e+01,2.689850425720214844e+01
-9.044600677490234375e+01,2.689983177185058594e+01
-9.043778228759765625e+01,2.689932823181152344e+01
-9.044619750976562500e+01,2.689977073669433594e+01
-9.044257354736328125e+01,2.689865303039550781e+01
-9.044309997558593750e+01,2.689843368530273438e+01
-9.044290161132812500e+01,2.689803123474121094e+01
-9.044744110107421875e+01,2.689862823486328125e+01
-9.044495391845703125e+01,2.689655685424804688e+01
-9.044692993164062500e+01,2.689810562133789062e+01
-9.044462585449218750e+01,2.689703178405761719e+01
-9.044539642333984375e+01,2.689981460571289062e+01
-9.044889068603515625e+01,2.689725303649902344e+01
-9.044437408447265625e+01,2.689749717712402344e+01
-9.044327545166015625e+01,2.689904594421386719e+01
-9.044427490234375000e+01,2.689851951599121094e+01
-9.043858337402343750e+01,2.689998817443847656e+01
-9.044509124755859375e+01,2.689945983886718750e+01
-9.044522094726562500e+01,2.689918327331542969e+01
-9.044430541992187500e+01,2.689785957336425781e+01
-9.044557189941406250e+01,2.689793205261230469e+01
-9.044418334960937500e+01,2.689872741699218750e+01
-9.044651031494140625e+01,2.689766502380371094e+01
-9.044566345214843750e+01,2.690015602111816406e+01
-9.044160461425781250e+01,2.689868164062500000e+01
-9.044447326660156250e+01,2.689761734008789062e+01
-9.044035339355468750e+01,2.689840126037597656e+01
-9.044525909423828125e+01,2.689789581298828125e+01
-9.044712829589843750e+01,2.689839744567871094e+01
-9.044480133056640625e+01,2.689678382873535156e+01
-9.043749237060546875e+01,2.690023040771484375e+01
-9.044452667236328125e+01,2.689838027954101562e+01
-9.044342803955078125e+01,2.689959335327148438e+01
-9.044573211669921875e+01,2.690046310424804688e+01
-9.044402313232421875e+01,2.690015983581542969e+01
-9.044403076171875000e+01,2.689748191833496094e+01
-9.044084930419921875e+01,2.689797210693359375e+01
-9.044624328613281250e+01,2.689861869812011719e+01
-9.044378662109375000e+01,2.689705657958984375e+01
-9.044250488281250000e+01,2.689764404296875000e+01
-9.043846130371093750e+01,2.689870262145996094e+01
-9.044552612304687500e+01,2.689742851257324219e+01
-9.044422149658203125e+01,2.689923667907714844e+01
-9.043986511230468750e+01,2.689851379394531250e+01
-9.044240570068359375e+01,2.690008354187011719e+01
-9.044345092773437500e+01,2.689839935302734375e+01
-9.044564819335937500e+01,2.689748382568359375e+01
-9.044648742675781250e+01,2.689990043640136719e+01
-9.044636535644531250e+01,2.689748573303222656e+01
-9.044665527343750000e+01,2.689906883239746094e+01
-9.044435119628906250e+01,2.689775276184082031e+01
-9.044662475585937500e+01,2.689871597290039062e+01
-9.044659423828125000e+01,2.689995193481445312e+01
-9.044618988037109375e+01,2.689994812011718750e+01
-9.044516754150390625e+01,2.689803886413574219e+01
-9.044789123535156250e+01,2.689757537841796875e+01
-9.044480895996093750e+01,2.690007400512695312e+01
-9.044113159179687500e+01,2.689844131469726562e+01
-9.044571685791015625e+01,2.689720344543457031e+01
-9.043834686279296875e+01,2.689939308166503906e+01
-9.044188690185546875e+01,2.689918708801269531e+01
-9.044452667236328125e+01,2.689879608154296875e+01
-9.044271087646484375e+01,2.689738464355468750e+01
-9.044506835937500000e+01,2.689822769165039062e+01
-9.044285583496093750e+01,2.689776229858398438e+01
-9.043811798095703125e+01,2.690033721923828125e+01
-9.043926239013671875e+01,2.689973068237304688e+01
-9.043742370605468750e+01,2.690032005310058594e+01
-9.044121551513671875e+01,2.689774131774902344e+01
-9.043889617919921875e+01,2.689993667602539062e+01
-9.044319915771484375e+01,2.689955329895019531e+01
-9.044504547119140625e+01,2.689828109741210938e+01
-9.044116973876953125e+01,2.689961814880371094e+01
-9.044371795654296875e+01,2.689947128295898438e+01
-9.044119262695312500e+01,2.690047073364257812e+01
-9.044544982910156250e+01,2.689837074279785156e+01
-9.044174194335937500e+01,2.689947319030761719e+01
-9.043787384033203125e+01,2.689937591552734375e+01
-9.044503784179687500e+01,2.690013694763183594e+01
-9.044044494628906250e+01,2.689908409118652344e+01
-9.044535827636718750e+01,2.689767074584960938e+01
-9.044498443603515625e+01,2.690065956115722656e+01
-9.044382476806640625e+01,2.689928245544433594e+01
-9.044604492187500000e+01,2.689747619628906250e+01
-9.044123840332031250e+01,2.689879798889160156e+01
-9.044822692871093750e+01,2.689859771728515625e+01
-9.044116210937500000e+01,2.689783096313476562e+01
-9.044142150878906250e+01,2.689870262145996094e+01
-9.044433593750000000e+01,2.689676284790039062e+01
-9.044151306152343750e+01,2.689823913574218750e+01
-9.044512939453125000e+01,2.689713859558105469e+01
-9.044210052490234375e+01,2.689833259582519531e+01
-9.044889068603515625e+01,2.689790344238281250e+01
-9.044091033935546875e+01,2.689778709411621094e+01
-9.044293212890625000e+01,2.689803886413574219e+01
-9.044795989990234375e+01,2.689813804626464844e+01
-9.044709014892578125e+01,2.689935684204101562e+01
-9.044362640380859375e+01,2.689872169494628906e+01
-9.044498443603515625e+01,2.690024757385253906e+01
-9.044690704345703125e+01,2.689951324462890625e+01
-9.044487762451171875e+01,2.690025329589843750e+01
-9.044540405273437500e+01,2.689643859863281250e+01
-9.043898773193359375e+01,2.689912033081054688e+01
-9.043915557861328125e+01,2.689854240417480469e+01
-9.044715881347656250e+01,2.689892578125000000e+01
-9.044509124755859375e+01,2.689721679687500000e+01
-9.044318389892578125e+01,2.689844322204589844e+01
-9.043800354003906250e+01,2.690003395080566406e+01
-9.043965148925781250e+01,2.689881706237792969e+01
-9.044239807128906250e+01,2.689941787719726562e+01
-9.043782806396484375e+01,2.689990234375000000e+01
-9.044664764404296875e+01,2.689757156372070312e+01
-9.043865203857421875e+01,2.689892196655273438e+01
-9.044118499755859375e+01,2.689941978454589844e+01
-9.043849182128906250e+01,2.689879035949707031e+01
-9.043934631347656250e+01,2.689913749694824219e+01
-9.044862365722656250e+01,2.689755058288574219e+01
-9.044494628906250000e+01,2.689727783203125000e+01
-9.044115447998046875e+01,2.689837646484375000e+01
-9.044218444824218750e+01,2.689915466308593750e+01
-9.044358062744140625e+01,2.689762306213378906e+01
-9.044870758056640625e+01,2.689721679687500000e+01
-9.044189453125000000e+01,2.689823341369628906e+01
-9.044354248046875000e+01,2.689726829528808594e+01
-9.044509124755859375e+01,2.689901542663574219e+01
-9.044425964355468750e+01,2.689689636230468750e+01
-9.043841552734375000e+01,2.689997673034667969e+01
-9.044381713867187500e+01,2.689798545837402344e+01
-9.044192504882812500e+01,2.689920043945312500e+01
-9.044117736816406250e+01,2.689763069152832031e+01
-9.044348144531250000e+01,2.689810562133789062e+01
-9.044670867919921875e+01,2.689970779418945312e+01
-9.044406890869140625e+01,2.689760971069335938e+01
-9.044377899169921875e+01,2.690003204345703125e+01
-9.044065856933593750e+01,2.689798545837402344e+01
-9.044631195068359375e+01,2.690000724792480469e+01
-9.043750762939453125e+01,2.690006256103515625e+01
-9.044701385498046875e+01,2.689873123168945312e+01
-9.044207000732421875e+01,2.689916992187500000e+01
-9.044741821289062500e+01,2.689885139465332031e+01
-9.044227600097656250e+01,2.690008354187011719e+01
-9.044764709472656250e+01,2.689755058288574219e+01
-9.044489288330078125e+01,2.689740562438964844e+01
-9.043827056884765625e+01,2.689945411682128906e+01
-9.044642639160156250e+01,2.690002822875976562e+01
-9.043757629394531250e+01,2.690013122558593750e+01
-9.044734954833984375e+01,2.689780807495117188e+01
-9.044308471679687500e+01,2.689949989318847656e+01
-9.044892120361328125e+01,2.689773750305175781e+01
-9.044159698486328125e+01,2.690004730224609375e+01
-9.044402313232421875e+01,2.689876747131347656e+01
-9.044666290283203125e+01,2.689858245849609375e+01
-9.044766235351562500e+01,2.689773941040039062e+01
-9.044007110595703125e+01,2.689828491210937500e+01
-9.043804931640625000e+01,2.690011596679687500e+01
-9.044470214843750000e+01,2.689720344543457031e+01
-9.043989562988281250e+01,2.689922714233398438e+01
-9.043798065185546875e+01,2.689916229248046875e+01
-9.043877410888671875e+01,2.689962768554687500e+01
-9.044523620605468750e+01,2.689954376220703125e+01
-9.044869232177734375e+01,2.689757347106933594e+01
-9.044187927246093750e+01,2.689935302734375000e+01
-9.044464111328125000e+01,2.689887619018554688e+01
-9.044416046142578125e+01,2.689668846130371094e+01
-9.044503021240234375e+01,2.689938354492187500e+01
-9.044774627685546875e+01,2.689768791198730469e+01
-9.043939971923828125e+01,2.689896392822265625e+01
-9.044447326660156250e+01,2.689965438842773438e+01
-9.043772888183593750e+01,2.689938926696777344e+01
-9.043901062011718750e+01,2.689914321899414062e+01
-9.044580841064453125e+01,2.690005683898925781e+01
-9.044524383544921875e+01,2.689717292785644531e+01
-9.044770050048828125e+01,2.689757156372070312e+01
-9.044677734375000000e+01,2.689790725708007812e+01
-9.044676208496093750e+01,2.690001487731933594e+01
-9.044720458984375000e+01,2.689817619323730469e+01
-9.043989562988281250e+01,2.689933586120605469e+01
-9.044792938232421875e+01,2.689882278442382812e+01
-9.044129943847656250e+01,2.689919281005859375e+01
-9.044736480712890625e+01,2.689884567260742188e+01
-9.044577789306640625e+01,2.689676856994628906e+01
-9.044034576416015625e+01,2.689820098876953125e+01
-9.044437408447265625e+01,2.690077209472656250e+01
-9.044536590576171875e+01,2.689702415466308594e+01
-9.044360351562500000e+01,2.689734840393066406e+01
-9.044419860839843750e+01,2.690082168579101562e+01
-9.044563293457031250e+01,2.689877128601074219e+01
-9.044371795654296875e+01,2.689768600463867188e+01
-9.044009399414062500e+01,2.689844322204589844e+01
-9.044120025634765625e+01,2.690064430236816406e+01
-9.044152069091796875e+01,2.690036773681640625e+01
-9.044506072998046875e+01,2.689895248413085938e+01
-9.044764709472656250e+01,2.689764022827148438e+01
-9.044441986083984375e+01,2.690056228637695312e+01
-9.044594573974609375e+01,2.689874267578125000e+01
-9.043934631347656250e+01,2.689896774291992188e+01
-9.044384002685546875e+01,2.689913749694824219e+01
-9.044149017333984375e+01,2.689803314208984375e+01
-9.043922424316406250e+01,2.689906501770019531e+01
-9.044401550292968750e+01,2.689817619323730469e+01
-9.043834686279296875e+01,2.690004730224609375e+01
-9.044020080566406250e+01,2.689913558959960938e+01
-9.044621276855468750e+01,2.689741897583007812e+01
-9.044871520996093750e+01,2.689789199829101562e+01
-9.044827270507812500e+01,2.689831924438476562e+01
-9.043975830078125000e+01,2.689842033386230469e+01
-9.044469451904296875e+01,2.689658355712890625e+01
-9.044641876220703125e+01,2.689940071105957031e+01
-9.044570159912109375e+01,2.689755439758300781e+01
-9.043773651123046875e+01,2.689980888366699219e+01
-9.044441986083984375e+01,2.690018272399902344e+01
-9.044293212890625000e+01,2.689845848083496094e+01
-9.044625091552734375e+01,2.689904975891113281e+01
-9.044255065917968750e+01,2.689985084533691406e+01
-9.044140625000000000e+01,2.690061950683593750e+01
-9.044332122802734375e+01,2.689939117431640625e+01
-9.044391632080078125e+01,2.690057182312011719e+01
-9.044160461425781250e+01,2.689999198913574219e+01
-9.043922424316406250e+01,2.689951133728027344e+01
-9.044321441650390625e+01,2.689913558959960938e+01
-9.044796752929687500e+01,2.689785575866699219e+01
-9.044458007812500000e+01,2.689832878112792969e+01
-9.043920898437500000e+01,2.689924240112304688e+01
-9.044690704345703125e+01,2.689924049377441406e+01
-9.044345855712890625e+01,2.689743232727050781e+01
-9.044815063476562500e+01,2.689836883544921875e+01
-9.044635772705078125e+01,2.689743232727050781e+01
-9.044298553466796875e+01,2.689711189270019531e+01
-9.044427490234375000e+01,2.689797210693359375e+01
-9.044456481933593750e+01,2.689957618713378906e+01
-9.044260406494140625e+01,2.689930152893066406e+01
-9.044841003417968750e+01,2.689743614196777344e+01
-9.044259643554687500e+01,2.689826774597167969e+01
-9.044559478759765625e+01,2.689810371398925781e+01
-9.044125366210937500e+01,2.689781188964843750e+01
-9.044257354736328125e+01,2.689964103698730469e+01
-9.044355010986328125e+01,2.689675140380859375e+01
-9.044315338134765625e+01,2.689706611633300781e+01
-9.043819427490234375e+01,2.690008163452148438e+01
-9.044650268554687500e+01,2.689906692504882812e+01
-9.044757843017578125e+01,2.689822006225585938e+01
-9.044403839111328125e+01,2.689934158325195312e+01
-9.043860626220703125e+01,2.689935111999511719e+01
-9.044630432128906250e+01,2.689750480651855469e+01
-9.044870758056640625e+01,2.689811134338378906e+01
-9.044636535644531250e+01,2.690028953552246094e+01
-9.044146728515625000e+01,2.689957046508789062e+01
-9.044431304931640625e+01,2.689658164978027344e+01
-9.044560241699218750e+01,2.689870834350585938e+01
-9.044510650634765625e+01,2.689884757995605469e+01
-9.044569396972656250e+01,2.689697456359863281e+01
-9.044252014160156250e+01,2.689959335327148438e+01
-9.044326019287109375e+01,2.689751052856445312e+01
-9.044378662109375000e+01,2.689901542663574219e+01
-9.044525146484375000e+01,2.689745521545410156e+01
-9.044599151611328125e+01,2.689816856384277344e+01
-9.043879699707031250e+01,2.689971351623535156e+01
-9.044208526611328125e+01,2.690018844604492188e+01
-9.043864440917968750e+01,2.689959335327148438e+01
-9.043823242187500000e+01,2.690011787414550781e+01
-9.044395446777343750e+01,2.689960479736328125e+01
-9.044019317626953125e+01,2.689865303039550781e+01
-9.044354248046875000e+01,2.689920043945312500e+01
-9.044235229492187500e+01,2.689812469482421875e+01
-9.044486236572265625e+01,2.689827346801757812e+01
-9.044544982910156250e+01,2.689914703369140625e+01
-9.044142150878906250e+01,2.690021324157714844e+01
-9.044142150878906250e+01,2.689857482910156250e+01
-9.044814300537109375e+01,2.689757347106933594e+01
-9.044126129150390625e+01,2.689995956420898438e+01
-9.044942474365234375e+01,2.689707565307617188e+01
-9.044540405273437500e+01,2.689882469177246094e+01
-9.044531250000000000e+01,2.689803123474121094e+01
-9.043782043457031250e+01,2.689960670471191406e+01
-9.044256591796875000e+01,2.689759635925292969e+01
-9.044342803955078125e+01,2.689716720581054688e+01
-9.044780731201171875e+01,2.689873695373535156e+01
-9.044771575927734375e+01,2.689861488342285156e+01
-9.044589996337890625e+01,2.689688110351562500e+01
-9.044397735595703125e+01,2.689645957946777344e+01
-9.044558715820312500e+01,2.689689254760742188e+01
-9.044915771484375000e+01,2.689751815795898438e+01
-9.044363403320312500e+01,2.689805221557617188e+01
-9.044093322753906250e+01,2.689891052246093750e+01
-9.044373321533203125e+01,2.689975357055664062e+01
-9.044631958007812500e+01,2.689949607849121094e+01
-9.044072723388671875e+01,2.689814376831054688e+01
-9.044835662841796875e+01,2.689845657348632812e+01
-9.044382476806640625e+01,2.689682006835937500e+01
-9.043971252441406250e+01,2.689890670776367188e+01
-9.044544219970703125e+01,2.690015029907226562e+01
-9.044439697265625000e+01,2.689958000183105469e+01
-9.044302368164062500e+01,2.689888191223144531e+01
-9.044311523437500000e+01,2.689717292785644531e+01
-9.044504547119140625e+01,2.689886856079101562e+01
-9.044502258300781250e+01,2.689786911010742188e+01
-9.043768310546875000e+01,2.689928245544433594e+01
-9.044427490234375000e+01,2.689782714843750000e+01
-9.043840026855468750e+01,2.689880752563476562e+01
-9.044722747802734375e+01,2.689867973327636719e+01
-9.044676208496093750e+01,2.689990615844726562e+01
-9.044638061523437500e+01,2.689675712585449219e+01
-9.044291687011718750e+01,2.689878082275390625e+01
-9.044643402099609375e+01,2.689698028564453125e+01
-9.044896697998046875e+01,2.689776229858398438e+01
-9.044536590576171875e+01,2.689722633361816406e+01
-9.044388580322265625e+01,2.689735603332519531e+01
-9.044619750976562500e+01,2.689990615844726562e+01
-9.044075012207031250e+01,2.689878463745117188e+01
-9.044461059570312500e+01,2.689925956726074219e+01
-9.044599914550781250e+01,2.689690208435058594e+01
-9.044649505615234375e+01,2.689825630187988281e+01
-9.044377899169921875e+01,2.689674377441406250e+01
-9.044297027587890625e+01,2.689726257324218750e+01
-9.044126892089843750e+01,2.690033721923828125e+01
-9.044280242919921875e+01,2.689979171752929688e+01
-9.044438171386718750e+01,2.690068054199218750e+01
-9.044390106201171875e+01,2.690034484863281250e+01
-9.043921661376953125e+01,2.689931678771972656e+01
-9.044621276855468750e+01,2.689894485473632812e+01
-9.044908142089843750e+01,2.689764022827148438e+01
-9.044723510742187500e+01,2.689860916137695312e+01
-9.044857025146484375e+01,2.689748191833496094e+01
-9.044044494628906250e+01,2.689916801452636719e+01
-9.044308471679687500e+01,2.689969635009765625e+01
-9.044468688964843750e+01,2.689908599853515625e+01
-9.044363403320312500e+01,2.689865303039550781e+01
-9.044189453125000000e+01,2.689857864379882812e+01
-9.044240570068359375e+01,2.689853858947753906e+01
-9.044311523437500000e+01,2.689710426330566406e+01
-9.044444274902343750e+01,2.689882087707519531e+01
-9.044380187988281250e+01,2.690057563781738281e+01
-9.044507598876953125e+01,2.689994430541992188e+01
-9.044382476806640625e+01,2.689766502380371094e+01
-9.044004058837890625e+01,2.689825248718261719e+01
-9.043991851806640625e+01,2.689945602416992188e+01
-9.044489288330078125e+01,2.689853477478027344e+01
-9.044545745849609375e+01,2.689785194396972656e+01
-9.044763946533203125e+01,2.689808082580566406e+01
-9.044112396240234375e+01,2.689893531799316406e+01
-9.044480133056640625e+01,2.689706611633300781e+01
-9.044667053222656250e+01,2.689925765991210938e+01
-9.044554138183593750e+01,2.689801216125488281e+01
-9.044244384765625000e+01,2.689982795715332031e+01
-9.044448852539062500e+01,2.689780998229980469e+01
-9.044135284423828125e+01,2.689832878112792969e+01
-9.044185638427734375e+01,2.689983749389648438e+01
-9.044478607177734375e+01,2.689874076843261719e+01
-9.044661712646484375e+01,2.689735412597656250e+01
-9.044396209716796875e+01,2.689716339111328125e+01
-9.044893646240234375e+01,2.689774703979492188e+01
-9.044860076904296875e+01,2.689758872985839844e+01
-9.044889831542968750e+01,2.689746284484863281e+01
-9.043866729736328125e+01,2.690005111694335938e+01
-9.044327545166015625e+01,2.689885330200195312e+01
-9.044432067871093750e+01,2.689889335632324219e+01
-9.044681549072265625e+01,2.689997863769531250e+01
-9.044102478027343750e+01,2.689778137207031250e+01
-9.044716644287109375e+01,2.689941978454589844e+01
-9.044091796875000000e+01,2.689847183227539062e+01
-9.043898773193359375e+01,2.689919090270996094e+01
-9.044599914550781250e+01,2.689698982238769531e+01
-9.044422149658203125e+01,2.689770507812500000e+01
-9.043839263916015625e+01,2.689924049377441406e+01
-9.044335174560546875e+01,2.689899063110351562e+01
-9.044416046142578125e+01,2.689931678771972656e+01
-9.044562530517578125e+01,2.690067291259765625e+01
-9.043840789794921875e+01,2.689902114868164062e+01
-9.044255828857421875e+01,2.689929008483886719e+01
-9.043869781494140625e+01,2.689974021911621094e+01
-9.044792175292968750e+01,2.689850616455078125e+01
-9.044487762451171875e+01,2.690090560913085938e+01
-9.044272613525390625e+01,2.689835739135742188e+01
-9.044480895996093750e+01,2.690068054199218750e+01
-9.044643402099609375e+01,2.689971160888671875e+01
-9.044468688964843750e+01,2.689773750305175781e+01
-9.044560241699218750e+01,2.689837837219238281e+01
-9.044611358642578125e+01,2.690030860900878906e+01
-9.044175720214843750e+01,2.689835548400878906e+01
-9.044483947753906250e+01,2.689996910095214844e+01
-9.044488525390625000e+01,2.689668273925781250e+01
-9.044602203369140625e+01,2.689754295349121094e+01
-9.044121551513671875e+01,2.689873313903808594e+01
-9.043967437744140625e+01,2.689843940734863281e+01
-9.044532012939453125e+01,2.689660835266113281e+01
-9.044873809814453125e+01,2.689758682250976562e+01
-9.044486236572265625e+01,2.689949035644531250e+01
-9.044064331054687500e+01,2.689863204956054688e+01
-9.044617462158203125e+01,2.689731979370117188e+01
-9.044572448730468750e+01,2.689695930480957031e+01
-9.044573211669921875e+01,2.689671516418457031e+01
-9.044644165039062500e+01,2.690009117126464844e+01
-9.044428253173828125e+01,2.689874076843261719e+01
-9.044197845458984375e+01,2.689893913269042969e+01
-9.044257354736328125e+01,2.689845466613769531e+01
-9.044792175292968750e+01,2.689767646789550781e+01
-9.044268798828125000e+01,2.689880943298339844e+01
-9.044106292724609375e+01,2.689807510375976562e+01
-9.044575500488281250e+01,2.689747428894042969e+01
-9.044558715820312500e+01,2.689925765991210938e+01
-9.044275665283203125e+01,2.689745330810546875e+01
-9.044285583496093750e+01,2.689837646484375000e+01
-9.044702148437500000e+01,2.689819145202636719e+01
-9.044311523437500000e+01,2.689741134643554688e+01
-9.044407653808593750e+01,2.689891242980957031e+01
-9.044132232666015625e+01,2.690053749084472656e+01
-9.044620513916015625e+01,2.689895057678222656e+01
-9.044052124023437500e+01,2.689805984497070312e+01
-9.044420623779296875e+01,2.689782524108886719e+01
-9.044365692138671875e+01,2.689945602416992188e+01
-9.044618225097656250e+01,2.689902305603027344e+01
-9.044078063964843750e+01,2.689906883239746094e+01
-9.044448852539062500e+01,2.690013313293457031e+01
-9.044871520996093750e+01,2.689784812927246094e+01
-9.044162750244140625e+01,2.689957618713378906e+01
-9.043783569335937500e+01,2.689986228942871094e+01
-9.044804382324218750e+01,2.689780044555664062e+01
-9.044503021240234375e+01,2.689908981323242188e+01
-9.044337463378906250e+01,2.689922714233398438e+01
-9.044250488281250000e+01,2.689783477783203125e+01
-9.044436645507812500e+01,2.689672660827636719e+01
-9.044612121582031250e+01,2.690015792846679688e+01
-9.043769836425781250e+01,2.689962387084960938e+01
-9.044655609130859375e+01,2.689822769165039062e+01
-9.044261932373046875e+01,2.689889526367187500e+01
-9.044374084472656250e+01,2.689929771423339844e+01
-9.044349670410156250e+01,2.689817047119140625e+01
-9.044799041748046875e+01,2.689891242980957031e+01
-9.044146728515625000e+01,2.689967346191406250e+01
-9.044431304931640625e+01,2.690024948120117188e+01
-9.044309234619140625e+01,2.689781570434570312e+01
-9.044252014160156250e+01,2.689809989929199219e+01
-9.044650268554687500e+01,2.689714431762695312e+01
-9.044023895263671875e+01,2.689899063110351562e+01
-9.044632720947265625e+01,2.689808464050292969e+01
-9.044029998779296875e+01,2.689870643615722656e+01
-9.044616699218750000e+01,2.689715385437011719e+01
-9.044493103027343750e+01,2.689620590209960938e+01
-9.044187164306640625e+01,2.689959716796875000e+01
-9.044486999511718750e+01,2.690079116821289062e+01
-9.044853210449218750e+01,2.689812088012695312e+01
-9.044215393066406250e+01,2.689859771728515625e+01
-9.044617462158203125e+01,2.689738845825195312e+01
-9.044665527343750000e+01,2.689916038513183594e+01
-9.044245147705078125e+01,2.689854431152343750e+01
-9.044412994384765625e+01,2.689778137207031250e+01
-9.044371795654296875e+01,2.689997291564941406e+01
-9.044208526611328125e+01,2.689870452880859375e+01
-9.044417572021484375e+01,2.689756774902343750e+01
-9.043752288818359375e+01,2.689990425109863281e+01
-9.044687652587890625e+01,2.689838600158691406e+01
-9.044695281982421875e+01,2.689847373962402344e+01
-9.044644165039062500e+01,2.689889907836914062e+01
-9.044577789306640625e+01,2.689988899230957031e+01
-9.044484710693359375e+01,2.689852333068847656e+01
-9.044503784179687500e+01,2.689898872375488281e+01
-9.044551086425781250e+01,2.689725112915039062e+01
-9.044338989257812500e+01,2.689863014221191406e+01
-9.044186401367187500e+01,2.689803123474121094e+01
-9.044351959228515625e+01,2.689713287353515625e+01
-9.044469451904296875e+01,2.689680099487304688e+01
-9.043878173828125000e+01,2.689916419982910156e+01
-9.044631958007812500e+01,2.690022659301757812e+01
-9.044518280029296875e+01,2.689999580383300781e+01
-9.044523620605468750e+01,2.689982223510742188e+01
-9.044211578369140625e+01,2.689786529541015625e+01
-9.044230651855468750e+01,2.690030670166015625e+01
-9.044912719726562500e+01,2.689736175537109375e+01
-9.044410705566406250e+01,2.689885902404785156e+01
-9.043865203857421875e+01,2.689903259277343750e+01
-9.044332122802734375e+01,2.689773368835449219e+01
-9.044729614257812500e+01,2.689948463439941406e+01
-9.044013214111328125e+01,2.689941787719726562e+01
-9.044122314453125000e+01,2.689832687377929688e+01
-9.044809722900390625e+01,2.689769744873046875e+01
-9.044593048095703125e+01,2.689910507202148438e+01
-9.044515991210937500e+01,2.690038299560546875e+01
-9.044462585449218750e+01,2.689725685119628906e+01
-9.044443511962890625e+01,2.689740180969238281e+01
-9.044199371337890625e+01,2.689839935302734375e+01
-9.044033050537109375e+01,2.689857482910156250e+01
-9.044242858886718750e+01,2.689941215515136719e+01
-9.043923187255859375e+01,2.689946365356445312e+01
-9.044182586669921875e+01,2.689927673339843750e+01
-9.043990325927734375e+01,2.689936637878417969e+01
-9.044602203369140625e+01,2.689984130859375000e+01
-9.044638061523437500e+01,2.689881515502929688e+01
-9.043839263916015625e+01,2.689977645874023438e+01
-9.044664001464843750e+01,2.689849853515625000e+01
-9.044786834716796875e+01,2.689801216125488281e+01
-9.044533538818359375e+01,2.689935111999511719e+01
-9.044542694091796875e+01,2.689908981323242188e+01
-9.044389343261718750e+01,2.689865684509277344e+01
-9.044677734375000000e+01,2.689885139465332031e+01
-9.044239807128906250e+01,2.689744758605957031e+01
-9.044329833984375000e+01,2.689982032775878906e+01
-9.044403839111328125e+01,2.690084838867187500e+01
-9.044307708740234375e+01,2.689859771728515625e+01
-9.044345092773437500e+01,2.689835548400878906e+01
-9.044499206542968750e+01,2.689997863769531250e+01
-9.044026184082031250e+01,2.689920234680175781e+01
-9.044113159179687500e+01,2.689907836914062500e+01
-9.043896484375000000e+01,2.689941978454589844e+01
-9.044578552246093750e+01,2.689923286437988281e+01
-9.044219970703125000e+01,2.689916419982910156e+01
-9.044354248046875000e+01,2.689741134643554688e+01
-9.043906402587890625e+01,2.689875030517578125e+01
-9.044457244873046875e+01,2.689816665649414062e+01
-9.044876098632812500e+01,2.689717292785644531e+01
-9.044290161132812500e+01,2.689963912963867188e+01
-9.043888092041015625e+01,2.689970207214355469e+01
-9.044384002685546875e+01,2.689779472351074219e+01
-9.044633483886718750e+01,2.689871978759765625e+01
-9.043938446044921875e+01,2.689938354492187500e+01
-9.044338989257812500e+01,2.689842987060546875e+01
-9.044692993164062500e+01,2.689829444885253906e+01
-9.043981933593750000e+01,2.689820480346679688e+01
-9.043952941894531250e+01,2.689889907836914062e+01
-9.044030761718750000e+01,2.689877319335937500e+01
-9.044290161132812500e+01,2.689754295349121094e+01
-9.044569396972656250e+01,2.689717483520507812e+01
-9.044549560546875000e+01,2.689990425109863281e+01
-9.043877410888671875e+01,2.690023422241210938e+01
-9.044114685058593750e+01,2.690044212341308594e+01
-9.044517517089843750e+01,2.690011215209960938e+01
-9.044285583496093750e+01,2.689806556701660156e+01
-9.044656372070312500e+01,2.689872932434082031e+01
-9.044495391845703125e+01,2.690016746520996094e+01
-9.044663238525390625e+01,2.689889717102050781e+01
-9.044183349609375000e+01,2.689974594116210938e+01
-9.044255828857421875e+01,2.689997673034667969e+01
-9.044756317138671875e+01,2.689830398559570312e+01
-9.043800354003906250e+01,2.690032005310058594e+01
-9.044573211669921875e+01,2.689940261840820312e+01
-9.044638061523437500e+01,2.690013694763183594e+01
-9.044640350341796875e+01,2.689911079406738281e+01
-9.044407653808593750e+01,2.689692497253417969e+01
-9.044358062744140625e+01,2.689975738525390625e+01
-9.044226074218750000e+01,2.689785194396972656e+01
-9.044501495361328125e+01,2.689829063415527344e+01
-9.044284820556640625e+01,2.689973449707031250e+01
-9.044554901123046875e+01,2.689674186706542969e+01
-9.044174194335937500e+01,2.689847755432128906e+01
-9.044515991210937500e+01,2.689705276489257812e+01
-9.044836425781250000e+01,2.689844322204589844e+01
-9.043996429443359375e+01,2.689936828613281250e+01
-9.044213867187500000e+01,2.689764022827148438e+01
-9.044033050537109375e+01,2.689819526672363281e+01
-9.044538116455078125e+01,2.689730834960937500e+01
-9.044687652587890625e+01,2.689842987060546875e+01
-9.044421386718750000e+01,2.689738845825195312e+01
-9.044640350341796875e+01,2.689933776855468750e+01
-9.044676971435546875e+01,2.689997863769531250e+01
-9.043901824951171875e+01,2.689961051940917969e+01
-9.044580078125000000e+01,2.690022659301757812e+01
-9.044539642333984375e+01,2.689661407470703125e+01
-9.043972778320312500e+01,2.689850997924804688e+01
-9.044568634033203125e+01,2.689706993103027344e+01
-9.044013977050781250e+01,2.689885139465332031e+01
-9.043780517578125000e+01,2.689918327331542969e+01
-9.044429016113281250e+01,2.689978027343750000e+01
-9.044220733642578125e+01,2.689871406555175781e+01
-9.044304656982421875e+01,2.689867401123046875e+01
-9.043845367431640625e+01,2.689951515197753906e+01
-9.044771575927734375e+01,2.689871025085449219e+01
-9.044329833984375000e+01,2.689904022216796875e+01
-9.044606781005859375e+01,2.689666366577148438e+01
-9.044525146484375000e+01,2.690027236938476562e+01
-9.044437408447265625e+01,2.689971160888671875e+01
-9.044659423828125000e+01,2.689707374572753906e+01
-9.044409942626953125e+01,2.689843750000000000e+01
-9.044611358642578125e+01,2.689664268493652344e+01
-9.044556427001953125e+01,2.689891815185546875e+01
-9.044596099853515625e+01,2.689775848388671875e+01
-9.043878173828125000e+01,2.689961814880371094e+01
-9.044377899169921875e+01,2.690003395080566406e+01
-9.044680786132812500e+01,2.689793777465820312e+01
-9.044372558593750000e+01,2.690019226074218750e+01
-9.044419097900390625e+01,2.689788627624511719e+01
-9.044429016113281250e+01,2.689733695983886719e+01
-9.044382476806640625e+01,2.689940452575683594e+01
-9.043888854980468750e+01,2.690014266967773438e+01
-9.044507598876953125e+01,2.689745712280273438e+01
-9.044531250000000000e+01,2.689669799804687500e+01
-9.044416046142578125e+01,2.689937973022460938e+01
-9.044401550292968750e+01,2.689943695068359375e+01
-9.044612884521484375e+01,2.689844894409179688e+01
-9.044282531738281250e+01,2.689949798583984375e+01
-9.043814849853515625e+01,2.689953613281250000e+01
-9.044613647460937500e+01,2.689832878112792969e+01
-9.044714355468750000e+01,2.689937782287597656e+01
-9.044625091552734375e+01,2.689726638793945312e+01
-9.044622802734375000e+01,2.689885711669921875e+01
-9.044590759277343750e+01,2.689894676208496094e+01
-9.043956756591796875e+01,2.689936256408691406e+01
-9.044634246826171875e+01,2.689855957031250000e+01
-9.044783020019531250e+01,2.689794731140136719e+01
-9.044406890869140625e+01,2.689865303039550781e+01
-9.044746398925781250e+01,2.689905548095703125e+01
-9.044697570800781250e+01,2.689948272705078125e+01
-9.044542694091796875e+01,2.689828491210937500e+01
-9.044570922851562500e+01,2.690000343322753906e+01
-9.043962860107421875e+01,2.689882278442382812e+01
-9.044619750976562500e+01,2.689674758911132812e+01
-9.044648742675781250e+01,2.690000343322753906e+01
-9.044622802734375000e+01,2.689735221862792969e+01
-9.044461059570312500e+01,2.689896965026855469e+01
-9.044185638427734375e+01,2.690022659301757812e+01
-9.043863677978515625e+01,2.690020751953125000e+01
-9.044433593750000000e+01,2.690037727355957031e+01
-9.044097137451171875e+01,2.689871978759765625e+01
-9.044634246826171875e+01,2.689769744873046875e+01
-9.044576263427734375e+01,2.689665985107421875e+01
-9.044723510742187500e+01,2.689781570434570312e+01
-9.044514465332031250e+01,2.689872741699218750e+01
-9.044535064697265625e+01,2.690010643005371094e+01
-9.043892669677734375e+01,2.689919853210449219e+01
-9.044348907470703125e+01,2.689789581298828125e+01
-9.044457244873046875e+01,2.689755439758300781e+01
-9.044389343261718750e+01,2.690092658996582031e+01
-9.044374084472656250e+01,2.689662742614746094e+01
-9.044442749023437500e+01,2.689923286437988281e+01
-9.044291687011718750e+01,2.689718055725097656e+01
-9.044213867187500000e+01,2.689863967895507812e+01
-9.044476318359375000e+01,2.689690589904785156e+01
-9.044368743896484375e+01,2.690060234069824219e+01
-9.044508361816406250e+01,2.689783859252929688e+01
-9.044068908691406250e+01,2.689916992187500000e+01
-9.044626617431640625e+01,2.689883422851562500e+01
-9.044538116455078125e+01,2.689739799499511719e+01
-9.043754577636718750e+01,2.690006256103515625e+01
-9.044133758544921875e+01,2.689900588989257812e+01
-9.044652557373046875e+01,2.689754867553710938e+01
-9.044610595703125000e+01,2.689969635009765625e+01
-9.044600677490234375e+01,2.689965057373046875e+01
-9.044024658203125000e+01,2.689939498901367188e+01
-9.044695281982421875e+01,2.689897346496582031e+01
-9.044207763671875000e+01,2.690032768249511719e+01
-9.044122314453125000e+01,2.689844131469726562e+01
-9.043913269042968750e+01,2.689983940124511719e+01
-9.044458007812500000e+01,2.689657974243164062e+01
-9.044139099121093750e+01,2.689983749389648438e+01
-9.044121551513671875e+01,2.689901924133300781e+01
-9.044563293457031250e+01,2.689731979370117188e+01
-9.044770050048828125e+01,2.689880752563476562e+01
-9.044540405273437500e+01,2.690039825439453125e+01
-9.044435119628906250e+01,2.689898300170898438e+01
-9.044402313232421875e+01,2.689719772338867188e+01
-9.044577026367187500e+01,2.689730453491210938e+01
-9.044503784179687500e+01,2.690027999877929688e+01
-9.044532775878906250e+01,2.689740371704101562e+01
-9.044772338867187500e+01,2.689838218688964844e+01
-9.044486236572265625e+01,2.689644241333007812e+01
-9.044541168212890625e+01,2.690081214904785156e+01
-9.044480895996093750e+01,2.689939308166503906e+01
-9.044570159912109375e+01,2.689859771728515625e+01
-9.044598388671875000e+01,2.689873695373535156e+01
-9.044238281250000000e+01,2.689779281616210938e+01
-9.044438934326171875e+01,2.689764595031738281e+01
-9.043794250488281250e+01,2.689971542358398438e+01
-9.044453430175781250e+01,2.689664840698242188e+01
-9.044263458251953125e+01,2.689795875549316406e+01
-9.043844604492187500e+01,2.690028190612792969e+01
-9.044820404052734375e+01,2.689798164367675781e+01
-9.044227600097656250e+01,2.689823722839355469e+01
-9.044482421875000000e+01,2.690084838867187500e+01
-9.043740844726562500e+01,2.690002822875976562e+01
-9.043822479248046875e+01,2.689970588684082031e+01
-9.044218444824218750e+01,2.689871597290039062e+01
-9.044602203369140625e+01,2.689814567565917969e+01
-9.044591522216796875e+01,2.689906120300292969e+01
-9.043820953369140625e+01,2.689966583251953125e+01
-9.044844818115234375e+01,2.689790916442871094e+01
-9.044502258300781250e+01,2.689918518066406250e+01
-9.044178771972656250e+01,2.689839363098144531e+01
-9.044398498535156250e+01,2.689657783508300781e+01
-9.044368743896484375e+01,2.689944458007812500e+01
-9.044503784179687500e+01,2.689943885803222656e+01
-9.044651794433593750e+01,2.690002441406250000e+01
-9.044570159912109375e+01,2.689798927307128906e+01
-9.044631958007812500e+01,2.689784049987792969e+01
-9.044410705566406250e+01,2.690053939819335938e+01
-9.044501495361328125e+01,2.689658164978027344e+01
-9.044385528564453125e+01,2.689682579040527344e+01
-9.043917083740234375e+01,2.689987182617187500e+01
-9.044292449951171875e+01,2.689943695068359375e+01
-9.043901824951171875e+01,2.689915466308593750e+01
-9.044808197021484375e+01,2.689819526672363281e+01
-9.044311523437500000e+01,2.689980506896972656e+01
-9.043808746337890625e+01,2.689913940429687500e+01
-9.044327545166015625e+01,2.689968872070312500e+01
-9.044580078125000000e+01,2.689758300781250000e+01
-9.044372558593750000e+01,2.689795303344726562e+01
-9.044342041015625000e+01,2.689873504638671875e+01
-9.044456481933593750e+01,2.689860343933105469e+01
-9.043784332275390625e+01,2.690019226074218750e+01
-9.043997955322265625e+01,2.689917373657226562e+01
-9.044605255126953125e+01,2.689924240112304688e+01
-9.044241333007812500e+01,2.689758491516113281e+01
-9.044166564941406250e+01,2.689920616149902344e+01
-9.044515991210937500e+01,2.689916038513183594e+01
-9.044519042968750000e+01,2.689657974243164062e+01
-9.044528961181640625e+01,2.689735794067382812e+01
-9.043968200683593750e+01,2.689879608154296875e+01
-9.043869018554687500e+01,2.689916992187500000e+01
-9.044473266601562500e+01,2.689939308166503906e+01
-9.044691467285156250e+01,2.689939880371093750e+01
-9.044686126708984375e+01,2.689916038513183594e+01
-9.044416046142578125e+01,2.690067100524902344e+01
-9.044636535644531250e+01,2.689863204956054688e+01
-9.044468688964843750e+01,2.689788627624511719e+01
-9.044252014160156250e+01,2.689890670776367188e+01
-9.044856262207031250e+01,2.689725494384765625e+01
-9.044367980957031250e+01,2.689771652221679688e+01
-9.044054412841796875e+01,2.689923286437988281e+01
-9.044519042968750000e+01,2.689690399169921875e+01
-9.044192504882812500e+01,2.689945411682128906e+01
-9.044515228271484375e+01,2.690037155151367188e+01
-9.044257354736328125e+01,2.689819145202636719e+01
-9.043898010253906250e+01,2.689885330200195312e+01
-9.044902801513671875e+01,2.689760208129882812e+01
-9.044621276855468750e+01,2.689995574951171875e+01
-9.044104766845703125e+01,2.689913749694824219e+01
-9.044181060791015625e+01,2.689929199218750000e+01
-9.044541168212890625e+01,2.689703750610351562e+01
-9.043754577636718750e+01,2.690004539489746094e+01
-9.044312286376953125e+01,2.689813613891601562e+01
-9.044236755371093750e+01,2.689904403686523438e+01
-9.044336700439453125e+01,2.689723205566406250e+01
-9.043931579589843750e+01,2.689963340759277344e+01
-9.044410705566406250e+01,2.689912605285644531e+01
-9.044593811035156250e+01,2.689786911010742188e+01
-9.044539642333984375e+01,2.689946556091308594e+01
-9.044448852539062500e+01,2.689848136901855469e+01
-9.044867706298828125e+01,2.689750480651855469e+01
-9.043914794921875000e+01,2.689929962158203125e+01
-9.044005584716796875e+01,2.689860534667968750e+01
-9.044552612304687500e+01,2.689994430541992188e+01
-9.043791961669921875e+01,2.689960861206054688e+01
-9.044492340087890625e+01,2.689656257629394531e+01
-9.044316101074218750e+01,2.689846420288085938e+01
-9.044326019287109375e+01,2.689738655090332031e+01
-9.044670867919921875e+01,2.689900779724121094e+01
-9.043866729736328125e+01,2.690023040771484375e+01
-9.044772338867187500e+01,2.689818191528320312e+01
-9.044207000732421875e+01,2.690036010742187500e+01
-9.044901275634765625e+01,2.689701080322265625e+01
-9.044671630859375000e+01,2.689817810058593750e+01
-9.044468688964843750e+01,2.689919090270996094e+01
-9.044431304931640625e+01,2.690028762817382812e+01
-9.044534301757812500e+01,2.689845848083496094e+01
-9.044058227539062500e+01,2.689803314208984375e+01
-9.044630432128906250e+01,2.689958953857421875e+01
-9.044351959228515625e+01,2.689896202087402344e+01
-9.044591522216796875e+01,2.689853096008300781e+01
-9.044638061523437500e+01,2.689937973022460938e+01
-9.044670104980468750e+01,2.689819908142089844e+01
-9.043756103515625000e+01,2.690015411376953125e+01
-9.044538116455078125e+01,2.690012741088867188e+01
-9.044488525390625000e+01,2.689616394042968750e+01
-9.044126892089843750e+01,2.689760589599609375e+01
-9.044518280029296875e+01,2.689677429199218750e+01
-9.044356536865234375e+01,2.689684295654296875e+01
-9.044877624511718750e+01,2.689722633361816406e+01
-9.044741821289062500e+01,2.689856529235839844e+01
-9.044757843017578125e+01,2.689874458312988281e+01
-9.044567871093750000e+01,2.689802932739257812e+01
-9.044517517089843750e+01,2.689958572387695312e+01
-9.044412231445312500e+01,2.689938545227050781e+01
-9.044034576416015625e+01,2.689812278747558594e+01
-9.044701385498046875e+01,2.689826393127441406e+01
-9.044141387939453125e+01,2.689863967895507812e+01
-9.044301605224609375e+01,2.689796447753906250e+01
-9.044277191162109375e+01,2.689845466613769531e+01
-9.043761444091796875e+01,2.690005683898925781e+01
-9.044480895996093750e+01,2.689926147460937500e+01
-9.044354248046875000e+01,2.689976119995117188e+01
-9.044176483154296875e+01,2.689843750000000000e+01
-9.044741821289062500e+01,2.689897537231445312e+01
-9.044406890869140625e+01,2.689785194396972656e+01
-9.044487762451171875e+01,2.689867210388183594e+01
-9.043907165527343750e+01,2.689876937866210938e+01
-9.044433593750000000e+01,2.689728927612304688e+01
-9.044165802001953125e+01,2.689912414550781250e+01
-9.044170379638671875e+01,2.689822578430175781e+01
-9.044472503662109375e+01,2.689977836608886719e+01
-9.044369506835937500e+01,2.689995193481445312e+01
-9.043974304199218750e+01,2.689823341369628906e+01
-9.044573974609375000e+01,2.689733695983886719e+01
-9.044895172119140625e+01,2.689768028259277344e+01
-9.044519042968750000e+01,2.689981842041015625e+01
-9.044623565673828125e+01,2.690007400512695312e+01
-9.044311523437500000e+01,2.689728355407714844e+01
-9.044515228271484375e+01,2.689741516113281250e+01
-9.044322204589843750e+01,2.689887237548828125e+01
-9.044712829589843750e+01,2.689958190917968750e+01
-9.044429779052734375e+01,2.689921569824218750e+01
-9.044548034667968750e+01,2.689650917053222656e+01
-9.044596099853515625e+01,2.689879417419433594e+01
-9.043938446044921875e+01,2.689924240112304688e+01
-9.044289398193359375e+01,2.689937591552734375e+01
-9.044565582275390625e+01,2.690012741088867188e+01
-9.044548034667968750e+01,2.689916992187500000e+01
-9.044254302978515625e+01,2.689988136291503906e+01
-9.044667053222656250e+01,2.689795303344726562e+01
-9.044470977783203125e+01,2.689906501770019531e+01
-9.044171905517578125e+01,2.689830017089843750e+01
-9.043950653076171875e+01,2.689957809448242188e+01
-9.044610595703125000e+01,2.689801216125488281e+01
-9.044252014160156250e+01,2.689892005920410156e+01
-9.044422912597656250e+01,2.689931678771972656e+01
-9.044499969482421875e+01,2.689892578125000000e+01
-9.044538116455078125e+01,2.689740753173828125e+01
-9.044917297363281250e+01,2.689733886718750000e+01
-9.044806671142578125e+01,2.689800071716308594e+01
-9.044378662109375000e+01,2.690054893493652344e+01
-9.043830871582031250e+01,2.690003776550292969e+01
-9.044675445556640625e+01,2.689860725402832031e+01
-9.044253540039062500e+01,2.689989852905273438e+01
-9.044522857666015625e+01,2.689918136596679688e+01
-9.044071197509765625e+01,2.689847183227539062e+01
-9.044654083251953125e+01,2.689792251586914062e+01
-9.044532775878906250e+01,2.690014266967773438e+01
-9.044526672363281250e+01,2.690043449401855469e+01
-9.043882751464843750e+01,2.689870452880859375e+01
-9.044148254394531250e+01,2.689915657043457031e+01
-9.044600677490234375e+01,2.689789772033691406e+01
-9.044077301025390625e+01,2.689912796020507812e+01
-9.043929290771484375e+01,2.689870071411132812e+01
-9.044252777099609375e+01,2.690032958984375000e+01
-9.044358062744140625e+01,2.689779663085937500e+01
-9.044756317138671875e+01,2.689811134338378906e+01
-9.044387054443359375e+01,2.690077018737792969e+01
-9.044225311279296875e+01,2.689997100830078125e+01
-9.044393157958984375e+01,2.690011024475097656e+01
-9.043989562988281250e+01,2.689880371093750000e+01
-9.044385528564453125e+01,2.689954566955566406e+01
-9.044202423095703125e+01,2.689937400817871094e+01
-9.043795776367187500e+01,2.689974784851074219e+01
-9.044390869140625000e+01,2.689968872070312500e+01
-9.044259643554687500e+01,2.689900588989257812e+01
-9.044506072998046875e+01,2.690093040466308594e+01
-9.044480133056640625e+01,2.689870643615722656e+01
-9.044098663330078125e+01,2.689805412292480469e+01
-9.044373321533203125e+01,2.690011024475097656e+01
-9.044137573242187500e+01,2.689882278442382812e+01
-9.044668579101562500e+01,2.689818382263183594e+01
-9.044607543945312500e+01,2.689953422546386719e+01
-9.044411468505859375e+01,2.690060234069824219e+01
-9.044329071044921875e+01,2.689694023132324219e+01
-9.044847869873046875e+01,2.689746284484863281e+01
-9.044703674316406250e+01,2.689793777465820312e+01
-9.044534301757812500e+01,2.689743614196777344e+01
-9.043836975097656250e+01,2.689995956420898438e+01
-9.044219207763671875e+01,2.689932060241699219e+01
-9.044554138183593750e+01,2.689681053161621094e+01
-9.044199371337890625e+01,2.689832305908203125e+01
-9.044097137451171875e+01,2.689783096313476562e+01
-9.043946075439453125e+01,2.689900207519531250e+01
-9.044149780273437500e+01,2.690038299560546875e+01
-9.044045257568359375e+01,2.689920234680175781e+01
-9.044638061523437500e+01,2.689940071105957031e+01
-9.044476318359375000e+01,2.689649009704589844e+01
-9.043805694580078125e+01,2.690000915527343750e+01
-9.044552612304687500e+01,2.689903259277343750e+01
-9.044452667236328125e+01,2.690077018737792969e+01
-9.044676971435546875e+01,2.689673805236816406e+01
-9.044728088378906250e+01,2.689782524108886719e+01
-9.044147491455078125e+01,2.690020751953125000e+01
-9.043774414062500000e+01,2.689969062805175781e+01
-9.044136810302734375e+01,2.689911270141601562e+01
-9.044607543945312500e+01,2.689891815185546875e+01
-9.044416809082031250e+01,2.689662933349609375e+01
-9.044191741943359375e+01,2.689985466003417969e+01
-9.044868469238281250e+01,2.689735412597656250e+01
-9.044772338867187500e+01,2.689797592163085938e+01
-9.044223785400390625e+01,2.689763641357421875e+01
-9.043899536132812500e+01,2.689867591857910156e+01
-9.044914245605468750e+01,2.689765357971191406e+01
-9.044327545166015625e+01,2.689759254455566406e+01
-9.044201660156250000e+01,2.690039825439453125e+01
-9.043872070312500000e+01,2.689878463745117188e+01
-9.044408416748046875e+01,2.689837646484375000e+01
-9.043942260742187500e+01,2.689910125732421875e+01
-9.044672393798828125e+01,2.689681243896484375e+01
-9.043984222412109375e+01,2.689947128295898438e+01
-9.044736480712890625e+01,2.689920043945312500e+01
-9.044623565673828125e+01,2.689747238159179688e+01
-9.044671630859375000e+01,2.689956665039062500e+01
-9.044706726074218750e+01,2.689910697937011719e+01
-9.044198608398437500e+01,2.689909934997558594e+01
-9.044178771972656250e+01,2.689943122863769531e+01
-9.044212341308593750e+01,2.689899253845214844e+01
-9.044578552246093750e+01,2.689756584167480469e+01
-9.044590759277343750e+01,2.689901542663574219e+01
-9.044120788574218750e+01,2.689834403991699219e+01
-9.044626617431640625e+01,2.689773941040039062e+01
-9.044676971435546875e+01,2.689905166625976562e+01
-9.044521331787109375e+01,2.689748573303222656e+01
-9.044452667236328125e+01,2.689942359924316406e+01
-9.044257354736328125e+01,2.689904022216796875e+01
-9.044299316406250000e+01,2.689739418029785156e+01
-9.044803619384765625e+01,2.689842224121093750e+01
-9.043981170654296875e+01,2.689886856079101562e+01
-9.044176483154296875e+01,2.689843559265136719e+01
-9.044739532470703125e+01,2.689792251586914062e+01
-9.044551086425781250e+01,2.690007209777832031e+01
-9.044396209716796875e+01,2.689973258972167969e+01
-9.044143676757812500e+01,2.690042114257812500e+01
-9.044386291503906250e+01,2.690018653869628906e+01
-9.044638824462890625e+01,2.689921951293945312e+01
-9.044458770751953125e+01,2.689982414245605469e+01
-9.044228363037109375e+01,2.689902687072753906e+01
-9.044358062744140625e+01,2.689778327941894531e+01
-9.043923950195312500e+01,2.689880561828613281e+01
-9.044635772705078125e+01,2.690009689331054688e+01
-9.044029998779296875e+01,2.689792823791503906e+01
-9.044894409179687500e+01,2.689719390869140625e+01
-9.043908691406250000e+01,2.689946365356445312e+01
-9.044827270507812500e+01,2.689756584167480469e+01
-9.044663238525390625e+01,2.689767265319824219e+01
-9.044479370117187500e+01,2.690068817138671875e+01
-9.044398498535156250e+01,2.689724349975585938e+01
-9.044563293457031250e+01,2.689792823791503906e+01
-9.043811035156250000e+01,2.689938163757324219e+01
-9.044603729248046875e+01,2.689825439453125000e+01
-9.043928527832031250e+01,2.689986038208007812e+01
-9.044613647460937500e+01,2.689712524414062500e+01
-9.044522094726562500e+01,2.689977455139160156e+01
-9.044071197509765625e+01,2.689874076843261719e+01
-9.044601440429687500e+01,2.689709854125976562e+01
-9.044145965576171875e+01,2.689829826354980469e+01
-9.044384765625000000e+01,2.689965629577636719e+01
-9.044821929931640625e+01,2.689742088317871094e+01
-9.044509887695312500e+01,2.689870071411132812e+01
-9.044538879394531250e+01,2.690086936950683594e+01
-9.044380187988281250e+01,2.689925575256347656e+01
-9.043829345703125000e+01,2.689983367919921875e+01
-9.044911956787109375e+01,2.689752197265625000e+01
-9.044124603271484375e+01,2.689813232421875000e+01
-9.043848419189453125e+01,2.689910507202148438e+01
-9.044540405273437500e+01,2.689872169494628906e+01
-9.044536590576171875e+01,2.689687538146972656e+01
-9.044007873535156250e+01,2.689931488037109375e+01
-9.044711303710937500e+01,2.689835357666015625e+01
-9.044520568847656250e+01,2.689972686767578125e+01
-9.044143676757812500e+01,2.689884948730468750e+01
-9.044549560546875000e+01,2.690080070495605469e+01
-9.044400787353515625e+01,2.689718627929687500e+01
-9.043960571289062500e+01,2.689900398254394531e+01
-9.044486999511718750e+01,2.689689064025878906e+01
-9.044263458251953125e+01,2.689824485778808594e+01
-9.044522094726562500e+01,2.690081787109375000e+01
-9.044242095947265625e+01,2.689993858337402344e+01
-9.044587707519531250e+01,2.689945030212402344e+01
-9.044574737548828125e+01,2.689733505249023438e+01
-9.044316864013671875e+01,2.689784812927246094e+01
-9.044625854492187500e+01,2.689968109130859375e+01
-9.044554901123046875e+01,2.689893722534179688e+01
-9.044828796386718750e+01,2.689767837524414062e+01
-9.044712066650390625e+01,2.689788055419921875e+01
-9.044358825683593750e+01,2.689982223510742188e+01
-9.044321441650390625e+01,2.689797401428222656e+01
-9.044602966308593750e+01,2.689792633056640625e+01
-9.044458770751953125e+01,2.689732933044433594e+01
-9.044419097900390625e+01,2.689893341064453125e+01
-9.044349670410156250e+01,2.689743804931640625e+01
-9.044735717773437500e+01,2.689861106872558594e+01
-9.044543457031250000e+01,2.689723968505859375e+01
-9.043902587890625000e+01,2.689938354492187500e+01
-9.043775939941406250e+01,2.689974403381347656e+01
-9.043923187255859375e+01,2.689969062805175781e+01
-9.044889068603515625e+01,2.689698791503906250e+01
-9.044151306152343750e+01,2.690014648437500000e+01
-9.044478607177734375e+01,2.689974212646484375e+01
-9.044660186767578125e+01,2.689859771728515625e+01
-9.044399261474609375e+01,2.689729690551757812e+01
-9.043835449218750000e+01,2.689978599548339844e+01
-9.044661712646484375e+01,2.689695549011230469e+01
-9.044641876220703125e+01,2.689691543579101562e+01
-9.044054412841796875e+01,2.689860534667968750e+01
-9.044397735595703125e+01,2.689893341064453125e+01
-9.044748687744140625e+01,2.689901733398437500e+01
-9.044799041748046875e+01,2.689837455749511719e+01
-9.044386291503906250e+01,2.689804649353027344e+01
-9.044431304931640625e+01,2.689945983886718750e+01
-9.044724273681640625e+01,2.689879035949707031e+01
-9.044380187988281250e+01,2.689800643920898438e+01
-9.044514465332031250e+01,2.689661979675292969e+01
-9.044371032714843750e+01,2.689799118041992188e+01
-9.043882751464843750e+01,2.689962577819824219e+01
-9.044815063476562500e+01,2.689752006530761719e+01
-9.044344329833984375e+01,2.689830970764160156e+01
-9.044639587402343750e+01,2.689851760864257812e+01
-9.044277954101562500e+01,2.689855766296386719e+01
-9.044524383544921875e+01,2.689695167541503906e+01
-9.044421386718750000e+01,2.690059280395507812e+01
-9.044612121582031250e+01,2.689797401428222656e+01
-9.044663238525390625e+01,2.689825630187988281e+01
-9.044657897949218750e+01,2.689827728271484375e+01
-9.044874572753906250e+01,2.689726638793945312e+01
-9.044433593750000000e+01,2.689809989929199219e+01
-9.044301605224609375e+01,2.689712333679199219e+01
-9.044056701660156250e+01,2.689924621582031250e+01
-9.044300079345703125e+01,2.689856719970703125e+01
-9.044414520263671875e+01,2.689810752868652344e+01
-9.043757629394531250e+01,2.690012741088867188e+01
-9.044599914550781250e+01,2.689710235595703125e+01
-9.044392395019531250e+01,2.689664459228515625e+01
-9.044409179687500000e+01,2.689737510681152344e+01
-9.043808746337890625e+01,2.689944839477539062e+01
-9.044438934326171875e+01,2.689709663391113281e+01
-9.044415283203125000e+01,2.689739227294921875e+01
-9.044181823730468750e+01,2.689973831176757812e+01
-9.044598388671875000e+01,2.689822196960449219e+01
-9.044618225097656250e+01,2.689925765991210938e+01
-9.044093322753906250e+01,2.689807510375976562e+01
-9.044423675537109375e+01,2.689790725708007812e+01
-9.044039916992187500e+01,2.689789962768554688e+01
-9.044400024414062500e+01,2.690001678466796875e+01
-9.044604492187500000e+01,2.689721488952636719e+01
-9.044417572021484375e+01,2.689732170104980469e+01
-9.044234466552734375e+01,2.689875221252441406e+01
-9.044770050048828125e+01,2.689888572692871094e+01
-9.044412231445312500e+01,2.690043449401855469e+01
-9.044503021240234375e+01,2.690018844604492188e+01
-9.044342803955078125e+01,2.689698410034179688e+01
-9.044184112548828125e+01,2.689794540405273438e+01
-9.044104003906250000e+01,2.689840888977050781e+01
-9.044026184082031250e+01,2.689816665649414062e+01
-9.044865417480468750e+01,2.689744758605957031e+01
-9.044039916992187500e+01,2.689880561828613281e+01
-9.044730377197265625e+01,2.689939117431640625e+01
-9.044470214843750000e+01,2.689622306823730469e+01
-9.044873809814453125e+01,2.689749717712402344e+01
-9.044245147705078125e+01,2.689926910400390625e+01
-9.044779968261718750e+01,2.689908981323242188e+01
-9.044661712646484375e+01,2.689919662475585938e+01
-9.044352722167968750e+01,2.689980888366699219e+01
-9.044133758544921875e+01,2.689999389648437500e+01
-9.044627380371093750e+01,2.689659500122070312e+01
-9.044348144531250000e+01,2.689947700500488281e+01
-9.044116210937500000e+01,2.689884567260742188e+01
-9.044452667236328125e+01,2.689823150634765625e+01
-9.044306945800781250e+01,2.689757728576660156e+01
-9.043798065185546875e+01,2.689982986450195312e+01
-9.044592285156250000e+01,2.689990997314453125e+01
-9.044711303710937500e+01,2.689924240112304688e+01
-9.044212341308593750e+01,2.690000915527343750e+01
-9.044572448730468750e+01,2.689822769165039062e+01
-9.044636535644531250e+01,2.689907073974609375e+01
-9.043799591064453125e+01,2.689943313598632812e+01
-9.044483184814453125e+01,2.690046119689941406e+01
-9.044054412841796875e+01,2.689910888671875000e+01
-9.044556427001953125e+01,2.689687347412109375e+01
-9.044393157958984375e+01,2.689982795715332031e+01
-9.044435882568359375e+01,2.689967918395996094e+01
-9.044468688964843750e+01,2.689750289916992188e+01
-9.044388580322265625e+01,2.689786911010742188e+01
-9.043833160400390625e+01,2.689963340759277344e+01
-9.044296264648437500e+01,2.689904594421386719e+01
-9.044614410400390625e+01,2.689682006835937500e+01
-9.044406890869140625e+01,2.689953804016113281e+01
-9.043904113769531250e+01,2.689881324768066406e+01
-9.044853973388671875e+01,2.689814186096191406e+01
-9.043911743164062500e+01,2.689925003051757812e+01
-9.044350433349609375e+01,2.689792442321777344e+01
-9.043968200683593750e+01,2.689929199218750000e+01
-9.044570159912109375e+01,2.689834403991699219e+01
-9.044235229492187500e+01,2.690023803710937500e+01
-9.044384765625000000e+01,2.689824867248535156e+01
-9.044581604003906250e+01,2.689889907836914062e+01
-9.044390106201171875e+01,2.689908027648925781e+01
-9.044442749023437500e+01,2.689781951904296875e+01
-9.044472503662109375e+01,2.689842987060546875e+01
-9.044023895263671875e+01,2.689814567565917969e+01
-9.044749450683593750e+01,2.689867973327636719e+01
-9.044363403320312500e+01,2.690062713623046875e+01
-9.043843841552734375e+01,2.689936637878417969e+01
-9.044425201416015625e+01,2.689891433715820312e+01
-9.044157409667968750e+01,2.689900207519531250e+01
-9.044564056396484375e+01,2.689726448059082031e+01
-9.044475555419921875e+01,2.689745140075683594e+01
-9.044619750976562500e+01,2.689668273925781250e+01
-9.044407653808593750e+01,2.689716148376464844e+01
-9.044136047363281250e+01,2.690002632141113281e+01
-9.044625091552734375e+01,2.689988517761230469e+01
-9.044329071044921875e+01,2.689778518676757812e+01
-9.044258117675781250e+01,2.689738655090332031e+01
-9.044232177734375000e+01,2.689824676513671875e+01
-9.044409942626953125e+01,2.689691925048828125e+01
-9.044329071044921875e+01,2.689927673339843750e+01
-9.044490051269531250e+01,2.689818382263183594e+01
-9.044395446777343750e+01,2.689730644226074219e+01
-9.043958282470703125e+01,2.689933586120605469e+01
-9.044727325439453125e+01,2.689828872680664062e+01
-9.044014739990234375e+01,2.689908027648925781e+01
-9.044597625732421875e+01,2.689931488037109375e+01
-9.044714355468750000e+01,2.689947319030761719e+01
-9.044593048095703125e+01,2.690025138854980469e+01
-9.043933868408203125e+01,2.689919853210449219e+01
-9.043847656250000000e+01,2.689894485473632812e+01
-9.044633483886718750e+01,2.689781761169433594e+01
-9.044541168212890625e+01,2.690005493164062500e+01
-9.044245910644531250e+01,2.689876937866210938e+01
-9.044078063964843750e+01,2.689814376831054688e+01
-9.044073486328125000e+01,2.689863204956054688e+01
-9.044731903076171875e+01,2.689827537536621094e+01
-9.044193267822265625e+01,2.689935111999511719e+01
-9.044895172119140625e+01,2.689734077453613281e+01
-9.044181823730468750e+01,2.689819908142089844e+01
-9.044760131835937500e+01,2.689804840087890625e+01
-9.044448852539062500e+01,2.689910507202148438e+01
-9.044055175781250000e+01,2.689820861816406250e+01
-9.044130706787109375e+01,2.689815521240234375e+01
-9.044546508789062500e+01,2.689729309082031250e+01
-9.044458770751953125e+01,2.689652252197265625e+01
-9.044862365722656250e+01,2.689829254150390625e+01
-9.044432067871093750e+01,2.689770889282226562e+01
-9.044726562500000000e+01,2.689914512634277344e+01
-9.044655609130859375e+01,2.689907073974609375e+01
-9.044313812255859375e+01,2.690001487731933594e+01
-9.044225311279296875e+01,2.689951896667480469e+01
-9.044125366210937500e+01,2.689886283874511719e+01
-9.044147491455078125e+01,2.689968681335449219e+01
-9.044154357910156250e+01,2.690030860900878906e+01
-9.043841552734375000e+01,2.689971351623535156e+01
-9.044712066650390625e+01,2.689929389953613281e+01
-9.044083404541015625e+01,2.689871406555175781e+01
-9.044738006591796875e+01,2.689937782287597656e+01
-9.043917083740234375e+01,2.689954376220703125e+01
-9.044111633300781250e+01,2.689962959289550781e+01
-9.044285583496093750e+01,2.689734840393066406e+01
-9.044645690917968750e+01,2.689739227294921875e+01
-9.044551086425781250e+01,2.689698028564453125e+01
-9.044728851318359375e+01,2.689788436889648438e+01
-9.044629669189453125e+01,2.689719963073730469e+01
-9.044423675537109375e+01,2.690067481994628906e+01
-9.044071960449218750e+01,2.689812850952148438e+01
-9.044453430175781250e+01,2.689780998229980469e+01
-9.043953704833984375e+01,2.689849472045898438e+01
-9.044536590576171875e+01,2.689654541015625000e+01
-9.044849395751953125e+01,2.689774703979492188e+01
-9.044513702392578125e+01,2.689707183837890625e+01
-9.044150543212890625e+01,2.690032005310058594e+01
-9.044486999511718750e+01,2.689958381652832031e+01
-9.044806671142578125e+01,2.689768409729003906e+01
-9.044087219238281250e+01,2.689812850952148438e+01
-9.044602966308593750e+01,2.689851570129394531e+01
-9.043954467773437500e+01,2.689857101440429688e+01
-9.044257354736328125e+01,2.689869499206542969e+01
-9.044514465332031250e+01,2.689768600463867188e+01
-9.044064331054687500e+01,2.689824485778808594e+01
-9.044398498535156250e+01,2.689723205566406250e+01
-9.043978881835937500e+01,2.689875221252441406e+01
-9.044154357910156250e+01,2.689809608459472656e+01
-9.044034576416015625e+01,2.689817237854003906e+01
-9.043856048583984375e+01,2.689933395385742188e+01
-9.044738006591796875e+01,2.689816856384277344e+01
-9.044175720214843750e+01,2.689830017089843750e+01
-9.043765258789062500e+01,2.689933204650878906e+01
-9.044701385498046875e+01,2.689888572692871094e+01
-9.044302368164062500e+01,2.689992904663085938e+01
-9.044306945800781250e+01,2.689889335632324219e+01
-9.044658660888671875e+01,2.689777183532714844e+01
-9.044615173339843750e+01,2.689888000488281250e+01
-9.044339752197265625e+01,2.689980888366699219e+01
-9.044275665283203125e+01,2.689937782287597656e+01
-9.044490814208984375e+01,2.690007781982421875e+01
-9.044632720947265625e+01,2.689836311340332031e+01
-9.044665527343750000e+01,2.689795112609863281e+01
-9.044176483154296875e+01,2.690023422241210938e+01
-9.044023895263671875e+01,2.689858627319335938e+01
-9.044875335693359375e+01,2.689759063720703125e+01
-9.044573211669921875e+01,2.689797401428222656e+01
-9.044390106201171875e+01,2.689891815185546875e+01
-9.044061279296875000e+01,2.689849281311035156e+01
-9.044050598144531250e+01,2.689835929870605469e+01
-9.044590759277343750e+01,2.689904785156250000e+01
-9.044646453857421875e+01,2.689986801147460938e+01
-9.044301605224609375e+01,2.689760398864746094e+01
-9.043819427490234375e+01,2.690006446838378906e+01
-9.044573211669921875e+01,2.689815139770507812e+01
-9.044440460205078125e+01,2.689844703674316406e+01
-9.044811248779296875e+01,2.689867019653320312e+01
-9.044302368164062500e+01,2.689979171752929688e+01
-9.044391632080078125e+01,2.689827728271484375e+01
-9.043842315673828125e+01,2.689878273010253906e+01
-9.044211578369140625e+01,2.689882278442382812e+01
-9.044464111328125000e+01,2.689707946777343750e+01
-9.044512939453125000e+01,2.690049743652343750e+01
-9.044078063964843750e+01,2.689889526367187500e+01
-9.044370269775390625e+01,2.689834403991699219e+01
-9.044611358642578125e+01,2.689695739746093750e+01
-9.044462585449218750e+01,2.689807701110839844e+01
-9.043952178955078125e+01,2.689921379089355469e+01
-9.043954467773437500e+01,2.689901733398437500e+01
-9.044583129882812500e+01,2.689753532409667969e+01
-9.044425964355468750e+01,2.690082931518554688e+01
-9.044387817382812500e+01,2.689716148376464844e+01
-9.044391632080078125e+01,2.689729499816894531e+01
-9.044456481933593750e+01,2.689989280700683594e+01
-9.044126892089843750e+01,2.690049552917480469e+01
-9.044792938232421875e+01,2.689841079711914062e+01
-9.044372558593750000e+01,2.690031814575195312e+01
-9.044555664062500000e+01,2.690082168579101562e+01
-9.044248199462890625e+01,2.689752197265625000e+01
-9.044570159912109375e+01,2.689994049072265625e+01
-9.044637298583984375e+01,2.689878463745117188e+01
-9.044297790527343750e+01,2.689909934997558594e+01
-9.044621276855468750e+01,2.689971923828125000e+01
-9.044488525390625000e+01,2.690053939819335938e+01
-9.044466400146484375e+01,2.689643287658691406e+01
-9.044445037841796875e+01,2.689888381958007812e+01
-9.044596862792968750e+01,2.689851188659667969e+01
-9.044369506835937500e+01,2.689999580383300781e+01
-9.044385528564453125e+01,2.689991760253906250e+01
-9.044405364990234375e+01,2.689764595031738281e+01
-9.044036102294921875e+01,2.689821624755859375e+01
-9.043933105468750000e+01,2.689931106567382812e+01
-9.044463348388671875e+01,2.689872550964355469e+01
-9.044284820556640625e+01,2.689751434326171875e+01
-9.044499206542968750e+01,2.689966392517089844e+01
-9.044623565673828125e+01,2.689925003051757812e+01
-9.044306182861328125e+01,2.689860343933105469e+01
-9.044547271728515625e+01,2.689701652526855469e+01
-9.043833160400390625e+01,2.689905929565429688e+01
-9.044654083251953125e+01,2.689645957946777344e+01
-9.044094848632812500e+01,2.689951515197753906e+01
-9.043766021728515625e+01,2.689931488037109375e+01
-9.044624328613281250e+01,2.689693832397460938e+01
-9.044583892822265625e+01,2.689858818054199219e+01
-9.044826507568359375e+01,2.689819145202636719e+01
-9.044669342041015625e+01,2.689990043640136719e+01
-9.044050598144531250e+01,2.689820289611816406e+01
-9.044632720947265625e+01,2.689753723144531250e+01
-9.044774627685546875e+01,2.689859008789062500e+01
-9.044174957275390625e+01,2.689866447448730469e+01
-9.044377899169921875e+01,2.689800262451171875e+01
-9.044742584228515625e+01,2.689855575561523438e+01
-9.044233703613281250e+01,2.689789581298828125e+01
-9.044634246826171875e+01,2.689901924133300781e+01
-9.044181823730468750e+01,2.690034484863281250e+01
-9.043827819824218750e+01,2.689937019348144531e+01
-9.044355773925781250e+01,2.689710044860839844e+01
-9.044374847412109375e+01,2.689969825744628906e+01
-9.044387817382812500e+01,2.689944648742675781e+01
-9.044245147705078125e+01,2.689912796020507812e+01
-9.044561004638671875e+01,2.689746093750000000e+01
-9.043820190429687500e+01,2.689999389648437500e+01
-9.044605255126953125e+01,2.689681816101074219e+01
-9.044075775146484375e+01,2.689883995056152344e+01
-9.044884490966796875e+01,2.689705848693847656e+01
-9.044789886474609375e+01,2.689839935302734375e+01
-9.044463348388671875e+01,2.689728736877441406e+01
-9.044525146484375000e+01,2.689726638793945312e+01
-9.044776153564453125e+01,2.689849281311035156e+01
-9.044293212890625000e+01,2.689927673339843750e+01
-9.044558715820312500e+01,2.689764785766601562e+01
-9.044441223144531250e+01,2.689979553222656250e+01
-9.044670867919921875e+01,2.689998054504394531e+01
-9.043818664550781250e+01,2.689953613281250000e+01
-9.044278717041015625e+01,2.689799308776855469e+01
-9.044524383544921875e+01,2.689830017089843750e+01
-9.044495391845703125e+01,2.690044021606445312e+01
-9.044459533691406250e+01,2.690091133117675781e+01
-9.044693756103515625e+01,2.689948463439941406e+01
-9.044578552246093750e+01,2.689922904968261719e+01
-9.044451141357421875e+01,2.689813995361328125e+01
-9.044149780273437500e+01,2.689922142028808594e+01
-9.044456481933593750e+01,2.689910316467285156e+01
-9.044781494140625000e+01,2.689855957031250000e+01
-9.043930053710937500e+01,2.689913368225097656e+01
-9.044398498535156250e+01,2.690017509460449219e+01
-9.044375610351562500e+01,2.690030097961425781e+01
-9.044277191162109375e+01,2.689973831176757812e+01
-9.043904876708984375e+01,2.689991569519042969e+01
-9.043848419189453125e+01,2.689902687072753906e+01
-9.044200897216796875e+01,2.689994430541992188e+01
-9.043865203857421875e+01,2.689917945861816406e+01
-9.044941711425781250e+01,2.689717102050781250e+01
-9.044735717773437500e+01,2.689832305908203125e+01
-9.044822692871093750e+01,2.689780044555664062e+01
-9.044635009765625000e+01,2.689741706848144531e+01
-9.044361877441406250e+01,2.689696884155273438e+01
-9.044491577148437500e+01,2.689783287048339844e+01
-9.044151306152343750e+01,2.689895629882812500e+01
-9.044525146484375000e+01,2.689973831176757812e+01
-9.044504547119140625e+01,2.689930152893066406e+01
-9.044398498535156250e+01,2.689657211303710938e+01
-9.043829345703125000e+01,2.689961051940917969e+01
-9.044582366943359375e+01,2.689924430847167969e+01
-9.043941497802734375e+01,2.689850807189941406e+01
-9.044528198242187500e+01,2.689992332458496094e+01
-9.044798278808593750e+01,2.689856719970703125e+01
-9.044496154785156250e+01,2.689777946472167969e+01
-9.043862915039062500e+01,2.690018844604492188e+01
-9.044019317626953125e+01,2.689915657043457031e+01
-9.044600677490234375e+01,2.689936637878417969e+01
-9.044779205322265625e+01,2.689888191223144531e+01
-9.043993377685546875e+01,2.689852905273437500e+01
-9.044498443603515625e+01,2.689972305297851562e+01
-9.044555664062500000e+01,2.689907836914062500e+01
-9.044594573974609375e+01,2.689908790588378906e+01
-9.044540405273437500e+01,2.689833259582519531e+01
-9.043907928466796875e+01,2.689944267272949219e+01
-9.044081115722656250e+01,2.689837837219238281e+01
-9.044476318359375000e+01,2.689782524108886719e+01
-9.043893432617187500e+01,2.689914894104003906e+01
-9.043750762939453125e+01,2.690016555786132812e+01
-9.044616699218750000e+01,2.689884948730468750e+01
-9.044618988037109375e+01,2.689958381652832031e+01
-9.044273376464843750e+01,2.689786911010742188e+01
-9.044152069091796875e+01,2.689836692810058594e+01
-9.044575500488281250e+01,2.689694213867187500e+01
-9.044340515136718750e+01,2.689822196960449219e+01
-9.044058227539062500e+01,2.689917564392089844e+01
-9.044169616699218750e+01,2.689973068237304688e+01
-9.044567871093750000e+01,2.689862251281738281e+01
-9.044268798828125000e+01,2.689980316162109375e+01
-9.044480133056640625e+01,2.689749526977539062e+01
-9.044178009033203125e+01,2.689881515502929688e+01
-9.044412231445312500e+01,2.690020179748535156e+01
-9.044268035888671875e+01,2.689904594421386719e+01
-9.044260406494140625e+01,2.690010070800781250e+01
-9.044667816162109375e+01,2.689903450012207031e+01
-9.044282531738281250e+01,2.689731025695800781e+01
-9.044664001464843750e+01,2.689780426025390625e+01
-9.044468688964843750e+01,2.689709091186523438e+01
-9.044585418701171875e+01,2.689977836608886719e+01
-9.044464874267578125e+01,2.689846611022949219e+01
-9.043779754638671875e+01,2.689984321594238281e+01
-9.044710540771484375e+01,2.689931106567382812e+01
-9.044300079345703125e+01,2.689963150024414062e+01
-9.044390869140625000e+01,2.689981651306152344e+01
-9.044221496582031250e+01,2.689899063110351562e+01
-9.043906402587890625e+01,2.689955520629882812e+01
-9.044512939453125000e+01,2.690023803710937500e+01
-9.043762969970703125e+01,2.689973258972167969e+01
-9.044596099853515625e+01,2.689867019653320312e+01
-9.044402313232421875e+01,2.689848136901855469e+01
-9.044314575195312500e+01,2.689739418029785156e+01
-9.044316101074218750e+01,2.689847183227539062e+01
-9.044709014892578125e+01,2.689928627014160156e+01
-9.044492340087890625e+01,2.689810752868652344e+01
-9.044908905029296875e+01,2.689719772338867188e+01
-9.044238281250000000e+01,2.689841461181640625e+01
-9.044865417480468750e+01,2.689748764038085938e+01
-9.044615936279296875e+01,2.689769363403320312e+01
-9.044219207763671875e+01,2.689969062805175781e+01
-9.044324493408203125e+01,2.689999961853027344e+01
-9.043872070312500000e+01,2.689972686767578125e+01
-9.044701385498046875e+01,2.689951324462890625e+01
-9.044351196289062500e+01,2.689920425415039062e+01
-9.043981933593750000e+01,2.689820098876953125e+01
-9.044285583496093750e+01,2.689947128295898438e+01
-9.044341278076171875e+01,2.689825820922851562e+01
-9.044091796875000000e+01,2.689915847778320312e+01
