longitude,latitude
-8.954870605468750000e+01,2.688136100769042969e+01
-8.954479980468750000e+01,2.687854385375976562e+01
-8.954469299316406250e+01,2.687907409667968750e+01
-8.954907226562500000e+01,2.688197135925292969e+01
-8.954599761962890625e+01,2.687952232360839844e+01
-8.954317474365234375e+01,2.687806129455566406e+01
-8.954805755615234375e+01,2.688130187988281250e+01
-8.954528808593750000e+01,2.687964248657226562e+01
-8.954582977294921875e+01,2.687908172607421875e+01
-8.954463958740234375e+01,2.687902641296386719e+01
-8.954754638671875000e+01,2.688041305541992188e+01
-8.954491424560546875e+01,2.687867546081542969e+01
-8.954418182373046875e+01,2.687910079956054688e+01
-8.954640197753906250e+01,2.687999916076660156e+01
-8.954767608642578125e+01,2.688068199157714844e+01
-8.954630279541015625e+01,2.687974357604980469e+01
-8.954922485351562500e+01,2.688165664672851562e+01
-8.954634094238281250e+01,2.687981605529785156e+01
-8.954664611816406250e+01,2.688013267517089844e+01
-8.954718017578125000e+01,2.688039970397949219e+01
-8.954649353027343750e+01,2.688002967834472656e+01
-8.954656219482421875e+01,2.687958717346191406e+01
-8.954522705078125000e+01,2.687900161743164062e+01
-8.954573822021484375e+01,2.687892723083496094e+01
-8.954647064208984375e+01,2.687947845458984375e+01
-8.954783630371093750e+01,2.688029479980468750e+01
-8.954910278320312500e+01,2.688211441040039062e+01
-8.954489135742187500e+01,2.687908363342285156e+01
-8.954590606689453125e+01,2.687960243225097656e+01
-8.954475402832031250e+01,2.687941932678222656e+01
-8.954727172851562500e+01,2.687991714477539062e+01
-8.954840087890625000e+01,2.688137626647949219e+01
-8.954817199707031250e+01,2.688085746765136719e+01
-8.954682922363281250e+01,2.687982177734375000e+01
-8.954550933837890625e+01,2.687910461425781250e+01
-8.954887390136718750e+01,2.688184356689453125e+01
-8.954525756835937500e+01,2.687877845764160156e+01
-8.954610443115234375e+01,2.688018035888671875e+01
-8.954450988769531250e+01,2.687850761413574219e+01
-8.954378509521484375e+01,2.687869071960449219e+01
-8.954376220703125000e+01,2.687826538085937500e+01
-8.954540252685546875e+01,2.687917327880859375e+01
-8.954624938964843750e+01,2.687981414794921875e+01
-8.954895782470703125e+01,2.688265228271484375e+01
-8.954856109619140625e+01,2.688142585754394531e+01
-8.954917907714843750e+01,2.688210678100585938e+01
-8.954344940185546875e+01,2.687795448303222656e+01
-8.954734802246093750e+01,2.688047790527343750e+01
-8.954379272460937500e+01,2.687840080261230469e+01
-8.954771423339843750e+01,2.688139343261718750e+01
-8.954904937744140625e+01,2.688218116760253906e+01
-8.954793548583984375e+01,2.688101959228515625e+01
-8.954726409912109375e+01,2.688009262084960938e+01
-8.954829406738281250e+01,2.688097953796386719e+01
-8.954862976074218750e+01,2.688160705566406250e+01
-8.954717254638671875e+01,2.688070297241210938e+01
-8.954786682128906250e+01,2.688215255737304688e+01
-8.954661560058593750e+01,2.687981605529785156e+01
-8.954717254638671875e+01,2.688058280944824219e+01
-8.954737854003906250e+01,2.688132095336914062e+01
-8.954689025878906250e+01,2.688119697570800781e+01
-8.954647827148437500e+01,2.687957382202148438e+01
-8.954482269287109375e+01,2.687871170043945312e+01
-8.954334259033203125e+01,2.687820816040039062e+01
-8.954846954345703125e+01,2.688232421875000000e+01
-8.954861450195312500e+01,2.688088417053222656e+01
-8.954901885986328125e+01,2.688147926330566406e+01
-8.954782104492187500e+01,2.688162231445312500e+01
-8.954670715332031250e+01,2.688033294677734375e+01
-8.954980468750000000e+01,2.688260269165039062e+01
-8.954393005371093750e+01,2.687889671325683594e+01
-8.954772949218750000e+01,2.688068389892578125e+01
-8.954918670654296875e+01,2.688187789916992188e+01
-8.954430389404296875e+01,2.687869644165039062e+01
-8.954479217529296875e+01,2.687883186340332031e+01
-8.954878997802734375e+01,2.688214874267578125e+01
-8.954886627197265625e+01,2.688139915466308594e+01
-8.954678344726562500e+01,2.688055610656738281e+01
-8.954429626464843750e+01,2.687866973876953125e+01
-8.954941558837890625e+01,2.688235473632812500e+01
-8.954559326171875000e+01,2.687958335876464844e+01
-8.954663848876953125e+01,2.688051033020019531e+01
-8.954772186279296875e+01,2.688159751892089844e+01
-8.954440307617187500e+01,2.687896347045898438e+01
-8.954879760742187500e+01,2.688183403015136719e+01
-8.954843902587890625e+01,2.688076019287109375e+01
-8.954598236083984375e+01,2.687946701049804688e+01
-8.954570007324218750e+01,2.687917327880859375e+01
-8.954682922363281250e+01,2.688101387023925781e+01
-8.954729461669921875e+01,2.688031005859375000e+01
-8.954511260986328125e+01,2.687915420532226562e+01
-8.954819488525390625e+01,2.688168144226074219e+01
-8.954733276367187500e+01,2.688159942626953125e+01
-8.954509735107421875e+01,2.687864303588867188e+01
-8.954380798339843750e+01,2.687888717651367188e+01
-8.954777526855468750e+01,2.688142776489257812e+01
-8.954513549804687500e+01,2.687922668457031250e+01
-8.954350280761718750e+01,2.687799644470214844e+01
-8.954922485351562500e+01,2.688207626342773438e+01
-8.954765319824218750e+01,2.688070297241210938e+01
-8.954953002929687500e+01,2.688241004943847656e+01
-8.954812622070312500e+01,2.688127708435058594e+01
-8.954606628417968750e+01,2.687930679321289062e+01
-8.954479217529296875e+01,2.687933731079101562e+01
-8.954730224609375000e+01,2.688153266906738281e+01
-8.954349517822265625e+01,2.687825012207031250e+01
-8.954773712158203125e+01,2.688132858276367188e+01
-8.954945373535156250e+01,2.688190460205078125e+01
-8.954446411132812500e+01,2.687879753112792969e+01
-8.954605865478515625e+01,2.687958145141601562e+01
-8.954613494873046875e+01,2.687939643859863281e+01
-8.954687500000000000e+01,2.687999153137207031e+01
-8.954426574707031250e+01,2.687851905822753906e+01
-8.954636383056640625e+01,2.688010406494140625e+01
-8.954499816894531250e+01,2.687957763671875000e+01
-8.954701232910156250e+01,2.687968826293945312e+01
-8.954692840576171875e+01,2.687990951538085938e+01
-8.954454040527343750e+01,2.687903022766113281e+01
-8.954772186279296875e+01,2.688099479675292969e+01
-8.954605865478515625e+01,2.688025093078613281e+01
-8.954720306396484375e+01,2.688063812255859375e+01
-8.954768371582031250e+01,2.688123512268066406e+01
-8.954398345947265625e+01,2.687855529785156250e+01
-8.954685211181640625e+01,2.688128089904785156e+01
-8.954829406738281250e+01,2.688162422180175781e+01
-8.954901885986328125e+01,2.688255310058593750e+01
-8.954570007324218750e+01,2.687922668457031250e+01
-8.954697418212890625e+01,2.688039779663085938e+01
-8.954935455322265625e+01,2.688211631774902344e+01
-8.954501342773437500e+01,2.687945747375488281e+01
-8.954734039306640625e+01,2.688159561157226562e+01
-8.954640960693359375e+01,2.688040351867675781e+01
-8.954911804199218750e+01,2.688262748718261719e+01
-8.954311370849609375e+01,2.687789916992187500e+01
-8.954538726806640625e+01,2.687901306152343750e+01
-8.954544830322265625e+01,2.687945938110351562e+01
-8.954730987548828125e+01,2.688108634948730469e+01
-8.954701995849609375e+01,2.687995910644531250e+01
-8.954355621337890625e+01,2.687834358215332031e+01
-8.954439544677734375e+01,2.687897682189941406e+01
-8.954914093017578125e+01,2.688222885131835938e+01
-8.954813385009765625e+01,2.688124084472656250e+01
-8.954539489746093750e+01,2.687899017333984375e+01
-8.954705047607421875e+01,2.688023567199707031e+01
-8.954454040527343750e+01,2.687854576110839844e+01
-8.954485321044921875e+01,2.687893867492675781e+01
-8.954872894287109375e+01,2.688130569458007812e+01
-8.954354095458984375e+01,2.687802886962890625e+01
-8.954444122314453125e+01,2.687890434265136719e+01
-8.954702758789062500e+01,2.688121032714843750e+01
-8.954949188232421875e+01,2.688170051574707031e+01
-8.954602050781250000e+01,2.687971305847167969e+01
-8.954820251464843750e+01,2.688197135925292969e+01
-8.954380035400390625e+01,2.687871742248535156e+01
-8.954650878906250000e+01,2.687978744506835938e+01
-8.954965972900390625e+01,2.688233566284179688e+01
-8.954401397705078125e+01,2.687819671630859375e+01
-8.954770660400390625e+01,2.688007736206054688e+01
-8.954566955566406250e+01,2.687955284118652344e+01
-8.954740142822265625e+01,2.688057518005371094e+01
-8.954537200927734375e+01,2.687929534912109375e+01
-8.954412078857421875e+01,2.687843704223632812e+01
-8.954927825927734375e+01,2.688182067871093750e+01
-8.954312896728515625e+01,2.687792778015136719e+01
-8.954944610595703125e+01,2.688199806213378906e+01
-8.954673767089843750e+01,2.687954330444335938e+01
-8.954684448242187500e+01,2.688025665283203125e+01
-8.954884338378906250e+01,2.688185119628906250e+01
-8.954801177978515625e+01,2.688199615478515625e+01
-8.954796600341796875e+01,2.688131713867187500e+01
-8.954891967773437500e+01,2.688171768188476562e+01
-8.954462432861328125e+01,2.687884330749511719e+01
-8.954826354980468750e+01,2.688208198547363281e+01
-8.954660797119140625e+01,2.688033676147460938e+01
-8.954378509521484375e+01,2.687836647033691406e+01
-8.954899597167968750e+01,2.688122558593750000e+01
-8.954640197753906250e+01,2.688048934936523438e+01
-8.954598999023437500e+01,2.687987136840820312e+01
-8.954927825927734375e+01,2.688211631774902344e+01
-8.954722595214843750e+01,2.688121986389160156e+01
-8.954843902587890625e+01,2.688236618041992188e+01
-8.954952239990234375e+01,2.688277626037597656e+01
-8.954404449462890625e+01,2.687899780273437500e+01
-8.954811859130859375e+01,2.688102912902832031e+01
-8.954685974121093750e+01,2.688122177124023438e+01
-8.954795837402343750e+01,2.688114929199218750e+01
-8.954781341552734375e+01,2.688125610351562500e+01
-8.954700469970703125e+01,2.688064193725585938e+01
-8.954649353027343750e+01,2.688041305541992188e+01
-8.954830169677734375e+01,2.688229179382324219e+01
-8.954720306396484375e+01,2.688043212890625000e+01
-8.954491424560546875e+01,2.687923812866210938e+01
-8.954360198974609375e+01,2.687815666198730469e+01
-8.954547882080078125e+01,2.687894821166992188e+01
-8.954464721679687500e+01,2.687933921813964844e+01
-8.954764556884765625e+01,2.688039970397949219e+01
-8.954687500000000000e+01,2.688091278076171875e+01
-8.954842376708984375e+01,2.688177108764648438e+01
-8.954789733886718750e+01,2.688170433044433594e+01
-8.954492187500000000e+01,2.687872886657714844e+01
-8.954965972900390625e+01,2.688223266601562500e+01
-8.954493713378906250e+01,2.687943267822265625e+01
-8.954753112792968750e+01,2.688168716430664062e+01
-8.954663848876953125e+01,2.687982940673828125e+01
-8.954776763916015625e+01,2.688060760498046875e+01
-8.954814147949218750e+01,2.688191795349121094e+01
-8.954464721679687500e+01,2.687849617004394531e+01
-8.954455566406250000e+01,2.687847137451171875e+01
-8.954821777343750000e+01,2.688181877136230469e+01
-8.954623413085937500e+01,2.687946128845214844e+01
-8.954726409912109375e+01,2.688145256042480469e+01
-8.954723358154296875e+01,2.688171577453613281e+01
-8.954586029052734375e+01,2.687928390502929688e+01
-8.954836273193359375e+01,2.688221359252929688e+01
-8.954877471923828125e+01,2.688230705261230469e+01
-8.954869079589843750e+01,2.688243103027343750e+01
-8.954759216308593750e+01,2.688127326965332031e+01
-8.954773712158203125e+01,2.688018798828125000e+01
-8.954760742187500000e+01,2.688030242919921875e+01
-8.954672241210937500e+01,2.688027572631835938e+01
-8.954525756835937500e+01,2.687889480590820312e+01
-8.954879760742187500e+01,2.688133049011230469e+01
-8.954905700683593750e+01,2.688204956054687500e+01
-8.954944610595703125e+01,2.688207817077636719e+01
-8.954819488525390625e+01,2.688210487365722656e+01
-8.954920959472656250e+01,2.688146209716796875e+01
-8.954467773437500000e+01,2.687853622436523438e+01
-8.954476165771484375e+01,2.687889480590820312e+01
-8.954927825927734375e+01,2.688236808776855469e+01
-8.954568481445312500e+01,2.687995719909667969e+01
-8.954698181152343750e+01,2.688013267517089844e+01
-8.954482269287109375e+01,2.687925338745117188e+01
-8.954663085937500000e+01,2.687972450256347656e+01
-8.954319763183593750e+01,2.687817955017089844e+01
-8.954708862304687500e+01,2.688081359863281250e+01
-8.954821777343750000e+01,2.688100242614746094e+01
-8.954357147216796875e+01,2.687816810607910156e+01
-8.954725646972656250e+01,2.688062858581542969e+01
-8.954836273193359375e+01,2.688189125061035156e+01
-8.954702758789062500e+01,2.688111877441406250e+01
-8.954874420166015625e+01,2.688122177124023438e+01
-8.954778289794921875e+01,2.688074874877929688e+01
-8.954493713378906250e+01,2.687921524047851562e+01
-8.954876708984375000e+01,2.688243675231933594e+01
-8.954376220703125000e+01,2.687873077392578125e+01
-8.954624938964843750e+01,2.688001823425292969e+01
-8.954637908935546875e+01,2.687936782836914062e+01
-8.954781341552734375e+01,2.688200569152832031e+01
-8.954666137695312500e+01,2.687960243225097656e+01
-8.954827117919921875e+01,2.688225746154785156e+01
-8.954492950439453125e+01,2.687856101989746094e+01
-8.954514312744140625e+01,2.687924957275390625e+01
-8.954418182373046875e+01,2.687855148315429688e+01
-8.954458618164062500e+01,2.687863159179687500e+01
-8.954676818847656250e+01,2.688104438781738281e+01
-8.954706573486328125e+01,2.688123703002929688e+01
-8.954937744140625000e+01,2.688257408142089844e+01
-8.954756164550781250e+01,2.688079452514648438e+01
-8.954603576660156250e+01,2.687989997863769531e+01
-8.954612731933593750e+01,2.687994766235351562e+01
-8.954433441162109375e+01,2.687907028198242188e+01
-8.954914093017578125e+01,2.688254356384277344e+01
-8.954677581787109375e+01,2.688076400756835938e+01
-8.954385375976562500e+01,2.687890243530273438e+01
-8.954392242431640625e+01,2.687813758850097656e+01
-8.954893493652343750e+01,2.688142776489257812e+01
-8.954754638671875000e+01,2.688142395019531250e+01
-8.954757690429687500e+01,2.688099670410156250e+01
-8.954753112792968750e+01,2.688163185119628906e+01
-8.954920959472656250e+01,2.688168334960937500e+01
-8.954961395263671875e+01,2.688221549987792969e+01
-8.954454040527343750e+01,2.687878608703613281e+01
-8.954828643798828125e+01,2.688230323791503906e+01
-8.954714965820312500e+01,2.688019371032714844e+01
-8.954670715332031250e+01,2.688052368164062500e+01
-8.954470825195312500e+01,2.687900733947753906e+01
-8.954500579833984375e+01,2.687859153747558594e+01
-8.954901885986328125e+01,2.688264846801757812e+01
-8.954757690429687500e+01,2.688079833984375000e+01
-8.954939270019531250e+01,2.688205909729003906e+01
-8.954779815673828125e+01,2.688193511962890625e+01
-8.954727172851562500e+01,2.688092803955078125e+01
-8.954737854003906250e+01,2.688149261474609375e+01
-8.954905700683593750e+01,2.688244247436523438e+01
-8.954968261718750000e+01,2.688217544555664062e+01
-8.954385375976562500e+01,2.687886428833007812e+01
-8.954313659667968750e+01,2.687788200378417969e+01
-8.954563903808593750e+01,2.687972640991210938e+01
-8.954744720458984375e+01,2.688116645812988281e+01
-8.954572296142578125e+01,2.687916564941406250e+01
-8.954731750488281250e+01,2.688162803649902344e+01
-8.954779052734375000e+01,2.688117599487304688e+01
-8.954792022705078125e+01,2.688070106506347656e+01
-8.954682159423828125e+01,2.688060951232910156e+01
-8.954634857177734375e+01,2.687978744506835938e+01
-8.954447174072265625e+01,2.687851333618164062e+01
-8.954386138916015625e+01,2.687827301025390625e+01
-8.954770660400390625e+01,2.688031387329101562e+01
-8.954637145996093750e+01,2.688017845153808594e+01
-8.954941558837890625e+01,2.688185691833496094e+01
-8.954315948486328125e+01,2.687812232971191406e+01
-8.954652404785156250e+01,2.688013076782226562e+01
-8.954635620117187500e+01,2.687982368469238281e+01
-8.954872894287109375e+01,2.688151168823242188e+01
-8.954429626464843750e+01,2.687890243530273438e+01
-8.954978179931640625e+01,2.688236045837402344e+01
-8.954817962646484375e+01,2.688055229187011719e+01
-8.954560852050781250e+01,2.687896537780761719e+01
-8.954519653320312500e+01,2.687955474853515625e+01
-8.954586791992187500e+01,2.687998390197753906e+01
-8.954706573486328125e+01,2.688010978698730469e+01
-8.954469299316406250e+01,2.687934112548828125e+01
-8.954553985595703125e+01,2.687959289550781250e+01
-8.954833984375000000e+01,2.688080978393554688e+01
-8.954647064208984375e+01,2.687995719909667969e+01
-8.954801177978515625e+01,2.688131141662597656e+01
-8.954751586914062500e+01,2.687999916076660156e+01
-8.954644775390625000e+01,2.688059997558593750e+01
-8.954696655273437500e+01,2.688002204895019531e+01
-8.954604339599609375e+01,2.687999916076660156e+01
-8.954856872558593750e+01,2.688118553161621094e+01
-8.954428100585937500e+01,2.687884140014648438e+01
-8.954537200927734375e+01,2.687923431396484375e+01
-8.954547882080078125e+01,2.687941932678222656e+01
-8.954876708984375000e+01,2.688204574584960938e+01
-8.954682922363281250e+01,2.688029861450195312e+01
-8.954414367675781250e+01,2.687867736816406250e+01
-8.954850006103515625e+01,2.688194465637207031e+01
-8.954425811767578125e+01,2.687838172912597656e+01
-8.954703521728515625e+01,2.688087272644042969e+01
-8.954345703125000000e+01,2.687842178344726562e+01
-8.954879760742187500e+01,2.688201713562011719e+01
-8.954553985595703125e+01,2.687960243225097656e+01
-8.954815673828125000e+01,2.688040924072265625e+01
-8.954505157470703125e+01,2.687952804565429688e+01
-8.954405975341796875e+01,2.687891387939453125e+01
-8.954747009277343750e+01,2.688007354736328125e+01
-8.954385375976562500e+01,2.687808990478515625e+01
-8.954882049560546875e+01,2.688204956054687500e+01
-8.954866027832031250e+01,2.688208198547363281e+01
-8.954777526855468750e+01,2.688116836547851562e+01
-8.954807281494140625e+01,2.688109016418457031e+01
-8.954501342773437500e+01,2.687901306152343750e+01
-8.954748535156250000e+01,2.688120651245117188e+01
-8.954888153076171875e+01,2.688136672973632812e+01
-8.954851531982421875e+01,2.688191032409667969e+01
-8.954889678955078125e+01,2.688141822814941406e+01
-8.954577636718750000e+01,2.687998771667480469e+01
-8.954906463623046875e+01,2.688262176513671875e+01
-8.954374694824218750e+01,2.687844848632812500e+01
-8.954769134521484375e+01,2.688127136230468750e+01
-8.954404449462890625e+01,2.687832641601562500e+01
-8.954564666748046875e+01,2.687986183166503906e+01
-8.954731750488281250e+01,2.688012504577636719e+01
-8.954395294189453125e+01,2.687857246398925781e+01
-8.954823303222656250e+01,2.688125419616699219e+01
-8.954499053955078125e+01,2.687889671325683594e+01
-8.954747772216796875e+01,2.688038635253906250e+01
-8.954606628417968750e+01,2.687988471984863281e+01
-8.954441070556640625e+01,2.687866783142089844e+01
-8.954915618896484375e+01,2.688244438171386719e+01
-8.954383087158203125e+01,2.687887763977050781e+01
-8.954512023925781250e+01,2.687873077392578125e+01
-8.954586791992187500e+01,2.687905120849609375e+01
-8.954514312744140625e+01,2.687920761108398438e+01
-8.954428100585937500e+01,2.687901115417480469e+01
-8.954574584960937500e+01,2.687943077087402344e+01
-8.954579162597656250e+01,2.688012123107910156e+01
-8.954959106445312500e+01,2.688280868530273438e+01
-8.954486846923828125e+01,2.687954330444335938e+01
-8.954596710205078125e+01,2.687931060791015625e+01
-8.954824066162109375e+01,2.688142967224121094e+01
-8.954579162597656250e+01,2.687982559204101562e+01
-8.954732513427734375e+01,2.688169097900390625e+01
-8.954636383056640625e+01,2.687963867187500000e+01
-8.954955291748046875e+01,2.688277435302734375e+01
-8.954758453369140625e+01,2.688179588317871094e+01
-8.954387664794921875e+01,2.687809562683105469e+01
-8.954661560058593750e+01,2.687954521179199219e+01
-8.954702758789062500e+01,2.688075065612792969e+01
-8.954727172851562500e+01,2.688020706176757812e+01
-8.954726409912109375e+01,2.688027381896972656e+01
-8.954499816894531250e+01,2.687885093688964844e+01
-8.954885101318359375e+01,2.688113594055175781e+01
-8.954679107666015625e+01,2.688111305236816406e+01
-8.954353332519531250e+01,2.687800407409667969e+01
-8.954629516601562500e+01,2.688061332702636719e+01
-8.954573059082031250e+01,2.687948989868164062e+01
-8.954893493652343750e+01,2.688134384155273438e+01
-8.954680633544921875e+01,2.688004684448242188e+01
-8.954950714111328125e+01,2.688211822509765625e+01
-8.954501342773437500e+01,2.687897109985351562e+01
-8.954744720458984375e+01,2.688181304931640625e+01
-8.954689025878906250e+01,2.688092231750488281e+01
-8.954471588134765625e+01,2.687897491455078125e+01
-8.954772949218750000e+01,2.688176918029785156e+01
-8.954820251464843750e+01,2.688052177429199219e+01
-8.954885101318359375e+01,2.688133621215820312e+01
-8.954518890380859375e+01,2.687963485717773438e+01
-8.954695892333984375e+01,2.687983131408691406e+01
-8.954637908935546875e+01,2.687979316711425781e+01
-8.954386901855468750e+01,2.687827301025390625e+01
-8.954666900634765625e+01,2.688089942932128906e+01
-8.954959106445312500e+01,2.688228416442871094e+01
-8.954682159423828125e+01,2.687961769104003906e+01
-8.954685974121093750e+01,2.688103103637695312e+01
-8.954630279541015625e+01,2.687961196899414062e+01
-8.954762268066406250e+01,2.688051986694335938e+01
-8.954757690429687500e+01,2.688050079345703125e+01
-8.954535675048828125e+01,2.687907791137695312e+01
-8.954811859130859375e+01,2.688088989257812500e+01
-8.954763031005859375e+01,2.688019371032714844e+01
-8.954693603515625000e+01,2.688130569458007812e+01
-8.954695129394531250e+01,2.688019752502441406e+01
-8.954792022705078125e+01,2.688038444519042969e+01
-8.954816436767578125e+01,2.688086891174316406e+01
-8.954646301269531250e+01,2.687989234924316406e+01
-8.954872894287109375e+01,2.688172721862792969e+01
-8.954399108886718750e+01,2.687833404541015625e+01
-8.954760742187500000e+01,2.688016510009765625e+01
-8.954802703857421875e+01,2.688056945800781250e+01
-8.954525756835937500e+01,2.687900733947753906e+01
-8.954475402832031250e+01,2.687881088256835938e+01
-8.954849243164062500e+01,2.688220787048339844e+01
-8.954382324218750000e+01,2.687813758850097656e+01
-8.954830932617187500e+01,2.688188171386718750e+01
-8.954548645019531250e+01,2.687904739379882812e+01
-8.954804229736328125e+01,2.688103294372558594e+01
-8.954559326171875000e+01,2.687909698486328125e+01
-8.954854583740234375e+01,2.688225555419921875e+01
-8.954919433593750000e+01,2.688197326660156250e+01
-8.954798889160156250e+01,2.688165855407714844e+01
-8.954463195800781250e+01,2.687928771972656250e+01
-8.954518890380859375e+01,2.687936401367187500e+01
-8.954830932617187500e+01,2.688136672973632812e+01
-8.954886627197265625e+01,2.688153648376464844e+01
-8.954706573486328125e+01,2.687985992431640625e+01
-8.954872131347656250e+01,2.688113212585449219e+01
-8.954798126220703125e+01,2.688040733337402344e+01
-8.954855346679687500e+01,2.688100624084472656e+01
-8.954598999023437500e+01,2.687975120544433594e+01
-8.954800415039062500e+01,2.688189888000488281e+01
-8.954827880859375000e+01,2.688168907165527344e+01
-8.954576110839843750e+01,2.687926864624023438e+01
-8.954782104492187500e+01,2.688193130493164062e+01
-8.954922485351562500e+01,2.688191032409667969e+01
-8.954828643798828125e+01,2.688234710693359375e+01
-8.954627227783203125e+01,2.688044357299804688e+01
-8.954561614990234375e+01,2.687950706481933594e+01
-8.954579925537109375e+01,2.687966156005859375e+01
-8.954697418212890625e+01,2.688130187988281250e+01
-8.954642486572265625e+01,2.688036155700683594e+01
-8.954711151123046875e+01,2.688112068176269531e+01
-8.954609680175781250e+01,2.687980461120605469e+01
-8.954545593261718750e+01,2.687892341613769531e+01
-8.954663085937500000e+01,2.688054847717285156e+01
-8.954606628417968750e+01,2.687972259521484375e+01
-8.954598999023437500e+01,2.687979507446289062e+01
-8.954694366455078125e+01,2.687972068786621094e+01
-8.954751586914062500e+01,2.688082122802734375e+01
-8.954695892333984375e+01,2.687991905212402344e+01
-8.954886627197265625e+01,2.688162422180175781e+01
-8.954837036132812500e+01,2.688114166259765625e+01
-8.954753112792968750e+01,2.688124465942382812e+01
-8.954512023925781250e+01,2.687925720214843750e+01
-8.954465484619140625e+01,2.687860298156738281e+01
-8.954719543457031250e+01,2.688148498535156250e+01
-8.954863739013671875e+01,2.688141822814941406e+01
-8.954546356201171875e+01,2.687973403930664062e+01
-8.954435729980468750e+01,2.687839317321777344e+01
-8.954741668701171875e+01,2.688171768188476562e+01
-8.954886627197265625e+01,2.688180541992187500e+01
-8.954675292968750000e+01,2.688013267517089844e+01
-8.954681396484375000e+01,2.687974548339843750e+01
-8.954566955566406250e+01,2.687982749938964844e+01
-8.954772949218750000e+01,2.688161659240722656e+01
-8.954820251464843750e+01,2.688112831115722656e+01
-8.954558563232421875e+01,2.687988853454589844e+01
-8.954660034179687500e+01,2.688066482543945312e+01
-8.954544830322265625e+01,2.687959861755371094e+01
-8.954673767089843750e+01,2.687952995300292969e+01
-8.954843139648437500e+01,2.688181304931640625e+01
-8.954470062255859375e+01,2.687942695617675781e+01
-8.954393005371093750e+01,2.687840843200683594e+01
-8.954723358154296875e+01,2.688018226623535156e+01
-8.954504394531250000e+01,2.687890625000000000e+01
-8.954576110839843750e+01,2.687977790832519531e+01
-8.954805755615234375e+01,2.688092231750488281e+01
-8.954823303222656250e+01,2.688043975830078125e+01
-8.954541778564453125e+01,2.687880516052246094e+01
-8.954682159423828125e+01,2.687988090515136719e+01
-8.954393768310546875e+01,2.687819099426269531e+01
-8.954846191406250000e+01,2.688185501098632812e+01
-8.954519653320312500e+01,2.687870025634765625e+01
-8.954577636718750000e+01,2.687920379638671875e+01
-8.954861450195312500e+01,2.688090324401855469e+01
-8.954891204833984375e+01,2.688177490234375000e+01
-8.954595947265625000e+01,2.687986564636230469e+01
-8.954877471923828125e+01,2.688218688964843750e+01
-8.954923248291015625e+01,2.688157653808593750e+01
-8.954840850830078125e+01,2.688128662109375000e+01
-8.954985046386718750e+01,2.688246536254882812e+01
-8.954859161376953125e+01,2.688140678405761719e+01
-8.954824066162109375e+01,2.688160896301269531e+01
-8.954967498779296875e+01,2.688227081298828125e+01
-8.954695129394531250e+01,2.687978744506835938e+01
-8.954769897460937500e+01,2.688067245483398438e+01
-8.954851531982421875e+01,2.688175010681152344e+01
-8.954704284667968750e+01,2.688010406494140625e+01
-8.954749298095703125e+01,2.688131141662597656e+01
-8.954743957519531250e+01,2.688114166259765625e+01
-8.954748535156250000e+01,2.688075256347656250e+01
-8.954813385009765625e+01,2.688149261474609375e+01
-8.954705047607421875e+01,2.688125228881835938e+01
-8.954787445068359375e+01,2.688082885742187500e+01
-8.954803466796875000e+01,2.688187599182128906e+01
-8.954908752441406250e+01,2.688161468505859375e+01
-8.954839324951171875e+01,2.688147735595703125e+01
-8.954869079589843750e+01,2.688093566894531250e+01
-8.954893493652343750e+01,2.688249588012695312e+01
-8.954633331298828125e+01,2.688053894042968750e+01
-8.954422760009765625e+01,2.687839698791503906e+01
-8.954698944091796875e+01,2.687999916076660156e+01
-8.954936218261718750e+01,2.688244438171386719e+01
-8.954796600341796875e+01,2.688147354125976562e+01
-8.954788970947265625e+01,2.688091278076171875e+01
-8.954583740234375000e+01,2.687947654724121094e+01
-8.954506683349609375e+01,2.687965965270996094e+01
-8.954472351074218750e+01,2.687909126281738281e+01
-8.954770660400390625e+01,2.688055229187011719e+01
-8.954840850830078125e+01,2.688231658935546875e+01
-8.954949188232421875e+01,2.688170433044433594e+01
-8.954460906982421875e+01,2.687930107116699219e+01
-8.954567718505859375e+01,2.687963294982910156e+01
-8.954782867431640625e+01,2.688065147399902344e+01
-8.954846191406250000e+01,2.688123512268066406e+01
-8.954563140869140625e+01,2.687927818298339844e+01
-8.954604339599609375e+01,2.687980461120605469e+01
-8.954922485351562500e+01,2.688251304626464844e+01
-8.954830932617187500e+01,2.688158226013183594e+01
-8.954848480224609375e+01,2.688088798522949219e+01
-8.954468536376953125e+01,2.687861061096191406e+01
-8.954818725585937500e+01,2.688101577758789062e+01
-8.954608917236328125e+01,2.688003349304199219e+01
-8.954360961914062500e+01,2.687806701660156250e+01
-8.954661560058593750e+01,2.688091087341308594e+01
-8.954757690429687500e+01,2.688143539428710938e+01
-8.954724121093750000e+01,2.688006210327148438e+01
-8.954531860351562500e+01,2.687962913513183594e+01
-8.954698181152343750e+01,2.688143539428710938e+01
-8.954916381835937500e+01,2.688208389282226562e+01
-8.954559326171875000e+01,2.687936401367187500e+01
-8.954905700683593750e+01,2.688142395019531250e+01
-8.954641723632812500e+01,2.687994384765625000e+01
-8.954935455322265625e+01,2.688215637207031250e+01
-8.954814910888671875e+01,2.688152694702148438e+01
-8.954947662353515625e+01,2.688255119323730469e+01
-8.954771423339843750e+01,2.688135147094726562e+01
-8.954796600341796875e+01,2.688055992126464844e+01
-8.954760742187500000e+01,2.688074684143066406e+01
-8.954477691650390625e+01,2.687940597534179688e+01
-8.954759216308593750e+01,2.688109970092773438e+01
-8.954663085937500000e+01,2.688072776794433594e+01
-8.954882049560546875e+01,2.688142776489257812e+01
-8.954535675048828125e+01,2.687969779968261719e+01
-8.954498291015625000e+01,2.687920761108398438e+01
-8.954859161376953125e+01,2.688167572021484375e+01
-8.954974365234375000e+01,2.688243675231933594e+01
-8.954817962646484375e+01,2.688074111938476562e+01
-8.954788970947265625e+01,2.688090705871582031e+01
-8.954588317871093750e+01,2.687928009033203125e+01
-8.954608154296875000e+01,2.687959671020507812e+01
-8.954324340820312500e+01,2.687808418273925781e+01
-8.954615020751953125e+01,2.688002204895019531e+01
-8.954814147949218750e+01,2.688199424743652344e+01
-8.954705047607421875e+01,2.688081169128417969e+01
-8.954640960693359375e+01,2.687976646423339844e+01
-8.954721069335937500e+01,2.688146018981933594e+01
-8.954812622070312500e+01,2.688199996948242188e+01
-8.954901123046875000e+01,2.688163757324218750e+01
-8.954940032958984375e+01,2.688265419006347656e+01
-8.954898834228515625e+01,2.688194656372070312e+01
-8.954872894287109375e+01,2.688096427917480469e+01
-8.954539489746093750e+01,2.687963294982910156e+01
-8.954490661621093750e+01,2.687922286987304688e+01
-8.954947662353515625e+01,2.688206481933593750e+01
-8.954958343505859375e+01,2.688252639770507812e+01
-8.954775238037109375e+01,2.688094520568847656e+01
-8.954698181152343750e+01,2.687969207763671875e+01
-8.954450225830078125e+01,2.687870216369628906e+01
-8.954869079589843750e+01,2.688093566894531250e+01
-8.954421997070312500e+01,2.687910652160644531e+01
-8.954924011230468750e+01,2.688186836242675781e+01
-8.954836273193359375e+01,2.688173294067382812e+01
-8.954808044433593750e+01,2.688223648071289062e+01
-8.954922485351562500e+01,2.688167381286621094e+01
-8.954818725585937500e+01,2.688134384155273438e+01
-8.954466247558593750e+01,2.687943840026855469e+01
-8.954665374755859375e+01,2.688014221191406250e+01
-8.954596710205078125e+01,2.687945938110351562e+01
-8.954981994628906250e+01,2.688245201110839844e+01
-8.954418945312500000e+01,2.687884902954101562e+01
-8.954837036132812500e+01,2.688064575195312500e+01
-8.954630279541015625e+01,2.688013458251953125e+01
-8.954911041259765625e+01,2.688245201110839844e+01
-8.954914855957031250e+01,2.688166046142578125e+01
-8.954459381103515625e+01,2.687846946716308594e+01
-8.954897308349609375e+01,2.688226890563964844e+01
-8.954344940185546875e+01,2.687833023071289062e+01
-8.954782867431640625e+01,2.688067626953125000e+01
-8.954438018798828125e+01,2.687848854064941406e+01
-8.954726409912109375e+01,2.688059616088867188e+01
-8.954329681396484375e+01,2.687799072265625000e+01
-8.954802703857421875e+01,2.688136482238769531e+01
-8.954848480224609375e+01,2.688124084472656250e+01
-8.954759979248046875e+01,2.688133811950683594e+01
-8.954542541503906250e+01,2.687940788269042969e+01
-8.954615783691406250e+01,2.687930107116699219e+01
-8.954353332519531250e+01,2.687864494323730469e+01
-8.954673767089843750e+01,2.687956619262695312e+01
-8.954344940185546875e+01,2.687821578979492188e+01
-8.954676055908203125e+01,2.688047790527343750e+01
-8.954804992675781250e+01,2.688141632080078125e+01
-8.954403686523437500e+01,2.687823295593261719e+01
-8.954856109619140625e+01,2.688122367858886719e+01
-8.954508209228515625e+01,2.687942314147949219e+01
-8.954483032226562500e+01,2.687860107421875000e+01
-8.954661560058593750e+01,2.688041305541992188e+01
-8.954478454589843750e+01,2.687918853759765625e+01
-8.954822540283203125e+01,2.688120841979980469e+01
-8.954494476318359375e+01,2.687928962707519531e+01
-8.954666900634765625e+01,2.688006019592285156e+01
-8.954595947265625000e+01,2.687915420532226562e+01
-8.954666900634765625e+01,2.688025474548339844e+01
-8.954900360107421875e+01,2.688183975219726562e+01
-8.954681396484375000e+01,2.688060379028320312e+01
-8.954746246337890625e+01,2.688138771057128906e+01
-8.954761505126953125e+01,2.688135910034179688e+01
-8.954608917236328125e+01,2.687925910949707031e+01
-8.954906463623046875e+01,2.688242149353027344e+01
-8.954541778564453125e+01,2.687894821166992188e+01
-8.954622650146484375e+01,2.687972831726074219e+01
-8.954742431640625000e+01,2.688075065612792969e+01
-8.954535675048828125e+01,2.687933540344238281e+01
-8.954963684082031250e+01,2.688278388977050781e+01
-8.954370880126953125e+01,2.687805747985839844e+01
-8.954956817626953125e+01,2.688212394714355469e+01
-8.954631805419921875e+01,2.687942695617675781e+01
-8.954485321044921875e+01,2.687888526916503906e+01
-8.954515838623046875e+01,2.687919044494628906e+01
-8.954548645019531250e+01,2.687901306152343750e+01
-8.954515075683593750e+01,2.687913131713867188e+01
-8.954845428466796875e+01,2.688101196289062500e+01
-8.954739379882812500e+01,2.688111686706542969e+01
-8.954891967773437500e+01,2.688157653808593750e+01
-8.954804229736328125e+01,2.688071060180664062e+01
-8.954828643798828125e+01,2.688223457336425781e+01
-8.954742431640625000e+01,2.688147163391113281e+01
-8.954895782470703125e+01,2.688191986083984375e+01
-8.954807281494140625e+01,2.688186073303222656e+01
-8.954609680175781250e+01,2.688016700744628906e+01
-8.954414367675781250e+01,2.687858390808105469e+01
-8.954664611816406250e+01,2.687984848022460938e+01
-8.954560089111328125e+01,2.687914085388183594e+01
-8.954782867431640625e+01,2.688083267211914062e+01
-8.954576873779296875e+01,2.687901878356933594e+01
-8.954916381835937500e+01,2.688191604614257812e+01
-8.954777526855468750e+01,2.688100242614746094e+01
-8.954612731933593750e+01,2.687933731079101562e+01
-8.954466247558593750e+01,2.687946701049804688e+01
-8.954439544677734375e+01,2.687868118286132812e+01
-8.954493713378906250e+01,2.687895965576171875e+01
-8.954717254638671875e+01,2.688072586059570312e+01
-8.954460144042968750e+01,2.687861251831054688e+01
-8.954655456542968750e+01,2.688082504272460938e+01
-8.954644012451171875e+01,2.687938499450683594e+01
-8.954924774169921875e+01,2.688224220275878906e+01
-8.954852294921875000e+01,2.688209533691406250e+01
-8.954804229736328125e+01,2.688191986083984375e+01
-8.954672241210937500e+01,2.688025665283203125e+01
-8.954648590087890625e+01,2.687949371337890625e+01
-8.954518890380859375e+01,2.687962913513183594e+01
-8.954862976074218750e+01,2.688179588317871094e+01
-8.954910278320312500e+01,2.688175201416015625e+01
-8.954934692382812500e+01,2.688208770751953125e+01
-8.954651641845703125e+01,2.687999343872070312e+01
-8.954729461669921875e+01,2.688056564331054688e+01
-8.954801177978515625e+01,2.688130760192871094e+01
-8.954666137695312500e+01,2.688016700744628906e+01
-8.954696655273437500e+01,2.688021469116210938e+01
-8.954618835449218750e+01,2.688033103942871094e+01
-8.954902648925781250e+01,2.688143539428710938e+01
-8.954618835449218750e+01,2.687990760803222656e+01
-8.954915618896484375e+01,2.688225746154785156e+01
-8.954901885986328125e+01,2.688194847106933594e+01
-8.954731750488281250e+01,2.688109970092773438e+01
-8.954840087890625000e+01,2.688107109069824219e+01
-8.954709625244140625e+01,2.688110160827636719e+01
-8.954346466064453125e+01,2.687800216674804688e+01
-8.954665374755859375e+01,2.688088607788085938e+01
-8.954451751708984375e+01,2.687855148315429688e+01
-8.954319000244140625e+01,2.687823677062988281e+01
-8.954816436767578125e+01,2.688225173950195312e+01
-8.954866790771484375e+01,2.688152122497558594e+01
-8.954494476318359375e+01,2.687875175476074219e+01
-8.954805755615234375e+01,2.688125801086425781e+01
-8.954707336425781250e+01,2.688152122497558594e+01
-8.954862213134765625e+01,2.688172721862792969e+01
-8.954727935791015625e+01,2.688156890869140625e+01
-8.954916381835937500e+01,2.688148880004882812e+01
-8.954608154296875000e+01,2.688018035888671875e+01
-8.954830169677734375e+01,2.688123512268066406e+01
-8.954678344726562500e+01,2.688049507141113281e+01
-8.954366302490234375e+01,2.687826728820800781e+01
-8.954777526855468750e+01,2.688028526306152344e+01
-8.954855346679687500e+01,2.688139533996582031e+01
-8.954907989501953125e+01,2.688218307495117188e+01
-8.954407501220703125e+01,2.687897491455078125e+01
-8.954521942138671875e+01,2.687942886352539062e+01
-8.954465484619140625e+01,2.687882423400878906e+01
-8.954785919189453125e+01,2.688163948059082031e+01
-8.954901885986328125e+01,2.688249969482421875e+01
-8.954708862304687500e+01,2.688046073913574219e+01
-8.954656982421875000e+01,2.688067817687988281e+01
-8.954464721679687500e+01,2.687861633300781250e+01
-8.954904174804687500e+01,2.688137245178222656e+01
-8.954903411865234375e+01,2.688199996948242188e+01
-8.954805755615234375e+01,2.688208961486816406e+01
-8.954811096191406250e+01,2.688143539428710938e+01
-8.954374694824218750e+01,2.687866783142089844e+01
-8.954700469970703125e+01,2.688077545166015625e+01
-8.954653930664062500e+01,2.687981033325195312e+01
-8.954831695556640625e+01,2.688098907470703125e+01
-8.954735565185546875e+01,2.688020515441894531e+01
-8.954727935791015625e+01,2.688069725036621094e+01
-8.954474639892578125e+01,2.687909126281738281e+01
-8.954446411132812500e+01,2.687842559814453125e+01
-8.954711151123046875e+01,2.688112258911132812e+01
-8.954667663574218750e+01,2.688031768798828125e+01
-8.954596710205078125e+01,2.687994003295898438e+01
-8.954815673828125000e+01,2.688111686706542969e+01
-8.954600524902343750e+01,2.687938308715820312e+01
-8.954858398437500000e+01,2.688092422485351562e+01
-8.954347229003906250e+01,2.687816810607910156e+01
-8.954464721679687500e+01,2.687874221801757812e+01
-8.954783630371093750e+01,2.688088607788085938e+01
-8.954896545410156250e+01,2.688250923156738281e+01
-8.954705810546875000e+01,2.688097572326660156e+01
-8.954772949218750000e+01,2.688161087036132812e+01
-8.954928588867187500e+01,2.688228797912597656e+01
-8.954946136474609375e+01,2.688194847106933594e+01
-8.954759216308593750e+01,2.688131523132324219e+01
-8.954876708984375000e+01,2.688112068176269531e+01
-8.954434204101562500e+01,2.687911796569824219e+01
-8.954622650146484375e+01,2.687962532043457031e+01
-8.954455566406250000e+01,2.687937736511230469e+01
-8.954882812500000000e+01,2.688173103332519531e+01
-8.954534149169921875e+01,2.687963867187500000e+01
-8.954827117919921875e+01,2.688084983825683594e+01
-8.954812622070312500e+01,2.688128280639648438e+01
-8.954748535156250000e+01,2.688041114807128906e+01
-8.954747772216796875e+01,2.688121414184570312e+01
-8.954634857177734375e+01,2.687942886352539062e+01
-8.954722595214843750e+01,2.688105583190917969e+01
-8.954914093017578125e+01,2.688260078430175781e+01
-8.954785156250000000e+01,2.688045120239257812e+01
-8.954587554931640625e+01,2.688005638122558594e+01
-8.954464721679687500e+01,2.687938880920410156e+01
-8.954610443115234375e+01,2.688007354736328125e+01
-8.954553222656250000e+01,2.687918853759765625e+01
-8.954744720458984375e+01,2.688007926940917969e+01
-8.954409027099609375e+01,2.687859916687011719e+01
-8.954811859130859375e+01,2.688084602355957031e+01
-8.954618072509765625e+01,2.688045120239257812e+01
-8.954501342773437500e+01,2.687899971008300781e+01
-8.954759216308593750e+01,2.688027000427246094e+01
-8.954715728759765625e+01,2.688143348693847656e+01
-8.954630279541015625e+01,2.687946319580078125e+01
-8.954955291748046875e+01,2.688234519958496094e+01
-8.954901123046875000e+01,2.688136672973632812e+01
-8.954936981201171875e+01,2.688180732727050781e+01
-8.954936218261718750e+01,2.688185882568359375e+01
-8.954833221435546875e+01,2.688088798522949219e+01
-8.954642486572265625e+01,2.688047027587890625e+01
-8.954763031005859375e+01,2.688171005249023438e+01
-8.954689025878906250e+01,2.687981605529785156e+01
-8.954784393310546875e+01,2.688166999816894531e+01
-8.954763793945312500e+01,2.688121223449707031e+01
-8.954963684082031250e+01,2.688250160217285156e+01
-8.954825592041015625e+01,2.688152122497558594e+01
-8.954685974121093750e+01,2.688121414184570312e+01
-8.954846191406250000e+01,2.688186454772949219e+01
-8.954367065429687500e+01,2.687805938720703125e+01
-8.954552459716796875e+01,2.687891960144042969e+01
-8.954865264892578125e+01,2.688130760192871094e+01
-8.954867553710937500e+01,2.688134384155273438e+01
-8.954942321777343750e+01,2.688201522827148438e+01
-8.954930877685546875e+01,2.688261985778808594e+01
-8.954561614990234375e+01,2.687887573242187500e+01
-8.954489898681640625e+01,2.687926864624023438e+01
-8.954854583740234375e+01,2.688127326965332031e+01
-8.954397583007812500e+01,2.687865066528320312e+01
-8.954541015625000000e+01,2.687926864624023438e+01
-8.954315185546875000e+01,2.687803268432617188e+01
-8.954328155517578125e+01,2.687832450866699219e+01
-8.954352569580078125e+01,2.687820434570312500e+01
-8.954891204833984375e+01,2.688117790222167969e+01
-8.954377746582031250e+01,2.687842941284179688e+01
-8.954717254638671875e+01,2.688002777099609375e+01
-8.954714965820312500e+01,2.688060379028320312e+01
-8.954757690429687500e+01,2.688050079345703125e+01
-8.954808807373046875e+01,2.688150787353515625e+01
-8.954952239990234375e+01,2.688264274597167969e+01
-8.954991149902343750e+01,2.688249969482421875e+01
-8.954393005371093750e+01,2.687840461730957031e+01
-8.954896545410156250e+01,2.688150596618652344e+01
-8.954917144775390625e+01,2.688223075866699219e+01
-8.954925537109375000e+01,2.688224029541015625e+01
-8.954599761962890625e+01,2.688022232055664062e+01
-8.954768371582031250e+01,2.688183975219726562e+01
-8.954426574707031250e+01,2.687855148315429688e+01
-8.954621124267578125e+01,2.688021850585937500e+01
-8.954579925537109375e+01,2.687983512878417969e+01
-8.954936981201171875e+01,2.688175201416015625e+01
-8.954623413085937500e+01,2.687933540344238281e+01
-8.954867553710937500e+01,2.688118362426757812e+01
-8.954309844970703125e+01,2.687791442871093750e+01
-8.954728698730468750e+01,2.688170623779296875e+01
-8.954633331298828125e+01,2.687960433959960938e+01
-8.954874420166015625e+01,2.688202667236328125e+01
-8.954647064208984375e+01,2.687988853454589844e+01
-8.954342651367187500e+01,2.687825202941894531e+01
-8.954363250732421875e+01,2.687855911254882812e+01
-8.954676055908203125e+01,2.688075637817382812e+01
-8.954710388183593750e+01,2.688065910339355469e+01
-8.954829406738281250e+01,2.688165283203125000e+01
-8.954819488525390625e+01,2.688147735595703125e+01
-8.954667663574218750e+01,2.688015365600585938e+01
-8.954759979248046875e+01,2.688061141967773438e+01
-8.954716491699218750e+01,2.688079261779785156e+01
-8.954808807373046875e+01,2.688070487976074219e+01
-8.954914855957031250e+01,2.688237571716308594e+01
-8.954663085937500000e+01,2.688001441955566406e+01
-8.954736328125000000e+01,2.688048362731933594e+01
-8.954900360107421875e+01,2.688147163391113281e+01
-8.954628753662109375e+01,2.687946319580078125e+01
-8.954489135742187500e+01,2.687865066528320312e+01
-8.954718017578125000e+01,2.688063049316406250e+01
-8.954723358154296875e+01,2.688123703002929688e+01
-8.954940032958984375e+01,2.688263511657714844e+01
-8.954802703857421875e+01,2.688186645507812500e+01
-8.954621887207031250e+01,2.687976455688476562e+01
-8.954431152343750000e+01,2.687912750244140625e+01
-8.954853057861328125e+01,2.688136100769042969e+01
-8.954576110839843750e+01,2.687935256958007812e+01
-8.954525756835937500e+01,2.687940025329589844e+01
-8.954723358154296875e+01,2.688020324707031250e+01
-8.954872131347656250e+01,2.688099288940429688e+01
-8.954398345947265625e+01,2.687813758850097656e+01
-8.954753875732421875e+01,2.688120460510253906e+01
-8.954685211181640625e+01,2.688129615783691406e+01
-8.954644012451171875e+01,2.688030242919921875e+01
-8.954361724853515625e+01,2.687815856933593750e+01
-8.954736328125000000e+01,2.688028717041015625e+01
-8.954954528808593750e+01,2.688243484497070312e+01
-8.954457855224609375e+01,2.687901115417480469e+01
-8.954786682128906250e+01,2.688051986694335938e+01
-8.954911804199218750e+01,2.688183975219726562e+01
-8.954387664794921875e+01,2.687847518920898438e+01
-8.954662322998046875e+01,2.688007926940917969e+01
-8.954801940917968750e+01,2.688213920593261719e+01
-8.954886627197265625e+01,2.688155937194824219e+01
-8.954753875732421875e+01,2.688175010681152344e+01
-8.954965972900390625e+01,2.688250923156738281e+01
-8.954523468017578125e+01,2.687873458862304688e+01
-8.954410552978515625e+01,2.687874603271484375e+01
-8.954937744140625000e+01,2.688237953186035156e+01
-8.954740142822265625e+01,2.688056755065917969e+01
-8.954421997070312500e+01,2.687839889526367188e+01
-8.954850006103515625e+01,2.688204193115234375e+01
-8.954721832275390625e+01,2.688009071350097656e+01
-8.954746246337890625e+01,2.688095664978027344e+01
-8.954521942138671875e+01,2.687926292419433594e+01
-8.954745483398437500e+01,2.688068580627441406e+01
-8.954386901855468750e+01,2.687893104553222656e+01
-8.954352569580078125e+01,2.687862396240234375e+01
-8.954558563232421875e+01,2.687960815429687500e+01
-8.954441070556640625e+01,2.687906265258789062e+01
-8.954396820068359375e+01,2.687813568115234375e+01
-8.954705047607421875e+01,2.688113212585449219e+01
-8.954746246337890625e+01,2.688071441650390625e+01
-8.954735565185546875e+01,2.688123130798339844e+01
-8.954422760009765625e+01,2.687862205505371094e+01
-8.954781341552734375e+01,2.688091468811035156e+01
-8.954871368408203125e+01,2.688216590881347656e+01
-8.954727935791015625e+01,2.688034057617187500e+01
-8.954901885986328125e+01,2.688255310058593750e+01
-8.954437255859375000e+01,2.687864875793457031e+01
-8.954729461669921875e+01,2.688111686706542969e+01
-8.954763793945312500e+01,2.688041114807128906e+01
-8.954442596435546875e+01,2.687911415100097656e+01
-8.954594421386718750e+01,2.687929916381835938e+01
-8.954496002197265625e+01,2.687955474853515625e+01
-8.954676818847656250e+01,2.687985229492187500e+01
-8.954544830322265625e+01,2.687982177734375000e+01
-8.954407501220703125e+01,2.687830352783203125e+01
-8.954422760009765625e+01,2.687900161743164062e+01
-8.954582977294921875e+01,2.687985420227050781e+01
-8.954314422607421875e+01,2.687816429138183594e+01
-8.954960632324218750e+01,2.688220405578613281e+01
-8.954809570312500000e+01,2.688051414489746094e+01
-8.954677581787109375e+01,2.688061141967773438e+01
-8.954873657226562500e+01,2.688223075866699219e+01
-8.954392242431640625e+01,2.687876129150390625e+01
-8.954958343505859375e+01,2.688226699829101562e+01
-8.954831695556640625e+01,2.688225746154785156e+01
-8.954867553710937500e+01,2.688220596313476562e+01
-8.954647064208984375e+01,2.687938690185546875e+01
-8.954936981201171875e+01,2.688189125061035156e+01
-8.954678344726562500e+01,2.687989807128906250e+01
-8.954627990722656250e+01,2.688025093078613281e+01
-8.954811859130859375e+01,2.688067436218261719e+01
-8.954356384277343750e+01,2.687862968444824219e+01
-8.954524993896484375e+01,2.687871551513671875e+01
-8.954351043701171875e+01,2.687829780578613281e+01
-8.954351043701171875e+01,2.687808036804199219e+01
-8.954833984375000000e+01,2.688062477111816406e+01
-8.954355621337890625e+01,2.687830352783203125e+01
-8.954673004150390625e+01,2.687990188598632812e+01
-8.954479980468750000e+01,2.687954521179199219e+01
-8.954599761962890625e+01,2.687973403930664062e+01
-8.954821014404296875e+01,2.688044738769531250e+01
-8.954522705078125000e+01,2.687967109680175781e+01
-8.954573059082031250e+01,2.687944221496582031e+01
-8.954798889160156250e+01,2.688130187988281250e+01
-8.954489135742187500e+01,2.687880897521972656e+01
-8.954821014404296875e+01,2.688223648071289062e+01
-8.954598236083984375e+01,2.687938117980957031e+01
-8.954765319824218750e+01,2.688182067871093750e+01
-8.954641723632812500e+01,2.688009643554687500e+01
-8.954430389404296875e+01,2.687896156311035156e+01
-8.954626464843750000e+01,2.688008499145507812e+01
-8.954957580566406250e+01,2.688235664367675781e+01
-8.954305267333984375e+01,2.687808418273925781e+01
-8.954633331298828125e+01,2.687987709045410156e+01
-8.954776763916015625e+01,2.688168716430664062e+01
-8.954418182373046875e+01,2.687907600402832031e+01
-8.954949951171875000e+01,2.688246536254882812e+01
-8.954425048828125000e+01,2.687875747680664062e+01
-8.954914855957031250e+01,2.688169670104980469e+01
-8.954675292968750000e+01,2.688125419616699219e+01
-8.954676818847656250e+01,2.687998008728027344e+01
-8.954407501220703125e+01,2.687881278991699219e+01
-8.954470825195312500e+01,2.687903594970703125e+01
-8.954429626464843750e+01,2.687862586975097656e+01
-8.954959869384765625e+01,2.688251686096191406e+01
-8.954876708984375000e+01,2.688108444213867188e+01
-8.954693603515625000e+01,2.688105392456054688e+01
-8.954708099365234375e+01,2.688077163696289062e+01
-8.954879760742187500e+01,2.688146400451660156e+01
-8.954837799072265625e+01,2.688089561462402344e+01
-8.954650115966796875e+01,2.687976074218750000e+01
-8.954848480224609375e+01,2.688075828552246094e+01
-8.954844665527343750e+01,2.688176155090332031e+01
-8.954758453369140625e+01,2.688105201721191406e+01
-8.954576110839843750e+01,2.687918090820312500e+01
-8.954820251464843750e+01,2.688157463073730469e+01
-8.954498291015625000e+01,2.687882423400878906e+01
-8.954800415039062500e+01,2.688161277770996094e+01
-8.954918670654296875e+01,2.688234329223632812e+01
-8.954467010498046875e+01,2.687845611572265625e+01
-8.954376220703125000e+01,2.687833404541015625e+01
-8.954685974121093750e+01,2.687991142272949219e+01
-8.954843902587890625e+01,2.688098144531250000e+01
-8.954981231689453125e+01,2.688261222839355469e+01
-8.954890441894531250e+01,2.688132095336914062e+01
-8.954945373535156250e+01,2.688189506530761719e+01
-8.954696655273437500e+01,2.687976837158203125e+01
-8.954866790771484375e+01,2.688245010375976562e+01
-8.954408264160156250e+01,2.687847518920898438e+01
-8.954312896728515625e+01,2.687797355651855469e+01
-8.954684448242187500e+01,2.687983322143554688e+01
-8.954582214355468750e+01,2.687952232360839844e+01
-8.954490661621093750e+01,2.687920951843261719e+01
-8.954858398437500000e+01,2.688243293762207031e+01
-8.954821014404296875e+01,2.688128852844238281e+01
-8.954613494873046875e+01,2.687982559204101562e+01
-8.954533386230468750e+01,2.687882041931152344e+01
-8.954792785644531250e+01,2.688124656677246094e+01
-8.954320526123046875e+01,2.687798500061035156e+01
-8.954856872558593750e+01,2.688230514526367188e+01
-8.954341888427734375e+01,2.687838363647460938e+01
-8.954368591308593750e+01,2.687808227539062500e+01
-8.954480743408203125e+01,2.687915420532226562e+01
-8.954521942138671875e+01,2.687874031066894531e+01
-8.954840850830078125e+01,2.688136482238769531e+01
-8.954357147216796875e+01,2.687807083129882812e+01
-8.954476165771484375e+01,2.687924194335937500e+01
-8.954721069335937500e+01,2.688100624084472656e+01
-8.954744720458984375e+01,2.688174629211425781e+01
-8.954480743408203125e+01,2.687938308715820312e+01
-8.954829406738281250e+01,2.688068580627441406e+01
-8.954667663574218750e+01,2.688030433654785156e+01
-8.954771423339843750e+01,2.688041687011718750e+01
-8.954607391357421875e+01,2.687927436828613281e+01
-8.954916381835937500e+01,2.688202285766601562e+01
-8.954744720458984375e+01,2.688035964965820312e+01
-8.954830932617187500e+01,2.688200378417968750e+01
-8.954611968994140625e+01,2.688018608093261719e+01
-8.954882812500000000e+01,2.688170433044433594e+01
-8.954679870605468750e+01,2.688115882873535156e+01
-8.954315948486328125e+01,2.687801933288574219e+01
-8.954701995849609375e+01,2.688104248046875000e+01
-8.954822540283203125e+01,2.688215065002441406e+01
-8.954677581787109375e+01,2.688080978393554688e+01
-8.954718017578125000e+01,2.688060760498046875e+01
-8.954940032958984375e+01,2.688205528259277344e+01
-8.954578399658203125e+01,2.687954139709472656e+01
-8.954552459716796875e+01,2.687890434265136719e+01
-8.954782867431640625e+01,2.688047409057617188e+01
-8.954521942138671875e+01,2.687913513183593750e+01
-8.954734802246093750e+01,2.688169479370117188e+01
-8.954672241210937500e+01,2.688022994995117188e+01
-8.954800415039062500e+01,2.688157653808593750e+01
-8.954575347900390625e+01,2.687992668151855469e+01
-8.954773712158203125e+01,2.688075256347656250e+01
-8.954448699951171875e+01,2.687912940979003906e+01
-8.954537963867187500e+01,2.687903404235839844e+01
-8.954531860351562500e+01,2.687915802001953125e+01
-8.954901123046875000e+01,2.688179206848144531e+01
-8.954919433593750000e+01,2.688147544860839844e+01
-8.954748535156250000e+01,2.688122940063476562e+01
-8.954783630371093750e+01,2.688051414489746094e+01
-8.954972076416015625e+01,2.688269996643066406e+01
-8.954579925537109375e+01,2.687914657592773438e+01
-8.954814910888671875e+01,2.688122940063476562e+01
-8.954788970947265625e+01,2.688117790222167969e+01
-8.954704284667968750e+01,2.687990188598632812e+01
-8.954569244384765625e+01,2.687953948974609375e+01
-8.954708862304687500e+01,2.688088989257812500e+01
-8.954705810546875000e+01,2.688013458251953125e+01
-8.954805755615234375e+01,2.688093185424804688e+01
-8.954976654052734375e+01,2.688265228271484375e+01
-8.954760742187500000e+01,2.688140869140625000e+01
-8.954703521728515625e+01,2.688095855712890625e+01
-8.954547882080078125e+01,2.687973403930664062e+01
-8.954372406005859375e+01,2.687842369079589844e+01
-8.954501342773437500e+01,2.687886810302734375e+01
-8.954734039306640625e+01,2.688065338134765625e+01
-8.954833221435546875e+01,2.688152313232421875e+01
-8.954748535156250000e+01,2.688172531127929688e+01
-8.954808044433593750e+01,2.688125228881835938e+01
-8.954420471191406250e+01,2.687869644165039062e+01
-8.954749298095703125e+01,2.688060951232910156e+01
-8.954526519775390625e+01,2.687938499450683594e+01
-8.954314422607421875e+01,2.687816810607910156e+01
-8.954557037353515625e+01,2.687932205200195312e+01
-8.954564666748046875e+01,2.687891578674316406e+01
-8.954713439941406250e+01,2.687989616394042969e+01
-8.954547882080078125e+01,2.687894248962402344e+01
-8.954692077636718750e+01,2.687980651855468750e+01
-8.954632568359375000e+01,2.688008880615234375e+01
-8.954754638671875000e+01,2.688145446777343750e+01
-8.954313659667968750e+01,2.687809944152832031e+01
-8.954917144775390625e+01,2.688207244873046875e+01
-8.954486083984375000e+01,2.687884330749511719e+01
-8.954562377929687500e+01,2.687917709350585938e+01
-8.954502105712890625e+01,2.687893676757812500e+01
-8.954899597167968750e+01,2.688230133056640625e+01
-8.954343414306640625e+01,2.687830352783203125e+01
-8.954788970947265625e+01,2.688152503967285156e+01
-8.954646301269531250e+01,2.688054656982421875e+01
-8.954536437988281250e+01,2.687922668457031250e+01
-8.954785919189453125e+01,2.688117218017578125e+01
-8.954718017578125000e+01,2.688038825988769531e+01
-8.954662322998046875e+01,2.688011360168457031e+01
-8.954333496093750000e+01,2.687807464599609375e+01
-8.954925537109375000e+01,2.688172149658203125e+01
-8.954974365234375000e+01,2.688252830505371094e+01
-8.954738616943359375e+01,2.687995719909667969e+01
-8.954631805419921875e+01,2.688043212890625000e+01
-8.954757690429687500e+01,2.688014793395996094e+01
-8.954389953613281250e+01,2.687853622436523438e+01
-8.954698944091796875e+01,2.687999343872070312e+01
-8.954602813720703125e+01,2.687961959838867188e+01
-8.954383850097656250e+01,2.687835502624511719e+01
-8.954936218261718750e+01,2.688235092163085938e+01
-8.954782867431640625e+01,2.688134384155273438e+01
-8.954721832275390625e+01,2.687994575500488281e+01
-8.954846954345703125e+01,2.688116073608398438e+01
-8.954553222656250000e+01,2.687909889221191406e+01
-8.954532623291015625e+01,2.687925148010253906e+01
-8.954693603515625000e+01,2.688119506835937500e+01
-8.954862213134765625e+01,2.688238334655761719e+01
-8.954308319091796875e+01,2.687802314758300781e+01
-8.954806518554687500e+01,2.688197135925292969e+01
-8.954872894287109375e+01,2.688160514831542969e+01
-8.954426574707031250e+01,2.687863922119140625e+01
-8.954921722412109375e+01,2.688166999816894531e+01
-8.954869842529296875e+01,2.688102912902832031e+01
-8.954706573486328125e+01,2.688120651245117188e+01
-8.954776000976562500e+01,2.688123130798339844e+01
-8.954370117187500000e+01,2.687861633300781250e+01
-8.954673767089843750e+01,2.688055992126464844e+01
-8.954335784912109375e+01,2.687829399108886719e+01
-8.954580688476562500e+01,2.688008308410644531e+01
-8.954531097412109375e+01,2.687916946411132812e+01
-8.954741668701171875e+01,2.688094902038574219e+01
-8.954814910888671875e+01,2.688212013244628906e+01
-8.954499053955078125e+01,2.687866592407226562e+01
-8.954861450195312500e+01,2.688202857971191406e+01
-8.954620361328125000e+01,2.687984466552734375e+01
-8.954753112792968750e+01,2.688086700439453125e+01
-8.954747772216796875e+01,2.688051605224609375e+01
-8.954647827148437500e+01,2.687968826293945312e+01
-8.954925537109375000e+01,2.688199424743652344e+01
-8.954446411132812500e+01,2.687878417968750000e+01
-8.954764556884765625e+01,2.688066673278808594e+01
-8.954721069335937500e+01,2.688157653808593750e+01
-8.954676818847656250e+01,2.688017463684082031e+01
-8.954490661621093750e+01,2.687957191467285156e+01
-8.954759979248046875e+01,2.688099479675292969e+01
-8.954869079589843750e+01,2.688104057312011719e+01
-8.954795837402343750e+01,2.688049888610839844e+01
-8.954406738281250000e+01,2.687860870361328125e+01
-8.954595947265625000e+01,2.687949562072753906e+01
-8.954662322998046875e+01,2.688060569763183594e+01
-8.954737091064453125e+01,2.688096237182617188e+01
-8.954982757568359375e+01,2.688260078430175781e+01
-8.954430389404296875e+01,2.687903213500976562e+01
-8.954969787597656250e+01,2.688227653503417969e+01
-8.954726409912109375e+01,2.688001060485839844e+01
-8.954650878906250000e+01,2.688000488281250000e+01
-8.954676818847656250e+01,2.688073730468750000e+01
-8.954755401611328125e+01,2.688124656677246094e+01
-8.954817962646484375e+01,2.688044929504394531e+01
-8.954910278320312500e+01,2.688270950317382812e+01
-8.954590606689453125e+01,2.688003921508789062e+01
-8.954891204833984375e+01,2.688251686096191406e+01
-8.954938507080078125e+01,2.688227272033691406e+01
-8.954685974121093750e+01,2.688017845153808594e+01
-8.954792785644531250e+01,2.688097190856933594e+01
-8.954955291748046875e+01,2.688263130187988281e+01
-8.954521942138671875e+01,2.687972450256347656e+01
-8.954354858398437500e+01,2.687826538085937500e+01
-8.954846191406250000e+01,2.688197326660156250e+01
-8.954627227783203125e+01,2.687941360473632812e+01
-8.954988861083984375e+01,2.688275718688964844e+01
-8.954765319824218750e+01,2.688045120239257812e+01
-8.954351043701171875e+01,2.687845420837402344e+01
-8.954653167724609375e+01,2.687949371337890625e+01
-8.954815673828125000e+01,2.688160514831542969e+01
-8.954762268066406250e+01,2.688032722473144531e+01
-8.954705810546875000e+01,2.687989997863769531e+01
-8.954690551757812500e+01,2.687971496582031250e+01
-8.954964447021484375e+01,2.688257026672363281e+01
-8.954827117919921875e+01,2.688229751586914062e+01
-8.954724884033203125e+01,2.688083648681640625e+01
-8.954586029052734375e+01,2.688006782531738281e+01
-8.954618072509765625e+01,2.688038063049316406e+01
-8.954467010498046875e+01,2.687904357910156250e+01
-8.954453277587890625e+01,2.687927818298339844e+01
-8.954479980468750000e+01,2.687911415100097656e+01
-8.954743957519531250e+01,2.688031768798828125e+01
-8.954850769042968750e+01,2.688165283203125000e+01
-8.954530334472656250e+01,2.687933349609375000e+01
-8.954600524902343750e+01,2.688009452819824219e+01
-8.954878997802734375e+01,2.688127708435058594e+01
-8.954552459716796875e+01,2.687941551208496094e+01
-8.954722595214843750e+01,2.688090705871582031e+01
-8.954872894287109375e+01,2.688161087036132812e+01
-8.954414367675781250e+01,2.687909507751464844e+01
-8.954657745361328125e+01,2.688009452819824219e+01
-8.954729461669921875e+01,2.688119697570800781e+01
-8.954875946044921875e+01,2.688165664672851562e+01
-8.954832458496093750e+01,2.688198661804199219e+01
-8.954452514648437500e+01,2.687880897521972656e+01
-8.954372406005859375e+01,2.687805747985839844e+01
-8.954799652099609375e+01,2.688134193420410156e+01
-8.954695129394531250e+01,2.688093376159667969e+01
-8.954869842529296875e+01,2.688100814819335938e+01
-8.954538726806640625e+01,2.687955474853515625e+01
-8.954593658447265625e+01,2.687927818298339844e+01
-8.954946136474609375e+01,2.688251876831054688e+01
-8.954341888427734375e+01,2.687809181213378906e+01
-8.954849243164062500e+01,2.688115692138671875e+01
-8.954618835449218750e+01,2.688042831420898438e+01
-8.954724884033203125e+01,2.688109970092773438e+01
-8.954631805419921875e+01,2.688013839721679688e+01
-8.954362487792968750e+01,2.687823295593261719e+01
-8.954727935791015625e+01,2.688158226013183594e+01
-8.954393768310546875e+01,2.687824249267578125e+01
-8.954739379882812500e+01,2.688179016113281250e+01
-8.954828643798828125e+01,2.688202476501464844e+01
-8.954578399658203125e+01,2.687972640991210938e+01
-8.954557037353515625e+01,2.687976646423339844e+01
-8.954772949218750000e+01,2.688029479980468750e+01
-8.954812622070312500e+01,2.688058280944824219e+01
-8.954824066162109375e+01,2.688097572326660156e+01
-8.954750823974609375e+01,2.688019752502441406e+01
-8.954598999023437500e+01,2.687905311584472656e+01
-8.954902648925781250e+01,2.688261985778808594e+01
-8.954766845703125000e+01,2.688038444519042969e+01
-8.954917144775390625e+01,2.688191413879394531e+01
-8.954582977294921875e+01,2.688009452819824219e+01
-8.954649353027343750e+01,2.688003540039062500e+01
-8.954768371582031250e+01,2.688162231445312500e+01
-8.954638671875000000e+01,2.687988090515136719e+01
-8.954306793212890625e+01,2.687811851501464844e+01
-8.954882049560546875e+01,2.688138389587402344e+01
-8.954892730712890625e+01,2.688147163391113281e+01
-8.954885864257812500e+01,2.688164329528808594e+01
-8.954905700683593750e+01,2.688220405578613281e+01
-8.954750061035156250e+01,2.688084602355957031e+01
-8.954794311523437500e+01,2.688126564025878906e+01
-8.954780578613281250e+01,2.688198280334472656e+01
-8.954710388183593750e+01,2.688005828857421875e+01
-8.954655456542968750e+01,2.688046836853027344e+01
-8.954507446289062500e+01,2.687950515747070312e+01
-8.954561614990234375e+01,2.687932586669921875e+01
-8.954621887207031250e+01,2.687944412231445312e+01
-8.954965209960937500e+01,2.688263702392578125e+01
-8.954871368408203125e+01,2.688210105895996094e+01
-8.954863739013671875e+01,2.688198280334472656e+01
-8.954513549804687500e+01,2.687945175170898438e+01
-8.954335784912109375e+01,2.687791824340820312e+01
-8.954720306396484375e+01,2.688087272644042969e+01
-8.954589080810546875e+01,2.687973594665527344e+01
-8.954983520507812500e+01,2.688236999511718750e+01
-8.954338836669921875e+01,2.687845420837402344e+01
-8.954380798339843750e+01,2.687864112854003906e+01
-8.954482269287109375e+01,2.687953186035156250e+01
-8.954863739013671875e+01,2.688164329528808594e+01
-8.954895782470703125e+01,2.688239479064941406e+01
-8.954648590087890625e+01,2.687978172302246094e+01
-8.954645538330078125e+01,2.687983322143554688e+01
-8.954541778564453125e+01,2.687983703613281250e+01
-8.954853057861328125e+01,2.688074111938476562e+01
-8.954919433593750000e+01,2.688224411010742188e+01
-8.954875183105468750e+01,2.688155746459960938e+01
-8.954731750488281250e+01,2.688151550292968750e+01
-8.954872131347656250e+01,2.688139343261718750e+01
-8.954839324951171875e+01,2.688164520263671875e+01
-8.954827117919921875e+01,2.688146591186523438e+01
-8.954691314697265625e+01,2.688064384460449219e+01
-8.954905700683593750e+01,2.688171386718750000e+01
-8.954823303222656250e+01,2.688223457336425781e+01
-8.954504394531250000e+01,2.687921142578125000e+01
-8.954729461669921875e+01,2.688137054443359375e+01
-8.954850006103515625e+01,2.688240814208984375e+01
-8.954463958740234375e+01,2.687899208068847656e+01
-8.954630279541015625e+01,2.688033676147460938e+01
-8.954640960693359375e+01,2.688026809692382812e+01
-8.954856872558593750e+01,2.688202476501464844e+01
-8.954766082763671875e+01,2.688186454772949219e+01
-8.954862976074218750e+01,2.688169670104980469e+01
-8.954582214355468750e+01,2.687955093383789062e+01
-8.954501342773437500e+01,2.687902450561523438e+01
-8.954706573486328125e+01,2.688047790527343750e+01
-8.954988861083984375e+01,2.688277816772460938e+01
-8.954357147216796875e+01,2.687822914123535156e+01
-8.954473114013671875e+01,2.687858581542968750e+01
-8.954689788818359375e+01,2.688110542297363281e+01
-8.954629516601562500e+01,2.687994956970214844e+01
-8.954866027832031250e+01,2.688146972656250000e+01
-8.954378509521484375e+01,2.687852096557617188e+01
-8.954641723632812500e+01,2.688030815124511719e+01
-8.954879760742187500e+01,2.688132858276367188e+01
-8.954415130615234375e+01,2.687846565246582031e+01
-8.954545593261718750e+01,2.687944602966308594e+01
-8.954309844970703125e+01,2.687796783447265625e+01
-8.954718780517578125e+01,2.688006210327148438e+01
-8.954886627197265625e+01,2.688212585449218750e+01
-8.954380798339843750e+01,2.687895011901855469e+01
-8.954878234863281250e+01,2.688218879699707031e+01
-8.954579925537109375e+01,2.687985229492187500e+01
-8.954882812500000000e+01,2.688155174255371094e+01
-8.954866790771484375e+01,2.688216018676757812e+01
-8.954337310791015625e+01,2.687800788879394531e+01
-8.954898071289062500e+01,2.688170051574707031e+01
-8.954688262939453125e+01,2.688126182556152344e+01
-8.954924774169921875e+01,2.688154029846191406e+01
-8.954446411132812500e+01,2.687853050231933594e+01
-8.954870605468750000e+01,2.688181304931640625e+01
-8.954963684082031250e+01,2.688258743286132812e+01
-8.954896545410156250e+01,2.688179397583007812e+01
-8.954586791992187500e+01,2.687934112548828125e+01
-8.954745483398437500e+01,2.688141250610351562e+01
-8.954560852050781250e+01,2.687896347045898438e+01
-8.954422760009765625e+01,2.687845230102539062e+01
-8.954522705078125000e+01,2.687948989868164062e+01
-8.954745483398437500e+01,2.688071441650390625e+01
-8.954692840576171875e+01,2.688116264343261719e+01
-8.954678344726562500e+01,2.687967300415039062e+01
-8.954672241210937500e+01,2.687979125976562500e+01
-8.954499816894531250e+01,2.687928390502929688e+01
-8.954705810546875000e+01,2.688006401062011719e+01
-8.954884338378906250e+01,2.688141441345214844e+01
-8.954629516601562500e+01,2.687975502014160156e+01
-8.954911804199218750e+01,2.688196945190429688e+01
-8.954979705810546875e+01,2.688258552551269531e+01
-8.954929351806640625e+01,2.688247489929199219e+01
-8.954522705078125000e+01,2.687873077392578125e+01
-8.954412841796875000e+01,2.687872886657714844e+01
-8.954658508300781250e+01,2.687952232360839844e+01
-8.954454803466796875e+01,2.687856483459472656e+01
-8.954710388183593750e+01,2.687997436523437500e+01
-8.954492187500000000e+01,2.687928390502929688e+01
-8.954795837402343750e+01,2.688165092468261719e+01
-8.954634094238281250e+01,2.688039207458496094e+01
-8.954808807373046875e+01,2.688042831420898438e+01
-8.954495239257812500e+01,2.687908554077148438e+01
-8.954676818847656250e+01,2.688076019287109375e+01
-8.954895019531250000e+01,2.688233757019042969e+01
-8.954393005371093750e+01,2.687814712524414062e+01
-8.954796600341796875e+01,2.688162422180175781e+01
-8.954527282714843750e+01,2.687878227233886719e+01
-8.954775238037109375e+01,2.688027191162109375e+01
-8.954691314697265625e+01,2.688053703308105469e+01
-8.954825592041015625e+01,2.688138008117675781e+01
-8.954775238037109375e+01,2.688059806823730469e+01
-8.954776763916015625e+01,2.688168907165527344e+01
-8.954847717285156250e+01,2.688101387023925781e+01
-8.954783630371093750e+01,2.688179588317871094e+01
-8.954660797119140625e+01,2.688013648986816406e+01
-8.954630279541015625e+01,2.687973594665527344e+01
-8.954737854003906250e+01,2.688121032714843750e+01
-8.954473114013671875e+01,2.687857246398925781e+01
-8.954693603515625000e+01,2.688008308410644531e+01
-8.954659271240234375e+01,2.687956619262695312e+01
-8.954759216308593750e+01,2.688129425048828125e+01
-8.954470062255859375e+01,2.687878799438476562e+01
-8.954412841796875000e+01,2.687854003906250000e+01
-8.954753875732421875e+01,2.688129806518554688e+01
-8.954834747314453125e+01,2.688119697570800781e+01
-8.954992675781250000e+01,2.688254928588867188e+01
-8.954674530029296875e+01,2.688096618652343750e+01
-8.954766845703125000e+01,2.688171005249023438e+01
-8.954826354980468750e+01,2.688110351562500000e+01
-8.954965972900390625e+01,2.688223838806152344e+01
-8.954428100585937500e+01,2.687876510620117188e+01
-8.954763031005859375e+01,2.688030815124511719e+01
-8.954868316650390625e+01,2.688154411315917969e+01
-8.954852294921875000e+01,2.688151168823242188e+01
-8.954405975341796875e+01,2.687886047363281250e+01
-8.954856109619140625e+01,2.688134956359863281e+01
-8.954704284667968750e+01,2.688069915771484375e+01
-8.954966735839843750e+01,2.688208961486816406e+01
-8.954961395263671875e+01,2.688226699829101562e+01
-8.954773712158203125e+01,2.688084030151367188e+01
-8.954907989501953125e+01,2.688227081298828125e+01
-8.954724884033203125e+01,2.687988853454589844e+01
-8.954961395263671875e+01,2.688251686096191406e+01
-8.954470825195312500e+01,2.687899971008300781e+01
-8.954768371582031250e+01,2.688037109375000000e+01
-8.954763793945312500e+01,2.688111877441406250e+01
-8.954309082031250000e+01,2.687795639038085938e+01
-8.954838562011718750e+01,2.688213348388671875e+01
-8.954798889160156250e+01,2.688067626953125000e+01
-8.954978179931640625e+01,2.688275146484375000e+01
-8.954688262939453125e+01,2.687967681884765625e+01
-8.954304504394531250e+01,2.687790870666503906e+01
-8.954869079589843750e+01,2.688105392456054688e+01
-8.954784393310546875e+01,2.688109970092773438e+01
-8.954890441894531250e+01,2.688223838806152344e+01
-8.954611968994140625e+01,2.687991905212402344e+01
-8.954664611816406250e+01,2.687999534606933594e+01
-8.954375457763671875e+01,2.687822723388671875e+01
-8.954845428466796875e+01,2.688242340087890625e+01
-8.954543304443359375e+01,2.687900161743164062e+01
-8.954767608642578125e+01,2.688126564025878906e+01
-8.954521942138671875e+01,2.687916755676269531e+01
-8.954481506347656250e+01,2.687871360778808594e+01
-8.954634857177734375e+01,2.687955093383789062e+01
-8.954573059082031250e+01,2.687893486022949219e+01
-8.954808807373046875e+01,2.688210487365722656e+01
-8.954449462890625000e+01,2.687876892089843750e+01
-8.954319000244140625e+01,2.687811470031738281e+01
-8.954720306396484375e+01,2.688038444519042969e+01
-8.954337310791015625e+01,2.687812042236328125e+01
-8.954869079589843750e+01,2.688153648376464844e+01
-8.954711914062500000e+01,2.688013648986816406e+01
-8.954356384277343750e+01,2.687841987609863281e+01
-8.954801940917968750e+01,2.688061714172363281e+01
-8.954915618896484375e+01,2.688215827941894531e+01
-8.954904937744140625e+01,2.688208961486816406e+01
-8.954925537109375000e+01,2.688186073303222656e+01
-8.954598999023437500e+01,2.687923431396484375e+01
-8.954724121093750000e+01,2.688015365600585938e+01
-8.954913330078125000e+01,2.688248252868652344e+01
-8.954746246337890625e+01,2.688104820251464844e+01
-8.954320526123046875e+01,2.687804603576660156e+01
-8.954602050781250000e+01,2.687954139709472656e+01
-8.954732513427734375e+01,2.688018608093261719e+01
-8.954879760742187500e+01,2.688227462768554688e+01
-8.954708862304687500e+01,2.688012313842773438e+01
-8.954486846923828125e+01,2.687878799438476562e+01
-8.954490661621093750e+01,2.687914276123046875e+01
-8.954940032958984375e+01,2.688164901733398438e+01
-8.954348754882812500e+01,2.687800979614257812e+01
-8.954609680175781250e+01,2.687921905517578125e+01
-8.954804992675781250e+01,2.688150978088378906e+01
-8.954814147949218750e+01,2.688117408752441406e+01
-8.954843139648437500e+01,2.688137054443359375e+01
-8.954527282714843750e+01,2.687948226928710938e+01
-8.954658508300781250e+01,2.688001060485839844e+01
-8.954382324218750000e+01,2.687885475158691406e+01
-8.954601287841796875e+01,2.687927436828613281e+01
-8.954555511474609375e+01,2.687968826293945312e+01
-8.954550933837890625e+01,2.687980079650878906e+01
-8.954903411865234375e+01,2.688265037536621094e+01
-8.954805755615234375e+01,2.688092231750488281e+01
-8.954859924316406250e+01,2.688160324096679688e+01
-8.954805755615234375e+01,2.688141632080078125e+01
-8.954526519775390625e+01,2.687976646423339844e+01
-8.954396057128906250e+01,2.687888526916503906e+01
-8.954556274414062500e+01,2.687903785705566406e+01
-8.954730224609375000e+01,2.688119506835937500e+01
-8.954824066162109375e+01,2.688161849975585938e+01
-8.954964447021484375e+01,2.688253974914550781e+01
-8.954773712158203125e+01,2.688070106506347656e+01
-8.954807281494140625e+01,2.688077926635742188e+01
-8.954833221435546875e+01,2.688218498229980469e+01
-8.954630279541015625e+01,2.687937545776367188e+01
-8.954564666748046875e+01,2.687919044494628906e+01
-8.954677581787109375e+01,2.688095283508300781e+01
-8.954511260986328125e+01,2.687885475158691406e+01
-8.954715728759765625e+01,2.688130187988281250e+01
-8.954718780517578125e+01,2.688125991821289062e+01
-8.954753875732421875e+01,2.688041687011718750e+01
-8.954633331298828125e+01,2.688004302978515625e+01
-8.954664611816406250e+01,2.688055992126464844e+01
-8.954734802246093750e+01,2.688081550598144531e+01
-8.954881286621093750e+01,2.688178825378417969e+01
-8.954515075683593750e+01,2.687932586669921875e+01
-8.954399871826171875e+01,2.687868690490722656e+01
-8.954814147949218750e+01,2.688144302368164062e+01
-8.954642486572265625e+01,2.687943267822265625e+01
-8.954701232910156250e+01,2.688006973266601562e+01
-8.954437255859375000e+01,2.687866783142089844e+01
-8.954800415039062500e+01,2.688148689270019531e+01
-8.954951477050781250e+01,2.688218116760253906e+01
-8.954932403564453125e+01,2.688197898864746094e+01
-8.954846191406250000e+01,2.688230705261230469e+01
-8.954862213134765625e+01,2.688141059875488281e+01
-8.954695892333984375e+01,2.688029479980468750e+01
-8.954612731933593750e+01,2.688040351867675781e+01
-8.954613494873046875e+01,2.687984085083007812e+01
-8.954781341552734375e+01,2.688200950622558594e+01
-8.954664611816406250e+01,2.687968444824218750e+01
-8.954894256591796875e+01,2.688238334655761719e+01
-8.954567718505859375e+01,2.687985801696777344e+01
-8.954438781738281250e+01,2.687839698791503906e+01
-8.954329681396484375e+01,2.687826156616210938e+01
-8.954940032958984375e+01,2.688239288330078125e+01
-8.954689788818359375e+01,2.687986373901367188e+01
-8.954602813720703125e+01,2.687999153137207031e+01
-8.954558563232421875e+01,2.687935638427734375e+01
-8.954738616943359375e+01,2.688108253479003906e+01
-8.954781341552734375e+01,2.688067817687988281e+01
-8.954850006103515625e+01,2.688175010681152344e+01
-8.954721832275390625e+01,2.688069725036621094e+01
-8.954529571533203125e+01,2.687886428833007812e+01
-8.954891967773437500e+01,2.688216781616210938e+01
-8.954621124267578125e+01,2.687932777404785156e+01
-8.954627227783203125e+01,2.688026046752929688e+01
-8.954499053955078125e+01,2.687875747680664062e+01
-8.954560852050781250e+01,2.687944412231445312e+01
-8.954911804199218750e+01,2.688181304931640625e+01
-8.954843139648437500e+01,2.688069915771484375e+01
-8.954454803466796875e+01,2.687878036499023438e+01
-8.954856872558593750e+01,2.688116836547851562e+01
-8.954357910156250000e+01,2.687817382812500000e+01
-8.954782867431640625e+01,2.688131332397460938e+01
-8.954830932617187500e+01,2.688205337524414062e+01
-8.954779815673828125e+01,2.688095092773437500e+01
-8.954402923583984375e+01,2.687871742248535156e+01
-8.954416656494140625e+01,2.687909317016601562e+01
-8.954922485351562500e+01,2.688213920593261719e+01
-8.954686737060546875e+01,2.688076782226562500e+01
-8.954824829101562500e+01,2.688119125366210938e+01
-8.954913330078125000e+01,2.688199806213378906e+01
-8.954857635498046875e+01,2.688118171691894531e+01
-8.954487609863281250e+01,2.687885665893554688e+01
-8.954347991943359375e+01,2.687806129455566406e+01
-8.954868316650390625e+01,2.688104248046875000e+01
-8.954893493652343750e+01,2.688226127624511719e+01
-8.954592132568359375e+01,2.687900543212890625e+01
-8.954434967041015625e+01,2.687897109985351562e+01
-8.954655456542968750e+01,2.687958145141601562e+01
-8.954544830322265625e+01,2.687911224365234375e+01
-8.954797363281250000e+01,2.688057708740234375e+01
-8.954930877685546875e+01,2.688169288635253906e+01
-8.954774475097656250e+01,2.688072204589843750e+01
-8.954843902587890625e+01,2.688177680969238281e+01
-8.954756927490234375e+01,2.688128852844238281e+01
-8.954405975341796875e+01,2.687908554077148438e+01
-8.954883575439453125e+01,2.688133239746093750e+01
-8.954582977294921875e+01,2.687981986999511719e+01
-8.954456329345703125e+01,2.687839317321777344e+01
-8.954599761962890625e+01,2.688013076782226562e+01
-8.954796600341796875e+01,2.688140678405761719e+01
-8.954741668701171875e+01,2.688139915466308594e+01
-8.954957580566406250e+01,2.688201141357421875e+01
-8.954841613769531250e+01,2.688076210021972656e+01
-8.954355621337890625e+01,2.687817573547363281e+01
-8.954650115966796875e+01,2.688007354736328125e+01
-8.954762268066406250e+01,2.688097190856933594e+01
-8.954414367675781250e+01,2.687884330749511719e+01
-8.954630279541015625e+01,2.687971496582031250e+01
-8.954359436035156250e+01,2.687837982177734375e+01
-8.954508972167968750e+01,2.687960624694824219e+01
-8.954761505126953125e+01,2.688183784484863281e+01
-8.954824829101562500e+01,2.688178443908691406e+01
-8.954765319824218750e+01,2.688159751892089844e+01
-8.954732513427734375e+01,2.688020133972167969e+01
-8.954860687255859375e+01,2.688196563720703125e+01
-8.954949188232421875e+01,2.688249015808105469e+01
-8.954544067382812500e+01,2.687931823730468750e+01
-8.954695892333984375e+01,2.688007164001464844e+01
-8.954416656494140625e+01,2.687886238098144531e+01
-8.954441833496093750e+01,2.687851333618164062e+01
-8.954660034179687500e+01,2.688060379028320312e+01
-8.954978942871093750e+01,2.688239288330078125e+01
-8.954757690429687500e+01,2.688120841979980469e+01
-8.954657745361328125e+01,2.687946701049804688e+01
-8.954845428466796875e+01,2.688140678405761719e+01
-8.954670715332031250e+01,2.688089179992675781e+01
-8.954911804199218750e+01,2.688234710693359375e+01
-8.954836273193359375e+01,2.688154792785644531e+01
-8.954681396484375000e+01,2.688118362426757812e+01
-8.954838562011718750e+01,2.688097763061523438e+01
-8.954776000976562500e+01,2.688121986389160156e+01
-8.954515075683593750e+01,2.687966918945312500e+01
-8.954803466796875000e+01,2.688084602355957031e+01
-8.954613494873046875e+01,2.688041496276855469e+01
-8.954759216308593750e+01,2.688126564025878906e+01
-8.954788208007812500e+01,2.688121032714843750e+01
-8.954711914062500000e+01,2.688014030456542969e+01
-8.954811859130859375e+01,2.688209152221679688e+01
-8.954888153076171875e+01,2.688151359558105469e+01
-8.954681396484375000e+01,2.688119125366210938e+01
-8.954821014404296875e+01,2.688148117065429688e+01
-8.954827880859375000e+01,2.688091468811035156e+01
-8.954891204833984375e+01,2.688225936889648438e+01
-8.954906463623046875e+01,2.688246917724609375e+01
-8.954986572265625000e+01,2.688247680664062500e+01
-8.954788970947265625e+01,2.688072586059570312e+01
-8.954710388183593750e+01,2.688153076171875000e+01
-8.954611206054687500e+01,2.687986755371093750e+01
-8.954911804199218750e+01,2.688138961791992188e+01
-8.954832458496093750e+01,2.688229179382324219e+01
-8.954792785644531250e+01,2.688179397583007812e+01
-8.954749298095703125e+01,2.688132858276367188e+01
-8.954762268066406250e+01,2.688145637512207031e+01
-8.954492950439453125e+01,2.687856101989746094e+01
-8.954624938964843750e+01,2.688050651550292969e+01
-8.954308319091796875e+01,2.687810707092285156e+01
-8.954757690429687500e+01,2.688097000122070312e+01
-8.954446411132812500e+01,2.687923812866210938e+01
-8.954779052734375000e+01,2.688173294067382812e+01
-8.954855346679687500e+01,2.688116645812988281e+01
-8.954460144042968750e+01,2.687882804870605469e+01
-8.954902648925781250e+01,2.688202285766601562e+01
-8.954837799072265625e+01,2.688223838806152344e+01
-8.954533386230468750e+01,2.687910270690917969e+01
-8.954863739013671875e+01,2.688108634948730469e+01
-8.954711914062500000e+01,2.688015556335449219e+01
-8.954682922363281250e+01,2.687972450256347656e+01
-8.954535675048828125e+01,2.687977218627929688e+01
-8.954430389404296875e+01,2.687905693054199219e+01
-8.954520416259765625e+01,2.687907600402832031e+01
-8.954914855957031250e+01,2.688201332092285156e+01
-8.954605865478515625e+01,2.687922096252441406e+01
-8.954792022705078125e+01,2.688042449951171875e+01
-8.954830932617187500e+01,2.688145637512207031e+01
-8.954877471923828125e+01,2.688249588012695312e+01
-8.954764556884765625e+01,2.688006401062011719e+01
-8.954873657226562500e+01,2.688107872009277344e+01
-8.954453277587890625e+01,2.687869071960449219e+01
-8.954861450195312500e+01,2.688154220581054688e+01
-8.954573059082031250e+01,2.687913703918457031e+01
-8.954340362548828125e+01,2.687825012207031250e+01
-8.954989624023437500e+01,2.688278961181640625e+01
-8.954506683349609375e+01,2.687931060791015625e+01
-8.954539489746093750e+01,2.687894630432128906e+01
-8.954437255859375000e+01,2.687841033935546875e+01
-8.954576873779296875e+01,2.687961196899414062e+01
-8.954687500000000000e+01,2.688048934936523438e+01
-8.954766082763671875e+01,2.688010787963867188e+01
-8.954802703857421875e+01,2.688055801391601562e+01
-8.954969787597656250e+01,2.688217163085937500e+01
-8.954776763916015625e+01,2.688046646118164062e+01
-8.954948425292968750e+01,2.688224601745605469e+01
-8.954943084716796875e+01,2.688200378417968750e+01
-8.954750823974609375e+01,2.688039207458496094e+01
-8.954856109619140625e+01,2.688156318664550781e+01
-8.954802703857421875e+01,2.688204956054687500e+01
-8.954482269287109375e+01,2.687953948974609375e+01
-8.954796600341796875e+01,2.688068580627441406e+01
-8.954325103759765625e+01,2.687832641601562500e+01
-8.954917907714843750e+01,2.688186264038085938e+01
-8.954480743408203125e+01,2.687863349914550781e+01
-8.954705810546875000e+01,2.688014793395996094e+01
-8.954788208007812500e+01,2.688144874572753906e+01
-8.954625701904296875e+01,2.688052940368652344e+01
-8.954543304443359375e+01,2.687936401367187500e+01
-8.954714202880859375e+01,2.688145065307617188e+01
-8.954383850097656250e+01,2.687871551513671875e+01
-8.954802703857421875e+01,2.688207244873046875e+01
-8.954886627197265625e+01,2.688118553161621094e+01
-8.954899597167968750e+01,2.688226509094238281e+01
-8.954769134521484375e+01,2.688151168823242188e+01
-8.954793548583984375e+01,2.688183593750000000e+01
-8.954742431640625000e+01,2.688176918029785156e+01
-8.954789733886718750e+01,2.688207626342773438e+01
-8.954903411865234375e+01,2.688187599182128906e+01
-8.954818725585937500e+01,2.688177680969238281e+01
-8.954611206054687500e+01,2.687986183166503906e+01
-8.954420471191406250e+01,2.687876892089843750e+01
-8.954959106445312500e+01,2.688254928588867188e+01
-8.954354858398437500e+01,2.687842369079589844e+01
-8.954351806640625000e+01,2.687854766845703125e+01
-8.954389190673828125e+01,2.687891769409179688e+01
-8.954515838623046875e+01,2.687903785705566406e+01
-8.954351806640625000e+01,2.687803459167480469e+01
-8.954817199707031250e+01,2.688074684143066406e+01
-8.954891204833984375e+01,2.688252067565917969e+01
-8.954857635498046875e+01,2.688087654113769531e+01
-8.954602050781250000e+01,2.687956237792968750e+01
-8.954764556884765625e+01,2.688062858581542969e+01
-8.954814910888671875e+01,2.688101387023925781e+01
-8.954465484619140625e+01,2.687843322753906250e+01
-8.954746246337890625e+01,2.688016510009765625e+01
-8.954858398437500000e+01,2.688193511962890625e+01
-8.954467010498046875e+01,2.687907600402832031e+01
-8.954736328125000000e+01,2.688010406494140625e+01
-8.954497528076171875e+01,2.687958717346191406e+01
-8.954756164550781250e+01,2.688141250610351562e+01
-8.954779052734375000e+01,2.688106346130371094e+01
-8.954802703857421875e+01,2.688040924072265625e+01
-8.954725646972656250e+01,2.688108444213867188e+01
-8.954470062255859375e+01,2.687938308715820312e+01
-8.954801177978515625e+01,2.688117218017578125e+01
-8.954675292968750000e+01,2.687972068786621094e+01
-8.954895782470703125e+01,2.688143157958984375e+01
-8.954854583740234375e+01,2.688189506530761719e+01
-8.954511260986328125e+01,2.687913131713867188e+01
-8.954599761962890625e+01,2.687952613830566406e+01
-8.954640960693359375e+01,2.687957191467285156e+01
-8.954415130615234375e+01,2.687891387939453125e+01
-8.954576110839843750e+01,2.687991905212402344e+01
-8.954771423339843750e+01,2.688016319274902344e+01
-8.954676055908203125e+01,2.688118362426757812e+01
-8.954882812500000000e+01,2.688189315795898438e+01
-8.954360198974609375e+01,2.687832069396972656e+01
-8.954733276367187500e+01,2.688020324707031250e+01
-8.954586029052734375e+01,2.687977409362792969e+01
-8.954924011230468750e+01,2.688219070434570312e+01
-8.954825592041015625e+01,2.688138771057128906e+01
-8.954864501953125000e+01,2.688106536865234375e+01
-8.954481506347656250e+01,2.687895202636718750e+01
-8.954749298095703125e+01,2.688146209716796875e+01
-8.954598236083984375e+01,2.687989234924316406e+01
-8.954792022705078125e+01,2.688075256347656250e+01
-8.954650878906250000e+01,2.687982368469238281e+01
-8.954731750488281250e+01,2.688095664978027344e+01
-8.954581451416015625e+01,2.687955856323242188e+01
-8.954930114746093750e+01,2.688171005249023438e+01
-8.954703521728515625e+01,2.688002395629882812e+01
-8.954774475097656250e+01,2.688203811645507812e+01
-8.954442596435546875e+01,2.687871742248535156e+01
-8.954402160644531250e+01,2.687869644165039062e+01
-8.954827117919921875e+01,2.688177871704101562e+01
-8.954778289794921875e+01,2.688030052185058594e+01
-8.954875946044921875e+01,2.688145828247070312e+01
-8.954605865478515625e+01,2.687960624694824219e+01
-8.954768371582031250e+01,2.688018226623535156e+01
-8.954752349853515625e+01,2.688009262084960938e+01
-8.954393005371093750e+01,2.687871742248535156e+01
-8.954717254638671875e+01,2.688089179992675781e+01
-8.954965972900390625e+01,2.688206863403320312e+01
-8.954385375976562500e+01,2.687873268127441406e+01
-8.954648590087890625e+01,2.688015747070312500e+01
-8.954776000976562500e+01,2.688140869140625000e+01
-8.954934692382812500e+01,2.688181495666503906e+01
-8.954641723632812500e+01,2.688010406494140625e+01
-8.954641723632812500e+01,2.687944602966308594e+01
-8.954634094238281250e+01,2.688006401062011719e+01
-8.954637908935546875e+01,2.688023185729980469e+01
-8.954857635498046875e+01,2.688133430480957031e+01
-8.954607391357421875e+01,2.688021278381347656e+01
-8.954670715332031250e+01,2.687973594665527344e+01
-8.954844665527343750e+01,2.688226127624511719e+01
-8.954802703857421875e+01,2.688082313537597656e+01
-8.954856109619140625e+01,2.688120460510253906e+01
-8.954853820800781250e+01,2.688120460510253906e+01
-8.954402923583984375e+01,2.687843704223632812e+01
-8.954685974121093750e+01,2.688035202026367188e+01
-8.954525756835937500e+01,2.687915420532226562e+01
-8.954624176025390625e+01,2.688029479980468750e+01
-8.954410552978515625e+01,2.687887573242187500e+01
-8.954672241210937500e+01,2.688029289245605469e+01
-8.954734802246093750e+01,2.688010215759277344e+01
-8.954557037353515625e+01,2.687907218933105469e+01
-8.954618835449218750e+01,2.687969970703125000e+01
-8.954621124267578125e+01,2.687958145141601562e+01
-8.954624938964843750e+01,2.687973785400390625e+01
-8.954808807373046875e+01,2.688097190856933594e+01
-8.954406738281250000e+01,2.687885665893554688e+01
-8.954891204833984375e+01,2.688183784484863281e+01
-8.954444885253906250e+01,2.687923812866210938e+01
-8.954665374755859375e+01,2.688016510009765625e+01
-8.954393768310546875e+01,2.687892341613769531e+01
-8.954792022705078125e+01,2.688174629211425781e+01
-8.954745483398437500e+01,2.688020133972167969e+01
-8.954822540283203125e+01,2.688049697875976562e+01
-8.954442596435546875e+01,2.687886047363281250e+01
-8.954621124267578125e+01,2.687968444824218750e+01
-8.954761505126953125e+01,2.688166809082031250e+01
-8.954495239257812500e+01,2.687915802001953125e+01
-8.954827117919921875e+01,2.688210868835449219e+01
-8.954872894287109375e+01,2.688219833374023438e+01
-8.954544830322265625e+01,2.687917709350585938e+01
-8.954499053955078125e+01,2.687942695617675781e+01
-8.954474639892578125e+01,2.687953567504882812e+01
-8.954977416992187500e+01,2.688229560852050781e+01
-8.954583740234375000e+01,2.687899398803710938e+01
-8.954917144775390625e+01,2.688192939758300781e+01
-8.954743957519531250e+01,2.688143157958984375e+01
-8.954718780517578125e+01,2.688115882873535156e+01
-8.954707336425781250e+01,2.688051414489746094e+01
-8.954560852050781250e+01,2.687953186035156250e+01
-8.954917144775390625e+01,2.688226509094238281e+01
-8.954954528808593750e+01,2.688212394714355469e+01
-8.954791259765625000e+01,2.688089179992675781e+01
-8.954891204833984375e+01,2.688175201416015625e+01
-8.954878234863281250e+01,2.688235282897949219e+01
-8.954689025878906250e+01,2.687978172302246094e+01
-8.954510498046875000e+01,2.687871742248535156e+01
-8.954773712158203125e+01,2.688157463073730469e+01
-8.954792785644531250e+01,2.688158988952636719e+01
-8.954670715332031250e+01,2.687999534606933594e+01
-8.954637908935546875e+01,2.688002014160156250e+01
-8.954653167724609375e+01,2.688065719604492188e+01
-8.954726409912109375e+01,2.687992858886718750e+01
-8.954763793945312500e+01,2.688139152526855469e+01
-8.954615020751953125e+01,2.687994766235351562e+01
-8.954797363281250000e+01,2.688097572326660156e+01
-8.954660797119140625e+01,2.688031005859375000e+01
-8.954841613769531250e+01,2.688144302368164062e+01
-8.954721069335937500e+01,2.688097953796386719e+01
-8.954673004150390625e+01,2.688015937805175781e+01
-8.954734802246093750e+01,2.688072967529296875e+01
-8.954943847656250000e+01,2.688180732727050781e+01
-8.954807281494140625e+01,2.688210868835449219e+01
-8.954734039306640625e+01,2.688095855712890625e+01
-8.954721069335937500e+01,2.688011360168457031e+01
-8.954671478271484375e+01,2.687997817993164062e+01
-8.954603576660156250e+01,2.687952804565429688e+01
-8.954937744140625000e+01,2.688234901428222656e+01
-8.954589843750000000e+01,2.687976455688476562e+01
-8.954512023925781250e+01,2.687921714782714844e+01
-8.954494476318359375e+01,2.687883186340332031e+01
-8.954553985595703125e+01,2.687981986999511719e+01
-8.954587554931640625e+01,2.687934303283691406e+01
-8.954389190673828125e+01,2.687886619567871094e+01
-8.954692077636718750e+01,2.688094139099121094e+01
-8.954730987548828125e+01,2.688059806823730469e+01
-8.954605102539062500e+01,2.687960433959960938e+01
-8.954902648925781250e+01,2.688143157958984375e+01
-8.954748535156250000e+01,2.688166427612304688e+01
-8.954881286621093750e+01,2.688181877136230469e+01
-8.954972076416015625e+01,2.688231086730957031e+01
-8.954392242431640625e+01,2.687849235534667969e+01
-8.954940032958984375e+01,2.688253402709960938e+01
-8.954364013671875000e+01,2.687811660766601562e+01
-8.954490661621093750e+01,2.687867736816406250e+01
-8.954805755615234375e+01,2.688076591491699219e+01
-8.954891204833984375e+01,2.688221931457519531e+01
-8.954369354248046875e+01,2.687867736816406250e+01
-8.954905700683593750e+01,2.688144111633300781e+01
-8.954515838623046875e+01,2.687962341308593750e+01
-8.954763793945312500e+01,2.688118743896484375e+01
-8.954445648193359375e+01,2.687845420837402344e+01
-8.954476165771484375e+01,2.687942123413085938e+01
-8.954441833496093750e+01,2.687891578674316406e+01
-8.954710388183593750e+01,2.688007736206054688e+01
-8.954595947265625000e+01,2.687919044494628906e+01
-8.954658508300781250e+01,2.688003921508789062e+01
-8.954958343505859375e+01,2.688209152221679688e+01
-8.954904937744140625e+01,2.688181495666503906e+01
-8.954731750488281250e+01,2.688147354125976562e+01
-8.954741668701171875e+01,2.688177490234375000e+01
-8.954959106445312500e+01,2.688216400146484375e+01
-8.954478454589843750e+01,2.687867164611816406e+01
-8.954981994628906250e+01,2.688231086730957031e+01
-8.954529571533203125e+01,2.687928009033203125e+01
-8.954785919189453125e+01,2.688047218322753906e+01
-8.954692840576171875e+01,2.687985038757324219e+01
-8.954877471923828125e+01,2.688112449645996094e+01
-8.954762268066406250e+01,2.688027191162109375e+01
-8.954851531982421875e+01,2.688233375549316406e+01
-8.954432678222656250e+01,2.687920951843261719e+01
-8.954679870605468750e+01,2.688018798828125000e+01
-8.954770660400390625e+01,2.688192558288574219e+01
-8.954652404785156250e+01,2.687946128845214844e+01
-8.954382324218750000e+01,2.687855148315429688e+01
-8.954671478271484375e+01,2.687979698181152344e+01
-8.954822540283203125e+01,2.688168144226074219e+01
-8.954443359375000000e+01,2.687925910949707031e+01
-8.954831695556640625e+01,2.688121223449707031e+01
-8.954602813720703125e+01,2.688025474548339844e+01
-8.954714202880859375e+01,2.688028526306152344e+01
-8.954490661621093750e+01,2.687881278991699219e+01
-8.954602050781250000e+01,2.687955665588378906e+01
-8.954759216308593750e+01,2.688185501098632812e+01
-8.954833221435546875e+01,2.688069725036621094e+01
-8.954488372802734375e+01,2.687944793701171875e+01
-8.954457855224609375e+01,2.687915039062500000e+01
-8.954335784912109375e+01,2.687803459167480469e+01
-8.954902648925781250e+01,2.688137626647949219e+01
-8.954518890380859375e+01,2.687968444824218750e+01
-8.954924774169921875e+01,2.688181495666503906e+01
-8.954717254638671875e+01,2.688136863708496094e+01
-8.954458618164062500e+01,2.687900924682617188e+01
-8.954650878906250000e+01,2.688057136535644531e+01
-8.954821014404296875e+01,2.688081169128417969e+01
-8.954864501953125000e+01,2.688153839111328125e+01
-8.954735565185546875e+01,2.688139343261718750e+01
-8.954729461669921875e+01,2.688159751892089844e+01
-8.954662322998046875e+01,2.688085365295410156e+01
-8.954857635498046875e+01,2.688207626342773438e+01
-8.954842376708984375e+01,2.688119125366210938e+01
-8.954837036132812500e+01,2.688097190856933594e+01
-8.954775238037109375e+01,2.688069725036621094e+01
-8.954357910156250000e+01,2.687819480895996094e+01
-8.954711151123046875e+01,2.688085746765136719e+01
-8.954431152343750000e+01,2.687885665893554688e+01
-8.954859161376953125e+01,2.688159179687500000e+01
-8.954951477050781250e+01,2.688240623474121094e+01
-8.954558563232421875e+01,2.687953567504882812e+01
-8.954535675048828125e+01,2.687881660461425781e+01
-8.954407501220703125e+01,2.687866401672363281e+01
-8.954827880859375000e+01,2.688061141967773438e+01
-8.954787445068359375e+01,2.688083648681640625e+01
-8.954441070556640625e+01,2.687874412536621094e+01
-8.954713439941406250e+01,2.688064002990722656e+01
-8.954369354248046875e+01,2.687873268127441406e+01
-8.954708099365234375e+01,2.688125991821289062e+01
-8.954843902587890625e+01,2.688091087341308594e+01
-8.954668426513671875e+01,2.688035774230957031e+01
-8.954637145996093750e+01,2.687964630126953125e+01
-8.954901123046875000e+01,2.688247489929199219e+01
-8.954657745361328125e+01,2.688034057617187500e+01
-8.954733276367187500e+01,2.688002586364746094e+01
-8.954703521728515625e+01,2.688042068481445312e+01
-8.954751586914062500e+01,2.688038444519042969e+01
-8.954863739013671875e+01,2.688246154785156250e+01
-8.954589080810546875e+01,2.687946510314941406e+01
-8.954600524902343750e+01,2.687958145141601562e+01
-8.954821777343750000e+01,2.688182449340820312e+01
-8.954792785644531250e+01,2.688189697265625000e+01
-8.954515075683593750e+01,2.687929725646972656e+01
-8.954903411865234375e+01,2.688221931457519531e+01
-8.954340362548828125e+01,2.687821769714355469e+01
-8.954823303222656250e+01,2.688059234619140625e+01
-8.954873657226562500e+01,2.688153266906738281e+01
-8.954658508300781250e+01,2.688070487976074219e+01
-8.954924011230468750e+01,2.688220787048339844e+01
-8.954886627197265625e+01,2.688242721557617188e+01
-8.954811096191406250e+01,2.688064575195312500e+01
-8.954595184326171875e+01,2.687914657592773438e+01
-8.954394531250000000e+01,2.687816619873046875e+01
-8.954746246337890625e+01,2.688099861145019531e+01
-8.954827117919921875e+01,2.688119125366210938e+01
-8.954768371582031250e+01,2.688163185119628906e+01
-8.954775238037109375e+01,2.688162612915039062e+01
-8.954634857177734375e+01,2.687990379333496094e+01
-8.954409027099609375e+01,2.687893676757812500e+01
-8.954482269287109375e+01,2.687855720520019531e+01
-8.954748535156250000e+01,2.688093376159667969e+01
-8.954368591308593750e+01,2.687807083129882812e+01
-8.954541015625000000e+01,2.687940979003906250e+01
-8.954836273193359375e+01,2.688177871704101562e+01
-8.954895019531250000e+01,2.688185310363769531e+01
-8.954630279541015625e+01,2.688034057617187500e+01
-8.954692077636718750e+01,2.687986373901367188e+01
-8.954447174072265625e+01,2.687893676757812500e+01
-8.954487609863281250e+01,2.687909126281738281e+01
-8.954740905761718750e+01,2.688005065917968750e+01
-8.954824066162109375e+01,2.688121223449707031e+01
-8.954969024658203125e+01,2.688250160217285156e+01
-8.954786682128906250e+01,2.688054466247558594e+01
-8.954639434814453125e+01,2.688009262084960938e+01
-8.954930877685546875e+01,2.688168907165527344e+01
-8.954531097412109375e+01,2.687954902648925781e+01
-8.954406738281250000e+01,2.687893486022949219e+01
-8.954373168945312500e+01,2.687879371643066406e+01
-8.954886627197265625e+01,2.688170242309570312e+01
-8.954563140869140625e+01,2.687931442260742188e+01
-8.954328155517578125e+01,2.687826538085937500e+01
-8.954753112792968750e+01,2.688141822814941406e+01
-8.954743957519531250e+01,2.688125801086425781e+01
-8.954731750488281250e+01,2.688025856018066406e+01
-8.954719543457031250e+01,2.687989807128906250e+01
-8.954447937011718750e+01,2.687841796875000000e+01
-8.954650878906250000e+01,2.687980461120605469e+01
-8.954536437988281250e+01,2.687893295288085938e+01
-8.954693603515625000e+01,2.687998771667480469e+01
-8.954666900634765625e+01,2.688082695007324219e+01
-8.954742431640625000e+01,2.688039398193359375e+01
-8.954804992675781250e+01,2.688170242309570312e+01
-8.954975128173828125e+01,2.688256835937500000e+01
-8.954469299316406250e+01,2.687880325317382812e+01
-8.954569244384765625e+01,2.687977027893066406e+01
-8.954373168945312500e+01,2.687858200073242188e+01
-8.954762268066406250e+01,2.688079643249511719e+01
-8.954885101318359375e+01,2.688237190246582031e+01
-8.954544830322265625e+01,2.687884330749511719e+01
-8.954891204833984375e+01,2.688262557983398438e+01
-8.954958343505859375e+01,2.688225173950195312e+01
-8.954862976074218750e+01,2.688169479370117188e+01
-8.954700469970703125e+01,2.688043785095214844e+01
-8.954769134521484375e+01,2.688121032714843750e+01
-8.954825592041015625e+01,2.688064765930175781e+01
-8.954367828369140625e+01,2.687854385375976562e+01
-8.954800415039062500e+01,2.688186264038085938e+01
-8.954792785644531250e+01,2.688188743591308594e+01
-8.954687500000000000e+01,2.688113975524902344e+01
-8.954763793945312500e+01,2.688172340393066406e+01
-8.954911041259765625e+01,2.688148689270019531e+01
-8.954741668701171875e+01,2.688157081604003906e+01
-8.954780578613281250e+01,2.688046073913574219e+01
-8.954557800292968750e+01,2.687922859191894531e+01
-8.954346466064453125e+01,2.687831115722656250e+01
-8.954708862304687500e+01,2.688032913208007812e+01
-8.954447937011718750e+01,2.687857818603515625e+01
-8.954859161376953125e+01,2.688191986083984375e+01
-8.954816436767578125e+01,2.688151550292968750e+01
-8.954556274414062500e+01,2.687903404235839844e+01
-8.954411315917968750e+01,2.687866401672363281e+01
-8.954866027832031250e+01,2.688171577453613281e+01
-8.954873657226562500e+01,2.688207626342773438e+01
-8.954708099365234375e+01,2.688029861450195312e+01
-8.954886627197265625e+01,2.688186836242675781e+01
-8.954840087890625000e+01,2.688182640075683594e+01
-8.954416656494140625e+01,2.687878990173339844e+01
-8.954461669921875000e+01,2.687856674194335938e+01
-8.954835510253906250e+01,2.688150024414062500e+01
-8.954862976074218750e+01,2.688162994384765625e+01
-8.954776000976562500e+01,2.688087272644042969e+01
-8.954456329345703125e+01,2.687943840026855469e+01
-8.954697418212890625e+01,2.688027191162109375e+01
-8.954796600341796875e+01,2.688194847106933594e+01
-8.954862976074218750e+01,2.688151550292968750e+01
-8.954914093017578125e+01,2.688209724426269531e+01
-8.954557037353515625e+01,2.687965202331542969e+01
-8.954505920410156250e+01,2.687965583801269531e+01
-8.954470062255859375e+01,2.687878036499023438e+01
-8.954706573486328125e+01,2.687989616394042969e+01
-8.954627990722656250e+01,2.688014793395996094e+01
-8.954814147949218750e+01,2.688118553161621094e+01
-8.954685974121093750e+01,2.688116645812988281e+01
-8.954676818847656250e+01,2.688002204895019531e+01
-8.954811859130859375e+01,2.688192749023437500e+01
-8.954633331298828125e+01,2.688056564331054688e+01
-8.954701232910156250e+01,2.688137626647949219e+01
-8.954910278320312500e+01,2.688182258605957031e+01
-8.954524993896484375e+01,2.687924194335937500e+01
-8.954827117919921875e+01,2.688085556030273438e+01
-8.954641723632812500e+01,2.687967109680175781e+01
-8.954902648925781250e+01,2.688213920593261719e+01
-8.954732513427734375e+01,2.688073730468750000e+01
-8.954986572265625000e+01,2.688267707824707031e+01
-8.954489898681640625e+01,2.687914657592773438e+01
-8.954959106445312500e+01,2.688217544555664062e+01
-8.954494476318359375e+01,2.687895393371582031e+01
-8.954493713378906250e+01,2.687861251831054688e+01
-8.954695892333984375e+01,2.688113021850585938e+01
-8.954990386962890625e+01,2.688260078430175781e+01
-8.954771423339843750e+01,2.688155937194824219e+01
-8.954747772216796875e+01,2.688164329528808594e+01
-8.954815673828125000e+01,2.688045692443847656e+01
-8.954463958740234375e+01,2.687847900390625000e+01
-8.954883575439453125e+01,2.688226890563964844e+01
-8.954837036132812500e+01,2.688131332397460938e+01
-8.954689025878906250e+01,2.688054656982421875e+01
-8.954553985595703125e+01,2.687941169738769531e+01
-8.954628753662109375e+01,2.688027000427246094e+01
-8.954956817626953125e+01,2.688215446472167969e+01
-8.954727172851562500e+01,2.688054275512695312e+01
-8.954786682128906250e+01,2.688061714172363281e+01
-8.954412841796875000e+01,2.687822151184082031e+01
-8.954737854003906250e+01,2.688149452209472656e+01
-8.954965209960937500e+01,2.688230133056640625e+01
-8.954702758789062500e+01,2.688095474243164062e+01
-8.954674530029296875e+01,2.688095474243164062e+01
-8.954631042480468750e+01,2.688017845153808594e+01
-8.954492187500000000e+01,2.687910461425781250e+01
