longitude,latitude
-8.849921417236328125e+01,2.804170036315917969e+01
-8.849824523925781250e+01,2.804340553283691406e+01
-8.849677276611328125e+01,2.804488563537597656e+01
-8.848558044433593750e+01,2.805635261535644531e+01
-8.850373840332031250e+01,2.803705596923828125e+01
-8.848877716064453125e+01,2.805350875854492188e+01
-8.849710845947265625e+01,2.804492187500000000e+01
-8.850080108642578125e+01,2.804012680053710938e+01
-8.847415161132812500e+01,2.806643295288085938e+01
-8.849301147460937500e+01,2.804362487792968750e+01
-8.849887084960937500e+01,2.803944015502929688e+01
-8.848716735839843750e+01,2.805363464355468750e+01
-8.849906921386718750e+01,2.804095268249511719e+01
-8.847166442871093750e+01,2.806742095947265625e+01
-8.848263549804687500e+01,2.805885505676269531e+01
-8.850217437744140625e+01,2.804172134399414062e+01
-8.849868774414062500e+01,2.804402923583984375e+01
-8.849665069580078125e+01,2.804088401794433594e+01
-8.849118804931640625e+01,2.805184173583984375e+01
-8.849037170410156250e+01,2.805091094970703125e+01
-8.850184631347656250e+01,2.804271316528320312e+01
-8.849538421630859375e+01,2.804467582702636719e+01
-8.850450134277343750e+01,2.803783798217773438e+01
-8.849763488769531250e+01,2.804351806640625000e+01
-8.849588775634765625e+01,2.804563713073730469e+01
-8.848912811279296875e+01,2.805053710937500000e+01
-8.849216461181640625e+01,2.803991317749023438e+01
-8.847940063476562500e+01,2.805860519409179688e+01
-8.849249267578125000e+01,2.804898452758789062e+01
-8.848477172851562500e+01,2.805586051940917969e+01
-8.848298645019531250e+01,2.805684852600097656e+01
-8.847779846191406250e+01,2.806047248840332031e+01
-8.849429321289062500e+01,2.804586029052734375e+01
-8.849829864501953125e+01,2.804080963134765625e+01
-8.850012207031250000e+01,2.803806114196777344e+01
-8.849126434326171875e+01,2.805058670043945312e+01
-8.848899078369140625e+01,2.805182075500488281e+01
-8.849840545654296875e+01,2.804552078247070312e+01
-8.849588012695312500e+01,2.804115104675292969e+01
-8.848793029785156250e+01,2.805293655395507812e+01
-8.850496673583984375e+01,2.803738212585449219e+01
-8.849501037597656250e+01,2.804853439331054688e+01
-8.849545288085937500e+01,2.803934478759765625e+01
-8.849569702148437500e+01,2.804393959045410156e+01
-8.849313354492187500e+01,2.804062271118164062e+01
-8.849046325683593750e+01,2.805230903625488281e+01
-8.850102996826171875e+01,2.803767776489257812e+01
-8.849772644042968750e+01,2.804605674743652344e+01
-8.849233245849609375e+01,2.804811096191406250e+01
-8.848291015625000000e+01,2.805706405639648438e+01
-8.847819519042968750e+01,2.806064414978027344e+01
-8.849777221679687500e+01,2.804250335693359375e+01
-8.849696350097656250e+01,2.803968238830566406e+01
-8.848885345458984375e+01,2.805284500122070312e+01
-8.849633789062500000e+01,2.804033470153808594e+01
-8.848604583740234375e+01,2.805415534973144531e+01
-8.849495697021484375e+01,2.804747200012207031e+01
-8.848023223876953125e+01,2.805965805053710938e+01
-8.850369262695312500e+01,2.803779029846191406e+01
-8.849408721923828125e+01,2.804230880737304688e+01
-8.850396728515625000e+01,2.803919792175292969e+01
-8.849773406982421875e+01,2.804282569885253906e+01
-8.849694061279296875e+01,2.804535675048828125e+01
-8.849976348876953125e+01,2.803885650634765625e+01
-8.847113800048828125e+01,2.806688690185546875e+01
-8.849127960205078125e+01,2.805016899108886719e+01
-8.850231933593750000e+01,2.804160499572753906e+01
-8.849450683593750000e+01,2.804931640625000000e+01
-8.847184753417968750e+01,2.806745719909667969e+01
-8.849958801269531250e+01,2.804293823242187500e+01
-8.849707794189453125e+01,2.804193687438964844e+01
-8.848786163330078125e+01,2.805164909362792969e+01
-8.849139404296875000e+01,2.805113792419433594e+01
-8.847373199462890625e+01,2.806566810607910156e+01
-8.849512481689453125e+01,2.804442977905273438e+01
-8.849906921386718750e+01,2.804541206359863281e+01
-8.850330352783203125e+01,2.803732872009277344e+01
-8.848131561279296875e+01,2.805819129943847656e+01
-8.849655914306640625e+01,2.804034423828125000e+01
-8.848445892333984375e+01,2.805611610412597656e+01
-8.847676086425781250e+01,2.806288909912109375e+01
-8.849767303466796875e+01,2.804657745361328125e+01
-8.847578430175781250e+01,2.806473731994628906e+01
-8.847891235351562500e+01,2.806158256530761719e+01
-8.847426605224609375e+01,2.806606483459472656e+01
-8.849456787109375000e+01,2.804099082946777344e+01
-8.847431945800781250e+01,2.806455802917480469e+01
-8.849607086181640625e+01,2.804449462890625000e+01
-8.849143218994140625e+01,2.804973030090332031e+01
-8.849275207519531250e+01,2.805038070678710938e+01
-8.849804687500000000e+01,2.804582214355468750e+01
-8.849423980712890625e+01,2.804099082946777344e+01
-8.847100067138671875e+01,2.806724929809570312e+01
-8.848954772949218750e+01,2.805341911315917969e+01
-8.849353790283203125e+01,2.804145240783691406e+01
-8.850319671630859375e+01,2.803661155700683594e+01
-8.849457550048828125e+01,2.804765510559082031e+01
-8.849693298339843750e+01,2.803965759277343750e+01
-8.849022674560546875e+01,2.805149841308593750e+01
-8.849409484863281250e+01,2.804742622375488281e+01
-8.850347137451171875e+01,2.804024314880371094e+01
-8.850442504882812500e+01,2.803644371032714844e+01
-8.848397827148437500e+01,2.805739974975585938e+01
-8.847506713867187500e+01,2.806488609313964844e+01
-8.847807312011718750e+01,2.806128311157226562e+01
-8.849327087402343750e+01,2.804265022277832031e+01
-8.849708557128906250e+01,2.804442024230957031e+01
-8.850225830078125000e+01,2.804135322570800781e+01
-8.849481201171875000e+01,2.804581260681152344e+01
-8.849874877929687500e+01,2.804464912414550781e+01
-8.847304534912109375e+01,2.806637001037597656e+01
-8.849521636962890625e+01,2.804294967651367188e+01
-8.849896240234375000e+01,2.803897094726562500e+01
-8.850356292724609375e+01,2.803912353515625000e+01
-8.848728179931640625e+01,2.805309104919433594e+01
-8.850172424316406250e+01,2.804304885864257812e+01
-8.849794769287109375e+01,2.804200172424316406e+01
-8.847322845458984375e+01,2.806582069396972656e+01
-8.848478698730468750e+01,2.805490493774414062e+01
-8.850163269042968750e+01,2.804137229919433594e+01
-8.848667144775390625e+01,2.805575752258300781e+01
-8.850071716308593750e+01,2.804265785217285156e+01
-8.849464416503906250e+01,2.804075241088867188e+01
-8.849584197998046875e+01,2.804129219055175781e+01
-8.850016021728515625e+01,2.804410552978515625e+01
-8.847462463378906250e+01,2.806459236145019531e+01
-8.848141479492187500e+01,2.805776596069335938e+01
-8.847386169433593750e+01,2.806653976440429688e+01
-8.847079467773437500e+01,2.806731986999511719e+01
-8.849739837646484375e+01,2.804145431518554688e+01
-8.849290466308593750e+01,2.804037094116210938e+01
-8.850157928466796875e+01,2.804311561584472656e+01
-8.849671936035156250e+01,2.804444503784179688e+01
-8.849836730957031250e+01,2.804286193847656250e+01
-8.848901367187500000e+01,2.805153083801269531e+01
-8.850347137451171875e+01,2.804067039489746094e+01
-8.849922943115234375e+01,2.803998756408691406e+01
-8.850003814697265625e+01,2.803829383850097656e+01
-8.849653625488281250e+01,2.803970909118652344e+01
-8.849018859863281250e+01,2.805142402648925781e+01
-8.849935150146484375e+01,2.804472351074218750e+01
-8.847352600097656250e+01,2.806635093688964844e+01
-8.848136138916015625e+01,2.805713653564453125e+01
-8.848371887207031250e+01,2.805684280395507812e+01
-8.850067901611328125e+01,2.803934478759765625e+01
-8.847245788574218750e+01,2.806658172607421875e+01
-8.849717712402343750e+01,2.804630661010742188e+01
-8.848464965820312500e+01,2.805496215820312500e+01
-8.849552917480468750e+01,2.804477691650390625e+01
-8.850224304199218750e+01,2.803686714172363281e+01
-8.849292755126953125e+01,2.804938888549804688e+01
-8.849303436279296875e+01,2.804062461853027344e+01
-8.850370025634765625e+01,2.803807067871093750e+01
-8.849819183349609375e+01,2.804261016845703125e+01
-8.848214721679687500e+01,2.805917167663574219e+01
-8.849549102783203125e+01,2.804516792297363281e+01
-8.849495697021484375e+01,2.804155540466308594e+01
-8.848581695556640625e+01,2.805577850341796875e+01
-8.850128936767578125e+01,2.804360008239746094e+01
-8.848944854736328125e+01,2.805280876159667969e+01
-8.850410461425781250e+01,2.803684806823730469e+01
-8.849656677246093750e+01,2.804540824890136719e+01
-8.849447631835937500e+01,2.804589653015136719e+01
-8.848255157470703125e+01,2.805782127380371094e+01
-8.849636840820312500e+01,2.804021263122558594e+01
-8.847711944580078125e+01,2.806250000000000000e+01
-8.848764038085937500e+01,2.805257987976074219e+01
-8.848998260498046875e+01,2.805289268493652344e+01
-8.850392913818359375e+01,2.803971099853515625e+01
-8.849854278564453125e+01,2.804088592529296875e+01
-8.849476623535156250e+01,2.804141235351562500e+01
-8.848831939697265625e+01,2.805460166931152344e+01
-8.850017547607421875e+01,2.804071617126464844e+01
-8.849308776855468750e+01,2.804885673522949219e+01
-8.848348236083984375e+01,2.805765533447265625e+01
-8.848896026611328125e+01,2.805314064025878906e+01
-8.849468231201171875e+01,2.804505920410156250e+01
-8.849987792968750000e+01,2.804069519042968750e+01
-8.848318481445312500e+01,2.805718994140625000e+01
-8.848308563232421875e+01,2.805800056457519531e+01
-8.850403594970703125e+01,2.803972244262695312e+01
-8.847643280029296875e+01,2.806222152709960938e+01
-8.849716186523437500e+01,2.804555892944335938e+01
-8.849375915527343750e+01,2.804901123046875000e+01
-8.850096130371093750e+01,2.804326629638671875e+01
-8.849311828613281250e+01,2.804325866699218750e+01
-8.848384094238281250e+01,2.805591964721679688e+01
-8.847518920898437500e+01,2.806311798095703125e+01
-8.849386596679687500e+01,2.804302215576171875e+01
-8.848417663574218750e+01,2.805659103393554688e+01
-8.849492645263671875e+01,2.804650497436523438e+01
-8.848587799072265625e+01,2.805544090270996094e+01
-8.848528289794921875e+01,2.805620193481445312e+01
-8.849360656738281250e+01,2.804271888732910156e+01
-8.847724151611328125e+01,2.806049346923828125e+01
-8.847578430175781250e+01,2.806400108337402344e+01
-8.850052642822265625e+01,2.804078865051269531e+01
-8.849090576171875000e+01,2.805038833618164062e+01
-8.848958587646484375e+01,2.805310058593750000e+01
-8.848712158203125000e+01,2.805378150939941406e+01
-8.849366760253906250e+01,2.804422950744628906e+01
-8.849228668212890625e+01,2.804116058349609375e+01
-8.849343109130859375e+01,2.804089736938476562e+01
-8.849361419677734375e+01,2.804319000244140625e+01
-8.847872924804687500e+01,2.806064796447753906e+01
-8.849762725830078125e+01,2.804035758972167969e+01
-8.850037384033203125e+01,2.803806686401367188e+01
-8.849460601806640625e+01,2.804741287231445312e+01
-8.849726104736328125e+01,2.804145812988281250e+01
-8.850037384033203125e+01,2.804008293151855469e+01
-8.849200439453125000e+01,2.804096412658691406e+01
-8.850071716308593750e+01,2.803819847106933594e+01
-8.849249267578125000e+01,2.804889678955078125e+01
-8.849646759033203125e+01,2.804426383972167969e+01
-8.849746704101562500e+01,2.804325103759765625e+01
-8.850345611572265625e+01,2.804031944274902344e+01
-8.847620391845703125e+01,2.806380462646484375e+01
-8.849303436279296875e+01,2.804007530212402344e+01
-8.848755645751953125e+01,2.805281829833984375e+01
-8.849512481689453125e+01,2.804727745056152344e+01
-8.849719238281250000e+01,2.804615592956542969e+01
-8.849939727783203125e+01,2.804236602783203125e+01
-8.849407196044921875e+01,2.804480934143066406e+01
-8.849501800537109375e+01,2.804098129272460938e+01
-8.849930572509765625e+01,2.804452133178710938e+01
-8.849961090087890625e+01,2.803920745849609375e+01
-8.847356414794921875e+01,2.806692504882812500e+01
-8.849238586425781250e+01,2.804089927673339844e+01
-8.848525238037109375e+01,2.805560302734375000e+01
-8.850505828857421875e+01,2.803852462768554688e+01
-8.849726867675781250e+01,2.804202079772949219e+01
-8.847585296630859375e+01,2.806369590759277344e+01
-8.847430419921875000e+01,2.806558036804199219e+01
-8.849433898925781250e+01,2.804695129394531250e+01
-8.848060607910156250e+01,2.805784416198730469e+01
-8.849232482910156250e+01,2.804236030578613281e+01
-8.849819183349609375e+01,2.804215431213378906e+01
-8.849292755126953125e+01,2.804145622253417969e+01
-8.849939727783203125e+01,2.804023361206054688e+01
-8.847813415527343750e+01,2.806221771240234375e+01
-8.850247955322265625e+01,2.803734970092773438e+01
-8.847577667236328125e+01,2.806304168701171875e+01
-8.849708557128906250e+01,2.803940773010253906e+01
-8.847274017333984375e+01,2.806646537780761719e+01
-8.850023651123046875e+01,2.803783607482910156e+01
-8.849565124511718750e+01,2.804100990295410156e+01
-8.849181365966796875e+01,2.804920387268066406e+01
-8.847765350341796875e+01,2.806266403198242188e+01
-8.848781585693359375e+01,2.805443954467773438e+01
-8.850298309326171875e+01,2.803803443908691406e+01
-8.850425720214843750e+01,2.803700447082519531e+01
-8.848841094970703125e+01,2.805293273925781250e+01
-8.850124359130859375e+01,2.804311370849609375e+01
-8.848699951171875000e+01,2.805402565002441406e+01
-8.849243927001953125e+01,2.804793167114257812e+01
-8.847451782226562500e+01,2.806408119201660156e+01
-8.849816131591796875e+01,2.804032325744628906e+01
-8.849531555175781250e+01,2.804354476928710938e+01
-8.849477386474609375e+01,2.804030418395996094e+01
-8.849581909179687500e+01,2.804002952575683594e+01
-8.849352264404296875e+01,2.805015373229980469e+01
-8.849618530273437500e+01,2.804148864746093750e+01
-8.848600006103515625e+01,2.805391120910644531e+01
-8.847980499267578125e+01,2.806032562255859375e+01
-8.850157165527343750e+01,2.804016113281250000e+01
-8.847864532470703125e+01,2.806199264526367188e+01
-8.850144958496093750e+01,2.803923034667968750e+01
-8.847262573242187500e+01,2.806674385070800781e+01
-8.848459625244140625e+01,2.805495834350585938e+01
-8.849711608886718750e+01,2.804563713073730469e+01
-8.849943542480468750e+01,2.804291915893554688e+01
-8.849600982666015625e+01,2.804654121398925781e+01
-8.849362182617187500e+01,2.804278945922851562e+01
-8.847465515136718750e+01,2.806439018249511719e+01
-8.849670410156250000e+01,2.804372215270996094e+01
-8.849596405029296875e+01,2.804282379150390625e+01
-8.847826385498046875e+01,2.806227111816406250e+01
-8.849210357666015625e+01,2.805059242248535156e+01
-8.849713134765625000e+01,2.804259490966796875e+01
-8.848986053466796875e+01,2.804992485046386719e+01
-8.849292755126953125e+01,2.804194450378417969e+01
-8.849338531494140625e+01,2.804368782043457031e+01
-8.849757385253906250e+01,2.804487037658691406e+01
-8.847867584228515625e+01,2.805956649780273438e+01
-8.847318267822265625e+01,2.806593322753906250e+01
-8.847244262695312500e+01,2.806595039367675781e+01
-8.849867248535156250e+01,2.804187583923339844e+01
-8.847270965576171875e+01,2.806603050231933594e+01
-8.850455474853515625e+01,2.803695297241210938e+01
-8.849084472656250000e+01,2.804145240783691406e+01
-8.847689056396484375e+01,2.806266021728515625e+01
-8.848275756835937500e+01,2.805770301818847656e+01
-8.849058532714843750e+01,2.805067634582519531e+01
-8.849250030517578125e+01,2.804170227050781250e+01
-8.850287628173828125e+01,2.804053497314453125e+01
-8.849452972412109375e+01,2.804152297973632812e+01
-8.849752044677734375e+01,2.804476547241210938e+01
-8.850026702880859375e+01,2.804134559631347656e+01
-8.848500061035156250e+01,2.805484962463378906e+01
-8.849981689453125000e+01,2.804031753540039062e+01
-8.849031066894531250e+01,2.805090713500976562e+01
-8.849563598632812500e+01,2.804393768310546875e+01
-8.850344085693359375e+01,2.803743171691894531e+01
-8.850276184082031250e+01,2.804178810119628906e+01
-8.848310089111328125e+01,2.805608749389648438e+01
-8.849356842041015625e+01,2.804338073730468750e+01
-8.847558593750000000e+01,2.806514930725097656e+01
-8.848342895507812500e+01,2.805742263793945312e+01
-8.849159240722656250e+01,2.805004692077636719e+01
-8.849790954589843750e+01,2.804629516601562500e+01
-8.847978210449218750e+01,2.805994224548339844e+01
-8.848256683349609375e+01,2.805856132507324219e+01
-8.849474334716796875e+01,2.804336929321289062e+01
-8.848313140869140625e+01,2.805624389648437500e+01
-8.850149536132812500e+01,2.804215049743652344e+01
-8.849937438964843750e+01,2.804204177856445312e+01
-8.849597930908203125e+01,2.804318618774414062e+01
-8.850155639648437500e+01,2.803832435607910156e+01
-8.848818969726562500e+01,2.805412864685058594e+01
-8.849361419677734375e+01,2.804324340820312500e+01
-8.849619293212890625e+01,2.804472923278808594e+01
-8.848592376708984375e+01,2.805646896362304688e+01
-8.850002288818359375e+01,2.804445648193359375e+01
-8.849204254150390625e+01,2.804905700683593750e+01
-8.847879791259765625e+01,2.806074142456054688e+01
-8.850254821777343750e+01,2.804015159606933594e+01
-8.849756622314453125e+01,2.804421997070312500e+01
-8.847122192382812500e+01,2.806751251220703125e+01
-8.849170684814453125e+01,2.804016113281250000e+01
-8.849287414550781250e+01,2.804096031188964844e+01
-8.848441314697265625e+01,2.805723571777343750e+01
-8.849873352050781250e+01,2.803929519653320312e+01
-8.849890899658203125e+01,2.804470252990722656e+01
-8.848174285888671875e+01,2.805768585205078125e+01
-8.848305511474609375e+01,2.805594253540039062e+01
-8.849387359619140625e+01,2.804654884338378906e+01
-8.848728942871093750e+01,2.805353736877441406e+01
-8.848233795166015625e+01,2.805808258056640625e+01
-8.849601745605468750e+01,2.804428672790527344e+01
-8.849456024169921875e+01,2.804604530334472656e+01
-8.848987579345703125e+01,2.805131340026855469e+01
-8.848368835449218750e+01,2.805789756774902344e+01
-8.849001312255859375e+01,2.805069732666015625e+01
-8.847716522216796875e+01,2.806348800659179688e+01
-8.848269653320312500e+01,2.805717277526855469e+01
-8.849045562744140625e+01,2.805029296875000000e+01
-8.848571014404296875e+01,2.805614471435546875e+01
-8.849460601806640625e+01,2.804041481018066406e+01
-8.849625396728515625e+01,2.803937721252441406e+01
-8.849269866943359375e+01,2.804123687744140625e+01
-8.849808502197265625e+01,2.804495620727539062e+01
-8.849996948242187500e+01,2.803866195678710938e+01
-8.849581146240234375e+01,2.804439353942871094e+01
-8.847871398925781250e+01,2.806190109252929688e+01
-8.849372863769531250e+01,2.804364395141601562e+01
-8.847925567626953125e+01,2.806083679199218750e+01
-8.848017120361328125e+01,2.805886650085449219e+01
-8.849503326416015625e+01,2.804797363281250000e+01
-8.849375915527343750e+01,2.804651451110839844e+01
-8.850096130371093750e+01,2.804182815551757812e+01
-8.847840881347656250e+01,2.806077003479003906e+01
-8.848607635498046875e+01,2.805591392517089844e+01
-8.849695587158203125e+01,2.804461669921875000e+01
-8.849517059326171875e+01,2.804127883911132812e+01
-8.849912261962890625e+01,2.803962326049804688e+01
-8.848471069335937500e+01,2.805536270141601562e+01
-8.847402191162109375e+01,2.806426048278808594e+01
-8.847174072265625000e+01,2.806666946411132812e+01
-8.847756958007812500e+01,2.806198120117187500e+01
-8.847544860839843750e+01,2.806307029724121094e+01
-8.850016021728515625e+01,2.803800201416015625e+01
-8.847541046142578125e+01,2.806504249572753906e+01
-8.848870086669921875e+01,2.805220413208007812e+01
-8.849107360839843750e+01,2.804902839660644531e+01
-8.849003601074218750e+01,2.805293655395507812e+01
-8.849744415283203125e+01,2.804121589660644531e+01
-8.849786376953125000e+01,2.803909301757812500e+01
-8.848815917968750000e+01,2.805270957946777344e+01
-8.849521636962890625e+01,2.804034614562988281e+01
-8.849394989013671875e+01,2.803990936279296875e+01
-8.848178100585937500e+01,2.805798149108886719e+01
-8.850136566162109375e+01,2.803766059875488281e+01
-8.848880767822265625e+01,2.805206489562988281e+01
-8.847702789306640625e+01,2.806091117858886719e+01
-8.850009155273437500e+01,2.804445266723632812e+01
-8.850403594970703125e+01,2.803702735900878906e+01
-8.850407409667968750e+01,2.803821182250976562e+01
-8.849987030029296875e+01,2.804077339172363281e+01
-8.849578094482421875e+01,2.804288673400878906e+01
-8.849295806884765625e+01,2.804178237915039062e+01
-8.848455047607421875e+01,2.805516242980957031e+01
-8.850009155273437500e+01,2.804399681091308594e+01
-8.849240875244140625e+01,2.805047988891601562e+01
-8.849916839599609375e+01,2.803867530822753906e+01
-8.849602508544921875e+01,2.804690361022949219e+01
-8.849214172363281250e+01,2.804066467285156250e+01
-8.849569702148437500e+01,2.804299545288085938e+01
-8.850331115722656250e+01,2.803801536560058594e+01
-8.850247192382812500e+01,2.803726005554199219e+01
-8.847835540771484375e+01,2.806012725830078125e+01
-8.849610137939453125e+01,2.804635047912597656e+01
-8.850163269042968750e+01,2.804042816162109375e+01
-8.849569702148437500e+01,2.804751014709472656e+01
-8.849117279052734375e+01,2.804217147827148438e+01
-8.848989868164062500e+01,2.805023193359375000e+01
-8.850197601318359375e+01,2.804043769836425781e+01
-8.848532867431640625e+01,2.805459594726562500e+01
-8.850225830078125000e+01,2.804034042358398438e+01
-8.847639465332031250e+01,2.806128692626953125e+01
-8.847796630859375000e+01,2.806113815307617188e+01
-8.850200653076171875e+01,2.803803443908691406e+01
-8.849913024902343750e+01,2.803884315490722656e+01
-8.848112487792968750e+01,2.805960273742675781e+01
-8.847916412353515625e+01,2.806024360656738281e+01
-8.849664306640625000e+01,2.804386329650878906e+01
-8.849353790283203125e+01,2.804989814758300781e+01
-8.847379302978515625e+01,2.806666755676269531e+01
-8.850401306152343750e+01,2.803950881958007812e+01
-8.849057769775390625e+01,2.805072021484375000e+01
-8.847806549072265625e+01,2.806226539611816406e+01
-8.849639892578125000e+01,2.804362487792968750e+01
-8.847507476806640625e+01,2.806418991088867188e+01
-8.847633361816406250e+01,2.806324195861816406e+01
-8.850195312500000000e+01,2.804141998291015625e+01
-8.848311614990234375e+01,2.805700302124023438e+01
-8.848445129394531250e+01,2.805471992492675781e+01
-8.847933197021484375e+01,2.805932617187500000e+01
-8.849374389648437500e+01,2.804708290100097656e+01
-8.849082183837890625e+01,2.804122924804687500e+01
-8.849399566650390625e+01,2.804254341125488281e+01
-8.848965454101562500e+01,2.805310249328613281e+01
-8.849118804931640625e+01,2.804940986633300781e+01
-8.849837493896484375e+01,2.804549598693847656e+01
-8.850287628173828125e+01,2.803870010375976562e+01
-8.849568939208984375e+01,2.804174995422363281e+01
-8.849585723876953125e+01,2.804264640808105469e+01
-8.849340820312500000e+01,2.804300117492675781e+01
-8.849877166748046875e+01,2.803977394104003906e+01
-8.849420928955078125e+01,2.804256248474121094e+01
-8.850161743164062500e+01,2.803773498535156250e+01
-8.850388336181640625e+01,2.804016494750976562e+01
-8.847851562500000000e+01,2.805955505371093750e+01
-8.848709869384765625e+01,2.805217361450195312e+01
-8.847333526611328125e+01,2.806552696228027344e+01
-8.850218200683593750e+01,2.803729629516601562e+01
-8.848735809326171875e+01,2.805241584777832031e+01
-8.849704742431640625e+01,2.804143142700195312e+01
-8.850096130371093750e+01,2.804108238220214844e+01
-8.849375915527343750e+01,2.804720687866210938e+01
-8.849521636962890625e+01,2.804558372497558594e+01
-8.849025726318359375e+01,2.805249214172363281e+01
-8.849742126464843750e+01,2.804084014892578125e+01
-8.848939514160156250e+01,2.805153465270996094e+01
-8.849605560302734375e+01,2.804380416870117188e+01
-8.849479675292968750e+01,2.804434776306152344e+01
-8.848480224609375000e+01,2.805550575256347656e+01
-8.849892425537109375e+01,2.804066658020019531e+01
-8.848356628417968750e+01,2.805744743347167969e+01
-8.850133514404296875e+01,2.803839683532714844e+01
-8.848987579345703125e+01,2.805294609069824219e+01
-8.849327087402343750e+01,2.804172515869140625e+01
-8.849951934814453125e+01,2.803995513916015625e+01
-8.848187255859375000e+01,2.805847740173339844e+01
-8.849729919433593750e+01,2.804282379150390625e+01
-8.849433135986328125e+01,2.804031562805175781e+01
-8.848480987548828125e+01,2.805738258361816406e+01
-8.848516082763671875e+01,2.805439758300781250e+01
-8.850392150878906250e+01,2.803837966918945312e+01
-8.850418853759765625e+01,2.803722763061523438e+01
-8.848819732666015625e+01,2.805207824707031250e+01
-8.848767089843750000e+01,2.805377960205078125e+01
-8.849881744384765625e+01,2.804301261901855469e+01
-8.849406433105468750e+01,2.804159736633300781e+01
-8.848925781250000000e+01,2.805032730102539062e+01
-8.848137664794921875e+01,2.805957984924316406e+01
-8.847734069824218750e+01,2.806274604797363281e+01
-8.848043060302734375e+01,2.805906486511230469e+01
-8.849153900146484375e+01,2.804883384704589844e+01
-8.849259948730468750e+01,2.804225540161132812e+01
-8.850253295898437500e+01,2.803846168518066406e+01
-8.847496032714843750e+01,2.806564903259277344e+01
-8.849143981933593750e+01,2.804138374328613281e+01
-8.850099945068359375e+01,2.804082107543945312e+01
-8.849458312988281250e+01,2.804877853393554688e+01
-8.849516296386718750e+01,2.804104995727539062e+01
-8.849452972412109375e+01,2.804853820800781250e+01
-8.847790527343750000e+01,2.806175422668457031e+01
-8.849677276611328125e+01,2.804230117797851562e+01
-8.849733734130859375e+01,2.804679870605468750e+01
-8.850521850585937500e+01,2.803751373291015625e+01
-8.849320983886718750e+01,2.804367256164550781e+01
-8.849411773681640625e+01,2.804184150695800781e+01
-8.850452423095703125e+01,2.803841018676757812e+01
-8.848232269287109375e+01,2.805768775939941406e+01
-8.847702026367187500e+01,2.806320190429687500e+01
-8.849201965332031250e+01,2.805094337463378906e+01
-8.849591064453125000e+01,2.804089927673339844e+01
-8.849282836914062500e+01,2.804194831848144531e+01
-8.847217559814453125e+01,2.806657981872558594e+01
-8.849765777587890625e+01,2.804257965087890625e+01
-8.849840545654296875e+01,2.804577255249023438e+01
-8.849133300781250000e+01,2.804133987426757812e+01
-8.847527313232421875e+01,2.806518745422363281e+01
-8.850129699707031250e+01,2.804061698913574219e+01
-8.849611663818359375e+01,2.804634094238281250e+01
-8.849388122558593750e+01,2.804281044006347656e+01
-8.850016784667968750e+01,2.804137992858886719e+01
-8.848145294189453125e+01,2.805740356445312500e+01
-8.847841644287109375e+01,2.806044769287109375e+01
-8.849160766601562500e+01,2.804072189331054688e+01
-8.849388122558593750e+01,2.804009056091308594e+01
-8.850205993652343750e+01,2.804155158996582031e+01
-8.850083160400390625e+01,2.804233741760253906e+01
-8.849349212646484375e+01,2.803987503051757812e+01
-8.849457550048828125e+01,2.804916000366210938e+01
-8.850467681884765625e+01,2.803868293762207031e+01
-8.847322082519531250e+01,2.806508255004882812e+01
-8.849594116210937500e+01,2.804279518127441406e+01
-8.847810363769531250e+01,2.806123542785644531e+01
-8.848819732666015625e+01,2.805220031738281250e+01
-8.849863433837890625e+01,2.803929328918457031e+01
-8.849221038818359375e+01,2.804034042358398438e+01
-8.850114440917968750e+01,2.804268074035644531e+01
-8.849384307861328125e+01,2.804290580749511719e+01
-8.848738861083984375e+01,2.805511474609375000e+01
-8.849757385253906250e+01,2.804384422302246094e+01
-8.847380065917968750e+01,2.806580352783203125e+01
-8.850341796875000000e+01,2.803726387023925781e+01
-8.850006103515625000e+01,2.803885841369628906e+01
-8.848540496826171875e+01,2.805588150024414062e+01
-8.850315856933593750e+01,2.803737449645996094e+01
-8.848157501220703125e+01,2.805740737915039062e+01
-8.849167633056640625e+01,2.804957008361816406e+01
-8.848057556152343750e+01,2.805954742431640625e+01
-8.849019622802734375e+01,2.805236434936523438e+01
-8.848550415039062500e+01,2.805550956726074219e+01
-8.849503326416015625e+01,2.804678916931152344e+01
-8.849165344238281250e+01,2.805022239685058594e+01
-8.850198364257812500e+01,2.804074287414550781e+01
-8.848374938964843750e+01,2.805651855468750000e+01
-8.849172210693359375e+01,2.805133628845214844e+01
-8.847928619384765625e+01,2.805977439880371094e+01
-8.848023986816406250e+01,2.805883216857910156e+01
-8.847360992431640625e+01,2.806660079956054688e+01
-8.848352813720703125e+01,2.805731582641601562e+01
-8.850257110595703125e+01,2.803790855407714844e+01
-8.850068664550781250e+01,2.804419326782226562e+01
-8.849777221679687500e+01,2.804405593872070312e+01
-8.850328826904296875e+01,2.803856277465820312e+01
-8.849691009521484375e+01,2.804351615905761719e+01
-8.848794555664062500e+01,2.805266189575195312e+01
-8.850376892089843750e+01,2.803721809387207031e+01
-8.849388885498046875e+01,2.804327011108398438e+01
-8.850311279296875000e+01,2.803789520263671875e+01
-8.848121643066406250e+01,2.805923843383789062e+01
-8.847595214843750000e+01,2.806465911865234375e+01
-8.849569702148437500e+01,2.804423522949218750e+01
-8.849716186523437500e+01,2.804166412353515625e+01
-8.849527740478515625e+01,2.804705047607421875e+01
-8.848818206787109375e+01,2.805349540710449219e+01
-8.847198486328125000e+01,2.806703567504882812e+01
-8.849596405029296875e+01,2.804598045349121094e+01
-8.849940490722656250e+01,2.803909111022949219e+01
-8.849603271484375000e+01,2.804093551635742188e+01
-8.847684478759765625e+01,2.806104469299316406e+01
-8.847599792480468750e+01,2.806325721740722656e+01
-8.849313354492187500e+01,2.805021095275878906e+01
-8.850115203857421875e+01,2.804094886779785156e+01
-8.849893951416015625e+01,2.804134750366210938e+01
-8.848892211914062500e+01,2.805188369750976562e+01
-8.848422241210937500e+01,2.805547523498535156e+01
-8.847914886474609375e+01,2.805961036682128906e+01
-8.848277282714843750e+01,2.805734443664550781e+01
-8.847614288330078125e+01,2.806197738647460938e+01
-8.850200653076171875e+01,2.804166221618652344e+01
-8.847651672363281250e+01,2.806243705749511719e+01
-8.849424743652343750e+01,2.804639434814453125e+01
-8.849935150146484375e+01,2.803907203674316406e+01
-8.850099945068359375e+01,2.804034805297851562e+01
-8.849447631835937500e+01,2.804290008544921875e+01
-8.849407958984375000e+01,2.804205513000488281e+01
-8.849639129638671875e+01,2.804029083251953125e+01
-8.848583984375000000e+01,2.805529594421386719e+01
-8.849342346191406250e+01,2.804866600036621094e+01
-8.849867248535156250e+01,2.803915405273437500e+01
-8.850021362304687500e+01,2.803808593750000000e+01
-8.849988555908203125e+01,2.803841400146484375e+01
-8.850389099121093750e+01,2.803960418701171875e+01
-8.848406219482421875e+01,2.805791282653808594e+01
-8.849752044677734375e+01,2.804188346862792969e+01
-8.849555969238281250e+01,2.804820632934570312e+01
-8.849429321289062500e+01,2.804186248779296875e+01
-8.849821472167968750e+01,2.804510116577148438e+01
-8.848028564453125000e+01,2.805997085571289062e+01
-8.849494934082031250e+01,2.804466819763183594e+01
-8.848456573486328125e+01,2.805558013916015625e+01
-8.847789001464843750e+01,2.806140327453613281e+01
-8.848897552490234375e+01,2.805390167236328125e+01
-8.847490692138671875e+01,2.806463050842285156e+01
-8.847592163085937500e+01,2.806407356262207031e+01
-8.849228668212890625e+01,2.805042839050292969e+01
-8.849515533447265625e+01,2.804521179199218750e+01
-8.849971771240234375e+01,2.803825378417968750e+01
-8.850360870361328125e+01,2.803703308105468750e+01
-8.850048065185546875e+01,2.803967666625976562e+01
-8.849459075927734375e+01,2.804796218872070312e+01
-8.850174713134765625e+01,2.804159736633300781e+01
-8.848772430419921875e+01,2.805382728576660156e+01
-8.849787902832031250e+01,2.804035186767578125e+01
-8.849619293212890625e+01,2.804666709899902344e+01
-8.848320770263671875e+01,2.805603599548339844e+01
-8.849926757812500000e+01,2.804299926757812500e+01
-8.847951507568359375e+01,2.806071281433105469e+01
-8.848905181884765625e+01,2.805045700073242188e+01
-8.849410247802734375e+01,2.804846000671386719e+01
-8.849378967285156250e+01,2.804135322570800781e+01
-8.849686431884765625e+01,2.804275512695312500e+01
-8.850258636474609375e+01,2.804164123535156250e+01
-8.849077606201171875e+01,2.805207252502441406e+01
-8.847457122802734375e+01,2.806592750549316406e+01
-8.847834014892578125e+01,2.805997276306152344e+01
-8.849657440185546875e+01,2.804434967041015625e+01
-8.849387359619140625e+01,2.804120635986328125e+01
-8.849955749511718750e+01,2.803980064392089844e+01
-8.849279022216796875e+01,2.805046463012695312e+01
-8.850225067138671875e+01,2.804076957702636719e+01
-8.849636077880859375e+01,2.803940010070800781e+01
-8.849344635009765625e+01,2.804004096984863281e+01
-8.848912811279296875e+01,2.805274772644042969e+01
-8.847116851806640625e+01,2.806681442260742188e+01
-8.849468231201171875e+01,2.804106521606445312e+01
-8.850303649902343750e+01,2.804064369201660156e+01
-8.848230743408203125e+01,2.805893516540527344e+01
-8.847593688964843750e+01,2.806429100036621094e+01
-8.847196197509765625e+01,2.806728363037109375e+01
-8.849881744384765625e+01,2.804272651672363281e+01
-8.847210693359375000e+01,2.806617736816406250e+01
-8.849623107910156250e+01,2.804614639282226562e+01
-8.849964904785156250e+01,2.803906059265136719e+01
-8.848500823974609375e+01,2.805565071105957031e+01
-8.849280548095703125e+01,2.804740333557128906e+01
-8.850267791748046875e+01,2.803956985473632812e+01
-8.849556732177734375e+01,2.804726219177246094e+01
-8.850211334228515625e+01,2.804099082946777344e+01
-8.847451782226562500e+01,2.806480979919433594e+01
-8.847633361816406250e+01,2.806124114990234375e+01
-8.849538421630859375e+01,2.804287528991699219e+01
-8.849179077148437500e+01,2.805103492736816406e+01
-8.848943328857421875e+01,2.805237388610839844e+01
-8.847782897949218750e+01,2.806139183044433594e+01
-8.850167083740234375e+01,2.803834533691406250e+01
-8.848499298095703125e+01,2.805635452270507812e+01
-8.850014495849609375e+01,2.804252433776855469e+01
-8.847357940673828125e+01,2.806576919555664062e+01
-8.849349975585937500e+01,2.804088401794433594e+01
-8.849494934082031250e+01,2.804125022888183594e+01
-8.847865295410156250e+01,2.805936622619628906e+01
-8.847790527343750000e+01,2.806269645690917969e+01
-8.848043823242187500e+01,2.805807304382324219e+01
-8.849758148193359375e+01,2.804065322875976562e+01
-8.848652648925781250e+01,2.805484580993652344e+01
-8.849384307861328125e+01,2.804291534423828125e+01
-8.849202728271484375e+01,2.804112243652343750e+01
-8.849069976806640625e+01,2.804107093811035156e+01
-8.847276306152343750e+01,2.806556320190429688e+01
-8.849221038818359375e+01,2.804838562011718750e+01
-8.849476623535156250e+01,2.804800796508789062e+01
-8.847915649414062500e+01,2.805949020385742188e+01
-8.849543762207031250e+01,2.804453086853027344e+01
-8.849542236328125000e+01,2.804593658447265625e+01
-8.849726867675781250e+01,2.804677581787109375e+01
-8.848561096191406250e+01,2.805602455139160156e+01
-8.849585723876953125e+01,2.804121780395507812e+01
-8.849732208251953125e+01,2.804299926757812500e+01
-8.850010681152343750e+01,2.804281044006347656e+01
-8.849362945556640625e+01,2.804076957702636719e+01
-8.848289489746093750e+01,2.805627441406250000e+01
-8.848376464843750000e+01,2.805623817443847656e+01
-8.849830627441406250e+01,2.804449653625488281e+01
-8.848091125488281250e+01,2.805896568298339844e+01
-8.848685455322265625e+01,2.805594635009765625e+01
-8.849040985107421875e+01,2.804982948303222656e+01
-8.850034332275390625e+01,2.803958892822265625e+01
-8.849132537841796875e+01,2.804893875122070312e+01
-8.849355316162109375e+01,2.804861068725585938e+01
-8.849806213378906250e+01,2.804101562500000000e+01
-8.849198150634765625e+01,2.804911613464355469e+01
-8.850102233886718750e+01,2.804395294189453125e+01
-8.849473571777343750e+01,2.804196548461914062e+01
-8.850027465820312500e+01,2.804183006286621094e+01
-8.849260711669921875e+01,2.804994010925292969e+01
-8.849371337890625000e+01,2.804015731811523438e+01
-8.849893951416015625e+01,2.804265594482421875e+01
-8.847934722900390625e+01,2.806137466430664062e+01
-8.849303436279296875e+01,2.804722595214843750e+01
-8.848839569091796875e+01,2.805391311645507812e+01
-8.849069213867187500e+01,2.804987716674804688e+01
-8.849414825439453125e+01,2.804436683654785156e+01
-8.850502777099609375e+01,2.803828239440917969e+01
-8.847909545898437500e+01,2.806044387817382812e+01
-8.849114990234375000e+01,2.805150794982910156e+01
-8.847897338867187500e+01,2.806063270568847656e+01
-8.847775268554687500e+01,2.806292533874511719e+01
-8.849508666992187500e+01,2.804188728332519531e+01
-8.849902343750000000e+01,2.804352188110351562e+01
-8.849170684814453125e+01,2.804860877990722656e+01
-8.849926757812500000e+01,2.803898239135742188e+01
-8.847707366943359375e+01,2.806275558471679688e+01
-8.848308563232421875e+01,2.805739593505859375e+01
-8.850177001953125000e+01,2.803869438171386719e+01
-8.849072265625000000e+01,2.804980278015136719e+01
-8.849970245361328125e+01,2.803898048400878906e+01
-8.849962615966796875e+01,2.804080581665039062e+01
-8.847223663330078125e+01,2.806708908081054688e+01
-8.847239685058593750e+01,2.806619834899902344e+01
-8.847598266601562500e+01,2.806175422668457031e+01
-8.849412536621093750e+01,2.804869461059570312e+01
-8.850433349609375000e+01,2.803941154479980469e+01
-8.850270843505859375e+01,2.803853607177734375e+01
-8.849388122558593750e+01,2.804670715332031250e+01
-8.850048828125000000e+01,2.803902435302734375e+01
-8.848472595214843750e+01,2.805746650695800781e+01
-8.849031829833984375e+01,2.805055999755859375e+01
-8.849670410156250000e+01,2.804508590698242188e+01
-8.848192596435546875e+01,2.805817031860351562e+01
-8.849159240722656250e+01,2.805029487609863281e+01
-8.849578094482421875e+01,2.804515266418457031e+01
-8.849611663818359375e+01,2.804659652709960938e+01
-8.848455047607421875e+01,2.805734443664550781e+01
-8.849484252929687500e+01,2.804444503784179688e+01
-8.849127960205078125e+01,2.804049110412597656e+01
-8.847658538818359375e+01,2.806325149536132812e+01
-8.849555969238281250e+01,2.804594802856445312e+01
-8.849951171875000000e+01,2.804431724548339844e+01
-8.849903869628906250e+01,2.804210853576660156e+01
-8.847624969482421875e+01,2.806321334838867188e+01
-8.848996734619140625e+01,2.805257034301757812e+01
-8.849581146240234375e+01,2.804312133789062500e+01
-8.847262573242187500e+01,2.806731224060058594e+01
-8.847650146484375000e+01,2.806388473510742188e+01
-8.848940277099609375e+01,2.805296516418457031e+01
-8.849375915527343750e+01,2.804312324523925781e+01
-8.848334503173828125e+01,2.805629348754882812e+01
-8.849382781982421875e+01,2.804722213745117188e+01
-8.847325897216796875e+01,2.806550216674804688e+01
-8.849538421630859375e+01,2.804419898986816406e+01
-8.848416137695312500e+01,2.805502891540527344e+01
-8.847654724121093750e+01,2.806310081481933594e+01
-8.850000762939453125e+01,2.803817749023437500e+01
-8.849224090576171875e+01,2.804206275939941406e+01
-8.850387573242187500e+01,2.803926467895507812e+01
-8.850192260742187500e+01,2.804170036315917969e+01
-8.850034332275390625e+01,2.803944969177246094e+01
-8.850142669677734375e+01,2.804298591613769531e+01
-8.850012969970703125e+01,2.804446792602539062e+01
-8.850460815429687500e+01,2.803796768188476562e+01
-8.850303649902343750e+01,2.803928756713867188e+01
-8.847309875488281250e+01,2.806562232971191406e+01
-8.849781036376953125e+01,2.804059410095214844e+01
-8.847435760498046875e+01,2.806428909301757812e+01
-8.850028228759765625e+01,2.804170036315917969e+01
-8.849691009521484375e+01,2.804277229309082031e+01
-8.847413635253906250e+01,2.806433868408203125e+01
-8.849383544921875000e+01,2.804465866088867188e+01
-8.849470520019531250e+01,2.804653549194335938e+01
-8.849939727783203125e+01,2.803873634338378906e+01
-8.849667358398437500e+01,2.804507064819335938e+01
-8.847274780273437500e+01,2.806650161743164062e+01
-8.848834228515625000e+01,2.805164527893066406e+01
-8.848542022705078125e+01,2.805472564697265625e+01
-8.849652099609375000e+01,2.804607200622558594e+01
-8.847323608398437500e+01,2.806546401977539062e+01
-8.849272155761718750e+01,2.804959487915039062e+01
-8.849238586425781250e+01,2.804189872741699219e+01
-8.848571777343750000e+01,2.805359077453613281e+01
-8.847814941406250000e+01,2.806234359741210938e+01
-8.847615051269531250e+01,2.806230354309082031e+01
-8.847713470458984375e+01,2.806095504760742188e+01
-8.848558807373046875e+01,2.805415534973144531e+01
-8.850067901611328125e+01,2.804022789001464844e+01
-8.849954223632812500e+01,2.803985595703125000e+01
-8.850020599365234375e+01,2.804395484924316406e+01
-8.847252655029296875e+01,2.806688880920410156e+01
-8.848929595947265625e+01,2.805059623718261719e+01
-8.850094604492187500e+01,2.804065513610839844e+01
-8.849144744873046875e+01,2.805115699768066406e+01
-8.847669982910156250e+01,2.806287574768066406e+01
-8.849071502685546875e+01,2.805005455017089844e+01
-8.850140380859375000e+01,2.804009246826171875e+01
-8.849124908447265625e+01,2.805073928833007812e+01
-8.847281646728515625e+01,2.806739616394042969e+01
-8.850139617919921875e+01,2.803879737854003906e+01
-8.849521636962890625e+01,2.804710960388183594e+01
-8.849748229980468750e+01,2.804511070251464844e+01
-8.849430084228515625e+01,2.804108619689941406e+01
-8.849791717529296875e+01,2.804388427734375000e+01
-8.850068664550781250e+01,2.803938102722167969e+01
-8.849589538574218750e+01,2.804454994201660156e+01
-8.849769592285156250e+01,2.804102516174316406e+01
-8.847803497314453125e+01,2.806270599365234375e+01
-8.848628234863281250e+01,2.805577278137207031e+01
-8.848639678955078125e+01,2.805607604980468750e+01
-8.847982788085937500e+01,2.806081771850585938e+01
-8.849565887451171875e+01,2.804742240905761719e+01
-8.849501037597656250e+01,2.804068374633789062e+01
-8.847111511230468750e+01,2.806725502014160156e+01
-8.849459075927734375e+01,2.804208755493164062e+01
-8.847679138183593750e+01,2.806254959106445312e+01
-8.850035858154296875e+01,2.804435348510742188e+01
-8.849282836914062500e+01,2.804818344116210938e+01
-8.849765777587890625e+01,2.803980064392089844e+01
-8.849986267089843750e+01,2.803825569152832031e+01
-8.847806549072265625e+01,2.806221961975097656e+01
-8.849420166015625000e+01,2.804638862609863281e+01
-8.847640228271484375e+01,2.806340980529785156e+01
-8.848719024658203125e+01,2.805244636535644531e+01
-8.847151947021484375e+01,2.806735229492187500e+01
-8.848872375488281250e+01,2.805190849304199219e+01
-8.849658203125000000e+01,2.804089736938476562e+01
-8.849765777587890625e+01,2.804544639587402344e+01
-8.849557495117187500e+01,2.804152488708496094e+01
-8.848117065429687500e+01,2.805871772766113281e+01
-8.847721862792968750e+01,2.806258773803710938e+01
-8.847494506835937500e+01,2.806522750854492188e+01
-8.849449157714843750e+01,2.804793930053710938e+01
-8.849203491210937500e+01,2.804157257080078125e+01
-8.848989105224609375e+01,2.805012321472167969e+01
-8.849166107177734375e+01,2.804182243347167969e+01
-8.850437164306640625e+01,2.803785514831542969e+01
-8.849462127685546875e+01,2.804862403869628906e+01
-8.850409698486328125e+01,2.803953361511230469e+01
-8.849437713623046875e+01,2.804525756835937500e+01
-8.848728179931640625e+01,2.805233383178710938e+01
-8.848822021484375000e+01,2.805324363708496094e+01
-8.849878692626953125e+01,2.803905296325683594e+01
-8.849659729003906250e+01,2.804136466979980469e+01
-8.849377441406250000e+01,2.804747962951660156e+01
-8.849761199951171875e+01,2.804187202453613281e+01
-8.847792816162109375e+01,2.806263160705566406e+01
-8.849803924560546875e+01,2.804242134094238281e+01
-8.849420928955078125e+01,2.804005050659179688e+01
-8.848572540283203125e+01,2.805592918395996094e+01
-8.848589324951171875e+01,2.805640029907226562e+01
-8.849866485595703125e+01,2.804570960998535156e+01
-8.849452209472656250e+01,2.804631042480468750e+01
-8.848008728027343750e+01,2.806035041809082031e+01
-8.847776794433593750e+01,2.806209373474121094e+01
-8.849244689941406250e+01,2.804162979125976562e+01
-8.848623657226562500e+01,2.805470466613769531e+01
-8.849213409423828125e+01,2.804955863952636719e+01
-8.848550415039062500e+01,2.805532836914062500e+01
-8.847381591796875000e+01,2.806512260437011719e+01
-8.847734069824218750e+01,2.806119155883789062e+01
-8.847882843017578125e+01,2.806004905700683594e+01
-8.849346160888671875e+01,2.805006217956542969e+01
-8.849631500244140625e+01,2.804333877563476562e+01
-8.847796630859375000e+01,2.806003189086914062e+01
-8.849215698242187500e+01,2.804142189025878906e+01
-8.847791290283203125e+01,2.805989265441894531e+01
-8.850028228759765625e+01,2.804196739196777344e+01
-8.849452209472656250e+01,2.804556274414062500e+01
-8.847655487060546875e+01,2.806133079528808594e+01
-8.849113464355468750e+01,2.805067253112792969e+01
-8.848706817626953125e+01,2.805546188354492188e+01
-8.849515533447265625e+01,2.804659461975097656e+01
-8.850331878662109375e+01,2.803931427001953125e+01
-8.848838043212890625e+01,2.805377960205078125e+01
-8.848348999023437500e+01,2.805670166015625000e+01
-8.849393463134765625e+01,2.804183006286621094e+01
-8.849407958984375000e+01,2.804070854187011719e+01
-8.849751281738281250e+01,2.804669189453125000e+01
-8.849288940429687500e+01,2.804313087463378906e+01
-8.849761199951171875e+01,2.804427909851074219e+01
-8.849161529541015625e+01,2.804907417297363281e+01
-8.850085449218750000e+01,2.804116630554199219e+01
-8.849466705322265625e+01,2.804442787170410156e+01
-8.848598480224609375e+01,2.805541038513183594e+01
-8.850473785400390625e+01,2.803901481628417969e+01
-8.848626708984375000e+01,2.805589103698730469e+01
-8.847203063964843750e+01,2.806594085693359375e+01
-8.849904632568359375e+01,2.804211425781250000e+01
-8.847881317138671875e+01,2.805936050415039062e+01
-8.850061798095703125e+01,2.804394531250000000e+01
-8.847372436523437500e+01,2.806585502624511719e+01
-8.849584960937500000e+01,2.804582786560058594e+01
-8.847782135009765625e+01,2.806096649169921875e+01
-8.849373626708984375e+01,2.804299163818359375e+01
-8.848437500000000000e+01,2.805532455444335938e+01
-8.847308349609375000e+01,2.806641578674316406e+01
-8.850314331054687500e+01,2.803702163696289062e+01
-8.849420166015625000e+01,2.804405784606933594e+01
-8.850151824951171875e+01,2.804082489013671875e+01
-8.847725677490234375e+01,2.806035232543945312e+01
-8.848468780517578125e+01,2.805601501464843750e+01
-8.849528503417968750e+01,2.804026794433593750e+01
-8.849275207519531250e+01,2.804022407531738281e+01
-8.849266815185546875e+01,2.804128646850585938e+01
-8.849749755859375000e+01,2.804417800903320312e+01
-8.847231292724609375e+01,2.806651687622070312e+01
-8.849665069580078125e+01,2.804204177856445312e+01
-8.847801208496093750e+01,2.806227111816406250e+01
-8.848693084716796875e+01,2.805437278747558594e+01
-8.849967956542968750e+01,2.804433822631835938e+01
-8.848342895507812500e+01,2.805663681030273438e+01
-8.849831390380859375e+01,2.804347801208496094e+01
-8.847771453857421875e+01,2.806065750122070312e+01
-8.847885131835937500e+01,2.806081199645996094e+01
-8.848151397705078125e+01,2.805729675292968750e+01
-8.849404144287109375e+01,2.804864883422851562e+01
-8.848451232910156250e+01,2.805765151977539062e+01
-8.849533081054687500e+01,2.804470443725585938e+01
-8.849252319335937500e+01,2.804257392883300781e+01
-8.849717712402343750e+01,2.804210472106933594e+01
-8.849859619140625000e+01,2.804425239562988281e+01
-8.849245452880859375e+01,2.805021858215332031e+01
-8.849002838134765625e+01,2.805249023437500000e+01
-8.848303222656250000e+01,2.805654716491699219e+01
-8.849886322021484375e+01,2.803935432434082031e+01
-8.850060272216796875e+01,2.804088211059570312e+01
-8.849452209472656250e+01,2.804368209838867188e+01
-8.850124359130859375e+01,2.804256820678710938e+01
-8.849983978271484375e+01,2.804134368896484375e+01
-8.848237609863281250e+01,2.805838584899902344e+01
-8.847241973876953125e+01,2.806669998168945312e+01
-8.847916412353515625e+01,2.805913734436035156e+01
-8.849931335449218750e+01,2.804473686218261719e+01
-8.847232818603515625e+01,2.806730651855468750e+01
-8.849802398681640625e+01,2.803964424133300781e+01
-8.848981475830078125e+01,2.805165290832519531e+01
-8.849632263183593750e+01,2.804755783081054688e+01
-8.847950744628906250e+01,2.806030082702636719e+01
-8.848764038085937500e+01,2.805378532409667969e+01
-8.849436187744140625e+01,2.804847145080566406e+01
-8.847293853759765625e+01,2.806574630737304688e+01
-8.848657989501953125e+01,2.805504989624023438e+01
-8.849407196044921875e+01,2.804435157775878906e+01
-8.849920654296875000e+01,2.803908157348632812e+01
-8.847948455810546875e+01,2.806124687194824219e+01
-8.850095367431640625e+01,2.803788757324218750e+01
-8.849617767333984375e+01,2.804525375366210938e+01
-8.849421691894531250e+01,2.804804229736328125e+01
-8.850261688232421875e+01,2.804101181030273438e+01
-8.847693634033203125e+01,2.806235122680664062e+01
-8.849148559570312500e+01,2.804137802124023438e+01
-8.850397491455078125e+01,2.803788948059082031e+01
-8.848479461669921875e+01,2.805733489990234375e+01
-8.847338104248046875e+01,2.806694412231445312e+01
-8.849430084228515625e+01,2.804588890075683594e+01
-8.849395751953125000e+01,2.804778861999511719e+01
-8.848661041259765625e+01,2.805292129516601562e+01
-8.848603057861328125e+01,2.805434226989746094e+01
-8.848196411132812500e+01,2.805712890625000000e+01
-8.850286865234375000e+01,2.803733062744140625e+01
-8.849687957763671875e+01,2.804651641845703125e+01
-8.847345733642578125e+01,2.806534957885742188e+01
-8.847406768798828125e+01,2.806460762023925781e+01
-8.849219512939453125e+01,2.804910850524902344e+01
-8.850457763671875000e+01,2.803782463073730469e+01
-8.849627685546875000e+01,2.804489898681640625e+01
-8.849918365478515625e+01,2.804158401489257812e+01
-8.847953796386718750e+01,2.805848121643066406e+01
-8.849072265625000000e+01,2.805169486999511719e+01
-8.850064086914062500e+01,2.803822898864746094e+01
-8.850283813476562500e+01,2.803940773010253906e+01
-8.848239135742187500e+01,2.805782508850097656e+01
-8.849472808837890625e+01,2.803959846496582031e+01
-8.850176239013671875e+01,2.804157638549804688e+01
-8.850252532958984375e+01,2.804171180725097656e+01
-8.849953460693359375e+01,2.804457283020019531e+01
-8.849536895751953125e+01,2.804651451110839844e+01
-8.849997711181640625e+01,2.804318428039550781e+01
-8.850058746337890625e+01,2.803929328918457031e+01
-8.847622680664062500e+01,2.806180763244628906e+01
-8.850181579589843750e+01,2.803816795349121094e+01
-8.849990844726562500e+01,2.803940200805664062e+01
-8.849169921875000000e+01,2.805052947998046875e+01
-8.849981689453125000e+01,2.803949546813964844e+01
-8.849742126464843750e+01,2.803918266296386719e+01
-8.849625396728515625e+01,2.804358863830566406e+01
-8.848982238769531250e+01,2.805287551879882812e+01
-8.849537658691406250e+01,2.804545021057128906e+01
-8.849461364746093750e+01,2.804709815979003906e+01
-8.850276184082031250e+01,2.804079246520996094e+01
-8.847825622558593750e+01,2.806105995178222656e+01
-8.847628021240234375e+01,2.806127929687500000e+01
-8.849426269531250000e+01,2.804224777221679688e+01
-8.849008178710937500e+01,2.805069541931152344e+01
-8.847155761718750000e+01,2.806657028198242188e+01
-8.849746704101562500e+01,2.804668617248535156e+01
-8.850136566162109375e+01,2.803754043579101562e+01
-8.849470520019531250e+01,2.804295921325683594e+01
-8.849351501464843750e+01,2.804859161376953125e+01
-8.849480438232421875e+01,2.804020500183105469e+01
-8.849413299560546875e+01,2.804180526733398438e+01
-8.849954223632812500e+01,2.804130744934082031e+01
-8.850244140625000000e+01,2.804230117797851562e+01
-8.850151824951171875e+01,2.803959465026855469e+01
-8.850299835205078125e+01,2.803796005249023438e+01
-8.848724365234375000e+01,2.805292129516601562e+01
-8.847887420654296875e+01,2.805970764160156250e+01
-8.849679565429687500e+01,2.804275131225585938e+01
-8.849076843261718750e+01,2.805110549926757812e+01
-8.849933624267578125e+01,2.804088020324707031e+01
-8.849468994140625000e+01,2.804384231567382812e+01
-8.848133087158203125e+01,2.805809020996093750e+01
-8.848669433593750000e+01,2.805331993103027344e+01
-8.850299072265625000e+01,2.803816032409667969e+01
-8.847698211669921875e+01,2.806358909606933594e+01
-8.848185729980468750e+01,2.805871391296386719e+01
-8.850090789794921875e+01,2.803758621215820312e+01
-8.848446655273437500e+01,2.805751800537109375e+01
-8.848949432373046875e+01,2.805221939086914062e+01
-8.849086761474609375e+01,2.805167198181152344e+01
-8.847211456298828125e+01,2.806608200073242188e+01
-8.848535156250000000e+01,2.805479431152343750e+01
-8.848967742919921875e+01,2.805031585693359375e+01
-8.847978210449218750e+01,2.806104087829589844e+01
-8.850022125244140625e+01,2.804105567932128906e+01
-8.847480773925781250e+01,2.806440544128417969e+01
-8.849323272705078125e+01,2.804986381530761719e+01
-8.849356079101562500e+01,2.804682731628417969e+01
-8.850148010253906250e+01,2.804106140136718750e+01
-8.850298309326171875e+01,2.803869819641113281e+01
-8.850221252441406250e+01,2.804249572753906250e+01
-8.849204254150390625e+01,2.804833030700683594e+01
-8.848392486572265625e+01,2.805610466003417969e+01
-8.847091674804687500e+01,2.806715011596679688e+01
-8.850300598144531250e+01,2.803958511352539062e+01
-8.849282073974609375e+01,2.804879951477050781e+01
-8.850331115722656250e+01,2.803969192504882812e+01
-8.848529815673828125e+01,2.805700683593750000e+01
-8.849456024169921875e+01,2.804666328430175781e+01
-8.849546813964843750e+01,2.804257392883300781e+01
-8.847926330566406250e+01,2.805990600585937500e+01
-8.848235321044921875e+01,2.805667686462402344e+01
-8.850143432617187500e+01,2.803770446777343750e+01
-8.849462127685546875e+01,2.804125595092773438e+01
-8.849877929687500000e+01,2.803862762451171875e+01
-8.850241851806640625e+01,2.804095458984375000e+01
-8.848230743408203125e+01,2.805722808837890625e+01
-8.849908447265625000e+01,2.804301261901855469e+01
-8.849683380126953125e+01,2.803986930847167969e+01
-8.848719787597656250e+01,2.805317687988281250e+01
-8.849751281738281250e+01,2.804062843322753906e+01
-8.850364685058593750e+01,2.803918266296386719e+01
-8.847190093994140625e+01,2.806608390808105469e+01
-8.849560546875000000e+01,2.804619598388671875e+01
-8.849380493164062500e+01,2.804030418395996094e+01
-8.848575592041015625e+01,2.805644035339355469e+01
-8.848809814453125000e+01,2.805128288269042969e+01
-8.849229431152343750e+01,2.804068946838378906e+01
-8.848722076416015625e+01,2.805438423156738281e+01
-8.849842071533203125e+01,2.804180335998535156e+01
-8.848426055908203125e+01,2.805554580688476562e+01
-8.847864532470703125e+01,2.805964088439941406e+01
-8.849085998535156250e+01,2.804945945739746094e+01
-8.848606872558593750e+01,2.805401992797851562e+01
-8.849354553222656250e+01,2.804112434387207031e+01
-8.847578430175781250e+01,2.806350135803222656e+01
-8.848350524902343750e+01,2.805672073364257812e+01
-8.849443054199218750e+01,2.804677581787109375e+01
-8.847620391845703125e+01,2.806370925903320312e+01
-8.847795104980468750e+01,2.805989265441894531e+01
-8.849600219726562500e+01,2.804430198669433594e+01
-8.849298858642578125e+01,2.804883003234863281e+01
-8.849990081787109375e+01,2.804104995727539062e+01
-8.849997711181640625e+01,2.804128837585449219e+01
-8.849381256103515625e+01,2.803973960876464844e+01
-8.850376892089843750e+01,2.803896903991699219e+01
-8.849399566650390625e+01,2.804797172546386719e+01
-8.850146484375000000e+01,2.803729248046875000e+01
-8.847377777099609375e+01,2.806590652465820312e+01
-8.849274444580078125e+01,2.804247474670410156e+01
-8.849671936035156250e+01,2.804440498352050781e+01
-8.848029327392578125e+01,2.806059837341308594e+01
-8.849337005615234375e+01,2.804328536987304688e+01
-8.848531341552734375e+01,2.805685806274414062e+01
-8.850115966796875000e+01,2.803916740417480469e+01
-8.849671936035156250e+01,2.804552078247070312e+01
-8.848065948486328125e+01,2.805986404418945312e+01
-8.849990844726562500e+01,2.803960609436035156e+01
-8.850348663330078125e+01,2.803746414184570312e+01
-8.848954772949218750e+01,2.805258369445800781e+01
-8.848731994628906250e+01,2.805234718322753906e+01
-8.850020599365234375e+01,2.804052734375000000e+01
-8.849011993408203125e+01,2.805070114135742188e+01
-8.849696350097656250e+01,2.803950500488281250e+01
-8.849980926513671875e+01,2.804099464416503906e+01
-8.850283050537109375e+01,2.803860282897949219e+01
-8.848371124267578125e+01,2.805651855468750000e+01
-8.848907470703125000e+01,2.805189323425292969e+01
-8.848776245117187500e+01,2.805379867553710938e+01
-8.848992156982421875e+01,2.805160903930664062e+01
-8.848822784423828125e+01,2.805418586730957031e+01
-8.848386383056640625e+01,2.805735969543457031e+01
-8.849402618408203125e+01,2.804327964782714844e+01
-8.849382781982421875e+01,2.804341316223144531e+01
-8.849631500244140625e+01,2.804264450073242188e+01
-8.849425506591796875e+01,2.804094696044921875e+01
-8.849562072753906250e+01,2.804037666320800781e+01
-8.849657440185546875e+01,2.804218864440917969e+01
-8.849182891845703125e+01,2.804034233093261719e+01
-8.849904632568359375e+01,2.804442787170410156e+01
-8.849420166015625000e+01,2.804086494445800781e+01
-8.847428131103515625e+01,2.806551933288574219e+01
-8.849604797363281250e+01,2.804098701477050781e+01
-8.847521972656250000e+01,2.806394958496093750e+01
-8.849591064453125000e+01,2.804408264160156250e+01
-8.850125885009765625e+01,2.804318428039550781e+01
-8.849707794189453125e+01,2.804466056823730469e+01
-8.849977874755859375e+01,2.804228782653808594e+01
-8.849925231933593750e+01,2.804041481018066406e+01
-8.848324584960937500e+01,2.805802917480468750e+01
-8.849594116210937500e+01,2.804010963439941406e+01
-8.849847412109375000e+01,2.804061889648437500e+01
-8.849677276611328125e+01,2.804705238342285156e+01
-8.850141906738281250e+01,2.804254150390625000e+01
-8.847305297851562500e+01,2.806668472290039062e+01
-8.849116516113281250e+01,2.805058860778808594e+01
-8.850189971923828125e+01,2.803811454772949219e+01
-8.848412322998046875e+01,2.805623817443847656e+01
-8.849113464355468750e+01,2.804203605651855469e+01
-8.849979400634765625e+01,2.804283905029296875e+01
-8.847494506835937500e+01,2.806441688537597656e+01
-8.849747467041015625e+01,2.804274559020996094e+01
-8.849317169189453125e+01,2.804882812500000000e+01
-8.849869537353515625e+01,2.804294013977050781e+01
-8.847559356689453125e+01,2.806212615966796875e+01
-8.849966430664062500e+01,2.804412460327148438e+01
-8.848586273193359375e+01,2.805543327331542969e+01
-8.849664306640625000e+01,2.804374122619628906e+01
-8.848879241943359375e+01,2.805079460144042969e+01
-8.849336242675781250e+01,2.803972625732421875e+01
-8.849748229980468750e+01,2.804691505432128906e+01
-8.847299194335937500e+01,2.806528663635253906e+01
-8.849604797363281250e+01,2.804320526123046875e+01
-8.849881744384765625e+01,2.803952026367187500e+01
-8.849993133544921875e+01,2.804359817504882812e+01
-8.847836303710937500e+01,2.806212043762207031e+01
-8.850161743164062500e+01,2.804020118713378906e+01
-8.849758148193359375e+01,2.804351234436035156e+01
-8.849849700927734375e+01,2.804311943054199219e+01
-8.849660491943359375e+01,2.804676246643066406e+01
-8.848352813720703125e+01,2.805645370483398438e+01
-8.848532867431640625e+01,2.805493927001953125e+01
-8.847277069091796875e+01,2.806739044189453125e+01
-8.849433898925781250e+01,2.804383659362792969e+01
-8.849789428710937500e+01,2.804599952697753906e+01
-8.849298095703125000e+01,2.804948806762695312e+01
-8.849278259277343750e+01,2.804869842529296875e+01
-8.849612426757812500e+01,2.804665756225585938e+01
-8.849079895019531250e+01,2.805186080932617188e+01
-8.849513244628906250e+01,2.804379653930664062e+01
-8.847745513916015625e+01,2.806162261962890625e+01
-8.850293731689453125e+01,2.803779983520507812e+01
-8.850086212158203125e+01,2.804140472412109375e+01
-8.849741363525390625e+01,2.804491615295410156e+01
-8.848519897460937500e+01,2.805405807495117188e+01
-8.849919128417968750e+01,2.803925323486328125e+01
-8.848757171630859375e+01,2.805159759521484375e+01
-8.848500823974609375e+01,2.805623435974121094e+01
-8.849532318115234375e+01,2.804755592346191406e+01
-8.849516296386718750e+01,2.804426765441894531e+01
-8.847814178466796875e+01,2.805951881408691406e+01
-8.848087310791015625e+01,2.805951881408691406e+01
-8.849443054199218750e+01,2.804295539855957031e+01
-8.850285339355468750e+01,2.803941917419433594e+01
-8.847853088378906250e+01,2.806211280822753906e+01
-8.848165130615234375e+01,2.805927467346191406e+01
-8.847715759277343750e+01,2.806268692016601562e+01
-8.849499511718750000e+01,2.804285430908203125e+01
-8.849791717529296875e+01,2.804278182983398438e+01
-8.847991943359375000e+01,2.805861854553222656e+01
-8.850025177001953125e+01,2.803868293762207031e+01
-8.850324249267578125e+01,2.804020500183105469e+01
-8.849695587158203125e+01,2.804615020751953125e+01
-8.849817657470703125e+01,2.804025268554687500e+01
-8.847597503662109375e+01,2.806224822998046875e+01
-8.849659729003906250e+01,2.804307937622070312e+01
-8.848221588134765625e+01,2.805862236022949219e+01
-8.848878479003906250e+01,2.805231666564941406e+01
-8.849337005615234375e+01,2.804975700378417969e+01
-8.849241638183593750e+01,2.804250335693359375e+01
-8.847395324707031250e+01,2.806652450561523438e+01
-8.850079345703125000e+01,2.804027938842773438e+01
-8.849617767333984375e+01,2.804678726196289062e+01
-8.849408721923828125e+01,2.804833602905273438e+01
-8.849572753906250000e+01,2.804133987426757812e+01
-8.850407409667968750e+01,2.803957366943359375e+01
-8.849359130859375000e+01,2.804742050170898438e+01
-8.850335693359375000e+01,2.803889274597167969e+01
-8.848892211914062500e+01,2.805102348327636719e+01
-8.849960327148437500e+01,2.804182815551757812e+01
-8.849833679199218750e+01,2.804497718811035156e+01
-8.849671173095703125e+01,2.804120445251464844e+01
-8.849514770507812500e+01,2.804424285888671875e+01
-8.850048065185546875e+01,2.804203033447265625e+01
-8.847875976562500000e+01,2.806062507629394531e+01
-8.850020599365234375e+01,2.804430961608886719e+01
-8.849935150146484375e+01,2.803920173645019531e+01
-8.849222564697265625e+01,2.804108047485351562e+01
-8.850262451171875000e+01,2.804199981689453125e+01
-8.850472259521484375e+01,2.803799247741699219e+01
-8.849449157714843750e+01,2.804533767700195312e+01
-8.849132537841796875e+01,2.804160690307617188e+01
-8.849919128417968750e+01,2.803925514221191406e+01
-8.850152587890625000e+01,2.804215431213378906e+01
-8.849718475341796875e+01,2.804680442810058594e+01
-8.850151062011718750e+01,2.804093170166015625e+01
-8.849645233154296875e+01,2.804532432556152344e+01
-8.849234771728515625e+01,2.804007530212402344e+01
-8.847823333740234375e+01,2.806178474426269531e+01
-8.849775695800781250e+01,2.803927230834960938e+01
-8.850112915039062500e+01,2.804133605957031250e+01
-8.849497985839843750e+01,2.804302597045898438e+01
-8.848493957519531250e+01,2.805636405944824219e+01
-8.849567413330078125e+01,2.804643821716308594e+01
-8.849799346923828125e+01,2.804270553588867188e+01
-8.849353027343750000e+01,2.804898262023925781e+01
-8.848280334472656250e+01,2.805650138854980469e+01
-8.847351837158203125e+01,2.806605911254882812e+01
-8.849571990966796875e+01,2.804668235778808594e+01
-8.849842834472656250e+01,2.804205894470214844e+01
-8.848330688476562500e+01,2.805650138854980469e+01
-8.847163391113281250e+01,2.806667709350585938e+01
-8.850469970703125000e+01,2.803675270080566406e+01
-8.849671173095703125e+01,2.804413223266601562e+01
-8.850038909912109375e+01,2.804344177246093750e+01
-8.849283599853515625e+01,2.805013656616210938e+01
-8.849360656738281250e+01,2.804900169372558594e+01
-8.849910736083984375e+01,2.803894615173339844e+01
-8.847769927978515625e+01,2.806111145019531250e+01
-8.847945404052734375e+01,2.805872917175292969e+01
-8.849799346923828125e+01,2.804128646850585938e+01
-8.849260711669921875e+01,2.804876708984375000e+01
-8.850158691406250000e+01,2.803779983520507812e+01
-8.847859191894531250e+01,2.806112480163574219e+01
-8.850000762939453125e+01,2.804224014282226562e+01
-8.849606323242187500e+01,2.804187202453613281e+01
-8.850006103515625000e+01,2.804434013366699219e+01
-8.848733520507812500e+01,2.805254936218261719e+01
-8.849491119384765625e+01,2.804409599304199219e+01
-8.850112152099609375e+01,2.804298210144042969e+01
-8.849452209472656250e+01,2.804563903808593750e+01
-8.848853302001953125e+01,2.805211257934570312e+01
-8.850342559814453125e+01,2.803819847106933594e+01
-8.849851226806640625e+01,2.804553031921386719e+01
-8.850086975097656250e+01,2.804226303100585938e+01
-8.849987030029296875e+01,2.803854179382324219e+01
-8.847915649414062500e+01,2.806009674072265625e+01
-8.849562835693359375e+01,2.804614448547363281e+01
-8.848423004150390625e+01,2.805517005920410156e+01
-8.849074554443359375e+01,2.804122924804687500e+01
-8.850064849853515625e+01,2.804055023193359375e+01
-8.850036621093750000e+01,2.804412269592285156e+01
-8.849224090576171875e+01,2.804912567138671875e+01
-8.849768066406250000e+01,2.804206085205078125e+01
-8.847492218017578125e+01,2.806550025939941406e+01
-8.849109649658203125e+01,2.805058097839355469e+01
-8.848896026611328125e+01,2.805192947387695312e+01
-8.848020935058593750e+01,2.806010437011718750e+01
-8.849882507324218750e+01,2.804340744018554688e+01
-8.849586486816406250e+01,2.804553222656250000e+01
-8.849848937988281250e+01,2.804512977600097656e+01
-8.850127410888671875e+01,2.804006576538085938e+01
-8.850305938720703125e+01,2.803940391540527344e+01
-8.849708557128906250e+01,2.804382705688476562e+01
-8.849496459960937500e+01,2.804063034057617188e+01
-8.849828338623046875e+01,2.804332351684570312e+01
-8.850247192382812500e+01,2.803830528259277344e+01
-8.850270080566406250e+01,2.803703689575195312e+01
-8.847763061523437500e+01,2.806244659423828125e+01
-8.850262451171875000e+01,2.803701591491699219e+01
-8.848860168457031250e+01,2.805110549926757812e+01
-8.850074768066406250e+01,2.804002189636230469e+01
-8.850045776367187500e+01,2.804434967041015625e+01
-8.849606323242187500e+01,2.804638290405273438e+01
-8.847383117675781250e+01,2.806542396545410156e+01
-8.849727630615234375e+01,2.804204940795898438e+01
-8.849291229248046875e+01,2.804277038574218750e+01
-8.849117279052734375e+01,2.805060005187988281e+01
-8.849639892578125000e+01,2.804396438598632812e+01
-8.848227691650390625e+01,2.805655097961425781e+01
-8.850389862060546875e+01,2.803678894042968750e+01
-8.849864196777343750e+01,2.803988075256347656e+01
-8.849493408203125000e+01,2.804440879821777344e+01
-8.849096679687500000e+01,2.804996681213378906e+01
-8.850259399414062500e+01,2.804129600524902344e+01
-8.850095367431640625e+01,2.803787803649902344e+01
-8.849346923828125000e+01,2.804890632629394531e+01
-8.849948120117187500e+01,2.804006004333496094e+01
-8.848192596435546875e+01,2.805836105346679688e+01
-8.848664093017578125e+01,2.805414772033691406e+01
-8.849950408935546875e+01,2.804385185241699219e+01
-8.849716186523437500e+01,2.804134368896484375e+01
-8.849617004394531250e+01,2.804529571533203125e+01
-8.849343872070312500e+01,2.804337120056152344e+01
-8.849296569824218750e+01,2.804892921447753906e+01
-8.849176025390625000e+01,2.804946136474609375e+01
-8.849526214599609375e+01,2.804127883911132812e+01
-8.849342346191406250e+01,2.804131507873535156e+01
-8.849637603759765625e+01,2.804230308532714844e+01
-8.848810577392578125e+01,2.805344200134277344e+01
-8.850476837158203125e+01,2.803680038452148438e+01
-8.849405670166015625e+01,2.804170036315917969e+01
-8.847997283935546875e+01,2.805846977233886719e+01
-8.849075317382812500e+01,2.804097938537597656e+01
-8.850059509277343750e+01,2.804019165039062500e+01
-8.850216674804687500e+01,2.804094314575195312e+01
-8.850214385986328125e+01,2.804130744934082031e+01
-8.849741363525390625e+01,2.804122543334960938e+01
-8.847747802734375000e+01,2.806276130676269531e+01
-8.849377441406250000e+01,2.804789733886718750e+01
-8.849671173095703125e+01,2.804606628417968750e+01
-8.848988342285156250e+01,2.805279159545898438e+01
-8.848571777343750000e+01,2.805608177185058594e+01
-8.847871398925781250e+01,2.806129074096679688e+01
-8.848297119140625000e+01,2.805702400207519531e+01
-8.849880981445312500e+01,2.804207801818847656e+01
-8.849889373779296875e+01,2.804220008850097656e+01
-8.850070953369140625e+01,2.803861045837402344e+01
-8.850241088867187500e+01,2.804197120666503906e+01
-8.848753356933593750e+01,2.805351829528808594e+01
-8.849831390380859375e+01,2.804250335693359375e+01
-8.850016784667968750e+01,2.803950691223144531e+01
-8.847972869873046875e+01,2.805948257446289062e+01
-8.850213623046875000e+01,2.803819274902343750e+01
-8.847280883789062500e+01,2.806681251525878906e+01
-8.849385070800781250e+01,2.804340171813964844e+01
-8.849589538574218750e+01,2.804704284667968750e+01
-8.850498199462890625e+01,2.803725051879882812e+01
-8.848801422119140625e+01,2.805350685119628906e+01
-8.850028228759765625e+01,2.804144287109375000e+01
-8.850222015380859375e+01,2.804053497314453125e+01
-8.849896240234375000e+01,2.804109764099121094e+01
-8.848101043701171875e+01,2.805778312683105469e+01
-8.848955535888671875e+01,2.805040931701660156e+01
-8.847652435302734375e+01,2.806217575073242188e+01
-8.849685668945312500e+01,2.804671669006347656e+01
-8.849645996093750000e+01,2.804614067077636719e+01
-8.849392700195312500e+01,2.804399681091308594e+01
-8.849626922607421875e+01,2.804155349731445312e+01
-8.850049591064453125e+01,2.804097175598144531e+01
-8.847349548339843750e+01,2.806498336791992188e+01
-8.849172210693359375e+01,2.805059814453125000e+01
-8.849819946289062500e+01,2.804320907592773438e+01
-8.849930572509765625e+01,2.803946113586425781e+01
-8.849328613281250000e+01,2.804845619201660156e+01
-8.849288177490234375e+01,2.804331207275390625e+01
-8.849527740478515625e+01,2.804167556762695312e+01
-8.850092315673828125e+01,2.804276466369628906e+01
-8.849977111816406250e+01,2.804245185852050781e+01
-8.850061035156250000e+01,2.803831291198730469e+01
-8.849296569824218750e+01,2.804732513427734375e+01
-8.847547149658203125e+01,2.806516265869140625e+01
-8.847596740722656250e+01,2.806359672546386719e+01
-8.847805786132812500e+01,2.806034851074218750e+01
-8.847354125976562500e+01,2.806522369384765625e+01
-8.847743988037109375e+01,2.806139183044433594e+01
-8.849082946777343750e+01,2.805107688903808594e+01
-8.848420715332031250e+01,2.805579185485839844e+01
-8.849231719970703125e+01,2.804982185363769531e+01
-8.847212219238281250e+01,2.806584548950195312e+01
-8.849480438232421875e+01,2.804475593566894531e+01
-8.848569488525390625e+01,2.805433654785156250e+01
-8.849209594726562500e+01,2.804940223693847656e+01
-8.849417114257812500e+01,2.804240989685058594e+01
-8.849913024902343750e+01,2.803858566284179688e+01
-8.850473022460937500e+01,2.803874206542968750e+01
-8.847992706298828125e+01,2.806071281433105469e+01
-8.850248718261718750e+01,2.803880691528320312e+01
-8.849642181396484375e+01,2.804015159606933594e+01
-8.849164581298828125e+01,2.804045486450195312e+01
-8.850217437744140625e+01,2.804147911071777344e+01
-8.847464752197265625e+01,2.806361007690429688e+01
-8.848773956298828125e+01,2.805277824401855469e+01
-8.849645996093750000e+01,2.804112243652343750e+01
-8.848364257812500000e+01,2.805558013916015625e+01
-8.848382568359375000e+01,2.805710792541503906e+01
-8.849757385253906250e+01,2.803936386108398438e+01
-8.848621368408203125e+01,2.805302047729492188e+01
-8.848036193847656250e+01,2.806066322326660156e+01
-8.849550628662109375e+01,2.804626083374023438e+01
-8.848179626464843750e+01,2.805905151367187500e+01
-8.849364471435546875e+01,2.803984260559082031e+01
-8.847589111328125000e+01,2.806257629394531250e+01
-8.848547363281250000e+01,2.805366516113281250e+01
-8.848428344726562500e+01,2.805707740783691406e+01
-8.849187469482421875e+01,2.804039764404296875e+01
-8.848361206054687500e+01,2.805636215209960938e+01
-8.850110626220703125e+01,2.804159736633300781e+01
-8.850279998779296875e+01,2.804083633422851562e+01
-8.849974060058593750e+01,2.803883171081542969e+01
-8.847998046875000000e+01,2.805852317810058594e+01
-8.849948883056640625e+01,2.803981208801269531e+01
-8.849028015136718750e+01,2.805128860473632812e+01
-8.848696899414062500e+01,2.805519676208496094e+01
-8.849948120117187500e+01,2.804222869873046875e+01
-8.850032806396484375e+01,2.803902244567871094e+01
-8.849761962890625000e+01,2.804100036621093750e+01
-8.847508239746093750e+01,2.806355094909667969e+01
-8.847895812988281250e+01,2.806037521362304688e+01
-8.849824523925781250e+01,2.803934097290039062e+01
-8.849759674072265625e+01,2.804647064208984375e+01
-8.848580169677734375e+01,2.805389976501464844e+01
-8.849357604980468750e+01,2.804715538024902344e+01
-8.849641418457031250e+01,2.804678535461425781e+01
-8.850045776367187500e+01,2.803876686096191406e+01
-8.849176025390625000e+01,2.804040718078613281e+01
-8.849540710449218750e+01,2.804828643798828125e+01
-8.849996948242187500e+01,2.803873252868652344e+01
-8.849787902832031250e+01,2.804121208190917969e+01
-8.850009155273437500e+01,2.804055023193359375e+01
-8.850444030761718750e+01,2.803964424133300781e+01
-8.848130035400390625e+01,2.805902481079101562e+01
-8.850262451171875000e+01,2.804093742370605469e+01
-8.847411346435546875e+01,2.806573677062988281e+01
-8.849660491943359375e+01,2.804476928710937500e+01
-8.849522399902343750e+01,2.804626655578613281e+01
-8.849998474121093750e+01,2.803894615173339844e+01
-8.849757385253906250e+01,2.804402732849121094e+01
-8.849924468994140625e+01,2.803863906860351562e+01
-8.849170684814453125e+01,2.804922485351562500e+01
-8.849729919433593750e+01,2.804009056091308594e+01
-8.847586822509765625e+01,2.806280517578125000e+01
-8.849050903320312500e+01,2.804090690612792969e+01
-8.849455261230468750e+01,2.804196357727050781e+01
-8.850424957275390625e+01,2.803684234619140625e+01
-8.850408172607421875e+01,2.803830909729003906e+01
-8.850112152099609375e+01,2.804367065429687500e+01
-8.849326324462890625e+01,2.804327964782714844e+01
-8.849951934814453125e+01,2.804365730285644531e+01
-8.848956298828125000e+01,2.805283355712890625e+01
-8.849073028564453125e+01,2.805066108703613281e+01
-8.848680877685546875e+01,2.805513763427734375e+01
-8.848960876464843750e+01,2.805064773559570312e+01
-8.850167083740234375e+01,2.803847312927246094e+01
-8.850225830078125000e+01,2.804240608215332031e+01
-8.850379180908203125e+01,2.803865432739257812e+01
-8.849508666992187500e+01,2.804162979125976562e+01
-8.849546051025390625e+01,2.804801559448242188e+01
-8.848805236816406250e+01,2.805220603942871094e+01
-8.849449157714843750e+01,2.804414176940917969e+01
-8.848900604248046875e+01,2.805258178710937500e+01
-8.847545623779296875e+01,2.806319046020507812e+01
-8.850040435791015625e+01,2.804311370849609375e+01
-8.850144958496093750e+01,2.803976249694824219e+01
-8.849298858642578125e+01,2.804897308349609375e+01
-8.849510955810546875e+01,2.804183769226074219e+01
-8.848374938964843750e+01,2.805738830566406250e+01
-8.850489044189453125e+01,2.803711128234863281e+01
-8.847537994384765625e+01,2.806481552124023438e+01
-8.848507690429687500e+01,2.805504798889160156e+01
-8.849632263183593750e+01,2.804476928710937500e+01
-8.849506378173828125e+01,2.804604721069335938e+01
-8.848867797851562500e+01,2.805265998840332031e+01
-8.847885894775390625e+01,2.806011962890625000e+01
-8.848071289062500000e+01,2.806035232543945312e+01
-8.849114990234375000e+01,2.804922676086425781e+01
-8.849600982666015625e+01,2.804329681396484375e+01
-8.847640228271484375e+01,2.806143951416015625e+01
-8.847578430175781250e+01,2.806397628784179688e+01
-8.847570037841796875e+01,2.806312942504882812e+01
-8.847390747070312500e+01,2.806594848632812500e+01
-8.849351501464843750e+01,2.804941558837890625e+01
-8.849089050292968750e+01,2.804997062683105469e+01
-8.849710845947265625e+01,2.804558563232421875e+01
-8.848686981201171875e+01,2.805576515197753906e+01
-8.850144958496093750e+01,2.803774642944335938e+01
-8.848554992675781250e+01,2.805588912963867188e+01
-8.849597930908203125e+01,2.804535293579101562e+01
-8.850377655029296875e+01,2.803981781005859375e+01
-8.850309753417968750e+01,2.803989410400390625e+01
-8.849195861816406250e+01,2.804206657409667969e+01
-8.849322509765625000e+01,2.805006217956542969e+01
-8.850475311279296875e+01,2.803828811645507812e+01
-8.849490356445312500e+01,2.804839897155761719e+01
-8.849491119384765625e+01,2.804621696472167969e+01
-8.850165557861328125e+01,2.804106712341308594e+01
-8.849320220947265625e+01,2.804082679748535156e+01
-8.849401855468750000e+01,2.804096221923828125e+01
-8.849464416503906250e+01,2.804760551452636719e+01
-8.849235534667968750e+01,2.804186058044433594e+01
-8.849796295166015625e+01,2.804224777221679688e+01
-8.849024200439453125e+01,2.805219459533691406e+01
-8.849907684326171875e+01,2.804362869262695312e+01
-8.850148010253906250e+01,2.804096412658691406e+01
-8.849916076660156250e+01,2.803987312316894531e+01
-8.849087524414062500e+01,2.805147552490234375e+01
-8.849436950683593750e+01,2.804725456237792969e+01
-8.848036956787109375e+01,2.806031417846679688e+01
-8.849274444580078125e+01,2.804754829406738281e+01
-8.847945404052734375e+01,2.805856895446777344e+01
-8.849331665039062500e+01,2.804416084289550781e+01
-8.850125122070312500e+01,2.803946495056152344e+01
-8.847550964355468750e+01,2.806471252441406250e+01
-8.850152587890625000e+01,2.804294586181640625e+01
-8.849405670166015625e+01,2.804415512084960938e+01
-8.848912811279296875e+01,2.805306625366210938e+01
-8.848718261718750000e+01,2.805441474914550781e+01
-8.849365997314453125e+01,2.804668426513671875e+01
-8.849912261962890625e+01,2.803998565673828125e+01
-8.849573516845703125e+01,2.804094696044921875e+01
-8.850299835205078125e+01,2.803674507141113281e+01
-8.847697448730468750e+01,2.806204795837402344e+01
-8.849089050292968750e+01,2.804110336303710938e+01
-8.849256134033203125e+01,2.804789733886718750e+01
-8.849259948730468750e+01,2.804196166992187500e+01
-8.848061370849609375e+01,2.805865669250488281e+01
-8.848961639404296875e+01,2.805019950866699219e+01
-8.849330902099609375e+01,2.804868125915527344e+01
-8.848789978027343750e+01,2.805227661132812500e+01
-8.847613525390625000e+01,2.806170082092285156e+01
-8.850344085693359375e+01,2.803932571411132812e+01
-8.849686431884765625e+01,2.803917121887207031e+01
-8.849533843994140625e+01,2.804441642761230469e+01
-8.847605133056640625e+01,2.806450080871582031e+01
-8.849427032470703125e+01,2.804254531860351562e+01
-8.849617004394531250e+01,2.804727745056152344e+01
-8.849415588378906250e+01,2.804192543029785156e+01
-8.847280120849609375e+01,2.806525421142578125e+01
-8.850099182128906250e+01,2.803837203979492188e+01
-8.849320983886718750e+01,2.804305648803710938e+01
-8.849792480468750000e+01,2.804537010192871094e+01
-8.849568939208984375e+01,2.803919601440429688e+01
-8.849952697753906250e+01,2.804098510742187500e+01
-8.847172546386718750e+01,2.806664466857910156e+01
-8.849179840087890625e+01,2.804847526550292969e+01
-8.847478485107421875e+01,2.806494903564453125e+01
-8.849906158447265625e+01,2.804366302490234375e+01
-8.849205017089843750e+01,2.804995536804199219e+01
-8.849919128417968750e+01,2.804379081726074219e+01
-8.850415039062500000e+01,2.803678703308105469e+01
-8.848561859130859375e+01,2.805469703674316406e+01
-8.850179290771484375e+01,2.803822517395019531e+01
-8.847358703613281250e+01,2.806637191772460938e+01
-8.849553680419921875e+01,2.804647445678710938e+01
-8.849044036865234375e+01,2.805036163330078125e+01
-8.849914550781250000e+01,2.803974151611328125e+01
-8.848266601562500000e+01,2.805898475646972656e+01
-8.849806976318359375e+01,2.804207992553710938e+01
-8.849185180664062500e+01,2.804961585998535156e+01
-8.848538970947265625e+01,2.805514717102050781e+01
-8.849472045898437500e+01,2.804098129272460938e+01
-8.849655151367187500e+01,2.804043960571289062e+01
-8.849690246582031250e+01,2.804243469238281250e+01
-8.849364471435546875e+01,2.804176139831542969e+01
-8.848650360107421875e+01,2.805415725708007812e+01
-8.850434112548828125e+01,2.803750228881835938e+01
-8.849435424804687500e+01,2.804200363159179688e+01
-8.850120544433593750e+01,2.804286575317382812e+01
-8.849962615966796875e+01,2.804152297973632812e+01
-8.850012969970703125e+01,2.804145431518554688e+01
-8.849968719482421875e+01,2.804306793212890625e+01
-8.849526214599609375e+01,2.804634284973144531e+01
-8.848298645019531250e+01,2.805788803100585938e+01
-8.849173736572265625e+01,2.804835700988769531e+01
-8.848006439208984375e+01,2.805803108215332031e+01
-8.850165557861328125e+01,2.803798484802246094e+01
-8.849858856201171875e+01,2.804446029663085938e+01
-8.848335266113281250e+01,2.805825805664062500e+01
-8.849848175048828125e+01,2.803893661499023438e+01
-8.849079132080078125e+01,2.804074287414550781e+01
-8.848780059814453125e+01,2.805271530151367188e+01
-8.848537445068359375e+01,2.805396461486816406e+01
-8.849923706054687500e+01,2.804311752319335938e+01
-8.849916076660156250e+01,2.804218673706054688e+01
-8.850181579589843750e+01,2.803887557983398438e+01
-8.849733734130859375e+01,2.804606246948242188e+01
-8.849685668945312500e+01,2.804557800292968750e+01
-8.850067138671875000e+01,2.804226493835449219e+01
-8.849198150634765625e+01,2.805110740661621094e+01
-8.849848937988281250e+01,2.804491424560546875e+01
-8.848631286621093750e+01,2.805297851562500000e+01
-8.848178863525390625e+01,2.805722045898437500e+01
-8.849010467529296875e+01,2.805183219909667969e+01
-8.847663879394531250e+01,2.806124114990234375e+01
-8.849881744384765625e+01,2.804310417175292969e+01
-8.849951934814453125e+01,2.804130554199218750e+01
-8.847301483154296875e+01,2.806687164306640625e+01
-8.847792816162109375e+01,2.806193923950195312e+01
-8.848077392578125000e+01,2.805844306945800781e+01
-8.849959564208984375e+01,2.804261016845703125e+01
-8.850032806396484375e+01,2.804263687133789062e+01
-8.848683929443359375e+01,2.805437660217285156e+01
-8.848999786376953125e+01,2.805292129516601562e+01
-8.850167083740234375e+01,2.803988647460937500e+01
-8.847554779052734375e+01,2.806383705139160156e+01
-8.849883270263671875e+01,2.804521751403808594e+01
-8.850019836425781250e+01,2.804338645935058594e+01
-8.848017120361328125e+01,2.806048583984375000e+01
-8.849275207519531250e+01,2.805039405822753906e+01
-8.847129058837890625e+01,2.806714057922363281e+01
-8.849021148681640625e+01,2.805204582214355469e+01
-8.850472259521484375e+01,2.803826522827148438e+01
-8.847389221191406250e+01,2.806571006774902344e+01
-8.849973297119140625e+01,2.804158782958984375e+01
-8.850085449218750000e+01,2.804364204406738281e+01
-8.847684478759765625e+01,2.806082153320312500e+01
-8.847641754150390625e+01,2.806377220153808594e+01
-8.849645996093750000e+01,2.803957748413085938e+01
-8.850339508056640625e+01,2.803998947143554688e+01
-8.848136901855468750e+01,2.805852127075195312e+01
-8.848959350585937500e+01,2.805037498474121094e+01
-8.849188232421875000e+01,2.804144287109375000e+01
-8.849483489990234375e+01,2.804068565368652344e+01
-8.849195861816406250e+01,2.804132270812988281e+01
-8.848289489746093750e+01,2.805751991271972656e+01
-8.849681854248046875e+01,2.804508018493652344e+01
-8.849469757080078125e+01,2.804292488098144531e+01
-8.849807739257812500e+01,2.804117393493652344e+01
-8.849246978759765625e+01,2.804951858520507812e+01
-8.847803497314453125e+01,2.806159591674804688e+01
-8.849349975585937500e+01,2.804874610900878906e+01
-8.849318695068359375e+01,2.804912948608398438e+01
-8.849731445312500000e+01,2.804328536987304688e+01
-8.848941040039062500e+01,2.805187225341796875e+01
-8.849696350097656250e+01,2.804314994812011719e+01
-8.849423980712890625e+01,2.804170227050781250e+01
-8.848016357421875000e+01,2.806079483032226562e+01
-8.849885559082031250e+01,2.804350852966308594e+01
-8.849804687500000000e+01,2.804433441162109375e+01
-8.849836730957031250e+01,2.804291534423828125e+01
-8.850151062011718750e+01,2.803887367248535156e+01
-8.847232055664062500e+01,2.806718635559082031e+01
-8.849446868896484375e+01,2.804471206665039062e+01
-8.849255371093750000e+01,2.804124641418457031e+01
-8.849444580078125000e+01,2.804182815551757812e+01
-8.849377441406250000e+01,2.804731178283691406e+01
-8.847736358642578125e+01,2.806224250793457031e+01
-8.849579620361328125e+01,2.804198074340820312e+01
-8.847193145751953125e+01,2.806663322448730469e+01
-8.849912261962890625e+01,2.804007911682128906e+01
-8.849484252929687500e+01,2.804583168029785156e+01
-8.849393463134765625e+01,2.804800224304199219e+01
-8.847354125976562500e+01,2.806651115417480469e+01
-8.847451782226562500e+01,2.806484603881835938e+01
-8.849890136718750000e+01,2.804340362548828125e+01
-8.849599456787109375e+01,2.804137802124023438e+01
-8.850161743164062500e+01,2.804200172424316406e+01
-8.848249053955078125e+01,2.805902290344238281e+01
-8.847792816162109375e+01,2.806076431274414062e+01
-8.848564147949218750e+01,2.805546188354492188e+01
-8.850360870361328125e+01,2.804014778137207031e+01
-8.849293518066406250e+01,2.804792213439941406e+01
-8.849276733398437500e+01,2.804283332824707031e+01
-8.850242614746093750e+01,2.803962326049804688e+01
-8.849570465087890625e+01,2.804729080200195312e+01
-8.849633026123046875e+01,2.804442024230957031e+01
-8.849768066406250000e+01,2.804392814636230469e+01
-8.847695159912109375e+01,2.806275939941406250e+01
-8.850285339355468750e+01,2.803807449340820312e+01
-8.849604034423828125e+01,2.804320716857910156e+01
-8.849840545654296875e+01,2.804444122314453125e+01
-8.850342559814453125e+01,2.803746604919433594e+01
-8.849578857421875000e+01,2.804659652709960938e+01
-8.849211883544921875e+01,2.804987335205078125e+01
-8.849662017822265625e+01,2.804681587219238281e+01
-8.849450683593750000e+01,2.804377174377441406e+01
-8.849616241455078125e+01,2.804216957092285156e+01
-8.847817230224609375e+01,2.806068992614746094e+01
-8.848957824707031250e+01,2.805158424377441406e+01
-8.850307464599609375e+01,2.803860473632812500e+01
-8.849132537841796875e+01,2.805150604248046875e+01
-8.849148559570312500e+01,2.805104064941406250e+01
-8.847711181640625000e+01,2.806332206726074219e+01
-8.849366760253906250e+01,2.804308509826660156e+01
-8.847457885742187500e+01,2.806412315368652344e+01
-8.848212432861328125e+01,2.805878639221191406e+01
-8.849897003173828125e+01,2.803906059265136719e+01
-8.849942779541015625e+01,2.804431724548339844e+01
-8.849618530273437500e+01,2.804625511169433594e+01
-8.847064208984375000e+01,2.806728363037109375e+01
-8.849546813964843750e+01,2.804744720458984375e+01
-8.850189971923828125e+01,2.804240036010742188e+01
-8.849861907958984375e+01,2.804297065734863281e+01
-8.848624420166015625e+01,2.805390739440917969e+01
-8.847296142578125000e+01,2.806722640991210938e+01
-8.848537445068359375e+01,2.805401039123535156e+01
-8.847794342041015625e+01,2.806014251708984375e+01
-8.849254608154296875e+01,2.804862403869628906e+01
-8.849495697021484375e+01,2.804309082031250000e+01
-8.849788665771484375e+01,2.804603385925292969e+01
-8.850090789794921875e+01,2.804259300231933594e+01
-8.849800109863281250e+01,2.803927421569824219e+01
-8.847752380371093750e+01,2.806220817565917969e+01
-8.850183868408203125e+01,2.803939056396484375e+01
-8.849844360351562500e+01,2.804167366027832031e+01
-8.849468231201171875e+01,2.804736518859863281e+01
-8.849469757080078125e+01,2.804509925842285156e+01
-8.849011230468750000e+01,2.804978179931640625e+01
-8.849683380126953125e+01,2.804386711120605469e+01
-8.850092315673828125e+01,2.804372406005859375e+01
-8.848303222656250000e+01,2.805728340148925781e+01
-8.849848937988281250e+01,2.804170799255371094e+01
-8.847349548339843750e+01,2.806475257873535156e+01
-8.849909973144531250e+01,2.804003906250000000e+01
-8.848327636718750000e+01,2.805677604675292969e+01
-8.848216247558593750e+01,2.805693244934082031e+01
-8.849581146240234375e+01,2.804135894775390625e+01
-8.850195312500000000e+01,2.804051017761230469e+01
-8.850303649902343750e+01,2.804034614562988281e+01
-8.849456787109375000e+01,2.804385185241699219e+01
-8.849752044677734375e+01,2.804665565490722656e+01
-8.849339294433593750e+01,2.804883575439453125e+01
-8.849972534179687500e+01,2.804107093811035156e+01
-8.849529266357421875e+01,2.804716300964355469e+01
-8.849259948730468750e+01,2.805050659179687500e+01
-8.850317382812500000e+01,2.804096794128417969e+01
-8.849790954589843750e+01,2.803980636596679688e+01
-8.849378967285156250e+01,2.804637908935546875e+01
-8.849274444580078125e+01,2.804295158386230469e+01
-8.849344635009765625e+01,2.804828453063964844e+01
-8.849774932861328125e+01,2.804405593872070312e+01
-8.848925018310546875e+01,2.805161857604980469e+01
-8.847178649902343750e+01,2.806683349609375000e+01
-8.849726867675781250e+01,2.804555320739746094e+01
-8.848963928222656250e+01,2.805287933349609375e+01
-8.849764251708984375e+01,2.804151916503906250e+01
-8.849437713623046875e+01,2.804718208312988281e+01
-8.847841644287109375e+01,2.805964279174804688e+01
-8.849594879150390625e+01,2.804285621643066406e+01
-8.849353027343750000e+01,2.804853057861328125e+01
-8.848093414306640625e+01,2.805876159667968750e+01
-8.849494934082031250e+01,2.804637145996093750e+01
-8.850244140625000000e+01,2.803841781616210938e+01
-8.847572326660156250e+01,2.806287384033203125e+01
-8.849986267089843750e+01,2.804205131530761719e+01
-8.848966217041015625e+01,2.805290985107421875e+01
-8.849648284912109375e+01,2.804611396789550781e+01
-8.849713134765625000e+01,2.804177093505859375e+01
-8.847446441650390625e+01,2.806547737121582031e+01
-8.849526977539062500e+01,2.804296112060546875e+01
-8.848084259033203125e+01,2.805933570861816406e+01
-8.847110748291015625e+01,2.806759071350097656e+01
-8.850109863281250000e+01,2.803966903686523438e+01
-8.848893737792968750e+01,2.805362510681152344e+01
-8.849297332763671875e+01,2.804960250854492188e+01
-8.848636627197265625e+01,2.805357742309570312e+01
-8.849359893798828125e+01,2.804961204528808594e+01
-8.849836730957031250e+01,2.804174232482910156e+01
-8.850221252441406250e+01,2.803687667846679688e+01
-8.849884033203125000e+01,2.804065132141113281e+01
-8.847570037841796875e+01,2.806265640258789062e+01
-8.848674011230468750e+01,2.805316352844238281e+01
-8.849387359619140625e+01,2.804013633728027344e+01
-8.848135375976562500e+01,2.805804061889648438e+01
-8.850099945068359375e+01,2.804374122619628906e+01
-8.849559020996093750e+01,2.804066848754882812e+01
-8.847474670410156250e+01,2.806346321105957031e+01
-8.849702453613281250e+01,2.804528999328613281e+01
-8.849442291259765625e+01,2.803991889953613281e+01
-8.849932098388671875e+01,2.803997230529785156e+01
-8.848703765869140625e+01,2.805563163757324219e+01
-8.849852752685546875e+01,2.804392433166503906e+01
-8.848746490478515625e+01,2.805427932739257812e+01
-8.850123596191406250e+01,2.803914451599121094e+01
-8.849450683593750000e+01,2.804009246826171875e+01
-8.849607849121093750e+01,2.804089355468750000e+01
-8.847922515869140625e+01,2.805877304077148438e+01
-8.849480438232421875e+01,2.804195785522460938e+01
-8.850239562988281250e+01,2.804189872741699219e+01
-8.848571014404296875e+01,2.805420303344726562e+01
-8.849356079101562500e+01,2.804310035705566406e+01
-8.849825286865234375e+01,2.804440116882324219e+01
-8.847867584228515625e+01,2.806177711486816406e+01
-8.849568939208984375e+01,2.804218673706054688e+01
-8.850122833251953125e+01,2.804251670837402344e+01
-8.849485778808593750e+01,2.804796028137207031e+01
-8.848106384277343750e+01,2.805893325805664062e+01
-8.850357055664062500e+01,2.803896903991699219e+01
-8.847285461425781250e+01,2.806537628173828125e+01
-8.849996948242187500e+01,2.803983306884765625e+01
-8.849393463134765625e+01,2.804952049255371094e+01
-8.850047302246093750e+01,2.804353332519531250e+01
-8.850184631347656250e+01,2.803744697570800781e+01
-8.849669647216796875e+01,2.804129028320312500e+01
-8.849860382080078125e+01,2.803961753845214844e+01
-8.849411773681640625e+01,2.804384994506835938e+01
-8.849644470214843750e+01,2.804326820373535156e+01
-8.847854614257812500e+01,2.806040191650390625e+01
-8.849346160888671875e+01,2.804179573059082031e+01
-8.847985076904296875e+01,2.806022453308105469e+01
-8.849297332763671875e+01,2.804205513000488281e+01
-8.849331665039062500e+01,2.804969978332519531e+01
-8.850123596191406250e+01,2.803740310668945312e+01
-8.849459075927734375e+01,2.804592704772949219e+01
-8.849615478515625000e+01,2.803984642028808594e+01
-8.847375488281250000e+01,2.806655883789062500e+01
-8.849192810058593750e+01,2.804943275451660156e+01
-8.849567413330078125e+01,2.804524612426757812e+01
-8.850029754638671875e+01,2.804096412658691406e+01
-8.848374176025390625e+01,2.805632972717285156e+01
-8.849471282958984375e+01,2.804016494750976562e+01
-8.848939514160156250e+01,2.805320930480957031e+01
-8.849946594238281250e+01,2.804492759704589844e+01
-8.849276733398437500e+01,2.804292869567871094e+01
-8.849681091308593750e+01,2.804514312744140625e+01
-8.850222778320312500e+01,2.803754043579101562e+01
-8.849893188476562500e+01,2.804041290283203125e+01
-8.848285675048828125e+01,2.805787086486816406e+01
-8.849295043945312500e+01,2.805046081542968750e+01
-8.849543762207031250e+01,2.804293823242187500e+01
-8.849224853515625000e+01,2.804823112487792969e+01
-8.850189971923828125e+01,2.804069328308105469e+01
-8.847782897949218750e+01,2.806038284301757812e+01
-8.848696899414062500e+01,2.805549049377441406e+01
-8.848522186279296875e+01,2.805650138854980469e+01
-8.849499511718750000e+01,2.804067230224609375e+01
-8.849932861328125000e+01,2.804238319396972656e+01
-8.849456024169921875e+01,2.804049873352050781e+01
-8.849379730224609375e+01,2.804091262817382812e+01
-8.849153900146484375e+01,2.804871749877929688e+01
-8.850354766845703125e+01,2.804084777832031250e+01
-8.850328063964843750e+01,2.803901100158691406e+01
-8.849423980712890625e+01,2.804849243164062500e+01
-8.850204467773437500e+01,2.804115104675292969e+01
-8.847220611572265625e+01,2.806675720214843750e+01
-8.849159240722656250e+01,2.804032516479492188e+01
-8.850131225585937500e+01,2.803766250610351562e+01
-8.849840545654296875e+01,2.804275894165039062e+01
-8.848363494873046875e+01,2.805738639831542969e+01
-8.849588775634765625e+01,2.804277610778808594e+01
-8.849842834472656250e+01,2.804192352294921875e+01
-8.849831390380859375e+01,2.804206848144531250e+01
-8.847959899902343750e+01,2.805950736999511719e+01
-8.847869873046875000e+01,2.806187438964843750e+01
-8.849291992187500000e+01,2.804210281372070312e+01
-8.847179412841796875e+01,2.806746864318847656e+01
-8.848675537109375000e+01,2.805441093444824219e+01
-8.849617767333984375e+01,2.804335403442382812e+01
-8.849989318847656250e+01,2.804405021667480469e+01
-8.849339294433593750e+01,2.804212570190429688e+01
-8.849711608886718750e+01,2.803916931152343750e+01
-8.850386810302734375e+01,2.804022216796875000e+01
-8.848744201660156250e+01,2.805252647399902344e+01
-8.848395538330078125e+01,2.805748748779296875e+01
-8.850116729736328125e+01,2.804300117492675781e+01
-8.849270629882812500e+01,2.805058097839355469e+01
-8.847457885742187500e+01,2.806575965881347656e+01
-8.848594665527343750e+01,2.805573081970214844e+01
-8.849236297607421875e+01,2.804089927673339844e+01
-8.849154663085937500e+01,2.805036354064941406e+01
-8.847566986083984375e+01,2.806418991088867188e+01
-8.847994232177734375e+01,2.805947113037109375e+01
-8.848862457275390625e+01,2.805394935607910156e+01
-8.849530792236328125e+01,2.804396438598632812e+01
-8.849993896484375000e+01,2.804343605041503906e+01
-8.848043823242187500e+01,2.805780982971191406e+01
-8.849508666992187500e+01,2.804857826232910156e+01
-8.848394012451171875e+01,2.805677223205566406e+01
-8.848850250244140625e+01,2.805112457275390625e+01
-8.849259948730468750e+01,2.804144096374511719e+01
-8.849366760253906250e+01,2.804910469055175781e+01
-8.847738647460937500e+01,2.806316947937011719e+01
-8.850443267822265625e+01,2.803751564025878906e+01
-8.849557495117187500e+01,2.804414367675781250e+01
-8.849759674072265625e+01,2.804449462890625000e+01
-8.849172210693359375e+01,2.804903984069824219e+01
-8.847206115722656250e+01,2.806660842895507812e+01
-8.850255584716796875e+01,2.804045677185058594e+01
-8.849240112304687500e+01,2.804806900024414062e+01
-8.849237060546875000e+01,2.804116630554199219e+01
-8.848609161376953125e+01,2.805573272705078125e+01
-8.849054718017578125e+01,2.804146194458007812e+01
-8.849029541015625000e+01,2.805060577392578125e+01
-8.848288726806640625e+01,2.805715370178222656e+01
-8.847959899902343750e+01,2.805915641784667969e+01
-8.850064086914062500e+01,2.804052925109863281e+01
-8.849314117431640625e+01,2.804032325744628906e+01
-8.849938964843750000e+01,2.804455947875976562e+01
-8.849613952636718750e+01,2.804211235046386719e+01
-8.848034667968750000e+01,2.806027603149414062e+01
-8.847113800048828125e+01,2.806767654418945312e+01
-8.847306823730468750e+01,2.806715202331542969e+01
-8.850076293945312500e+01,2.804041099548339844e+01
-8.848595428466796875e+01,2.805378913879394531e+01
-8.850103759765625000e+01,2.803951263427734375e+01
-8.849375915527343750e+01,2.804772377014160156e+01
-8.850514984130859375e+01,2.803750038146972656e+01
-8.850060272216796875e+01,2.804299545288085938e+01
-8.848754882812500000e+01,2.805321121215820312e+01
-8.848545837402343750e+01,2.805513763427734375e+01
-8.848115539550781250e+01,2.805957984924316406e+01
-8.847606658935546875e+01,2.806427383422851562e+01
-8.848406982421875000e+01,2.805591773986816406e+01
-8.849530029296875000e+01,2.804136466979980469e+01
-8.849952697753906250e+01,2.804001808166503906e+01
-8.849422454833984375e+01,2.804150772094726562e+01
-8.847229766845703125e+01,2.806765365600585938e+01
-8.848506927490234375e+01,2.805611419677734375e+01
-8.850310516357421875e+01,2.803716659545898438e+01
-8.849648284912109375e+01,2.804734802246093750e+01
-8.850151062011718750e+01,2.803804779052734375e+01
-8.849718475341796875e+01,2.804357337951660156e+01
-8.849752807617187500e+01,2.803988647460937500e+01
-8.850066375732421875e+01,2.804013633728027344e+01
-8.850157165527343750e+01,2.804175949096679688e+01
-8.849138641357421875e+01,2.805183601379394531e+01
-8.849683380126953125e+01,2.804150581359863281e+01
-8.849867248535156250e+01,2.804370117187500000e+01
-8.849226379394531250e+01,2.805087852478027344e+01
-8.848881530761718750e+01,2.805192184448242188e+01
-8.849771881103515625e+01,2.804274749755859375e+01
-8.849758911132812500e+01,2.804154396057128906e+01
-8.849457550048828125e+01,2.804368019104003906e+01
-8.849124145507812500e+01,2.804887771606445312e+01
-8.849995422363281250e+01,2.803853988647460938e+01
-8.848218536376953125e+01,2.805683135986328125e+01
-8.849836730957031250e+01,2.804443168640136719e+01
-8.847540283203125000e+01,2.806317520141601562e+01
-8.849726104736328125e+01,2.803967285156250000e+01
-8.849511718750000000e+01,2.804385948181152344e+01
-8.850456237792968750e+01,2.803908348083496094e+01
-8.849096679687500000e+01,2.805169868469238281e+01
-8.849796295166015625e+01,2.804068565368652344e+01
-8.849288940429687500e+01,2.804166603088378906e+01
-8.849363708496093750e+01,2.804296112060546875e+01
-8.850319671630859375e+01,2.803919029235839844e+01
-8.849709320068359375e+01,2.803978919982910156e+01
-8.849914550781250000e+01,2.804308319091796875e+01
-8.848871612548828125e+01,2.805114364624023438e+01
-8.849642181396484375e+01,2.804099273681640625e+01
-8.849295043945312500e+01,2.804760360717773438e+01
-8.847911071777343750e+01,2.805999374389648438e+01
-8.849695587158203125e+01,2.804372406005859375e+01
-8.848190307617187500e+01,2.805910682678222656e+01
-8.849713134765625000e+01,2.804715347290039062e+01
-8.850005340576171875e+01,2.804391670227050781e+01
-8.849285888671875000e+01,2.804013061523437500e+01
-8.848313140869140625e+01,2.805621337890625000e+01
-8.849326324462890625e+01,2.804134750366210938e+01
-8.849675750732421875e+01,2.804409790039062500e+01
-8.850366973876953125e+01,2.803818321228027344e+01
-8.849528503417968750e+01,2.804182624816894531e+01
-8.850312042236328125e+01,2.803980064392089844e+01
-8.850196838378906250e+01,2.804047012329101562e+01
-8.849971008300781250e+01,2.804343032836914062e+01
-8.849311828613281250e+01,2.804996871948242188e+01
-8.849276733398437500e+01,2.804944419860839844e+01
-8.848702239990234375e+01,2.805238914489746094e+01
-8.847174072265625000e+01,2.806630516052246094e+01
-8.849948120117187500e+01,2.803887176513671875e+01
-8.847521209716796875e+01,2.806309700012207031e+01
-8.849228668212890625e+01,2.804164695739746094e+01
-8.850306701660156250e+01,2.803924560546875000e+01
-8.849043273925781250e+01,2.804157257080078125e+01
-8.847452545166015625e+01,2.806522560119628906e+01
-8.850289154052734375e+01,2.803965568542480469e+01
-8.848908996582031250e+01,2.805142784118652344e+01
-8.849311828613281250e+01,2.804367065429687500e+01
-8.849848937988281250e+01,2.804490470886230469e+01
-8.849401855468750000e+01,2.804755020141601562e+01
-8.849893188476562500e+01,2.803908538818359375e+01
-8.849713897705078125e+01,2.804007720947265625e+01
-8.850325012207031250e+01,2.803961563110351562e+01
-8.848996734619140625e+01,2.805221939086914062e+01
-8.847264862060546875e+01,2.806703376770019531e+01
-8.847790527343750000e+01,2.806100845336914062e+01
-8.848803710937500000e+01,2.805416107177734375e+01
-8.847985076904296875e+01,2.805886650085449219e+01
-8.850103759765625000e+01,2.804037666320800781e+01
-8.850237274169921875e+01,2.803783226013183594e+01
-8.847258758544921875e+01,2.806648826599121094e+01
-8.849501800537109375e+01,2.804163551330566406e+01
-8.847311401367187500e+01,2.806576728820800781e+01
-8.849623107910156250e+01,2.804665374755859375e+01
-8.849865722656250000e+01,2.804484176635742188e+01
-8.850382232666015625e+01,2.803925704956054688e+01
-8.847978973388671875e+01,2.805969810485839844e+01
-8.847727966308593750e+01,2.806225395202636719e+01
-8.849962615966796875e+01,2.804456520080566406e+01
-8.850415039062500000e+01,2.804001998901367188e+01
-8.848114013671875000e+01,2.805886268615722656e+01
-8.849726104736328125e+01,2.804527282714843750e+01
-8.849858856201171875e+01,2.804440116882324219e+01
-8.849452209472656250e+01,2.804482841491699219e+01
-8.847996520996093750e+01,2.805946540832519531e+01
-8.848332214355468750e+01,2.805834579467773438e+01
-8.847333526611328125e+01,2.806489944458007812e+01
-8.849862670898437500e+01,2.804363822937011719e+01
-8.848632049560546875e+01,2.805468177795410156e+01
-8.847977447509765625e+01,2.805983734130859375e+01
-8.849631500244140625e+01,2.804450416564941406e+01
-8.848987579345703125e+01,2.805248260498046875e+01
-8.848754119873046875e+01,2.805178833007812500e+01
-8.850087738037109375e+01,2.804269409179687500e+01
-8.849711608886718750e+01,2.804141235351562500e+01
-8.849040222167968750e+01,2.805160713195800781e+01
-8.849401092529296875e+01,2.804971694946289062e+01
-8.848026275634765625e+01,2.805948448181152344e+01
-8.848424530029296875e+01,2.805750274658203125e+01
-8.849673461914062500e+01,2.803938293457031250e+01
-8.847964477539062500e+01,2.806015968322753906e+01
-8.849737548828125000e+01,2.804393005371093750e+01
-8.849520111083984375e+01,2.804237556457519531e+01
-8.848787689208984375e+01,2.805350685119628906e+01
-8.847617340087890625e+01,2.806163978576660156e+01
-8.849082183837890625e+01,2.805002212524414062e+01
-8.848941802978515625e+01,2.805178642272949219e+01
