longitude,latitude
-8.872878265380859375e+01,2.794736671447753906e+01
-8.873409271240234375e+01,2.794728088378906250e+01
-8.872984313964843750e+01,2.794753646850585938e+01
-8.873365020751953125e+01,2.794910621643066406e+01
-8.873255157470703125e+01,2.794942665100097656e+01
-8.873501586914062500e+01,2.794744682312011719e+01
-8.872782135009765625e+01,2.794583702087402344e+01
-8.873401641845703125e+01,2.794844055175781250e+01
-8.873043060302734375e+01,2.794717407226562500e+01
-8.873233795166015625e+01,2.794759941101074219e+01
-8.873464202880859375e+01,2.794842910766601562e+01
-8.873386383056640625e+01,2.794918441772460938e+01
-8.873212432861328125e+01,2.794893836975097656e+01
-8.873117065429687500e+01,2.794783401489257812e+01
-8.873118591308593750e+01,2.794886016845703125e+01
-8.872820281982421875e+01,2.794659996032714844e+01
-8.873587799072265625e+01,2.794673347473144531e+01
-8.873248291015625000e+01,2.794881057739257812e+01
-8.872904205322265625e+01,2.794747734069824219e+01
-8.872892761230468750e+01,2.794721221923828125e+01
-8.873023986816406250e+01,2.794651603698730469e+01
-8.873444366455078125e+01,2.794812011718750000e+01
-8.873137664794921875e+01,2.794825363159179688e+01
-8.872994232177734375e+01,2.794648933410644531e+01
-8.872998046875000000e+01,2.794658470153808594e+01
-8.873236846923828125e+01,2.794766807556152344e+01
-8.873220062255859375e+01,2.794742584228515625e+01
-8.872895812988281250e+01,2.794640350341796875e+01
-8.873216247558593750e+01,2.794880867004394531e+01
-8.872940826416015625e+01,2.794697380065917969e+01
-8.873104858398437500e+01,2.794804573059082031e+01
-8.873142242431640625e+01,2.794825935363769531e+01
-8.873451995849609375e+01,2.794671630859375000e+01
-8.873504638671875000e+01,2.794901084899902344e+01
-8.873443603515625000e+01,2.794891738891601562e+01
-8.873144531250000000e+01,2.794900703430175781e+01
-8.872809600830078125e+01,2.794721794128417969e+01
-8.873513793945312500e+01,2.794671630859375000e+01
-8.872772216796875000e+01,2.794576454162597656e+01
-8.872861480712890625e+01,2.794707489013671875e+01
-8.873653411865234375e+01,2.794760322570800781e+01
-8.872772979736328125e+01,2.794579124450683594e+01
-8.873548889160156250e+01,2.794675827026367188e+01
-8.872972869873046875e+01,2.794717788696289062e+01
-8.872963714599609375e+01,2.794673347473144531e+01
-8.873256683349609375e+01,2.794935226440429688e+01
-8.873540496826171875e+01,2.794856071472167969e+01
-8.873287200927734375e+01,2.794927787780761719e+01
-8.873161315917968750e+01,2.794930648803710938e+01
-8.872864532470703125e+01,2.794601821899414062e+01
-8.872924804687500000e+01,2.794770431518554688e+01
-8.872943878173828125e+01,2.794705200195312500e+01
-8.873064422607421875e+01,2.794842720031738281e+01
-8.872761535644531250e+01,2.794635391235351562e+01
-8.873097991943359375e+01,2.794748497009277344e+01
-8.873567962646484375e+01,2.794733810424804688e+01
-8.873273468017578125e+01,2.794907760620117188e+01
-8.873561859130859375e+01,2.794667053222656250e+01
-8.873202514648437500e+01,2.794720268249511719e+01
-8.873631286621093750e+01,2.794787597656250000e+01
-8.872827148437500000e+01,2.794550895690917969e+01
-8.873606109619140625e+01,2.794764137268066406e+01
-8.873510742187500000e+01,2.794840049743652344e+01
-8.873200988769531250e+01,2.794794654846191406e+01
-8.872798156738281250e+01,2.794638442993164062e+01
-8.872866821289062500e+01,2.794618606567382812e+01
-8.872958374023437500e+01,2.794743156433105469e+01
-8.873050689697265625e+01,2.794733047485351562e+01
-8.872874450683593750e+01,2.794661521911621094e+01
-8.873322296142578125e+01,2.794833755493164062e+01
-8.873483276367187500e+01,2.794735145568847656e+01
-8.872892761230468750e+01,2.794794273376464844e+01
-8.873529052734375000e+01,2.794784736633300781e+01
-8.873181915283203125e+01,2.794862937927246094e+01
-8.873513793945312500e+01,2.794885063171386719e+01
-8.873177337646484375e+01,2.794954872131347656e+01
-8.873497009277343750e+01,2.794904518127441406e+01
-8.873377227783203125e+01,2.794874382019042969e+01
-8.873397827148437500e+01,2.794725036621093750e+01
-8.873301696777343750e+01,2.794914245605468750e+01
-8.873306274414062500e+01,2.794790840148925781e+01
-8.873458862304687500e+01,2.794882583618164062e+01
-8.873493957519531250e+01,2.794853782653808594e+01
-8.873251342773437500e+01,2.794942665100097656e+01
-8.873316192626953125e+01,2.794929504394531250e+01
-8.873356628417968750e+01,2.794860076904296875e+01
-8.873301696777343750e+01,2.794921493530273438e+01
-8.873399353027343750e+01,2.794805145263671875e+01
-8.873242187500000000e+01,2.794893455505371094e+01
-8.873569488525390625e+01,2.794792366027832031e+01
-8.873192596435546875e+01,2.794869232177734375e+01
-8.873536682128906250e+01,2.794752120971679688e+01
-8.873104095458984375e+01,2.794826507568359375e+01
-8.873257446289062500e+01,2.794921112060546875e+01
-8.872858428955078125e+01,2.794573593139648438e+01
-8.873270416259765625e+01,2.794712257385253906e+01
-8.872851562500000000e+01,2.794651985168457031e+01
-8.873547363281250000e+01,2.794791221618652344e+01
-8.873503112792968750e+01,2.794772720336914062e+01
-8.873606872558593750e+01,2.794636917114257812e+01
-8.872949981689453125e+01,2.794708633422851562e+01
-8.873047637939453125e+01,2.794713020324707031e+01
-8.873026275634765625e+01,2.794645500183105469e+01
-8.872853851318359375e+01,2.794634246826171875e+01
-8.872859191894531250e+01,2.794649696350097656e+01
-8.873303222656250000e+01,2.794857406616210938e+01
-8.872881317138671875e+01,2.794692802429199219e+01
-8.873240661621093750e+01,2.794737434387207031e+01
-8.873268890380859375e+01,2.794797515869140625e+01
-8.873056793212890625e+01,2.794751167297363281e+01
-8.872824096679687500e+01,2.794671630859375000e+01
-8.873226165771484375e+01,2.794756317138671875e+01
-8.873305511474609375e+01,2.794890403747558594e+01
-8.872833251953125000e+01,2.794654083251953125e+01
-8.873450469970703125e+01,2.794883346557617188e+01
-8.873318481445312500e+01,2.794743537902832031e+01
-8.873447418212890625e+01,2.794909477233886719e+01
-8.873308563232421875e+01,2.794869422912597656e+01
-8.872944641113281250e+01,2.794663429260253906e+01
-8.873536682128906250e+01,2.794749069213867188e+01
-8.873294830322265625e+01,2.794798088073730469e+01
-8.873361968994140625e+01,2.794921684265136719e+01
-8.873233795166015625e+01,2.794815444946289062e+01
-8.873474121093750000e+01,2.794684410095214844e+01
-8.873494720458984375e+01,2.794713592529296875e+01
-8.873210144042968750e+01,2.794850158691406250e+01
-8.873394012451171875e+01,2.794767570495605469e+01
-8.873416900634765625e+01,2.794868087768554688e+01
-8.873592376708984375e+01,2.794838523864746094e+01
-8.873521423339843750e+01,2.794775772094726562e+01
-8.873284149169921875e+01,2.794866943359375000e+01
-8.873458099365234375e+01,2.794697761535644531e+01
-8.873368835449218750e+01,2.794826316833496094e+01
-8.872955322265625000e+01,2.794709014892578125e+01
-8.872856140136718750e+01,2.794590759277343750e+01
-8.873305511474609375e+01,2.794698905944824219e+01
-8.872750091552734375e+01,2.794635200500488281e+01
-8.872846221923828125e+01,2.794743156433105469e+01
-8.873110961914062500e+01,2.794762611389160156e+01
-8.873194122314453125e+01,2.794748878479003906e+01
-8.873595428466796875e+01,2.794691848754882812e+01
-8.873238372802734375e+01,2.794862556457519531e+01
-8.873358154296875000e+01,2.794836807250976562e+01
-8.872805023193359375e+01,2.794688796997070312e+01
-8.873470306396484375e+01,2.794733047485351562e+01
-8.873162078857421875e+01,2.794873428344726562e+01
-8.873339843750000000e+01,2.794911193847656250e+01
-8.873569488525390625e+01,2.794742393493652344e+01
-8.873383331298828125e+01,2.794715499877929688e+01
-8.872911834716796875e+01,2.794631767272949219e+01
-8.873345184326171875e+01,2.794897270202636719e+01
-8.873392486572265625e+01,2.794835662841796875e+01
-8.873042297363281250e+01,2.794729232788085938e+01
-8.872849273681640625e+01,2.794633293151855469e+01
-8.873386383056640625e+01,2.794809150695800781e+01
-8.873589324951171875e+01,2.794708061218261719e+01
-8.873121643066406250e+01,2.794845771789550781e+01
-8.873460388183593750e+01,2.794829940795898438e+01
-8.872835540771484375e+01,2.794644737243652344e+01
-8.873290252685546875e+01,2.794778442382812500e+01
-8.872934722900390625e+01,2.794627761840820312e+01
-8.873400115966796875e+01,2.794856262207031250e+01
-8.873385620117187500e+01,2.794795989990234375e+01
-8.873628234863281250e+01,2.794727897644042969e+01
-8.872831726074218750e+01,2.794604110717773438e+01
-8.873065185546875000e+01,2.794821357727050781e+01
-8.873196411132812500e+01,2.794786262512207031e+01
-8.873303222656250000e+01,2.794827270507812500e+01
-8.873409271240234375e+01,2.794850158691406250e+01
-8.873613739013671875e+01,2.794821929931640625e+01
-8.873493957519531250e+01,2.794690895080566406e+01
-8.872973632812500000e+01,2.794764900207519531e+01
-8.873440551757812500e+01,2.794867706298828125e+01
-8.873461151123046875e+01,2.794721412658691406e+01
-8.873264312744140625e+01,2.794713401794433594e+01
-8.872791290283203125e+01,2.794621658325195312e+01
-8.873381805419921875e+01,2.794921684265136719e+01
-8.872969818115234375e+01,2.794669342041015625e+01
-8.872830963134765625e+01,2.794586181640625000e+01
-8.873508453369140625e+01,2.794717407226562500e+01
-8.873475646972656250e+01,2.794882202148437500e+01
-8.873080444335937500e+01,2.794745445251464844e+01
-8.872819519042968750e+01,2.794677543640136719e+01
-8.873291778564453125e+01,2.794759941101074219e+01
-8.873022460937500000e+01,2.794633674621582031e+01
-8.873339080810546875e+01,2.794815635681152344e+01
-8.873466491699218750e+01,2.794692039489746094e+01
-8.873425292968750000e+01,2.794763374328613281e+01
-8.873265838623046875e+01,2.794903945922851562e+01
-8.873372650146484375e+01,2.794717788696289062e+01
-8.873270416259765625e+01,2.794822883605957031e+01
-8.873486328125000000e+01,2.794859886169433594e+01
-8.873165130615234375e+01,2.794720077514648438e+01
-8.873007202148437500e+01,2.794803237915039062e+01
-8.873448944091796875e+01,2.794846534729003906e+01
-8.873654174804687500e+01,2.794757652282714844e+01
-8.873172760009765625e+01,2.794773101806640625e+01
-8.872789001464843750e+01,2.794590759277343750e+01
-8.873376464843750000e+01,2.794926261901855469e+01
-8.873456573486328125e+01,2.794826889038085938e+01
-8.873583984375000000e+01,2.794780349731445312e+01
-8.873091125488281250e+01,2.794707679748535156e+01
-8.872994995117187500e+01,2.794719696044921875e+01
-8.873555755615234375e+01,2.794718933105468750e+01
-8.872888946533203125e+01,2.794715118408203125e+01
-8.872975158691406250e+01,2.794787788391113281e+01
-8.872745513916015625e+01,2.794581985473632812e+01
-8.873564910888671875e+01,2.794794273376464844e+01
-8.873553466796875000e+01,2.794674301147460938e+01
-8.873191070556640625e+01,2.794845390319824219e+01
-8.873551940917968750e+01,2.794855117797851562e+01
-8.873431396484375000e+01,2.794808769226074219e+01
-8.872935485839843750e+01,2.794766807556152344e+01
-8.873128509521484375e+01,2.794886016845703125e+01
-8.873119354248046875e+01,2.794729042053222656e+01
-8.872830200195312500e+01,2.794641876220703125e+01
-8.873078155517578125e+01,2.794836044311523438e+01
-8.873516845703125000e+01,2.794648361206054688e+01
-8.873454284667968750e+01,2.794854736328125000e+01
-8.872926330566406250e+01,2.794660758972167969e+01
-8.872945404052734375e+01,2.794804763793945312e+01
-8.873630523681640625e+01,2.794693756103515625e+01
-8.872840118408203125e+01,2.794616889953613281e+01
-8.873550415039062500e+01,2.794824600219726562e+01
-8.873343658447265625e+01,2.794849777221679688e+01
-8.872865295410156250e+01,2.794631958007812500e+01
-8.873279571533203125e+01,2.794927978515625000e+01
-8.873448181152343750e+01,2.794914245605468750e+01
-8.873231506347656250e+01,2.794802284240722656e+01
-8.873268127441406250e+01,2.794818496704101562e+01
-8.873497009277343750e+01,2.794663238525390625e+01
-8.872966003417968750e+01,2.794678497314453125e+01
-8.873553466796875000e+01,2.794803428649902344e+01
-8.873031616210937500e+01,2.794622230529785156e+01
-8.873178863525390625e+01,2.794783401489257812e+01
-8.873442840576171875e+01,2.794699859619140625e+01
-8.873332977294921875e+01,2.794854354858398438e+01
-8.873125457763671875e+01,2.794886016845703125e+01
-8.873460388183593750e+01,2.794791603088378906e+01
-8.873513031005859375e+01,2.794754028320312500e+01
-8.873336791992187500e+01,2.794770812988281250e+01
-8.872795867919921875e+01,2.794599723815917969e+01
-8.873035430908203125e+01,2.794715118408203125e+01
-8.873420715332031250e+01,2.794797134399414062e+01
-8.873467254638671875e+01,2.794794654846191406e+01
-8.873005676269531250e+01,2.794799232482910156e+01
-8.873352050781250000e+01,2.794901275634765625e+01
-8.873063659667968750e+01,2.794728851318359375e+01
-8.872924804687500000e+01,2.794677162170410156e+01
-8.873548126220703125e+01,2.794644165039062500e+01
-8.873536682128906250e+01,2.794745826721191406e+01
-8.873256683349609375e+01,2.794872283935546875e+01
-8.872769927978515625e+01,2.794573211669921875e+01
-8.872927093505859375e+01,2.794810676574707031e+01
-8.873355865478515625e+01,2.794887542724609375e+01
-8.872899627685546875e+01,2.794613647460937500e+01
-8.873608398437500000e+01,2.794661712646484375e+01
-8.873136138916015625e+01,2.794786643981933594e+01
-8.872989654541015625e+01,2.794780921936035156e+01
-8.872889709472656250e+01,2.794659233093261719e+01
-8.873197174072265625e+01,2.794827270507812500e+01
-8.873152923583984375e+01,2.794707107543945312e+01
-8.873561096191406250e+01,2.794645118713378906e+01
-8.873393249511718750e+01,2.794869041442871094e+01
-8.873026275634765625e+01,2.794695663452148438e+01
-8.873274993896484375e+01,2.794886207580566406e+01
-8.873344421386718750e+01,2.794837760925292969e+01
-8.873237609863281250e+01,2.794938659667968750e+01
-8.872907257080078125e+01,2.794699668884277344e+01
-8.873503875732421875e+01,2.794883346557617188e+01
-8.873434448242187500e+01,2.794781875610351562e+01
-8.873336791992187500e+01,2.794747924804687500e+01
-8.873244476318359375e+01,2.794879150390625000e+01
-8.873600769042968750e+01,2.794791793823242188e+01
-8.873056030273437500e+01,2.794795608520507812e+01
-8.873074340820312500e+01,2.794740486145019531e+01
-8.872892761230468750e+01,2.794734573364257812e+01
-8.873359680175781250e+01,2.794767761230468750e+01
-8.872814178466796875e+01,2.794551467895507812e+01
-8.873136138916015625e+01,2.794818878173828125e+01
-8.872994995117187500e+01,2.794648361206054688e+01
-8.873557281494140625e+01,2.794856643676757812e+01
-8.873533630371093750e+01,2.794856834411621094e+01
-8.873141479492187500e+01,2.794824981689453125e+01
-8.873435974121093750e+01,2.794879722595214844e+01
-8.873504638671875000e+01,2.794905853271484375e+01
-8.873001098632812500e+01,2.794763755798339844e+01
-8.873303222656250000e+01,2.794897651672363281e+01
-8.873281097412109375e+01,2.794782066345214844e+01
-8.873263549804687500e+01,2.794889068603515625e+01
-8.873178863525390625e+01,2.794787406921386719e+01
-8.873632049560546875e+01,2.794784736633300781e+01
-8.872821807861328125e+01,2.794609260559082031e+01
-8.873192596435546875e+01,2.794875526428222656e+01
-8.873532867431640625e+01,2.794818305969238281e+01
-8.873420715332031250e+01,2.794900131225585938e+01
-8.872920989990234375e+01,2.794755554199218750e+01
-8.873582458496093750e+01,2.794801902770996094e+01
-8.873013305664062500e+01,2.794724655151367188e+01
-8.873635864257812500e+01,2.794712066650390625e+01
-8.873048400878906250e+01,2.794772148132324219e+01
-8.873316955566406250e+01,2.794921112060546875e+01
-8.872918701171875000e+01,2.794632911682128906e+01
-8.873371887207031250e+01,2.794706344604492188e+01
-8.873291015625000000e+01,2.794888687133789062e+01
-8.873317718505859375e+01,2.794739151000976562e+01
-8.873434448242187500e+01,2.794926643371582031e+01
-8.872900390625000000e+01,2.794730567932128906e+01
-8.873197174072265625e+01,2.794837379455566406e+01
-8.872754669189453125e+01,2.794607543945312500e+01
-8.873387145996093750e+01,2.794709396362304688e+01
-8.873442077636718750e+01,2.794692993164062500e+01
-8.873554229736328125e+01,2.794676399230957031e+01
-8.873494720458984375e+01,2.794865417480468750e+01
-8.873486328125000000e+01,2.794777679443359375e+01
-8.873500061035156250e+01,2.794861984252929688e+01
-8.873308563232421875e+01,2.794883918762207031e+01
-8.872751617431640625e+01,2.794669914245605469e+01
-8.873469543457031250e+01,2.794805145263671875e+01
-8.872796630859375000e+01,2.794594764709472656e+01
-8.873493194580078125e+01,2.794653320312500000e+01
-8.873372650146484375e+01,2.794854354858398438e+01
-8.873336029052734375e+01,2.794839668273925781e+01
-8.873149871826171875e+01,2.794929122924804688e+01
-8.872971343994140625e+01,2.794660568237304688e+01
-8.873308563232421875e+01,2.794935417175292969e+01
-8.873532867431640625e+01,2.794841003417968750e+01
-8.872889709472656250e+01,2.794782066345214844e+01
-8.873118591308593750e+01,2.794723510742187500e+01
-8.873465728759765625e+01,2.794846343994140625e+01
-8.873313903808593750e+01,2.794866752624511719e+01
-8.872766113281250000e+01,2.794690322875976562e+01
-8.872967529296875000e+01,2.794677734375000000e+01
-8.873186492919921875e+01,2.794733238220214844e+01
-8.873051452636718750e+01,2.794674301147460938e+01
-8.873605346679687500e+01,2.794686889648437500e+01
-8.873298645019531250e+01,2.794741821289062500e+01
-8.872940826416015625e+01,2.794774246215820312e+01
-8.873220825195312500e+01,2.794920730590820312e+01
-8.872988128662109375e+01,2.794761848449707031e+01
-8.873272705078125000e+01,2.794922256469726562e+01
-8.873276519775390625e+01,2.794914817810058594e+01
-8.873519897460937500e+01,2.794749450683593750e+01
-8.873225402832031250e+01,2.794858741760253906e+01
-8.873191070556640625e+01,2.794885253906250000e+01
-8.872939300537109375e+01,2.794682884216308594e+01
-8.873270416259765625e+01,2.794923782348632812e+01
-8.873361206054687500e+01,2.794818496704101562e+01
-8.872972106933593750e+01,2.794723129272460938e+01
-8.873158264160156250e+01,2.794860649108886719e+01
-8.873422241210937500e+01,2.794769668579101562e+01
-8.873095703125000000e+01,2.794713783264160156e+01
-8.872885131835937500e+01,2.794716835021972656e+01
-8.873423004150390625e+01,2.794774436950683594e+01
-8.873175811767578125e+01,2.794794464111328125e+01
-8.873123168945312500e+01,2.794885253906250000e+01
-8.873415374755859375e+01,2.794849777221679688e+01
-8.872925567626953125e+01,2.794688796997070312e+01
-8.872969818115234375e+01,2.794746780395507812e+01
-8.872849273681640625e+01,2.794630241394042969e+01
-8.873593902587890625e+01,2.794717216491699219e+01
-8.872947692871093750e+01,2.794650840759277344e+01
-8.873558044433593750e+01,2.794632530212402344e+01
-8.873320770263671875e+01,2.794813919067382812e+01
-8.872903442382812500e+01,2.794781112670898438e+01
-8.873243713378906250e+01,2.794740295410156250e+01
-8.873355865478515625e+01,2.794911003112792969e+01
-8.872861480712890625e+01,2.794731140136718750e+01
-8.873270416259765625e+01,2.794912719726562500e+01
-8.873522186279296875e+01,2.794878196716308594e+01
-8.873616790771484375e+01,2.794736862182617188e+01
-8.872949981689453125e+01,2.794762229919433594e+01
-8.872758483886718750e+01,2.794630050659179688e+01
-8.873280334472656250e+01,2.794931602478027344e+01
-8.872992706298828125e+01,2.794654846191406250e+01
-8.873282623291015625e+01,2.794891166687011719e+01
-8.872935485839843750e+01,2.794645500183105469e+01
-8.873612976074218750e+01,2.794681549072265625e+01
-8.873477172851562500e+01,2.794750213623046875e+01
-8.873273468017578125e+01,2.794789886474609375e+01
-8.873603820800781250e+01,2.794842147827148438e+01
-8.873135375976562500e+01,2.794887161254882812e+01
-8.873156738281250000e+01,2.794779396057128906e+01
-8.873267364501953125e+01,2.794796180725097656e+01
-8.872780609130859375e+01,2.794689369201660156e+01
-8.873521423339843750e+01,2.794735717773437500e+01
-8.873537445068359375e+01,2.794883346557617188e+01
-8.873123168945312500e+01,2.794711494445800781e+01
-8.873101043701171875e+01,2.794779396057128906e+01
-8.873444366455078125e+01,2.794878005981445312e+01
-8.873300170898437500e+01,2.794778060913085938e+01
-8.873036956787109375e+01,2.794697189331054688e+01
-8.873122406005859375e+01,2.794783592224121094e+01
-8.873465728759765625e+01,2.794712448120117188e+01
-8.873403930664062500e+01,2.794782638549804688e+01
-8.872851562500000000e+01,2.794689559936523438e+01
-8.872872161865234375e+01,2.794696998596191406e+01
-8.872776031494140625e+01,2.794577026367187500e+01
-8.872869110107421875e+01,2.794731140136718750e+01
-8.873558807373046875e+01,2.794670677185058594e+01
-8.873151397705078125e+01,2.794740295410156250e+01
-8.873616790771484375e+01,2.794664382934570312e+01
-8.872949218750000000e+01,2.794727325439453125e+01
-8.873229217529296875e+01,2.794912719726562500e+01
-8.873515319824218750e+01,2.794662666320800781e+01
-8.873304748535156250e+01,2.794738769531250000e+01
-8.872813415527343750e+01,2.794719696044921875e+01
-8.873586273193359375e+01,2.794810676574707031e+01
-8.872881317138671875e+01,2.794739341735839844e+01
-8.873592376708984375e+01,2.794767761230468750e+01
-8.873275756835937500e+01,2.794914817810058594e+01
-8.873482513427734375e+01,2.794654846191406250e+01
-8.873521423339843750e+01,2.794779777526855469e+01
-8.873195648193359375e+01,2.794866752624511719e+01
-8.873459625244140625e+01,2.794873046875000000e+01
-8.873051452636718750e+01,2.794779586791992188e+01
-8.873257446289062500e+01,2.794807624816894531e+01
-8.873583984375000000e+01,2.794721412658691406e+01
-8.873099517822265625e+01,2.794730377197265625e+01
-8.873468017578125000e+01,2.794878959655761719e+01
-8.873255157470703125e+01,2.794780731201171875e+01
-8.873071289062500000e+01,2.794704055786132812e+01
-8.872762298583984375e+01,2.794582557678222656e+01
-8.873402404785156250e+01,2.794807243347167969e+01
-8.872746276855468750e+01,2.794611358642578125e+01
-8.872996520996093750e+01,2.794790840148925781e+01
-8.873265838623046875e+01,2.794769096374511719e+01
-8.873038482666015625e+01,2.794693756103515625e+01
-8.873145294189453125e+01,2.794732093811035156e+01
-8.873428344726562500e+01,2.794883155822753906e+01
-8.873608398437500000e+01,2.794707489013671875e+01
-8.873173522949218750e+01,2.794723129272460938e+01
-8.873428344726562500e+01,2.794760322570800781e+01
-8.873617553710937500e+01,2.794701004028320312e+01
-8.873604583740234375e+01,2.794848251342773438e+01
-8.872842407226562500e+01,2.794622421264648438e+01
-8.872996520996093750e+01,2.794767379760742188e+01
-8.872912597656250000e+01,2.794670486450195312e+01
-8.872937774658203125e+01,2.794757270812988281e+01
-8.873622131347656250e+01,2.794801902770996094e+01
-8.872810363769531250e+01,2.794654655456542969e+01
-8.873390197753906250e+01,2.794741058349609375e+01
-8.872906494140625000e+01,2.794780158996582031e+01
-8.872829437255859375e+01,2.794678115844726562e+01
-8.873470306396484375e+01,2.794882583618164062e+01
-8.872978973388671875e+01,2.794790458679199219e+01
-8.873516082763671875e+01,2.794888877868652344e+01
-8.873591613769531250e+01,2.794804000854492188e+01
-8.873179626464843750e+01,2.794959831237792969e+01
-8.873406982421875000e+01,2.794915962219238281e+01
-8.872973632812500000e+01,2.794762611389160156e+01
-8.873130798339843750e+01,2.794906616210937500e+01
-8.873649597167968750e+01,2.794710922241210938e+01
-8.872880554199218750e+01,2.794627571105957031e+01
-8.872982788085937500e+01,2.794686889648437500e+01
-8.873526763916015625e+01,2.794820976257324219e+01
-8.873619079589843750e+01,2.794672012329101562e+01
-8.873480224609375000e+01,2.794866180419921875e+01
-8.872940063476562500e+01,2.794746589660644531e+01
-8.873445892333984375e+01,2.794861984252929688e+01
-8.872774505615234375e+01,2.794664573669433594e+01
-8.873394012451171875e+01,2.794924163818359375e+01
-8.873227691650390625e+01,2.794828987121582031e+01
-8.873274230957031250e+01,2.794719505310058594e+01
-8.873455810546875000e+01,2.794904327392578125e+01
-8.873276519775390625e+01,2.794889450073242188e+01
-8.873215484619140625e+01,2.794843292236328125e+01
-8.873504638671875000e+01,2.794890213012695312e+01
-8.872956848144531250e+01,2.794675064086914062e+01
-8.873147583007812500e+01,2.794732475280761719e+01
-8.872972869873046875e+01,2.794684219360351562e+01
-8.873303985595703125e+01,2.794893264770507812e+01
-8.873229980468750000e+01,2.794824218750000000e+01
-8.872879028320312500e+01,2.794734001159667969e+01
-8.873518371582031250e+01,2.794663238525390625e+01
-8.872766113281250000e+01,2.794625282287597656e+01
-8.873604583740234375e+01,2.794748687744140625e+01
-8.873060607910156250e+01,2.794688034057617188e+01
-8.872866058349609375e+01,2.794709968566894531e+01
-8.873123931884765625e+01,2.794893836975097656e+01
-8.872945404052734375e+01,2.794635581970214844e+01
-8.873513793945312500e+01,2.794642257690429688e+01
-8.873017883300781250e+01,2.794706535339355469e+01
-8.873329925537109375e+01,2.794813919067382812e+01
-8.873587799072265625e+01,2.794759941101074219e+01
-8.873007202148437500e+01,2.794647789001464844e+01
-8.873431396484375000e+01,2.794783973693847656e+01
-8.873085021972656250e+01,2.794856834411621094e+01
-8.873423767089843750e+01,2.794825553894042969e+01
-8.872904968261718750e+01,2.794711685180664062e+01
-8.872824096679687500e+01,2.794727706909179688e+01
-8.873050689697265625e+01,2.794791603088378906e+01
-8.873411560058593750e+01,2.794708061218261719e+01
-8.873087310791015625e+01,2.794846916198730469e+01
-8.872895812988281250e+01,2.794670486450195312e+01
-8.873440551757812500e+01,2.794789695739746094e+01
-8.873057556152343750e+01,2.794775772094726562e+01
-8.872799682617187500e+01,2.794688415527343750e+01
-8.873105621337890625e+01,2.794756889343261719e+01
-8.873406982421875000e+01,2.794730377197265625e+01
-8.873248291015625000e+01,2.794755554199218750e+01
-8.872965240478515625e+01,2.794773101806640625e+01
-8.873516845703125000e+01,2.794867897033691406e+01
-8.873622894287109375e+01,2.794754791259765625e+01
-8.873426818847656250e+01,2.794781303405761719e+01
-8.873439788818359375e+01,2.794824600219726562e+01
-8.873091125488281250e+01,2.794888687133789062e+01
-8.873150634765625000e+01,2.794805526733398438e+01
-8.873625183105468750e+01,2.794707489013671875e+01
-8.872867584228515625e+01,2.794622611999511719e+01
-8.873143768310546875e+01,2.794881248474121094e+01
-8.872968292236328125e+01,2.794665908813476562e+01
-8.873484802246093750e+01,2.794857978820800781e+01
-8.873041534423828125e+01,2.794703483581542969e+01
-8.873596954345703125e+01,2.794648170471191406e+01
-8.873398590087890625e+01,2.794875335693359375e+01
-8.872917175292968750e+01,2.794658851623535156e+01
-8.873571014404296875e+01,2.794702911376953125e+01
-8.872946929931640625e+01,2.794659042358398438e+01
-8.873413085937500000e+01,2.794812583923339844e+01
-8.872805023193359375e+01,2.794648742675781250e+01
-8.873575592041015625e+01,2.794795799255371094e+01
-8.873359680175781250e+01,2.794806861877441406e+01
-8.872786712646484375e+01,2.794630622863769531e+01
-8.872924804687500000e+01,2.794703674316406250e+01
-8.872835540771484375e+01,2.794577980041503906e+01
-8.873273468017578125e+01,2.794791984558105469e+01
-8.873502349853515625e+01,2.794894218444824219e+01
-8.873506927490234375e+01,2.794814872741699219e+01
-8.872800445556640625e+01,2.794577026367187500e+01
-8.873116302490234375e+01,2.794870567321777344e+01
-8.873082733154296875e+01,2.794838142395019531e+01
-8.873124694824218750e+01,2.794759941101074219e+01
-8.873103332519531250e+01,2.794842910766601562e+01
-8.873056793212890625e+01,2.794765281677246094e+01
-8.873266601562500000e+01,2.794890403747558594e+01
-8.873281097412109375e+01,2.794740104675292969e+01
-8.872848510742187500e+01,2.794690322875976562e+01
-8.873603820800781250e+01,2.794746971130371094e+01
-8.873473358154296875e+01,2.794683074951171875e+01
-8.873551177978515625e+01,2.794661712646484375e+01
-8.873491668701171875e+01,2.794906616210937500e+01
-8.872898864746093750e+01,2.794649887084960938e+01
-8.873064422607421875e+01,2.794836235046386719e+01
-8.873081207275390625e+01,2.794701576232910156e+01
-8.873163604736328125e+01,2.794770812988281250e+01
-8.873139953613281250e+01,2.794787979125976562e+01
-8.873577880859375000e+01,2.794745063781738281e+01
-8.872806549072265625e+01,2.794645118713378906e+01
-8.872936248779296875e+01,2.794724655151367188e+01
-8.873400878906250000e+01,2.794778060913085938e+01
-8.873398590087890625e+01,2.794924163818359375e+01
-8.873396301269531250e+01,2.794886970520019531e+01
-8.873611450195312500e+01,2.794803237915039062e+01
-8.873517608642578125e+01,2.794813728332519531e+01
-8.873143005371093750e+01,2.794792747497558594e+01
-8.873093414306640625e+01,2.794842147827148438e+01
-8.873176574707031250e+01,2.794797325134277344e+01
-8.873546600341796875e+01,2.794766616821289062e+01
-8.873187255859375000e+01,2.794814300537109375e+01
-8.873107910156250000e+01,2.794828033447265625e+01
-8.873504638671875000e+01,2.794869995117187500e+01
-8.873279571533203125e+01,2.794872093200683594e+01
-8.872853851318359375e+01,2.794568634033203125e+01
-8.872968292236328125e+01,2.794738388061523438e+01
-8.873243713378906250e+01,2.794809341430664062e+01
-8.873059082031250000e+01,2.794787216186523438e+01
-8.873236083984375000e+01,2.794714736938476562e+01
-8.872779846191406250e+01,2.794687080383300781e+01
-8.873547363281250000e+01,2.794650077819824219e+01
-8.873135375976562500e+01,2.794915390014648438e+01
-8.872834014892578125e+01,2.794604110717773438e+01
-8.873633575439453125e+01,2.794720268249511719e+01
-8.873271179199218750e+01,2.794886970520019531e+01
-8.872940063476562500e+01,2.794646072387695312e+01
-8.873136138916015625e+01,2.794868278503417969e+01
-8.873457336425781250e+01,2.794771003723144531e+01
-8.873022460937500000e+01,2.794780921936035156e+01
-8.873210906982421875e+01,2.794813156127929688e+01
-8.873210144042968750e+01,2.794885635375976562e+01
-8.872853851318359375e+01,2.794690704345703125e+01
-8.873227691650390625e+01,2.794748497009277344e+01
-8.873598480224609375e+01,2.794631385803222656e+01
-8.873348999023437500e+01,2.794835090637207031e+01
-8.873040008544921875e+01,2.794773674011230469e+01
-8.873234558105468750e+01,2.794716262817382812e+01
-8.873524475097656250e+01,2.794722175598144531e+01
-8.873287200927734375e+01,2.794718933105468750e+01
-8.873465728759765625e+01,2.794805526733398438e+01
-8.873414611816406250e+01,2.794923210144042969e+01
-8.873052215576171875e+01,2.794757843017578125e+01
-8.873159027099609375e+01,2.794783401489257812e+01
-8.873066711425781250e+01,2.794818687438964844e+01
-8.872797393798828125e+01,2.794696044921875000e+01
-8.873383331298828125e+01,2.794771575927734375e+01
-8.873379516601562500e+01,2.794758796691894531e+01
-8.873627471923828125e+01,2.794788932800292969e+01
-8.873451995849609375e+01,2.794726181030273438e+01
-8.873435211181640625e+01,2.794815444946289062e+01
-8.873550415039062500e+01,2.794872856140136719e+01
-8.872943115234375000e+01,2.794731903076171875e+01
-8.873320770263671875e+01,2.794829368591308594e+01
-8.873291778564453125e+01,2.794930076599121094e+01
-8.873432159423828125e+01,2.794838714599609375e+01
-8.873471832275390625e+01,2.794871139526367188e+01
-8.873477172851562500e+01,2.794695854187011719e+01
-8.872834777832031250e+01,2.794701385498046875e+01
-8.872840118408203125e+01,2.794708061218261719e+01
-8.873386383056640625e+01,2.794789695739746094e+01
-8.873269653320312500e+01,2.794910049438476562e+01
-8.872945404052734375e+01,2.794787597656250000e+01
-8.873211669921875000e+01,2.794819450378417969e+01
-8.873654174804687500e+01,2.794742774963378906e+01
-8.873559570312500000e+01,2.794703292846679688e+01
-8.873213195800781250e+01,2.794945716857910156e+01
-8.873492431640625000e+01,2.794763946533203125e+01
-8.873281097412109375e+01,2.794930458068847656e+01
-8.873298645019531250e+01,2.794756889343261719e+01
-8.873450469970703125e+01,2.794833564758300781e+01
-8.872760009765625000e+01,2.794577026367187500e+01
-8.873276519775390625e+01,2.794864273071289062e+01
-8.873157501220703125e+01,2.794929122924804688e+01
-8.872808074951171875e+01,2.794632530212402344e+01
-8.873516845703125000e+01,2.794716644287109375e+01
-8.873097991943359375e+01,2.794824218750000000e+01
-8.872850036621093750e+01,2.794569778442382812e+01
-8.873303222656250000e+01,2.794787979125976562e+01
-8.873315429687500000e+01,2.794843101501464844e+01
-8.872973632812500000e+01,2.794788742065429688e+01
-8.873569488525390625e+01,2.794869422912597656e+01
-8.873468017578125000e+01,2.794791793823242188e+01
-8.873090362548828125e+01,2.794777870178222656e+01
-8.873520660400390625e+01,2.794900894165039062e+01
-8.873534393310546875e+01,2.794661521911621094e+01
-8.873575592041015625e+01,2.794831657409667969e+01
-8.873549652099609375e+01,2.794690513610839844e+01
-8.872966003417968750e+01,2.794648361206054688e+01
-8.873207855224609375e+01,2.794836807250976562e+01
-8.873052978515625000e+01,2.794708251953125000e+01
-8.873368072509765625e+01,2.794924736022949219e+01
-8.873557281494140625e+01,2.794786262512207031e+01
-8.872734069824218750e+01,2.794628906250000000e+01
-8.873598480224609375e+01,2.794653511047363281e+01
-8.873615264892578125e+01,2.794807243347167969e+01
-8.872863006591796875e+01,2.794645118713378906e+01
-8.873034667968750000e+01,2.794738960266113281e+01
-8.873389434814453125e+01,2.794701766967773438e+01
-8.873120117187500000e+01,2.794806289672851562e+01
-8.873370361328125000e+01,2.794871139526367188e+01
-8.873223114013671875e+01,2.794881629943847656e+01
-8.873531341552734375e+01,2.794879150390625000e+01
-8.872862243652343750e+01,2.794700813293457031e+01
-8.873332977294921875e+01,2.794903564453125000e+01
-8.873299407958984375e+01,2.794928741455078125e+01
-8.873421478271484375e+01,2.794758605957031250e+01
-8.873472595214843750e+01,2.794918060302734375e+01
-8.872820281982421875e+01,2.794591522216796875e+01
-8.873471832275390625e+01,2.794885826110839844e+01
-8.873347473144531250e+01,2.794877624511718750e+01
-8.872889709472656250e+01,2.794796562194824219e+01
-8.873349761962890625e+01,2.794814300537109375e+01
-8.873384857177734375e+01,2.794890403747558594e+01
-8.873231506347656250e+01,2.794817543029785156e+01
-8.872970581054687500e+01,2.794755744934082031e+01
-8.873116302490234375e+01,2.794902992248535156e+01
-8.872759246826171875e+01,2.794611549377441406e+01
-8.873513031005859375e+01,2.794822692871093750e+01
-8.872940063476562500e+01,2.794740104675292969e+01
-8.872880554199218750e+01,2.794732666015625000e+01
-8.872976684570312500e+01,2.794766426086425781e+01
-8.873066711425781250e+01,2.794708251953125000e+01
-8.873166656494140625e+01,2.794924926757812500e+01
-8.873107910156250000e+01,2.794756507873535156e+01
-8.873345184326171875e+01,2.794745063781738281e+01
-8.873069763183593750e+01,2.794729804992675781e+01
-8.872980499267578125e+01,2.794754219055175781e+01
-8.873469543457031250e+01,2.794871139526367188e+01
-8.872849273681640625e+01,2.794618988037109375e+01
-8.873561096191406250e+01,2.794678878784179688e+01
-8.873304748535156250e+01,2.794872665405273438e+01
-8.872837829589843750e+01,2.794708824157714844e+01
-8.873056030273437500e+01,2.794712257385253906e+01
-8.873596191406250000e+01,2.794794464111328125e+01
-8.873408508300781250e+01,2.794761657714843750e+01
-8.873024749755859375e+01,2.794767951965332031e+01
-8.873272705078125000e+01,2.794933128356933594e+01
-8.873600006103515625e+01,2.794827079772949219e+01
-8.873048400878906250e+01,2.794713592529296875e+01
-8.872958374023437500e+01,2.794663047790527344e+01
-8.873252105712890625e+01,2.794916725158691406e+01
-8.873325347900390625e+01,2.794809341430664062e+01
-8.873338317871093750e+01,2.794845771789550781e+01
-8.873478698730468750e+01,2.794818878173828125e+01
-8.873416900634765625e+01,2.794857597351074219e+01
-8.873471069335937500e+01,2.794748878479003906e+01
-8.873552703857421875e+01,2.794760704040527344e+01
-8.873023986816406250e+01,2.794749641418457031e+01
-8.873375701904296875e+01,2.794732666015625000e+01
-8.873514556884765625e+01,2.794692039489746094e+01
-8.873288726806640625e+01,2.794931030273437500e+01
-8.873449707031250000e+01,2.794886970520019531e+01
-8.872869110107421875e+01,2.794609451293945312e+01
-8.873493194580078125e+01,2.794823074340820312e+01
-8.872796630859375000e+01,2.794622611999511719e+01
-8.873212432861328125e+01,2.794889068603515625e+01
-8.872830200195312500e+01,2.794701957702636719e+01
-8.872753143310546875e+01,2.794614028930664062e+01
-8.873255920410156250e+01,2.794946670532226562e+01
-8.873571014404296875e+01,2.794851493835449219e+01
-8.873414611816406250e+01,2.794699668884277344e+01
-8.872786712646484375e+01,2.794601821899414062e+01
-8.873378753662109375e+01,2.794860076904296875e+01
-8.873538208007812500e+01,2.794698715209960938e+01
-8.873223876953125000e+01,2.794750976562500000e+01
-8.872841644287109375e+01,2.794681739807128906e+01
-8.873365020751953125e+01,2.794747734069824219e+01
-8.873513031005859375e+01,2.794723510742187500e+01
-8.873291778564453125e+01,2.794861412048339844e+01
-8.873465728759765625e+01,2.794845771789550781e+01
-8.873341369628906250e+01,2.794820022583007812e+01
-8.873371887207031250e+01,2.794873428344726562e+01
-8.873246002197265625e+01,2.794863319396972656e+01
-8.873477172851562500e+01,2.794729042053222656e+01
-8.872788238525390625e+01,2.794552230834960938e+01
-8.873426818847656250e+01,2.794836425781250000e+01
-8.873052978515625000e+01,2.794749259948730469e+01
-8.873253631591796875e+01,2.794928741455078125e+01
-8.873143005371093750e+01,2.794757080078125000e+01
-8.872856903076171875e+01,2.794577217102050781e+01
-8.872856903076171875e+01,2.794609069824218750e+01
-8.873452758789062500e+01,2.794882011413574219e+01
-8.873400878906250000e+01,2.794716453552246094e+01
-8.873070526123046875e+01,2.794733619689941406e+01
-8.872892761230468750e+01,2.794731330871582031e+01
-8.873315429687500000e+01,2.794829559326171875e+01
-8.872930908203125000e+01,2.794651222229003906e+01
-8.872747039794921875e+01,2.794667243957519531e+01
-8.873579406738281250e+01,2.794704437255859375e+01
-8.873135375976562500e+01,2.794750976562500000e+01
-8.873621368408203125e+01,2.794737815856933594e+01
-8.873436737060546875e+01,2.794919013977050781e+01
-8.873252868652343750e+01,2.794850730895996094e+01
-8.873130798339843750e+01,2.794713973999023438e+01
-8.872962951660156250e+01,2.794803237915039062e+01
-8.872897338867187500e+01,2.794744491577148438e+01
-8.873148345947265625e+01,2.794774627685546875e+01
-8.873159790039062500e+01,2.794808006286621094e+01
-8.873484802246093750e+01,2.794913101196289062e+01
-8.872834014892578125e+01,2.794548416137695312e+01
-8.873184204101562500e+01,2.794915962219238281e+01
-8.873188018798828125e+01,2.794710731506347656e+01
-8.873603820800781250e+01,2.794766044616699219e+01
-8.873518371582031250e+01,2.794792556762695312e+01
-8.873190307617187500e+01,2.794724082946777344e+01
-8.873609161376953125e+01,2.794796562194824219e+01
-8.873567962646484375e+01,2.794818115234375000e+01
-8.872879791259765625e+01,2.794680404663085938e+01
-8.873381042480468750e+01,2.794826889038085938e+01
-8.873304748535156250e+01,2.794709587097167969e+01
-8.872982025146484375e+01,2.794636917114257812e+01
-8.873382568359375000e+01,2.794737625122070312e+01
-8.872964477539062500e+01,2.794709587097167969e+01
-8.873222351074218750e+01,2.794747161865234375e+01
-8.873449707031250000e+01,2.794723701477050781e+01
-8.873194122314453125e+01,2.794712066650390625e+01
-8.872962188720703125e+01,2.794690895080566406e+01
-8.872843933105468750e+01,2.794628524780273438e+01
-8.872946166992187500e+01,2.794753837585449219e+01
-8.873013305664062500e+01,2.794650077819824219e+01
-8.873259735107421875e+01,2.794746017456054688e+01
-8.873529052734375000e+01,2.794713211059570312e+01
-8.873297882080078125e+01,2.794878005981445312e+01
-8.873574829101562500e+01,2.794766426086425781e+01
-8.872949218750000000e+01,2.794818878173828125e+01
-8.873448944091796875e+01,2.794836807250976562e+01
-8.873608398437500000e+01,2.794808578491210938e+01
-8.873448944091796875e+01,2.794888687133789062e+01
-8.873423767089843750e+01,2.794844436645507812e+01
-8.873281860351562500e+01,2.794719696044921875e+01
-8.873085784912109375e+01,2.794779205322265625e+01
-8.873348999023437500e+01,2.794744491577148438e+01
-8.873303985595703125e+01,2.794740486145019531e+01
-8.873542022705078125e+01,2.794655990600585938e+01
-8.873317718505859375e+01,2.794915962219238281e+01
-8.873062133789062500e+01,2.794811630249023438e+01
-8.873330688476562500e+01,2.794791793823242188e+01
-8.873635101318359375e+01,2.794736480712890625e+01
-8.873604583740234375e+01,2.794781303405761719e+01
-8.873085784912109375e+01,2.794738960266113281e+01
-8.873446655273437500e+01,2.794896888732910156e+01
-8.873433685302734375e+01,2.794792366027832031e+01
-8.873122406005859375e+01,2.794767951965332031e+01
-8.872875976562500000e+01,2.794674873352050781e+01
-8.873233795166015625e+01,2.794906425476074219e+01
-8.873269653320312500e+01,2.794753456115722656e+01
-8.873298645019531250e+01,2.794840621948242188e+01
-8.873290252685546875e+01,2.794711303710937500e+01
-8.873534393310546875e+01,2.794822692871093750e+01
-8.872979736328125000e+01,2.794712448120117188e+01
-8.872840881347656250e+01,2.794630432128906250e+01
-8.873270416259765625e+01,2.794750213623046875e+01
-8.872855377197265625e+01,2.794727516174316406e+01
-8.872779083251953125e+01,2.794571876525878906e+01
-8.872974395751953125e+01,2.794684982299804688e+01
-8.872790527343750000e+01,2.794641494750976562e+01
-8.873596954345703125e+01,2.794857597351074219e+01
-8.873596954345703125e+01,2.794719123840332031e+01
-8.873063659667968750e+01,2.794720649719238281e+01
-8.873129272460937500e+01,2.794724845886230469e+01
-8.873078155517578125e+01,2.794712257385253906e+01
-8.872883605957031250e+01,2.794614219665527344e+01
-8.872928619384765625e+01,2.794783210754394531e+01
-8.873090362548828125e+01,2.794802284240722656e+01
-8.873612976074218750e+01,2.794687843322753906e+01
-8.873368072509765625e+01,2.794759178161621094e+01
-8.872941589355468750e+01,2.794751930236816406e+01
-8.873407745361328125e+01,2.794847869873046875e+01
-8.873178100585937500e+01,2.794700050354003906e+01
-8.873096466064453125e+01,2.794790840148925781e+01
-8.873264312744140625e+01,2.794779586791992188e+01
-8.872828674316406250e+01,2.794630622863769531e+01
-8.873620605468750000e+01,2.794747734069824219e+01
-8.873302459716796875e+01,2.794790077209472656e+01
-8.873411560058593750e+01,2.794695091247558594e+01
-8.873484802246093750e+01,2.794868087768554688e+01
-8.872782897949218750e+01,2.794647026062011719e+01
-8.873581695556640625e+01,2.794852638244628906e+01
-8.873155975341796875e+01,2.794804763793945312e+01
-8.873365783691406250e+01,2.794817352294921875e+01
-8.873268127441406250e+01,2.794929695129394531e+01
-8.873100280761718750e+01,2.794715499877929688e+01
-8.872986602783203125e+01,2.794699668884277344e+01
-8.872839355468750000e+01,2.794567298889160156e+01
-8.873318481445312500e+01,2.794887161254882812e+01
-8.873498535156250000e+01,2.794647216796875000e+01
-8.873474884033203125e+01,2.794849014282226562e+01
-8.873271179199218750e+01,2.794870376586914062e+01
-8.873560333251953125e+01,2.794629669189453125e+01
-8.872772979736328125e+01,2.794565010070800781e+01
-8.873526763916015625e+01,2.794755554199218750e+01
-8.873575592041015625e+01,2.794829177856445312e+01
-8.873256683349609375e+01,2.794878959655761719e+01
-8.872969818115234375e+01,2.794723129272460938e+01
-8.872863006591796875e+01,2.794623947143554688e+01
-8.873344421386718750e+01,2.794850158691406250e+01
-8.873300170898437500e+01,2.794924354553222656e+01
-8.873110198974609375e+01,2.794879913330078125e+01
-8.873611450195312500e+01,2.794776725769042969e+01
-8.872767639160156250e+01,2.794698524475097656e+01
-8.872876739501953125e+01,2.794594383239746094e+01
-8.872905731201171875e+01,2.794710922241210938e+01
-8.873519134521484375e+01,2.794664955139160156e+01
-8.873017883300781250e+01,2.794677162170410156e+01
-8.872959136962890625e+01,2.794737052917480469e+01
-8.872765350341796875e+01,2.794645690917968750e+01
-8.873601531982421875e+01,2.794790649414062500e+01
-8.873577117919921875e+01,2.794669532775878906e+01
-8.873512268066406250e+01,2.794766998291015625e+01
-8.872753143310546875e+01,2.794678306579589844e+01
-8.873577117919921875e+01,2.794708251953125000e+01
-8.873031616210937500e+01,2.794685554504394531e+01
-8.873348999023437500e+01,2.794937705993652344e+01
-8.873226165771484375e+01,2.794743347167968750e+01
-8.873210906982421875e+01,2.794795227050781250e+01
-8.872954559326171875e+01,2.794690322875976562e+01
-8.873147583007812500e+01,2.794889259338378906e+01
-8.873109436035156250e+01,2.794824218750000000e+01
-8.872908782958984375e+01,2.794688034057617188e+01
-8.873591613769531250e+01,2.794685745239257812e+01
-8.873331451416015625e+01,2.794777107238769531e+01
-8.873146057128906250e+01,2.794840049743652344e+01
-8.872833251953125000e+01,2.794670677185058594e+01
-8.872758483886718750e+01,2.794595718383789062e+01
-8.873146820068359375e+01,2.794865036010742188e+01
-8.873400878906250000e+01,2.794871139526367188e+01
-8.872917175292968750e+01,2.794785881042480469e+01
-8.873516845703125000e+01,2.794642066955566406e+01
-8.873232269287109375e+01,2.794762229919433594e+01
-8.873609924316406250e+01,2.794771385192871094e+01
-8.872805786132812500e+01,2.794594192504882812e+01
-8.872914123535156250e+01,2.794795799255371094e+01
-8.873405456542968750e+01,2.794904708862304688e+01
-8.873628234863281250e+01,2.794713211059570312e+01
-8.873305511474609375e+01,2.794828796386718750e+01
-8.872764587402343750e+01,2.794593238830566406e+01
-8.873271942138671875e+01,2.794762611389160156e+01
-8.873295593261718750e+01,2.794805145263671875e+01
-8.873507690429687500e+01,2.794761466979980469e+01
-8.873367309570312500e+01,2.794837570190429688e+01
-8.872942352294921875e+01,2.794732856750488281e+01
-8.873037719726562500e+01,2.794770812988281250e+01
-8.873387908935546875e+01,2.794703483581542969e+01
-8.872769927978515625e+01,2.794574165344238281e+01
-8.873095703125000000e+01,2.794780158996582031e+01
-8.873413848876953125e+01,2.794789314270019531e+01
-8.872882080078125000e+01,2.794749450683593750e+01
-8.873175048828125000e+01,2.794704246520996094e+01
-8.873271179199218750e+01,2.794904708862304688e+01
-8.873448944091796875e+01,2.794848251342773438e+01
-8.873502349853515625e+01,2.794854736328125000e+01
-8.873184967041015625e+01,2.794956588745117188e+01
-8.873062896728515625e+01,2.794692611694335938e+01
-8.873616790771484375e+01,2.794794654846191406e+01
-8.873588562011718750e+01,2.794719123840332031e+01
-8.873382568359375000e+01,2.794819641113281250e+01
-8.873103332519531250e+01,2.794821929931640625e+01
-8.872835540771484375e+01,2.794598579406738281e+01
-8.873097229003906250e+01,2.794725036621093750e+01
-8.873472595214843750e+01,2.794803237915039062e+01
-8.873474884033203125e+01,2.794753074645996094e+01
-8.873404693603515625e+01,2.794725799560546875e+01
-8.873143005371093750e+01,2.794757652282714844e+01
-8.873118591308593750e+01,2.794843482971191406e+01
-8.873525238037109375e+01,2.794663429260253906e+01
-8.873322296142578125e+01,2.794711112976074219e+01
-8.872898101806640625e+01,2.794683837890625000e+01
-8.872949218750000000e+01,2.794803047180175781e+01
-8.873635864257812500e+01,2.794695281982421875e+01
-8.873587036132812500e+01,2.794688415527343750e+01
-8.873304748535156250e+01,2.794906044006347656e+01
-8.873020172119140625e+01,2.794789123535156250e+01
-8.873489379882812500e+01,2.794722557067871094e+01
-8.873181915283203125e+01,2.794812583923339844e+01
-8.873151397705078125e+01,2.794749069213867188e+01
-8.873225402832031250e+01,2.794814872741699219e+01
-8.872817993164062500e+01,2.794645881652832031e+01
-8.872835540771484375e+01,2.794640159606933594e+01
-8.873372650146484375e+01,2.794729614257812500e+01
-8.873246765136718750e+01,2.794750213623046875e+01
-8.873553466796875000e+01,2.794836807250976562e+01
-8.873533630371093750e+01,2.794798278808593750e+01
-8.873188781738281250e+01,2.794725990295410156e+01
-8.873382568359375000e+01,2.794765090942382812e+01
-8.873604583740234375e+01,2.794723510742187500e+01
-8.872869110107421875e+01,2.794721412658691406e+01
-8.872902679443359375e+01,2.794780540466308594e+01
-8.873136901855468750e+01,2.794729042053222656e+01
-8.873183441162109375e+01,2.794808578491210938e+01
-8.873221588134765625e+01,2.794870376586914062e+01
-8.873377227783203125e+01,2.794817924499511719e+01
-8.873345184326171875e+01,2.794858551025390625e+01
-8.873345947265625000e+01,2.794695091247558594e+01
-8.872909545898437500e+01,2.794791603088378906e+01
-8.872927856445312500e+01,2.794771385192871094e+01
-8.873052978515625000e+01,2.794753456115722656e+01
-8.872943878173828125e+01,2.794761848449707031e+01
-8.873562622070312500e+01,2.794752120971679688e+01
-8.872825622558593750e+01,2.794572067260742188e+01
-8.873098754882812500e+01,2.794865608215332031e+01
-8.872972106933593750e+01,2.794643211364746094e+01
-8.873484039306640625e+01,2.794698143005371094e+01
-8.872875976562500000e+01,2.794715499877929688e+01
-8.873172760009765625e+01,2.794903945922851562e+01
-8.872915649414062500e+01,2.794786643981933594e+01
-8.873312377929687500e+01,2.794764709472656250e+01
-8.873155212402343750e+01,2.794920539855957031e+01
-8.872839355468750000e+01,2.794562530517578125e+01
-8.873109436035156250e+01,2.794795799255371094e+01
-8.873551177978515625e+01,2.794744491577148438e+01
-8.873344421386718750e+01,2.794886207580566406e+01
-8.873358917236328125e+01,2.794812965393066406e+01
-8.873128509521484375e+01,2.794709968566894531e+01
-8.872824096679687500e+01,2.794560050964355469e+01
-8.873510742187500000e+01,2.794807243347167969e+01
-8.873291015625000000e+01,2.794800186157226562e+01
-8.873001861572265625e+01,2.794652938842773438e+01
-8.873500061035156250e+01,2.794789695739746094e+01
-8.873633575439453125e+01,2.794691085815429688e+01
-8.873127746582031250e+01,2.794793510437011719e+01
-8.872862243652343750e+01,2.794636535644531250e+01
-8.872916412353515625e+01,2.794778823852539062e+01
-8.873007965087890625e+01,2.794695472717285156e+01
-8.872739410400390625e+01,2.794620513916015625e+01
-8.873451995849609375e+01,2.794857597351074219e+01
-8.872993469238281250e+01,2.794630050659179688e+01
-8.873601531982421875e+01,2.794771194458007812e+01
-8.873503875732421875e+01,2.794804382324218750e+01
-8.873390197753906250e+01,2.794828224182128906e+01
-8.873232269287109375e+01,2.794899559020996094e+01
-8.873457336425781250e+01,2.794723892211914062e+01
-8.873291778564453125e+01,2.794731712341308594e+01
-8.873101043701171875e+01,2.794791793823242188e+01
-8.873171234130859375e+01,2.794933509826660156e+01
-8.873456573486328125e+01,2.794813537597656250e+01
-8.873032379150390625e+01,2.794717788696289062e+01
-8.873348236083984375e+01,2.794851303100585938e+01
-8.873515319824218750e+01,2.794870758056640625e+01
-8.872952270507812500e+01,2.794667053222656250e+01
-8.873529815673828125e+01,2.794648742675781250e+01
-8.872754669189453125e+01,2.794668197631835938e+01
-8.873038482666015625e+01,2.794719505310058594e+01
-8.872944641113281250e+01,2.794663238525390625e+01
-8.873119354248046875e+01,2.794898414611816406e+01
-8.872901916503906250e+01,2.794782829284667969e+01
-8.873541259765625000e+01,2.794685363769531250e+01
-8.872974395751953125e+01,2.794761657714843750e+01
-8.873107147216796875e+01,2.794868850708007812e+01
-8.873191833496093750e+01,2.794900703430175781e+01
-8.873503875732421875e+01,2.794651031494140625e+01
-8.873097229003906250e+01,2.794878959655761719e+01
-8.873145294189453125e+01,2.794715499877929688e+01
-8.872843933105468750e+01,2.794737815856933594e+01
-8.872823333740234375e+01,2.794607734680175781e+01
-8.873550415039062500e+01,2.794884872436523438e+01
-8.873548126220703125e+01,2.794666862487792969e+01
-8.872776794433593750e+01,2.794577217102050781e+01
-8.873073577880859375e+01,2.794761276245117188e+01
-8.872831726074218750e+01,2.794644737243652344e+01
-8.873643493652343750e+01,2.794765663146972656e+01
-8.873130798339843750e+01,2.794788360595703125e+01
-8.873364257812500000e+01,2.794755744934082031e+01
-8.873538208007812500e+01,2.794718742370605469e+01
-8.872946166992187500e+01,2.794779205322265625e+01
-8.873328399658203125e+01,2.794802474975585938e+01
-8.873272705078125000e+01,2.794867324829101562e+01
-8.872778320312500000e+01,2.794678115844726562e+01
-8.873485565185546875e+01,2.794885635375976562e+01
-8.873387145996093750e+01,2.794804191589355469e+01
-8.873634338378906250e+01,2.794689750671386719e+01
-8.872895812988281250e+01,2.794630432128906250e+01
-8.873509216308593750e+01,2.794763565063476562e+01
-8.872895050048828125e+01,2.794622993469238281e+01
-8.873583221435546875e+01,2.794695281982421875e+01
-8.873215484619140625e+01,2.794705772399902344e+01
-8.873375701904296875e+01,2.794816589355468750e+01
-8.872918701171875000e+01,2.794692420959472656e+01
-8.873495483398437500e+01,2.794663429260253906e+01
-8.873258209228515625e+01,2.794822692871093750e+01
-8.873427581787109375e+01,2.794743919372558594e+01
-8.873208618164062500e+01,2.794885826110839844e+01
-8.873336029052734375e+01,2.794900131225585938e+01
-8.873373413085937500e+01,2.794752502441406250e+01
-8.872783660888671875e+01,2.794579315185546875e+01
-8.873551177978515625e+01,2.794648170471191406e+01
-8.873187255859375000e+01,2.794927406311035156e+01
-8.873597717285156250e+01,2.794687843322753906e+01
-8.873080444335937500e+01,2.794776153564453125e+01
-8.872974395751953125e+01,2.794729042053222656e+01
-8.873329162597656250e+01,2.794886016845703125e+01
-8.872795867919921875e+01,2.794659996032714844e+01
-8.873365020751953125e+01,2.794729423522949219e+01
-8.872917175292968750e+01,2.794628143310546875e+01
-8.873006439208984375e+01,2.794760513305664062e+01
-8.872935485839843750e+01,2.794684791564941406e+01
-8.873144531250000000e+01,2.794747161865234375e+01
-8.873354339599609375e+01,2.794712829589843750e+01
-8.873168182373046875e+01,2.794824409484863281e+01
-8.873592376708984375e+01,2.794836235046386719e+01
-8.873162841796875000e+01,2.794882392883300781e+01
-8.872858428955078125e+01,2.794652938842773438e+01
-8.873272705078125000e+01,2.794901657104492188e+01
-8.873435211181640625e+01,2.794704437255859375e+01
-8.873552703857421875e+01,2.794840812683105469e+01
-8.873565673828125000e+01,2.794633674621582031e+01
-8.873002624511718750e+01,2.794719314575195312e+01
-8.873336029052734375e+01,2.794896697998046875e+01
-8.873186492919921875e+01,2.794721412658691406e+01
-8.873566436767578125e+01,2.794841957092285156e+01
-8.872740936279296875e+01,2.794629669189453125e+01
-8.873310852050781250e+01,2.794743919372558594e+01
-8.872805786132812500e+01,2.794675827026367188e+01
-8.872917938232421875e+01,2.794699287414550781e+01
-8.873550415039062500e+01,2.794713783264160156e+01
-8.872789764404296875e+01,2.794580268859863281e+01
-8.872919464111328125e+01,2.794667053222656250e+01
-8.873287200927734375e+01,2.794842147827148438e+01
-8.873067474365234375e+01,2.794789695739746094e+01
-8.873442840576171875e+01,2.794831085205078125e+01
-8.872847747802734375e+01,2.794742012023925781e+01
-8.872865295410156250e+01,2.794588470458984375e+01
-8.872743988037109375e+01,2.794634437561035156e+01
-8.873500823974609375e+01,2.794659805297851562e+01
-8.873423004150390625e+01,2.794881439208984375e+01
-8.873453521728515625e+01,2.794853591918945312e+01
-8.872828674316406250e+01,2.794636154174804688e+01
-8.873189544677734375e+01,2.794749641418457031e+01
-8.873558044433593750e+01,2.794649887084960938e+01
-8.873307037353515625e+01,2.794803428649902344e+01
-8.873484802246093750e+01,2.794905281066894531e+01
-8.873613739013671875e+01,2.794803619384765625e+01
-8.873269653320312500e+01,2.794882583618164062e+01
-8.873071289062500000e+01,2.794818305969238281e+01
-8.872913360595703125e+01,2.794793510437011719e+01
-8.873058319091796875e+01,2.794795799255371094e+01
-8.873196411132812500e+01,2.794705390930175781e+01
-8.873468017578125000e+01,2.794911003112792969e+01
-8.872983551025390625e+01,2.794671249389648438e+01
-8.872801208496093750e+01,2.794607734680175781e+01
-8.872959899902343750e+01,2.794759368896484375e+01
-8.873258209228515625e+01,2.794781494140625000e+01
-8.873455810546875000e+01,2.794722747802734375e+01
-8.873398590087890625e+01,2.794813156127929688e+01
-8.872993469238281250e+01,2.794727706909179688e+01
-8.873359680175781250e+01,2.794885826110839844e+01
-8.873433685302734375e+01,2.794827842712402344e+01
-8.873435974121093750e+01,2.794781875610351562e+01
-8.873132324218750000e+01,2.794822502136230469e+01
-8.873322296142578125e+01,2.794868469238281250e+01
-8.873123168945312500e+01,2.794779968261718750e+01
-8.873469543457031250e+01,2.794873619079589844e+01
-8.873516082763671875e+01,2.794815444946289062e+01
-8.873513793945312500e+01,2.794872093200683594e+01
-8.873347473144531250e+01,2.794743347167968750e+01
-8.873532104492187500e+01,2.794676399230957031e+01
-8.873448181152343750e+01,2.794874954223632812e+01
-8.873570251464843750e+01,2.794727134704589844e+01
-8.873093414306640625e+01,2.794734191894531250e+01
-8.872975158691406250e+01,2.794695091247558594e+01
-8.873188018798828125e+01,2.794836235046386719e+01
-8.872763824462890625e+01,2.794699096679687500e+01
-8.872799682617187500e+01,2.794617843627929688e+01
-8.873454284667968750e+01,2.794773483276367188e+01
-8.873283386230468750e+01,2.794813919067382812e+01
-8.872984313964843750e+01,2.794659233093261719e+01
-8.873520660400390625e+01,2.794857978820800781e+01
-8.873174285888671875e+01,2.794845008850097656e+01
-8.873403167724609375e+01,2.794925689697265625e+01
-8.873462677001953125e+01,2.794906234741210938e+01
-8.872877502441406250e+01,2.794611167907714844e+01
-8.873253631591796875e+01,2.794844245910644531e+01
-8.873291015625000000e+01,2.794843482971191406e+01
-8.873589324951171875e+01,2.794771575927734375e+01
-8.872917175292968750e+01,2.794740486145019531e+01
-8.873563385009765625e+01,2.794812393188476562e+01
-8.873146057128906250e+01,2.794891166687011719e+01
-8.873242187500000000e+01,2.794755744934082031e+01
-8.873349761962890625e+01,2.794799613952636719e+01
-8.873358917236328125e+01,2.794866943359375000e+01
-8.873102569580078125e+01,2.794815254211425781e+01
-8.873643493652343750e+01,2.794772529602050781e+01
-8.872951507568359375e+01,2.794643402099609375e+01
-8.873557281494140625e+01,2.794869613647460938e+01
-8.873399353027343750e+01,2.794906425476074219e+01
-8.873299407958984375e+01,2.794703674316406250e+01
-8.873336791992187500e+01,2.794855690002441406e+01
-8.873551177978515625e+01,2.794796943664550781e+01
-8.873069000244140625e+01,2.794762420654296875e+01
-8.872742462158203125e+01,2.794620132446289062e+01
-8.873327636718750000e+01,2.794740486145019531e+01
-8.873336029052734375e+01,2.794911575317382812e+01
-8.873038482666015625e+01,2.794786071777343750e+01
-8.872832489013671875e+01,2.794590568542480469e+01
-8.872905731201171875e+01,2.794695663452148438e+01
-8.873024749755859375e+01,2.794712257385253906e+01
-8.873189544677734375e+01,2.794847488403320312e+01
-8.872964477539062500e+01,2.794751167297363281e+01
-8.873200225830078125e+01,2.794773101806640625e+01
-8.873200988769531250e+01,2.794906806945800781e+01
-8.872900390625000000e+01,2.794681167602539062e+01
-8.873637390136718750e+01,2.794779205322265625e+01
-8.873118591308593750e+01,2.794906997680664062e+01
-8.873502349853515625e+01,2.794736671447753906e+01
-8.872879028320312500e+01,2.794658851623535156e+01
-8.873470306396484375e+01,2.794761276245117188e+01
-8.873271942138671875e+01,2.794736480712890625e+01
-8.873161315917968750e+01,2.794867515563964844e+01
-8.873504638671875000e+01,2.794720649719238281e+01
-8.873009490966796875e+01,2.794733047485351562e+01
-8.872882843017578125e+01,2.794749832153320312e+01
-8.873508453369140625e+01,2.794726371765136719e+01
-8.873493957519531250e+01,2.794768714904785156e+01
-8.873332977294921875e+01,2.794744873046875000e+01
-8.873469543457031250e+01,2.794747924804687500e+01
-8.873104095458984375e+01,2.794723892211914062e+01
-8.873560333251953125e+01,2.794852256774902344e+01
-8.872829437255859375e+01,2.794669532775878906e+01
-8.873358154296875000e+01,2.794721984863281250e+01
-8.872853851318359375e+01,2.794569015502929688e+01
-8.873085784912109375e+01,2.794712257385253906e+01
-8.872855377197265625e+01,2.794665527343750000e+01
-8.873561859130859375e+01,2.794776916503906250e+01
-8.872908020019531250e+01,2.794734001159667969e+01
-8.873112487792968750e+01,2.794761657714843750e+01
-8.873623657226562500e+01,2.794797325134277344e+01
-8.872992706298828125e+01,2.794776535034179688e+01
-8.873339843750000000e+01,2.794930458068847656e+01
-8.873617553710937500e+01,2.794796180725097656e+01
-8.873371124267578125e+01,2.794907569885253906e+01
-8.873258209228515625e+01,2.794862937927246094e+01
-8.872788238525390625e+01,2.794574737548828125e+01
-8.873185729980468750e+01,2.794809722900390625e+01
-8.873258972167968750e+01,2.794782638549804688e+01
-8.872950744628906250e+01,2.794630813598632812e+01
-8.873384857177734375e+01,2.794868850708007812e+01
-8.873028564453125000e+01,2.794737243652343750e+01
-8.872834014892578125e+01,2.794588088989257812e+01
-8.873236846923828125e+01,2.794820594787597656e+01
-8.873598480224609375e+01,2.794635391235351562e+01
-8.873213195800781250e+01,2.794888687133789062e+01
-8.873261260986328125e+01,2.794822883605957031e+01
-8.873231506347656250e+01,2.794915962219238281e+01
-8.873282623291015625e+01,2.794891166687011719e+01
-8.872848510742187500e+01,2.794582557678222656e+01
-8.873123931884765625e+01,2.794780731201171875e+01
-8.873482513427734375e+01,2.794844818115234375e+01
-8.872821807861328125e+01,2.794556999206542969e+01
-8.873448944091796875e+01,2.794781303405761719e+01
-8.873490142822265625e+01,2.794848823547363281e+01
-8.873406219482421875e+01,2.794779968261718750e+01
-8.872956848144531250e+01,2.794746971130371094e+01
-8.873015594482421875e+01,2.794652938842773438e+01
-8.873418426513671875e+01,2.794851112365722656e+01
-8.873436737060546875e+01,2.794727897644042969e+01
-8.873400878906250000e+01,2.794900703430175781e+01
-8.873084259033203125e+01,2.794848442077636719e+01
-8.873175811767578125e+01,2.794761276245117188e+01
-8.873591613769531250e+01,2.794820594787597656e+01
-8.873091888427734375e+01,2.794744300842285156e+01
-8.873285675048828125e+01,2.794883155822753906e+01
-8.873638153076171875e+01,2.794792938232421875e+01
-8.873291015625000000e+01,2.794796371459960938e+01
-8.873621368408203125e+01,2.794818305969238281e+01
-8.873215484619140625e+01,2.794720649719238281e+01
-8.873339080810546875e+01,2.794748115539550781e+01
-8.873316955566406250e+01,2.794893264770507812e+01
-8.873061370849609375e+01,2.794710540771484375e+01
-8.873351287841796875e+01,2.794918060302734375e+01
-8.873377990722656250e+01,2.794820785522460938e+01
-8.873080444335937500e+01,2.794732666015625000e+01
-8.873217773437500000e+01,2.794762611389160156e+01
-8.873052978515625000e+01,2.794671630859375000e+01
-8.872960662841796875e+01,2.794814109802246094e+01
-8.873457336425781250e+01,2.794734191894531250e+01
-8.872969055175781250e+01,2.794776153564453125e+01
-8.872846984863281250e+01,2.794617271423339844e+01
-8.873463439941406250e+01,2.794740295410156250e+01
-8.873284149169921875e+01,2.794922256469726562e+01
-8.873510742187500000e+01,2.794777679443359375e+01
-8.873607635498046875e+01,2.794821166992187500e+01
-8.873429107666015625e+01,2.794711303710937500e+01
-8.873146057128906250e+01,2.794898033142089844e+01
-8.873462677001953125e+01,2.794697952270507812e+01
-8.873339080810546875e+01,2.794776344299316406e+01
-8.873325347900390625e+01,2.794734954833984375e+01
-8.873413085937500000e+01,2.794697761535644531e+01
-8.873291015625000000e+01,2.794850921630859375e+01
-8.873420715332031250e+01,2.794836997985839844e+01
-8.873134613037109375e+01,2.794852638244628906e+01
-8.873541259765625000e+01,2.794840049743652344e+01
-8.873186492919921875e+01,2.794778251647949219e+01
-8.873581695556640625e+01,2.794734382629394531e+01
-8.873395538330078125e+01,2.794726371765136719e+01
-8.873017883300781250e+01,2.794771194458007812e+01
-8.872956085205078125e+01,2.794666290283203125e+01
-8.873479461669921875e+01,2.794895935058593750e+01
-8.872955322265625000e+01,2.794755744934082031e+01
-8.873572540283203125e+01,2.794783592224121094e+01
-8.873434448242187500e+01,2.794688796997070312e+01
-8.873651885986328125e+01,2.794764518737792969e+01
-8.872797393798828125e+01,2.794579505920410156e+01
-8.873231506347656250e+01,2.794835662841796875e+01
-8.873353576660156250e+01,2.794796752929687500e+01
-8.873040771484375000e+01,2.794708824157714844e+01
-8.873293304443359375e+01,2.794921875000000000e+01
-8.873545837402343750e+01,2.794663810729980469e+01
-8.873567199707031250e+01,2.794646835327148438e+01
-8.873415374755859375e+01,2.794705009460449219e+01
-8.873598480224609375e+01,2.794743156433105469e+01
-8.873023986816406250e+01,2.794784927368164062e+01
-8.873363494873046875e+01,2.794741249084472656e+01
-8.873595428466796875e+01,2.794857788085937500e+01
-8.873038482666015625e+01,2.794795799255371094e+01
-8.872976684570312500e+01,2.794753074645996094e+01
-8.873223876953125000e+01,2.794775962829589844e+01
-8.873072814941406250e+01,2.794819068908691406e+01
-8.873049163818359375e+01,2.794720840454101562e+01
-8.872987365722656250e+01,2.794648361206054688e+01
-8.872763061523437500e+01,2.794659042358398438e+01
-8.873435974121093750e+01,2.794853210449218750e+01
-8.873269653320312500e+01,2.794714927673339844e+01
-8.873317718505859375e+01,2.794881629943847656e+01
-8.873435974121093750e+01,2.794857215881347656e+01
-8.873595428466796875e+01,2.794791221618652344e+01
-8.873519897460937500e+01,2.794658851623535156e+01
-8.873049163818359375e+01,2.794693756103515625e+01
-8.872980499267578125e+01,2.794669151306152344e+01
-8.873608398437500000e+01,2.794712257385253906e+01
-8.872907257080078125e+01,2.794775390625000000e+01
-8.873447418212890625e+01,2.794723701477050781e+01
-8.872966766357421875e+01,2.794786453247070312e+01
-8.872891998291015625e+01,2.794701766967773438e+01
-8.873558044433593750e+01,2.794789123535156250e+01
-8.873535156250000000e+01,2.794761276245117188e+01
-8.872793579101562500e+01,2.794695472717285156e+01
-8.872763824462890625e+01,2.794620132446289062e+01
-8.873351287841796875e+01,2.794762229919433594e+01
-8.873043060302734375e+01,2.794793891906738281e+01
-8.872789001464843750e+01,2.794658470153808594e+01
-8.873400115966796875e+01,2.794692039489746094e+01
-8.873007202148437500e+01,2.794694900512695312e+01
-8.872967529296875000e+01,2.794682502746582031e+01
-8.873102569580078125e+01,2.794779014587402344e+01
-8.872988128662109375e+01,2.794681930541992188e+01
-8.873339843750000000e+01,2.794805335998535156e+01
-8.873354339599609375e+01,2.794764518737792969e+01
-8.873549652099609375e+01,2.794790649414062500e+01
-8.873602294921875000e+01,2.794840812683105469e+01
-8.873626708984375000e+01,2.794780731201171875e+01
-8.872806549072265625e+01,2.794556236267089844e+01
-8.873320770263671875e+01,2.794735145568847656e+01
-8.873129272460937500e+01,2.794831848144531250e+01
-8.873462677001953125e+01,2.794896888732910156e+01
-8.873339080810546875e+01,2.794840049743652344e+01
-8.873516082763671875e+01,2.794657516479492188e+01
-8.873423004150390625e+01,2.794825935363769531e+01
-8.873187255859375000e+01,2.794820022583007812e+01
-8.873144531250000000e+01,2.794713401794433594e+01
-8.872875976562500000e+01,2.794628143310546875e+01
-8.872930908203125000e+01,2.794804382324218750e+01
-8.872967529296875000e+01,2.794795989990234375e+01
-8.873221588134765625e+01,2.794821166992187500e+01
-8.873561096191406250e+01,2.794695472717285156e+01
-8.873139953613281250e+01,2.794830894470214844e+01
-8.873479461669921875e+01,2.794803810119628906e+01
-8.873423767089843750e+01,2.794848823547363281e+01
-8.873027801513671875e+01,2.794736289978027344e+01
-8.873477935791015625e+01,2.794686889648437500e+01
-8.873562622070312500e+01,2.794627189636230469e+01
-8.873114013671875000e+01,2.794888305664062500e+01
-8.873161315917968750e+01,2.794745254516601562e+01
-8.873552703857421875e+01,2.794719123840332031e+01
-8.873522949218750000e+01,2.794652748107910156e+01
-8.873312377929687500e+01,2.794745635986328125e+01
-8.873288726806640625e+01,2.794795036315917969e+01
-8.872780609130859375e+01,2.794588088989257812e+01
-8.873233795166015625e+01,2.794820213317871094e+01
-8.873306274414062500e+01,2.794930076599121094e+01
-8.873473358154296875e+01,2.794667434692382812e+01
-8.873329925537109375e+01,2.794900894165039062e+01
-8.873143768310546875e+01,2.794719886779785156e+01
-8.873079681396484375e+01,2.794775581359863281e+01
-8.872812652587890625e+01,2.794629287719726562e+01
-8.873541259765625000e+01,2.794712829589843750e+01
-8.872886657714843750e+01,2.794764709472656250e+01
-8.873022460937500000e+01,2.794667243957519531e+01
-8.873391723632812500e+01,2.794800758361816406e+01
-8.873550415039062500e+01,2.794823074340820312e+01
-8.873214721679687500e+01,2.794773864746093750e+01
-8.873528289794921875e+01,2.794664955139160156e+01
-8.873432922363281250e+01,2.794899940490722656e+01
-8.873264312744140625e+01,2.794711494445800781e+01
-8.872958374023437500e+01,2.794661712646484375e+01
-8.873291015625000000e+01,2.794797134399414062e+01
-8.873126983642578125e+01,2.794804000854492188e+01
-8.872789764404296875e+01,2.794638442993164062e+01
-8.873544311523437500e+01,2.794838714599609375e+01
-8.873278808593750000e+01,2.794762992858886719e+01
-8.873377990722656250e+01,2.794819068908691406e+01
-8.873567199707031250e+01,2.794701576232910156e+01
-8.873348999023437500e+01,2.794757080078125000e+01
-8.872920227050781250e+01,2.794753456115722656e+01
-8.873181152343750000e+01,2.794884109497070312e+01
-8.872953796386718750e+01,2.794789505004882812e+01
-8.873044586181640625e+01,2.794706726074218750e+01
-8.873332977294921875e+01,2.794749641418457031e+01
-8.873300170898437500e+01,2.794752693176269531e+01
-8.873567962646484375e+01,2.794828224182128906e+01
-8.873117065429687500e+01,2.794725418090820312e+01
-8.872962188720703125e+01,2.794774818420410156e+01
-8.872871398925781250e+01,2.794644355773925781e+01
-8.873165130615234375e+01,2.794785118103027344e+01
-8.873220062255859375e+01,2.794877815246582031e+01
-8.873105621337890625e+01,2.794748687744140625e+01
-8.873311614990234375e+01,2.794884300231933594e+01
-8.873596954345703125e+01,2.794662475585937500e+01
-8.873191833496093750e+01,2.794737625122070312e+01
-8.873371124267578125e+01,2.794872093200683594e+01
-8.873392486572265625e+01,2.794812774658203125e+01
-8.873349761962890625e+01,2.794714546203613281e+01
-8.873613739013671875e+01,2.794692611694335938e+01
-8.873270416259765625e+01,2.794879531860351562e+01
-8.873462677001953125e+01,2.794744300842285156e+01
-8.872804260253906250e+01,2.794563102722167969e+01
-8.872950744628906250e+01,2.794816970825195312e+01
-8.873202514648437500e+01,2.794870758056640625e+01
-8.873585510253906250e+01,2.794800376892089844e+01
-8.872982788085937500e+01,2.794683074951171875e+01
-8.872863006591796875e+01,2.794683456420898438e+01
-8.872750854492187500e+01,2.794663810729980469e+01
-8.872795867919921875e+01,2.794639396667480469e+01
-8.873623657226562500e+01,2.794798469543457031e+01
-8.872832489013671875e+01,2.794655799865722656e+01
-8.873409271240234375e+01,2.794712066650390625e+01
-8.873606872558593750e+01,2.794762611389160156e+01
-8.872845458984375000e+01,2.794617080688476562e+01
-8.873218536376953125e+01,2.794878959655761719e+01
-8.873552703857421875e+01,2.794707870483398438e+01
-8.873562622070312500e+01,2.794692420959472656e+01
-8.873136901855468750e+01,2.794751167297363281e+01
-8.873383331298828125e+01,2.794900512695312500e+01
-8.873159027099609375e+01,2.794704246520996094e+01
-8.872740936279296875e+01,2.794636917114257812e+01
-8.873498535156250000e+01,2.794735527038574219e+01
-8.872789764404296875e+01,2.794674682617187500e+01
-8.872824096679687500e+01,2.794726753234863281e+01
-8.873239135742187500e+01,2.794758033752441406e+01
-8.873436737060546875e+01,2.794713401794433594e+01
-8.873558044433593750e+01,2.794757080078125000e+01
-8.873308563232421875e+01,2.794807243347167969e+01
-8.873595428466796875e+01,2.794784927368164062e+01
-8.873419189453125000e+01,2.794835853576660156e+01
-8.872917175292968750e+01,2.794763374328613281e+01
-8.873023986816406250e+01,2.794651412963867188e+01
-8.873339080810546875e+01,2.794732666015625000e+01
-8.873273468017578125e+01,2.794906616210937500e+01
-8.872802734375000000e+01,2.794605636596679688e+01
-8.873600769042968750e+01,2.794691658020019531e+01
-8.872937774658203125e+01,2.794671630859375000e+01
-8.872843933105468750e+01,2.794650459289550781e+01
-8.873432159423828125e+01,2.794923019409179688e+01
-8.873363494873046875e+01,2.794904327392578125e+01
-8.873615264892578125e+01,2.794691658020019531e+01
-8.872879028320312500e+01,2.794687080383300781e+01
-8.873580169677734375e+01,2.794710922241210938e+01
-8.873476409912109375e+01,2.794789695739746094e+01
-8.873134613037109375e+01,2.794839286804199219e+01
-8.873622894287109375e+01,2.794820594787597656e+01
-8.872923278808593750e+01,2.794722938537597656e+01
-8.873284912109375000e+01,2.794813728332519531e+01
-8.873320770263671875e+01,2.794780731201171875e+01
-8.872885894775390625e+01,2.794622230529785156e+01
-8.873152160644531250e+01,2.794875717163085938e+01
-8.873502349853515625e+01,2.794785308837890625e+01
-8.873551940917968750e+01,2.794841194152832031e+01
-8.873310089111328125e+01,2.794756317138671875e+01
-8.872927856445312500e+01,2.794734191894531250e+01
-8.873001861572265625e+01,2.794759750366210938e+01
-8.873062133789062500e+01,2.794741439819335938e+01
-8.872903442382812500e+01,2.794741439819335938e+01
-8.873233795166015625e+01,2.794708633422851562e+01
-8.873509216308593750e+01,2.794799613952636719e+01
-8.872861480712890625e+01,2.794730567932128906e+01
-8.873596191406250000e+01,2.794632148742675781e+01
-8.873466491699218750e+01,2.794898033142089844e+01
-8.873500823974609375e+01,2.794804954528808594e+01
-8.873167419433593750e+01,2.794700813293457031e+01
-8.873202514648437500e+01,2.794838333129882812e+01
-8.872800445556640625e+01,2.794670104980468750e+01
-8.872789764404296875e+01,2.794603157043457031e+01
-8.872804260253906250e+01,2.794663047790527344e+01
-8.872985839843750000e+01,2.794791221618652344e+01
-8.873156738281250000e+01,2.794821739196777344e+01
-8.873033905029296875e+01,2.794740867614746094e+01
-8.873624420166015625e+01,2.794806861877441406e+01
-8.873455047607421875e+01,2.794913673400878906e+01
-8.873378753662109375e+01,2.794901657104492188e+01
-8.873139190673828125e+01,2.794838905334472656e+01
-8.872909545898437500e+01,2.794712448120117188e+01
-8.873600006103515625e+01,2.794661331176757812e+01
-8.873384857177734375e+01,2.794835090637207031e+01
-8.872901916503906250e+01,2.794774055480957031e+01
-8.873596191406250000e+01,2.794711303710937500e+01
-8.872893524169921875e+01,2.794660949707031250e+01
-8.873148345947265625e+01,2.794828414916992188e+01
-8.873262023925781250e+01,2.794913101196289062e+01
-8.872878265380859375e+01,2.794715309143066406e+01
-8.872952270507812500e+01,2.794652748107910156e+01
-8.872892761230468750e+01,2.794609451293945312e+01
-8.873609161376953125e+01,2.794707489013671875e+01
-8.873269653320312500e+01,2.794813728332519531e+01
-8.873200988769531250e+01,2.794941711425781250e+01
-8.873457336425781250e+01,2.794714927673339844e+01
-8.873151397705078125e+01,2.794856452941894531e+01
-8.873423004150390625e+01,2.794708824157714844e+01
-8.873404693603515625e+01,2.794762611389160156e+01
-8.873559570312500000e+01,2.794739913940429688e+01
-8.872825622558593750e+01,2.794630050659179688e+01
-8.873636627197265625e+01,2.794689750671386719e+01
-8.873512268066406250e+01,2.794882202148437500e+01
-8.872864532470703125e+01,2.794607162475585938e+01
-8.872747039794921875e+01,2.794648742675781250e+01
-8.872979736328125000e+01,2.794664573669433594e+01
-8.873503112792968750e+01,2.794895362854003906e+01
-8.872754669189453125e+01,2.794636726379394531e+01
-8.873495483398437500e+01,2.794858360290527344e+01
-8.872795104980468750e+01,2.794716262817382812e+01
-8.872805786132812500e+01,2.794568252563476562e+01
-8.872968292236328125e+01,2.794667434692382812e+01
-8.872794342041015625e+01,2.794586944580078125e+01
-8.872967529296875000e+01,2.794705009460449219e+01
-8.873296356201171875e+01,2.794740486145019531e+01
-8.873354339599609375e+01,2.794920921325683594e+01
-8.872978210449218750e+01,2.794739532470703125e+01
-8.873543548583984375e+01,2.794644165039062500e+01
-8.873455047607421875e+01,2.794819450378417969e+01
-8.873146820068359375e+01,2.794714355468750000e+01
-8.873261260986328125e+01,2.794875335693359375e+01
-8.872751617431640625e+01,2.794657325744628906e+01
-8.873278045654296875e+01,2.794791984558105469e+01
-8.873453521728515625e+01,2.794883537292480469e+01
-8.873194885253906250e+01,2.794935798645019531e+01
-8.873242187500000000e+01,2.794770812988281250e+01
-8.873342132568359375e+01,2.794926643371582031e+01
-8.873403930664062500e+01,2.794750404357910156e+01
-8.873207092285156250e+01,2.794816970825195312e+01
-8.873097991943359375e+01,2.794710922241210938e+01
-8.872934722900390625e+01,2.794727706909179688e+01
-8.873240661621093750e+01,2.794852828979492188e+01
-8.873334503173828125e+01,2.794752120971679688e+01
-8.873631286621093750e+01,2.794736862182617188e+01
-8.873139953613281250e+01,2.794898414611816406e+01
-8.873231506347656250e+01,2.794850158691406250e+01
-8.873278045654296875e+01,2.794730758666992188e+01
-8.873633575439453125e+01,2.794712257385253906e+01
-8.873257446289062500e+01,2.794932556152343750e+01
-8.873355102539062500e+01,2.794783020019531250e+01
-8.873277282714843750e+01,2.794761466979980469e+01
-8.873061370849609375e+01,2.794708633422851562e+01
-8.872826385498046875e+01,2.794665336608886719e+01
-8.873357391357421875e+01,2.794907188415527344e+01
-8.872886657714843750e+01,2.794650840759277344e+01
-8.873023986816406250e+01,2.794643974304199219e+01
-8.873625183105468750e+01,2.794807624816894531e+01
-8.873351287841796875e+01,2.794808769226074219e+01
-8.873545074462890625e+01,2.794658470153808594e+01
-8.872924041748046875e+01,2.794787025451660156e+01
-8.873538208007812500e+01,2.794767379760742188e+01
-8.872791290283203125e+01,2.794688987731933594e+01
-8.873389434814453125e+01,2.794758987426757812e+01
-8.873198699951171875e+01,2.794754028320312500e+01
-8.872771453857421875e+01,2.794638061523437500e+01
-8.873624420166015625e+01,2.794679260253906250e+01
-8.873179626464843750e+01,2.794748497009277344e+01
-8.872848510742187500e+01,2.794664955139160156e+01
-8.872834014892578125e+01,2.794621086120605469e+01
-8.873577117919921875e+01,2.794705772399902344e+01
-8.873374938964843750e+01,2.794716262817382812e+01
-8.873276519775390625e+01,2.794857215881347656e+01
-8.873503875732421875e+01,2.794871902465820312e+01
-8.872743988037109375e+01,2.794674491882324219e+01
-8.873427581787109375e+01,2.794861221313476562e+01
-8.873622894287109375e+01,2.794809150695800781e+01
-8.872889709472656250e+01,2.794621086120605469e+01
-8.873290252685546875e+01,2.794833946228027344e+01
-8.872832489013671875e+01,2.794731712341308594e+01
-8.873070526123046875e+01,2.794776153564453125e+01
-8.872783660888671875e+01,2.794701385498046875e+01
-8.873110961914062500e+01,2.794747543334960938e+01
-8.873443603515625000e+01,2.794889640808105469e+01
-8.873486328125000000e+01,2.794763565063476562e+01
-8.872916412353515625e+01,2.794624328613281250e+01
-8.873249816894531250e+01,2.794878578186035156e+01
-8.873323059082031250e+01,2.794917678833007812e+01
-8.872997283935546875e+01,2.794776535034179688e+01
-8.873200988769531250e+01,2.794907379150390625e+01
-8.872869110107421875e+01,2.794652366638183594e+01
-8.873217773437500000e+01,2.794738769531250000e+01
-8.873636627197265625e+01,2.794684028625488281e+01
-8.872911071777343750e+01,2.794735717773437500e+01
-8.873238372802734375e+01,2.794749069213867188e+01
-8.873342132568359375e+01,2.794743728637695312e+01
-8.873607635498046875e+01,2.794811820983886719e+01
-8.873203277587890625e+01,2.794817161560058594e+01
-8.873569488525390625e+01,2.794871330261230469e+01
-8.873118591308593750e+01,2.794713592529296875e+01
-8.873539733886718750e+01,2.794851875305175781e+01
-8.873577117919921875e+01,2.794675064086914062e+01
-8.873611450195312500e+01,2.794751358032226562e+01
-8.873035430908203125e+01,2.794759750366210938e+01
-8.872801971435546875e+01,2.794652938842773438e+01
-8.873468780517578125e+01,2.794777488708496094e+01
-8.873651123046875000e+01,2.794719123840332031e+01
-8.872805786132812500e+01,2.794720649719238281e+01
-8.873419952392578125e+01,2.794727897644042969e+01
-8.873616790771484375e+01,2.794713211059570312e+01
-8.873116302490234375e+01,2.794809150695800781e+01
-8.873116302490234375e+01,2.794730949401855469e+01
-8.873162841796875000e+01,2.794762039184570312e+01
-8.872949981689453125e+01,2.794661903381347656e+01
-8.872945404052734375e+01,2.794764137268066406e+01
-8.872965240478515625e+01,2.794656753540039062e+01
-8.873457336425781250e+01,2.794669151306152344e+01
-8.873131561279296875e+01,2.794710159301757812e+01
-8.873292541503906250e+01,2.794706726074218750e+01
-8.872898864746093750e+01,2.794787597656250000e+01
-8.873313903808593750e+01,2.794782066345214844e+01
-8.873455047607421875e+01,2.794811439514160156e+01
-8.873153686523437500e+01,2.794891548156738281e+01
-8.872808837890625000e+01,2.794551277160644531e+01
-8.873266601562500000e+01,2.794771957397460938e+01
-8.873596191406250000e+01,2.794735336303710938e+01
-8.872780609130859375e+01,2.794625854492187500e+01
-8.873165893554687500e+01,2.794774627685546875e+01
-8.873303985595703125e+01,2.794762229919433594e+01
-8.872807312011718750e+01,2.794627571105957031e+01
-8.873329925537109375e+01,2.794905853271484375e+01
-8.873149871826171875e+01,2.794909477233886719e+01
-8.872838592529296875e+01,2.794564819335937500e+01
-8.873453521728515625e+01,2.794830894470214844e+01
-8.873073577880859375e+01,2.794697761535644531e+01
-8.873175811767578125e+01,2.794882583618164062e+01
-8.873556518554687500e+01,2.794860267639160156e+01
-8.873095703125000000e+01,2.794765853881835938e+01
-8.873114776611328125e+01,2.794746589660644531e+01
-8.873372650146484375e+01,2.794832038879394531e+01
-8.873100280761718750e+01,2.794780158996582031e+01
-8.873539733886718750e+01,2.794724464416503906e+01
-8.873401641845703125e+01,2.794920158386230469e+01
-8.873204040527343750e+01,2.794710731506347656e+01
-8.873011016845703125e+01,2.794721412658691406e+01
-8.873619842529296875e+01,2.794732856750488281e+01
-8.873500061035156250e+01,2.794763755798339844e+01
-8.873487091064453125e+01,2.794743537902832031e+01
-8.873014068603515625e+01,2.794692420959472656e+01
-8.873288726806640625e+01,2.794933891296386719e+01
-8.872766876220703125e+01,2.794583702087402344e+01
-8.872843170166015625e+01,2.794717216491699219e+01
-8.872985839843750000e+01,2.794782638549804688e+01
-8.873538970947265625e+01,2.794804382324218750e+01
-8.873306274414062500e+01,2.794938850402832031e+01
-8.873060607910156250e+01,2.794752693176269531e+01
-8.873204040527343750e+01,2.794836616516113281e+01
-8.873139190673828125e+01,2.794851493835449219e+01
-8.873554992675781250e+01,2.794707679748535156e+01
-8.873329925537109375e+01,2.794877052307128906e+01
-8.873445892333984375e+01,2.794691085815429688e+01
-8.873457336425781250e+01,2.794908714294433594e+01
-8.872994232177734375e+01,2.794636344909667969e+01
-8.873321533203125000e+01,2.794836425781250000e+01
-8.873492431640625000e+01,2.794906234741210938e+01
-8.872944641113281250e+01,2.794651794433593750e+01
-8.873174285888671875e+01,2.794721984863281250e+01
-8.873482513427734375e+01,2.794771194458007812e+01
-8.873381042480468750e+01,2.794914054870605469e+01
-8.873159027099609375e+01,2.794821739196777344e+01
-8.873651123046875000e+01,2.794726371765136719e+01
-8.872801208496093750e+01,2.794637489318847656e+01
-8.873268890380859375e+01,2.794836997985839844e+01
-8.872837829589843750e+01,2.794682884216308594e+01
-8.872869873046875000e+01,2.794590759277343750e+01
-8.872742462158203125e+01,2.794654846191406250e+01
-8.873516845703125000e+01,2.794739532470703125e+01
-8.873512268066406250e+01,2.794776344299316406e+01
-8.873498535156250000e+01,2.794792366027832031e+01
-8.872772216796875000e+01,2.794609832763671875e+01
-8.873188781738281250e+01,2.794899177551269531e+01
-8.873275756835937500e+01,2.794887733459472656e+01
-8.873485565185546875e+01,2.794677352905273438e+01
-8.873616790771484375e+01,2.794720458984375000e+01
-8.873339843750000000e+01,2.794816207885742188e+01
-8.873026275634765625e+01,2.794684028625488281e+01
-8.873274230957031250e+01,2.794849395751953125e+01
-8.873046875000000000e+01,2.794773292541503906e+01
-8.872992706298828125e+01,2.794668388366699219e+01
-8.873632812500000000e+01,2.794686126708984375e+01
-8.873576354980468750e+01,2.794757652282714844e+01
-8.872881317138671875e+01,2.794676589965820312e+01
-8.872985076904296875e+01,2.794684600830078125e+01
-8.873401641845703125e+01,2.794784355163574219e+01
-8.873111724853515625e+01,2.794775581359863281e+01
-8.873178863525390625e+01,2.794731330871582031e+01
-8.873239898681640625e+01,2.794756889343261719e+01
-8.873534393310546875e+01,2.794788932800292969e+01
-8.873402404785156250e+01,2.794773483276367188e+01
-8.873385620117187500e+01,2.794835090637207031e+01
-8.873397064208984375e+01,2.794853782653808594e+01
-8.873322296142578125e+01,2.794768905639648438e+01
-8.873348236083984375e+01,2.794750404357910156e+01
-8.872872161865234375e+01,2.794618797302246094e+01
-8.873342132568359375e+01,2.794763374328613281e+01
-8.873247528076171875e+01,2.794825935363769531e+01
-8.873374938964843750e+01,2.794863128662109375e+01
-8.872897338867187500e+01,2.794656944274902344e+01
-8.872879028320312500e+01,2.794733238220214844e+01
-8.873599243164062500e+01,2.794626235961914062e+01
-8.873545074462890625e+01,2.794739532470703125e+01
-8.873611450195312500e+01,2.794702148437500000e+01
-8.872950744628906250e+01,2.794641113281250000e+01
-8.872740936279296875e+01,2.794652557373046875e+01
-8.873468780517578125e+01,2.794843673706054688e+01
-8.873638916015625000e+01,2.794740295410156250e+01
-8.872735595703125000e+01,2.794646072387695312e+01
-8.873526000976562500e+01,2.794767189025878906e+01
-8.872819519042968750e+01,2.794598579406738281e+01
-8.873487854003906250e+01,2.794920730590820312e+01
-8.873355865478515625e+01,2.794722747802734375e+01
-8.873097991943359375e+01,2.794771385192871094e+01
-8.873437500000000000e+01,2.794897651672363281e+01
-8.872919464111328125e+01,2.794611930847167969e+01
-8.872758483886718750e+01,2.794680786132812500e+01
-8.872777557373046875e+01,2.794644165039062500e+01
-8.872809600830078125e+01,2.794698715209960938e+01
-8.873068237304687500e+01,2.794847106933593750e+01
-8.873547363281250000e+01,2.794689178466796875e+01
-8.873534393310546875e+01,2.794689178466796875e+01
-8.873270416259765625e+01,2.794947433471679688e+01
-8.873161315917968750e+01,2.794929695129394531e+01
-8.873561096191406250e+01,2.794794273376464844e+01
-8.872757720947265625e+01,2.794655799865722656e+01
-8.873517608642578125e+01,2.794799804687500000e+01
-8.872977447509765625e+01,2.794643592834472656e+01
-8.872782897949218750e+01,2.794586181640625000e+01
-8.873604583740234375e+01,2.794836044311523438e+01
-8.873405456542968750e+01,2.794720268249511719e+01
-8.873029327392578125e+01,2.794672393798828125e+01
-8.873067474365234375e+01,2.794723320007324219e+01
-8.873558807373046875e+01,2.794867897033691406e+01
-8.873109436035156250e+01,2.794777297973632812e+01
-8.873401641845703125e+01,2.794689178466796875e+01
-8.873042297363281250e+01,2.794762420654296875e+01
-8.872870635986328125e+01,2.794761085510253906e+01
-8.873314666748046875e+01,2.794779396057128906e+01
-8.873429870605468750e+01,2.794713973999023438e+01
-8.873616790771484375e+01,2.794702911376953125e+01
-8.873465728759765625e+01,2.794871520996093750e+01
-8.873249816894531250e+01,2.794815063476562500e+01
-8.873303985595703125e+01,2.794843864440917969e+01
-8.873305511474609375e+01,2.794824028015136719e+01
-8.873217773437500000e+01,2.794719314575195312e+01
-8.873010253906250000e+01,2.794649887084960938e+01
-8.872865295410156250e+01,2.794691467285156250e+01
-8.873117065429687500e+01,2.794851875305175781e+01
-8.873399353027343750e+01,2.794723701477050781e+01
-8.873484039306640625e+01,2.794881820678710938e+01
-8.873158264160156250e+01,2.794780540466308594e+01
-8.873403930664062500e+01,2.794926834106445312e+01
-8.873165893554687500e+01,2.794865036010742188e+01
-8.873536682128906250e+01,2.794803428649902344e+01
-8.872775268554687500e+01,2.794704818725585938e+01
-8.873583221435546875e+01,2.794710350036621094e+01
-8.873139190673828125e+01,2.794853591918945312e+01
-8.873160552978515625e+01,2.794801521301269531e+01
-8.873317718505859375e+01,2.794727134704589844e+01
-8.873462677001953125e+01,2.794699287414550781e+01
-8.873523712158203125e+01,2.794742202758789062e+01
-8.873166656494140625e+01,2.794704437255859375e+01
-8.872801208496093750e+01,2.794617080688476562e+01
-8.873373413085937500e+01,2.794705581665039062e+01
-8.873456573486328125e+01,2.794835853576660156e+01
-8.872870635986328125e+01,2.794693565368652344e+01
-8.872900390625000000e+01,2.794782638549804688e+01
-8.873553466796875000e+01,2.794668769836425781e+01
-8.873249816894531250e+01,2.794738197326660156e+01
-8.873537445068359375e+01,2.794643783569335938e+01
-8.872785186767578125e+01,2.794604492187500000e+01
-8.873530578613281250e+01,2.794768142700195312e+01
-8.872914123535156250e+01,2.794705963134765625e+01
-8.873457336425781250e+01,2.794722175598144531e+01
-8.873345947265625000e+01,2.794752693176269531e+01
-8.873133087158203125e+01,2.794721794128417969e+01
-8.873391723632812500e+01,2.794707107543945312e+01
-8.873336029052734375e+01,2.794818878173828125e+01
-8.873044586181640625e+01,2.794768142700195312e+01
-8.872798156738281250e+01,2.794622993469238281e+01
-8.872886657714843750e+01,2.794709014892578125e+01
-8.872811126708984375e+01,2.794679069519042969e+01
-8.873107910156250000e+01,2.794843673706054688e+01
-8.873017120361328125e+01,2.794749259948730469e+01
-8.873376464843750000e+01,2.794914054870605469e+01
-8.873438262939453125e+01,2.794763946533203125e+01
-8.873368835449218750e+01,2.794830894470214844e+01
-8.873482513427734375e+01,2.794745254516601562e+01
-8.873597717285156250e+01,2.794720840454101562e+01
-8.872890472412109375e+01,2.794710350036621094e+01
-8.873215484619140625e+01,2.794743347167968750e+01
-8.873342895507812500e+01,2.794726943969726562e+01
-8.873239898681640625e+01,2.794810867309570312e+01
-8.873553466796875000e+01,2.794754600524902344e+01
-8.873264312744140625e+01,2.794878959655761719e+01
-8.873026275634765625e+01,2.794756126403808594e+01
-8.873160552978515625e+01,2.794781494140625000e+01
-8.873347473144531250e+01,2.794740867614746094e+01
-8.873439025878906250e+01,2.794887542724609375e+01
-8.873265075683593750e+01,2.794880867004394531e+01
-8.873527526855468750e+01,2.794772148132324219e+01
-8.873553466796875000e+01,2.794804382324218750e+01
-8.873096466064453125e+01,2.794855499267578125e+01
-8.873309326171875000e+01,2.794926071166992188e+01
-8.873469543457031250e+01,2.794906044006347656e+01
-8.873248291015625000e+01,2.794902420043945312e+01
-8.873406219482421875e+01,2.794835281372070312e+01
-8.873339080810546875e+01,2.794782257080078125e+01
-8.873166656494140625e+01,2.794851493835449219e+01
-8.873359680175781250e+01,2.794793891906738281e+01
-8.873175811767578125e+01,2.794786643981933594e+01
-8.873587799072265625e+01,2.794864654541015625e+01
-8.872937011718750000e+01,2.794766044616699219e+01
-8.873387908935546875e+01,2.794845390319824219e+01
-8.873527526855468750e+01,2.794674301147460938e+01
-8.873472595214843750e+01,2.794877624511718750e+01
-8.873174285888671875e+01,2.794838333129882812e+01
-8.873052215576171875e+01,2.794745445251464844e+01
-8.872912597656250000e+01,2.794743347167968750e+01
-8.873540496826171875e+01,2.794645690917968750e+01
-8.873525238037109375e+01,2.794874572753906250e+01
-8.872786712646484375e+01,2.794678497314453125e+01
-8.873207855224609375e+01,2.794906425476074219e+01
-8.873653411865234375e+01,2.794727325439453125e+01
-8.873001098632812500e+01,2.794663429260253906e+01
-8.873585510253906250e+01,2.794646835327148438e+01
-8.873133087158203125e+01,2.794825744628906250e+01
-8.873151397705078125e+01,2.794869422912597656e+01
-8.873133850097656250e+01,2.794808006286621094e+01
-8.873427581787109375e+01,2.794893646240234375e+01
-8.872987365722656250e+01,2.794785118103027344e+01
-8.873384857177734375e+01,2.794737052917480469e+01
-8.873177337646484375e+01,2.794791412353515625e+01
-8.873310852050781250e+01,2.794892692565917969e+01
-8.872850799560546875e+01,2.794734191894531250e+01
-8.873043823242187500e+01,2.794767951965332031e+01
-8.873428344726562500e+01,2.794901847839355469e+01
-8.873536682128906250e+01,2.794755554199218750e+01
-8.873369598388671875e+01,2.794795608520507812e+01
-8.873407745361328125e+01,2.794846725463867188e+01
-8.873354339599609375e+01,2.794932746887207031e+01
-8.873416137695312500e+01,2.794929695129394531e+01
-8.873431396484375000e+01,2.794775199890136719e+01
-8.873151397705078125e+01,2.794803619384765625e+01
-8.872890472412109375e+01,2.794673347473144531e+01
-8.873609924316406250e+01,2.794717788696289062e+01
-8.872808074951171875e+01,2.794702148437500000e+01
-8.872788238525390625e+01,2.794587326049804688e+01
-8.873539733886718750e+01,2.794853210449218750e+01
-8.873480224609375000e+01,2.794739341735839844e+01
-8.872950744628906250e+01,2.794672203063964844e+01
-8.873004150390625000e+01,2.794767951965332031e+01
-8.873351287841796875e+01,2.794793128967285156e+01
-8.873609161376953125e+01,2.794842720031738281e+01
-8.873305511474609375e+01,2.794754409790039062e+01
-8.872968292236328125e+01,2.794761276245117188e+01
-8.873474121093750000e+01,2.794735336303710938e+01
-8.873609924316406250e+01,2.794830894470214844e+01
-8.872891235351562500e+01,2.794729423522949219e+01
-8.873099517822265625e+01,2.794706535339355469e+01
-8.873589324951171875e+01,2.794845581054687500e+01
-8.873258972167968750e+01,2.794890594482421875e+01
-8.873502349853515625e+01,2.794674682617187500e+01
-8.872809600830078125e+01,2.794659805297851562e+01
-8.873558044433593750e+01,2.794680404663085938e+01
-8.873345947265625000e+01,2.794823265075683594e+01
-8.873304748535156250e+01,2.794702911376953125e+01
-8.872869110107421875e+01,2.794689178466796875e+01
-8.873439788818359375e+01,2.794757270812988281e+01
-8.872859954833984375e+01,2.794713973999023438e+01
-8.873286437988281250e+01,2.794713211059570312e+01
-8.872853088378906250e+01,2.794735145568847656e+01
-8.873369598388671875e+01,2.794751548767089844e+01
-8.873144531250000000e+01,2.794732093811035156e+01
-8.873480224609375000e+01,2.794871520996093750e+01
-8.873617553710937500e+01,2.794811439514160156e+01
-8.872856903076171875e+01,2.794606018066406250e+01
-8.873164367675781250e+01,2.794722366333007812e+01
-8.872884368896484375e+01,2.794728660583496094e+01
-8.873186492919921875e+01,2.794899559020996094e+01
-8.872880554199218750e+01,2.794729423522949219e+01
-8.873508453369140625e+01,2.794641113281250000e+01
-8.872935485839843750e+01,2.794770050048828125e+01
-8.873401641845703125e+01,2.794822692871093750e+01
-8.872917175292968750e+01,2.794654846191406250e+01
-8.873127746582031250e+01,2.794772720336914062e+01
-8.873368072509765625e+01,2.794861030578613281e+01
-8.872982788085937500e+01,2.794639205932617188e+01
-8.873455810546875000e+01,2.794859695434570312e+01
-8.873506927490234375e+01,2.794790649414062500e+01
-8.872998809814453125e+01,2.794713973999023438e+01
-8.872979736328125000e+01,2.794799423217773438e+01
-8.873191070556640625e+01,2.794820976257324219e+01
-8.873339843750000000e+01,2.794824218750000000e+01
-8.873173522949218750e+01,2.794948387145996094e+01
-8.873300933837890625e+01,2.794792556762695312e+01
-8.873554229736328125e+01,2.794719314575195312e+01
-8.873241424560546875e+01,2.794912147521972656e+01
-8.873519134521484375e+01,2.794828224182128906e+01
-8.873376464843750000e+01,2.794806671142578125e+01
-8.873397064208984375e+01,2.794771003723144531e+01
-8.873211669921875000e+01,2.794772911071777344e+01
-8.873357391357421875e+01,2.794770622253417969e+01
-8.873284912109375000e+01,2.794924926757812500e+01
-8.873294830322265625e+01,2.794732284545898438e+01
-8.873435211181640625e+01,2.794902229309082031e+01
-8.873307037353515625e+01,2.794698524475097656e+01
-8.873088836669921875e+01,2.794835281372070312e+01
-8.873177337646484375e+01,2.794951438903808594e+01
-8.873579406738281250e+01,2.794701004028320312e+01
-8.873072052001953125e+01,2.794722175598144531e+01
-8.873263549804687500e+01,2.794781494140625000e+01
-8.873354339599609375e+01,2.794887351989746094e+01
-8.873496246337890625e+01,2.794656562805175781e+01
-8.872849273681640625e+01,2.794646453857421875e+01
-8.873590087890625000e+01,2.794753837585449219e+01
-8.872803497314453125e+01,2.794587707519531250e+01
-8.872754669189453125e+01,2.794582176208496094e+01
-8.873526000976562500e+01,2.794758796691894531e+01
-8.873139190673828125e+01,2.794768905639648438e+01
-8.872928619384765625e+01,2.794784736633300781e+01
-8.873155212402343750e+01,2.794853973388671875e+01
-8.873024749755859375e+01,2.794740867614746094e+01
-8.873347473144531250e+01,2.794706153869628906e+01
-8.872975158691406250e+01,2.794760704040527344e+01
-8.872917175292968750e+01,2.794675827026367188e+01
-8.873328399658203125e+01,2.794864273071289062e+01
-8.873200988769531250e+01,2.794855880737304688e+01
-8.873352813720703125e+01,2.794937324523925781e+01
-8.873152923583984375e+01,2.794910049438476562e+01
-8.873490905761718750e+01,2.794878578186035156e+01
-8.872922515869140625e+01,2.794785690307617188e+01
-8.873389434814453125e+01,2.794922447204589844e+01
-8.872841644287109375e+01,2.794685935974121094e+01
-8.873430633544921875e+01,2.794736862182617188e+01
-8.872935485839843750e+01,2.794778633117675781e+01
-8.873140716552734375e+01,2.794755744934082031e+01
-8.872927856445312500e+01,2.794801712036132812e+01
-8.873374176025390625e+01,2.794924354553222656e+01
-8.872988891601562500e+01,2.794743728637695312e+01
-8.872945404052734375e+01,2.794714164733886719e+01
-8.872772216796875000e+01,2.794620513916015625e+01
-8.873030090332031250e+01,2.794753837585449219e+01
-8.873309326171875000e+01,2.794861030578613281e+01
-8.872938537597656250e+01,2.794669151306152344e+01
-8.873204040527343750e+01,2.794753074645996094e+01
-8.873328399658203125e+01,2.794830703735351562e+01
-8.873332214355468750e+01,2.794907379150390625e+01
-8.873229217529296875e+01,2.794816970825195312e+01
-8.873484802246093750e+01,2.794785499572753906e+01
-8.872801971435546875e+01,2.794623947143554688e+01
-8.873278808593750000e+01,2.794715309143066406e+01
-8.872904205322265625e+01,2.794679260253906250e+01
-8.873596191406250000e+01,2.794689178466796875e+01
-8.872872161865234375e+01,2.794668006896972656e+01
-8.872908782958984375e+01,2.794622611999511719e+01
-8.873294830322265625e+01,2.794846725463867188e+01
-8.873115539550781250e+01,2.794791030883789062e+01
-8.873548126220703125e+01,2.794817161560058594e+01
-8.873508453369140625e+01,2.794893836975097656e+01
-8.873436737060546875e+01,2.794782829284667969e+01
-8.873410034179687500e+01,2.794866943359375000e+01
-8.873009490966796875e+01,2.794640541076660156e+01
-8.873538970947265625e+01,2.794733238220214844e+01
-8.872785186767578125e+01,2.794668197631835938e+01
-8.873218536376953125e+01,2.794777679443359375e+01
-8.873558044433593750e+01,2.794686698913574219e+01
-8.873531341552734375e+01,2.794833564758300781e+01
-8.873373413085937500e+01,2.794835472106933594e+01
-8.873379516601562500e+01,2.794819450378417969e+01
-8.872886657714843750e+01,2.794750022888183594e+01
-8.873619842529296875e+01,2.794806289672851562e+01
-8.872805786132812500e+01,2.794563865661621094e+01
-8.872750854492187500e+01,2.794598960876464844e+01
-8.873449707031250000e+01,2.794738960266113281e+01
-8.873511505126953125e+01,2.794637870788574219e+01
-8.873173522949218750e+01,2.794723510742187500e+01
-8.872923278808593750e+01,2.794671249389648438e+01
-8.873618316650390625e+01,2.794681739807128906e+01
-8.872911834716796875e+01,2.794803810119628906e+01
-8.873068237304687500e+01,2.794791984558105469e+01
-8.873036956787109375e+01,2.794685173034667969e+01
-8.872883605957031250e+01,2.794754409790039062e+01
-8.872775268554687500e+01,2.794708442687988281e+01
-8.873347473144531250e+01,2.794802093505859375e+01
-8.873331451416015625e+01,2.794770622253417969e+01
-8.873176574707031250e+01,2.794806289672851562e+01
-8.873232269287109375e+01,2.794798851013183594e+01
-8.873413848876953125e+01,2.794780158996582031e+01
-8.873627471923828125e+01,2.794689369201660156e+01
-8.872833251953125000e+01,2.794714546203613281e+01
-8.873526763916015625e+01,2.794820213317871094e+01
-8.873545837402343750e+01,2.794885444641113281e+01
-8.873595428466796875e+01,2.794628143310546875e+01
-8.873104858398437500e+01,2.794861793518066406e+01
-8.872827148437500000e+01,2.794713401794433594e+01
-8.873417663574218750e+01,2.794839859008789062e+01
-8.873410797119140625e+01,2.794863891601562500e+01
-8.873268127441406250e+01,2.794853210449218750e+01
-8.873373413085937500e+01,2.794873809814453125e+01
-8.873224639892578125e+01,2.794911575317382812e+01
-8.873342895507812500e+01,2.794872665405273438e+01
-8.872796630859375000e+01,2.794683837890625000e+01
-8.873077392578125000e+01,2.794833946228027344e+01
-8.873478698730468750e+01,2.794734382629394531e+01
-8.873416137695312500e+01,2.794699478149414062e+01
-8.872875213623046875e+01,2.794660758972167969e+01
-8.873500823974609375e+01,2.794751548767089844e+01
-8.873503875732421875e+01,2.794660568237304688e+01
-8.873455047607421875e+01,2.794745445251464844e+01
-8.872887420654296875e+01,2.794687271118164062e+01
-8.872956848144531250e+01,2.794807243347167969e+01
-8.873416900634765625e+01,2.794874763488769531e+01
-8.873542785644531250e+01,2.794673728942871094e+01
-8.873016357421875000e+01,2.794771957397460938e+01
-8.873175048828125000e+01,2.794904518127441406e+01
-8.873267364501953125e+01,2.794864654541015625e+01
-8.873085784912109375e+01,2.794806480407714844e+01
-8.873431396484375000e+01,2.794835853576660156e+01
-8.873186492919921875e+01,2.794787025451660156e+01
-8.873292541503906250e+01,2.794898605346679688e+01
-8.873534393310546875e+01,2.794709587097167969e+01
-8.873644256591796875e+01,2.794699478149414062e+01
-8.872976684570312500e+01,2.794646263122558594e+01
-8.873276519775390625e+01,2.794831657409667969e+01
-8.873372650146484375e+01,2.794806671142578125e+01
-8.873142242431640625e+01,2.794803619384765625e+01
-8.873352813720703125e+01,2.794882583618164062e+01
-8.873519897460937500e+01,2.794791603088378906e+01
-8.873168182373046875e+01,2.794704818725585938e+01
-8.873095703125000000e+01,2.794736099243164062e+01
-8.873213958740234375e+01,2.794876670837402344e+01
-8.873336029052734375e+01,2.794857406616210938e+01
-8.873605346679687500e+01,2.794626998901367188e+01
-8.873274993896484375e+01,2.794762992858886719e+01
-8.873246765136718750e+01,2.794821929931640625e+01
