longitude,latitude
-9.025323486328125000e+01,2.720280838012695312e+01
-9.025431060791015625e+01,2.720193099975585938e+01
-9.025469207763671875e+01,2.720161819458007812e+01
-9.025462341308593750e+01,2.720214080810546875e+01
-9.025419616699218750e+01,2.720180320739746094e+01
-9.025336456298828125e+01,2.720272064208984375e+01
-9.025460052490234375e+01,2.720103454589843750e+01
-9.025373840332031250e+01,2.720383834838867188e+01
-9.025460815429687500e+01,2.720296859741210938e+01
-9.025462341308593750e+01,2.720150566101074219e+01
-9.025380706787109375e+01,2.720261192321777344e+01
-9.025466918945312500e+01,2.720180892944335938e+01
-9.025501251220703125e+01,2.720126914978027344e+01
-9.025398254394531250e+01,2.720129203796386719e+01
-9.025508117675781250e+01,2.720138549804687500e+01
-9.025439453125000000e+01,2.720341682434082031e+01
-9.025302886962890625e+01,2.720351600646972656e+01
-9.025338745117187500e+01,2.720291328430175781e+01
-9.025451660156250000e+01,2.720243453979492188e+01
-9.025473022460937500e+01,2.720303535461425781e+01
-9.025431060791015625e+01,2.720330429077148438e+01
-9.025357818603515625e+01,2.720205688476562500e+01
-9.025380706787109375e+01,2.720182609558105469e+01
-9.025452423095703125e+01,2.720272827148437500e+01
-9.025471496582031250e+01,2.720263481140136719e+01
-9.025449371337890625e+01,2.720140266418457031e+01
-9.025350952148437500e+01,2.720256423950195312e+01
-9.025303649902343750e+01,2.720276451110839844e+01
-9.025479125976562500e+01,2.720217132568359375e+01
-9.025353240966796875e+01,2.720347404479980469e+01
-9.025470733642578125e+01,2.720161247253417969e+01
-9.025511169433593750e+01,2.720160484313964844e+01
-9.025475311279296875e+01,2.720209693908691406e+01
-9.025403594970703125e+01,2.720188522338867188e+01
-9.025316619873046875e+01,2.720289421081542969e+01
-9.025426483154296875e+01,2.720361518859863281e+01
-9.025442504882812500e+01,2.720317649841308594e+01
-9.025411224365234375e+01,2.720135879516601562e+01
-9.025417327880859375e+01,2.720376396179199219e+01
-9.025366210937500000e+01,2.720278167724609375e+01
-9.025491333007812500e+01,2.720096778869628906e+01
-9.025476074218750000e+01,2.720292663574218750e+01
-9.025392913818359375e+01,2.720266342163085938e+01
-9.025331878662109375e+01,2.720261573791503906e+01
-9.025380706787109375e+01,2.720238494873046875e+01
-9.025395202636718750e+01,2.720177078247070312e+01
-9.025398254394531250e+01,2.720187759399414062e+01
-9.025398254394531250e+01,2.720341300964355469e+01
-9.025307464599609375e+01,2.720266914367675781e+01
-9.025450134277343750e+01,2.720097923278808594e+01
-9.025402069091796875e+01,2.720246696472167969e+01
-9.025408172607421875e+01,2.720308685302734375e+01
-9.025497436523437500e+01,2.720208930969238281e+01
-9.025406646728515625e+01,2.720189857482910156e+01
-9.025502014160156250e+01,2.720118904113769531e+01
-9.025404357910156250e+01,2.720260047912597656e+01
-9.025362396240234375e+01,2.720322227478027344e+01
-9.025407409667968750e+01,2.720179939270019531e+01
-9.025402069091796875e+01,2.720194816589355469e+01
-9.025448608398437500e+01,2.720128250122070312e+01
-9.025434875488281250e+01,2.720245361328125000e+01
-9.025441741943359375e+01,2.720154953002929688e+01
-9.025469207763671875e+01,2.720274925231933594e+01
-9.025300598144531250e+01,2.720357513427734375e+01
-9.025462341308593750e+01,2.720238876342773438e+01
-9.025421905517578125e+01,2.720301437377929688e+01
-9.025382232666015625e+01,2.720172309875488281e+01
-9.025402832031250000e+01,2.720352935791015625e+01
-9.025464630126953125e+01,2.720261001586914062e+01
-9.025310516357421875e+01,2.720317649841308594e+01
-9.025379943847656250e+01,2.720217323303222656e+01
-9.025406646728515625e+01,2.720370864868164062e+01
-9.025463104248046875e+01,2.720299530029296875e+01
-9.025371551513671875e+01,2.720331573486328125e+01
-9.025298309326171875e+01,2.720297622680664062e+01
-9.025424194335937500e+01,2.720196151733398438e+01
-9.025442504882812500e+01,2.720139312744140625e+01
-9.025386047363281250e+01,2.720218086242675781e+01
-9.025421905517578125e+01,2.720339584350585938e+01
-9.025455474853515625e+01,2.720247077941894531e+01
-9.025341033935546875e+01,2.720261383056640625e+01
-9.025380706787109375e+01,2.720231246948242188e+01
-9.025399780273437500e+01,2.720277404785156250e+01
-9.025384521484375000e+01,2.720199394226074219e+01
-9.025447082519531250e+01,2.720114135742187500e+01
-9.025382232666015625e+01,2.720381927490234375e+01
-9.025520324707031250e+01,2.720134162902832031e+01
-9.025349426269531250e+01,2.720233726501464844e+01
-9.025466918945312500e+01,2.720114135742187500e+01
-9.025445556640625000e+01,2.720325279235839844e+01
-9.025356292724609375e+01,2.720220565795898438e+01
-9.025444793701171875e+01,2.720174407958984375e+01
-9.025392150878906250e+01,2.720128059387207031e+01
-9.025391387939453125e+01,2.720206069946289062e+01
-9.025455474853515625e+01,2.720227241516113281e+01
-9.025481414794921875e+01,2.720151519775390625e+01
-9.025334167480468750e+01,2.720235252380371094e+01
-9.025437164306640625e+01,2.720157814025878906e+01
-9.025307464599609375e+01,2.720240783691406250e+01
-9.025521850585937500e+01,2.720176506042480469e+01
-9.025445556640625000e+01,2.720329284667968750e+01
-9.025393676757812500e+01,2.720355987548828125e+01
-9.025373077392578125e+01,2.720360374450683594e+01
-9.025305938720703125e+01,2.720291900634765625e+01
-9.025414276123046875e+01,2.720126152038574219e+01
-9.025486755371093750e+01,2.720097160339355469e+01
-9.025481414794921875e+01,2.720192146301269531e+01
-9.025466156005859375e+01,2.720292663574218750e+01
-9.025397491455078125e+01,2.720206260681152344e+01
-9.025292968750000000e+01,2.720291328430175781e+01
-9.025329589843750000e+01,2.720245552062988281e+01
-9.025320434570312500e+01,2.720360374450683594e+01
-9.025485992431640625e+01,2.720247459411621094e+01
-9.025458526611328125e+01,2.720256233215332031e+01
-9.025506591796875000e+01,2.720160102844238281e+01
-9.025290679931640625e+01,2.720303535461425781e+01
-9.025463867187500000e+01,2.720261764526367188e+01
-9.025442504882812500e+01,2.720309257507324219e+01
-9.025359344482421875e+01,2.720317840576171875e+01
-9.025371551513671875e+01,2.720312881469726562e+01
-9.025447082519531250e+01,2.720137023925781250e+01
-9.025447845458984375e+01,2.720214462280273438e+01
-9.025450134277343750e+01,2.720312500000000000e+01
-9.025439453125000000e+01,2.720174980163574219e+01
-9.025418853759765625e+01,2.720312500000000000e+01
-9.025421142578125000e+01,2.720293235778808594e+01
-9.025435638427734375e+01,2.720237731933593750e+01
-9.025440979003906250e+01,2.720300102233886719e+01
-9.025402069091796875e+01,2.720330238342285156e+01
-9.025450897216796875e+01,2.720225715637207031e+01
-9.025318908691406250e+01,2.720335578918457031e+01
-9.025428009033203125e+01,2.720356369018554688e+01
-9.025479125976562500e+01,2.720261192321777344e+01
-9.025328826904296875e+01,2.720215034484863281e+01
-9.025329589843750000e+01,2.720274543762207031e+01
-9.025452423095703125e+01,2.720282745361328125e+01
-9.025341796875000000e+01,2.720273399353027344e+01
-9.025374603271484375e+01,2.720292282104492188e+01
-9.025483703613281250e+01,2.720192337036132812e+01
-9.025392150878906250e+01,2.720275688171386719e+01
-9.025365447998046875e+01,2.720335769653320312e+01
-9.025440216064453125e+01,2.720164108276367188e+01
-9.025434875488281250e+01,2.720306968688964844e+01
-9.025448608398437500e+01,2.720236015319824219e+01
-9.025502777099609375e+01,2.720127105712890625e+01
-9.025406646728515625e+01,2.720159721374511719e+01
-9.025364685058593750e+01,2.720230674743652344e+01
-9.025328063964843750e+01,2.720300865173339844e+01
-9.025338745117187500e+01,2.720342826843261719e+01
-9.025452423095703125e+01,2.720197486877441406e+01
-9.025487518310546875e+01,2.720122528076171875e+01
-9.025365447998046875e+01,2.720366668701171875e+01
-9.025348663330078125e+01,2.720249748229980469e+01
-9.025321197509765625e+01,2.720362854003906250e+01
-9.025356292724609375e+01,2.720208740234375000e+01
-9.025334167480468750e+01,2.720231246948242188e+01
-9.025392913818359375e+01,2.720190811157226562e+01
-9.025342559814453125e+01,2.720349693298339844e+01
-9.025314331054687500e+01,2.720354080200195312e+01
-9.025454711914062500e+01,2.720203971862792969e+01
-9.025463867187500000e+01,2.720246315002441406e+01
-9.025405120849609375e+01,2.720144653320312500e+01
-9.025327301025390625e+01,2.720231819152832031e+01
-9.025403594970703125e+01,2.720192718505859375e+01
-9.025337982177734375e+01,2.720308685302734375e+01
-9.025473022460937500e+01,2.720104980468750000e+01
-9.025489044189453125e+01,2.720196151733398438e+01
-9.025446319580078125e+01,2.720301818847656250e+01
-9.025305175781250000e+01,2.720305252075195312e+01
-9.025476074218750000e+01,2.720197677612304688e+01
-9.025312805175781250e+01,2.720271873474121094e+01
-9.025312042236328125e+01,2.720326423645019531e+01
-9.025458526611328125e+01,2.720232772827148438e+01
-9.025346374511718750e+01,2.720344352722167969e+01
-9.025398254394531250e+01,2.720221328735351562e+01
-9.025327301025390625e+01,2.720210266113281250e+01
-9.025393676757812500e+01,2.720309448242187500e+01
-9.025419616699218750e+01,2.720324134826660156e+01
-9.025450134277343750e+01,2.720157432556152344e+01
-9.025476074218750000e+01,2.720104408264160156e+01
-9.025376892089843750e+01,2.720211410522460938e+01
-9.025350189208984375e+01,2.720278739929199219e+01
-9.025395965576171875e+01,2.720358467102050781e+01
-9.025469207763671875e+01,2.720319557189941406e+01
-9.025399780273437500e+01,2.720158576965332031e+01
-9.025483703613281250e+01,2.720237159729003906e+01
-9.025415039062500000e+01,2.720189857482910156e+01
-9.025379943847656250e+01,2.720400619506835938e+01
-9.025327301025390625e+01,2.720225715637207031e+01
-9.025339508056640625e+01,2.720365142822265625e+01
-9.025481414794921875e+01,2.720133781433105469e+01
-9.025328826904296875e+01,2.720213317871093750e+01
-9.025355529785156250e+01,2.720364570617675781e+01
-9.025299835205078125e+01,2.720259284973144531e+01
-9.025440979003906250e+01,2.720303535461425781e+01
-9.025363922119140625e+01,2.720237731933593750e+01
-9.025428009033203125e+01,2.720305061340332031e+01
-9.025509643554687500e+01,2.720150184631347656e+01
-9.025464630126953125e+01,2.720183563232421875e+01
-9.025365447998046875e+01,2.720245933532714844e+01
-9.025440979003906250e+01,2.720229911804199219e+01
-9.025472259521484375e+01,2.720122337341308594e+01
-9.025360107421875000e+01,2.720213127136230469e+01
-9.025347137451171875e+01,2.720236587524414062e+01
-9.025429534912109375e+01,2.720278358459472656e+01
-9.025399017333984375e+01,2.720284080505371094e+01
-9.025473022460937500e+01,2.720251464843750000e+01
-9.025366973876953125e+01,2.720263671875000000e+01
-9.025376892089843750e+01,2.720218467712402344e+01
-9.025376892089843750e+01,2.720173454284667969e+01
-9.025362396240234375e+01,2.720281219482421875e+01
-9.025455474853515625e+01,2.720298004150390625e+01
-9.025296783447265625e+01,2.720281219482421875e+01
-9.025467681884765625e+01,2.720195579528808594e+01
-9.025447082519531250e+01,2.720104980468750000e+01
-9.025448608398437500e+01,2.720235252380371094e+01
-9.025416564941406250e+01,2.720130157470703125e+01
-9.025413513183593750e+01,2.720161628723144531e+01
-9.025370025634765625e+01,2.720363998413085938e+01
-9.025341796875000000e+01,2.720267105102539062e+01
-9.025495910644531250e+01,2.720127296447753906e+01
-9.025400543212890625e+01,2.720216369628906250e+01
-9.025429534912109375e+01,2.720366668701171875e+01
-9.025414276123046875e+01,2.720271110534667969e+01
-9.025421905517578125e+01,2.720165824890136719e+01
-9.025404357910156250e+01,2.720348548889160156e+01
-9.025428009033203125e+01,2.720368194580078125e+01
-9.025474548339843750e+01,2.720268440246582031e+01
-9.025327301025390625e+01,2.720334243774414062e+01
-9.025354003906250000e+01,2.720378303527832031e+01
-9.025464630126953125e+01,2.720311355590820312e+01
-9.025484466552734375e+01,2.720193481445312500e+01
-9.025380706787109375e+01,2.720207595825195312e+01
-9.025373077392578125e+01,2.720180130004882812e+01
-9.025457000732421875e+01,2.720125007629394531e+01
-9.025440979003906250e+01,2.720248222351074219e+01
-9.025361633300781250e+01,2.720276069641113281e+01
-9.025451660156250000e+01,2.720122146606445312e+01
-9.025331115722656250e+01,2.720298004150390625e+01
-9.025299072265625000e+01,2.720250129699707031e+01
-9.025345611572265625e+01,2.720365524291992188e+01
-9.025483703613281250e+01,2.720192337036132812e+01
-9.025477600097656250e+01,2.720149421691894531e+01
-9.025477600097656250e+01,2.720286178588867188e+01
-9.025444793701171875e+01,2.720318603515625000e+01
-9.025482940673828125e+01,2.720261001586914062e+01
-9.025447845458984375e+01,2.720277214050292969e+01
-9.025354766845703125e+01,2.720223999023437500e+01
-9.025419616699218750e+01,2.720203208923339844e+01
-9.025463104248046875e+01,2.720105934143066406e+01
-9.025339508056640625e+01,2.720229911804199219e+01
-9.025321197509765625e+01,2.720351219177246094e+01
-9.025414276123046875e+01,2.720149421691894531e+01
-9.025334167480468750e+01,2.720217323303222656e+01
-9.025479888916015625e+01,2.720171165466308594e+01
-9.025297546386718750e+01,2.720270156860351562e+01
-9.025404357910156250e+01,2.720222663879394531e+01
-9.025311279296875000e+01,2.720292282104492188e+01
-9.025479888916015625e+01,2.720263671875000000e+01
-9.025321197509765625e+01,2.720272254943847656e+01
-9.025453948974609375e+01,2.720207405090332031e+01
-9.025431823730468750e+01,2.720229530334472656e+01
-9.025364685058593750e+01,2.720337295532226562e+01
-9.025334167480468750e+01,2.720267105102539062e+01
-9.025440216064453125e+01,2.720288658142089844e+01
-9.025463867187500000e+01,2.720245742797851562e+01
-9.025423431396484375e+01,2.720310211181640625e+01
-9.025511932373046875e+01,2.720179939270019531e+01
-9.025390625000000000e+01,2.720174407958984375e+01
-9.025356292724609375e+01,2.720307731628417969e+01
-9.025428771972656250e+01,2.720116615295410156e+01
-9.025445556640625000e+01,2.720119094848632812e+01
-9.025342559814453125e+01,2.720372390747070312e+01
-9.025366210937500000e+01,2.720246124267578125e+01
-9.025350189208984375e+01,2.720263481140136719e+01
-9.025412750244140625e+01,2.720242691040039062e+01
-9.025439453125000000e+01,2.720294570922851562e+01
-9.025468444824218750e+01,2.720238876342773438e+01
-9.025373077392578125e+01,2.720197296142578125e+01
-9.025378417968750000e+01,2.720385551452636719e+01
-9.025408935546875000e+01,2.720242309570312500e+01
-9.025357818603515625e+01,2.720315551757812500e+01
-9.025303649902343750e+01,2.720321464538574219e+01
-9.025479888916015625e+01,2.720144462585449219e+01
-9.025368499755859375e+01,2.720182228088378906e+01
-9.025339508056640625e+01,2.720379447937011719e+01
-9.025377655029296875e+01,2.720255088806152344e+01
-9.025453948974609375e+01,2.720256423950195312e+01
-9.025372314453125000e+01,2.720187187194824219e+01
-9.025423431396484375e+01,2.720191001892089844e+01
-9.025425720214843750e+01,2.720108032226562500e+01
-9.025363922119140625e+01,2.720362281799316406e+01
-9.025415802001953125e+01,2.720217514038085938e+01
-9.025468444824218750e+01,2.720296096801757812e+01
-9.025410461425781250e+01,2.720256805419921875e+01
-9.025416564941406250e+01,2.720324134826660156e+01
-9.025423431396484375e+01,2.720311737060546875e+01
-9.025427246093750000e+01,2.720115089416503906e+01
-9.025349426269531250e+01,2.720374679565429688e+01
-9.025415039062500000e+01,2.720171356201171875e+01
-9.025433349609375000e+01,2.720241165161132812e+01
-9.025485229492187500e+01,2.720184707641601562e+01
-9.025389862060546875e+01,2.720168876647949219e+01
-9.025321960449218750e+01,2.720328521728515625e+01
-9.025431060791015625e+01,2.720124626159667969e+01
-9.025336456298828125e+01,2.720304107666015625e+01
-9.025386047363281250e+01,2.720160865783691406e+01
-9.025518798828125000e+01,2.720145034790039062e+01
-9.025387573242187500e+01,2.720153045654296875e+01
-9.025470733642578125e+01,2.720216560363769531e+01
-9.025421142578125000e+01,2.720291900634765625e+01
-9.025524139404296875e+01,2.720174217224121094e+01
-9.025498199462890625e+01,2.720197868347167969e+01
-9.025325012207031250e+01,2.720342445373535156e+01
-9.025375366210937500e+01,2.720282745361328125e+01
-9.025473022460937500e+01,2.720265769958496094e+01
-9.025325775146484375e+01,2.720279312133789062e+01
-9.025376892089843750e+01,2.720356369018554688e+01
-9.025341033935546875e+01,2.720242881774902344e+01
-9.025462341308593750e+01,2.720199584960937500e+01
-9.025411987304687500e+01,2.720337486267089844e+01
-9.025464630126953125e+01,2.720309829711914062e+01
-9.025429534912109375e+01,2.720352745056152344e+01
-9.025387573242187500e+01,2.720292472839355469e+01
-9.025392913818359375e+01,2.720239448547363281e+01
-9.025430297851562500e+01,2.720163345336914062e+01
-9.025321960449218750e+01,2.720236968994140625e+01
-9.025408935546875000e+01,2.720127487182617188e+01
-9.025447845458984375e+01,2.720228576660156250e+01
-9.025422668457031250e+01,2.720100593566894531e+01
-9.025341796875000000e+01,2.720229339599609375e+01
-9.025473785400390625e+01,2.720297241210937500e+01
-9.025440216064453125e+01,2.720255088806152344e+01
-9.025425720214843750e+01,2.720123672485351562e+01
-9.025346374511718750e+01,2.720222282409667969e+01
-9.025352478027343750e+01,2.720228004455566406e+01
-9.025296783447265625e+01,2.720307922363281250e+01
-9.025421905517578125e+01,2.720252609252929688e+01
-9.025393676757812500e+01,2.720301246643066406e+01
-9.025439453125000000e+01,2.720111846923828125e+01
-9.025468444824218750e+01,2.720335769653320312e+01
-9.025312805175781250e+01,2.720244598388671875e+01
-9.025377655029296875e+01,2.720285034179687500e+01
-9.025442504882812500e+01,2.720358085632324219e+01
-9.025427246093750000e+01,2.720361709594726562e+01
-9.025509643554687500e+01,2.720165061950683594e+01
-9.025477600097656250e+01,2.720118141174316406e+01
-9.025418090820312500e+01,2.720215034484863281e+01
-9.025437164306640625e+01,2.720124053955078125e+01
-9.025371551513671875e+01,2.720219230651855469e+01
-9.025453948974609375e+01,2.720311737060546875e+01
-9.025475311279296875e+01,2.720278930664062500e+01
-9.025418090820312500e+01,2.720190620422363281e+01
-9.025309753417968750e+01,2.720297241210937500e+01
-9.025489044189453125e+01,2.720187759399414062e+01
-9.025331115722656250e+01,2.720328903198242188e+01
-9.025433349609375000e+01,2.720223617553710938e+01
-9.025441741943359375e+01,2.720282173156738281e+01
-9.025489807128906250e+01,2.720154953002929688e+01
-9.025418853759765625e+01,2.720206260681152344e+01
-9.025431060791015625e+01,2.720194816589355469e+01
-9.025382232666015625e+01,2.720360755920410156e+01
-9.025366973876953125e+01,2.720301246643066406e+01
-9.025392150878906250e+01,2.720256233215332031e+01
-9.025453186035156250e+01,2.720105171203613281e+01
-9.025481414794921875e+01,2.720240592956542969e+01
-9.025406646728515625e+01,2.720198440551757812e+01
-9.025466156005859375e+01,2.720309829711914062e+01
-9.025502014160156250e+01,2.720122909545898438e+01
-9.025418090820312500e+01,2.720294189453125000e+01
-9.025466156005859375e+01,2.720227813720703125e+01
-9.025350189208984375e+01,2.720267295837402344e+01
-9.025408172607421875e+01,2.720307731628417969e+01
-9.025395202636718750e+01,2.720304107666015625e+01
-9.025495147705078125e+01,2.720174026489257812e+01
-9.025334167480468750e+01,2.720345306396484375e+01
-9.025463867187500000e+01,2.720272636413574219e+01
-9.025357818603515625e+01,2.720237731933593750e+01
-9.025444793701171875e+01,2.720272827148437500e+01
-9.025396728515625000e+01,2.720364570617675781e+01
-9.025456237792968750e+01,2.720303153991699219e+01
-9.025404357910156250e+01,2.720359039306640625e+01
-9.025507354736328125e+01,2.720179176330566406e+01
-9.025485992431640625e+01,2.720239639282226562e+01
-9.025392150878906250e+01,2.720241737365722656e+01
-9.025456237792968750e+01,2.720255661010742188e+01
-9.025374603271484375e+01,2.720248031616210938e+01
-9.025413513183593750e+01,2.720243644714355469e+01
-9.025308227539062500e+01,2.720287704467773438e+01
-9.025466156005859375e+01,2.720157241821289062e+01
-9.025462341308593750e+01,2.720262718200683594e+01
-9.025463104248046875e+01,2.720337677001953125e+01
-9.025491333007812500e+01,2.720121765136718750e+01
-9.025379180908203125e+01,2.720190048217773438e+01
-9.025317382812500000e+01,2.720356369018554688e+01
-9.025426483154296875e+01,2.720335197448730469e+01
-9.025360107421875000e+01,2.720382690429687500e+01
-9.025346374511718750e+01,2.720235443115234375e+01
-9.025428009033203125e+01,2.720221138000488281e+01
-9.025318145751953125e+01,2.720307159423828125e+01
-9.025397491455078125e+01,2.720281028747558594e+01
-9.025485229492187500e+01,2.720231056213378906e+01
-9.025465393066406250e+01,2.720315742492675781e+01
-9.025441741943359375e+01,2.720293426513671875e+01
-9.025284576416015625e+01,2.720331954956054688e+01
-9.025414276123046875e+01,2.720268630981445312e+01
-9.025344848632812500e+01,2.720264053344726562e+01
-9.025426483154296875e+01,2.720164299011230469e+01
-9.025473022460937500e+01,2.720127487182617188e+01
-9.025464630126953125e+01,2.720221328735351562e+01
-9.025449371337890625e+01,2.720170783996582031e+01
-9.025428771972656250e+01,2.720242118835449219e+01
-9.025408172607421875e+01,2.720309066772460938e+01
-9.025414276123046875e+01,2.720225715637207031e+01
-9.025378417968750000e+01,2.720270919799804688e+01
-9.025395202636718750e+01,2.720215988159179688e+01
-9.025453948974609375e+01,2.720248031616210938e+01
-9.025354766845703125e+01,2.720300674438476562e+01
-9.025418853759765625e+01,2.720137023925781250e+01
-9.025479125976562500e+01,2.720196914672851562e+01
-9.025312805175781250e+01,2.720246315002441406e+01
-9.025447082519531250e+01,2.720235443115234375e+01
-9.025409698486328125e+01,2.720292663574218750e+01
-9.025421905517578125e+01,2.720338821411132812e+01
-9.025469207763671875e+01,2.720339584350585938e+01
-9.025495910644531250e+01,2.720190048217773438e+01
-9.025423431396484375e+01,2.720307731628417969e+01
-9.025480651855468750e+01,2.720213127136230469e+01
-9.025347137451171875e+01,2.720334243774414062e+01
-9.025350952148437500e+01,2.720199012756347656e+01
-9.025379180908203125e+01,2.720315933227539062e+01
-9.025418853759765625e+01,2.720157623291015625e+01
-9.025351715087890625e+01,2.720222091674804688e+01
-9.025463867187500000e+01,2.720291709899902344e+01
-9.025377655029296875e+01,2.720211410522460938e+01
-9.025468444824218750e+01,2.720205116271972656e+01
-9.025446319580078125e+01,2.720272445678710938e+01
-9.025447845458984375e+01,2.720191192626953125e+01
-9.025421142578125000e+01,2.720300674438476562e+01
-9.025441741943359375e+01,2.720092582702636719e+01
-9.025432586669921875e+01,2.720122718811035156e+01
-9.025415039062500000e+01,2.720293807983398438e+01
-9.025326538085937500e+01,2.720292663574218750e+01
-9.025485992431640625e+01,2.720166206359863281e+01
-9.025463867187500000e+01,2.720175361633300781e+01
-9.025386047363281250e+01,2.720376205444335938e+01
-9.025445556640625000e+01,2.720097351074218750e+01
-9.025386810302734375e+01,2.720237350463867188e+01
-9.025355529785156250e+01,2.720218276977539062e+01
-9.025397491455078125e+01,2.720226097106933594e+01
-9.025299072265625000e+01,2.720245552062988281e+01
-9.025403594970703125e+01,2.720138168334960938e+01
-9.025458526611328125e+01,2.720148086547851562e+01
-9.025460815429687500e+01,2.720213317871093750e+01
-9.025387573242187500e+01,2.720273017883300781e+01
-9.025478363037109375e+01,2.720144081115722656e+01
-9.025354766845703125e+01,2.720376777648925781e+01
-9.025509643554687500e+01,2.720153617858886719e+01
-9.025386810302734375e+01,2.720142936706542969e+01
-9.025386810302734375e+01,2.720323181152343750e+01
-9.025318145751953125e+01,2.720265197753906250e+01
-9.025360107421875000e+01,2.720278549194335938e+01
-9.025493621826171875e+01,2.720136833190917969e+01
-9.025382232666015625e+01,2.720243835449218750e+01
-9.025457763671875000e+01,2.720165634155273438e+01
-9.025511932373046875e+01,2.720151329040527344e+01
-9.025402832031250000e+01,2.720347976684570312e+01
-9.025429534912109375e+01,2.720130538940429688e+01
-9.025299835205078125e+01,2.720316886901855469e+01
-9.025336456298828125e+01,2.720256042480468750e+01
-9.025339508056640625e+01,2.720306396484375000e+01
-9.025454711914062500e+01,2.720100212097167969e+01
-9.025483703613281250e+01,2.720232200622558594e+01
-9.025302124023437500e+01,2.720248603820800781e+01
-9.025347137451171875e+01,2.720271110534667969e+01
-9.025493621826171875e+01,2.720125198364257812e+01
-9.025469207763671875e+01,2.720206642150878906e+01
-9.025398254394531250e+01,2.720260810852050781e+01
-9.025315093994140625e+01,2.720360755920410156e+01
-9.025415039062500000e+01,2.720357894897460938e+01
-9.025498962402343750e+01,2.720149040222167969e+01
-9.025442504882812500e+01,2.720144653320312500e+01
-9.025424957275390625e+01,2.720339965820312500e+01
-9.025428009033203125e+01,2.720291137695312500e+01
-9.025354766845703125e+01,2.720382308959960938e+01
-9.025445556640625000e+01,2.720296669006347656e+01
-9.025499725341796875e+01,2.720163536071777344e+01
-9.025395202636718750e+01,2.720335960388183594e+01
-9.025322723388671875e+01,2.720235252380371094e+01
-9.025445556640625000e+01,2.720330429077148438e+01
-9.025368499755859375e+01,2.720343208312988281e+01
-9.025324249267578125e+01,2.720347976684570312e+01
-9.025347900390625000e+01,2.720232391357421875e+01
-9.025326538085937500e+01,2.720368957519531250e+01
-9.025482940673828125e+01,2.720106697082519531e+01
-9.025355529785156250e+01,2.720321464538574219e+01
-9.025367736816406250e+01,2.720368194580078125e+01
-9.025469207763671875e+01,2.720244979858398438e+01
-9.025469207763671875e+01,2.720248603820800781e+01
-9.025491333007812500e+01,2.720201301574707031e+01
-9.025384521484375000e+01,2.720316123962402344e+01
-9.025372314453125000e+01,2.720372962951660156e+01
-9.025506591796875000e+01,2.720183181762695312e+01
-9.025344085693359375e+01,2.720278739929199219e+01
-9.025421142578125000e+01,2.720089912414550781e+01
-9.025371551513671875e+01,2.720186614990234375e+01
-9.025466156005859375e+01,2.720246315002441406e+01
-9.025316619873046875e+01,2.720285797119140625e+01
-9.025328063964843750e+01,2.720276260375976562e+01
-9.025395202636718750e+01,2.720156288146972656e+01
-9.025524139404296875e+01,2.720176124572753906e+01
-9.025362396240234375e+01,2.720363426208496094e+01
-9.025487518310546875e+01,2.720116424560546875e+01
-9.025485229492187500e+01,2.720211791992187500e+01
-9.025447845458984375e+01,2.720157241821289062e+01
-9.025425720214843750e+01,2.720237350463867188e+01
-9.025334930419921875e+01,2.720324707031250000e+01
-9.025370788574218750e+01,2.720372200012207031e+01
-9.025497436523437500e+01,2.720213890075683594e+01
-9.025448608398437500e+01,2.720198059082031250e+01
-9.025439453125000000e+01,2.720304870605468750e+01
-9.025386810302734375e+01,2.720323181152343750e+01
-9.025476837158203125e+01,2.720253562927246094e+01
-9.025466156005859375e+01,2.720338439941406250e+01
-9.025292205810546875e+01,2.720287513732910156e+01
-9.025525665283203125e+01,2.720180892944335938e+01
-9.025469207763671875e+01,2.720335006713867188e+01
-9.025386810302734375e+01,2.720252609252929688e+01
-9.025506591796875000e+01,2.720148849487304688e+01
-9.025414276123046875e+01,2.720372009277343750e+01
-9.025363922119140625e+01,2.720391082763671875e+01
-9.025397491455078125e+01,2.720239257812500000e+01
-9.025391387939453125e+01,2.720211410522460938e+01
-9.025431060791015625e+01,2.720116806030273438e+01
-9.025474548339843750e+01,2.720227050781250000e+01
-9.025401306152343750e+01,2.720376586914062500e+01
-9.025469207763671875e+01,2.720114326477050781e+01
-9.025345611572265625e+01,2.720307922363281250e+01
-9.025424957275390625e+01,2.720148086547851562e+01
-9.025453186035156250e+01,2.720336151123046875e+01
-9.025512695312500000e+01,2.720175170898437500e+01
-9.025421142578125000e+01,2.720179176330566406e+01
-9.025393676757812500e+01,2.720367431640625000e+01
-9.025403594970703125e+01,2.720280647277832031e+01
-9.025421905517578125e+01,2.720247840881347656e+01
-9.025313568115234375e+01,2.720333290100097656e+01
-9.025443267822265625e+01,2.720311927795410156e+01
-9.025444793701171875e+01,2.720294570922851562e+01
-9.025419616699218750e+01,2.720203399658203125e+01
-9.025446319580078125e+01,2.720211601257324219e+01
-9.025421142578125000e+01,2.720261573791503906e+01
-9.025464630126953125e+01,2.720196151733398438e+01
-9.025366973876953125e+01,2.720252037048339844e+01
-9.025422668457031250e+01,2.720187377929687500e+01
-9.025341033935546875e+01,2.720230484008789062e+01
-9.025439453125000000e+01,2.720208358764648438e+01
-9.025479888916015625e+01,2.720246887207031250e+01
-9.025428009033203125e+01,2.720131683349609375e+01
-9.025426483154296875e+01,2.720239067077636719e+01
-9.025331878662109375e+01,2.720367813110351562e+01
-9.025410461425781250e+01,2.720317268371582031e+01
-9.025427246093750000e+01,2.720355606079101562e+01
-9.025446319580078125e+01,2.720105934143066406e+01
-9.025413513183593750e+01,2.720177078247070312e+01
-9.025349426269531250e+01,2.720202255249023438e+01
-9.025462341308593750e+01,2.720259284973144531e+01
-9.025408172607421875e+01,2.720147514343261719e+01
-9.025382995605468750e+01,2.720184135437011719e+01
-9.025302124023437500e+01,2.720246505737304688e+01
-9.025444030761718750e+01,2.720177459716796875e+01
-9.025482940673828125e+01,2.720198059082031250e+01
-9.025424194335937500e+01,2.720295524597167969e+01
-9.025331115722656250e+01,2.720236778259277344e+01
-9.025392913818359375e+01,2.720347404479980469e+01
-9.025404357910156250e+01,2.720237922668457031e+01
-9.025446319580078125e+01,2.720181465148925781e+01
-9.025460815429687500e+01,2.720183563232421875e+01
-9.025473785400390625e+01,2.720289993286132812e+01
-9.025420379638671875e+01,2.720196342468261719e+01
-9.025470733642578125e+01,2.720266723632812500e+01
-9.025410461425781250e+01,2.720368576049804688e+01
-9.025486755371093750e+01,2.720125770568847656e+01
-9.025500488281250000e+01,2.720148658752441406e+01
-9.025437927246093750e+01,2.720217704772949219e+01
-9.025387573242187500e+01,2.720376586914062500e+01
-9.025492858886718750e+01,2.720193862915039062e+01
-9.025442504882812500e+01,2.720351600646972656e+01
-9.025356292724609375e+01,2.720235061645507812e+01
-9.025447845458984375e+01,2.720162773132324219e+01
-9.025303649902343750e+01,2.720293045043945312e+01
-9.025375366210937500e+01,2.720286750793457031e+01
-9.025427246093750000e+01,2.720266914367675781e+01
-9.025386047363281250e+01,2.720166969299316406e+01
-9.025437164306640625e+01,2.720230102539062500e+01
-9.025389862060546875e+01,2.720193099975585938e+01
-9.025306701660156250e+01,2.720355606079101562e+01
-9.025325775146484375e+01,2.720317459106445312e+01
-9.025333404541015625e+01,2.720363807678222656e+01
-9.025356292724609375e+01,2.720187568664550781e+01
-9.025319671630859375e+01,2.720330429077148438e+01
-9.025391387939453125e+01,2.720379638671875000e+01
-9.025405883789062500e+01,2.720314025878906250e+01
-9.025436401367187500e+01,2.720233917236328125e+01
-9.025363922119140625e+01,2.720314025878906250e+01
-9.025415802001953125e+01,2.720309829711914062e+01
-9.025371551513671875e+01,2.720370292663574219e+01
-9.025480651855468750e+01,2.720105361938476562e+01
-9.025489807128906250e+01,2.720148086547851562e+01
-9.025444793701171875e+01,2.720240783691406250e+01
-9.025284576416015625e+01,2.720338249206542969e+01
-9.025374603271484375e+01,2.720305633544921875e+01
-9.025293731689453125e+01,2.720290946960449219e+01
-9.025344848632812500e+01,2.720276832580566406e+01
-9.025440979003906250e+01,2.720193481445312500e+01
-9.025416564941406250e+01,2.720297622680664062e+01
-9.025453948974609375e+01,2.720182228088378906e+01
-9.025360107421875000e+01,2.720259284973144531e+01
-9.025487518310546875e+01,2.720177459716796875e+01
-9.025440979003906250e+01,2.720098686218261719e+01
-9.025354766845703125e+01,2.720193481445312500e+01
-9.025363159179687500e+01,2.720253181457519531e+01
-9.025418853759765625e+01,2.720129013061523438e+01
-9.025363159179687500e+01,2.720222091674804688e+01
-9.025435638427734375e+01,2.720156669616699219e+01
-9.025376129150390625e+01,2.720229911804199219e+01
-9.025489044189453125e+01,2.720097351074218750e+01
-9.025331115722656250e+01,2.720354270935058594e+01
-9.025392150878906250e+01,2.720212173461914062e+01
-9.025471496582031250e+01,2.720169258117675781e+01
-9.025408935546875000e+01,2.720259857177734375e+01
-9.025280761718750000e+01,2.720325469970703125e+01
-9.025366210937500000e+01,2.720377922058105469e+01
-9.025459289550781250e+01,2.720103073120117188e+01
-9.025440979003906250e+01,2.720109939575195312e+01
-9.025315093994140625e+01,2.720275878906250000e+01
-9.025434875488281250e+01,2.720161819458007812e+01
-9.025398254394531250e+01,2.720240020751953125e+01
-9.025302124023437500e+01,2.720335197448730469e+01
-9.025327301025390625e+01,2.720256996154785156e+01
-9.025388336181640625e+01,2.720303535461425781e+01
-9.025296783447265625e+01,2.720326042175292969e+01
-9.025467681884765625e+01,2.720190048217773438e+01
-9.025307464599609375e+01,2.720261955261230469e+01
-9.025488281250000000e+01,2.720109748840332031e+01
-9.025362396240234375e+01,2.720300674438476562e+01
-9.025303649902343750e+01,2.720252609252929688e+01
-9.025357818603515625e+01,2.720336341857910156e+01
-9.025322723388671875e+01,2.720277786254882812e+01
-9.025479125976562500e+01,2.720170211791992188e+01
-9.025431823730468750e+01,2.720165824890136719e+01
-9.025357055664062500e+01,2.720230674743652344e+01
-9.025381469726562500e+01,2.720285415649414062e+01
-9.025404357910156250e+01,2.720185470581054688e+01
-9.025332641601562500e+01,2.720359802246093750e+01
-9.025479888916015625e+01,2.720153808593750000e+01
-9.025508117675781250e+01,2.720172119140625000e+01
-9.025371551513671875e+01,2.720222854614257812e+01
-9.025402832031250000e+01,2.720161247253417969e+01
-9.025440979003906250e+01,2.720282554626464844e+01
-9.025344085693359375e+01,2.720347213745117188e+01
-9.025466918945312500e+01,2.720120811462402344e+01
-9.025417327880859375e+01,2.720137786865234375e+01
-9.025413513183593750e+01,2.720371437072753906e+01
-9.025309753417968750e+01,2.720332145690917969e+01
-9.025410461425781250e+01,2.720210838317871094e+01
-9.025376129150390625e+01,2.720287704467773438e+01
-9.025355529785156250e+01,2.720179557800292969e+01
-9.025360107421875000e+01,2.720342636108398438e+01
-9.025403594970703125e+01,2.720217895507812500e+01
-9.025495910644531250e+01,2.720128250122070312e+01
-9.025460052490234375e+01,2.720105361938476562e+01
-9.025414276123046875e+01,2.720185852050781250e+01
-9.025421142578125000e+01,2.720346832275390625e+01
-9.025486755371093750e+01,2.720110702514648438e+01
-9.025360107421875000e+01,2.720317077636718750e+01
-9.025291442871093750e+01,2.720336151123046875e+01
-9.025478363037109375e+01,2.720268630981445312e+01
-9.025379180908203125e+01,2.720285987854003906e+01
-9.025390625000000000e+01,2.720347023010253906e+01
-9.025487518310546875e+01,2.720191764831542969e+01
-9.025431060791015625e+01,2.720174217224121094e+01
-9.025339508056640625e+01,2.720307731628417969e+01
-9.025302886962890625e+01,2.720297050476074219e+01
-9.025482177734375000e+01,2.720208168029785156e+01
-9.025505065917968750e+01,2.720139503479003906e+01
-9.025402832031250000e+01,2.720310211181640625e+01
-9.025376892089843750e+01,2.720343399047851562e+01
-9.025417327880859375e+01,2.720263862609863281e+01
-9.025470733642578125e+01,2.720257759094238281e+01
-9.025488281250000000e+01,2.720204162597656250e+01
-9.025470733642578125e+01,2.720204925537109375e+01
-9.025502014160156250e+01,2.720121002197265625e+01
-9.025334167480468750e+01,2.720221710205078125e+01
-9.025303649902343750e+01,2.720340919494628906e+01
-9.025426483154296875e+01,2.720159912109375000e+01
-9.025334930419921875e+01,2.720285224914550781e+01
-9.025294494628906250e+01,2.720276641845703125e+01
-9.025328826904296875e+01,2.720331954956054688e+01
-9.025480651855468750e+01,2.720179939270019531e+01
-9.025314331054687500e+01,2.720309448242187500e+01
-9.025499725341796875e+01,2.720126914978027344e+01
-9.025447082519531250e+01,2.720317840576171875e+01
-9.025376892089843750e+01,2.720298004150390625e+01
-9.025430297851562500e+01,2.720272445678710938e+01
-9.025415039062500000e+01,2.720123481750488281e+01
-9.025441741943359375e+01,2.720306968688964844e+01
-9.025489807128906250e+01,2.720200920104980469e+01
-9.025460052490234375e+01,2.720103645324707031e+01
-9.025323486328125000e+01,2.720266342163085938e+01
-9.025433349609375000e+01,2.720323371887207031e+01
-9.025291442871093750e+01,2.720291519165039062e+01
-9.025315856933593750e+01,2.720277595520019531e+01
-9.025437927246093750e+01,2.720159530639648438e+01
-9.025488281250000000e+01,2.720193099975585938e+01
-9.025470733642578125e+01,2.720213127136230469e+01
-9.025480651855468750e+01,2.720232391357421875e+01
-9.025335693359375000e+01,2.720292472839355469e+01
-9.025363159179687500e+01,2.720285987854003906e+01
-9.025341796875000000e+01,2.720338821411132812e+01
-9.025447845458984375e+01,2.720133590698242188e+01
-9.025339508056640625e+01,2.720216941833496094e+01
-9.025440216064453125e+01,2.720149612426757812e+01
-9.025404357910156250e+01,2.720166587829589844e+01
-9.025373840332031250e+01,2.720178222656250000e+01
-9.025450134277343750e+01,2.720267868041992188e+01
-9.025407409667968750e+01,2.720190048217773438e+01
-9.025334930419921875e+01,2.720232582092285156e+01
-9.025373077392578125e+01,2.720381736755371094e+01
-9.025377655029296875e+01,2.720364189147949219e+01
-9.025439453125000000e+01,2.720278549194335938e+01
-9.025487518310546875e+01,2.720197677612304688e+01
-9.025495910644531250e+01,2.720149230957031250e+01
-9.025370788574218750e+01,2.720176315307617188e+01
-9.025342559814453125e+01,2.720360565185546875e+01
-9.025321960449218750e+01,2.720374107360839844e+01
-9.025334930419921875e+01,2.720374107360839844e+01
-9.025457000732421875e+01,2.720266914367675781e+01
-9.025366210937500000e+01,2.720191383361816406e+01
-9.025321960449218750e+01,2.720266342163085938e+01
-9.025487518310546875e+01,2.720180320739746094e+01
-9.025415802001953125e+01,2.720288085937500000e+01
-9.025406646728515625e+01,2.720372772216796875e+01
-9.025362396240234375e+01,2.720208168029785156e+01
-9.025474548339843750e+01,2.720181274414062500e+01
-9.025319671630859375e+01,2.720272636413574219e+01
-9.025415039062500000e+01,2.720223999023437500e+01
-9.025308990478515625e+01,2.720336723327636719e+01
-9.025340270996093750e+01,2.720279502868652344e+01
-9.025454711914062500e+01,2.720094871520996094e+01
-9.025457763671875000e+01,2.720178794860839844e+01
-9.025328826904296875e+01,2.720230293273925781e+01
-9.025425720214843750e+01,2.720117950439453125e+01
-9.025470733642578125e+01,2.720311355590820312e+01
-9.025447845458984375e+01,2.720186805725097656e+01
-9.025294494628906250e+01,2.720319557189941406e+01
-9.025435638427734375e+01,2.720357894897460938e+01
-9.025393676757812500e+01,2.720240402221679688e+01
-9.025464630126953125e+01,2.720287895202636719e+01
-9.025394439697265625e+01,2.720332336425781250e+01
-9.025377655029296875e+01,2.720380592346191406e+01
-9.025498199462890625e+01,2.720142173767089844e+01
-9.025406646728515625e+01,2.720303726196289062e+01
-9.025376129150390625e+01,2.720339584350585938e+01
-9.025518798828125000e+01,2.720141220092773438e+01
-9.025342559814453125e+01,2.720361518859863281e+01
-9.025322723388671875e+01,2.720302581787109375e+01
-9.025402832031250000e+01,2.720286560058593750e+01
-9.025494384765625000e+01,2.720212745666503906e+01
-9.025427246093750000e+01,2.720236015319824219e+01
-9.025320434570312500e+01,2.720284652709960938e+01
-9.025401306152343750e+01,2.720172119140625000e+01
-9.025461578369140625e+01,2.720179939270019531e+01
-9.025391387939453125e+01,2.720149040222167969e+01
-9.025403594970703125e+01,2.720372200012207031e+01
-9.025419616699218750e+01,2.720211029052734375e+01
-9.025434112548828125e+01,2.720318603515625000e+01
-9.025391387939453125e+01,2.720296096801757812e+01
-9.025502777099609375e+01,2.720186042785644531e+01
-9.025386047363281250e+01,2.720226669311523438e+01
-9.025447082519531250e+01,2.720223236083984375e+01
-9.025357055664062500e+01,2.720192337036132812e+01
-9.025393676757812500e+01,2.720318412780761719e+01
-9.025402069091796875e+01,2.720125961303710938e+01
-9.025394439697265625e+01,2.720146369934082031e+01
-9.025306701660156250e+01,2.720338821411132812e+01
-9.025469970703125000e+01,2.720289611816406250e+01
-9.025487518310546875e+01,2.720236015319824219e+01
-9.025421142578125000e+01,2.720302009582519531e+01
-9.025308227539062500e+01,2.720290756225585938e+01
-9.025476837158203125e+01,2.720106506347656250e+01
-9.025460052490234375e+01,2.720184707641601562e+01
-9.025357055664062500e+01,2.720341300964355469e+01
-9.025370025634765625e+01,2.720311355590820312e+01
-9.025503540039062500e+01,2.720156288146972656e+01
-9.025418090820312500e+01,2.720116615295410156e+01
-9.025449371337890625e+01,2.720263862609863281e+01
-9.025440216064453125e+01,2.720271682739257812e+01
-9.025446319580078125e+01,2.720147323608398438e+01
-9.025391387939453125e+01,2.720315170288085938e+01
-9.025328826904296875e+01,2.720324897766113281e+01
-9.025359344482421875e+01,2.720398139953613281e+01
-9.025335693359375000e+01,2.720358467102050781e+01
-9.025397491455078125e+01,2.720177078247070312e+01
-9.025413513183593750e+01,2.720279693603515625e+01
-9.025437927246093750e+01,2.720178604125976562e+01
-9.025455474853515625e+01,2.720228576660156250e+01
-9.025315856933593750e+01,2.720315361022949219e+01
-9.025387573242187500e+01,2.720353507995605469e+01
-9.025311279296875000e+01,2.720306968688964844e+01
-9.025306701660156250e+01,2.720341110229492188e+01
-9.025421905517578125e+01,2.720319175720214844e+01
-9.025337982177734375e+01,2.720247077941894531e+01
-9.025409698486328125e+01,2.720291519165039062e+01
-9.025380706787109375e+01,2.720216560363769531e+01
-9.025392150878906250e+01,2.720124626159667969e+01
-9.025432586669921875e+01,2.720232963562011719e+01
-9.025448608398437500e+01,2.720292282104492188e+01
-9.025408172607421875e+01,2.720368194580078125e+01
-9.025373840332031250e+01,2.720353889465332031e+01
-9.025363159179687500e+01,2.720244789123535156e+01
-9.025498199462890625e+01,2.720194625854492188e+01
-9.025368499755859375e+01,2.720336532592773438e+01
-9.025446319580078125e+01,2.720270919799804688e+01
-9.025440979003906250e+01,2.720217514038085938e+01
-9.025294494628906250e+01,2.720306205749511719e+01
-9.025383758544921875e+01,2.720180892944335938e+01
-9.025400543212890625e+01,2.720153999328613281e+01
-9.025420379638671875e+01,2.720093917846679688e+01
-9.025379943847656250e+01,2.720385360717773438e+01
-9.025450897216796875e+01,2.720141410827636719e+01
-9.025444030761718750e+01,2.720141410827636719e+01
-9.025406646728515625e+01,2.720214843750000000e+01
-9.025354003906250000e+01,2.720266342163085938e+01
-9.025418090820312500e+01,2.720328330993652344e+01
-9.025357818603515625e+01,2.720384979248046875e+01
-9.025469207763671875e+01,2.720317268371582031e+01
-9.025347137451171875e+01,2.720213699340820312e+01
-9.025408172607421875e+01,2.720131301879882812e+01
-9.025389099121093750e+01,2.720133781433105469e+01
-9.025328826904296875e+01,2.720263099670410156e+01
-9.025334930419921875e+01,2.720375251770019531e+01
-9.025431060791015625e+01,2.720318412780761719e+01
-9.025397491455078125e+01,2.720269203186035156e+01
-9.025393676757812500e+01,2.720153617858886719e+01
-9.025439453125000000e+01,2.720272827148437500e+01
-9.025390625000000000e+01,2.720374679565429688e+01
-9.025434875488281250e+01,2.720206069946289062e+01
-9.025492095947265625e+01,2.720133781433105469e+01
-9.025289916992187500e+01,2.720284080505371094e+01
-9.025418853759765625e+01,2.720201110839843750e+01
-9.025369262695312500e+01,2.720399665832519531e+01
-9.025491333007812500e+01,2.720152473449707031e+01
-9.025302124023437500e+01,2.720253562927246094e+01
-9.025482177734375000e+01,2.720265769958496094e+01
-9.025487518310546875e+01,2.720147514343261719e+01
-9.025460815429687500e+01,2.720134735107421875e+01
-9.025394439697265625e+01,2.720262145996093750e+01
-9.025462341308593750e+01,2.720149803161621094e+01
-9.025440216064453125e+01,2.720163154602050781e+01
-9.025410461425781250e+01,2.720168113708496094e+01
-9.025350189208984375e+01,2.720257377624511719e+01
-9.025432586669921875e+01,2.720298004150390625e+01
-9.025452423095703125e+01,2.720143127441406250e+01
-9.025465393066406250e+01,2.720235824584960938e+01
-9.025407409667968750e+01,2.720126152038574219e+01
-9.025391387939453125e+01,2.720159149169921875e+01
-9.025372314453125000e+01,2.720361900329589844e+01
-9.025399017333984375e+01,2.720328903198242188e+01
-9.025426483154296875e+01,2.720367622375488281e+01
-9.025321197509765625e+01,2.720289802551269531e+01
-9.025463104248046875e+01,2.720280838012695312e+01
-9.025482940673828125e+01,2.720261192321777344e+01
-9.025480651855468750e+01,2.720204544067382812e+01
-9.025345611572265625e+01,2.720282363891601562e+01
-9.025404357910156250e+01,2.720323181152343750e+01
-9.025432586669921875e+01,2.720286560058593750e+01
-9.025408172607421875e+01,2.720255088806152344e+01
-9.025334167480468750e+01,2.720352554321289062e+01
-9.025372314453125000e+01,2.720245933532714844e+01
-9.025383758544921875e+01,2.720244598388671875e+01
-9.025393676757812500e+01,2.720148849487304688e+01
-9.025426483154296875e+01,2.720268249511718750e+01
-9.025311279296875000e+01,2.720372962951660156e+01
-9.025447845458984375e+01,2.720343780517578125e+01
-9.025409698486328125e+01,2.720189094543457031e+01
-9.025334167480468750e+01,2.720219612121582031e+01
-9.025336456298828125e+01,2.720300674438476562e+01
-9.025434112548828125e+01,2.720250320434570312e+01
-9.025443267822265625e+01,2.720205879211425781e+01
-9.025303649902343750e+01,2.720243644714355469e+01
-9.025489044189453125e+01,2.720227050781250000e+01
-9.025358581542968750e+01,2.720268440246582031e+01
-9.025503540039062500e+01,2.720144653320312500e+01
-9.025428009033203125e+01,2.720150756835937500e+01
-9.025474548339843750e+01,2.720302391052246094e+01
-9.025445556640625000e+01,2.720216941833496094e+01
-9.025392150878906250e+01,2.720330619812011719e+01
-9.025344848632812500e+01,2.720291519165039062e+01
-9.025401306152343750e+01,2.720363807678222656e+01
-9.025423431396484375e+01,2.720200538635253906e+01
-9.025360870361328125e+01,2.720227813720703125e+01
-9.025380706787109375e+01,2.720330047607421875e+01
-9.025433349609375000e+01,2.720264053344726562e+01
-9.025479888916015625e+01,2.720206260681152344e+01
-9.025466156005859375e+01,2.720175361633300781e+01
-9.025411224365234375e+01,2.720155143737792969e+01
-9.025315856933593750e+01,2.720337486267089844e+01
-9.025453948974609375e+01,2.720104980468750000e+01
-9.025402069091796875e+01,2.720267677307128906e+01
-9.025424194335937500e+01,2.720272827148437500e+01
-9.025352478027343750e+01,2.720236396789550781e+01
-9.025357055664062500e+01,2.720368766784667969e+01
-9.025315856933593750e+01,2.720280647277832031e+01
-9.025372314453125000e+01,2.720391845703125000e+01
-9.025453186035156250e+01,2.720149040222167969e+01
-9.025418090820312500e+01,2.720192909240722656e+01
-9.025341033935546875e+01,2.720320320129394531e+01
-9.025303649902343750e+01,2.720282936096191406e+01
-9.025404357910156250e+01,2.720277023315429688e+01
-9.025423431396484375e+01,2.720300674438476562e+01
-9.025302124023437500e+01,2.720268058776855469e+01
-9.025389862060546875e+01,2.720295333862304688e+01
-9.025313568115234375e+01,2.720316886901855469e+01
-9.025478363037109375e+01,2.720155715942382812e+01
-9.025389099121093750e+01,2.720232963562011719e+01
-9.025481414794921875e+01,2.720127868652343750e+01
-9.025427246093750000e+01,2.720195960998535156e+01
-9.025447845458984375e+01,2.720241737365722656e+01
-9.025284576416015625e+01,2.720306396484375000e+01
-9.025369262695312500e+01,2.720230674743652344e+01
-9.025442504882812500e+01,2.720344924926757812e+01
-9.025430297851562500e+01,2.720125198364257812e+01
-9.025454711914062500e+01,2.720186614990234375e+01
-9.025359344482421875e+01,2.720254898071289062e+01
-9.025326538085937500e+01,2.720231437683105469e+01
-9.025438690185546875e+01,2.720121192932128906e+01
-9.025439453125000000e+01,2.720313644409179688e+01
-9.025347137451171875e+01,2.720246696472167969e+01
-9.025457000732421875e+01,2.720171928405761719e+01
-9.025447845458984375e+01,2.720146369934082031e+01
-9.025447845458984375e+01,2.720129966735839844e+01
-9.025422668457031250e+01,2.720262718200683594e+01
-9.025376129150390625e+01,2.720270538330078125e+01
-9.025386810302734375e+01,2.720239257812500000e+01
-9.025492858886718750e+01,2.720200729370117188e+01
-9.025389862060546875e+01,2.720263481140136719e+01
-9.025480651855468750e+01,2.720144271850585938e+01
-9.025353240966796875e+01,2.720209884643554688e+01
-9.025338745117187500e+01,2.720364379882812500e+01
-9.025448608398437500e+01,2.720181083679199219e+01
-9.025452423095703125e+01,2.720299911499023438e+01
-9.025386810302734375e+01,2.720171546936035156e+01
-9.025392150878906250e+01,2.720234680175781250e+01
-9.025481414794921875e+01,2.720124244689941406e+01
-9.025475311279296875e+01,2.720138549804687500e+01
-9.025476074218750000e+01,2.720232772827148438e+01
-9.025395202636718750e+01,2.720170021057128906e+01
-9.025419616699218750e+01,2.720273780822753906e+01
-9.025375366210937500e+01,2.720375061035156250e+01
-9.025463104248046875e+01,2.720281219482421875e+01
-9.025342559814453125e+01,2.720207405090332031e+01
-9.025418090820312500e+01,2.720200729370117188e+01
-9.025414276123046875e+01,2.720308685302734375e+01
-9.025463104248046875e+01,2.720285987854003906e+01
-9.025351715087890625e+01,2.720276451110839844e+01
-9.025436401367187500e+01,2.720354843139648438e+01
-9.025373077392578125e+01,2.720312309265136719e+01
-9.025296783447265625e+01,2.720323181152343750e+01
-9.025496673583984375e+01,2.720209503173828125e+01
-9.025439453125000000e+01,2.720287704467773438e+01
-9.025299835205078125e+01,2.720243072509765625e+01
-9.025406646728515625e+01,2.720293045043945312e+01
-9.025481414794921875e+01,2.720201683044433594e+01
-9.025347900390625000e+01,2.720359039306640625e+01
-9.025382995605468750e+01,2.720197296142578125e+01
-9.025419616699218750e+01,2.720126533508300781e+01
-9.025292205810546875e+01,2.720307159423828125e+01
-9.025466918945312500e+01,2.720234107971191406e+01
-9.025389099121093750e+01,2.720269012451171875e+01
-9.025414276123046875e+01,2.720298576354980469e+01
-9.025404357910156250e+01,2.720222473144531250e+01
-9.025404357910156250e+01,2.720361137390136719e+01
-9.025370788574218750e+01,2.720318222045898438e+01
-9.025489807128906250e+01,2.720155334472656250e+01
-9.025403594970703125e+01,2.720381927490234375e+01
-9.025434112548828125e+01,2.720362091064453125e+01
-9.025394439697265625e+01,2.720197296142578125e+01
-9.025383758544921875e+01,2.720215415954589844e+01
-9.025463867187500000e+01,2.720160865783691406e+01
-9.025471496582031250e+01,2.720177268981933594e+01
-9.025340270996093750e+01,2.720270156860351562e+01
-9.025462341308593750e+01,2.720223999023437500e+01
-9.025340270996093750e+01,2.720250892639160156e+01
-9.025456237792968750e+01,2.720160675048828125e+01
-9.025431060791015625e+01,2.720092582702636719e+01
-9.025378417968750000e+01,2.720314025878906250e+01
-9.025378417968750000e+01,2.720248031616210938e+01
-9.025507354736328125e+01,2.720148086547851562e+01
-9.025457763671875000e+01,2.720176696777343750e+01
-9.025473785400390625e+01,2.720296096801757812e+01
-9.025384521484375000e+01,2.720245170593261719e+01
-9.025416564941406250e+01,2.720197868347167969e+01
-9.025419616699218750e+01,2.720342826843261719e+01
-9.025377655029296875e+01,2.720255088806152344e+01
-9.025416564941406250e+01,2.720183181762695312e+01
-9.025290679931640625e+01,2.720325469970703125e+01
-9.025474548339843750e+01,2.720245552062988281e+01
-9.025476074218750000e+01,2.720251464843750000e+01
-9.025467681884765625e+01,2.720278167724609375e+01
-9.025433349609375000e+01,2.720249557495117188e+01
-9.025439453125000000e+01,2.720280838012695312e+01
-9.025415039062500000e+01,2.720384216308593750e+01
-9.025443267822265625e+01,2.720165443420410156e+01
-9.025404357910156250e+01,2.720253181457519531e+01
-9.025370025634765625e+01,2.720208930969238281e+01
-9.025402832031250000e+01,2.720151901245117188e+01
-9.025426483154296875e+01,2.720132637023925781e+01
-9.025311279296875000e+01,2.720278358459472656e+01
-9.025352478027343750e+01,2.720340347290039062e+01
-9.025450134277343750e+01,2.720336151123046875e+01
-9.025374603271484375e+01,2.720198059082031250e+01
-9.025496673583984375e+01,2.720164108276367188e+01
-9.025393676757812500e+01,2.720361709594726562e+01
-9.025517272949218750e+01,2.720183181762695312e+01
-9.025419616699218750e+01,2.720270156860351562e+01
-9.025307464599609375e+01,2.720269393920898438e+01
-9.025399017333984375e+01,2.720192337036132812e+01
-9.025478363037109375e+01,2.720119285583496094e+01
-9.025510406494140625e+01,2.720146369934082031e+01
-9.025499725341796875e+01,2.720163345336914062e+01
-9.025341033935546875e+01,2.720298385620117188e+01
-9.025357818603515625e+01,2.720227432250976562e+01
-9.025497436523437500e+01,2.720202636718750000e+01
-9.025458526611328125e+01,2.720290946960449219e+01
-9.025352478027343750e+01,2.720354080200195312e+01
-9.025425720214843750e+01,2.720163345336914062e+01
-9.025421905517578125e+01,2.720172691345214844e+01
-9.025395965576171875e+01,2.720368003845214844e+01
-9.025373840332031250e+01,2.720234107971191406e+01
-9.025483703613281250e+01,2.720175170898437500e+01
-9.025455474853515625e+01,2.720096015930175781e+01
-9.025341033935546875e+01,2.720242118835449219e+01
-9.025373840332031250e+01,2.720389366149902344e+01
-9.025388336181640625e+01,2.720303153991699219e+01
-9.025322723388671875e+01,2.720299720764160156e+01
-9.025374603271484375e+01,2.720292854309082031e+01
-9.025336456298828125e+01,2.720294380187988281e+01
-9.025466156005859375e+01,2.720339012145996094e+01
-9.025466156005859375e+01,2.720272636413574219e+01
-9.025307464599609375e+01,2.720318603515625000e+01
-9.025407409667968750e+01,2.720349884033203125e+01
-9.025469970703125000e+01,2.720252227783203125e+01
-9.025493621826171875e+01,2.720223236083984375e+01
-9.025447845458984375e+01,2.720305633544921875e+01
-9.025447845458984375e+01,2.720288467407226562e+01
-9.025414276123046875e+01,2.720256042480468750e+01
-9.025474548339843750e+01,2.720276069641113281e+01
-9.025379943847656250e+01,2.720170402526855469e+01
-9.025409698486328125e+01,2.720331954956054688e+01
-9.025396728515625000e+01,2.720250320434570312e+01
-9.025404357910156250e+01,2.720234870910644531e+01
-9.025445556640625000e+01,2.720345878601074219e+01
-9.025342559814453125e+01,2.720284652709960938e+01
-9.025359344482421875e+01,2.720277976989746094e+01
-9.025412750244140625e+01,2.720376586914062500e+01
-9.025317382812500000e+01,2.720296096801757812e+01
-9.025456237792968750e+01,2.720298767089843750e+01
-9.025382232666015625e+01,2.720286178588867188e+01
-9.025387573242187500e+01,2.720380783081054688e+01
-9.025402832031250000e+01,2.720170783996582031e+01
-9.025385284423828125e+01,2.720146369934082031e+01
-9.025315856933593750e+01,2.720251274108886719e+01
-9.025426483154296875e+01,2.720224761962890625e+01
-9.025349426269531250e+01,2.720307540893554688e+01
-9.025509643554687500e+01,2.720169258117675781e+01
-9.025400543212890625e+01,2.720319175720214844e+01
-9.025317382812500000e+01,2.720314598083496094e+01
-9.025409698486328125e+01,2.720197677612304688e+01
-9.025464630126953125e+01,2.720266151428222656e+01
-9.025494384765625000e+01,2.720100212097167969e+01
-9.025325775146484375e+01,2.720294570922851562e+01
-9.025402832031250000e+01,2.720239639282226562e+01
-9.025475311279296875e+01,2.720239639282226562e+01
-9.025328826904296875e+01,2.720215606689453125e+01
-9.025325012207031250e+01,2.720262145996093750e+01
-9.025341033935546875e+01,2.720255470275878906e+01
-9.025389862060546875e+01,2.720178222656250000e+01
-9.025447082519531250e+01,2.720160865783691406e+01
-9.025319671630859375e+01,2.720350074768066406e+01
-9.025370025634765625e+01,2.720368194580078125e+01
-9.025341796875000000e+01,2.720318222045898438e+01
-9.025332641601562500e+01,2.720207977294921875e+01
-9.025390625000000000e+01,2.720213890075683594e+01
-9.025469207763671875e+01,2.720267295837402344e+01
-9.025446319580078125e+01,2.720358276367187500e+01
-9.025472259521484375e+01,2.720278739929199219e+01
-9.025379180908203125e+01,2.720323753356933594e+01
-9.025395965576171875e+01,2.720340728759765625e+01
-9.025487518310546875e+01,2.720241928100585938e+01
-9.025304412841796875e+01,2.720354270935058594e+01
-9.025457000732421875e+01,2.720310020446777344e+01
-9.025467681884765625e+01,2.720292091369628906e+01
-9.025333404541015625e+01,2.720353126525878906e+01
-9.025413513183593750e+01,2.720139312744140625e+01
-9.025415039062500000e+01,2.720328330993652344e+01
-9.025417327880859375e+01,2.720102310180664062e+01
-9.025378417968750000e+01,2.720197868347167969e+01
-9.025435638427734375e+01,2.720234298706054688e+01
-9.025399780273437500e+01,2.720325279235839844e+01
-9.025444030761718750e+01,2.720131111145019531e+01
-9.025369262695312500e+01,2.720238876342773438e+01
-9.025497436523437500e+01,2.720172500610351562e+01
-9.025435638427734375e+01,2.720150947570800781e+01
-9.025337219238281250e+01,2.720294761657714844e+01
-9.025374603271484375e+01,2.720182991027832031e+01
-9.025339508056640625e+01,2.720216369628906250e+01
-9.025440979003906250e+01,2.720168876647949219e+01
-9.025474548339843750e+01,2.720248413085937500e+01
-9.025417327880859375e+01,2.720171356201171875e+01
-9.025469970703125000e+01,2.720306968688964844e+01
-9.025287628173828125e+01,2.720330619812011719e+01
-9.025319671630859375e+01,2.720308876037597656e+01
-9.025440216064453125e+01,2.720121955871582031e+01
-9.025328063964843750e+01,2.720236206054687500e+01
-9.025367736816406250e+01,2.720394897460937500e+01
-9.025447082519531250e+01,2.720153617858886719e+01
-9.025337982177734375e+01,2.720260238647460938e+01
-9.025291442871093750e+01,2.720277595520019531e+01
-9.025518035888671875e+01,2.720146179199218750e+01
-9.025516510009765625e+01,2.720142364501953125e+01
-9.025371551513671875e+01,2.720187568664550781e+01
-9.025506591796875000e+01,2.720140075683593750e+01
-9.025429534912109375e+01,2.720331192016601562e+01
-9.025379943847656250e+01,2.720256042480468750e+01
-9.025396728515625000e+01,2.720255279541015625e+01
-9.025475311279296875e+01,2.720158004760742188e+01
-9.025329589843750000e+01,2.720211601257324219e+01
-9.025306701660156250e+01,2.720301628112792969e+01
-9.025344085693359375e+01,2.720329284667968750e+01
-9.025403594970703125e+01,2.720280265808105469e+01
-9.025453948974609375e+01,2.720127105712890625e+01
-9.025431060791015625e+01,2.720326995849609375e+01
-9.025464630126953125e+01,2.720156288146972656e+01
-9.025417327880859375e+01,2.720241737365722656e+01
-9.025455474853515625e+01,2.720125961303710938e+01
-9.025353240966796875e+01,2.720331001281738281e+01
-9.025450134277343750e+01,2.720277595520019531e+01
-9.025453948974609375e+01,2.720200920104980469e+01
-9.025314331054687500e+01,2.720309066772460938e+01
-9.025421905517578125e+01,2.720347023010253906e+01
-9.025471496582031250e+01,2.720215225219726562e+01
-9.025421142578125000e+01,2.720357322692871094e+01
-9.025417327880859375e+01,2.720205116271972656e+01
-9.025418090820312500e+01,2.720168113708496094e+01
-9.025417327880859375e+01,2.720305633544921875e+01
-9.025321197509765625e+01,2.720344161987304688e+01
-9.025434875488281250e+01,2.720178222656250000e+01
-9.025438690185546875e+01,2.720127296447753906e+01
-9.025423431396484375e+01,2.720304679870605469e+01
-9.025421142578125000e+01,2.720308113098144531e+01
-9.025459289550781250e+01,2.720247650146484375e+01
-9.025397491455078125e+01,2.720309638977050781e+01
-9.025301361083984375e+01,2.720302200317382812e+01
-9.025416564941406250e+01,2.720355415344238281e+01
-9.025477600097656250e+01,2.720136451721191406e+01
-9.025524139404296875e+01,2.720183944702148438e+01
-9.025459289550781250e+01,2.720239639282226562e+01
-9.025457763671875000e+01,2.720168495178222656e+01
-9.025331878662109375e+01,2.720359611511230469e+01
-9.025463104248046875e+01,2.720275115966796875e+01
-9.025457000732421875e+01,2.720280265808105469e+01
-9.025328826904296875e+01,2.720293617248535156e+01
-9.025463867187500000e+01,2.720255661010742188e+01
-9.025492095947265625e+01,2.720218849182128906e+01
-9.025418090820312500e+01,2.720256423950195312e+01
-9.025444030761718750e+01,2.720234870910644531e+01
-9.025327301025390625e+01,2.720257377624511719e+01
-9.025457000732421875e+01,2.720133590698242188e+01
-9.025457763671875000e+01,2.720174217224121094e+01
-9.025430297851562500e+01,2.720278739929199219e+01
-9.025382995605468750e+01,2.720355606079101562e+01
-9.025316619873046875e+01,2.720347785949707031e+01
-9.025435638427734375e+01,2.720370674133300781e+01
-9.025354003906250000e+01,2.720253372192382812e+01
-9.025460815429687500e+01,2.720198059082031250e+01
-9.025447845458984375e+01,2.720125961303710938e+01
-9.025479888916015625e+01,2.720208358764648438e+01
-9.025440979003906250e+01,2.720263862609863281e+01
-9.025315093994140625e+01,2.720281219482421875e+01
-9.025286102294921875e+01,2.720322036743164062e+01
-9.025403594970703125e+01,2.720203971862792969e+01
-9.025506591796875000e+01,2.720153236389160156e+01
-9.025424194335937500e+01,2.720183181762695312e+01
-9.025428009033203125e+01,2.720295715332031250e+01
-9.025389862060546875e+01,2.720153427124023438e+01
-9.025377655029296875e+01,2.720250701904296875e+01
-9.025427246093750000e+01,2.720140075683593750e+01
-9.025424194335937500e+01,2.720091247558593750e+01
-9.025435638427734375e+01,2.720203971862792969e+01
-9.025504302978515625e+01,2.720125961303710938e+01
-9.025362396240234375e+01,2.720377540588378906e+01
-9.025350952148437500e+01,2.720283126831054688e+01
-9.025463104248046875e+01,2.720273780822753906e+01
-9.025440979003906250e+01,2.720174980163574219e+01
-9.025369262695312500e+01,2.720384216308593750e+01
-9.025292968750000000e+01,2.720336151123046875e+01
-9.025363159179687500e+01,2.720273590087890625e+01
-9.025464630126953125e+01,2.720188331604003906e+01
-9.025466918945312500e+01,2.720329856872558594e+01
-9.025463867187500000e+01,2.720326614379882812e+01
-9.025343322753906250e+01,2.720297050476074219e+01
-9.025479125976562500e+01,2.720284461975097656e+01
-9.025388336181640625e+01,2.720362472534179688e+01
-9.025346374511718750e+01,2.720357131958007812e+01
-9.025358581542968750e+01,2.720235061645507812e+01
-9.025323486328125000e+01,2.720324516296386719e+01
-9.025424194335937500e+01,2.720117187500000000e+01
-9.025370788574218750e+01,2.720328903198242188e+01
-9.025497436523437500e+01,2.720171356201171875e+01
-9.025360870361328125e+01,2.720274162292480469e+01
-9.025446319580078125e+01,2.720170402526855469e+01
-9.025425720214843750e+01,2.720278930664062500e+01
-9.025412750244140625e+01,2.720157623291015625e+01
-9.025448608398437500e+01,2.720169639587402344e+01
-9.025492858886718750e+01,2.720157051086425781e+01
-9.025480651855468750e+01,2.720120811462402344e+01
-9.025440216064453125e+01,2.720175361633300781e+01
-9.025429534912109375e+01,2.720108795166015625e+01
-9.025437164306640625e+01,2.720306968688964844e+01
-9.025451660156250000e+01,2.720256614685058594e+01
-9.025457763671875000e+01,2.720266532897949219e+01
-9.025379943847656250e+01,2.720193862915039062e+01
-9.025421142578125000e+01,2.720189094543457031e+01
-9.025298309326171875e+01,2.720313644409179688e+01
-9.025498962402343750e+01,2.720125389099121094e+01
-9.025482177734375000e+01,2.720132637023925781e+01
-9.025423431396484375e+01,2.720121765136718750e+01
-9.025386047363281250e+01,2.720205688476562500e+01
-9.025492858886718750e+01,2.720123672485351562e+01
-9.025312805175781250e+01,2.720352554321289062e+01
-9.025319671630859375e+01,2.720371437072753906e+01
-9.025379180908203125e+01,2.720223999023437500e+01
-9.025289916992187500e+01,2.720333671569824219e+01
-9.025303649902343750e+01,2.720313644409179688e+01
-9.025379180908203125e+01,2.720256042480468750e+01
-9.025455474853515625e+01,2.720227050781250000e+01
-9.025457763671875000e+01,2.720287895202636719e+01
-9.025303649902343750e+01,2.720310974121093750e+01
-9.025440216064453125e+01,2.720293807983398438e+01
-9.025370025634765625e+01,2.720233535766601562e+01
-9.025415039062500000e+01,2.720307922363281250e+01
-9.025443267822265625e+01,2.720310592651367188e+01
-9.025449371337890625e+01,2.720215988159179688e+01
-9.025460815429687500e+01,2.720207214355468750e+01
-9.025432586669921875e+01,2.720118522644042969e+01
-9.025408935546875000e+01,2.720131874084472656e+01
-9.025325012207031250e+01,2.720326805114746094e+01
-9.025399017333984375e+01,2.720305824279785156e+01
-9.025315856933593750e+01,2.720278358459472656e+01
-9.025405883789062500e+01,2.720330429077148438e+01
-9.025296783447265625e+01,2.720275306701660156e+01
-9.025408172607421875e+01,2.720323181152343750e+01
-9.025499725341796875e+01,2.720153617858886719e+01
-9.025311279296875000e+01,2.720367431640625000e+01
-9.025450134277343750e+01,2.720188713073730469e+01
-9.025408935546875000e+01,2.720208358764648438e+01
-9.025499725341796875e+01,2.720145797729492188e+01
-9.025405120849609375e+01,2.720260238647460938e+01
-9.025427246093750000e+01,2.720253944396972656e+01
-9.025299835205078125e+01,2.720345306396484375e+01
-9.025335693359375000e+01,2.720281791687011719e+01
-9.025346374511718750e+01,2.720346450805664062e+01
-9.025484466552734375e+01,2.720184898376464844e+01
-9.025462341308593750e+01,2.720300292968750000e+01
-9.025380706787109375e+01,2.720179939270019531e+01
-9.025283813476562500e+01,2.720315551757812500e+01
-9.025371551513671875e+01,2.720287704467773438e+01
-9.025442504882812500e+01,2.720292663574218750e+01
-9.025436401367187500e+01,2.720119094848632812e+01
-9.025439453125000000e+01,2.720171928405761719e+01
-9.025328063964843750e+01,2.720255661010742188e+01
-9.025512695312500000e+01,2.720146942138671875e+01
-9.025309753417968750e+01,2.720278739929199219e+01
-9.025435638427734375e+01,2.720306777954101562e+01
-9.025478363037109375e+01,2.720296669006347656e+01
-9.025465393066406250e+01,2.720260620117187500e+01
-9.025500488281250000e+01,2.720141029357910156e+01
-9.025428009033203125e+01,2.720206069946289062e+01
-9.025386810302734375e+01,2.720269775390625000e+01
-9.025505065917968750e+01,2.720174026489257812e+01
-9.025406646728515625e+01,2.720192146301269531e+01
-9.025471496582031250e+01,2.720094871520996094e+01
-9.025348663330078125e+01,2.720286941528320312e+01
-9.025436401367187500e+01,2.720141029357910156e+01
-9.025378417968750000e+01,2.720304870605468750e+01
-9.025385284423828125e+01,2.720221519470214844e+01
-9.025313568115234375e+01,2.720258140563964844e+01
-9.025357818603515625e+01,2.720281410217285156e+01
-9.025374603271484375e+01,2.720293807983398438e+01
-9.025440979003906250e+01,2.720150756835937500e+01
-9.025292968750000000e+01,2.720335006713867188e+01
-9.025396728515625000e+01,2.720219039916992188e+01
-9.025384521484375000e+01,2.720278549194335938e+01
-9.025399017333984375e+01,2.720158195495605469e+01
-9.025326538085937500e+01,2.720311164855957031e+01
-9.025421142578125000e+01,2.720287895202636719e+01
-9.025453186035156250e+01,2.720208358764648438e+01
-9.025450134277343750e+01,2.720312881469726562e+01
-9.025389099121093750e+01,2.720369720458984375e+01
-9.025425720214843750e+01,2.720245742797851562e+01
-9.025319671630859375e+01,2.720288276672363281e+01
-9.025334930419921875e+01,2.720243453979492188e+01
-9.025296783447265625e+01,2.720306587219238281e+01
-9.025430297851562500e+01,2.720116996765136719e+01
-9.025398254394531250e+01,2.720241355895996094e+01
-9.025397491455078125e+01,2.720168685913085938e+01
-9.025473785400390625e+01,2.720286178588867188e+01
-9.025480651855468750e+01,2.720174980163574219e+01
-9.025317382812500000e+01,2.720349502563476562e+01
-9.025490570068359375e+01,2.720234107971191406e+01
-9.025389099121093750e+01,2.720364761352539062e+01
-9.025514984130859375e+01,2.720159339904785156e+01
-9.025469970703125000e+01,2.720231056213378906e+01
-9.025433349609375000e+01,2.720293426513671875e+01
-9.025434875488281250e+01,2.720364761352539062e+01
-9.025347900390625000e+01,2.720378112792968750e+01
-9.025443267822265625e+01,2.720246315002441406e+01
-9.025508117675781250e+01,2.720153045654296875e+01
-9.025469970703125000e+01,2.720323371887207031e+01
-9.025408172607421875e+01,2.720275688171386719e+01
-9.025455474853515625e+01,2.720252609252929688e+01
-9.025469970703125000e+01,2.720309829711914062e+01
-9.025321197509765625e+01,2.720371246337890625e+01
-9.025354766845703125e+01,2.720328140258789062e+01
-9.025469970703125000e+01,2.720232391357421875e+01
-9.025479888916015625e+01,2.720207023620605469e+01
-9.025357055664062500e+01,2.720320892333984375e+01
-9.025430297851562500e+01,2.720089721679687500e+01
-9.025356292724609375e+01,2.720178222656250000e+01
-9.025382232666015625e+01,2.720388984680175781e+01
-9.025436401367187500e+01,2.720132064819335938e+01
-9.025402832031250000e+01,2.720132255554199219e+01
-9.025352478027343750e+01,2.720307159423828125e+01
-9.025463867187500000e+01,2.720185279846191406e+01
-9.025509643554687500e+01,2.720173072814941406e+01
-9.025485992431640625e+01,2.720258712768554688e+01
-9.025448608398437500e+01,2.720218276977539062e+01
-9.025446319580078125e+01,2.720320510864257812e+01
-9.025422668457031250e+01,2.720305061340332031e+01
-9.025339508056640625e+01,2.720211219787597656e+01
-9.025476837158203125e+01,2.720237541198730469e+01
-9.025363922119140625e+01,2.720249176025390625e+01
-9.025494384765625000e+01,2.720168876647949219e+01
-9.025393676757812500e+01,2.720207214355468750e+01
-9.025390625000000000e+01,2.720239830017089844e+01
-9.025294494628906250e+01,2.720335960388183594e+01
-9.025436401367187500e+01,2.720298576354980469e+01
-9.025414276123046875e+01,2.720328521728515625e+01
-9.025369262695312500e+01,2.720236206054687500e+01
-9.025478363037109375e+01,2.720184516906738281e+01
-9.025415039062500000e+01,2.720202445983886719e+01
-9.025434112548828125e+01,2.720259475708007812e+01
-9.025315093994140625e+01,2.720252418518066406e+01
-9.025418853759765625e+01,2.720164871215820312e+01
-9.025370788574218750e+01,2.720282173156738281e+01
-9.025367736816406250e+01,2.720221900939941406e+01
-9.025411224365234375e+01,2.720375442504882812e+01
-9.025438690185546875e+01,2.720332145690917969e+01
-9.025418853759765625e+01,2.720341300964355469e+01
-9.025327301025390625e+01,2.720217514038085938e+01
-9.025447845458984375e+01,2.720171928405761719e+01
-9.025448608398437500e+01,2.720335769653320312e+01
-9.025394439697265625e+01,2.720161056518554688e+01
-9.025490570068359375e+01,2.720121955871582031e+01
-9.025436401367187500e+01,2.720175552368164062e+01
-9.025402069091796875e+01,2.720269012451171875e+01
-9.025424957275390625e+01,2.720294189453125000e+01
-9.025441741943359375e+01,2.720114898681640625e+01
-9.025457000732421875e+01,2.720270156860351562e+01
-9.025324249267578125e+01,2.720285224914550781e+01
-9.025397491455078125e+01,2.720301628112792969e+01
-9.025449371337890625e+01,2.720293998718261719e+01
-9.025395202636718750e+01,2.720334434509277344e+01
-9.025468444824218750e+01,2.720215988159179688e+01
-9.025433349609375000e+01,2.720285034179687500e+01
-9.025367736816406250e+01,2.720226669311523438e+01
-9.025481414794921875e+01,2.720105361938476562e+01
-9.025329589843750000e+01,2.720307731628417969e+01
-9.025457000732421875e+01,2.720218467712402344e+01
-9.025464630126953125e+01,2.720097541809082031e+01
-9.025387573242187500e+01,2.720270347595214844e+01
-9.025424194335937500e+01,2.720300865173339844e+01
-9.025341796875000000e+01,2.720327758789062500e+01
-9.025437927246093750e+01,2.720276641845703125e+01
-9.025440979003906250e+01,2.720175552368164062e+01
-9.025518035888671875e+01,2.720181465148925781e+01
-9.025308227539062500e+01,2.720335960388183594e+01
-9.025472259521484375e+01,2.720259857177734375e+01
-9.025394439697265625e+01,2.720335388183593750e+01
-9.025444793701171875e+01,2.720294189453125000e+01
-9.025498962402343750e+01,2.720174789428710938e+01
-9.025347900390625000e+01,2.720236015319824219e+01
-9.025360870361328125e+01,2.720380783081054688e+01
-9.025466156005859375e+01,2.720213508605957031e+01
-9.025309753417968750e+01,2.720247459411621094e+01
-9.025476074218750000e+01,2.720114135742187500e+01
-9.025366973876953125e+01,2.720283889770507812e+01
-9.025454711914062500e+01,2.720210456848144531e+01
-9.025352478027343750e+01,2.720280647277832031e+01
-9.025319671630859375e+01,2.720248222351074219e+01
-9.025339508056640625e+01,2.720338630676269531e+01
-9.025398254394531250e+01,2.720363807678222656e+01
-9.025405120849609375e+01,2.720197486877441406e+01
-9.025486755371093750e+01,2.720228958129882812e+01
-9.025389099121093750e+01,2.720339584350585938e+01
-9.025425720214843750e+01,2.720352172851562500e+01
-9.025332641601562500e+01,2.720256614685058594e+01
-9.025419616699218750e+01,2.720315170288085938e+01
-9.025379943847656250e+01,2.720299720764160156e+01
-9.025298309326171875e+01,2.720315933227539062e+01
-9.025421142578125000e+01,2.720324516296386719e+01
-9.025389099121093750e+01,2.720276260375976562e+01
-9.025433349609375000e+01,2.720261383056640625e+01
-9.025352478027343750e+01,2.720208358764648438e+01
-9.025421142578125000e+01,2.720351600646972656e+01
-9.025363159179687500e+01,2.720261383056640625e+01
-9.025469207763671875e+01,2.720231437683105469e+01
-9.025464630126953125e+01,2.720319175720214844e+01
-9.025397491455078125e+01,2.720138168334960938e+01
-9.025505065917968750e+01,2.720188140869140625e+01
-9.025476074218750000e+01,2.720215797424316406e+01
-9.025440216064453125e+01,2.720177650451660156e+01
-9.025308990478515625e+01,2.720330810546875000e+01
-9.025382995605468750e+01,2.720296669006347656e+01
-9.025443267822265625e+01,2.720135688781738281e+01
-9.025373840332031250e+01,2.720228958129882812e+01
-9.025466156005859375e+01,2.720130538940429688e+01
-9.025324249267578125e+01,2.720269203186035156e+01
-9.025345611572265625e+01,2.720318603515625000e+01
-9.025377655029296875e+01,2.720365333557128906e+01
-9.025392913818359375e+01,2.720141983032226562e+01
-9.025345611572265625e+01,2.720284652709960938e+01
-9.025469970703125000e+01,2.720310974121093750e+01
-9.025427246093750000e+01,2.720111656188964844e+01
-9.025467681884765625e+01,2.720167541503906250e+01
-9.025302886962890625e+01,2.720333671569824219e+01
-9.025449371337890625e+01,2.720285034179687500e+01
-9.025483703613281250e+01,2.720123291015625000e+01
-9.025468444824218750e+01,2.720134162902832031e+01
-9.025480651855468750e+01,2.720209121704101562e+01
-9.025375366210937500e+01,2.720353698730468750e+01
-9.025293731689453125e+01,2.720311927795410156e+01
-9.025364685058593750e+01,2.720280838012695312e+01
-9.025479125976562500e+01,2.720123672485351562e+01
-9.025460815429687500e+01,2.720278739929199219e+01
-9.025415802001953125e+01,2.720119476318359375e+01
-9.025330352783203125e+01,2.720364189147949219e+01
-9.025381469726562500e+01,2.720331382751464844e+01
-9.025508117675781250e+01,2.720181274414062500e+01
-9.025490570068359375e+01,2.720220184326171875e+01
-9.025377655029296875e+01,2.720182991027832031e+01
-9.025313568115234375e+01,2.720245933532714844e+01
-9.025478363037109375e+01,2.720110511779785156e+01
-9.025397491455078125e+01,2.720182609558105469e+01
-9.025388336181640625e+01,2.720367240905761719e+01
-9.025308227539062500e+01,2.720252609252929688e+01
-9.025417327880859375e+01,2.720237731933593750e+01
-9.025324249267578125e+01,2.720275688171386719e+01
-9.025467681884765625e+01,2.720139122009277344e+01
-9.025466918945312500e+01,2.720179557800292969e+01
-9.025335693359375000e+01,2.720301437377929688e+01
-9.025458526611328125e+01,2.720182418823242188e+01
-9.025390625000000000e+01,2.720374488830566406e+01
-9.025376892089843750e+01,2.720281219482421875e+01
-9.025375366210937500e+01,2.720302963256835938e+01
-9.025379180908203125e+01,2.720274353027343750e+01
-9.025449371337890625e+01,2.720187377929687500e+01
-9.025457763671875000e+01,2.720284843444824219e+01
-9.025423431396484375e+01,2.720380210876464844e+01
-9.025323486328125000e+01,2.720358085632324219e+01
-9.025357818603515625e+01,2.720228576660156250e+01
-9.025460052490234375e+01,2.720200538635253906e+01
-9.025475311279296875e+01,2.720289230346679688e+01
-9.025437927246093750e+01,2.720180511474609375e+01
-9.025431823730468750e+01,2.720308494567871094e+01
-9.025389099121093750e+01,2.720278739929199219e+01
-9.025392150878906250e+01,2.720168304443359375e+01
-9.025401306152343750e+01,2.720351028442382812e+01
-9.025341033935546875e+01,2.720333099365234375e+01
-9.025331115722656250e+01,2.720261001586914062e+01
-9.025369262695312500e+01,2.720236015319824219e+01
-9.025422668457031250e+01,2.720383453369140625e+01
-9.025477600097656250e+01,2.720110511779785156e+01
-9.025482940673828125e+01,2.720215606689453125e+01
-9.025422668457031250e+01,2.720327568054199219e+01
-9.025346374511718750e+01,2.720383644104003906e+01
-9.025376129150390625e+01,2.720367622375488281e+01
-9.025424957275390625e+01,2.720357131958007812e+01
-9.025405120849609375e+01,2.720377349853515625e+01
-9.025469207763671875e+01,2.720299148559570312e+01
-9.025436401367187500e+01,2.720334815979003906e+01
-9.025382995605468750e+01,2.720277214050292969e+01
-9.025331878662109375e+01,2.720371627807617188e+01
-9.025448608398437500e+01,2.720106315612792969e+01
-9.025350952148437500e+01,2.720364761352539062e+01
-9.025404357910156250e+01,2.720196342468261719e+01
-9.025318908691406250e+01,2.720255279541015625e+01
-9.025357055664062500e+01,2.720392036437988281e+01
-9.025513458251953125e+01,2.720171356201171875e+01
-9.025392150878906250e+01,2.720139312744140625e+01
-9.025319671630859375e+01,2.720299148559570312e+01
-9.025500488281250000e+01,2.720194435119628906e+01
-9.025466918945312500e+01,2.720197105407714844e+01
-9.025479888916015625e+01,2.720191001892089844e+01
-9.025411987304687500e+01,2.720160865783691406e+01
-9.025447845458984375e+01,2.720211410522460938e+01
-9.025299072265625000e+01,2.720291709899902344e+01
-9.025457000732421875e+01,2.720234489440917969e+01
-9.025327301025390625e+01,2.720326232910156250e+01
-9.025456237792968750e+01,2.720158576965332031e+01
-9.025449371337890625e+01,2.720332908630371094e+01
-9.025349426269531250e+01,2.720254135131835938e+01
-9.025367736816406250e+01,2.720173835754394531e+01
-9.025332641601562500e+01,2.720342445373535156e+01
-9.025518798828125000e+01,2.720139884948730469e+01
-9.025453186035156250e+01,2.720156669616699219e+01
-9.025363159179687500e+01,2.720226097106933594e+01
-9.025419616699218750e+01,2.720322036743164062e+01
-9.025498962402343750e+01,2.720184516906738281e+01
-9.025439453125000000e+01,2.720261955261230469e+01
-9.025473022460937500e+01,2.720158958435058594e+01
-9.025415802001953125e+01,2.720295715332031250e+01
-9.025305938720703125e+01,2.720322036743164062e+01
-9.025357818603515625e+01,2.720214271545410156e+01
-9.025305175781250000e+01,2.720273971557617188e+01
-9.025394439697265625e+01,2.720377922058105469e+01
-9.025445556640625000e+01,2.720264053344726562e+01
-9.025439453125000000e+01,2.720139694213867188e+01
-9.025339508056640625e+01,2.720291519165039062e+01
-9.025327301025390625e+01,2.720362281799316406e+01
-9.025479125976562500e+01,2.720243835449218750e+01
-9.025447845458984375e+01,2.720329856872558594e+01
-9.025364685058593750e+01,2.720263290405273438e+01
-9.025386047363281250e+01,2.720154953002929688e+01
-9.025503540039062500e+01,2.720128250122070312e+01
-9.025412750244140625e+01,2.720157051086425781e+01
-9.025327301025390625e+01,2.720269584655761719e+01
-9.025430297851562500e+01,2.720139312744140625e+01
-9.025386810302734375e+01,2.720225334167480469e+01
-9.025360870361328125e+01,2.720318412780761719e+01
-9.025467681884765625e+01,2.720143890380859375e+01
-9.025392913818359375e+01,2.720337677001953125e+01
-9.025460052490234375e+01,2.720313262939453125e+01
-9.025448608398437500e+01,2.720171737670898438e+01
-9.025395965576171875e+01,2.720199775695800781e+01
-9.025469207763671875e+01,2.720329093933105469e+01
-9.025450134277343750e+01,2.720278930664062500e+01
-9.025501251220703125e+01,2.720201873779296875e+01
-9.025489807128906250e+01,2.720156288146972656e+01
-9.025477600097656250e+01,2.720212364196777344e+01
-9.025351715087890625e+01,2.720338058471679688e+01
-9.025415802001953125e+01,2.720332717895507812e+01
-9.025398254394531250e+01,2.720208549499511719e+01
-9.025455474853515625e+01,2.720212364196777344e+01
-9.025424957275390625e+01,2.720168113708496094e+01
-9.025421142578125000e+01,2.720275115966796875e+01
-9.025402069091796875e+01,2.720172500610351562e+01
-9.025485229492187500e+01,2.720261764526367188e+01
-9.025441741943359375e+01,2.720164489746093750e+01
-9.025317382812500000e+01,2.720293807983398438e+01
-9.025466918945312500e+01,2.720097732543945312e+01
-9.025294494628906250e+01,2.720315170288085938e+01
-9.025325012207031250e+01,2.720314598083496094e+01
-9.025514221191406250e+01,2.720136642456054688e+01
-9.025511932373046875e+01,2.720157241821289062e+01
-9.025375366210937500e+01,2.720349502563476562e+01
-9.025365447998046875e+01,2.720344734191894531e+01
-9.025440216064453125e+01,2.720329856872558594e+01
-9.025466156005859375e+01,2.720158576965332031e+01
-9.025469207763671875e+01,2.720258903503417969e+01
-9.025411987304687500e+01,2.720164299011230469e+01
-9.025307464599609375e+01,2.720319366455078125e+01
-9.025465393066406250e+01,2.720148468017578125e+01
-9.025461578369140625e+01,2.720145416259765625e+01
-9.025344848632812500e+01,2.720244598388671875e+01
-9.025417327880859375e+01,2.720274734497070312e+01
-9.025411987304687500e+01,2.720215034484863281e+01
-9.025427246093750000e+01,2.720310401916503906e+01
-9.025483703613281250e+01,2.720273208618164062e+01
-9.025410461425781250e+01,2.720211982727050781e+01
-9.025435638427734375e+01,2.720121765136718750e+01
-9.025408172607421875e+01,2.720210838317871094e+01
-9.025363922119140625e+01,2.720358467102050781e+01
-9.025459289550781250e+01,2.720099449157714844e+01
-9.025315856933593750e+01,2.720309638977050781e+01
-9.025498199462890625e+01,2.720191001892089844e+01
-9.025404357910156250e+01,2.720231628417968750e+01
-9.025465393066406250e+01,2.720252990722656250e+01
-9.025391387939453125e+01,2.720246887207031250e+01
-9.025437164306640625e+01,2.720144271850585938e+01
-9.025356292724609375e+01,2.720339393615722656e+01
-9.025457000732421875e+01,2.720215797424316406e+01
-9.025469207763671875e+01,2.720236015319824219e+01
-9.025467681884765625e+01,2.720237350463867188e+01
-9.025334167480468750e+01,2.720323181152343750e+01
-9.025508880615234375e+01,2.720175552368164062e+01
-9.025421142578125000e+01,2.720219802856445312e+01
-9.025436401367187500e+01,2.720090484619140625e+01
-9.025392150878906250e+01,2.720149993896484375e+01
-9.025322723388671875e+01,2.720360565185546875e+01
-9.025347900390625000e+01,2.720287895202636719e+01
-9.025395965576171875e+01,2.720247840881347656e+01
-9.025506591796875000e+01,2.720147895812988281e+01
-9.025417327880859375e+01,2.720219802856445312e+01
-9.025453186035156250e+01,2.720156669616699219e+01
-9.025414276123046875e+01,2.720170021057128906e+01
-9.025299072265625000e+01,2.720296096801757812e+01
-9.025420379638671875e+01,2.720151901245117188e+01
-9.025415802001953125e+01,2.720171356201171875e+01
-9.025360107421875000e+01,2.720359992980957031e+01
-9.025378417968750000e+01,2.720323371887207031e+01
-9.025455474853515625e+01,2.720232200622558594e+01
-9.025464630126953125e+01,2.720301437377929688e+01
-9.025350952148437500e+01,2.720209503173828125e+01
-9.025418853759765625e+01,2.720206451416015625e+01
-9.025498962402343750e+01,2.720176696777343750e+01
-9.025327301025390625e+01,2.720214271545410156e+01
-9.025425720214843750e+01,2.720346069335937500e+01
-9.025454711914062500e+01,2.720164489746093750e+01
-9.025479125976562500e+01,2.720159339904785156e+01
-9.025416564941406250e+01,2.720166587829589844e+01
-9.025382995605468750e+01,2.720258903503417969e+01
-9.025415802001953125e+01,2.720352935791015625e+01
-9.025377655029296875e+01,2.720168685913085938e+01
-9.025399780273437500e+01,2.720141410827636719e+01
-9.025369262695312500e+01,2.720388603210449219e+01
-9.025369262695312500e+01,2.720203018188476562e+01
-9.025354766845703125e+01,2.720232772827148438e+01
-9.025337982177734375e+01,2.720214080810546875e+01
-9.025342559814453125e+01,2.720257759094238281e+01
-9.025360107421875000e+01,2.720360374450683594e+01
-9.025426483154296875e+01,2.720093345642089844e+01
-9.025387573242187500e+01,2.720293807983398438e+01
-9.025357055664062500e+01,2.720346450805664062e+01
-9.025473022460937500e+01,2.720298385620117188e+01
-9.025414276123046875e+01,2.720331573486328125e+01
-9.025370788574218750e+01,2.720339202880859375e+01
-9.025458526611328125e+01,2.720123481750488281e+01
-9.025410461425781250e+01,2.720309638977050781e+01
-9.025358581542968750e+01,2.720262336730957031e+01
-9.025425720214843750e+01,2.720229148864746094e+01
-9.025394439697265625e+01,2.720181083679199219e+01
-9.025473785400390625e+01,2.720100212097167969e+01
-9.025334930419921875e+01,2.720327568054199219e+01
-9.025299835205078125e+01,2.720321273803710938e+01
-9.025386810302734375e+01,2.720341682434082031e+01
-9.025450134277343750e+01,2.720231819152832031e+01
-9.025466918945312500e+01,2.720289421081542969e+01
-9.025296783447265625e+01,2.720295143127441406e+01
-9.025347137451171875e+01,2.720278549194335938e+01
-9.025343322753906250e+01,2.720299339294433594e+01
-9.025444030761718750e+01,2.720140075683593750e+01
-9.025422668457031250e+01,2.720333862304687500e+01
-9.025430297851562500e+01,2.720324897766113281e+01
-9.025427246093750000e+01,2.720180130004882812e+01
-9.025360107421875000e+01,2.720330810546875000e+01
-9.025411224365234375e+01,2.720203018188476562e+01
-9.025305175781250000e+01,2.720309066772460938e+01
-9.025396728515625000e+01,2.720279884338378906e+01
-9.025455474853515625e+01,2.720138168334960938e+01
-9.025423431396484375e+01,2.720314979553222656e+01
-9.025315093994140625e+01,2.720255279541015625e+01
-9.025313568115234375e+01,2.720368385314941406e+01
-9.025318908691406250e+01,2.720284843444824219e+01
-9.025403594970703125e+01,2.720205879211425781e+01
-9.025331115722656250e+01,2.720289039611816406e+01
-9.025450134277343750e+01,2.720239448547363281e+01
-9.025393676757812500e+01,2.720357513427734375e+01
-9.025411224365234375e+01,2.720228385925292969e+01
-9.025454711914062500e+01,2.720276832580566406e+01
-9.025416564941406250e+01,2.720284461975097656e+01
-9.025421905517578125e+01,2.720200920104980469e+01
-9.025430297851562500e+01,2.720242881774902344e+01
-9.025337219238281250e+01,2.720212745666503906e+01
-9.025305938720703125e+01,2.720291328430175781e+01
-9.025422668457031250e+01,2.720273971557617188e+01
-9.025367736816406250e+01,2.720273971557617188e+01
-9.025445556640625000e+01,2.720166587829589844e+01
-9.025428009033203125e+01,2.720176887512207031e+01
-9.025457000732421875e+01,2.720129013061523438e+01
-9.025413513183593750e+01,2.720155525207519531e+01
-9.025371551513671875e+01,2.720341491699218750e+01
-9.025505065917968750e+01,2.720123672485351562e+01
-9.025475311279296875e+01,2.720137596130371094e+01
-9.025399017333984375e+01,2.720195770263671875e+01
-9.025451660156250000e+01,2.720107269287109375e+01
-9.025383758544921875e+01,2.720166778564453125e+01
-9.025380706787109375e+01,2.720224571228027344e+01
-9.025413513183593750e+01,2.720138931274414062e+01
-9.025405120849609375e+01,2.720296096801757812e+01
-9.025354003906250000e+01,2.720322990417480469e+01
-9.025433349609375000e+01,2.720226860046386719e+01
-9.025411987304687500e+01,2.720164871215820312e+01
-9.025328826904296875e+01,2.720291900634765625e+01
-9.025334930419921875e+01,2.720315551757812500e+01
-9.025481414794921875e+01,2.720240020751953125e+01
-9.025463867187500000e+01,2.720123100280761719e+01
-9.025338745117187500e+01,2.720275878906250000e+01
-9.025410461425781250e+01,2.720359802246093750e+01
-9.025461578369140625e+01,2.720304489135742188e+01
-9.025323486328125000e+01,2.720282173156738281e+01
-9.025303649902343750e+01,2.720262908935546875e+01
-9.025524902343750000e+01,2.720181846618652344e+01
-9.025461578369140625e+01,2.720205879211425781e+01
-9.025334167480468750e+01,2.720351219177246094e+01
-9.025385284423828125e+01,2.720260238647460938e+01
-9.025348663330078125e+01,2.720213890075683594e+01
-9.025349426269531250e+01,2.720246887207031250e+01
-9.025482940673828125e+01,2.720239257812500000e+01
-9.025377655029296875e+01,2.720297813415527344e+01
-9.025514221191406250e+01,2.720181274414062500e+01
-9.025369262695312500e+01,2.720220375061035156e+01
-9.025479125976562500e+01,2.720148849487304688e+01
-9.025488281250000000e+01,2.720224952697753906e+01
-9.025428771972656250e+01,2.720287132263183594e+01
-9.025344085693359375e+01,2.720217704772949219e+01
-9.025359344482421875e+01,2.720215988159179688e+01
-9.025442504882812500e+01,2.720167922973632812e+01
-9.025424194335937500e+01,2.720113372802734375e+01
-9.025320434570312500e+01,2.720377159118652344e+01
-9.025420379638671875e+01,2.720193290710449219e+01
-9.025470733642578125e+01,2.720289993286132812e+01
-9.025407409667968750e+01,2.720344352722167969e+01
-9.025385284423828125e+01,2.720309829711914062e+01
-9.025360870361328125e+01,2.720263671875000000e+01
-9.025405120849609375e+01,2.720378684997558594e+01
-9.025370788574218750e+01,2.720319175720214844e+01
-9.025377655029296875e+01,2.720360374450683594e+01
-9.025339508056640625e+01,2.720348739624023438e+01
-9.025307464599609375e+01,2.720314407348632812e+01
-9.025350952148437500e+01,2.720252799987792969e+01
-9.025321960449218750e+01,2.720304489135742188e+01
-9.025363159179687500e+01,2.720314598083496094e+01
-9.025357055664062500e+01,2.720289230346679688e+01
-9.025389099121093750e+01,2.720164871215820312e+01
-9.025463104248046875e+01,2.720177459716796875e+01
-9.025443267822265625e+01,2.720147132873535156e+01
-9.025481414794921875e+01,2.720213127136230469e+01
-9.025459289550781250e+01,2.720164108276367188e+01
-9.025357818603515625e+01,2.720371055603027344e+01
-9.025347137451171875e+01,2.720212554931640625e+01
-9.025424957275390625e+01,2.720200729370117188e+01
-9.025412750244140625e+01,2.720382118225097656e+01
-9.025324249267578125e+01,2.720234870910644531e+01
-9.025440216064453125e+01,2.720117187500000000e+01
-9.025366210937500000e+01,2.720334053039550781e+01
-9.025434875488281250e+01,2.720152282714843750e+01
-9.025376129150390625e+01,2.720361137390136719e+01
-9.025440216064453125e+01,2.720319747924804688e+01
-9.025496673583984375e+01,2.720201683044433594e+01
-9.025350189208984375e+01,2.720213127136230469e+01
-9.025457763671875000e+01,2.720251846313476562e+01
-9.025324249267578125e+01,2.720239830017089844e+01
-9.025387573242187500e+01,2.720255470275878906e+01
-9.025437164306640625e+01,2.720194053649902344e+01
-9.025345611572265625e+01,2.720220375061035156e+01
-9.025411987304687500e+01,2.720159721374511719e+01
-9.025329589843750000e+01,2.720252799987792969e+01
-9.025409698486328125e+01,2.720379066467285156e+01
-9.025476837158203125e+01,2.720180320739746094e+01
-9.025363159179687500e+01,2.720212364196777344e+01
-9.025360870361328125e+01,2.720189476013183594e+01
-9.025340270996093750e+01,2.720214653015136719e+01
-9.025308227539062500e+01,2.720289611816406250e+01
-9.025361633300781250e+01,2.720369338989257812e+01
-9.025492858886718750e+01,2.720117950439453125e+01
-9.025483703613281250e+01,2.720232200622558594e+01
-9.025369262695312500e+01,2.720226860046386719e+01
-9.025289154052734375e+01,2.720287322998046875e+01
-9.025479125976562500e+01,2.720278739929199219e+01
-9.025405120849609375e+01,2.720338439941406250e+01
-9.025398254394531250e+01,2.720270156860351562e+01
-9.025466156005859375e+01,2.720203590393066406e+01
-9.025461578369140625e+01,2.720276451110839844e+01
-9.025411987304687500e+01,2.720331192016601562e+01
-9.025404357910156250e+01,2.720361900329589844e+01
-9.025395202636718750e+01,2.720301628112792969e+01
-9.025445556640625000e+01,2.720352172851562500e+01
-9.025463104248046875e+01,2.720242500305175781e+01
-9.025468444824218750e+01,2.720215797424316406e+01
-9.025490570068359375e+01,2.720141792297363281e+01
-9.025381469726562500e+01,2.720355987548828125e+01
-9.025339508056640625e+01,2.720242500305175781e+01
-9.025363159179687500e+01,2.720393753051757812e+01
-9.025505065917968750e+01,2.720166969299316406e+01
-9.025449371337890625e+01,2.720214843750000000e+01
-9.025499725341796875e+01,2.720138931274414062e+01
-9.025415039062500000e+01,2.720273590087890625e+01
-9.025489807128906250e+01,2.720188903808593750e+01
-9.025352478027343750e+01,2.720305442810058594e+01
-9.025346374511718750e+01,2.720237350463867188e+01
-9.025479888916015625e+01,2.720121955871582031e+01
-9.025343322753906250e+01,2.720227813720703125e+01
-9.025457763671875000e+01,2.720287132263183594e+01
-9.025392913818359375e+01,2.720182800292968750e+01
-9.025305938720703125e+01,2.720337486267089844e+01
-9.025476837158203125e+01,2.720172119140625000e+01
-9.025450134277343750e+01,2.720226669311523438e+01
-9.025424194335937500e+01,2.720243072509765625e+01
-9.025404357910156250e+01,2.720329475402832031e+01
-9.025473785400390625e+01,2.720203590393066406e+01
-9.025413513183593750e+01,2.720230674743652344e+01
-9.025302124023437500e+01,2.720251846313476562e+01
-9.025378417968750000e+01,2.720263099670410156e+01
-9.025425720214843750e+01,2.720151329040527344e+01
-9.025351715087890625e+01,2.720264816284179688e+01
-9.025408935546875000e+01,2.720234680175781250e+01
-9.025455474853515625e+01,2.720147323608398438e+01
-9.025427246093750000e+01,2.720218849182128906e+01
-9.025494384765625000e+01,2.720136642456054688e+01
-9.025326538085937500e+01,2.720283508300781250e+01
-9.025326538085937500e+01,2.720270156860351562e+01
-9.025450134277343750e+01,2.720185661315917969e+01
-9.025409698486328125e+01,2.720154953002929688e+01
-9.025410461425781250e+01,2.720163917541503906e+01
-9.025436401367187500e+01,2.720339202880859375e+01
-9.025373077392578125e+01,2.720372200012207031e+01
-9.025422668457031250e+01,2.720365524291992188e+01
-9.025381469726562500e+01,2.720175933837890625e+01
-9.025514221191406250e+01,2.720143127441406250e+01
-9.025476074218750000e+01,2.720171928405761719e+01
-9.025466156005859375e+01,2.720270538330078125e+01
-9.025397491455078125e+01,2.720283508300781250e+01
-9.025469207763671875e+01,2.720331573486328125e+01
-9.025467681884765625e+01,2.720186805725097656e+01
-9.025424957275390625e+01,2.720107460021972656e+01
-9.025427246093750000e+01,2.720272636413574219e+01
-9.025330352783203125e+01,2.720326042175292969e+01
-9.025456237792968750e+01,2.720251464843750000e+01
-9.025418853759765625e+01,2.720344161987304688e+01
-9.025494384765625000e+01,2.720133209228515625e+01
-9.025422668457031250e+01,2.720339393615722656e+01
-9.025414276123046875e+01,2.720188331604003906e+01
-9.025340270996093750e+01,2.720217895507812500e+01
-9.025503540039062500e+01,2.720117950439453125e+01
-9.025323486328125000e+01,2.720289421081542969e+01
-9.025429534912109375e+01,2.720262336730957031e+01
-9.025389099121093750e+01,2.720176124572753906e+01
-9.025343322753906250e+01,2.720350074768066406e+01
-9.025443267822265625e+01,2.720325088500976562e+01
-9.025470733642578125e+01,2.720122718811035156e+01
-9.025466156005859375e+01,2.720301055908203125e+01
-9.025357055664062500e+01,2.720390892028808594e+01
-9.025396728515625000e+01,2.720250511169433594e+01
-9.025442504882812500e+01,2.720149612426757812e+01
-9.025302124023437500e+01,2.720270347595214844e+01
-9.025463867187500000e+01,2.720114707946777344e+01
-9.025359344482421875e+01,2.720306587219238281e+01
-9.025289154052734375e+01,2.720286369323730469e+01
-9.025457763671875000e+01,2.720146369934082031e+01
-9.025453948974609375e+01,2.720256423950195312e+01
-9.025342559814453125e+01,2.720217132568359375e+01
-9.025460052490234375e+01,2.720186996459960938e+01
-9.025370025634765625e+01,2.720251655578613281e+01
-9.025409698486328125e+01,2.720211601257324219e+01
-9.025288391113281250e+01,2.720323562622070312e+01
-9.025485992431640625e+01,2.720258140563964844e+01
-9.025379943847656250e+01,2.720201110839843750e+01
-9.025466156005859375e+01,2.720285987854003906e+01
-9.025383758544921875e+01,2.720363426208496094e+01
-9.025302886962890625e+01,2.720291328430175781e+01
-9.025403594970703125e+01,2.720149803161621094e+01
-9.025418090820312500e+01,2.720324897766113281e+01
-9.025418853759765625e+01,2.720308685302734375e+01
-9.025386810302734375e+01,2.720284271240234375e+01
-9.025445556640625000e+01,2.720179939270019531e+01
-9.025486755371093750e+01,2.720188713073730469e+01
-9.025305175781250000e+01,2.720332908630371094e+01
-9.025453948974609375e+01,2.720137596130371094e+01
-9.025350952148437500e+01,2.720261001586914062e+01
-9.025511169433593750e+01,2.720162200927734375e+01
-9.025425720214843750e+01,2.720165252685546875e+01
-9.025450134277343750e+01,2.720107650756835938e+01
-9.025437927246093750e+01,2.720165824890136719e+01
-9.025398254394531250e+01,2.720295333862304688e+01
-9.025445556640625000e+01,2.720192527770996094e+01
-9.025432586669921875e+01,2.720332717895507812e+01
-9.025302124023437500e+01,2.720302391052246094e+01
-9.025356292724609375e+01,2.720296478271484375e+01
-9.025389099121093750e+01,2.720208740234375000e+01
-9.025440216064453125e+01,2.720235633850097656e+01
-9.025456237792968750e+01,2.720298576354980469e+01
-9.025424957275390625e+01,2.720223045349121094e+01
-9.025367736816406250e+01,2.720288467407226562e+01
-9.025430297851562500e+01,2.720287322998046875e+01
-9.025484466552734375e+01,2.720184898376464844e+01
-9.025473785400390625e+01,2.720178413391113281e+01
-9.025321960449218750e+01,2.720277595520019531e+01
-9.025427246093750000e+01,2.720356750488281250e+01
-9.025485992431640625e+01,2.720115089416503906e+01
-9.025423431396484375e+01,2.720364379882812500e+01
-9.025398254394531250e+01,2.720325279235839844e+01
-9.025415039062500000e+01,2.720359039306640625e+01
-9.025322723388671875e+01,2.720329475402832031e+01
-9.025304412841796875e+01,2.720268440246582031e+01
-9.025383758544921875e+01,2.720337295532226562e+01
-9.025308990478515625e+01,2.720279312133789062e+01
-9.025337219238281250e+01,2.720313262939453125e+01
-9.025523376464843750e+01,2.720171165466308594e+01
-9.025484466552734375e+01,2.720242691040039062e+01
-9.025500488281250000e+01,2.720209884643554688e+01
-9.025409698486328125e+01,2.720351409912109375e+01
-9.025460815429687500e+01,2.720178985595703125e+01
-9.025404357910156250e+01,2.720141029357910156e+01
-9.025431823730468750e+01,2.720203399658203125e+01
-9.025366210937500000e+01,2.720270729064941406e+01
-9.025449371337890625e+01,2.720330619812011719e+01
-9.025441741943359375e+01,2.720301628112792969e+01
-9.025304412841796875e+01,2.720307350158691406e+01
-9.025457763671875000e+01,2.720299720764160156e+01
-9.025321197509765625e+01,2.720235252380371094e+01
-9.025510406494140625e+01,2.720145797729492188e+01
-9.025433349609375000e+01,2.720199584960937500e+01
-9.025334167480468750e+01,2.720330047607421875e+01
-9.025316619873046875e+01,2.720346641540527344e+01
-9.025340270996093750e+01,2.720281219482421875e+01
-9.025462341308593750e+01,2.720308113098144531e+01
-9.025331878662109375e+01,2.720238113403320312e+01
-9.025444030761718750e+01,2.720329093933105469e+01
-9.025341796875000000e+01,2.720333099365234375e+01
-9.025450134277343750e+01,2.720288276672363281e+01
-9.025458526611328125e+01,2.720289611816406250e+01
-9.025444030761718750e+01,2.720238113403320312e+01
-9.025318908691406250e+01,2.720297813415527344e+01
-9.025350189208984375e+01,2.720229911804199219e+01
-9.025335693359375000e+01,2.720327949523925781e+01
-9.025428771972656250e+01,2.720202255249023438e+01
-9.025422668457031250e+01,2.720370101928710938e+01
-9.025435638427734375e+01,2.720095252990722656e+01
-9.025489807128906250e+01,2.720118331909179688e+01
-9.025351715087890625e+01,2.720355415344238281e+01
-9.025314331054687500e+01,2.720277976989746094e+01
-9.025461578369140625e+01,2.720274543762207031e+01
-9.025467681884765625e+01,2.720322799682617188e+01
-9.025388336181640625e+01,2.720199966430664062e+01
-9.025364685058593750e+01,2.720230674743652344e+01
-9.025447845458984375e+01,2.720145225524902344e+01
-9.025402069091796875e+01,2.720225715637207031e+01
-9.025348663330078125e+01,2.720283317565917969e+01
-9.025376129150390625e+01,2.720322608947753906e+01
-9.025485229492187500e+01,2.720098114013671875e+01
-9.025333404541015625e+01,2.720332908630371094e+01
-9.025450897216796875e+01,2.720258140563964844e+01
-9.025396728515625000e+01,2.720329475402832031e+01
-9.025518035888671875e+01,2.720139312744140625e+01
-9.025429534912109375e+01,2.720179939270019531e+01
-9.025371551513671875e+01,2.720261955261230469e+01
-9.025430297851562500e+01,2.720358657836914062e+01
-9.025391387939453125e+01,2.720279312133789062e+01
-9.025397491455078125e+01,2.720348930358886719e+01
-9.025473022460937500e+01,2.720288085937500000e+01
-9.025388336181640625e+01,2.720162010192871094e+01
-9.025466918945312500e+01,2.720205879211425781e+01
-9.025426483154296875e+01,2.720152282714843750e+01
-9.025466918945312500e+01,2.720102882385253906e+01
-9.025434875488281250e+01,2.720105743408203125e+01
-9.025461578369140625e+01,2.720334625244140625e+01
-9.025428771972656250e+01,2.720245170593261719e+01
-9.025296020507812500e+01,2.720322036743164062e+01
-9.025402069091796875e+01,2.720318794250488281e+01
-9.025421905517578125e+01,2.720332717895507812e+01
-9.025336456298828125e+01,2.720332908630371094e+01
-9.025381469726562500e+01,2.720274734497070312e+01
-9.025410461425781250e+01,2.720357704162597656e+01
-9.025357818603515625e+01,2.720351219177246094e+01
-9.025476837158203125e+01,2.720158195495605469e+01
-9.025320434570312500e+01,2.720305252075195312e+01
-9.025367736816406250e+01,2.720394515991210938e+01
-9.025291442871093750e+01,2.720314025878906250e+01
-9.025331878662109375e+01,2.720337867736816406e+01
-9.025456237792968750e+01,2.720261955261230469e+01
-9.025415802001953125e+01,2.720244598388671875e+01
-9.025395202636718750e+01,2.720168876647949219e+01
-9.025399017333984375e+01,2.720241928100585938e+01
-9.025433349609375000e+01,2.720221710205078125e+01
-9.025516510009765625e+01,2.720172119140625000e+01
-9.025382232666015625e+01,2.720236206054687500e+01
-9.025288391113281250e+01,2.720301628112792969e+01
-9.025457000732421875e+01,2.720197105407714844e+01
-9.025385284423828125e+01,2.720320892333984375e+01
-9.025410461425781250e+01,2.720343589782714844e+01
-9.025314331054687500e+01,2.720316123962402344e+01
-9.025496673583984375e+01,2.720158004760742188e+01
-9.025409698486328125e+01,2.720291709899902344e+01
-9.025498962402343750e+01,2.720168876647949219e+01
-9.025329589843750000e+01,2.720215415954589844e+01
-9.025398254394531250e+01,2.720307731628417969e+01
-9.025381469726562500e+01,2.720384597778320312e+01
-9.025402832031250000e+01,2.720228004455566406e+01
-9.025355529785156250e+01,2.720282745361328125e+01
