longitude,latitude
-8.996714019775390625e+01,2.718368721008300781e+01
-8.996759033203125000e+01,2.718231773376464844e+01
-8.996788024902343750e+01,2.718261337280273438e+01
-8.996741485595703125e+01,2.718228340148925781e+01
-8.996742248535156250e+01,2.718421173095703125e+01
-8.996720123291015625e+01,2.718391227722167969e+01
-8.996736907958984375e+01,2.718292236328125000e+01
-8.996703338623046875e+01,2.718383598327636719e+01
-8.996747589111328125e+01,2.718259429931640625e+01
-8.996734619140625000e+01,2.718275451660156250e+01
-8.996765136718750000e+01,2.718248939514160156e+01
-8.996714782714843750e+01,2.718374824523925781e+01
-8.996787261962890625e+01,2.718266868591308594e+01
-8.996783447265625000e+01,2.718302154541015625e+01
-8.996778106689453125e+01,2.718212890625000000e+01
-8.996731567382812500e+01,2.718275451660156250e+01
-8.996768951416015625e+01,2.718251609802246094e+01
-8.996720886230468750e+01,2.718340110778808594e+01
-8.996802520751953125e+01,2.718264389038085938e+01
-8.996789550781250000e+01,2.718325805664062500e+01
-8.996757507324218750e+01,2.718406867980957031e+01
-8.996765899658203125e+01,2.718346023559570312e+01
-8.996797180175781250e+01,2.718264007568359375e+01
-8.996778106689453125e+01,2.718181419372558594e+01
-8.996707153320312500e+01,2.718351745605468750e+01
-8.996783447265625000e+01,2.718290710449218750e+01
-8.996717071533203125e+01,2.718370628356933594e+01
-8.996761322021484375e+01,2.718274307250976562e+01
-8.996735382080078125e+01,2.718257522583007812e+01
-8.996743011474609375e+01,2.718346405029296875e+01
-8.996750640869140625e+01,2.718361854553222656e+01
-8.996793365478515625e+01,2.718228340148925781e+01
-8.996755218505859375e+01,2.718264007568359375e+01
-8.996731567382812500e+01,2.718316268920898438e+01
-8.996733856201171875e+01,2.718387603759765625e+01
-8.996771240234375000e+01,2.718363189697265625e+01
-8.996773529052734375e+01,2.718223571777343750e+01
-8.996792602539062500e+01,2.718297004699707031e+01
-8.996774291992187500e+01,2.718251037597656250e+01
-8.996720123291015625e+01,2.718421173095703125e+01
-8.996733093261718750e+01,2.718270492553710938e+01
-8.996773529052734375e+01,2.718362808227539062e+01
-8.996710205078125000e+01,2.718387413024902344e+01
-8.996810913085937500e+01,2.718212509155273438e+01
-8.996735382080078125e+01,2.718260192871093750e+01
-8.996716308593750000e+01,2.718388366699218750e+01
-8.996715545654296875e+01,2.718294715881347656e+01
-8.996763610839843750e+01,2.718346977233886719e+01
-8.996762847900390625e+01,2.718400573730468750e+01
-8.996745300292968750e+01,2.718284225463867188e+01
-8.996757507324218750e+01,2.718346595764160156e+01
-8.996794891357421875e+01,2.718251037597656250e+01
-8.996743774414062500e+01,2.718290901184082031e+01
-8.996777343750000000e+01,2.718286323547363281e+01
-8.996791839599609375e+01,2.718325805664062500e+01
-8.996748352050781250e+01,2.718263626098632812e+01
-8.996738433837890625e+01,2.718281555175781250e+01
-8.996763610839843750e+01,2.718324661254882812e+01
-8.996749877929687500e+01,2.718326187133789062e+01
-8.996785736083984375e+01,2.718307685852050781e+01
-8.996741485595703125e+01,2.718305778503417969e+01
-8.996753692626953125e+01,2.718269729614257812e+01
-8.996762084960937500e+01,2.718233108520507812e+01
-8.996736145019531250e+01,2.718319702148437500e+01
-8.996769714355468750e+01,2.718343925476074219e+01
-8.996785736083984375e+01,2.718347167968750000e+01
-8.996774291992187500e+01,2.718376350402832031e+01
-8.996794128417968750e+01,2.718261146545410156e+01
-8.996778869628906250e+01,2.718291664123535156e+01
-8.996785736083984375e+01,2.718202209472656250e+01
-8.996778869628906250e+01,2.718227386474609375e+01
-8.996738433837890625e+01,2.718246269226074219e+01
-8.996722412109375000e+01,2.718389701843261719e+01
-8.996730804443359375e+01,2.718305778503417969e+01
-8.996763610839843750e+01,2.718270683288574219e+01
-8.996746063232421875e+01,2.718398284912109375e+01
-8.996759033203125000e+01,2.718317413330078125e+01
-8.996781158447265625e+01,2.718231964111328125e+01
-8.996739196777343750e+01,2.718380165100097656e+01
-8.996745300292968750e+01,2.718399429321289062e+01
-8.996783447265625000e+01,2.718321800231933594e+01
-8.996711730957031250e+01,2.718360137939453125e+01
-8.996771240234375000e+01,2.718355941772460938e+01
-8.996800994873046875e+01,2.718261528015136719e+01
-8.996757507324218750e+01,2.718260955810546875e+01
-8.996733093261718750e+01,2.718251228332519531e+01
-8.996759033203125000e+01,2.718237876892089844e+01
-8.996802520751953125e+01,2.718202781677246094e+01
-8.996780395507812500e+01,2.718347740173339844e+01
-8.996767425537109375e+01,2.718392944335937500e+01
-8.996774291992187500e+01,2.718301200866699219e+01
-8.996736907958984375e+01,2.718315505981445312e+01
-8.996768951416015625e+01,2.718199539184570312e+01
-8.996720886230468750e+01,2.718330383300781250e+01
-8.996717071533203125e+01,2.718287467956542969e+01
-8.996712493896484375e+01,2.718388175964355469e+01
-8.996800994873046875e+01,2.718260574340820312e+01
-8.996743774414062500e+01,2.718255233764648438e+01
-8.996806335449218750e+01,2.718224906921386719e+01
-8.996781158447265625e+01,2.718336677551269531e+01
-8.996762084960937500e+01,2.718359947204589844e+01
-8.996736145019531250e+01,2.718427085876464844e+01
-8.996788024902343750e+01,2.718316459655761719e+01
-8.996771240234375000e+01,2.718325996398925781e+01
-8.996743774414062500e+01,2.718271636962890625e+01
-8.996773529052734375e+01,2.718262100219726562e+01
-8.996736907958984375e+01,2.718275070190429688e+01
-8.996781158447265625e+01,2.718217658996582031e+01
-8.996775817871093750e+01,2.718374824523925781e+01
-8.996736907958984375e+01,2.718264198303222656e+01
-8.996752929687500000e+01,2.718228530883789062e+01
-8.996803283691406250e+01,2.718242835998535156e+01
-8.996763610839843750e+01,2.718276023864746094e+01
-8.996714019775390625e+01,2.718323516845703125e+01
-8.996756744384765625e+01,2.718405532836914062e+01
-8.996786499023437500e+01,2.718318367004394531e+01
-8.996759033203125000e+01,2.718391799926757812e+01
-8.996720886230468750e+01,2.718307876586914062e+01
-8.996786499023437500e+01,2.718269348144531250e+01
-8.996773529052734375e+01,2.718284606933593750e+01
-8.996725463867187500e+01,2.718366432189941406e+01
-8.996727752685546875e+01,2.718305015563964844e+01
-8.996765899658203125e+01,2.718334770202636719e+01
-8.996783447265625000e+01,2.718301773071289062e+01
-8.996754455566406250e+01,2.718350219726562500e+01
-8.996767425537109375e+01,2.718235588073730469e+01
-8.996728515625000000e+01,2.718341064453125000e+01
-8.996792602539062500e+01,2.718192672729492188e+01
-8.996742248535156250e+01,2.718235015869140625e+01
-8.996730804443359375e+01,2.718424797058105469e+01
-8.996744537353515625e+01,2.718291091918945312e+01
-8.996730804443359375e+01,2.718422889709472656e+01
-8.996723937988281250e+01,2.718422126770019531e+01
-8.996734619140625000e+01,2.718303680419921875e+01
-8.996763610839843750e+01,2.718293571472167969e+01
-8.996764373779296875e+01,2.718339347839355469e+01
-8.996786499023437500e+01,2.718296813964843750e+01
-8.996755981445312500e+01,2.718252182006835938e+01
-8.996781921386718750e+01,2.718174362182617188e+01
-8.996721649169921875e+01,2.718408203125000000e+01
-8.996762084960937500e+01,2.718292617797851562e+01
-8.996727752685546875e+01,2.718347740173339844e+01
-8.996807861328125000e+01,2.718221092224121094e+01
-8.996757507324218750e+01,2.718239402770996094e+01
-8.996747589111328125e+01,2.718299674987792969e+01
-8.996777343750000000e+01,2.718309402465820312e+01
-8.996757507324218750e+01,2.718243598937988281e+01
-8.996777343750000000e+01,2.718252563476562500e+01
-8.996792602539062500e+01,2.718185424804687500e+01
-8.996720886230468750e+01,2.718387794494628906e+01
-8.996769714355468750e+01,2.718273544311523438e+01
-8.996775817871093750e+01,2.718343734741210938e+01
-8.996759796142578125e+01,2.718304824829101562e+01
-8.996749114990234375e+01,2.718361282348632812e+01
-8.996754455566406250e+01,2.718351745605468750e+01
-8.996792602539062500e+01,2.718191528320312500e+01
-8.996755981445312500e+01,2.718404197692871094e+01
-8.996785736083984375e+01,2.718186569213867188e+01
-8.996777343750000000e+01,2.718235588073730469e+01
-8.996772003173828125e+01,2.718294715881347656e+01
-8.996803283691406250e+01,2.718254280090332031e+01
-8.996768188476562500e+01,2.718230819702148438e+01
-8.996710205078125000e+01,2.718354415893554688e+01
-8.996781158447265625e+01,2.718350028991699219e+01
-8.996792602539062500e+01,2.718199539184570312e+01
-8.996771240234375000e+01,2.718203926086425781e+01
-8.996733093261718750e+01,2.718260765075683594e+01
-8.996721649169921875e+01,2.718335914611816406e+01
-8.996767425537109375e+01,2.718223762512207031e+01
-8.996784973144531250e+01,2.718190193176269531e+01
-8.996769714355468750e+01,2.718217849731445312e+01
-8.996791076660156250e+01,2.718278694152832031e+01
-8.996757507324218750e+01,2.718335151672363281e+01
-8.996805572509765625e+01,2.718266487121582031e+01
-8.996708679199218750e+01,2.718366432189941406e+01
-8.996741485595703125e+01,2.718322563171386719e+01
-8.996783447265625000e+01,2.718319511413574219e+01
-8.996721649169921875e+01,2.718314170837402344e+01
-8.996726989746093750e+01,2.718383979797363281e+01
-8.996734619140625000e+01,2.718285560607910156e+01
-8.996791076660156250e+01,2.718264007568359375e+01
-8.996741485595703125e+01,2.718417930603027344e+01
-8.996745300292968750e+01,2.718371963500976562e+01
-8.996771240234375000e+01,2.718354797363281250e+01
-8.996749114990234375e+01,2.718386459350585938e+01
-8.996744537353515625e+01,2.718331718444824219e+01
-8.996756744384765625e+01,2.718288803100585938e+01
-8.996762847900390625e+01,2.718201828002929688e+01
-8.996784973144531250e+01,2.718230819702148438e+01
-8.996728515625000000e+01,2.718278694152832031e+01
-8.996782684326171875e+01,2.718199348449707031e+01
-8.996780395507812500e+01,2.718285942077636719e+01
-8.996793365478515625e+01,2.718178939819335938e+01
-8.996737670898437500e+01,2.718274879455566406e+01
-8.996777343750000000e+01,2.718345451354980469e+01
-8.996772003173828125e+01,2.718306922912597656e+01
-8.996790313720703125e+01,2.718197822570800781e+01
-8.996740722656250000e+01,2.718269348144531250e+01
-8.996742248535156250e+01,2.718274879455566406e+01
-8.996765899658203125e+01,2.718201637268066406e+01
-8.996771240234375000e+01,2.718208503723144531e+01
-8.996765899658203125e+01,2.718302536010742188e+01
-8.996733093261718750e+01,2.718251991271972656e+01
-8.996744537353515625e+01,2.718339729309082031e+01
-8.996767425537109375e+01,2.718376922607421875e+01
-8.996723175048828125e+01,2.718284225463867188e+01
-8.996741485595703125e+01,2.718324279785156250e+01
-8.996752929687500000e+01,2.718392562866210938e+01
-8.996746063232421875e+01,2.718394088745117188e+01
-8.996771240234375000e+01,2.718271255493164062e+01
-8.996794891357421875e+01,2.718199348449707031e+01
-8.996751403808593750e+01,2.718269729614257812e+01
-8.996766662597656250e+01,2.718355178833007812e+01
-8.996738433837890625e+01,2.718240928649902344e+01
-8.996781921386718750e+01,2.718330383300781250e+01
-8.996775817871093750e+01,2.718355751037597656e+01
-8.996775817871093750e+01,2.718251800537109375e+01
-8.996804046630859375e+01,2.718257331848144531e+01
-8.996714019775390625e+01,2.718355751037597656e+01
-8.996775817871093750e+01,2.718280410766601562e+01
-8.996768188476562500e+01,2.718329238891601562e+01
-8.996772766113281250e+01,2.718264389038085938e+01
-8.996779632568359375e+01,2.718256568908691406e+01
-8.996728515625000000e+01,2.718388366699218750e+01
-8.996733856201171875e+01,2.718336868286132812e+01
-8.996739196777343750e+01,2.718235778808593750e+01
-8.996752929687500000e+01,2.718302536010742188e+01
-8.996791839599609375e+01,2.718299674987792969e+01
-8.996769714355468750e+01,2.718256568908691406e+01
-8.996764373779296875e+01,2.718382072448730469e+01
-8.996772003173828125e+01,2.718354988098144531e+01
-8.996755981445312500e+01,2.718336486816406250e+01
-8.996788024902343750e+01,2.718287277221679688e+01
-8.996733856201171875e+01,2.718306922912597656e+01
-8.996749114990234375e+01,2.718346786499023438e+01
-8.996744537353515625e+01,2.718342208862304688e+01
-8.996749114990234375e+01,2.718205642700195312e+01
-8.996737670898437500e+01,2.718425178527832031e+01
-8.996808624267578125e+01,2.718246841430664062e+01
-8.996711730957031250e+01,2.718370056152343750e+01
-8.996778106689453125e+01,2.718323707580566406e+01
-8.996779632568359375e+01,2.718185615539550781e+01
-8.996742248535156250e+01,2.718283081054687500e+01
-8.996771240234375000e+01,2.718321800231933594e+01
-8.996733093261718750e+01,2.718392944335937500e+01
-8.996768951416015625e+01,2.718347930908203125e+01
-8.996728515625000000e+01,2.718273353576660156e+01
-8.996737670898437500e+01,2.718388938903808594e+01
-8.996793365478515625e+01,2.718299293518066406e+01
-8.996755981445312500e+01,2.718290328979492188e+01
-8.996778106689453125e+01,2.718309020996093750e+01
-8.996747589111328125e+01,2.718293571472167969e+01
-8.996763610839843750e+01,2.718294525146484375e+01
-8.996800231933593750e+01,2.718229866027832031e+01
-8.996779632568359375e+01,2.718315696716308594e+01
-8.996765136718750000e+01,2.718377876281738281e+01
-8.996744537353515625e+01,2.718247032165527344e+01
-8.996760559082031250e+01,2.718246841430664062e+01
-8.996768188476562500e+01,2.718205451965332031e+01
-8.996751403808593750e+01,2.718371582031250000e+01
-8.996752166748046875e+01,2.718414497375488281e+01
-8.996738433837890625e+01,2.718280410766601562e+01
-8.996773529052734375e+01,2.718277740478515625e+01
-8.996713256835937500e+01,2.718336486816406250e+01
-8.996749877929687500e+01,2.718323326110839844e+01
-8.996776580810546875e+01,2.718184089660644531e+01
-8.996794128417968750e+01,2.718292236328125000e+01
-8.996770477294921875e+01,2.718359947204589844e+01
-8.996739959716796875e+01,2.718412017822265625e+01
-8.996765899658203125e+01,2.718338584899902344e+01
-8.996747589111328125e+01,2.718228149414062500e+01
-8.996759033203125000e+01,2.718315124511718750e+01
-8.996732330322265625e+01,2.718303680419921875e+01
-8.996783447265625000e+01,2.718231010437011719e+01
-8.996808624267578125e+01,2.718206787109375000e+01
-8.996788787841796875e+01,2.718282127380371094e+01
-8.996791076660156250e+01,2.718238830566406250e+01
-8.996770477294921875e+01,2.718294906616210938e+01
-8.996759796142578125e+01,2.718230819702148438e+01
-8.996749114990234375e+01,2.718347740173339844e+01
-8.996767425537109375e+01,2.718280029296875000e+01
-8.996744537353515625e+01,2.718312835693359375e+01
-8.996761322021484375e+01,2.718269729614257812e+01
-8.996778869628906250e+01,2.718302345275878906e+01
-8.996729278564453125e+01,2.718334960937500000e+01
-8.996784973144531250e+01,2.718208122253417969e+01
-8.996797943115234375e+01,2.718263626098632812e+01
-8.996723175048828125e+01,2.718285369873046875e+01
-8.996771240234375000e+01,2.718197250366210938e+01
-8.996778106689453125e+01,2.718291473388671875e+01
-8.996750640869140625e+01,2.718418121337890625e+01
-8.996752929687500000e+01,2.718334579467773438e+01
-8.996748352050781250e+01,2.718374252319335938e+01
-8.996767425537109375e+01,2.718379974365234375e+01
-8.996784973144531250e+01,2.718335914611816406e+01
-8.996806335449218750e+01,2.718260002136230469e+01
-8.996755218505859375e+01,2.718348503112792969e+01
-8.996795654296875000e+01,2.718276977539062500e+01
-8.996719360351562500e+01,2.718362045288085938e+01
-8.996746826171875000e+01,2.718250846862792969e+01
-8.996736145019531250e+01,2.718350410461425781e+01
-8.996781921386718750e+01,2.718225097656250000e+01
-8.996743011474609375e+01,2.718269920349121094e+01
-8.996774291992187500e+01,2.718339538574218750e+01
-8.996755981445312500e+01,2.718264198303222656e+01
-8.996792602539062500e+01,2.718268966674804688e+01
-8.996772003173828125e+01,2.718321990966796875e+01
-8.996730804443359375e+01,2.718415641784667969e+01
-8.996786499023437500e+01,2.718255424499511719e+01
-8.996755981445312500e+01,2.718342399597167969e+01
-8.996793365478515625e+01,2.718198204040527344e+01
-8.996755218505859375e+01,2.718335914611816406e+01
-8.996720123291015625e+01,2.718325233459472656e+01
-8.996727752685546875e+01,2.718420600891113281e+01
-8.996806335449218750e+01,2.718239402770996094e+01
-8.996795654296875000e+01,2.718244171142578125e+01
-8.996726989746093750e+01,2.718401718139648438e+01
-8.996786499023437500e+01,2.718343544006347656e+01
-8.996754455566406250e+01,2.718286323547363281e+01
-8.996745300292968750e+01,2.718267250061035156e+01
-8.996760559082031250e+01,2.718278121948242188e+01
-8.996717834472656250e+01,2.718283653259277344e+01
-8.996778869628906250e+01,2.718207359313964844e+01
-8.996788787841796875e+01,2.718339729309082031e+01
-8.996798706054687500e+01,2.718221664428710938e+01
-8.996760559082031250e+01,2.718206024169921875e+01
-8.996788787841796875e+01,2.718274879455566406e+01
-8.996747589111328125e+01,2.718315696716308594e+01
-8.996807098388671875e+01,2.718220710754394531e+01
-8.996771240234375000e+01,2.718209266662597656e+01
-8.996737670898437500e+01,2.718357467651367188e+01
-8.996721649169921875e+01,2.718301582336425781e+01
-8.996735382080078125e+01,2.718317222595214844e+01
-8.996814727783203125e+01,2.718216514587402344e+01
-8.996751403808593750e+01,2.718291091918945312e+01
-8.996795654296875000e+01,2.718235969543457031e+01
-8.996739196777343750e+01,2.718379783630371094e+01
-8.996790313720703125e+01,2.718203926086425781e+01
-8.996772766113281250e+01,2.718374633789062500e+01
-8.996730804443359375e+01,2.718296051025390625e+01
-8.996721649169921875e+01,2.718338012695312500e+01
-8.996793365478515625e+01,2.718292999267578125e+01
-8.996787261962890625e+01,2.718324851989746094e+01
-8.996718597412109375e+01,2.718286323547363281e+01
-8.996784973144531250e+01,2.718330574035644531e+01
-8.996732330322265625e+01,2.718309783935546875e+01
-8.996792602539062500e+01,2.718270301818847656e+01
-8.996754455566406250e+01,2.718306732177734375e+01
-8.996742248535156250e+01,2.718389511108398438e+01
-8.996793365478515625e+01,2.718216896057128906e+01
-8.996749114990234375e+01,2.718375396728515625e+01
-8.996760559082031250e+01,2.718335151672363281e+01
-8.996768951416015625e+01,2.718387794494628906e+01
-8.996766662597656250e+01,2.718341445922851562e+01
-8.996812438964843750e+01,2.718238830566406250e+01
-8.996738433837890625e+01,2.718368911743164062e+01
-8.996729278564453125e+01,2.718277740478515625e+01
-8.996759796142578125e+01,2.718370056152343750e+01
-8.996726226806640625e+01,2.718371963500976562e+01
-8.996707916259765625e+01,2.718371200561523438e+01
-8.996739959716796875e+01,2.718277931213378906e+01
-8.996725463867187500e+01,2.718352508544921875e+01
-8.996789550781250000e+01,2.718178749084472656e+01
-8.996720886230468750e+01,2.718392753601074219e+01
-8.996785736083984375e+01,2.718301582336425781e+01
-8.996784973144531250e+01,2.718304634094238281e+01
-8.996802520751953125e+01,2.718268775939941406e+01
-8.996781158447265625e+01,2.718344688415527344e+01
-8.996738433837890625e+01,2.718351173400878906e+01
-8.996722412109375000e+01,2.718397331237792969e+01
-8.996729278564453125e+01,2.718315696716308594e+01
-8.996794128417968750e+01,2.718170356750488281e+01
-8.996757507324218750e+01,2.718243217468261719e+01
-8.996784210205078125e+01,2.718302536010742188e+01
-8.996717071533203125e+01,2.718318748474121094e+01
-8.996723937988281250e+01,2.718312072753906250e+01
-8.996755218505859375e+01,2.718216323852539062e+01
-8.996772003173828125e+01,2.718221092224121094e+01
-8.996719360351562500e+01,2.718388366699218750e+01
-8.996748352050781250e+01,2.718210983276367188e+01
-8.996797943115234375e+01,2.718276596069335938e+01
-8.996792602539062500e+01,2.718227958679199219e+01
-8.996769714355468750e+01,2.718290710449218750e+01
-8.996716308593750000e+01,2.718352890014648438e+01
-8.996721649169921875e+01,2.718396377563476562e+01
-8.996785736083984375e+01,2.718261146545410156e+01
-8.996762084960937500e+01,2.718347549438476562e+01
-8.996761322021484375e+01,2.718408393859863281e+01
-8.996776580810546875e+01,2.718375778198242188e+01
-8.996763610839843750e+01,2.718191528320312500e+01
-8.996737670898437500e+01,2.718356895446777344e+01
-8.996787261962890625e+01,2.718309783935546875e+01
-8.996765899658203125e+01,2.718378829956054688e+01
-8.996768188476562500e+01,2.718376350402832031e+01
-8.996751403808593750e+01,2.718298912048339844e+01
-8.996739196777343750e+01,2.718401145935058594e+01
-8.996714782714843750e+01,2.718411636352539062e+01
-8.996768188476562500e+01,2.718193435668945312e+01
-8.996757507324218750e+01,2.718288993835449219e+01
-8.996726989746093750e+01,2.718262100219726562e+01
-8.996760559082031250e+01,2.718265533447265625e+01
-8.996789550781250000e+01,2.718318557739257812e+01
-8.996791076660156250e+01,2.718287849426269531e+01
-8.996733093261718750e+01,2.718403625488281250e+01
-8.996723937988281250e+01,2.718339920043945312e+01
-8.996785736083984375e+01,2.718217849731445312e+01
-8.996761322021484375e+01,2.718375396728515625e+01
-8.996778106689453125e+01,2.718242263793945312e+01
-8.996731567382812500e+01,2.718394851684570312e+01
-8.996749114990234375e+01,2.718221282958984375e+01
-8.996752929687500000e+01,2.718323707580566406e+01
-8.996765899658203125e+01,2.718298530578613281e+01
-8.996727752685546875e+01,2.718262290954589844e+01
-8.996762847900390625e+01,2.718354415893554688e+01
-8.996766662597656250e+01,2.718339538574218750e+01
-8.996773529052734375e+01,2.718262290954589844e+01
-8.996782684326171875e+01,2.718272018432617188e+01
-8.996762847900390625e+01,2.718309783935546875e+01
-8.996792602539062500e+01,2.718261337280273438e+01
-8.996738433837890625e+01,2.718239974975585938e+01
-8.996760559082031250e+01,2.718395423889160156e+01
-8.996743774414062500e+01,2.718296432495117188e+01
-8.996777343750000000e+01,2.718249511718750000e+01
-8.996736907958984375e+01,2.718275451660156250e+01
-8.996780395507812500e+01,2.718268585205078125e+01
-8.996789550781250000e+01,2.718304634094238281e+01
-8.996789550781250000e+01,2.718204689025878906e+01
-8.996781921386718750e+01,2.718176841735839844e+01
-8.996769714355468750e+01,2.718292045593261719e+01
-8.996748352050781250e+01,2.718354988098144531e+01
-8.996747589111328125e+01,2.718388938903808594e+01
-8.996775817871093750e+01,2.718240165710449219e+01
-8.996745300292968750e+01,2.718253517150878906e+01
-8.996780395507812500e+01,2.718312644958496094e+01
-8.996778869628906250e+01,2.718215560913085938e+01
-8.996762084960937500e+01,2.718242263793945312e+01
-8.996718597412109375e+01,2.718284416198730469e+01
-8.996788024902343750e+01,2.718243789672851562e+01
-8.996800231933593750e+01,2.718265151977539062e+01
-8.996758270263671875e+01,2.718338203430175781e+01
-8.996732330322265625e+01,2.718279647827148438e+01
-8.996735382080078125e+01,2.718378067016601562e+01
-8.996739959716796875e+01,2.718249320983886719e+01
-8.996761322021484375e+01,2.718288612365722656e+01
-8.996788024902343750e+01,2.718247413635253906e+01
-8.996768951416015625e+01,2.718384361267089844e+01
-8.996758270263671875e+01,2.718229484558105469e+01
-8.996794128417968750e+01,2.718250846862792969e+01
-8.996778869628906250e+01,2.718339347839355469e+01
-8.996759796142578125e+01,2.718201637268066406e+01
-8.996775054931640625e+01,2.718256568908691406e+01
-8.996737670898437500e+01,2.718419456481933594e+01
-8.996781921386718750e+01,2.718319892883300781e+01
-8.996737670898437500e+01,2.718397903442382812e+01
-8.996769714355468750e+01,2.718387985229492188e+01
-8.996788787841796875e+01,2.718170928955078125e+01
-8.996755218505859375e+01,2.718221092224121094e+01
-8.996727752685546875e+01,2.718413734436035156e+01
-8.996766662597656250e+01,2.718386077880859375e+01
-8.996778106689453125e+01,2.718276023864746094e+01
-8.996734619140625000e+01,2.718257713317871094e+01
-8.996726989746093750e+01,2.718402099609375000e+01
-8.996804046630859375e+01,2.718262672424316406e+01
-8.996754455566406250e+01,2.718387413024902344e+01
-8.996743011474609375e+01,2.718281173706054688e+01
-8.996791839599609375e+01,2.718232345581054688e+01
-8.996740722656250000e+01,2.718325996398925781e+01
-8.996765136718750000e+01,2.718315124511718750e+01
-8.996766662597656250e+01,2.718228721618652344e+01
-8.996775817871093750e+01,2.718285942077636719e+01
-8.996740722656250000e+01,2.718251037597656250e+01
-8.996743011474609375e+01,2.718233299255371094e+01
-8.996763610839843750e+01,2.718250465393066406e+01
-8.996714019775390625e+01,2.718345832824707031e+01
-8.996707916259765625e+01,2.718385505676269531e+01
-8.996751403808593750e+01,2.718242263793945312e+01
-8.996731567382812500e+01,2.718250846862792969e+01
-8.996709442138671875e+01,2.718355941772460938e+01
-8.996728515625000000e+01,2.718405151367187500e+01
-8.996746826171875000e+01,2.718351554870605469e+01
-8.996774291992187500e+01,2.718288803100585938e+01
-8.996730041503906250e+01,2.718347167968750000e+01
-8.996752166748046875e+01,2.718349266052246094e+01
-8.996764373779296875e+01,2.718202400207519531e+01
-8.996722412109375000e+01,2.718395233154296875e+01
-8.996810913085937500e+01,2.718225097656250000e+01
-8.996776580810546875e+01,2.718295669555664062e+01
-8.996736145019531250e+01,2.718341445922851562e+01
-8.996755981445312500e+01,2.718391799926757812e+01
-8.996730041503906250e+01,2.718314170837402344e+01
-8.996783447265625000e+01,2.718256568908691406e+01
-8.996750640869140625e+01,2.718420600891113281e+01
-8.996766662597656250e+01,2.718199348449707031e+01
-8.996754455566406250e+01,2.718339157104492188e+01
-8.996791076660156250e+01,2.718248939514160156e+01
-8.996739959716796875e+01,2.718301391601562500e+01
-8.996804809570312500e+01,2.718248939514160156e+01
-8.996795654296875000e+01,2.718320655822753906e+01
-8.996749877929687500e+01,2.718246841430664062e+01
-8.996742248535156250e+01,2.718296623229980469e+01
-8.996786499023437500e+01,2.718201637268066406e+01
-8.996732330322265625e+01,2.718248748779296875e+01
-8.996747589111328125e+01,2.718271255493164062e+01
-8.996788024902343750e+01,2.718226242065429688e+01
-8.996751403808593750e+01,2.718279075622558594e+01
-8.996709442138671875e+01,2.718377113342285156e+01
-8.996748352050781250e+01,2.718243598937988281e+01
-8.996761322021484375e+01,2.718266296386718750e+01
-8.996779632568359375e+01,2.718357276916503906e+01
-8.996730041503906250e+01,2.718411445617675781e+01
-8.996800231933593750e+01,2.718240356445312500e+01
-8.996759033203125000e+01,2.718307304382324219e+01
-8.996718597412109375e+01,2.718400955200195312e+01
-8.996754455566406250e+01,2.718397712707519531e+01
-8.996749114990234375e+01,2.718230819702148438e+01
-8.996775817871093750e+01,2.718364906311035156e+01
-8.996740722656250000e+01,2.718234062194824219e+01
-8.996741485595703125e+01,2.718419075012207031e+01
-8.996752929687500000e+01,2.718397712707519531e+01
-8.996730041503906250e+01,2.718268013000488281e+01
-8.996718597412109375e+01,2.718310165405273438e+01
-8.996726226806640625e+01,2.718278694152832031e+01
-8.996784210205078125e+01,2.718333625793457031e+01
-8.996787261962890625e+01,2.718230247497558594e+01
-8.996758270263671875e+01,2.718289756774902344e+01
-8.996726989746093750e+01,2.718295860290527344e+01
-8.996742248535156250e+01,2.718340873718261719e+01
-8.996794891357421875e+01,2.718256568908691406e+01
-8.996717834472656250e+01,2.718297767639160156e+01
-8.996743774414062500e+01,2.718231773376464844e+01
-8.996730041503906250e+01,2.718424224853515625e+01
-8.996728515625000000e+01,2.718255805969238281e+01
-8.996732330322265625e+01,2.718336105346679688e+01
-8.996718597412109375e+01,2.718289566040039062e+01
-8.996790313720703125e+01,2.718168830871582031e+01
-8.996723175048828125e+01,2.718364906311035156e+01
-8.996720886230468750e+01,2.718312644958496094e+01
-8.996803283691406250e+01,2.718242073059082031e+01
-8.996784973144531250e+01,2.718232917785644531e+01
-8.996743774414062500e+01,2.718277549743652344e+01
-8.996743011474609375e+01,2.718325233459472656e+01
-8.996770477294921875e+01,2.718245887756347656e+01
-8.996708679199218750e+01,2.718382263183593750e+01
-8.996806335449218750e+01,2.718228721618652344e+01
-8.996750640869140625e+01,2.718272590637207031e+01
-8.996775054931640625e+01,2.718226051330566406e+01
-8.996767425537109375e+01,2.718329620361328125e+01
-8.996715545654296875e+01,2.718372344970703125e+01
-8.996775817871093750e+01,2.718194198608398438e+01
-8.996739196777343750e+01,2.718421363830566406e+01
-8.996784210205078125e+01,2.718208694458007812e+01
-8.996738433837890625e+01,2.718400573730468750e+01
-8.996768951416015625e+01,2.718267059326171875e+01
-8.996740722656250000e+01,2.718326950073242188e+01
-8.996752166748046875e+01,2.718235588073730469e+01
-8.996722412109375000e+01,2.718370437622070312e+01
-8.996764373779296875e+01,2.718272399902343750e+01
-8.996772766113281250e+01,2.718374824523925781e+01
-8.996774291992187500e+01,2.718247222900390625e+01
-8.996746826171875000e+01,2.718380737304687500e+01
-8.996744537353515625e+01,2.718253517150878906e+01
-8.996766662597656250e+01,2.718389701843261719e+01
-8.996727752685546875e+01,2.718349075317382812e+01
-8.996759033203125000e+01,2.718216133117675781e+01
-8.996784973144531250e+01,2.718322372436523438e+01
-8.996742248535156250e+01,2.718325424194335938e+01
-8.996787261962890625e+01,2.718330955505371094e+01
-8.996734619140625000e+01,2.718377494812011719e+01
-8.996802520751953125e+01,2.718260192871093750e+01
-8.996783447265625000e+01,2.718239593505859375e+01
-8.996721649169921875e+01,2.718339157104492188e+01
-8.996751403808593750e+01,2.718229675292968750e+01
-8.996760559082031250e+01,2.718226814270019531e+01
-8.996765136718750000e+01,2.718199729919433594e+01
-8.996767425537109375e+01,2.718391418457031250e+01
-8.996797180175781250e+01,2.718272972106933594e+01
-8.996724700927734375e+01,2.718410873413085938e+01
-8.996746826171875000e+01,2.718348312377929688e+01
-8.996729278564453125e+01,2.718372917175292969e+01
-8.996761322021484375e+01,2.718311500549316406e+01
-8.996784210205078125e+01,2.718312454223632812e+01
-8.996800994873046875e+01,2.718270874023437500e+01
-8.996793365478515625e+01,2.718269348144531250e+01
-8.996736145019531250e+01,2.718267631530761719e+01
-8.996784210205078125e+01,2.718227767944335938e+01
-8.996724700927734375e+01,2.718319892883300781e+01
-8.996712493896484375e+01,2.718358230590820312e+01
-8.996801757812500000e+01,2.718250083923339844e+01
-8.996711730957031250e+01,2.718338012695312500e+01
-8.996762847900390625e+01,2.718359375000000000e+01
-8.996738433837890625e+01,2.718335151672363281e+01
-8.996765136718750000e+01,2.718320083618164062e+01
-8.996785736083984375e+01,2.718196678161621094e+01
-8.996762847900390625e+01,2.718350028991699219e+01
-8.996801757812500000e+01,2.718268203735351562e+01
-8.996778106689453125e+01,2.718191909790039062e+01
-8.996723175048828125e+01,2.718303108215332031e+01
-8.996755981445312500e+01,2.718362617492675781e+01
-8.996718597412109375e+01,2.718311691284179688e+01
-8.996762847900390625e+01,2.718390655517578125e+01
-8.996783447265625000e+01,2.718165397644042969e+01
-8.996788787841796875e+01,2.718228530883789062e+01
-8.996803283691406250e+01,2.718261718750000000e+01
-8.996791839599609375e+01,2.718275833129882812e+01
-8.996770477294921875e+01,2.718392181396484375e+01
-8.996792602539062500e+01,2.718292617797851562e+01
-8.996723175048828125e+01,2.718326187133789062e+01
-8.996791076660156250e+01,2.718331527709960938e+01
-8.996735382080078125e+01,2.718323707580566406e+01
-8.996716308593750000e+01,2.718365478515625000e+01
-8.996786499023437500e+01,2.718330383300781250e+01
-8.996797943115234375e+01,2.718208694458007812e+01
-8.996739196777343750e+01,2.718264389038085938e+01
-8.996744537353515625e+01,2.718424606323242188e+01
-8.996765136718750000e+01,2.718193054199218750e+01
-8.996791076660156250e+01,2.718220901489257812e+01
-8.996774291992187500e+01,2.718230819702148438e+01
-8.996759796142578125e+01,2.718236351013183594e+01
-8.996743011474609375e+01,2.718426704406738281e+01
-8.996733856201171875e+01,2.718259811401367188e+01
-8.996773529052734375e+01,2.718318367004394531e+01
-8.996771240234375000e+01,2.718250083923339844e+01
-8.996734619140625000e+01,2.718276596069335938e+01
-8.996720886230468750e+01,2.718404960632324219e+01
-8.996726226806640625e+01,2.718390655517578125e+01
-8.996788024902343750e+01,2.718176460266113281e+01
-8.996767425537109375e+01,2.718325996398925781e+01
-8.996801757812500000e+01,2.718265342712402344e+01
-8.996746826171875000e+01,2.718413162231445312e+01
-8.996749877929687500e+01,2.718211555480957031e+01
-8.996759033203125000e+01,2.718234825134277344e+01
-8.996712493896484375e+01,2.718383789062500000e+01
-8.996788024902343750e+01,2.718172645568847656e+01
-8.996776580810546875e+01,2.718318176269531250e+01
-8.996754455566406250e+01,2.718246269226074219e+01
-8.996723175048828125e+01,2.718303108215332031e+01
-8.996804809570312500e+01,2.718251228332519531e+01
-8.996755981445312500e+01,2.718331146240234375e+01
-8.996722412109375000e+01,2.718418502807617188e+01
-8.996736145019531250e+01,2.718400955200195312e+01
-8.996749877929687500e+01,2.718259429931640625e+01
-8.996799468994140625e+01,2.718250274658203125e+01
-8.996720886230468750e+01,2.718308067321777344e+01
-8.996768188476562500e+01,2.718278503417968750e+01
-8.996727752685546875e+01,2.718316078186035156e+01
-8.996793365478515625e+01,2.718246650695800781e+01
-8.996726226806640625e+01,2.718419837951660156e+01
-8.996732330322265625e+01,2.718273925781250000e+01
-8.996791839599609375e+01,2.718193626403808594e+01
-8.996773529052734375e+01,2.718356704711914062e+01
-8.996788024902343750e+01,2.718251800537109375e+01
-8.996750640869140625e+01,2.718391799926757812e+01
-8.996756744384765625e+01,2.718289566040039062e+01
-8.996775817871093750e+01,2.718336677551269531e+01
-8.996738433837890625e+01,2.718365669250488281e+01
-8.996722412109375000e+01,2.718404388427734375e+01
-8.996749114990234375e+01,2.718343353271484375e+01
-8.996743011474609375e+01,2.718411636352539062e+01
-8.996730041503906250e+01,2.718369865417480469e+01
-8.996712493896484375e+01,2.718384742736816406e+01
-8.996716308593750000e+01,2.718333244323730469e+01
-8.996751403808593750e+01,2.718328666687011719e+01
-8.996727752685546875e+01,2.718261909484863281e+01
-8.996801757812500000e+01,2.718278312683105469e+01
-8.996770477294921875e+01,2.718289566040039062e+01
-8.996718597412109375e+01,2.718317985534667969e+01
-8.996778869628906250e+01,2.718349838256835938e+01
-8.996772003173828125e+01,2.718234634399414062e+01
-8.996790313720703125e+01,2.718177223205566406e+01
-8.996794128417968750e+01,2.718247604370117188e+01
-8.996772003173828125e+01,2.718214797973632812e+01
-8.996734619140625000e+01,2.718400192260742188e+01
-8.996772003173828125e+01,2.718268203735351562e+01
-8.996757507324218750e+01,2.718358802795410156e+01
-8.996744537353515625e+01,2.718335151672363281e+01
-8.996755981445312500e+01,2.718277549743652344e+01
-8.996780395507812500e+01,2.718281555175781250e+01
-8.996750640869140625e+01,2.718246269226074219e+01
-8.996741485595703125e+01,2.718353843688964844e+01
-8.996781158447265625e+01,2.718197441101074219e+01
-8.996774291992187500e+01,2.718213081359863281e+01
-8.996777343750000000e+01,2.718338584899902344e+01
-8.996794891357421875e+01,2.718296623229980469e+01
-8.996755981445312500e+01,2.718343544006347656e+01
-8.996736145019531250e+01,2.718236541748046875e+01
-8.996793365478515625e+01,2.718251419067382812e+01
-8.996721649169921875e+01,2.718369102478027344e+01
-8.996764373779296875e+01,2.718405723571777344e+01
-8.996733093261718750e+01,2.718345642089843750e+01
-8.996788787841796875e+01,2.718191337585449219e+01
-8.996774291992187500e+01,2.718314933776855469e+01
-8.996768951416015625e+01,2.718320465087890625e+01
-8.996794128417968750e+01,2.718219566345214844e+01
-8.996741485595703125e+01,2.718351173400878906e+01
-8.996714019775390625e+01,2.718352317810058594e+01
-8.996710205078125000e+01,2.718381309509277344e+01
-8.996769714355468750e+01,2.718238258361816406e+01
-8.996756744384765625e+01,2.718324089050292969e+01
-8.996785736083984375e+01,2.718244171142578125e+01
-8.996783447265625000e+01,2.718286705017089844e+01
-8.996767425537109375e+01,2.718398284912109375e+01
-8.996710968017578125e+01,2.718343162536621094e+01
-8.996732330322265625e+01,2.718382835388183594e+01
-8.996710968017578125e+01,2.718335533142089844e+01
-8.996752166748046875e+01,2.718357849121093750e+01
-8.996733093261718750e+01,2.718288993835449219e+01
-8.996752929687500000e+01,2.718333435058593750e+01
-8.996726989746093750e+01,2.718271064758300781e+01
-8.996755981445312500e+01,2.718268585205078125e+01
-8.996776580810546875e+01,2.718195152282714844e+01
-8.996773529052734375e+01,2.718287658691406250e+01
-8.996768188476562500e+01,2.718338584899902344e+01
-8.996737670898437500e+01,2.718397331237792969e+01
-8.996726226806640625e+01,2.718381500244140625e+01
-8.996743774414062500e+01,2.718289756774902344e+01
-8.996806335449218750e+01,2.718263816833496094e+01
-8.996727752685546875e+01,2.718366432189941406e+01
-8.996771240234375000e+01,2.718320274353027344e+01
-8.996759796142578125e+01,2.718211555480957031e+01
-8.996779632568359375e+01,2.718276405334472656e+01
-8.996763610839843750e+01,2.718239974975585938e+01
-8.996775054931640625e+01,2.718219947814941406e+01
-8.996793365478515625e+01,2.718173408508300781e+01
-8.996791076660156250e+01,2.718326187133789062e+01
-8.996791839599609375e+01,2.718319129943847656e+01
-8.996722412109375000e+01,2.718408393859863281e+01
-8.996797180175781250e+01,2.718215370178222656e+01
-8.996787261962890625e+01,2.718183326721191406e+01
-8.996794128417968750e+01,2.718214797973632812e+01
-8.996765899658203125e+01,2.718269920349121094e+01
-8.996736145019531250e+01,2.718306159973144531e+01
-8.996749114990234375e+01,2.718365097045898438e+01
-8.996772003173828125e+01,2.718361473083496094e+01
-8.996743011474609375e+01,2.718262672424316406e+01
-8.996773529052734375e+01,2.718198776245117188e+01
-8.996781921386718750e+01,2.718202400207519531e+01
-8.996774291992187500e+01,2.718202018737792969e+01
-8.996726989746093750e+01,2.718301391601562500e+01
-8.996759033203125000e+01,2.718394279479980469e+01
-8.996755981445312500e+01,2.718358039855957031e+01
-8.996752166748046875e+01,2.718313407897949219e+01
-8.996772766113281250e+01,2.718218803405761719e+01
-8.996768188476562500e+01,2.718321228027343750e+01
-8.996729278564453125e+01,2.718400764465332031e+01
-8.996778869628906250e+01,2.718265914916992188e+01
-8.996814727783203125e+01,2.718213844299316406e+01
-8.996773529052734375e+01,2.718260383605957031e+01
-8.996715545654296875e+01,2.718419265747070312e+01
-8.996717834472656250e+01,2.718290519714355469e+01
-8.996787261962890625e+01,2.718320465087890625e+01
-8.996810150146484375e+01,2.718224525451660156e+01
-8.996771240234375000e+01,2.718386077880859375e+01
-8.996801757812500000e+01,2.718210983276367188e+01
-8.996752929687500000e+01,2.718307495117187500e+01
-8.996799468994140625e+01,2.718223381042480469e+01
-8.996757507324218750e+01,2.718207359313964844e+01
-8.996788787841796875e+01,2.718231964111328125e+01
-8.996775817871093750e+01,2.718232727050781250e+01
-8.996762847900390625e+01,2.718190193176269531e+01
-8.996767425537109375e+01,2.718383979797363281e+01
-8.996736145019531250e+01,2.718298721313476562e+01
-8.996761322021484375e+01,2.718341255187988281e+01
-8.996797180175781250e+01,2.718216896057128906e+01
-8.996786499023437500e+01,2.718294143676757812e+01
-8.996782684326171875e+01,2.718197822570800781e+01
-8.996770477294921875e+01,2.718223190307617188e+01
-8.996723937988281250e+01,2.718388175964355469e+01
-8.996741485595703125e+01,2.718363189697265625e+01
-8.996745300292968750e+01,2.718419647216796875e+01
-8.996744537353515625e+01,2.718398857116699219e+01
-8.996718597412109375e+01,2.718322372436523438e+01
-8.996736145019531250e+01,2.718235015869140625e+01
-8.996776580810546875e+01,2.718330574035644531e+01
-8.996763610839843750e+01,2.718202781677246094e+01
-8.996788024902343750e+01,2.718316650390625000e+01
-8.996797943115234375e+01,2.718270111083984375e+01
-8.996729278564453125e+01,2.718319129943847656e+01
-8.996744537353515625e+01,2.718358993530273438e+01
-8.996763610839843750e+01,2.718331909179687500e+01
-8.996748352050781250e+01,2.718224906921386719e+01
-8.996759796142578125e+01,2.718303298950195312e+01
-8.996710968017578125e+01,2.718376159667968750e+01
-8.996746826171875000e+01,2.718292045593261719e+01
-8.996751403808593750e+01,2.718291664123535156e+01
-8.996773529052734375e+01,2.718214797973632812e+01
-8.996764373779296875e+01,2.718316078186035156e+01
-8.996741485595703125e+01,2.718411254882812500e+01
-8.996784210205078125e+01,2.718174552917480469e+01
-8.996758270263671875e+01,2.718381309509277344e+01
-8.996772003173828125e+01,2.718249320983886719e+01
-8.996729278564453125e+01,2.718272018432617188e+01
-8.996736145019531250e+01,2.718265724182128906e+01
-8.996722412109375000e+01,2.718333053588867188e+01
-8.996770477294921875e+01,2.718302154541015625e+01
-8.996782684326171875e+01,2.718266868591308594e+01
-8.996720123291015625e+01,2.718282508850097656e+01
-8.996796417236328125e+01,2.718289375305175781e+01
-8.996736907958984375e+01,2.718308830261230469e+01
-8.996786499023437500e+01,2.718220329284667969e+01
-8.996777343750000000e+01,2.718350028991699219e+01
-8.996763610839843750e+01,2.718209457397460938e+01
-8.996781158447265625e+01,2.718276405334472656e+01
-8.996737670898437500e+01,2.718364143371582031e+01
-8.996726989746093750e+01,2.718326377868652344e+01
-8.996735382080078125e+01,2.718392753601074219e+01
-8.996775817871093750e+01,2.718260574340820312e+01
-8.996746063232421875e+01,2.718275451660156250e+01
-8.996733093261718750e+01,2.718362045288085938e+01
-8.996767425537109375e+01,2.718313217163085938e+01
-8.996797180175781250e+01,2.718271446228027344e+01
-8.996797180175781250e+01,2.718244743347167969e+01
-8.996759796142578125e+01,2.718207931518554688e+01
-8.996778869628906250e+01,2.718222045898437500e+01
-8.996722412109375000e+01,2.718419456481933594e+01
-8.996754455566406250e+01,2.718313026428222656e+01
-8.996762847900390625e+01,2.718319511413574219e+01
-8.996771240234375000e+01,2.718390274047851562e+01
-8.996749114990234375e+01,2.718243408203125000e+01
-8.996779632568359375e+01,2.718360900878906250e+01
-8.996740722656250000e+01,2.718281936645507812e+01
-8.996717834472656250e+01,2.718314361572265625e+01
-8.996718597412109375e+01,2.718413352966308594e+01
-8.996796417236328125e+01,2.718221664428710938e+01
-8.996775054931640625e+01,2.718253326416015625e+01
-8.996720123291015625e+01,2.718350028991699219e+01
-8.996730804443359375e+01,2.718248748779296875e+01
-8.996753692626953125e+01,2.718320846557617188e+01
-8.996756744384765625e+01,2.718342590332031250e+01
-8.996714782714843750e+01,2.718302345275878906e+01
-8.996744537353515625e+01,2.718334388732910156e+01
-8.996709442138671875e+01,2.718344116210937500e+01
-8.996733856201171875e+01,2.718260192871093750e+01
-8.996805572509765625e+01,2.718230056762695312e+01
-8.996747589111328125e+01,2.718434143066406250e+01
-8.996755981445312500e+01,2.718282890319824219e+01
-8.996811676025390625e+01,2.718207740783691406e+01
-8.996749114990234375e+01,2.718421173095703125e+01
-8.996770477294921875e+01,2.718374061584472656e+01
-8.996778106689453125e+01,2.718256950378417969e+01
-8.996778106689453125e+01,2.718296623229980469e+01
-8.996762084960937500e+01,2.718405723571777344e+01
-8.996748352050781250e+01,2.718278694152832031e+01
-8.996755981445312500e+01,2.718381690979003906e+01
-8.996791839599609375e+01,2.718199920654296875e+01
-8.996767425537109375e+01,2.718404579162597656e+01
-8.996790313720703125e+01,2.718252372741699219e+01
-8.996749114990234375e+01,2.718215370178222656e+01
-8.996739959716796875e+01,2.718297767639160156e+01
-8.996731567382812500e+01,2.718274879455566406e+01
-8.996760559082031250e+01,2.718354988098144531e+01
-8.996736907958984375e+01,2.718289756774902344e+01
-8.996794128417968750e+01,2.718240928649902344e+01
-8.996794891357421875e+01,2.718218994140625000e+01
-8.996797943115234375e+01,2.718205833435058594e+01
-8.996767425537109375e+01,2.718395233154296875e+01
-8.996739196777343750e+01,2.718425559997558594e+01
-8.996763610839843750e+01,2.718311119079589844e+01
-8.996743774414062500e+01,2.718312454223632812e+01
-8.996753692626953125e+01,2.718288040161132812e+01
-8.996803283691406250e+01,2.718268394470214844e+01
-8.996750640869140625e+01,2.718307876586914062e+01
-8.996808624267578125e+01,2.718221092224121094e+01
-8.996759796142578125e+01,2.718228912353515625e+01
-8.996746063232421875e+01,2.718260002136230469e+01
-8.996760559082031250e+01,2.718230628967285156e+01
-8.996710205078125000e+01,2.718386459350585938e+01
-8.996788787841796875e+01,2.718247222900390625e+01
-8.996768951416015625e+01,2.718345069885253906e+01
-8.996766662597656250e+01,2.718232917785644531e+01
-8.996756744384765625e+01,2.718284797668457031e+01
-8.996807861328125000e+01,2.718215942382812500e+01
-8.996790313720703125e+01,2.718292808532714844e+01
-8.996769714355468750e+01,2.718232154846191406e+01
-8.996760559082031250e+01,2.718319511413574219e+01
-8.996722412109375000e+01,2.718399429321289062e+01
-8.996776580810546875e+01,2.718330764770507812e+01
-8.996742248535156250e+01,2.718256950378417969e+01
-8.996773529052734375e+01,2.718260002136230469e+01
-8.996751403808593750e+01,2.718348121643066406e+01
-8.996775817871093750e+01,2.718334579467773438e+01
-8.996733093261718750e+01,2.718314743041992188e+01
-8.996751403808593750e+01,2.718389320373535156e+01
-8.996734619140625000e+01,2.718346595764160156e+01
-8.996765136718750000e+01,2.718209648132324219e+01
-8.996765899658203125e+01,2.718333435058593750e+01
-8.996718597412109375e+01,2.718281555175781250e+01
-8.996751403808593750e+01,2.718334197998046875e+01
-8.996798706054687500e+01,2.718267822265625000e+01
-8.996714782714843750e+01,2.718382835388183594e+01
-8.996759796142578125e+01,2.718253135681152344e+01
-8.996787261962890625e+01,2.718199729919433594e+01
-8.996763610839843750e+01,2.718397140502929688e+01
-8.996733856201171875e+01,2.718259048461914062e+01
-8.996786499023437500e+01,2.718292617797851562e+01
-8.996749114990234375e+01,2.718312644958496094e+01
-8.996753692626953125e+01,2.718339538574218750e+01
-8.996763610839843750e+01,2.718276023864746094e+01
-8.996736907958984375e+01,2.718390655517578125e+01
-8.996790313720703125e+01,2.718336486816406250e+01
-8.996732330322265625e+01,2.718351173400878906e+01
-8.996733093261718750e+01,2.718408203125000000e+01
-8.996749114990234375e+01,2.718395042419433594e+01
-8.996765136718750000e+01,2.718254661560058594e+01
-8.996757507324218750e+01,2.718268013000488281e+01
-8.996798706054687500e+01,2.718232536315917969e+01
-8.996798706054687500e+01,2.718246650695800781e+01
-8.996730041503906250e+01,2.718308258056640625e+01
-8.996786499023437500e+01,2.718283653259277344e+01
-8.996733093261718750e+01,2.718292427062988281e+01
-8.996795654296875000e+01,2.718231582641601562e+01
-8.996797943115234375e+01,2.718173599243164062e+01
-8.996736145019531250e+01,2.718348503112792969e+01
-8.996748352050781250e+01,2.718427848815917969e+01
-8.996749114990234375e+01,2.718294143676757812e+01
-8.996793365478515625e+01,2.718244743347167969e+01
-8.996778106689453125e+01,2.718344497680664062e+01
-8.996752166748046875e+01,2.718292427062988281e+01
-8.996772766113281250e+01,2.718256950378417969e+01
-8.996746826171875000e+01,2.718377113342285156e+01
-8.996747589111328125e+01,2.718299674987792969e+01
-8.996775817871093750e+01,2.718245506286621094e+01
-8.996788024902343750e+01,2.718302917480468750e+01
-8.996787261962890625e+01,2.718307876586914062e+01
-8.996778869628906250e+01,2.718329048156738281e+01
-8.996763610839843750e+01,2.718381118774414062e+01
-8.996770477294921875e+01,2.718301200866699219e+01
-8.996766662597656250e+01,2.718327903747558594e+01
-8.996737670898437500e+01,2.718411445617675781e+01
-8.996789550781250000e+01,2.718234062194824219e+01
-8.996758270263671875e+01,2.718301200866699219e+01
-8.996752929687500000e+01,2.718261146545410156e+01
-8.996775817871093750e+01,2.718218421936035156e+01
-8.996788787841796875e+01,2.718205451965332031e+01
-8.996765136718750000e+01,2.718401908874511719e+01
-8.996758270263671875e+01,2.718384361267089844e+01
-8.996720123291015625e+01,2.718367767333984375e+01
-8.996759796142578125e+01,2.718375015258789062e+01
-8.996756744384765625e+01,2.718252944946289062e+01
-8.996811676025390625e+01,2.718239212036132812e+01
-8.996732330322265625e+01,2.718390274047851562e+01
-8.996761322021484375e+01,2.718317031860351562e+01
-8.996767425537109375e+01,2.718251037597656250e+01
-8.996779632568359375e+01,2.718365097045898438e+01
-8.996746063232421875e+01,2.718220329284667969e+01
-8.996812438964843750e+01,2.718238830566406250e+01
-8.996750640869140625e+01,2.718222618103027344e+01
-8.996724700927734375e+01,2.718331718444824219e+01
-8.996744537353515625e+01,2.718275070190429688e+01
-8.996804809570312500e+01,2.718270492553710938e+01
-8.996733093261718750e+01,2.718247985839843750e+01
-8.996772766113281250e+01,2.718338584899902344e+01
-8.996717834472656250e+01,2.718379211425781250e+01
-8.996754455566406250e+01,2.718406295776367188e+01
-8.996783447265625000e+01,2.718230438232421875e+01
-8.996780395507812500e+01,2.718237495422363281e+01
-8.996732330322265625e+01,2.718395805358886719e+01
-8.996749877929687500e+01,2.718282318115234375e+01
-8.996804046630859375e+01,2.718246650695800781e+01
-8.996734619140625000e+01,2.718285179138183594e+01
-8.996719360351562500e+01,2.718411064147949219e+01
-8.996742248535156250e+01,2.718340682983398438e+01
-8.996717071533203125e+01,2.718330955505371094e+01
-8.996739196777343750e+01,2.718330574035644531e+01
-8.996723175048828125e+01,2.718327903747558594e+01
-8.996765899658203125e+01,2.718379211425781250e+01
-8.996778869628906250e+01,2.718324279785156250e+01
-8.996706390380859375e+01,2.718344879150390625e+01
-8.996740722656250000e+01,2.718381500244140625e+01
-8.996784973144531250e+01,2.718307876586914062e+01
-8.996723937988281250e+01,2.718419456481933594e+01
-8.996732330322265625e+01,2.718420791625976562e+01
-8.996765136718750000e+01,2.718349266052246094e+01
-8.996768951416015625e+01,2.718335151672363281e+01
-8.996761322021484375e+01,2.718304824829101562e+01
-8.996728515625000000e+01,2.718423652648925781e+01
-8.996781921386718750e+01,2.718328094482421875e+01
-8.996739959716796875e+01,2.718420600891113281e+01
-8.996763610839843750e+01,2.718231010437011719e+01
-8.996744537353515625e+01,2.718367004394531250e+01
-8.996741485595703125e+01,2.718427658081054688e+01
-8.996760559082031250e+01,2.718224525451660156e+01
-8.996755981445312500e+01,2.718297958374023438e+01
-8.996761322021484375e+01,2.718285942077636719e+01
-8.996756744384765625e+01,2.718382835388183594e+01
-8.996727752685546875e+01,2.718320274353027344e+01
-8.996735382080078125e+01,2.718316650390625000e+01
-8.996745300292968750e+01,2.718216133117675781e+01
-8.996737670898437500e+01,2.718404769897460938e+01
-8.996715545654296875e+01,2.718327140808105469e+01
-8.996770477294921875e+01,2.718344688415527344e+01
-8.996743011474609375e+01,2.718325996398925781e+01
-8.996726226806640625e+01,2.718405723571777344e+01
-8.996772766113281250e+01,2.718233871459960938e+01
-8.996770477294921875e+01,2.718212127685546875e+01
-8.996723175048828125e+01,2.718289566040039062e+01
-8.996772766113281250e+01,2.718280410766601562e+01
-8.996766662597656250e+01,2.718407058715820312e+01
-8.996726226806640625e+01,2.718340301513671875e+01
-8.996779632568359375e+01,2.718176841735839844e+01
-8.996743774414062500e+01,2.718355178833007812e+01
-8.996711730957031250e+01,2.718342590332031250e+01
-8.996770477294921875e+01,2.718256378173828125e+01
-8.996779632568359375e+01,2.718318748474121094e+01
-8.996755218505859375e+01,2.718210411071777344e+01
-8.996718597412109375e+01,2.718326568603515625e+01
-8.996759796142578125e+01,2.718289947509765625e+01
-8.996788787841796875e+01,2.718298149108886719e+01
-8.996768188476562500e+01,2.718189048767089844e+01
-8.996735382080078125e+01,2.718262290954589844e+01
-8.996724700927734375e+01,2.718299865722656250e+01
-8.996732330322265625e+01,2.718296051025390625e+01
-8.996766662597656250e+01,2.718238639831542969e+01
-8.996730804443359375e+01,2.718259429931640625e+01
-8.996792602539062500e+01,2.718230628967285156e+01
-8.996761322021484375e+01,2.718380928039550781e+01
-8.996721649169921875e+01,2.718393135070800781e+01
-8.996720886230468750e+01,2.718348312377929688e+01
-8.996737670898437500e+01,2.718256187438964844e+01
-8.996756744384765625e+01,2.718391036987304688e+01
-8.996759796142578125e+01,2.718267440795898438e+01
-8.996781158447265625e+01,2.718320083618164062e+01
-8.996754455566406250e+01,2.718393135070800781e+01
-8.996780395507812500e+01,2.718329620361328125e+01
-8.996734619140625000e+01,2.718356895446777344e+01
-8.996737670898437500e+01,2.718372726440429688e+01
-8.996768188476562500e+01,2.718354034423828125e+01
-8.996765899658203125e+01,2.718397331237792969e+01
-8.996776580810546875e+01,2.718340682983398438e+01
-8.996710205078125000e+01,2.718376541137695312e+01
-8.996782684326171875e+01,2.718209457397460938e+01
-8.996747589111328125e+01,2.718364715576171875e+01
-8.996790313720703125e+01,2.718179893493652344e+01
-8.996758270263671875e+01,2.718253135681152344e+01
-8.996774291992187500e+01,2.718289375305175781e+01
-8.996742248535156250e+01,2.718360328674316406e+01
-8.996795654296875000e+01,2.718206024169921875e+01
-8.996746826171875000e+01,2.718285560607910156e+01
-8.996810150146484375e+01,2.718245887756347656e+01
-8.996789550781250000e+01,2.718221664428710938e+01
-8.996723937988281250e+01,2.718328094482421875e+01
-8.996759796142578125e+01,2.718240547180175781e+01
-8.996739196777343750e+01,2.718263816833496094e+01
-8.996788024902343750e+01,2.718236541748046875e+01
-8.996724700927734375e+01,2.718423652648925781e+01
-8.996787261962890625e+01,2.718305015563964844e+01
-8.996778106689453125e+01,2.718235969543457031e+01
-8.996774291992187500e+01,2.718353080749511719e+01
-8.996770477294921875e+01,2.718390083312988281e+01
-8.996713256835937500e+01,2.718338012695312500e+01
-8.996760559082031250e+01,2.718400001525878906e+01
-8.996788787841796875e+01,2.718171119689941406e+01
-8.996756744384765625e+01,2.718218231201171875e+01
-8.996730804443359375e+01,2.718278884887695312e+01
-8.996715545654296875e+01,2.718415069580078125e+01
-8.996793365478515625e+01,2.718224716186523438e+01
-8.996730041503906250e+01,2.718299865722656250e+01
-8.996757507324218750e+01,2.718243789672851562e+01
-8.996752929687500000e+01,2.718368530273437500e+01
-8.996747589111328125e+01,2.718300628662109375e+01
-8.996754455566406250e+01,2.718301963806152344e+01
-8.996804046630859375e+01,2.718231582641601562e+01
-8.996736145019531250e+01,2.718259048461914062e+01
-8.996790313720703125e+01,2.718324089050292969e+01
-8.996765899658203125e+01,2.718221092224121094e+01
-8.996719360351562500e+01,2.718357658386230469e+01
-8.996752929687500000e+01,2.718323516845703125e+01
-8.996800994873046875e+01,2.718204307556152344e+01
-8.996755981445312500e+01,2.718400192260742188e+01
-8.996754455566406250e+01,2.718365287780761719e+01
-8.996788024902343750e+01,2.718174934387207031e+01
-8.996800231933593750e+01,2.718229103088378906e+01
-8.996765136718750000e+01,2.718293190002441406e+01
-8.996801757812500000e+01,2.718203163146972656e+01
-8.996722412109375000e+01,2.718360137939453125e+01
-8.996772003173828125e+01,2.718326377868652344e+01
-8.996787261962890625e+01,2.718264007568359375e+01
-8.996711730957031250e+01,2.718337631225585938e+01
-8.996746826171875000e+01,2.718381118774414062e+01
-8.996791839599609375e+01,2.718277740478515625e+01
-8.996744537353515625e+01,2.718389511108398438e+01
-8.996772766113281250e+01,2.718263435363769531e+01
-8.996779632568359375e+01,2.718233299255371094e+01
-8.996752929687500000e+01,2.718345832824707031e+01
-8.996780395507812500e+01,2.718175315856933594e+01
-8.996784210205078125e+01,2.718243408203125000e+01
-8.996794891357421875e+01,2.718202590942382812e+01
-8.996755981445312500e+01,2.718346214294433594e+01
-8.996771240234375000e+01,2.718199920654296875e+01
-8.996763610839843750e+01,2.718198013305664062e+01
-8.996754455566406250e+01,2.718348693847656250e+01
-8.996781158447265625e+01,2.718303108215332031e+01
-8.996775817871093750e+01,2.718380355834960938e+01
-8.996744537353515625e+01,2.718346977233886719e+01
-8.996743011474609375e+01,2.718387413024902344e+01
-8.996808624267578125e+01,2.718214225769042969e+01
-8.996782684326171875e+01,2.718296241760253906e+01
-8.996779632568359375e+01,2.718358421325683594e+01
-8.996759796142578125e+01,2.718215560913085938e+01
-8.996794891357421875e+01,2.718238258361816406e+01
-8.996708679199218750e+01,2.718381690979003906e+01
-8.996777343750000000e+01,2.718325996398925781e+01
-8.996774291992187500e+01,2.718329429626464844e+01
-8.996720123291015625e+01,2.718326377868652344e+01
-8.996749114990234375e+01,2.718235397338867188e+01
-8.996781921386718750e+01,2.718309974670410156e+01
-8.996800231933593750e+01,2.718282890319824219e+01
-8.996762847900390625e+01,2.718305206298828125e+01
-8.996784973144531250e+01,2.718342018127441406e+01
-8.996777343750000000e+01,2.718363761901855469e+01
-8.996778106689453125e+01,2.718290901184082031e+01
-8.996762084960937500e+01,2.718387031555175781e+01
-8.996726989746093750e+01,2.718296241760253906e+01
-8.996800994873046875e+01,2.718209457397460938e+01
-8.996768188476562500e+01,2.718390464782714844e+01
-8.996762847900390625e+01,2.718222618103027344e+01
-8.996794128417968750e+01,2.718242835998535156e+01
-8.996764373779296875e+01,2.718325233459472656e+01
-8.996730041503906250e+01,2.718383979797363281e+01
-8.996747589111328125e+01,2.718402290344238281e+01
-8.996738433837890625e+01,2.718295860290527344e+01
-8.996791076660156250e+01,2.718262290954589844e+01
-8.996764373779296875e+01,2.718408584594726562e+01
-8.996798706054687500e+01,2.718202400207519531e+01
-8.996796417236328125e+01,2.718272972106933594e+01
-8.996770477294921875e+01,2.718313980102539062e+01
-8.996758270263671875e+01,2.718391418457031250e+01
-8.996717071533203125e+01,2.718314552307128906e+01
-8.996766662597656250e+01,2.718260765075683594e+01
-8.996778869628906250e+01,2.718246650695800781e+01
-8.996739959716796875e+01,2.718431282043457031e+01
-8.996783447265625000e+01,2.718191337585449219e+01
-8.996759796142578125e+01,2.718339157104492188e+01
-8.996770477294921875e+01,2.718218231201171875e+01
-8.996748352050781250e+01,2.718296432495117188e+01
-8.996777343750000000e+01,2.718186950683593750e+01
-8.996723175048828125e+01,2.718275260925292969e+01
-8.996788024902343750e+01,2.718211555480957031e+01
-8.996794891357421875e+01,2.718171691894531250e+01
-8.996740722656250000e+01,2.718412208557128906e+01
-8.996765899658203125e+01,2.718206596374511719e+01
-8.996779632568359375e+01,2.718264579772949219e+01
-8.996728515625000000e+01,2.718265342712402344e+01
-8.996731567382812500e+01,2.718320083618164062e+01
-8.996778106689453125e+01,2.718324661254882812e+01
-8.996787261962890625e+01,2.718241691589355469e+01
-8.996718597412109375e+01,2.718406486511230469e+01
-8.996752166748046875e+01,2.718209075927734375e+01
-8.996737670898437500e+01,2.718313598632812500e+01
-8.996794128417968750e+01,2.718255043029785156e+01
-8.996768188476562500e+01,2.718371582031250000e+01
-8.996768188476562500e+01,2.718368721008300781e+01
-8.996725463867187500e+01,2.718330764770507812e+01
-8.996781921386718750e+01,2.718335342407226562e+01
-8.996730041503906250e+01,2.718390464782714844e+01
-8.996714782714843750e+01,2.718381309509277344e+01
-8.996743011474609375e+01,2.718281364440917969e+01
-8.996712493896484375e+01,2.718351554870605469e+01
-8.996790313720703125e+01,2.718192481994628906e+01
-8.996730041503906250e+01,2.718360137939453125e+01
-8.996810150146484375e+01,2.718244934082031250e+01
-8.996736907958984375e+01,2.718313598632812500e+01
-8.996789550781250000e+01,2.718238258361816406e+01
-8.996727752685546875e+01,2.718256378173828125e+01
-8.996789550781250000e+01,2.718329429626464844e+01
-8.996755981445312500e+01,2.718407630920410156e+01
-8.996762084960937500e+01,2.718325042724609375e+01
-8.996778869628906250e+01,2.718224143981933594e+01
-8.996791076660156250e+01,2.718238067626953125e+01
-8.996754455566406250e+01,2.718399620056152344e+01
-8.996786499023437500e+01,2.718241691589355469e+01
-8.996775817871093750e+01,2.718192863464355469e+01
-8.996762847900390625e+01,2.718229484558105469e+01
-8.996794128417968750e+01,2.718186378479003906e+01
-8.996761322021484375e+01,2.718349266052246094e+01
-8.996776580810546875e+01,2.718309211730957031e+01
-8.996777343750000000e+01,2.718318176269531250e+01
-8.996759796142578125e+01,2.718249893188476562e+01
-8.996776580810546875e+01,2.718250846862792969e+01
-8.996810913085937500e+01,2.718211746215820312e+01
-8.996742248535156250e+01,2.718245315551757812e+01
-8.996789550781250000e+01,2.718196296691894531e+01
-8.996759796142578125e+01,2.718260383605957031e+01
-8.996753692626953125e+01,2.718274497985839844e+01
-8.996747589111328125e+01,2.718430900573730469e+01
-8.996747589111328125e+01,2.718301010131835938e+01
-8.996783447265625000e+01,2.718285751342773438e+01
-8.996772766113281250e+01,2.718335723876953125e+01
-8.996765136718750000e+01,2.718338775634765625e+01
-8.996748352050781250e+01,2.718280982971191406e+01
-8.996745300292968750e+01,2.718242645263671875e+01
-8.996785736083984375e+01,2.718189811706542969e+01
-8.996751403808593750e+01,2.718347549438476562e+01
-8.996762084960937500e+01,2.718353080749511719e+01
-8.996768188476562500e+01,2.718391799926757812e+01
-8.996782684326171875e+01,2.718275642395019531e+01
-8.996789550781250000e+01,2.718270111083984375e+01
-8.996744537353515625e+01,2.718410491943359375e+01
-8.996782684326171875e+01,2.718202781677246094e+01
-8.996711730957031250e+01,2.718353462219238281e+01
-8.996733856201171875e+01,2.718258476257324219e+01
-8.996746063232421875e+01,2.718344116210937500e+01
-8.996718597412109375e+01,2.718312263488769531e+01
-8.996780395507812500e+01,2.718189430236816406e+01
-8.996743774414062500e+01,2.718365478515625000e+01
-8.996746063232421875e+01,2.718359565734863281e+01
-8.996788024902343750e+01,2.718253707885742188e+01
-8.996768188476562500e+01,2.718264961242675781e+01
-8.996728515625000000e+01,2.718414878845214844e+01
-8.996757507324218750e+01,2.718306922912597656e+01
-8.996767425537109375e+01,2.718304634094238281e+01
-8.996725463867187500e+01,2.718317413330078125e+01
-8.996716308593750000e+01,2.718372344970703125e+01
-8.996802520751953125e+01,2.718254470825195312e+01
-8.996772003173828125e+01,2.718346214294433594e+01
-8.996762084960937500e+01,2.718238449096679688e+01
-8.996754455566406250e+01,2.718219566345214844e+01
-8.996738433837890625e+01,2.718325996398925781e+01
-8.996766662597656250e+01,2.718338012695312500e+01
-8.996786499023437500e+01,2.718239021301269531e+01
-8.996726989746093750e+01,2.718294906616210938e+01
-8.996766662597656250e+01,2.718201065063476562e+01
-8.996760559082031250e+01,2.718349075317382812e+01
-8.996777343750000000e+01,2.718358802795410156e+01
-8.996779632568359375e+01,2.718345451354980469e+01
-8.996743774414062500e+01,2.718418121337890625e+01
-8.996781158447265625e+01,2.718313980102539062e+01
-8.996775817871093750e+01,2.718265342712402344e+01
-8.996748352050781250e+01,2.718312835693359375e+01
-8.996813201904296875e+01,2.718248367309570312e+01
-8.996770477294921875e+01,2.718251609802246094e+01
-8.996729278564453125e+01,2.718322944641113281e+01
-8.996736145019531250e+01,2.718414115905761719e+01
-8.996791076660156250e+01,2.718213462829589844e+01
-8.996737670898437500e+01,2.718340873718261719e+01
-8.996754455566406250e+01,2.718405151367187500e+01
-8.996756744384765625e+01,2.718273162841796875e+01
-8.996730041503906250e+01,2.718251991271972656e+01
-8.996721649169921875e+01,2.718295288085937500e+01
-8.996766662597656250e+01,2.718386459350585938e+01
-8.996734619140625000e+01,2.718319511413574219e+01
-8.996738433837890625e+01,2.718331336975097656e+01
-8.996791839599609375e+01,2.718221664428710938e+01
-8.996761322021484375e+01,2.718272399902343750e+01
-8.996746063232421875e+01,2.718319892883300781e+01
-8.996773529052734375e+01,2.718223381042480469e+01
-8.996715545654296875e+01,2.718340682983398438e+01
-8.996758270263671875e+01,2.718331718444824219e+01
-8.996786499023437500e+01,2.718270111083984375e+01
-8.996765136718750000e+01,2.718355751037597656e+01
-8.996729278564453125e+01,2.718396377563476562e+01
-8.996768188476562500e+01,2.718297386169433594e+01
-8.996784973144531250e+01,2.718182373046875000e+01
-8.996717834472656250e+01,2.718320846557617188e+01
-8.996732330322265625e+01,2.718285751342773438e+01
-8.996761322021484375e+01,2.718383216857910156e+01
-8.996758270263671875e+01,2.718290710449218750e+01
-8.996780395507812500e+01,2.718184280395507812e+01
-8.996771240234375000e+01,2.718231201171875000e+01
-8.996779632568359375e+01,2.718336296081542969e+01
-8.996803283691406250e+01,2.718246078491210938e+01
-8.996766662597656250e+01,2.718205642700195312e+01
-8.996730041503906250e+01,2.718392372131347656e+01
-8.996788787841796875e+01,2.718290519714355469e+01
-8.996762084960937500e+01,2.718337821960449219e+01
-8.996748352050781250e+01,2.718397331237792969e+01
-8.996775054931640625e+01,2.718299865722656250e+01
-8.996754455566406250e+01,2.718221282958984375e+01
-8.996743011474609375e+01,2.718255996704101562e+01
-8.996770477294921875e+01,2.718366813659667969e+01
-8.996755981445312500e+01,2.718320274353027344e+01
-8.996778869628906250e+01,2.718306350708007812e+01
-8.996773529052734375e+01,2.718355178833007812e+01
-8.996723937988281250e+01,2.718357658386230469e+01
-8.996788787841796875e+01,2.718291664123535156e+01
-8.996773529052734375e+01,2.718199729919433594e+01
-8.996797180175781250e+01,2.718272209167480469e+01
-8.996758270263671875e+01,2.718392562866210938e+01
-8.996726226806640625e+01,2.718351936340332031e+01
-8.996797943115234375e+01,2.718171310424804688e+01
-8.996752929687500000e+01,2.718234825134277344e+01
-8.996723175048828125e+01,2.718412017822265625e+01
-8.996792602539062500e+01,2.718206024169921875e+01
-8.996779632568359375e+01,2.718202400207519531e+01
-8.996726989746093750e+01,2.718340110778808594e+01
-8.996794891357421875e+01,2.718252563476562500e+01
-8.996789550781250000e+01,2.718315124511718750e+01
-8.996789550781250000e+01,2.718325614929199219e+01
-8.996781921386718750e+01,2.718277740478515625e+01
-8.996762084960937500e+01,2.718361663818359375e+01
-8.996755981445312500e+01,2.718346214294433594e+01
-8.996739959716796875e+01,2.718259811401367188e+01
-8.996790313720703125e+01,2.718296813964843750e+01
-8.996743011474609375e+01,2.718293380737304688e+01
-8.996809387207031250e+01,2.718242645263671875e+01
-8.996762084960937500e+01,2.718262481689453125e+01
-8.996755218505859375e+01,2.718288803100585938e+01
-8.996726989746093750e+01,2.718418884277343750e+01
-8.996762084960937500e+01,2.718342208862304688e+01
-8.996747589111328125e+01,2.718364715576171875e+01
-8.996747589111328125e+01,2.718283653259277344e+01
-8.996785736083984375e+01,2.718337440490722656e+01
-8.996800231933593750e+01,2.718253326416015625e+01
-8.996736907958984375e+01,2.718251228332519531e+01
-8.996772003173828125e+01,2.718260765075683594e+01
-8.996768951416015625e+01,2.718309783935546875e+01
-8.996752166748046875e+01,2.718229866027832031e+01
-8.996733093261718750e+01,2.718244171142578125e+01
-8.996723175048828125e+01,2.718290901184082031e+01
-8.996780395507812500e+01,2.718230819702148438e+01
-8.996724700927734375e+01,2.718273162841796875e+01
-8.996739196777343750e+01,2.718321418762207031e+01
-8.996749114990234375e+01,2.718271446228027344e+01
-8.996736907958984375e+01,2.718403816223144531e+01
-8.996756744384765625e+01,2.718370437622070312e+01
-8.996746826171875000e+01,2.718375778198242188e+01
-8.996734619140625000e+01,2.718263626098632812e+01
-8.996790313720703125e+01,2.718239974975585938e+01
-8.996759796142578125e+01,2.718374824523925781e+01
-8.996765899658203125e+01,2.718393135070800781e+01
-8.996771240234375000e+01,2.718225097656250000e+01
-8.996730041503906250e+01,2.718252754211425781e+01
-8.996784973144531250e+01,2.718241310119628906e+01
-8.996752166748046875e+01,2.718230819702148438e+01
-8.996753692626953125e+01,2.718313980102539062e+01
-8.996777343750000000e+01,2.718369674682617188e+01
-8.996759033203125000e+01,2.718337249755859375e+01
-8.996776580810546875e+01,2.718321228027343750e+01
-8.996720123291015625e+01,2.718318748474121094e+01
-8.996746063232421875e+01,2.718340492248535156e+01
-8.996760559082031250e+01,2.718393707275390625e+01
-8.996768188476562500e+01,2.718339920043945312e+01
-8.996738433837890625e+01,2.718367385864257812e+01
-8.996791076660156250e+01,2.718277931213378906e+01
-8.996763610839843750e+01,2.718330955505371094e+01
-8.996749114990234375e+01,2.718275451660156250e+01
-8.996717834472656250e+01,2.718338203430175781e+01
-8.996785736083984375e+01,2.718278503417968750e+01
-8.996748352050781250e+01,2.718313407897949219e+01
-8.996757507324218750e+01,2.718342781066894531e+01
-8.996718597412109375e+01,2.718356132507324219e+01
-8.996767425537109375e+01,2.718324470520019531e+01
-8.996787261962890625e+01,2.718242263793945312e+01
-8.996742248535156250e+01,2.718409538269042969e+01
-8.996784210205078125e+01,2.718314552307128906e+01
-8.996738433837890625e+01,2.718368148803710938e+01
-8.996766662597656250e+01,2.718339538574218750e+01
-8.996810150146484375e+01,2.718247795104980469e+01
-8.996739196777343750e+01,2.718280982971191406e+01
-8.996790313720703125e+01,2.718275833129882812e+01
-8.996757507324218750e+01,2.718393135070800781e+01
-8.996754455566406250e+01,2.718409156799316406e+01
-8.996721649169921875e+01,2.718286132812500000e+01
-8.996737670898437500e+01,2.718322563171386719e+01
-8.996776580810546875e+01,2.718375205993652344e+01
-8.996729278564453125e+01,2.718413352966308594e+01
-8.996786499023437500e+01,2.718271827697753906e+01
-8.996732330322265625e+01,2.718318176269531250e+01
-8.996725463867187500e+01,2.718287849426269531e+01
-8.996715545654296875e+01,2.718364906311035156e+01
-8.996733856201171875e+01,2.718392562866210938e+01
-8.996768951416015625e+01,2.718255805969238281e+01
-8.996795654296875000e+01,2.718290710449218750e+01
-8.996740722656250000e+01,2.718422508239746094e+01
-8.996735382080078125e+01,2.718371200561523438e+01
-8.996747589111328125e+01,2.718385696411132812e+01
-8.996729278564453125e+01,2.718296241760253906e+01
-8.996752166748046875e+01,2.718353843688964844e+01
-8.996739959716796875e+01,2.718336868286132812e+01
-8.996750640869140625e+01,2.718362045288085938e+01
-8.996787261962890625e+01,2.718165588378906250e+01
-8.996748352050781250e+01,2.718318557739257812e+01
-8.996768188476562500e+01,2.718311119079589844e+01
-8.996746063232421875e+01,2.718258666992187500e+01
-8.996746063232421875e+01,2.718384933471679688e+01
-8.996740722656250000e+01,2.718303298950195312e+01
-8.996788024902343750e+01,2.718290710449218750e+01
-8.996766662597656250e+01,2.718208312988281250e+01
-8.996769714355468750e+01,2.718362808227539062e+01
-8.996743774414062500e+01,2.718413925170898438e+01
-8.996776580810546875e+01,2.718206596374511719e+01
-8.996793365478515625e+01,2.718278503417968750e+01
-8.996786499023437500e+01,2.718243408203125000e+01
-8.996704864501953125e+01,2.718355178833007812e+01
-8.996741485595703125e+01,2.718334579467773438e+01
-8.996795654296875000e+01,2.718210029602050781e+01
-8.996750640869140625e+01,2.718277931213378906e+01
-8.996748352050781250e+01,2.718246078491210938e+01
-8.996804809570312500e+01,2.718208312988281250e+01
-8.996723175048828125e+01,2.718305587768554688e+01
-8.996721649169921875e+01,2.718348884582519531e+01
-8.996725463867187500e+01,2.718391418457031250e+01
-8.996774291992187500e+01,2.718209457397460938e+01
-8.996729278564453125e+01,2.718320846557617188e+01
-8.996773529052734375e+01,2.718356513977050781e+01
-8.996792602539062500e+01,2.718188667297363281e+01
-8.996798706054687500e+01,2.718238449096679688e+01
-8.996770477294921875e+01,2.718332672119140625e+01
-8.996746063232421875e+01,2.718425178527832031e+01
-8.996805572509765625e+01,2.718211555480957031e+01
-8.996796417236328125e+01,2.718273735046386719e+01
-8.996726989746093750e+01,2.718381500244140625e+01
-8.996769714355468750e+01,2.718196678161621094e+01
-8.996736907958984375e+01,2.718319511413574219e+01
-8.996775817871093750e+01,2.718328666687011719e+01
-8.996786499023437500e+01,2.718193435668945312e+01
-8.996706390380859375e+01,2.718385505676269531e+01
-8.996733856201171875e+01,2.718363571166992188e+01
-8.996766662597656250e+01,2.718407821655273438e+01
-8.996798706054687500e+01,2.718283843994140625e+01
-8.996760559082031250e+01,2.718240737915039062e+01
-8.996723175048828125e+01,2.718285179138183594e+01
-8.996784973144531250e+01,2.718187332153320312e+01
-8.996768951416015625e+01,2.718242835998535156e+01
-8.996729278564453125e+01,2.718394279479980469e+01
-8.996720123291015625e+01,2.718290328979492188e+01
-8.996765899658203125e+01,2.718289947509765625e+01
-8.996722412109375000e+01,2.718311119079589844e+01
-8.996804046630859375e+01,2.718215370178222656e+01
-8.996797180175781250e+01,2.718248176574707031e+01
-8.996721649169921875e+01,2.718333435058593750e+01
-8.996782684326171875e+01,2.718349838256835938e+01
-8.996792602539062500e+01,2.718249511718750000e+01
-8.996729278564453125e+01,2.718400573730468750e+01
-8.996774291992187500e+01,2.718367004394531250e+01
-8.996781921386718750e+01,2.718343353271484375e+01
-8.996742248535156250e+01,2.718321418762207031e+01
-8.996736907958984375e+01,2.718339347839355469e+01
-8.996744537353515625e+01,2.718315887451171875e+01
-8.996788024902343750e+01,2.718252754211425781e+01
-8.996773529052734375e+01,2.718333244323730469e+01
-8.996740722656250000e+01,2.718408966064453125e+01
-8.996704864501953125e+01,2.718379592895507812e+01
-8.996744537353515625e+01,2.718276023864746094e+01
-8.996790313720703125e+01,2.718264389038085938e+01
-8.996746826171875000e+01,2.718212699890136719e+01
-8.996779632568359375e+01,2.718338966369628906e+01
-8.996780395507812500e+01,2.718178558349609375e+01
-8.996784973144531250e+01,2.718245697021484375e+01
-8.996758270263671875e+01,2.718350219726562500e+01
-8.996747589111328125e+01,2.718320655822753906e+01
-8.996768951416015625e+01,2.718230628967285156e+01
-8.996737670898437500e+01,2.718382263183593750e+01
-8.996717071533203125e+01,2.718360710144042969e+01
-8.996748352050781250e+01,2.718229484558105469e+01
-8.996727752685546875e+01,2.718299674987792969e+01
-8.996747589111328125e+01,2.718283271789550781e+01
-8.996739959716796875e+01,2.718411636352539062e+01
-8.996797180175781250e+01,2.718279457092285156e+01
-8.996759796142578125e+01,2.718390274047851562e+01
-8.996751403808593750e+01,2.718364906311035156e+01
-8.996724700927734375e+01,2.718393325805664062e+01
-8.996746063232421875e+01,2.718389701843261719e+01
-8.996734619140625000e+01,2.718404769897460938e+01
-8.996736907958984375e+01,2.718417930603027344e+01
-8.996775054931640625e+01,2.718346595764160156e+01
-8.996755218505859375e+01,2.718372535705566406e+01
-8.996745300292968750e+01,2.718318557739257812e+01
-8.996731567382812500e+01,2.718255043029785156e+01
-8.996715545654296875e+01,2.718388366699218750e+01
-8.996768951416015625e+01,2.718254661560058594e+01
-8.996757507324218750e+01,2.718219375610351562e+01
-8.996723937988281250e+01,2.718293380737304688e+01
-8.996766662597656250e+01,2.718395042419433594e+01
-8.996752166748046875e+01,2.718210220336914062e+01
-8.996746063232421875e+01,2.718225288391113281e+01
-8.996742248535156250e+01,2.718248748779296875e+01
-8.996774291992187500e+01,2.718206977844238281e+01
-8.996715545654296875e+01,2.718329811096191406e+01
-8.996793365478515625e+01,2.718262481689453125e+01
-8.996749114990234375e+01,2.718421554565429688e+01
-8.996800231933593750e+01,2.718259048461914062e+01
-8.996778106689453125e+01,2.718226623535156250e+01
-8.996782684326171875e+01,2.718271827697753906e+01
-8.996724700927734375e+01,2.718420600891113281e+01
-8.996782684326171875e+01,2.718291854858398438e+01
-8.996713256835937500e+01,2.718353271484375000e+01
-8.996783447265625000e+01,2.718163681030273438e+01
-8.996796417236328125e+01,2.718229866027832031e+01
-8.996760559082031250e+01,2.718372344970703125e+01
-8.996736145019531250e+01,2.718295860290527344e+01
-8.996758270263671875e+01,2.718232536315917969e+01
-8.996711730957031250e+01,2.718367576599121094e+01
-8.996795654296875000e+01,2.718227958679199219e+01
-8.996746826171875000e+01,2.718274688720703125e+01
-8.996750640869140625e+01,2.718359947204589844e+01
-8.996808624267578125e+01,2.718255996704101562e+01
-8.996770477294921875e+01,2.718312263488769531e+01
-8.996802520751953125e+01,2.718232154846191406e+01
-8.996754455566406250e+01,2.718337631225585938e+01
-8.996705627441406250e+01,2.718347740173339844e+01
-8.996745300292968750e+01,2.718214797973632812e+01
-8.996746826171875000e+01,2.718264007568359375e+01
-8.996730041503906250e+01,2.718404006958007812e+01
-8.996772766113281250e+01,2.718314743041992188e+01
-8.996793365478515625e+01,2.718212509155273438e+01
-8.996724700927734375e+01,2.718325805664062500e+01
-8.996706390380859375e+01,2.718383407592773438e+01
-8.996789550781250000e+01,2.718301963806152344e+01
-8.996761322021484375e+01,2.718369865417480469e+01
-8.996740722656250000e+01,2.718305015563964844e+01
-8.996768951416015625e+01,2.718219184875488281e+01
-8.996734619140625000e+01,2.718238067626953125e+01
-8.996778869628906250e+01,2.718223762512207031e+01
-8.996724700927734375e+01,2.718306350708007812e+01
-8.996788787841796875e+01,2.718211174011230469e+01
-8.996749877929687500e+01,2.718237113952636719e+01
-8.996756744384765625e+01,2.718276214599609375e+01
-8.996727752685546875e+01,2.718350410461425781e+01
-8.996803283691406250e+01,2.718219184875488281e+01
-8.996736907958984375e+01,2.718369865417480469e+01
-8.996768951416015625e+01,2.718357086181640625e+01
-8.996790313720703125e+01,2.718239593505859375e+01
-8.996765136718750000e+01,2.718256568908691406e+01
-8.996769714355468750e+01,2.718371391296386719e+01
-8.996771240234375000e+01,2.718327331542968750e+01
-8.996794891357421875e+01,2.718276214599609375e+01
-8.996720123291015625e+01,2.718365669250488281e+01
-8.996767425537109375e+01,2.718212509155273438e+01
-8.996746826171875000e+01,2.718368339538574219e+01
-8.996764373779296875e+01,2.718263816833496094e+01
-8.996786499023437500e+01,2.718273544311523438e+01
-8.996781921386718750e+01,2.718234062194824219e+01
-8.996761322021484375e+01,2.718321228027343750e+01
-8.996772003173828125e+01,2.718235206604003906e+01
-8.996788787841796875e+01,2.718317413330078125e+01
-8.996788787841796875e+01,2.718233108520507812e+01
-8.996715545654296875e+01,2.718325424194335938e+01
-8.996733856201171875e+01,2.718420028686523438e+01
-8.996714019775390625e+01,2.718343353271484375e+01
-8.996765899658203125e+01,2.718204116821289062e+01
-8.996727752685546875e+01,2.718378067016601562e+01
-8.996724700927734375e+01,2.718372726440429688e+01
-8.996754455566406250e+01,2.718219566345214844e+01
-8.996757507324218750e+01,2.718368721008300781e+01
-8.996800231933593750e+01,2.718231201171875000e+01
-8.996783447265625000e+01,2.718313217163085938e+01
-8.996777343750000000e+01,2.718229675292968750e+01
-8.996706390380859375e+01,2.718345260620117188e+01
-8.996801757812500000e+01,2.718222808837890625e+01
-8.996800994873046875e+01,2.718219947814941406e+01
-8.996736145019531250e+01,2.718287849426269531e+01
-8.996751403808593750e+01,2.718225288391113281e+01
-8.996759796142578125e+01,2.718320465087890625e+01
-8.996785736083984375e+01,2.718340110778808594e+01
-8.996748352050781250e+01,2.718230438232421875e+01
-8.996768188476562500e+01,2.718270874023437500e+01
-8.996756744384765625e+01,2.718351173400878906e+01
-8.996786499023437500e+01,2.718326759338378906e+01
-8.996768188476562500e+01,2.718268013000488281e+01
-8.996767425537109375e+01,2.718266868591308594e+01
-8.996721649169921875e+01,2.718384361267089844e+01
-8.996711730957031250e+01,2.718338203430175781e+01
-8.996807098388671875e+01,2.718260765075683594e+01
-8.996762084960937500e+01,2.718283462524414062e+01
-8.996782684326171875e+01,2.718307876586914062e+01
-8.996754455566406250e+01,2.718294525146484375e+01
-8.996791076660156250e+01,2.718216323852539062e+01
-8.996744537353515625e+01,2.718413734436035156e+01
-8.996722412109375000e+01,2.718367385864257812e+01
-8.996786499023437500e+01,2.718276786804199219e+01
-8.996787261962890625e+01,2.718294525146484375e+01
-8.996786499023437500e+01,2.718295288085937500e+01
-8.996765136718750000e+01,2.718190765380859375e+01
-8.996716308593750000e+01,2.718351364135742188e+01
-8.996771240234375000e+01,2.718275642395019531e+01
-8.996800231933593750e+01,2.718172264099121094e+01
-8.996772003173828125e+01,2.718215560913085938e+01
-8.996704864501953125e+01,2.718381690979003906e+01
-8.996729278564453125e+01,2.718323707580566406e+01
-8.996755981445312500e+01,2.718296051025390625e+01
-8.996749877929687500e+01,2.718235397338867188e+01
-8.996769714355468750e+01,2.718275260925292969e+01
-8.996795654296875000e+01,2.718228149414062500e+01
-8.996784973144531250e+01,2.718193244934082031e+01
-8.996777343750000000e+01,2.718234443664550781e+01
-8.996782684326171875e+01,2.718220520019531250e+01
-8.996777343750000000e+01,2.718235588073730469e+01
-8.996720123291015625e+01,2.718385124206542969e+01
-8.996733856201171875e+01,2.718356513977050781e+01
-8.996782684326171875e+01,2.718289756774902344e+01
-8.996749877929687500e+01,2.718234634399414062e+01
-8.996772766113281250e+01,2.718347930908203125e+01
-8.996745300292968750e+01,2.718259429931640625e+01
-8.996772766113281250e+01,2.718264389038085938e+01
-8.996743011474609375e+01,2.718247413635253906e+01
-8.996721649169921875e+01,2.718274116516113281e+01
-8.996809387207031250e+01,2.718249320983886719e+01
-8.996734619140625000e+01,2.718260574340820312e+01
-8.996748352050781250e+01,2.718380737304687500e+01
-8.996794128417968750e+01,2.718234443664550781e+01
-8.996804809570312500e+01,2.718233108520507812e+01
-8.996759796142578125e+01,2.718219566345214844e+01
-8.996778869628906250e+01,2.718231773376464844e+01
-8.996748352050781250e+01,2.718303489685058594e+01
-8.996743774414062500e+01,2.718385314941406250e+01
-8.996788787841796875e+01,2.718334007263183594e+01
-8.996762847900390625e+01,2.718229103088378906e+01
-8.996746063232421875e+01,2.718404579162597656e+01
-8.996755218505859375e+01,2.718394660949707031e+01
-8.996777343750000000e+01,2.718209648132324219e+01
-8.996717834472656250e+01,2.718410110473632812e+01
-8.996753692626953125e+01,2.718256187438964844e+01
-8.996742248535156250e+01,2.718278694152832031e+01
-8.996739196777343750e+01,2.718261909484863281e+01
-8.996733093261718750e+01,2.718298339843750000e+01
-8.996719360351562500e+01,2.718385505676269531e+01
-8.996780395507812500e+01,2.718359947204589844e+01
-8.996795654296875000e+01,2.718173599243164062e+01
-8.996743774414062500e+01,2.718332862854003906e+01
-8.996787261962890625e+01,2.718345642089843750e+01
-8.996720886230468750e+01,2.718373680114746094e+01
-8.996777343750000000e+01,2.718346214294433594e+01
-8.996746826171875000e+01,2.718367385864257812e+01
-8.996727752685546875e+01,2.718368911743164062e+01
-8.996749877929687500e+01,2.718348884582519531e+01
-8.996733856201171875e+01,2.718250465393066406e+01
-8.996724700927734375e+01,2.718412399291992188e+01
-8.996738433837890625e+01,2.718303680419921875e+01
-8.996771240234375000e+01,2.718283843994140625e+01
-8.996767425537109375e+01,2.718241119384765625e+01
-8.996716308593750000e+01,2.718355369567871094e+01
-8.996765136718750000e+01,2.718382835388183594e+01
-8.996780395507812500e+01,2.718350791931152344e+01
-8.996733856201171875e+01,2.718372917175292969e+01
-8.996780395507812500e+01,2.718288993835449219e+01
-8.996776580810546875e+01,2.718338203430175781e+01
-8.996732330322265625e+01,2.718260574340820312e+01
-8.996750640869140625e+01,2.718408966064453125e+01
-8.996730804443359375e+01,2.718316078186035156e+01
-8.996724700927734375e+01,2.718332862854003906e+01
-8.996794128417968750e+01,2.718213272094726562e+01
-8.996730804443359375e+01,2.718254089355468750e+01
-8.996785736083984375e+01,2.718174934387207031e+01
-8.996749877929687500e+01,2.718370056152343750e+01
-8.996754455566406250e+01,2.718363571166992188e+01
-8.996780395507812500e+01,2.718244171142578125e+01
-8.996725463867187500e+01,2.718360710144042969e+01
-8.996770477294921875e+01,2.718260955810546875e+01
-8.996750640869140625e+01,2.718322563171386719e+01
-8.996799468994140625e+01,2.718213272094726562e+01
-8.996753692626953125e+01,2.718354415893554688e+01
-8.996722412109375000e+01,2.718293190002441406e+01
-8.996735382080078125e+01,2.718248558044433594e+01
-8.996717834472656250e+01,2.718317985534667969e+01
-8.996766662597656250e+01,2.718262481689453125e+01
-8.996721649169921875e+01,2.718322753906250000e+01
-8.996778869628906250e+01,2.718295288085937500e+01
-8.996733093261718750e+01,2.718386459350585938e+01
-8.996765899658203125e+01,2.718281745910644531e+01
-8.996774291992187500e+01,2.718326568603515625e+01
-8.996757507324218750e+01,2.718328285217285156e+01
-8.996775054931640625e+01,2.718260383605957031e+01
-8.996770477294921875e+01,2.718295669555664062e+01
-8.996739196777343750e+01,2.718260765075683594e+01
-8.996789550781250000e+01,2.718321609497070312e+01
-8.996739959716796875e+01,2.718413543701171875e+01
-8.996761322021484375e+01,2.718320655822753906e+01
-8.996739959716796875e+01,2.718314170837402344e+01
-8.996790313720703125e+01,2.718235397338867188e+01
-8.996781921386718750e+01,2.718241691589355469e+01
-8.996801757812500000e+01,2.718205833435058594e+01
-8.996779632568359375e+01,2.718222618103027344e+01
-8.996727752685546875e+01,2.718371009826660156e+01
-8.996767425537109375e+01,2.718382644653320312e+01
-8.996807861328125000e+01,2.718215179443359375e+01
-8.996766662597656250e+01,2.718253326416015625e+01
-8.996765899658203125e+01,2.718228340148925781e+01
-8.996775817871093750e+01,2.718194007873535156e+01
-8.996754455566406250e+01,2.718275260925292969e+01
-8.996782684326171875e+01,2.718209266662597656e+01
-8.996743774414062500e+01,2.718243217468261719e+01
-8.996750640869140625e+01,2.718336677551269531e+01
-8.996724700927734375e+01,2.718353652954101562e+01
-8.996739959716796875e+01,2.718231964111328125e+01
-8.996774291992187500e+01,2.718282699584960938e+01
-8.996777343750000000e+01,2.718229866027832031e+01
-8.996720886230468750e+01,2.718324851989746094e+01
-8.996718597412109375e+01,2.718345260620117188e+01
-8.996791839599609375e+01,2.718299102783203125e+01
-8.996745300292968750e+01,2.718214988708496094e+01
-8.996727752685546875e+01,2.718312644958496094e+01
-8.996739959716796875e+01,2.718390655517578125e+01
-8.996771240234375000e+01,2.718349838256835938e+01
-8.996778106689453125e+01,2.718363761901855469e+01
-8.996759796142578125e+01,2.718201637268066406e+01
-8.996746063232421875e+01,2.718214797973632812e+01
-8.996761322021484375e+01,2.718401718139648438e+01
-8.996781158447265625e+01,2.718179130554199219e+01
-8.996720123291015625e+01,2.718316268920898438e+01
-8.996716308593750000e+01,2.718298339843750000e+01
-8.996789550781250000e+01,2.718268966674804688e+01
-8.996710968017578125e+01,2.718375015258789062e+01
-8.996759033203125000e+01,2.718388748168945312e+01
-8.996749114990234375e+01,2.718304824829101562e+01
-8.996743774414062500e+01,2.718262863159179688e+01
-8.996737670898437500e+01,2.718290138244628906e+01
-8.996746063232421875e+01,2.718231582641601562e+01
-8.996792602539062500e+01,2.718298912048339844e+01
-8.996739196777343750e+01,2.718335342407226562e+01
-8.996750640869140625e+01,2.718270301818847656e+01
-8.996807098388671875e+01,2.718224716186523438e+01
-8.996797180175781250e+01,2.718287658691406250e+01
-8.996761322021484375e+01,2.718331909179687500e+01
-8.996740722656250000e+01,2.718265533447265625e+01
-8.996746826171875000e+01,2.718265724182128906e+01
-8.996757507324218750e+01,2.718226051330566406e+01
-8.996788787841796875e+01,2.718235969543457031e+01
-8.996791076660156250e+01,2.718189430236816406e+01
-8.996775817871093750e+01,2.718253898620605469e+01
-8.996782684326171875e+01,2.718346023559570312e+01
-8.996778106689453125e+01,2.718339157104492188e+01
-8.996741485595703125e+01,2.718377304077148438e+01
-8.996739959716796875e+01,2.718346023559570312e+01
-8.996739196777343750e+01,2.718305015563964844e+01
-8.996733856201171875e+01,2.718405723571777344e+01
-8.996732330322265625e+01,2.718352127075195312e+01
-8.996726226806640625e+01,2.718387603759765625e+01
-8.996713256835937500e+01,2.718373489379882812e+01
-8.996707916259765625e+01,2.718341445922851562e+01
-8.996780395507812500e+01,2.718353652954101562e+01
-8.996778106689453125e+01,2.718184089660644531e+01
-8.996737670898437500e+01,2.718294906616210938e+01
-8.996781158447265625e+01,2.718359565734863281e+01
-8.996715545654296875e+01,2.718334770202636719e+01
-8.996730041503906250e+01,2.718347549438476562e+01
-8.996727752685546875e+01,2.718416786193847656e+01
-8.996732330322265625e+01,2.718325996398925781e+01
-8.996768188476562500e+01,2.718227577209472656e+01
-8.996795654296875000e+01,2.718246269226074219e+01
-8.996793365478515625e+01,2.718219375610351562e+01
-8.996796417236328125e+01,2.718277168273925781e+01
-8.996796417236328125e+01,2.718234825134277344e+01
-8.996744537353515625e+01,2.718418502807617188e+01
-8.996743011474609375e+01,2.718261718750000000e+01
-8.996775817871093750e+01,2.718260765075683594e+01
-8.996736907958984375e+01,2.718409347534179688e+01
-8.996730041503906250e+01,2.718277549743652344e+01
-8.996754455566406250e+01,2.718212509155273438e+01
-8.996726989746093750e+01,2.718364143371582031e+01
-8.996788787841796875e+01,2.718222236633300781e+01
-8.996726226806640625e+01,2.718387794494628906e+01
-8.996759796142578125e+01,2.718360137939453125e+01
-8.996804046630859375e+01,2.718269538879394531e+01
-8.996743774414062500e+01,2.718262290954589844e+01
-8.996779632568359375e+01,2.718305969238281250e+01
-8.996729278564453125e+01,2.718281555175781250e+01
-8.996751403808593750e+01,2.718301200866699219e+01
-8.996781921386718750e+01,2.718256378173828125e+01
-8.996775817871093750e+01,2.718193817138671875e+01
-8.996741485595703125e+01,2.718268013000488281e+01
-8.996778106689453125e+01,2.718226051330566406e+01
-8.996728515625000000e+01,2.718292808532714844e+01
-8.996736145019531250e+01,2.718406677246093750e+01
-8.996800231933593750e+01,2.718249893188476562e+01
-8.996749877929687500e+01,2.718263435363769531e+01
-8.996752166748046875e+01,2.718244171142578125e+01
-8.996739959716796875e+01,2.718262481689453125e+01
-8.996794128417968750e+01,2.718293190002441406e+01
-8.996749114990234375e+01,2.718275642395019531e+01
-8.996783447265625000e+01,2.718330764770507812e+01
-8.996742248535156250e+01,2.718371963500976562e+01
-8.996758270263671875e+01,2.718228530883789062e+01
-8.996752929687500000e+01,2.718314552307128906e+01
-8.996791839599609375e+01,2.718267631530761719e+01
-8.996777343750000000e+01,2.718326759338378906e+01
-8.996746063232421875e+01,2.718366813659667969e+01
-8.996736907958984375e+01,2.718391609191894531e+01
-8.996745300292968750e+01,2.718340301513671875e+01
-8.996755218505859375e+01,2.718387794494628906e+01
-8.996783447265625000e+01,2.718298912048339844e+01
-8.996791076660156250e+01,2.718277740478515625e+01
-8.996812438964843750e+01,2.718219947814941406e+01
-8.996729278564453125e+01,2.718384170532226562e+01
-8.996734619140625000e+01,2.718285369873046875e+01
-8.996714782714843750e+01,2.718413925170898438e+01
-8.996813964843750000e+01,2.718242454528808594e+01
-8.996783447265625000e+01,2.718274879455566406e+01
-8.996759033203125000e+01,2.718319320678710938e+01
-8.996804046630859375e+01,2.718258285522460938e+01
-8.996727752685546875e+01,2.718338775634765625e+01
-8.996738433837890625e+01,2.718281936645507812e+01
-8.996738433837890625e+01,2.718273735046386719e+01
-8.996756744384765625e+01,2.718224334716796875e+01
-8.996773529052734375e+01,2.718334960937500000e+01
-8.996768951416015625e+01,2.718382644653320312e+01
-8.996766662597656250e+01,2.718242454528808594e+01
-8.996788787841796875e+01,2.718174934387207031e+01
-8.996757507324218750e+01,2.718213462829589844e+01
-8.996801757812500000e+01,2.718243217468261719e+01
-8.996781158447265625e+01,2.718284606933593750e+01
-8.996764373779296875e+01,2.718207550048828125e+01
-8.996768188476562500e+01,2.718295097351074219e+01
-8.996743774414062500e+01,2.718237495422363281e+01
-8.996794128417968750e+01,2.718324089050292969e+01
-8.996743011474609375e+01,2.718364143371582031e+01
-8.996794891357421875e+01,2.718268394470214844e+01
-8.996765899658203125e+01,2.718283653259277344e+01
-8.996717834472656250e+01,2.718288803100585938e+01
-8.996746063232421875e+01,2.718306541442871094e+01
-8.996784973144531250e+01,2.718220520019531250e+01
-8.996752929687500000e+01,2.718412208557128906e+01
-8.996734619140625000e+01,2.718304824829101562e+01
-8.996763610839843750e+01,2.718286705017089844e+01
-8.996797943115234375e+01,2.718220520019531250e+01
-8.996773529052734375e+01,2.718275642395019531e+01
-8.996721649169921875e+01,2.718317604064941406e+01
-8.996723937988281250e+01,2.718306732177734375e+01
-8.996788787841796875e+01,2.718251228332519531e+01
-8.996743011474609375e+01,2.718427276611328125e+01
-8.996778869628906250e+01,2.718221855163574219e+01
-8.996777343750000000e+01,2.718229103088378906e+01
-8.996754455566406250e+01,2.718376350402832031e+01
-8.996722412109375000e+01,2.718396949768066406e+01
-8.996743774414062500e+01,2.718396759033203125e+01
-8.996763610839843750e+01,2.718235588073730469e+01
-8.996762847900390625e+01,2.718383598327636719e+01
-8.996801757812500000e+01,2.718243026733398438e+01
-8.996779632568359375e+01,2.718322563171386719e+01
-8.996749877929687500e+01,2.718325424194335938e+01
-8.996768951416015625e+01,2.718373489379882812e+01
-8.996750640869140625e+01,2.718413543701171875e+01
-8.996734619140625000e+01,2.718247032165527344e+01
-8.996795654296875000e+01,2.718254089355468750e+01
-8.996793365478515625e+01,2.718185043334960938e+01
-8.996763610839843750e+01,2.718319511413574219e+01
-8.996714782714843750e+01,2.718353652954101562e+01
-8.996779632568359375e+01,2.718305778503417969e+01
-8.996746063232421875e+01,2.718378448486328125e+01
-8.996815490722656250e+01,2.718213653564453125e+01
-8.996748352050781250e+01,2.718374633789062500e+01
-8.996774291992187500e+01,2.718249320983886719e+01
-8.996739196777343750e+01,2.718265151977539062e+01
-8.996746826171875000e+01,2.718242645263671875e+01
-8.996784210205078125e+01,2.718169975280761719e+01
-8.996719360351562500e+01,2.718322181701660156e+01
-8.996766662597656250e+01,2.718311691284179688e+01
-8.996766662597656250e+01,2.718236541748046875e+01
-8.996714782714843750e+01,2.718375015258789062e+01
-8.996759796142578125e+01,2.718365287780761719e+01
-8.996773529052734375e+01,2.718347549438476562e+01
-8.996755981445312500e+01,2.718298149108886719e+01
-8.996792602539062500e+01,2.718220901489257812e+01
-8.996758270263671875e+01,2.718226051330566406e+01
-8.996763610839843750e+01,2.718225097656250000e+01
-8.996730041503906250e+01,2.718340492248535156e+01
-8.996798706054687500e+01,2.718220138549804688e+01
-8.996777343750000000e+01,2.718309402465820312e+01
-8.996771240234375000e+01,2.718385696411132812e+01
-8.996740722656250000e+01,2.718265151977539062e+01
-8.996792602539062500e+01,2.718253517150878906e+01
-8.996791839599609375e+01,2.718317794799804688e+01
-8.996745300292968750e+01,2.718296241760253906e+01
-8.996768188476562500e+01,2.718267631530761719e+01
-8.996790313720703125e+01,2.718314552307128906e+01
-8.996758270263671875e+01,2.718255615234375000e+01
-8.996746063232421875e+01,2.718243217468261719e+01
-8.996742248535156250e+01,2.718242263793945312e+01
-8.996777343750000000e+01,2.718335342407226562e+01
-8.996728515625000000e+01,2.718390274047851562e+01
-8.996776580810546875e+01,2.718216896057128906e+01
-8.996749877929687500e+01,2.718361854553222656e+01
-8.996753692626953125e+01,2.718348693847656250e+01
-8.996728515625000000e+01,2.718425750732421875e+01
-8.996745300292968750e+01,2.718324851989746094e+01
-8.996788024902343750e+01,2.718246078491210938e+01
-8.996803283691406250e+01,2.718258094787597656e+01
-8.996798706054687500e+01,2.718212890625000000e+01
-8.996735382080078125e+01,2.718301582336425781e+01
-8.996782684326171875e+01,2.718231964111328125e+01
-8.996784210205078125e+01,2.718187141418457031e+01
-8.996787261962890625e+01,2.718233489990234375e+01
-8.996747589111328125e+01,2.718335151672363281e+01
-8.996785736083984375e+01,2.718256378173828125e+01
-8.996753692626953125e+01,2.718370246887207031e+01
-8.996770477294921875e+01,2.718389892578125000e+01
-8.996769714355468750e+01,2.718202018737792969e+01
-8.996730804443359375e+01,2.718331718444824219e+01
-8.996760559082031250e+01,2.718262863159179688e+01
-8.996750640869140625e+01,2.718219566345214844e+01
-8.996775817871093750e+01,2.718290901184082031e+01
-8.996752166748046875e+01,2.718408584594726562e+01
-8.996791076660156250e+01,2.718173789978027344e+01
-8.996745300292968750e+01,2.718433380126953125e+01
-8.996776580810546875e+01,2.718363380432128906e+01
-8.996737670898437500e+01,2.718247222900390625e+01
-8.996770477294921875e+01,2.718344306945800781e+01
-8.996772003173828125e+01,2.718278694152832031e+01
-8.996736907958984375e+01,2.718326187133789062e+01
-8.996762084960937500e+01,2.718332290649414062e+01
-8.996802520751953125e+01,2.718254470825195312e+01
-8.996799468994140625e+01,2.718247985839843750e+01
-8.996792602539062500e+01,2.718316459655761719e+01
-8.996720886230468750e+01,2.718312263488769531e+01
-8.996750640869140625e+01,2.718217658996582031e+01
-8.996746826171875000e+01,2.718389511108398438e+01
-8.996742248535156250e+01,2.718229675292968750e+01
-8.996743774414062500e+01,2.718395614624023438e+01
-8.996741485595703125e+01,2.718359947204589844e+01
-8.996741485595703125e+01,2.718390274047851562e+01
-8.996710968017578125e+01,2.718355560302734375e+01
-8.996715545654296875e+01,2.718302726745605469e+01
-8.996733856201171875e+01,2.718368911743164062e+01
-8.996720123291015625e+01,2.718343544006347656e+01
-8.996791839599609375e+01,2.718301391601562500e+01
-8.996741485595703125e+01,2.718383216857910156e+01
-8.996794128417968750e+01,2.718247222900390625e+01
-8.996778869628906250e+01,2.718209838867187500e+01
-8.996778869628906250e+01,2.718263435363769531e+01
-8.996739959716796875e+01,2.718311500549316406e+01
-8.996761322021484375e+01,2.718370437622070312e+01
-8.996763610839843750e+01,2.718345451354980469e+01
-8.996785736083984375e+01,2.718189620971679688e+01
-8.996758270263671875e+01,2.718212127685546875e+01
-8.996770477294921875e+01,2.718345642089843750e+01
-8.996728515625000000e+01,2.718277740478515625e+01
-8.996759796142578125e+01,2.718380928039550781e+01
-8.996794128417968750e+01,2.718317604064941406e+01
-8.996779632568359375e+01,2.718260765075683594e+01
-8.996714782714843750e+01,2.718357276916503906e+01
-8.996727752685546875e+01,2.718317222595214844e+01
-8.996770477294921875e+01,2.718353080749511719e+01
-8.996789550781250000e+01,2.718334007263183594e+01
-8.996732330322265625e+01,2.718280792236328125e+01
-8.996759033203125000e+01,2.718368530273437500e+01
-8.996717834472656250e+01,2.718360710144042969e+01
-8.996755218505859375e+01,2.718222999572753906e+01
-8.996769714355468750e+01,2.718335342407226562e+01
-8.996773529052734375e+01,2.718337440490722656e+01
-8.996776580810546875e+01,2.718293190002441406e+01
-8.996715545654296875e+01,2.718328857421875000e+01
-8.996740722656250000e+01,2.718276023864746094e+01
-8.996716308593750000e+01,2.718355369567871094e+01
-8.996777343750000000e+01,2.718262481689453125e+01
-8.996743011474609375e+01,2.718400573730468750e+01
-8.996798706054687500e+01,2.718176078796386719e+01
-8.996717071533203125e+01,2.718380355834960938e+01
-8.996717834472656250e+01,2.718311882019042969e+01
-8.996742248535156250e+01,2.718218994140625000e+01
-8.996777343750000000e+01,2.718325042724609375e+01
-8.996769714355468750e+01,2.718365669250488281e+01
-8.996761322021484375e+01,2.718255615234375000e+01
-8.996746826171875000e+01,2.718278312683105469e+01
-8.996771240234375000e+01,2.718199157714843750e+01
-8.996795654296875000e+01,2.718218040466308594e+01
-8.996762847900390625e+01,2.718278503417968750e+01
-8.996730804443359375e+01,2.718319892883300781e+01
-8.996733093261718750e+01,2.718355369567871094e+01
-8.996714019775390625e+01,2.718359756469726562e+01
-8.996775817871093750e+01,2.718310546875000000e+01
-8.996739959716796875e+01,2.718363761901855469e+01
-8.996781158447265625e+01,2.718244361877441406e+01
-8.996743774414062500e+01,2.718304634094238281e+01
-8.996747589111328125e+01,2.718391609191894531e+01
-8.996747589111328125e+01,2.718321228027343750e+01
-8.996736907958984375e+01,2.718379783630371094e+01
-8.996779632568359375e+01,2.718337440490722656e+01
-8.996768188476562500e+01,2.718225097656250000e+01
-8.996791839599609375e+01,2.718269729614257812e+01
-8.996784973144531250e+01,2.718221282958984375e+01
-8.996765136718750000e+01,2.718375015258789062e+01
-8.996769714355468750e+01,2.718297576904296875e+01
-8.996768951416015625e+01,2.718396759033203125e+01
-8.996762084960937500e+01,2.718230247497558594e+01
-8.996779632568359375e+01,2.718354606628417969e+01
-8.996771240234375000e+01,2.718207168579101562e+01
-8.996784973144531250e+01,2.718170738220214844e+01
-8.996744537353515625e+01,2.718355369567871094e+01
-8.996772766113281250e+01,2.718387222290039062e+01
-8.996749877929687500e+01,2.718369102478027344e+01
-8.996715545654296875e+01,2.718359756469726562e+01
-8.996744537353515625e+01,2.718316268920898438e+01
-8.996739959716796875e+01,2.718388557434082031e+01
-8.996720886230468750e+01,2.718377876281738281e+01
-8.996804809570312500e+01,2.718231964111328125e+01
-8.996714782714843750e+01,2.718335151672363281e+01
-8.996781921386718750e+01,2.718169212341308594e+01
-8.996716308593750000e+01,2.718414878845214844e+01
-8.996755218505859375e+01,2.718397712707519531e+01
-8.996712493896484375e+01,2.718363571166992188e+01
-8.996777343750000000e+01,2.718314361572265625e+01
-8.996764373779296875e+01,2.718295669555664062e+01
-8.996770477294921875e+01,2.718231201171875000e+01
-8.996758270263671875e+01,2.718291282653808594e+01
-8.996779632568359375e+01,2.718353271484375000e+01
-8.996739959716796875e+01,2.718245124816894531e+01
-8.996775817871093750e+01,2.718278694152832031e+01
-8.996752929687500000e+01,2.718284988403320312e+01
-8.996789550781250000e+01,2.718261528015136719e+01
-8.996737670898437500e+01,2.718355178833007812e+01
-8.996743011474609375e+01,2.718376731872558594e+01
-8.996710205078125000e+01,2.718343353271484375e+01
-8.996776580810546875e+01,2.718365287780761719e+01
-8.996752929687500000e+01,2.718333435058593750e+01
-8.996810913085937500e+01,2.718243026733398438e+01
-8.996735382080078125e+01,2.718261909484863281e+01
-8.996745300292968750e+01,2.718345642089843750e+01
-8.996723937988281250e+01,2.718408203125000000e+01
-8.996762084960937500e+01,2.718280601501464844e+01
-8.996733093261718750e+01,2.718320465087890625e+01
-8.996764373779296875e+01,2.718224525451660156e+01
