longitude,latitude
-8.875736236572265625e+01,2.792897415161132812e+01
-8.875560760498046875e+01,2.792887496948242188e+01
-8.875729370117187500e+01,2.792983627319335938e+01
-8.875646209716796875e+01,2.792910575866699219e+01
-8.875528717041015625e+01,2.792894935607910156e+01
-8.875725555419921875e+01,2.792838096618652344e+01
-8.875713348388671875e+01,2.793019866943359375e+01
-8.875644683837890625e+01,2.792942237854003906e+01
-8.875619506835937500e+01,2.792903518676757812e+01
-8.875754547119140625e+01,2.792915153503417969e+01
-8.875682830810546875e+01,2.792963218688964844e+01
-8.875740814208984375e+01,2.793001937866210938e+01
-8.875550842285156250e+01,2.792946624755859375e+01
-8.875699615478515625e+01,2.792879104614257812e+01
-8.875673675537109375e+01,2.792990303039550781e+01
-8.875610351562500000e+01,2.792963790893554688e+01
-8.875560760498046875e+01,2.792951965332031250e+01
-8.875698852539062500e+01,2.792903518676757812e+01
-8.875698089599609375e+01,2.792925643920898438e+01
-8.875605010986328125e+01,2.792955970764160156e+01
-8.875662994384765625e+01,2.792916107177734375e+01
-8.875644683837890625e+01,2.792927169799804688e+01
-8.875735473632812500e+01,2.793003654479980469e+01
-8.875754547119140625e+01,2.792876625061035156e+01
-8.875662231445312500e+01,2.792879104614257812e+01
-8.875578308105468750e+01,2.792910385131835938e+01
-8.875515747070312500e+01,2.792934989929199219e+01
-8.875519561767578125e+01,2.792884254455566406e+01
-8.875573730468750000e+01,2.792941093444824219e+01
-8.875672149658203125e+01,2.792843627929687500e+01
-8.875666809082031250e+01,2.792954635620117188e+01
-8.875725555419921875e+01,2.792938232421875000e+01
-8.875711059570312500e+01,2.792968368530273438e+01
-8.875565338134765625e+01,2.792853546142578125e+01
-8.875767517089843750e+01,2.792900085449218750e+01
-8.875582885742187500e+01,2.792930603027343750e+01
-8.875701141357421875e+01,2.792992973327636719e+01
-8.875633239746093750e+01,2.792853164672851562e+01
-8.875679779052734375e+01,2.792858505249023438e+01
-8.875722503662109375e+01,2.792974090576171875e+01
-8.875553131103515625e+01,2.792847061157226562e+01
-8.875550079345703125e+01,2.792851448059082031e+01
-8.875721740722656250e+01,2.792958259582519531e+01
-8.875629425048828125e+01,2.792966651916503906e+01
-8.875614929199218750e+01,2.792840766906738281e+01
-8.875688934326171875e+01,2.792986679077148438e+01
-8.875695037841796875e+01,2.793017005920410156e+01
-8.875624847412109375e+01,2.792951774597167969e+01
-8.875601196289062500e+01,2.792848014831542969e+01
-8.875734710693359375e+01,2.792991065979003906e+01
-8.875747680664062500e+01,2.792971801757812500e+01
-8.875749206542968750e+01,2.792991065979003906e+01
-8.875692749023437500e+01,2.792943191528320312e+01
-8.875669097900390625e+01,2.792835617065429688e+01
-8.875646972656250000e+01,2.792896080017089844e+01
-8.875576782226562500e+01,2.792848205566406250e+01
-8.875612640380859375e+01,2.792984580993652344e+01
-8.875724029541015625e+01,2.792863655090332031e+01
-8.875747680664062500e+01,2.792923736572265625e+01
-8.875757598876953125e+01,2.792898941040039062e+01
-8.875728607177734375e+01,2.792990875244140625e+01
-8.875736236572265625e+01,2.792848968505859375e+01
-8.875555419921875000e+01,2.792849159240722656e+01
-8.875566101074218750e+01,2.792882919311523438e+01
-8.875761413574218750e+01,2.792942237854003906e+01
-8.875614166259765625e+01,2.792934989929199219e+01
-8.875649261474609375e+01,2.792862129211425781e+01
-8.875576019287109375e+01,2.792918777465820312e+01
-8.875646972656250000e+01,2.792972564697265625e+01
-8.875630950927734375e+01,2.792841720581054688e+01
-8.875510406494140625e+01,2.792915916442871094e+01
-8.875669097900390625e+01,2.792928695678710938e+01
-8.875701141357421875e+01,2.792868995666503906e+01
-8.875519561767578125e+01,2.792887687683105469e+01
-8.875668334960937500e+01,2.792896842956542969e+01
-8.875727081298828125e+01,2.792955970764160156e+01
-8.875675964355468750e+01,2.792966651916503906e+01
-8.875719451904296875e+01,2.792855453491210938e+01
-8.875683593750000000e+01,2.792872810363769531e+01
-8.875577545166015625e+01,2.792906570434570312e+01
-8.875750732421875000e+01,2.792986488342285156e+01
-8.875537872314453125e+01,2.792937088012695312e+01
-8.875642395019531250e+01,2.792975425720214844e+01
-8.875629425048828125e+01,2.792901611328125000e+01
-8.875716400146484375e+01,2.793007659912109375e+01
-8.875628662109375000e+01,2.792826461791992188e+01
-8.875733947753906250e+01,2.793001937866210938e+01
-8.875770568847656250e+01,2.792869377136230469e+01
-8.875561523437500000e+01,2.792834281921386719e+01
-8.875583648681640625e+01,2.792895507812500000e+01
-8.875543212890625000e+01,2.792887115478515625e+01
-8.875554656982421875e+01,2.792866516113281250e+01
-8.875667572021484375e+01,2.792976379394531250e+01
-8.875679016113281250e+01,2.792976951599121094e+01
-8.875769042968750000e+01,2.792957687377929688e+01
-8.875680541992187500e+01,2.792893218994140625e+01
-8.875621032714843750e+01,2.792903518676757812e+01
-8.875624847412109375e+01,2.792902183532714844e+01
-8.875559997558593750e+01,2.792933464050292969e+01
-8.875762176513671875e+01,2.792971420288085938e+01
-8.875635528564453125e+01,2.792990875244140625e+01
-8.875660705566406250e+01,2.792945289611816406e+01
-8.875729370117187500e+01,2.792864227294921875e+01
-8.875695037841796875e+01,2.792962837219238281e+01
-8.875685882568359375e+01,2.792913818359375000e+01
-8.875701141357421875e+01,2.792986297607421875e+01
-8.875743103027343750e+01,2.792872428894042969e+01
-8.875747680664062500e+01,2.792844009399414062e+01
-8.875765991210937500e+01,2.792901420593261719e+01
-8.875557708740234375e+01,2.792887306213378906e+01
-8.875735473632812500e+01,2.793005943298339844e+01
-8.875619506835937500e+01,2.792963409423828125e+01
-8.875785827636718750e+01,2.792959213256835938e+01
-8.875655364990234375e+01,2.792856407165527344e+01
-8.875653076171875000e+01,2.792924308776855469e+01
-8.875566864013671875e+01,2.792899894714355469e+01
-8.875563812255859375e+01,2.792832183837890625e+01
-8.875761413574218750e+01,2.792991256713867188e+01
-8.875680541992187500e+01,2.792892265319824219e+01
-8.875756835937500000e+01,2.792900466918945312e+01
-8.875714874267578125e+01,2.793000793457031250e+01
-8.875676727294921875e+01,2.792928695678710938e+01
-8.875601196289062500e+01,2.792972183227539062e+01
-8.875693511962890625e+01,2.792982101440429688e+01
-8.875758361816406250e+01,2.792965888977050781e+01
-8.875766754150390625e+01,2.792892265319824219e+01
-8.875542449951171875e+01,2.792945480346679688e+01
-8.875627136230468750e+01,2.793002891540527344e+01
-8.875607299804687500e+01,2.792944526672363281e+01
-8.875607299804687500e+01,2.792912292480468750e+01
-8.875687408447265625e+01,2.792941665649414062e+01
-8.875595092773437500e+01,2.792844772338867188e+01
-8.875695037841796875e+01,2.793001365661621094e+01
-8.875695800781250000e+01,2.792918014526367188e+01
-8.875598144531250000e+01,2.792952156066894531e+01
-8.875686645507812500e+01,2.792856979370117188e+01
-8.875657653808593750e+01,2.792925453186035156e+01
-8.875625610351562500e+01,2.792869186401367188e+01
-8.875549316406250000e+01,2.792861747741699219e+01
-8.875528717041015625e+01,2.792878723144531250e+01
-8.875671386718750000e+01,2.792830085754394531e+01
-8.875635528564453125e+01,2.792910766601562500e+01
-8.875751495361328125e+01,2.792877006530761719e+01
-8.875508117675781250e+01,2.792912483215332031e+01
-8.875638580322265625e+01,2.792894172668457031e+01
-8.875627136230468750e+01,2.792872428894042969e+01
-8.875726318359375000e+01,2.792888450622558594e+01
-8.875555419921875000e+01,2.792917442321777344e+01
-8.875773620605468750e+01,2.792905616760253906e+01
-8.875592041015625000e+01,2.792925643920898438e+01
-8.875618743896484375e+01,2.792925071716308594e+01
-8.875647735595703125e+01,2.792976379394531250e+01
-8.875651550292968750e+01,2.792852973937988281e+01
-8.875574493408203125e+01,2.792938423156738281e+01
-8.875601196289062500e+01,2.792905044555664062e+01
-8.875699615478515625e+01,2.792839050292968750e+01
-8.875632476806640625e+01,2.792879295349121094e+01
-8.875704193115234375e+01,2.792917442321777344e+01
-8.875768280029296875e+01,2.792874526977539062e+01
-8.875598144531250000e+01,2.792973899841308594e+01
-8.875647735595703125e+01,2.793021965026855469e+01
-8.875648498535156250e+01,2.792950439453125000e+01
-8.875646209716796875e+01,2.792851066589355469e+01
-8.875624084472656250e+01,2.792914199829101562e+01
-8.875644683837890625e+01,2.792805099487304688e+01
-8.875653076171875000e+01,2.792997169494628906e+01
-8.875714111328125000e+01,2.792864418029785156e+01
-8.875552368164062500e+01,2.792912292480468750e+01
-8.875588989257812500e+01,2.792877388000488281e+01
-8.875784301757812500e+01,2.792961692810058594e+01
-8.875595855712890625e+01,2.792889976501464844e+01
-8.875627899169921875e+01,2.792995643615722656e+01
-8.875740051269531250e+01,2.792944145202636719e+01
-8.875650024414062500e+01,2.792890930175781250e+01
-8.875545501708984375e+01,2.792903900146484375e+01
-8.875731658935546875e+01,2.792951774597167969e+01
-8.875669097900390625e+01,2.792939376831054688e+01
-8.875522613525390625e+01,2.792924880981445312e+01
-8.875639343261718750e+01,2.792982864379882812e+01
-8.875740814208984375e+01,2.792938423156738281e+01
-8.875601959228515625e+01,2.792906188964843750e+01
-8.875588226318359375e+01,2.792932701110839844e+01
-8.875600433349609375e+01,2.792984771728515625e+01
-8.875549316406250000e+01,2.792936134338378906e+01
-8.875659942626953125e+01,2.792820930480957031e+01
-8.875684356689453125e+01,2.793013381958007812e+01
-8.875625610351562500e+01,2.793010330200195312e+01
-8.875742340087890625e+01,2.792940711975097656e+01
-8.875739288330078125e+01,2.792954826354980469e+01
-8.875694274902343750e+01,2.792919349670410156e+01
-8.875699615478515625e+01,2.792889213562011719e+01
-8.875574493408203125e+01,2.792878723144531250e+01
-8.875688171386718750e+01,2.792943763732910156e+01
-8.875726318359375000e+01,2.792861747741699219e+01
-8.875730895996093750e+01,2.792947387695312500e+01
-8.875727844238281250e+01,2.792866325378417969e+01
-8.875617218017578125e+01,2.792931365966796875e+01
-8.875762939453125000e+01,2.792984962463378906e+01
-8.875530242919921875e+01,2.792906761169433594e+01
-8.875695037841796875e+01,2.792936134338378906e+01
-8.875534820556640625e+01,2.792871475219726562e+01
-8.875610351562500000e+01,2.792927169799804688e+01
-8.875657653808593750e+01,2.792837142944335938e+01
-8.875538635253906250e+01,2.792905807495117188e+01
-8.875708007812500000e+01,2.792895317077636719e+01
-8.875571441650390625e+01,2.792866706848144531e+01
-8.875667572021484375e+01,2.792854690551757812e+01
-8.875621795654296875e+01,2.792899513244628906e+01
-8.875551605224609375e+01,2.792883110046386719e+01
-8.875760650634765625e+01,2.792959022521972656e+01
-8.875569915771484375e+01,2.792839813232421875e+01
-8.875644683837890625e+01,2.793026351928710938e+01
-8.875582885742187500e+01,2.792890739440917969e+01
-8.875556945800781250e+01,2.792930793762207031e+01
-8.875602722167968750e+01,2.792872428894042969e+01
-8.875621032714843750e+01,2.792945098876953125e+01
-8.875584411621093750e+01,2.792947959899902344e+01
-8.875604248046875000e+01,2.792843627929687500e+01
-8.875712585449218750e+01,2.792913818359375000e+01
-8.875613403320312500e+01,2.792913246154785156e+01
-8.875696563720703125e+01,2.793008041381835938e+01
-8.875622558593750000e+01,2.792851066589355469e+01
-8.875604248046875000e+01,2.792988777160644531e+01
-8.875705718994140625e+01,2.793000602722167969e+01
-8.875626373291015625e+01,2.792823028564453125e+01
-8.875666809082031250e+01,2.792926025390625000e+01
-8.875701141357421875e+01,2.793028640747070312e+01
-8.875658416748046875e+01,2.792849540710449219e+01
-8.875659942626953125e+01,2.792857170104980469e+01
-8.875570678710937500e+01,2.792861747741699219e+01
-8.875720214843750000e+01,2.792838478088378906e+01
-8.875669860839843750e+01,2.792983055114746094e+01
-8.875644683837890625e+01,2.792963409423828125e+01
-8.875603485107421875e+01,2.792880249023437500e+01
-8.875727081298828125e+01,2.792855644226074219e+01
-8.875643157958984375e+01,2.792864418029785156e+01
-8.875760650634765625e+01,2.792898559570312500e+01
-8.875573730468750000e+01,2.792874145507812500e+01
-8.875702667236328125e+01,2.793012619018554688e+01
-8.875666809082031250e+01,2.792955017089843750e+01
-8.875566101074218750e+01,2.792895507812500000e+01
-8.875588989257812500e+01,2.792966270446777344e+01
-8.875708770751953125e+01,2.792987442016601562e+01
-8.875724792480468750e+01,2.792860603332519531e+01
-8.875594329833984375e+01,2.792934608459472656e+01
-8.875641632080078125e+01,2.792829704284667969e+01
-8.875626373291015625e+01,2.792867279052734375e+01
-8.875553131103515625e+01,2.792957115173339844e+01
-8.875528717041015625e+01,2.792878150939941406e+01
-8.875626373291015625e+01,2.793008232116699219e+01
-8.875661468505859375e+01,2.792967796325683594e+01
-8.875767517089843750e+01,2.792910575866699219e+01
-8.875632476806640625e+01,2.792816543579101562e+01
-8.875656127929687500e+01,2.792991256713867188e+01
-8.875669097900390625e+01,2.792969131469726562e+01
-8.875620269775390625e+01,2.792852783203125000e+01
-8.875662994384765625e+01,2.793001174926757812e+01
-8.875674438476562500e+01,2.792858886718750000e+01
-8.875672912597656250e+01,2.792859840393066406e+01
-8.875584411621093750e+01,2.792861175537109375e+01
-8.875695800781250000e+01,2.792864418029785156e+01
-8.875666046142578125e+01,2.792822837829589844e+01
-8.875678253173828125e+01,2.792993545532226562e+01
-8.875650024414062500e+01,2.792871093750000000e+01
-8.875696563720703125e+01,2.792858505249023438e+01
-8.875630950927734375e+01,2.792872619628906250e+01
-8.875732421875000000e+01,2.792911529541015625e+01
-8.875533294677734375e+01,2.792876434326171875e+01
-8.875666046142578125e+01,2.792820739746093750e+01
-8.875625610351562500e+01,2.792951965332031250e+01
-8.875685119628906250e+01,2.792835235595703125e+01
-8.875580596923828125e+01,2.792860221862792969e+01
-8.875563812255859375e+01,2.792874526977539062e+01
-8.875738525390625000e+01,2.792980957031250000e+01
-8.875725555419921875e+01,2.792958450317382812e+01
-8.875586700439453125e+01,2.792848587036132812e+01
-8.875698089599609375e+01,2.792884826660156250e+01
-8.875590515136718750e+01,2.792845916748046875e+01
-8.875740814208984375e+01,2.792982292175292969e+01
-8.875749969482421875e+01,2.792905426025390625e+01
-8.875712585449218750e+01,2.792957305908203125e+01
-8.875572204589843750e+01,2.792936515808105469e+01
-8.875587463378906250e+01,2.792904853820800781e+01
-8.875712585449218750e+01,2.792902183532714844e+01
-8.875730133056640625e+01,2.792881202697753906e+01
-8.875644683837890625e+01,2.792825698852539062e+01
-8.875716400146484375e+01,2.792847442626953125e+01
-8.875709533691406250e+01,2.792845344543457031e+01
-8.875616455078125000e+01,2.792890167236328125e+01
-8.875718688964843750e+01,2.792981910705566406e+01
-8.875719451904296875e+01,2.792939949035644531e+01
-8.875598907470703125e+01,2.792853546142578125e+01
-8.875714874267578125e+01,2.792998886108398438e+01
-8.875614929199218750e+01,2.792974853515625000e+01
-8.875748443603515625e+01,2.792896270751953125e+01
-8.875736236572265625e+01,2.793010902404785156e+01
-8.875640869140625000e+01,2.792946052551269531e+01
-8.875771331787109375e+01,2.792975044250488281e+01
-8.875614166259765625e+01,2.792938423156738281e+01
-8.875601196289062500e+01,2.792889976501464844e+01
-8.875609588623046875e+01,2.792894363403320312e+01
-8.875678253173828125e+01,2.792990875244140625e+01
-8.875642395019531250e+01,2.792926406860351562e+01
-8.875677490234375000e+01,2.792960548400878906e+01
-8.875620269775390625e+01,2.792888832092285156e+01
-8.875651550292968750e+01,2.792932701110839844e+01
-8.875629425048828125e+01,2.793006706237792969e+01
-8.875617218017578125e+01,2.792881774902343750e+01
-8.875617218017578125e+01,2.792895507812500000e+01
-8.875637817382812500e+01,2.792819213867187500e+01
-8.875679016113281250e+01,2.792899513244628906e+01
-8.875643920898437500e+01,2.792840003967285156e+01
-8.875733184814453125e+01,2.792890357971191406e+01
-8.875708770751953125e+01,2.792873573303222656e+01
-8.875690460205078125e+01,2.792944526672363281e+01
-8.875583648681640625e+01,2.792897987365722656e+01
-8.875555419921875000e+01,2.792858505249023438e+01
-8.875688171386718750e+01,2.792994880676269531e+01
-8.875721740722656250e+01,2.792884826660156250e+01
-8.875603485107421875e+01,2.792925834655761719e+01
-8.875699615478515625e+01,2.793004226684570312e+01
-8.875736999511718750e+01,2.792910575866699219e+01
-8.875643920898437500e+01,2.793005371093750000e+01
-8.875643920898437500e+01,2.792878150939941406e+01
-8.875635528564453125e+01,2.792831039428710938e+01
-8.875610351562500000e+01,2.792921638488769531e+01
-8.875704956054687500e+01,2.792970848083496094e+01
-8.875704193115234375e+01,2.792884063720703125e+01
-8.875609588623046875e+01,2.792934417724609375e+01
-8.875653839111328125e+01,2.792947387695312500e+01
-8.875599670410156250e+01,2.792911911010742188e+01
-8.875628662109375000e+01,2.792812728881835938e+01
-8.875576019287109375e+01,2.792960166931152344e+01
-8.875726318359375000e+01,2.792942428588867188e+01
-8.875576782226562500e+01,2.792947196960449219e+01
-8.875534057617187500e+01,2.792888450622558594e+01
-8.875656890869140625e+01,2.792849159240722656e+01
-8.875572204589843750e+01,2.792864418029785156e+01
-8.875611114501953125e+01,2.792910194396972656e+01
-8.875695037841796875e+01,2.792871475219726562e+01
-8.875639343261718750e+01,2.792845726013183594e+01
-8.875728607177734375e+01,2.792944717407226562e+01
-8.875679016113281250e+01,2.793004226684570312e+01
-8.875570678710937500e+01,2.792831039428710938e+01
-8.875657653808593750e+01,2.793022918701171875e+01
-8.875597381591796875e+01,2.792845153808593750e+01
-8.875708007812500000e+01,2.792830085754394531e+01
-8.875737762451171875e+01,2.792903900146484375e+01
-8.875618743896484375e+01,2.792904853820800781e+01
-8.875744628906250000e+01,2.792958259582519531e+01
-8.875740051269531250e+01,2.792859458923339844e+01
-8.875712585449218750e+01,2.792886924743652344e+01
-8.875777435302734375e+01,2.792912101745605469e+01
-8.875720214843750000e+01,2.792886543273925781e+01
-8.875717163085937500e+01,2.792933845520019531e+01
-8.875624084472656250e+01,2.793005943298339844e+01
-8.875769042968750000e+01,2.792902946472167969e+01
-8.875636291503906250e+01,2.792993164062500000e+01
-8.875511932373046875e+01,2.792941284179687500e+01
-8.875640106201171875e+01,2.792825889587402344e+01
-8.875680541992187500e+01,2.792870330810546875e+01
-8.875727081298828125e+01,2.792929649353027344e+01
-8.875650787353515625e+01,2.792853927612304688e+01
-8.875691223144531250e+01,2.792954635620117188e+01
-8.875685882568359375e+01,2.792939949035644531e+01
-8.875677490234375000e+01,2.792893981933593750e+01
-8.875711822509765625e+01,2.792928504943847656e+01
-8.875679016113281250e+01,2.792979812622070312e+01
-8.875688171386718750e+01,2.792875099182128906e+01
-8.875718688964843750e+01,2.792977333068847656e+01
-8.875737762451171875e+01,2.792874145507812500e+01
-8.875717163085937500e+01,2.792908477783203125e+01
-8.875630187988281250e+01,2.792977142333984375e+01
-8.875756072998046875e+01,2.792980575561523438e+01
-8.875644683837890625e+01,2.792952346801757812e+01
-8.875638580322265625e+01,2.793013000488281250e+01
-8.875646972656250000e+01,2.792846488952636719e+01
-8.875765228271484375e+01,2.792944526672363281e+01
-8.875707244873046875e+01,2.792938041687011719e+01
-8.875690460205078125e+01,2.792883110046386719e+01
-8.875605773925781250e+01,2.792870521545410156e+01
-8.875592041015625000e+01,2.792946434020996094e+01
-8.875569915771484375e+01,2.792907905578613281e+01
-8.875677490234375000e+01,2.792856407165527344e+01
-8.875520324707031250e+01,2.792943763732910156e+01
-8.875738525390625000e+01,2.792998886108398438e+01
-8.875749206542968750e+01,2.792854881286621094e+01
-8.875572204589843750e+01,2.792939567565917969e+01
-8.875605773925781250e+01,2.792899703979492188e+01
-8.875682830810546875e+01,2.792858886718750000e+01
-8.875713348388671875e+01,2.792877006530761719e+01
-8.875595092773437500e+01,2.792864227294921875e+01
-8.875618743896484375e+01,2.792892646789550781e+01
-8.875763702392578125e+01,2.792961883544921875e+01
-8.875717926025390625e+01,2.792926216125488281e+01
-8.875788116455078125e+01,2.792956733703613281e+01
-8.875704956054687500e+01,2.792837715148925781e+01
-8.875556945800781250e+01,2.792856979370117188e+01
-8.875700378417968750e+01,2.792873191833496094e+01
-8.875626373291015625e+01,2.792914009094238281e+01
-8.875660705566406250e+01,2.792973136901855469e+01
-8.875696563720703125e+01,2.792961883544921875e+01
-8.875653839111328125e+01,2.792835426330566406e+01
-8.875596618652343750e+01,2.792925071716308594e+01
-8.875597381591796875e+01,2.792987632751464844e+01
-8.875682067871093750e+01,2.793004035949707031e+01
-8.875751495361328125e+01,2.792919349670410156e+01
-8.875596618652343750e+01,2.792876052856445312e+01
-8.875732421875000000e+01,2.792855262756347656e+01
-8.875630950927734375e+01,2.792881393432617188e+01
-8.875757598876953125e+01,2.792914009094238281e+01
-8.875712585449218750e+01,2.792931365966796875e+01
-8.875771331787109375e+01,2.792947959899902344e+01
-8.875594329833984375e+01,2.792951393127441406e+01
-8.875698089599609375e+01,2.792942619323730469e+01
-8.875773620605468750e+01,2.792987823486328125e+01
-8.875683593750000000e+01,2.792838859558105469e+01
-8.875598907470703125e+01,2.792955398559570312e+01
-8.875679779052734375e+01,2.792884635925292969e+01
-8.875578308105468750e+01,2.792939376831054688e+01
-8.875574493408203125e+01,2.792963790893554688e+01
-8.875688934326171875e+01,2.792924118041992188e+01
-8.875656127929687500e+01,2.792951965332031250e+01
-8.875726318359375000e+01,2.792872619628906250e+01
-8.875610351562500000e+01,2.792964363098144531e+01
-8.875600433349609375e+01,2.792929267883300781e+01
-8.875578308105468750e+01,2.792902755737304688e+01
-8.875611877441406250e+01,2.792979621887207031e+01
-8.875727081298828125e+01,2.792915725708007812e+01
-8.875769805908203125e+01,2.792885208129882812e+01
-8.875774383544921875e+01,2.792916870117187500e+01
-8.875693511962890625e+01,2.792843437194824219e+01
-8.875690460205078125e+01,2.792882347106933594e+01
-8.875601959228515625e+01,2.792846107482910156e+01
-8.875614929199218750e+01,2.792866325378417969e+01
-8.875626373291015625e+01,2.792909049987792969e+01
-8.875724029541015625e+01,2.792983245849609375e+01
-8.875667572021484375e+01,2.792931938171386719e+01
-8.875626373291015625e+01,2.792862129211425781e+01
-8.875688171386718750e+01,2.792990684509277344e+01
-8.875724029541015625e+01,2.792984771728515625e+01
-8.875736236572265625e+01,2.792881965637207031e+01
-8.875771331787109375e+01,2.792964935302734375e+01
-8.875743103027343750e+01,2.792917251586914062e+01
-8.875598907470703125e+01,2.792919921875000000e+01
-8.875576782226562500e+01,2.792909622192382812e+01
-8.875645446777343750e+01,2.792811012268066406e+01
-8.875758361816406250e+01,2.792895126342773438e+01
-8.875772857666015625e+01,2.792937850952148438e+01
-8.875688934326171875e+01,2.792895889282226562e+01
-8.875608825683593750e+01,2.792976951599121094e+01
-8.875638580322265625e+01,2.792813301086425781e+01
-8.875554656982421875e+01,2.792880821228027344e+01
-8.875557708740234375e+01,2.792945861816406250e+01
-8.875747680664062500e+01,2.792890739440917969e+01
-8.875723266601562500e+01,2.792938423156738281e+01
-8.875728607177734375e+01,2.793013954162597656e+01
-8.875742340087890625e+01,2.792870521545410156e+01
-8.875709533691406250e+01,2.792908668518066406e+01
-8.875576782226562500e+01,2.792950630187988281e+01
-8.875641632080078125e+01,2.792886352539062500e+01
-8.875608825683593750e+01,2.792859268188476562e+01
-8.875776672363281250e+01,2.792913055419921875e+01
-8.875550842285156250e+01,2.792962265014648438e+01
-8.875550842285156250e+01,2.792919349670410156e+01
-8.875633239746093750e+01,2.792910194396972656e+01
-8.875759887695312500e+01,2.792963218688964844e+01
-8.875740051269531250e+01,2.792874717712402344e+01
-8.875550842285156250e+01,2.792848205566406250e+01
-8.875751495361328125e+01,2.792953109741210938e+01
-8.875519561767578125e+01,2.792915153503417969e+01
-8.875683593750000000e+01,2.792861175537109375e+01
-8.875547027587890625e+01,2.792865753173828125e+01
-8.875668334960937500e+01,2.792892456054687500e+01
-8.875637817382812500e+01,2.793014907836914062e+01
-8.875705718994140625e+01,2.792922019958496094e+01
-8.875713348388671875e+01,2.792876243591308594e+01
-8.875695037841796875e+01,2.792949867248535156e+01
-8.875594329833984375e+01,2.792892456054687500e+01
-8.875616455078125000e+01,2.793001747131347656e+01
-8.875608825683593750e+01,2.792828559875488281e+01
-8.875529479980468750e+01,2.792944145202636719e+01
-8.875629425048828125e+01,2.792816734313964844e+01
-8.875712585449218750e+01,2.793023872375488281e+01
-8.875600433349609375e+01,2.792954635620117188e+01
-8.875710296630859375e+01,2.793023872375488281e+01
-8.875517272949218750e+01,2.792902183532714844e+01
-8.875653076171875000e+01,2.792915153503417969e+01
-8.875707244873046875e+01,2.792926406860351562e+01
-8.875715637207031250e+01,2.792868614196777344e+01
-8.875585937500000000e+01,2.792919158935546875e+01
-8.875559997558593750e+01,2.792845916748046875e+01
-8.875647735595703125e+01,2.792918777465820312e+01
-8.875621795654296875e+01,2.793005180358886719e+01
-8.875573730468750000e+01,2.792914390563964844e+01
-8.875618743896484375e+01,2.792950820922851562e+01
-8.875706481933593750e+01,2.792891120910644531e+01
-8.875579833984375000e+01,2.792914390563964844e+01
-8.875640106201171875e+01,2.792876243591308594e+01
-8.875644683837890625e+01,2.792897605895996094e+01
-8.875741577148437500e+01,2.792904281616210938e+01
-8.875656890869140625e+01,2.792926025390625000e+01
-8.875692749023437500e+01,2.792964744567871094e+01
-8.875695800781250000e+01,2.792950630187988281e+01
-8.875606536865234375e+01,2.792829322814941406e+01
-8.875756835937500000e+01,2.792963981628417969e+01
-8.875582122802734375e+01,2.792842864990234375e+01
-8.875621032714843750e+01,2.792870903015136719e+01
-8.875675964355468750e+01,2.792898178100585938e+01
-8.875775146484375000e+01,2.792981910705566406e+01
-8.875590515136718750e+01,2.792889785766601562e+01
-8.875780487060546875e+01,2.792961692810058594e+01
-8.875762176513671875e+01,2.792894935607910156e+01
-8.875615692138671875e+01,2.792831230163574219e+01
-8.875567626953125000e+01,2.792875862121582031e+01
-8.875582122802734375e+01,2.792888259887695312e+01
-8.875585937500000000e+01,2.792844581604003906e+01
-8.875579833984375000e+01,2.792882537841796875e+01
-8.875707244873046875e+01,2.792853355407714844e+01
-8.875684356689453125e+01,2.792939949035644531e+01
-8.875627899169921875e+01,2.792969894409179688e+01
-8.875732421875000000e+01,2.792882156372070312e+01
-8.875659942626953125e+01,2.793017959594726562e+01
-8.875689697265625000e+01,2.792850112915039062e+01
-8.875733947753906250e+01,2.792998695373535156e+01
-8.875693511962890625e+01,2.792976760864257812e+01
-8.875741577148437500e+01,2.792917060852050781e+01
-8.875719451904296875e+01,2.792973136901855469e+01
-8.875646209716796875e+01,2.792966651916503906e+01
-8.875629425048828125e+01,2.792928695678710938e+01
-8.875543212890625000e+01,2.792893218994140625e+01
-8.875634002685546875e+01,2.792854499816894531e+01
-8.875592041015625000e+01,2.792850685119628906e+01
-8.875687408447265625e+01,2.792878532409667969e+01
-8.875746917724609375e+01,2.792901420593261719e+01
-8.875690460205078125e+01,2.792901039123535156e+01
-8.875608825683593750e+01,2.792835044860839844e+01
-8.875576782226562500e+01,2.792954444885253906e+01
-8.875551605224609375e+01,2.792885971069335938e+01
-8.875571441650390625e+01,2.792878150939941406e+01
-8.875668334960937500e+01,2.792913818359375000e+01
-8.875554656982421875e+01,2.792863464355468750e+01
-8.875656890869140625e+01,2.792967796325683594e+01
-8.875757598876953125e+01,2.792930984497070312e+01
-8.875630950927734375e+01,2.792969703674316406e+01
-8.875736236572265625e+01,2.792966651916503906e+01
-8.875720214843750000e+01,2.792981338500976562e+01
-8.875646209716796875e+01,2.792893981933593750e+01
-8.875621795654296875e+01,2.792826271057128906e+01
-8.875594329833984375e+01,2.792934226989746094e+01
-8.875730895996093750e+01,2.792926216125488281e+01
-8.875527191162109375e+01,2.792953681945800781e+01
-8.875741577148437500e+01,2.792888069152832031e+01
-8.875755310058593750e+01,2.792907333374023438e+01
-8.875634765625000000e+01,2.792879486083984375e+01
-8.875667572021484375e+01,2.792887115478515625e+01
-8.875704193115234375e+01,2.792916870117187500e+01
-8.875643157958984375e+01,2.792888259887695312e+01
-8.875651550292968750e+01,2.792872047424316406e+01
-8.875668334960937500e+01,2.793016433715820312e+01
-8.875625610351562500e+01,2.792988967895507812e+01
-8.875522613525390625e+01,2.792951011657714844e+01
-8.875635528564453125e+01,2.792940330505371094e+01
-8.875732421875000000e+01,2.792858695983886719e+01
-8.875624847412109375e+01,2.792893409729003906e+01
-8.875756072998046875e+01,2.792938804626464844e+01
-8.875744628906250000e+01,2.792915153503417969e+01
-8.875682067871093750e+01,2.792943572998046875e+01
-8.875707244873046875e+01,2.792863845825195312e+01
-8.875592803955078125e+01,2.792980194091796875e+01
-8.875676727294921875e+01,2.792960166931152344e+01
-8.875659942626953125e+01,2.792967987060546875e+01
-8.875551605224609375e+01,2.792862510681152344e+01
-8.875511169433593750e+01,2.792923355102539062e+01
-8.875731658935546875e+01,2.793009185791015625e+01
-8.875724792480468750e+01,2.792893600463867188e+01
-8.875566101074218750e+01,2.792854499816894531e+01
-8.875586700439453125e+01,2.792956352233886719e+01
-8.875704193115234375e+01,2.792908477783203125e+01
-8.875685882568359375e+01,2.793007469177246094e+01
-8.875729370117187500e+01,2.792919158935546875e+01
-8.875692749023437500e+01,2.792997550964355469e+01
-8.875736236572265625e+01,2.792855072021484375e+01
-8.875628662109375000e+01,2.792931175231933594e+01
-8.875709533691406250e+01,2.792888641357421875e+01
-8.875611114501953125e+01,2.792949104309082031e+01
-8.875653839111328125e+01,2.792915725708007812e+01
-8.875524139404296875e+01,2.792892265319824219e+01
-8.875719451904296875e+01,2.792888259887695312e+01
-8.875752258300781250e+01,2.792936515808105469e+01
-8.875551605224609375e+01,2.792941284179687500e+01
-8.875589752197265625e+01,2.792909812927246094e+01
-8.875561523437500000e+01,2.792882919311523438e+01
-8.875708007812500000e+01,2.792964363098144531e+01
-8.875758361816406250e+01,2.792975044250488281e+01
-8.875572967529296875e+01,2.792963600158691406e+01
-8.875660705566406250e+01,2.792889976501464844e+01
-8.875653076171875000e+01,2.792951393127441406e+01
-8.875556182861328125e+01,2.792860794067382812e+01
-8.875730133056640625e+01,2.792850685119628906e+01
-8.875746154785156250e+01,2.792919540405273438e+01
-8.875724792480468750e+01,2.792999267578125000e+01
-8.875710296630859375e+01,2.792923545837402344e+01
-8.875535583496093750e+01,2.792930984497070312e+01
-8.875666809082031250e+01,2.792930221557617188e+01
-8.875630950927734375e+01,2.792857551574707031e+01
-8.875703430175781250e+01,2.792860794067382812e+01
-8.875660705566406250e+01,2.792843246459960938e+01
-8.875671386718750000e+01,2.792902374267578125e+01
-8.875569915771484375e+01,2.792906379699707031e+01
-8.875547027587890625e+01,2.792852210998535156e+01
-8.875677490234375000e+01,2.792960929870605469e+01
-8.875646972656250000e+01,2.792903900146484375e+01
-8.875627136230468750e+01,2.792959976196289062e+01
-8.875620269775390625e+01,2.792912864685058594e+01
-8.875702667236328125e+01,2.792886352539062500e+01
-8.875608062744140625e+01,2.792848205566406250e+01
-8.875708007812500000e+01,2.792834472656250000e+01
-8.875558471679687500e+01,2.792874717712402344e+01
-8.875688934326171875e+01,2.792883491516113281e+01
-8.875756835937500000e+01,2.792980194091796875e+01
-8.875672912597656250e+01,2.792948532104492188e+01
-8.875704956054687500e+01,2.792970275878906250e+01
-8.875759124755859375e+01,2.792933273315429688e+01
-8.875755310058593750e+01,2.792883300781250000e+01
-8.875694274902343750e+01,2.792948150634765625e+01
-8.875717926025390625e+01,2.792842864990234375e+01
-8.875560760498046875e+01,2.792938232421875000e+01
-8.875646209716796875e+01,2.792989158630371094e+01
-8.875618743896484375e+01,2.792859840393066406e+01
-8.875572204589843750e+01,2.792951774597167969e+01
-8.875734710693359375e+01,2.792905044555664062e+01
-8.875598144531250000e+01,2.792924118041992188e+01
-8.875698852539062500e+01,2.792848777770996094e+01
-8.875705718994140625e+01,2.792906761169433594e+01
-8.875702667236328125e+01,2.793020439147949219e+01
-8.875668334960937500e+01,2.792856597900390625e+01
-8.875688934326171875e+01,2.792945289611816406e+01
-8.875616455078125000e+01,2.792829322814941406e+01
-8.875678253173828125e+01,2.792945861816406250e+01
-8.875764465332031250e+01,2.792976951599121094e+01
-8.875700378417968750e+01,2.793028450012207031e+01
-8.875678253173828125e+01,2.792834854125976562e+01
-8.875678253173828125e+01,2.793023872375488281e+01
-8.875769805908203125e+01,2.792881202697753906e+01
-8.875621032714843750e+01,2.792932319641113281e+01
-8.875574493408203125e+01,2.792946815490722656e+01
-8.875627136230468750e+01,2.792917823791503906e+01
-8.875591278076171875e+01,2.792860794067382812e+01
-8.875770568847656250e+01,2.792876052856445312e+01
-8.875659179687500000e+01,2.792823028564453125e+01
-8.875542449951171875e+01,2.792898750305175781e+01
-8.875695037841796875e+01,2.792858886718750000e+01
-8.875637817382812500e+01,2.792954254150390625e+01
-8.875574493408203125e+01,2.792877006530761719e+01
-8.875658416748046875e+01,2.792987442016601562e+01
-8.875608825683593750e+01,2.792979621887207031e+01
-8.875617980957031250e+01,2.792940330505371094e+01
-8.875667572021484375e+01,2.792833518981933594e+01
-8.875685882568359375e+01,2.792991828918457031e+01
-8.875616455078125000e+01,2.792836380004882812e+01
-8.875767517089843750e+01,2.792919921875000000e+01
-8.875730133056640625e+01,2.792852401733398438e+01
-8.875749206542968750e+01,2.792875099182128906e+01
-8.875750732421875000e+01,2.792880630493164062e+01
-8.875701141357421875e+01,2.792848396301269531e+01
-8.875644683837890625e+01,2.792938232421875000e+01
-8.875704193115234375e+01,2.792988586425781250e+01
-8.875639343261718750e+01,2.792833518981933594e+01
-8.875708770751953125e+01,2.792968559265136719e+01
-8.875692749023437500e+01,2.792933273315429688e+01
-8.875773620605468750e+01,2.792930984497070312e+01
-8.875715637207031250e+01,2.792922592163085938e+01
-8.875673675537109375e+01,2.792988967895507812e+01
-8.875728607177734375e+01,2.792945861816406250e+01
-8.875645446777343750e+01,2.793015480041503906e+01
-8.875572967529296875e+01,2.792961120605468750e+01
-8.875621032714843750e+01,2.793011665344238281e+01
-8.875718688964843750e+01,2.792871665954589844e+01
-8.875720214843750000e+01,2.792874145507812500e+01
-8.875756072998046875e+01,2.792893409729003906e+01
-8.875652313232421875e+01,2.792984771728515625e+01
-8.875662231445312500e+01,2.793032264709472656e+01
-8.875769042968750000e+01,2.792967796325683594e+01
-8.875578308105468750e+01,2.792914772033691406e+01
-8.875715637207031250e+01,2.792875099182128906e+01
-8.875540924072265625e+01,2.792912673950195312e+01
-8.875590515136718750e+01,2.792878341674804688e+01
-8.875515747070312500e+01,2.792926216125488281e+01
-8.875518798828125000e+01,2.792895507812500000e+01
-8.875722503662109375e+01,2.792838478088378906e+01
-8.875530242919921875e+01,2.792902183532714844e+01
-8.875651550292968750e+01,2.792837142944335938e+01
-8.875665283203125000e+01,2.792901802062988281e+01
-8.875659179687500000e+01,2.793033409118652344e+01
-8.875672912597656250e+01,2.792859840393066406e+01
-8.875710296630859375e+01,2.792933845520019531e+01
-8.875774383544921875e+01,2.792955017089843750e+01
-8.875779724121093750e+01,2.792911338806152344e+01
-8.875533294677734375e+01,2.792888832092285156e+01
-8.875657653808593750e+01,2.792987823486328125e+01
-8.875732421875000000e+01,2.792870712280273438e+01
-8.875756072998046875e+01,2.792934608459472656e+01
-8.875757598876953125e+01,2.792929840087890625e+01
-8.875627899169921875e+01,2.792942047119140625e+01
-8.875709533691406250e+01,2.792998313903808594e+01
-8.875544738769531250e+01,2.792880821228027344e+01
-8.875633239746093750e+01,2.792925834655761719e+01
-8.875614166259765625e+01,2.792913055419921875e+01
-8.875747680664062500e+01,2.792868804931640625e+01
-8.875611877441406250e+01,2.792826652526855469e+01
-8.875716400146484375e+01,2.792856597900390625e+01
-8.875696563720703125e+01,2.793011856079101562e+01
-8.875621032714843750e+01,2.792849731445312500e+01
-8.875739288330078125e+01,2.792943763732910156e+01
-8.875631713867187500e+01,2.792871093750000000e+01
-8.875683593750000000e+01,2.793011856079101562e+01
-8.875518035888671875e+01,2.792907524108886719e+01
-8.875530242919921875e+01,2.792926979064941406e+01
-8.875659942626953125e+01,2.792946434020996094e+01
-8.875666046142578125e+01,2.792911338806152344e+01
-8.875719451904296875e+01,2.792934608459472656e+01
-8.875713348388671875e+01,2.792922401428222656e+01
-8.875642395019531250e+01,2.792885971069335938e+01
-8.875676727294921875e+01,2.792869949340820312e+01
-8.875670623779296875e+01,2.792920684814453125e+01
-8.875690460205078125e+01,2.792845916748046875e+01
-8.875526428222656250e+01,2.792952728271484375e+01
-8.875758361816406250e+01,2.792952156066894531e+01
-8.875605010986328125e+01,2.792957305908203125e+01
-8.875637817382812500e+01,2.792874336242675781e+01
-8.875667572021484375e+01,2.792873382568359375e+01
-8.875731658935546875e+01,2.792864608764648438e+01
-8.875616455078125000e+01,2.792837524414062500e+01
-8.875562286376953125e+01,2.792846870422363281e+01
-8.875666809082031250e+01,2.792902183532714844e+01
-8.875682830810546875e+01,2.792964744567871094e+01
-8.875770568847656250e+01,2.792962837219238281e+01
-8.875718688964843750e+01,2.792976760864257812e+01
-8.875621795654296875e+01,2.792875671386718750e+01
-8.875560760498046875e+01,2.792941474914550781e+01
-8.875717926025390625e+01,2.792885780334472656e+01
-8.875600433349609375e+01,2.792863082885742188e+01
-8.875589752197265625e+01,2.792904663085937500e+01
-8.875657653808593750e+01,2.792851638793945312e+01
-8.875689697265625000e+01,2.792939567565917969e+01
-8.875675964355468750e+01,2.792998504638671875e+01
-8.875640869140625000e+01,2.792919349670410156e+01
-8.875519561767578125e+01,2.792883682250976562e+01
-8.875662994384765625e+01,2.792851638793945312e+01
-8.875769805908203125e+01,2.792930412292480469e+01
-8.875563812255859375e+01,2.792909812927246094e+01
-8.875680541992187500e+01,2.792841529846191406e+01
-8.875743865966796875e+01,2.792896842956542969e+01
-8.875534057617187500e+01,2.792900085449218750e+01
-8.875640106201171875e+01,2.792881202697753906e+01
-8.875724792480468750e+01,2.793007469177246094e+01
-8.875730895996093750e+01,2.792883872985839844e+01
-8.875703430175781250e+01,2.792999267578125000e+01
-8.875774383544921875e+01,2.792930412292480469e+01
-8.875572967529296875e+01,2.792831611633300781e+01
-8.875546264648437500e+01,2.792913818359375000e+01
-8.875763702392578125e+01,2.792936515808105469e+01
-8.875670623779296875e+01,2.792880058288574219e+01
-8.875540161132812500e+01,2.792867469787597656e+01
-8.875680541992187500e+01,2.793022727966308594e+01
-8.875734710693359375e+01,2.792962074279785156e+01
-8.875585174560546875e+01,2.792955017089843750e+01
-8.875653839111328125e+01,2.792840003967285156e+01
-8.875630187988281250e+01,2.792972564697265625e+01
-8.875681304931640625e+01,2.792918205261230469e+01
-8.875585937500000000e+01,2.792891502380371094e+01
-8.875674438476562500e+01,2.792888832092285156e+01
-8.875529479980468750e+01,2.792942237854003906e+01
-8.875602722167968750e+01,2.792903900146484375e+01
-8.875560760498046875e+01,2.792927551269531250e+01
-8.875685882568359375e+01,2.793021965026855469e+01
-8.875675964355468750e+01,2.792966461181640625e+01
-8.875675964355468750e+01,2.792891120910644531e+01
-8.875627899169921875e+01,2.792999839782714844e+01
-8.875685882568359375e+01,2.792955780029296875e+01
-8.875546264648437500e+01,2.792891120910644531e+01
-8.875659179687500000e+01,2.793031311035156250e+01
-8.875689697265625000e+01,2.792888450622558594e+01
-8.875637054443359375e+01,2.792985534667968750e+01
-8.875742340087890625e+01,2.792960929870605469e+01
-8.875662231445312500e+01,2.792863273620605469e+01
-8.875759887695312500e+01,2.792981147766113281e+01
-8.875550842285156250e+01,2.792883872985839844e+01
-8.875682067871093750e+01,2.792947006225585938e+01
-8.875672149658203125e+01,2.792845916748046875e+01
-8.875600433349609375e+01,2.792967414855957031e+01
-8.875563049316406250e+01,2.792931747436523438e+01
-8.875601196289062500e+01,2.792961120605468750e+01
-8.875603485107421875e+01,2.792843818664550781e+01
-8.875586700439453125e+01,2.792941856384277344e+01
-8.875637054443359375e+01,2.792846107482910156e+01
-8.875605010986328125e+01,2.792936706542968750e+01
-8.875555419921875000e+01,2.792933654785156250e+01
-8.875614929199218750e+01,2.792913246154785156e+01
-8.875508880615234375e+01,2.792918205261230469e+01
-8.875765228271484375e+01,2.792901039123535156e+01
-8.875696563720703125e+01,2.793020629882812500e+01
-8.875685882568359375e+01,2.792824363708496094e+01
-8.875656890869140625e+01,2.792928695678710938e+01
-8.875744628906250000e+01,2.792966079711914062e+01
-8.875542449951171875e+01,2.792928886413574219e+01
-8.875765991210937500e+01,2.792909622192382812e+01
-8.875524902343750000e+01,2.792947006225585938e+01
-8.875734710693359375e+01,2.792999267578125000e+01
-8.875742340087890625e+01,2.792967605590820312e+01
-8.875751495361328125e+01,2.792884063720703125e+01
-8.875638580322265625e+01,2.792849922180175781e+01
-8.875635528564453125e+01,2.792924880981445312e+01
-8.875650787353515625e+01,2.792973709106445312e+01
-8.875690460205078125e+01,2.792840385437011719e+01
-8.875530242919921875e+01,2.792939758300781250e+01
-8.875709533691406250e+01,2.793025779724121094e+01
-8.875621795654296875e+01,2.792991638183593750e+01
-8.875572967529296875e+01,2.792828559875488281e+01
-8.875521087646484375e+01,2.792906379699707031e+01
-8.875515747070312500e+01,2.792882537841796875e+01
-8.875522613525390625e+01,2.792904090881347656e+01
-8.875637817382812500e+01,2.792854499816894531e+01
-8.875582885742187500e+01,2.792952728271484375e+01
-8.875636291503906250e+01,2.792967033386230469e+01
-8.875615692138671875e+01,2.792887687683105469e+01
-8.875595855712890625e+01,2.792936134338378906e+01
-8.875601959228515625e+01,2.792874717712402344e+01
-8.875703430175781250e+01,2.792918014526367188e+01
-8.875566101074218750e+01,2.792864990234375000e+01
-8.875732421875000000e+01,2.793004417419433594e+01
-8.875606536865234375e+01,2.792849922180175781e+01
-8.875708007812500000e+01,2.792998886108398438e+01
-8.875634765625000000e+01,2.792898178100585938e+01
-8.875631713867187500e+01,2.792972373962402344e+01
-8.875556182861328125e+01,2.792923545837402344e+01
-8.875630950927734375e+01,2.792907524108886719e+01
-8.875768280029296875e+01,2.792919731140136719e+01
-8.875505065917968750e+01,2.792915725708007812e+01
-8.875627899169921875e+01,2.792879867553710938e+01
-8.875707244873046875e+01,2.792975997924804688e+01
-8.875556182861328125e+01,2.792945098876953125e+01
-8.875769042968750000e+01,2.792937278747558594e+01
-8.875624084472656250e+01,2.793005371093750000e+01
-8.875550079345703125e+01,2.792904853820800781e+01
-8.875740814208984375e+01,2.792878723144531250e+01
-8.875634002685546875e+01,2.792969131469726562e+01
-8.875755310058593750e+01,2.792877578735351562e+01
-8.875672149658203125e+01,2.793000602722167969e+01
-8.875640869140625000e+01,2.792860031127929688e+01
-8.875547027587890625e+01,2.792923927307128906e+01
-8.875567626953125000e+01,2.792903137207031250e+01
-8.875547790527343750e+01,2.792886734008789062e+01
-8.875772857666015625e+01,2.792936134338378906e+01
-8.875671386718750000e+01,2.792966079711914062e+01
-8.875654602050781250e+01,2.793009376525878906e+01
-8.875667572021484375e+01,2.792924880981445312e+01
-8.875727081298828125e+01,2.792878341674804688e+01
-8.875701904296875000e+01,2.792846298217773438e+01
-8.875628662109375000e+01,2.792855072021484375e+01
-8.875726318359375000e+01,2.792935562133789062e+01
-8.875636291503906250e+01,2.792978858947753906e+01
-8.875687408447265625e+01,2.792919731140136719e+01
-8.875596618652343750e+01,2.792843437194824219e+01
-8.875714874267578125e+01,2.792932701110839844e+01
-8.875569152832031250e+01,2.792859649658203125e+01
-8.875711059570312500e+01,2.792951393127441406e+01
-8.875759124755859375e+01,2.792946243286132812e+01
-8.875552368164062500e+01,2.792840957641601562e+01
-8.875527954101562500e+01,2.792892837524414062e+01
-8.875640869140625000e+01,2.792846107482910156e+01
-8.875705718994140625e+01,2.792851066589355469e+01
-8.875780487060546875e+01,2.792930412292480469e+01
-8.875725555419921875e+01,2.792855072021484375e+01
-8.875615692138671875e+01,2.792981719970703125e+01
-8.875754547119140625e+01,2.792877769470214844e+01
-8.875640106201171875e+01,2.792822647094726562e+01
-8.875556182861328125e+01,2.792958068847656250e+01
-8.875749206542968750e+01,2.792994499206542969e+01
-8.875538635253906250e+01,2.792885398864746094e+01
-8.875638580322265625e+01,2.792838668823242188e+01
-8.875606536865234375e+01,2.792876815795898438e+01
-8.875576782226562500e+01,2.792907905578613281e+01
-8.875746154785156250e+01,2.792999267578125000e+01
-8.875708770751953125e+01,2.792900466918945312e+01
-8.875621795654296875e+01,2.792888259887695312e+01
-8.875663757324218750e+01,2.793022537231445312e+01
-8.875577545166015625e+01,2.792834281921386719e+01
-8.875700378417968750e+01,2.792915916442871094e+01
-8.875742340087890625e+01,2.792985916137695312e+01
-8.875521087646484375e+01,2.792922592163085938e+01
-8.875572967529296875e+01,2.792908859252929688e+01
-8.875572204589843750e+01,2.792833709716796875e+01
-8.875714874267578125e+01,2.792895126342773438e+01
-8.875574493408203125e+01,2.792922019958496094e+01
-8.875676727294921875e+01,2.792941474914550781e+01
-8.875701141357421875e+01,2.793004798889160156e+01
-8.875578308105468750e+01,2.792934608459472656e+01
-8.875646972656250000e+01,2.792902183532714844e+01
-8.875674438476562500e+01,2.792840957641601562e+01
-8.875695037841796875e+01,2.793032073974609375e+01
-8.875605773925781250e+01,2.792831802368164062e+01
-8.875750732421875000e+01,2.792912673950195312e+01
-8.875666809082031250e+01,2.792853736877441406e+01
-8.875728607177734375e+01,2.792971801757812500e+01
-8.875630187988281250e+01,2.792929077148437500e+01
-8.875733184814453125e+01,2.792902183532714844e+01
-8.875670623779296875e+01,2.792987632751464844e+01
-8.875672912597656250e+01,2.792958831787109375e+01
-8.875730895996093750e+01,2.792993736267089844e+01
-8.875652313232421875e+01,2.793007278442382812e+01
-8.875661468505859375e+01,2.792950820922851562e+01
-8.875666809082031250e+01,2.792899703979492188e+01
-8.875756072998046875e+01,2.792899513244628906e+01
-8.875605773925781250e+01,2.792882156372070312e+01
-8.875678253173828125e+01,2.792839241027832031e+01
-8.875582885742187500e+01,2.792876815795898438e+01
-8.875697326660156250e+01,2.793007087707519531e+01
-8.875645446777343750e+01,2.792890739440917969e+01
-8.875711059570312500e+01,2.792946815490722656e+01
-8.875651550292968750e+01,2.792966270446777344e+01
-8.875614929199218750e+01,2.792926979064941406e+01
-8.875683593750000000e+01,2.792875862121582031e+01
-8.875564575195312500e+01,2.792929458618164062e+01
-8.875663757324218750e+01,2.792979049682617188e+01
-8.875583648681640625e+01,2.792854690551757812e+01
-8.875585174560546875e+01,2.792872619628906250e+01
-8.875740814208984375e+01,2.792898750305175781e+01
-8.875736999511718750e+01,2.792851066589355469e+01
-8.875689697265625000e+01,2.792945861816406250e+01
-8.875516510009765625e+01,2.792956733703613281e+01
-8.875679016113281250e+01,2.792843055725097656e+01
-8.875780487060546875e+01,2.792946815490722656e+01
-8.875634002685546875e+01,2.792993354797363281e+01
-8.875596618652343750e+01,2.792837142944335938e+01
-8.875704956054687500e+01,2.792898941040039062e+01
-8.875698089599609375e+01,2.792911338806152344e+01
-8.875645446777343750e+01,2.792831802368164062e+01
-8.875660705566406250e+01,2.792978096008300781e+01
-8.875604248046875000e+01,2.792888069152832031e+01
-8.875671386718750000e+01,2.792937469482421875e+01
-8.875651550292968750e+01,2.792856788635253906e+01
-8.875695800781250000e+01,2.792872619628906250e+01
-8.875780487060546875e+01,2.792938041687011719e+01
-8.875671386718750000e+01,2.793007469177246094e+01
-8.875696563720703125e+01,2.792957305908203125e+01
-8.875672149658203125e+01,2.792948150634765625e+01
-8.875603485107421875e+01,2.792925453186035156e+01
-8.875528717041015625e+01,2.792905426025390625e+01
-8.875571441650390625e+01,2.792862129211425781e+01
-8.875671386718750000e+01,2.792893409729003906e+01
-8.875717163085937500e+01,2.792918014526367188e+01
-8.875701141357421875e+01,2.793000411987304688e+01
-8.875656127929687500e+01,2.793018150329589844e+01
-8.875596618652343750e+01,2.792956161499023438e+01
-8.875643157958984375e+01,2.793011093139648438e+01
-8.875704193115234375e+01,2.792906188964843750e+01
-8.875547027587890625e+01,2.792901611328125000e+01
-8.875673675537109375e+01,2.792877769470214844e+01
-8.875589752197265625e+01,2.792901802062988281e+01
-8.875508880615234375e+01,2.792918586730957031e+01
-8.875595855712890625e+01,2.792872619628906250e+01
-8.875646972656250000e+01,2.792825126647949219e+01
-8.875639343261718750e+01,2.792830467224121094e+01
-8.875632476806640625e+01,2.792903518676757812e+01
-8.875596618652343750e+01,2.792976570129394531e+01
-8.875696563720703125e+01,2.792965888977050781e+01
-8.875507354736328125e+01,2.792911338806152344e+01
-8.875751495361328125e+01,2.792917633056640625e+01
-8.875563049316406250e+01,2.792950057983398438e+01
-8.875566864013671875e+01,2.792870330810546875e+01
-8.875592803955078125e+01,2.792853164672851562e+01
-8.875572967529296875e+01,2.792869567871093750e+01
-8.875753021240234375e+01,2.792955398559570312e+01
-8.875519561767578125e+01,2.792912673950195312e+01
-8.875706481933593750e+01,2.792949485778808594e+01
-8.875646972656250000e+01,2.792943954467773438e+01
-8.875588226318359375e+01,2.792877006530761719e+01
-8.875697326660156250e+01,2.792913246154785156e+01
-8.875682830810546875e+01,2.793019104003906250e+01
-8.875660705566406250e+01,2.792875671386718750e+01
-8.875640869140625000e+01,2.792885208129882812e+01
-8.875744628906250000e+01,2.792873764038085938e+01
-8.875776672363281250e+01,2.792926406860351562e+01
-8.875641632080078125e+01,2.792941665649414062e+01
-8.875664520263671875e+01,2.792820930480957031e+01
-8.875536346435546875e+01,2.792905426025390625e+01
-8.875646209716796875e+01,2.792846298217773438e+01
-8.875613403320312500e+01,2.792873191833496094e+01
-8.875530242919921875e+01,2.792889595031738281e+01
-8.875762939453125000e+01,2.792934799194335938e+01
-8.875700378417968750e+01,2.792934417724609375e+01
-8.875650024414062500e+01,2.792824745178222656e+01
-8.875711059570312500e+01,2.792868614196777344e+01
-8.875589752197265625e+01,2.792850875854492188e+01
-8.875588226318359375e+01,2.792882537841796875e+01
-8.875656890869140625e+01,2.793025398254394531e+01
-8.875674438476562500e+01,2.792981529235839844e+01
-8.875746154785156250e+01,2.792990875244140625e+01
-8.875721740722656250e+01,2.792985725402832031e+01
-8.875514984130859375e+01,2.792956161499023438e+01
-8.875728607177734375e+01,2.792898750305175781e+01
-8.875547027587890625e+01,2.792890930175781250e+01
-8.875742340087890625e+01,2.792870712280273438e+01
-8.875678253173828125e+01,2.792973518371582031e+01
-8.875695800781250000e+01,2.792926979064941406e+01
-8.875533294677734375e+01,2.792929077148437500e+01
-8.875654602050781250e+01,2.792925834655761719e+01
-8.875608062744140625e+01,2.792949485778808594e+01
-8.875517272949218750e+01,2.792917251586914062e+01
-8.875619506835937500e+01,2.792940139770507812e+01
-8.875585937500000000e+01,2.792874717712402344e+01
-8.875680541992187500e+01,2.792920494079589844e+01
-8.875727081298828125e+01,2.792996215820312500e+01
-8.875565338134765625e+01,2.792841720581054688e+01
-8.875736999511718750e+01,2.792953109741210938e+01
-8.875623321533203125e+01,2.792885780334472656e+01
-8.875681304931640625e+01,2.792902946472167969e+01
-8.875671386718750000e+01,2.792868423461914062e+01
-8.875601959228515625e+01,2.792974472045898438e+01
-8.875626373291015625e+01,2.792848205566406250e+01
-8.875751495361328125e+01,2.792903327941894531e+01
-8.875555419921875000e+01,2.792892646789550781e+01
-8.875678253173828125e+01,2.792873764038085938e+01
-8.875667572021484375e+01,2.792988204956054688e+01
-8.875691223144531250e+01,2.793003654479980469e+01
-8.875645446777343750e+01,2.792881393432617188e+01
-8.875585937500000000e+01,2.792947769165039062e+01
-8.875653076171875000e+01,2.792997741699218750e+01
-8.875686645507812500e+01,2.792912101745605469e+01
-8.875682067871093750e+01,2.792832756042480469e+01
-8.875541687011718750e+01,2.792901611328125000e+01
-8.875608825683593750e+01,2.792864608764648438e+01
-8.875652313232421875e+01,2.792939186096191406e+01
-8.875680541992187500e+01,2.792924690246582031e+01
-8.875780487060546875e+01,2.792928314208984375e+01
-8.875557708740234375e+01,2.792931747436523438e+01
-8.875769805908203125e+01,2.792902183532714844e+01
-8.875580596923828125e+01,2.792959785461425781e+01
-8.875653839111328125e+01,2.792827606201171875e+01
-8.875634765625000000e+01,2.792881202697753906e+01
-8.875659942626953125e+01,2.792942810058593750e+01
-8.875691223144531250e+01,2.792943382263183594e+01
-8.875650787353515625e+01,2.792966079711914062e+01
-8.875765991210937500e+01,2.792992019653320312e+01
-8.875621032714843750e+01,2.792928314208984375e+01
-8.875756072998046875e+01,2.792984390258789062e+01
-8.875761413574218750e+01,2.792924308776855469e+01
-8.875647735595703125e+01,2.792875671386718750e+01
-8.875693511962890625e+01,2.792886161804199219e+01
-8.875775146484375000e+01,2.792951202392578125e+01
-8.875597381591796875e+01,2.792942619323730469e+01
-8.875521850585937500e+01,2.792900085449218750e+01
-8.875730895996093750e+01,2.792957687377929688e+01
-8.875614929199218750e+01,2.792832565307617188e+01
-8.875785827636718750e+01,2.792941093444824219e+01
-8.875673675537109375e+01,2.792848396301269531e+01
-8.875524902343750000e+01,2.792924308776855469e+01
-8.875597381591796875e+01,2.792965126037597656e+01
-8.875623321533203125e+01,2.792823219299316406e+01
-8.875714874267578125e+01,2.792939186096191406e+01
-8.875669860839843750e+01,2.792838096618652344e+01
-8.875646209716796875e+01,2.792830657958984375e+01
-8.875637054443359375e+01,2.792821693420410156e+01
-8.875775146484375000e+01,2.792938232421875000e+01
-8.875734710693359375e+01,2.793006896972656250e+01
-8.875673675537109375e+01,2.792919731140136719e+01
-8.875623321533203125e+01,2.792961692810058594e+01
-8.875621032714843750e+01,2.792934226989746094e+01
-8.875637054443359375e+01,2.792946052551269531e+01
-8.875566864013671875e+01,2.792906570434570312e+01
-8.875569915771484375e+01,2.792942428588867188e+01
-8.875571441650390625e+01,2.792905044555664062e+01
-8.875664520263671875e+01,2.792849731445312500e+01
-8.875724029541015625e+01,2.792919731140136719e+01
-8.875589752197265625e+01,2.792893218994140625e+01
-8.875624847412109375e+01,2.792927360534667969e+01
-8.875721740722656250e+01,2.792858505249023438e+01
-8.875596618652343750e+01,2.792886543273925781e+01
-8.875675201416015625e+01,2.792929077148437500e+01
-8.875665283203125000e+01,2.793032073974609375e+01
-8.875728607177734375e+01,2.792899131774902344e+01
-8.875555419921875000e+01,2.792950057983398438e+01
-8.875639343261718750e+01,2.792885780334472656e+01
-8.875683593750000000e+01,2.792956161499023438e+01
-8.875730895996093750e+01,2.792901992797851562e+01
-8.875598907470703125e+01,2.792984580993652344e+01
-8.875728607177734375e+01,2.792968940734863281e+01
-8.875637817382812500e+01,2.792991065979003906e+01
-8.875558471679687500e+01,2.792890548706054688e+01
-8.875704956054687500e+01,2.792921638488769531e+01
-8.875668334960937500e+01,2.792951774597167969e+01
-8.875596618652343750e+01,2.792912101745605469e+01
-8.875603485107421875e+01,2.792841911315917969e+01
-8.875769805908203125e+01,2.792945480346679688e+01
-8.875711822509765625e+01,2.792866706848144531e+01
-8.875637817382812500e+01,2.792950630187988281e+01
-8.875679779052734375e+01,2.792949104309082031e+01
-8.875634002685546875e+01,2.792909812927246094e+01
-8.875521850585937500e+01,2.792891311645507812e+01
-8.875693511962890625e+01,2.792999267578125000e+01
-8.875772094726562500e+01,2.792871093750000000e+01
-8.875637817382812500e+01,2.792997169494628906e+01
-8.875701141357421875e+01,2.793013763427734375e+01
-8.875728607177734375e+01,2.792975807189941406e+01
-8.875610351562500000e+01,2.792902565002441406e+01
-8.875606536865234375e+01,2.792922019958496094e+01
-8.875688171386718750e+01,2.792829895019531250e+01
-8.875701141357421875e+01,2.792864608764648438e+01
-8.875663757324218750e+01,2.792831802368164062e+01
-8.875644683837890625e+01,2.792988395690917969e+01
-8.875761413574218750e+01,2.792987823486328125e+01
-8.875615692138671875e+01,2.792946243286132812e+01
-8.875672149658203125e+01,2.792840385437011719e+01
-8.875747680664062500e+01,2.792899894714355469e+01
-8.875621032714843750e+01,2.792939758300781250e+01
-8.875635528564453125e+01,2.792885589599609375e+01
-8.875704193115234375e+01,2.792974472045898438e+01
-8.875617980957031250e+01,2.792951202392578125e+01
-8.875628662109375000e+01,2.792876815795898438e+01
-8.875506591796875000e+01,2.792918205261230469e+01
-8.875725555419921875e+01,2.792867851257324219e+01
-8.875730133056640625e+01,2.792869758605957031e+01
-8.875733184814453125e+01,2.792893409729003906e+01
-8.875752258300781250e+01,2.792940330505371094e+01
-8.875679779052734375e+01,2.792903137207031250e+01
-8.875701141357421875e+01,2.792917823791503906e+01
-8.875715637207031250e+01,2.793005752563476562e+01
-8.875650787353515625e+01,2.792845153808593750e+01
-8.875647735595703125e+01,2.792929077148437500e+01
-8.875588226318359375e+01,2.792928695678710938e+01
-8.875596618652343750e+01,2.792869949340820312e+01
-8.875614166259765625e+01,2.792840003967285156e+01
-8.875777435302734375e+01,2.792944908142089844e+01
-8.875740814208984375e+01,2.792953491210937500e+01
-8.875736236572265625e+01,2.792946052551269531e+01
-8.875588226318359375e+01,2.792918586730957031e+01
-8.875680541992187500e+01,2.793008422851562500e+01
-8.875673675537109375e+01,2.792926788330078125e+01
-8.875613403320312500e+01,2.792895698547363281e+01
-8.875775146484375000e+01,2.792902565002441406e+01
-8.875521850585937500e+01,2.792933082580566406e+01
-8.875535583496093750e+01,2.792923927307128906e+01
-8.875582122802734375e+01,2.792949867248535156e+01
-8.875727844238281250e+01,2.792908859252929688e+01
-8.875753784179687500e+01,2.792968368530273438e+01
-8.875628662109375000e+01,2.792858314514160156e+01
-8.875628662109375000e+01,2.792866706848144531e+01
-8.875686645507812500e+01,2.793010139465332031e+01
-8.875604248046875000e+01,2.792941093444824219e+01
-8.875651550292968750e+01,2.792973136901855469e+01
-8.875631713867187500e+01,2.792976951599121094e+01
-8.875756072998046875e+01,2.792934989929199219e+01
-8.875728607177734375e+01,2.792891120910644531e+01
-8.875691986083984375e+01,2.792989349365234375e+01
-8.875724029541015625e+01,2.792875480651855469e+01
-8.875713348388671875e+01,2.793018341064453125e+01
-8.875721740722656250e+01,2.792926979064941406e+01
-8.875714874267578125e+01,2.792915725708007812e+01
-8.875660705566406250e+01,2.792922401428222656e+01
-8.875705718994140625e+01,2.793027877807617188e+01
-8.875739288330078125e+01,2.792886734008789062e+01
-8.875732421875000000e+01,2.793002700805664062e+01
-8.875580596923828125e+01,2.792898368835449219e+01
-8.875688171386718750e+01,2.792975044250488281e+01
-8.875743103027343750e+01,2.793002510070800781e+01
-8.875564575195312500e+01,2.792903137207031250e+01
-8.875638580322265625e+01,2.792932319641113281e+01
-8.875639343261718750e+01,2.792917251586914062e+01
-8.875735473632812500e+01,2.792955780029296875e+01
-8.875607299804687500e+01,2.792980003356933594e+01
-8.875514221191406250e+01,2.792933654785156250e+01
-8.875708770751953125e+01,2.793003273010253906e+01
-8.875728607177734375e+01,2.792916107177734375e+01
-8.875637054443359375e+01,2.792967033386230469e+01
-8.875607299804687500e+01,2.792880058288574219e+01
-8.875574493408203125e+01,2.792880439758300781e+01
-8.875660705566406250e+01,2.792893409729003906e+01
-8.875786590576171875e+01,2.792943382263183594e+01
-8.875520324707031250e+01,2.792894935607910156e+01
-8.875556945800781250e+01,2.792851257324218750e+01
-8.875671386718750000e+01,2.792974472045898438e+01
-8.875628662109375000e+01,2.792890548706054688e+01
-8.875724029541015625e+01,2.792888069152832031e+01
-8.875533294677734375e+01,2.792911720275878906e+01
-8.875640106201171875e+01,2.792921257019042969e+01
-8.875723266601562500e+01,2.792863464355468750e+01
-8.875540161132812500e+01,2.792879676818847656e+01
-8.875595855712890625e+01,2.792894744873046875e+01
-8.875652313232421875e+01,2.792839622497558594e+01
-8.875745391845703125e+01,2.792945480346679688e+01
-8.875744628906250000e+01,2.792958068847656250e+01
-8.875614166259765625e+01,2.792915534973144531e+01
-8.875730133056640625e+01,2.792885398864746094e+01
-8.875741577148437500e+01,2.792963027954101562e+01
-8.875736999511718750e+01,2.792890930175781250e+01
-8.875649261474609375e+01,2.792994499206542969e+01
-8.875675201416015625e+01,2.792992210388183594e+01
-8.875739288330078125e+01,2.792854881286621094e+01
-8.875549316406250000e+01,2.792864418029785156e+01
-8.875733947753906250e+01,2.792922973632812500e+01
-8.875775909423828125e+01,2.792940711975097656e+01
-8.875739288330078125e+01,2.792901992797851562e+01
-8.875603485107421875e+01,2.792853546142578125e+01
-8.875693511962890625e+01,2.792968368530273438e+01
-8.875541687011718750e+01,2.792872619628906250e+01
-8.875591278076171875e+01,2.792916297912597656e+01
-8.875675964355468750e+01,2.792891693115234375e+01
-8.875674438476562500e+01,2.792978477478027344e+01
-8.875634002685546875e+01,2.792824935913085938e+01
-8.875600433349609375e+01,2.792947959899902344e+01
-8.875634765625000000e+01,2.792842483520507812e+01
-8.875580596923828125e+01,2.792909812927246094e+01
-8.875555419921875000e+01,2.792958068847656250e+01
-8.875650024414062500e+01,2.792848968505859375e+01
-8.875696563720703125e+01,2.793035507202148438e+01
-8.875726318359375000e+01,2.792869758605957031e+01
-8.875623321533203125e+01,2.792869567871093750e+01
-8.875747680664062500e+01,2.792910385131835938e+01
-8.875779724121093750e+01,2.792929077148437500e+01
-8.875764465332031250e+01,2.792952919006347656e+01
-8.875572967529296875e+01,2.792831802368164062e+01
-8.875546264648437500e+01,2.792910385131835938e+01
-8.875624847412109375e+01,2.792822265625000000e+01
-8.875552368164062500e+01,2.792862129211425781e+01
-8.875648498535156250e+01,2.792835617065429688e+01
-8.875579071044921875e+01,2.792915153503417969e+01
-8.875711059570312500e+01,2.792958641052246094e+01
-8.875621032714843750e+01,2.792950057983398438e+01
-8.875640869140625000e+01,2.792935371398925781e+01
-8.875574493408203125e+01,2.792890930175781250e+01
-8.875659942626953125e+01,2.792945671081542969e+01
-8.875643157958984375e+01,2.792814636230468750e+01
-8.875753021240234375e+01,2.792962646484375000e+01
-8.875711059570312500e+01,2.792954826354980469e+01
-8.875575256347656250e+01,2.792834663391113281e+01
-8.875657653808593750e+01,2.792911148071289062e+01
-8.875643920898437500e+01,2.792812919616699219e+01
-8.875622558593750000e+01,2.793019866943359375e+01
-8.875711822509765625e+01,2.792907524108886719e+01
-8.875679779052734375e+01,2.792857933044433594e+01
-8.875707244873046875e+01,2.792976188659667969e+01
-8.875708007812500000e+01,2.792851829528808594e+01
-8.875711822509765625e+01,2.792982673645019531e+01
-8.875640869140625000e+01,2.792888832092285156e+01
-8.875623321533203125e+01,2.792866516113281250e+01
-8.875685882568359375e+01,2.792951583862304688e+01
-8.875556945800781250e+01,2.792849922180175781e+01
-8.875646972656250000e+01,2.792859458923339844e+01
-8.875626373291015625e+01,2.792826652526855469e+01
-8.875693511962890625e+01,2.792945671081542969e+01
-8.875561523437500000e+01,2.792875671386718750e+01
-8.875541687011718750e+01,2.792889785766601562e+01
-8.875691986083984375e+01,2.792950057983398438e+01
-8.875709533691406250e+01,2.792881202697753906e+01
-8.875782012939453125e+01,2.792915534973144531e+01
-8.875664520263671875e+01,2.792970085144042969e+01
-8.875705718994140625e+01,2.792985534667968750e+01
-8.875704956054687500e+01,2.792876434326171875e+01
-8.875767517089843750e+01,2.792900657653808594e+01
-8.875550842285156250e+01,2.792903900146484375e+01
-8.875669860839843750e+01,2.792834663391113281e+01
-8.875726318359375000e+01,2.792894935607910156e+01
-8.875721740722656250e+01,2.792903327941894531e+01
-8.875547790527343750e+01,2.792930412292480469e+01
-8.875717926025390625e+01,2.792882347106933594e+01
-8.875665283203125000e+01,2.792919731140136719e+01
-8.875763702392578125e+01,2.792884445190429688e+01
-8.875766754150390625e+01,2.792907714843750000e+01
-8.875685882568359375e+01,2.792885398864746094e+01
-8.875753784179687500e+01,2.792945861816406250e+01
-8.875650024414062500e+01,2.792815780639648438e+01
-8.875773620605468750e+01,2.792934036254882812e+01
-8.875566864013671875e+01,2.792899131774902344e+01
-8.875672912597656250e+01,2.792838096618652344e+01
-8.875690460205078125e+01,2.792923355102539062e+01
-8.875667572021484375e+01,2.793012046813964844e+01
-8.875733184814453125e+01,2.792980766296386719e+01
-8.875590515136718750e+01,2.792968368530273438e+01
-8.875687408447265625e+01,2.792849540710449219e+01
-8.875782775878906250e+01,2.792948150634765625e+01
-8.875635528564453125e+01,2.792818832397460938e+01
-8.875695037841796875e+01,2.792906188964843750e+01
-8.875749206542968750e+01,2.792955207824707031e+01
-8.875624084472656250e+01,2.792899322509765625e+01
-8.875638580322265625e+01,2.792870330810546875e+01
-8.875524902343750000e+01,2.792881393432617188e+01
-8.875742340087890625e+01,2.793007659912109375e+01
-8.875583648681640625e+01,2.792847442626953125e+01
-8.875694274902343750e+01,2.792936325073242188e+01
-8.875582885742187500e+01,2.792881011962890625e+01
-8.875616455078125000e+01,2.792948150634765625e+01
-8.875562286376953125e+01,2.792859840393066406e+01
-8.875620269775390625e+01,2.792842674255371094e+01
-8.875726318359375000e+01,2.792998313903808594e+01
-8.875556182861328125e+01,2.792888259887695312e+01
-8.875508880615234375e+01,2.792909049987792969e+01
-8.875661468505859375e+01,2.792873573303222656e+01
-8.875599670410156250e+01,2.792990112304687500e+01
-8.875726318359375000e+01,2.792893791198730469e+01
-8.875653076171875000e+01,2.792852401733398438e+01
-8.875524902343750000e+01,2.792916679382324219e+01
-8.875610351562500000e+01,2.792973899841308594e+01
-8.875686645507812500e+01,2.792841339111328125e+01
-8.875753021240234375e+01,2.792928504943847656e+01
-8.875749206542968750e+01,2.792928314208984375e+01
-8.875747680664062500e+01,2.792888832092285156e+01
-8.875675964355468750e+01,2.793012619018554688e+01
-8.875586700439453125e+01,2.792953872680664062e+01
-8.875602722167968750e+01,2.792833137512207031e+01
-8.875641632080078125e+01,2.793004608154296875e+01
-8.875607299804687500e+01,2.792976188659667969e+01
-8.875656127929687500e+01,2.792845726013183594e+01
-8.875760650634765625e+01,2.792965316772460938e+01
-8.875684356689453125e+01,2.792927742004394531e+01
-8.875611114501953125e+01,2.792865180969238281e+01
-8.875659179687500000e+01,2.792843055725097656e+01
-8.875747680664062500e+01,2.792966079711914062e+01
-8.875651550292968750e+01,2.792853546142578125e+01
-8.875565338134765625e+01,2.792864227294921875e+01
-8.875575256347656250e+01,2.792900657653808594e+01
-8.875746154785156250e+01,2.792855262756347656e+01
-8.875775909423828125e+01,2.792980194091796875e+01
-8.875710296630859375e+01,2.792936134338378906e+01
-8.875704193115234375e+01,2.792893218994140625e+01
-8.875715637207031250e+01,2.792893981933593750e+01
-8.875592041015625000e+01,2.792912101745605469e+01
-8.875637054443359375e+01,2.792876434326171875e+01
-8.875542449951171875e+01,2.792946624755859375e+01
-8.875604248046875000e+01,2.792836380004882812e+01
-8.875604248046875000e+01,2.792914772033691406e+01
-8.875605773925781250e+01,2.792930603027343750e+01
-8.875762176513671875e+01,2.792990875244140625e+01
-8.875621032714843750e+01,2.792950057983398438e+01
-8.875695037841796875e+01,2.792871475219726562e+01
-8.875725555419921875e+01,2.792907524108886719e+01
-8.875708007812500000e+01,2.792925262451171875e+01
-8.875598907470703125e+01,2.792943954467773438e+01
-8.875546264648437500e+01,2.792939949035644531e+01
-8.875588226318359375e+01,2.792841911315917969e+01
-8.875684356689453125e+01,2.792955017089843750e+01
-8.875717163085937500e+01,2.792934989929199219e+01
-8.875774383544921875e+01,2.792934799194335938e+01
-8.875682067871093750e+01,2.792870330810546875e+01
-8.875691986083984375e+01,2.792855453491210938e+01
-8.875733947753906250e+01,2.792989921569824219e+01
-8.875614166259765625e+01,2.792826843261718750e+01
-8.875593566894531250e+01,2.792853164672851562e+01
-8.875665283203125000e+01,2.792966270446777344e+01
-8.875748443603515625e+01,2.792843055725097656e+01
-8.875572967529296875e+01,2.792854118347167969e+01
-8.875683593750000000e+01,2.792977142333984375e+01
-8.875682830810546875e+01,2.792970657348632812e+01
-8.875669860839843750e+01,2.792853546142578125e+01
-8.875631713867187500e+01,2.792898178100585938e+01
-8.875695800781250000e+01,2.793025398254394531e+01
-8.875652313232421875e+01,2.792932319641113281e+01
-8.875675964355468750e+01,2.792910194396972656e+01
-8.875735473632812500e+01,2.792912292480468750e+01
-8.875585174560546875e+01,2.792903709411621094e+01
-8.875541687011718750e+01,2.792915344238281250e+01
-8.875625610351562500e+01,2.792976570129394531e+01
-8.875710296630859375e+01,2.792922401428222656e+01
-8.875618743896484375e+01,2.792824172973632812e+01
-8.875649261474609375e+01,2.792852401733398438e+01
-8.875550842285156250e+01,2.792885971069335938e+01
-8.875708007812500000e+01,2.792937469482421875e+01
-8.875762176513671875e+01,2.792905616760253906e+01
-8.875753021240234375e+01,2.792897224426269531e+01
-8.875740051269531250e+01,2.792993927001953125e+01
-8.875720977783203125e+01,2.792885017395019531e+01
-8.875653076171875000e+01,2.792881011962890625e+01
-8.875635528564453125e+01,2.792952728271484375e+01
-8.875621795654296875e+01,2.792889785766601562e+01
-8.875716400146484375e+01,2.793008041381835938e+01
-8.875630187988281250e+01,2.792836380004882812e+01
-8.875640869140625000e+01,2.792982101440429688e+01
-8.875753784179687500e+01,2.792967796325683594e+01
-8.875611877441406250e+01,2.792924118041992188e+01
-8.875514984130859375e+01,2.792918014526367188e+01
-8.875764465332031250e+01,2.792936706542968750e+01
-8.875608062744140625e+01,2.792983055114746094e+01
-8.875632476806640625e+01,2.792977714538574219e+01
-8.875640106201171875e+01,2.792838287353515625e+01
-8.875623321533203125e+01,2.792914009094238281e+01
-8.875637054443359375e+01,2.792959785461425781e+01
-8.875595855712890625e+01,2.792876052856445312e+01
-8.875682830810546875e+01,2.792937088012695312e+01
-8.875683593750000000e+01,2.792862319946289062e+01
-8.875727081298828125e+01,2.792930412292480469e+01
-8.875680541992187500e+01,2.793016624450683594e+01
-8.875669860839843750e+01,2.792906761169433594e+01
-8.875577545166015625e+01,2.792841911315917969e+01
-8.875747680664062500e+01,2.792946243286132812e+01
-8.875611114501953125e+01,2.792827415466308594e+01
-8.875635528564453125e+01,2.792926025390625000e+01
-8.875567626953125000e+01,2.792852020263671875e+01
-8.875599670410156250e+01,2.792883491516113281e+01
-8.875743103027343750e+01,2.792893791198730469e+01
-8.875557708740234375e+01,2.792885780334472656e+01
-8.875739288330078125e+01,2.792847633361816406e+01
-8.875677490234375000e+01,2.793013954162597656e+01
-8.875714111328125000e+01,2.792862510681152344e+01
-8.875519561767578125e+01,2.792887687683105469e+01
-8.875699615478515625e+01,2.792930603027343750e+01
-8.875730133056640625e+01,2.792977523803710938e+01
-8.875689697265625000e+01,2.792893218994140625e+01
-8.875543975830078125e+01,2.792916107177734375e+01
-8.875556182861328125e+01,2.792948150634765625e+01
-8.875753784179687500e+01,2.792921638488769531e+01
-8.875662994384765625e+01,2.792939376831054688e+01
-8.875706481933593750e+01,2.792887687683105469e+01
-8.875748443603515625e+01,2.792912101745605469e+01
-8.875622558593750000e+01,2.793016624450683594e+01
-8.875714111328125000e+01,2.792863464355468750e+01
-8.875567626953125000e+01,2.792870903015136719e+01
-8.875750732421875000e+01,2.792955398559570312e+01
-8.875622558593750000e+01,2.793009757995605469e+01
-8.875557708740234375e+01,2.792921447753906250e+01
-8.875625610351562500e+01,2.792831420898437500e+01
-8.875587463378906250e+01,2.792857933044433594e+01
-8.875685119628906250e+01,2.792839813232421875e+01
-8.875744628906250000e+01,2.792866897583007812e+01
-8.875682830810546875e+01,2.792871856689453125e+01
-8.875725555419921875e+01,2.792938423156738281e+01
-8.875692749023437500e+01,2.792946624755859375e+01
-8.875553131103515625e+01,2.792955017089843750e+01
-8.875724792480468750e+01,2.792860984802246094e+01
-8.875598907470703125e+01,2.792958641052246094e+01
-8.875614166259765625e+01,2.792909240722656250e+01
-8.875548553466796875e+01,2.792841529846191406e+01
-8.875625610351562500e+01,2.792931556701660156e+01
-8.875696563720703125e+01,2.793029594421386719e+01
-8.875705718994140625e+01,2.792931365966796875e+01
-8.875691986083984375e+01,2.792969322204589844e+01
-8.875600433349609375e+01,2.792945861816406250e+01
-8.875759887695312500e+01,2.792881965637207031e+01
-8.875519561767578125e+01,2.792889404296875000e+01
-8.875637054443359375e+01,2.792889022827148438e+01
-8.875685882568359375e+01,2.792908287048339844e+01
-8.875549316406250000e+01,2.792921829223632812e+01
-8.875622558593750000e+01,2.792864036560058594e+01
-8.875524902343750000e+01,2.792909622192382812e+01
-8.875622558593750000e+01,2.792973327636718750e+01
-8.875591278076171875e+01,2.792938804626464844e+01
-8.875707244873046875e+01,2.793003273010253906e+01
-8.875721740722656250e+01,2.792952156066894531e+01
-8.875702667236328125e+01,2.792974090576171875e+01
-8.875659942626953125e+01,2.792844772338867188e+01
-8.875734710693359375e+01,2.792946815490722656e+01
-8.875769805908203125e+01,2.792940711975097656e+01
-8.875592041015625000e+01,2.792881774902343750e+01
-8.875647735595703125e+01,2.792856597900390625e+01
-8.875550842285156250e+01,2.792922401428222656e+01
-8.875547790527343750e+01,2.792865943908691406e+01
-8.875652313232421875e+01,2.792940521240234375e+01
-8.875774383544921875e+01,2.792908859252929688e+01
-8.875691223144531250e+01,2.792937469482421875e+01
-8.875623321533203125e+01,2.792817115783691406e+01
-8.875717163085937500e+01,2.792896652221679688e+01
-8.875661468505859375e+01,2.792964744567871094e+01
-8.875757598876953125e+01,2.792951202392578125e+01
-8.875718688964843750e+01,2.792918205261230469e+01
-8.875671386718750000e+01,2.792988967895507812e+01
-8.875704193115234375e+01,2.792854881286621094e+01
-8.875695800781250000e+01,2.792925643920898438e+01
-8.875593566894531250e+01,2.792941284179687500e+01
-8.875692749023437500e+01,2.792865371704101562e+01
-8.875636291503906250e+01,2.792952728271484375e+01
-8.875692749023437500e+01,2.792942428588867188e+01
-8.875698089599609375e+01,2.792915916442871094e+01
-8.875653076171875000e+01,2.792852973937988281e+01
-8.875726318359375000e+01,2.792995071411132812e+01
-8.875730133056640625e+01,2.792877960205078125e+01
-8.875672149658203125e+01,2.792989349365234375e+01
-8.875713348388671875e+01,2.792922210693359375e+01
-8.875575256347656250e+01,2.792962837219238281e+01
-8.875700378417968750e+01,2.792855262756347656e+01
-8.875749969482421875e+01,2.792956542968750000e+01
-8.875758361816406250e+01,2.792968559265136719e+01
-8.875619506835937500e+01,2.792977333068847656e+01
-8.875778961181640625e+01,2.792911911010742188e+01
-8.875698089599609375e+01,2.793022155761718750e+01
-8.875686645507812500e+01,2.792862129211425781e+01
-8.875600433349609375e+01,2.792987251281738281e+01
-8.875687408447265625e+01,2.793005943298339844e+01
-8.875621795654296875e+01,2.792894363403320312e+01
-8.875736236572265625e+01,2.793002128601074219e+01
-8.875667572021484375e+01,2.792996788024902344e+01
-8.875714111328125000e+01,2.792976570129394531e+01
-8.875691986083984375e+01,2.792956733703613281e+01
-8.875640869140625000e+01,2.792977333068847656e+01
-8.875698089599609375e+01,2.792961120605468750e+01
-8.875561523437500000e+01,2.792834281921386719e+01
-8.875641632080078125e+01,2.792954635620117188e+01
-8.875771331787109375e+01,2.792989921569824219e+01
-8.875505828857421875e+01,2.792916488647460938e+01
-8.875685119628906250e+01,2.792910575866699219e+01
-8.875566864013671875e+01,2.792943000793457031e+01
-8.875708770751953125e+01,2.792979621887207031e+01
-8.875604248046875000e+01,2.792966270446777344e+01
-8.875713348388671875e+01,2.792863082885742188e+01
-8.875559997558593750e+01,2.792887306213378906e+01
-8.875746154785156250e+01,2.792922973632812500e+01
-8.875736236572265625e+01,2.792992401123046875e+01
-8.875583648681640625e+01,2.792866134643554688e+01
-8.875713348388671875e+01,2.792848396301269531e+01
-8.875653076171875000e+01,2.792854499816894531e+01
-8.875643157958984375e+01,2.792972755432128906e+01
-8.875635528564453125e+01,2.792827796936035156e+01
-8.875601959228515625e+01,2.792937850952148438e+01
-8.875558471679687500e+01,2.792934226989746094e+01
-8.875664520263671875e+01,2.793023300170898438e+01
-8.875580596923828125e+01,2.792872047424316406e+01
-8.875595092773437500e+01,2.792994499206542969e+01
-8.875749206542968750e+01,2.792913246154785156e+01
-8.875679779052734375e+01,2.792826843261718750e+01
-8.875714874267578125e+01,2.792912292480468750e+01
-8.875752258300781250e+01,2.792992210388183594e+01
-8.875656890869140625e+01,2.793017578125000000e+01
-8.875554656982421875e+01,2.792877578735351562e+01
-8.875614929199218750e+01,2.792977523803710938e+01
-8.875724792480468750e+01,2.792899513244628906e+01
-8.875595092773437500e+01,2.792840576171875000e+01
-8.875518035888671875e+01,2.792908668518066406e+01
-8.875655364990234375e+01,2.792997550964355469e+01
-8.875786590576171875e+01,2.792944145202636719e+01
-8.875582885742187500e+01,2.792908096313476562e+01
-8.875581359863281250e+01,2.792844200134277344e+01
-8.875607299804687500e+01,2.792891120910644531e+01
-8.875677490234375000e+01,2.793016052246093750e+01
-8.875656127929687500e+01,2.792908668518066406e+01
-8.875665283203125000e+01,2.792810630798339844e+01
-8.875685119628906250e+01,2.792834091186523438e+01
-8.875766754150390625e+01,2.792891120910644531e+01
-8.875676727294921875e+01,2.792842674255371094e+01
-8.875683593750000000e+01,2.793018531799316406e+01
-8.875763702392578125e+01,2.792914390563964844e+01
-8.875755310058593750e+01,2.792892074584960938e+01
-8.875629425048828125e+01,2.792967796325683594e+01
-8.875636291503906250e+01,2.792983436584472656e+01
-8.875628662109375000e+01,2.792961502075195312e+01
-8.875668334960937500e+01,2.792852973937988281e+01
-8.875724029541015625e+01,2.792905807495117188e+01
-8.875722503662109375e+01,2.792996978759765625e+01
-8.875582885742187500e+01,2.792950439453125000e+01
-8.875687408447265625e+01,2.792852401733398438e+01
-8.875515747070312500e+01,2.792928504943847656e+01
-8.875746917724609375e+01,2.792894363403320312e+01
-8.875559997558593750e+01,2.792851066589355469e+01
-8.875651550292968750e+01,2.792858314514160156e+01
-8.875704193115234375e+01,2.792941856384277344e+01
-8.875642395019531250e+01,2.792956733703613281e+01
-8.875592803955078125e+01,2.792887687683105469e+01
-8.875686645507812500e+01,2.792994499206542969e+01
-8.875538635253906250e+01,2.792930221557617188e+01
-8.875600433349609375e+01,2.792945671081542969e+01
-8.875723266601562500e+01,2.792999839782714844e+01
-8.875721740722656250e+01,2.792842674255371094e+01
-8.875752258300781250e+01,2.792951202392578125e+01
-8.875701141357421875e+01,2.792961883544921875e+01
-8.875663757324218750e+01,2.793025970458984375e+01
-8.875715637207031250e+01,2.792980194091796875e+01
-8.875701141357421875e+01,2.793009185791015625e+01
-8.875720214843750000e+01,2.793009185791015625e+01
-8.875743103027343750e+01,2.792906379699707031e+01
-8.875720214843750000e+01,2.792955970764160156e+01
-8.875634002685546875e+01,2.792960739135742188e+01
-8.875621795654296875e+01,2.792893600463867188e+01
-8.875549316406250000e+01,2.792909240722656250e+01
-8.875773620605468750e+01,2.792939758300781250e+01
-8.875524902343750000e+01,2.792917633056640625e+01
-8.875527191162109375e+01,2.792934417724609375e+01
-8.875578308105468750e+01,2.792870903015136719e+01
-8.875693511962890625e+01,2.792844581604003906e+01
-8.875756072998046875e+01,2.792985343933105469e+01
-8.875706481933593750e+01,2.792830085754394531e+01
-8.875612640380859375e+01,2.792867279052734375e+01
-8.875678253173828125e+01,2.792868614196777344e+01
-8.875700378417968750e+01,2.792875099182128906e+01
-8.875551605224609375e+01,2.792839813232421875e+01
-8.875661468505859375e+01,2.792831039428710938e+01
-8.875733947753906250e+01,2.792944335937500000e+01
-8.875567626953125000e+01,2.792910194396972656e+01
-8.875657653808593750e+01,2.792831802368164062e+01
-8.875587463378906250e+01,2.792944908142089844e+01
-8.875695800781250000e+01,2.792960739135742188e+01
-8.875691986083984375e+01,2.792906188964843750e+01
-8.875777435302734375e+01,2.792983055114746094e+01
-8.875679779052734375e+01,2.792946243286132812e+01
-8.875514221191406250e+01,2.792932701110839844e+01
-8.875576019287109375e+01,2.792942237854003906e+01
-8.875688934326171875e+01,2.793018150329589844e+01
-8.875701141357421875e+01,2.792902183532714844e+01
-8.875634002685546875e+01,2.792832946777343750e+01
-8.875730133056640625e+01,2.792863273620605469e+01
-8.875731658935546875e+01,2.792943382263183594e+01
-8.875607299804687500e+01,2.792966461181640625e+01
-8.875579833984375000e+01,2.792884445190429688e+01
-8.875513458251953125e+01,2.792961120605468750e+01
-8.875611114501953125e+01,2.792864608764648438e+01
-8.875621795654296875e+01,2.792840576171875000e+01
-8.875550842285156250e+01,2.792929267883300781e+01
-8.875614929199218750e+01,2.792925262451171875e+01
-8.875625610351562500e+01,2.793005371093750000e+01
-8.875771331787109375e+01,2.792983627319335938e+01
-8.875668334960937500e+01,2.792812728881835938e+01
-8.875670623779296875e+01,2.792992782592773438e+01
-8.875738525390625000e+01,2.792922592163085938e+01
-8.875523376464843750e+01,2.792902946472167969e+01
-8.875659942626953125e+01,2.792844581604003906e+01
-8.875613403320312500e+01,2.792902565002441406e+01
-8.875756072998046875e+01,2.792925453186035156e+01
-8.875711822509765625e+01,2.792908477783203125e+01
-8.875713348388671875e+01,2.792845153808593750e+01
-8.875568389892578125e+01,2.792885780334472656e+01
-8.875695037841796875e+01,2.792970848083496094e+01
-8.875619506835937500e+01,2.792906379699707031e+01
-8.875688171386718750e+01,2.792862892150878906e+01
-8.875630187988281250e+01,2.792861747741699219e+01
-8.875678253173828125e+01,2.792928314208984375e+01
-8.875607299804687500e+01,2.792881965637207031e+01
-8.875745391845703125e+01,2.792869377136230469e+01
-8.875648498535156250e+01,2.792845916748046875e+01
-8.875715637207031250e+01,2.793015861511230469e+01
-8.875553131103515625e+01,2.792888069152832031e+01
-8.875655364990234375e+01,2.793014526367187500e+01
-8.875642395019531250e+01,2.793019294738769531e+01
-8.875543212890625000e+01,2.792914390563964844e+01
-8.875721740722656250e+01,2.792950057983398438e+01
-8.875726318359375000e+01,2.792879867553710938e+01
-8.875614166259765625e+01,2.792869186401367188e+01
-8.875667572021484375e+01,2.792817497253417969e+01
-8.875661468505859375e+01,2.792818832397460938e+01
-8.875540924072265625e+01,2.792923164367675781e+01
-8.875672912597656250e+01,2.792931556701660156e+01
-8.875762939453125000e+01,2.792882537841796875e+01
-8.875539398193359375e+01,2.792930603027343750e+01
-8.875638580322265625e+01,2.792899894714355469e+01
-8.875699615478515625e+01,2.792946624755859375e+01
-8.875748443603515625e+01,2.792877769470214844e+01
-8.875635528564453125e+01,2.792898750305175781e+01
-8.875618743896484375e+01,2.792826461791992188e+01
-8.875632476806640625e+01,2.792899513244628906e+01
-8.875637817382812500e+01,2.792915916442871094e+01
-8.875718688964843750e+01,2.792879676818847656e+01
-8.875629425048828125e+01,2.792935371398925781e+01
-8.875633239746093750e+01,2.792837715148925781e+01
-8.875737762451171875e+01,2.792990493774414062e+01
-8.875691986083984375e+01,2.792863082885742188e+01
-8.875714874267578125e+01,2.792866325378417969e+01
-8.875714111328125000e+01,2.792867851257324219e+01
-8.875536346435546875e+01,2.792885017395019531e+01
-8.875652313232421875e+01,2.792894554138183594e+01
-8.875583648681640625e+01,2.792877006530761719e+01
-8.875635528564453125e+01,2.792932319641113281e+01
-8.875549316406250000e+01,2.792928695678710938e+01
-8.875646972656250000e+01,2.792897987365722656e+01
-8.875656890869140625e+01,2.792832374572753906e+01
-8.875588989257812500e+01,2.792845344543457031e+01
-8.875619506835937500e+01,2.792870712280273438e+01
-8.875617218017578125e+01,2.792855644226074219e+01
-8.875621795654296875e+01,2.792870521545410156e+01
-8.875648498535156250e+01,2.792994689941406250e+01
-8.875697326660156250e+01,2.792874717712402344e+01
-8.875547790527343750e+01,2.792928886413574219e+01
-8.875739288330078125e+01,2.792910957336425781e+01
-8.875566101074218750e+01,2.792944526672363281e+01
-8.875642395019531250e+01,2.792888832092285156e+01
-8.875711822509765625e+01,2.792971992492675781e+01
-8.875662994384765625e+01,2.792835807800292969e+01
-8.875556945800781250e+01,2.792903518676757812e+01
-8.875619506835937500e+01,2.792867469787597656e+01
-8.875626373291015625e+01,2.792948913574218750e+01
-8.875703430175781250e+01,2.792984390258789062e+01
-8.875763702392578125e+01,2.792874336242675781e+01
-8.875576782226562500e+01,2.792899322509765625e+01
-8.875730895996093750e+01,2.792985725402832031e+01
-8.875743865966796875e+01,2.792962837219238281e+01
-8.875588989257812500e+01,2.792865371704101562e+01
-8.875584411621093750e+01,2.792925834655761719e+01
-8.875581359863281250e+01,2.792955589294433594e+01
-8.875553131103515625e+01,2.792957687377929688e+01
-8.875772094726562500e+01,2.792898941040039062e+01
-8.875646972656250000e+01,2.792967033386230469e+01
-8.875772857666015625e+01,2.792880821228027344e+01
-8.875747680664062500e+01,2.792902374267578125e+01
-8.875692749023437500e+01,2.792971420288085938e+01
-8.875646209716796875e+01,2.793011283874511719e+01
-8.875646209716796875e+01,2.792808914184570312e+01
-8.875680541992187500e+01,2.792959594726562500e+01
-8.875599670410156250e+01,2.792970466613769531e+01
-8.875661468505859375e+01,2.792896842956542969e+01
-8.875601196289062500e+01,2.792893600463867188e+01
-8.875756072998046875e+01,2.792939186096191406e+01
-8.875762176513671875e+01,2.792896270751953125e+01
-8.875666046142578125e+01,2.793000030517578125e+01
-8.875691223144531250e+01,2.792878532409667969e+01
-8.875736999511718750e+01,2.792901229858398438e+01
-8.875749206542968750e+01,2.792975807189941406e+01
-8.875594329833984375e+01,2.792989540100097656e+01
-8.875638580322265625e+01,2.792829704284667969e+01
-8.875569152832031250e+01,2.792838859558105469e+01
-8.875704193115234375e+01,2.792966079711914062e+01
-8.875709533691406250e+01,2.792953872680664062e+01
-8.875639343261718750e+01,2.792866706848144531e+01
-8.875630187988281250e+01,2.793014335632324219e+01
-8.875631713867187500e+01,2.792892837524414062e+01
-8.875651550292968750e+01,2.792951011657714844e+01
-8.875651550292968750e+01,2.792819213867187500e+01
-8.875697326660156250e+01,2.792952728271484375e+01
-8.875624847412109375e+01,2.792900466918945312e+01
-8.875695037841796875e+01,2.792883682250976562e+01
-8.875679779052734375e+01,2.793005180358886719e+01
-8.875645446777343750e+01,2.792907333374023438e+01
-8.875717926025390625e+01,2.792902755737304688e+01
-8.875675964355468750e+01,2.792938423156738281e+01
-8.875643920898437500e+01,2.792882728576660156e+01
-8.875672912597656250e+01,2.792901420593261719e+01
-8.875551605224609375e+01,2.792957687377929688e+01
-8.875750732421875000e+01,2.792869758605957031e+01
-8.875725555419921875e+01,2.793000030517578125e+01
-8.875679016113281250e+01,2.792926597595214844e+01
-8.875615692138671875e+01,2.792970275878906250e+01
-8.875653839111328125e+01,2.792843818664550781e+01
-8.875639343261718750e+01,2.792863655090332031e+01
-8.875647735595703125e+01,2.792813110351562500e+01
-8.875611877441406250e+01,2.792862892150878906e+01
-8.875647735595703125e+01,2.793012046813964844e+01
-8.875762939453125000e+01,2.792933273315429688e+01
-8.875614166259765625e+01,2.792898368835449219e+01
-8.875582122802734375e+01,2.792893409729003906e+01
-8.875568389892578125e+01,2.792863464355468750e+01
-8.875607299804687500e+01,2.792930030822753906e+01
-8.875603485107421875e+01,2.792853355407714844e+01
-8.875543975830078125e+01,2.792942810058593750e+01
-8.875668334960937500e+01,2.792954826354980469e+01
-8.875620269775390625e+01,2.793013572692871094e+01
-8.875520324707031250e+01,2.792947769165039062e+01
-8.875669097900390625e+01,2.792889404296875000e+01
-8.875614166259765625e+01,2.792869949340820312e+01
-8.875731658935546875e+01,2.792858505249023438e+01
-8.875514221191406250e+01,2.792932510375976562e+01
-8.875699615478515625e+01,2.792993545532226562e+01
-8.875736236572265625e+01,2.792915916442871094e+01
-8.875770568847656250e+01,2.792904663085937500e+01
-8.875535583496093750e+01,2.792898941040039062e+01
-8.875514984130859375e+01,2.792930984497070312e+01
-8.875768280029296875e+01,2.792951774597167969e+01
-8.875563812255859375e+01,2.792848968505859375e+01
-8.875691986083984375e+01,2.792854309082031250e+01
-8.875749206542968750e+01,2.792951965332031250e+01
-8.875629425048828125e+01,2.792948150634765625e+01
-8.875564575195312500e+01,2.792949485778808594e+01
-8.875534820556640625e+01,2.792936134338378906e+01
-8.875732421875000000e+01,2.792856979370117188e+01
-8.875637054443359375e+01,2.792978096008300781e+01
-8.875592803955078125e+01,2.792935943603515625e+01
-8.875691986083984375e+01,2.792930221557617188e+01
-8.875562286376953125e+01,2.792955017089843750e+01
-8.875578308105468750e+01,2.792942047119140625e+01
-8.875557708740234375e+01,2.792910766601562500e+01
-8.875650787353515625e+01,2.792847251892089844e+01
-8.875601959228515625e+01,2.792830467224121094e+01
-8.875637054443359375e+01,2.792880058288574219e+01
-8.875762176513671875e+01,2.792890357971191406e+01
-8.875741577148437500e+01,2.792898368835449219e+01
-8.875691223144531250e+01,2.792984962463378906e+01
-8.875651550292968750e+01,2.792979621887207031e+01
-8.875602722167968750e+01,2.792969703674316406e+01
-8.875701141357421875e+01,2.793010711669921875e+01
-8.875638580322265625e+01,2.792997360229492188e+01
-8.875662231445312500e+01,2.793020248413085938e+01
-8.875763702392578125e+01,2.792897987365722656e+01
-8.875560760498046875e+01,2.792857170104980469e+01
-8.875773620605468750e+01,2.792897415161132812e+01
-8.875627136230468750e+01,2.793000602722167969e+01
-8.875696563720703125e+01,2.793027496337890625e+01
-8.875587463378906250e+01,2.792888069152832031e+01
-8.875679779052734375e+01,2.792836380004882812e+01
-8.875640869140625000e+01,2.792834663391113281e+01
-8.875717926025390625e+01,2.792842674255371094e+01
-8.875669097900390625e+01,2.792831230163574219e+01
-8.875741577148437500e+01,2.792993164062500000e+01
-8.875563049316406250e+01,2.792949295043945312e+01
-8.875646972656250000e+01,2.792880439758300781e+01
-8.875711822509765625e+01,2.793006134033203125e+01
-8.875621795654296875e+01,2.792820358276367188e+01
-8.875534057617187500e+01,2.792913055419921875e+01
-8.875638580322265625e+01,2.793011283874511719e+01
-8.875635528564453125e+01,2.792843627929687500e+01
-8.875662231445312500e+01,2.793021011352539062e+01
-8.875718688964843750e+01,2.792942428588867188e+01
-8.875566864013671875e+01,2.792947387695312500e+01
-8.875709533691406250e+01,2.792884826660156250e+01
-8.875630187988281250e+01,2.792943382263183594e+01
-8.875657653808593750e+01,2.792866706848144531e+01
-8.875566864013671875e+01,2.792864036560058594e+01
-8.875611877441406250e+01,2.792866897583007812e+01
-8.875707244873046875e+01,2.793006706237792969e+01
-8.875582885742187500e+01,2.792935943603515625e+01
-8.875567626953125000e+01,2.792924880981445312e+01
-8.875555419921875000e+01,2.792956733703613281e+01
-8.875730133056640625e+01,2.792852210998535156e+01
-8.875595092773437500e+01,2.792940521240234375e+01
-8.875746917724609375e+01,2.792884254455566406e+01
-8.875685119628906250e+01,2.792983245849609375e+01
-8.875564575195312500e+01,2.792908668518066406e+01
-8.875649261474609375e+01,2.792943954467773438e+01
-8.875696563720703125e+01,2.792849159240722656e+01
-8.875724792480468750e+01,2.792897033691406250e+01
-8.875690460205078125e+01,2.792973136901855469e+01
-8.875694274902343750e+01,2.792999649047851562e+01
-8.875659179687500000e+01,2.792966651916503906e+01
-8.875736999511718750e+01,2.792960929870605469e+01
-8.875711059570312500e+01,2.792875099182128906e+01
-8.875704193115234375e+01,2.792854690551757812e+01
-8.875665283203125000e+01,2.793013763427734375e+01
-8.875682067871093750e+01,2.792869186401367188e+01
-8.875520324707031250e+01,2.792890167236328125e+01
-8.875670623779296875e+01,2.792931938171386719e+01
-8.875573730468750000e+01,2.792965126037597656e+01
-8.875553894042968750e+01,2.792911529541015625e+01
-8.875724792480468750e+01,2.792907142639160156e+01
-8.875768280029296875e+01,2.792929458618164062e+01
-8.875601196289062500e+01,2.792895507812500000e+01
-8.875577545166015625e+01,2.792832374572753906e+01
-8.875543212890625000e+01,2.792906951904296875e+01
-8.875688171386718750e+01,2.792876052856445312e+01
-8.875553894042968750e+01,2.792891693115234375e+01
-8.875666046142578125e+01,2.792906951904296875e+01
-8.875535583496093750e+01,2.792942237854003906e+01
-8.875680541992187500e+01,2.792978096008300781e+01
-8.875704193115234375e+01,2.792843055725097656e+01
-8.875647735595703125e+01,2.792907905578613281e+01
-8.875622558593750000e+01,2.792955398559570312e+01
-8.875622558593750000e+01,2.792851448059082031e+01
-8.875756835937500000e+01,2.792973136901855469e+01
-8.875592041015625000e+01,2.792978286743164062e+01
-8.875644683837890625e+01,2.792913436889648438e+01
-8.875655364990234375e+01,2.792824745178222656e+01
-8.875658416748046875e+01,2.792889595031738281e+01
-8.875669097900390625e+01,2.792851066589355469e+01
-8.875748443603515625e+01,2.792998504638671875e+01
-8.875606536865234375e+01,2.792865753173828125e+01
-8.875612640380859375e+01,2.792870330810546875e+01
-8.875721740722656250e+01,2.792958831787109375e+01
-8.875662231445312500e+01,2.793031501770019531e+01
-8.875717163085937500e+01,2.792987251281738281e+01
-8.875584411621093750e+01,2.792900466918945312e+01
-8.875752258300781250e+01,2.792943382263183594e+01
-8.875516510009765625e+01,2.792905616760253906e+01
-8.875727081298828125e+01,2.792890357971191406e+01
-8.875654602050781250e+01,2.792952537536621094e+01
-8.875756835937500000e+01,2.792927551269531250e+01
-8.875753021240234375e+01,2.792978477478027344e+01
-8.875688934326171875e+01,2.792838096618652344e+01
-8.875682830810546875e+01,2.792922592163085938e+01
-8.875707244873046875e+01,2.792886161804199219e+01
-8.875704193115234375e+01,2.792975807189941406e+01
-8.875705718994140625e+01,2.792970275878906250e+01
-8.875628662109375000e+01,2.792881393432617188e+01
-8.875556945800781250e+01,2.792958450317382812e+01
-8.875550079345703125e+01,2.792936515808105469e+01
-8.875558471679687500e+01,2.792841720581054688e+01
-8.875681304931640625e+01,2.792914009094238281e+01
-8.875593566894531250e+01,2.792894554138183594e+01
-8.875724792480468750e+01,2.792943763732910156e+01
-8.875740051269531250e+01,2.792909812927246094e+01
-8.875637817382812500e+01,2.792933082580566406e+01
-8.875641632080078125e+01,2.792836570739746094e+01
-8.875559997558593750e+01,2.792909049987792969e+01
-8.875572967529296875e+01,2.792897033691406250e+01
-8.875618743896484375e+01,2.792998886108398438e+01
-8.875657653808593750e+01,2.792822456359863281e+01
-8.875706481933593750e+01,2.792890930175781250e+01
-8.875774383544921875e+01,2.792927360534667969e+01
-8.875560760498046875e+01,2.792955589294433594e+01
-8.875681304931640625e+01,2.792844009399414062e+01
-8.875608062744140625e+01,2.792954826354980469e+01
-8.875634002685546875e+01,2.792899513244628906e+01
-8.875745391845703125e+01,2.792865753173828125e+01
-8.875595092773437500e+01,2.792916297912597656e+01
-8.875550079345703125e+01,2.792937850952148438e+01
-8.875538635253906250e+01,2.792946052551269531e+01
-8.875733947753906250e+01,2.792899513244628906e+01
-8.875670623779296875e+01,2.793017005920410156e+01
-8.875596618652343750e+01,2.792867851257324219e+01
-8.875514221191406250e+01,2.792919731140136719e+01
-8.875695037841796875e+01,2.792963981628417969e+01
-8.875688934326171875e+01,2.792952346801757812e+01
-8.875708007812500000e+01,2.793028831481933594e+01
-8.875642395019531250e+01,2.792961692810058594e+01
-8.875660705566406250e+01,2.792851638793945312e+01
-8.875648498535156250e+01,2.792820739746093750e+01
-8.875547027587890625e+01,2.792850875854492188e+01
-8.875630187988281250e+01,2.792859458923339844e+01
-8.875580596923828125e+01,2.792844581604003906e+01
-8.875644683837890625e+01,2.792849159240722656e+01
-8.875750732421875000e+01,2.792858886718750000e+01
-8.875659179687500000e+01,2.792960166931152344e+01
-8.875666809082031250e+01,2.792859268188476562e+01
-8.875714874267578125e+01,2.792957496643066406e+01
-8.875777435302734375e+01,2.792930221557617188e+01
-8.875561523437500000e+01,2.792878532409667969e+01
-8.875609588623046875e+01,2.792913627624511719e+01
-8.875533294677734375e+01,2.792922592163085938e+01
-8.875681304931640625e+01,2.792888832092285156e+01
-8.875750732421875000e+01,2.792973709106445312e+01
-8.875759124755859375e+01,2.792996406555175781e+01
-8.875765991210937500e+01,2.792908096313476562e+01
-8.875727844238281250e+01,2.792915916442871094e+01
-8.875658416748046875e+01,2.792893409729003906e+01
-8.875621795654296875e+01,2.792979812622070312e+01
-8.875693511962890625e+01,2.792929077148437500e+01
-8.875531005859375000e+01,2.792922401428222656e+01
-8.875717926025390625e+01,2.792978096008300781e+01
-8.875523376464843750e+01,2.792943000793457031e+01
-8.875716400146484375e+01,2.792986297607421875e+01
-8.875672149658203125e+01,2.792980003356933594e+01
-8.875705718994140625e+01,2.792989158630371094e+01
-8.875660705566406250e+01,2.792999076843261719e+01
-8.875735473632812500e+01,2.792858505249023438e+01
-8.875695800781250000e+01,2.792988395690917969e+01
-8.875677490234375000e+01,2.792839050292968750e+01
-8.875593566894531250e+01,2.792862129211425781e+01
-8.875520324707031250e+01,2.792911148071289062e+01
-8.875656890869140625e+01,2.792876052856445312e+01
-8.875612640380859375e+01,2.792969512939453125e+01
-8.875550842285156250e+01,2.792868232727050781e+01
-8.875733184814453125e+01,2.792943000793457031e+01
-8.875712585449218750e+01,2.792929267883300781e+01
-8.875588226318359375e+01,2.792841529846191406e+01
-8.875544738769531250e+01,2.792904472351074219e+01
-8.875730133056640625e+01,2.792915725708007812e+01
-8.875740814208984375e+01,2.792949295043945312e+01
-8.875656127929687500e+01,2.792873001098632812e+01
-8.875738525390625000e+01,2.792917633056640625e+01
-8.875765991210937500e+01,2.792872810363769531e+01
-8.875726318359375000e+01,2.792945861816406250e+01
-8.875548553466796875e+01,2.792914009094238281e+01
-8.875553894042968750e+01,2.792857742309570312e+01
-8.875717163085937500e+01,2.792913436889648438e+01
-8.875727081298828125e+01,2.792907905578613281e+01
-8.875686645507812500e+01,2.792887687683105469e+01
-8.875574493408203125e+01,2.792957878112792969e+01
-8.875652313232421875e+01,2.792877960205078125e+01
-8.875718688964843750e+01,2.792990303039550781e+01
-8.875510406494140625e+01,2.792940521240234375e+01
-8.875724029541015625e+01,2.792895889282226562e+01
-8.875750732421875000e+01,2.792923164367675781e+01
-8.875604248046875000e+01,2.792909431457519531e+01
-8.875591278076171875e+01,2.792947006225585938e+01
-8.875561523437500000e+01,2.792874908447265625e+01
-8.875645446777343750e+01,2.792829704284667969e+01
-8.875633239746093750e+01,2.792913246154785156e+01
-8.875597381591796875e+01,2.792992019653320312e+01
-8.875645446777343750e+01,2.792996025085449219e+01
-8.875704193115234375e+01,2.792894363403320312e+01
-8.875672149658203125e+01,2.792983818054199219e+01
-8.875641632080078125e+01,2.792864608764648438e+01
-8.875614166259765625e+01,2.792959976196289062e+01
-8.875721740722656250e+01,2.792977142333984375e+01
-8.875644683837890625e+01,2.792955207824707031e+01
-8.875680541992187500e+01,2.792996406555175781e+01
-8.875743865966796875e+01,2.792895126342773438e+01
-8.875585937500000000e+01,2.792886924743652344e+01
-8.875698852539062500e+01,2.792849349975585938e+01
-8.875624084472656250e+01,2.792851257324218750e+01
-8.875749206542968750e+01,2.792935371398925781e+01
-8.875672912597656250e+01,2.792903900146484375e+01
-8.875782775878906250e+01,2.792934036254882812e+01
-8.875575256347656250e+01,2.792901420593261719e+01
-8.875764465332031250e+01,2.792898941040039062e+01
-8.875572204589843750e+01,2.792876434326171875e+01
-8.875562286376953125e+01,2.792839431762695312e+01
-8.875673675537109375e+01,2.792972755432128906e+01
-8.875782775878906250e+01,2.792923164367675781e+01
-8.875702667236328125e+01,2.792965698242187500e+01
-8.875631713867187500e+01,2.792959976196289062e+01
-8.875699615478515625e+01,2.792991638183593750e+01
-8.875552368164062500e+01,2.792846107482910156e+01
-8.875748443603515625e+01,2.792963409423828125e+01
-8.875712585449218750e+01,2.792892265319824219e+01
-8.875657653808593750e+01,2.792913818359375000e+01
-8.875596618652343750e+01,2.792885589599609375e+01
-8.875636291503906250e+01,2.792926025390625000e+01
-8.875762939453125000e+01,2.792898368835449219e+01
-8.875666809082031250e+01,2.792886161804199219e+01
-8.875614929199218750e+01,2.792935562133789062e+01
-8.875682830810546875e+01,2.792852401733398438e+01
-8.875656127929687500e+01,2.792987060546875000e+01
-8.875692749023437500e+01,2.792982673645019531e+01
-8.875769042968750000e+01,2.792907905578613281e+01
-8.875671386718750000e+01,2.792948722839355469e+01
-8.875664520263671875e+01,2.792968750000000000e+01
-8.875634765625000000e+01,2.792914199829101562e+01
-8.875605773925781250e+01,2.792985916137695312e+01
-8.875574493408203125e+01,2.792895507812500000e+01
