longitude,latitude
-9.043014526367187500e+01,2.690204048156738281e+01
-9.042748260498046875e+01,2.690197753906250000e+01
-9.042733764648437500e+01,2.690147590637207031e+01
-9.042782592773437500e+01,2.690127944946289062e+01
-9.042520141601562500e+01,2.690451622009277344e+01
-9.042649841308593750e+01,2.690397453308105469e+01
-9.042824554443359375e+01,2.690285682678222656e+01
-9.042508697509765625e+01,2.690368270874023438e+01
-9.042486572265625000e+01,2.690379905700683594e+01
-9.042758941650390625e+01,2.690245246887207031e+01
-9.042559051513671875e+01,2.690345954895019531e+01
-9.042765808105468750e+01,2.690246009826660156e+01
-9.042654418945312500e+01,2.690232086181640625e+01
-9.042478942871093750e+01,2.690379905700683594e+01
-9.042597961425781250e+01,2.690388679504394531e+01
-9.042706298828125000e+01,2.690345001220703125e+01
-9.042610931396484375e+01,2.690241241455078125e+01
-9.042775726318359375e+01,2.690091133117675781e+01
-9.042918395996093750e+01,2.690288734436035156e+01
-9.042929840087890625e+01,2.690093994140625000e+01
-9.042530822753906250e+01,2.690340042114257812e+01
-9.042588043212890625e+01,2.690265846252441406e+01
-9.042787170410156250e+01,2.690321731567382812e+01
-9.042912292480468750e+01,2.690313720703125000e+01
-9.042971801757812500e+01,2.690276145935058594e+01
-9.042557525634765625e+01,2.690340232849121094e+01
-9.042871856689453125e+01,2.690379142761230469e+01
-9.042744445800781250e+01,2.690161323547363281e+01
-9.042562866210937500e+01,2.690282058715820312e+01
-9.042639923095703125e+01,2.690332984924316406e+01
-9.042533111572265625e+01,2.690313339233398438e+01
-9.042530822753906250e+01,2.690304183959960938e+01
-9.042877960205078125e+01,2.690207099914550781e+01
-9.042742919921875000e+01,2.690305900573730469e+01
-9.042726135253906250e+01,2.690189170837402344e+01
-9.042498779296875000e+01,2.690339279174804688e+01
-9.042856597900390625e+01,2.690085411071777344e+01
-9.042826080322265625e+01,2.690284538269042969e+01
-9.042866516113281250e+01,2.690368843078613281e+01
-9.042552947998046875e+01,2.690335655212402344e+01
-9.042751312255859375e+01,2.690334701538085938e+01
-9.042608642578125000e+01,2.690328407287597656e+01
-9.042554473876953125e+01,2.690293884277343750e+01
-9.042889404296875000e+01,2.690365982055664062e+01
-9.042619323730468750e+01,2.690233993530273438e+01
-9.042520904541015625e+01,2.690316200256347656e+01
-9.042567443847656250e+01,2.690398216247558594e+01
-9.042668914794921875e+01,2.690292930603027344e+01
-9.042946624755859375e+01,2.690301513671875000e+01
-9.042731475830078125e+01,2.690245437622070312e+01
-9.042942047119140625e+01,2.690310668945312500e+01
-9.042530059814453125e+01,2.690453529357910156e+01
-9.042856597900390625e+01,2.690133285522460938e+01
-9.042646789550781250e+01,2.690296173095703125e+01
-9.042900085449218750e+01,2.690237808227539062e+01
-9.042481994628906250e+01,2.690415000915527344e+01
-9.042744445800781250e+01,2.690312194824218750e+01
-9.042560577392578125e+01,2.690382575988769531e+01
-9.042831420898437500e+01,2.690197944641113281e+01
-9.042589569091796875e+01,2.690266418457031250e+01
-9.042787933349609375e+01,2.690115547180175781e+01
-9.042739105224609375e+01,2.690121650695800781e+01
-9.042942810058593750e+01,2.690183448791503906e+01
-9.042757415771484375e+01,2.690269279479980469e+01
-9.042910003662109375e+01,2.690329170227050781e+01
-9.042657470703125000e+01,2.690152549743652344e+01
-9.042790985107421875e+01,2.690247535705566406e+01
-9.042825317382812500e+01,2.690204238891601562e+01
-9.042543792724609375e+01,2.690398406982421875e+01
-9.042868041992187500e+01,2.690322113037109375e+01
-9.042682647705078125e+01,2.690203475952148438e+01
-9.042550659179687500e+01,2.690335273742675781e+01
-9.042970275878906250e+01,2.690188026428222656e+01
-9.042877197265625000e+01,2.690105247497558594e+01
-9.042694091796875000e+01,2.690250968933105469e+01
-9.042716217041015625e+01,2.690275001525878906e+01
-9.042635345458984375e+01,2.690378570556640625e+01
-9.042882537841796875e+01,2.690197944641113281e+01
-9.042656707763671875e+01,2.690253257751464844e+01
-9.042742156982421875e+01,2.690228843688964844e+01
-9.042945098876953125e+01,2.690223312377929688e+01
-9.042955017089843750e+01,2.690302848815917969e+01
-9.042816925048828125e+01,2.690219688415527344e+01
-9.042794036865234375e+01,2.690344238281250000e+01
-9.042926788330078125e+01,2.690341567993164062e+01
-9.042603302001953125e+01,2.690328025817871094e+01
-9.042974090576171875e+01,2.690139961242675781e+01
-9.042544555664062500e+01,2.690446090698242188e+01
-9.042687225341796875e+01,2.690341186523437500e+01
-9.042882537841796875e+01,2.690190505981445312e+01
-9.042740631103515625e+01,2.690263366699218750e+01
-9.042459106445312500e+01,2.690373802185058594e+01
-9.042971038818359375e+01,2.690120506286621094e+01
-9.042597961425781250e+01,2.690414810180664062e+01
-9.042906188964843750e+01,2.690274810791015625e+01
-9.042691040039062500e+01,2.690193939208984375e+01
-9.042786407470703125e+01,2.690175819396972656e+01
-9.042767333984375000e+01,2.690200996398925781e+01
-9.042581939697265625e+01,2.690388488769531250e+01
-9.042806243896484375e+01,2.690253448486328125e+01
-9.042701721191406250e+01,2.690174674987792969e+01
-9.042494964599609375e+01,2.690394020080566406e+01
-9.042781066894531250e+01,2.690108299255371094e+01
-9.042724609375000000e+01,2.690343856811523438e+01
-9.042644500732421875e+01,2.690184211730957031e+01
-9.042617034912109375e+01,2.690380477905273438e+01
-9.042740631103515625e+01,2.690230941772460938e+01
-9.042677307128906250e+01,2.690257835388183594e+01
-9.042584228515625000e+01,2.690346717834472656e+01
-9.042641448974609375e+01,2.690226173400878906e+01
-9.042494964599609375e+01,2.690327644348144531e+01
-9.042951965332031250e+01,2.690157890319824219e+01
-9.042774963378906250e+01,2.690087699890136719e+01
-9.042551422119140625e+01,2.690407943725585938e+01
-9.042491912841796875e+01,2.690387153625488281e+01
-9.042847442626953125e+01,2.690297889709472656e+01
-9.042773437500000000e+01,2.690164566040039062e+01
-9.042919921875000000e+01,2.690282440185546875e+01
-9.042913055419921875e+01,2.690290641784667969e+01
-9.042554473876953125e+01,2.690335655212402344e+01
-9.042701721191406250e+01,2.690282821655273438e+01
-9.042989349365234375e+01,2.690123939514160156e+01
-9.042685699462890625e+01,2.690164756774902344e+01
-9.042961120605468750e+01,2.690299224853515625e+01
-9.042757415771484375e+01,2.690116310119628906e+01
-9.042705535888671875e+01,2.690270614624023438e+01
-9.042918395996093750e+01,2.690180397033691406e+01
-9.042692565917968750e+01,2.690170860290527344e+01
-9.042839813232421875e+01,2.690315246582031250e+01
-9.042794036865234375e+01,2.690143775939941406e+01
-9.042453765869140625e+01,2.690457534790039062e+01
-9.042891693115234375e+01,2.690216064453125000e+01
-9.042767333984375000e+01,2.690239524841308594e+01
-9.042747497558593750e+01,2.690150070190429688e+01
-9.042544555664062500e+01,2.690255928039550781e+01
-9.042612457275390625e+01,2.690238380432128906e+01
-9.042846679687500000e+01,2.690102005004882812e+01
-9.042517089843750000e+01,2.690482521057128906e+01
-9.042534637451171875e+01,2.690449333190917969e+01
-9.042901611328125000e+01,2.690099716186523438e+01
-9.042755889892578125e+01,2.690190124511718750e+01
-9.042657470703125000e+01,2.690225791931152344e+01
-9.042807006835937500e+01,2.690181159973144531e+01
-9.042589569091796875e+01,2.690255355834960938e+01
-9.042677307128906250e+01,2.690306663513183594e+01
-9.042644500732421875e+01,2.690276336669921875e+01
-9.042865753173828125e+01,2.690140151977539062e+01
-9.042967987060546875e+01,2.690253829956054688e+01
-9.042807769775390625e+01,2.690347099304199219e+01
-9.042443084716796875e+01,2.690505790710449219e+01
-9.042735290527343750e+01,2.690252113342285156e+01
-9.042544555664062500e+01,2.690312004089355469e+01
-9.042863464355468750e+01,2.690168571472167969e+01
-9.042578887939453125e+01,2.690356063842773438e+01
-9.042777252197265625e+01,2.690086936950683594e+01
-9.042921447753906250e+01,2.690129852294921875e+01
-9.042748260498046875e+01,2.690321350097656250e+01
-9.042893981933593750e+01,2.690199851989746094e+01
-9.042473602294921875e+01,2.690443038940429688e+01
-9.042880249023437500e+01,2.690212631225585938e+01
-9.042803192138671875e+01,2.690135383605957031e+01
-9.042961883544921875e+01,2.690241622924804688e+01
-9.043005371093750000e+01,2.690251159667968750e+01
-9.042600250244140625e+01,2.690307235717773438e+01
-9.042659759521484375e+01,2.690356445312500000e+01
-9.042792510986328125e+01,2.690193557739257812e+01
-9.042525482177734375e+01,2.690472793579101562e+01
-9.042933654785156250e+01,2.690273666381835938e+01
-9.042854309082031250e+01,2.690207862854003906e+01
-9.042873382568359375e+01,2.690370178222656250e+01
-9.042781829833984375e+01,2.690156555175781250e+01
-9.042502593994140625e+01,2.690348815917968750e+01
-9.042691802978515625e+01,2.690365028381347656e+01
-9.042734527587890625e+01,2.690181922912597656e+01
-9.042612457275390625e+01,2.690307807922363281e+01
-9.042980194091796875e+01,2.690180397033691406e+01
-9.042922210693359375e+01,2.690279006958007812e+01
-9.042678833007812500e+01,2.690266227722167969e+01
-9.042919921875000000e+01,2.690154457092285156e+01
-9.042975616455078125e+01,2.690270423889160156e+01
-9.042835235595703125e+01,2.690196418762207031e+01
-9.042603302001953125e+01,2.690260887145996094e+01
-9.042740631103515625e+01,2.690120887756347656e+01
-9.042524719238281250e+01,2.690464973449707031e+01
-9.043010711669921875e+01,2.690195655822753906e+01
-9.042555999755859375e+01,2.690406036376953125e+01
-9.042662048339843750e+01,2.690378952026367188e+01
-9.042939758300781250e+01,2.690126228332519531e+01
-9.042612457275390625e+01,2.690408515930175781e+01
-9.042665863037109375e+01,2.690387916564941406e+01
-9.042858123779296875e+01,2.690169143676757812e+01
-9.042597198486328125e+01,2.690429496765136719e+01
-9.042529296875000000e+01,2.690434265136718750e+01
-9.042887878417968750e+01,2.690229225158691406e+01
-9.042443084716796875e+01,2.690503120422363281e+01
-9.042884826660156250e+01,2.690228843688964844e+01
-9.042574310302734375e+01,2.690285682678222656e+01
-9.042814636230468750e+01,2.690147781372070312e+01
-9.042893218994140625e+01,2.690256690979003906e+01
-9.042953491210937500e+01,2.690167045593261719e+01
-9.042510223388671875e+01,2.690353202819824219e+01
-9.042845916748046875e+01,2.690224075317382812e+01
-9.042962646484375000e+01,2.690178108215332031e+01
-9.042905426025390625e+01,2.690249061584472656e+01
-9.042828369140625000e+01,2.690208435058593750e+01
-9.042549133300781250e+01,2.690340042114257812e+01
-9.042826843261718750e+01,2.690361785888671875e+01
-9.042747497558593750e+01,2.690122222900390625e+01
-9.042955780029296875e+01,2.690163803100585938e+01
-9.042666625976562500e+01,2.690320777893066406e+01
-9.042942810058593750e+01,2.690204238891601562e+01
-9.042814636230468750e+01,2.690142250061035156e+01
-9.042773437500000000e+01,2.690147972106933594e+01
-9.042759704589843750e+01,2.690099525451660156e+01
-9.042842102050781250e+01,2.690130805969238281e+01
-9.042535400390625000e+01,2.690366172790527344e+01
-9.043029785156250000e+01,2.690229034423828125e+01
-9.042854309082031250e+01,2.690289878845214844e+01
-9.042850494384765625e+01,2.690130805969238281e+01
-9.042851257324218750e+01,2.690369796752929688e+01
-9.042657470703125000e+01,2.690248489379882812e+01
-9.042732238769531250e+01,2.690214920043945312e+01
-9.042830657958984375e+01,2.690329551696777344e+01
-9.042885589599609375e+01,2.690315246582031250e+01
-9.042931365966796875e+01,2.690151405334472656e+01
-9.042597198486328125e+01,2.690317344665527344e+01
-9.042463684082031250e+01,2.690349578857421875e+01
-9.042942047119140625e+01,2.690251541137695312e+01
-9.042512512207031250e+01,2.690441703796386719e+01
-9.042968750000000000e+01,2.690176963806152344e+01
-9.042940521240234375e+01,2.690242004394531250e+01
-9.042782592773437500e+01,2.690221023559570312e+01
-9.042484283447265625e+01,2.690365600585937500e+01
-9.042842102050781250e+01,2.690149497985839844e+01
-9.042613983154296875e+01,2.690345382690429688e+01
-9.042868804931640625e+01,2.690354728698730469e+01
-9.042690277099609375e+01,2.690326690673828125e+01
-9.042546081542968750e+01,2.690326309204101562e+01
-9.042684936523437500e+01,2.690290451049804688e+01
-9.042771911621093750e+01,2.690206336975097656e+01
-9.042769622802734375e+01,2.690220260620117188e+01
-9.042482757568359375e+01,2.690336227416992188e+01
-9.042729949951171875e+01,2.690299034118652344e+01
-9.042994689941406250e+01,2.690238571166992188e+01
-9.042787933349609375e+01,2.690222167968750000e+01
-9.042861938476562500e+01,2.690109825134277344e+01
-9.042724609375000000e+01,2.690317153930664062e+01
-9.042562103271484375e+01,2.690406227111816406e+01
-9.042800140380859375e+01,2.690208816528320312e+01
-9.042772674560546875e+01,2.690229606628417969e+01
-9.042938995361328125e+01,2.690135192871093750e+01
-9.042810821533203125e+01,2.690294075012207031e+01
-9.042901611328125000e+01,2.690171813964843750e+01
-9.042868804931640625e+01,2.690331459045410156e+01
-9.042884063720703125e+01,2.690282821655273438e+01
-9.042742156982421875e+01,2.690201377868652344e+01
-9.042799377441406250e+01,2.690116691589355469e+01
-9.042872619628906250e+01,2.690312385559082031e+01
-9.042702484130859375e+01,2.690261650085449219e+01
-9.042794036865234375e+01,2.690102195739746094e+01
-9.042832183837890625e+01,2.690365409851074219e+01
-9.042575073242187500e+01,2.690418243408203125e+01
-9.042826843261718750e+01,2.690228652954101562e+01
-9.042913818359375000e+01,2.690151023864746094e+01
-9.042716217041015625e+01,2.690262031555175781e+01
-9.042860412597656250e+01,2.690294647216796875e+01
-9.042568969726562500e+01,2.690324974060058594e+01
-9.042691040039062500e+01,2.690280342102050781e+01
-9.042697143554687500e+01,2.690340995788574219e+01
-9.042726135253906250e+01,2.690237617492675781e+01
-9.042943572998046875e+01,2.690117073059082031e+01
-9.042613983154296875e+01,2.690287017822265625e+01
-9.042993164062500000e+01,2.690114593505859375e+01
-9.042641448974609375e+01,2.690268516540527344e+01
-9.042723846435546875e+01,2.690141105651855469e+01
-9.042893981933593750e+01,2.690197563171386719e+01
-9.042800140380859375e+01,2.690141296386718750e+01
-9.042739105224609375e+01,2.690245819091796875e+01
-9.042878723144531250e+01,2.690267372131347656e+01
-9.042879486083984375e+01,2.690090751647949219e+01
-9.042576599121093750e+01,2.690290832519531250e+01
-9.042887878417968750e+01,2.690176010131835938e+01
-9.042504882812500000e+01,2.690300941467285156e+01
-9.042768096923828125e+01,2.690099716186523438e+01
-9.042865753173828125e+01,2.690089988708496094e+01
-9.042549896240234375e+01,2.690457725524902344e+01
-9.042454528808593750e+01,2.690370178222656250e+01
-9.042856597900390625e+01,2.690136337280273438e+01
-9.042970275878906250e+01,2.690217399597167969e+01
-9.042845916748046875e+01,2.690355873107910156e+01
-9.042754364013671875e+01,2.690245056152343750e+01
-9.042554473876953125e+01,2.690305137634277344e+01
-9.042935943603515625e+01,2.690292167663574219e+01
-9.042861175537109375e+01,2.690306663513183594e+01
-9.042868041992187500e+01,2.690313720703125000e+01
-9.042559814453125000e+01,2.690400314331054688e+01
-9.042593383789062500e+01,2.690392303466796875e+01
-9.042604064941406250e+01,2.690198707580566406e+01
-9.042926788330078125e+01,2.690147399902343750e+01
-9.042869567871093750e+01,2.690251159667968750e+01
-9.042879486083984375e+01,2.690198898315429688e+01
-9.042820739746093750e+01,2.690283584594726562e+01
-9.042866516113281250e+01,2.690266036987304688e+01
-9.042442321777343750e+01,2.690428924560546875e+01
-9.042997741699218750e+01,2.690249824523925781e+01
-9.042905426025390625e+01,2.690311431884765625e+01
-9.042578125000000000e+01,2.690264320373535156e+01
-9.042530059814453125e+01,2.690344047546386719e+01
-9.042821502685546875e+01,2.690343666076660156e+01
-9.042559051513671875e+01,2.690341377258300781e+01
-9.042621612548828125e+01,2.690363693237304688e+01
-9.042975616455078125e+01,2.690217590332031250e+01
-9.042680358886718750e+01,2.690339660644531250e+01
-9.042555999755859375e+01,2.690424537658691406e+01
-9.042772674560546875e+01,2.690114212036132812e+01
-9.042890930175781250e+01,2.690184402465820312e+01
-9.042852783203125000e+01,2.690279960632324219e+01
-9.042812347412109375e+01,2.690182113647460938e+01
-9.042653656005859375e+01,2.690281295776367188e+01
-9.042501831054687500e+01,2.690379905700683594e+01
-9.042482757568359375e+01,2.690437126159667969e+01
-9.042712402343750000e+01,2.690203285217285156e+01
-9.042894744873046875e+01,2.690227890014648438e+01
-9.042604827880859375e+01,2.690210342407226562e+01
-9.042523193359375000e+01,2.690467262268066406e+01
-9.042597198486328125e+01,2.690308570861816406e+01
-9.042951965332031250e+01,2.690294075012207031e+01
-9.042651367187500000e+01,2.690252876281738281e+01
-9.042577362060546875e+01,2.690285110473632812e+01
-9.042755126953125000e+01,2.690225028991699219e+01
-9.042485046386718750e+01,2.690445709228515625e+01
-9.042894744873046875e+01,2.690236282348632812e+01
-9.042881011962890625e+01,2.690292549133300781e+01
-9.042818450927734375e+01,2.690162467956542969e+01
-9.042560577392578125e+01,2.690286827087402344e+01
-9.042779541015625000e+01,2.690226364135742188e+01
-9.042517089843750000e+01,2.690390014648437500e+01
-9.042986297607421875e+01,2.690222167968750000e+01
-9.042927551269531250e+01,2.690323829650878906e+01
-9.042951965332031250e+01,2.690225601196289062e+01
-9.042490386962890625e+01,2.690342330932617188e+01
-9.042802429199218750e+01,2.690115547180175781e+01
-9.042879486083984375e+01,2.690274620056152344e+01
-9.042501068115234375e+01,2.690438079833984375e+01
-9.042742919921875000e+01,2.690265274047851562e+01
-9.042579650878906250e+01,2.690257644653320312e+01
-9.042651367187500000e+01,2.690385627746582031e+01
-9.042918395996093750e+01,2.690174484252929688e+01
-9.042699432373046875e+01,2.690254211425781250e+01
-9.042575836181640625e+01,2.690347671508789062e+01
-9.042796325683593750e+01,2.690181350708007812e+01
-9.042938232421875000e+01,2.690278053283691406e+01
-9.042810821533203125e+01,2.690221595764160156e+01
-9.042566680908203125e+01,2.690278625488281250e+01
-9.042462158203125000e+01,2.690467453002929688e+01
-9.042580413818359375e+01,2.690261650085449219e+01
-9.042500305175781250e+01,2.690465354919433594e+01
-9.042645263671875000e+01,2.690291213989257812e+01
-9.042934417724609375e+01,2.690207862854003906e+01
-9.042640686035156250e+01,2.690301704406738281e+01
-9.042841339111328125e+01,2.690272331237792969e+01
-9.042941284179687500e+01,2.690322303771972656e+01
-9.042657470703125000e+01,2.690258216857910156e+01
-9.042606353759765625e+01,2.690291213989257812e+01
-9.042964935302734375e+01,2.690288734436035156e+01
-9.042689514160156250e+01,2.690350341796875000e+01
-9.042899322509765625e+01,2.690298652648925781e+01
-9.042631530761718750e+01,2.690325736999511719e+01
-9.042692565917968750e+01,2.690263748168945312e+01
-9.042729949951171875e+01,2.690203475952148438e+01
-9.042602539062500000e+01,2.690349769592285156e+01
-9.042814636230468750e+01,2.690363693237304688e+01
-9.042932891845703125e+01,2.690223693847656250e+01
-9.042853546142578125e+01,2.690279197692871094e+01
-9.042858123779296875e+01,2.690141487121582031e+01
-9.042827606201171875e+01,2.690183639526367188e+01
-9.042594146728515625e+01,2.690239143371582031e+01
-9.042537689208984375e+01,2.690462875366210938e+01
-9.042679595947265625e+01,2.690137672424316406e+01
-9.042565155029296875e+01,2.690332603454589844e+01
-9.042752838134765625e+01,2.690258598327636719e+01
-9.042739105224609375e+01,2.690331268310546875e+01
-9.042845916748046875e+01,2.690188407897949219e+01
-9.042888641357421875e+01,2.690321922302246094e+01
-9.042463684082031250e+01,2.690426063537597656e+01
-9.042482757568359375e+01,2.690484237670898438e+01
-9.042823791503906250e+01,2.690381431579589844e+01
-9.042976379394531250e+01,2.690219306945800781e+01
-9.042710876464843750e+01,2.690248489379882812e+01
-9.042562866210937500e+01,2.690250015258789062e+01
-9.042714691162109375e+01,2.690212821960449219e+01
-9.042960357666015625e+01,2.690130043029785156e+01
-9.042877960205078125e+01,2.690362739562988281e+01
-9.042984008789062500e+01,2.690290260314941406e+01
-9.042825317382812500e+01,2.690297508239746094e+01
-9.042605590820312500e+01,2.690343093872070312e+01
-9.042950439453125000e+01,2.690126800537109375e+01
-9.042754364013671875e+01,2.690148925781250000e+01
-9.042511749267578125e+01,2.690375900268554688e+01
-9.042475128173828125e+01,2.690467453002929688e+01
-9.042975616455078125e+01,2.690217590332031250e+01
-9.042629241943359375e+01,2.690248298645019531e+01
-9.042879486083984375e+01,2.690345764160156250e+01
-9.042915344238281250e+01,2.690310668945312500e+01
-9.042814636230468750e+01,2.690336227416992188e+01
-9.042633056640625000e+01,2.690273475646972656e+01
-9.042810058593750000e+01,2.690238952636718750e+01
-9.042591094970703125e+01,2.690283012390136719e+01
-9.042836761474609375e+01,2.690167427062988281e+01
-9.042591857910156250e+01,2.690266418457031250e+01
-9.042675781250000000e+01,2.690202522277832031e+01
-9.042755126953125000e+01,2.690266609191894531e+01
-9.042468261718750000e+01,2.690370178222656250e+01
-9.042906188964843750e+01,2.690314483642578125e+01
-9.042816925048828125e+01,2.690096855163574219e+01
-9.042661285400390625e+01,2.690167617797851562e+01
-9.042509460449218750e+01,2.690342140197753906e+01
-9.042890167236328125e+01,2.690241050720214844e+01
-9.042778015136718750e+01,2.690119171142578125e+01
-9.042816925048828125e+01,2.690272903442382812e+01
-9.042552185058593750e+01,2.690427017211914062e+01
-9.042549133300781250e+01,2.690333557128906250e+01
-9.042706298828125000e+01,2.690116310119628906e+01
-9.042786407470703125e+01,2.690352821350097656e+01
-9.042882537841796875e+01,2.690291786193847656e+01
-9.042761230468750000e+01,2.690203285217285156e+01
-9.042562866210937500e+01,2.690386772155761719e+01
-9.042898559570312500e+01,2.690122032165527344e+01
-9.042611694335937500e+01,2.690219497680664062e+01
-9.042936706542968750e+01,2.690123558044433594e+01
-9.042461395263671875e+01,2.690477180480957031e+01
-9.042642974853515625e+01,2.690302085876464844e+01
-9.042684936523437500e+01,2.690145683288574219e+01
-9.042588806152343750e+01,2.690327072143554688e+01
-9.042760467529296875e+01,2.690292549133300781e+01
-9.042775726318359375e+01,2.690099143981933594e+01
-9.042899322509765625e+01,2.690282058715820312e+01
-9.042702484130859375e+01,2.690235900878906250e+01
-9.042826843261718750e+01,2.690102005004882812e+01
-9.042749786376953125e+01,2.690292739868164062e+01
-9.042559814453125000e+01,2.690397262573242188e+01
-9.042703247070312500e+01,2.690216064453125000e+01
-9.042664337158203125e+01,2.690312957763671875e+01
-9.042848205566406250e+01,2.690307426452636719e+01
-9.042707061767578125e+01,2.690222358703613281e+01
-9.042828369140625000e+01,2.690222167968750000e+01
-9.042895507812500000e+01,2.690110969543457031e+01
-9.042525482177734375e+01,2.690461158752441406e+01
-9.042789459228515625e+01,2.690258407592773438e+01
-9.042848205566406250e+01,2.690360260009765625e+01
-9.042742156982421875e+01,2.690312194824218750e+01
-9.042444610595703125e+01,2.690497207641601562e+01
-9.042894744873046875e+01,2.690120315551757812e+01
-9.042475128173828125e+01,2.690479469299316406e+01
-9.042850494384765625e+01,2.690118026733398438e+01
-9.042824554443359375e+01,2.690196609497070312e+01
-9.042811584472656250e+01,2.690288734436035156e+01
-9.042984771728515625e+01,2.690206909179687500e+01
-9.042764282226562500e+01,2.690195846557617188e+01
-9.042456054687500000e+01,2.690418624877929688e+01
-9.042756652832031250e+01,2.690094375610351562e+01
-9.042881774902343750e+01,2.690365982055664062e+01
-9.042897796630859375e+01,2.690132713317871094e+01
-9.042774200439453125e+01,2.690153694152832031e+01
-9.042563629150390625e+01,2.690264129638671875e+01
-9.042517089843750000e+01,2.690383720397949219e+01
-9.042761230468750000e+01,2.690185928344726562e+01
-9.042849731445312500e+01,2.690123939514160156e+01
-9.042771911621093750e+01,2.690175056457519531e+01
-9.042923736572265625e+01,2.690251541137695312e+01
-9.043005371093750000e+01,2.690223693847656250e+01
-9.042449951171875000e+01,2.690437698364257812e+01
-9.042634582519531250e+01,2.690350723266601562e+01
-9.042885589599609375e+01,2.690318298339843750e+01
-9.042515563964843750e+01,2.690351104736328125e+01
-9.042562103271484375e+01,2.690452194213867188e+01
-9.042584228515625000e+01,2.690299987792968750e+01
-9.042917633056640625e+01,2.690229606628417969e+01
-9.042823791503906250e+01,2.690379333496093750e+01
-9.042652893066406250e+01,2.690362739562988281e+01
-9.042715454101562500e+01,2.690290260314941406e+01
-9.042721557617187500e+01,2.690156555175781250e+01
-9.042866516113281250e+01,2.690184402465820312e+01
-9.042543029785156250e+01,2.690294265747070312e+01
-9.042841339111328125e+01,2.690138816833496094e+01
-9.042858886718750000e+01,2.690270233154296875e+01
-9.042893218994140625e+01,2.690101432800292969e+01
-9.042598724365234375e+01,2.690281867980957031e+01
-9.042857360839843750e+01,2.690361595153808594e+01
-9.042816925048828125e+01,2.690306663513183594e+01
-9.042885589599609375e+01,2.690131568908691406e+01
-9.042613983154296875e+01,2.690271949768066406e+01
-9.042627716064453125e+01,2.690279006958007812e+01
-9.042741394042968750e+01,2.690153884887695312e+01
-9.042771911621093750e+01,2.690160560607910156e+01
-9.042775726318359375e+01,2.690305137634277344e+01
-9.042787933349609375e+01,2.690123558044433594e+01
-9.042565155029296875e+01,2.690250968933105469e+01
-9.042658996582031250e+01,2.690374374389648438e+01
-9.042926025390625000e+01,2.690114402770996094e+01
-9.042514801025390625e+01,2.690305328369140625e+01
-9.042636871337890625e+01,2.690353584289550781e+01
-9.042797851562500000e+01,2.690254783630371094e+01
-9.042984771728515625e+01,2.690270614624023438e+01
-9.042912292480468750e+01,2.690130805969238281e+01
-9.042678833007812500e+01,2.690265274047851562e+01
-9.042590332031250000e+01,2.690231323242187500e+01
-9.042880249023437500e+01,2.690335845947265625e+01
-9.042852783203125000e+01,2.690377998352050781e+01
-9.042817687988281250e+01,2.690221977233886719e+01
-9.042992401123046875e+01,2.690210723876953125e+01
-9.042477416992187500e+01,2.690418434143066406e+01
-9.042826080322265625e+01,2.690264892578125000e+01
-9.042795562744140625e+01,2.690343475341796875e+01
-9.042806243896484375e+01,2.690242767333984375e+01
-9.042844390869140625e+01,2.690226554870605469e+01
-9.042571258544921875e+01,2.690457534790039062e+01
-9.042593383789062500e+01,2.690376663208007812e+01
-9.042593383789062500e+01,2.690223312377929688e+01
-9.042697906494140625e+01,2.690313148498535156e+01
-9.042930603027343750e+01,2.690282821655273438e+01
-9.042782592773437500e+01,2.690233612060546875e+01
-9.042828369140625000e+01,2.690379142761230469e+01
-9.042903137207031250e+01,2.690267181396484375e+01
-9.042586517333984375e+01,2.690332031250000000e+01
-9.042662048339843750e+01,2.690377807617187500e+01
-9.042787933349609375e+01,2.690118980407714844e+01
-9.042639160156250000e+01,2.690171813964843750e+01
-9.042469787597656250e+01,2.690440559387207031e+01
-9.042858123779296875e+01,2.690328216552734375e+01
-9.042815399169921875e+01,2.690120506286621094e+01
-9.042630004882812500e+01,2.690291213989257812e+01
-9.042812347412109375e+01,2.690330505371093750e+01
-9.042809295654296875e+01,2.690371131896972656e+01
-9.042542266845703125e+01,2.690285682678222656e+01
-9.042941284179687500e+01,2.690281486511230469e+01
-9.042951202392578125e+01,2.690297508239746094e+01
-9.042711639404296875e+01,2.690293312072753906e+01
-9.042854309082031250e+01,2.690306091308593750e+01
-9.042662811279296875e+01,2.690303802490234375e+01
-9.042760467529296875e+01,2.690294075012207031e+01
-9.042708587646484375e+01,2.690137100219726562e+01
-9.042465972900390625e+01,2.690364074707031250e+01
-9.042958068847656250e+01,2.690172386169433594e+01
-9.042863464355468750e+01,2.690315055847167969e+01
-9.042633056640625000e+01,2.690235900878906250e+01
-9.042986297607421875e+01,2.690254974365234375e+01
-9.042723846435546875e+01,2.690225219726562500e+01
-9.043021392822265625e+01,2.690223884582519531e+01
-9.042755126953125000e+01,2.690158271789550781e+01
-9.042605590820312500e+01,2.690289497375488281e+01
-9.042816162109375000e+01,2.690262031555175781e+01
-9.042469787597656250e+01,2.690389633178710938e+01
-9.042688751220703125e+01,2.690346336364746094e+01
-9.042794036865234375e+01,2.690120697021484375e+01
-9.042945861816406250e+01,2.690269660949707031e+01
-9.042642211914062500e+01,2.690205574035644531e+01
-9.042740631103515625e+01,2.690327835083007812e+01
-9.042575836181640625e+01,2.690328216552734375e+01
-9.042857360839843750e+01,2.690185928344726562e+01
-9.042905426025390625e+01,2.690258789062500000e+01
-9.042908477783203125e+01,2.690192031860351562e+01
-9.042799377441406250e+01,2.690290260314941406e+01
-9.042715454101562500e+01,2.690201568603515625e+01
-9.042804718017578125e+01,2.690099334716796875e+01
-9.042778015136718750e+01,2.690269851684570312e+01
-9.042652893066406250e+01,2.690334320068359375e+01
-9.042739868164062500e+01,2.690258407592773438e+01
-9.042855072021484375e+01,2.690296173095703125e+01
-9.042564392089843750e+01,2.690377235412597656e+01
-9.042858123779296875e+01,2.690150070190429688e+01
-9.042960357666015625e+01,2.690224266052246094e+01
-9.042513275146484375e+01,2.690307617187500000e+01
-9.042698669433593750e+01,2.690134620666503906e+01
-9.042770385742187500e+01,2.690143966674804688e+01
-9.042850494384765625e+01,2.690279388427734375e+01
-9.042708587646484375e+01,2.690360832214355469e+01
-9.042899322509765625e+01,2.690342140197753906e+01
-9.042951202392578125e+01,2.690246200561523438e+01
-9.042510986328125000e+01,2.690424156188964844e+01
-9.042646789550781250e+01,2.690240287780761719e+01
-9.042609405517578125e+01,2.690395927429199219e+01
-9.042843627929687500e+01,2.690177726745605469e+01
-9.042628479003906250e+01,2.690270996093750000e+01
-9.042841339111328125e+01,2.690354537963867188e+01
-9.042701721191406250e+01,2.690254211425781250e+01
-9.042926788330078125e+01,2.690236663818359375e+01
-9.042816925048828125e+01,2.690329933166503906e+01
-9.042888641357421875e+01,2.690220069885253906e+01
-9.042944335937500000e+01,2.690088844299316406e+01
-9.042903137207031250e+01,2.690129852294921875e+01
-9.042505645751953125e+01,2.690369224548339844e+01
-9.042938995361328125e+01,2.690196609497070312e+01
-9.042952728271484375e+01,2.690094375610351562e+01
-9.042914581298828125e+01,2.690352630615234375e+01
-9.042702484130859375e+01,2.690287971496582031e+01
-9.042639923095703125e+01,2.690265655517578125e+01
-9.042736053466796875e+01,2.690271759033203125e+01
-9.042822265625000000e+01,2.690153503417968750e+01
-9.042925262451171875e+01,2.690345573425292969e+01
-9.042947387695312500e+01,2.690160751342773438e+01
-9.042710113525390625e+01,2.690164184570312500e+01
-9.042903137207031250e+01,2.690248107910156250e+01
-9.042672729492187500e+01,2.690336418151855469e+01
-9.042485809326171875e+01,2.690481948852539062e+01
-9.042776489257812500e+01,2.690161705017089844e+01
-9.042620849609375000e+01,2.690405273437500000e+01
-9.042509460449218750e+01,2.690332603454589844e+01
-9.042601013183593750e+01,2.690346717834472656e+01
-9.042684936523437500e+01,2.690296936035156250e+01
-9.042932891845703125e+01,2.690184402465820312e+01
-9.042889404296875000e+01,2.690140342712402344e+01
-9.042562866210937500e+01,2.690318298339843750e+01
-9.042521667480468750e+01,2.690386772155761719e+01
-9.042941284179687500e+01,2.690271759033203125e+01
-9.042911529541015625e+01,2.690323638916015625e+01
-9.042901611328125000e+01,2.690333938598632812e+01
-9.042576599121093750e+01,2.690337753295898438e+01
-9.042928314208984375e+01,2.690237998962402344e+01
-9.042709350585937500e+01,2.690318870544433594e+01
-9.042910766601562500e+01,2.690158081054687500e+01
-9.042480468750000000e+01,2.690489387512207031e+01
-9.042547607421875000e+01,2.690292167663574219e+01
-9.042752075195312500e+01,2.690097427368164062e+01
-9.042555999755859375e+01,2.690434455871582031e+01
-9.042443847656250000e+01,2.690445137023925781e+01
-9.042610168457031250e+01,2.690285301208496094e+01
-9.042545318603515625e+01,2.690405845642089844e+01
-9.042874145507812500e+01,2.690103340148925781e+01
-9.042526245117187500e+01,2.690468978881835938e+01
-9.042896270751953125e+01,2.690290260314941406e+01
-9.042892456054687500e+01,2.690295410156250000e+01
-9.042986297607421875e+01,2.690229225158691406e+01
-9.042880249023437500e+01,2.690357780456542969e+01
-9.042622375488281250e+01,2.690395545959472656e+01
-9.042534637451171875e+01,2.690475273132324219e+01
-9.042559814453125000e+01,2.690348625183105469e+01
-9.042897033691406250e+01,2.690087699890136719e+01
-9.042706298828125000e+01,2.690221595764160156e+01
-9.042887115478515625e+01,2.690292358398437500e+01
-9.042488861083984375e+01,2.690360641479492188e+01
-9.042525482177734375e+01,2.690346527099609375e+01
-9.042682647705078125e+01,2.690183067321777344e+01
-9.042786407470703125e+01,2.690178680419921875e+01
-9.042517852783203125e+01,2.690463066101074219e+01
-9.042636871337890625e+01,2.690180206298828125e+01
-9.042699432373046875e+01,2.690137290954589844e+01
-9.042963409423828125e+01,2.690243911743164062e+01
-9.042694854736328125e+01,2.690158081054687500e+01
-9.042914581298828125e+01,2.690174293518066406e+01
-9.042795562744140625e+01,2.690284156799316406e+01
-9.042491912841796875e+01,2.690412139892578125e+01
-9.042530822753906250e+01,2.690473937988281250e+01
-9.042991638183593750e+01,2.690245246887207031e+01
-9.042885589599609375e+01,2.690228843688964844e+01
-9.042723083496093750e+01,2.690140914916992188e+01
-9.042619323730468750e+01,2.690405273437500000e+01
-9.042906951904296875e+01,2.690300941467285156e+01
-9.042688751220703125e+01,2.690308761596679688e+01
-9.042747497558593750e+01,2.690140342712402344e+01
-9.042724609375000000e+01,2.690289878845214844e+01
-9.042735290527343750e+01,2.690252876281738281e+01
-9.042922973632812500e+01,2.690313148498535156e+01
-9.042903900146484375e+01,2.690121841430664062e+01
-9.042923736572265625e+01,2.690265464782714844e+01
-9.042998504638671875e+01,2.690114593505859375e+01
-9.042535400390625000e+01,2.690387916564941406e+01
-9.042865753173828125e+01,2.690164566040039062e+01
-9.042831420898437500e+01,2.690206336975097656e+01
-9.042674255371093750e+01,2.690154647827148438e+01
-9.042645263671875000e+01,2.690194892883300781e+01
-9.042704010009765625e+01,2.690345191955566406e+01
-9.042777252197265625e+01,2.690298461914062500e+01
-9.042810821533203125e+01,2.690239143371582031e+01
-9.042867279052734375e+01,2.690247344970703125e+01
-9.042762756347656250e+01,2.690317535400390625e+01
-9.042925262451171875e+01,2.690224838256835938e+01
-9.042592620849609375e+01,2.690229606628417969e+01
-9.042641448974609375e+01,2.690310096740722656e+01
-9.042830657958984375e+01,2.690217208862304688e+01
-9.042594146728515625e+01,2.690283584594726562e+01
-9.042854309082031250e+01,2.690243721008300781e+01
-9.042919921875000000e+01,2.690291976928710938e+01
-9.042886352539062500e+01,2.690142059326171875e+01
-9.042827606201171875e+01,2.690105819702148438e+01
-9.042796325683593750e+01,2.690286636352539062e+01
-9.042440795898437500e+01,2.690471839904785156e+01
-9.042816162109375000e+01,2.690204429626464844e+01
-9.042639160156250000e+01,2.690245056152343750e+01
-9.042867279052734375e+01,2.690310287475585938e+01
-9.042823791503906250e+01,2.690165519714355469e+01
-9.042734527587890625e+01,2.690217018127441406e+01
-9.042889404296875000e+01,2.690201759338378906e+01
-9.042969512939453125e+01,2.690225601196289062e+01
-9.042786407470703125e+01,2.690085411071777344e+01
-9.042565155029296875e+01,2.690293121337890625e+01
-9.042601776123046875e+01,2.690242576599121094e+01
-9.042743682861328125e+01,2.690286827087402344e+01
-9.042723083496093750e+01,2.690120697021484375e+01
-9.042893218994140625e+01,2.690207099914550781e+01
-9.042704772949218750e+01,2.690200614929199219e+01
-9.042926788330078125e+01,2.690208244323730469e+01
-9.042864990234375000e+01,2.690351295471191406e+01
-9.042701721191406250e+01,2.690158653259277344e+01
-9.042817687988281250e+01,2.690229415893554688e+01
-9.042880249023437500e+01,2.690319633483886719e+01
-9.042865753173828125e+01,2.690092658996582031e+01
-9.042683410644531250e+01,2.690190505981445312e+01
-9.042842864990234375e+01,2.690256500244140625e+01
-9.042770385742187500e+01,2.690115737915039062e+01
-9.042575073242187500e+01,2.690258598327636719e+01
-9.042995452880859375e+01,2.690218925476074219e+01
-9.042630767822265625e+01,2.690287780761718750e+01
-9.042910003662109375e+01,2.690181732177734375e+01
-9.042630004882812500e+01,2.690356254577636719e+01
-9.042775726318359375e+01,2.690324211120605469e+01
-9.042756652832031250e+01,2.690194129943847656e+01
-9.042829895019531250e+01,2.690273284912109375e+01
-9.042608642578125000e+01,2.690244865417480469e+01
-9.042615509033203125e+01,2.690216445922851562e+01
-9.042745971679687500e+01,2.690228271484375000e+01
-9.042477416992187500e+01,2.690403175354003906e+01
-9.042447662353515625e+01,2.690466308593750000e+01
-9.042668151855468750e+01,2.690224456787109375e+01
-9.042782592773437500e+01,2.690087127685546875e+01
-9.042549896240234375e+01,2.690250968933105469e+01
-9.042449188232421875e+01,2.690421485900878906e+01
-9.042825317382812500e+01,2.690278244018554688e+01
-9.042575073242187500e+01,2.690394592285156250e+01
-9.042727661132812500e+01,2.690156555175781250e+01
-9.042534637451171875e+01,2.690471649169921875e+01
-9.042840576171875000e+01,2.690287017822265625e+01
-9.042609405517578125e+01,2.690382003784179688e+01
-9.042565917968750000e+01,2.690345764160156250e+01
-9.042870330810546875e+01,2.690223503112792969e+01
-9.042745208740234375e+01,2.690149688720703125e+01
-9.042912292480468750e+01,2.690207099914550781e+01
-9.042617797851562500e+01,2.690320205688476562e+01
-9.042995452880859375e+01,2.690197181701660156e+01
-9.042961883544921875e+01,2.690311622619628906e+01
-9.042938995361328125e+01,2.690097236633300781e+01
-9.042661285400390625e+01,2.690232086181640625e+01
-9.042630767822265625e+01,2.690311813354492188e+01
-9.042864227294921875e+01,2.690139579772949219e+01
-9.042553710937500000e+01,2.690247344970703125e+01
-9.042658233642578125e+01,2.690269851684570312e+01
-9.042884063720703125e+01,2.690175056457519531e+01
-9.042682647705078125e+01,2.690279197692871094e+01
-9.042767333984375000e+01,2.690109252929687500e+01
-9.042452239990234375e+01,2.690453147888183594e+01
-9.042651367187500000e+01,2.690228271484375000e+01
-9.042736053466796875e+01,2.690253829956054688e+01
-9.042971801757812500e+01,2.690269470214843750e+01
-9.042647552490234375e+01,2.690161514282226562e+01
-9.042872619628906250e+01,2.690377998352050781e+01
-9.042964172363281250e+01,2.690188026428222656e+01
-9.042736053466796875e+01,2.690316390991210938e+01
-9.042514801025390625e+01,2.690482521057128906e+01
-9.042650604248046875e+01,2.690208816528320312e+01
-9.042602539062500000e+01,2.690219497680664062e+01
-9.042930603027343750e+01,2.690112113952636719e+01
-9.042549896240234375e+01,2.690277099609375000e+01
-9.042494201660156250e+01,2.690347480773925781e+01
-9.042529296875000000e+01,2.690295219421386719e+01
-9.042896270751953125e+01,2.690339279174804688e+01
-9.042878723144531250e+01,2.690181922912597656e+01
-9.042728424072265625e+01,2.690290451049804688e+01
-9.042539978027343750e+01,2.690320777893066406e+01
-9.042643737792968750e+01,2.690377807617187500e+01
-9.042936706542968750e+01,2.690216255187988281e+01
-9.042486572265625000e+01,2.690329170227050781e+01
-9.042620849609375000e+01,2.690213584899902344e+01
-9.042536926269531250e+01,2.690259742736816406e+01
-9.042584991455078125e+01,2.690376853942871094e+01
-9.042485046386718750e+01,2.690317153930664062e+01
-9.042870330810546875e+01,2.690088081359863281e+01
-9.042536926269531250e+01,2.690426063537597656e+01
-9.042679595947265625e+01,2.690155601501464844e+01
-9.042510223388671875e+01,2.690349197387695312e+01
-9.042722320556640625e+01,2.690115165710449219e+01
-9.042684936523437500e+01,2.690153121948242188e+01
-9.042869567871093750e+01,2.690187263488769531e+01
-9.042633819580078125e+01,2.690282249450683594e+01
-9.042646026611328125e+01,2.690353775024414062e+01
-9.042787170410156250e+01,2.690216445922851562e+01
-9.042450714111328125e+01,2.690460777282714844e+01
-9.042676544189453125e+01,2.690269851684570312e+01
-9.042802429199218750e+01,2.690184593200683594e+01
-9.042793273925781250e+01,2.690344238281250000e+01
-9.042491149902343750e+01,2.690442085266113281e+01
-9.042795562744140625e+01,2.690136146545410156e+01
-9.042987823486328125e+01,2.690123367309570312e+01
-9.042854309082031250e+01,2.690151786804199219e+01
-9.042781066894531250e+01,2.690250015258789062e+01
-9.042630767822265625e+01,2.690357780456542969e+01
-9.042671966552734375e+01,2.690213966369628906e+01
-9.042534637451171875e+01,2.690434646606445312e+01
-9.042758941650390625e+01,2.690260314941406250e+01
-9.042648315429687500e+01,2.690154457092285156e+01
-9.042811584472656250e+01,2.690215873718261719e+01
-9.042629241943359375e+01,2.690246009826660156e+01
-9.042561340332031250e+01,2.690399360656738281e+01
-9.042703247070312500e+01,2.690180397033691406e+01
-9.042897796630859375e+01,2.690321731567382812e+01
-9.042639923095703125e+01,2.690354728698730469e+01
-9.042911529541015625e+01,2.690333175659179688e+01
-9.042984771728515625e+01,2.690216255187988281e+01
-9.042859649658203125e+01,2.690198898315429688e+01
-9.042519378662109375e+01,2.690388488769531250e+01
-9.042663574218750000e+01,2.690205955505371094e+01
-9.042720031738281250e+01,2.690194892883300781e+01
-9.042737579345703125e+01,2.690151596069335938e+01
-9.042958068847656250e+01,2.690238952636718750e+01
-9.042575073242187500e+01,2.690433692932128906e+01
-9.042752838134765625e+01,2.690320968627929688e+01
-9.042888641357421875e+01,2.690307617187500000e+01
-9.042976379394531250e+01,2.690233039855957031e+01
-9.042933654785156250e+01,2.690235900878906250e+01
-9.042587280273437500e+01,2.690272331237792969e+01
-9.042861175537109375e+01,2.690180206298828125e+01
-9.042532348632812500e+01,2.690358161926269531e+01
-9.042470550537109375e+01,2.690422821044921875e+01
-9.042978668212890625e+01,2.690200996398925781e+01
-9.042458343505859375e+01,2.690393066406250000e+01
-9.042622375488281250e+01,2.690371322631835938e+01
-9.042859649658203125e+01,2.690132713317871094e+01
-9.042983245849609375e+01,2.690228652954101562e+01
-9.042806243896484375e+01,2.690131378173828125e+01
-9.042521667480468750e+01,2.690333747863769531e+01
-9.042493438720703125e+01,2.690349578857421875e+01
-9.042830657958984375e+01,2.690087890625000000e+01
-9.042710876464843750e+01,2.690141677856445312e+01
-9.042888641357421875e+01,2.690178298950195312e+01
-9.042986297607421875e+01,2.690217971801757812e+01
-9.042926788330078125e+01,2.690246963500976562e+01
-9.042933654785156250e+01,2.690271949768066406e+01
-9.042527008056640625e+01,2.690367698669433594e+01
-9.042937469482421875e+01,2.690331459045410156e+01
-9.042601776123046875e+01,2.690356445312500000e+01
-9.042495727539062500e+01,2.690431022644042969e+01
-9.042910003662109375e+01,2.690332603454589844e+01
-9.042932891845703125e+01,2.690142440795898438e+01
-9.042603302001953125e+01,2.690265464782714844e+01
-9.042733764648437500e+01,2.690141296386718750e+01
-9.042900848388671875e+01,2.690164947509765625e+01
-9.042801666259765625e+01,2.690191650390625000e+01
-9.042717742919921875e+01,2.690210151672363281e+01
-9.042568969726562500e+01,2.690262413024902344e+01
-9.042829895019531250e+01,2.690323257446289062e+01
-9.042790985107421875e+01,2.690222549438476562e+01
-9.042579650878906250e+01,2.690287208557128906e+01
-9.042555236816406250e+01,2.690462684631347656e+01
-9.042862701416015625e+01,2.690100860595703125e+01
-9.042794036865234375e+01,2.690338897705078125e+01
-9.042980957031250000e+01,2.690224456787109375e+01
-9.042647552490234375e+01,2.690179824829101562e+01
-9.042749023437500000e+01,2.690100669860839844e+01
-9.042713165283203125e+01,2.690207862854003906e+01
-9.042473602294921875e+01,2.690460968017578125e+01
-9.042860412597656250e+01,2.690095710754394531e+01
-9.042440032958984375e+01,2.690480422973632812e+01
-9.042846679687500000e+01,2.690321159362792969e+01
-9.042688751220703125e+01,2.690228462219238281e+01
-9.042517852783203125e+01,2.690333938598632812e+01
-9.042993164062500000e+01,2.690201187133789062e+01
-9.042667388916015625e+01,2.690251159667968750e+01
-9.042961883544921875e+01,2.690203857421875000e+01
-9.042507171630859375e+01,2.690342521667480469e+01
-9.042781066894531250e+01,2.690267181396484375e+01
-9.042552185058593750e+01,2.690349960327148438e+01
-9.042922973632812500e+01,2.690201950073242188e+01
-9.042977905273437500e+01,2.690286636352539062e+01
-9.042565155029296875e+01,2.690284729003906250e+01
-9.042889404296875000e+01,2.690124130249023438e+01
-9.042837524414062500e+01,2.690380859375000000e+01
-9.042892456054687500e+01,2.690213775634765625e+01
-9.042715454101562500e+01,2.690291595458984375e+01
-9.042846679687500000e+01,2.690349197387695312e+01
-9.042689514160156250e+01,2.690376663208007812e+01
-9.042577362060546875e+01,2.690428924560546875e+01
-9.042474365234375000e+01,2.690462112426757812e+01
-9.042485809326171875e+01,2.690383148193359375e+01
-9.042696380615234375e+01,2.690353393554687500e+01
-9.042532348632812500e+01,2.690269660949707031e+01
-9.042984771728515625e+01,2.690244293212890625e+01
-9.042800903320312500e+01,2.690282249450683594e+01
-9.042498016357421875e+01,2.690358924865722656e+01
-9.042868804931640625e+01,2.690367126464843750e+01
-9.042790222167968750e+01,2.690199089050292969e+01
-9.042877197265625000e+01,2.690100479125976562e+01
-9.042968750000000000e+01,2.690290832519531250e+01
-9.042929840087890625e+01,2.690203094482421875e+01
-9.042783355712890625e+01,2.690169525146484375e+01
-9.042803192138671875e+01,2.690249061584472656e+01
-9.042658996582031250e+01,2.690367507934570312e+01
-9.042709350585937500e+01,2.690273857116699219e+01
-9.042860412597656250e+01,2.690263175964355469e+01
-9.042666625976562500e+01,2.690230751037597656e+01
-9.042641448974609375e+01,2.690398216247558594e+01
-9.042827606201171875e+01,2.690137290954589844e+01
-9.042794036865234375e+01,2.690165328979492188e+01
-9.042857360839843750e+01,2.690351104736328125e+01
-9.042948913574218750e+01,2.690276336669921875e+01
-9.042576599121093750e+01,2.690226364135742188e+01
-9.042463684082031250e+01,2.690368080139160156e+01
-9.042922973632812500e+01,2.690209770202636719e+01
-9.042529296875000000e+01,2.690432929992675781e+01
-9.042591857910156250e+01,2.690390586853027344e+01
-9.042871856689453125e+01,2.690123367309570312e+01
-9.042438507080078125e+01,2.690496635437011719e+01
-9.042831420898437500e+01,2.690317726135253906e+01
-9.042801666259765625e+01,2.690329360961914062e+01
-9.042919921875000000e+01,2.690161132812500000e+01
-9.042641448974609375e+01,2.690393638610839844e+01
-9.042478942871093750e+01,2.690412902832031250e+01
-9.042458343505859375e+01,2.690458679199218750e+01
-9.042778015136718750e+01,2.690206146240234375e+01
-9.042729949951171875e+01,2.690342712402343750e+01
-9.042874908447265625e+01,2.690204048156738281e+01
-9.042876434326171875e+01,2.690269470214843750e+01
-9.042455291748046875e+01,2.690401077270507812e+01
-9.042574310302734375e+01,2.690306282043457031e+01
-9.042709350585937500e+01,2.690359306335449219e+01
-9.042533111572265625e+01,2.690283393859863281e+01
-9.042704010009765625e+01,2.690260887145996094e+01
-9.042687225341796875e+01,2.690161323547363281e+01
-9.042803192138671875e+01,2.690136718750000000e+01
-9.042816925048828125e+01,2.690277481079101562e+01
-9.042557525634765625e+01,2.690448570251464844e+01
-9.042637634277343750e+01,2.690300559997558594e+01
-9.042562866210937500e+01,2.690425491333007812e+01
-9.042816925048828125e+01,2.690327644348144531e+01
-9.042708587646484375e+01,2.690172767639160156e+01
-9.042850494384765625e+01,2.690256118774414062e+01
-9.042740631103515625e+01,2.690212821960449219e+01
-9.042646026611328125e+01,2.690162467956542969e+01
-9.042801666259765625e+01,2.690174865722656250e+01
-9.042893218994140625e+01,2.690092849731445312e+01
-9.042935943603515625e+01,2.690323448181152344e+01
-9.042937469482421875e+01,2.690312194824218750e+01
-9.042933654785156250e+01,2.690152549743652344e+01
-9.042861938476562500e+01,2.690111541748046875e+01
-9.042917633056640625e+01,2.690153503417968750e+01
-9.042768859863281250e+01,2.690255546569824219e+01
-9.042597961425781250e+01,2.690330314636230469e+01
-9.042658996582031250e+01,2.690150070190429688e+01
-9.042625427246093750e+01,2.690260314941406250e+01
-9.042784881591796875e+01,2.690144538879394531e+01
-9.042975616455078125e+01,2.690299034118652344e+01
-9.042837524414062500e+01,2.690143966674804688e+01
-9.042790985107421875e+01,2.690149307250976562e+01
-9.042539215087890625e+01,2.690328788757324219e+01
-9.042440795898437500e+01,2.690481948852539062e+01
-9.042665100097656250e+01,2.690163421630859375e+01
-9.042699432373046875e+01,2.690330123901367188e+01
-9.042787170410156250e+01,2.690174865722656250e+01
-9.042797088623046875e+01,2.690331077575683594e+01
-9.042844390869140625e+01,2.690241050720214844e+01
-9.042810821533203125e+01,2.690236091613769531e+01
-9.042695617675781250e+01,2.690128707885742188e+01
-9.042910766601562500e+01,2.690317153930664062e+01
-9.042962646484375000e+01,2.690142440795898438e+01
-9.042699432373046875e+01,2.690320777893066406e+01
-9.042954254150390625e+01,2.690162849426269531e+01
-9.042692565917968750e+01,2.690168190002441406e+01
-9.042891693115234375e+01,2.690183258056640625e+01
-9.042814636230468750e+01,2.690192985534667969e+01
-9.042718505859375000e+01,2.690139198303222656e+01
-9.042594146728515625e+01,2.690318870544433594e+01
-9.042937469482421875e+01,2.690154838562011719e+01
-9.042895507812500000e+01,2.690278434753417969e+01
-9.042839050292968750e+01,2.690137100219726562e+01
-9.042775726318359375e+01,2.690182876586914062e+01
-9.042544555664062500e+01,2.690459823608398438e+01
-9.042665863037109375e+01,2.690140151977539062e+01
-9.042494964599609375e+01,2.690365600585937500e+01
-9.042576599121093750e+01,2.690223693847656250e+01
-9.042849731445312500e+01,2.690339660644531250e+01
-9.042423248291015625e+01,2.690510368347167969e+01
-9.042729187011718750e+01,2.690157318115234375e+01
-9.042914581298828125e+01,2.690310859680175781e+01
-9.042958831787109375e+01,2.690234375000000000e+01
-9.042561340332031250e+01,2.690353202819824219e+01
-9.042644500732421875e+01,2.690200233459472656e+01
-9.042739868164062500e+01,2.690310096740722656e+01
-9.042462158203125000e+01,2.690450477600097656e+01
-9.042660522460937500e+01,2.690301132202148438e+01
-9.042655944824218750e+01,2.690167808532714844e+01
-9.042686462402343750e+01,2.690298080444335938e+01
-9.042790222167968750e+01,2.690168762207031250e+01
-9.042771148681640625e+01,2.690326118469238281e+01
-9.042839050292968750e+01,2.690100669860839844e+01
-9.042797088623046875e+01,2.690220832824707031e+01
-9.042544555664062500e+01,2.690283775329589844e+01
-9.042586517333984375e+01,2.690269851684570312e+01
-9.042521667480468750e+01,2.690379142761230469e+01
-9.042806243896484375e+01,2.690300941467285156e+01
-9.042866516113281250e+01,2.690239906311035156e+01
-9.042959594726562500e+01,2.690263748168945312e+01
-9.042605590820312500e+01,2.690332794189453125e+01
-9.042872619628906250e+01,2.690167808532714844e+01
-9.042856597900390625e+01,2.690368080139160156e+01
-9.042732238769531250e+01,2.690167236328125000e+01
-9.042862701416015625e+01,2.690254783630371094e+01
-9.042550659179687500e+01,2.690365600585937500e+01
-9.042822265625000000e+01,2.690234756469726562e+01
-9.042646026611328125e+01,2.690277671813964844e+01
-9.042597198486328125e+01,2.690415191650390625e+01
-9.042790985107421875e+01,2.690319442749023438e+01
-9.042955017089843750e+01,2.690236854553222656e+01
-9.042945861816406250e+01,2.690196800231933594e+01
-9.042704010009765625e+01,2.690167808532714844e+01
-9.042828369140625000e+01,2.690175437927246094e+01
-9.042436981201171875e+01,2.690505599975585938e+01
-9.042713165283203125e+01,2.690327835083007812e+01
-9.042761230468750000e+01,2.690332603454589844e+01
-9.042656707763671875e+01,2.690227890014648438e+01
-9.042618560791015625e+01,2.690290451049804688e+01
-9.042501068115234375e+01,2.690470504760742188e+01
-9.042489624023437500e+01,2.690353965759277344e+01
-9.042933654785156250e+01,2.690162658691406250e+01
-9.042813873291015625e+01,2.690225219726562500e+01
-9.042511749267578125e+01,2.690405464172363281e+01
-9.042547607421875000e+01,2.690248107910156250e+01
-9.042710113525390625e+01,2.690340042114257812e+01
-9.042658233642578125e+01,2.690366363525390625e+01
-9.042951965332031250e+01,2.690302848815917969e+01
-9.042569732666015625e+01,2.690262985229492188e+01
-9.042990112304687500e+01,2.690168952941894531e+01
-9.042710876464843750e+01,2.690282058715820312e+01
-9.042834472656250000e+01,2.690228462219238281e+01
-9.042847442626953125e+01,2.690287971496582031e+01
-9.042664337158203125e+01,2.690280914306640625e+01
-9.042691040039062500e+01,2.690146636962890625e+01
-9.042894744873046875e+01,2.690133285522460938e+01
-9.042907714843750000e+01,2.690213012695312500e+01
-9.042646789550781250e+01,2.690185737609863281e+01
-9.042619323730468750e+01,2.690314674377441406e+01
-9.042559814453125000e+01,2.690286254882812500e+01
-9.042919158935546875e+01,2.690127182006835938e+01
-9.042597198486328125e+01,2.690304756164550781e+01
-9.042926025390625000e+01,2.690192985534667969e+01
-9.042921447753906250e+01,2.690159988403320312e+01
-9.042933654785156250e+01,2.690137672424316406e+01
-9.042767333984375000e+01,2.690318870544433594e+01
-9.042646789550781250e+01,2.690333938598632812e+01
-9.042698669433593750e+01,2.690290832519531250e+01
-9.042992401123046875e+01,2.690227890014648438e+01
-9.042687225341796875e+01,2.690323066711425781e+01
-9.042713165283203125e+01,2.690199089050292969e+01
-9.042643737792968750e+01,2.690254592895507812e+01
-9.042720031738281250e+01,2.690201187133789062e+01
-9.042461395263671875e+01,2.690466308593750000e+01
-9.042898559570312500e+01,2.690206336975097656e+01
-9.042804718017578125e+01,2.690366935729980469e+01
-9.042755889892578125e+01,2.690200042724609375e+01
-9.042715454101562500e+01,2.690284156799316406e+01
-9.042995452880859375e+01,2.690146255493164062e+01
-9.042924499511718750e+01,2.690273284912109375e+01
-9.042775726318359375e+01,2.690196800231933594e+01
-9.042749023437500000e+01,2.690334129333496094e+01
-9.042537689208984375e+01,2.690477752685546875e+01
-9.042848968505859375e+01,2.690340232849121094e+01
-9.042619323730468750e+01,2.690252494812011719e+01
-9.042807769775390625e+01,2.690235710144042969e+01
-9.042844390869140625e+01,2.690346527099609375e+01
-9.042582702636718750e+01,2.690344619750976562e+01
-9.042599487304687500e+01,2.690391349792480469e+01
-9.042991638183593750e+01,2.690239334106445312e+01
-9.042737579345703125e+01,2.690166664123535156e+01
-9.042761230468750000e+01,2.690092468261718750e+01
-9.042785644531250000e+01,2.690351295471191406e+01
-9.042700195312500000e+01,2.690361785888671875e+01
-9.042961883544921875e+01,2.690230369567871094e+01
-9.042487335205078125e+01,2.690458106994628906e+01
-9.042725372314453125e+01,2.690234756469726562e+01
-9.042868041992187500e+01,2.690136528015136719e+01
-9.042705535888671875e+01,2.690124702453613281e+01
-9.042569732666015625e+01,2.690261077880859375e+01
-9.042900085449218750e+01,2.690275573730468750e+01
-9.042679595947265625e+01,2.690330696105957031e+01
-9.042756652832031250e+01,2.690266418457031250e+01
-9.042709350585937500e+01,2.690134239196777344e+01
-9.042935943603515625e+01,2.690339279174804688e+01
-9.042586517333984375e+01,2.690399932861328125e+01
-9.042757415771484375e+01,2.690109252929687500e+01
-9.042754364013671875e+01,2.690233612060546875e+01
-9.042713165283203125e+01,2.690258598327636719e+01
-9.042950439453125000e+01,2.690177536010742188e+01
-9.042955780029296875e+01,2.690198516845703125e+01
-9.042559814453125000e+01,2.690337181091308594e+01
-9.042896270751953125e+01,2.690262413024902344e+01
-9.042576599121093750e+01,2.690311050415039062e+01
-9.042932891845703125e+01,2.690178108215332031e+01
-9.042919921875000000e+01,2.690089797973632812e+01
-9.042610168457031250e+01,2.690393257141113281e+01
-9.042999267578125000e+01,2.690268898010253906e+01
-9.042671966552734375e+01,2.690303421020507812e+01
-9.042922973632812500e+01,2.690199089050292969e+01
-9.042860412597656250e+01,2.690359878540039062e+01
-9.042687988281250000e+01,2.690299034118652344e+01
-9.042806243896484375e+01,2.690231895446777344e+01
-9.042662811279296875e+01,2.690312957763671875e+01
-9.042818450927734375e+01,2.690212249755859375e+01
-9.042644500732421875e+01,2.690159225463867188e+01
-9.042908477783203125e+01,2.690290260314941406e+01
-9.042907714843750000e+01,2.690298461914062500e+01
-9.042862701416015625e+01,2.690335845947265625e+01
-9.042804718017578125e+01,2.690299797058105469e+01
-9.042791748046875000e+01,2.690341949462890625e+01
-9.042897796630859375e+01,2.690185546875000000e+01
-9.042729187011718750e+01,2.690307998657226562e+01
-9.042684936523437500e+01,2.690251731872558594e+01
-9.042807769775390625e+01,2.690172004699707031e+01
-9.042879486083984375e+01,2.690143775939941406e+01
-9.042481994628906250e+01,2.690351295471191406e+01
-9.042518615722656250e+01,2.690431976318359375e+01
-9.042705535888671875e+01,2.690236663818359375e+01
-9.042752838134765625e+01,2.690329170227050781e+01
-9.042481231689453125e+01,2.690339279174804688e+01
-9.042769622802734375e+01,2.690226554870605469e+01
-9.042451477050781250e+01,2.690490913391113281e+01
-9.042627716064453125e+01,2.690195846557617188e+01
-9.042655944824218750e+01,2.690195846557617188e+01
-9.042533874511718750e+01,2.690375709533691406e+01
-9.042639923095703125e+01,2.690277671813964844e+01
-9.042999267578125000e+01,2.690230178833007812e+01
-9.042562866210937500e+01,2.690244865417480469e+01
-9.042828369140625000e+01,2.690353775024414062e+01
-9.042504882812500000e+01,2.690450668334960938e+01
-9.042854309082031250e+01,2.690185165405273438e+01
-9.042838287353515625e+01,2.690197753906250000e+01
-9.042673492431640625e+01,2.690285110473632812e+01
-9.042584228515625000e+01,2.690299224853515625e+01
-9.042645263671875000e+01,2.690377235412597656e+01
-9.042488861083984375e+01,2.690378761291503906e+01
-9.042623138427734375e+01,2.690364456176757812e+01
-9.042525482177734375e+01,2.690370559692382812e+01
-9.042864227294921875e+01,2.690328025817871094e+01
-9.042890930175781250e+01,2.690300178527832031e+01
-9.042973327636718750e+01,2.690258216857910156e+01
-9.042805480957031250e+01,2.690351676940917969e+01
-9.042752075195312500e+01,2.690310859680175781e+01
-9.042881011962890625e+01,2.690332221984863281e+01
-9.042739105224609375e+01,2.690199089050292969e+01
-9.042719268798828125e+01,2.690191650390625000e+01
-9.042715454101562500e+01,2.690304565429687500e+01
-9.042745971679687500e+01,2.690282821655273438e+01
-9.042550659179687500e+01,2.690356445312500000e+01
-9.042598724365234375e+01,2.690345764160156250e+01
-9.042620849609375000e+01,2.690189552307128906e+01
-9.042477416992187500e+01,2.690374565124511719e+01
-9.042815399169921875e+01,2.690364837646484375e+01
-9.042646789550781250e+01,2.690354537963867188e+01
-9.042796325683593750e+01,2.690196990966796875e+01
-9.042770385742187500e+01,2.690166854858398438e+01
-9.042515563964843750e+01,2.690313911437988281e+01
-9.042808532714843750e+01,2.690267372131347656e+01
-9.042546844482421875e+01,2.690387344360351562e+01
-9.042701721191406250e+01,2.690137863159179688e+01
-9.042814636230468750e+01,2.690107345581054688e+01
-9.042459869384765625e+01,2.690400314331054688e+01
-9.042790985107421875e+01,2.690232658386230469e+01
-9.042866516113281250e+01,2.690319442749023438e+01
-9.042678070068359375e+01,2.690174674987792969e+01
-9.042499542236328125e+01,2.690371894836425781e+01
-9.042739105224609375e+01,2.690289688110351562e+01
-9.042915344238281250e+01,2.690282058715820312e+01
-9.042745971679687500e+01,2.690133666992187500e+01
-9.042578125000000000e+01,2.690265083312988281e+01
-9.042530822753906250e+01,2.690327835083007812e+01
-9.042574310302734375e+01,2.690317344665527344e+01
-9.042758178710937500e+01,2.690208435058593750e+01
-9.042552185058593750e+01,2.690263557434082031e+01
-9.042910003662109375e+01,2.690179061889648438e+01
-9.042533874511718750e+01,2.690468788146972656e+01
-9.042517089843750000e+01,2.690402793884277344e+01
-9.042594146728515625e+01,2.690254211425781250e+01
-9.042731475830078125e+01,2.690255928039550781e+01
-9.042877197265625000e+01,2.690320777893066406e+01
-9.042714691162109375e+01,2.690113258361816406e+01
-9.042871856689453125e+01,2.690336036682128906e+01
-9.042601013183593750e+01,2.690406799316406250e+01
-9.042944335937500000e+01,2.690284156799316406e+01
-9.042783355712890625e+01,2.690119743347167969e+01
-9.042804718017578125e+01,2.690380287170410156e+01
-9.042850494384765625e+01,2.690354728698730469e+01
-9.042457580566406250e+01,2.690451622009277344e+01
-9.042844390869140625e+01,2.690154075622558594e+01
-9.042878723144531250e+01,2.690104484558105469e+01
-9.042761230468750000e+01,2.690124702453613281e+01
-9.042713165283203125e+01,2.690235710144042969e+01
-9.042823791503906250e+01,2.690279006958007812e+01
-9.042922973632812500e+01,2.690139770507812500e+01
-9.042657470703125000e+01,2.690291976928710938e+01
-9.042890930175781250e+01,2.690167045593261719e+01
-9.042976379394531250e+01,2.690297889709472656e+01
-9.042528533935546875e+01,2.690370941162109375e+01
-9.042717742919921875e+01,2.690216255187988281e+01
-9.042603302001953125e+01,2.690264511108398438e+01
-9.042888641357421875e+01,2.690190696716308594e+01
-9.042905426025390625e+01,2.690294265747070312e+01
-9.042829132080078125e+01,2.690196228027343750e+01
-9.042839813232421875e+01,2.690375137329101562e+01
-9.042471313476562500e+01,2.690391921997070312e+01
-9.042864990234375000e+01,2.690092849731445312e+01
-9.042691040039062500e+01,2.690185165405273438e+01
-9.042922210693359375e+01,2.690127754211425781e+01
-9.042559051513671875e+01,2.690292549133300781e+01
-9.042789459228515625e+01,2.690118980407714844e+01
-9.042914581298828125e+01,2.690169715881347656e+01
-9.042562866210937500e+01,2.690324020385742188e+01
-9.042705535888671875e+01,2.690222740173339844e+01
-9.042668151855468750e+01,2.690313911437988281e+01
-9.042710876464843750e+01,2.690311050415039062e+01
-9.042980957031250000e+01,2.690172576904296875e+01
-9.042582702636718750e+01,2.690259552001953125e+01
-9.042932891845703125e+01,2.690320777893066406e+01
-9.042749786376953125e+01,2.690182876586914062e+01
-9.042510223388671875e+01,2.690417480468750000e+01
-9.042704772949218750e+01,2.690345001220703125e+01
-9.042951965332031250e+01,2.690133476257324219e+01
-9.042774963378906250e+01,2.690092086791992188e+01
-9.042860412597656250e+01,2.690099143981933594e+01
-9.042958068847656250e+01,2.690171241760253906e+01
-9.042772674560546875e+01,2.690291023254394531e+01
-9.042955017089843750e+01,2.690131568908691406e+01
-9.042530822753906250e+01,2.690419006347656250e+01
-9.042819976806640625e+01,2.690336608886718750e+01
-9.042893981933593750e+01,2.690232467651367188e+01
-9.042459106445312500e+01,2.690392684936523438e+01
-9.042926025390625000e+01,2.690249824523925781e+01
-9.042803955078125000e+01,2.690241432189941406e+01
-9.042835235595703125e+01,2.690191841125488281e+01
-9.042816925048828125e+01,2.690104866027832031e+01
-9.042866516113281250e+01,2.690203857421875000e+01
-9.042913818359375000e+01,2.690135383605957031e+01
-9.042770385742187500e+01,2.690147972106933594e+01
-9.042727661132812500e+01,2.690150070190429688e+01
-9.042869567871093750e+01,2.690295028686523438e+01
-9.042660522460937500e+01,2.690385246276855469e+01
-9.042875671386718750e+01,2.690284156799316406e+01
-9.042874145507812500e+01,2.690379714965820312e+01
-9.042707061767578125e+01,2.690179252624511719e+01
-9.042931365966796875e+01,2.690188217163085938e+01
-9.042855072021484375e+01,2.690331649780273438e+01
-9.042834472656250000e+01,2.690339469909667969e+01
-9.042509460449218750e+01,2.690370368957519531e+01
-9.042652130126953125e+01,2.690216064453125000e+01
-9.042874908447265625e+01,2.690305137634277344e+01
-9.042974090576171875e+01,2.690252494812011719e+01
-9.042760467529296875e+01,2.690310668945312500e+01
-9.042904663085937500e+01,2.690351295471191406e+01
-9.042843627929687500e+01,2.690279006958007812e+01
-9.042539215087890625e+01,2.690321159362792969e+01
-9.042954254150390625e+01,2.690141296386718750e+01
-9.042727661132812500e+01,2.690187835693359375e+01
-9.042927551269531250e+01,2.690196037292480469e+01
-9.042578887939453125e+01,2.690450286865234375e+01
-9.042608642578125000e+01,2.690312957763671875e+01
-9.042915344238281250e+01,2.690227508544921875e+01
-9.042937469482421875e+01,2.690132522583007812e+01
-9.042952728271484375e+01,2.690239524841308594e+01
-9.042809295654296875e+01,2.690318679809570312e+01
-9.042486572265625000e+01,2.690354728698730469e+01
-9.042769622802734375e+01,2.690241241455078125e+01
-9.042838287353515625e+01,2.690211677551269531e+01
-9.042731475830078125e+01,2.690122222900390625e+01
-9.042842102050781250e+01,2.690126800537109375e+01
-9.042777252197265625e+01,2.690175437927246094e+01
-9.042668914794921875e+01,2.690307235717773438e+01
-9.042802429199218750e+01,2.690124511718750000e+01
-9.042511749267578125e+01,2.690292167663574219e+01
-9.042877960205078125e+01,2.690153503417968750e+01
-9.042903900146484375e+01,2.690088844299316406e+01
-9.042740631103515625e+01,2.690161705017089844e+01
-9.042664337158203125e+01,2.690148353576660156e+01
-9.042848205566406250e+01,2.690238189697265625e+01
-9.042504882812500000e+01,2.690482330322265625e+01
-9.042539215087890625e+01,2.690273666381835938e+01
-9.042691802978515625e+01,2.690134048461914062e+01
-9.042573547363281250e+01,2.690353584289550781e+01
-9.042857360839843750e+01,2.690329742431640625e+01
-9.042884063720703125e+01,2.690198898315429688e+01
-9.042662048339843750e+01,2.690174484252929688e+01
-9.042612457275390625e+01,2.690339660644531250e+01
-9.042931365966796875e+01,2.690214157104492188e+01
-9.042541503906250000e+01,2.690373420715332031e+01
-9.042884063720703125e+01,2.690343093872070312e+01
-9.042486572265625000e+01,2.690455818176269531e+01
-9.042634582519531250e+01,2.690287971496582031e+01
-9.042465209960937500e+01,2.690412902832031250e+01
-9.042884826660156250e+01,2.690123367309570312e+01
-9.042575836181640625e+01,2.690414428710937500e+01
-9.042605590820312500e+01,2.690340423583984375e+01
-9.042899322509765625e+01,2.690192222595214844e+01
-9.042532348632812500e+01,2.690261077880859375e+01
-9.042927551269531250e+01,2.690329360961914062e+01
-9.042758178710937500e+01,2.690340805053710938e+01
-9.042829132080078125e+01,2.690178871154785156e+01
-9.042906951904296875e+01,2.690191078186035156e+01
-9.042881774902343750e+01,2.690199089050292969e+01
-9.042795562744140625e+01,2.690134048461914062e+01
-9.042731475830078125e+01,2.690197563171386719e+01
-9.042948913574218750e+01,2.690291404724121094e+01
-9.042904663085937500e+01,2.690111541748046875e+01
-9.042841339111328125e+01,2.690307807922363281e+01
-9.042848968505859375e+01,2.690320587158203125e+01
-9.042721557617187500e+01,2.690230369567871094e+01
-9.042824554443359375e+01,2.690219879150390625e+01
-9.042615509033203125e+01,2.690234947204589844e+01
-9.042879486083984375e+01,2.690129661560058594e+01
-9.042725372314453125e+01,2.690245819091796875e+01
-9.042990875244140625e+01,2.690256118774414062e+01
-9.042694854736328125e+01,2.690270805358886719e+01
-9.042666625976562500e+01,2.690314102172851562e+01
-9.042878723144531250e+01,2.690267372131347656e+01
-9.042829895019531250e+01,2.690349769592285156e+01
-9.043005371093750000e+01,2.690250015258789062e+01
-9.042663574218750000e+01,2.690284538269042969e+01
-9.042631530761718750e+01,2.690229034423828125e+01
-9.042856597900390625e+01,2.690122413635253906e+01
-9.042871093750000000e+01,2.690252876281738281e+01
-9.042907714843750000e+01,2.690240097045898438e+01
-9.042905426025390625e+01,2.690124130249023438e+01
-9.042838287353515625e+01,2.690144538879394531e+01
-9.042465972900390625e+01,2.690415954589843750e+01
-9.042570495605468750e+01,2.690260124206542969e+01
-9.042668151855468750e+01,2.690380287170410156e+01
-9.042493438720703125e+01,2.690350723266601562e+01
-9.042974853515625000e+01,2.690275382995605469e+01
-9.042821502685546875e+01,2.690126037597656250e+01
-9.042895507812500000e+01,2.690216255187988281e+01
-9.042778015136718750e+01,2.690246772766113281e+01
-9.042726898193359375e+01,2.690317153930664062e+01
-9.042787170410156250e+01,2.690306663513183594e+01
-9.042538452148437500e+01,2.690353393554687500e+01
-9.042496490478515625e+01,2.690441131591796875e+01
-9.042982482910156250e+01,2.690207481384277344e+01
-9.042827606201171875e+01,2.690366172790527344e+01
-9.042733764648437500e+01,2.690211677551269531e+01
-9.042677307128906250e+01,2.690188407897949219e+01
-9.042618560791015625e+01,2.690357780456542969e+01
-9.042913818359375000e+01,2.690124511718750000e+01
-9.042881774902343750e+01,2.690195083618164062e+01
-9.042543029785156250e+01,2.690318870544433594e+01
-9.042741394042968750e+01,2.690153121948242188e+01
-9.042476654052734375e+01,2.690351867675781250e+01
-9.042861175537109375e+01,2.690381431579589844e+01
-9.042871093750000000e+01,2.690360069274902344e+01
-9.042871856689453125e+01,2.690311813354492188e+01
-9.042827606201171875e+01,2.690242004394531250e+01
-9.042674255371093750e+01,2.690331840515136719e+01
-9.042787933349609375e+01,2.690225028991699219e+01
-9.042562866210937500e+01,2.690359306335449219e+01
-9.042898559570312500e+01,2.690153884887695312e+01
-9.042619323730468750e+01,2.690380477905273438e+01
-9.042711639404296875e+01,2.690266990661621094e+01
-9.042545318603515625e+01,2.690253257751464844e+01
-9.042506408691406250e+01,2.690323448181152344e+01
-9.042797851562500000e+01,2.690100479125976562e+01
-9.042651367187500000e+01,2.690167236328125000e+01
-9.042591857910156250e+01,2.690350723266601562e+01
-9.042621612548828125e+01,2.690365982055664062e+01
-9.042903137207031250e+01,2.690166282653808594e+01
-9.042741394042968750e+01,2.690262413024902344e+01
-9.042660522460937500e+01,2.690343856811523438e+01
-9.042795562744140625e+01,2.690180969238281250e+01
-9.042484283447265625e+01,2.690394401550292969e+01
-9.042739868164062500e+01,2.690353584289550781e+01
-9.042887878417968750e+01,2.690242195129394531e+01
-9.042789459228515625e+01,2.690295600891113281e+01
-9.042848968505859375e+01,2.690111923217773438e+01
-9.042492675781250000e+01,2.690363693237304688e+01
-9.042569732666015625e+01,2.690301895141601562e+01
-9.042901611328125000e+01,2.690122413635253906e+01
-9.042726898193359375e+01,2.690292358398437500e+01
-9.042821502685546875e+01,2.690118026733398438e+01
-9.042783355712890625e+01,2.690194892883300781e+01
-9.042870330810546875e+01,2.690346145629882812e+01
-9.042980957031250000e+01,2.690194511413574219e+01
-9.042746734619140625e+01,2.690159416198730469e+01
-9.042958068847656250e+01,2.690273284912109375e+01
-9.042910003662109375e+01,2.690271377563476562e+01
-9.042714691162109375e+01,2.690126609802246094e+01
-9.042469024658203125e+01,2.690484428405761719e+01
-9.042830657958984375e+01,2.690294647216796875e+01
-9.042677307128906250e+01,2.690191268920898438e+01
-9.042623138427734375e+01,2.690250205993652344e+01
-9.042719268798828125e+01,2.690337944030761719e+01
-9.042855834960937500e+01,2.690302085876464844e+01
-9.042836761474609375e+01,2.690378761291503906e+01
-9.042536926269531250e+01,2.690414810180664062e+01
-9.042908477783203125e+01,2.690273284912109375e+01
-9.042783355712890625e+01,2.690146255493164062e+01
-9.042720031738281250e+01,2.690114402770996094e+01
-9.042953491210937500e+01,2.690237808227539062e+01
-9.042550659179687500e+01,2.690404891967773438e+01
-9.042919158935546875e+01,2.690086174011230469e+01
-9.042676544189453125e+01,2.690212059020996094e+01
-9.042903900146484375e+01,2.690142059326171875e+01
-9.042824554443359375e+01,2.690145874023437500e+01
-9.042553710937500000e+01,2.690386581420898438e+01
-9.042932891845703125e+01,2.690210151672363281e+01
-9.042925262451171875e+01,2.690307235717773438e+01
-9.042924499511718750e+01,2.690323829650878906e+01
-9.042868041992187500e+01,2.690256309509277344e+01
-9.042607879638671875e+01,2.690258026123046875e+01
-9.042920684814453125e+01,2.690279579162597656e+01
-9.042634582519531250e+01,2.690306282043457031e+01
-9.042743682861328125e+01,2.690246963500976562e+01
-9.042826843261718750e+01,2.690084838867187500e+01
-9.042708587646484375e+01,2.690291023254394531e+01
-9.042660522460937500e+01,2.690288352966308594e+01
-9.042905426025390625e+01,2.690344429016113281e+01
-9.042967224121093750e+01,2.690207672119140625e+01
-9.042710113525390625e+01,2.690128898620605469e+01
-9.042584228515625000e+01,2.690247726440429688e+01
-9.042799377441406250e+01,2.690238189697265625e+01
-9.042799377441406250e+01,2.690313339233398438e+01
-9.042669677734375000e+01,2.690205192565917969e+01
-9.042560577392578125e+01,2.690239715576171875e+01
-9.042514801025390625e+01,2.690315628051757812e+01
-9.042839813232421875e+01,2.690187454223632812e+01
-9.042520141601562500e+01,2.690288352966308594e+01
-9.042675781250000000e+01,2.690164184570312500e+01
-9.042622375488281250e+01,2.690350532531738281e+01
-9.042667388916015625e+01,2.690269088745117188e+01
-9.042572784423828125e+01,2.690267562866210938e+01
-9.042903900146484375e+01,2.690193939208984375e+01
-9.042781829833984375e+01,2.690185165405273438e+01
-9.042544555664062500e+01,2.690254783630371094e+01
-9.042872619628906250e+01,2.690199851989746094e+01
-9.042669677734375000e+01,2.690206909179687500e+01
-9.042778778076171875e+01,2.690120315551757812e+01
-9.042709350585937500e+01,2.690329551696777344e+01
-9.042931365966796875e+01,2.690118408203125000e+01
-9.042844390869140625e+01,2.690325736999511719e+01
-9.042506408691406250e+01,2.690358924865722656e+01
-9.042669677734375000e+01,2.690374565124511719e+01
-9.042918395996093750e+01,2.690251159667968750e+01
-9.042665100097656250e+01,2.690275764465332031e+01
-9.042496490478515625e+01,2.690389251708984375e+01
-9.042889404296875000e+01,2.690255546569824219e+01
-9.042673492431640625e+01,2.690332984924316406e+01
-9.042506408691406250e+01,2.690415573120117188e+01
-9.042792510986328125e+01,2.690336418151855469e+01
-9.042883300781250000e+01,2.690199851989746094e+01
-9.042983245849609375e+01,2.690257453918457031e+01
-9.042891693115234375e+01,2.690310096740722656e+01
-9.042608642578125000e+01,2.690290451049804688e+01
-9.042914581298828125e+01,2.690247917175292969e+01
-9.042505645751953125e+01,2.690309715270996094e+01
-9.042612457275390625e+01,2.690353202819824219e+01
-9.042890167236328125e+01,2.690244865417480469e+01
-9.042578887939453125e+01,2.690349960327148438e+01
-9.042528533935546875e+01,2.690309524536132812e+01
-9.042488861083984375e+01,2.690431022644042969e+01
-9.042778778076171875e+01,2.690232467651367188e+01
-9.042953491210937500e+01,2.690266990661621094e+01
-9.042552947998046875e+01,2.690319633483886719e+01
-9.042627716064453125e+01,2.690373420715332031e+01
-9.042851257324218750e+01,2.690085983276367188e+01
-9.042672729492187500e+01,2.690340614318847656e+01
-9.042648315429687500e+01,2.690156173706054688e+01
-9.042793273925781250e+01,2.690316390991210938e+01
-9.042641448974609375e+01,2.690252876281738281e+01
-9.042623138427734375e+01,2.690322875976562500e+01
-9.042908477783203125e+01,2.690271949768066406e+01
-9.042745971679687500e+01,2.690163612365722656e+01
-9.042807006835937500e+01,2.690154266357421875e+01
-9.042937469482421875e+01,2.690250015258789062e+01
-9.042881011962890625e+01,2.690202331542968750e+01
-9.042638397216796875e+01,2.690368843078613281e+01
-9.042919921875000000e+01,2.690145874023437500e+01
-9.042677307128906250e+01,2.690278244018554688e+01
-9.042652130126953125e+01,2.690232276916503906e+01
-9.042977905273437500e+01,2.690136528015136719e+01
-9.042521667480468750e+01,2.690337371826171875e+01
-9.042525482177734375e+01,2.690402603149414062e+01
-9.042553710937500000e+01,2.690464019775390625e+01
-9.042791748046875000e+01,2.690160179138183594e+01
-9.042560577392578125e+01,2.690356254577636719e+01
-9.042835998535156250e+01,2.690380859375000000e+01
-9.042897796630859375e+01,2.690115737915039062e+01
-9.042954254150390625e+01,2.690186119079589844e+01
-9.042812347412109375e+01,2.690346717834472656e+01
-9.042981719970703125e+01,2.690141296386718750e+01
-9.042954254150390625e+01,2.690240287780761719e+01
-9.042560577392578125e+01,2.690448379516601562e+01
-9.042761230468750000e+01,2.690144157409667969e+01
-9.042608642578125000e+01,2.690349006652832031e+01
-9.042844390869140625e+01,2.690337371826171875e+01
-9.042863464355468750e+01,2.690127182006835938e+01
-9.042671203613281250e+01,2.690156173706054688e+01
-9.042599487304687500e+01,2.690416908264160156e+01
-9.042967987060546875e+01,2.690254402160644531e+01
-9.042722320556640625e+01,2.690216255187988281e+01
-9.042515563964843750e+01,2.690307044982910156e+01
-9.042847442626953125e+01,2.690119743347167969e+01
-9.042792510986328125e+01,2.690104675292968750e+01
-9.042774200439453125e+01,2.690213394165039062e+01
-9.042496490478515625e+01,2.690316772460937500e+01
-9.042774963378906250e+01,2.690285491943359375e+01
-9.042515563964843750e+01,2.690346145629882812e+01
-9.042976379394531250e+01,2.690148162841796875e+01
-9.042945098876953125e+01,2.690202140808105469e+01
-9.042517852783203125e+01,2.690380287170410156e+01
-9.042892456054687500e+01,2.690364074707031250e+01
-9.042921447753906250e+01,2.690206909179687500e+01
-9.042882537841796875e+01,2.690355491638183594e+01
-9.042638397216796875e+01,2.690348625183105469e+01
-9.042613220214843750e+01,2.690378379821777344e+01
-9.042651367187500000e+01,2.690338897705078125e+01
-9.042895507812500000e+01,2.690214538574218750e+01
-9.042831420898437500e+01,2.690345573425292969e+01
-9.042638397216796875e+01,2.690279388427734375e+01
-9.042910003662109375e+01,2.690231132507324219e+01
-9.042631530761718750e+01,2.690183258056640625e+01
-9.042871093750000000e+01,2.690350151062011719e+01
-9.042816162109375000e+01,2.690110015869140625e+01
-9.042871856689453125e+01,2.690206527709960938e+01
-9.042670440673828125e+01,2.690344047546386719e+01
-9.042770385742187500e+01,2.690195083618164062e+01
-9.042499542236328125e+01,2.690423393249511719e+01
-9.042961120605468750e+01,2.690295410156250000e+01
-9.042646789550781250e+01,2.690207481384277344e+01
-9.042545318603515625e+01,2.690325546264648438e+01
-9.042660522460937500e+01,2.690287971496582031e+01
-9.042955017089843750e+01,2.690249252319335938e+01
-9.042459869384765625e+01,2.690492057800292969e+01
-9.042549133300781250e+01,2.690467453002929688e+01
-9.042845153808593750e+01,2.690364456176757812e+01
-9.042657470703125000e+01,2.690342521667480469e+01
-9.042436981201171875e+01,2.690477180480957031e+01
-9.042555236816406250e+01,2.690256500244140625e+01
-9.042491149902343750e+01,2.690465927124023438e+01
-9.042779541015625000e+01,2.690231132507324219e+01
-9.042694854736328125e+01,2.690186309814453125e+01
-9.042520904541015625e+01,2.690319061279296875e+01
-9.042658996582031250e+01,2.690176200866699219e+01
-9.042629241943359375e+01,2.690202713012695312e+01
-9.042614746093750000e+01,2.690240478515625000e+01
-9.042792510986328125e+01,2.690156364440917969e+01
-9.042481994628906250e+01,2.690378761291503906e+01
-9.042930603027343750e+01,2.690225601196289062e+01
-9.042968750000000000e+01,2.690216064453125000e+01
-9.042824554443359375e+01,2.690182685852050781e+01
-9.042870330810546875e+01,2.690247154235839844e+01
-9.042874908447265625e+01,2.690277099609375000e+01
-9.042472076416015625e+01,2.690414810180664062e+01
-9.042832183837890625e+01,2.690085220336914062e+01
-9.042933654785156250e+01,2.690175247192382812e+01
-9.042595672607421875e+01,2.690314483642578125e+01
-9.042707061767578125e+01,2.690205001831054688e+01
-9.042468261718750000e+01,2.690436744689941406e+01
-9.042928314208984375e+01,2.690172958374023438e+01
-9.042652893066406250e+01,2.690275192260742188e+01
-9.042807769775390625e+01,2.690316200256347656e+01
-9.042974853515625000e+01,2.690173912048339844e+01
-9.042621612548828125e+01,2.690188026428222656e+01
-9.042650604248046875e+01,2.690260124206542969e+01
-9.042469787597656250e+01,2.690345764160156250e+01
-9.042821502685546875e+01,2.690318489074707031e+01
-9.042908477783203125e+01,2.690151405334472656e+01
-9.042536926269531250e+01,2.690366172790527344e+01
-9.042920684814453125e+01,2.690287590026855469e+01
-9.042625427246093750e+01,2.690325355529785156e+01
-9.042766571044921875e+01,2.690177917480468750e+01
-9.042565155029296875e+01,2.690229797363281250e+01
-9.042828369140625000e+01,2.690177726745605469e+01
-9.042528533935546875e+01,2.690337753295898438e+01
-9.042884063720703125e+01,2.690152168273925781e+01
-9.042657470703125000e+01,2.690217781066894531e+01
-9.042711639404296875e+01,2.690271759033203125e+01
-9.042562103271484375e+01,2.690401077270507812e+01
-9.042973327636718750e+01,2.690154075622558594e+01
-9.042687988281250000e+01,2.690152740478515625e+01
-9.042904663085937500e+01,2.690193748474121094e+01
-9.042756652832031250e+01,2.690236473083496094e+01
-9.042818450927734375e+01,2.690338134765625000e+01
-9.043009185791015625e+01,2.690228652954101562e+01
-9.042944335937500000e+01,2.690245246887207031e+01
-9.042520141601562500e+01,2.690428924560546875e+01
-9.042755126953125000e+01,2.690169143676757812e+01
-9.042753601074218750e+01,2.690247917175292969e+01
-9.042889404296875000e+01,2.690247726440429688e+01
-9.042849731445312500e+01,2.690191268920898438e+01
-9.042752838134765625e+01,2.690335845947265625e+01
-9.042792510986328125e+01,2.690199661254882812e+01
-9.042919921875000000e+01,2.690311622619628906e+01
-9.042894744873046875e+01,2.690184593200683594e+01
-9.042482757568359375e+01,2.690371513366699219e+01
-9.042477416992187500e+01,2.690399551391601562e+01
-9.042739105224609375e+01,2.690158271789550781e+01
-9.042565155029296875e+01,2.690442657470703125e+01
-9.042546081542968750e+01,2.690436935424804688e+01
-9.042679595947265625e+01,2.690188407897949219e+01
-9.042956542968750000e+01,2.690174293518066406e+01
-9.042884826660156250e+01,2.690309143066406250e+01
-9.042822265625000000e+01,2.690187644958496094e+01
-9.042964935302734375e+01,2.690160560607910156e+01
-9.042957305908203125e+01,2.690156745910644531e+01
-9.042593383789062500e+01,2.690302276611328125e+01
-9.042661285400390625e+01,2.690199279785156250e+01
-9.042743682861328125e+01,2.690335655212402344e+01
-9.042907714843750000e+01,2.690348052978515625e+01
-9.042646026611328125e+01,2.690208816528320312e+01
-9.042961883544921875e+01,2.690290832519531250e+01
-9.042780303955078125e+01,2.690255546569824219e+01
-9.042906188964843750e+01,2.690327262878417969e+01
-9.042779541015625000e+01,2.690251350402832031e+01
-9.042910003662109375e+01,2.690127944946289062e+01
-9.042775726318359375e+01,2.690250205993652344e+01
-9.042527770996093750e+01,2.690456008911132812e+01
-9.042461395263671875e+01,2.690393257141113281e+01
-9.042748260498046875e+01,2.690278625488281250e+01
-9.042878723144531250e+01,2.690301513671875000e+01
-9.042703247070312500e+01,2.690300369262695312e+01
-9.042898559570312500e+01,2.690158271789550781e+01
-9.042530059814453125e+01,2.690430641174316406e+01
-9.042891693115234375e+01,2.690252113342285156e+01
-9.042903137207031250e+01,2.690278053283691406e+01
-9.042899322509765625e+01,2.690280151367187500e+01
-9.042733001708984375e+01,2.690138053894042969e+01
-9.042492675781250000e+01,2.690410041809082031e+01
-9.042800903320312500e+01,2.690260887145996094e+01
-9.042934417724609375e+01,2.690086555480957031e+01
-9.042784118652343750e+01,2.690170669555664062e+01
-9.042563629150390625e+01,2.690360450744628906e+01
-9.042713928222656250e+01,2.690301704406738281e+01
-9.042655944824218750e+01,2.690215301513671875e+01
-9.042790985107421875e+01,2.690261268615722656e+01
-9.042927551269531250e+01,2.690173149108886719e+01
-9.042850494384765625e+01,2.690128326416015625e+01
-9.042823028564453125e+01,2.690194702148437500e+01
-9.042851257324218750e+01,2.690170097351074219e+01
-9.042825317382812500e+01,2.690196609497070312e+01
-9.042518615722656250e+01,2.690458488464355469e+01
-9.042600250244140625e+01,2.690406227111816406e+01
-9.042874145507812500e+01,2.690274238586425781e+01
-9.042655181884765625e+01,2.690214347839355469e+01
-9.042832946777343750e+01,2.690367698669433594e+01
-9.042638397216796875e+01,2.690254402160644531e+01
-9.042805480957031250e+01,2.690243148803710938e+01
-9.042621612548828125e+01,2.690237617492675781e+01
-9.043023681640625000e+01,2.690194892883300781e+01
-9.042575073242187500e+01,2.690263366699218750e+01
-9.042924499511718750e+01,2.690183258056640625e+01
-9.042989349365234375e+01,2.690173721313476562e+01
-9.042712402343750000e+01,2.690184783935546875e+01
-9.042829895019531250e+01,2.690189933776855469e+01
-9.042673492431640625e+01,2.690317344665527344e+01
-9.042923736572265625e+01,2.690336608886718750e+01
-9.042734527587890625e+01,2.690196990966796875e+01
-9.042810058593750000e+01,2.690158271789550781e+01
-9.042687988281250000e+01,2.690243721008300781e+01
-9.042626953125000000e+01,2.690284919738769531e+01
-9.042601776123046875e+01,2.690262031555175781e+01
-9.042576599121093750e+01,2.690320205688476562e+01
-9.042517089843750000e+01,2.690459060668945312e+01
-9.042907714843750000e+01,2.690091323852539062e+01
-9.042653656005859375e+01,2.690364456176757812e+01
-9.042918395996093750e+01,2.690354919433593750e+01
-9.042524719238281250e+01,2.690440177917480469e+01
-9.042857360839843750e+01,2.690362930297851562e+01
-9.042565155029296875e+01,2.690428733825683594e+01
-9.042964935302734375e+01,2.690127944946289062e+01
-9.042563629150390625e+01,2.690248870849609375e+01
-9.042611694335937500e+01,2.690324401855468750e+01
-9.042803192138671875e+01,2.690273094177246094e+01
-9.042765045166015625e+01,2.690211677551269531e+01
-9.042491149902343750e+01,2.690416145324707031e+01
-9.042878723144531250e+01,2.690367698669433594e+01
-9.042601776123046875e+01,2.690430831909179688e+01
-9.042861175537109375e+01,2.690274429321289062e+01
-9.042850494384765625e+01,2.690351295471191406e+01
-9.042558288574218750e+01,2.690264511108398438e+01
-9.042568969726562500e+01,2.690347862243652344e+01
-9.042539215087890625e+01,2.690376472473144531e+01
-9.042917633056640625e+01,2.690151596069335938e+01
-9.042440032958984375e+01,2.690495681762695312e+01
-9.042549896240234375e+01,2.690255928039550781e+01
-9.042848205566406250e+01,2.690100288391113281e+01
-9.042846679687500000e+01,2.690207099914550781e+01
-9.042546844482421875e+01,2.690418243408203125e+01
-9.042790222167968750e+01,2.690239143371582031e+01
-9.042688751220703125e+01,2.690344619750976562e+01
-9.042948150634765625e+01,2.690147781372070312e+01
-9.042510986328125000e+01,2.690319442749023438e+01
-9.042575836181640625e+01,2.690244483947753906e+01
-9.042493438720703125e+01,2.690359306335449219e+01
-9.042768859863281250e+01,2.690244102478027344e+01
-9.042518615722656250e+01,2.690363693237304688e+01
-9.042854309082031250e+01,2.690284919738769531e+01
-9.042769622802734375e+01,2.690273666381835938e+01
-9.042832183837890625e+01,2.690335083007812500e+01
-9.042732238769531250e+01,2.690349006652832031e+01
-9.042818450927734375e+01,2.690235519409179688e+01
-9.042802429199218750e+01,2.690291213989257812e+01
-9.042601776123046875e+01,2.690259933471679688e+01
-9.042922973632812500e+01,2.690317726135253906e+01
-9.042454528808593750e+01,2.690369415283203125e+01
-9.042757415771484375e+01,2.690334129333496094e+01
-9.042623901367187500e+01,2.690339660644531250e+01
-9.042903137207031250e+01,2.690187072753906250e+01
-9.042852020263671875e+01,2.690202903747558594e+01
-9.042957305908203125e+01,2.690135574340820312e+01
-9.042832946777343750e+01,2.690175628662109375e+01
-9.042564392089843750e+01,2.690431785583496094e+01
-9.042996978759765625e+01,2.690144729614257812e+01
-9.042765045166015625e+01,2.690230941772460938e+01
-9.042750549316406250e+01,2.690193748474121094e+01
-9.042798614501953125e+01,2.690135955810546875e+01
-9.042696380615234375e+01,2.690271568298339844e+01
-9.042845916748046875e+01,2.690153503417968750e+01
-9.042625427246093750e+01,2.690230560302734375e+01
-9.042694091796875000e+01,2.690365982055664062e+01
-9.042542266845703125e+01,2.690407752990722656e+01
-9.042596435546875000e+01,2.690216445922851562e+01
-9.042823791503906250e+01,2.690269279479980469e+01
-9.042819976806640625e+01,2.690188407897949219e+01
-9.042511749267578125e+01,2.690367889404296875e+01
-9.042503356933593750e+01,2.690399360656738281e+01
-9.042931365966796875e+01,2.690282249450683594e+01
-9.042976379394531250e+01,2.690126991271972656e+01
-9.042623138427734375e+01,2.690187835693359375e+01
-9.042551422119140625e+01,2.690345001220703125e+01
-9.042821502685546875e+01,2.690372467041015625e+01
-9.042704772949218750e+01,2.690158081054687500e+01
-9.042625427246093750e+01,2.690186882019042969e+01
-9.042735290527343750e+01,2.690110778808593750e+01
-9.042823791503906250e+01,2.690110015869140625e+01
-9.042506408691406250e+01,2.690355110168457031e+01
-9.042910003662109375e+01,2.690238189697265625e+01
-9.042462921142578125e+01,2.690448760986328125e+01
-9.042678070068359375e+01,2.690319252014160156e+01
-9.042626953125000000e+01,2.690260696411132812e+01
-9.042601776123046875e+01,2.690304946899414062e+01
-9.042631530761718750e+01,2.690212440490722656e+01
-9.042934417724609375e+01,2.690281105041503906e+01
-9.042624664306640625e+01,2.690371131896972656e+01
-9.042675018310546875e+01,2.690266609191894531e+01
-9.042958831787109375e+01,2.690261268615722656e+01
-9.042613220214843750e+01,2.690266227722167969e+01
-9.042796325683593750e+01,2.690106201171875000e+01
-9.042652130126953125e+01,2.690262031555175781e+01
-9.042698669433593750e+01,2.690196228027343750e+01
-9.042893218994140625e+01,2.690189170837402344e+01
-9.042887878417968750e+01,2.690118217468261719e+01
-9.042996215820312500e+01,2.690284538269042969e+01
-9.042818450927734375e+01,2.690225410461425781e+01
-9.042890167236328125e+01,2.690359115600585938e+01
-9.042859649658203125e+01,2.690351676940917969e+01
-9.042632293701171875e+01,2.690386772155761719e+01
-9.042615509033203125e+01,2.690326309204101562e+01
-9.042586517333984375e+01,2.690401077270507812e+01
-9.042559051513671875e+01,2.690457344055175781e+01
-9.042478942871093750e+01,2.690444755554199219e+01
-9.042876434326171875e+01,2.690372276306152344e+01
-9.042806243896484375e+01,2.690119361877441406e+01
-9.042601776123046875e+01,2.690312385559082031e+01
-9.042481994628906250e+01,2.690385818481445312e+01
-9.042572021484375000e+01,2.690395545959472656e+01
-9.042582702636718750e+01,2.690361213684082031e+01
-9.042765808105468750e+01,2.690190696716308594e+01
-9.042935943603515625e+01,2.690200042724609375e+01
-9.042910766601562500e+01,2.690161323547363281e+01
-9.042951965332031250e+01,2.690245628356933594e+01
-9.042937469482421875e+01,2.690182495117187500e+01
-9.042501831054687500e+01,2.690473556518554688e+01
-9.042625427246093750e+01,2.690258789062500000e+01
-9.042823791503906250e+01,2.690234947204589844e+01
-9.042549896240234375e+01,2.690291213989257812e+01
-9.042923736572265625e+01,2.690121841430664062e+01
-9.042676544189453125e+01,2.690177726745605469e+01
-9.042559051513671875e+01,2.690421867370605469e+01
-9.043016052246093750e+01,2.690235328674316406e+01
-9.042887878417968750e+01,2.690168762207031250e+01
-9.042556762695312500e+01,2.690458297729492188e+01
-9.042998504638671875e+01,2.690228843688964844e+01
-9.042632293701171875e+01,2.690259170532226562e+01
-9.042861938476562500e+01,2.690300559997558594e+01
-9.042546844482421875e+01,2.690298080444335938e+01
-9.042687225341796875e+01,2.690312576293945312e+01
-9.042858886718750000e+01,2.690224456787109375e+01
-9.042797088623046875e+01,2.690135383605957031e+01
-9.042616271972656250e+01,2.690269660949707031e+01
-9.042825317382812500e+01,2.690181541442871094e+01
-9.042549896240234375e+01,2.690314674377441406e+01
-9.042966461181640625e+01,2.690202331542968750e+01
-9.042665863037109375e+01,2.690257072448730469e+01
-9.042677307128906250e+01,2.690226554870605469e+01
-9.042707061767578125e+01,2.690119361877441406e+01
-9.042605590820312500e+01,2.690262603759765625e+01
-9.042462921142578125e+01,2.690366363525390625e+01
-9.042511749267578125e+01,2.690471267700195312e+01
-9.042942810058593750e+01,2.690271377563476562e+01
-9.042667388916015625e+01,2.690275764465332031e+01
-9.042890930175781250e+01,2.690335464477539062e+01
-9.042707061767578125e+01,2.690199279785156250e+01
-9.042700958251953125e+01,2.690331459045410156e+01
-9.042923736572265625e+01,2.690234565734863281e+01
-9.042849731445312500e+01,2.690333938598632812e+01
-9.042662811279296875e+01,2.690374755859375000e+01
-9.042883300781250000e+01,2.690287399291992188e+01
-9.042918395996093750e+01,2.690250587463378906e+01
-9.042573547363281250e+01,2.690451049804687500e+01
-9.042580413818359375e+01,2.690299987792968750e+01
-9.042872619628906250e+01,2.690251541137695312e+01
-9.042710876464843750e+01,2.690130615234375000e+01
-9.042739868164062500e+01,2.690334510803222656e+01
-9.042992401123046875e+01,2.690212249755859375e+01
-9.042556762695312500e+01,2.690384101867675781e+01
-9.042601776123046875e+01,2.690292358398437500e+01
-9.042604064941406250e+01,2.690279769897460938e+01
-9.042693328857421875e+01,2.690193939208984375e+01
-9.042829895019531250e+01,2.690348625183105469e+01
-9.042760467529296875e+01,2.690214157104492188e+01
-9.042867279052734375e+01,2.690098381042480469e+01
-9.042694854736328125e+01,2.690177345275878906e+01
-9.042974090576171875e+01,2.690190887451171875e+01
-9.042864990234375000e+01,2.690267562866210938e+01
-9.042732238769531250e+01,2.690164184570312500e+01
-9.042787170410156250e+01,2.690292358398437500e+01
-9.042620086669921875e+01,2.690222549438476562e+01
-9.042953491210937500e+01,2.690317916870117188e+01
-9.042941284179687500e+01,2.690233802795410156e+01
-9.042771911621093750e+01,2.690276336669921875e+01
-9.042658996582031250e+01,2.690323829650878906e+01
-9.042864227294921875e+01,2.690168762207031250e+01
-9.042591094970703125e+01,2.690328979492187500e+01
-9.042758178710937500e+01,2.690282440185546875e+01
-9.042940521240234375e+01,2.690160179138183594e+01
-9.042815399169921875e+01,2.690259170532226562e+01
-9.042514801025390625e+01,2.690356445312500000e+01
-9.042525482177734375e+01,2.690338516235351562e+01
-9.042899322509765625e+01,2.690212059020996094e+01
-9.042823791503906250e+01,2.690175247192382812e+01
-9.042818450927734375e+01,2.690187263488769531e+01
-9.042536926269531250e+01,2.690474128723144531e+01
-9.042956542968750000e+01,2.690294265747070312e+01
-9.042739105224609375e+01,2.690206146240234375e+01
-9.042678070068359375e+01,2.690149879455566406e+01
-9.042971801757812500e+01,2.690190887451171875e+01
-9.042864990234375000e+01,2.690325546264648438e+01
-9.042687225341796875e+01,2.690349578857421875e+01
-9.042569732666015625e+01,2.690242767333984375e+01
-9.042940521240234375e+01,2.690211677551269531e+01
-9.042895507812500000e+01,2.690110397338867188e+01
-9.042772674560546875e+01,2.690094757080078125e+01
-9.042768096923828125e+01,2.690331840515136719e+01
-9.042481231689453125e+01,2.690414428710937500e+01
-9.042858886718750000e+01,2.690300369262695312e+01
-9.042809295654296875e+01,2.690219306945800781e+01
-9.042604064941406250e+01,2.690266609191894531e+01
-9.042642211914062500e+01,2.690227699279785156e+01
-9.042834472656250000e+01,2.690094184875488281e+01
-9.042501068115234375e+01,2.690365028381347656e+01
-9.042784881591796875e+01,2.690317726135253906e+01
-9.042751312255859375e+01,2.690098381042480469e+01
-9.042757415771484375e+01,2.690205764770507812e+01
-9.042488098144531250e+01,2.690446090698242188e+01
-9.042835998535156250e+01,2.690367317199707031e+01
-9.042714691162109375e+01,2.690305137634277344e+01
-9.042906951904296875e+01,2.690164375305175781e+01
-9.042702484130859375e+01,2.690195846557617188e+01
-9.042984008789062500e+01,2.690115928649902344e+01
-9.042736816406250000e+01,2.690190505981445312e+01
-9.042568969726562500e+01,2.690385055541992188e+01
-9.042946624755859375e+01,2.690158653259277344e+01
-9.042848968505859375e+01,2.690307044982910156e+01
-9.042984008789062500e+01,2.690274810791015625e+01
-9.042610931396484375e+01,2.690265464782714844e+01
-9.042922210693359375e+01,2.690212821960449219e+01
-9.042939758300781250e+01,2.690309906005859375e+01
-9.042649078369140625e+01,2.690308952331542969e+01
-9.042778015136718750e+01,2.690251159667968750e+01
-9.042926025390625000e+01,2.690306472778320312e+01
-9.042714691162109375e+01,2.690239715576171875e+01
-9.042639160156250000e+01,2.690229225158691406e+01
-9.042613983154296875e+01,2.690230941772460938e+01
-9.042852020263671875e+01,2.690346336364746094e+01
-9.042811584472656250e+01,2.690169143676757812e+01
-9.042649078369140625e+01,2.690168952941894531e+01
-9.042660522460937500e+01,2.690351676940917969e+01
-9.042892456054687500e+01,2.690204811096191406e+01
-9.042984771728515625e+01,2.690212440490722656e+01
-9.042943572998046875e+01,2.690147590637207031e+01
-9.042592620849609375e+01,2.690323829650878906e+01
-9.042807769775390625e+01,2.690097045898437500e+01
-9.042955780029296875e+01,2.690293312072753906e+01
-9.042853546142578125e+01,2.690187644958496094e+01
-9.042845153808593750e+01,2.690119743347167969e+01
-9.042884063720703125e+01,2.690186882019042969e+01
-9.042945098876953125e+01,2.690301322937011719e+01
-9.042675781250000000e+01,2.690365791320800781e+01
-9.042881774902343750e+01,2.690221977233886719e+01
-9.042433929443359375e+01,2.690506362915039062e+01
-9.042765045166015625e+01,2.690151596069335938e+01
-9.042572784423828125e+01,2.690371322631835938e+01
-9.042731475830078125e+01,2.690249443054199219e+01
-9.042655944824218750e+01,2.690191078186035156e+01
-9.042834472656250000e+01,2.690280342102050781e+01
-9.042877197265625000e+01,2.690095329284667969e+01
-9.042585754394531250e+01,2.690241241455078125e+01
-9.042815399169921875e+01,2.690364837646484375e+01
-9.042807006835937500e+01,2.690264701843261719e+01
-9.042610168457031250e+01,2.690359115600585938e+01
-9.042982482910156250e+01,2.690207481384277344e+01
-9.042962646484375000e+01,2.690200042724609375e+01
-9.042944335937500000e+01,2.690307235717773438e+01
-9.042507934570312500e+01,2.690349197387695312e+01
-9.042655181884765625e+01,2.690188407897949219e+01
-9.042608642578125000e+01,2.690211868286132812e+01
-9.042457580566406250e+01,2.690419769287109375e+01
-9.042599487304687500e+01,2.690424919128417969e+01
-9.042474365234375000e+01,2.690352630615234375e+01
-9.042510986328125000e+01,2.690396118164062500e+01
-9.042934417724609375e+01,2.690285491943359375e+01
-9.043000030517578125e+01,2.690239715576171875e+01
-9.042929840087890625e+01,2.690201950073242188e+01
-9.042820739746093750e+01,2.690157508850097656e+01
-9.042669677734375000e+01,2.690162086486816406e+01
-9.042840576171875000e+01,2.690237808227539062e+01
-9.042623138427734375e+01,2.690335083007812500e+01
-9.042776489257812500e+01,2.690127182006835938e+01
-9.042857360839843750e+01,2.690121841430664062e+01
-9.042700195312500000e+01,2.690174293518066406e+01
-9.042816925048828125e+01,2.690366363525390625e+01
-9.042543792724609375e+01,2.690291976928710938e+01
-9.042951965332031250e+01,2.690308189392089844e+01
-9.042845916748046875e+01,2.690232658386230469e+01
-9.042485046386718750e+01,2.690419769287109375e+01
-9.042549133300781250e+01,2.690352058410644531e+01
-9.042819213867187500e+01,2.690377426147460938e+01
-9.042928314208984375e+01,2.690336227416992188e+01
-9.042568206787109375e+01,2.690294647216796875e+01
-9.042501831054687500e+01,2.690422821044921875e+01
-9.042684936523437500e+01,2.690192985534667969e+01
-9.042799377441406250e+01,2.690113830566406250e+01
-9.042811584472656250e+01,2.690350914001464844e+01
-9.042829895019531250e+01,2.690352058410644531e+01
-9.042840576171875000e+01,2.690283393859863281e+01
-9.042482757568359375e+01,2.690377044677734375e+01
-9.042617797851562500e+01,2.690281867980957031e+01
-9.042491149902343750e+01,2.690416336059570312e+01
-9.042833709716796875e+01,2.690236663818359375e+01
-9.042928314208984375e+01,2.690092849731445312e+01
-9.042501831054687500e+01,2.690452766418457031e+01
-9.042489624023437500e+01,2.690350341796875000e+01
-9.042604064941406250e+01,2.690196037292480469e+01
-9.042852020263671875e+01,2.690331077575683594e+01
-9.042735290527343750e+01,2.690237617492675781e+01
-9.042652130126953125e+01,2.690281486511230469e+01
-9.042771148681640625e+01,2.690146446228027344e+01
-9.042923736572265625e+01,2.690158271789550781e+01
-9.042749786376953125e+01,2.690270614624023438e+01
-9.042567443847656250e+01,2.690354156494140625e+01
-9.042594909667968750e+01,2.690405273437500000e+01
-9.042481231689453125e+01,2.690423583984375000e+01
-9.042839813232421875e+01,2.690309906005859375e+01
-9.042852020263671875e+01,2.690206527709960938e+01
-9.042642974853515625e+01,2.690322685241699219e+01
-9.042675018310546875e+01,2.690344429016113281e+01
-9.042867279052734375e+01,2.690348434448242188e+01
-9.042765808105468750e+01,2.690187263488769531e+01
-9.042924499511718750e+01,2.690237426757812500e+01
-9.042865753173828125e+01,2.690169906616210938e+01
-9.042919921875000000e+01,2.690107154846191406e+01
-9.042797851562500000e+01,2.690294456481933594e+01
-9.042729187011718750e+01,2.690198898315429688e+01
-9.042874908447265625e+01,2.690373992919921875e+01
-9.042775726318359375e+01,2.690158462524414062e+01
-9.042841339111328125e+01,2.690095138549804688e+01
-9.042488098144531250e+01,2.690423202514648438e+01
-9.042655181884765625e+01,2.690339279174804688e+01
-9.042522430419921875e+01,2.690446472167968750e+01
-9.042984771728515625e+01,2.690172386169433594e+01
-9.042476654052734375e+01,2.690386962890625000e+01
-9.042820739746093750e+01,2.690094947814941406e+01
-9.042472076416015625e+01,2.690430641174316406e+01
-9.042850494384765625e+01,2.690314674377441406e+01
-9.042767333984375000e+01,2.690295028686523438e+01
-9.042778015136718750e+01,2.690195083618164062e+01
-9.042726898193359375e+01,2.690292930603027344e+01
-9.042875671386718750e+01,2.690371704101562500e+01
-9.042600250244140625e+01,2.690236473083496094e+01
-9.042828369140625000e+01,2.690262222290039062e+01
-9.042691802978515625e+01,2.690287017822265625e+01
-9.042907714843750000e+01,2.690226936340332031e+01
-9.042620086669921875e+01,2.690402412414550781e+01
-9.042790985107421875e+01,2.690089797973632812e+01
-9.042450714111328125e+01,2.690402412414550781e+01
-9.042708587646484375e+01,2.690359687805175781e+01
-9.042578887939453125e+01,2.690264511108398438e+01
-9.042662811279296875e+01,2.690382957458496094e+01
-9.042749023437500000e+01,2.690274047851562500e+01
-9.042584991455078125e+01,2.690352630615234375e+01
-9.042740631103515625e+01,2.690188980102539062e+01
