a_fwd_F,b_bwd_point,c_member_support,m_margin,n,correct_attribution,truth_supported,false_accusation,no_accusation_when_present
0.0,0.0,0.0,1.0,23,0.5217391304347826,0.9565217391304348,0.782608695652174,0.0
0.0,0.0,0.0,1.25,23,0.13043478260869565,0.9565217391304348,0.391304347826087,0.0
0.0,0.0,0.0,1.5,23,0.08695652173913043,0.9565217391304348,0.30434782608695654,0.0
0.0,0.0,0.0,2.0,23,0.043478260869565216,0.9565217391304348,0.2608695652173913,0.0
0.0,0.0,0.0,3.0,23,0.043478260869565216,0.9565217391304348,0.17391304347826086,0.0
0.0,0.0,0.2,1.0,23,0.5217391304347826,0.9130434782608695,0.782608695652174,0.0
0.0,0.0,0.2,1.25,23,0.13043478260869565,0.9130434782608695,0.391304347826087,0.0
0.0,0.0,0.2,1.5,23,0.08695652173913043,0.9130434782608695,0.30434782608695654,0.0
0.0,0.0,0.2,2.0,23,0.043478260869565216,0.9130434782608695,0.2608695652173913,0.0
0.0,0.0,0.2,3.0,23,0.043478260869565216,0.9130434782608695,0.17391304347826086,0.0
0.0,0.0,0.33,1.0,23,0.4782608695652174,0.8695652173913043,0.782608695652174,0.0
0.0,0.0,0.33,1.25,23,0.08695652173913043,0.8695652173913043,0.391304347826087,0.0
0.0,0.0,0.33,1.5,23,0.08695652173913043,0.8695652173913043,0.30434782608695654,0.0
0.0,0.0,0.33,2.0,23,0.043478260869565216,0.8695652173913043,0.2608695652173913,0.0
0.0,0.0,0.33,3.0,23,0.043478260869565216,0.8695652173913043,0.17391304347826086,0.0
0.0,0.0,0.5,1.0,23,0.43478260869565216,0.6956521739130435,0.5652173913043478,0.13043478260869565
0.0,0.0,0.5,1.25,23,0.08695652173913043,0.6956521739130435,0.30434782608695654,0.13043478260869565
0.0,0.0,0.5,1.5,23,0.08695652173913043,0.6956521739130435,0.2608695652173913,0.13043478260869565
0.0,0.0,0.5,2.0,23,0.043478260869565216,0.6956521739130435,0.21739130434782608,0.13043478260869565
0.0,0.0,0.5,3.0,23,0.043478260869565216,0.6956521739130435,0.13043478260869565,0.13043478260869565
0.0,0.0,0.67,1.0,23,0.2608695652173913,0.391304347826087,0.43478260869565216,0.43478260869565216
0.0,0.0,0.67,1.25,23,0.08695652173913043,0.391304347826087,0.30434782608695654,0.43478260869565216
0.0,0.0,0.67,1.5,23,0.08695652173913043,0.391304347826087,0.21739130434782608,0.43478260869565216
0.0,0.0,0.67,2.0,23,0.043478260869565216,0.391304347826087,0.17391304347826086,0.43478260869565216
0.0,0.0,0.67,3.0,23,0.043478260869565216,0.391304347826087,0.08695652173913043,0.43478260869565216
0.0,0.05,0.0,1.0,23,0.5217391304347826,0.9565217391304348,0.7391304347826086,0.0
0.0,0.05,0.0,1.25,23,0.13043478260869565,0.9565217391304348,0.34782608695652173,0.0
0.0,0.05,0.0,1.5,23,0.08695652173913043,0.9565217391304348,0.2608695652173913,0.0
0.0,0.05,0.0,2.0,23,0.043478260869565216,0.9565217391304348,0.21739130434782608,0.0
0.0,0.05,0.0,3.0,23,0.043478260869565216,0.9565217391304348,0.13043478260869565,0.0
0.0,0.05,0.2,1.0,23,0.5217391304347826,0.9130434782608695,0.7391304347826086,0.0
0.0,0.05,0.2,1.25,23,0.13043478260869565,0.9130434782608695,0.34782608695652173,0.0
0.0,0.05,0.2,1.5,23,0.08695652173913043,0.9130434782608695,0.2608695652173913,0.0
0.0,0.05,0.2,2.0,23,0.043478260869565216,0.9130434782608695,0.21739130434782608,0.0
0.0,0.05,0.2,3.0,23,0.043478260869565216,0.9130434782608695,0.13043478260869565,0.0
0.0,0.05,0.33,1.0,23,0.4782608695652174,0.8695652173913043,0.7391304347826086,0.0
0.0,0.05,0.33,1.25,23,0.08695652173913043,0.8695652173913043,0.34782608695652173,0.0
0.0,0.05,0.33,1.5,23,0.08695652173913043,0.8695652173913043,0.2608695652173913,0.0
0.0,0.05,0.33,2.0,23,0.043478260869565216,0.8695652173913043,0.21739130434782608,0.0
0.0,0.05,0.33,3.0,23,0.043478260869565216,0.8695652173913043,0.13043478260869565,0.0
0.0,0.05,0.5,1.0,23,0.43478260869565216,0.6956521739130435,0.5652173913043478,0.17391304347826086
0.0,0.05,0.5,1.25,23,0.08695652173913043,0.6956521739130435,0.30434782608695654,0.17391304347826086
0.0,0.05,0.5,1.5,23,0.08695652173913043,0.6956521739130435,0.2608695652173913,0.17391304347826086
0.0,0.05,0.5,2.0,23,0.043478260869565216,0.6956521739130435,0.21739130434782608,0.17391304347826086
0.0,0.05,0.5,3.0,23,0.043478260869565216,0.6956521739130435,0.13043478260869565,0.17391304347826086
0.0,0.05,0.67,1.0,23,0.2608695652173913,0.391304347826087,0.43478260869565216,0.43478260869565216
0.0,0.05,0.67,1.25,23,0.08695652173913043,0.391304347826087,0.30434782608695654,0.43478260869565216
0.0,0.05,0.67,1.5,23,0.08695652173913043,0.391304347826087,0.21739130434782608,0.43478260869565216
0.0,0.05,0.67,2.0,23,0.043478260869565216,0.391304347826087,0.17391304347826086,0.43478260869565216
0.0,0.05,0.67,3.0,23,0.043478260869565216,0.391304347826087,0.08695652173913043,0.43478260869565216
0.0,0.135,0.0,1.0,23,0.5217391304347826,0.9565217391304348,0.7391304347826086,0.0
0.0,0.135,0.0,1.25,23,0.13043478260869565,0.9565217391304348,0.34782608695652173,0.0
0.0,0.135,0.0,1.5,23,0.08695652173913043,0.9565217391304348,0.2608695652173913,0.0
0.0,0.135,0.0,2.0,23,0.043478260869565216,0.9565217391304348,0.21739130434782608,0.0
0.0,0.135,0.0,3.0,23,0.043478260869565216,0.9565217391304348,0.13043478260869565,0.0
0.0,0.135,0.2,1.0,23,0.5217391304347826,0.9130434782608695,0.7391304347826086,0.0
0.0,0.135,0.2,1.25,23,0.13043478260869565,0.9130434782608695,0.34782608695652173,0.0
0.0,0.135,0.2,1.5,23,0.08695652173913043,0.9130434782608695,0.2608695652173913,0.0
0.0,0.135,0.2,2.0,23,0.043478260869565216,0.9130434782608695,0.21739130434782608,0.0
0.0,0.135,0.2,3.0,23,0.043478260869565216,0.9130434782608695,0.13043478260869565,0.0
0.0,0.135,0.33,1.0,23,0.4782608695652174,0.8695652173913043,0.7391304347826086,0.0
0.0,0.135,0.33,1.25,23,0.08695652173913043,0.8695652173913043,0.34782608695652173,0.0
0.0,0.135,0.33,1.5,23,0.08695652173913043,0.8695652173913043,0.2608695652173913,0.0
0.0,0.135,0.33,2.0,23,0.043478260869565216,0.8695652173913043,0.21739130434782608,0.0
0.0,0.135,0.33,3.0,23,0.043478260869565216,0.8695652173913043,0.13043478260869565,0.0
0.0,0.135,0.5,1.0,23,0.43478260869565216,0.6956521739130435,0.5652173913043478,0.17391304347826086
0.0,0.135,0.5,1.25,23,0.08695652173913043,0.6956521739130435,0.30434782608695654,0.17391304347826086
0.0,0.135,0.5,1.5,23,0.08695652173913043,0.6956521739130435,0.2608695652173913,0.17391304347826086
0.0,0.135,0.5,2.0,23,0.043478260869565216,0.6956521739130435,0.21739130434782608,0.17391304347826086
0.0,0.135,0.5,3.0,23,0.043478260869565216,0.6956521739130435,0.13043478260869565,0.17391304347826086
0.0,0.135,0.67,1.0,23,0.2608695652173913,0.391304347826087,0.43478260869565216,0.43478260869565216
0.0,0.135,0.67,1.25,23,0.08695652173913043,0.391304347826087,0.30434782608695654,0.43478260869565216
0.0,0.135,0.67,1.5,23,0.08695652173913043,0.391304347826087,0.21739130434782608,0.43478260869565216
0.0,0.135,0.67,2.0,23,0.043478260869565216,0.391304347826087,0.17391304347826086,0.43478260869565216
0.0,0.135,0.67,3.0,23,0.043478260869565216,0.391304347826087,0.08695652173913043,0.43478260869565216
0.0,0.3,0.0,1.0,23,0.5652173913043478,0.9130434782608695,0.6521739130434783,0.0
0.0,0.3,0.0,1.25,23,0.13043478260869565,0.9130434782608695,0.2608695652173913,0.0
0.0,0.3,0.0,1.5,23,0.08695652173913043,0.9130434782608695,0.21739130434782608,0.0
0.0,0.3,0.0,2.0,23,0.043478260869565216,0.9130434782608695,0.21739130434782608,0.0
0.0,0.3,0.0,3.0,23,0.043478260869565216,0.9130434782608695,0.13043478260869565,0.0
0.0,0.3,0.2,1.0,23,0.5652173913043478,0.8695652173913043,0.6521739130434783,0.0
0.0,0.3,0.2,1.25,23,0.13043478260869565,0.8695652173913043,0.2608695652173913,0.0
0.0,0.3,0.2,1.5,23,0.08695652173913043,0.8695652173913043,0.21739130434782608,0.0
0.0,0.3,0.2,2.0,23,0.043478260869565216,0.8695652173913043,0.21739130434782608,0.0
0.0,0.3,0.2,3.0,23,0.043478260869565216,0.8695652173913043,0.13043478260869565,0.0
0.0,0.3,0.33,1.0,23,0.5217391304347826,0.8260869565217391,0.6521739130434783,0.0
0.0,0.3,0.33,1.25,23,0.08695652173913043,0.8260869565217391,0.2608695652173913,0.0
0.0,0.3,0.33,1.5,23,0.08695652173913043,0.8260869565217391,0.21739130434782608,0.0
0.0,0.3,0.33,2.0,23,0.043478260869565216,0.8260869565217391,0.21739130434782608,0.0
0.0,0.3,0.33,3.0,23,0.043478260869565216,0.8260869565217391,0.13043478260869565,0.0
0.0,0.3,0.5,1.0,23,0.43478260869565216,0.6521739130434783,0.5217391304347826,0.21739130434782608
0.0,0.3,0.5,1.25,23,0.08695652173913043,0.6521739130434783,0.2608695652173913,0.21739130434782608
0.0,0.3,0.5,1.5,23,0.08695652173913043,0.6521739130434783,0.21739130434782608,0.21739130434782608
0.0,0.3,0.5,2.0,23,0.043478260869565216,0.6521739130434783,0.21739130434782608,0.21739130434782608
0.0,0.3,0.5,3.0,23,0.043478260869565216,0.6521739130434783,0.13043478260869565,0.21739130434782608
0.0,0.3,0.67,1.0,23,0.2608695652173913,0.34782608695652173,0.391304347826087,0.4782608695652174
0.0,0.3,0.67,1.25,23,0.08695652173913043,0.34782608695652173,0.2608695652173913,0.4782608695652174
0.0,0.3,0.67,1.5,23,0.08695652173913043,0.34782608695652173,0.17391304347826086,0.4782608695652174
0.0,0.3,0.67,2.0,23,0.043478260869565216,0.34782608695652173,0.17391304347826086,0.4782608695652174
0.0,0.3,0.67,3.0,23,0.043478260869565216,0.34782608695652173,0.08695652173913043,0.4782608695652174
0.0,0.5,0.0,1.0,23,0.5652173913043478,0.8695652173913043,0.6521739130434783,0.043478260869565216
0.0,0.5,0.0,1.25,23,0.13043478260869565,0.8695652173913043,0.21739130434782608,0.043478260869565216
0.0,0.5,0.0,1.5,23,0.08695652173913043,0.8695652173913043,0.17391304347826086,0.043478260869565216
0.0,0.5,0.0,2.0,23,0.043478260869565216,0.8695652173913043,0.17391304347826086,0.043478260869565216
0.0,0.5,0.0,3.0,23,0.043478260869565216,0.8695652173913043,0.13043478260869565,0.043478260869565216
0.0,0.5,0.2,1.0,23,0.5652173913043478,0.8260869565217391,0.6521739130434783,0.043478260869565216
0.0,0.5,0.2,1.25,23,0.13043478260869565,0.8260869565217391,0.21739130434782608,0.043478260869565216
0.0,0.5,0.2,1.5,23,0.08695652173913043,0.8260869565217391,0.17391304347826086,0.043478260869565216
0.0,0.5,0.2,2.0,23,0.043478260869565216,0.8260869565217391,0.17391304347826086,0.043478260869565216
0.0,0.5,0.2,3.0,23,0.043478260869565216,0.8260869565217391,0.13043478260869565,0.043478260869565216
0.0,0.5,0.33,1.0,23,0.5217391304347826,0.782608695652174,0.6521739130434783,0.043478260869565216
0.0,0.5,0.33,1.25,23,0.08695652173913043,0.782608695652174,0.21739130434782608,0.043478260869565216
0.0,0.5,0.33,1.5,23,0.08695652173913043,0.782608695652174,0.17391304347826086,0.043478260869565216
0.0,0.5,0.33,2.0,23,0.043478260869565216,0.782608695652174,0.17391304347826086,0.043478260869565216
0.0,0.5,0.33,3.0,23,0.043478260869565216,0.782608695652174,0.13043478260869565,0.043478260869565216
0.0,0.5,0.5,1.0,23,0.43478260869565216,0.6086956521739131,0.43478260869565216,0.21739130434782608
0.0,0.5,0.5,1.25,23,0.08695652173913043,0.6086956521739131,0.21739130434782608,0.21739130434782608
0.0,0.5,0.5,1.5,23,0.08695652173913043,0.6086956521739131,0.17391304347826086,0.21739130434782608
0.0,0.5,0.5,2.0,23,0.043478260869565216,0.6086956521739131,0.17391304347826086,0.21739130434782608
0.0,0.5,0.5,3.0,23,0.043478260869565216,0.6086956521739131,0.13043478260869565,0.21739130434782608
0.0,0.5,0.67,1.0,23,0.2608695652173913,0.30434782608695654,0.30434782608695654,0.5217391304347826
0.0,0.5,0.67,1.25,23,0.08695652173913043,0.30434782608695654,0.21739130434782608,0.5217391304347826
0.0,0.5,0.67,1.5,23,0.08695652173913043,0.30434782608695654,0.13043478260869565,0.5217391304347826
0.0,0.5,0.67,2.0,23,0.043478260869565216,0.30434782608695654,0.13043478260869565,0.5217391304347826
0.0,0.5,0.67,3.0,23,0.043478260869565216,0.30434782608695654,0.08695652173913043,0.5217391304347826
0.0,0.7,0.0,1.0,23,0.391304347826087,0.5652173913043478,0.30434782608695654,0.2608695652173913
0.0,0.7,0.0,1.25,23,0.08695652173913043,0.5652173913043478,0.043478260869565216,0.2608695652173913
0.0,0.7,0.0,1.5,23,0.043478260869565216,0.5652173913043478,0.043478260869565216,0.2608695652173913
0.0,0.7,0.0,2.0,23,0.0,0.5652173913043478,0.043478260869565216,0.2608695652173913
0.0,0.7,0.0,3.0,23,0.0,0.5652173913043478,0.043478260869565216,0.2608695652173913
0.0,0.7,0.2,1.0,23,0.391304347826087,0.5217391304347826,0.30434782608695654,0.391304347826087
0.0,0.7,0.2,1.25,23,0.08695652173913043,0.5217391304347826,0.043478260869565216,0.391304347826087
0.0,0.7,0.2,1.5,23,0.043478260869565216,0.5217391304347826,0.043478260869565216,0.391304347826087
0.0,0.7,0.2,2.0,23,0.0,0.5217391304347826,0.043478260869565216,0.391304347826087
0.0,0.7,0.2,3.0,23,0.0,0.5217391304347826,0.043478260869565216,0.391304347826087
0.0,0.7,0.33,1.0,23,0.34782608695652173,0.4782608695652174,0.30434782608695654,0.43478260869565216
0.0,0.7,0.33,1.25,23,0.043478260869565216,0.4782608695652174,0.043478260869565216,0.43478260869565216
0.0,0.7,0.33,1.5,23,0.043478260869565216,0.4782608695652174,0.043478260869565216,0.43478260869565216
0.0,0.7,0.33,2.0,23,0.0,0.4782608695652174,0.043478260869565216,0.43478260869565216
0.0,0.7,0.33,3.0,23,0.0,0.4782608695652174,0.043478260869565216,0.43478260869565216
0.0,0.7,0.5,1.0,23,0.30434782608695654,0.391304347826087,0.21739130434782608,0.5652173913043478
0.0,0.7,0.5,1.25,23,0.043478260869565216,0.391304347826087,0.043478260869565216,0.5652173913043478
0.0,0.7,0.5,1.5,23,0.043478260869565216,0.391304347826087,0.043478260869565216,0.5652173913043478
0.0,0.7,0.5,2.0,23,0.0,0.391304347826087,0.043478260869565216,0.5652173913043478
0.0,0.7,0.5,3.0,23,0.0,0.391304347826087,0.043478260869565216,0.5652173913043478
0.0,0.7,0.67,1.0,23,0.13043478260869565,0.13043478260869565,0.08695652173913043,0.8695652173913043
0.0,0.7,0.67,1.25,23,0.043478260869565216,0.13043478260869565,0.0,0.8695652173913043
0.0,0.7,0.67,1.5,23,0.043478260869565216,0.13043478260869565,0.0,0.8695652173913043
0.0,0.7,0.67,2.0,23,0.0,0.13043478260869565,0.0,0.8695652173913043
0.0,0.7,0.67,3.0,23,0.0,0.13043478260869565,0.0,0.8695652173913043
0.05,0.0,0.0,1.0,23,0.5217391304347826,0.9130434782608695,0.782608695652174,0.0
0.05,0.0,0.0,1.25,23,0.13043478260869565,0.9130434782608695,0.391304347826087,0.0
0.05,0.0,0.0,1.5,23,0.08695652173913043,0.9130434782608695,0.30434782608695654,0.0
0.05,0.0,0.0,2.0,23,0.043478260869565216,0.9130434782608695,0.2608695652173913,0.0
0.05,0.0,0.0,3.0,23,0.043478260869565216,0.9130434782608695,0.17391304347826086,0.0
0.05,0.0,0.2,1.0,23,0.5217391304347826,0.9130434782608695,0.782608695652174,0.0
0.05,0.0,0.2,1.25,23,0.13043478260869565,0.9130434782608695,0.391304347826087,0.0
0.05,0.0,0.2,1.5,23,0.08695652173913043,0.9130434782608695,0.30434782608695654,0.0
0.05,0.0,0.2,2.0,23,0.043478260869565216,0.9130434782608695,0.2608695652173913,0.0
0.05,0.0,0.2,3.0,23,0.043478260869565216,0.9130434782608695,0.17391304347826086,0.0
0.05,0.0,0.33,1.0,23,0.4782608695652174,0.8695652173913043,0.782608695652174,0.0
0.05,0.0,0.33,1.25,23,0.08695652173913043,0.8695652173913043,0.391304347826087,0.0
0.05,0.0,0.33,1.5,23,0.08695652173913043,0.8695652173913043,0.30434782608695654,0.0
0.05,0.0,0.33,2.0,23,0.043478260869565216,0.8695652173913043,0.2608695652173913,0.0
0.05,0.0,0.33,3.0,23,0.043478260869565216,0.8695652173913043,0.17391304347826086,0.0
0.05,0.0,0.5,1.0,23,0.43478260869565216,0.6956521739130435,0.5652173913043478,0.13043478260869565
0.05,0.0,0.5,1.25,23,0.08695652173913043,0.6956521739130435,0.30434782608695654,0.13043478260869565
0.05,0.0,0.5,1.5,23,0.08695652173913043,0.6956521739130435,0.2608695652173913,0.13043478260869565
0.05,0.0,0.5,2.0,23,0.043478260869565216,0.6956521739130435,0.21739130434782608,0.13043478260869565
0.05,0.0,0.5,3.0,23,0.043478260869565216,0.6956521739130435,0.13043478260869565,0.13043478260869565
0.05,0.0,0.67,1.0,23,0.2608695652173913,0.391304347826087,0.43478260869565216,0.43478260869565216
0.05,0.0,0.67,1.25,23,0.08695652173913043,0.391304347826087,0.30434782608695654,0.43478260869565216
0.05,0.0,0.67,1.5,23,0.08695652173913043,0.391304347826087,0.21739130434782608,0.43478260869565216
0.05,0.0,0.67,2.0,23,0.043478260869565216,0.391304347826087,0.17391304347826086,0.43478260869565216
0.05,0.0,0.67,3.0,23,0.043478260869565216,0.391304347826087,0.08695652173913043,0.43478260869565216
0.05,0.05,0.0,1.0,23,0.5217391304347826,0.9130434782608695,0.7391304347826086,0.0
0.05,0.05,0.0,1.25,23,0.13043478260869565,0.9130434782608695,0.34782608695652173,0.0
0.05,0.05,0.0,1.5,23,0.08695652173913043,0.9130434782608695,0.2608695652173913,0.0
0.05,0.05,0.0,2.0,23,0.043478260869565216,0.9130434782608695,0.21739130434782608,0.0
0.05,0.05,0.0,3.0,23,0.043478260869565216,0.9130434782608695,0.13043478260869565,0.0
0.05,0.05,0.2,1.0,23,0.5217391304347826,0.9130434782608695,0.7391304347826086,0.0
0.05,0.05,0.2,1.25,23,0.13043478260869565,0.9130434782608695,0.34782608695652173,0.0
0.05,0.05,0.2,1.5,23,0.08695652173913043,0.9130434782608695,0.2608695652173913,0.0
0.05,0.05,0.2,2.0,23,0.043478260869565216,0.9130434782608695,0.21739130434782608,0.0
0.05,0.05,0.2,3.0,23,0.043478260869565216,0.9130434782608695,0.13043478260869565,0.0
0.05,0.05,0.33,1.0,23,0.4782608695652174,0.8695652173913043,0.7391304347826086,0.0
0.05,0.05,0.33,1.25,23,0.08695652173913043,0.8695652173913043,0.34782608695652173,0.0
0.05,0.05,0.33,1.5,23,0.08695652173913043,0.8695652173913043,0.2608695652173913,0.0
0.05,0.05,0.33,2.0,23,0.043478260869565216,0.8695652173913043,0.21739130434782608,0.0
0.05,0.05,0.33,3.0,23,0.043478260869565216,0.8695652173913043,0.13043478260869565,0.0
0.05,0.05,0.5,1.0,23,0.43478260869565216,0.6956521739130435,0.5652173913043478,0.17391304347826086
0.05,0.05,0.5,1.25,23,0.08695652173913043,0.6956521739130435,0.30434782608695654,0.17391304347826086
0.05,0.05,0.5,1.5,23,0.08695652173913043,0.6956521739130435,0.2608695652173913,0.17391304347826086
0.05,0.05,0.5,2.0,23,0.043478260869565216,0.6956521739130435,0.21739130434782608,0.17391304347826086
0.05,0.05,0.5,3.0,23,0.043478260869565216,0.6956521739130435,0.13043478260869565,0.17391304347826086
0.05,0.05,0.67,1.0,23,0.2608695652173913,0.391304347826087,0.43478260869565216,0.43478260869565216
0.05,0.05,0.67,1.25,23,0.08695652173913043,0.391304347826087,0.30434782608695654,0.43478260869565216
0.05,0.05,0.67,1.5,23,0.08695652173913043,0.391304347826087,0.21739130434782608,0.43478260869565216
0.05,0.05,0.67,2.0,23,0.043478260869565216,0.391304347826087,0.17391304347826086,0.43478260869565216
0.05,0.05,0.67,3.0,23,0.043478260869565216,0.391304347826087,0.08695652173913043,0.43478260869565216
0.05,0.135,0.0,1.0,23,0.5217391304347826,0.9130434782608695,0.7391304347826086,0.0
0.05,0.135,0.0,1.25,23,0.13043478260869565,0.9130434782608695,0.34782608695652173,0.0
0.05,0.135,0.0,1.5,23,0.08695652173913043,0.9130434782608695,0.2608695652173913,0.0
0.05,0.135,0.0,2.0,23,0.043478260869565216,0.9130434782608695,0.21739130434782608,0.0
0.05,0.135,0.0,3.0,23,0.043478260869565216,0.9130434782608695,0.13043478260869565,0.0
0.05,0.135,0.2,1.0,23,0.5217391304347826,0.9130434782608695,0.7391304347826086,0.0
0.05,0.135,0.2,1.25,23,0.13043478260869565,0.9130434782608695,0.34782608695652173,0.0
0.05,0.135,0.2,1.5,23,0.08695652173913043,0.9130434782608695,0.2608695652173913,0.0
0.05,0.135,0.2,2.0,23,0.043478260869565216,0.9130434782608695,0.21739130434782608,0.0
0.05,0.135,0.2,3.0,23,0.043478260869565216,0.9130434782608695,0.13043478260869565,0.0
0.05,0.135,0.33,1.0,23,0.4782608695652174,0.8695652173913043,0.7391304347826086,0.0
0.05,0.135,0.33,1.25,23,0.08695652173913043,0.8695652173913043,0.34782608695652173,0.0
0.05,0.135,0.33,1.5,23,0.08695652173913043,0.8695652173913043,0.2608695652173913,0.0
0.05,0.135,0.33,2.0,23,0.043478260869565216,0.8695652173913043,0.21739130434782608,0.0
0.05,0.135,0.33,3.0,23,0.043478260869565216,0.8695652173913043,0.13043478260869565,0.0
0.05,0.135,0.5,1.0,23,0.43478260869565216,0.6956521739130435,0.5652173913043478,0.17391304347826086
0.05,0.135,0.5,1.25,23,0.08695652173913043,0.6956521739130435,0.30434782608695654,0.17391304347826086
0.05,0.135,0.5,1.5,23,0.08695652173913043,0.6956521739130435,0.2608695652173913,0.17391304347826086
0.05,0.135,0.5,2.0,23,0.043478260869565216,0.6956521739130435,0.21739130434782608,0.17391304347826086
0.05,0.135,0.5,3.0,23,0.043478260869565216,0.6956521739130435,0.13043478260869565,0.17391304347826086
0.05,0.135,0.67,1.0,23,0.2608695652173913,0.391304347826087,0.43478260869565216,0.43478260869565216
0.05,0.135,0.67,1.25,23,0.08695652173913043,0.391304347826087,0.30434782608695654,0.43478260869565216
0.05,0.135,0.67,1.5,23,0.08695652173913043,0.391304347826087,0.21739130434782608,0.43478260869565216
0.05,0.135,0.67,2.0,23,0.043478260869565216,0.391304347826087,0.17391304347826086,0.43478260869565216
0.05,0.135,0.67,3.0,23,0.043478260869565216,0.391304347826087,0.08695652173913043,0.43478260869565216
0.05,0.3,0.0,1.0,23,0.5652173913043478,0.8695652173913043,0.6521739130434783,0.0
0.05,0.3,0.0,1.25,23,0.13043478260869565,0.8695652173913043,0.2608695652173913,0.0
0.05,0.3,0.0,1.5,23,0.08695652173913043,0.8695652173913043,0.21739130434782608,0.0
0.05,0.3,0.0,2.0,23,0.043478260869565216,0.8695652173913043,0.21739130434782608,0.0
0.05,0.3,0.0,3.0,23,0.043478260869565216,0.8695652173913043,0.13043478260869565,0.0
0.05,0.3,0.2,1.0,23,0.5652173913043478,0.8695652173913043,0.6521739130434783,0.0
0.05,0.3,0.2,1.25,23,0.13043478260869565,0.8695652173913043,0.2608695652173913,0.0
0.05,0.3,0.2,1.5,23,0.08695652173913043,0.8695652173913043,0.21739130434782608,0.0
0.05,0.3,0.2,2.0,23,0.043478260869565216,0.8695652173913043,0.21739130434782608,0.0
0.05,0.3,0.2,3.0,23,0.043478260869565216,0.8695652173913043,0.13043478260869565,0.0
0.05,0.3,0.33,1.0,23,0.5217391304347826,0.8260869565217391,0.6521739130434783,0.0
0.05,0.3,0.33,1.25,23,0.08695652173913043,0.8260869565217391,0.2608695652173913,0.0
0.05,0.3,0.33,1.5,23,0.08695652173913043,0.8260869565217391,0.21739130434782608,0.0
0.05,0.3,0.33,2.0,23,0.043478260869565216,0.8260869565217391,0.21739130434782608,0.0
0.05,0.3,0.33,3.0,23,0.043478260869565216,0.8260869565217391,0.13043478260869565,0.0
0.05,0.3,0.5,1.0,23,0.43478260869565216,0.6521739130434783,0.5217391304347826,0.21739130434782608
0.05,0.3,0.5,1.25,23,0.08695652173913043,0.6521739130434783,0.2608695652173913,0.21739130434782608
0.05,0.3,0.5,1.5,23,0.08695652173913043,0.6521739130434783,0.21739130434782608,0.21739130434782608
0.05,0.3,0.5,2.0,23,0.043478260869565216,0.6521739130434783,0.21739130434782608,0.21739130434782608
0.05,0.3,0.5,3.0,23,0.043478260869565216,0.6521739130434783,0.13043478260869565,0.21739130434782608
0.05,0.3,0.67,1.0,23,0.2608695652173913,0.34782608695652173,0.391304347826087,0.4782608695652174
0.05,0.3,0.67,1.25,23,0.08695652173913043,0.34782608695652173,0.2608695652173913,0.4782608695652174
0.05,0.3,0.67,1.5,23,0.08695652173913043,0.34782608695652173,0.17391304347826086,0.4782608695652174
0.05,0.3,0.67,2.0,23,0.043478260869565216,0.34782608695652173,0.17391304347826086,0.4782608695652174
0.05,0.3,0.67,3.0,23,0.043478260869565216,0.34782608695652173,0.08695652173913043,0.4782608695652174
0.05,0.5,0.0,1.0,23,0.5652173913043478,0.8260869565217391,0.6521739130434783,0.043478260869565216
0.05,0.5,0.0,1.25,23,0.13043478260869565,0.8260869565217391,0.21739130434782608,0.043478260869565216
0.05,0.5,0.0,1.5,23,0.08695652173913043,0.8260869565217391,0.17391304347826086,0.043478260869565216
0.05,0.5,0.0,2.0,23,0.043478260869565216,0.8260869565217391,0.17391304347826086,0.043478260869565216
0.05,0.5,0.0,3.0,23,0.043478260869565216,0.8260869565217391,0.13043478260869565,0.043478260869565216
0.05,0.5,0.2,1.0,23,0.5652173913043478,0.8260869565217391,0.6521739130434783,0.043478260869565216
0.05,0.5,0.2,1.25,23,0.13043478260869565,0.8260869565217391,0.21739130434782608,0.043478260869565216
0.05,0.5,0.2,1.5,23,0.08695652173913043,0.8260869565217391,0.17391304347826086,0.043478260869565216
0.05,0.5,0.2,2.0,23,0.043478260869565216,0.8260869565217391,0.17391304347826086,0.043478260869565216
0.05,0.5,0.2,3.0,23,0.043478260869565216,0.8260869565217391,0.13043478260869565,0.043478260869565216
0.05,0.5,0.33,1.0,23,0.5217391304347826,0.782608695652174,0.6521739130434783,0.043478260869565216
0.05,0.5,0.33,1.25,23,0.08695652173913043,0.782608695652174,0.21739130434782608,0.043478260869565216
0.05,0.5,0.33,1.5,23,0.08695652173913043,0.782608695652174,0.17391304347826086,0.043478260869565216
0.05,0.5,0.33,2.0,23,0.043478260869565216,0.782608695652174,0.17391304347826086,0.043478260869565216
0.05,0.5,0.33,3.0,23,0.043478260869565216,0.782608695652174,0.13043478260869565,0.043478260869565216
0.05,0.5,0.5,1.0,23,0.43478260869565216,0.6086956521739131,0.43478260869565216,0.21739130434782608
0.05,0.5,0.5,1.25,23,0.08695652173913043,0.6086956521739131,0.21739130434782608,0.21739130434782608
0.05,0.5,0.5,1.5,23,0.08695652173913043,0.6086956521739131,0.17391304347826086,0.21739130434782608
0.05,0.5,0.5,2.0,23,0.043478260869565216,0.6086956521739131,0.17391304347826086,0.21739130434782608
0.05,0.5,0.5,3.0,23,0.043478260869565216,0.6086956521739131,0.13043478260869565,0.21739130434782608
0.05,0.5,0.67,1.0,23,0.2608695652173913,0.30434782608695654,0.30434782608695654,0.5217391304347826
0.05,0.5,0.67,1.25,23,0.08695652173913043,0.30434782608695654,0.21739130434782608,0.5217391304347826
0.05,0.5,0.67,1.5,23,0.08695652173913043,0.30434782608695654,0.13043478260869565,0.5217391304347826
0.05,0.5,0.67,2.0,23,0.043478260869565216,0.30434782608695654,0.13043478260869565,0.5217391304347826
0.05,0.5,0.67,3.0,23,0.043478260869565216,0.30434782608695654,0.08695652173913043,0.5217391304347826
0.05,0.7,0.0,1.0,23,0.391304347826087,0.5217391304347826,0.30434782608695654,0.34782608695652173
0.05,0.7,0.0,1.25,23,0.08695652173913043,0.5217391304347826,0.043478260869565216,0.34782608695652173
0.05,0.7,0.0,1.5,23,0.043478260869565216,0.5217391304347826,0.043478260869565216,0.34782608695652173
0.05,0.7,0.0,2.0,23,0.0,0.5217391304347826,0.043478260869565216,0.34782608695652173
0.05,0.7,0.0,3.0,23,0.0,0.5217391304347826,0.043478260869565216,0.34782608695652173
0.05,0.7,0.2,1.0,23,0.391304347826087,0.5217391304347826,0.30434782608695654,0.391304347826087
0.05,0.7,0.2,1.25,23,0.08695652173913043,0.5217391304347826,0.043478260869565216,0.391304347826087
0.05,0.7,0.2,1.5,23,0.043478260869565216,0.5217391304347826,0.043478260869565216,0.391304347826087
0.05,0.7,0.2,2.0,23,0.0,0.5217391304347826,0.043478260869565216,0.391304347826087
0.05,0.7,0.2,3.0,23,0.0,0.5217391304347826,0.043478260869565216,0.391304347826087
0.05,0.7,0.33,1.0,23,0.34782608695652173,0.4782608695652174,0.30434782608695654,0.43478260869565216
0.05,0.7,0.33,1.25,23,0.043478260869565216,0.4782608695652174,0.043478260869565216,0.43478260869565216
0.05,0.7,0.33,1.5,23,0.043478260869565216,0.4782608695652174,0.043478260869565216,0.43478260869565216
0.05,0.7,0.33,2.0,23,0.0,0.4782608695652174,0.043478260869565216,0.43478260869565216
0.05,0.7,0.33,3.0,23,0.0,0.4782608695652174,0.043478260869565216,0.43478260869565216
0.05,0.7,0.5,1.0,23,0.30434782608695654,0.391304347826087,0.21739130434782608,0.5652173913043478
0.05,0.7,0.5,1.25,23,0.043478260869565216,0.391304347826087,0.043478260869565216,0.5652173913043478
0.05,0.7,0.5,1.5,23,0.043478260869565216,0.391304347826087,0.043478260869565216,0.5652173913043478
0.05,0.7,0.5,2.0,23,0.0,0.391304347826087,0.043478260869565216,0.5652173913043478
0.05,0.7,0.5,3.0,23,0.0,0.391304347826087,0.043478260869565216,0.5652173913043478
0.05,0.7,0.67,1.0,23,0.13043478260869565,0.13043478260869565,0.08695652173913043,0.8695652173913043
0.05,0.7,0.67,1.25,23,0.043478260869565216,0.13043478260869565,0.0,0.8695652173913043
0.05,0.7,0.67,1.5,23,0.043478260869565216,0.13043478260869565,0.0,0.8695652173913043
0.05,0.7,0.67,2.0,23,0.0,0.13043478260869565,0.0,0.8695652173913043
0.05,0.7,0.67,3.0,23,0.0,0.13043478260869565,0.0,0.8695652173913043
0.1,0.0,0.0,1.0,23,0.5217391304347826,0.9130434782608695,0.782608695652174,0.0
0.1,0.0,0.0,1.25,23,0.13043478260869565,0.9130434782608695,0.391304347826087,0.0
0.1,0.0,0.0,1.5,23,0.08695652173913043,0.9130434782608695,0.30434782608695654,0.0
0.1,0.0,0.0,2.0,23,0.043478260869565216,0.9130434782608695,0.2608695652173913,0.0
0.1,0.0,0.0,3.0,23,0.043478260869565216,0.9130434782608695,0.17391304347826086,0.0
0.1,0.0,0.2,1.0,23,0.5217391304347826,0.9130434782608695,0.782608695652174,0.0
0.1,0.0,0.2,1.25,23,0.13043478260869565,0.9130434782608695,0.391304347826087,0.0
0.1,0.0,0.2,1.5,23,0.08695652173913043,0.9130434782608695,0.30434782608695654,0.0
0.1,0.0,0.2,2.0,23,0.043478260869565216,0.9130434782608695,0.2608695652173913,0.0
0.1,0.0,0.2,3.0,23,0.043478260869565216,0.9130434782608695,0.17391304347826086,0.0
0.1,0.0,0.33,1.0,23,0.4782608695652174,0.8695652173913043,0.782608695652174,0.0
0.1,0.0,0.33,1.25,23,0.08695652173913043,0.8695652173913043,0.391304347826087,0.0
0.1,0.0,0.33,1.5,23,0.08695652173913043,0.8695652173913043,0.30434782608695654,0.0
0.1,0.0,0.33,2.0,23,0.043478260869565216,0.8695652173913043,0.2608695652173913,0.0
0.1,0.0,0.33,3.0,23,0.043478260869565216,0.8695652173913043,0.17391304347826086,0.0
0.1,0.0,0.5,1.0,23,0.43478260869565216,0.6956521739130435,0.5652173913043478,0.13043478260869565
0.1,0.0,0.5,1.25,23,0.08695652173913043,0.6956521739130435,0.30434782608695654,0.13043478260869565
0.1,0.0,0.5,1.5,23,0.08695652173913043,0.6956521739130435,0.2608695652173913,0.13043478260869565
0.1,0.0,0.5,2.0,23,0.043478260869565216,0.6956521739130435,0.21739130434782608,0.13043478260869565
0.1,0.0,0.5,3.0,23,0.043478260869565216,0.6956521739130435,0.13043478260869565,0.13043478260869565
0.1,0.0,0.67,1.0,23,0.2608695652173913,0.391304347826087,0.43478260869565216,0.43478260869565216
0.1,0.0,0.67,1.25,23,0.08695652173913043,0.391304347826087,0.30434782608695654,0.43478260869565216
0.1,0.0,0.67,1.5,23,0.08695652173913043,0.391304347826087,0.21739130434782608,0.43478260869565216
0.1,0.0,0.67,2.0,23,0.043478260869565216,0.391304347826087,0.17391304347826086,0.43478260869565216
0.1,0.0,0.67,3.0,23,0.043478260869565216,0.391304347826087,0.08695652173913043,0.43478260869565216
0.1,0.05,0.0,1.0,23,0.5217391304347826,0.9130434782608695,0.7391304347826086,0.0
0.1,0.05,0.0,1.25,23,0.13043478260869565,0.9130434782608695,0.34782608695652173,0.0
0.1,0.05,0.0,1.5,23,0.08695652173913043,0.9130434782608695,0.2608695652173913,0.0
0.1,0.05,0.0,2.0,23,0.043478260869565216,0.9130434782608695,0.21739130434782608,0.0
0.1,0.05,0.0,3.0,23,0.043478260869565216,0.9130434782608695,0.13043478260869565,0.0
0.1,0.05,0.2,1.0,23,0.5217391304347826,0.9130434782608695,0.7391304347826086,0.0
0.1,0.05,0.2,1.25,23,0.13043478260869565,0.9130434782608695,0.34782608695652173,0.0
0.1,0.05,0.2,1.5,23,0.08695652173913043,0.9130434782608695,0.2608695652173913,0.0
0.1,0.05,0.2,2.0,23,0.043478260869565216,0.9130434782608695,0.21739130434782608,0.0
0.1,0.05,0.2,3.0,23,0.043478260869565216,0.9130434782608695,0.13043478260869565,0.0
0.1,0.05,0.33,1.0,23,0.4782608695652174,0.8695652173913043,0.7391304347826086,0.0
0.1,0.05,0.33,1.25,23,0.08695652173913043,0.8695652173913043,0.34782608695652173,0.0
0.1,0.05,0.33,1.5,23,0.08695652173913043,0.8695652173913043,0.2608695652173913,0.0
0.1,0.05,0.33,2.0,23,0.043478260869565216,0.8695652173913043,0.21739130434782608,0.0
0.1,0.05,0.33,3.0,23,0.043478260869565216,0.8695652173913043,0.13043478260869565,0.0
0.1,0.05,0.5,1.0,23,0.43478260869565216,0.6956521739130435,0.5652173913043478,0.17391304347826086
0.1,0.05,0.5,1.25,23,0.08695652173913043,0.6956521739130435,0.30434782608695654,0.17391304347826086
0.1,0.05,0.5,1.5,23,0.08695652173913043,0.6956521739130435,0.2608695652173913,0.17391304347826086
0.1,0.05,0.5,2.0,23,0.043478260869565216,0.6956521739130435,0.21739130434782608,0.17391304347826086
0.1,0.05,0.5,3.0,23,0.043478260869565216,0.6956521739130435,0.13043478260869565,0.17391304347826086
0.1,0.05,0.67,1.0,23,0.2608695652173913,0.391304347826087,0.43478260869565216,0.43478260869565216
0.1,0.05,0.67,1.25,23,0.08695652173913043,0.391304347826087,0.30434782608695654,0.43478260869565216
0.1,0.05,0.67,1.5,23,0.08695652173913043,0.391304347826087,0.21739130434782608,0.43478260869565216
0.1,0.05,0.67,2.0,23,0.043478260869565216,0.391304347826087,0.17391304347826086,0.43478260869565216
0.1,0.05,0.67,3.0,23,0.043478260869565216,0.391304347826087,0.08695652173913043,0.43478260869565216
0.1,0.135,0.0,1.0,23,0.5217391304347826,0.9130434782608695,0.7391304347826086,0.0
0.1,0.135,0.0,1.25,23,0.13043478260869565,0.9130434782608695,0.34782608695652173,0.0
0.1,0.135,0.0,1.5,23,0.08695652173913043,0.9130434782608695,0.2608695652173913,0.0
0.1,0.135,0.0,2.0,23,0.043478260869565216,0.9130434782608695,0.21739130434782608,0.0
0.1,0.135,0.0,3.0,23,0.043478260869565216,0.9130434782608695,0.13043478260869565,0.0
0.1,0.135,0.2,1.0,23,0.5217391304347826,0.9130434782608695,0.7391304347826086,0.0
0.1,0.135,0.2,1.25,23,0.13043478260869565,0.9130434782608695,0.34782608695652173,0.0
0.1,0.135,0.2,1.5,23,0.08695652173913043,0.9130434782608695,0.2608695652173913,0.0
0.1,0.135,0.2,2.0,23,0.043478260869565216,0.9130434782608695,0.21739130434782608,0.0
0.1,0.135,0.2,3.0,23,0.043478260869565216,0.9130434782608695,0.13043478260869565,0.0
0.1,0.135,0.33,1.0,23,0.4782608695652174,0.8695652173913043,0.7391304347826086,0.0
0.1,0.135,0.33,1.25,23,0.08695652173913043,0.8695652173913043,0.34782608695652173,0.0
0.1,0.135,0.33,1.5,23,0.08695652173913043,0.8695652173913043,0.2608695652173913,0.0
0.1,0.135,0.33,2.0,23,0.043478260869565216,0.8695652173913043,0.21739130434782608,0.0
0.1,0.135,0.33,3.0,23,0.043478260869565216,0.8695652173913043,0.13043478260869565,0.0
0.1,0.135,0.5,1.0,23,0.43478260869565216,0.6956521739130435,0.5652173913043478,0.17391304347826086
0.1,0.135,0.5,1.25,23,0.08695652173913043,0.6956521739130435,0.30434782608695654,0.17391304347826086
0.1,0.135,0.5,1.5,23,0.08695652173913043,0.6956521739130435,0.2608695652173913,0.17391304347826086
0.1,0.135,0.5,2.0,23,0.043478260869565216,0.6956521739130435,0.21739130434782608,0.17391304347826086
0.1,0.135,0.5,3.0,23,0.043478260869565216,0.6956521739130435,0.13043478260869565,0.17391304347826086
0.1,0.135,0.67,1.0,23,0.2608695652173913,0.391304347826087,0.43478260869565216,0.43478260869565216
0.1,0.135,0.67,1.25,23,0.08695652173913043,0.391304347826087,0.30434782608695654,0.43478260869565216
0.1,0.135,0.67,1.5,23,0.08695652173913043,0.391304347826087,0.21739130434782608,0.43478260869565216
0.1,0.135,0.67,2.0,23,0.043478260869565216,0.391304347826087,0.17391304347826086,0.43478260869565216
0.1,0.135,0.67,3.0,23,0.043478260869565216,0.391304347826087,0.08695652173913043,0.43478260869565216
0.1,0.3,0.0,1.0,23,0.5652173913043478,0.8695652173913043,0.6521739130434783,0.0
0.1,0.3,0.0,1.25,23,0.13043478260869565,0.8695652173913043,0.2608695652173913,0.0
0.1,0.3,0.0,1.5,23,0.08695652173913043,0.8695652173913043,0.21739130434782608,0.0
0.1,0.3,0.0,2.0,23,0.043478260869565216,0.8695652173913043,0.21739130434782608,0.0
0.1,0.3,0.0,3.0,23,0.043478260869565216,0.8695652173913043,0.13043478260869565,0.0
0.1,0.3,0.2,1.0,23,0.5652173913043478,0.8695652173913043,0.6521739130434783,0.0
0.1,0.3,0.2,1.25,23,0.13043478260869565,0.8695652173913043,0.2608695652173913,0.0
0.1,0.3,0.2,1.5,23,0.08695652173913043,0.8695652173913043,0.21739130434782608,0.0
0.1,0.3,0.2,2.0,23,0.043478260869565216,0.8695652173913043,0.21739130434782608,0.0
0.1,0.3,0.2,3.0,23,0.043478260869565216,0.8695652173913043,0.13043478260869565,0.0
0.1,0.3,0.33,1.0,23,0.5217391304347826,0.8260869565217391,0.6521739130434783,0.0
0.1,0.3,0.33,1.25,23,0.08695652173913043,0.8260869565217391,0.2608695652173913,0.0
0.1,0.3,0.33,1.5,23,0.08695652173913043,0.8260869565217391,0.21739130434782608,0.0
0.1,0.3,0.33,2.0,23,0.043478260869565216,0.8260869565217391,0.21739130434782608,0.0
0.1,0.3,0.33,3.0,23,0.043478260869565216,0.8260869565217391,0.13043478260869565,0.0
0.1,0.3,0.5,1.0,23,0.43478260869565216,0.6521739130434783,0.5217391304347826,0.21739130434782608
0.1,0.3,0.5,1.25,23,0.08695652173913043,0.6521739130434783,0.2608695652173913,0.21739130434782608
0.1,0.3,0.5,1.5,23,0.08695652173913043,0.6521739130434783,0.21739130434782608,0.21739130434782608
0.1,0.3,0.5,2.0,23,0.043478260869565216,0.6521739130434783,0.21739130434782608,0.21739130434782608
0.1,0.3,0.5,3.0,23,0.043478260869565216,0.6521739130434783,0.13043478260869565,0.21739130434782608
0.1,0.3,0.67,1.0,23,0.2608695652173913,0.34782608695652173,0.391304347826087,0.4782608695652174
0.1,0.3,0.67,1.25,23,0.08695652173913043,0.34782608695652173,0.2608695652173913,0.4782608695652174
0.1,0.3,0.67,1.5,23,0.08695652173913043,0.34782608695652173,0.17391304347826086,0.4782608695652174
0.1,0.3,0.67,2.0,23,0.043478260869565216,0.34782608695652173,0.17391304347826086,0.4782608695652174
0.1,0.3,0.67,3.0,23,0.043478260869565216,0.34782608695652173,0.08695652173913043,0.4782608695652174
0.1,0.5,0.0,1.0,23,0.5652173913043478,0.8260869565217391,0.6521739130434783,0.043478260869565216
0.1,0.5,0.0,1.25,23,0.13043478260869565,0.8260869565217391,0.21739130434782608,0.043478260869565216
0.1,0.5,0.0,1.5,23,0.08695652173913043,0.8260869565217391,0.17391304347826086,0.043478260869565216
0.1,0.5,0.0,2.0,23,0.043478260869565216,0.8260869565217391,0.17391304347826086,0.043478260869565216
0.1,0.5,0.0,3.0,23,0.043478260869565216,0.8260869565217391,0.13043478260869565,0.043478260869565216
0.1,0.5,0.2,1.0,23,0.5652173913043478,0.8260869565217391,0.6521739130434783,0.043478260869565216
0.1,0.5,0.2,1.25,23,0.13043478260869565,0.8260869565217391,0.21739130434782608,0.043478260869565216
0.1,0.5,0.2,1.5,23,0.08695652173913043,0.8260869565217391,0.17391304347826086,0.043478260869565216
0.1,0.5,0.2,2.0,23,0.043478260869565216,0.8260869565217391,0.17391304347826086,0.043478260869565216
0.1,0.5,0.2,3.0,23,0.043478260869565216,0.8260869565217391,0.13043478260869565,0.043478260869565216
0.1,0.5,0.33,1.0,23,0.5217391304347826,0.782608695652174,0.6521739130434783,0.043478260869565216
0.1,0.5,0.33,1.25,23,0.08695652173913043,0.782608695652174,0.21739130434782608,0.043478260869565216
0.1,0.5,0.33,1.5,23,0.08695652173913043,0.782608695652174,0.17391304347826086,0.043478260869565216
0.1,0.5,0.33,2.0,23,0.043478260869565216,0.782608695652174,0.17391304347826086,0.043478260869565216
0.1,0.5,0.33,3.0,23,0.043478260869565216,0.782608695652174,0.13043478260869565,0.043478260869565216
0.1,0.5,0.5,1.0,23,0.43478260869565216,0.6086956521739131,0.43478260869565216,0.21739130434782608
0.1,0.5,0.5,1.25,23,0.08695652173913043,0.6086956521739131,0.21739130434782608,0.21739130434782608
0.1,0.5,0.5,1.5,23,0.08695652173913043,0.6086956521739131,0.17391304347826086,0.21739130434782608
0.1,0.5,0.5,2.0,23,0.043478260869565216,0.6086956521739131,0.17391304347826086,0.21739130434782608
0.1,0.5,0.5,3.0,23,0.043478260869565216,0.6086956521739131,0.13043478260869565,0.21739130434782608
0.1,0.5,0.67,1.0,23,0.2608695652173913,0.30434782608695654,0.30434782608695654,0.5217391304347826
0.1,0.5,0.67,1.25,23,0.08695652173913043,0.30434782608695654,0.21739130434782608,0.5217391304347826
0.1,0.5,0.67,1.5,23,0.08695652173913043,0.30434782608695654,0.13043478260869565,0.5217391304347826
0.1,0.5,0.67,2.0,23,0.043478260869565216,0.30434782608695654,0.13043478260869565,0.5217391304347826
0.1,0.5,0.67,3.0,23,0.043478260869565216,0.30434782608695654,0.08695652173913043,0.5217391304347826
0.1,0.7,0.0,1.0,23,0.391304347826087,0.5217391304347826,0.30434782608695654,0.43478260869565216
0.1,0.7,0.0,1.25,23,0.08695652173913043,0.5217391304347826,0.043478260869565216,0.43478260869565216
0.1,0.7,0.0,1.5,23,0.043478260869565216,0.5217391304347826,0.043478260869565216,0.43478260869565216
0.1,0.7,0.0,2.0,23,0.0,0.5217391304347826,0.043478260869565216,0.43478260869565216
0.1,0.7,0.0,3.0,23,0.0,0.5217391304347826,0.043478260869565216,0.43478260869565216
0.1,0.7,0.2,1.0,23,0.391304347826087,0.5217391304347826,0.30434782608695654,0.43478260869565216
0.1,0.7,0.2,1.25,23,0.08695652173913043,0.5217391304347826,0.043478260869565216,0.43478260869565216
0.1,0.7,0.2,1.5,23,0.043478260869565216,0.5217391304347826,0.043478260869565216,0.43478260869565216
0.1,0.7,0.2,2.0,23,0.0,0.5217391304347826,0.043478260869565216,0.43478260869565216
0.1,0.7,0.2,3.0,23,0.0,0.5217391304347826,0.043478260869565216,0.43478260869565216
0.1,0.7,0.33,1.0,23,0.34782608695652173,0.4782608695652174,0.30434782608695654,0.4782608695652174
0.1,0.7,0.33,1.25,23,0.043478260869565216,0.4782608695652174,0.043478260869565216,0.4782608695652174
0.1,0.7,0.33,1.5,23,0.043478260869565216,0.4782608695652174,0.043478260869565216,0.4782608695652174
0.1,0.7,0.33,2.0,23,0.0,0.4782608695652174,0.043478260869565216,0.4782608695652174
0.1,0.7,0.33,3.0,23,0.0,0.4782608695652174,0.043478260869565216,0.4782608695652174
0.1,0.7,0.5,1.0,23,0.30434782608695654,0.391304347826087,0.21739130434782608,0.5652173913043478
0.1,0.7,0.5,1.25,23,0.043478260869565216,0.391304347826087,0.043478260869565216,0.5652173913043478
0.1,0.7,0.5,1.5,23,0.043478260869565216,0.391304347826087,0.043478260869565216,0.5652173913043478
0.1,0.7,0.5,2.0,23,0.0,0.391304347826087,0.043478260869565216,0.5652173913043478
0.1,0.7,0.5,3.0,23,0.0,0.391304347826087,0.043478260869565216,0.5652173913043478
0.1,0.7,0.67,1.0,23,0.13043478260869565,0.13043478260869565,0.08695652173913043,0.8695652173913043
0.1,0.7,0.67,1.25,23,0.043478260869565216,0.13043478260869565,0.0,0.8695652173913043
0.1,0.7,0.67,1.5,23,0.043478260869565216,0.13043478260869565,0.0,0.8695652173913043
0.1,0.7,0.67,2.0,23,0.0,0.13043478260869565,0.0,0.8695652173913043
0.1,0.7,0.67,3.0,23,0.0,0.13043478260869565,0.0,0.8695652173913043
0.15,0.0,0.0,1.0,23,0.5217391304347826,0.8695652173913043,0.6956521739130435,0.043478260869565216
0.15,0.0,0.0,1.25,23,0.13043478260869565,0.8695652173913043,0.30434782608695654,0.043478260869565216
0.15,0.0,0.0,1.5,23,0.08695652173913043,0.8695652173913043,0.2608695652173913,0.043478260869565216
0.15,0.0,0.0,2.0,23,0.043478260869565216,0.8695652173913043,0.21739130434782608,0.043478260869565216
0.15,0.0,0.0,3.0,23,0.043478260869565216,0.8695652173913043,0.13043478260869565,0.043478260869565216
0.15,0.0,0.2,1.0,23,0.5217391304347826,0.8695652173913043,0.6956521739130435,0.043478260869565216
0.15,0.0,0.2,1.25,23,0.13043478260869565,0.8695652173913043,0.30434782608695654,0.043478260869565216
0.15,0.0,0.2,1.5,23,0.08695652173913043,0.8695652173913043,0.2608695652173913,0.043478260869565216
0.15,0.0,0.2,2.0,23,0.043478260869565216,0.8695652173913043,0.21739130434782608,0.043478260869565216
0.15,0.0,0.2,3.0,23,0.043478260869565216,0.8695652173913043,0.13043478260869565,0.043478260869565216
0.15,0.0,0.33,1.0,23,0.4782608695652174,0.8260869565217391,0.6956521739130435,0.043478260869565216
0.15,0.0,0.33,1.25,23,0.08695652173913043,0.8260869565217391,0.30434782608695654,0.043478260869565216
0.15,0.0,0.33,1.5,23,0.08695652173913043,0.8260869565217391,0.2608695652173913,0.043478260869565216
0.15,0.0,0.33,2.0,23,0.043478260869565216,0.8260869565217391,0.21739130434782608,0.043478260869565216
0.15,0.0,0.33,3.0,23,0.043478260869565216,0.8260869565217391,0.13043478260869565,0.043478260869565216
0.15,0.0,0.5,1.0,23,0.43478260869565216,0.6956521739130435,0.5652173913043478,0.13043478260869565
0.15,0.0,0.5,1.25,23,0.08695652173913043,0.6956521739130435,0.30434782608695654,0.13043478260869565
0.15,0.0,0.5,1.5,23,0.08695652173913043,0.6956521739130435,0.2608695652173913,0.13043478260869565
0.15,0.0,0.5,2.0,23,0.043478260869565216,0.6956521739130435,0.21739130434782608,0.13043478260869565
0.15,0.0,0.5,3.0,23,0.043478260869565216,0.6956521739130435,0.13043478260869565,0.13043478260869565
0.15,0.0,0.67,1.0,23,0.2608695652173913,0.391304347826087,0.43478260869565216,0.43478260869565216
0.15,0.0,0.67,1.25,23,0.08695652173913043,0.391304347826087,0.30434782608695654,0.43478260869565216
0.15,0.0,0.67,1.5,23,0.08695652173913043,0.391304347826087,0.21739130434782608,0.43478260869565216
0.15,0.0,0.67,2.0,23,0.043478260869565216,0.391304347826087,0.17391304347826086,0.43478260869565216
0.15,0.0,0.67,3.0,23,0.043478260869565216,0.391304347826087,0.08695652173913043,0.43478260869565216
0.15,0.05,0.0,1.0,23,0.5217391304347826,0.8695652173913043,0.6956521739130435,0.043478260869565216
0.15,0.05,0.0,1.25,23,0.13043478260869565,0.8695652173913043,0.30434782608695654,0.043478260869565216
0.15,0.05,0.0,1.5,23,0.08695652173913043,0.8695652173913043,0.2608695652173913,0.043478260869565216
0.15,0.05,0.0,2.0,23,0.043478260869565216,0.8695652173913043,0.21739130434782608,0.043478260869565216
0.15,0.05,0.0,3.0,23,0.043478260869565216,0.8695652173913043,0.13043478260869565,0.043478260869565216
0.15,0.05,0.2,1.0,23,0.5217391304347826,0.8695652173913043,0.6956521739130435,0.043478260869565216
0.15,0.05,0.2,1.25,23,0.13043478260869565,0.8695652173913043,0.30434782608695654,0.043478260869565216
0.15,0.05,0.2,1.5,23,0.08695652173913043,0.8695652173913043,0.2608695652173913,0.043478260869565216
0.15,0.05,0.2,2.0,23,0.043478260869565216,0.8695652173913043,0.21739130434782608,0.043478260869565216
0.15,0.05,0.2,3.0,23,0.043478260869565216,0.8695652173913043,0.13043478260869565,0.043478260869565216
0.15,0.05,0.33,1.0,23,0.4782608695652174,0.8260869565217391,0.6956521739130435,0.043478260869565216
0.15,0.05,0.33,1.25,23,0.08695652173913043,0.8260869565217391,0.30434782608695654,0.043478260869565216
0.15,0.05,0.33,1.5,23,0.08695652173913043,0.8260869565217391,0.2608695652173913,0.043478260869565216
0.15,0.05,0.33,2.0,23,0.043478260869565216,0.8260869565217391,0.21739130434782608,0.043478260869565216
0.15,0.05,0.33,3.0,23,0.043478260869565216,0.8260869565217391,0.13043478260869565,0.043478260869565216
0.15,0.05,0.5,1.0,23,0.43478260869565216,0.6956521739130435,0.5652173913043478,0.17391304347826086
0.15,0.05,0.5,1.25,23,0.08695652173913043,0.6956521739130435,0.30434782608695654,0.17391304347826086
0.15,0.05,0.5,1.5,23,0.08695652173913043,0.6956521739130435,0.2608695652173913,0.17391304347826086
0.15,0.05,0.5,2.0,23,0.043478260869565216,0.6956521739130435,0.21739130434782608,0.17391304347826086
0.15,0.05,0.5,3.0,23,0.043478260869565216,0.6956521739130435,0.13043478260869565,0.17391304347826086
0.15,0.05,0.67,1.0,23,0.2608695652173913,0.391304347826087,0.43478260869565216,0.43478260869565216
0.15,0.05,0.67,1.25,23,0.08695652173913043,0.391304347826087,0.30434782608695654,0.43478260869565216
0.15,0.05,0.67,1.5,23,0.08695652173913043,0.391304347826087,0.21739130434782608,0.43478260869565216
0.15,0.05,0.67,2.0,23,0.043478260869565216,0.391304347826087,0.17391304347826086,0.43478260869565216
0.15,0.05,0.67,3.0,23,0.043478260869565216,0.391304347826087,0.08695652173913043,0.43478260869565216
0.15,0.135,0.0,1.0,23,0.5217391304347826,0.8695652173913043,0.6956521739130435,0.043478260869565216
0.15,0.135,0.0,1.25,23,0.13043478260869565,0.8695652173913043,0.30434782608695654,0.043478260869565216
0.15,0.135,0.0,1.5,23,0.08695652173913043,0.8695652173913043,0.2608695652173913,0.043478260869565216
0.15,0.135,0.0,2.0,23,0.043478260869565216,0.8695652173913043,0.21739130434782608,0.043478260869565216
0.15,0.135,0.0,3.0,23,0.043478260869565216,0.8695652173913043,0.13043478260869565,0.043478260869565216
0.15,0.135,0.2,1.0,23,0.5217391304347826,0.8695652173913043,0.6956521739130435,0.043478260869565216
0.15,0.135,0.2,1.25,23,0.13043478260869565,0.8695652173913043,0.30434782608695654,0.043478260869565216
0.15,0.135,0.2,1.5,23,0.08695652173913043,0.8695652173913043,0.2608695652173913,0.043478260869565216
0.15,0.135,0.2,2.0,23,0.043478260869565216,0.8695652173913043,0.21739130434782608,0.043478260869565216
0.15,0.135,0.2,3.0,23,0.043478260869565216,0.8695652173913043,0.13043478260869565,0.043478260869565216
0.15,0.135,0.33,1.0,23,0.4782608695652174,0.8260869565217391,0.6956521739130435,0.043478260869565216
0.15,0.135,0.33,1.25,23,0.08695652173913043,0.8260869565217391,0.30434782608695654,0.043478260869565216
0.15,0.135,0.33,1.5,23,0.08695652173913043,0.8260869565217391,0.2608695652173913,0.043478260869565216
0.15,0.135,0.33,2.0,23,0.043478260869565216,0.8260869565217391,0.21739130434782608,0.043478260869565216
0.15,0.135,0.33,3.0,23,0.043478260869565216,0.8260869565217391,0.13043478260869565,0.043478260869565216
0.15,0.135,0.5,1.0,23,0.43478260869565216,0.6956521739130435,0.5652173913043478,0.17391304347826086
0.15,0.135,0.5,1.25,23,0.08695652173913043,0.6956521739130435,0.30434782608695654,0.17391304347826086
0.15,0.135,0.5,1.5,23,0.08695652173913043,0.6956521739130435,0.2608695652173913,0.17391304347826086
0.15,0.135,0.5,2.0,23,0.043478260869565216,0.6956521739130435,0.21739130434782608,0.17391304347826086
0.15,0.135,0.5,3.0,23,0.043478260869565216,0.6956521739130435,0.13043478260869565,0.17391304347826086
0.15,0.135,0.67,1.0,23,0.2608695652173913,0.391304347826087,0.43478260869565216,0.43478260869565216
0.15,0.135,0.67,1.25,23,0.08695652173913043,0.391304347826087,0.30434782608695654,0.43478260869565216
0.15,0.135,0.67,1.5,23,0.08695652173913043,0.391304347826087,0.21739130434782608,0.43478260869565216
0.15,0.135,0.67,2.0,23,0.043478260869565216,0.391304347826087,0.17391304347826086,0.43478260869565216
0.15,0.135,0.67,3.0,23,0.043478260869565216,0.391304347826087,0.08695652173913043,0.43478260869565216
0.15,0.3,0.0,1.0,23,0.5217391304347826,0.8260869565217391,0.6521739130434783,0.043478260869565216
0.15,0.3,0.0,1.25,23,0.13043478260869565,0.8260869565217391,0.2608695652173913,0.043478260869565216
0.15,0.3,0.0,1.5,23,0.08695652173913043,0.8260869565217391,0.21739130434782608,0.043478260869565216
0.15,0.3,0.0,2.0,23,0.043478260869565216,0.8260869565217391,0.21739130434782608,0.043478260869565216
0.15,0.3,0.0,3.0,23,0.043478260869565216,0.8260869565217391,0.13043478260869565,0.043478260869565216
0.15,0.3,0.2,1.0,23,0.5217391304347826,0.8260869565217391,0.6521739130434783,0.043478260869565216
0.15,0.3,0.2,1.25,23,0.13043478260869565,0.8260869565217391,0.2608695652173913,0.043478260869565216
0.15,0.3,0.2,1.5,23,0.08695652173913043,0.8260869565217391,0.21739130434782608,0.043478260869565216
0.15,0.3,0.2,2.0,23,0.043478260869565216,0.8260869565217391,0.21739130434782608,0.043478260869565216
0.15,0.3,0.2,3.0,23,0.043478260869565216,0.8260869565217391,0.13043478260869565,0.043478260869565216
0.15,0.3,0.33,1.0,23,0.4782608695652174,0.782608695652174,0.6521739130434783,0.043478260869565216
0.15,0.3,0.33,1.25,23,0.08695652173913043,0.782608695652174,0.2608695652173913,0.043478260869565216
0.15,0.3,0.33,1.5,23,0.08695652173913043,0.782608695652174,0.21739130434782608,0.043478260869565216
0.15,0.3,0.33,2.0,23,0.043478260869565216,0.782608695652174,0.21739130434782608,0.043478260869565216
0.15,0.3,0.33,3.0,23,0.043478260869565216,0.782608695652174,0.13043478260869565,0.043478260869565216
0.15,0.3,0.5,1.0,23,0.43478260869565216,0.6521739130434783,0.5217391304347826,0.21739130434782608
0.15,0.3,0.5,1.25,23,0.08695652173913043,0.6521739130434783,0.2608695652173913,0.21739130434782608
0.15,0.3,0.5,1.5,23,0.08695652173913043,0.6521739130434783,0.21739130434782608,0.21739130434782608
0.15,0.3,0.5,2.0,23,0.043478260869565216,0.6521739130434783,0.21739130434782608,0.21739130434782608
0.15,0.3,0.5,3.0,23,0.043478260869565216,0.6521739130434783,0.13043478260869565,0.21739130434782608
0.15,0.3,0.67,1.0,23,0.2608695652173913,0.34782608695652173,0.391304347826087,0.4782608695652174
0.15,0.3,0.67,1.25,23,0.08695652173913043,0.34782608695652173,0.2608695652173913,0.4782608695652174
0.15,0.3,0.67,1.5,23,0.08695652173913043,0.34782608695652173,0.17391304347826086,0.4782608695652174
0.15,0.3,0.67,2.0,23,0.043478260869565216,0.34782608695652173,0.17391304347826086,0.4782608695652174
0.15,0.3,0.67,3.0,23,0.043478260869565216,0.34782608695652173,0.08695652173913043,0.4782608695652174
0.15,0.5,0.0,1.0,23,0.5217391304347826,0.782608695652174,0.6521739130434783,0.08695652173913043
0.15,0.5,0.0,1.25,23,0.13043478260869565,0.782608695652174,0.21739130434782608,0.08695652173913043
0.15,0.5,0.0,1.5,23,0.08695652173913043,0.782608695652174,0.17391304347826086,0.08695652173913043
0.15,0.5,0.0,2.0,23,0.043478260869565216,0.782608695652174,0.17391304347826086,0.08695652173913043
0.15,0.5,0.0,3.0,23,0.043478260869565216,0.782608695652174,0.13043478260869565,0.08695652173913043
0.15,0.5,0.2,1.0,23,0.5217391304347826,0.782608695652174,0.6521739130434783,0.08695652173913043
0.15,0.5,0.2,1.25,23,0.13043478260869565,0.782608695652174,0.21739130434782608,0.08695652173913043
0.15,0.5,0.2,1.5,23,0.08695652173913043,0.782608695652174,0.17391304347826086,0.08695652173913043
0.15,0.5,0.2,2.0,23,0.043478260869565216,0.782608695652174,0.17391304347826086,0.08695652173913043
0.15,0.5,0.2,3.0,23,0.043478260869565216,0.782608695652174,0.13043478260869565,0.08695652173913043
0.15,0.5,0.33,1.0,23,0.4782608695652174,0.7391304347826086,0.6521739130434783,0.08695652173913043
0.15,0.5,0.33,1.25,23,0.08695652173913043,0.7391304347826086,0.21739130434782608,0.08695652173913043
0.15,0.5,0.33,1.5,23,0.08695652173913043,0.7391304347826086,0.17391304347826086,0.08695652173913043
0.15,0.5,0.33,2.0,23,0.043478260869565216,0.7391304347826086,0.17391304347826086,0.08695652173913043
0.15,0.5,0.33,3.0,23,0.043478260869565216,0.7391304347826086,0.13043478260869565,0.08695652173913043
0.15,0.5,0.5,1.0,23,0.43478260869565216,0.6086956521739131,0.43478260869565216,0.21739130434782608
0.15,0.5,0.5,1.25,23,0.08695652173913043,0.6086956521739131,0.21739130434782608,0.21739130434782608
0.15,0.5,0.5,1.5,23,0.08695652173913043,0.6086956521739131,0.17391304347826086,0.21739130434782608
0.15,0.5,0.5,2.0,23,0.043478260869565216,0.6086956521739131,0.17391304347826086,0.21739130434782608
0.15,0.5,0.5,3.0,23,0.043478260869565216,0.6086956521739131,0.13043478260869565,0.21739130434782608
0.15,0.5,0.67,1.0,23,0.2608695652173913,0.30434782608695654,0.30434782608695654,0.5217391304347826
0.15,0.5,0.67,1.25,23,0.08695652173913043,0.30434782608695654,0.21739130434782608,0.5217391304347826
0.15,0.5,0.67,1.5,23,0.08695652173913043,0.30434782608695654,0.13043478260869565,0.5217391304347826
0.15,0.5,0.67,2.0,23,0.043478260869565216,0.30434782608695654,0.13043478260869565,0.5217391304347826
0.15,0.5,0.67,3.0,23,0.043478260869565216,0.30434782608695654,0.08695652173913043,0.5217391304347826
0.15,0.7,0.0,1.0,23,0.391304347826087,0.5217391304347826,0.30434782608695654,0.43478260869565216
0.15,0.7,0.0,1.25,23,0.08695652173913043,0.5217391304347826,0.043478260869565216,0.43478260869565216
0.15,0.7,0.0,1.5,23,0.043478260869565216,0.5217391304347826,0.043478260869565216,0.43478260869565216
0.15,0.7,0.0,2.0,23,0.0,0.5217391304347826,0.043478260869565216,0.43478260869565216
0.15,0.7,0.0,3.0,23,0.0,0.5217391304347826,0.043478260869565216,0.43478260869565216
0.15,0.7,0.2,1.0,23,0.391304347826087,0.5217391304347826,0.30434782608695654,0.43478260869565216
0.15,0.7,0.2,1.25,23,0.08695652173913043,0.5217391304347826,0.043478260869565216,0.43478260869565216
0.15,0.7,0.2,1.5,23,0.043478260869565216,0.5217391304347826,0.043478260869565216,0.43478260869565216
0.15,0.7,0.2,2.0,23,0.0,0.5217391304347826,0.043478260869565216,0.43478260869565216
0.15,0.7,0.2,3.0,23,0.0,0.5217391304347826,0.043478260869565216,0.43478260869565216
0.15,0.7,0.33,1.0,23,0.34782608695652173,0.4782608695652174,0.30434782608695654,0.4782608695652174
0.15,0.7,0.33,1.25,23,0.043478260869565216,0.4782608695652174,0.043478260869565216,0.4782608695652174
0.15,0.7,0.33,1.5,23,0.043478260869565216,0.4782608695652174,0.043478260869565216,0.4782608695652174
0.15,0.7,0.33,2.0,23,0.0,0.4782608695652174,0.043478260869565216,0.4782608695652174
0.15,0.7,0.33,3.0,23,0.0,0.4782608695652174,0.043478260869565216,0.4782608695652174
0.15,0.7,0.5,1.0,23,0.30434782608695654,0.391304347826087,0.21739130434782608,0.5652173913043478
0.15,0.7,0.5,1.25,23,0.043478260869565216,0.391304347826087,0.043478260869565216,0.5652173913043478
0.15,0.7,0.5,1.5,23,0.043478260869565216,0.391304347826087,0.043478260869565216,0.5652173913043478
0.15,0.7,0.5,2.0,23,0.0,0.391304347826087,0.043478260869565216,0.5652173913043478
0.15,0.7,0.5,3.0,23,0.0,0.391304347826087,0.043478260869565216,0.5652173913043478
0.15,0.7,0.67,1.0,23,0.13043478260869565,0.13043478260869565,0.08695652173913043,0.8695652173913043
0.15,0.7,0.67,1.25,23,0.043478260869565216,0.13043478260869565,0.0,0.8695652173913043
0.15,0.7,0.67,1.5,23,0.043478260869565216,0.13043478260869565,0.0,0.8695652173913043
0.15,0.7,0.67,2.0,23,0.0,0.13043478260869565,0.0,0.8695652173913043
0.15,0.7,0.67,3.0,23,0.0,0.13043478260869565,0.0,0.8695652173913043
0.2,0.0,0.0,1.0,23,0.5217391304347826,0.8260869565217391,0.6521739130434783,0.08695652173913043
0.2,0.0,0.0,1.25,23,0.13043478260869565,0.8260869565217391,0.30434782608695654,0.08695652173913043
0.2,0.0,0.0,1.5,23,0.08695652173913043,0.8260869565217391,0.2608695652173913,0.08695652173913043
0.2,0.0,0.0,2.0,23,0.043478260869565216,0.8260869565217391,0.21739130434782608,0.08695652173913043
0.2,0.0,0.0,3.0,23,0.043478260869565216,0.8260869565217391,0.13043478260869565,0.08695652173913043
0.2,0.0,0.2,1.0,23,0.5217391304347826,0.8260869565217391,0.6521739130434783,0.08695652173913043
0.2,0.0,0.2,1.25,23,0.13043478260869565,0.8260869565217391,0.30434782608695654,0.08695652173913043
0.2,0.0,0.2,1.5,23,0.08695652173913043,0.8260869565217391,0.2608695652173913,0.08695652173913043
0.2,0.0,0.2,2.0,23,0.043478260869565216,0.8260869565217391,0.21739130434782608,0.08695652173913043
0.2,0.0,0.2,3.0,23,0.043478260869565216,0.8260869565217391,0.13043478260869565,0.08695652173913043
0.2,0.0,0.33,1.0,23,0.4782608695652174,0.782608695652174,0.6521739130434783,0.13043478260869565
0.2,0.0,0.33,1.25,23,0.08695652173913043,0.782608695652174,0.30434782608695654,0.13043478260869565
0.2,0.0,0.33,1.5,23,0.08695652173913043,0.782608695652174,0.2608695652173913,0.13043478260869565
0.2,0.0,0.33,2.0,23,0.043478260869565216,0.782608695652174,0.21739130434782608,0.13043478260869565
0.2,0.0,0.33,3.0,23,0.043478260869565216,0.782608695652174,0.13043478260869565,0.13043478260869565
0.2,0.0,0.5,1.0,23,0.43478260869565216,0.6956521739130435,0.5217391304347826,0.21739130434782608
0.2,0.0,0.5,1.25,23,0.08695652173913043,0.6956521739130435,0.30434782608695654,0.21739130434782608
0.2,0.0,0.5,1.5,23,0.08695652173913043,0.6956521739130435,0.2608695652173913,0.21739130434782608
0.2,0.0,0.5,2.0,23,0.043478260869565216,0.6956521739130435,0.21739130434782608,0.21739130434782608
0.2,0.0,0.5,3.0,23,0.043478260869565216,0.6956521739130435,0.13043478260869565,0.21739130434782608
0.2,0.0,0.67,1.0,23,0.2608695652173913,0.391304347826087,0.43478260869565216,0.43478260869565216
0.2,0.0,0.67,1.25,23,0.08695652173913043,0.391304347826087,0.30434782608695654,0.43478260869565216
0.2,0.0,0.67,1.5,23,0.08695652173913043,0.391304347826087,0.21739130434782608,0.43478260869565216
0.2,0.0,0.67,2.0,23,0.043478260869565216,0.391304347826087,0.17391304347826086,0.43478260869565216
0.2,0.0,0.67,3.0,23,0.043478260869565216,0.391304347826087,0.08695652173913043,0.43478260869565216
0.2,0.05,0.0,1.0,23,0.5217391304347826,0.8260869565217391,0.6521739130434783,0.08695652173913043
0.2,0.05,0.0,1.25,23,0.13043478260869565,0.8260869565217391,0.30434782608695654,0.08695652173913043
0.2,0.05,0.0,1.5,23,0.08695652173913043,0.8260869565217391,0.2608695652173913,0.08695652173913043
0.2,0.05,0.0,2.0,23,0.043478260869565216,0.8260869565217391,0.21739130434782608,0.08695652173913043
0.2,0.05,0.0,3.0,23,0.043478260869565216,0.8260869565217391,0.13043478260869565,0.08695652173913043
0.2,0.05,0.2,1.0,23,0.5217391304347826,0.8260869565217391,0.6521739130434783,0.08695652173913043
0.2,0.05,0.2,1.25,23,0.13043478260869565,0.8260869565217391,0.30434782608695654,0.08695652173913043
0.2,0.05,0.2,1.5,23,0.08695652173913043,0.8260869565217391,0.2608695652173913,0.08695652173913043
0.2,0.05,0.2,2.0,23,0.043478260869565216,0.8260869565217391,0.21739130434782608,0.08695652173913043
0.2,0.05,0.2,3.0,23,0.043478260869565216,0.8260869565217391,0.13043478260869565,0.08695652173913043
0.2,0.05,0.33,1.0,23,0.4782608695652174,0.782608695652174,0.6521739130434783,0.13043478260869565
0.2,0.05,0.33,1.25,23,0.08695652173913043,0.782608695652174,0.30434782608695654,0.13043478260869565
0.2,0.05,0.33,1.5,23,0.08695652173913043,0.782608695652174,0.2608695652173913,0.13043478260869565
0.2,0.05,0.33,2.0,23,0.043478260869565216,0.782608695652174,0.21739130434782608,0.13043478260869565
0.2,0.05,0.33,3.0,23,0.043478260869565216,0.782608695652174,0.13043478260869565,0.13043478260869565
0.2,0.05,0.5,1.0,23,0.43478260869565216,0.6956521739130435,0.5217391304347826,0.21739130434782608
0.2,0.05,0.5,1.25,23,0.08695652173913043,0.6956521739130435,0.30434782608695654,0.21739130434782608
0.2,0.05,0.5,1.5,23,0.08695652173913043,0.6956521739130435,0.2608695652173913,0.21739130434782608
0.2,0.05,0.5,2.0,23,0.043478260869565216,0.6956521739130435,0.21739130434782608,0.21739130434782608
0.2,0.05,0.5,3.0,23,0.043478260869565216,0.6956521739130435,0.13043478260869565,0.21739130434782608
0.2,0.05,0.67,1.0,23,0.2608695652173913,0.391304347826087,0.43478260869565216,0.43478260869565216
0.2,0.05,0.67,1.25,23,0.08695652173913043,0.391304347826087,0.30434782608695654,0.43478260869565216
0.2,0.05,0.67,1.5,23,0.08695652173913043,0.391304347826087,0.21739130434782608,0.43478260869565216
0.2,0.05,0.67,2.0,23,0.043478260869565216,0.391304347826087,0.17391304347826086,0.43478260869565216
0.2,0.05,0.67,3.0,23,0.043478260869565216,0.391304347826087,0.08695652173913043,0.43478260869565216
0.2,0.135,0.0,1.0,23,0.5217391304347826,0.8260869565217391,0.6521739130434783,0.08695652173913043
0.2,0.135,0.0,1.25,23,0.13043478260869565,0.8260869565217391,0.30434782608695654,0.08695652173913043
0.2,0.135,0.0,1.5,23,0.08695652173913043,0.8260869565217391,0.2608695652173913,0.08695652173913043
0.2,0.135,0.0,2.0,23,0.043478260869565216,0.8260869565217391,0.21739130434782608,0.08695652173913043
0.2,0.135,0.0,3.0,23,0.043478260869565216,0.8260869565217391,0.13043478260869565,0.08695652173913043
0.2,0.135,0.2,1.0,23,0.5217391304347826,0.8260869565217391,0.6521739130434783,0.08695652173913043
0.2,0.135,0.2,1.25,23,0.13043478260869565,0.8260869565217391,0.30434782608695654,0.08695652173913043
0.2,0.135,0.2,1.5,23,0.08695652173913043,0.8260869565217391,0.2608695652173913,0.08695652173913043
0.2,0.135,0.2,2.0,23,0.043478260869565216,0.8260869565217391,0.21739130434782608,0.08695652173913043
0.2,0.135,0.2,3.0,23,0.043478260869565216,0.8260869565217391,0.13043478260869565,0.08695652173913043
0.2,0.135,0.33,1.0,23,0.4782608695652174,0.782608695652174,0.6521739130434783,0.13043478260869565
0.2,0.135,0.33,1.25,23,0.08695652173913043,0.782608695652174,0.30434782608695654,0.13043478260869565
0.2,0.135,0.33,1.5,23,0.08695652173913043,0.782608695652174,0.2608695652173913,0.13043478260869565
0.2,0.135,0.33,2.0,23,0.043478260869565216,0.782608695652174,0.21739130434782608,0.13043478260869565
0.2,0.135,0.33,3.0,23,0.043478260869565216,0.782608695652174,0.13043478260869565,0.13043478260869565
0.2,0.135,0.5,1.0,23,0.43478260869565216,0.6956521739130435,0.5217391304347826,0.21739130434782608
0.2,0.135,0.5,1.25,23,0.08695652173913043,0.6956521739130435,0.30434782608695654,0.21739130434782608
0.2,0.135,0.5,1.5,23,0.08695652173913043,0.6956521739130435,0.2608695652173913,0.21739130434782608
0.2,0.135,0.5,2.0,23,0.043478260869565216,0.6956521739130435,0.21739130434782608,0.21739130434782608
0.2,0.135,0.5,3.0,23,0.043478260869565216,0.6956521739130435,0.13043478260869565,0.21739130434782608
0.2,0.135,0.67,1.0,23,0.2608695652173913,0.391304347826087,0.43478260869565216,0.43478260869565216
0.2,0.135,0.67,1.25,23,0.08695652173913043,0.391304347826087,0.30434782608695654,0.43478260869565216
0.2,0.135,0.67,1.5,23,0.08695652173913043,0.391304347826087,0.21739130434782608,0.43478260869565216
0.2,0.135,0.67,2.0,23,0.043478260869565216,0.391304347826087,0.17391304347826086,0.43478260869565216
0.2,0.135,0.67,3.0,23,0.043478260869565216,0.391304347826087,0.08695652173913043,0.43478260869565216
0.2,0.3,0.0,1.0,23,0.5217391304347826,0.782608695652174,0.6086956521739131,0.13043478260869565
0.2,0.3,0.0,1.25,23,0.13043478260869565,0.782608695652174,0.2608695652173913,0.13043478260869565
0.2,0.3,0.0,1.5,23,0.08695652173913043,0.782608695652174,0.21739130434782608,0.13043478260869565
0.2,0.3,0.0,2.0,23,0.043478260869565216,0.782608695652174,0.21739130434782608,0.13043478260869565
0.2,0.3,0.0,3.0,23,0.043478260869565216,0.782608695652174,0.13043478260869565,0.13043478260869565
0.2,0.3,0.2,1.0,23,0.5217391304347826,0.782608695652174,0.6086956521739131,0.13043478260869565
0.2,0.3,0.2,1.25,23,0.13043478260869565,0.782608695652174,0.2608695652173913,0.13043478260869565
0.2,0.3,0.2,1.5,23,0.08695652173913043,0.782608695652174,0.21739130434782608,0.13043478260869565
0.2,0.3,0.2,2.0,23,0.043478260869565216,0.782608695652174,0.21739130434782608,0.13043478260869565
0.2,0.3,0.2,3.0,23,0.043478260869565216,0.782608695652174,0.13043478260869565,0.13043478260869565
0.2,0.3,0.33,1.0,23,0.4782608695652174,0.7391304347826086,0.6086956521739131,0.17391304347826086
0.2,0.3,0.33,1.25,23,0.08695652173913043,0.7391304347826086,0.2608695652173913,0.17391304347826086
0.2,0.3,0.33,1.5,23,0.08695652173913043,0.7391304347826086,0.21739130434782608,0.17391304347826086
0.2,0.3,0.33,2.0,23,0.043478260869565216,0.7391304347826086,0.21739130434782608,0.17391304347826086
0.2,0.3,0.33,3.0,23,0.043478260869565216,0.7391304347826086,0.13043478260869565,0.17391304347826086
0.2,0.3,0.5,1.0,23,0.43478260869565216,0.6521739130434783,0.4782608695652174,0.2608695652173913
0.2,0.3,0.5,1.25,23,0.08695652173913043,0.6521739130434783,0.2608695652173913,0.2608695652173913
0.2,0.3,0.5,1.5,23,0.08695652173913043,0.6521739130434783,0.21739130434782608,0.2608695652173913
0.2,0.3,0.5,2.0,23,0.043478260869565216,0.6521739130434783,0.21739130434782608,0.2608695652173913
0.2,0.3,0.5,3.0,23,0.043478260869565216,0.6521739130434783,0.13043478260869565,0.2608695652173913
0.2,0.3,0.67,1.0,23,0.2608695652173913,0.34782608695652173,0.391304347826087,0.4782608695652174
0.2,0.3,0.67,1.25,23,0.08695652173913043,0.34782608695652173,0.2608695652173913,0.4782608695652174
0.2,0.3,0.67,1.5,23,0.08695652173913043,0.34782608695652173,0.17391304347826086,0.4782608695652174
0.2,0.3,0.67,2.0,23,0.043478260869565216,0.34782608695652173,0.17391304347826086,0.4782608695652174
0.2,0.3,0.67,3.0,23,0.043478260869565216,0.34782608695652173,0.08695652173913043,0.4782608695652174
0.2,0.5,0.0,1.0,23,0.5217391304347826,0.7391304347826086,0.5652173913043478,0.13043478260869565
0.2,0.5,0.0,1.25,23,0.13043478260869565,0.7391304347826086,0.21739130434782608,0.13043478260869565
0.2,0.5,0.0,1.5,23,0.08695652173913043,0.7391304347826086,0.17391304347826086,0.13043478260869565
0.2,0.5,0.0,2.0,23,0.043478260869565216,0.7391304347826086,0.17391304347826086,0.13043478260869565
0.2,0.5,0.0,3.0,23,0.043478260869565216,0.7391304347826086,0.13043478260869565,0.13043478260869565
0.2,0.5,0.2,1.0,23,0.5217391304347826,0.7391304347826086,0.5652173913043478,0.13043478260869565
0.2,0.5,0.2,1.25,23,0.13043478260869565,0.7391304347826086,0.21739130434782608,0.13043478260869565
0.2,0.5,0.2,1.5,23,0.08695652173913043,0.7391304347826086,0.17391304347826086,0.13043478260869565
0.2,0.5,0.2,2.0,23,0.043478260869565216,0.7391304347826086,0.17391304347826086,0.13043478260869565
0.2,0.5,0.2,3.0,23,0.043478260869565216,0.7391304347826086,0.13043478260869565,0.13043478260869565
0.2,0.5,0.33,1.0,23,0.4782608695652174,0.6956521739130435,0.5652173913043478,0.17391304347826086
0.2,0.5,0.33,1.25,23,0.08695652173913043,0.6956521739130435,0.21739130434782608,0.17391304347826086
0.2,0.5,0.33,1.5,23,0.08695652173913043,0.6956521739130435,0.17391304347826086,0.17391304347826086
0.2,0.5,0.33,2.0,23,0.043478260869565216,0.6956521739130435,0.17391304347826086,0.17391304347826086
0.2,0.5,0.33,3.0,23,0.043478260869565216,0.6956521739130435,0.13043478260869565,0.17391304347826086
0.2,0.5,0.5,1.0,23,0.43478260869565216,0.6086956521739131,0.391304347826087,0.2608695652173913
0.2,0.5,0.5,1.25,23,0.08695652173913043,0.6086956521739131,0.21739130434782608,0.2608695652173913
0.2,0.5,0.5,1.5,23,0.08695652173913043,0.6086956521739131,0.17391304347826086,0.2608695652173913
0.2,0.5,0.5,2.0,23,0.043478260869565216,0.6086956521739131,0.17391304347826086,0.2608695652173913
0.2,0.5,0.5,3.0,23,0.043478260869565216,0.6086956521739131,0.13043478260869565,0.2608695652173913
0.2,0.5,0.67,1.0,23,0.2608695652173913,0.30434782608695654,0.30434782608695654,0.5217391304347826
0.2,0.5,0.67,1.25,23,0.08695652173913043,0.30434782608695654,0.21739130434782608,0.5217391304347826
0.2,0.5,0.67,1.5,23,0.08695652173913043,0.30434782608695654,0.13043478260869565,0.5217391304347826
0.2,0.5,0.67,2.0,23,0.043478260869565216,0.30434782608695654,0.13043478260869565,0.5217391304347826
0.2,0.5,0.67,3.0,23,0.043478260869565216,0.30434782608695654,0.08695652173913043,0.5217391304347826
0.2,0.7,0.0,1.0,23,0.391304347826087,0.5217391304347826,0.30434782608695654,0.43478260869565216
0.2,0.7,0.0,1.25,23,0.08695652173913043,0.5217391304347826,0.043478260869565216,0.43478260869565216
0.2,0.7,0.0,1.5,23,0.043478260869565216,0.5217391304347826,0.043478260869565216,0.43478260869565216
0.2,0.7,0.0,2.0,23,0.0,0.5217391304347826,0.043478260869565216,0.43478260869565216
0.2,0.7,0.0,3.0,23,0.0,0.5217391304347826,0.043478260869565216,0.43478260869565216
0.2,0.7,0.2,1.0,23,0.391304347826087,0.5217391304347826,0.30434782608695654,0.43478260869565216
0.2,0.7,0.2,1.25,23,0.08695652173913043,0.5217391304347826,0.043478260869565216,0.43478260869565216
0.2,0.7,0.2,1.5,23,0.043478260869565216,0.5217391304347826,0.043478260869565216,0.43478260869565216
0.2,0.7,0.2,2.0,23,0.0,0.5217391304347826,0.043478260869565216,0.43478260869565216
0.2,0.7,0.2,3.0,23,0.0,0.5217391304347826,0.043478260869565216,0.43478260869565216
0.2,0.7,0.33,1.0,23,0.34782608695652173,0.4782608695652174,0.30434782608695654,0.4782608695652174
0.2,0.7,0.33,1.25,23,0.043478260869565216,0.4782608695652174,0.043478260869565216,0.4782608695652174
0.2,0.7,0.33,1.5,23,0.043478260869565216,0.4782608695652174,0.043478260869565216,0.4782608695652174
0.2,0.7,0.33,2.0,23,0.0,0.4782608695652174,0.043478260869565216,0.4782608695652174
0.2,0.7,0.33,3.0,23,0.0,0.4782608695652174,0.043478260869565216,0.4782608695652174
0.2,0.7,0.5,1.0,23,0.30434782608695654,0.391304347826087,0.21739130434782608,0.5652173913043478
0.2,0.7,0.5,1.25,23,0.043478260869565216,0.391304347826087,0.043478260869565216,0.5652173913043478
0.2,0.7,0.5,1.5,23,0.043478260869565216,0.391304347826087,0.043478260869565216,0.5652173913043478
0.2,0.7,0.5,2.0,23,0.0,0.391304347826087,0.043478260869565216,0.5652173913043478
0.2,0.7,0.5,3.0,23,0.0,0.391304347826087,0.043478260869565216,0.5652173913043478
0.2,0.7,0.67,1.0,23,0.13043478260869565,0.13043478260869565,0.08695652173913043,0.8695652173913043
0.2,0.7,0.67,1.25,23,0.043478260869565216,0.13043478260869565,0.0,0.8695652173913043
0.2,0.7,0.67,1.5,23,0.043478260869565216,0.13043478260869565,0.0,0.8695652173913043
0.2,0.7,0.67,2.0,23,0.0,0.13043478260869565,0.0,0.8695652173913043
0.2,0.7,0.67,3.0,23,0.0,0.13043478260869565,0.0,0.8695652173913043
0.3,0.0,0.0,1.0,23,0.4782608695652174,0.782608695652174,0.6086956521739131,0.17391304347826086
0.3,0.0,0.0,1.25,23,0.08695652173913043,0.782608695652174,0.30434782608695654,0.17391304347826086
0.3,0.0,0.0,1.5,23,0.08695652173913043,0.782608695652174,0.2608695652173913,0.17391304347826086
0.3,0.0,0.0,2.0,23,0.043478260869565216,0.782608695652174,0.21739130434782608,0.17391304347826086
0.3,0.0,0.0,3.0,23,0.043478260869565216,0.782608695652174,0.13043478260869565,0.17391304347826086
0.3,0.0,0.2,1.0,23,0.4782608695652174,0.782608695652174,0.6086956521739131,0.17391304347826086
0.3,0.0,0.2,1.25,23,0.08695652173913043,0.782608695652174,0.30434782608695654,0.17391304347826086
0.3,0.0,0.2,1.5,23,0.08695652173913043,0.782608695652174,0.2608695652173913,0.17391304347826086
0.3,0.0,0.2,2.0,23,0.043478260869565216,0.782608695652174,0.21739130434782608,0.17391304347826086
0.3,0.0,0.2,3.0,23,0.043478260869565216,0.782608695652174,0.13043478260869565,0.17391304347826086
0.3,0.0,0.33,1.0,23,0.4782608695652174,0.782608695652174,0.6086956521739131,0.17391304347826086
0.3,0.0,0.33,1.25,23,0.08695652173913043,0.782608695652174,0.30434782608695654,0.17391304347826086
0.3,0.0,0.33,1.5,23,0.08695652173913043,0.782608695652174,0.2608695652173913,0.17391304347826086
0.3,0.0,0.33,2.0,23,0.043478260869565216,0.782608695652174,0.21739130434782608,0.17391304347826086
0.3,0.0,0.33,3.0,23,0.043478260869565216,0.782608695652174,0.13043478260869565,0.17391304347826086
0.3,0.0,0.5,1.0,23,0.43478260869565216,0.6956521739130435,0.5217391304347826,0.2608695652173913
0.3,0.0,0.5,1.25,23,0.08695652173913043,0.6956521739130435,0.30434782608695654,0.2608695652173913
0.3,0.0,0.5,1.5,23,0.08695652173913043,0.6956521739130435,0.2608695652173913,0.2608695652173913
0.3,0.0,0.5,2.0,23,0.043478260869565216,0.6956521739130435,0.21739130434782608,0.2608695652173913
0.3,0.0,0.5,3.0,23,0.043478260869565216,0.6956521739130435,0.13043478260869565,0.2608695652173913
0.3,0.0,0.67,1.0,23,0.2608695652173913,0.391304347826087,0.43478260869565216,0.43478260869565216
0.3,0.0,0.67,1.25,23,0.08695652173913043,0.391304347826087,0.30434782608695654,0.43478260869565216
0.3,0.0,0.67,1.5,23,0.08695652173913043,0.391304347826087,0.21739130434782608,0.43478260869565216
0.3,0.0,0.67,2.0,23,0.043478260869565216,0.391304347826087,0.17391304347826086,0.43478260869565216
0.3,0.0,0.67,3.0,23,0.043478260869565216,0.391304347826087,0.08695652173913043,0.43478260869565216
0.3,0.05,0.0,1.0,23,0.4782608695652174,0.782608695652174,0.6086956521739131,0.17391304347826086
0.3,0.05,0.0,1.25,23,0.08695652173913043,0.782608695652174,0.30434782608695654,0.17391304347826086
0.3,0.05,0.0,1.5,23,0.08695652173913043,0.782608695652174,0.2608695652173913,0.17391304347826086
0.3,0.05,0.0,2.0,23,0.043478260869565216,0.782608695652174,0.21739130434782608,0.17391304347826086
0.3,0.05,0.0,3.0,23,0.043478260869565216,0.782608695652174,0.13043478260869565,0.17391304347826086
0.3,0.05,0.2,1.0,23,0.4782608695652174,0.782608695652174,0.6086956521739131,0.17391304347826086
0.3,0.05,0.2,1.25,23,0.08695652173913043,0.782608695652174,0.30434782608695654,0.17391304347826086
0.3,0.05,0.2,1.5,23,0.08695652173913043,0.782608695652174,0.2608695652173913,0.17391304347826086
0.3,0.05,0.2,2.0,23,0.043478260869565216,0.782608695652174,0.21739130434782608,0.17391304347826086
0.3,0.05,0.2,3.0,23,0.043478260869565216,0.782608695652174,0.13043478260869565,0.17391304347826086
0.3,0.05,0.33,1.0,23,0.4782608695652174,0.782608695652174,0.6086956521739131,0.17391304347826086
0.3,0.05,0.33,1.25,23,0.08695652173913043,0.782608695652174,0.30434782608695654,0.17391304347826086
0.3,0.05,0.33,1.5,23,0.08695652173913043,0.782608695652174,0.2608695652173913,0.17391304347826086
0.3,0.05,0.33,2.0,23,0.043478260869565216,0.782608695652174,0.21739130434782608,0.17391304347826086
0.3,0.05,0.33,3.0,23,0.043478260869565216,0.782608695652174,0.13043478260869565,0.17391304347826086
0.3,0.05,0.5,1.0,23,0.43478260869565216,0.6956521739130435,0.5217391304347826,0.2608695652173913
0.3,0.05,0.5,1.25,23,0.08695652173913043,0.6956521739130435,0.30434782608695654,0.2608695652173913
0.3,0.05,0.5,1.5,23,0.08695652173913043,0.6956521739130435,0.2608695652173913,0.2608695652173913
0.3,0.05,0.5,2.0,23,0.043478260869565216,0.6956521739130435,0.21739130434782608,0.2608695652173913
0.3,0.05,0.5,3.0,23,0.043478260869565216,0.6956521739130435,0.13043478260869565,0.2608695652173913
0.3,0.05,0.67,1.0,23,0.2608695652173913,0.391304347826087,0.43478260869565216,0.43478260869565216
0.3,0.05,0.67,1.25,23,0.08695652173913043,0.391304347826087,0.30434782608695654,0.43478260869565216
0.3,0.05,0.67,1.5,23,0.08695652173913043,0.391304347826087,0.21739130434782608,0.43478260869565216
0.3,0.05,0.67,2.0,23,0.043478260869565216,0.391304347826087,0.17391304347826086,0.43478260869565216
0.3,0.05,0.67,3.0,23,0.043478260869565216,0.391304347826087,0.08695652173913043,0.43478260869565216
0.3,0.135,0.0,1.0,23,0.4782608695652174,0.782608695652174,0.6086956521739131,0.17391304347826086
0.3,0.135,0.0,1.25,23,0.08695652173913043,0.782608695652174,0.30434782608695654,0.17391304347826086
0.3,0.135,0.0,1.5,23,0.08695652173913043,0.782608695652174,0.2608695652173913,0.17391304347826086
0.3,0.135,0.0,2.0,23,0.043478260869565216,0.782608695652174,0.21739130434782608,0.17391304347826086
0.3,0.135,0.0,3.0,23,0.043478260869565216,0.782608695652174,0.13043478260869565,0.17391304347826086
0.3,0.135,0.2,1.0,23,0.4782608695652174,0.782608695652174,0.6086956521739131,0.17391304347826086
0.3,0.135,0.2,1.25,23,0.08695652173913043,0.782608695652174,0.30434782608695654,0.17391304347826086
0.3,0.135,0.2,1.5,23,0.08695652173913043,0.782608695652174,0.2608695652173913,0.17391304347826086
0.3,0.135,0.2,2.0,23,0.043478260869565216,0.782608695652174,0.21739130434782608,0.17391304347826086
0.3,0.135,0.2,3.0,23,0.043478260869565216,0.782608695652174,0.13043478260869565,0.17391304347826086
0.3,0.135,0.33,1.0,23,0.4782608695652174,0.782608695652174,0.6086956521739131,0.17391304347826086
0.3,0.135,0.33,1.25,23,0.08695652173913043,0.782608695652174,0.30434782608695654,0.17391304347826086
0.3,0.135,0.33,1.5,23,0.08695652173913043,0.782608695652174,0.2608695652173913,0.17391304347826086
0.3,0.135,0.33,2.0,23,0.043478260869565216,0.782608695652174,0.21739130434782608,0.17391304347826086
0.3,0.135,0.33,3.0,23,0.043478260869565216,0.782608695652174,0.13043478260869565,0.17391304347826086
0.3,0.135,0.5,1.0,23,0.43478260869565216,0.6956521739130435,0.5217391304347826,0.2608695652173913
0.3,0.135,0.5,1.25,23,0.08695652173913043,0.6956521739130435,0.30434782608695654,0.2608695652173913
0.3,0.135,0.5,1.5,23,0.08695652173913043,0.6956521739130435,0.2608695652173913,0.2608695652173913
0.3,0.135,0.5,2.0,23,0.043478260869565216,0.6956521739130435,0.21739130434782608,0.2608695652173913
0.3,0.135,0.5,3.0,23,0.043478260869565216,0.6956521739130435,0.13043478260869565,0.2608695652173913
0.3,0.135,0.67,1.0,23,0.2608695652173913,0.391304347826087,0.43478260869565216,0.43478260869565216
0.3,0.135,0.67,1.25,23,0.08695652173913043,0.391304347826087,0.30434782608695654,0.43478260869565216
0.3,0.135,0.67,1.5,23,0.08695652173913043,0.391304347826087,0.21739130434782608,0.43478260869565216
0.3,0.135,0.67,2.0,23,0.043478260869565216,0.391304347826087,0.17391304347826086,0.43478260869565216
0.3,0.135,0.67,3.0,23,0.043478260869565216,0.391304347826087,0.08695652173913043,0.43478260869565216
0.3,0.3,0.0,1.0,23,0.4782608695652174,0.7391304347826086,0.5652173913043478,0.21739130434782608
0.3,0.3,0.0,1.25,23,0.08695652173913043,0.7391304347826086,0.2608695652173913,0.21739130434782608
0.3,0.3,0.0,1.5,23,0.08695652173913043,0.7391304347826086,0.21739130434782608,0.21739130434782608
0.3,0.3,0.0,2.0,23,0.043478260869565216,0.7391304347826086,0.21739130434782608,0.21739130434782608
0.3,0.3,0.0,3.0,23,0.043478260869565216,0.7391304347826086,0.13043478260869565,0.21739130434782608
0.3,0.3,0.2,1.0,23,0.4782608695652174,0.7391304347826086,0.5652173913043478,0.21739130434782608
0.3,0.3,0.2,1.25,23,0.08695652173913043,0.7391304347826086,0.2608695652173913,0.21739130434782608
0.3,0.3,0.2,1.5,23,0.08695652173913043,0.7391304347826086,0.21739130434782608,0.21739130434782608
0.3,0.3,0.2,2.0,23,0.043478260869565216,0.7391304347826086,0.21739130434782608,0.21739130434782608
0.3,0.3,0.2,3.0,23,0.043478260869565216,0.7391304347826086,0.13043478260869565,0.21739130434782608
0.3,0.3,0.33,1.0,23,0.4782608695652174,0.7391304347826086,0.5652173913043478,0.21739130434782608
0.3,0.3,0.33,1.25,23,0.08695652173913043,0.7391304347826086,0.2608695652173913,0.21739130434782608
0.3,0.3,0.33,1.5,23,0.08695652173913043,0.7391304347826086,0.21739130434782608,0.21739130434782608
0.3,0.3,0.33,2.0,23,0.043478260869565216,0.7391304347826086,0.21739130434782608,0.21739130434782608
0.3,0.3,0.33,3.0,23,0.043478260869565216,0.7391304347826086,0.13043478260869565,0.21739130434782608
0.3,0.3,0.5,1.0,23,0.43478260869565216,0.6521739130434783,0.4782608695652174,0.30434782608695654
0.3,0.3,0.5,1.25,23,0.08695652173913043,0.6521739130434783,0.2608695652173913,0.30434782608695654
0.3,0.3,0.5,1.5,23,0.08695652173913043,0.6521739130434783,0.21739130434782608,0.30434782608695654
0.3,0.3,0.5,2.0,23,0.043478260869565216,0.6521739130434783,0.21739130434782608,0.30434782608695654
0.3,0.3,0.5,3.0,23,0.043478260869565216,0.6521739130434783,0.13043478260869565,0.30434782608695654
0.3,0.3,0.67,1.0,23,0.2608695652173913,0.34782608695652173,0.391304347826087,0.4782608695652174
0.3,0.3,0.67,1.25,23,0.08695652173913043,0.34782608695652173,0.2608695652173913,0.4782608695652174
0.3,0.3,0.67,1.5,23,0.08695652173913043,0.34782608695652173,0.17391304347826086,0.4782608695652174
0.3,0.3,0.67,2.0,23,0.043478260869565216,0.34782608695652173,0.17391304347826086,0.4782608695652174
0.3,0.3,0.67,3.0,23,0.043478260869565216,0.34782608695652173,0.08695652173913043,0.4782608695652174
0.3,0.5,0.0,1.0,23,0.4782608695652174,0.6956521739130435,0.5217391304347826,0.21739130434782608
0.3,0.5,0.0,1.25,23,0.08695652173913043,0.6956521739130435,0.21739130434782608,0.21739130434782608
0.3,0.5,0.0,1.5,23,0.08695652173913043,0.6956521739130435,0.17391304347826086,0.21739130434782608
0.3,0.5,0.0,2.0,23,0.043478260869565216,0.6956521739130435,0.17391304347826086,0.21739130434782608
0.3,0.5,0.0,3.0,23,0.043478260869565216,0.6956521739130435,0.13043478260869565,0.21739130434782608
0.3,0.5,0.2,1.0,23,0.4782608695652174,0.6956521739130435,0.5217391304347826,0.21739130434782608
0.3,0.5,0.2,1.25,23,0.08695652173913043,0.6956521739130435,0.21739130434782608,0.21739130434782608
0.3,0.5,0.2,1.5,23,0.08695652173913043,0.6956521739130435,0.17391304347826086,0.21739130434782608
0.3,0.5,0.2,2.0,23,0.043478260869565216,0.6956521739130435,0.17391304347826086,0.21739130434782608
0.3,0.5,0.2,3.0,23,0.043478260869565216,0.6956521739130435,0.13043478260869565,0.21739130434782608
0.3,0.5,0.33,1.0,23,0.4782608695652174,0.6956521739130435,0.5217391304347826,0.21739130434782608
0.3,0.5,0.33,1.25,23,0.08695652173913043,0.6956521739130435,0.21739130434782608,0.21739130434782608
0.3,0.5,0.33,1.5,23,0.08695652173913043,0.6956521739130435,0.17391304347826086,0.21739130434782608
0.3,0.5,0.33,2.0,23,0.043478260869565216,0.6956521739130435,0.17391304347826086,0.21739130434782608
0.3,0.5,0.33,3.0,23,0.043478260869565216,0.6956521739130435,0.13043478260869565,0.21739130434782608
0.3,0.5,0.5,1.0,23,0.43478260869565216,0.6086956521739131,0.391304347826087,0.30434782608695654
0.3,0.5,0.5,1.25,23,0.08695652173913043,0.6086956521739131,0.21739130434782608,0.30434782608695654
0.3,0.5,0.5,1.5,23,0.08695652173913043,0.6086956521739131,0.17391304347826086,0.30434782608695654
0.3,0.5,0.5,2.0,23,0.043478260869565216,0.6086956521739131,0.17391304347826086,0.30434782608695654
0.3,0.5,0.5,3.0,23,0.043478260869565216,0.6086956521739131,0.13043478260869565,0.30434782608695654
0.3,0.5,0.67,1.0,23,0.2608695652173913,0.30434782608695654,0.30434782608695654,0.5217391304347826
0.3,0.5,0.67,1.25,23,0.08695652173913043,0.30434782608695654,0.21739130434782608,0.5217391304347826
0.3,0.5,0.67,1.5,23,0.08695652173913043,0.30434782608695654,0.13043478260869565,0.5217391304347826
0.3,0.5,0.67,2.0,23,0.043478260869565216,0.30434782608695654,0.13043478260869565,0.5217391304347826
0.3,0.5,0.67,3.0,23,0.043478260869565216,0.30434782608695654,0.08695652173913043,0.5217391304347826
0.3,0.7,0.0,1.0,23,0.34782608695652173,0.4782608695652174,0.30434782608695654,0.5217391304347826
0.3,0.7,0.0,1.25,23,0.043478260869565216,0.4782608695652174,0.043478260869565216,0.5217391304347826
0.3,0.7,0.0,1.5,23,0.043478260869565216,0.4782608695652174,0.043478260869565216,0.5217391304347826
0.3,0.7,0.0,2.0,23,0.0,0.4782608695652174,0.043478260869565216,0.5217391304347826
0.3,0.7,0.0,3.0,23,0.0,0.4782608695652174,0.043478260869565216,0.5217391304347826
0.3,0.7,0.2,1.0,23,0.34782608695652173,0.4782608695652174,0.30434782608695654,0.5217391304347826
0.3,0.7,0.2,1.25,23,0.043478260869565216,0.4782608695652174,0.043478260869565216,0.5217391304347826
0.3,0.7,0.2,1.5,23,0.043478260869565216,0.4782608695652174,0.043478260869565216,0.5217391304347826
0.3,0.7,0.2,2.0,23,0.0,0.4782608695652174,0.043478260869565216,0.5217391304347826
0.3,0.7,0.2,3.0,23,0.0,0.4782608695652174,0.043478260869565216,0.5217391304347826
0.3,0.7,0.33,1.0,23,0.34782608695652173,0.4782608695652174,0.30434782608695654,0.5217391304347826
0.3,0.7,0.33,1.25,23,0.043478260869565216,0.4782608695652174,0.043478260869565216,0.5217391304347826
0.3,0.7,0.33,1.5,23,0.043478260869565216,0.4782608695652174,0.043478260869565216,0.5217391304347826
0.3,0.7,0.33,2.0,23,0.0,0.4782608695652174,0.043478260869565216,0.5217391304347826
0.3,0.7,0.33,3.0,23,0.0,0.4782608695652174,0.043478260869565216,0.5217391304347826
0.3,0.7,0.5,1.0,23,0.30434782608695654,0.391304347826087,0.21739130434782608,0.6086956521739131
0.3,0.7,0.5,1.25,23,0.043478260869565216,0.391304347826087,0.043478260869565216,0.6086956521739131
0.3,0.7,0.5,1.5,23,0.043478260869565216,0.391304347826087,0.043478260869565216,0.6086956521739131
0.3,0.7,0.5,2.0,23,0.0,0.391304347826087,0.043478260869565216,0.6086956521739131
0.3,0.7,0.5,3.0,23,0.0,0.391304347826087,0.043478260869565216,0.6086956521739131
0.3,0.7,0.67,1.0,23,0.13043478260869565,0.13043478260869565,0.08695652173913043,0.8695652173913043
0.3,0.7,0.67,1.25,23,0.043478260869565216,0.13043478260869565,0.0,0.8695652173913043
0.3,0.7,0.67,1.5,23,0.043478260869565216,0.13043478260869565,0.0,0.8695652173913043
0.3,0.7,0.67,2.0,23,0.0,0.13043478260869565,0.0,0.8695652173913043
0.3,0.7,0.67,3.0,23,0.0,0.13043478260869565,0.0,0.8695652173913043
0.4,0.0,0.0,1.0,23,0.5652173913043478,0.7391304347826086,0.6086956521739131,0.21739130434782608
0.4,0.0,0.0,1.25,23,0.13043478260869565,0.7391304347826086,0.21739130434782608,0.21739130434782608
0.4,0.0,0.0,1.5,23,0.13043478260869565,0.7391304347826086,0.17391304347826086,0.21739130434782608
0.4,0.0,0.0,2.0,23,0.08695652173913043,0.7391304347826086,0.17391304347826086,0.21739130434782608
0.4,0.0,0.0,3.0,23,0.043478260869565216,0.7391304347826086,0.13043478260869565,0.21739130434782608
0.4,0.0,0.2,1.0,23,0.5652173913043478,0.7391304347826086,0.6086956521739131,0.21739130434782608
0.4,0.0,0.2,1.25,23,0.13043478260869565,0.7391304347826086,0.21739130434782608,0.21739130434782608
0.4,0.0,0.2,1.5,23,0.13043478260869565,0.7391304347826086,0.17391304347826086,0.21739130434782608
0.4,0.0,0.2,2.0,23,0.08695652173913043,0.7391304347826086,0.17391304347826086,0.21739130434782608
0.4,0.0,0.2,3.0,23,0.043478260869565216,0.7391304347826086,0.13043478260869565,0.21739130434782608
0.4,0.0,0.33,1.0,23,0.5652173913043478,0.7391304347826086,0.6086956521739131,0.21739130434782608
0.4,0.0,0.33,1.25,23,0.13043478260869565,0.7391304347826086,0.21739130434782608,0.21739130434782608
0.4,0.0,0.33,1.5,23,0.13043478260869565,0.7391304347826086,0.17391304347826086,0.21739130434782608
0.4,0.0,0.33,2.0,23,0.08695652173913043,0.7391304347826086,0.17391304347826086,0.21739130434782608
0.4,0.0,0.33,3.0,23,0.043478260869565216,0.7391304347826086,0.13043478260869565,0.21739130434782608
0.4,0.0,0.5,1.0,23,0.4782608695652174,0.6521739130434783,0.43478260869565216,0.30434782608695654
0.4,0.0,0.5,1.25,23,0.13043478260869565,0.6521739130434783,0.21739130434782608,0.30434782608695654
0.4,0.0,0.5,1.5,23,0.13043478260869565,0.6521739130434783,0.17391304347826086,0.30434782608695654
0.4,0.0,0.5,2.0,23,0.08695652173913043,0.6521739130434783,0.17391304347826086,0.30434782608695654
0.4,0.0,0.5,3.0,23,0.043478260869565216,0.6521739130434783,0.13043478260869565,0.30434782608695654
0.4,0.0,0.67,1.0,23,0.30434782608695654,0.391304347826087,0.34782608695652173,0.4782608695652174
0.4,0.0,0.67,1.25,23,0.13043478260869565,0.391304347826087,0.21739130434782608,0.4782608695652174
0.4,0.0,0.67,1.5,23,0.13043478260869565,0.391304347826087,0.13043478260869565,0.4782608695652174
0.4,0.0,0.67,2.0,23,0.08695652173913043,0.391304347826087,0.13043478260869565,0.4782608695652174
0.4,0.0,0.67,3.0,23,0.043478260869565216,0.391304347826087,0.08695652173913043,0.4782608695652174
0.4,0.05,0.0,1.0,23,0.5652173913043478,0.7391304347826086,0.6086956521739131,0.21739130434782608
0.4,0.05,0.0,1.25,23,0.13043478260869565,0.7391304347826086,0.21739130434782608,0.21739130434782608
0.4,0.05,0.0,1.5,23,0.13043478260869565,0.7391304347826086,0.17391304347826086,0.21739130434782608
0.4,0.05,0.0,2.0,23,0.08695652173913043,0.7391304347826086,0.17391304347826086,0.21739130434782608
0.4,0.05,0.0,3.0,23,0.043478260869565216,0.7391304347826086,0.13043478260869565,0.21739130434782608
0.4,0.05,0.2,1.0,23,0.5652173913043478,0.7391304347826086,0.6086956521739131,0.21739130434782608
0.4,0.05,0.2,1.25,23,0.13043478260869565,0.7391304347826086,0.21739130434782608,0.21739130434782608
0.4,0.05,0.2,1.5,23,0.13043478260869565,0.7391304347826086,0.17391304347826086,0.21739130434782608
0.4,0.05,0.2,2.0,23,0.08695652173913043,0.7391304347826086,0.17391304347826086,0.21739130434782608
0.4,0.05,0.2,3.0,23,0.043478260869565216,0.7391304347826086,0.13043478260869565,0.21739130434782608
0.4,0.05,0.33,1.0,23,0.5652173913043478,0.7391304347826086,0.6086956521739131,0.21739130434782608
0.4,0.05,0.33,1.25,23,0.13043478260869565,0.7391304347826086,0.21739130434782608,0.21739130434782608
0.4,0.05,0.33,1.5,23,0.13043478260869565,0.7391304347826086,0.17391304347826086,0.21739130434782608
0.4,0.05,0.33,2.0,23,0.08695652173913043,0.7391304347826086,0.17391304347826086,0.21739130434782608
0.4,0.05,0.33,3.0,23,0.043478260869565216,0.7391304347826086,0.13043478260869565,0.21739130434782608
0.4,0.05,0.5,1.0,23,0.4782608695652174,0.6521739130434783,0.43478260869565216,0.30434782608695654
0.4,0.05,0.5,1.25,23,0.13043478260869565,0.6521739130434783,0.21739130434782608,0.30434782608695654
0.4,0.05,0.5,1.5,23,0.13043478260869565,0.6521739130434783,0.17391304347826086,0.30434782608695654
0.4,0.05,0.5,2.0,23,0.08695652173913043,0.6521739130434783,0.17391304347826086,0.30434782608695654
0.4,0.05,0.5,3.0,23,0.043478260869565216,0.6521739130434783,0.13043478260869565,0.30434782608695654
0.4,0.05,0.67,1.0,23,0.30434782608695654,0.391304347826087,0.34782608695652173,0.4782608695652174
0.4,0.05,0.67,1.25,23,0.13043478260869565,0.391304347826087,0.21739130434782608,0.4782608695652174
0.4,0.05,0.67,1.5,23,0.13043478260869565,0.391304347826087,0.13043478260869565,0.4782608695652174
0.4,0.05,0.67,2.0,23,0.08695652173913043,0.391304347826087,0.13043478260869565,0.4782608695652174
0.4,0.05,0.67,3.0,23,0.043478260869565216,0.391304347826087,0.08695652173913043,0.4782608695652174
0.4,0.135,0.0,1.0,23,0.5652173913043478,0.7391304347826086,0.6086956521739131,0.21739130434782608
0.4,0.135,0.0,1.25,23,0.13043478260869565,0.7391304347826086,0.21739130434782608,0.21739130434782608
0.4,0.135,0.0,1.5,23,0.13043478260869565,0.7391304347826086,0.17391304347826086,0.21739130434782608
0.4,0.135,0.0,2.0,23,0.08695652173913043,0.7391304347826086,0.17391304347826086,0.21739130434782608
0.4,0.135,0.0,3.0,23,0.043478260869565216,0.7391304347826086,0.13043478260869565,0.21739130434782608
0.4,0.135,0.2,1.0,23,0.5652173913043478,0.7391304347826086,0.6086956521739131,0.21739130434782608
0.4,0.135,0.2,1.25,23,0.13043478260869565,0.7391304347826086,0.21739130434782608,0.21739130434782608
0.4,0.135,0.2,1.5,23,0.13043478260869565,0.7391304347826086,0.17391304347826086,0.21739130434782608
0.4,0.135,0.2,2.0,23,0.08695652173913043,0.7391304347826086,0.17391304347826086,0.21739130434782608
0.4,0.135,0.2,3.0,23,0.043478260869565216,0.7391304347826086,0.13043478260869565,0.21739130434782608
0.4,0.135,0.33,1.0,23,0.5652173913043478,0.7391304347826086,0.6086956521739131,0.21739130434782608
0.4,0.135,0.33,1.25,23,0.13043478260869565,0.7391304347826086,0.21739130434782608,0.21739130434782608
0.4,0.135,0.33,1.5,23,0.13043478260869565,0.7391304347826086,0.17391304347826086,0.21739130434782608
0.4,0.135,0.33,2.0,23,0.08695652173913043,0.7391304347826086,0.17391304347826086,0.21739130434782608
0.4,0.135,0.33,3.0,23,0.043478260869565216,0.7391304347826086,0.13043478260869565,0.21739130434782608
0.4,0.135,0.5,1.0,23,0.4782608695652174,0.6521739130434783,0.43478260869565216,0.30434782608695654
0.4,0.135,0.5,1.25,23,0.13043478260869565,0.6521739130434783,0.21739130434782608,0.30434782608695654
0.4,0.135,0.5,1.5,23,0.13043478260869565,0.6521739130434783,0.17391304347826086,0.30434782608695654
0.4,0.135,0.5,2.0,23,0.08695652173913043,0.6521739130434783,0.17391304347826086,0.30434782608695654
0.4,0.135,0.5,3.0,23,0.043478260869565216,0.6521739130434783,0.13043478260869565,0.30434782608695654
0.4,0.135,0.67,1.0,23,0.30434782608695654,0.391304347826087,0.34782608695652173,0.4782608695652174
0.4,0.135,0.67,1.25,23,0.13043478260869565,0.391304347826087,0.21739130434782608,0.4782608695652174
0.4,0.135,0.67,1.5,23,0.13043478260869565,0.391304347826087,0.13043478260869565,0.4782608695652174
0.4,0.135,0.67,2.0,23,0.08695652173913043,0.391304347826087,0.13043478260869565,0.4782608695652174
0.4,0.135,0.67,3.0,23,0.043478260869565216,0.391304347826087,0.08695652173913043,0.4782608695652174
0.4,0.3,0.0,1.0,23,0.5217391304347826,0.6956521739130435,0.6086956521739131,0.2608695652173913
0.4,0.3,0.0,1.25,23,0.08695652173913043,0.6956521739130435,0.21739130434782608,0.2608695652173913
0.4,0.3,0.0,1.5,23,0.08695652173913043,0.6956521739130435,0.17391304347826086,0.2608695652173913
0.4,0.3,0.0,2.0,23,0.043478260869565216,0.6956521739130435,0.17391304347826086,0.2608695652173913
0.4,0.3,0.0,3.0,23,0.043478260869565216,0.6956521739130435,0.13043478260869565,0.2608695652173913
0.4,0.3,0.2,1.0,23,0.5217391304347826,0.6956521739130435,0.6086956521739131,0.2608695652173913
0.4,0.3,0.2,1.25,23,0.08695652173913043,0.6956521739130435,0.21739130434782608,0.2608695652173913
0.4,0.3,0.2,1.5,23,0.08695652173913043,0.6956521739130435,0.17391304347826086,0.2608695652173913
0.4,0.3,0.2,2.0,23,0.043478260869565216,0.6956521739130435,0.17391304347826086,0.2608695652173913
0.4,0.3,0.2,3.0,23,0.043478260869565216,0.6956521739130435,0.13043478260869565,0.2608695652173913
0.4,0.3,0.33,1.0,23,0.5217391304347826,0.6956521739130435,0.6086956521739131,0.2608695652173913
0.4,0.3,0.33,1.25,23,0.08695652173913043,0.6956521739130435,0.21739130434782608,0.2608695652173913
0.4,0.3,0.33,1.5,23,0.08695652173913043,0.6956521739130435,0.17391304347826086,0.2608695652173913
0.4,0.3,0.33,2.0,23,0.043478260869565216,0.6956521739130435,0.17391304347826086,0.2608695652173913
0.4,0.3,0.33,3.0,23,0.043478260869565216,0.6956521739130435,0.13043478260869565,0.2608695652173913
0.4,0.3,0.5,1.0,23,0.43478260869565216,0.6086956521739131,0.43478260869565216,0.34782608695652173
0.4,0.3,0.5,1.25,23,0.08695652173913043,0.6086956521739131,0.21739130434782608,0.34782608695652173
0.4,0.3,0.5,1.5,23,0.08695652173913043,0.6086956521739131,0.17391304347826086,0.34782608695652173
0.4,0.3,0.5,2.0,23,0.043478260869565216,0.6086956521739131,0.17391304347826086,0.34782608695652173
0.4,0.3,0.5,3.0,23,0.043478260869565216,0.6086956521739131,0.13043478260869565,0.34782608695652173
0.4,0.3,0.67,1.0,23,0.2608695652173913,0.34782608695652173,0.34782608695652173,0.5217391304347826
0.4,0.3,0.67,1.25,23,0.08695652173913043,0.34782608695652173,0.21739130434782608,0.5217391304347826
0.4,0.3,0.67,1.5,23,0.08695652173913043,0.34782608695652173,0.13043478260869565,0.5217391304347826
0.4,0.3,0.67,2.0,23,0.043478260869565216,0.34782608695652173,0.13043478260869565,0.5217391304347826
0.4,0.3,0.67,3.0,23,0.043478260869565216,0.34782608695652173,0.08695652173913043,0.5217391304347826
0.4,0.5,0.0,1.0,23,0.5217391304347826,0.6521739130434783,0.5217391304347826,0.2608695652173913
0.4,0.5,0.0,1.25,23,0.08695652173913043,0.6521739130434783,0.17391304347826086,0.2608695652173913
0.4,0.5,0.0,1.5,23,0.08695652173913043,0.6521739130434783,0.13043478260869565,0.2608695652173913
0.4,0.5,0.0,2.0,23,0.043478260869565216,0.6521739130434783,0.13043478260869565,0.2608695652173913
0.4,0.5,0.0,3.0,23,0.043478260869565216,0.6521739130434783,0.13043478260869565,0.2608695652173913
0.4,0.5,0.2,1.0,23,0.5217391304347826,0.6521739130434783,0.5217391304347826,0.2608695652173913
0.4,0.5,0.2,1.25,23,0.08695652173913043,0.6521739130434783,0.17391304347826086,0.2608695652173913
0.4,0.5,0.2,1.5,23,0.08695652173913043,0.6521739130434783,0.13043478260869565,0.2608695652173913
0.4,0.5,0.2,2.0,23,0.043478260869565216,0.6521739130434783,0.13043478260869565,0.2608695652173913
0.4,0.5,0.2,3.0,23,0.043478260869565216,0.6521739130434783,0.13043478260869565,0.2608695652173913
0.4,0.5,0.33,1.0,23,0.5217391304347826,0.6521739130434783,0.5217391304347826,0.2608695652173913
0.4,0.5,0.33,1.25,23,0.08695652173913043,0.6521739130434783,0.17391304347826086,0.2608695652173913
0.4,0.5,0.33,1.5,23,0.08695652173913043,0.6521739130434783,0.13043478260869565,0.2608695652173913
0.4,0.5,0.33,2.0,23,0.043478260869565216,0.6521739130434783,0.13043478260869565,0.2608695652173913
0.4,0.5,0.33,3.0,23,0.043478260869565216,0.6521739130434783,0.13043478260869565,0.2608695652173913
0.4,0.5,0.5,1.0,23,0.43478260869565216,0.5652173913043478,0.34782608695652173,0.34782608695652173
0.4,0.5,0.5,1.25,23,0.08695652173913043,0.5652173913043478,0.17391304347826086,0.34782608695652173
0.4,0.5,0.5,1.5,23,0.08695652173913043,0.5652173913043478,0.13043478260869565,0.34782608695652173
0.4,0.5,0.5,2.0,23,0.043478260869565216,0.5652173913043478,0.13043478260869565,0.34782608695652173
0.4,0.5,0.5,3.0,23,0.043478260869565216,0.5652173913043478,0.13043478260869565,0.34782608695652173
0.4,0.5,0.67,1.0,23,0.2608695652173913,0.30434782608695654,0.2608695652173913,0.5652173913043478
0.4,0.5,0.67,1.25,23,0.08695652173913043,0.30434782608695654,0.17391304347826086,0.5652173913043478
0.4,0.5,0.67,1.5,23,0.08695652173913043,0.30434782608695654,0.08695652173913043,0.5652173913043478
0.4,0.5,0.67,2.0,23,0.043478260869565216,0.30434782608695654,0.08695652173913043,0.5652173913043478
0.4,0.5,0.67,3.0,23,0.043478260869565216,0.30434782608695654,0.08695652173913043,0.5652173913043478
0.4,0.7,0.0,1.0,23,0.391304347826087,0.4782608695652174,0.30434782608695654,0.5217391304347826
0.4,0.7,0.0,1.25,23,0.043478260869565216,0.4782608695652174,0.043478260869565216,0.5217391304347826
0.4,0.7,0.0,1.5,23,0.043478260869565216,0.4782608695652174,0.043478260869565216,0.5217391304347826
0.4,0.7,0.0,2.0,23,0.0,0.4782608695652174,0.043478260869565216,0.5217391304347826
0.4,0.7,0.0,3.0,23,0.0,0.4782608695652174,0.043478260869565216,0.5217391304347826
0.4,0.7,0.2,1.0,23,0.391304347826087,0.4782608695652174,0.30434782608695654,0.5217391304347826
0.4,0.7,0.2,1.25,23,0.043478260869565216,0.4782608695652174,0.043478260869565216,0.5217391304347826
0.4,0.7,0.2,1.5,23,0.043478260869565216,0.4782608695652174,0.043478260869565216,0.5217391304347826
0.4,0.7,0.2,2.0,23,0.0,0.4782608695652174,0.043478260869565216,0.5217391304347826
0.4,0.7,0.2,3.0,23,0.0,0.4782608695652174,0.043478260869565216,0.5217391304347826
0.4,0.7,0.33,1.0,23,0.391304347826087,0.4782608695652174,0.30434782608695654,0.5217391304347826
0.4,0.7,0.33,1.25,23,0.043478260869565216,0.4782608695652174,0.043478260869565216,0.5217391304347826
0.4,0.7,0.33,1.5,23,0.043478260869565216,0.4782608695652174,0.043478260869565216,0.5217391304347826
0.4,0.7,0.33,2.0,23,0.0,0.4782608695652174,0.043478260869565216,0.5217391304347826
0.4,0.7,0.33,3.0,23,0.0,0.4782608695652174,0.043478260869565216,0.5217391304347826
0.4,0.7,0.5,1.0,23,0.30434782608695654,0.391304347826087,0.21739130434782608,0.6086956521739131
0.4,0.7,0.5,1.25,23,0.043478260869565216,0.391304347826087,0.043478260869565216,0.6086956521739131
0.4,0.7,0.5,1.5,23,0.043478260869565216,0.391304347826087,0.043478260869565216,0.6086956521739131
0.4,0.7,0.5,2.0,23,0.0,0.391304347826087,0.043478260869565216,0.6086956521739131
0.4,0.7,0.5,3.0,23,0.0,0.391304347826087,0.043478260869565216,0.6086956521739131
0.4,0.7,0.67,1.0,23,0.13043478260869565,0.13043478260869565,0.08695652173913043,0.8695652173913043
0.4,0.7,0.67,1.25,23,0.043478260869565216,0.13043478260869565,0.0,0.8695652173913043
0.4,0.7,0.67,1.5,23,0.043478260869565216,0.13043478260869565,0.0,0.8695652173913043
0.4,0.7,0.67,2.0,23,0.0,0.13043478260869565,0.0,0.8695652173913043
0.4,0.7,0.67,3.0,23,0.0,0.13043478260869565,0.0,0.8695652173913043
0.5,0.0,0.0,1.0,23,0.391304347826087,0.5217391304347826,0.34782608695652173,0.43478260869565216
0.5,0.0,0.0,1.25,23,0.13043478260869565,0.5217391304347826,0.17391304347826086,0.43478260869565216
0.5,0.0,0.0,1.5,23,0.13043478260869565,0.5217391304347826,0.13043478260869565,0.43478260869565216
0.5,0.0,0.0,2.0,23,0.08695652173913043,0.5217391304347826,0.13043478260869565,0.43478260869565216
0.5,0.0,0.0,3.0,23,0.043478260869565216,0.5217391304347826,0.08695652173913043,0.43478260869565216
0.5,0.0,0.2,1.0,23,0.391304347826087,0.5217391304347826,0.34782608695652173,0.43478260869565216
0.5,0.0,0.2,1.25,23,0.13043478260869565,0.5217391304347826,0.17391304347826086,0.43478260869565216
0.5,0.0,0.2,1.5,23,0.13043478260869565,0.5217391304347826,0.13043478260869565,0.43478260869565216
0.5,0.0,0.2,2.0,23,0.08695652173913043,0.5217391304347826,0.13043478260869565,0.43478260869565216
0.5,0.0,0.2,3.0,23,0.043478260869565216,0.5217391304347826,0.08695652173913043,0.43478260869565216
0.5,0.0,0.33,1.0,23,0.391304347826087,0.5217391304347826,0.34782608695652173,0.43478260869565216
0.5,0.0,0.33,1.25,23,0.13043478260869565,0.5217391304347826,0.17391304347826086,0.43478260869565216
0.5,0.0,0.33,1.5,23,0.13043478260869565,0.5217391304347826,0.13043478260869565,0.43478260869565216
0.5,0.0,0.33,2.0,23,0.08695652173913043,0.5217391304347826,0.13043478260869565,0.43478260869565216
0.5,0.0,0.33,3.0,23,0.043478260869565216,0.5217391304347826,0.08695652173913043,0.43478260869565216
0.5,0.0,0.5,1.0,23,0.391304347826087,0.5217391304347826,0.34782608695652173,0.43478260869565216
0.5,0.0,0.5,1.25,23,0.13043478260869565,0.5217391304347826,0.17391304347826086,0.43478260869565216
0.5,0.0,0.5,1.5,23,0.13043478260869565,0.5217391304347826,0.13043478260869565,0.43478260869565216
0.5,0.0,0.5,2.0,23,0.08695652173913043,0.5217391304347826,0.13043478260869565,0.43478260869565216
0.5,0.0,0.5,3.0,23,0.043478260869565216,0.5217391304347826,0.08695652173913043,0.43478260869565216
0.5,0.0,0.67,1.0,23,0.30434782608695654,0.391304347826087,0.34782608695652173,0.5217391304347826
0.5,0.0,0.67,1.25,23,0.13043478260869565,0.391304347826087,0.21739130434782608,0.5217391304347826
0.5,0.0,0.67,1.5,23,0.13043478260869565,0.391304347826087,0.13043478260869565,0.5217391304347826
0.5,0.0,0.67,2.0,23,0.08695652173913043,0.391304347826087,0.13043478260869565,0.5217391304347826
0.5,0.0,0.67,3.0,23,0.043478260869565216,0.391304347826087,0.08695652173913043,0.5217391304347826
0.5,0.05,0.0,1.0,23,0.391304347826087,0.5217391304347826,0.34782608695652173,0.43478260869565216
0.5,0.05,0.0,1.25,23,0.13043478260869565,0.5217391304347826,0.17391304347826086,0.43478260869565216
0.5,0.05,0.0,1.5,23,0.13043478260869565,0.5217391304347826,0.13043478260869565,0.43478260869565216
0.5,0.05,0.0,2.0,23,0.08695652173913043,0.5217391304347826,0.13043478260869565,0.43478260869565216
0.5,0.05,0.0,3.0,23,0.043478260869565216,0.5217391304347826,0.08695652173913043,0.43478260869565216
0.5,0.05,0.2,1.0,23,0.391304347826087,0.5217391304347826,0.34782608695652173,0.43478260869565216
0.5,0.05,0.2,1.25,23,0.13043478260869565,0.5217391304347826,0.17391304347826086,0.43478260869565216
0.5,0.05,0.2,1.5,23,0.13043478260869565,0.5217391304347826,0.13043478260869565,0.43478260869565216
0.5,0.05,0.2,2.0,23,0.08695652173913043,0.5217391304347826,0.13043478260869565,0.43478260869565216
0.5,0.05,0.2,3.0,23,0.043478260869565216,0.5217391304347826,0.08695652173913043,0.43478260869565216
0.5,0.05,0.33,1.0,23,0.391304347826087,0.5217391304347826,0.34782608695652173,0.43478260869565216
0.5,0.05,0.33,1.25,23,0.13043478260869565,0.5217391304347826,0.17391304347826086,0.43478260869565216
0.5,0.05,0.33,1.5,23,0.13043478260869565,0.5217391304347826,0.13043478260869565,0.43478260869565216
0.5,0.05,0.33,2.0,23,0.08695652173913043,0.5217391304347826,0.13043478260869565,0.43478260869565216
0.5,0.05,0.33,3.0,23,0.043478260869565216,0.5217391304347826,0.08695652173913043,0.43478260869565216
0.5,0.05,0.5,1.0,23,0.391304347826087,0.5217391304347826,0.34782608695652173,0.43478260869565216
0.5,0.05,0.5,1.25,23,0.13043478260869565,0.5217391304347826,0.17391304347826086,0.43478260869565216
0.5,0.05,0.5,1.5,23,0.13043478260869565,0.5217391304347826,0.13043478260869565,0.43478260869565216
0.5,0.05,0.5,2.0,23,0.08695652173913043,0.5217391304347826,0.13043478260869565,0.43478260869565216
0.5,0.05,0.5,3.0,23,0.043478260869565216,0.5217391304347826,0.08695652173913043,0.43478260869565216
0.5,0.05,0.67,1.0,23,0.30434782608695654,0.391304347826087,0.34782608695652173,0.5217391304347826
0.5,0.05,0.67,1.25,23,0.13043478260869565,0.391304347826087,0.21739130434782608,0.5217391304347826
0.5,0.05,0.67,1.5,23,0.13043478260869565,0.391304347826087,0.13043478260869565,0.5217391304347826
0.5,0.05,0.67,2.0,23,0.08695652173913043,0.391304347826087,0.13043478260869565,0.5217391304347826
0.5,0.05,0.67,3.0,23,0.043478260869565216,0.391304347826087,0.08695652173913043,0.5217391304347826
0.5,0.135,0.0,1.0,23,0.391304347826087,0.5217391304347826,0.34782608695652173,0.43478260869565216
0.5,0.135,0.0,1.25,23,0.13043478260869565,0.5217391304347826,0.17391304347826086,0.43478260869565216
0.5,0.135,0.0,1.5,23,0.13043478260869565,0.5217391304347826,0.13043478260869565,0.43478260869565216
0.5,0.135,0.0,2.0,23,0.08695652173913043,0.5217391304347826,0.13043478260869565,0.43478260869565216
0.5,0.135,0.0,3.0,23,0.043478260869565216,0.5217391304347826,0.08695652173913043,0.43478260869565216
0.5,0.135,0.2,1.0,23,0.391304347826087,0.5217391304347826,0.34782608695652173,0.43478260869565216
0.5,0.135,0.2,1.25,23,0.13043478260869565,0.5217391304347826,0.17391304347826086,0.43478260869565216
0.5,0.135,0.2,1.5,23,0.13043478260869565,0.5217391304347826,0.13043478260869565,0.43478260869565216
0.5,0.135,0.2,2.0,23,0.08695652173913043,0.5217391304347826,0.13043478260869565,0.43478260869565216
0.5,0.135,0.2,3.0,23,0.043478260869565216,0.5217391304347826,0.08695652173913043,0.43478260869565216
0.5,0.135,0.33,1.0,23,0.391304347826087,0.5217391304347826,0.34782608695652173,0.43478260869565216
0.5,0.135,0.33,1.25,23,0.13043478260869565,0.5217391304347826,0.17391304347826086,0.43478260869565216
0.5,0.135,0.33,1.5,23,0.13043478260869565,0.5217391304347826,0.13043478260869565,0.43478260869565216
0.5,0.135,0.33,2.0,23,0.08695652173913043,0.5217391304347826,0.13043478260869565,0.43478260869565216
0.5,0.135,0.33,3.0,23,0.043478260869565216,0.5217391304347826,0.08695652173913043,0.43478260869565216
0.5,0.135,0.5,1.0,23,0.391304347826087,0.5217391304347826,0.34782608695652173,0.43478260869565216
0.5,0.135,0.5,1.25,23,0.13043478260869565,0.5217391304347826,0.17391304347826086,0.43478260869565216
0.5,0.135,0.5,1.5,23,0.13043478260869565,0.5217391304347826,0.13043478260869565,0.43478260869565216
0.5,0.135,0.5,2.0,23,0.08695652173913043,0.5217391304347826,0.13043478260869565,0.43478260869565216
0.5,0.135,0.5,3.0,23,0.043478260869565216,0.5217391304347826,0.08695652173913043,0.43478260869565216
0.5,0.135,0.67,1.0,23,0.30434782608695654,0.391304347826087,0.34782608695652173,0.5217391304347826
0.5,0.135,0.67,1.25,23,0.13043478260869565,0.391304347826087,0.21739130434782608,0.5217391304347826
0.5,0.135,0.67,1.5,23,0.13043478260869565,0.391304347826087,0.13043478260869565,0.5217391304347826
0.5,0.135,0.67,2.0,23,0.08695652173913043,0.391304347826087,0.13043478260869565,0.5217391304347826
0.5,0.135,0.67,3.0,23,0.043478260869565216,0.391304347826087,0.08695652173913043,0.5217391304347826
0.5,0.3,0.0,1.0,23,0.34782608695652173,0.4782608695652174,0.34782608695652173,0.4782608695652174
0.5,0.3,0.0,1.25,23,0.08695652173913043,0.4782608695652174,0.17391304347826086,0.4782608695652174
0.5,0.3,0.0,1.5,23,0.08695652173913043,0.4782608695652174,0.13043478260869565,0.4782608695652174
0.5,0.3,0.0,2.0,23,0.043478260869565216,0.4782608695652174,0.13043478260869565,0.4782608695652174
0.5,0.3,0.0,3.0,23,0.043478260869565216,0.4782608695652174,0.08695652173913043,0.4782608695652174
0.5,0.3,0.2,1.0,23,0.34782608695652173,0.4782608695652174,0.34782608695652173,0.4782608695652174
0.5,0.3,0.2,1.25,23,0.08695652173913043,0.4782608695652174,0.17391304347826086,0.4782608695652174
0.5,0.3,0.2,1.5,23,0.08695652173913043,0.4782608695652174,0.13043478260869565,0.4782608695652174
0.5,0.3,0.2,2.0,23,0.043478260869565216,0.4782608695652174,0.13043478260869565,0.4782608695652174
0.5,0.3,0.2,3.0,23,0.043478260869565216,0.4782608695652174,0.08695652173913043,0.4782608695652174
0.5,0.3,0.33,1.0,23,0.34782608695652173,0.4782608695652174,0.34782608695652173,0.4782608695652174
0.5,0.3,0.33,1.25,23,0.08695652173913043,0.4782608695652174,0.17391304347826086,0.4782608695652174
0.5,0.3,0.33,1.5,23,0.08695652173913043,0.4782608695652174,0.13043478260869565,0.4782608695652174
0.5,0.3,0.33,2.0,23,0.043478260869565216,0.4782608695652174,0.13043478260869565,0.4782608695652174
0.5,0.3,0.33,3.0,23,0.043478260869565216,0.4782608695652174,0.08695652173913043,0.4782608695652174
0.5,0.3,0.5,1.0,23,0.34782608695652173,0.4782608695652174,0.34782608695652173,0.4782608695652174
0.5,0.3,0.5,1.25,23,0.08695652173913043,0.4782608695652174,0.17391304347826086,0.4782608695652174
0.5,0.3,0.5,1.5,23,0.08695652173913043,0.4782608695652174,0.13043478260869565,0.4782608695652174
0.5,0.3,0.5,2.0,23,0.043478260869565216,0.4782608695652174,0.13043478260869565,0.4782608695652174
0.5,0.3,0.5,3.0,23,0.043478260869565216,0.4782608695652174,0.08695652173913043,0.4782608695652174
0.5,0.3,0.67,1.0,23,0.2608695652173913,0.34782608695652173,0.34782608695652173,0.5652173913043478
0.5,0.3,0.67,1.25,23,0.08695652173913043,0.34782608695652173,0.21739130434782608,0.5652173913043478
0.5,0.3,0.67,1.5,23,0.08695652173913043,0.34782608695652173,0.13043478260869565,0.5652173913043478
0.5,0.3,0.67,2.0,23,0.043478260869565216,0.34782608695652173,0.13043478260869565,0.5652173913043478
0.5,0.3,0.67,3.0,23,0.043478260869565216,0.34782608695652173,0.08695652173913043,0.5652173913043478
0.5,0.5,0.0,1.0,23,0.34782608695652173,0.43478260869565216,0.2608695652173913,0.5217391304347826
0.5,0.5,0.0,1.25,23,0.08695652173913043,0.43478260869565216,0.13043478260869565,0.5217391304347826
0.5,0.5,0.0,1.5,23,0.08695652173913043,0.43478260869565216,0.08695652173913043,0.5217391304347826
0.5,0.5,0.0,2.0,23,0.043478260869565216,0.43478260869565216,0.08695652173913043,0.5217391304347826
0.5,0.5,0.0,3.0,23,0.043478260869565216,0.43478260869565216,0.08695652173913043,0.5217391304347826
0.5,0.5,0.2,1.0,23,0.34782608695652173,0.43478260869565216,0.2608695652173913,0.5217391304347826
0.5,0.5,0.2,1.25,23,0.08695652173913043,0.43478260869565216,0.13043478260869565,0.5217391304347826
0.5,0.5,0.2,1.5,23,0.08695652173913043,0.43478260869565216,0.08695652173913043,0.5217391304347826
0.5,0.5,0.2,2.0,23,0.043478260869565216,0.43478260869565216,0.08695652173913043,0.5217391304347826
0.5,0.5,0.2,3.0,23,0.043478260869565216,0.43478260869565216,0.08695652173913043,0.5217391304347826
0.5,0.5,0.33,1.0,23,0.34782608695652173,0.43478260869565216,0.2608695652173913,0.5217391304347826
0.5,0.5,0.33,1.25,23,0.08695652173913043,0.43478260869565216,0.13043478260869565,0.5217391304347826
0.5,0.5,0.33,1.5,23,0.08695652173913043,0.43478260869565216,0.08695652173913043,0.5217391304347826
0.5,0.5,0.33,2.0,23,0.043478260869565216,0.43478260869565216,0.08695652173913043,0.5217391304347826
0.5,0.5,0.33,3.0,23,0.043478260869565216,0.43478260869565216,0.08695652173913043,0.5217391304347826
0.5,0.5,0.5,1.0,23,0.34782608695652173,0.43478260869565216,0.2608695652173913,0.5217391304347826
0.5,0.5,0.5,1.25,23,0.08695652173913043,0.43478260869565216,0.13043478260869565,0.5217391304347826
0.5,0.5,0.5,1.5,23,0.08695652173913043,0.43478260869565216,0.08695652173913043,0.5217391304347826
0.5,0.5,0.5,2.0,23,0.043478260869565216,0.43478260869565216,0.08695652173913043,0.5217391304347826
0.5,0.5,0.5,3.0,23,0.043478260869565216,0.43478260869565216,0.08695652173913043,0.5217391304347826
0.5,0.5,0.67,1.0,23,0.2608695652173913,0.30434782608695654,0.2608695652173913,0.6086956521739131
0.5,0.5,0.67,1.25,23,0.08695652173913043,0.30434782608695654,0.17391304347826086,0.6086956521739131
0.5,0.5,0.67,1.5,23,0.08695652173913043,0.30434782608695654,0.08695652173913043,0.6086956521739131
0.5,0.5,0.67,2.0,23,0.043478260869565216,0.30434782608695654,0.08695652173913043,0.6086956521739131
0.5,0.5,0.67,3.0,23,0.043478260869565216,0.30434782608695654,0.08695652173913043,0.6086956521739131
0.5,0.7,0.0,1.0,23,0.21739130434782608,0.2608695652173913,0.13043478260869565,0.7391304347826086
0.5,0.7,0.0,1.25,23,0.043478260869565216,0.2608695652173913,0.0,0.7391304347826086
0.5,0.7,0.0,1.5,23,0.043478260869565216,0.2608695652173913,0.0,0.7391304347826086
0.5,0.7,0.0,2.0,23,0.0,0.2608695652173913,0.0,0.7391304347826086
0.5,0.7,0.0,3.0,23,0.0,0.2608695652173913,0.0,0.7391304347826086
0.5,0.7,0.2,1.0,23,0.21739130434782608,0.2608695652173913,0.13043478260869565,0.7391304347826086
0.5,0.7,0.2,1.25,23,0.043478260869565216,0.2608695652173913,0.0,0.7391304347826086
0.5,0.7,0.2,1.5,23,0.043478260869565216,0.2608695652173913,0.0,0.7391304347826086
0.5,0.7,0.2,2.0,23,0.0,0.2608695652173913,0.0,0.7391304347826086
0.5,0.7,0.2,3.0,23,0.0,0.2608695652173913,0.0,0.7391304347826086
0.5,0.7,0.33,1.0,23,0.21739130434782608,0.2608695652173913,0.13043478260869565,0.7391304347826086
0.5,0.7,0.33,1.25,23,0.043478260869565216,0.2608695652173913,0.0,0.7391304347826086
0.5,0.7,0.33,1.5,23,0.043478260869565216,0.2608695652173913,0.0,0.7391304347826086
0.5,0.7,0.33,2.0,23,0.0,0.2608695652173913,0.0,0.7391304347826086
0.5,0.7,0.33,3.0,23,0.0,0.2608695652173913,0.0,0.7391304347826086
0.5,0.7,0.5,1.0,23,0.21739130434782608,0.2608695652173913,0.13043478260869565,0.7391304347826086
0.5,0.7,0.5,1.25,23,0.043478260869565216,0.2608695652173913,0.0,0.7391304347826086
0.5,0.7,0.5,1.5,23,0.043478260869565216,0.2608695652173913,0.0,0.7391304347826086
0.5,0.7,0.5,2.0,23,0.0,0.2608695652173913,0.0,0.7391304347826086
0.5,0.7,0.5,3.0,23,0.0,0.2608695652173913,0.0,0.7391304347826086
0.5,0.7,0.67,1.0,23,0.13043478260869565,0.13043478260869565,0.08695652173913043,0.8695652173913043
0.5,0.7,0.67,1.25,23,0.043478260869565216,0.13043478260869565,0.0,0.8695652173913043
0.5,0.7,0.67,1.5,23,0.043478260869565216,0.13043478260869565,0.0,0.8695652173913043
0.5,0.7,0.67,2.0,23,0.0,0.13043478260869565,0.0,0.8695652173913043
0.5,0.7,0.67,3.0,23,0.0,0.13043478260869565,0.0,0.8695652173913043
0.6,0.0,0.0,1.0,23,0.34782608695652173,0.43478260869565216,0.391304347826087,0.4782608695652174
0.6,0.0,0.0,1.25,23,0.13043478260869565,0.43478260869565216,0.21739130434782608,0.4782608695652174
0.6,0.0,0.0,1.5,23,0.13043478260869565,0.43478260869565216,0.13043478260869565,0.4782608695652174
0.6,0.0,0.0,2.0,23,0.08695652173913043,0.43478260869565216,0.13043478260869565,0.4782608695652174
0.6,0.0,0.0,3.0,23,0.043478260869565216,0.43478260869565216,0.08695652173913043,0.4782608695652174
0.6,0.0,0.2,1.0,23,0.34782608695652173,0.43478260869565216,0.391304347826087,0.4782608695652174
0.6,0.0,0.2,1.25,23,0.13043478260869565,0.43478260869565216,0.21739130434782608,0.4782608695652174
0.6,0.0,0.2,1.5,23,0.13043478260869565,0.43478260869565216,0.13043478260869565,0.4782608695652174
0.6,0.0,0.2,2.0,23,0.08695652173913043,0.43478260869565216,0.13043478260869565,0.4782608695652174
0.6,0.0,0.2,3.0,23,0.043478260869565216,0.43478260869565216,0.08695652173913043,0.4782608695652174
0.6,0.0,0.33,1.0,23,0.34782608695652173,0.43478260869565216,0.391304347826087,0.4782608695652174
0.6,0.0,0.33,1.25,23,0.13043478260869565,0.43478260869565216,0.21739130434782608,0.4782608695652174
0.6,0.0,0.33,1.5,23,0.13043478260869565,0.43478260869565216,0.13043478260869565,0.4782608695652174
0.6,0.0,0.33,2.0,23,0.08695652173913043,0.43478260869565216,0.13043478260869565,0.4782608695652174
0.6,0.0,0.33,3.0,23,0.043478260869565216,0.43478260869565216,0.08695652173913043,0.4782608695652174
0.6,0.0,0.5,1.0,23,0.34782608695652173,0.43478260869565216,0.391304347826087,0.4782608695652174
0.6,0.0,0.5,1.25,23,0.13043478260869565,0.43478260869565216,0.21739130434782608,0.4782608695652174
0.6,0.0,0.5,1.5,23,0.13043478260869565,0.43478260869565216,0.13043478260869565,0.4782608695652174
0.6,0.0,0.5,2.0,23,0.08695652173913043,0.43478260869565216,0.13043478260869565,0.4782608695652174
0.6,0.0,0.5,3.0,23,0.043478260869565216,0.43478260869565216,0.08695652173913043,0.4782608695652174
0.6,0.0,0.67,1.0,23,0.30434782608695654,0.391304347826087,0.34782608695652173,0.5217391304347826
0.6,0.0,0.67,1.25,23,0.13043478260869565,0.391304347826087,0.21739130434782608,0.5217391304347826
0.6,0.0,0.67,1.5,23,0.13043478260869565,0.391304347826087,0.13043478260869565,0.5217391304347826
0.6,0.0,0.67,2.0,23,0.08695652173913043,0.391304347826087,0.13043478260869565,0.5217391304347826
0.6,0.0,0.67,3.0,23,0.043478260869565216,0.391304347826087,0.08695652173913043,0.5217391304347826
0.6,0.05,0.0,1.0,23,0.34782608695652173,0.43478260869565216,0.391304347826087,0.4782608695652174
0.6,0.05,0.0,1.25,23,0.13043478260869565,0.43478260869565216,0.21739130434782608,0.4782608695652174
0.6,0.05,0.0,1.5,23,0.13043478260869565,0.43478260869565216,0.13043478260869565,0.4782608695652174
0.6,0.05,0.0,2.0,23,0.08695652173913043,0.43478260869565216,0.13043478260869565,0.4782608695652174
0.6,0.05,0.0,3.0,23,0.043478260869565216,0.43478260869565216,0.08695652173913043,0.4782608695652174
0.6,0.05,0.2,1.0,23,0.34782608695652173,0.43478260869565216,0.391304347826087,0.4782608695652174
0.6,0.05,0.2,1.25,23,0.13043478260869565,0.43478260869565216,0.21739130434782608,0.4782608695652174
0.6,0.05,0.2,1.5,23,0.13043478260869565,0.43478260869565216,0.13043478260869565,0.4782608695652174
0.6,0.05,0.2,2.0,23,0.08695652173913043,0.43478260869565216,0.13043478260869565,0.4782608695652174
0.6,0.05,0.2,3.0,23,0.043478260869565216,0.43478260869565216,0.08695652173913043,0.4782608695652174
0.6,0.05,0.33,1.0,23,0.34782608695652173,0.43478260869565216,0.391304347826087,0.4782608695652174
0.6,0.05,0.33,1.25,23,0.13043478260869565,0.43478260869565216,0.21739130434782608,0.4782608695652174
0.6,0.05,0.33,1.5,23,0.13043478260869565,0.43478260869565216,0.13043478260869565,0.4782608695652174
0.6,0.05,0.33,2.0,23,0.08695652173913043,0.43478260869565216,0.13043478260869565,0.4782608695652174
0.6,0.05,0.33,3.0,23,0.043478260869565216,0.43478260869565216,0.08695652173913043,0.4782608695652174
0.6,0.05,0.5,1.0,23,0.34782608695652173,0.43478260869565216,0.391304347826087,0.4782608695652174
0.6,0.05,0.5,1.25,23,0.13043478260869565,0.43478260869565216,0.21739130434782608,0.4782608695652174
0.6,0.05,0.5,1.5,23,0.13043478260869565,0.43478260869565216,0.13043478260869565,0.4782608695652174
0.6,0.05,0.5,2.0,23,0.08695652173913043,0.43478260869565216,0.13043478260869565,0.4782608695652174
0.6,0.05,0.5,3.0,23,0.043478260869565216,0.43478260869565216,0.08695652173913043,0.4782608695652174
0.6,0.05,0.67,1.0,23,0.30434782608695654,0.391304347826087,0.34782608695652173,0.5217391304347826
0.6,0.05,0.67,1.25,23,0.13043478260869565,0.391304347826087,0.21739130434782608,0.5217391304347826
0.6,0.05,0.67,1.5,23,0.13043478260869565,0.391304347826087,0.13043478260869565,0.5217391304347826
0.6,0.05,0.67,2.0,23,0.08695652173913043,0.391304347826087,0.13043478260869565,0.5217391304347826
0.6,0.05,0.67,3.0,23,0.043478260869565216,0.391304347826087,0.08695652173913043,0.5217391304347826
0.6,0.135,0.0,1.0,23,0.34782608695652173,0.43478260869565216,0.391304347826087,0.4782608695652174
0.6,0.135,0.0,1.25,23,0.13043478260869565,0.43478260869565216,0.21739130434782608,0.4782608695652174
0.6,0.135,0.0,1.5,23,0.13043478260869565,0.43478260869565216,0.13043478260869565,0.4782608695652174
0.6,0.135,0.0,2.0,23,0.08695652173913043,0.43478260869565216,0.13043478260869565,0.4782608695652174
0.6,0.135,0.0,3.0,23,0.043478260869565216,0.43478260869565216,0.08695652173913043,0.4782608695652174
0.6,0.135,0.2,1.0,23,0.34782608695652173,0.43478260869565216,0.391304347826087,0.4782608695652174
0.6,0.135,0.2,1.25,23,0.13043478260869565,0.43478260869565216,0.21739130434782608,0.4782608695652174
0.6,0.135,0.2,1.5,23,0.13043478260869565,0.43478260869565216,0.13043478260869565,0.4782608695652174
0.6,0.135,0.2,2.0,23,0.08695652173913043,0.43478260869565216,0.13043478260869565,0.4782608695652174
0.6,0.135,0.2,3.0,23,0.043478260869565216,0.43478260869565216,0.08695652173913043,0.4782608695652174
0.6,0.135,0.33,1.0,23,0.34782608695652173,0.43478260869565216,0.391304347826087,0.4782608695652174
0.6,0.135,0.33,1.25,23,0.13043478260869565,0.43478260869565216,0.21739130434782608,0.4782608695652174
0.6,0.135,0.33,1.5,23,0.13043478260869565,0.43478260869565216,0.13043478260869565,0.4782608695652174
0.6,0.135,0.33,2.0,23,0.08695652173913043,0.43478260869565216,0.13043478260869565,0.4782608695652174
0.6,0.135,0.33,3.0,23,0.043478260869565216,0.43478260869565216,0.08695652173913043,0.4782608695652174
0.6,0.135,0.5,1.0,23,0.34782608695652173,0.43478260869565216,0.391304347826087,0.4782608695652174
0.6,0.135,0.5,1.25,23,0.13043478260869565,0.43478260869565216,0.21739130434782608,0.4782608695652174
0.6,0.135,0.5,1.5,23,0.13043478260869565,0.43478260869565216,0.13043478260869565,0.4782608695652174
0.6,0.135,0.5,2.0,23,0.08695652173913043,0.43478260869565216,0.13043478260869565,0.4782608695652174
0.6,0.135,0.5,3.0,23,0.043478260869565216,0.43478260869565216,0.08695652173913043,0.4782608695652174
0.6,0.135,0.67,1.0,23,0.30434782608695654,0.391304347826087,0.34782608695652173,0.5217391304347826
0.6,0.135,0.67,1.25,23,0.13043478260869565,0.391304347826087,0.21739130434782608,0.5217391304347826
0.6,0.135,0.67,1.5,23,0.13043478260869565,0.391304347826087,0.13043478260869565,0.5217391304347826
0.6,0.135,0.67,2.0,23,0.08695652173913043,0.391304347826087,0.13043478260869565,0.5217391304347826
0.6,0.135,0.67,3.0,23,0.043478260869565216,0.391304347826087,0.08695652173913043,0.5217391304347826
0.6,0.3,0.0,1.0,23,0.30434782608695654,0.391304347826087,0.391304347826087,0.5217391304347826
0.6,0.3,0.0,1.25,23,0.08695652173913043,0.391304347826087,0.21739130434782608,0.5217391304347826
0.6,0.3,0.0,1.5,23,0.08695652173913043,0.391304347826087,0.13043478260869565,0.5217391304347826
0.6,0.3,0.0,2.0,23,0.043478260869565216,0.391304347826087,0.13043478260869565,0.5217391304347826
0.6,0.3,0.0,3.0,23,0.043478260869565216,0.391304347826087,0.08695652173913043,0.5217391304347826
0.6,0.3,0.2,1.0,23,0.30434782608695654,0.391304347826087,0.391304347826087,0.5217391304347826
0.6,0.3,0.2,1.25,23,0.08695652173913043,0.391304347826087,0.21739130434782608,0.5217391304347826
0.6,0.3,0.2,1.5,23,0.08695652173913043,0.391304347826087,0.13043478260869565,0.5217391304347826
0.6,0.3,0.2,2.0,23,0.043478260869565216,0.391304347826087,0.13043478260869565,0.5217391304347826
0.6,0.3,0.2,3.0,23,0.043478260869565216,0.391304347826087,0.08695652173913043,0.5217391304347826
0.6,0.3,0.33,1.0,23,0.30434782608695654,0.391304347826087,0.391304347826087,0.5217391304347826
0.6,0.3,0.33,1.25,23,0.08695652173913043,0.391304347826087,0.21739130434782608,0.5217391304347826
0.6,0.3,0.33,1.5,23,0.08695652173913043,0.391304347826087,0.13043478260869565,0.5217391304347826
0.6,0.3,0.33,2.0,23,0.043478260869565216,0.391304347826087,0.13043478260869565,0.5217391304347826
0.6,0.3,0.33,3.0,23,0.043478260869565216,0.391304347826087,0.08695652173913043,0.5217391304347826
0.6,0.3,0.5,1.0,23,0.30434782608695654,0.391304347826087,0.391304347826087,0.5217391304347826
0.6,0.3,0.5,1.25,23,0.08695652173913043,0.391304347826087,0.21739130434782608,0.5217391304347826
0.6,0.3,0.5,1.5,23,0.08695652173913043,0.391304347826087,0.13043478260869565,0.5217391304347826
0.6,0.3,0.5,2.0,23,0.043478260869565216,0.391304347826087,0.13043478260869565,0.5217391304347826
0.6,0.3,0.5,3.0,23,0.043478260869565216,0.391304347826087,0.08695652173913043,0.5217391304347826
0.6,0.3,0.67,1.0,23,0.2608695652173913,0.34782608695652173,0.34782608695652173,0.5652173913043478
0.6,0.3,0.67,1.25,23,0.08695652173913043,0.34782608695652173,0.21739130434782608,0.5652173913043478
0.6,0.3,0.67,1.5,23,0.08695652173913043,0.34782608695652173,0.13043478260869565,0.5652173913043478
0.6,0.3,0.67,2.0,23,0.043478260869565216,0.34782608695652173,0.13043478260869565,0.5652173913043478
0.6,0.3,0.67,3.0,23,0.043478260869565216,0.34782608695652173,0.08695652173913043,0.5652173913043478
0.6,0.5,0.0,1.0,23,0.30434782608695654,0.34782608695652173,0.30434782608695654,0.5652173913043478
0.6,0.5,0.0,1.25,23,0.08695652173913043,0.34782608695652173,0.17391304347826086,0.5652173913043478
0.6,0.5,0.0,1.5,23,0.08695652173913043,0.34782608695652173,0.08695652173913043,0.5652173913043478
0.6,0.5,0.0,2.0,23,0.043478260869565216,0.34782608695652173,0.08695652173913043,0.5652173913043478
0.6,0.5,0.0,3.0,23,0.043478260869565216,0.34782608695652173,0.08695652173913043,0.5652173913043478
0.6,0.5,0.2,1.0,23,0.30434782608695654,0.34782608695652173,0.30434782608695654,0.5652173913043478
0.6,0.5,0.2,1.25,23,0.08695652173913043,0.34782608695652173,0.17391304347826086,0.5652173913043478
0.6,0.5,0.2,1.5,23,0.08695652173913043,0.34782608695652173,0.08695652173913043,0.5652173913043478
0.6,0.5,0.2,2.0,23,0.043478260869565216,0.34782608695652173,0.08695652173913043,0.5652173913043478
0.6,0.5,0.2,3.0,23,0.043478260869565216,0.34782608695652173,0.08695652173913043,0.5652173913043478
0.6,0.5,0.33,1.0,23,0.30434782608695654,0.34782608695652173,0.30434782608695654,0.5652173913043478
0.6,0.5,0.33,1.25,23,0.08695652173913043,0.34782608695652173,0.17391304347826086,0.5652173913043478
0.6,0.5,0.33,1.5,23,0.08695652173913043,0.34782608695652173,0.08695652173913043,0.5652173913043478
0.6,0.5,0.33,2.0,23,0.043478260869565216,0.34782608695652173,0.08695652173913043,0.5652173913043478
0.6,0.5,0.33,3.0,23,0.043478260869565216,0.34782608695652173,0.08695652173913043,0.5652173913043478
0.6,0.5,0.5,1.0,23,0.30434782608695654,0.34782608695652173,0.30434782608695654,0.5652173913043478
0.6,0.5,0.5,1.25,23,0.08695652173913043,0.34782608695652173,0.17391304347826086,0.5652173913043478
0.6,0.5,0.5,1.5,23,0.08695652173913043,0.34782608695652173,0.08695652173913043,0.5652173913043478
0.6,0.5,0.5,2.0,23,0.043478260869565216,0.34782608695652173,0.08695652173913043,0.5652173913043478
0.6,0.5,0.5,3.0,23,0.043478260869565216,0.34782608695652173,0.08695652173913043,0.5652173913043478
0.6,0.5,0.67,1.0,23,0.2608695652173913,0.30434782608695654,0.2608695652173913,0.6086956521739131
0.6,0.5,0.67,1.25,23,0.08695652173913043,0.30434782608695654,0.17391304347826086,0.6086956521739131
0.6,0.5,0.67,1.5,23,0.08695652173913043,0.30434782608695654,0.08695652173913043,0.6086956521739131
0.6,0.5,0.67,2.0,23,0.043478260869565216,0.30434782608695654,0.08695652173913043,0.6086956521739131
0.6,0.5,0.67,3.0,23,0.043478260869565216,0.30434782608695654,0.08695652173913043,0.6086956521739131
0.6,0.7,0.0,1.0,23,0.17391304347826086,0.17391304347826086,0.13043478260869565,0.782608695652174
0.6,0.7,0.0,1.25,23,0.043478260869565216,0.17391304347826086,0.0,0.782608695652174
0.6,0.7,0.0,1.5,23,0.043478260869565216,0.17391304347826086,0.0,0.782608695652174
0.6,0.7,0.0,2.0,23,0.0,0.17391304347826086,0.0,0.782608695652174
0.6,0.7,0.0,3.0,23,0.0,0.17391304347826086,0.0,0.782608695652174
0.6,0.7,0.2,1.0,23,0.17391304347826086,0.17391304347826086,0.13043478260869565,0.782608695652174
0.6,0.7,0.2,1.25,23,0.043478260869565216,0.17391304347826086,0.0,0.782608695652174
0.6,0.7,0.2,1.5,23,0.043478260869565216,0.17391304347826086,0.0,0.782608695652174
0.6,0.7,0.2,2.0,23,0.0,0.17391304347826086,0.0,0.782608695652174
0.6,0.7,0.2,3.0,23,0.0,0.17391304347826086,0.0,0.782608695652174
0.6,0.7,0.33,1.0,23,0.17391304347826086,0.17391304347826086,0.13043478260869565,0.782608695652174
0.6,0.7,0.33,1.25,23,0.043478260869565216,0.17391304347826086,0.0,0.782608695652174
0.6,0.7,0.33,1.5,23,0.043478260869565216,0.17391304347826086,0.0,0.782608695652174
0.6,0.7,0.33,2.0,23,0.0,0.17391304347826086,0.0,0.782608695652174
0.6,0.7,0.33,3.0,23,0.0,0.17391304347826086,0.0,0.782608695652174
0.6,0.7,0.5,1.0,23,0.17391304347826086,0.17391304347826086,0.13043478260869565,0.782608695652174
0.6,0.7,0.5,1.25,23,0.043478260869565216,0.17391304347826086,0.0,0.782608695652174
0.6,0.7,0.5,1.5,23,0.043478260869565216,0.17391304347826086,0.0,0.782608695652174
0.6,0.7,0.5,2.0,23,0.0,0.17391304347826086,0.0,0.782608695652174
0.6,0.7,0.5,3.0,23,0.0,0.17391304347826086,0.0,0.782608695652174
0.6,0.7,0.67,1.0,23,0.13043478260869565,0.13043478260869565,0.08695652173913043,0.8695652173913043
0.6,0.7,0.67,1.25,23,0.043478260869565216,0.13043478260869565,0.0,0.8695652173913043
0.6,0.7,0.67,1.5,23,0.043478260869565216,0.13043478260869565,0.0,0.8695652173913043
0.6,0.7,0.67,2.0,23,0.0,0.13043478260869565,0.0,0.8695652173913043
0.6,0.7,0.67,3.0,23,0.0,0.13043478260869565,0.0,0.8695652173913043
0.7,0.0,0.0,1.0,23,0.30434782608695654,0.391304347826087,0.30434782608695654,0.5652173913043478
0.7,0.0,0.0,1.25,23,0.08695652173913043,0.391304347826087,0.17391304347826086,0.5652173913043478
0.7,0.0,0.0,1.5,23,0.08695652173913043,0.391304347826087,0.13043478260869565,0.5652173913043478
0.7,0.0,0.0,2.0,23,0.043478260869565216,0.391304347826087,0.13043478260869565,0.5652173913043478
0.7,0.0,0.0,3.0,23,0.043478260869565216,0.391304347826087,0.08695652173913043,0.5652173913043478
0.7,0.0,0.2,1.0,23,0.30434782608695654,0.391304347826087,0.30434782608695654,0.5652173913043478
0.7,0.0,0.2,1.25,23,0.08695652173913043,0.391304347826087,0.17391304347826086,0.5652173913043478
0.7,0.0,0.2,1.5,23,0.08695652173913043,0.391304347826087,0.13043478260869565,0.5652173913043478
0.7,0.0,0.2,2.0,23,0.043478260869565216,0.391304347826087,0.13043478260869565,0.5652173913043478
0.7,0.0,0.2,3.0,23,0.043478260869565216,0.391304347826087,0.08695652173913043,0.5652173913043478
0.7,0.0,0.33,1.0,23,0.30434782608695654,0.391304347826087,0.30434782608695654,0.5652173913043478
0.7,0.0,0.33,1.25,23,0.08695652173913043,0.391304347826087,0.17391304347826086,0.5652173913043478
0.7,0.0,0.33,1.5,23,0.08695652173913043,0.391304347826087,0.13043478260869565,0.5652173913043478
0.7,0.0,0.33,2.0,23,0.043478260869565216,0.391304347826087,0.13043478260869565,0.5652173913043478
0.7,0.0,0.33,3.0,23,0.043478260869565216,0.391304347826087,0.08695652173913043,0.5652173913043478
0.7,0.0,0.5,1.0,23,0.30434782608695654,0.391304347826087,0.30434782608695654,0.5652173913043478
0.7,0.0,0.5,1.25,23,0.08695652173913043,0.391304347826087,0.17391304347826086,0.5652173913043478
0.7,0.0,0.5,1.5,23,0.08695652173913043,0.391304347826087,0.13043478260869565,0.5652173913043478
0.7,0.0,0.5,2.0,23,0.043478260869565216,0.391304347826087,0.13043478260869565,0.5652173913043478
0.7,0.0,0.5,3.0,23,0.043478260869565216,0.391304347826087,0.08695652173913043,0.5652173913043478
0.7,0.0,0.67,1.0,23,0.2608695652173913,0.34782608695652173,0.30434782608695654,0.6086956521739131
0.7,0.0,0.67,1.25,23,0.08695652173913043,0.34782608695652173,0.17391304347826086,0.6086956521739131
0.7,0.0,0.67,1.5,23,0.08695652173913043,0.34782608695652173,0.13043478260869565,0.6086956521739131
0.7,0.0,0.67,2.0,23,0.043478260869565216,0.34782608695652173,0.13043478260869565,0.6086956521739131
0.7,0.0,0.67,3.0,23,0.043478260869565216,0.34782608695652173,0.08695652173913043,0.6086956521739131
0.7,0.05,0.0,1.0,23,0.30434782608695654,0.391304347826087,0.30434782608695654,0.5652173913043478
0.7,0.05,0.0,1.25,23,0.08695652173913043,0.391304347826087,0.17391304347826086,0.5652173913043478
0.7,0.05,0.0,1.5,23,0.08695652173913043,0.391304347826087,0.13043478260869565,0.5652173913043478
0.7,0.05,0.0,2.0,23,0.043478260869565216,0.391304347826087,0.13043478260869565,0.5652173913043478
0.7,0.05,0.0,3.0,23,0.043478260869565216,0.391304347826087,0.08695652173913043,0.5652173913043478
0.7,0.05,0.2,1.0,23,0.30434782608695654,0.391304347826087,0.30434782608695654,0.5652173913043478
0.7,0.05,0.2,1.25,23,0.08695652173913043,0.391304347826087,0.17391304347826086,0.5652173913043478
0.7,0.05,0.2,1.5,23,0.08695652173913043,0.391304347826087,0.13043478260869565,0.5652173913043478
0.7,0.05,0.2,2.0,23,0.043478260869565216,0.391304347826087,0.13043478260869565,0.5652173913043478
0.7,0.05,0.2,3.0,23,0.043478260869565216,0.391304347826087,0.08695652173913043,0.5652173913043478
0.7,0.05,0.33,1.0,23,0.30434782608695654,0.391304347826087,0.30434782608695654,0.5652173913043478
0.7,0.05,0.33,1.25,23,0.08695652173913043,0.391304347826087,0.17391304347826086,0.5652173913043478
0.7,0.05,0.33,1.5,23,0.08695652173913043,0.391304347826087,0.13043478260869565,0.5652173913043478
0.7,0.05,0.33,2.0,23,0.043478260869565216,0.391304347826087,0.13043478260869565,0.5652173913043478
0.7,0.05,0.33,3.0,23,0.043478260869565216,0.391304347826087,0.08695652173913043,0.5652173913043478
0.7,0.05,0.5,1.0,23,0.30434782608695654,0.391304347826087,0.30434782608695654,0.5652173913043478
0.7,0.05,0.5,1.25,23,0.08695652173913043,0.391304347826087,0.17391304347826086,0.5652173913043478
0.7,0.05,0.5,1.5,23,0.08695652173913043,0.391304347826087,0.13043478260869565,0.5652173913043478
0.7,0.05,0.5,2.0,23,0.043478260869565216,0.391304347826087,0.13043478260869565,0.5652173913043478
0.7,0.05,0.5,3.0,23,0.043478260869565216,0.391304347826087,0.08695652173913043,0.5652173913043478
0.7,0.05,0.67,1.0,23,0.2608695652173913,0.34782608695652173,0.30434782608695654,0.6086956521739131
0.7,0.05,0.67,1.25,23,0.08695652173913043,0.34782608695652173,0.17391304347826086,0.6086956521739131
0.7,0.05,0.67,1.5,23,0.08695652173913043,0.34782608695652173,0.13043478260869565,0.6086956521739131
0.7,0.05,0.67,2.0,23,0.043478260869565216,0.34782608695652173,0.13043478260869565,0.6086956521739131
0.7,0.05,0.67,3.0,23,0.043478260869565216,0.34782608695652173,0.08695652173913043,0.6086956521739131
0.7,0.135,0.0,1.0,23,0.30434782608695654,0.391304347826087,0.30434782608695654,0.5652173913043478
0.7,0.135,0.0,1.25,23,0.08695652173913043,0.391304347826087,0.17391304347826086,0.5652173913043478
0.7,0.135,0.0,1.5,23,0.08695652173913043,0.391304347826087,0.13043478260869565,0.5652173913043478
0.7,0.135,0.0,2.0,23,0.043478260869565216,0.391304347826087,0.13043478260869565,0.5652173913043478
0.7,0.135,0.0,3.0,23,0.043478260869565216,0.391304347826087,0.08695652173913043,0.5652173913043478
0.7,0.135,0.2,1.0,23,0.30434782608695654,0.391304347826087,0.30434782608695654,0.5652173913043478
0.7,0.135,0.2,1.25,23,0.08695652173913043,0.391304347826087,0.17391304347826086,0.5652173913043478
0.7,0.135,0.2,1.5,23,0.08695652173913043,0.391304347826087,0.13043478260869565,0.5652173913043478
0.7,0.135,0.2,2.0,23,0.043478260869565216,0.391304347826087,0.13043478260869565,0.5652173913043478
0.7,0.135,0.2,3.0,23,0.043478260869565216,0.391304347826087,0.08695652173913043,0.5652173913043478
0.7,0.135,0.33,1.0,23,0.30434782608695654,0.391304347826087,0.30434782608695654,0.5652173913043478
0.7,0.135,0.33,1.25,23,0.08695652173913043,0.391304347826087,0.17391304347826086,0.5652173913043478
0.7,0.135,0.33,1.5,23,0.08695652173913043,0.391304347826087,0.13043478260869565,0.5652173913043478
0.7,0.135,0.33,2.0,23,0.043478260869565216,0.391304347826087,0.13043478260869565,0.5652173913043478
0.7,0.135,0.33,3.0,23,0.043478260869565216,0.391304347826087,0.08695652173913043,0.5652173913043478
0.7,0.135,0.5,1.0,23,0.30434782608695654,0.391304347826087,0.30434782608695654,0.5652173913043478
0.7,0.135,0.5,1.25,23,0.08695652173913043,0.391304347826087,0.17391304347826086,0.5652173913043478
0.7,0.135,0.5,1.5,23,0.08695652173913043,0.391304347826087,0.13043478260869565,0.5652173913043478
0.7,0.135,0.5,2.0,23,0.043478260869565216,0.391304347826087,0.13043478260869565,0.5652173913043478
0.7,0.135,0.5,3.0,23,0.043478260869565216,0.391304347826087,0.08695652173913043,0.5652173913043478
0.7,0.135,0.67,1.0,23,0.2608695652173913,0.34782608695652173,0.30434782608695654,0.6086956521739131
0.7,0.135,0.67,1.25,23,0.08695652173913043,0.34782608695652173,0.17391304347826086,0.6086956521739131
0.7,0.135,0.67,1.5,23,0.08695652173913043,0.34782608695652173,0.13043478260869565,0.6086956521739131
0.7,0.135,0.67,2.0,23,0.043478260869565216,0.34782608695652173,0.13043478260869565,0.6086956521739131
0.7,0.135,0.67,3.0,23,0.043478260869565216,0.34782608695652173,0.08695652173913043,0.6086956521739131
0.7,0.3,0.0,1.0,23,0.30434782608695654,0.391304347826087,0.30434782608695654,0.5652173913043478
0.7,0.3,0.0,1.25,23,0.08695652173913043,0.391304347826087,0.17391304347826086,0.5652173913043478
0.7,0.3,0.0,1.5,23,0.08695652173913043,0.391304347826087,0.13043478260869565,0.5652173913043478
0.7,0.3,0.0,2.0,23,0.043478260869565216,0.391304347826087,0.13043478260869565,0.5652173913043478
0.7,0.3,0.0,3.0,23,0.043478260869565216,0.391304347826087,0.08695652173913043,0.5652173913043478
0.7,0.3,0.2,1.0,23,0.30434782608695654,0.391304347826087,0.30434782608695654,0.5652173913043478
0.7,0.3,0.2,1.25,23,0.08695652173913043,0.391304347826087,0.17391304347826086,0.5652173913043478
0.7,0.3,0.2,1.5,23,0.08695652173913043,0.391304347826087,0.13043478260869565,0.5652173913043478
0.7,0.3,0.2,2.0,23,0.043478260869565216,0.391304347826087,0.13043478260869565,0.5652173913043478
0.7,0.3,0.2,3.0,23,0.043478260869565216,0.391304347826087,0.08695652173913043,0.5652173913043478
0.7,0.3,0.33,1.0,23,0.30434782608695654,0.391304347826087,0.30434782608695654,0.5652173913043478
0.7,0.3,0.33,1.25,23,0.08695652173913043,0.391304347826087,0.17391304347826086,0.5652173913043478
0.7,0.3,0.33,1.5,23,0.08695652173913043,0.391304347826087,0.13043478260869565,0.5652173913043478
0.7,0.3,0.33,2.0,23,0.043478260869565216,0.391304347826087,0.13043478260869565,0.5652173913043478
0.7,0.3,0.33,3.0,23,0.043478260869565216,0.391304347826087,0.08695652173913043,0.5652173913043478
0.7,0.3,0.5,1.0,23,0.30434782608695654,0.391304347826087,0.30434782608695654,0.5652173913043478
0.7,0.3,0.5,1.25,23,0.08695652173913043,0.391304347826087,0.17391304347826086,0.5652173913043478
0.7,0.3,0.5,1.5,23,0.08695652173913043,0.391304347826087,0.13043478260869565,0.5652173913043478
0.7,0.3,0.5,2.0,23,0.043478260869565216,0.391304347826087,0.13043478260869565,0.5652173913043478
0.7,0.3,0.5,3.0,23,0.043478260869565216,0.391304347826087,0.08695652173913043,0.5652173913043478
0.7,0.3,0.67,1.0,23,0.2608695652173913,0.34782608695652173,0.30434782608695654,0.6086956521739131
0.7,0.3,0.67,1.25,23,0.08695652173913043,0.34782608695652173,0.17391304347826086,0.6086956521739131
0.7,0.3,0.67,1.5,23,0.08695652173913043,0.34782608695652173,0.13043478260869565,0.6086956521739131
0.7,0.3,0.67,2.0,23,0.043478260869565216,0.34782608695652173,0.13043478260869565,0.6086956521739131
0.7,0.3,0.67,3.0,23,0.043478260869565216,0.34782608695652173,0.08695652173913043,0.6086956521739131
0.7,0.5,0.0,1.0,23,0.30434782608695654,0.34782608695652173,0.21739130434782608,0.6086956521739131
0.7,0.5,0.0,1.25,23,0.08695652173913043,0.34782608695652173,0.13043478260869565,0.6086956521739131
0.7,0.5,0.0,1.5,23,0.08695652173913043,0.34782608695652173,0.08695652173913043,0.6086956521739131
0.7,0.5,0.0,2.0,23,0.043478260869565216,0.34782608695652173,0.08695652173913043,0.6086956521739131
0.7,0.5,0.0,3.0,23,0.043478260869565216,0.34782608695652173,0.08695652173913043,0.6086956521739131
0.7,0.5,0.2,1.0,23,0.30434782608695654,0.34782608695652173,0.21739130434782608,0.6086956521739131
0.7,0.5,0.2,1.25,23,0.08695652173913043,0.34782608695652173,0.13043478260869565,0.6086956521739131
0.7,0.5,0.2,1.5,23,0.08695652173913043,0.34782608695652173,0.08695652173913043,0.6086956521739131
0.7,0.5,0.2,2.0,23,0.043478260869565216,0.34782608695652173,0.08695652173913043,0.6086956521739131
0.7,0.5,0.2,3.0,23,0.043478260869565216,0.34782608695652173,0.08695652173913043,0.6086956521739131
0.7,0.5,0.33,1.0,23,0.30434782608695654,0.34782608695652173,0.21739130434782608,0.6086956521739131
0.7,0.5,0.33,1.25,23,0.08695652173913043,0.34782608695652173,0.13043478260869565,0.6086956521739131
0.7,0.5,0.33,1.5,23,0.08695652173913043,0.34782608695652173,0.08695652173913043,0.6086956521739131
0.7,0.5,0.33,2.0,23,0.043478260869565216,0.34782608695652173,0.08695652173913043,0.6086956521739131
0.7,0.5,0.33,3.0,23,0.043478260869565216,0.34782608695652173,0.08695652173913043,0.6086956521739131
0.7,0.5,0.5,1.0,23,0.30434782608695654,0.34782608695652173,0.21739130434782608,0.6086956521739131
0.7,0.5,0.5,1.25,23,0.08695652173913043,0.34782608695652173,0.13043478260869565,0.6086956521739131
0.7,0.5,0.5,1.5,23,0.08695652173913043,0.34782608695652173,0.08695652173913043,0.6086956521739131
0.7,0.5,0.5,2.0,23,0.043478260869565216,0.34782608695652173,0.08695652173913043,0.6086956521739131
0.7,0.5,0.5,3.0,23,0.043478260869565216,0.34782608695652173,0.08695652173913043,0.6086956521739131
0.7,0.5,0.67,1.0,23,0.2608695652173913,0.30434782608695654,0.21739130434782608,0.6521739130434783
0.7,0.5,0.67,1.25,23,0.08695652173913043,0.30434782608695654,0.13043478260869565,0.6521739130434783
0.7,0.5,0.67,1.5,23,0.08695652173913043,0.30434782608695654,0.08695652173913043,0.6521739130434783
0.7,0.5,0.67,2.0,23,0.043478260869565216,0.30434782608695654,0.08695652173913043,0.6521739130434783
0.7,0.5,0.67,3.0,23,0.043478260869565216,0.30434782608695654,0.08695652173913043,0.6521739130434783
0.7,0.7,0.0,1.0,23,0.17391304347826086,0.17391304347826086,0.08695652173913043,0.8260869565217391
0.7,0.7,0.0,1.25,23,0.043478260869565216,0.17391304347826086,0.0,0.8260869565217391
0.7,0.7,0.0,1.5,23,0.043478260869565216,0.17391304347826086,0.0,0.8260869565217391
0.7,0.7,0.0,2.0,23,0.0,0.17391304347826086,0.0,0.8260869565217391
0.7,0.7,0.0,3.0,23,0.0,0.17391304347826086,0.0,0.8260869565217391
0.7,0.7,0.2,1.0,23,0.17391304347826086,0.17391304347826086,0.08695652173913043,0.8260869565217391
0.7,0.7,0.2,1.25,23,0.043478260869565216,0.17391304347826086,0.0,0.8260869565217391
0.7,0.7,0.2,1.5,23,0.043478260869565216,0.17391304347826086,0.0,0.8260869565217391
0.7,0.7,0.2,2.0,23,0.0,0.17391304347826086,0.0,0.8260869565217391
0.7,0.7,0.2,3.0,23,0.0,0.17391304347826086,0.0,0.8260869565217391
0.7,0.7,0.33,1.0,23,0.17391304347826086,0.17391304347826086,0.08695652173913043,0.8260869565217391
0.7,0.7,0.33,1.25,23,0.043478260869565216,0.17391304347826086,0.0,0.8260869565217391
0.7,0.7,0.33,1.5,23,0.043478260869565216,0.17391304347826086,0.0,0.8260869565217391
0.7,0.7,0.33,2.0,23,0.0,0.17391304347826086,0.0,0.8260869565217391
0.7,0.7,0.33,3.0,23,0.0,0.17391304347826086,0.0,0.8260869565217391
0.7,0.7,0.5,1.0,23,0.17391304347826086,0.17391304347826086,0.08695652173913043,0.8260869565217391
0.7,0.7,0.5,1.25,23,0.043478260869565216,0.17391304347826086,0.0,0.8260869565217391
0.7,0.7,0.5,1.5,23,0.043478260869565216,0.17391304347826086,0.0,0.8260869565217391
0.7,0.7,0.5,2.0,23,0.0,0.17391304347826086,0.0,0.8260869565217391
0.7,0.7,0.5,3.0,23,0.0,0.17391304347826086,0.0,0.8260869565217391
0.7,0.7,0.67,1.0,23,0.13043478260869565,0.13043478260869565,0.08695652173913043,0.8695652173913043
0.7,0.7,0.67,1.25,23,0.043478260869565216,0.13043478260869565,0.0,0.8695652173913043
0.7,0.7,0.67,1.5,23,0.043478260869565216,0.13043478260869565,0.0,0.8695652173913043
0.7,0.7,0.67,2.0,23,0.0,0.13043478260869565,0.0,0.8695652173913043
0.7,0.7,0.67,3.0,23,0.0,0.13043478260869565,0.0,0.8695652173913043
