longitude,latitude
-8.997767639160156250e+01,2.716359138488769531e+01
-8.997685241699218750e+01,2.716617202758789062e+01
-8.998407745361328125e+01,2.715426445007324219e+01
-8.998046875000000000e+01,2.715893554687500000e+01
-8.998106384277343750e+01,2.715867042541503906e+01
-8.998665618896484375e+01,2.715143775939941406e+01
-8.997944641113281250e+01,2.715974617004394531e+01
-8.998512268066406250e+01,2.715348243713378906e+01
-8.998838043212890625e+01,2.714952468872070312e+01
-8.997581481933593750e+01,2.716802978515625000e+01
-8.997653961181640625e+01,2.716646194458007812e+01
-8.999168395996093750e+01,2.714519309997558594e+01
-8.997418212890625000e+01,2.716962623596191406e+01
-8.998242950439453125e+01,2.715730476379394531e+01
-8.997765350341796875e+01,2.716409492492675781e+01
-8.998509216308593750e+01,2.715482902526855469e+01
-8.997489166259765625e+01,2.716735839843750000e+01
-8.998629760742187500e+01,2.715197372436523438e+01
-8.998460388183593750e+01,2.715471458435058594e+01
-8.997545623779296875e+01,2.716644287109375000e+01
-8.998575592041015625e+01,2.715234184265136719e+01
-8.998099517822265625e+01,2.715833473205566406e+01
-8.997779846191406250e+01,2.716473197937011719e+01
-8.997859954833984375e+01,2.716277503967285156e+01
-8.997486877441406250e+01,2.716866111755371094e+01
-8.999285125732421875e+01,2.714351272583007812e+01
-8.999050140380859375e+01,2.714649772644042969e+01
-8.998831939697265625e+01,2.714828872680664062e+01
-8.997821807861328125e+01,2.716374206542968750e+01
-8.998013305664062500e+01,2.716135978698730469e+01
-8.997396087646484375e+01,2.717019081115722656e+01
-8.998044586181640625e+01,2.715918540954589844e+01
-8.998335266113281250e+01,2.715499877929687500e+01
-8.998393249511718750e+01,2.715605735778808594e+01
-8.997565460205078125e+01,2.716716194152832031e+01
-8.999137115478515625e+01,2.714619064331054688e+01
-8.998620605468750000e+01,2.715303230285644531e+01
-8.998343658447265625e+01,2.715489387512207031e+01
-8.998284149169921875e+01,2.715659332275390625e+01
-8.998026275634765625e+01,2.716100120544433594e+01
-8.997701263427734375e+01,2.716510200500488281e+01
-8.997499847412109375e+01,2.716777229309082031e+01
-8.997554779052734375e+01,2.716732597351074219e+01
-8.997788238525390625e+01,2.716445350646972656e+01
-8.998343658447265625e+01,2.715429496765136719e+01
-8.998970794677734375e+01,2.714822769165039062e+01
-8.997997283935546875e+01,2.715977859497070312e+01
-8.998413848876953125e+01,2.715485000610351562e+01
-8.998744964599609375e+01,2.714958381652832031e+01
-8.998973846435546875e+01,2.714561653137207031e+01
-8.999163055419921875e+01,2.714421463012695312e+01
-8.999121093750000000e+01,2.714543724060058594e+01
-8.998870849609375000e+01,2.714975929260253906e+01
-8.998876190185546875e+01,2.714807128906250000e+01
-8.998344421386718750e+01,2.715547943115234375e+01
-8.998841857910156250e+01,2.715022659301757812e+01
-8.999349975585937500e+01,2.714289093017578125e+01
-8.998641967773437500e+01,2.715198135375976562e+01
-8.998056793212890625e+01,2.715802001953125000e+01
-8.999141693115234375e+01,2.714445495605468750e+01
-8.997914886474609375e+01,2.716186523437500000e+01
-8.998149108886718750e+01,2.715726089477539062e+01
-8.997721099853515625e+01,2.716524887084960938e+01
-8.998495483398437500e+01,2.715319442749023438e+01
-8.998036193847656250e+01,2.715851783752441406e+01
-8.998466491699218750e+01,2.715393829345703125e+01
-8.999047851562500000e+01,2.714768600463867188e+01
-8.999002075195312500e+01,2.714634895324707031e+01
-8.998126220703125000e+01,2.715806961059570312e+01
-8.998806762695312500e+01,2.714890098571777344e+01
-8.997901153564453125e+01,2.716123580932617188e+01
-8.997997283935546875e+01,2.716004943847656250e+01
-8.998267364501953125e+01,2.715579986572265625e+01
-8.998165130615234375e+01,2.715742111206054688e+01
-8.998667144775390625e+01,2.715227317810058594e+01
-8.999071502685546875e+01,2.714602088928222656e+01
-8.997474670410156250e+01,2.716947555541992188e+01
-8.998661804199218750e+01,2.715094566345214844e+01
-8.998630523681640625e+01,2.715117454528808594e+01
-8.997875976562500000e+01,2.716336631774902344e+01
-8.998721313476562500e+01,2.714950180053710938e+01
-8.997603607177734375e+01,2.716577148437500000e+01
-8.999093627929687500e+01,2.714553642272949219e+01
-8.999277496337890625e+01,2.714354324340820312e+01
-8.998110198974609375e+01,2.715887641906738281e+01
-8.997521972656250000e+01,2.716738700866699219e+01
-8.997393035888671875e+01,2.716985130310058594e+01
-8.997782897949218750e+01,2.716358757019042969e+01
-8.998139190673828125e+01,2.715663528442382812e+01
-8.998738098144531250e+01,2.715119934082031250e+01
-8.999146270751953125e+01,2.714377784729003906e+01
-8.998124694824218750e+01,2.715703582763671875e+01
-8.998511505126953125e+01,2.715285682678222656e+01
-8.998303222656250000e+01,2.715662956237792969e+01
-8.998907470703125000e+01,2.714740371704101562e+01
-8.997434997558593750e+01,2.716955566406250000e+01
-8.998940277099609375e+01,2.714721679687500000e+01
-8.999008178710937500e+01,2.714564704895019531e+01
-8.997578430175781250e+01,2.716808319091796875e+01
-8.998303985595703125e+01,2.715594673156738281e+01
-8.997789001464843750e+01,2.716302680969238281e+01
-8.997994232177734375e+01,2.716051864624023438e+01
-8.999132537841796875e+01,2.714543914794921875e+01
-8.997640228271484375e+01,2.716655158996582031e+01
-8.998062133789062500e+01,2.716057586669921875e+01
-8.999288940429687500e+01,2.714361381530761719e+01
-8.998995208740234375e+01,2.714705467224121094e+01
-8.998207092285156250e+01,2.715657424926757812e+01
-8.998500823974609375e+01,2.715330696105957031e+01
-8.998862457275390625e+01,2.714760017395019531e+01
-8.998663330078125000e+01,2.715134620666503906e+01
-8.998985290527343750e+01,2.714551544189453125e+01
-8.998384094238281250e+01,2.715385627746582031e+01
-8.999156951904296875e+01,2.714513969421386719e+01
-8.998478698730468750e+01,2.715432929992675781e+01
-8.998088836669921875e+01,2.715901184082031250e+01
-8.998737335205078125e+01,2.715152168273925781e+01
-8.999320983886718750e+01,2.714355278015136719e+01
-8.998366546630859375e+01,2.715619468688964844e+01
-8.999016571044921875e+01,2.714580154418945312e+01
-8.997517395019531250e+01,2.716707801818847656e+01
-8.998905944824218750e+01,2.714866447448730469e+01
-8.998130798339843750e+01,2.715692520141601562e+01
-8.998895263671875000e+01,2.714808845520019531e+01
-8.997940063476562500e+01,2.716091346740722656e+01
-8.999100494384765625e+01,2.714519500732421875e+01
-8.997399902343750000e+01,2.717006683349609375e+01
-8.998428344726562500e+01,2.715413665771484375e+01
-8.998809051513671875e+01,2.715015220642089844e+01
-8.999037933349609375e+01,2.714481925964355469e+01
-8.997909545898437500e+01,2.716080474853515625e+01
-8.997989654541015625e+01,2.715991020202636719e+01
-8.999098205566406250e+01,2.714438056945800781e+01
-8.997834777832031250e+01,2.716209030151367188e+01
-8.997986602783203125e+01,2.716014671325683594e+01
-8.998756408691406250e+01,2.715129089355468750e+01
-8.998908233642578125e+01,2.714666748046875000e+01
-8.998862457275390625e+01,2.714984321594238281e+01
-8.997928619384765625e+01,2.716023254394531250e+01
-8.997941589355468750e+01,2.716033363342285156e+01
-8.997857666015625000e+01,2.716282653808593750e+01
-8.998777770996093750e+01,2.714987945556640625e+01
-8.997652435302734375e+01,2.716579437255859375e+01
-8.997727966308593750e+01,2.716421318054199219e+01
-8.997602844238281250e+01,2.716589736938476562e+01
-8.998576354980468750e+01,2.715335083007812500e+01
-8.998931121826171875e+01,2.714830017089843750e+01
-8.999259948730468750e+01,2.714355087280273438e+01
-8.998973846435546875e+01,2.714737701416015625e+01
-8.998151397705078125e+01,2.715657234191894531e+01
-8.997484588623046875e+01,2.716744613647460938e+01
-8.998226928710937500e+01,2.715601348876953125e+01
-8.997461700439453125e+01,2.716967964172363281e+01
-8.997772216796875000e+01,2.716366004943847656e+01
-8.997397613525390625e+01,2.716922569274902344e+01
-8.998435211181640625e+01,2.715398025512695312e+01
-8.998761749267578125e+01,2.714954948425292969e+01
-8.997811126708984375e+01,2.716268348693847656e+01
-8.998269653320312500e+01,2.715734291076660156e+01
-8.997834777832031250e+01,2.716323661804199219e+01
-8.997569274902343750e+01,2.716797828674316406e+01
-8.997507476806640625e+01,2.716758346557617188e+01
-8.998516845703125000e+01,2.715427398681640625e+01
-8.998378753662109375e+01,2.715630912780761719e+01
-8.998817443847656250e+01,2.714968490600585938e+01
-8.997695922851562500e+01,2.716583442687988281e+01
-8.998597717285156250e+01,2.715346717834472656e+01
-8.998624420166015625e+01,2.715129470825195312e+01
-8.998865509033203125e+01,2.714879226684570312e+01
-8.997990417480468750e+01,2.716181182861328125e+01
-8.998094940185546875e+01,2.715857887268066406e+01
-8.998678588867187500e+01,2.715287971496582031e+01
-8.998401641845703125e+01,2.715513229370117188e+01
-8.998711395263671875e+01,2.715174293518066406e+01
-8.997647094726562500e+01,2.716567230224609375e+01
-8.997830200195312500e+01,2.716369628906250000e+01
-8.998874664306640625e+01,2.714776802062988281e+01
-8.998978424072265625e+01,2.714764595031738281e+01
-8.997837066650390625e+01,2.716360664367675781e+01
-8.997653961181640625e+01,2.716592025756835938e+01
-8.998164367675781250e+01,2.715751457214355469e+01
-8.997737884521484375e+01,2.716386795043945312e+01
-8.998078155517578125e+01,2.715874481201171875e+01
-8.998657226562500000e+01,2.715147209167480469e+01
-8.997502136230468750e+01,2.716891670227050781e+01
-8.998098754882812500e+01,2.715874099731445312e+01
-8.998651885986328125e+01,2.715309524536132812e+01
-8.998936462402343750e+01,2.714856529235839844e+01
-8.998949432373046875e+01,2.714780998229980469e+01
-8.999118041992187500e+01,2.714615821838378906e+01
-8.997891998291015625e+01,2.716140556335449219e+01
-8.999104309082031250e+01,2.714652061462402344e+01
-8.999085998535156250e+01,2.714669036865234375e+01
-8.997965240478515625e+01,2.716056251525878906e+01
-8.997608947753906250e+01,2.716592979431152344e+01
-8.998590850830078125e+01,2.715189361572265625e+01
-8.998313903808593750e+01,2.715551757812500000e+01
-8.998870086669921875e+01,2.714999961853027344e+01
-8.999127960205078125e+01,2.714408302307128906e+01
-8.998866271972656250e+01,2.714917755126953125e+01
-8.998460388183593750e+01,2.715392684936523438e+01
-8.997956848144531250e+01,2.716229438781738281e+01
-8.998382568359375000e+01,2.715584945678710938e+01
-8.999301147460937500e+01,2.714377593994140625e+01
-8.998989868164062500e+01,2.714809417724609375e+01
-8.997983551025390625e+01,2.715970611572265625e+01
-8.998786163330078125e+01,2.715041732788085938e+01
-8.998467254638671875e+01,2.715538597106933594e+01
-8.998669433593750000e+01,2.715181350708007812e+01
-8.997769165039062500e+01,2.716362762451171875e+01
-8.998977661132812500e+01,2.714661788940429688e+01
-8.997489929199218750e+01,2.716810417175292969e+01
-8.998580932617187500e+01,2.715231513977050781e+01
-8.998193359375000000e+01,2.715766525268554688e+01
-8.998771667480468750e+01,2.715022087097167969e+01
-8.998444366455078125e+01,2.715480232238769531e+01
-8.999052429199218750e+01,2.714762306213378906e+01
-8.997909545898437500e+01,2.716201019287109375e+01
-8.998332214355468750e+01,2.715474510192871094e+01
-8.998027801513671875e+01,2.715868949890136719e+01
-8.999095916748046875e+01,2.714421463012695312e+01
-8.999141693115234375e+01,2.714411354064941406e+01
-8.999097442626953125e+01,2.714486312866210938e+01
-8.998983001708984375e+01,2.714850044250488281e+01
-8.999165344238281250e+01,2.714531707763671875e+01
-8.997743225097656250e+01,2.716545677185058594e+01
-8.998738861083984375e+01,2.714928245544433594e+01
-8.999117279052734375e+01,2.714421081542968750e+01
-8.998609161376953125e+01,2.715359306335449219e+01
-8.998844146728515625e+01,2.714752769470214844e+01
-8.997494506835937500e+01,2.716772460937500000e+01
-8.998619079589843750e+01,2.715255165100097656e+01
-8.999000549316406250e+01,2.714811134338378906e+01
-8.999079895019531250e+01,2.714666175842285156e+01
-8.999032592773437500e+01,2.714662742614746094e+01
-8.998070526123046875e+01,2.715887832641601562e+01
-8.998496246337890625e+01,2.715487861633300781e+01
-8.998896026611328125e+01,2.714769744873046875e+01
-8.998307800292968750e+01,2.715579605102539062e+01
-8.998370361328125000e+01,2.715449523925781250e+01
-8.998555755615234375e+01,2.715251922607421875e+01
-8.998443603515625000e+01,2.715564727783203125e+01
-8.997542572021484375e+01,2.716766929626464844e+01
-8.997566223144531250e+01,2.716677665710449219e+01
-8.998508453369140625e+01,2.715377426147460938e+01
-8.998188781738281250e+01,2.715847206115722656e+01
-8.998915863037109375e+01,2.714655876159667969e+01
-8.998287200927734375e+01,2.715714073181152344e+01
-8.998112487792968750e+01,2.715729713439941406e+01
-8.998329925537109375e+01,2.715594482421875000e+01
-8.997439575195312500e+01,2.716952133178710938e+01
-8.997450256347656250e+01,2.717006111145019531e+01
-8.997566986083984375e+01,2.716723060607910156e+01
-8.998604583740234375e+01,2.715341949462890625e+01
-8.997682189941406250e+01,2.716448783874511719e+01
-8.998364257812500000e+01,2.715418243408203125e+01
-8.998715209960937500e+01,2.714943122863769531e+01
-8.999121856689453125e+01,2.714437294006347656e+01
-8.997532653808593750e+01,2.716874694824218750e+01
-8.997703552246093750e+01,2.716562843322753906e+01
-8.998596954345703125e+01,2.715289115905761719e+01
-8.998303222656250000e+01,2.715585517883300781e+01
-8.997471618652343750e+01,2.716767501831054688e+01
-8.998991394042968750e+01,2.714614486694335938e+01
-8.998283386230468750e+01,2.715634536743164062e+01
-8.997708129882812500e+01,2.716507530212402344e+01
-8.998092651367187500e+01,2.716003417968750000e+01
-8.999276733398437500e+01,2.714362907409667969e+01
-8.997557830810546875e+01,2.716825866699218750e+01
-8.997520446777343750e+01,2.716737174987792969e+01
-8.997982788085937500e+01,2.716140937805175781e+01
-8.998271942138671875e+01,2.715628623962402344e+01
-8.998469543457031250e+01,2.715487098693847656e+01
-8.999176025390625000e+01,2.714443778991699219e+01
-8.999104309082031250e+01,2.714552307128906250e+01
-8.997882080078125000e+01,2.716186904907226562e+01
-8.997616577148437500e+01,2.716696929931640625e+01
-8.998204040527343750e+01,2.715774345397949219e+01
-8.998105621337890625e+01,2.715777778625488281e+01
-8.998811340332031250e+01,2.714998626708984375e+01
-8.998649597167968750e+01,2.715312957763671875e+01
-8.997364807128906250e+01,2.717116546630859375e+01
-8.999033355712890625e+01,2.714719200134277344e+01
-8.998982238769531250e+01,2.714661598205566406e+01
-8.998025512695312500e+01,2.715949058532714844e+01
-8.998643493652343750e+01,2.715217208862304688e+01
-8.998429870605468750e+01,2.715521049499511719e+01
-8.998538208007812500e+01,2.715340614318847656e+01
-8.997724914550781250e+01,2.716386222839355469e+01
-8.998883819580078125e+01,2.714950942993164062e+01
-8.999085998535156250e+01,2.714644622802734375e+01
-8.999061584472656250e+01,2.714637184143066406e+01
-8.997357177734375000e+01,2.717132759094238281e+01
-8.998360443115234375e+01,2.715645027160644531e+01
-8.999053955078125000e+01,2.714568901062011719e+01
-8.997834777832031250e+01,2.716236114501953125e+01
-8.998033905029296875e+01,2.715836906433105469e+01
-8.998794555664062500e+01,2.714869689941406250e+01
-8.998796844482421875e+01,2.714995956420898438e+01
-8.998175811767578125e+01,2.715779304504394531e+01
-8.998809051513671875e+01,2.714999389648437500e+01
-8.998406219482421875e+01,2.715356636047363281e+01
-8.999001312255859375e+01,2.714559364318847656e+01
-8.997549438476562500e+01,2.716679000854492188e+01
-8.998169708251953125e+01,2.715821266174316406e+01
-8.999165344238281250e+01,2.714441299438476562e+01
-8.998211669921875000e+01,2.715700912475585938e+01
-8.997338867187500000e+01,2.717120361328125000e+01
-8.998992919921875000e+01,2.714533424377441406e+01
-8.997882080078125000e+01,2.716224098205566406e+01
-8.997480773925781250e+01,2.716927337646484375e+01
-8.998244476318359375e+01,2.715725708007812500e+01
-8.998395538330078125e+01,2.715613746643066406e+01
-8.998178863525390625e+01,2.715752410888671875e+01
-8.998963928222656250e+01,2.714786338806152344e+01
-8.997426605224609375e+01,2.716881561279296875e+01
-8.998795318603515625e+01,2.714996147155761719e+01
-8.997419738769531250e+01,2.716954231262207031e+01
-8.998283386230468750e+01,2.715727615356445312e+01
-8.998266601562500000e+01,2.715719604492187500e+01
-8.999200439453125000e+01,2.714444160461425781e+01
-8.999119567871093750e+01,2.714439582824707031e+01
-8.998035430908203125e+01,2.715909385681152344e+01
-8.998244476318359375e+01,2.715610122680664062e+01
-8.998954010009765625e+01,2.714663314819335938e+01
-8.998299407958984375e+01,2.715622711181640625e+01
-8.998857879638671875e+01,2.714832115173339844e+01
-8.997666931152343750e+01,2.716514968872070312e+01
-8.997703552246093750e+01,2.716502571105957031e+01
-8.998935699462890625e+01,2.714775466918945312e+01
-8.997614288330078125e+01,2.716575050354003906e+01
-8.997672271728515625e+01,2.716483879089355469e+01
-8.999146270751953125e+01,2.714528274536132812e+01
-8.997459411621093750e+01,2.716892623901367188e+01
-8.998749542236328125e+01,2.715085601806640625e+01
-8.998149871826171875e+01,2.715802383422851562e+01
-8.997854614257812500e+01,2.716317558288574219e+01
-8.998870086669921875e+01,2.714730834960937500e+01
-8.997890472412109375e+01,2.716325759887695312e+01
-8.997380828857421875e+01,2.717008399963378906e+01
-8.997550201416015625e+01,2.716725158691406250e+01
-8.998902130126953125e+01,2.714914512634277344e+01
-8.999340820312500000e+01,2.714280128479003906e+01
-8.998262786865234375e+01,2.715750122070312500e+01
-8.999040222167968750e+01,2.714710617065429688e+01
-8.999112701416015625e+01,2.714455413818359375e+01
-8.998686981201171875e+01,2.715109634399414062e+01
-8.998003387451171875e+01,2.716088104248046875e+01
-8.998571777343750000e+01,2.715331077575683594e+01
-8.999190521240234375e+01,2.714365196228027344e+01
-8.998493957519531250e+01,2.715254592895507812e+01
-8.997579956054687500e+01,2.716636276245117188e+01
-8.997524261474609375e+01,2.716798591613769531e+01
-8.999358367919921875e+01,2.714261817932128906e+01
-8.997605895996093750e+01,2.716749954223632812e+01
-8.998696136474609375e+01,2.715018081665039062e+01
-8.997508239746093750e+01,2.716737937927246094e+01
-8.998901367187500000e+01,2.714699554443359375e+01
-8.998191833496093750e+01,2.715701103210449219e+01
-8.997931671142578125e+01,2.716025733947753906e+01
-8.998070526123046875e+01,2.715963363647460938e+01
-8.998384857177734375e+01,2.715412712097167969e+01
-8.997473907470703125e+01,2.716942024230957031e+01
-8.997466278076171875e+01,2.716960716247558594e+01
-8.998906707763671875e+01,2.714801406860351562e+01
-8.997929382324218750e+01,2.716193389892578125e+01
-8.998088073730468750e+01,2.715953826904296875e+01
-8.997702026367187500e+01,2.716579818725585938e+01
-8.998092651367187500e+01,2.716003990173339844e+01
-8.998054504394531250e+01,2.715945816040039062e+01
-8.998367309570312500e+01,2.715532302856445312e+01
-8.997456359863281250e+01,2.716969299316406250e+01
-8.997493743896484375e+01,2.716901588439941406e+01
-8.998783874511718750e+01,2.715016365051269531e+01
-8.998454284667968750e+01,2.715475845336914062e+01
-8.998458099365234375e+01,2.715402030944824219e+01
-8.998490142822265625e+01,2.715298652648925781e+01
-8.999080657958984375e+01,2.714635276794433594e+01
-8.997883605957031250e+01,2.716231918334960938e+01
-8.999097442626953125e+01,2.714490127563476562e+01
-8.998235321044921875e+01,2.715766716003417969e+01
-8.998417663574218750e+01,2.715430641174316406e+01
-8.997562408447265625e+01,2.716837692260742188e+01
-8.998291778564453125e+01,2.715649223327636719e+01
-8.998961639404296875e+01,2.714803886413574219e+01
-8.998456573486328125e+01,2.715511512756347656e+01
-8.997686004638671875e+01,2.716621589660644531e+01
-8.997498321533203125e+01,2.716770362854003906e+01
-8.997754669189453125e+01,2.716419029235839844e+01
-8.998936462402343750e+01,2.714751243591308594e+01
-8.999195098876953125e+01,2.714484596252441406e+01
-8.997415924072265625e+01,2.717029571533203125e+01
-8.998136138916015625e+01,2.715880966186523438e+01
-8.997973632812500000e+01,2.716108894348144531e+01
-8.998402404785156250e+01,2.715593719482421875e+01
-8.997871398925781250e+01,2.716309356689453125e+01
-8.997812652587890625e+01,2.716273689270019531e+01
-8.998516845703125000e+01,2.715281867980957031e+01
-8.998358917236328125e+01,2.715420150756835938e+01
-8.997882080078125000e+01,2.716106986999511719e+01
-8.997577667236328125e+01,2.716616821289062500e+01
-8.997397613525390625e+01,2.717080307006835938e+01
-8.998986053466796875e+01,2.714533615112304688e+01
-8.998596191406250000e+01,2.715208053588867188e+01
-8.998114013671875000e+01,2.715851020812988281e+01
-8.998284149169921875e+01,2.715694046020507812e+01
-8.999007415771484375e+01,2.714792060852050781e+01
-8.998274230957031250e+01,2.715592765808105469e+01
-8.997521972656250000e+01,2.716895484924316406e+01
-8.997676849365234375e+01,2.716575241088867188e+01
-8.998876190185546875e+01,2.714701271057128906e+01
-8.998287200927734375e+01,2.715673446655273438e+01
-8.998801422119140625e+01,2.715030670166015625e+01
-8.999356842041015625e+01,2.714287185668945312e+01
-8.998935699462890625e+01,2.714764213562011719e+01
-8.999029541015625000e+01,2.714624214172363281e+01
-8.998218536376953125e+01,2.715716171264648438e+01
-8.999213409423828125e+01,2.714356040954589844e+01
-8.998118591308593750e+01,2.715852737426757812e+01
-8.999073791503906250e+01,2.714498138427734375e+01
-8.997776031494140625e+01,2.716469001770019531e+01
-8.998672485351562500e+01,2.715230560302734375e+01
-8.998032379150390625e+01,2.716024208068847656e+01
-8.997636413574218750e+01,2.716581726074218750e+01
-8.998952484130859375e+01,2.714735603332519531e+01
-8.998735809326171875e+01,2.715001487731933594e+01
-8.998624420166015625e+01,2.715291404724121094e+01
-8.998290252685546875e+01,2.715526390075683594e+01
-8.998342895507812500e+01,2.715550231933593750e+01
-8.998336791992187500e+01,2.715495491027832031e+01
-8.997515869140625000e+01,2.716880035400390625e+01
-8.999346160888671875e+01,2.714258193969726562e+01
-8.998468780517578125e+01,2.715513038635253906e+01
-8.997930145263671875e+01,2.716010475158691406e+01
-8.998473358154296875e+01,2.715306091308593750e+01
-8.998035430908203125e+01,2.715929222106933594e+01
-8.997935485839843750e+01,2.716061210632324219e+01
-8.998273468017578125e+01,2.715643119812011719e+01
-8.997902679443359375e+01,2.716308975219726562e+01
-8.997398376464843750e+01,2.716961479187011719e+01
-8.998057556152343750e+01,2.715821647644042969e+01
-8.998251342773437500e+01,2.715592956542968750e+01
-8.997580718994140625e+01,2.716597938537597656e+01
-8.998445129394531250e+01,2.715566825866699219e+01
-8.997798919677734375e+01,2.716268539428710938e+01
-8.998180389404296875e+01,2.715628814697265625e+01
-8.999200439453125000e+01,2.714364624023437500e+01
-8.998011779785156250e+01,2.716033935546875000e+01
-8.998746490478515625e+01,2.715077018737792969e+01
-8.997494506835937500e+01,2.716845130920410156e+01
-8.997535705566406250e+01,2.716733741760253906e+01
-8.998156738281250000e+01,2.715869522094726562e+01
-8.998068237304687500e+01,2.715929031372070312e+01
-8.998113250732421875e+01,2.715724945068359375e+01
-8.998213195800781250e+01,2.715794754028320312e+01
-8.998394775390625000e+01,2.715602302551269531e+01
-8.997488403320312500e+01,2.716895294189453125e+01
-8.997915649414062500e+01,2.716226196289062500e+01
-8.998461151123046875e+01,2.715424156188964844e+01
-8.997818756103515625e+01,2.716226577758789062e+01
-8.997996520996093750e+01,2.715910911560058594e+01
-8.997502899169921875e+01,2.716809844970703125e+01
-8.998430633544921875e+01,2.715512847900390625e+01
-8.999175262451171875e+01,2.714475440979003906e+01
-8.999019622802734375e+01,2.714690780639648438e+01
-8.998333740234375000e+01,2.715474510192871094e+01
-8.997739410400390625e+01,2.716456031799316406e+01
-8.999173736572265625e+01,2.714436340332031250e+01
-8.997718811035156250e+01,2.716375541687011719e+01
-8.998795318603515625e+01,2.714832878112792969e+01
-8.998048400878906250e+01,2.715943336486816406e+01
-8.997843170166015625e+01,2.716173744201660156e+01
-8.997990417480468750e+01,2.716182518005371094e+01
-8.998699188232421875e+01,2.715001106262207031e+01
-8.998911285400390625e+01,2.714904212951660156e+01
-8.998552703857421875e+01,2.715353584289550781e+01
-8.997474670410156250e+01,2.716773605346679688e+01
-8.997532653808593750e+01,2.716842269897460938e+01
-8.997499847412109375e+01,2.716885757446289062e+01
-8.998886871337890625e+01,2.714875602722167969e+01
-8.999179077148437500e+01,2.714397430419921875e+01
-8.998017120361328125e+01,2.716080093383789062e+01
-8.997358703613281250e+01,2.717046928405761719e+01
-8.998919677734375000e+01,2.714770126342773438e+01
-8.998725891113281250e+01,2.715200805664062500e+01
-8.999134063720703125e+01,2.714469146728515625e+01
-8.998671722412109375e+01,2.715165328979492188e+01
-8.998285675048828125e+01,2.715655326843261719e+01
-8.997683715820312500e+01,2.716558074951171875e+01
-8.998957061767578125e+01,2.714873695373535156e+01
-8.999111938476562500e+01,2.714599037170410156e+01
-8.999204254150390625e+01,2.714363098144531250e+01
-8.997961425781250000e+01,2.716243934631347656e+01
-8.998646545410156250e+01,2.715115928649902344e+01
-8.998055267333984375e+01,2.716081047058105469e+01
-8.997454071044921875e+01,2.716914176940917969e+01
-8.997573089599609375e+01,2.716725921630859375e+01
-8.998851013183593750e+01,2.714920425415039062e+01
-8.997666168212890625e+01,2.716558265686035156e+01
-8.997499847412109375e+01,2.716850471496582031e+01
-8.998434448242187500e+01,2.715318107604980469e+01
-8.997418975830078125e+01,2.716891860961914062e+01
-8.998613739013671875e+01,2.715137863159179688e+01
-8.999123382568359375e+01,2.714503288269042969e+01
-8.998912811279296875e+01,2.714772605895996094e+01
-8.997415161132812500e+01,2.716888618469238281e+01
-8.998147583007812500e+01,2.715831375122070312e+01
-8.998352050781250000e+01,2.715531158447265625e+01
-8.999020385742187500e+01,2.714543533325195312e+01
-8.998509216308593750e+01,2.715434837341308594e+01
-8.998799896240234375e+01,2.714940834045410156e+01
-8.998049926757812500e+01,2.716025924682617188e+01
-8.998167419433593750e+01,2.715836334228515625e+01
-8.999012756347656250e+01,2.714622879028320312e+01
-8.998883819580078125e+01,2.714840698242187500e+01
-8.998450469970703125e+01,2.715317344665527344e+01
-8.997452545166015625e+01,2.716930961608886719e+01
-8.997404479980468750e+01,2.717035102844238281e+01
-8.998578643798828125e+01,2.715315055847167969e+01
-8.997906494140625000e+01,2.716287231445312500e+01
-8.998593139648437500e+01,2.715295791625976562e+01
-8.998662567138671875e+01,2.715238189697265625e+01
-8.997573089599609375e+01,2.716721343994140625e+01
-8.998336791992187500e+01,2.715481185913085938e+01
-8.998351287841796875e+01,2.715660858154296875e+01
-8.998821258544921875e+01,2.714797401428222656e+01
-8.999110412597656250e+01,2.714386367797851562e+01
-8.997520446777343750e+01,2.716709709167480469e+01
-8.997449493408203125e+01,2.716967964172363281e+01
-8.998638916015625000e+01,2.715157699584960938e+01
-8.997974395751953125e+01,2.716024398803710938e+01
-8.997620391845703125e+01,2.716567420959472656e+01
-8.997557830810546875e+01,2.716792678833007812e+01
-8.998831176757812500e+01,2.715027999877929688e+01
-8.998703002929687500e+01,2.715089797973632812e+01
-8.997852325439453125e+01,2.716279220581054688e+01
-8.998691558837890625e+01,2.715239524841308594e+01
-8.999030303955078125e+01,2.714678764343261719e+01
-8.997640991210937500e+01,2.716521453857421875e+01
-8.998979949951171875e+01,2.714757919311523438e+01
-8.998048400878906250e+01,2.716039848327636719e+01
-8.998352813720703125e+01,2.715459632873535156e+01
-8.998648834228515625e+01,2.715319252014160156e+01
-8.998755645751953125e+01,2.714886093139648438e+01
-8.998009490966796875e+01,2.715934944152832031e+01
-8.997354888916015625e+01,2.717035865783691406e+01
-8.998680114746093750e+01,2.715163993835449219e+01
-8.998764801025390625e+01,2.715032005310058594e+01
-8.997811889648437500e+01,2.716363716125488281e+01
-8.997691345214843750e+01,2.716509628295898438e+01
-8.997574615478515625e+01,2.716672897338867188e+01
-8.999172973632812500e+01,2.714508628845214844e+01
-8.997559356689453125e+01,2.716671180725097656e+01
-8.998083496093750000e+01,2.715947341918945312e+01
-8.997457122802734375e+01,2.716950988769531250e+01
-8.999076843261718750e+01,2.714534568786621094e+01
-8.998448181152343750e+01,2.715399169921875000e+01
-8.998337554931640625e+01,2.715509796142578125e+01
-8.997774505615234375e+01,2.716403007507324219e+01
-8.997849273681640625e+01,2.716179275512695312e+01
-8.998088073730468750e+01,2.715872383117675781e+01
-8.997863769531250000e+01,2.716338539123535156e+01
-8.998837280273437500e+01,2.714980125427246094e+01
-8.998435974121093750e+01,2.715571212768554688e+01
-8.997419738769531250e+01,2.716998291015625000e+01
-8.998819732666015625e+01,2.714796829223632812e+01
-8.998462677001953125e+01,2.715423202514648438e+01
-8.997689819335937500e+01,2.716487884521484375e+01
-8.997581481933593750e+01,2.716647148132324219e+01
-8.997908020019531250e+01,2.716177177429199219e+01
-8.998253631591796875e+01,2.715757369995117188e+01
-8.997426605224609375e+01,2.716964530944824219e+01
-8.998916625976562500e+01,2.714767646789550781e+01
-8.998561859130859375e+01,2.715367698669433594e+01
-8.998905944824218750e+01,2.714663887023925781e+01
-8.998503112792968750e+01,2.715382385253906250e+01
-8.998030853271484375e+01,2.715954399108886719e+01
-8.998714447021484375e+01,2.715114974975585938e+01
-8.998464202880859375e+01,2.715409660339355469e+01
-8.998767089843750000e+01,2.714892005920410156e+01
-8.998812103271484375e+01,2.714823532104492188e+01
-8.998160552978515625e+01,2.715883827209472656e+01
-8.998844909667968750e+01,2.714916229248046875e+01
-8.997603607177734375e+01,2.716736221313476562e+01
-8.998317718505859375e+01,2.715600395202636719e+01
-8.999014282226562500e+01,2.714701080322265625e+01
-8.998461151123046875e+01,2.715498161315917969e+01
-8.997634887695312500e+01,2.716552162170410156e+01
-8.999343109130859375e+01,2.714338111877441406e+01
-8.998811340332031250e+01,2.714919471740722656e+01
-8.997781372070312500e+01,2.716308784484863281e+01
-8.997486114501953125e+01,2.716728591918945312e+01
-8.997933197021484375e+01,2.716138076782226562e+01
-8.999095916748046875e+01,2.714504623413085938e+01
-8.998187255859375000e+01,2.715708351135253906e+01
-8.998294067382812500e+01,2.715528488159179688e+01
-8.998606872558593750e+01,2.715189361572265625e+01
-8.997669982910156250e+01,2.716558647155761719e+01
-8.998491668701171875e+01,2.715394783020019531e+01
-8.998710632324218750e+01,2.715052795410156250e+01
-8.997647094726562500e+01,2.716557884216308594e+01
-8.998691558837890625e+01,2.715121078491210938e+01
-8.998739624023437500e+01,2.715014457702636719e+01
-8.997804260253906250e+01,2.716298675537109375e+01
-8.997730255126953125e+01,2.716380119323730469e+01
-8.997522735595703125e+01,2.716858100891113281e+01
-8.997966766357421875e+01,2.715956115722656250e+01
-8.999021911621093750e+01,2.714680862426757812e+01
-8.999276733398437500e+01,2.714405632019042969e+01
-8.998740386962890625e+01,2.714947128295898438e+01
-8.997403717041015625e+01,2.716919136047363281e+01
-8.998574066162109375e+01,2.715348434448242188e+01
-8.998951721191406250e+01,2.714595985412597656e+01
-8.998687744140625000e+01,2.715117835998535156e+01
-8.997705078125000000e+01,2.716578292846679688e+01
-8.998754119873046875e+01,2.715145301818847656e+01
-8.998242187500000000e+01,2.715589141845703125e+01
-8.998452758789062500e+01,2.715546989440917969e+01
-8.998435974121093750e+01,2.715318489074707031e+01
-8.998204040527343750e+01,2.715587043762207031e+01
-8.998394012451171875e+01,2.715583038330078125e+01
-8.997519683837890625e+01,2.716882705688476562e+01
-8.997989654541015625e+01,2.716090011596679688e+01
-8.998364257812500000e+01,2.715645980834960938e+01
-8.999381256103515625e+01,2.714253807067871094e+01
-8.998842620849609375e+01,2.714867019653320312e+01
-8.999098205566406250e+01,2.714585113525390625e+01
-8.998016357421875000e+01,2.715975761413574219e+01
-8.998668670654296875e+01,2.715119171142578125e+01
-8.998486328125000000e+01,2.715332984924316406e+01
-8.997550201416015625e+01,2.716799354553222656e+01
-8.997443389892578125e+01,2.716975212097167969e+01
-8.997889709472656250e+01,2.716251373291015625e+01
-8.999150085449218750e+01,2.714484596252441406e+01
-8.998858642578125000e+01,2.714731597900390625e+01
-8.998303222656250000e+01,2.715577125549316406e+01
-8.997919464111328125e+01,2.716209220886230469e+01
-8.999314117431640625e+01,2.714285469055175781e+01
-8.997622680664062500e+01,2.716637039184570312e+01
-8.998889160156250000e+01,2.714858436584472656e+01
-8.997438812255859375e+01,2.716918754577636719e+01
-8.998801422119140625e+01,2.714973068237304688e+01
-8.997854614257812500e+01,2.716172599792480469e+01
-8.998738098144531250e+01,2.714949607849121094e+01
-8.998627471923828125e+01,2.715146636962890625e+01
-8.998480224609375000e+01,2.715439414978027344e+01
-8.998501586914062500e+01,2.715499114990234375e+01
-8.997949218750000000e+01,2.716088867187500000e+01
-8.997585296630859375e+01,2.716666603088378906e+01
-8.998960876464843750e+01,2.714734077453613281e+01
-8.998726654052734375e+01,2.715221595764160156e+01
-8.998383331298828125e+01,2.715614128112792969e+01
-8.998486328125000000e+01,2.715438652038574219e+01
-8.998933410644531250e+01,2.714682960510253906e+01
-8.998898315429687500e+01,2.714790916442871094e+01
-8.998718261718750000e+01,2.715159416198730469e+01
-8.998403930664062500e+01,2.715512657165527344e+01
-8.997818756103515625e+01,2.716220474243164062e+01
-8.998934173583984375e+01,2.714765167236328125e+01
-8.998985290527343750e+01,2.714708709716796875e+01
-8.998337554931640625e+01,2.715475082397460938e+01
-8.997416687011718750e+01,2.716964340209960938e+01
-8.998731231689453125e+01,2.715031814575195312e+01
-8.998535156250000000e+01,2.715277671813964844e+01
-8.997545623779296875e+01,2.716760063171386719e+01
-8.998430633544921875e+01,2.715437316894531250e+01
-8.999095153808593750e+01,2.714565086364746094e+01
-8.998329162597656250e+01,2.715643119812011719e+01
-8.998867034912109375e+01,2.714739227294921875e+01
-8.998648071289062500e+01,2.715187644958496094e+01
-8.998011016845703125e+01,2.716082572937011719e+01
-8.997819519042968750e+01,2.716324615478515625e+01
-8.999093627929687500e+01,2.714417266845703125e+01
-8.997468566894531250e+01,2.716870498657226562e+01
-8.997508239746093750e+01,2.716751098632812500e+01
-8.998609161376953125e+01,2.715162086486816406e+01
-8.998352050781250000e+01,2.715555953979492188e+01
-8.997484588623046875e+01,2.716814422607421875e+01
-8.997889709472656250e+01,2.716067314147949219e+01
-8.999236297607421875e+01,2.714457321166992188e+01
-8.997599029541015625e+01,2.716735267639160156e+01
-8.998813629150390625e+01,2.714904403686523438e+01
-8.997689056396484375e+01,2.716457939147949219e+01
-8.999189758300781250e+01,2.714347267150878906e+01
-8.999148559570312500e+01,2.714529609680175781e+01
-8.997932434082031250e+01,2.716263580322265625e+01
-8.998670959472656250e+01,2.715149879455566406e+01
-8.998326110839843750e+01,2.715540504455566406e+01
-8.999021148681640625e+01,2.714559364318847656e+01
-8.998195648193359375e+01,2.715760803222656250e+01
-8.998174285888671875e+01,2.715835380554199219e+01
-8.997949981689453125e+01,2.715988540649414062e+01
-8.998603057861328125e+01,2.715333938598632812e+01
-8.998248291015625000e+01,2.715733909606933594e+01
-8.997914886474609375e+01,2.716303443908691406e+01
-8.999046325683593750e+01,2.714658546447753906e+01
-8.998682403564453125e+01,2.715127754211425781e+01
-8.999125671386718750e+01,2.714420890808105469e+01
-8.998043823242187500e+01,2.715942573547363281e+01
-8.997691345214843750e+01,2.716611862182617188e+01
-8.997415161132812500e+01,2.716907882690429688e+01
-8.998342132568359375e+01,2.715619277954101562e+01
-8.998543548583984375e+01,2.715275764465332031e+01
-8.999344635009765625e+01,2.714266395568847656e+01
-8.999137115478515625e+01,2.714444732666015625e+01
-8.998802947998046875e+01,2.715093040466308594e+01
-8.997807312011718750e+01,2.716248321533203125e+01
-8.998565673828125000e+01,2.715212821960449219e+01
-8.997949981689453125e+01,2.716222763061523438e+01
-8.998224639892578125e+01,2.715627861022949219e+01
-8.998300170898437500e+01,2.715555000305175781e+01
-8.998468780517578125e+01,2.715319824218750000e+01
-8.997760772705078125e+01,2.716303825378417969e+01
-8.998268890380859375e+01,2.715684509277343750e+01
-8.998931121826171875e+01,2.714680099487304688e+01
-8.998943328857421875e+01,2.714721107482910156e+01
-8.998405456542968750e+01,2.715352058410644531e+01
-8.998271179199218750e+01,2.715722656250000000e+01
-8.999108123779296875e+01,2.714581680297851562e+01
-8.998354339599609375e+01,2.715514945983886719e+01
-8.998632812500000000e+01,2.715232467651367188e+01
-8.999237823486328125e+01,2.714401054382324219e+01
-8.998344421386718750e+01,2.715583992004394531e+01
-8.997808074951171875e+01,2.716411781311035156e+01
-8.999166870117187500e+01,2.714389801025390625e+01
-8.998523712158203125e+01,2.715245246887207031e+01
-8.997710418701171875e+01,2.716553497314453125e+01
-8.998801422119140625e+01,2.714953994750976562e+01
-8.997594451904296875e+01,2.716625785827636719e+01
-8.998118591308593750e+01,2.715741539001464844e+01
-8.997473144531250000e+01,2.716799545288085938e+01
-8.997631835937500000e+01,2.716691398620605469e+01
-8.997637939453125000e+01,2.716589927673339844e+01
-8.997860717773437500e+01,2.716145896911621094e+01
-8.999105834960937500e+01,2.714567375183105469e+01
-8.998876953125000000e+01,2.714913368225097656e+01
-8.998900604248046875e+01,2.714762687683105469e+01
-8.999394989013671875e+01,2.714249992370605469e+01
-8.999245452880859375e+01,2.714433860778808594e+01
-8.998266601562500000e+01,2.715692710876464844e+01
-8.999019622802734375e+01,2.714632415771484375e+01
-8.997772216796875000e+01,2.716357994079589844e+01
-8.998883056640625000e+01,2.714709091186523438e+01
-8.998844146728515625e+01,2.715029144287109375e+01
-8.998044586181640625e+01,2.716035842895507812e+01
-8.998198699951171875e+01,2.715677452087402344e+01
-8.998062896728515625e+01,2.716002464294433594e+01
-8.998381805419921875e+01,2.715480232238769531e+01
-8.998420715332031250e+01,2.715466880798339844e+01
-8.997779846191406250e+01,2.716399002075195312e+01
-8.998473358154296875e+01,2.715313529968261719e+01
-8.998228454589843750e+01,2.715629768371582031e+01
-8.998239898681640625e+01,2.715680313110351562e+01
-8.998532867431640625e+01,2.715376091003417969e+01
-8.999050140380859375e+01,2.714607238769531250e+01
-8.998596954345703125e+01,2.715178298950195312e+01
-8.999134826660156250e+01,2.714449310302734375e+01
-8.999150085449218750e+01,2.714430618286132812e+01
-8.997975921630859375e+01,2.716183090209960938e+01
-8.997628021240234375e+01,2.716558074951171875e+01
-8.999317932128906250e+01,2.714336585998535156e+01
-8.997769165039062500e+01,2.716339492797851562e+01
-8.997696685791015625e+01,2.716564559936523438e+01
-8.998828125000000000e+01,2.715059089660644531e+01
-8.997722625732421875e+01,2.716558265686035156e+01
-8.997967529296875000e+01,2.715928077697753906e+01
-8.997933197021484375e+01,2.716184043884277344e+01
-8.998937988281250000e+01,2.714764022827148438e+01
-8.997622680664062500e+01,2.716572380065917969e+01
-8.997930908203125000e+01,2.716171455383300781e+01
-8.999098205566406250e+01,2.714514541625976562e+01
-8.999295043945312500e+01,2.714364433288574219e+01
-8.997543334960937500e+01,2.716784095764160156e+01
-8.997570800781250000e+01,2.716774940490722656e+01
-8.997998809814453125e+01,2.716176033020019531e+01
-8.997807312011718750e+01,2.716378021240234375e+01
-8.998199462890625000e+01,2.715600776672363281e+01
-8.998084259033203125e+01,2.715952873229980469e+01
-8.998396301269531250e+01,2.715600013732910156e+01
-8.998223114013671875e+01,2.715743255615234375e+01
-8.998062133789062500e+01,2.716027450561523438e+01
-8.999136352539062500e+01,2.714611816406250000e+01
-8.998735046386718750e+01,2.715038299560546875e+01
-8.998251342773437500e+01,2.715583038330078125e+01
-8.999102783203125000e+01,2.714474868774414062e+01
-8.998719024658203125e+01,2.715137481689453125e+01
-8.998749542236328125e+01,2.714926528930664062e+01
-8.998097991943359375e+01,2.715896797180175781e+01
-8.998155212402343750e+01,2.715900611877441406e+01
-8.998468780517578125e+01,2.715369224548339844e+01
-8.998614501953125000e+01,2.715355682373046875e+01
-8.998720550537109375e+01,2.715044212341308594e+01
-8.998720550537109375e+01,2.715076828002929688e+01
-8.998069000244140625e+01,2.715998458862304688e+01
-8.998082733154296875e+01,2.715788459777832031e+01
-8.997830200195312500e+01,2.716295433044433594e+01
-8.998562622070312500e+01,2.715304374694824219e+01
-8.998370361328125000e+01,2.715620803833007812e+01
-8.998685455322265625e+01,2.715094757080078125e+01
-8.997502136230468750e+01,2.716802597045898438e+01
-8.998674011230468750e+01,2.715282440185546875e+01
-8.998602294921875000e+01,2.715218734741210938e+01
-8.998090362548828125e+01,2.715979576110839844e+01
-8.998714447021484375e+01,2.715215301513671875e+01
-8.998204040527343750e+01,2.715680694580078125e+01
-8.998619842529296875e+01,2.715178871154785156e+01
-8.998870086669921875e+01,2.714747047424316406e+01
-8.998960113525390625e+01,2.714614868164062500e+01
-8.999118041992187500e+01,2.714529037475585938e+01
-8.998834228515625000e+01,2.714846992492675781e+01
-8.998137664794921875e+01,2.715747451782226562e+01
-8.997869110107421875e+01,2.716149711608886719e+01
-8.997565460205078125e+01,2.716827774047851562e+01
-8.998243713378906250e+01,2.715572738647460938e+01
-8.998968505859375000e+01,2.714791679382324219e+01
-8.998852539062500000e+01,2.714753913879394531e+01
-8.999067687988281250e+01,2.714675712585449219e+01
-8.998269653320312500e+01,2.715541648864746094e+01
-8.997990417480468750e+01,2.716088867187500000e+01
-8.998133087158203125e+01,2.715829849243164062e+01
-8.998826599121093750e+01,2.714904975891113281e+01
-8.999082183837890625e+01,2.714483261108398438e+01
-8.997636413574218750e+01,2.716694641113281250e+01
-8.998660278320312500e+01,2.715156936645507812e+01
-8.998136901855468750e+01,2.715758323669433594e+01
-8.998804473876953125e+01,2.714907073974609375e+01
-8.997536468505859375e+01,2.716879081726074219e+01
-8.998797607421875000e+01,2.714991188049316406e+01
-8.998872375488281250e+01,2.714724731445312500e+01
-8.997457885742187500e+01,2.716851425170898438e+01
-8.997430419921875000e+01,2.717045211791992188e+01
-8.998712921142578125e+01,2.715078353881835938e+01
-8.998397827148437500e+01,2.715566253662109375e+01
-8.997888183593750000e+01,2.716290855407714844e+01
-8.997742462158203125e+01,2.716481781005859375e+01
-8.998394775390625000e+01,2.715372657775878906e+01
-8.997554016113281250e+01,2.716681671142578125e+01
-8.999159240722656250e+01,2.714403343200683594e+01
-8.997678375244140625e+01,2.716610145568847656e+01
-8.998808288574218750e+01,2.715077590942382812e+01
-8.998705291748046875e+01,2.715092468261718750e+01
-8.999298095703125000e+01,2.714314651489257812e+01
-8.999179077148437500e+01,2.714536666870117188e+01
-8.997791290283203125e+01,2.716251754760742188e+01
-8.999361419677734375e+01,2.714284706115722656e+01
-8.997447967529296875e+01,2.716942596435546875e+01
-8.997880554199218750e+01,2.716312408447265625e+01
-8.998964691162109375e+01,2.714773941040039062e+01
-8.998028564453125000e+01,2.715998458862304688e+01
-8.998568725585937500e+01,2.715267944335937500e+01
-8.999079132080078125e+01,2.714419364929199219e+01
-8.998104095458984375e+01,2.715936470031738281e+01
-8.998610687255859375e+01,2.715251541137695312e+01
-8.997763824462890625e+01,2.716472625732421875e+01
-8.998410034179687500e+01,2.715449523925781250e+01
-8.998540496826171875e+01,2.715344810485839844e+01
-8.998204803466796875e+01,2.715725708007812500e+01
-8.997808074951171875e+01,2.716414642333984375e+01
-8.997376251220703125e+01,2.717094039916992188e+01
-8.998412322998046875e+01,2.715519523620605469e+01
-8.999185943603515625e+01,2.714366722106933594e+01
-8.999208068847656250e+01,2.714355659484863281e+01
-8.998663330078125000e+01,2.715177536010742188e+01
-8.998922729492187500e+01,2.714842796325683594e+01
-8.997837066650390625e+01,2.716215133666992188e+01
-8.999069976806640625e+01,2.714451980590820312e+01
-8.998098754882812500e+01,2.715891456604003906e+01
-8.998129272460937500e+01,2.715921020507812500e+01
-8.997422027587890625e+01,2.716924858093261719e+01
-8.998786163330078125e+01,2.715018463134765625e+01
-8.997769165039062500e+01,2.716358184814453125e+01
-8.997587585449218750e+01,2.716723060607910156e+01
-8.998992156982421875e+01,2.714623069763183594e+01
-8.999066162109375000e+01,2.714540481567382812e+01
-8.998065948486328125e+01,2.715905761718750000e+01
-8.997788238525390625e+01,2.716412162780761719e+01
-8.998447418212890625e+01,2.715382957458496094e+01
-8.997354125976562500e+01,2.717034339904785156e+01
-8.997711944580078125e+01,2.716454696655273438e+01
-8.999082183837890625e+01,2.714602088928222656e+01
-8.997643280029296875e+01,2.716622352600097656e+01
-8.999113464355468750e+01,2.714594268798828125e+01
-8.998351287841796875e+01,2.715483093261718750e+01
-8.998667907714843750e+01,2.715191841125488281e+01
-8.998783111572265625e+01,2.714947319030761719e+01
-8.998834991455078125e+01,2.714937591552734375e+01
-8.998239135742187500e+01,2.715685272216796875e+01
-8.998821258544921875e+01,2.715053749084472656e+01
-8.998442840576171875e+01,2.715337371826171875e+01
-8.998660278320312500e+01,2.715098762512207031e+01
-8.999239349365234375e+01,2.714380073547363281e+01
-8.998528289794921875e+01,2.715376663208007812e+01
-8.998790740966796875e+01,2.714940261840820312e+01
-8.998350524902343750e+01,2.715552902221679688e+01
-8.997990417480468750e+01,2.716046524047851562e+01
-8.997673797607421875e+01,2.716612243652343750e+01
-8.997506713867187500e+01,2.716857337951660156e+01
-8.997508239746093750e+01,2.716897010803222656e+01
-8.997920989990234375e+01,2.716029357910156250e+01
-8.998454284667968750e+01,2.715494155883789062e+01
-8.999045562744140625e+01,2.714705276489257812e+01
-8.997976684570312500e+01,2.716065788269042969e+01
-8.998015594482421875e+01,2.716015243530273438e+01
-8.998070526123046875e+01,2.715973854064941406e+01
-8.998739624023437500e+01,2.715183258056640625e+01
-8.997944641113281250e+01,2.715992546081542969e+01
-8.997931671142578125e+01,2.716268920898437500e+01
-8.998877716064453125e+01,2.714750862121582031e+01
-8.999025726318359375e+01,2.714711189270019531e+01
-8.999250793457031250e+01,2.714416503906250000e+01
-8.999286651611328125e+01,2.714379119873046875e+01
-8.998365783691406250e+01,2.715607261657714844e+01
-8.997392272949218750e+01,2.717099189758300781e+01
-8.997796630859375000e+01,2.716361236572265625e+01
-8.998889923095703125e+01,2.714732551574707031e+01
-8.999290466308593750e+01,2.714382934570312500e+01
-8.998934173583984375e+01,2.714742279052734375e+01
-8.997949981689453125e+01,2.716080474853515625e+01
-8.997490692138671875e+01,2.716738128662109375e+01
-8.998854827880859375e+01,2.714831542968750000e+01
-8.997485351562500000e+01,2.716949462890625000e+01
-8.997997283935546875e+01,2.715962028503417969e+01
-8.997397613525390625e+01,2.716978454589843750e+01
-8.997814178466796875e+01,2.716217613220214844e+01
-8.998990631103515625e+01,2.714752769470214844e+01
-8.997502899169921875e+01,2.716748619079589844e+01
-8.998217773437500000e+01,2.715780258178710938e+01
-8.997893524169921875e+01,2.716108322143554688e+01
-8.998595428466796875e+01,2.715266227722167969e+01
-8.998310852050781250e+01,2.715489387512207031e+01
-8.997509765625000000e+01,2.716834068298339844e+01
-8.997777557373046875e+01,2.716319656372070312e+01
-8.998617553710937500e+01,2.715330123901367188e+01
-8.998520660400390625e+01,2.715248489379882812e+01
-8.998657226562500000e+01,2.715058326721191406e+01
-8.998235321044921875e+01,2.715736579895019531e+01
-8.998316192626953125e+01,2.715571784973144531e+01
-8.997677612304687500e+01,2.716600036621093750e+01
-8.998138427734375000e+01,2.715803527832031250e+01
-8.997463226318359375e+01,2.716898727416992188e+01
-8.998948669433593750e+01,2.714603996276855469e+01
-8.999179077148437500e+01,2.714455413818359375e+01
-8.998818206787109375e+01,2.714913368225097656e+01
-8.998178100585937500e+01,2.715867424011230469e+01
-8.997841644287109375e+01,2.716276168823242188e+01
-8.998002624511718750e+01,2.716040611267089844e+01
-8.997875976562500000e+01,2.716276168823242188e+01
-8.998725128173828125e+01,2.715201759338378906e+01
-8.998289489746093750e+01,2.715710639953613281e+01
-8.998995208740234375e+01,2.714675903320312500e+01
-8.998703765869140625e+01,2.715094375610351562e+01
-8.998081207275390625e+01,2.715859413146972656e+01
-8.998110961914062500e+01,2.715778160095214844e+01
-8.997997283935546875e+01,2.716043663024902344e+01
-8.998953247070312500e+01,2.714702415466308594e+01
-8.998078918457031250e+01,2.715775299072265625e+01
-8.997529602050781250e+01,2.716716003417968750e+01
-8.998166656494140625e+01,2.715657997131347656e+01
-8.997800445556640625e+01,2.716386032104492188e+01
-8.998041534423828125e+01,2.715900611877441406e+01
-8.998499298095703125e+01,2.715265274047851562e+01
-8.998542022705078125e+01,2.715224266052246094e+01
-8.998766326904296875e+01,2.715050315856933594e+01
-8.997980499267578125e+01,2.715921974182128906e+01
-8.998282623291015625e+01,2.715733718872070312e+01
-8.997994232177734375e+01,2.715914535522460938e+01
-8.999060058593750000e+01,2.714584159851074219e+01
-8.997834014892578125e+01,2.716205215454101562e+01
-8.998954010009765625e+01,2.714599800109863281e+01
-8.997924804687500000e+01,2.716271591186523438e+01
-8.998428344726562500e+01,2.715389633178710938e+01
-8.998653411865234375e+01,2.715103721618652344e+01
-8.998622894287109375e+01,2.715138435363769531e+01
-8.998594665527343750e+01,2.715170097351074219e+01
-8.999259948730468750e+01,2.714352035522460938e+01
-8.998756408691406250e+01,2.714916801452636719e+01
-8.998622894287109375e+01,2.715137100219726562e+01
-8.998204803466796875e+01,2.715718650817871094e+01
-8.997824096679687500e+01,2.716244506835937500e+01
-8.998344421386718750e+01,2.715583610534667969e+01
-8.998150634765625000e+01,2.715789985656738281e+01
-8.998753356933593750e+01,2.715031814575195312e+01
-8.998916625976562500e+01,2.714930534362792969e+01
-8.998042297363281250e+01,2.715893745422363281e+01
-8.998290252685546875e+01,2.715552711486816406e+01
-8.998207092285156250e+01,2.715771102905273438e+01
-8.999187469482421875e+01,2.714340209960937500e+01
-8.997618865966796875e+01,2.716573524475097656e+01
-8.998531341552734375e+01,2.715454864501953125e+01
-8.998149871826171875e+01,2.715669250488281250e+01
-8.998342895507812500e+01,2.715614128112792969e+01
-8.998072052001953125e+01,2.715892219543457031e+01
-8.998329162597656250e+01,2.715634727478027344e+01
-8.998740386962890625e+01,2.715071678161621094e+01
-8.998944091796875000e+01,2.714765739440917969e+01
-8.999173736572265625e+01,2.714394569396972656e+01
-8.997579193115234375e+01,2.716786384582519531e+01
-8.998983764648437500e+01,2.714843750000000000e+01
-8.998101806640625000e+01,2.715868949890136719e+01
-8.999273681640625000e+01,2.714396286010742188e+01
-8.998294067382812500e+01,2.715611457824707031e+01
-8.999310302734375000e+01,2.714369392395019531e+01
-8.997544097900390625e+01,2.716655921936035156e+01
-8.997402191162109375e+01,2.716979408264160156e+01
-8.997484588623046875e+01,2.716801643371582031e+01
-8.998352050781250000e+01,2.715421676635742188e+01
-8.997743988037109375e+01,2.716376876831054688e+01
-8.998154449462890625e+01,2.715826225280761719e+01
-8.998079681396484375e+01,2.715792083740234375e+01
-8.998540496826171875e+01,2.715345382690429688e+01
-8.998603057861328125e+01,2.715202903747558594e+01
-8.998316955566406250e+01,2.715641403198242188e+01
-8.998174285888671875e+01,2.715794754028320312e+01
-8.999073791503906250e+01,2.714572143554687500e+01
-8.997904968261718750e+01,2.716175651550292969e+01
-8.999140167236328125e+01,2.714410972595214844e+01
-8.998097229003906250e+01,2.715783119201660156e+01
-8.999046325683593750e+01,2.714766311645507812e+01
-8.998741912841796875e+01,2.714906501770019531e+01
-8.997555541992187500e+01,2.716818809509277344e+01
-8.998331451416015625e+01,2.715495109558105469e+01
-8.999317169189453125e+01,2.714366531372070312e+01
-8.998479461669921875e+01,2.715389633178710938e+01
-8.997577667236328125e+01,2.716637420654296875e+01
-8.997578430175781250e+01,2.716754341125488281e+01
-8.997959899902343750e+01,2.715981292724609375e+01
-8.999208831787109375e+01,2.714396286010742188e+01
-8.997357177734375000e+01,2.717094993591308594e+01
-8.997496032714843750e+01,2.716949081420898438e+01
-8.999054718017578125e+01,2.714449119567871094e+01
-8.997670745849609375e+01,2.716472816467285156e+01
-8.998686981201171875e+01,2.715125656127929688e+01
-8.997508239746093750e+01,2.716784477233886719e+01
-8.999078369140625000e+01,2.714710807800292969e+01
-8.999049377441406250e+01,2.714708137512207031e+01
-8.997982788085937500e+01,2.716198158264160156e+01
-8.997573089599609375e+01,2.716777992248535156e+01
-8.999038696289062500e+01,2.714680290222167969e+01
-8.997877502441406250e+01,2.716135597229003906e+01
-8.998069000244140625e+01,2.715867614746093750e+01
-8.997896575927734375e+01,2.716198348999023438e+01
-8.997505187988281250e+01,2.716784667968750000e+01
-8.997572326660156250e+01,2.716687774658203125e+01
-8.997579956054687500e+01,2.716662597656250000e+01
-8.998519134521484375e+01,2.715467453002929688e+01
-8.997434234619140625e+01,2.716929626464843750e+01
-8.999003601074218750e+01,2.714715003967285156e+01
-8.998097991943359375e+01,2.715966415405273438e+01
-8.997514343261718750e+01,2.716771697998046875e+01
-8.999155426025390625e+01,2.714381790161132812e+01
-8.997677612304687500e+01,2.716530418395996094e+01
-8.997761535644531250e+01,2.716386604309082031e+01
-8.997406768798828125e+01,2.716980743408203125e+01
-8.998398590087890625e+01,2.715591812133789062e+01
-8.997933959960937500e+01,2.716209220886230469e+01
-8.997588348388671875e+01,2.716751670837402344e+01
-8.998973083496093750e+01,2.714671897888183594e+01
-8.998519897460937500e+01,2.715268898010253906e+01
-8.998251342773437500e+01,2.715555381774902344e+01
-8.999010467529296875e+01,2.714568901062011719e+01
-8.998758697509765625e+01,2.714879226684570312e+01
-8.998197174072265625e+01,2.715748977661132812e+01
-8.998876190185546875e+01,2.714774322509765625e+01
-8.998719787597656250e+01,2.714986228942871094e+01
-8.998310089111328125e+01,2.715649032592773438e+01
-8.998732757568359375e+01,2.714921188354492188e+01
-8.998105621337890625e+01,2.715941619873046875e+01
-8.998999786376953125e+01,2.714637756347656250e+01
-8.998379516601562500e+01,2.715381240844726562e+01
-8.998104858398437500e+01,2.715817070007324219e+01
-8.998313140869140625e+01,2.715527153015136719e+01
-8.998399353027343750e+01,2.715617179870605469e+01
-8.998876190185546875e+01,2.714801025390625000e+01
-8.998217010498046875e+01,2.715782928466796875e+01
-8.998052978515625000e+01,2.716070556640625000e+01
-8.998548889160156250e+01,2.715336036682128906e+01
-8.999088287353515625e+01,2.714446830749511719e+01
-8.998337554931640625e+01,2.715576171875000000e+01
-8.999263000488281250e+01,2.714339065551757812e+01
-8.997447967529296875e+01,2.716831016540527344e+01
-8.999206542968750000e+01,2.714456748962402344e+01
-8.998748779296875000e+01,2.715035629272460938e+01
-8.998329925537109375e+01,2.715672111511230469e+01
-8.997616577148437500e+01,2.716692924499511719e+01
-8.998812103271484375e+01,2.715032196044921875e+01
-8.998455810546875000e+01,2.715462684631347656e+01
-8.998478698730468750e+01,2.715466880798339844e+01
-8.999087524414062500e+01,2.714651870727539062e+01
-8.998222351074218750e+01,2.715583801269531250e+01
-8.997549438476562500e+01,2.716824722290039062e+01
-8.997415161132812500e+01,2.716920661926269531e+01
-8.997626495361328125e+01,2.716538238525390625e+01
-8.998229980468750000e+01,2.715770912170410156e+01
-8.997790527343750000e+01,2.716267967224121094e+01
-8.998099517822265625e+01,2.715875625610351562e+01
-8.998757934570312500e+01,2.715097045898437500e+01
-8.998449707031250000e+01,2.715357971191406250e+01
-8.998750305175781250e+01,2.715070724487304688e+01
-8.997589111328125000e+01,2.716771697998046875e+01
-8.997444152832031250e+01,2.716999816894531250e+01
-8.998400878906250000e+01,2.715476226806640625e+01
-8.999218750000000000e+01,2.714486312866210938e+01
-8.998558044433593750e+01,2.715301322937011719e+01
-8.998280334472656250e+01,2.715649032592773438e+01
-8.998620605468750000e+01,2.715145874023437500e+01
-8.998825836181640625e+01,2.715050697326660156e+01
-8.998706817626953125e+01,2.715198707580566406e+01
-8.998126983642578125e+01,2.715761756896972656e+01
-8.999031066894531250e+01,2.714666557312011719e+01
-8.999183654785156250e+01,2.714499282836914062e+01
-8.999005126953125000e+01,2.714718818664550781e+01
-8.998997497558593750e+01,2.714538955688476562e+01
-8.998279571533203125e+01,2.715524101257324219e+01
-8.997596740722656250e+01,2.716614913940429688e+01
-8.998435211181640625e+01,2.715451431274414062e+01
-8.998498535156250000e+01,2.715446472167968750e+01
-8.998018646240234375e+01,2.716109085083007812e+01
-8.999058532714843750e+01,2.714444160461425781e+01
-8.998665618896484375e+01,2.715124320983886719e+01
-8.998021697998046875e+01,2.715898132324218750e+01
-8.999304962158203125e+01,2.714346122741699219e+01
-8.999102783203125000e+01,2.714435005187988281e+01
-8.997516632080078125e+01,2.716789817810058594e+01
-8.998156738281250000e+01,2.715851402282714844e+01
-8.997725677490234375e+01,2.716474533081054688e+01
-8.997760772705078125e+01,2.716459274291992188e+01
-8.998326873779296875e+01,2.715548515319824219e+01
-8.997811126708984375e+01,2.716313743591308594e+01
-8.997828674316406250e+01,2.716272926330566406e+01
-8.998016357421875000e+01,2.715884399414062500e+01
-8.997755432128906250e+01,2.716376304626464844e+01
-8.999137115478515625e+01,2.714463615417480469e+01
-8.999309539794921875e+01,2.714341163635253906e+01
-8.998150634765625000e+01,2.715890121459960938e+01
-8.999210357666015625e+01,2.714416313171386719e+01
-8.998088836669921875e+01,2.715810775756835938e+01
-8.998132324218750000e+01,2.715757560729980469e+01
-8.998167419433593750e+01,2.715730476379394531e+01
-8.998622894287109375e+01,2.715115165710449219e+01
-8.998536682128906250e+01,2.715253257751464844e+01
-8.998980712890625000e+01,2.714844894409179688e+01
-8.998816680908203125e+01,2.714875793457031250e+01
-8.998932647705078125e+01,2.714658355712890625e+01
-8.998738861083984375e+01,2.714987945556640625e+01
-8.998497009277343750e+01,2.715442276000976562e+01
-8.998169708251953125e+01,2.715811729431152344e+01
-8.998712921142578125e+01,2.714950370788574219e+01
-8.998091125488281250e+01,2.715775680541992188e+01
-8.997532653808593750e+01,2.716680908203125000e+01
-8.997833251953125000e+01,2.716300392150878906e+01
-8.997446441650390625e+01,2.716942024230957031e+01
-8.998146820068359375e+01,2.715744400024414062e+01
-8.999169158935546875e+01,2.714381980895996094e+01
-8.997721862792968750e+01,2.716502380371093750e+01
-8.998702239990234375e+01,2.715093994140625000e+01
-8.997424316406250000e+01,2.716965484619140625e+01
-8.997827148437500000e+01,2.716231727600097656e+01
-8.998138427734375000e+01,2.715784645080566406e+01
-8.998561096191406250e+01,2.715397071838378906e+01
-8.998546600341796875e+01,2.715230941772460938e+01
-8.998567962646484375e+01,2.715290641784667969e+01
-8.997817993164062500e+01,2.716268539428710938e+01
-8.998905181884765625e+01,2.714756774902343750e+01
-8.998959350585937500e+01,2.714792251586914062e+01
-8.998126220703125000e+01,2.715709495544433594e+01
-8.997457122802734375e+01,2.716859817504882812e+01
-8.998007202148437500e+01,2.716145324707031250e+01
-8.999194335937500000e+01,2.714349746704101562e+01
-8.999164581298828125e+01,2.714407157897949219e+01
-8.997991943359375000e+01,2.716159248352050781e+01
-8.999368286132812500e+01,2.714274215698242188e+01
-8.998303985595703125e+01,2.715616989135742188e+01
-8.998937988281250000e+01,2.714868164062500000e+01
-8.999021148681640625e+01,2.714671325683593750e+01
-8.998918914794921875e+01,2.714872932434082031e+01
-8.998577880859375000e+01,2.715301322937011719e+01
-8.998249816894531250e+01,2.715612602233886719e+01
-8.997583007812500000e+01,2.716628074645996094e+01
-8.997760772705078125e+01,2.716413879394531250e+01
-8.997681427001953125e+01,2.716635704040527344e+01
-8.998159790039062500e+01,2.715876388549804688e+01
-8.997895812988281250e+01,2.716277313232421875e+01
-8.998064422607421875e+01,2.715950202941894531e+01
-8.998822021484375000e+01,2.714810752868652344e+01
-8.998987579345703125e+01,2.714824676513671875e+01
-8.999221801757812500e+01,2.714401626586914062e+01
-8.998435211181640625e+01,2.715555000305175781e+01
-8.998020935058593750e+01,2.715972328186035156e+01
-8.998002624511718750e+01,2.716025161743164062e+01
-8.999102783203125000e+01,2.714605712890625000e+01
-8.998431396484375000e+01,2.715473365783691406e+01
-8.998582458496093750e+01,2.715366363525390625e+01
-8.997818756103515625e+01,2.716233825683593750e+01
-8.999131774902343750e+01,2.714431762695312500e+01
-8.997431945800781250e+01,2.716919326782226562e+01
-8.997837066650390625e+01,2.716307830810546875e+01
-8.997934722900390625e+01,2.716123008728027344e+01
-8.997374725341796875e+01,2.717044830322265625e+01
-8.998993682861328125e+01,2.714831733703613281e+01
-8.998807525634765625e+01,2.715056037902832031e+01
-8.998677062988281250e+01,2.715096855163574219e+01
-8.997888946533203125e+01,2.716138648986816406e+01
-8.997501373291015625e+01,2.716787338256835938e+01
-8.998537445068359375e+01,2.715439605712890625e+01
-8.998214721679687500e+01,2.715692329406738281e+01
-8.998740386962890625e+01,2.714896011352539062e+01
-8.997628784179687500e+01,2.716671943664550781e+01
-8.998456573486328125e+01,2.715357780456542969e+01
-8.997352600097656250e+01,2.717135238647460938e+01
-8.998237609863281250e+01,2.715744972229003906e+01
-8.999044036865234375e+01,2.714741897583007812e+01
-8.997888183593750000e+01,2.716312789916992188e+01
-8.998487854003906250e+01,2.715410804748535156e+01
-8.998267364501953125e+01,2.715751457214355469e+01
-8.997513580322265625e+01,2.716782569885253906e+01
-8.997556304931640625e+01,2.716712379455566406e+01
-8.998090362548828125e+01,2.715830612182617188e+01
-8.998191833496093750e+01,2.715665054321289062e+01
-8.998632812500000000e+01,2.715136146545410156e+01
-8.997883605957031250e+01,2.716220474243164062e+01
-8.998193359375000000e+01,2.715714454650878906e+01
-8.999015045166015625e+01,2.714525413513183594e+01
-8.999102020263671875e+01,2.714565086364746094e+01
-8.998528289794921875e+01,2.715410423278808594e+01
-8.997400665283203125e+01,2.716921997070312500e+01
-8.999017333984375000e+01,2.714722824096679688e+01
-8.997862243652343750e+01,2.716131782531738281e+01
-8.998537445068359375e+01,2.715287017822265625e+01
-8.998390197753906250e+01,2.715538978576660156e+01
-8.997724914550781250e+01,2.716429901123046875e+01
-8.998935699462890625e+01,2.714908218383789062e+01
-8.998893737792968750e+01,2.714863014221191406e+01
-8.997942352294921875e+01,2.716063690185546875e+01
-8.998131561279296875e+01,2.715841674804687500e+01
-8.998185729980468750e+01,2.715713500976562500e+01
-8.998295593261718750e+01,2.715711212158203125e+01
-8.997688293457031250e+01,2.716595077514648438e+01
-8.998551940917968750e+01,2.715325927734375000e+01
-8.999315643310546875e+01,2.714326095581054688e+01
-8.997776794433593750e+01,2.716318893432617188e+01
-8.998751068115234375e+01,2.715017127990722656e+01
-8.997493743896484375e+01,2.716747093200683594e+01
-8.998958587646484375e+01,2.714739990234375000e+01
-8.999036407470703125e+01,2.714607048034667969e+01
-8.998648834228515625e+01,2.715240097045898438e+01
-8.998995971679687500e+01,2.714640808105468750e+01
-8.998181915283203125e+01,2.715821456909179688e+01
-8.998942565917968750e+01,2.714666557312011719e+01
-8.998807525634765625e+01,2.714901733398437500e+01
-8.998476409912109375e+01,2.715386009216308594e+01
-8.998009490966796875e+01,2.716086578369140625e+01
-8.998295593261718750e+01,2.715552902221679688e+01
-8.998677825927734375e+01,2.715035057067871094e+01
-8.997794342041015625e+01,2.716388511657714844e+01
-8.999044036865234375e+01,2.714688301086425781e+01
-8.998435974121093750e+01,2.715569114685058594e+01
-8.998554992675781250e+01,2.715428352355957031e+01
-8.999024200439453125e+01,2.714664459228515625e+01
-8.998471832275390625e+01,2.715305328369140625e+01
-8.997550964355468750e+01,2.716649055480957031e+01
-8.997889709472656250e+01,2.716134643554687500e+01
-8.997512817382812500e+01,2.716727447509765625e+01
-8.997837066650390625e+01,2.716219329833984375e+01
-8.997998809814453125e+01,2.715977668762207031e+01
-8.998476409912109375e+01,2.715275573730468750e+01
-8.997829437255859375e+01,2.716213607788085938e+01
-8.997535705566406250e+01,2.716789054870605469e+01
-8.997982025146484375e+01,2.715917396545410156e+01
-8.998970794677734375e+01,2.714777183532714844e+01
-8.998011779785156250e+01,2.715930938720703125e+01
-8.999156188964843750e+01,2.714434814453125000e+01
-8.998120117187500000e+01,2.715911865234375000e+01
-8.998702239990234375e+01,2.715019416809082031e+01
-8.998017120361328125e+01,2.715892410278320312e+01
-8.998096466064453125e+01,2.715860366821289062e+01
-8.999364471435546875e+01,2.714308357238769531e+01
-8.998249816894531250e+01,2.715605163574218750e+01
-8.997469329833984375e+01,2.716773796081542969e+01
-8.998218536376953125e+01,2.715619659423828125e+01
-8.998644256591796875e+01,2.715278625488281250e+01
-8.997751617431640625e+01,2.716497611999511719e+01
-8.997912597656250000e+01,2.716274833679199219e+01
-8.998837280273437500e+01,2.714862823486328125e+01
-8.998406982421875000e+01,2.715458297729492188e+01
-8.998872375488281250e+01,2.714958572387695312e+01
-8.998500823974609375e+01,2.715300369262695312e+01
-8.999034881591796875e+01,2.714584159851074219e+01
-8.998015594482421875e+01,2.715889358520507812e+01
-8.998854064941406250e+01,2.714917182922363281e+01
-8.998347473144531250e+01,2.715483665466308594e+01
-8.998731231689453125e+01,2.714949607849121094e+01
-8.998731994628906250e+01,2.715184593200683594e+01
-8.997525024414062500e+01,2.716691970825195312e+01
-8.998091888427734375e+01,2.715855598449707031e+01
-8.998994445800781250e+01,2.714528846740722656e+01
-8.998752593994140625e+01,2.714887428283691406e+01
-8.998956298828125000e+01,2.714819717407226562e+01
-8.998403930664062500e+01,2.715402030944824219e+01
-8.998501586914062500e+01,2.715355300903320312e+01
-8.997813415527343750e+01,2.716336631774902344e+01
-8.998948669433593750e+01,2.714731788635253906e+01
-8.998024749755859375e+01,2.715995597839355469e+01
-8.999114227294921875e+01,2.714479064941406250e+01
-8.998918914794921875e+01,2.714662933349609375e+01
-8.997574615478515625e+01,2.716743659973144531e+01
-8.997530364990234375e+01,2.716860008239746094e+01
-8.999188995361328125e+01,2.714392662048339844e+01
-8.997826385498046875e+01,2.716279029846191406e+01
-8.998019409179687500e+01,2.715892791748046875e+01
-8.998311614990234375e+01,2.715538787841796875e+01
-8.997438812255859375e+01,2.716961860656738281e+01
-8.998347473144531250e+01,2.715441513061523438e+01
-8.998818969726562500e+01,2.714824676513671875e+01
-8.998693084716796875e+01,2.715098381042480469e+01
-8.999127197265625000e+01,2.714477157592773438e+01
-8.998990631103515625e+01,2.714756584167480469e+01
-8.998226165771484375e+01,2.715718460083007812e+01
-8.998427581787109375e+01,2.715306854248046875e+01
-8.998928070068359375e+01,2.714893913269042969e+01
-8.999106597900390625e+01,2.714528846740722656e+01
-8.997996520996093750e+01,2.716069984436035156e+01
-8.998738861083984375e+01,2.714970207214355469e+01
-8.997644042968750000e+01,2.716530227661132812e+01
-8.998690032958984375e+01,2.715065002441406250e+01
-8.999001312255859375e+01,2.714825630187988281e+01
-8.998139190673828125e+01,2.715685081481933594e+01
-8.999191284179687500e+01,2.714387321472167969e+01
-8.998150634765625000e+01,2.715697288513183594e+01
-8.998886108398437500e+01,2.714859771728515625e+01
-8.998975372314453125e+01,2.714738464355468750e+01
-8.998653411865234375e+01,2.715202140808105469e+01
-8.998651123046875000e+01,2.715199279785156250e+01
-8.999154663085937500e+01,2.714465522766113281e+01
-8.998893737792968750e+01,2.714738273620605469e+01
-8.999198150634765625e+01,2.714372253417968750e+01
-8.997926330566406250e+01,2.716014671325683594e+01
-8.998621368408203125e+01,2.715140533447265625e+01
-8.998872375488281250e+01,2.714832496643066406e+01
-8.998001861572265625e+01,2.715926742553710938e+01
-8.998906707763671875e+01,2.714711570739746094e+01
-8.998178863525390625e+01,2.715828132629394531e+01
-8.997450256347656250e+01,2.716957664489746094e+01
-8.998780059814453125e+01,2.715031051635742188e+01
-8.999129486083984375e+01,2.714486694335937500e+01
-8.999094390869140625e+01,2.714608192443847656e+01
-8.997559356689453125e+01,2.716753196716308594e+01
-8.997924041748046875e+01,2.716130065917968750e+01
-8.998110961914062500e+01,2.715767097473144531e+01
-8.998882293701171875e+01,2.714827728271484375e+01
-8.999227142333984375e+01,2.714394760131835938e+01
-8.998061370849609375e+01,2.716000175476074219e+01
-8.997398376464843750e+01,2.717021751403808594e+01
-8.998274993896484375e+01,2.715590858459472656e+01
-8.998301696777343750e+01,2.715683937072753906e+01
-8.999170684814453125e+01,2.714402770996093750e+01
-8.997527313232421875e+01,2.716813850402832031e+01
-8.999356842041015625e+01,2.714229393005371094e+01
-8.997727203369140625e+01,2.716397857666015625e+01
-8.998588562011718750e+01,2.715167427062988281e+01
-8.998380279541015625e+01,2.715378952026367188e+01
-8.998060607910156250e+01,2.715814971923828125e+01
-8.998306274414062500e+01,2.715513610839843750e+01
-8.999152374267578125e+01,2.714570999145507812e+01
-8.997545623779296875e+01,2.716690826416015625e+01
-8.998745727539062500e+01,2.714951324462890625e+01
-8.998956298828125000e+01,2.714729881286621094e+01
-8.998988342285156250e+01,2.714834213256835938e+01
-8.998576354980468750e+01,2.715370941162109375e+01
-8.998725891113281250e+01,2.714955139160156250e+01
-8.997675323486328125e+01,2.716591262817382812e+01
-8.997970581054687500e+01,2.715950202941894531e+01
-8.998011016845703125e+01,2.715941238403320312e+01
-8.998779296875000000e+01,2.714841461181640625e+01
-8.999134063720703125e+01,2.714489364624023438e+01
-8.997854614257812500e+01,2.716225242614746094e+01
-8.998664855957031250e+01,2.715196418762207031e+01
-8.999108886718750000e+01,2.714431190490722656e+01
-8.998133087158203125e+01,2.715695571899414062e+01
-8.997582244873046875e+01,2.716783523559570312e+01
-8.998641967773437500e+01,2.715263938903808594e+01
-8.997848510742187500e+01,2.716313934326171875e+01
-8.998732757568359375e+01,2.715209770202636719e+01
-8.997693634033203125e+01,2.716488838195800781e+01
-8.998400878906250000e+01,2.715418815612792969e+01
-8.998836517333984375e+01,2.714778327941894531e+01
-8.998014068603515625e+01,2.715999603271484375e+01
-8.999039459228515625e+01,2.714546012878417969e+01
-8.998228454589843750e+01,2.715577507019042969e+01
-8.999046325683593750e+01,2.714731788635253906e+01
-8.998760986328125000e+01,2.715055847167968750e+01
-8.998197174072265625e+01,2.715661621093750000e+01
-8.999064636230468750e+01,2.714423370361328125e+01
-8.998128509521484375e+01,2.715849304199218750e+01
-8.998036956787109375e+01,2.716030883789062500e+01
-8.999254608154296875e+01,2.714425277709960938e+01
-8.998717498779296875e+01,2.715182685852050781e+01
-8.998038482666015625e+01,2.715874290466308594e+01
-8.999110412597656250e+01,2.714486885070800781e+01
-8.998430633544921875e+01,2.715368461608886719e+01
-8.997705841064453125e+01,2.716578483581542969e+01
-8.998057556152343750e+01,2.715978050231933594e+01
-8.997874450683593750e+01,2.716197395324707031e+01
-8.998956298828125000e+01,2.714706611633300781e+01
-8.998543548583984375e+01,2.715239906311035156e+01
-8.997422790527343750e+01,2.716869354248046875e+01
-8.998863220214843750e+01,2.714935302734375000e+01
-8.998412322998046875e+01,2.715434646606445312e+01
-8.998625183105468750e+01,2.715298652648925781e+01
-8.998462677001953125e+01,2.715517425537109375e+01
-8.998017883300781250e+01,2.715872383117675781e+01
-8.999224853515625000e+01,2.714425659179687500e+01
-8.997906494140625000e+01,2.716308593750000000e+01
-8.998198699951171875e+01,2.715665435791015625e+01
-8.997437286376953125e+01,2.716954421997070312e+01
-8.998077392578125000e+01,2.715840530395507812e+01
-8.998351287841796875e+01,2.715647506713867188e+01
-8.998339843750000000e+01,2.715641403198242188e+01
-8.997692108154296875e+01,2.716436576843261719e+01
-8.997478485107421875e+01,2.716783142089843750e+01
-8.998985290527343750e+01,2.714656829833984375e+01
-8.998195648193359375e+01,2.715763092041015625e+01
-8.998470306396484375e+01,2.715388107299804688e+01
-8.997714233398437500e+01,2.716514396667480469e+01
-8.997863006591796875e+01,2.716263008117675781e+01
-8.997939300537109375e+01,2.715998458862304688e+01
-8.998683929443359375e+01,2.715222167968750000e+01
-8.998309326171875000e+01,2.715604972839355469e+01
-8.999100494384765625e+01,2.714380073547363281e+01
-8.998488616943359375e+01,2.715361213684082031e+01
-8.997737884521484375e+01,2.716523742675781250e+01
-8.998493957519531250e+01,2.715458679199218750e+01
-8.998966217041015625e+01,2.714771461486816406e+01
-8.998528289794921875e+01,2.715270996093750000e+01
-8.998612976074218750e+01,2.715158653259277344e+01
-8.997964477539062500e+01,2.716241073608398438e+01
-8.998231506347656250e+01,2.715782165527343750e+01
-8.999151611328125000e+01,2.714442825317382812e+01
-8.998062133789062500e+01,2.715880775451660156e+01
-8.997417449951171875e+01,2.717058563232421875e+01
-8.998296356201171875e+01,2.715629768371582031e+01
-8.998216247558593750e+01,2.715688133239746094e+01
-8.998348236083984375e+01,2.715658569335937500e+01
-8.998885345458984375e+01,2.714782905578613281e+01
-8.999125671386718750e+01,2.714426803588867188e+01
-8.997580718994140625e+01,2.716806602478027344e+01
-8.998489379882812500e+01,2.715430068969726562e+01
-8.997795867919921875e+01,2.716289138793945312e+01
-8.998060607910156250e+01,2.715844154357910156e+01
-8.997484588623046875e+01,2.716860771179199219e+01
-8.999043273925781250e+01,2.714476203918457031e+01
-8.998776245117187500e+01,2.714914703369140625e+01
-8.998429107666015625e+01,2.715472602844238281e+01
-8.998130035400390625e+01,2.715929985046386719e+01
-8.998416900634765625e+01,2.715361213684082031e+01
-8.997930908203125000e+01,2.716232872009277344e+01
-8.999366760253906250e+01,2.714240646362304688e+01
-8.998676300048828125e+01,2.715282058715820312e+01
-8.998678588867187500e+01,2.715128517150878906e+01
-8.997884368896484375e+01,2.716139793395996094e+01
-8.998901367187500000e+01,2.714886093139648438e+01
-8.998796081542968750e+01,2.714969062805175781e+01
-8.998300170898437500e+01,2.715580749511718750e+01
-8.998377227783203125e+01,2.715468025207519531e+01
-8.998905944824218750e+01,2.714683914184570312e+01
-8.998981475830078125e+01,2.714652824401855469e+01
-8.999029541015625000e+01,2.714767646789550781e+01
-8.998043060302734375e+01,2.716004180908203125e+01
-8.999059295654296875e+01,2.714585304260253906e+01
-8.998257446289062500e+01,2.715645217895507812e+01
-8.998823547363281250e+01,2.714867401123046875e+01
-8.999047851562500000e+01,2.714745330810546875e+01
-8.999314117431640625e+01,2.714359855651855469e+01
-8.997700500488281250e+01,2.716386222839355469e+01
-8.997859954833984375e+01,2.716289520263671875e+01
-8.998037719726562500e+01,2.715920448303222656e+01
-8.999117279052734375e+01,2.714462280273437500e+01
-8.997557067871093750e+01,2.716853332519531250e+01
-8.999019622802734375e+01,2.714715003967285156e+01
-8.999279785156250000e+01,2.714378356933593750e+01
-8.998954772949218750e+01,2.714865303039550781e+01
-8.997993469238281250e+01,2.715999794006347656e+01
-8.997959136962890625e+01,2.715968322753906250e+01
-8.998831939697265625e+01,2.714773750305175781e+01
-8.998411560058593750e+01,2.715597915649414062e+01
-8.997769165039062500e+01,2.716478347778320312e+01
-8.997399139404296875e+01,2.717010498046875000e+01
-8.998651885986328125e+01,2.715200233459472656e+01
-8.999156951904296875e+01,2.714494895935058594e+01
-8.998233032226562500e+01,2.715741729736328125e+01
-8.999041748046875000e+01,2.714717483520507812e+01
-8.998320007324218750e+01,2.715605735778808594e+01
-8.998425292968750000e+01,2.715313720703125000e+01
-8.999237060546875000e+01,2.714459991455078125e+01
-8.997872924804687500e+01,2.716304397583007812e+01
-8.997669982910156250e+01,2.716563796997070312e+01
-8.998543548583984375e+01,2.715241813659667969e+01
-8.998583984375000000e+01,2.715339469909667969e+01
-8.998706054687500000e+01,2.715187263488769531e+01
-8.998176574707031250e+01,2.715729141235351562e+01
-8.998579406738281250e+01,2.715302085876464844e+01
-8.997548675537109375e+01,2.716705131530761719e+01
-8.998729705810546875e+01,2.714982604980468750e+01
-8.998347473144531250e+01,2.715592956542968750e+01
-8.999139404296875000e+01,2.714561843872070312e+01
-8.998719024658203125e+01,2.715026473999023438e+01
-8.998751831054687500e+01,2.715055847167968750e+01
-8.999092102050781250e+01,2.714465904235839844e+01
-8.999026489257812500e+01,2.714710044860839844e+01
-8.998534393310546875e+01,2.715399169921875000e+01
-8.998806762695312500e+01,2.714831733703613281e+01
-8.998475646972656250e+01,2.715527915954589844e+01
-8.997554016113281250e+01,2.716795349121093750e+01
-8.997772979736328125e+01,2.716400718688964844e+01
-8.997521972656250000e+01,2.716766357421875000e+01
-8.999245452880859375e+01,2.714349365234375000e+01
-8.997699737548828125e+01,2.716536140441894531e+01
-8.998458862304687500e+01,2.715565681457519531e+01
-8.997537231445312500e+01,2.716674232482910156e+01
-8.998995971679687500e+01,2.714698791503906250e+01
-8.998006439208984375e+01,2.715979957580566406e+01
-8.998649597167968750e+01,2.715147972106933594e+01
-8.998738861083984375e+01,2.715037918090820312e+01
-8.998126220703125000e+01,2.715800285339355469e+01
-8.998855590820312500e+01,2.715004348754882812e+01
-8.998161315917968750e+01,2.715738677978515625e+01
-8.999326324462890625e+01,2.714301681518554688e+01
-8.999372100830078125e+01,2.714261627197265625e+01
-8.998299407958984375e+01,2.715500068664550781e+01
-8.998424530029296875e+01,2.715320587158203125e+01
-8.998847961425781250e+01,2.714911842346191406e+01
-8.998322296142578125e+01,2.715613937377929688e+01
-8.997626495361328125e+01,2.716580200195312500e+01
-8.997651672363281250e+01,2.716482734680175781e+01
-8.998740386962890625e+01,2.715125656127929688e+01
-8.997954559326171875e+01,2.716237831115722656e+01
-8.998864746093750000e+01,2.714925575256347656e+01
-8.998941802978515625e+01,2.714753913879394531e+01
-8.997663879394531250e+01,2.716551208496093750e+01
-8.998483276367187500e+01,2.715314102172851562e+01
-8.998432159423828125e+01,2.715386199951171875e+01
-8.999109649658203125e+01,2.714497184753417969e+01
-8.997593688964843750e+01,2.716587448120117188e+01
-8.999312591552734375e+01,2.714305686950683594e+01
-8.997854614257812500e+01,2.716302299499511719e+01
-8.997579956054687500e+01,2.716636085510253906e+01
-8.999082183837890625e+01,2.714619064331054688e+01
-8.998686218261718750e+01,2.715281486511230469e+01
-8.999159240722656250e+01,2.714422416687011719e+01
-8.997608184814453125e+01,2.716639518737792969e+01
-8.997940063476562500e+01,2.716063880920410156e+01
-8.997720336914062500e+01,2.716554641723632812e+01
-8.998826599121093750e+01,2.715026473999023438e+01
-8.997775268554687500e+01,2.716312980651855469e+01
-8.999124908447265625e+01,2.714484024047851562e+01
-8.997911071777343750e+01,2.716140174865722656e+01
-8.998020935058593750e+01,2.716082000732421875e+01
-8.997437286376953125e+01,2.716979408264160156e+01
-8.999008941650390625e+01,2.714715003967285156e+01
-8.998842620849609375e+01,2.715034484863281250e+01
-8.998802185058593750e+01,2.715037536621093750e+01
-8.998438262939453125e+01,2.715454101562500000e+01
-8.997641754150390625e+01,2.716598892211914062e+01
-8.997981262207031250e+01,2.716007041931152344e+01
-8.998764801025390625e+01,2.715002250671386719e+01
-8.998699188232421875e+01,2.715080070495605469e+01
-8.998305511474609375e+01,2.715616607666015625e+01
-8.999050903320312500e+01,2.714642906188964844e+01
-8.999114990234375000e+01,2.714643478393554688e+01
-8.997829437255859375e+01,2.716243362426757812e+01
-8.998422241210937500e+01,2.715583419799804688e+01
-8.997900390625000000e+01,2.716054534912109375e+01
-8.998767852783203125e+01,2.715016555786132812e+01
-8.998509216308593750e+01,2.715320014953613281e+01
-8.998342895507812500e+01,2.715470695495605469e+01
-8.999220275878906250e+01,2.714457130432128906e+01
-8.997624969482421875e+01,2.716619491577148438e+01
-8.998744201660156250e+01,2.715065002441406250e+01
-8.997462463378906250e+01,2.716977500915527344e+01
-8.998998260498046875e+01,2.714791297912597656e+01
-8.997752380371093750e+01,2.716480445861816406e+01
-8.999204254150390625e+01,2.714463233947753906e+01
-8.998707580566406250e+01,2.714992332458496094e+01
-8.997753143310546875e+01,2.716375541687011719e+01
-8.997525787353515625e+01,2.716851425170898438e+01
-8.997777557373046875e+01,2.716285324096679688e+01
-8.997617340087890625e+01,2.716645431518554688e+01
-8.997427368164062500e+01,2.716993522644042969e+01
-8.998451995849609375e+01,2.715554237365722656e+01
-8.998197174072265625e+01,2.715649986267089844e+01
-8.998542785644531250e+01,2.715400123596191406e+01
-8.998454284667968750e+01,2.715354156494140625e+01
-8.998078918457031250e+01,2.715871047973632812e+01
-8.998574829101562500e+01,2.715274810791015625e+01
-8.999069976806640625e+01,2.714551544189453125e+01
-8.998551177978515625e+01,2.715218162536621094e+01
-8.998982238769531250e+01,2.714745521545410156e+01
-8.998992919921875000e+01,2.714693260192871094e+01
-8.998907470703125000e+01,2.714702987670898438e+01
-8.998783111572265625e+01,2.714833831787109375e+01
-8.998104858398437500e+01,2.715775489807128906e+01
-8.997880554199218750e+01,2.716106796264648438e+01
-8.997984313964843750e+01,2.716038131713867188e+01
-8.998220062255859375e+01,2.715666770935058594e+01
-8.998256683349609375e+01,2.715655708312988281e+01
-8.997879028320312500e+01,2.716227149963378906e+01
-8.998601531982421875e+01,2.715278434753417969e+01
-8.998081970214843750e+01,2.715894889831542969e+01
-8.999052429199218750e+01,2.714672088623046875e+01
-8.997465515136718750e+01,2.716975593566894531e+01
-8.998559570312500000e+01,2.715394783020019531e+01
-8.997943115234375000e+01,2.716132545471191406e+01
-8.998567199707031250e+01,2.715213775634765625e+01
-8.998802947998046875e+01,2.714972877502441406e+01
-8.997657775878906250e+01,2.716609001159667969e+01
-8.997805786132812500e+01,2.716436195373535156e+01
-8.997740936279296875e+01,2.716390228271484375e+01
-8.998928833007812500e+01,2.714773368835449219e+01
-8.998324584960937500e+01,2.715537071228027344e+01
-8.999066925048828125e+01,2.714484405517578125e+01
-8.998597717285156250e+01,2.715169525146484375e+01
-8.998718261718750000e+01,2.715082740783691406e+01
-8.998142242431640625e+01,2.715754318237304688e+01
-8.998141479492187500e+01,2.715664291381835938e+01
-8.998793029785156250e+01,2.714931488037109375e+01
-8.997560119628906250e+01,2.716651344299316406e+01
-8.998124694824218750e+01,2.715923690795898438e+01
-8.998288726806640625e+01,2.715601539611816406e+01
-8.998196411132812500e+01,2.715854644775390625e+01
-8.998989868164062500e+01,2.714654922485351562e+01
-8.999145507812500000e+01,2.714510154724121094e+01
-8.998726654052734375e+01,2.715024375915527344e+01
-8.998323822021484375e+01,2.715556526184082031e+01
-8.999082946777343750e+01,2.714447212219238281e+01
-8.998999023437500000e+01,2.714592742919921875e+01
-8.997476196289062500e+01,2.716791343688964844e+01
-8.997481536865234375e+01,2.716909217834472656e+01
-8.998548889160156250e+01,2.715213966369628906e+01
-8.998028564453125000e+01,2.715978431701660156e+01
-8.997402191162109375e+01,2.717037582397460938e+01
-8.998413848876953125e+01,2.715434265136718750e+01
-8.998965454101562500e+01,2.714774703979492188e+01
-8.998860931396484375e+01,2.714819717407226562e+01
-8.998809051513671875e+01,2.714993667602539062e+01
-8.998020935058593750e+01,2.715907478332519531e+01
-8.998104095458984375e+01,2.715705680847167969e+01
-8.998841857910156250e+01,2.714814758300781250e+01
-8.998226928710937500e+01,2.715689849853515625e+01
-8.999048614501953125e+01,2.714710235595703125e+01
-8.999226379394531250e+01,2.714442062377929688e+01
-8.998771667480468750e+01,2.714980125427246094e+01
-8.998256683349609375e+01,2.715661811828613281e+01
-8.998194122314453125e+01,2.715762710571289062e+01
-8.999284362792968750e+01,2.714322471618652344e+01
-8.998782348632812500e+01,2.714856338500976562e+01
-8.998944854736328125e+01,2.714870262145996094e+01
-8.999100494384765625e+01,2.714392852783203125e+01
-8.999066925048828125e+01,2.714692115783691406e+01
-8.998956298828125000e+01,2.714863777160644531e+01
-8.997901153564453125e+01,2.716205215454101562e+01
-8.998275756835937500e+01,2.715542221069335938e+01
-8.998856353759765625e+01,2.714978027343750000e+01
-8.997842407226562500e+01,2.716211509704589844e+01
-8.997903442382812500e+01,2.716161346435546875e+01
-8.997714996337890625e+01,2.716408157348632812e+01
-8.998273468017578125e+01,2.715720176696777344e+01
-8.998359680175781250e+01,2.715561866760253906e+01
-8.997964477539062500e+01,2.716058349609375000e+01
-8.998043823242187500e+01,2.715995979309082031e+01
-8.997839355468750000e+01,2.716172790527343750e+01
-8.998468017578125000e+01,2.715468025207519531e+01
-8.997888183593750000e+01,2.716304588317871094e+01
-8.997760009765625000e+01,2.716369438171386719e+01
-8.997871398925781250e+01,2.716159248352050781e+01
-8.998336029052734375e+01,2.715612411499023438e+01
-8.997381591796875000e+01,2.717058753967285156e+01
-8.998085784912109375e+01,2.715753746032714844e+01
-8.998813629150390625e+01,2.714811134338378906e+01
-8.997616577148437500e+01,2.716740226745605469e+01
-8.999295806884765625e+01,2.714367675781250000e+01
-8.998413085937500000e+01,2.715337562561035156e+01
-8.997553253173828125e+01,2.716781425476074219e+01
-8.997449493408203125e+01,2.716833877563476562e+01
-8.998239898681640625e+01,2.715590858459472656e+01
-8.997905731201171875e+01,2.716165161132812500e+01
-8.998758697509765625e+01,2.714892196655273438e+01
-8.997452545166015625e+01,2.716936302185058594e+01
-8.997792053222656250e+01,2.716307830810546875e+01
-8.998845672607421875e+01,2.714735984802246094e+01
-8.998056030273437500e+01,2.715803909301757812e+01
-8.999086761474609375e+01,2.714695739746093750e+01
-8.999101257324218750e+01,2.714653587341308594e+01
-8.997512054443359375e+01,2.716910171508789062e+01
-8.999084472656250000e+01,2.714624786376953125e+01
-8.998197174072265625e+01,2.715773963928222656e+01
-8.998251342773437500e+01,2.715771865844726562e+01
-8.998908233642578125e+01,2.714796447753906250e+01
-8.999319458007812500e+01,2.714282798767089844e+01
-8.998886871337890625e+01,2.714774322509765625e+01
-8.998369598388671875e+01,2.715640830993652344e+01
-8.998652648925781250e+01,2.715231513977050781e+01
-8.997776794433593750e+01,2.716308212280273438e+01
-8.998529815673828125e+01,2.715258026123046875e+01
-8.997645568847656250e+01,2.716680526733398438e+01
-8.998698425292968750e+01,2.714987182617187500e+01
-8.999015808105468750e+01,2.714571571350097656e+01
-8.998812103271484375e+01,2.714896774291992188e+01
-8.997885894775390625e+01,2.716150665283203125e+01
-8.997387695312500000e+01,2.717015457153320312e+01
-8.998786163330078125e+01,2.714956283569335938e+01
-8.997616577148437500e+01,2.716717147827148438e+01
-8.998133850097656250e+01,2.715736770629882812e+01
-8.998687744140625000e+01,2.715204048156738281e+01
-8.999192810058593750e+01,2.714507293701171875e+01
-8.997466278076171875e+01,2.716823196411132812e+01
-8.999023437500000000e+01,2.714762115478515625e+01
-8.997389221191406250e+01,2.717062950134277344e+01
-8.998214721679687500e+01,2.715719032287597656e+01
-8.997505950927734375e+01,2.716841888427734375e+01
-8.998587036132812500e+01,2.715255546569824219e+01
-8.997400665283203125e+01,2.716920661926269531e+01
-8.999142456054687500e+01,2.714475822448730469e+01
-8.997995758056640625e+01,2.716047668457031250e+01
-8.998731994628906250e+01,2.714956092834472656e+01
-8.997595977783203125e+01,2.716587066650390625e+01
-8.998072814941406250e+01,2.715952491760253906e+01
-8.998741149902343750e+01,2.715105819702148438e+01
-8.997913360595703125e+01,2.716192436218261719e+01
-8.997737121582031250e+01,2.716474151611328125e+01
-8.998063659667968750e+01,2.715956878662109375e+01
-8.998767089843750000e+01,2.714910888671875000e+01
-8.998778533935546875e+01,2.714905357360839844e+01
-8.998964691162109375e+01,2.714794731140136719e+01
-8.999096679687500000e+01,2.714410209655761719e+01
-8.998728179931640625e+01,2.714957618713378906e+01
-8.999128723144531250e+01,2.714466857910156250e+01
-8.999044799804687500e+01,2.714535140991210938e+01
-8.999121093750000000e+01,2.714447212219238281e+01
-8.997586059570312500e+01,2.716766548156738281e+01
-8.997724914550781250e+01,2.716353797912597656e+01
-8.998194885253906250e+01,2.715775299072265625e+01
-8.998573303222656250e+01,2.715384101867675781e+01
-8.998646545410156250e+01,2.715301895141601562e+01
-8.997731018066406250e+01,2.716497421264648438e+01
-8.999002075195312500e+01,2.714763069152832031e+01
-8.998696136474609375e+01,2.715102767944335938e+01
-8.998487854003906250e+01,2.715287590026855469e+01
-8.999037170410156250e+01,2.714681053161621094e+01
-8.997577667236328125e+01,2.716686439514160156e+01
-8.997958374023437500e+01,2.716028785705566406e+01
-8.998036193847656250e+01,2.716102790832519531e+01
-8.998738861083984375e+01,2.714924049377441406e+01
-8.999069213867187500e+01,2.714698982238769531e+01
-8.997471618652343750e+01,2.716758537292480469e+01
-8.997325134277343750e+01,2.717132759094238281e+01
-8.999060821533203125e+01,2.714632034301757812e+01
-8.998554992675781250e+01,2.715274238586425781e+01
-8.997971343994140625e+01,2.716087341308593750e+01
-8.998362731933593750e+01,2.715415573120117188e+01
-8.997346496582031250e+01,2.717131233215332031e+01
-8.998023986816406250e+01,2.716033744812011719e+01
-8.997599792480468750e+01,2.716576194763183594e+01
-8.998406219482421875e+01,2.715394592285156250e+01
-8.997801208496093750e+01,2.716334724426269531e+01
-8.998619079589843750e+01,2.715308570861816406e+01
-8.997882080078125000e+01,2.716091728210449219e+01
-8.999181365966796875e+01,2.714431571960449219e+01
-8.998314666748046875e+01,2.715628242492675781e+01
-8.998847961425781250e+01,2.714974594116210938e+01
-8.997610473632812500e+01,2.716735839843750000e+01
-8.999029541015625000e+01,2.714762115478515625e+01
-8.999224090576171875e+01,2.714440345764160156e+01
-8.997573089599609375e+01,2.716651535034179688e+01
-8.999366760253906250e+01,2.714228630065917969e+01
-8.997897338867187500e+01,2.716300964355468750e+01
-8.998754119873046875e+01,2.715073204040527344e+01
-8.998561859130859375e+01,2.715410041809082031e+01
-8.998178863525390625e+01,2.715694999694824219e+01
-8.998916625976562500e+01,2.714919090270996094e+01
-8.997566223144531250e+01,2.716636085510253906e+01
-8.998297882080078125e+01,2.715608406066894531e+01
-8.997600555419921875e+01,2.716585159301757812e+01
-8.998252868652343750e+01,2.715563392639160156e+01
-8.998796081542968750e+01,2.715072631835937500e+01
-8.998058319091796875e+01,2.716044044494628906e+01
-8.998767089843750000e+01,2.714927291870117188e+01
-8.999121856689453125e+01,2.714428329467773438e+01
-8.998715972900390625e+01,2.714958763122558594e+01
-8.997909545898437500e+01,2.716058731079101562e+01
-8.997453308105468750e+01,2.716846084594726562e+01
-8.997826385498046875e+01,2.716299057006835938e+01
-8.998728942871093750e+01,2.714962768554687500e+01
-8.997642517089843750e+01,2.716590309143066406e+01
-8.998040771484375000e+01,2.716061782836914062e+01
-8.997444915771484375e+01,2.716977691650390625e+01
-8.998615264892578125e+01,2.715330505371093750e+01
-8.998011016845703125e+01,2.716020774841308594e+01
-8.997413635253906250e+01,2.716907501220703125e+01
-8.998125457763671875e+01,2.715823936462402344e+01
-8.998718261718750000e+01,2.714982414245605469e+01
-8.997666168212890625e+01,2.716536140441894531e+01
-8.997975158691406250e+01,2.716062355041503906e+01
-8.998841857910156250e+01,2.714891624450683594e+01
-8.997636413574218750e+01,2.716563606262207031e+01
-8.999096679687500000e+01,2.714438629150390625e+01
-8.998998260498046875e+01,2.714544868469238281e+01
-8.999305725097656250e+01,2.714315986633300781e+01
-8.998046112060546875e+01,2.716027641296386719e+01
-8.999080657958984375e+01,2.714439201354980469e+01
-8.998384857177734375e+01,2.715598678588867188e+01
-8.997949981689453125e+01,2.715960311889648438e+01
-8.998973846435546875e+01,2.714595603942871094e+01
-8.998788452148437500e+01,2.715015792846679688e+01
-8.997871398925781250e+01,2.716235160827636719e+01
-8.998750305175781250e+01,2.715041160583496094e+01
-8.998700714111328125e+01,2.715089225769042969e+01
-8.998672485351562500e+01,2.715230560302734375e+01
-8.998696899414062500e+01,2.715012931823730469e+01
-8.997544860839843750e+01,2.716687774658203125e+01
-8.998253631591796875e+01,2.715560531616210938e+01
-8.997834777832031250e+01,2.716206359863281250e+01
-8.998709106445312500e+01,2.715197753906250000e+01
-8.998588562011718750e+01,2.715338325500488281e+01
-8.997740173339843750e+01,2.716493225097656250e+01
-8.998849487304687500e+01,2.714792633056640625e+01
-8.998115539550781250e+01,2.715742683410644531e+01
-8.999119567871093750e+01,2.714629554748535156e+01
-8.998851776123046875e+01,2.714770126342773438e+01
-8.999358367919921875e+01,2.714315795898437500e+01
-8.999329376220703125e+01,2.714305877685546875e+01
-8.998898315429687500e+01,2.714805030822753906e+01
-8.997372436523437500e+01,2.717108154296875000e+01
-8.997695922851562500e+01,2.716444778442382812e+01
-8.999344635009765625e+01,2.714262580871582031e+01
-8.997925567626953125e+01,2.716131210327148438e+01
-8.998122406005859375e+01,2.715843582153320312e+01
-8.999143218994140625e+01,2.714610290527343750e+01
-8.999130249023437500e+01,2.714502525329589844e+01
-8.998351287841796875e+01,2.715454864501953125e+01
-8.998952484130859375e+01,2.714643669128417969e+01
-8.998767852783203125e+01,2.714925956726074219e+01
-8.998957824707031250e+01,2.714784240722656250e+01
-8.998457336425781250e+01,2.715283966064453125e+01
-8.998607635498046875e+01,2.715351867675781250e+01
-8.999250793457031250e+01,2.714423751831054688e+01
-8.998781585693359375e+01,2.714846992492675781e+01
-8.997852325439453125e+01,2.716149330139160156e+01
-8.997782135009765625e+01,2.716370773315429688e+01
-8.999121093750000000e+01,2.714592933654785156e+01
-8.998878479003906250e+01,2.714797592163085938e+01
-8.997711181640625000e+01,2.716413879394531250e+01
-8.998925018310546875e+01,2.714690399169921875e+01
-8.998927307128906250e+01,2.714656829833984375e+01
-8.998468017578125000e+01,2.715359306335449219e+01
-8.998477172851562500e+01,2.715326690673828125e+01
-8.998476409912109375e+01,2.715312957763671875e+01
-8.997438049316406250e+01,2.716897010803222656e+01
-8.997777557373046875e+01,2.716314315795898438e+01
-8.998372650146484375e+01,2.715529060363769531e+01
-8.998269653320312500e+01,2.715682029724121094e+01
-8.997773742675781250e+01,2.716462898254394531e+01
-8.998475646972656250e+01,2.715412521362304688e+01
-8.997969055175781250e+01,2.716097450256347656e+01
-8.998278045654296875e+01,2.715695762634277344e+01
-8.999048614501953125e+01,2.714706611633300781e+01
-8.998463439941406250e+01,2.715411186218261719e+01
-8.997579193115234375e+01,2.716634941101074219e+01
-8.998849487304687500e+01,2.714771652221679688e+01
-8.997387695312500000e+01,2.716993331909179688e+01
-8.998526763916015625e+01,2.715272521972656250e+01
-8.998817443847656250e+01,2.714852714538574219e+01
-8.998913574218750000e+01,2.714812278747558594e+01
-8.998194122314453125e+01,2.715804672241210938e+01
-8.998081207275390625e+01,2.715779113769531250e+01
-8.997409057617187500e+01,2.717061614990234375e+01
-8.998108673095703125e+01,2.715831756591796875e+01
-8.998447418212890625e+01,2.715511512756347656e+01
-8.997509765625000000e+01,2.716882324218750000e+01
-8.997758483886718750e+01,2.716511344909667969e+01
-8.997679901123046875e+01,2.716433715820312500e+01
-8.999346160888671875e+01,2.714314460754394531e+01
-8.998005676269531250e+01,2.715998649597167969e+01
-8.997903442382812500e+01,2.716216278076171875e+01
-8.997894287109375000e+01,2.716055488586425781e+01
-8.997911834716796875e+01,2.716102981567382812e+01
-8.998410034179687500e+01,2.715499496459960938e+01
-8.997460937500000000e+01,2.716839218139648438e+01
-8.998561096191406250e+01,2.715218734741210938e+01
-8.998086547851562500e+01,2.715957450866699219e+01
-8.998784637451171875e+01,2.714871215820312500e+01
-8.999156188964843750e+01,2.714455223083496094e+01
-8.999004364013671875e+01,2.714582824707031250e+01
-8.998334503173828125e+01,2.715445899963378906e+01
-8.998479461669921875e+01,2.715492439270019531e+01
-8.997893524169921875e+01,2.716132354736328125e+01
-8.997810363769531250e+01,2.716383361816406250e+01
-8.999267578125000000e+01,2.714389038085937500e+01
-8.997992706298828125e+01,2.715966415405273438e+01
-8.999150085449218750e+01,2.714472198486328125e+01
-8.997918701171875000e+01,2.716027259826660156e+01
-8.998654174804687500e+01,2.715286064147949219e+01
-8.998194885253906250e+01,2.715820121765136719e+01
-8.998146820068359375e+01,2.715666770935058594e+01
-8.997402954101562500e+01,2.716931724548339844e+01
-8.997348022460937500e+01,2.717132186889648438e+01
-8.998963928222656250e+01,2.714702415466308594e+01
-8.998767852783203125e+01,2.714884185791015625e+01
-8.998108673095703125e+01,2.715847778320312500e+01
-8.997733306884765625e+01,2.716363143920898438e+01
-8.998128509521484375e+01,2.715728569030761719e+01
-8.997818756103515625e+01,2.716264152526855469e+01
-8.997988128662109375e+01,2.716113471984863281e+01
-8.998783874511718750e+01,2.714993667602539062e+01
-8.998834228515625000e+01,2.714852523803710938e+01
-8.998568725585937500e+01,2.715216064453125000e+01
-8.997339630126953125e+01,2.717119407653808594e+01
-8.998222351074218750e+01,2.715770530700683594e+01
-8.998635101318359375e+01,2.715150833129882812e+01
-8.998810577392578125e+01,2.715029525756835938e+01
-8.999146270751953125e+01,2.714388084411621094e+01
-8.999356079101562500e+01,2.714233970642089844e+01
-8.998677825927734375e+01,2.715265464782714844e+01
-8.999028778076171875e+01,2.714632606506347656e+01
-8.998579406738281250e+01,2.715375137329101562e+01
-8.999067687988281250e+01,2.714611053466796875e+01
-8.997905731201171875e+01,2.716282081604003906e+01
-8.999092864990234375e+01,2.714420890808105469e+01
-8.997629547119140625e+01,2.716606330871582031e+01
-8.998850250244140625e+01,2.714942359924316406e+01
-8.998404693603515625e+01,2.715522766113281250e+01
-8.998162841796875000e+01,2.715847778320312500e+01
-8.998075103759765625e+01,2.715856361389160156e+01
-8.998374938964843750e+01,2.715563583374023438e+01
-8.998899841308593750e+01,2.714674377441406250e+01
-8.998497009277343750e+01,2.715405654907226562e+01
-8.999063873291015625e+01,2.714582443237304688e+01
-8.997924041748046875e+01,2.716042709350585938e+01
-8.998711395263671875e+01,2.715071105957031250e+01
-8.999093627929687500e+01,2.714660263061523438e+01
-8.998847198486328125e+01,2.714940834045410156e+01
-8.998757171630859375e+01,2.715091133117675781e+01
-8.997750854492187500e+01,2.716493225097656250e+01
-8.999079895019531250e+01,2.714547348022460938e+01
-8.999177551269531250e+01,2.714394950866699219e+01
-8.997888946533203125e+01,2.716104698181152344e+01
-8.999140167236328125e+01,2.714610099792480469e+01
-8.999060821533203125e+01,2.714425468444824219e+01
-8.998270416259765625e+01,2.715723800659179688e+01
-8.999246978759765625e+01,2.714359855651855469e+01
-8.997917938232421875e+01,2.716297149658203125e+01
-8.998912048339843750e+01,2.714665222167968750e+01
-8.998735046386718750e+01,2.715089797973632812e+01
-8.998188018798828125e+01,2.715723991394042969e+01
-8.998476409912109375e+01,2.715323448181152344e+01
-8.998723602294921875e+01,2.715009307861328125e+01
-8.997511291503906250e+01,2.716715812683105469e+01
-8.997648620605468750e+01,2.716556549072265625e+01
-8.998089599609375000e+01,2.715815734863281250e+01
-8.999315643310546875e+01,2.714362525939941406e+01
-8.997467041015625000e+01,2.716929817199707031e+01
-8.998764801025390625e+01,2.714858436584472656e+01
-8.998666381835937500e+01,2.715141296386718750e+01
-8.997953796386718750e+01,2.716189002990722656e+01
-8.998473358154296875e+01,2.715447235107421875e+01
-8.998023223876953125e+01,2.716108512878417969e+01
-8.998813629150390625e+01,2.715008926391601562e+01
-8.997385406494140625e+01,2.717034721374511719e+01
-8.997713470458984375e+01,2.716525650024414062e+01
-8.997825622558593750e+01,2.716359519958496094e+01
-8.997444152832031250e+01,2.716899490356445312e+01
-8.998771667480468750e+01,2.715007209777832031e+01
-8.999326324462890625e+01,2.714264678955078125e+01
-8.998580169677734375e+01,2.715246772766113281e+01
-8.998095703125000000e+01,2.715921783447265625e+01
-8.997489166259765625e+01,2.716820907592773438e+01
-8.999195098876953125e+01,2.714399719238281250e+01
-8.999069213867187500e+01,2.714686965942382812e+01
-8.998599243164062500e+01,2.715209007263183594e+01
-8.997743988037109375e+01,2.716536521911621094e+01
-8.997619628906250000e+01,2.716705131530761719e+01
-8.997974395751953125e+01,2.716022872924804688e+01
-8.997839355468750000e+01,2.716192626953125000e+01
-8.997758483886718750e+01,2.716513061523437500e+01
-8.998575592041015625e+01,2.715234756469726562e+01
-8.999134826660156250e+01,2.714390373229980469e+01
-8.997566986083984375e+01,2.716658592224121094e+01
-8.998395538330078125e+01,2.715465354919433594e+01
-8.997988891601562500e+01,2.716048622131347656e+01
-8.999121093750000000e+01,2.714624214172363281e+01
-8.998148345947265625e+01,2.715831756591796875e+01
-8.998671722412109375e+01,2.715289497375488281e+01
-8.998913574218750000e+01,2.714797973632812500e+01
-8.997809600830078125e+01,2.716270256042480469e+01
-8.998313140869140625e+01,2.715633773803710938e+01
-8.998503112792968750e+01,2.715437889099121094e+01
-8.998290252685546875e+01,2.715567588806152344e+01
-8.998680877685546875e+01,2.715194511413574219e+01
-8.997745513916015625e+01,2.716382789611816406e+01
-8.998970794677734375e+01,2.714807891845703125e+01
-8.998385620117187500e+01,2.715491104125976562e+01
-8.998011779785156250e+01,2.716044998168945312e+01
