longitude,latitude
-8.880796813964843750e+01,2.784068870544433594e+01
-8.877124786376953125e+01,2.782603645324707031e+01
-8.877318572998046875e+01,2.782466888427734375e+01
-8.885029602050781250e+01,2.786430168151855469e+01
-8.881652832031250000e+01,2.784414863586425781e+01
-8.878845214843750000e+01,2.783584213256835938e+01
-8.885375976562500000e+01,2.786951255798339844e+01
-8.878553009033203125e+01,2.783535766601562500e+01
-8.882072448730468750e+01,2.784596633911132812e+01
-8.879771423339843750e+01,2.783385276794433594e+01
-8.881949615478515625e+01,2.784201431274414062e+01
-8.883828735351562500e+01,2.785402297973632812e+01
-8.884136962890625000e+01,2.785608291625976562e+01
-8.878106689453125000e+01,2.782993125915527344e+01
-8.885003662109375000e+01,2.786710548400878906e+01
-8.878446960449218750e+01,2.782991790771484375e+01
-8.878116607666015625e+01,2.782942390441894531e+01
-8.878946685791015625e+01,2.783576965332031250e+01
-8.884480285644531250e+01,2.786139106750488281e+01
-8.883246612548828125e+01,2.785315322875976562e+01
-8.880621337890625000e+01,2.784049224853515625e+01
-8.883520507812500000e+01,2.785634613037109375e+01
-8.877960205078125000e+01,2.782759857177734375e+01
-8.881706237792968750e+01,2.784387969970703125e+01
-8.880871582031250000e+01,2.784025192260742188e+01
-8.880128479003906250e+01,2.783964920043945312e+01
-8.878305053710937500e+01,2.783176803588867188e+01
-8.882782745361328125e+01,2.785016441345214844e+01
-8.876770019531250000e+01,2.782541465759277344e+01
-8.881951904296875000e+01,2.784529685974121094e+01
-8.877227783203125000e+01,2.782741355895996094e+01
-8.883174896240234375e+01,2.785104370117187500e+01
-8.884571838378906250e+01,2.785940933227539062e+01
-8.881626129150390625e+01,2.784475898742675781e+01
-8.882808685302734375e+01,2.785086059570312500e+01
-8.884700775146484375e+01,2.786515617370605469e+01
-8.883198547363281250e+01,2.785468864440917969e+01
-8.882426452636718750e+01,2.784909057617187500e+01
-8.876984405517578125e+01,2.782703399658203125e+01
-8.878974151611328125e+01,2.783321762084960938e+01
-8.876555633544921875e+01,2.782524871826171875e+01
-8.880642700195312500e+01,2.783992385864257812e+01
-8.882717132568359375e+01,2.785037040710449219e+01
-8.881118774414062500e+01,2.784173011779785156e+01
-8.881681823730468750e+01,2.784115791320800781e+01
-8.879936218261718750e+01,2.783542251586914062e+01
-8.882627105712890625e+01,2.784987640380859375e+01
-8.876673126220703125e+01,2.782491874694824219e+01
-8.877919769287109375e+01,2.782965660095214844e+01
-8.878659820556640625e+01,2.783167457580566406e+01
-8.878678131103515625e+01,2.783336639404296875e+01
-8.881548309326171875e+01,2.784370422363281250e+01
-8.884938812255859375e+01,2.786454582214355469e+01
-8.885214996337890625e+01,2.786758995056152344e+01
-8.877097320556640625e+01,2.782634925842285156e+01
-8.883388519287109375e+01,2.785597038269042969e+01
-8.883930969238281250e+01,2.785422325134277344e+01
-8.877897644042968750e+01,2.783063125610351562e+01
-8.883596801757812500e+01,2.785636520385742188e+01
-8.885664367675781250e+01,2.787198066711425781e+01
-8.883999633789062500e+01,2.785405349731445312e+01
-8.884239196777343750e+01,2.785829544067382812e+01
-8.880017852783203125e+01,2.783428764343261719e+01
-8.885934448242187500e+01,2.787053489685058594e+01
-8.880513763427734375e+01,2.783559226989746094e+01
-8.881467437744140625e+01,2.784028625488281250e+01
-8.884453582763671875e+01,2.786222076416015625e+01
-8.882812500000000000e+01,2.784892082214355469e+01
-8.885185241699218750e+01,2.786649513244628906e+01
-8.879111480712890625e+01,2.783468246459960938e+01
-8.885340118408203125e+01,2.786916732788085938e+01
-8.880968475341796875e+01,2.784262657165527344e+01
-8.881108093261718750e+01,2.783986282348632812e+01
-8.882146453857421875e+01,2.784607505798339844e+01
-8.884291076660156250e+01,2.785710525512695312e+01
-8.883968353271484375e+01,2.785735511779785156e+01
-8.879434204101562500e+01,2.783549880981445312e+01
-8.879394531250000000e+01,2.783619117736816406e+01
-8.878868103027343750e+01,2.783388900756835938e+01
-8.882317352294921875e+01,2.784797096252441406e+01
-8.881327056884765625e+01,2.783978271484375000e+01
-8.878457641601562500e+01,2.783312225341796875e+01
-8.878084564208984375e+01,2.783194160461425781e+01
-8.881222534179687500e+01,2.784340286254882812e+01
-8.879781341552734375e+01,2.783357429504394531e+01
-8.884892272949218750e+01,2.786351776123046875e+01
-8.878956604003906250e+01,2.783421325683593750e+01
-8.879310607910156250e+01,2.783191680908203125e+01
-8.877788543701171875e+01,2.782871627807617188e+01
-8.877256011962890625e+01,2.782520866394042969e+01
-8.880094146728515625e+01,2.783578491210937500e+01
-8.882907104492187500e+01,2.784892463684082031e+01
-8.885526275634765625e+01,2.786834716796875000e+01
-8.877095794677734375e+01,2.782642173767089844e+01
-8.881349182128906250e+01,2.784084892272949219e+01
-8.881681060791015625e+01,2.784443092346191406e+01
-8.878726959228515625e+01,2.783289337158203125e+01
-8.885600280761718750e+01,2.787086105346679688e+01
-8.883555603027343750e+01,2.785663032531738281e+01
-8.879301452636718750e+01,2.783409690856933594e+01
-8.879100036621093750e+01,2.783463287353515625e+01
-8.877285766601562500e+01,2.782692909240722656e+01
-8.879580688476562500e+01,2.783294868469238281e+01
-8.876906585693359375e+01,2.782387542724609375e+01
-8.877160644531250000e+01,2.782519531250000000e+01
-8.877350616455078125e+01,2.782759857177734375e+01
-8.877432250976562500e+01,2.782472419738769531e+01
-8.882098388671875000e+01,2.784413909912109375e+01
-8.885317993164062500e+01,2.786994743347167969e+01
-8.885288238525390625e+01,2.786969757080078125e+01
-8.882631683349609375e+01,2.785011100769042969e+01
-8.884555053710937500e+01,2.785987854003906250e+01
-8.878919982910156250e+01,2.783537101745605469e+01
-8.885090637207031250e+01,2.786786460876464844e+01
-8.878786468505859375e+01,2.783587646484375000e+01
-8.881318664550781250e+01,2.784397888183593750e+01
-8.876934051513671875e+01,2.782514953613281250e+01
-8.881253814697265625e+01,2.784111404418945312e+01
-8.880210113525390625e+01,2.783515357971191406e+01
-8.877987670898437500e+01,2.783098983764648438e+01
-8.884921264648437500e+01,2.786272811889648438e+01
-8.877490997314453125e+01,2.782635116577148438e+01
-8.883013153076171875e+01,2.784906387329101562e+01
-8.883307647705078125e+01,2.785305213928222656e+01
-8.883003234863281250e+01,2.784915351867675781e+01
-8.885820770263671875e+01,2.787142562866210938e+01
-8.880510711669921875e+01,2.783580207824707031e+01
-8.879652404785156250e+01,2.783523368835449219e+01
-8.877983093261718750e+01,2.783010864257812500e+01
-8.881996154785156250e+01,2.784554481506347656e+01
-8.884026336669921875e+01,2.785473060607910156e+01
-8.880658721923828125e+01,2.784051322937011719e+01
-8.885021972656250000e+01,2.786559104919433594e+01
-8.883515167236328125e+01,2.785652732849121094e+01
-8.879486083984375000e+01,2.783147621154785156e+01
-8.885227203369140625e+01,2.786862564086914062e+01
-8.880185699462890625e+01,2.783567428588867188e+01
-8.883914947509765625e+01,2.785487174987792969e+01
-8.877500915527343750e+01,2.782527923583984375e+01
-8.882530975341796875e+01,2.784640312194824219e+01
-8.877930450439453125e+01,2.782990264892578125e+01
-8.878952026367187500e+01,2.783555030822753906e+01
-8.878889465332031250e+01,2.783167457580566406e+01
-8.877782440185546875e+01,2.782927894592285156e+01
-8.877117156982421875e+01,2.782544517517089844e+01
-8.883941650390625000e+01,2.785581016540527344e+01
-8.880882263183593750e+01,2.783941841125488281e+01
-8.880917358398437500e+01,2.783993721008300781e+01
-8.882604217529296875e+01,2.784825325012207031e+01
-8.879520416259765625e+01,2.783278274536132812e+01
-8.879831695556640625e+01,2.783310508728027344e+01
-8.882326507568359375e+01,2.784696197509765625e+01
-8.879949188232421875e+01,2.783311271667480469e+01
-8.880270385742187500e+01,2.783702659606933594e+01
-8.885373687744140625e+01,2.786581039428710938e+01
-8.882024383544921875e+01,2.784541511535644531e+01
-8.883464050292968750e+01,2.785413551330566406e+01
-8.880568695068359375e+01,2.783664894104003906e+01
-8.878033447265625000e+01,2.783143615722656250e+01
-8.879006195068359375e+01,2.783471298217773438e+01
-8.883117675781250000e+01,2.785372543334960938e+01
-8.882433319091796875e+01,2.784950828552246094e+01
-8.877188873291015625e+01,2.782511520385742188e+01
-8.879041290283203125e+01,2.783593559265136719e+01
-8.879573059082031250e+01,2.783370399475097656e+01
-8.877524566650390625e+01,2.782622337341308594e+01
-8.878211212158203125e+01,2.782853126525878906e+01
-8.883245849609375000e+01,2.785278320312500000e+01
-8.879212188720703125e+01,2.783260726928710938e+01
-8.878801727294921875e+01,2.783587455749511719e+01
-8.877940368652343750e+01,2.782690811157226562e+01
-8.885871124267578125e+01,2.787049674987792969e+01
-8.884249114990234375e+01,2.785981750488281250e+01
-8.877079772949218750e+01,2.782717895507812500e+01
-8.884436798095703125e+01,2.785922622680664062e+01
-8.879846191406250000e+01,2.783875846862792969e+01
-8.881626892089843750e+01,2.784522056579589844e+01
-8.882947540283203125e+01,2.785052680969238281e+01
-8.884405517578125000e+01,2.786191177368164062e+01
-8.885915374755859375e+01,2.786983108520507812e+01
-8.885226440429687500e+01,2.786684799194335938e+01
-8.879827880859375000e+01,2.783402633666992188e+01
-8.877580261230468750e+01,2.782795143127441406e+01
-8.877095794677734375e+01,2.782744979858398438e+01
-8.880054473876953125e+01,2.783373260498046875e+01
-8.885277557373046875e+01,2.786987495422363281e+01
-8.884542083740234375e+01,2.786275482177734375e+01
-8.882800292968750000e+01,2.784878730773925781e+01
-8.877465057373046875e+01,2.782646751403808594e+01
-8.877766418457031250e+01,2.782955932617187500e+01
-8.885793304443359375e+01,2.786873435974121094e+01
-8.882691955566406250e+01,2.784787559509277344e+01
-8.878134155273437500e+01,2.783052253723144531e+01
-8.883810424804687500e+01,2.785492324829101562e+01
-8.881781005859375000e+01,2.784387397766113281e+01
-8.880194091796875000e+01,2.783739280700683594e+01
-8.884860992431640625e+01,2.786386871337890625e+01
-8.877832794189453125e+01,2.782754707336425781e+01
-8.885596466064453125e+01,2.786950302124023438e+01
-8.877257537841796875e+01,2.782477760314941406e+01
-8.878228759765625000e+01,2.783367347717285156e+01
-8.883003234863281250e+01,2.784966850280761719e+01
-8.877885437011718750e+01,2.782847595214843750e+01
-8.876940917968750000e+01,2.782683563232421875e+01
-8.881745910644531250e+01,2.784180259704589844e+01
-8.884141540527343750e+01,2.785606575012207031e+01
-8.881317138671875000e+01,2.784140014648437500e+01
-8.881310272216796875e+01,2.784123802185058594e+01
-8.876892089843750000e+01,2.782464027404785156e+01
-8.883967590332031250e+01,2.785617446899414062e+01
-8.881615447998046875e+01,2.784005355834960938e+01
-8.881048583984375000e+01,2.784049987792968750e+01
-8.883453369140625000e+01,2.785526466369628906e+01
-8.879040527343750000e+01,2.783481407165527344e+01
-8.877284240722656250e+01,2.782711029052734375e+01
-8.882842254638671875e+01,2.784976577758789062e+01
-8.880190277099609375e+01,2.783728027343750000e+01
-8.884846496582031250e+01,2.786437416076660156e+01
-8.880094909667968750e+01,2.783970260620117188e+01
-8.878767395019531250e+01,2.783415222167968750e+01
-8.880867004394531250e+01,2.784057617187500000e+01
-8.880924987792968750e+01,2.784076690673828125e+01
-8.885468292236328125e+01,2.786747360229492188e+01
-8.879957580566406250e+01,2.783639526367187500e+01
-8.879721069335937500e+01,2.783302497863769531e+01
-8.880303192138671875e+01,2.783688354492187500e+01
-8.879199981689453125e+01,2.783126449584960938e+01
-8.879131317138671875e+01,2.783195114135742188e+01
-8.879654693603515625e+01,2.783230590820312500e+01
-8.881617736816406250e+01,2.784569931030273438e+01
-8.881542205810546875e+01,2.784160995483398438e+01
-8.884161376953125000e+01,2.785820198059082031e+01
-8.877425384521484375e+01,2.782735824584960938e+01
-8.881475830078125000e+01,2.784392738342285156e+01
-8.881497955322265625e+01,2.784378623962402344e+01
-8.879321289062500000e+01,2.783362007141113281e+01
-8.878549194335937500e+01,2.783435440063476562e+01
-8.883775329589843750e+01,2.785346412658691406e+01
-8.883554077148437500e+01,2.785476112365722656e+01
-8.878867340087890625e+01,2.783594894409179688e+01
-8.884816741943359375e+01,2.786542510986328125e+01
-8.881817626953125000e+01,2.784311485290527344e+01
-8.884732818603515625e+01,2.786168289184570312e+01
-8.884191894531250000e+01,2.785830497741699219e+01
-8.885167694091796875e+01,2.786431503295898438e+01
-8.880477142333984375e+01,2.783962059020996094e+01
-8.878684234619140625e+01,2.783437919616699219e+01
-8.881081390380859375e+01,2.784065818786621094e+01
-8.879676055908203125e+01,2.783711814880371094e+01
-8.884656524658203125e+01,2.786162757873535156e+01
-8.885597991943359375e+01,2.786725044250488281e+01
-8.880011749267578125e+01,2.783860588073730469e+01
-8.881892395019531250e+01,2.784209442138671875e+01
-8.884354400634765625e+01,2.785996246337890625e+01
-8.877030944824218750e+01,2.782540321350097656e+01
-8.878141021728515625e+01,2.783249473571777344e+01
-8.885058593750000000e+01,2.786763381958007812e+01
-8.877623748779296875e+01,2.782559776306152344e+01
-8.880039215087890625e+01,2.783557701110839844e+01
-8.879155731201171875e+01,2.783329391479492188e+01
-8.879376983642578125e+01,2.783601188659667969e+01
-8.885064697265625000e+01,2.786828231811523438e+01
-8.880478668212890625e+01,2.783557510375976562e+01
-8.884995269775390625e+01,2.786670494079589844e+01
-8.884070587158203125e+01,2.786012268066406250e+01
-8.883007049560546875e+01,2.784907531738281250e+01
-8.877279663085937500e+01,2.782799911499023438e+01
-8.882106781005859375e+01,2.784486579895019531e+01
-8.880433654785156250e+01,2.783845901489257812e+01
-8.885110473632812500e+01,2.786607360839843750e+01
-8.880704498291015625e+01,2.784211158752441406e+01
-8.877252197265625000e+01,2.782855987548828125e+01
-8.883583068847656250e+01,2.785694694519042969e+01
-8.884645080566406250e+01,2.786349487304687500e+01
-8.883237457275390625e+01,2.785183143615722656e+01
-8.878598022460937500e+01,2.783439064025878906e+01
-8.880772399902343750e+01,2.784198379516601562e+01
-8.884970092773437500e+01,2.786352539062500000e+01
-8.878925323486328125e+01,2.783349418640136719e+01
-8.879116821289062500e+01,2.783520698547363281e+01
-8.882194519042968750e+01,2.784546852111816406e+01
-8.884484863281250000e+01,2.786269569396972656e+01
-8.878098297119140625e+01,2.783112525939941406e+01
-8.877925109863281250e+01,2.782839012145996094e+01
-8.880826568603515625e+01,2.783977890014648438e+01
-8.881964111328125000e+01,2.784516525268554688e+01
-8.878852844238281250e+01,2.783446693420410156e+01
-8.877141571044921875e+01,2.782462310791015625e+01
-8.883895111083984375e+01,2.785514640808105469e+01
-8.878040313720703125e+01,2.782856941223144531e+01
-8.878907775878906250e+01,2.783310890197753906e+01
-8.877880859375000000e+01,2.782664680480957031e+01
-8.883801269531250000e+01,2.785576629638671875e+01
-8.878542327880859375e+01,2.783292961120605469e+01
-8.882315826416015625e+01,2.784481239318847656e+01
-8.884340667724609375e+01,2.785811424255371094e+01
-8.881885528564453125e+01,2.784289360046386719e+01
-8.878440856933593750e+01,2.783483695983886719e+01
-8.883654022216796875e+01,2.785530853271484375e+01
-8.883768463134765625e+01,2.785710525512695312e+01
-8.883968353271484375e+01,2.785682678222656250e+01
-8.881613159179687500e+01,2.784389305114746094e+01
-8.880554199218750000e+01,2.783599472045898438e+01
-8.877114868164062500e+01,2.782457351684570312e+01
-8.885751342773437500e+01,2.787034034729003906e+01
-8.884808349609375000e+01,2.786665344238281250e+01
-8.883047485351562500e+01,2.785301780700683594e+01
-8.879811096191406250e+01,2.783434295654296875e+01
-8.877997589111328125e+01,2.783284378051757812e+01
-8.881758117675781250e+01,2.784165954589843750e+01
-8.880068969726562500e+01,2.783869743347167969e+01
-8.878610229492187500e+01,2.783434486389160156e+01
-8.880467224121093750e+01,2.783865547180175781e+01
-8.885608673095703125e+01,2.786717987060546875e+01
-8.885585021972656250e+01,2.786991500854492188e+01
-8.883513641357421875e+01,2.785486412048339844e+01
-8.880085754394531250e+01,2.783671760559082031e+01
-8.882312011718750000e+01,2.784824752807617188e+01
-8.882511901855468750e+01,2.784639358520507812e+01
-8.877499389648437500e+01,2.782563209533691406e+01
-8.880371093750000000e+01,2.783496856689453125e+01
-8.880213928222656250e+01,2.783721351623535156e+01
-8.877448272705078125e+01,2.782758903503417969e+01
-8.884170532226562500e+01,2.785656166076660156e+01
-8.880915832519531250e+01,2.783911132812500000e+01
-8.879943084716796875e+01,2.783294486999511719e+01
-8.877081298828125000e+01,2.782455444335937500e+01
-8.885043334960937500e+01,2.786623382568359375e+01
-8.878025817871093750e+01,2.782811927795410156e+01
-8.879438018798828125e+01,2.783528709411621094e+01
-8.878537750244140625e+01,2.783242988586425781e+01
-8.880068969726562500e+01,2.783432579040527344e+01
-8.885317230224609375e+01,2.786929512023925781e+01
-8.881628417968750000e+01,2.784186553955078125e+01
-8.884765625000000000e+01,2.786542701721191406e+01
-8.881031036376953125e+01,2.784214591979980469e+01
-8.882901763916015625e+01,2.785005950927734375e+01
-8.882984924316406250e+01,2.785107421875000000e+01
-8.880762481689453125e+01,2.783745956420898438e+01
-8.876805877685546875e+01,2.782651329040527344e+01
-8.884453582763671875e+01,2.786205482482910156e+01
-8.882643127441406250e+01,2.784915924072265625e+01
-8.876838684082031250e+01,2.782660293579101562e+01
-8.881200408935546875e+01,2.784121131896972656e+01
-8.880199432373046875e+01,2.783451271057128906e+01
-8.880773925781250000e+01,2.784180068969726562e+01
-8.881792449951171875e+01,2.784032058715820312e+01
-8.878678894042968750e+01,2.783086395263671875e+01
-8.876894378662109375e+01,2.782682037353515625e+01
-8.885171508789062500e+01,2.786840820312500000e+01
-8.885664367675781250e+01,2.786763763427734375e+01
-8.880221557617187500e+01,2.783528900146484375e+01
-8.876589965820312500e+01,2.782463645935058594e+01
-8.884558105468750000e+01,2.786107826232910156e+01
-8.884033966064453125e+01,2.785924911499023438e+01
-8.882064819335937500e+01,2.784427261352539062e+01
-8.880768585205078125e+01,2.783803939819335938e+01
-8.878366088867187500e+01,2.783274459838867188e+01
-8.879339599609375000e+01,2.783184814453125000e+01
-8.882852172851562500e+01,2.785154533386230469e+01
-8.882946777343750000e+01,2.785000038146972656e+01
-8.883980560302734375e+01,2.785688400268554688e+01
-8.884132385253906250e+01,2.785668373107910156e+01
-8.880339813232421875e+01,2.783407974243164062e+01
-8.877983856201171875e+01,2.782902336120605469e+01
-8.881388092041015625e+01,2.784240722656250000e+01
-8.880911254882812500e+01,2.784195327758789062e+01
-8.885243988037109375e+01,2.786888313293457031e+01
-8.879618072509765625e+01,2.783226966857910156e+01
-8.878436279296875000e+01,2.783199691772460938e+01
-8.883319091796875000e+01,2.785290145874023438e+01
-8.877531433105468750e+01,2.782523345947265625e+01
-8.876828002929687500e+01,2.782531929016113281e+01
-8.881820678710937500e+01,2.784254264831542969e+01
-8.879472351074218750e+01,2.783628082275390625e+01
-8.880981445312500000e+01,2.783989715576171875e+01
-8.885643768310546875e+01,2.786886024475097656e+01
-8.883364105224609375e+01,2.785448074340820312e+01
-8.878993988037109375e+01,2.783553695678710938e+01
-8.879624176025390625e+01,2.783513641357421875e+01
-8.878667449951171875e+01,2.783075141906738281e+01
-8.878665161132812500e+01,2.783440589904785156e+01
-8.883300018310546875e+01,2.785171699523925781e+01
-8.881317138671875000e+01,2.784002113342285156e+01
-8.879647827148437500e+01,2.783275032043457031e+01
-8.882073211669921875e+01,2.784526634216308594e+01
-8.880815887451171875e+01,2.784035491943359375e+01
-8.884979248046875000e+01,2.786520767211914062e+01
-8.878779602050781250e+01,2.783559608459472656e+01
-8.877320861816406250e+01,2.782787132263183594e+01
-8.879969787597656250e+01,2.783855056762695312e+01
-8.882431030273437500e+01,2.784670829772949219e+01
-8.880754852294921875e+01,2.783817481994628906e+01
-8.876914978027343750e+01,2.782485008239746094e+01
-8.878159332275390625e+01,2.783031654357910156e+01
-8.880252075195312500e+01,2.783698463439941406e+01
-8.878267669677734375e+01,2.783355522155761719e+01
-8.879967498779296875e+01,2.783810424804687500e+01
-8.884561920166015625e+01,2.785992813110351562e+01
-8.879871368408203125e+01,2.783594512939453125e+01
-8.878924560546875000e+01,2.783146286010742188e+01
-8.883812713623046875e+01,2.785380172729492188e+01
-8.884900665283203125e+01,2.786199760437011719e+01
-8.884006500244140625e+01,2.785635566711425781e+01
-8.881063079833984375e+01,2.783963584899902344e+01
-8.883982849121093750e+01,2.785539245605468750e+01
-8.879055023193359375e+01,2.783250427246093750e+01
-8.880517578125000000e+01,2.783662986755371094e+01
-8.877258300781250000e+01,2.782739448547363281e+01
-8.881481933593750000e+01,2.784176445007324219e+01
-8.884082794189453125e+01,2.785566329956054688e+01
-8.884778594970703125e+01,2.786087036132812500e+01
-8.876918029785156250e+01,2.782407760620117188e+01
-8.879854583740234375e+01,2.783856201171875000e+01
-8.879808807373046875e+01,2.783306312561035156e+01
-8.881954193115234375e+01,2.784300041198730469e+01
-8.881957244873046875e+01,2.784441757202148438e+01
-8.880475616455078125e+01,2.783621215820312500e+01
-8.880316925048828125e+01,2.783656501770019531e+01
-8.881549835205078125e+01,2.784400939941406250e+01
-8.879868316650390625e+01,2.783878898620605469e+01
-8.880284881591796875e+01,2.783650398254394531e+01
-8.883468627929687500e+01,2.785389900207519531e+01
-8.880964660644531250e+01,2.784289550781250000e+01
-8.880097961425781250e+01,2.783750915527343750e+01
-8.884798431396484375e+01,2.786123085021972656e+01
-8.881449127197265625e+01,2.784037208557128906e+01
-8.880525207519531250e+01,2.783709716796875000e+01
-8.877574157714843750e+01,2.782512664794921875e+01
-8.876566314697265625e+01,2.782391166687011719e+01
-8.881846618652343750e+01,2.784370231628417969e+01
-8.883140563964843750e+01,2.785121345520019531e+01
-8.882867431640625000e+01,2.784971809387207031e+01
-8.882762908935546875e+01,2.785025024414062500e+01
-8.877237701416015625e+01,2.782644271850585938e+01
-8.883547973632812500e+01,2.785394096374511719e+01
-8.884262084960937500e+01,2.785701942443847656e+01
-8.882205963134765625e+01,2.784737777709960938e+01
-8.878016662597656250e+01,2.783062744140625000e+01
-8.884581756591796875e+01,2.786166000366210938e+01
-8.883777618408203125e+01,2.785725975036621094e+01
-8.884427642822265625e+01,2.786157989501953125e+01
-8.880580139160156250e+01,2.783933448791503906e+01
-8.878193664550781250e+01,2.783037948608398438e+01
-8.883222198486328125e+01,2.785203933715820312e+01
-8.882115936279296875e+01,2.784360504150390625e+01
-8.879785919189453125e+01,2.783649826049804688e+01
-8.878585815429687500e+01,2.783409500122070312e+01
-8.881308746337890625e+01,2.784402847290039062e+01
-8.881491088867187500e+01,2.784416389465332031e+01
-8.885262298583984375e+01,2.786682128906250000e+01
-8.879701232910156250e+01,2.783571052551269531e+01
-8.885111999511718750e+01,2.786798477172851562e+01
-8.879817199707031250e+01,2.783437538146972656e+01
-8.883063507080078125e+01,2.785281181335449219e+01
-8.879288482666015625e+01,2.783642387390136719e+01
-8.884855651855468750e+01,2.786344528198242188e+01
-8.884794616699218750e+01,2.786402130126953125e+01
-8.884535217285156250e+01,2.785965156555175781e+01
-8.884780120849609375e+01,2.786241531372070312e+01
-8.877013397216796875e+01,2.782701492309570312e+01
-8.882202148437500000e+01,2.784711265563964844e+01
-8.884513854980468750e+01,2.786057662963867188e+01
-8.877003479003906250e+01,2.782753372192382812e+01
-8.882780456542968750e+01,2.785032844543457031e+01
-8.878602600097656250e+01,2.783443641662597656e+01
-8.883278656005859375e+01,2.785466384887695312e+01
-8.882713317871093750e+01,2.785013771057128906e+01
-8.877922058105468750e+01,2.782858276367187500e+01
-8.884923553466796875e+01,2.786544036865234375e+01
-8.881352996826171875e+01,2.784320068359375000e+01
-8.879351806640625000e+01,2.783232307434082031e+01
-8.884184265136718750e+01,2.785931205749511719e+01
-8.880012512207031250e+01,2.783728981018066406e+01
-8.883621978759765625e+01,2.785644912719726562e+01
-8.885729980468750000e+01,2.786950111389160156e+01
-8.878919219970703125e+01,2.783547592163085938e+01
-8.879837799072265625e+01,2.783696746826171875e+01
-8.878521728515625000e+01,2.783511352539062500e+01
-8.878528594970703125e+01,2.783006286621093750e+01
-8.884967041015625000e+01,2.786662864685058594e+01
-8.883959960937500000e+01,2.785895919799804688e+01
-8.879644012451171875e+01,2.783722305297851562e+01
-8.882028961181640625e+01,2.784392166137695312e+01
-8.876704406738281250e+01,2.782455062866210938e+01
-8.877470397949218750e+01,2.782695770263671875e+01
-8.882848358154296875e+01,2.785202789306640625e+01
-8.885128784179687500e+01,2.786551094055175781e+01
-8.879632568359375000e+01,2.783658599853515625e+01
-8.876818847656250000e+01,2.782593345642089844e+01
-8.880445098876953125e+01,2.783913230895996094e+01
-8.879356384277343750e+01,2.783165550231933594e+01
-8.877294158935546875e+01,2.782613945007324219e+01
-8.878746032714843750e+01,2.783320808410644531e+01
-8.883035278320312500e+01,2.785172462463378906e+01
-8.881047058105468750e+01,2.784107589721679688e+01
-8.880120086669921875e+01,2.783273124694824219e+01
-8.880827331542968750e+01,2.783725929260253906e+01
-8.883116149902343750e+01,2.784990692138671875e+01
-8.882393646240234375e+01,2.784895896911621094e+01
-8.883862304687500000e+01,2.785795593261718750e+01
-8.877420043945312500e+01,2.782469177246093750e+01
-8.883321380615234375e+01,2.785307121276855469e+01
-8.885526275634765625e+01,2.786651992797851562e+01
-8.883554840087890625e+01,2.785314750671386719e+01
-8.884762573242187500e+01,2.786126518249511719e+01
-8.882342529296875000e+01,2.784693717956542969e+01
-8.876895141601562500e+01,2.782377052307128906e+01
-8.877274322509765625e+01,2.782843017578125000e+01
-8.880778503417968750e+01,2.783936691284179688e+01
-8.881674957275390625e+01,2.784389877319335938e+01
-8.885526275634765625e+01,2.786668777465820312e+01
-8.884712219238281250e+01,2.786264991760253906e+01
-8.880226135253906250e+01,2.783972167968750000e+01
-8.884312438964843750e+01,2.785877418518066406e+01
-8.885755157470703125e+01,2.787021446228027344e+01
-8.878177642822265625e+01,2.783022308349609375e+01
-8.883032226562500000e+01,2.785182762145996094e+01
-8.877082824707031250e+01,2.782777595520019531e+01
-8.883030700683593750e+01,2.785296058654785156e+01
-8.883493041992187500e+01,2.785468482971191406e+01
-8.885112762451171875e+01,2.786664962768554688e+01
-8.879458618164062500e+01,2.783646774291992188e+01
-8.885023498535156250e+01,2.786349678039550781e+01
-8.881983947753906250e+01,2.784578514099121094e+01
-8.878047943115234375e+01,2.782905387878417969e+01
-8.883022308349609375e+01,2.785100364685058594e+01
-8.882509613037109375e+01,2.784610176086425781e+01
-8.880059814453125000e+01,2.783811950683593750e+01
-8.878904724121093750e+01,2.783431625366210938e+01
-8.877806091308593750e+01,2.782955360412597656e+01
-8.885781860351562500e+01,2.787208557128906250e+01
-8.880930328369140625e+01,2.784278297424316406e+01
-8.880575561523437500e+01,2.784024047851562500e+01
-8.882765960693359375e+01,2.784817504882812500e+01
-8.882526397705078125e+01,2.784999656677246094e+01
-8.877027130126953125e+01,2.782680892944335938e+01
-8.885408020019531250e+01,2.787046432495117188e+01
-8.884345245361328125e+01,2.786147117614746094e+01
-8.877515411376953125e+01,2.782539749145507812e+01
-8.885063171386718750e+01,2.786886787414550781e+01
-8.884810638427734375e+01,2.786092948913574219e+01
-8.885484313964843750e+01,2.786772727966308594e+01
-8.879205322265625000e+01,2.783586120605468750e+01
-8.885009002685546875e+01,2.786829376220703125e+01
-8.878854370117187500e+01,2.783194541931152344e+01
-8.879476928710937500e+01,2.783569908142089844e+01
-8.884439849853515625e+01,2.786197662353515625e+01
-8.883699798583984375e+01,2.785596275329589844e+01
-8.880561828613281250e+01,2.783656501770019531e+01
-8.879384613037109375e+01,2.783317375183105469e+01
-8.883087921142578125e+01,2.785053062438964844e+01
-8.876900482177734375e+01,2.782737731933593750e+01
-8.884420776367187500e+01,2.785831832885742188e+01
-8.877291107177734375e+01,2.782836341857910156e+01
-8.880692291259765625e+01,2.783691215515136719e+01
-8.880495452880859375e+01,2.783574867248535156e+01
-8.879474639892578125e+01,2.783114051818847656e+01
-8.880472564697265625e+01,2.783700561523437500e+01
-8.879631042480468750e+01,2.783274078369140625e+01
-8.883612060546875000e+01,2.785653877258300781e+01
-8.880494689941406250e+01,2.783750152587890625e+01
-8.880757904052734375e+01,2.784207725524902344e+01
-8.885063171386718750e+01,2.786402511596679688e+01
-8.880543518066406250e+01,2.783809852600097656e+01
-8.878546142578125000e+01,2.783348083496093750e+01
-8.880044555664062500e+01,2.783405494689941406e+01
-8.885144805908203125e+01,2.786399269104003906e+01
-8.881382751464843750e+01,2.784254074096679688e+01
-8.881951141357421875e+01,2.784387969970703125e+01
-8.878118133544921875e+01,2.782836723327636719e+01
-8.885403442382812500e+01,2.786743927001953125e+01
-8.884840393066406250e+01,2.786170959472656250e+01
-8.877075958251953125e+01,2.782515907287597656e+01
-8.879013061523437500e+01,2.783426284790039062e+01
-8.880855560302734375e+01,2.784176826477050781e+01
-8.880221557617187500e+01,2.783908462524414062e+01
-8.879029846191406250e+01,2.783195114135742188e+01
-8.880883026123046875e+01,2.783810615539550781e+01
-8.884248352050781250e+01,2.785985565185546875e+01
-8.880567932128906250e+01,2.783782577514648438e+01
-8.880244445800781250e+01,2.783704948425292969e+01
-8.877648925781250000e+01,2.782560920715332031e+01
-8.878991699218750000e+01,2.783083152770996094e+01
-8.885659790039062500e+01,2.786965179443359375e+01
-8.881500244140625000e+01,2.784404563903808594e+01
-8.879518890380859375e+01,2.783324432373046875e+01
-8.884564208984375000e+01,2.786331558227539062e+01
-8.880921936035156250e+01,2.783967971801757812e+01
-8.876601409912109375e+01,2.782365608215332031e+01
-8.882762908935546875e+01,2.784883308410644531e+01
-8.884790802001953125e+01,2.786160469055175781e+01
-8.880294036865234375e+01,2.783490180969238281e+01
-8.880739593505859375e+01,2.784063911437988281e+01
-8.877102661132812500e+01,2.782393836975097656e+01
-8.883889007568359375e+01,2.785667228698730469e+01
-8.880004882812500000e+01,2.783786582946777344e+01
-8.884381866455078125e+01,2.786111831665039062e+01
-8.879037475585937500e+01,2.783377075195312500e+01
-8.877864074707031250e+01,2.782723236083984375e+01
-8.880326843261718750e+01,2.783773612976074219e+01
-8.882208251953125000e+01,2.784401130676269531e+01
-8.881905364990234375e+01,2.784307289123535156e+01
-8.878913116455078125e+01,2.783101654052734375e+01
-8.884441375732421875e+01,2.786083412170410156e+01
-8.878789520263671875e+01,2.783348274230957031e+01
-8.877597045898437500e+01,2.782833480834960938e+01
-8.884409332275390625e+01,2.786020088195800781e+01
-8.882764434814453125e+01,2.785073089599609375e+01
-8.880303955078125000e+01,2.783485603332519531e+01
-8.879920959472656250e+01,2.783271217346191406e+01
-8.885151672363281250e+01,2.786836242675781250e+01
-8.883200073242187500e+01,2.785395431518554688e+01
-8.884849548339843750e+01,2.786457443237304688e+01
-8.880120086669921875e+01,2.783539962768554688e+01
-8.884159088134765625e+01,2.786030960083007812e+01
-8.877956390380859375e+01,2.783166503906250000e+01
-8.883400726318359375e+01,2.785301399230957031e+01
-8.880459594726562500e+01,2.783730697631835938e+01
-8.880879974365234375e+01,2.784104156494140625e+01
-8.882322692871093750e+01,2.784524917602539062e+01
-8.880264282226562500e+01,2.783609580993652344e+01
-8.876739501953125000e+01,2.782604598999023438e+01
-8.880684661865234375e+01,2.783944320678710938e+01
-8.885674285888671875e+01,2.786940002441406250e+01
-8.878713989257812500e+01,2.783571815490722656e+01
-8.881787109375000000e+01,2.784229850769042969e+01
-8.878347015380859375e+01,2.783117103576660156e+01
-8.878004455566406250e+01,2.782801055908203125e+01
-8.878429412841796875e+01,2.783319473266601562e+01
-8.879989624023437500e+01,2.783252525329589844e+01
-8.880049133300781250e+01,2.783849525451660156e+01
-8.884593963623046875e+01,2.786135482788085938e+01
-8.882792663574218750e+01,2.784889221191406250e+01
-8.884120941162109375e+01,2.785786437988281250e+01
-8.884089660644531250e+01,2.785807800292968750e+01
-8.877297210693359375e+01,2.782520675659179688e+01
-8.883011627197265625e+01,2.785234069824218750e+01
-8.877980804443359375e+01,2.783002662658691406e+01
-8.884602355957031250e+01,2.785996437072753906e+01
-8.881463623046875000e+01,2.784494400024414062e+01
-8.878694915771484375e+01,2.783440399169921875e+01
-8.882579040527343750e+01,2.784694480895996094e+01
-8.879911041259765625e+01,2.783622169494628906e+01
-8.876539611816406250e+01,2.782537651062011719e+01
-8.879056549072265625e+01,2.783609199523925781e+01
-8.882936859130859375e+01,2.785209274291992188e+01
-8.883590698242187500e+01,2.785709190368652344e+01
-8.877056884765625000e+01,2.782769012451171875e+01
-8.879547882080078125e+01,2.783463096618652344e+01
-8.880889129638671875e+01,2.783883857727050781e+01
-8.879910278320312500e+01,2.783464431762695312e+01
-8.880934906005859375e+01,2.783721923828125000e+01
-8.882371520996093750e+01,2.784900665283203125e+01
-8.883374786376953125e+01,2.785458374023437500e+01
-8.878897857666015625e+01,2.783475112915039062e+01
-8.878593444824218750e+01,2.783442687988281250e+01
-8.877652740478515625e+01,2.782530593872070312e+01
-8.882807159423828125e+01,2.785066413879394531e+01
-8.881489562988281250e+01,2.783983993530273438e+01
-8.884160614013671875e+01,2.785544395446777344e+01
-8.881445312500000000e+01,2.784213066101074219e+01
-8.877754974365234375e+01,2.782758903503417969e+01
-8.885915374755859375e+01,2.786972999572753906e+01
-8.880113983154296875e+01,2.783387565612792969e+01
-8.879059600830078125e+01,2.783540153503417969e+01
-8.884735107421875000e+01,2.786483764648437500e+01
-8.881372833251953125e+01,2.784133148193359375e+01
-8.878027343750000000e+01,2.782811737060546875e+01
-8.883100891113281250e+01,2.785107803344726562e+01
-8.877263641357421875e+01,2.782435417175292969e+01
-8.880075073242187500e+01,2.783947372436523438e+01
-8.882232666015625000e+01,2.784711265563964844e+01
-8.884755706787109375e+01,2.786424446105957031e+01
-8.877775573730468750e+01,2.782604026794433594e+01
-8.881900024414062500e+01,2.784375572204589844e+01
-8.880292510986328125e+01,2.783830833435058594e+01
-8.879191589355468750e+01,2.783254814147949219e+01
-8.879489898681640625e+01,2.783265113830566406e+01
-8.879882049560546875e+01,2.783682441711425781e+01
-8.879226684570312500e+01,2.783368110656738281e+01
-8.879723358154296875e+01,2.783793640136718750e+01
-8.880777740478515625e+01,2.783968544006347656e+01
-8.881910705566406250e+01,2.784305381774902344e+01
-8.884040832519531250e+01,2.785486221313476562e+01
-8.880733489990234375e+01,2.783806037902832031e+01
-8.881830596923828125e+01,2.784249305725097656e+01
-8.876997375488281250e+01,2.782439041137695312e+01
-8.885646057128906250e+01,2.787065887451171875e+01
-8.884961700439453125e+01,2.786778831481933594e+01
-8.878252410888671875e+01,2.782886505126953125e+01
-8.885076141357421875e+01,2.786607742309570312e+01
-8.880158996582031250e+01,2.783461952209472656e+01
-8.881407165527343750e+01,2.784061431884765625e+01
-8.882532501220703125e+01,2.785021781921386719e+01
-8.882817840576171875e+01,2.784963226318359375e+01
-8.881478881835937500e+01,2.784384727478027344e+01
-8.882190704345703125e+01,2.784658813476562500e+01
-8.880801391601562500e+01,2.784125518798828125e+01
-8.881259155273437500e+01,2.784169769287109375e+01
-8.877986145019531250e+01,2.783118629455566406e+01
-8.879833221435546875e+01,2.783471679687500000e+01
-8.878382873535156250e+01,2.783456420898437500e+01
-8.881517791748046875e+01,2.784499931335449219e+01
-8.876805877685546875e+01,2.782659912109375000e+01
-8.885636138916015625e+01,2.786896514892578125e+01
-8.884036254882812500e+01,2.785588455200195312e+01
-8.883437347412109375e+01,2.785505104064941406e+01
-8.881720733642578125e+01,2.784080696105957031e+01
-8.878699493408203125e+01,2.783092117309570312e+01
-8.883841705322265625e+01,2.785473060607910156e+01
-8.879541015625000000e+01,2.783397293090820312e+01
-8.885157775878906250e+01,2.786651039123535156e+01
-8.884078216552734375e+01,2.785522270202636719e+01
-8.881088256835937500e+01,2.784313964843750000e+01
-8.879677581787109375e+01,2.783556556701660156e+01
-8.877243804931640625e+01,2.782594108581542969e+01
-8.884582519531250000e+01,2.786055946350097656e+01
-8.876711273193359375e+01,2.782445335388183594e+01
-8.885356903076171875e+01,2.786665916442871094e+01
-8.882482910156250000e+01,2.784891510009765625e+01
-8.880345916748046875e+01,2.783869361877441406e+01
-8.880627441406250000e+01,2.783718490600585938e+01
-8.883138275146484375e+01,2.785158348083496094e+01
-8.885131835937500000e+01,2.786567497253417969e+01
-8.885870361328125000e+01,2.787036705017089844e+01
-8.879388427734375000e+01,2.783377838134765625e+01
-8.877472686767578125e+01,2.782727432250976562e+01
-8.884122467041015625e+01,2.785809898376464844e+01
-8.879891967773437500e+01,2.783492469787597656e+01
-8.879298400878906250e+01,2.783569717407226562e+01
-8.878791046142578125e+01,2.783605957031250000e+01
-8.884975433349609375e+01,2.786245155334472656e+01
-8.884021759033203125e+01,2.785840034484863281e+01
-8.877425384521484375e+01,2.782738494873046875e+01
-8.884954071044921875e+01,2.786822700500488281e+01
-8.879538726806640625e+01,2.783489990234375000e+01
-8.884726715087890625e+01,2.786397552490234375e+01
-8.881922912597656250e+01,2.784217262268066406e+01
-8.879083251953125000e+01,2.783520126342773438e+01
-8.877783966064453125e+01,2.783085250854492188e+01
-8.877716064453125000e+01,2.782950401306152344e+01
-8.882704162597656250e+01,2.785011291503906250e+01
-8.880853271484375000e+01,2.784081649780273438e+01
-8.878240966796875000e+01,2.782986259460449219e+01
-8.883297729492187500e+01,2.785357475280761719e+01
-8.881947326660156250e+01,2.784416580200195312e+01
-8.879721832275390625e+01,2.783256530761718750e+01
-8.884377288818359375e+01,2.785813903808593750e+01
-8.884932708740234375e+01,2.786322784423828125e+01
-8.885248565673828125e+01,2.786945724487304688e+01
-8.878518676757812500e+01,2.783029174804687500e+01
-8.879035186767578125e+01,2.783464050292968750e+01
-8.879862976074218750e+01,2.783286094665527344e+01
-8.881471252441406250e+01,2.784439468383789062e+01
-8.884606933593750000e+01,2.786013793945312500e+01
-8.881410980224609375e+01,2.783975219726562500e+01
-8.879471588134765625e+01,2.783638191223144531e+01
-8.877404022216796875e+01,2.782534217834472656e+01
-8.879531860351562500e+01,2.783523178100585938e+01
-8.880819702148437500e+01,2.784252548217773438e+01
-8.883194732666015625e+01,2.785293197631835938e+01
-8.879239654541015625e+01,2.783398628234863281e+01
-8.885671234130859375e+01,2.787169456481933594e+01
-8.879463195800781250e+01,2.783239746093750000e+01
-8.878636932373046875e+01,2.783082580566406250e+01
-8.883959960937500000e+01,2.785410499572753906e+01
-8.879833984375000000e+01,2.783789634704589844e+01
-8.883162689208984375e+01,2.785159301757812500e+01
-8.883375549316406250e+01,2.785445213317871094e+01
-8.877095794677734375e+01,2.782581329345703125e+01
-8.880735015869140625e+01,2.783797073364257812e+01
-8.884266662597656250e+01,2.786058425903320312e+01
-8.885134124755859375e+01,2.786415672302246094e+01
-8.882144165039062500e+01,2.784306335449218750e+01
-8.881349182128906250e+01,2.784339332580566406e+01
-8.882871246337890625e+01,2.784925270080566406e+01
-8.881653594970703125e+01,2.784507942199707031e+01
-8.883479309082031250e+01,2.785547828674316406e+01
-8.881375122070312500e+01,2.784189033508300781e+01
-8.879924011230468750e+01,2.783913993835449219e+01
-8.881492614746093750e+01,2.784222602844238281e+01
-8.879866790771484375e+01,2.783594894409179688e+01
-8.885102081298828125e+01,2.786845588684082031e+01
-8.879409790039062500e+01,2.783220100402832031e+01
-8.881230926513671875e+01,2.784082412719726562e+01
-8.880998992919921875e+01,2.784344673156738281e+01
-8.877574157714843750e+01,2.782651519775390625e+01
-8.880081176757812500e+01,2.783305358886718750e+01
-8.885068511962890625e+01,2.786474037170410156e+01
-8.885298919677734375e+01,2.786689949035644531e+01
-8.877687072753906250e+01,2.782527732849121094e+01
-8.882367706298828125e+01,2.784534454345703125e+01
-8.881055450439453125e+01,2.784040069580078125e+01
-8.881477355957031250e+01,2.784252548217773438e+01
-8.885282135009765625e+01,2.786872863769531250e+01
-8.878467559814453125e+01,2.783066368103027344e+01
-8.880921936035156250e+01,2.784008216857910156e+01
-8.879301452636718750e+01,2.783427047729492188e+01
-8.879053497314453125e+01,2.783454895019531250e+01
-8.880004882812500000e+01,2.783656311035156250e+01
-8.881139373779296875e+01,2.784155654907226562e+01
-8.883179473876953125e+01,2.785063552856445312e+01
-8.880036926269531250e+01,2.783656311035156250e+01
-8.880410003662109375e+01,2.783514976501464844e+01
-8.883619689941406250e+01,2.785395622253417969e+01
-8.879481506347656250e+01,2.783277130126953125e+01
-8.883743286132812500e+01,2.785339164733886719e+01
-8.880823516845703125e+01,2.784170150756835938e+01
-8.879244232177734375e+01,2.783475685119628906e+01
-8.878965759277343750e+01,2.783090591430664062e+01
-8.878269958496093750e+01,2.783020019531250000e+01
-8.884818267822265625e+01,2.786389350891113281e+01
-8.884413146972656250e+01,2.785993385314941406e+01
-8.878775024414062500e+01,2.783445549011230469e+01
-8.877544403076171875e+01,2.782832908630371094e+01
-8.877085876464843750e+01,2.782793426513671875e+01
-8.877250671386718750e+01,2.782844924926757812e+01
-8.878934478759765625e+01,2.783470153808593750e+01
-8.879760742187500000e+01,2.783561706542968750e+01
-8.881103515625000000e+01,2.784163284301757812e+01
-8.880083465576171875e+01,2.783963012695312500e+01
-8.881330871582031250e+01,2.784342384338378906e+01
-8.877439880371093750e+01,2.782483100891113281e+01
-8.879195404052734375e+01,2.783571624755859375e+01
-8.876914978027343750e+01,2.782503509521484375e+01
-8.884210205078125000e+01,2.785655784606933594e+01
-8.884450531005859375e+01,2.785998535156250000e+01
-8.882539367675781250e+01,2.784795951843261719e+01
-8.877621459960937500e+01,2.782907676696777344e+01
-8.877698516845703125e+01,2.782608985900878906e+01
-8.881080627441406250e+01,2.784246635437011719e+01
-8.877371215820312500e+01,2.782636833190917969e+01
-8.884595489501953125e+01,2.786093330383300781e+01
-8.885434722900390625e+01,2.786660385131835938e+01
-8.880905151367187500e+01,2.783987045288085938e+01
-8.883861541748046875e+01,2.785746192932128906e+01
-8.885850524902343750e+01,2.787104988098144531e+01
-8.882580566406250000e+01,2.784967613220214844e+01
-8.880201721191406250e+01,2.783505630493164062e+01
-8.880113983154296875e+01,2.783325195312500000e+01
-8.878480529785156250e+01,2.783281135559082031e+01
-8.884101867675781250e+01,2.785507774353027344e+01
-8.882853698730468750e+01,2.785177803039550781e+01
-8.879882049560546875e+01,2.783289527893066406e+01
-8.876887512207031250e+01,2.782456207275390625e+01
-8.882546234130859375e+01,2.784650230407714844e+01
-8.884761047363281250e+01,2.786031723022460938e+01
-8.884099578857421875e+01,2.785904693603515625e+01
-8.878266143798828125e+01,2.783338356018066406e+01
-8.881497955322265625e+01,2.784101486206054688e+01
-8.877700805664062500e+01,2.782832717895507812e+01
-8.882987213134765625e+01,2.784924316406250000e+01
-8.879558563232421875e+01,2.783502388000488281e+01
-8.885212707519531250e+01,2.786590766906738281e+01
-8.877795410156250000e+01,2.782989501953125000e+01
-8.881381988525390625e+01,2.784345054626464844e+01
-8.885677337646484375e+01,2.786871528625488281e+01
-8.885266876220703125e+01,2.786497688293457031e+01
-8.881196594238281250e+01,2.784278106689453125e+01
-8.885117340087890625e+01,2.786715316772460938e+01
-8.877559661865234375e+01,2.782625579833984375e+01
-8.882321929931640625e+01,2.784818267822265625e+01
-8.885398101806640625e+01,2.786997795104980469e+01
-8.881293487548828125e+01,2.784395980834960938e+01
-8.884920501708984375e+01,2.786573219299316406e+01
-8.879677581787109375e+01,2.783717918395996094e+01
-8.880828857421875000e+01,2.783802032470703125e+01
-8.885853576660156250e+01,2.786894798278808594e+01
-8.876773071289062500e+01,2.782361221313476562e+01
-8.882709503173828125e+01,2.784944152832031250e+01
-8.879959106445312500e+01,2.783216094970703125e+01
-8.885047912597656250e+01,2.786434364318847656e+01
-8.883672332763671875e+01,2.785608482360839844e+01
-8.883013916015625000e+01,2.785093879699707031e+01
-8.877086639404296875e+01,2.782410049438476562e+01
-8.882185363769531250e+01,2.784492301940917969e+01
-8.882543182373046875e+01,2.784936904907226562e+01
-8.878964233398437500e+01,2.783476448059082031e+01
-8.877574157714843750e+01,2.782716751098632812e+01
-8.883258819580078125e+01,2.785283660888671875e+01
-8.881693267822265625e+01,2.784135055541992188e+01
-8.883139801025390625e+01,2.785409927368164062e+01
-8.884573364257812500e+01,2.786038017272949219e+01
-8.882652282714843750e+01,2.784793472290039062e+01
-8.879220581054687500e+01,2.783250617980957031e+01
-8.884510040283203125e+01,2.786088180541992188e+01
-8.884096527099609375e+01,2.785458564758300781e+01
-8.879031372070312500e+01,2.783234786987304688e+01
-8.876615905761718750e+01,2.782373237609863281e+01
-8.880732727050781250e+01,2.784172630310058594e+01
-8.877715301513671875e+01,2.782771492004394531e+01
-8.882108306884765625e+01,2.784580039978027344e+01
-8.883170318603515625e+01,2.785285377502441406e+01
-8.878958892822265625e+01,2.783618354797363281e+01
-8.883119201660156250e+01,2.785019111633300781e+01
-8.878656768798828125e+01,2.783294105529785156e+01
-8.884373474121093750e+01,2.786143493652343750e+01
-8.882534027099609375e+01,2.784720611572265625e+01
-8.878588867187500000e+01,2.783260154724121094e+01
-8.884628295898437500e+01,2.786165809631347656e+01
-8.878661346435546875e+01,2.783287239074707031e+01
-8.877938842773437500e+01,2.783177947998046875e+01
-8.880300903320312500e+01,2.783732414245605469e+01
-8.877046203613281250e+01,2.782567977905273438e+01
-8.878216552734375000e+01,2.782852935791015625e+01
-8.885644531250000000e+01,2.786730957031250000e+01
-8.884427642822265625e+01,2.785989570617675781e+01
-8.879368591308593750e+01,2.783459091186523438e+01
-8.883954620361328125e+01,2.785689163208007812e+01
-8.877403259277343750e+01,2.782641220092773438e+01
-8.882054901123046875e+01,2.784240531921386719e+01
-8.878215026855468750e+01,2.782918357849121094e+01
-8.880853271484375000e+01,2.783921813964843750e+01
-8.880425262451171875e+01,2.783917236328125000e+01
-8.878565216064453125e+01,2.783453941345214844e+01
-8.882513427734375000e+01,2.785023689270019531e+01
-8.885255432128906250e+01,2.786961936950683594e+01
-8.878913116455078125e+01,2.783203697204589844e+01
-8.882274627685546875e+01,2.784777641296386719e+01
-8.881976318359375000e+01,2.784225463867187500e+01
-8.881393432617187500e+01,2.783934974670410156e+01
-8.879257965087890625e+01,2.783623123168945312e+01
-8.880018615722656250e+01,2.783674240112304688e+01
-8.884450531005859375e+01,2.785836219787597656e+01
-8.880112457275390625e+01,2.783679199218750000e+01
-8.878711700439453125e+01,2.783288192749023438e+01
-8.884825897216796875e+01,2.786504554748535156e+01
-8.878759002685546875e+01,2.783489990234375000e+01
-8.885311126708984375e+01,2.786571121215820312e+01
-8.878488159179687500e+01,2.783147811889648438e+01
-8.877598571777343750e+01,2.782738304138183594e+01
-8.885317230224609375e+01,2.786594581604003906e+01
-8.880468750000000000e+01,2.783607101440429688e+01
-8.882571411132812500e+01,2.784755325317382812e+01
-8.884840393066406250e+01,2.786133766174316406e+01
-8.878387451171875000e+01,2.783139991760253906e+01
-8.885237121582031250e+01,2.786718559265136719e+01
-8.881530761718750000e+01,2.784365081787109375e+01
-8.884613037109375000e+01,2.786328506469726562e+01
-8.877404785156250000e+01,2.782417678833007812e+01
-8.879209899902343750e+01,2.783509254455566406e+01
-8.877057647705078125e+01,2.782547569274902344e+01
-8.879415130615234375e+01,2.783575057983398438e+01
-8.878533172607421875e+01,2.783099174499511719e+01
-8.884978485107421875e+01,2.786683464050292969e+01
-8.879273986816406250e+01,2.783501434326171875e+01
-8.880521392822265625e+01,2.783787155151367188e+01
-8.885572052001953125e+01,2.787034797668457031e+01
-8.878658294677734375e+01,2.783305740356445312e+01
-8.879547119140625000e+01,2.783576202392578125e+01
-8.879873657226562500e+01,2.783213615417480469e+01
-8.880042266845703125e+01,2.783860588073730469e+01
-8.878338623046875000e+01,2.783153152465820312e+01
-8.878047943115234375e+01,2.783015823364257812e+01
-8.877866363525390625e+01,2.782947349548339844e+01
-8.885935974121093750e+01,2.787135314941406250e+01
-8.880818176269531250e+01,2.783981704711914062e+01
-8.879104614257812500e+01,2.783335876464843750e+01
-8.880085754394531250e+01,2.783886528015136719e+01
-8.884755706787109375e+01,2.786509895324707031e+01
-8.885688781738281250e+01,2.787193107604980469e+01
-8.877644348144531250e+01,2.782831192016601562e+01
-8.883002471923828125e+01,2.784909439086914062e+01
-8.884195709228515625e+01,2.785731697082519531e+01
-8.878165435791015625e+01,2.783278656005859375e+01
-8.881980895996093750e+01,2.784511947631835938e+01
-8.880674743652343750e+01,2.784004974365234375e+01
-8.879769134521484375e+01,2.783763504028320312e+01
-8.883066558837890625e+01,2.785024261474609375e+01
-8.881092071533203125e+01,2.784304618835449219e+01
-8.879998016357421875e+01,2.783771324157714844e+01
-8.880227661132812500e+01,2.783469581604003906e+01
-8.883151245117187500e+01,2.785035133361816406e+01
-8.883403778076171875e+01,2.785384941101074219e+01
-8.879340362548828125e+01,2.783434486389160156e+01
-8.884742736816406250e+01,2.786436080932617188e+01
-8.876867675781250000e+01,2.782673835754394531e+01
-8.885202026367187500e+01,2.786575698852539062e+01
-8.877030944824218750e+01,2.782374191284179688e+01
-8.881671142578125000e+01,2.784484863281250000e+01
-8.881455993652343750e+01,2.784177207946777344e+01
-8.877990722656250000e+01,2.783023643493652344e+01
-8.879889678955078125e+01,2.783353042602539062e+01
-8.879978942871093750e+01,2.783304023742675781e+01
-8.883473968505859375e+01,2.785570716857910156e+01
-8.885234832763671875e+01,2.786845970153808594e+01
-8.879810333251953125e+01,2.783814811706542969e+01
-8.884739685058593750e+01,2.786310958862304688e+01
-8.876976776123046875e+01,2.782552337646484375e+01
-8.884608459472656250e+01,2.786162185668945312e+01
-8.881010437011718750e+01,2.784066772460937500e+01
-8.878005981445312500e+01,2.783111763000488281e+01
-8.877863311767578125e+01,2.783167457580566406e+01
-8.877237701416015625e+01,2.782814788818359375e+01
-8.878636932373046875e+01,2.783474159240722656e+01
-8.878461456298828125e+01,2.783371162414550781e+01
-8.885336303710937500e+01,2.786787414550781250e+01
-8.879450988769531250e+01,2.783476829528808594e+01
-8.877392578125000000e+01,2.782929611206054688e+01
-8.884339904785156250e+01,2.786112022399902344e+01
-8.881918334960937500e+01,2.784136009216308594e+01
-8.881542968750000000e+01,2.784041786193847656e+01
-8.877139282226562500e+01,2.782827186584472656e+01
-8.877433776855468750e+01,2.782614517211914062e+01
-8.877017974853515625e+01,2.782427597045898438e+01
-8.880035400390625000e+01,2.783285140991210938e+01
-8.883489227294921875e+01,2.785573959350585938e+01
-8.877787780761718750e+01,2.782960891723632812e+01
-8.885723876953125000e+01,2.787151718139648438e+01
-8.885713958740234375e+01,2.786766242980957031e+01
-8.878894805908203125e+01,2.783592033386230469e+01
-8.880312347412109375e+01,2.783420944213867188e+01
-8.881577301025390625e+01,2.784328079223632812e+01
-8.881491851806640625e+01,2.784536361694335938e+01
-8.883455657958984375e+01,2.785403442382812500e+01
-8.878440093994140625e+01,2.782938003540039062e+01
-8.882623291015625000e+01,2.785010910034179688e+01
-8.877317047119140625e+01,2.782735824584960938e+01
-8.877240753173828125e+01,2.782521629333496094e+01
-8.879456329345703125e+01,2.783206939697265625e+01
-8.880845642089843750e+01,2.783715438842773438e+01
-8.877491760253906250e+01,2.782590484619140625e+01
-8.880006408691406250e+01,2.783811759948730469e+01
-8.885642242431640625e+01,2.787011718750000000e+01
-8.878601837158203125e+01,2.783436203002929688e+01
-8.882301330566406250e+01,2.784826850891113281e+01
-8.877081298828125000e+01,2.782543373107910156e+01
-8.884690856933593750e+01,2.786379432678222656e+01
-8.878311920166015625e+01,2.783099746704101562e+01
-8.883921813964843750e+01,2.785711669921875000e+01
-8.883242797851562500e+01,2.785146522521972656e+01
-8.878888702392578125e+01,2.783212661743164062e+01
-8.879824829101562500e+01,2.783603668212890625e+01
-8.879283905029296875e+01,2.783594512939453125e+01
-8.877565765380859375e+01,2.782768821716308594e+01
-8.883988189697265625e+01,2.785434913635253906e+01
-8.882806396484375000e+01,2.785006332397460938e+01
-8.878633880615234375e+01,2.783489990234375000e+01
-8.878488922119140625e+01,2.783425903320312500e+01
-8.881918334960937500e+01,2.784489059448242188e+01
-8.879454803466796875e+01,2.783394050598144531e+01
-8.880975341796875000e+01,2.783895111083984375e+01
-8.882700347900390625e+01,2.785087776184082031e+01
-8.882385253906250000e+01,2.784683990478515625e+01
-8.885111999511718750e+01,2.786969757080078125e+01
-8.881582641601562500e+01,2.784343910217285156e+01
-8.884674072265625000e+01,2.786530303955078125e+01
-8.880165100097656250e+01,2.783803939819335938e+01
-8.885913848876953125e+01,2.787100601196289062e+01
-8.881516265869140625e+01,2.783981895446777344e+01
-8.885467529296875000e+01,2.786918449401855469e+01
-8.878543090820312500e+01,2.783180046081542969e+01
-8.881990051269531250e+01,2.784420967102050781e+01
-8.885021209716796875e+01,2.786671257019042969e+01
-8.877075195312500000e+01,2.782407569885253906e+01
-8.880871582031250000e+01,2.784108161926269531e+01
-8.879380035400390625e+01,2.783529281616210938e+01
-8.885230255126953125e+01,2.786960220336914062e+01
-8.881195068359375000e+01,2.784211158752441406e+01
-8.884939575195312500e+01,2.786488342285156250e+01
-8.877743530273437500e+01,2.782753753662109375e+01
-8.883979797363281250e+01,2.785635185241699219e+01
-8.878145599365234375e+01,2.782984542846679688e+01
-8.884758758544921875e+01,2.786563301086425781e+01
-8.880968475341796875e+01,2.784038162231445312e+01
-8.878613281250000000e+01,2.783460998535156250e+01
-8.881346130371093750e+01,2.783975791931152344e+01
-8.878395080566406250e+01,2.782968521118164062e+01
-8.884526824951171875e+01,2.785989761352539062e+01
-8.883735656738281250e+01,2.785614776611328125e+01
-8.879968261718750000e+01,2.783709526062011719e+01
-8.878168487548828125e+01,2.783143997192382812e+01
-8.882337951660156250e+01,2.784867095947265625e+01
-8.877600097656250000e+01,2.782793235778808594e+01
-8.879119873046875000e+01,2.783281517028808594e+01
-8.878746032714843750e+01,2.783066368103027344e+01
-8.881656646728515625e+01,2.783984375000000000e+01
-8.881479644775390625e+01,2.784462928771972656e+01
-8.884091186523437500e+01,2.785920143127441406e+01
-8.882791900634765625e+01,2.785009765625000000e+01
-8.883119964599609375e+01,2.785281562805175781e+01
-8.878224182128906250e+01,2.783259773254394531e+01
-8.880556488037109375e+01,2.783758544921875000e+01
-8.881407165527343750e+01,2.784433937072753906e+01
-8.885740661621093750e+01,2.787122726440429688e+01
-8.877465057373046875e+01,2.782586669921875000e+01
-8.879811096191406250e+01,2.783274269104003906e+01
-8.881549835205078125e+01,2.784169006347656250e+01
-8.882269287109375000e+01,2.784635162353515625e+01
-8.879401397705078125e+01,2.783486366271972656e+01
-8.879850769042968750e+01,2.783793830871582031e+01
-8.878404235839843750e+01,2.783367538452148438e+01
-8.878385162353515625e+01,2.782948303222656250e+01
-8.882627868652343750e+01,2.785062217712402344e+01
-8.885768890380859375e+01,2.787117958068847656e+01
-8.876850891113281250e+01,2.782624626159667969e+01
-8.885121154785156250e+01,2.786732673645019531e+01
-8.878444671630859375e+01,2.783387374877929688e+01
-8.882759857177734375e+01,2.784822463989257812e+01
-8.877915954589843750e+01,2.782793998718261719e+01
-8.885404205322265625e+01,2.786837196350097656e+01
-8.882426452636718750e+01,2.784649658203125000e+01
-8.879528045654296875e+01,2.783166885375976562e+01
-8.882428741455078125e+01,2.784669685363769531e+01
-8.876962280273437500e+01,2.782568168640136719e+01
-8.883235931396484375e+01,2.785450935363769531e+01
-8.883110809326171875e+01,2.784984207153320312e+01
-8.877837371826171875e+01,2.783106613159179688e+01
-8.880843353271484375e+01,2.783827018737792969e+01
-8.878979492187500000e+01,2.783620071411132812e+01
-8.879159545898437500e+01,2.783200836181640625e+01
-8.879827117919921875e+01,2.783727073669433594e+01
-8.878771972656250000e+01,2.783356857299804688e+01
-8.877687072753906250e+01,2.782596588134765625e+01
-8.877761840820312500e+01,2.782596778869628906e+01
-8.885025024414062500e+01,2.786500358581542969e+01
-8.877770233154296875e+01,2.782690811157226562e+01
-8.878173828125000000e+01,2.783063125610351562e+01
-8.882167053222656250e+01,2.784591674804687500e+01
-8.882898712158203125e+01,2.784980583190917969e+01
-8.881060791015625000e+01,2.784081077575683594e+01
-8.881587219238281250e+01,2.784268760681152344e+01
-8.879901885986328125e+01,2.783329963684082031e+01
-8.881864929199218750e+01,2.784187126159667969e+01
-8.879619598388671875e+01,2.783437347412109375e+01
-8.877651977539062500e+01,2.782646369934082031e+01
-8.882141113281250000e+01,2.784666633605957031e+01
-8.879654693603515625e+01,2.783268356323242188e+01
-8.884032440185546875e+01,2.785432434082031250e+01
-8.878250122070312500e+01,2.783183670043945312e+01
-8.879886627197265625e+01,2.783157348632812500e+01
-8.884704589843750000e+01,2.786350822448730469e+01
-8.885733032226562500e+01,2.786805343627929688e+01
-8.876705932617187500e+01,2.782338905334472656e+01
-8.882918548583984375e+01,2.785219573974609375e+01
-8.880236816406250000e+01,2.783542060852050781e+01
-8.885626983642578125e+01,2.786754608154296875e+01
-8.883379364013671875e+01,2.785361289978027344e+01
-8.881494903564453125e+01,2.784221458435058594e+01
-8.881201171875000000e+01,2.784162330627441406e+01
-8.885378265380859375e+01,2.786839103698730469e+01
-8.879705047607421875e+01,2.783325004577636719e+01
-8.877375030517578125e+01,2.782710838317871094e+01
-8.882765960693359375e+01,2.784892082214355469e+01
-8.884518432617187500e+01,2.786119651794433594e+01
-8.885635375976562500e+01,2.786759185791015625e+01
-8.880702972412109375e+01,2.784115791320800781e+01
-8.882172393798828125e+01,2.784385299682617188e+01
-8.879042816162109375e+01,2.783392143249511719e+01
-8.878170776367187500e+01,2.782972145080566406e+01
-8.879206848144531250e+01,2.783548355102539062e+01
-8.882617187500000000e+01,2.784982109069824219e+01
-8.885849761962890625e+01,2.786992835998535156e+01
-8.884643554687500000e+01,2.786148262023925781e+01
-8.884255218505859375e+01,2.785939598083496094e+01
-8.883158111572265625e+01,2.785299301147460938e+01
-8.878286743164062500e+01,2.782911872863769531e+01
-8.884209442138671875e+01,2.785996818542480469e+01
-8.881591033935546875e+01,2.784209632873535156e+01
-8.882781219482421875e+01,2.785059928894042969e+01
-8.883566284179687500e+01,2.785488510131835938e+01
-8.880937957763671875e+01,2.784152030944824219e+01
-8.877987670898437500e+01,2.783254051208496094e+01
-8.879351806640625000e+01,2.783427238464355469e+01
-8.877012634277343750e+01,2.782462310791015625e+01
-8.879904937744140625e+01,2.783255577087402344e+01
-8.879624938964843750e+01,2.783551788330078125e+01
-8.883966827392578125e+01,2.785500335693359375e+01
-8.877475738525390625e+01,2.782917213439941406e+01
-8.878720092773437500e+01,2.783382034301757812e+01
-8.877864837646484375e+01,2.782725715637207031e+01
-8.877452087402343750e+01,2.782724761962890625e+01
-8.878079986572265625e+01,2.783138656616210938e+01
-8.877989196777343750e+01,2.783153724670410156e+01
-8.880435180664062500e+01,2.783787536621093750e+01
-8.878634643554687500e+01,2.783119964599609375e+01
-8.880142211914062500e+01,2.783796310424804688e+01
-8.880242919921875000e+01,2.783328247070312500e+01
-8.884902954101562500e+01,2.786703681945800781e+01
-8.885193634033203125e+01,2.786426353454589844e+01
-8.881818389892578125e+01,2.784291076660156250e+01
-8.885234069824218750e+01,2.786998939514160156e+01
-8.881571960449218750e+01,2.784017753601074219e+01
-8.880791473388671875e+01,2.784022331237792969e+01
-8.881103515625000000e+01,2.784160041809082031e+01
-8.878269958496093750e+01,2.783025360107421875e+01
-8.884043884277343750e+01,2.785670661926269531e+01
-8.878875732421875000e+01,2.783536338806152344e+01
-8.881551361083984375e+01,2.784025955200195312e+01
-8.880352783203125000e+01,2.783623313903808594e+01
-8.882781219482421875e+01,2.784820747375488281e+01
-8.879500579833984375e+01,2.783398246765136719e+01
-8.876896667480468750e+01,2.782540321350097656e+01
-8.880300140380859375e+01,2.783715057373046875e+01
-8.885040283203125000e+01,2.786297988891601562e+01
-8.877487945556640625e+01,2.782866096496582031e+01
-8.881327819824218750e+01,2.784056854248046875e+01
-8.883931732177734375e+01,2.785537528991699219e+01
-8.885740661621093750e+01,2.787140083312988281e+01
-8.883542633056640625e+01,2.785530090332031250e+01
-8.885291290283203125e+01,2.787005424499511719e+01
-8.883469390869140625e+01,2.785352897644042969e+01
-8.881031036376953125e+01,2.784064674377441406e+01
-8.881863403320312500e+01,2.784346580505371094e+01
-8.879512786865234375e+01,2.783188629150390625e+01
-8.879677581787109375e+01,2.783292388916015625e+01
-8.881515502929687500e+01,2.784067726135253906e+01
-8.883881378173828125e+01,2.785400009155273438e+01
-8.878813171386718750e+01,2.783488464355468750e+01
-8.881591033935546875e+01,2.784489631652832031e+01
-8.885186767578125000e+01,2.786485481262207031e+01
-8.885209655761718750e+01,2.786555862426757812e+01
-8.883840942382812500e+01,2.785539436340332031e+01
-8.884375762939453125e+01,2.785857772827148438e+01
-8.879035186767578125e+01,2.783646583557128906e+01
-8.880918121337890625e+01,2.784309577941894531e+01
-8.878619384765625000e+01,2.783046531677246094e+01
-8.884776306152343750e+01,2.786613845825195312e+01
-8.882746124267578125e+01,2.784922027587890625e+01
-8.882070922851562500e+01,2.784394073486328125e+01
-8.883975982666015625e+01,2.785675048828125000e+01
-8.885923767089843750e+01,2.787069702148437500e+01
-8.879944610595703125e+01,2.783369064331054688e+01
-8.884194946289062500e+01,2.785887336730957031e+01
-8.884220123291015625e+01,2.785941123962402344e+01
-8.884973907470703125e+01,2.786318397521972656e+01
-8.884908294677734375e+01,2.786466598510742188e+01
-8.880237579345703125e+01,2.783538627624511719e+01
-8.878682708740234375e+01,2.783477592468261719e+01
-8.878672027587890625e+01,2.783094406127929688e+01
-8.882731628417968750e+01,2.784955215454101562e+01
-8.883433532714843750e+01,2.785282325744628906e+01
-8.876615142822265625e+01,2.782442283630371094e+01
-8.882495117187500000e+01,2.784705352783203125e+01
-8.885278320312500000e+01,2.786772727966308594e+01
-8.879875946044921875e+01,2.783609390258789062e+01
-8.876870727539062500e+01,2.782399559020996094e+01
-8.880004882812500000e+01,2.783685874938964844e+01
-8.879077911376953125e+01,2.783401489257812500e+01
-8.879666900634765625e+01,2.783475685119628906e+01
-8.879686737060546875e+01,2.783263397216796875e+01
-8.884996795654296875e+01,2.786666297912597656e+01
-8.876704406738281250e+01,2.782421302795410156e+01
-8.879056549072265625e+01,2.783100700378417969e+01
-8.882433319091796875e+01,2.784712600708007812e+01
-8.878182220458984375e+01,2.783309173583984375e+01
-8.879360961914062500e+01,2.783586692810058594e+01
-8.878425598144531250e+01,2.782961654663085938e+01
-8.877839660644531250e+01,2.782639694213867188e+01
-8.884870147705078125e+01,2.786168670654296875e+01
-8.884059906005859375e+01,2.785520362854003906e+01
-8.879145812988281250e+01,2.783595848083496094e+01
-8.878952026367187500e+01,2.783408546447753906e+01
-8.877635192871093750e+01,2.782664680480957031e+01
-8.878411102294921875e+01,2.782919502258300781e+01
-8.880358123779296875e+01,2.783499336242675781e+01
-8.884776306152343750e+01,2.786397171020507812e+01
-8.885408782958984375e+01,2.786914062500000000e+01
-8.882826995849609375e+01,2.784936523437500000e+01
-8.882119750976562500e+01,2.784315109252929688e+01
-8.885861206054687500e+01,2.786971664428710938e+01
-8.885458374023437500e+01,2.787009239196777344e+01
-8.877201080322265625e+01,2.782574272155761719e+01
-8.878836059570312500e+01,2.783493995666503906e+01
-8.880813598632812500e+01,2.784251976013183594e+01
-8.877290344238281250e+01,2.782568550109863281e+01
-8.884087371826171875e+01,2.785952568054199219e+01
-8.878654479980468750e+01,2.783139991760253906e+01
-8.878657531738281250e+01,2.783214187622070312e+01
-8.880153656005859375e+01,2.783829879760742188e+01
-8.878876495361328125e+01,2.783396720886230469e+01
-8.878580474853515625e+01,2.783314514160156250e+01
-8.879035949707031250e+01,2.783477210998535156e+01
-8.882990264892578125e+01,2.785185050964355469e+01
-8.879795074462890625e+01,2.783832168579101562e+01
-8.880568695068359375e+01,2.783746147155761719e+01
-8.878741455078125000e+01,2.783579444885253906e+01
-8.877936553955078125e+01,2.782804298400878906e+01
-8.880088806152343750e+01,2.783277130126953125e+01
-8.884910583496093750e+01,2.786786651611328125e+01
-8.885227966308593750e+01,2.786611938476562500e+01
-8.879777526855468750e+01,2.783634948730468750e+01
-8.885235595703125000e+01,2.786492347717285156e+01
-8.878904724121093750e+01,2.783463859558105469e+01
-8.880764770507812500e+01,2.784066009521484375e+01
-8.878833770751953125e+01,2.783317947387695312e+01
-8.879993438720703125e+01,2.783972549438476562e+01
-8.877658081054687500e+01,2.782566642761230469e+01
-8.877620697021484375e+01,2.782594871520996094e+01
-8.881034851074218750e+01,2.784231948852539062e+01
-8.881974792480468750e+01,2.784398651123046875e+01
-8.884495544433593750e+01,2.786119461059570312e+01
-8.885282897949218750e+01,2.786993408203125000e+01
-8.877034759521484375e+01,2.782433700561523438e+01
-8.883199310302734375e+01,2.785148048400878906e+01
-8.881734466552734375e+01,2.784174156188964844e+01
-8.880797576904296875e+01,2.784039688110351562e+01
-8.884006500244140625e+01,2.785918807983398438e+01
-8.885800170898437500e+01,2.787142562866210938e+01
-8.882292938232421875e+01,2.784794235229492188e+01
-8.880923461914062500e+01,2.784162712097167969e+01
-8.879914093017578125e+01,2.783874320983886719e+01
-8.877763366699218750e+01,2.782851028442382812e+01
-8.883676147460937500e+01,2.785652923583984375e+01
-8.878350067138671875e+01,2.783061790466308594e+01
-8.878646087646484375e+01,2.783203506469726562e+01
-8.885344696044921875e+01,2.786647796630859375e+01
-8.880157470703125000e+01,2.783754730224609375e+01
-8.884363555908203125e+01,2.785862541198730469e+01
-8.881130981445312500e+01,2.784287834167480469e+01
-8.882933807373046875e+01,2.784919357299804688e+01
-8.885597229003906250e+01,2.787096977233886719e+01
-8.877814483642578125e+01,2.782847595214843750e+01
-8.881473541259765625e+01,2.784223937988281250e+01
-8.884513092041015625e+01,2.786158561706542969e+01
-8.885740661621093750e+01,2.787056350708007812e+01
-8.883277130126953125e+01,2.785250282287597656e+01
-8.884824371337890625e+01,2.786443138122558594e+01
-8.884247589111328125e+01,2.785741043090820312e+01
-8.881481170654296875e+01,2.784179878234863281e+01
-8.883644104003906250e+01,2.785637664794921875e+01
-8.878581237792968750e+01,2.783066749572753906e+01
-8.881178283691406250e+01,2.784013938903808594e+01
-8.881675720214843750e+01,2.784403991699218750e+01
-8.885041046142578125e+01,2.786625862121582031e+01
-8.880890655517578125e+01,2.783891487121582031e+01
-8.879859924316406250e+01,2.783333015441894531e+01
-8.877717590332031250e+01,2.782642745971679688e+01
-8.883874511718750000e+01,2.785387611389160156e+01
-8.877903747558593750e+01,2.783118247985839844e+01
-8.881949615478515625e+01,2.784239006042480469e+01
-8.884246826171875000e+01,2.785650825500488281e+01
-8.885841369628906250e+01,2.786971855163574219e+01
-8.877648162841796875e+01,2.782511138916015625e+01
-8.877761077880859375e+01,2.783088874816894531e+01
-8.880780029296875000e+01,2.783993911743164062e+01
-8.884449768066406250e+01,2.786138153076171875e+01
-8.882401275634765625e+01,2.784528923034667969e+01
-8.880583190917968750e+01,2.784026908874511719e+01
-8.878565216064453125e+01,2.783457946777343750e+01
-8.881668090820312500e+01,2.784552955627441406e+01
-8.880913543701171875e+01,2.783858108520507812e+01
-8.885313415527343750e+01,2.786826324462890625e+01
-8.879537963867187500e+01,2.783455848693847656e+01
-8.879724121093750000e+01,2.783788108825683594e+01
-8.878878784179687500e+01,2.783538818359375000e+01
-8.879786682128906250e+01,2.783581352233886719e+01
-8.881478881835937500e+01,2.784295082092285156e+01
-8.881951141357421875e+01,2.784397888183593750e+01
-8.880361175537109375e+01,2.783560943603515625e+01
-8.883847808837890625e+01,2.785623359680175781e+01
-8.878495788574218750e+01,2.783239746093750000e+01
-8.885040283203125000e+01,2.786720848083496094e+01
-8.884026336669921875e+01,2.785952377319335938e+01
-8.884037780761718750e+01,2.785437774658203125e+01
-8.882839202880859375e+01,2.785114288330078125e+01
-8.878432464599609375e+01,2.783433914184570312e+01
-8.882306671142578125e+01,2.784748458862304688e+01
-8.882682800292968750e+01,2.784816932678222656e+01
-8.883329772949218750e+01,2.785482215881347656e+01
-8.885778808593750000e+01,2.787103271484375000e+01
-8.883302307128906250e+01,2.785268974304199219e+01
-8.877443695068359375e+01,2.782913208007812500e+01
-8.882737731933593750e+01,2.784988021850585938e+01
-8.877152252197265625e+01,2.782571792602539062e+01
-8.878553009033203125e+01,2.783393669128417969e+01
-8.883058166503906250e+01,2.785106658935546875e+01
-8.883161163330078125e+01,2.785400962829589844e+01
-8.883878326416015625e+01,2.785448455810546875e+01
-8.878040313720703125e+01,2.783273506164550781e+01
-8.885532379150390625e+01,2.786980438232421875e+01
-8.877639007568359375e+01,2.782747459411621094e+01
-8.881793975830078125e+01,2.784265327453613281e+01
-8.885834503173828125e+01,2.787091445922851562e+01
-8.881983184814453125e+01,2.784306144714355469e+01
-8.883863067626953125e+01,2.785809135437011719e+01
-8.878861999511718750e+01,2.783508110046386719e+01
-8.882136535644531250e+01,2.784371566772460938e+01
-8.883013153076171875e+01,2.784989547729492188e+01
-8.882347106933593750e+01,2.784697532653808594e+01
-8.881729125976562500e+01,2.784401702880859375e+01
-8.880348205566406250e+01,2.783918380737304688e+01
-8.882679748535156250e+01,2.784912109375000000e+01
-8.880341339111328125e+01,2.783893966674804688e+01
-8.880814361572265625e+01,2.784070014953613281e+01
-8.878828430175781250e+01,2.783467483520507812e+01
-8.877359771728515625e+01,2.782707786560058594e+01
-8.877684783935546875e+01,2.782723426818847656e+01
-8.880770874023437500e+01,2.784008407592773438e+01
-8.883795166015625000e+01,2.785559844970703125e+01
-8.879969787597656250e+01,2.783915138244628906e+01
-8.884403228759765625e+01,2.786071968078613281e+01
-8.880394744873046875e+01,2.783918571472167969e+01
-8.885430145263671875e+01,2.786717224121093750e+01
-8.877695465087890625e+01,2.782917404174804688e+01
-8.880807495117187500e+01,2.783844757080078125e+01
-8.877257537841796875e+01,2.782845115661621094e+01
-8.881679534912109375e+01,2.784261894226074219e+01
-8.884590911865234375e+01,2.785942268371582031e+01
-8.880128479003906250e+01,2.783284187316894531e+01
-8.879637145996093750e+01,2.783250045776367188e+01
-8.878226470947265625e+01,2.783166694641113281e+01
-8.878800964355468750e+01,2.783477210998535156e+01
-8.878287506103515625e+01,2.783066940307617188e+01
-8.876733398437500000e+01,2.782487678527832031e+01
-8.884716796875000000e+01,2.786286735534667969e+01
-8.877645874023437500e+01,2.783012771606445312e+01
-8.877616119384765625e+01,2.782817840576171875e+01
-8.882086181640625000e+01,2.784630966186523438e+01
-8.884078979492187500e+01,2.785853004455566406e+01
-8.879140472412109375e+01,2.783304595947265625e+01
-8.881508636474609375e+01,2.784164810180664062e+01
-8.876658630371093750e+01,2.782521247863769531e+01
-8.877082824707031250e+01,2.782473564147949219e+01
-8.877326965332031250e+01,2.782568931579589844e+01
-8.879738616943359375e+01,2.783321189880371094e+01
-8.878485107421875000e+01,2.783448600769042969e+01
-8.882714080810546875e+01,2.785026550292968750e+01
-8.878542327880859375e+01,2.783233261108398438e+01
-8.881554412841796875e+01,2.784070205688476562e+01
-8.879595947265625000e+01,2.783239746093750000e+01
-8.881438446044921875e+01,2.784047508239746094e+01
-8.882592773437500000e+01,2.784922409057617188e+01
-8.877609252929687500e+01,2.782566070556640625e+01
-8.885026550292968750e+01,2.786818122863769531e+01
-8.881385040283203125e+01,2.784097099304199219e+01
-8.882032012939453125e+01,2.784327888488769531e+01
-8.876644134521484375e+01,2.782557296752929688e+01
-8.880548858642578125e+01,2.784016990661621094e+01
-8.877335357666015625e+01,2.782571983337402344e+01
-8.879470825195312500e+01,2.783238601684570312e+01
-8.885405731201171875e+01,2.786630058288574219e+01
-8.878138732910156250e+01,2.783008003234863281e+01
-8.885670471191406250e+01,2.786951637268066406e+01
-8.881045532226562500e+01,2.783971786499023438e+01
-8.877421569824218750e+01,2.782707786560058594e+01
-8.878352355957031250e+01,2.783037757873535156e+01
-8.879643249511718750e+01,2.783332061767578125e+01
-8.885297393798828125e+01,2.786627960205078125e+01
-8.881526947021484375e+01,2.784084129333496094e+01
-8.879087829589843750e+01,2.783632278442382812e+01
-8.880904388427734375e+01,2.784129333496093750e+01
-8.884751129150390625e+01,2.786353683471679688e+01
-8.885490417480468750e+01,2.787034797668457031e+01
-8.877657318115234375e+01,2.782852554321289062e+01
-8.884614562988281250e+01,2.786128234863281250e+01
-8.884873199462890625e+01,2.786472702026367188e+01
-8.879524230957031250e+01,2.783495903015136719e+01
-8.881020355224609375e+01,2.784328269958496094e+01
-8.882064056396484375e+01,2.784255027770996094e+01
-8.883178710937500000e+01,2.785289192199707031e+01
-8.882516479492187500e+01,2.784757232666015625e+01
-8.878340911865234375e+01,2.783016014099121094e+01
-8.883886718750000000e+01,2.785517501831054688e+01
-8.880885314941406250e+01,2.783789062500000000e+01
-8.885115814208984375e+01,2.786644554138183594e+01
-8.880760192871093750e+01,2.783903312683105469e+01
-8.879105377197265625e+01,2.783100700378417969e+01
-8.884805297851562500e+01,2.786202812194824219e+01
-8.877289581298828125e+01,2.782661819458007812e+01
-8.881411743164062500e+01,2.784015083312988281e+01
-8.885673522949218750e+01,2.786788368225097656e+01
-8.884530639648437500e+01,2.786260795593261719e+01
-8.877550506591796875e+01,2.782793998718261719e+01
-8.885766601562500000e+01,2.787245941162109375e+01
-8.880018615722656250e+01,2.783535194396972656e+01
-8.878089904785156250e+01,2.783287239074707031e+01
-8.883924102783203125e+01,2.785641098022460938e+01
-8.880265045166015625e+01,2.783807945251464844e+01
-8.885319519042968750e+01,2.786568069458007812e+01
-8.883976745605468750e+01,2.785842514038085938e+01
-8.882129669189453125e+01,2.784316635131835938e+01
-8.885639190673828125e+01,2.787162590026855469e+01
-8.885066223144531250e+01,2.786310195922851562e+01
-8.879448699951171875e+01,2.783308792114257812e+01
-8.881175994873046875e+01,2.784370613098144531e+01
-8.880976104736328125e+01,2.783989334106445312e+01
-8.884961700439453125e+01,2.786249542236328125e+01
-8.885855102539062500e+01,2.786947631835937500e+01
-8.884300994873046875e+01,2.785868263244628906e+01
-8.878524017333984375e+01,2.783290672302246094e+01
-8.879529571533203125e+01,2.783398056030273438e+01
-8.878164672851562500e+01,2.782997894287109375e+01
-8.880751037597656250e+01,2.783639335632324219e+01
-8.880151367187500000e+01,2.783687210083007812e+01
-8.882961273193359375e+01,2.784971046447753906e+01
-8.880982971191406250e+01,2.784242630004882812e+01
-8.878478240966796875e+01,2.783309745788574219e+01
-8.878396606445312500e+01,2.782922935485839844e+01
-8.880558776855468750e+01,2.783738136291503906e+01
-8.885194396972656250e+01,2.786914253234863281e+01
-8.885236358642578125e+01,2.786982536315917969e+01
-8.883140563964843750e+01,2.785221099853515625e+01
-8.883950042724609375e+01,2.785683059692382812e+01
-8.881501770019531250e+01,2.784268379211425781e+01
-8.878259277343750000e+01,2.783068466186523438e+01
-8.880934143066406250e+01,2.784093856811523438e+01
-8.880659484863281250e+01,2.783646392822265625e+01
-8.881067657470703125e+01,2.784045982360839844e+01
-8.880087280273437500e+01,2.783262443542480469e+01
-8.876877593994140625e+01,2.782487678527832031e+01
-8.881401824951171875e+01,2.784383773803710938e+01
-8.880126953125000000e+01,2.783975219726562500e+01
-8.883374023437500000e+01,2.785325813293457031e+01
-8.885719299316406250e+01,2.786793136596679688e+01
-8.885234832763671875e+01,2.786778640747070312e+01
-8.881623840332031250e+01,2.784165763854980469e+01
-8.880875396728515625e+01,2.783694267272949219e+01
-8.885034942626953125e+01,2.786800003051757812e+01
-8.882717132568359375e+01,2.785088539123535156e+01
-8.879805755615234375e+01,2.783606719970703125e+01
-8.884733581542968750e+01,2.786115455627441406e+01
-8.882471466064453125e+01,2.784915161132812500e+01
-8.883964538574218750e+01,2.785521316528320312e+01
-8.877373504638671875e+01,2.782754898071289062e+01
-8.885597991943359375e+01,2.786735725402832031e+01
-8.878441619873046875e+01,2.783005714416503906e+01
-8.882968139648437500e+01,2.785049819946289062e+01
-8.878610992431640625e+01,2.783029556274414062e+01
-8.878213500976562500e+01,2.783175086975097656e+01
-8.879754638671875000e+01,2.783330726623535156e+01
-8.876863098144531250e+01,2.782414627075195312e+01
-8.877516174316406250e+01,2.782678031921386719e+01
-8.878540802001953125e+01,2.783260536193847656e+01
-8.880217742919921875e+01,2.783662033081054688e+01
-8.882970428466796875e+01,2.784930992126464844e+01
-8.880678558349609375e+01,2.783740043640136719e+01
-8.884080505371093750e+01,2.785977363586425781e+01
-8.884974670410156250e+01,2.786467361450195312e+01
-8.883821105957031250e+01,2.785625267028808594e+01
-8.884198760986328125e+01,2.785889434814453125e+01
-8.880279541015625000e+01,2.783955764770507812e+01
-8.879147338867187500e+01,2.783513641357421875e+01
-8.879237365722656250e+01,2.783457565307617188e+01
-8.879827117919921875e+01,2.783626174926757812e+01
-8.879063415527343750e+01,2.783503913879394531e+01
-8.882778167724609375e+01,2.785027503967285156e+01
-8.879965972900390625e+01,2.783818435668945312e+01
-8.884741973876953125e+01,2.786389541625976562e+01
-8.884069824218750000e+01,2.785996055603027344e+01
-8.883506011962890625e+01,2.785657119750976562e+01
-8.880401611328125000e+01,2.783726882934570312e+01
-8.878607940673828125e+01,2.783466148376464844e+01
-8.880968475341796875e+01,2.784033966064453125e+01
-8.881031036376953125e+01,2.784076118469238281e+01
-8.878514862060546875e+01,2.783525848388671875e+01
-8.879959869384765625e+01,2.783186912536621094e+01
-8.884706878662109375e+01,2.786223220825195312e+01
-8.882041168212890625e+01,2.784529495239257812e+01
-8.880252075195312500e+01,2.783759307861328125e+01
-8.879202270507812500e+01,2.783202934265136719e+01
-8.884239196777343750e+01,2.786054420471191406e+01
-8.882439422607421875e+01,2.784827423095703125e+01
-8.877761840820312500e+01,2.783031654357910156e+01
-8.884124755859375000e+01,2.785768508911132812e+01
-8.877674865722656250e+01,2.782720947265625000e+01
-8.880171966552734375e+01,2.783292388916015625e+01
-8.878738403320312500e+01,2.783063697814941406e+01
-8.881611633300781250e+01,2.784490776062011719e+01
-8.881060791015625000e+01,2.783987998962402344e+01
-8.880355834960937500e+01,2.783527755737304688e+01
-8.884187316894531250e+01,2.785942649841308594e+01
-8.881814575195312500e+01,2.784311103820800781e+01
-8.882154846191406250e+01,2.784719848632812500e+01
-8.879567718505859375e+01,2.783375167846679688e+01
-8.880363464355468750e+01,2.783725738525390625e+01
-8.877027130126953125e+01,2.782581901550292969e+01
-8.884115600585937500e+01,2.785985755920410156e+01
-8.879082489013671875e+01,2.783415412902832031e+01
-8.880444335937500000e+01,2.783894348144531250e+01
-8.883380889892578125e+01,2.785276031494140625e+01
-8.880155181884765625e+01,2.783359909057617188e+01
-8.883258056640625000e+01,2.785312271118164062e+01
-8.885966491699218750e+01,2.787030601501464844e+01
-8.879577636718750000e+01,2.783530044555664062e+01
-8.885898590087890625e+01,2.787105751037597656e+01
-8.880796813964843750e+01,2.784004974365234375e+01
-8.877464294433593750e+01,2.782661437988281250e+01
-8.877460479736328125e+01,2.782673263549804688e+01
-8.884547424316406250e+01,2.786060905456542969e+01
-8.877270507812500000e+01,2.782575225830078125e+01
-8.884944915771484375e+01,2.786595916748046875e+01
-8.881678771972656250e+01,2.784376144409179688e+01
-8.879838562011718750e+01,2.783197975158691406e+01
-8.884363555908203125e+01,2.786088752746582031e+01
-8.878659057617187500e+01,2.783578681945800781e+01
-8.880422973632812500e+01,2.783826446533203125e+01
-8.879133605957031250e+01,2.783590698242187500e+01
-8.880362701416015625e+01,2.783672523498535156e+01
-8.881414031982421875e+01,2.784243202209472656e+01
-8.877818298339843750e+01,2.782973098754882812e+01
-8.877951812744140625e+01,2.783011627197265625e+01
-8.883723449707031250e+01,2.785399055480957031e+01
-8.885405731201171875e+01,2.786626052856445312e+01
-8.883435058593750000e+01,2.785511016845703125e+01
-8.881886291503906250e+01,2.784107208251953125e+01
-8.881231689453125000e+01,2.784234619140625000e+01
-8.877957916259765625e+01,2.783125495910644531e+01
-8.877998352050781250e+01,2.783087348937988281e+01
-8.877074432373046875e+01,2.782705688476562500e+01
-8.877330780029296875e+01,2.782806205749511719e+01
-8.880937957763671875e+01,2.784136772155761719e+01
-8.882750701904296875e+01,2.785031318664550781e+01
-8.876770782470703125e+01,2.782446670532226562e+01
-8.880169677734375000e+01,2.783602142333984375e+01
-8.885156250000000000e+01,2.786453437805175781e+01
-8.884780883789062500e+01,2.786067390441894531e+01
-8.885065460205078125e+01,2.786777305603027344e+01
-8.881804656982421875e+01,2.784123039245605469e+01
-8.880685424804687500e+01,2.783703994750976562e+01
-8.881381988525390625e+01,2.784438705444335938e+01
-8.877886962890625000e+01,2.783112144470214844e+01
-8.883930206298828125e+01,2.785577583312988281e+01
-8.877428436279296875e+01,2.782738304138183594e+01
-8.877310180664062500e+01,2.782747840881347656e+01
-8.881621551513671875e+01,2.784254646301269531e+01
-8.876669311523437500e+01,2.782567596435546875e+01
-8.883880615234375000e+01,2.785415458679199219e+01
-8.884996795654296875e+01,2.786707496643066406e+01
-8.877218627929687500e+01,2.782514953613281250e+01
-8.883203887939453125e+01,2.785484313964843750e+01
-8.884121704101562500e+01,2.785886383056640625e+01
-8.883550262451171875e+01,2.785383987426757812e+01
-8.882427215576171875e+01,2.784591865539550781e+01
-8.885555267333984375e+01,2.787041473388671875e+01
-8.883946990966796875e+01,2.785709571838378906e+01
-8.884644317626953125e+01,2.786442565917968750e+01
-8.878613281250000000e+01,2.783506584167480469e+01
-8.884075927734375000e+01,2.785866165161132812e+01
-8.879503631591796875e+01,2.783559608459472656e+01
-8.883235168457031250e+01,2.785151100158691406e+01
-8.882136535644531250e+01,2.784351158142089844e+01
-8.880457305908203125e+01,2.783583641052246094e+01
-8.882659912109375000e+01,2.784896278381347656e+01
-8.878264617919921875e+01,2.783063888549804688e+01
-8.885096740722656250e+01,2.786775207519531250e+01
-8.878261566162109375e+01,2.783062362670898438e+01
-8.880757904052734375e+01,2.784010314941406250e+01
-8.877406311035156250e+01,2.782817268371582031e+01
-8.877455139160156250e+01,2.782589912414550781e+01
-8.882952880859375000e+01,2.785041427612304688e+01
-8.876882934570312500e+01,2.782659339904785156e+01
-8.883500671386718750e+01,2.785575294494628906e+01
-8.879979705810546875e+01,2.783507919311523438e+01
-8.877900695800781250e+01,2.782930755615234375e+01
-8.878767395019531250e+01,2.783190917968750000e+01
-8.877500152587890625e+01,2.782724952697753906e+01
-8.879888153076171875e+01,2.783694839477539062e+01
-8.885126495361328125e+01,2.786581039428710938e+01
-8.879895019531250000e+01,2.783525466918945312e+01
-8.877985382080078125e+01,2.783209800720214844e+01
-8.880112457275390625e+01,2.783844566345214844e+01
-8.884607696533203125e+01,2.786358642578125000e+01
-8.877445220947265625e+01,2.782612609863281250e+01
-8.878091430664062500e+01,2.783292007446289062e+01
-8.878168487548828125e+01,2.783051109313964844e+01
-8.882041168212890625e+01,2.784261322021484375e+01
-8.881676483154296875e+01,2.784441184997558594e+01
-8.885276031494140625e+01,2.786606216430664062e+01
-8.877440643310546875e+01,2.782879066467285156e+01
-8.885130310058593750e+01,2.786708641052246094e+01
-8.878385162353515625e+01,2.783365821838378906e+01
-8.882854461669921875e+01,2.785023498535156250e+01
-8.881410217285156250e+01,2.784009361267089844e+01
-8.881481933593750000e+01,2.784199142456054688e+01
-8.883007812500000000e+01,2.785086631774902344e+01
-8.877172088623046875e+01,2.782626724243164062e+01
-8.884379577636718750e+01,2.785863304138183594e+01
-8.882201385498046875e+01,2.784736061096191406e+01
-8.881488037109375000e+01,2.784059906005859375e+01
-8.881108093261718750e+01,2.784029197692871094e+01
-8.880932617187500000e+01,2.783896255493164062e+01
-8.880046081542968750e+01,2.783699226379394531e+01
-8.879264068603515625e+01,2.783197402954101562e+01
-8.883977508544921875e+01,2.785795783996582031e+01
-8.878375244140625000e+01,2.782994270324707031e+01
-8.879927825927734375e+01,2.783339500427246094e+01
-8.885186004638671875e+01,2.786840057373046875e+01
-8.884478759765625000e+01,2.786281204223632812e+01
-8.881725311279296875e+01,2.784113883972167969e+01
-8.880629730224609375e+01,2.783720397949218750e+01
-8.876837921142578125e+01,2.782391929626464844e+01
-8.885507202148437500e+01,2.786794471740722656e+01
-8.878614807128906250e+01,2.783293151855468750e+01
-8.885224914550781250e+01,2.786753845214843750e+01
-8.878021240234375000e+01,2.783234786987304688e+01
-8.878282165527343750e+01,2.782994079589843750e+01
-8.878645324707031250e+01,2.783439636230468750e+01
-8.881006622314453125e+01,2.783943176269531250e+01
-8.880635833740234375e+01,2.783686256408691406e+01
-8.883256530761718750e+01,2.785407829284667969e+01
-8.877892303466796875e+01,2.783143234252929688e+01
-8.885044860839843750e+01,2.786606788635253906e+01
-8.878745269775390625e+01,2.783113479614257812e+01
-8.885630798339843750e+01,2.787082862854003906e+01
-8.881533050537109375e+01,2.783952140808105469e+01
-8.882474517822265625e+01,2.784558486938476562e+01
-8.881561279296875000e+01,2.784467315673828125e+01
-8.878862762451171875e+01,2.783353805541992188e+01
-8.885410308837890625e+01,2.786790657043457031e+01
-8.884687042236328125e+01,2.786149597167968750e+01
-8.881401062011718750e+01,2.784177398681640625e+01
-8.881700134277343750e+01,2.784284973144531250e+01
-8.882508087158203125e+01,2.784641647338867188e+01
-8.877545166015625000e+01,2.782817459106445312e+01
-8.879890441894531250e+01,2.783737564086914062e+01
-8.885523223876953125e+01,2.786629867553710938e+01
-8.883672332763671875e+01,2.785419654846191406e+01
-8.881356048583984375e+01,2.783996009826660156e+01
-8.879769134521484375e+01,2.783241462707519531e+01
-8.884162902832031250e+01,2.786013412475585938e+01
-8.879109191894531250e+01,2.783103942871093750e+01
-8.878877258300781250e+01,2.783354377746582031e+01
-8.876804351806640625e+01,2.782305145263671875e+01
-8.878976440429687500e+01,2.783083724975585938e+01
-8.880804443359375000e+01,2.784082794189453125e+01
-8.884844970703125000e+01,2.786440658569335938e+01
-8.879023742675781250e+01,2.783329200744628906e+01
-8.885460662841796875e+01,2.786853790283203125e+01
-8.885615539550781250e+01,2.787121582031250000e+01
-8.883009338378906250e+01,2.784984397888183594e+01
-8.877391052246093750e+01,2.782605171203613281e+01
-8.880789947509765625e+01,2.783817672729492188e+01
-8.881600952148437500e+01,2.784327507019042969e+01
-8.877716827392578125e+01,2.783060073852539062e+01
-8.880484008789062500e+01,2.783951759338378906e+01
-8.878200531005859375e+01,2.783001327514648438e+01
-8.885240173339843750e+01,2.786631965637207031e+01
-8.883914184570312500e+01,2.785762405395507812e+01
-8.879657745361328125e+01,2.783366203308105469e+01
-8.884723663330078125e+01,2.786077880859375000e+01
-8.877878570556640625e+01,2.782942390441894531e+01
-8.877099609375000000e+01,2.782721138000488281e+01
-8.880470275878906250e+01,2.783513641357421875e+01
-8.878437805175781250e+01,2.783005905151367188e+01
-8.880438232421875000e+01,2.783556365966796875e+01
-8.881272125244140625e+01,2.784252357482910156e+01
-8.883915710449218750e+01,2.785508728027343750e+01
-8.880463409423828125e+01,2.783689880371093750e+01
-8.882213592529296875e+01,2.784495735168457031e+01
-8.877763366699218750e+01,2.782920837402343750e+01
-8.883157348632812500e+01,2.785205841064453125e+01
-8.878654479980468750e+01,2.783233261108398438e+01
-8.885372924804687500e+01,2.786690902709960938e+01
-8.885031890869140625e+01,2.786900520324707031e+01
-8.878986358642578125e+01,2.783508491516113281e+01
-8.883644866943359375e+01,2.785383605957031250e+01
-8.880635070800781250e+01,2.784009742736816406e+01
-8.885394287109375000e+01,2.786854553222656250e+01
-8.881670379638671875e+01,2.784243202209472656e+01
-8.879889678955078125e+01,2.783603286743164062e+01
-8.878018951416015625e+01,2.783040237426757812e+01
-8.880055999755859375e+01,2.783885383605957031e+01
-8.880135345458984375e+01,2.783489990234375000e+01
-8.884466552734375000e+01,2.785957717895507812e+01
-8.882537078857421875e+01,2.784674835205078125e+01
-8.880049896240234375e+01,2.783454322814941406e+01
-8.882033538818359375e+01,2.784239578247070312e+01
-8.877913665771484375e+01,2.782727813720703125e+01
-8.885277557373046875e+01,2.786594200134277344e+01
-8.884362792968750000e+01,2.786085510253906250e+01
-8.878599548339843750e+01,2.783274650573730469e+01
-8.876823425292968750e+01,2.782592964172363281e+01
-8.881509399414062500e+01,2.783943176269531250e+01
-8.877256011962890625e+01,2.782625389099121094e+01
-8.876879119873046875e+01,2.782559013366699219e+01
-8.884297943115234375e+01,2.786004447937011719e+01
-8.879840087890625000e+01,2.783139419555664062e+01
-8.883000183105468750e+01,2.785003280639648438e+01
-8.885443115234375000e+01,2.786680412292480469e+01
-8.885855865478515625e+01,2.787041473388671875e+01
-8.877540588378906250e+01,2.782733917236328125e+01
-8.883968353271484375e+01,2.785826873779296875e+01
-8.883223724365234375e+01,2.785338020324707031e+01
-8.884014129638671875e+01,2.785438346862792969e+01
-8.885811614990234375e+01,2.786867523193359375e+01
-8.880663299560546875e+01,2.783847236633300781e+01
-8.880866241455078125e+01,2.784129142761230469e+01
-8.879272460937500000e+01,2.783370399475097656e+01
-8.879811859130859375e+01,2.783416175842285156e+01
-8.882574462890625000e+01,2.784825325012207031e+01
-8.878912353515625000e+01,2.783587265014648438e+01
-8.881766510009765625e+01,2.784139823913574219e+01
-8.881513977050781250e+01,2.784485435485839844e+01
-8.879078674316406250e+01,2.783419418334960938e+01
-8.883711242675781250e+01,2.785401725769042969e+01
-8.878888702392578125e+01,2.783377838134765625e+01
-8.877450561523437500e+01,2.782859611511230469e+01
-8.881814575195312500e+01,2.784166336059570312e+01
-8.878173828125000000e+01,2.783298492431640625e+01
-8.884322357177734375e+01,2.786036300659179688e+01
-8.878147888183593750e+01,2.783187866210937500e+01
-8.879779052734375000e+01,2.783618354797363281e+01
-8.883486938476562500e+01,2.785624885559082031e+01
-8.879154968261718750e+01,2.783325576782226562e+01
-8.877023315429687500e+01,2.782378196716308594e+01
-8.878365325927734375e+01,2.783288955688476562e+01
-8.880728912353515625e+01,2.783776283264160156e+01
-8.882707977294921875e+01,2.785082244873046875e+01
-8.879566955566406250e+01,2.783465576171875000e+01
-8.877079772949218750e+01,2.782399177551269531e+01
-8.879766082763671875e+01,2.783243751525878906e+01
-8.877799987792968750e+01,2.782617759704589844e+01
-8.878485107421875000e+01,2.783024215698242188e+01
-8.881121826171875000e+01,2.784124183654785156e+01
-8.880289459228515625e+01,2.783781623840332031e+01
-8.885432434082031250e+01,2.786797142028808594e+01
-8.882786560058593750e+01,2.784819412231445312e+01
-8.881668090820312500e+01,2.784376907348632812e+01
-8.877246856689453125e+01,2.782830619812011719e+01
-8.883693695068359375e+01,2.785383033752441406e+01
-8.880579376220703125e+01,2.783713340759277344e+01
-8.879187774658203125e+01,2.783397483825683594e+01
-8.877959442138671875e+01,2.782982826232910156e+01
-8.880341339111328125e+01,2.783791732788085938e+01
-8.880445098876953125e+01,2.783730888366699219e+01
-8.884977722167968750e+01,2.786811828613281250e+01
-8.878384399414062500e+01,2.783010864257812500e+01
-8.878713989257812500e+01,2.783566665649414062e+01
-8.884815216064453125e+01,2.786577033996582031e+01
-8.877499389648437500e+01,2.782606124877929688e+01
-8.880825805664062500e+01,2.784097671508789062e+01
-8.885591125488281250e+01,2.786860466003417969e+01
-8.879530334472656250e+01,2.783176612854003906e+01
-8.884176635742187500e+01,2.785652923583984375e+01
-8.884191131591796875e+01,2.786078071594238281e+01
-8.883904266357421875e+01,2.785748100280761719e+01
-8.880334472656250000e+01,2.783622550964355469e+01
-8.884858703613281250e+01,2.786322021484375000e+01
-8.879141998291015625e+01,2.783196449279785156e+01
-8.885764312744140625e+01,2.787203407287597656e+01
-8.885511016845703125e+01,2.786735916137695312e+01
-8.885444641113281250e+01,2.786704444885253906e+01
-8.878678894042968750e+01,2.783376502990722656e+01
-8.877501678466796875e+01,2.782574844360351562e+01
-8.877629852294921875e+01,2.782507133483886719e+01
-8.883530426025390625e+01,2.785420417785644531e+01
-8.885266113281250000e+01,2.786985015869140625e+01
-8.879956817626953125e+01,2.783378982543945312e+01
-8.885635375976562500e+01,2.786702919006347656e+01
-8.885552215576171875e+01,2.787016296386718750e+01
-8.880194091796875000e+01,2.783445739746093750e+01
-8.879188537597656250e+01,2.783508491516113281e+01
-8.883747863769531250e+01,2.785539817810058594e+01
-8.877688598632812500e+01,2.783028793334960938e+01
-8.883820343017578125e+01,2.785632896423339844e+01
-8.880273437500000000e+01,2.783852195739746094e+01
-8.885422515869140625e+01,2.787028121948242188e+01
-8.883135223388671875e+01,2.785328865051269531e+01
-8.879866790771484375e+01,2.783609580993652344e+01
-8.880223083496093750e+01,2.783323097229003906e+01
-8.884976959228515625e+01,2.786434936523437500e+01
-8.882498168945312500e+01,2.784734916687011719e+01
-8.880538177490234375e+01,2.784023666381835938e+01
-8.885224914550781250e+01,2.786586761474609375e+01
-8.883622741699218750e+01,2.785380172729492188e+01
-8.880740356445312500e+01,2.784087371826171875e+01
-8.884854888916015625e+01,2.786480331420898438e+01
-8.884558868408203125e+01,2.786052894592285156e+01
-8.879494476318359375e+01,2.783287048339843750e+01
-8.881367492675781250e+01,2.784321975708007812e+01
-8.884783935546875000e+01,2.786485290527343750e+01
-8.879379272460937500e+01,2.783159637451171875e+01
-8.877976989746093750e+01,2.783238220214843750e+01
-8.878199768066406250e+01,2.782953834533691406e+01
-8.881842803955078125e+01,2.784282302856445312e+01
-8.877011871337890625e+01,2.782499313354492188e+01
-8.881398773193359375e+01,2.784335899353027344e+01
-8.882666015625000000e+01,2.785098648071289062e+01
-8.883825683593750000e+01,2.785686111450195312e+01
-8.885697937011718750e+01,2.786915016174316406e+01
-8.885152435302734375e+01,2.786696052551269531e+01
-8.885514831542968750e+01,2.786751937866210938e+01
-8.883223724365234375e+01,2.785157585144042969e+01
-8.877677917480468750e+01,2.783029556274414062e+01
-8.884145355224609375e+01,2.785631752014160156e+01
-8.881728363037109375e+01,2.784188842773437500e+01
-8.884764099121093750e+01,2.786039352416992188e+01
-8.885198974609375000e+01,2.786503219604492188e+01
-8.877256011962890625e+01,2.782798004150390625e+01
-8.885639190673828125e+01,2.787062454223632812e+01
-8.882254028320312500e+01,2.784491920471191406e+01
-8.879240417480468750e+01,2.783230018615722656e+01
-8.885566711425781250e+01,2.787052536010742188e+01
-8.879801940917968750e+01,2.783770179748535156e+01
-8.878067016601562500e+01,2.783157539367675781e+01
-8.878160095214843750e+01,2.782860946655273438e+01
-8.877127075195312500e+01,2.782746696472167969e+01
-8.885542297363281250e+01,2.786865615844726562e+01
-8.880658721923828125e+01,2.783971214294433594e+01
-8.878093719482421875e+01,2.782977485656738281e+01
-8.882432556152343750e+01,2.784557914733886719e+01
-8.877830505371093750e+01,2.782907295227050781e+01
-8.877139282226562500e+01,2.782506179809570312e+01
-8.879397583007812500e+01,2.783666038513183594e+01
-8.885554504394531250e+01,2.786878204345703125e+01
-8.880693054199218750e+01,2.783800506591796875e+01
-8.884604644775390625e+01,2.786145210266113281e+01
-8.882909393310546875e+01,2.785161590576171875e+01
-8.885537719726562500e+01,2.786895179748535156e+01
-8.878096771240234375e+01,2.783150482177734375e+01
-8.882735443115234375e+01,2.784852981567382812e+01
-8.882227325439453125e+01,2.784572792053222656e+01
-8.884101104736328125e+01,2.785992431640625000e+01
-8.878346252441406250e+01,2.783234024047851562e+01
-8.882238006591796875e+01,2.784746360778808594e+01
-8.885404205322265625e+01,2.786897850036621094e+01
-8.883372497558593750e+01,2.785392379760742188e+01
-8.882017517089843750e+01,2.784539222717285156e+01
-8.879351806640625000e+01,2.783316230773925781e+01
-8.878408813476562500e+01,2.783155632019042969e+01
-8.880754089355468750e+01,2.784071159362792969e+01
-8.880028533935546875e+01,2.783726119995117188e+01
-8.884233093261718750e+01,2.786021232604980469e+01
-8.884049224853515625e+01,2.785720252990722656e+01
-8.876876068115234375e+01,2.782418823242187500e+01
-8.880086517333984375e+01,2.783451652526855469e+01
-8.879096984863281250e+01,2.783517837524414062e+01
-8.885620880126953125e+01,2.787140464782714844e+01
-8.877843475341796875e+01,2.782661247253417969e+01
-8.879559326171875000e+01,2.783379745483398438e+01
-8.884328460693359375e+01,2.785721015930175781e+01
-8.878912353515625000e+01,2.783192634582519531e+01
-8.884634399414062500e+01,2.786428451538085938e+01
-8.881500244140625000e+01,2.784158706665039062e+01
-8.877925872802734375e+01,2.783088302612304688e+01
-8.878708648681640625e+01,2.783530998229980469e+01
-8.882535552978515625e+01,2.784716224670410156e+01
-8.884491729736328125e+01,2.786113929748535156e+01
-8.880401611328125000e+01,2.783621978759765625e+01
-8.877398681640625000e+01,2.782713317871093750e+01
-8.878349304199218750e+01,2.783051109313964844e+01
-8.884897613525390625e+01,2.786557960510253906e+01
-8.882375335693359375e+01,2.784871101379394531e+01
-8.878957366943359375e+01,2.783603477478027344e+01
-8.877034759521484375e+01,2.782476997375488281e+01
-8.883210754394531250e+01,2.785263442993164062e+01
-8.885687255859375000e+01,2.786828422546386719e+01
-8.878179168701171875e+01,2.782951927185058594e+01
-8.883163452148437500e+01,2.785300827026367188e+01
-8.884397125244140625e+01,2.785770225524902344e+01
-8.878388977050781250e+01,2.782952880859375000e+01
-8.882868957519531250e+01,2.785014533996582031e+01
-8.877083587646484375e+01,2.782759284973144531e+01
-8.884532165527343750e+01,2.786136627197265625e+01
-8.883704376220703125e+01,2.785377883911132812e+01
-8.883042144775390625e+01,2.785062408447265625e+01
-8.884012603759765625e+01,2.785736465454101562e+01
-8.884715270996093750e+01,2.785996627807617188e+01
-8.882721710205078125e+01,2.784807205200195312e+01
-8.884521484375000000e+01,2.786183929443359375e+01
-8.884853363037109375e+01,2.786680412292480469e+01
-8.880337524414062500e+01,2.783404922485351562e+01
-8.878464508056640625e+01,2.783009719848632812e+01
-8.879878234863281250e+01,2.783238983154296875e+01
-8.881416320800781250e+01,2.784069633483886719e+01
-8.884555816650390625e+01,2.785978317260742188e+01
-8.880320739746093750e+01,2.783376502990722656e+01
-8.877082061767578125e+01,2.782499122619628906e+01
-8.883973693847656250e+01,2.785650634765625000e+01
-8.883903503417968750e+01,2.785586357116699219e+01
-8.880121612548828125e+01,2.783733940124511719e+01
-8.880313873291015625e+01,2.783908462524414062e+01
-8.878259277343750000e+01,2.783032989501953125e+01
-8.880847930908203125e+01,2.783654403686523438e+01
-8.880670166015625000e+01,2.783648490905761719e+01
-8.885492706298828125e+01,2.786914062500000000e+01
-8.877761840820312500e+01,2.782875823974609375e+01
-8.878999328613281250e+01,2.783547210693359375e+01
-8.879717254638671875e+01,2.783338356018066406e+01
-8.880451202392578125e+01,2.783661079406738281e+01
-8.881087493896484375e+01,2.783995819091796875e+01
-8.880124664306640625e+01,2.783553695678710938e+01
-8.879146575927734375e+01,2.783309555053710938e+01
-8.877226257324218750e+01,2.782526206970214844e+01
-8.876764678955078125e+01,2.782380676269531250e+01
-8.884465026855468750e+01,2.786000251770019531e+01
-8.882624816894531250e+01,2.784982299804687500e+01
-8.883497619628906250e+01,2.785532188415527344e+01
-8.879713439941406250e+01,2.783418655395507812e+01
-8.878278350830078125e+01,2.783193778991699219e+01
-8.881172943115234375e+01,2.784003829956054688e+01
-8.881115722656250000e+01,2.784233283996582031e+01
-8.879250335693359375e+01,2.783597373962402344e+01
-8.882312774658203125e+01,2.784668922424316406e+01
-8.885501098632812500e+01,2.786850166320800781e+01
-8.879491424560546875e+01,2.783363723754882812e+01
-8.876761627197265625e+01,2.782630538940429688e+01
-8.883679199218750000e+01,2.785593795776367188e+01
-8.878884124755859375e+01,2.783449554443359375e+01
-8.882675170898437500e+01,2.784942817687988281e+01
-8.883947753906250000e+01,2.785581207275390625e+01
-8.884210205078125000e+01,2.785853195190429688e+01
-8.883754730224609375e+01,2.785689544677734375e+01
-8.880751800537109375e+01,2.784203147888183594e+01
-8.878961181640625000e+01,2.783642005920410156e+01
-8.881508636474609375e+01,2.784269142150878906e+01
-8.880805969238281250e+01,2.784253120422363281e+01
-8.878915405273437500e+01,2.783380317687988281e+01
