ix,iy,n,probability,lon,lat,cluster_id,lead_h
-4461,1420,80,0.05925925925925926,-89.21000000000001,28.41,2,24
-4461,1422,77,0.05703703703703704,-89.21000000000001,28.45,2,24
-4461,1419,73,0.05407407407407407,-89.21000000000001,28.39,2,24
-4461,1417,66,0.04888888888888889,-89.21000000000001,28.35,2,24
-4461,1423,65,0.04814814814814815,-89.21000000000001,28.47,2,24
-4461,1416,55,0.040740740740740744,-89.21000000000001,28.330000000000002,2,24
-4460,1416,47,0.03481481481481481,-89.19,28.330000000000002,2,24
-4460,1410,42,0.03111111111111111,-89.19,28.21,2,24
-4460,1409,41,0.03037037037037037,-89.19,28.19,2,24
-4460,1419,41,0.03037037037037037,-89.19,28.39,2,24
-4461,1410,35,0.025925925925925925,-89.21000000000001,28.21,2,24
-4462,1418,35,0.025925925925925925,-89.23,28.37,2,24
-4460,1423,32,0.023703703703703703,-89.19,28.47,2,24
-4461,1411,31,0.022962962962962963,-89.21000000000001,28.23,2,24
-4460,1417,30,0.022222222222222223,-89.19,28.35,2,24
-4461,1421,29,0.02148148148148148,-89.21000000000001,28.43,2,24
-4460,1420,29,0.02148148148148148,-89.19,28.41,2,24
-4460,1422,27,0.02,-89.19,28.45,2,24
-4462,1417,25,0.018518518518518517,-89.23,28.35,2,24
-4462,1423,25,0.018518518518518517,-89.23,28.47,2,24
-4461,1418,24,0.017777777777777778,-89.21000000000001,28.37,2,24
-4461,1424,24,0.017777777777777778,-89.21000000000001,28.490000000000002,2,24
-4460,1418,21,0.015555555555555555,-89.19,28.37,2,24
-4462,1419,20,0.014814814814814815,-89.23,28.39,2,24
-4460,1415,18,0.013333333333333334,-89.19,28.310000000000002,2,24
-4462,1420,18,0.013333333333333334,-89.23,28.41,2,24
-4461,1412,18,0.013333333333333334,-89.21000000000001,28.25,2,24
-4460,1421,18,0.013333333333333334,-89.19,28.43,2,24
-4461,1409,16,0.011851851851851851,-89.21000000000001,28.19,2,24
-4461,1415,16,0.011851851851851851,-89.21000000000001,28.310000000000002,2,24
-4462,1411,15,0.011111111111111112,-89.23,28.23,2,24
-4462,1416,14,0.01037037037037037,-89.23,28.330000000000002,2,24
-4460,1411,14,0.01037037037037037,-89.19,28.23,2,24
-4462,1424,13,0.00962962962962963,-89.23,28.490000000000002,2,24
-4462,1422,11,0.008148148148148147,-89.23,28.45,2,24
-4460,1412,11,0.008148148148148147,-89.19,28.25,2,24
-4463,1418,11,0.008148148148148147,-89.25,28.37,2,24
-4462,1413,10,0.007407407407407408,-89.23,28.27,2,24
-4459,1416,10,0.007407407407407408,-89.17,28.330000000000002,2,24
-4459,1409,10,0.007407407407407408,-89.17,28.19,2,24
-4461,1413,10,0.007407407407407408,-89.21000000000001,28.27,2,24
-4459,1415,9,0.006666666666666667,-89.17,28.310000000000002,2,24
-4462,1412,9,0.006666666666666667,-89.23,28.25,2,24
-4459,1408,8,0.005925925925925926,-89.17,28.17,2,24
-4460,1414,8,0.005925925925925926,-89.19,28.29,2,24
-4462,1421,8,0.005925925925925926,-89.23,28.43,2,24
-4459,1422,7,0.005185185185185185,-89.17,28.45,2,24
-4459,1419,6,0.0044444444444444444,-89.17,28.39,2,24
-4459,1410,6,0.0044444444444444444,-89.17,28.21,2,24
-4460,1408,5,0.003703703703703704,-89.19,28.17,2,24
-4459,1418,5,0.003703703703703704,-89.17,28.37,2,24
-4462,1410,4,0.002962962962962963,-89.23,28.21,2,24
-4459,1420,4,0.002962962962962963,-89.17,28.41,2,24
-4459,1417,4,0.002962962962962963,-89.17,28.35,2,24
-4460,1413,4,0.002962962962962963,-89.19,28.27,2,24
-4460,1424,4,0.002962962962962963,-89.19,28.490000000000002,2,24
-4459,1413,3,0.0022222222222222222,-89.17,28.27,2,24
-4463,1424,3,0.0022222222222222222,-89.25,28.490000000000002,2,24
-4458,1409,3,0.0022222222222222222,-89.15,28.19,2,24
-4462,1425,3,0.0022222222222222222,-89.23,28.51,2,24
-4463,1417,3,0.0022222222222222222,-89.25,28.35,2,24
-4462,1415,3,0.0022222222222222222,-89.23,28.310000000000002,2,24
-4463,1416,2,0.0014814814814814814,-89.25,28.330000000000002,2,24
-4463,1419,2,0.0014814814814814814,-89.25,28.39,2,24
-4463,1412,2,0.0014814814814814814,-89.25,28.25,2,24
-4463,1413,2,0.0014814814814814814,-89.25,28.27,2,24
-4463,1423,2,0.0014814814814814814,-89.25,28.47,2,24
-4462,1409,2,0.0014814814814814814,-89.23,28.19,2,24
-4458,1408,2,0.0014814814814814814,-89.15,28.17,2,24
-4459,1412,2,0.0014814814814814814,-89.17,28.25,2,24
-4459,1423,2,0.0014814814814814814,-89.17,28.47,2,24
-4461,1414,2,0.0014814814814814814,-89.21000000000001,28.29,2,24
-4461,1408,2,0.0014814814814814814,-89.21000000000001,28.17,2,24
-4459,1411,2,0.0014814814814814814,-89.17,28.23,2,24
-4464,1411,1,0.0007407407407407407,-89.27,28.23,2,24
-4463,1409,1,0.0007407407407407407,-89.25,28.19,2,24
-4462,1414,1,0.0007407407407407407,-89.23,28.29,2,24
-4463,1420,1,0.0007407407407407407,-89.25,28.41,2,24
-4464,1423,1,0.0007407407407407407,-89.27,28.47,2,24
-4461,1425,1,0.0007407407407407407,-89.21000000000001,28.51,2,24
-4459,1414,1,0.0007407407407407407,-89.17,28.29,2,24
-4459,1421,1,0.0007407407407407407,-89.17,28.43,2,24
-4459,1424,1,0.0007407407407407407,-89.17,28.490000000000002,2,24
-4458,1413,1,0.0007407407407407407,-89.15,28.27,2,24
-4463,1420,73,0.05407407407407407,-89.25,28.41,2,48
-4462,1418,66,0.04888888888888889,-89.23,28.37,2,48
-4461,1418,58,0.04296296296296296,-89.21000000000001,28.37,2,48
-4464,1420,53,0.03925925925925926,-89.27,28.41,2,48
-4462,1415,51,0.03777777777777778,-89.23,28.310000000000002,2,48
-4462,1420,42,0.03111111111111111,-89.23,28.41,2,48
-4463,1418,37,0.027407407407407408,-89.25,28.37,2,48
-4461,1415,36,0.02666666666666667,-89.21000000000001,28.310000000000002,2,48
-4463,1419,33,0.024444444444444446,-89.25,28.39,2,48
-4461,1414,33,0.024444444444444446,-89.21000000000001,28.29,2,48
-4463,1415,33,0.024444444444444446,-89.25,28.310000000000002,2,48
-4462,1414,33,0.024444444444444446,-89.23,28.29,2,48
-4463,1416,31,0.022962962962962963,-89.25,28.330000000000002,2,48
-4461,1417,30,0.022222222222222223,-89.21000000000001,28.35,2,48
-4462,1417,29,0.02148148148148148,-89.23,28.35,2,48
-4467,1407,29,0.02148148148148148,-89.33,28.150000000000002,2,48
-4467,1406,28,0.02074074074074074,-89.33,28.13,2,48
-4460,1417,25,0.018518518518518517,-89.19,28.35,2,48
-4462,1416,25,0.018518518518518517,-89.23,28.330000000000002,2,48
-4464,1419,24,0.017777777777777778,-89.27,28.39,2,48
-4465,1420,23,0.017037037037037038,-89.29,28.41,2,48
-4461,1419,23,0.017037037037037038,-89.21000000000001,28.39,2,48
-4467,1408,22,0.016296296296296295,-89.33,28.17,2,48
-4466,1406,22,0.016296296296296295,-89.31,28.13,2,48
-4462,1419,20,0.014814814814814815,-89.23,28.39,2,48
-4461,1420,17,0.012592592592592593,-89.21000000000001,28.41,2,48
-4460,1418,16,0.011851851851851851,-89.19,28.37,2,48
-4464,1416,16,0.011851851851851851,-89.27,28.330000000000002,2,48
-4466,1407,16,0.011851851851851851,-89.31,28.150000000000002,2,48
-4460,1416,15,0.011111111111111112,-89.19,28.330000000000002,2,48
-4461,1416,14,0.01037037037037037,-89.21000000000001,28.330000000000002,2,48
-4460,1414,12,0.008888888888888889,-89.19,28.29,2,48
-4468,1409,12,0.008888888888888889,-89.35000000000001,28.19,2,48
-4463,1417,11,0.008148148148148147,-89.25,28.35,2,48
-4460,1415,11,0.008148148148148147,-89.19,28.310000000000002,2,48
-4466,1408,11,0.008148148148148147,-89.31,28.17,2,48
-4467,1405,11,0.008148148148148147,-89.33,28.11,2,48
-4464,1418,10,0.007407407407407408,-89.27,28.37,2,48
-4468,1406,10,0.007407407407407408,-89.35000000000001,28.13,2,48
-4463,1414,10,0.007407407407407408,-89.25,28.29,2,48
-4466,1405,10,0.007407407407407408,-89.31,28.11,2,48
-4464,1415,9,0.006666666666666667,-89.27,28.310000000000002,2,48
-4462,1413,8,0.005925925925925926,-89.23,28.27,2,48
-4465,1405,8,0.005925925925925926,-89.29,28.11,2,48
-4465,1406,8,0.005925925925925926,-89.29,28.13,2,48
-4459,1418,8,0.005925925925925926,-89.17,28.37,2,48
-4462,1421,8,0.005925925925925926,-89.23,28.43,2,48
-4461,1413,7,0.005185185185185185,-89.21000000000001,28.27,2,48
-4460,1419,7,0.005185185185185185,-89.19,28.39,2,48
-4467,1409,7,0.005185185185185185,-89.33,28.19,2,48
-4462,1411,7,0.005185185185185185,-89.23,28.23,2,48
-4460,1413,6,0.0044444444444444444,-89.19,28.27,2,48
-4468,1407,6,0.0044444444444444444,-89.35000000000001,28.150000000000002,2,48
-4464,1417,6,0.0044444444444444444,-89.27,28.35,2,48
-4463,1421,6,0.0044444444444444444,-89.25,28.43,2,48
-4459,1417,6,0.0044444444444444444,-89.17,28.35,2,48
-4459,1414,6,0.0044444444444444444,-89.17,28.29,2,48
-4469,1407,5,0.003703703703703704,-89.37,28.150000000000002,2,48
-4465,1407,5,0.003703703703703704,-89.29,28.150000000000002,2,48
-4459,1416,5,0.003703703703703704,-89.17,28.330000000000002,2,48
-4459,1413,5,0.003703703703703704,-89.17,28.27,2,48
-4463,1409,5,0.003703703703703704,-89.25,28.19,2,48
-4465,1408,5,0.003703703703703704,-89.29,28.17,2,48
-4459,1415,4,0.002962962962962963,-89.17,28.310000000000002,2,48
-4468,1408,4,0.002962962962962963,-89.35000000000001,28.17,2,48
-4465,1419,4,0.002962962962962963,-89.29,28.39,2,48
-4463,1411,4,0.002962962962962963,-89.25,28.23,2,48
-4460,1411,4,0.002962962962962963,-89.19,28.23,2,48
-4469,1409,4,0.002962962962962963,-89.37,28.19,2,48
-4459,1412,4,0.002962962962962963,-89.17,28.25,2,48
-4465,1416,4,0.002962962962962963,-89.29,28.330000000000002,2,48
-4459,1419,3,0.0022222222222222222,-89.17,28.39,2,48
-4466,1420,3,0.0022222222222222222,-89.31,28.41,2,48
-4468,1405,3,0.0022222222222222222,-89.35000000000001,28.11,2,48
-4466,1419,3,0.0022222222222222222,-89.31,28.39,2,48
-4462,1410,3,0.0022222222222222222,-89.23,28.21,2,48
-4460,1420,3,0.0022222222222222222,-89.19,28.41,2,48
-4458,1417,3,0.0022222222222222222,-89.15,28.35,2,48
-4458,1416,3,0.0022222222222222222,-89.15,28.330000000000002,2,48
-4461,1410,3,0.0022222222222222222,-89.21000000000001,28.21,2,48
-4461,1412,3,0.0022222222222222222,-89.21000000000001,28.25,2,48
-4465,1404,3,0.0022222222222222222,-89.29,28.09,2,48
-4464,1406,3,0.0022222222222222222,-89.27,28.13,2,48
-4464,1414,2,0.0014814814814814814,-89.27,28.29,2,48
-4460,1412,2,0.0014814814814814814,-89.19,28.25,2,48
-4463,1413,2,0.0014814814814814814,-89.25,28.27,2,48
-4461,1411,2,0.0014814814814814814,-89.21000000000001,28.23,2,48
-4458,1414,2,0.0014814814814814814,-89.15,28.29,2,48
-4461,1408,2,0.0014814814814814814,-89.21000000000001,28.17,2,48
-4465,1415,2,0.0014814814814814814,-89.29,28.310000000000002,2,48
-4465,1421,2,0.0014814814814814814,-89.29,28.43,2,48
-4466,1404,2,0.0014814814814814814,-89.31,28.09,2,48
-4469,1408,2,0.0014814814814814814,-89.37,28.17,2,48
-4461,1421,2,0.0014814814814814814,-89.21000000000001,28.43,2,48
-4464,1405,2,0.0014814814814814814,-89.27,28.11,2,48
-4469,1405,1,0.0007407407407407407,-89.37,28.11,2,48
-4468,1411,1,0.0007407407407407407,-89.35000000000001,28.23,2,48
-4463,1408,1,0.0007407407407407407,-89.25,28.17,2,48
-4463,1407,1,0.0007407407407407407,-89.25,28.150000000000002,2,48
-4463,1406,1,0.0007407407407407407,-89.25,28.13,2,48
-4463,1405,1,0.0007407407407407407,-89.25,28.11,2,48
-4464,1421,1,0.0007407407407407407,-89.27,28.43,2,48
-4464,1412,1,0.0007407407407407407,-89.27,28.25,2,48
-4464,1407,1,0.0007407407407407407,-89.27,28.150000000000002,2,48
-4464,1409,1,0.0007407407407407407,-89.27,28.19,2,48
-4465,1414,1,0.0007407407407407407,-89.29,28.29,2,48
-4465,1409,1,0.0007407407407407407,-89.29,28.19,2,48
-4465,1418,1,0.0007407407407407407,-89.29,28.37,2,48
-4465,1417,1,0.0007407407407407407,-89.29,28.35,2,48
-4466,1411,1,0.0007407407407407407,-89.31,28.23,2,48
-4466,1409,1,0.0007407407407407407,-89.31,28.19,2,48
-4466,1416,1,0.0007407407407407407,-89.31,28.330000000000002,2,48
-4466,1412,1,0.0007407407407407407,-89.31,28.25,2,48
-4467,1404,1,0.0007407407407407407,-89.33,28.09,2,48
-4468,1420,1,0.0007407407407407407,-89.35000000000001,28.41,2,48
-4468,1419,1,0.0007407407407407407,-89.35000000000001,28.39,2,48
-4467,1420,1,0.0007407407407407407,-89.33,28.41,2,48
-4468,1410,1,0.0007407407407407407,-89.35000000000001,28.21,2,48
-4468,1404,1,0.0007407407407407407,-89.35000000000001,28.09,2,48
-4469,1410,1,0.0007407407407407407,-89.37,28.21,2,48
-4462,1412,1,0.0007407407407407407,-89.23,28.25,2,48
-4462,1408,1,0.0007407407407407407,-89.23,28.17,2,48
-4463,1412,1,0.0007407407407407407,-89.25,28.25,2,48
-4460,1410,1,0.0007407407407407407,-89.19,28.21,2,48
-4459,1420,1,0.0007407407407407407,-89.17,28.41,2,48
-4458,1415,1,0.0007407407407407407,-89.15,28.310000000000002,2,48
-4458,1413,1,0.0007407407407407407,-89.15,28.27,2,48
-4457,1414,1,0.0007407407407407407,-89.13,28.29,2,48
-4457,1419,1,0.0007407407407407407,-89.13,28.39,2,48
-4466,1410,86,0.0637037037037037,-89.31,28.21,2,72
-4468,1411,69,0.051111111111111114,-89.35000000000001,28.23,2,72
-4467,1410,69,0.051111111111111114,-89.33,28.21,2,72
-4467,1411,68,0.05037037037037037,-89.33,28.23,2,72
-4467,1409,51,0.03777777777777778,-89.33,28.19,2,72
-4466,1409,50,0.037037037037037035,-89.31,28.19,2,72
-4465,1410,47,0.03481481481481481,-89.29,28.21,2,72
-4467,1408,42,0.03111111111111111,-89.33,28.17,2,72
-4468,1409,39,0.028888888888888888,-89.35000000000001,28.19,2,72
-4466,1408,37,0.027407407407407408,-89.31,28.17,2,72
-4468,1410,37,0.027407407407407408,-89.35000000000001,28.21,2,72
-4469,1411,35,0.025925925925925925,-89.37,28.23,2,72
-4465,1409,29,0.02148148148148148,-89.29,28.19,2,72
-4469,1410,29,0.02148148148148148,-89.37,28.21,2,72
-4466,1411,28,0.02074074074074074,-89.31,28.23,2,72
-4467,1407,26,0.01925925925925926,-89.33,28.150000000000002,2,72
-4465,1408,24,0.017777777777777778,-89.29,28.17,2,72
-4475,1403,23,0.017037037037037038,-89.49,28.07,2,72
-4466,1407,23,0.017037037037037038,-89.31,28.150000000000002,2,72
-4468,1408,20,0.014814814814814815,-89.35000000000001,28.17,2,72
-4464,1409,17,0.012592592592592593,-89.27,28.19,2,72
-4474,1402,16,0.011851851851851851,-89.47,28.05,2,72
-4475,1404,16,0.011851851851851851,-89.49,28.09,2,72
-4475,1402,16,0.011851851851851851,-89.49,28.05,2,72
-4464,1408,15,0.011111111111111112,-89.27,28.17,2,72
-4465,1411,15,0.011111111111111112,-89.29,28.23,2,72
-4474,1403,13,0.00962962962962963,-89.47,28.07,2,72
-4467,1412,12,0.008888888888888889,-89.33,28.25,2,72
-4469,1409,11,0.008148148148148147,-89.37,28.19,2,72
-4470,1411,11,0.008148148148148147,-89.39,28.23,2,72
-4464,1410,9,0.006666666666666667,-89.27,28.21,2,72
-4473,1402,8,0.005925925925925926,-89.45,28.05,2,72
-4475,1401,8,0.005925925925925926,-89.49,28.03,2,72
-4463,1408,8,0.005925925925925926,-89.25,28.17,2,72
-4468,1412,8,0.005925925925925926,-89.35000000000001,28.25,2,72
-4476,1402,8,0.005925925925925926,-89.51,28.05,2,72
-4464,1407,8,0.005925925925925926,-89.27,28.150000000000002,2,72
-4474,1404,7,0.005185185185185185,-89.47,28.09,2,72
-4473,1403,7,0.005185185185185185,-89.45,28.07,2,72
-4475,1405,7,0.005185185185185185,-89.49,28.11,2,72
-4470,1410,6,0.0044444444444444444,-89.39,28.21,2,72
-4465,1407,6,0.0044444444444444444,-89.29,28.150000000000002,2,72
-4472,1398,6,0.0044444444444444444,-89.43,27.97,2,72
-4468,1407,6,0.0044444444444444444,-89.35000000000001,28.150000000000002,2,72
-4466,1412,6,0.0044444444444444444,-89.31,28.25,2,72
-4473,1401,6,0.0044444444444444444,-89.45,28.03,2,72
-4474,1401,6,0.0044444444444444444,-89.47,28.03,2,72
-4472,1401,6,0.0044444444444444444,-89.43,28.03,2,72
-4474,1400,6,0.0044444444444444444,-89.47,28.01,2,72
-4476,1403,6,0.0044444444444444444,-89.51,28.07,2,72
-4469,1408,6,0.0044444444444444444,-89.37,28.17,2,72
-4466,1406,5,0.003703703703703704,-89.31,28.13,2,72
-4465,1406,5,0.003703703703703704,-89.29,28.13,2,72
-4470,1412,5,0.003703703703703704,-89.39,28.25,2,72
-4476,1404,5,0.003703703703703704,-89.51,28.09,2,72
-4474,1405,5,0.003703703703703704,-89.47,28.11,2,72
-4469,1412,5,0.003703703703703704,-89.37,28.25,2,72
-4468,1406,5,0.003703703703703704,-89.35000000000001,28.13,2,72
-4467,1406,5,0.003703703703703704,-89.33,28.13,2,72
-4470,1409,4,0.002962962962962963,-89.39,28.19,2,72
-4467,1405,4,0.002962962962962963,-89.33,28.11,2,72
-4476,1399,4,0.002962962962962963,-89.51,27.990000000000002,2,72
-4471,1411,4,0.002962962962962963,-89.41,28.23,2,72
-4468,1404,4,0.002962962962962963,-89.35000000000001,28.09,2,72
-4473,1404,4,0.002962962962962963,-89.45,28.09,2,72
-4471,1402,4,0.002962962962962963,-89.41,28.05,2,72
-4473,1399,4,0.002962962962962963,-89.45,27.990000000000002,2,72
-4463,1407,4,0.002962962962962963,-89.25,28.150000000000002,2,72
-4476,1401,3,0.0022222222222222222,-89.51,28.03,2,72
-4477,1403,3,0.0022222222222222222,-89.53,28.07,2,72
-4476,1406,3,0.0022222222222222222,-89.51,28.13,2,72
-4474,1399,3,0.0022222222222222222,-89.47,27.990000000000002,2,72
-4477,1402,3,0.0022222222222222222,-89.53,28.05,2,72
-4477,1400,3,0.0022222222222222222,-89.53,28.01,2,72
-4476,1405,3,0.0022222222222222222,-89.51,28.11,2,72
-4462,1405,3,0.0022222222222222222,-89.23,28.11,2,72
-4465,1405,3,0.0022222222222222222,-89.29,28.11,2,72
-4463,1409,3,0.0022222222222222222,-89.25,28.19,2,72
-4470,1408,3,0.0022222222222222222,-89.39,28.17,2,72
-4467,1402,3,0.0022222222222222222,-89.33,28.05,2,72
-4472,1402,3,0.0022222222222222222,-89.43,28.05,2,72
-4471,1410,3,0.0022222222222222222,-89.41,28.21,2,72
-4469,1406,3,0.0022222222222222222,-89.37,28.13,2,72
-4470,1407,3,0.0022222222222222222,-89.39,28.150000000000002,2,72
-4468,1405,3,0.0022222222222222222,-89.35000000000001,28.11,2,72
-4475,1399,2,0.0014814814814814814,-89.49,27.990000000000002,2,72
-4461,1407,2,0.0014814814814814814,-89.21000000000001,28.150000000000002,2,72
-4463,1411,2,0.0014814814814814814,-89.25,28.23,2,72
-4462,1407,2,0.0014814814814814814,-89.23,28.150000000000002,2,72
-4462,1402,2,0.0014814814814814814,-89.23,28.05,2,72
-4464,1405,2,0.0014814814814814814,-89.27,28.11,2,72
-4464,1401,2,0.0014814814814814814,-89.27,28.03,2,72
-4465,1401,2,0.0014814814814814814,-89.29,28.03,2,72
-4465,1412,2,0.0014814814814814814,-89.29,28.25,2,72
-4463,1402,2,0.0014814814814814814,-89.25,28.05,2,72
-4462,1406,2,0.0014814814814814814,-89.23,28.13,2,72
-4464,1404,2,0.0014814814814814814,-89.27,28.09,2,72
-4464,1402,2,0.0014814814814814814,-89.27,28.05,2,72
-4471,1398,2,0.0014814814814814814,-89.41,27.97,2,72
-4473,1398,2,0.0014814814814814814,-89.45,27.97,2,72
-4477,1404,2,0.0014814814814814814,-89.53,28.09,2,72
-4470,1398,2,0.0014814814814814814,-89.39,27.97,2,72
-4471,1400,2,0.0014814814814814814,-89.41,28.01,2,72
-4467,1403,2,0.0014814814814814814,-89.33,28.07,2,72
-4470,1403,2,0.0014814814814814814,-89.39,28.07,2,72
-4472,1396,2,0.0014814814814814814,-89.43,27.93,2,72
-4467,1404,2,0.0014814814814814814,-89.33,28.09,2,72
-4472,1397,2,0.0014814814814814814,-89.43,27.95,2,72
-4466,1404,2,0.0014814814814814814,-89.31,28.09,2,72
-4476,1400,1,0.0007407407407407407,-89.51,28.01,2,72
-4476,1397,1,0.0007407407407407407,-89.51,27.95,2,72
-4479,1402,1,0.0007407407407407407,-89.57000000000001,28.05,2,72
-4478,1404,1,0.0007407407407407407,-89.55,28.09,2,72
-4477,1401,1,0.0007407407407407407,-89.53,28.03,2,72
-4478,1402,1,0.0007407407407407407,-89.55,28.05,2,72
-4475,1396,1,0.0007407407407407407,-89.49,27.93,2,72
-4475,1398,1,0.0007407407407407407,-89.49,27.97,2,72
-4475,1400,1,0.0007407407407407407,-89.49,28.01,2,72
-4474,1406,1,0.0007407407407407407,-89.47,28.13,2,72
-4475,1406,1,0.0007407407407407407,-89.49,28.13,2,72
-4475,1410,1,0.0007407407407407407,-89.49,28.21,2,72
-4474,1397,1,0.0007407407407407407,-89.47,27.95,2,72
-4473,1405,1,0.0007407407407407407,-89.45,28.11,2,72
-4473,1400,1,0.0007407407407407407,-89.45,28.01,2,72
-4472,1395,1,0.0007407407407407407,-89.43,27.91,2,72
-4471,1401,1,0.0007407407407407407,-89.41,28.03,2,72
-4471,1409,1,0.0007407407407407407,-89.41,28.19,2,72
-4473,1412,1,0.0007407407407407407,-89.45,28.25,2,72
-4472,1400,1,0.0007407407407407407,-89.43,28.01,2,72
-4473,1411,1,0.0007407407407407407,-89.45,28.23,2,72
-4470,1396,1,0.0007407407407407407,-89.39,27.93,2,72
-4470,1399,1,0.0007407407407407407,-89.39,27.990000000000002,2,72
-4470,1401,1,0.0007407407407407407,-89.39,28.03,2,72
-4470,1402,1,0.0007407407407407407,-89.39,28.05,2,72
-4468,1402,1,0.0007407407407407407,-89.35000000000001,28.05,2,72
-4468,1400,1,0.0007407407407407407,-89.35000000000001,28.01,2,72
-4468,1399,1,0.0007407407407407407,-89.35000000000001,27.990000000000002,2,72
-4468,1403,1,0.0007407407407407407,-89.35000000000001,28.07,2,72
-4469,1403,1,0.0007407407407407407,-89.37,28.07,2,72
-4469,1407,1,0.0007407407407407407,-89.37,28.150000000000002,2,72
-4469,1404,1,0.0007407407407407407,-89.37,28.09,2,72
-4469,1405,1,0.0007407407407407407,-89.37,28.11,2,72
-4469,1402,1,0.0007407407407407407,-89.37,28.05,2,72
-4471,1406,1,0.0007407407407407407,-89.41,28.13,2,72
-4472,1411,1,0.0007407407407407407,-89.43,28.23,2,72
-4471,1412,1,0.0007407407407407407,-89.41,28.25,2,72
-4466,1399,1,0.0007407407407407407,-89.31,27.990000000000002,2,72
-4466,1403,1,0.0007407407407407407,-89.31,28.07,2,72
-4465,1404,1,0.0007407407407407407,-89.29,28.09,2,72
-4466,1401,1,0.0007407407407407407,-89.31,28.03,2,72
-4465,1402,1,0.0007407407407407407,-89.29,28.05,2,72
-4466,1413,1,0.0007407407407407407,-89.31,28.27,2,72
-4463,1403,1,0.0007407407407407407,-89.25,28.07,2,72
-4463,1404,1,0.0007407407407407407,-89.25,28.09,2,72
-4464,1403,1,0.0007407407407407407,-89.27,28.07,2,72
-4464,1400,1,0.0007407407407407407,-89.27,28.01,2,72
-4464,1406,1,0.0007407407407407407,-89.27,28.13,2,72
-4464,1411,1,0.0007407407407407407,-89.27,28.23,2,72
-4463,1406,1,0.0007407407407407407,-89.25,28.13,2,72
-4462,1403,1,0.0007407407407407407,-89.23,28.07,2,72
-4463,1410,1,0.0007407407407407407,-89.25,28.21,2,72
-4462,1401,1,0.0007407407407407407,-89.23,28.03,2,72
-4462,1404,1,0.0007407407407407407,-89.23,28.09,2,72
-4461,1403,1,0.0007407407407407407,-89.21000000000001,28.07,2,72
-4461,1406,1,0.0007407407407407407,-89.21000000000001,28.13,2,72
-4461,1411,1,0.0007407407407407407,-89.21000000000001,28.23,2,72
-4448,1406,123,0.09111111111111111,-88.95,28.13,7,24
-4448,1414,83,0.061481481481481484,-88.95,28.29,7,24
-4448,1417,81,0.06,-88.95,28.35,7,24
-4448,1420,76,0.056296296296296296,-88.95,28.41,7,24
-4449,1417,72,0.05333333333333334,-88.97,28.35,7,24
-4448,1413,67,0.04962962962962963,-88.95,28.27,7,24
-4449,1420,63,0.04666666666666667,-88.97,28.41,7,24
-4449,1413,63,0.04666666666666667,-88.97,28.27,7,24
-4449,1414,62,0.045925925925925926,-88.97,28.29,7,24
-4448,1407,61,0.04518518518518518,-88.95,28.150000000000002,7,24
-4448,1416,44,0.03259259259259259,-88.95,28.330000000000002,7,24
-4448,1419,33,0.024444444444444446,-88.95,28.39,7,24
-4448,1418,31,0.022962962962962963,-88.95,28.37,7,24
-4449,1406,30,0.022222222222222223,-88.97,28.13,7,24
-4448,1421,30,0.022222222222222223,-88.95,28.43,7,24
-4449,1418,26,0.01925925925925926,-88.97,28.37,7,24
-4449,1419,24,0.017777777777777778,-88.97,28.39,7,24
-4449,1407,24,0.017777777777777778,-88.97,28.150000000000002,7,24
-4448,1405,21,0.015555555555555555,-88.95,28.11,7,24
-4449,1421,21,0.015555555555555555,-88.97,28.43,7,24
-4449,1416,21,0.015555555555555555,-88.97,28.330000000000002,7,24
-4447,1406,19,0.014074074074074074,-88.93,28.13,7,24
-4448,1412,18,0.013333333333333334,-88.95,28.25,7,24
-4447,1417,17,0.012592592592592593,-88.93,28.35,7,24
-4448,1415,14,0.01037037037037037,-88.95,28.310000000000002,7,24
-4449,1408,11,0.008148148148148147,-88.97,28.17,7,24
-4447,1413,11,0.008148148148148147,-88.93,28.27,7,24
-4448,1411,10,0.007407407407407408,-88.95,28.23,7,24
-4447,1407,10,0.007407407407407408,-88.93,28.150000000000002,7,24
-4447,1421,10,0.007407407407407408,-88.93,28.43,7,24
-4448,1408,10,0.007407407407407408,-88.95,28.17,7,24
-4449,1412,9,0.006666666666666667,-88.97,28.25,7,24
-4449,1415,8,0.005925925925925926,-88.97,28.310000000000002,7,24
-4447,1418,7,0.005185185185185185,-88.93,28.37,7,24
-4447,1420,7,0.005185185185185185,-88.93,28.41,7,24
-4449,1409,7,0.005185185185185185,-88.97,28.19,7,24
-4447,1412,6,0.0044444444444444444,-88.93,28.25,7,24
-4447,1416,6,0.0044444444444444444,-88.93,28.330000000000002,7,24
-4447,1414,6,0.0044444444444444444,-88.93,28.29,7,24
-4447,1415,6,0.0044444444444444444,-88.93,28.310000000000002,7,24
-4447,1419,6,0.0044444444444444444,-88.93,28.39,7,24
-4450,1420,6,0.0044444444444444444,-88.99,28.41,7,24
-4449,1410,6,0.0044444444444444444,-88.97,28.21,7,24
-4448,1409,6,0.0044444444444444444,-88.95,28.19,7,24
-4450,1419,5,0.003703703703703704,-88.99,28.39,7,24
-4449,1405,5,0.003703703703703704,-88.97,28.11,7,24
-4450,1406,4,0.002962962962962963,-88.99,28.13,7,24
-4450,1413,4,0.002962962962962963,-88.99,28.27,7,24
-4450,1418,4,0.002962962962962963,-88.99,28.37,7,24
-4450,1417,4,0.002962962962962963,-88.99,28.35,7,24
-4447,1405,3,0.0022222222222222222,-88.93,28.11,7,24
-4450,1415,3,0.0022222222222222222,-88.99,28.310000000000002,7,24
-4450,1408,3,0.0022222222222222222,-88.99,28.17,7,24
-4446,1417,3,0.0022222222222222222,-88.91,28.35,7,24
-4447,1408,3,0.0022222222222222222,-88.93,28.17,7,24
-4447,1411,3,0.0022222222222222222,-88.93,28.23,7,24
-4448,1410,3,0.0022222222222222222,-88.95,28.21,7,24
-4449,1411,3,0.0022222222222222222,-88.97,28.23,7,24
-4447,1409,3,0.0022222222222222222,-88.93,28.19,7,24
-4450,1407,2,0.0014814814814814814,-88.99,28.150000000000002,7,24
-4450,1414,2,0.0014814814814814814,-88.99,28.29,7,24
-4446,1416,2,0.0014814814814814814,-88.91,28.330000000000002,7,24
-4446,1414,2,0.0014814814814814814,-88.91,28.29,7,24
-4450,1412,2,0.0014814814814814814,-88.99,28.25,7,24
-4450,1421,2,0.0014814814814814814,-88.99,28.43,7,24
-4446,1406,2,0.0014814814814814814,-88.91,28.13,7,24
-4451,1410,1,0.0007407407407407407,-89.01,28.21,7,24
-4451,1409,1,0.0007407407407407407,-89.01,28.19,7,24
-4448,1404,1,0.0007407407407407407,-88.95,28.09,7,24
-4447,1410,1,0.0007407407407407407,-88.93,28.21,7,24
-4448,1422,1,0.0007407407407407407,-88.95,28.45,7,24
-4446,1405,1,0.0007407407407407407,-88.91,28.11,7,24
-4447,1422,1,0.0007407407407407407,-88.93,28.45,7,24
-4446,1411,1,0.0007407407407407407,-88.91,28.23,7,24
-4446,1409,1,0.0007407407407407407,-88.91,28.19,7,24
-4446,1415,1,0.0007407407407407407,-88.91,28.310000000000002,7,24
-4446,1422,1,0.0007407407407407407,-88.91,28.45,7,24
-4451,1411,101,0.07481481481481482,-89.01,28.23,7,48
-4449,1420,75,0.05555555555555555,-88.97,28.41,7,48
-4450,1415,67,0.04962962962962963,-88.99,28.310000000000002,7,48
-4455,1401,60,0.044444444444444446,-89.09,28.03,7,48
-4450,1416,57,0.042222222222222223,-88.99,28.330000000000002,7,48
-4454,1401,52,0.03851851851851852,-89.07000000000001,28.03,7,48
-4449,1419,42,0.03111111111111111,-88.97,28.39,7,48
-4451,1412,41,0.03037037037037037,-89.01,28.25,7,48
-4449,1416,39,0.028888888888888888,-88.97,28.330000000000002,7,48
-4450,1411,38,0.028148148148148148,-88.99,28.23,7,48
-4451,1410,36,0.02666666666666667,-89.01,28.21,7,48
-4450,1412,33,0.024444444444444446,-88.99,28.25,7,48
-4450,1420,32,0.023703703703703703,-88.99,28.41,7,48
-4449,1415,32,0.023703703703703703,-88.97,28.310000000000002,7,48
-4450,1414,31,0.022962962962962963,-88.99,28.29,7,48
-4455,1402,29,0.02148148148148148,-89.09,28.05,7,48
-4454,1400,26,0.01925925925925926,-89.07000000000001,28.01,7,48
-4450,1419,25,0.018518518518518517,-88.99,28.39,7,48
-4449,1421,21,0.015555555555555555,-88.97,28.43,7,48
-4454,1402,21,0.015555555555555555,-89.07000000000001,28.05,7,48
-4449,1418,19,0.014074074074074074,-88.97,28.37,7,48
-4451,1415,18,0.013333333333333334,-89.01,28.310000000000002,7,48
-4449,1417,17,0.012592592592592593,-88.97,28.35,7,48
-4455,1400,17,0.012592592592592593,-89.09,28.01,7,48
-4449,1414,15,0.011111111111111112,-88.97,28.29,7,48
-4452,1411,14,0.01037037037037037,-89.03,28.23,7,48
-4450,1410,14,0.01037037037037037,-88.99,28.21,7,48
-4448,1420,14,0.01037037037037037,-88.95,28.41,7,48
-4449,1412,12,0.008888888888888889,-88.97,28.25,7,48
-4448,1419,12,0.008888888888888889,-88.95,28.39,7,48
-4450,1418,11,0.008148148148148147,-88.99,28.37,7,48
-4449,1413,11,0.008148148148148147,-88.97,28.27,7,48
-4450,1417,11,0.008148148148148147,-88.99,28.35,7,48
-4456,1401,10,0.007407407407407408,-89.11,28.03,7,48
-4448,1421,10,0.007407407407407408,-88.95,28.43,7,48
-4453,1401,9,0.006666666666666667,-89.05,28.03,7,48
-4452,1412,9,0.006666666666666667,-89.03,28.25,7,48
-4456,1402,8,0.005925925925925926,-89.11,28.05,7,48
-4452,1401,8,0.005925925925925926,-89.03,28.03,7,48
-4450,1421,8,0.005925925925925926,-88.99,28.43,7,48
-4451,1409,8,0.005925925925925926,-89.01,28.19,7,48
-4453,1402,8,0.005925925925925926,-89.05,28.05,7,48
-4452,1410,7,0.005185185185185185,-89.03,28.21,7,48
-4451,1419,7,0.005185185185185185,-89.01,28.39,7,48
-4450,1413,7,0.005185185185185185,-88.99,28.27,7,48
-4449,1411,7,0.005185185185185185,-88.97,28.23,7,48
-4448,1418,7,0.005185185185185185,-88.95,28.37,7,48
-4454,1403,6,0.0044444444444444444,-89.07000000000001,28.07,7,48
-4453,1400,6,0.0044444444444444444,-89.05,28.01,7,48
-4448,1416,6,0.0044444444444444444,-88.95,28.330000000000002,7,48
-4450,1409,6,0.0044444444444444444,-88.99,28.19,7,48
-4456,1400,5,0.003703703703703704,-89.11,28.01,7,48
-4451,1405,5,0.003703703703703704,-89.01,28.11,7,48
-4451,1416,5,0.003703703703703704,-89.01,28.330000000000002,7,48
-4450,1407,5,0.003703703703703704,-88.99,28.150000000000002,7,48
-4451,1414,5,0.003703703703703704,-89.01,28.29,7,48
-4449,1410,4,0.002962962962962963,-88.97,28.21,7,48
-4451,1403,4,0.002962962962962963,-89.01,28.07,7,48
-4456,1404,4,0.002962962962962963,-89.11,28.09,7,48
-4455,1403,4,0.002962962962962963,-89.09,28.07,7,48
-4448,1422,4,0.002962962962962963,-88.95,28.45,7,48
-4448,1413,4,0.002962962962962963,-88.95,28.27,7,48
-4452,1400,4,0.002962962962962963,-89.03,28.01,7,48
-4448,1417,4,0.002962962962962963,-88.95,28.35,7,48
-4454,1399,3,0.0022222222222222222,-89.07000000000001,27.990000000000002,7,48
-4451,1408,3,0.0022222222222222222,-89.01,28.17,7,48
-4455,1404,3,0.0022222222222222222,-89.09,28.09,7,48
-4451,1406,3,0.0022222222222222222,-89.01,28.13,7,48
-4451,1404,3,0.0022222222222222222,-89.01,28.09,7,48
-4451,1413,3,0.0022222222222222222,-89.01,28.27,7,48
-4449,1422,3,0.0022222222222222222,-88.97,28.45,7,48
-4451,1421,3,0.0022222222222222222,-89.01,28.43,7,48
-4448,1415,3,0.0022222222222222222,-88.95,28.310000000000002,7,48
-4449,1409,3,0.0022222222222222222,-88.97,28.19,7,48
-4451,1407,3,0.0022222222222222222,-89.01,28.150000000000002,7,48
-4451,1402,3,0.0022222222222222222,-89.01,28.05,7,48
-4450,1406,2,0.0014814814814814814,-88.99,28.13,7,48
-4457,1401,2,0.0014814814814814814,-89.13,28.03,7,48
-4453,1399,2,0.0014814814814814814,-89.05,27.990000000000002,7,48
-4450,1403,2,0.0014814814814814814,-88.99,28.07,7,48
-4450,1405,2,0.0014814814814814814,-88.99,28.11,7,48
-4450,1408,2,0.0014814814814814814,-88.99,28.17,7,48
-4447,1422,2,0.0014814814814814814,-88.93,28.45,7,48
-4452,1409,2,0.0014814814814814814,-89.03,28.19,7,48
-4452,1407,2,0.0014814814814814814,-89.03,28.150000000000002,7,48
-4452,1399,2,0.0014814814814814814,-89.03,27.990000000000002,7,48
-4454,1404,2,0.0014814814814814814,-89.07000000000001,28.09,7,48
-4452,1414,2,0.0014814814814814814,-89.03,28.29,7,48
-4451,1417,2,0.0014814814814814814,-89.01,28.35,7,48
-4452,1405,2,0.0014814814814814814,-89.03,28.11,7,48
-4452,1404,2,0.0014814814814814814,-89.03,28.09,7,48
-4452,1402,2,0.0014814814814814814,-89.03,28.05,7,48
-4448,1412,2,0.0014814814814814814,-88.95,28.25,7,48
-4452,1403,2,0.0014814814814814814,-89.03,28.07,7,48
-4448,1411,2,0.0014814814814814814,-88.95,28.23,7,48
-4448,1408,2,0.0014814814814814814,-88.95,28.17,7,48
-4451,1418,2,0.0014814814814814814,-89.01,28.37,7,48
-4449,1406,2,0.0014814814814814814,-88.97,28.13,7,48
-4457,1402,1,0.0007407407407407407,-89.13,28.05,7,48
-4457,1405,1,0.0007407407407407407,-89.13,28.11,7,48
-4452,1419,1,0.0007407407407407407,-89.03,28.39,7,48
-4451,1399,1,0.0007407407407407407,-89.01,27.990000000000002,7,48
-4452,1416,1,0.0007407407407407407,-89.03,28.330000000000002,7,48
-4454,1398,1,0.0007407407407407407,-89.07000000000001,27.97,7,48
-4455,1407,1,0.0007407407407407407,-89.09,28.150000000000002,7,48
-4456,1399,1,0.0007407407407407407,-89.11,27.990000000000002,7,48
-4453,1404,1,0.0007407407407407407,-89.05,28.09,7,48
-4453,1398,1,0.0007407407407407407,-89.05,27.97,7,48
-4454,1405,1,0.0007407407407407407,-89.07000000000001,28.11,7,48
-4453,1406,1,0.0007407407407407407,-89.05,28.13,7,48
-4452,1398,1,0.0007407407407407407,-89.03,27.97,7,48
-4453,1407,1,0.0007407407407407407,-89.05,28.150000000000002,7,48
-4453,1408,1,0.0007407407407407407,-89.05,28.17,7,48
-4453,1410,1,0.0007407407407407407,-89.05,28.21,7,48
-4455,1399,1,0.0007407407407407407,-89.09,27.990000000000002,7,48
-4449,1405,1,0.0007407407407407407,-88.97,28.11,7,48
-4449,1408,1,0.0007407407407407407,-88.97,28.17,7,48
-4451,1420,1,0.0007407407407407407,-89.01,28.41,7,48
-4450,1400,1,0.0007407407407407407,-88.99,28.01,7,48
-4450,1404,1,0.0007407407407407407,-88.99,28.09,7,48
-4450,1402,1,0.0007407407407407407,-88.99,28.05,7,48
-4448,1403,1,0.0007407407407407407,-88.95,28.07,7,48
-4448,1409,1,0.0007407407407407407,-88.95,28.19,7,48
-4448,1414,1,0.0007407407407407407,-88.95,28.29,7,48
-4448,1423,1,0.0007407407407407407,-88.95,28.47,7,48
-4447,1413,1,0.0007407407407407407,-88.93,28.27,7,48
-4447,1410,1,0.0007407407407407407,-88.93,28.21,7,48
-4447,1416,1,0.0007407407407407407,-88.93,28.330000000000002,7,48
-4447,1419,1,0.0007407407407407407,-88.93,28.39,7,48
-4447,1420,1,0.0007407407407407407,-88.93,28.41,7,48
-4447,1421,1,0.0007407407407407407,-88.93,28.43,7,48
-4456,1409,64,0.047407407407407405,-89.11,28.19,7,72
-4457,1405,54,0.04,-89.13,28.11,7,72
-4456,1405,53,0.03925925925925926,-89.11,28.11,7,72
-4455,1413,50,0.037037037037037035,-89.09,28.27,7,72
-4456,1408,47,0.03481481481481481,-89.11,28.17,7,72
-4455,1412,45,0.03333333333333333,-89.09,28.25,7,72
-4456,1406,45,0.03333333333333333,-89.11,28.13,7,72
-4455,1414,40,0.02962962962962963,-89.09,28.29,7,72
-4463,1396,40,0.02962962962962963,-89.25,27.93,7,72
-4456,1410,38,0.028148148148148148,-89.11,28.21,7,72
-4457,1404,38,0.028148148148148148,-89.13,28.09,7,72
-4462,1396,33,0.024444444444444446,-89.23,27.93,7,72
-4456,1412,29,0.02148148148148148,-89.11,28.25,7,72
-4462,1397,28,0.02074074074074074,-89.23,27.95,7,72
-4457,1406,23,0.017037037037037038,-89.13,28.13,7,72
-4456,1404,23,0.017037037037037038,-89.11,28.09,7,72
-4456,1411,22,0.016296296296296295,-89.11,28.23,7,72
-4455,1410,22,0.016296296296296295,-89.09,28.21,7,72
-4455,1411,22,0.016296296296296295,-89.09,28.23,7,72
-4456,1413,22,0.016296296296296295,-89.11,28.27,7,72
-4456,1407,22,0.016296296296296295,-89.11,28.150000000000002,7,72
-4462,1395,20,0.014814814814814815,-89.23,27.91,7,72
-4455,1408,20,0.014814814814814815,-89.09,28.17,7,72
-4455,1409,20,0.014814814814814815,-89.09,28.19,7,72
-4457,1409,19,0.014074074074074074,-89.13,28.19,7,72
-4463,1395,17,0.012592592592592593,-89.25,27.91,7,72
-4457,1408,14,0.01037037037037037,-89.13,28.17,7,72
-4455,1405,14,0.01037037037037037,-89.09,28.11,7,72
-4456,1403,13,0.00962962962962963,-89.11,28.07,7,72
-4454,1414,13,0.00962962962962963,-89.07000000000001,28.29,7,72
-4455,1407,13,0.00962962962962963,-89.09,28.150000000000002,7,72
-4457,1403,12,0.008888888888888889,-89.13,28.07,7,72
-4455,1406,12,0.008888888888888889,-89.09,28.13,7,72
-4463,1397,12,0.008888888888888889,-89.25,27.95,7,72
-4457,1407,10,0.007407407407407408,-89.13,28.150000000000002,7,72
-4461,1396,9,0.006666666666666667,-89.21000000000001,27.93,7,72
-4455,1415,9,0.006666666666666667,-89.09,28.310000000000002,7,72
-4454,1413,9,0.006666666666666667,-89.07000000000001,28.27,7,72
-4458,1404,8,0.005925925925925926,-89.15,28.09,7,72
-4457,1410,8,0.005925925925925926,-89.13,28.21,7,72
-4456,1414,7,0.005185185185185185,-89.11,28.29,7,72
-4458,1403,7,0.005185185185185185,-89.15,28.07,7,72
-4455,1404,7,0.005185185185185185,-89.09,28.09,7,72
-4454,1415,7,0.005185185185185185,-89.07000000000001,28.310000000000002,7,72
-4454,1408,6,0.0044444444444444444,-89.07000000000001,28.17,7,72
-4463,1398,6,0.0044444444444444444,-89.25,27.97,7,72
-4464,1396,6,0.0044444444444444444,-89.27,27.93,7,72
-4461,1393,5,0.003703703703703704,-89.21000000000001,27.87,7,72
-4460,1395,5,0.003703703703703704,-89.19,27.91,7,72
-4454,1410,5,0.003703703703703704,-89.07000000000001,28.21,7,72
-4455,1416,5,0.003703703703703704,-89.09,28.330000000000002,7,72
-4454,1406,5,0.003703703703703704,-89.07000000000001,28.13,7,72
-4458,1406,5,0.003703703703703704,-89.15,28.13,7,72
-4460,1391,5,0.003703703703703704,-89.19,27.830000000000002,7,72
-4460,1393,4,0.002962962962962963,-89.19,27.87,7,72
-4461,1391,4,0.002962962962962963,-89.21000000000001,27.830000000000002,7,72
-4462,1398,4,0.002962962962962963,-89.23,27.97,7,72
-4460,1390,4,0.002962962962962963,-89.19,27.810000000000002,7,72
-4454,1411,4,0.002962962962962963,-89.07000000000001,28.23,7,72
-4465,1397,4,0.002962962962962963,-89.29,27.95,7,72
-4464,1397,4,0.002962962962962963,-89.27,27.95,7,72
-4463,1393,4,0.002962962962962963,-89.25,27.87,7,72
-4463,1394,4,0.002962962962962963,-89.25,27.89,7,72
-4461,1392,4,0.002962962962962963,-89.21000000000001,27.85,7,72
-4462,1392,4,0.002962962962962963,-89.23,27.85,7,72
-4464,1395,4,0.002962962962962963,-89.27,27.91,7,72
-4461,1395,4,0.002962962962962963,-89.21000000000001,27.91,7,72
-4461,1394,4,0.002962962962962963,-89.21000000000001,27.89,7,72
-4455,1403,4,0.002962962962962963,-89.09,28.07,7,72
-4454,1407,4,0.002962962962962963,-89.07000000000001,28.150000000000002,7,72
-4456,1398,4,0.002962962962962963,-89.11,27.97,7,72
-4457,1411,4,0.002962962962962963,-89.13,28.23,7,72
-4457,1412,4,0.002962962962962963,-89.13,28.25,7,72
-4458,1405,4,0.002962962962962963,-89.15,28.11,7,72
-4454,1409,4,0.002962962962962963,-89.07000000000001,28.19,7,72
-4464,1398,3,0.0022222222222222222,-89.27,27.97,7,72
-4458,1408,3,0.0022222222222222222,-89.15,28.17,7,72
-4456,1399,3,0.0022222222222222222,-89.11,27.990000000000002,7,72
-4453,1413,3,0.0022222222222222222,-89.05,28.27,7,72
-4454,1412,3,0.0022222222222222222,-89.07000000000001,28.25,7,72
-4457,1401,3,0.0022222222222222222,-89.13,28.03,7,72
-4457,1398,3,0.0022222222222222222,-89.13,27.97,7,72
-4456,1415,3,0.0022222222222222222,-89.11,28.310000000000002,7,72
-4453,1415,3,0.0022222222222222222,-89.05,28.310000000000002,7,72
-4454,1404,3,0.0022222222222222222,-89.07000000000001,28.09,7,72
-4453,1402,3,0.0022222222222222222,-89.05,28.05,7,72
-4460,1394,3,0.0022222222222222222,-89.19,27.89,7,72
-4462,1391,3,0.0022222222222222222,-89.23,27.830000000000002,7,72
-4462,1394,3,0.0022222222222222222,-89.23,27.89,7,72
-4462,1399,2,0.0014814814814814814,-89.23,27.990000000000002,7,72
-4456,1394,2,0.0014814814814814814,-89.11,27.89,7,72
-4457,1396,2,0.0014814814814814814,-89.13,27.93,7,72
-4458,1411,2,0.0014814814814814814,-89.15,28.23,7,72
-4458,1393,2,0.0014814814814814814,-89.15,27.87,7,72
-4458,1392,2,0.0014814814814814814,-89.15,27.85,7,72
-4458,1402,2,0.0014814814814814814,-89.15,28.05,7,72
-4458,1398,2,0.0014814814814814814,-89.15,27.97,7,72
-4458,1397,2,0.0014814814814814814,-89.15,27.95,7,72
-4454,1405,2,0.0014814814814814814,-89.07000000000001,28.11,7,72
-4454,1403,2,0.0014814814814814814,-89.07000000000001,28.07,7,72
-4453,1410,2,0.0014814814814814814,-89.05,28.21,7,72
-4452,1404,2,0.0014814814814814814,-89.03,28.09,7,72
-4455,1396,2,0.0014814814814814814,-89.09,27.93,7,72
-4455,1402,2,0.0014814814814814814,-89.09,28.05,7,72
-4455,1400,2,0.0014814814814814814,-89.09,28.01,7,72
-4454,1400,2,0.0014814814814814814,-89.07000000000001,28.01,7,72
-4456,1392,2,0.0014814814814814814,-89.11,27.85,7,72
-4456,1391,2,0.0014814814814814814,-89.11,27.830000000000002,7,72
-4461,1399,2,0.0014814814814814814,-89.21000000000001,27.990000000000002,7,72
-4463,1391,2,0.0014814814814814814,-89.25,27.830000000000002,7,72
-4465,1396,2,0.0014814814814814814,-89.29,27.93,7,72
-4464,1394,2,0.0014814814814814814,-89.27,27.89,7,72
-4462,1389,2,0.0014814814814814814,-89.23,27.79,7,72
-4460,1396,2,0.0014814814814814814,-89.19,27.93,7,72
-4462,1393,2,0.0014814814814814814,-89.23,27.87,7,72
-4460,1389,2,0.0014814814814814814,-89.19,27.79,7,72
-4461,1397,2,0.0014814814814814814,-89.21000000000001,27.95,7,72
-4460,1392,2,0.0014814814814814814,-89.19,27.85,7,72
-4457,1394,2,0.0014814814814814814,-89.13,27.89,7,72
-4459,1394,2,0.0014814814814814814,-89.17,27.89,7,72
-4458,1391,2,0.0014814814814814814,-89.15,27.830000000000002,7,72
-4458,1395,2,0.0014814814814814814,-89.15,27.91,7,72
-4457,1400,2,0.0014814814814814814,-89.13,28.01,7,72
-4459,1389,1,0.0007407407407407407,-89.17,27.79,7,72
-4459,1390,1,0.0007407407407407407,-89.17,27.810000000000002,7,72
-4459,1387,1,0.0007407407407407407,-89.17,27.75,7,72
-4460,1397,1,0.0007407407407407407,-89.19,27.95,7,72
-4461,1389,1,0.0007407407407407407,-89.21000000000001,27.79,7,72
-4461,1390,1,0.0007407407407407407,-89.21000000000001,27.810000000000002,7,72
-4466,1395,1,0.0007407407407407407,-89.31,27.91,7,72
-4464,1391,1,0.0007407407407407407,-89.27,27.830000000000002,7,72
-4463,1392,1,0.0007407407407407407,-89.25,27.85,7,72
-4464,1399,1,0.0007407407407407407,-89.27,27.990000000000002,7,72
-4463,1389,1,0.0007407407407407407,-89.25,27.79,7,72
-4463,1399,1,0.0007407407407407407,-89.25,27.990000000000002,7,72
-4463,1400,1,0.0007407407407407407,-89.25,28.01,7,72
-4462,1388,1,0.0007407407407407407,-89.23,27.77,7,72
-4462,1390,1,0.0007407407407407407,-89.23,27.810000000000002,7,72
-4464,1392,1,0.0007407407407407407,-89.27,27.85,7,72
-4465,1399,1,0.0007407407407407407,-89.29,27.990000000000002,7,72
-4459,1388,1,0.0007407407407407407,-89.17,27.77,7,72
-4458,1396,1,0.0007407407407407407,-89.15,27.93,7,72
-4459,1399,1,0.0007407407407407407,-89.17,27.990000000000002,7,72
-4458,1394,1,0.0007407407407407407,-89.15,27.89,7,72
-4458,1390,1,0.0007407407407407407,-89.15,27.810000000000002,7,72
-4458,1387,1,0.0007407407407407407,-89.15,27.75,7,72
-4459,1398,1,0.0007407407407407407,-89.17,27.97,7,72
-4458,1400,1,0.0007407407407407407,-89.15,28.01,7,72
-4458,1399,1,0.0007407407407407407,-89.15,27.990000000000002,7,72
-4457,1392,1,0.0007407407407407407,-89.13,27.85,7,72
-4457,1389,1,0.0007407407407407407,-89.13,27.79,7,72
-4459,1403,1,0.0007407407407407407,-89.17,28.07,7,72
-4459,1404,1,0.0007407407407407407,-89.17,28.09,7,72
-4459,1411,1,0.0007407407407407407,-89.17,28.23,7,72
-4456,1395,1,0.0007407407407407407,-89.11,27.91,7,72
-4456,1393,1,0.0007407407407407407,-89.11,27.87,7,72
-4456,1388,1,0.0007407407407407407,-89.11,27.77,7,72
-4457,1413,1,0.0007407407407407407,-89.13,28.27,7,72
-4457,1414,1,0.0007407407407407407,-89.13,28.29,7,72
-4457,1415,1,0.0007407407407407407,-89.13,28.310000000000002,7,72
-4456,1390,1,0.0007407407407407407,-89.11,27.810000000000002,7,72
-4457,1402,1,0.0007407407407407407,-89.13,28.05,7,72
-4457,1399,1,0.0007407407407407407,-89.13,27.990000000000002,7,72
-4457,1397,1,0.0007407407407407407,-89.13,27.95,7,72
-4457,1393,1,0.0007407407407407407,-89.13,27.87,7,72
-4458,1410,1,0.0007407407407407407,-89.15,28.21,7,72
-4458,1412,1,0.0007407407407407407,-89.15,28.25,7,72
-4457,1387,1,0.0007407407407407407,-89.13,27.75,7,72
-4459,1397,1,0.0007407407407407407,-89.17,27.95,7,72
-4459,1393,1,0.0007407407407407407,-89.17,27.87,7,72
-4455,1399,1,0.0007407407407407407,-89.09,27.990000000000002,7,72
-4456,1417,1,0.0007407407407407407,-89.11,28.35,7,72
-4455,1391,1,0.0007407407407407407,-89.09,27.830000000000002,7,72
-4455,1393,1,0.0007407407407407407,-89.09,27.87,7,72
-4454,1398,1,0.0007407407407407407,-89.07000000000001,27.97,7,72
-4454,1397,1,0.0007407407407407407,-89.07000000000001,27.95,7,72
-4454,1395,1,0.0007407407407407407,-89.07000000000001,27.91,7,72
-4454,1402,1,0.0007407407407407407,-89.07000000000001,28.05,7,72
-4453,1401,1,0.0007407407407407407,-89.05,28.03,7,72
-4453,1400,1,0.0007407407407407407,-89.05,28.01,7,72
-4453,1399,1,0.0007407407407407407,-89.05,27.990000000000002,7,72
-4454,1417,1,0.0007407407407407407,-89.07000000000001,28.35,7,72
-4453,1409,1,0.0007407407407407407,-89.05,28.19,7,72
-4453,1407,1,0.0007407407407407407,-89.05,28.150000000000002,7,72
-4453,1406,1,0.0007407407407407407,-89.05,28.13,7,72
-4453,1405,1,0.0007407407407407407,-89.05,28.11,7,72
-4466,1418,45,0.03333333333333333,-89.31,28.37,3,24
-4464,1419,44,0.03259259259259259,-89.27,28.39,3,24
-4465,1417,43,0.03185185185185185,-89.29,28.35,3,24
-4463,1418,40,0.02962962962962963,-89.25,28.37,3,24
-4465,1420,39,0.028888888888888888,-89.29,28.41,3,24
-4464,1410,39,0.028888888888888888,-89.27,28.21,3,24
-4464,1422,39,0.028888888888888888,-89.27,28.45,3,24
-4466,1424,37,0.027407407407407408,-89.31,28.490000000000002,3,24
-4465,1419,36,0.02666666666666667,-89.29,28.39,3,24
-4463,1421,34,0.025185185185185185,-89.25,28.43,3,24
-4463,1409,33,0.024444444444444446,-89.25,28.19,3,24
-4463,1415,31,0.022962962962962963,-89.25,28.310000000000002,3,24
-4465,1418,29,0.02148148148148148,-89.29,28.37,3,24
-4465,1423,28,0.02074074074074074,-89.29,28.47,3,24
-4466,1412,27,0.02,-89.31,28.25,3,24
-4464,1416,26,0.01925925925925926,-89.27,28.330000000000002,3,24
-4464,1421,26,0.01925925925925926,-89.27,28.43,3,24
-4465,1421,26,0.01925925925925926,-89.29,28.43,3,24
-4466,1417,26,0.01925925925925926,-89.31,28.35,3,24
-4465,1411,25,0.018518518518518517,-89.29,28.23,3,24
-4464,1415,24,0.017777777777777778,-89.27,28.310000000000002,3,24
-4466,1421,23,0.017037037037037038,-89.31,28.43,3,24
-4464,1420,21,0.015555555555555555,-89.27,28.41,3,24
-4465,1424,20,0.014814814814814815,-89.29,28.490000000000002,3,24
-4463,1419,20,0.014814814814814815,-89.25,28.39,3,24
-4463,1416,19,0.014074074074074074,-89.25,28.330000000000002,3,24
-4465,1410,19,0.014074074074074074,-89.29,28.21,3,24
-4462,1408,19,0.014074074074074074,-89.23,28.17,3,24
-4463,1408,19,0.014074074074074074,-89.25,28.17,3,24
-4465,1422,19,0.014074074074074074,-89.29,28.45,3,24
-4464,1409,18,0.013333333333333334,-89.27,28.19,3,24
-4464,1418,17,0.012592592592592593,-89.27,28.37,3,24
-4462,1418,17,0.012592592592592593,-89.23,28.37,3,24
-4466,1423,17,0.012592592592592593,-89.31,28.47,3,24
-4466,1420,17,0.012592592592592593,-89.31,28.41,3,24
-4463,1422,16,0.011851851851851851,-89.25,28.45,3,24
-4462,1409,15,0.011111111111111112,-89.23,28.19,3,24
-4464,1417,15,0.011111111111111112,-89.27,28.35,3,24
-4465,1412,14,0.01037037037037037,-89.29,28.25,3,24
-4463,1414,13,0.00962962962962963,-89.25,28.29,3,24
-4463,1410,13,0.00962962962962963,-89.25,28.21,3,24
-4466,1411,13,0.00962962962962963,-89.31,28.23,3,24
-4464,1411,12,0.008888888888888889,-89.27,28.23,3,24
-4463,1420,12,0.008888888888888889,-89.25,28.41,3,24
-4465,1416,12,0.008888888888888889,-89.29,28.330000000000002,3,24
-4463,1417,10,0.007407407407407408,-89.25,28.35,3,24
-4462,1407,10,0.007407407407407408,-89.23,28.150000000000002,3,24
-4466,1419,10,0.007407407407407408,-89.31,28.39,3,24
-4462,1414,10,0.007407407407407408,-89.23,28.29,3,24
-4462,1421,10,0.007407407407407408,-89.23,28.43,3,24
-4462,1420,8,0.005925925925925926,-89.23,28.41,3,24
-4462,1415,8,0.005925925925925926,-89.23,28.310000000000002,3,24
-4461,1415,8,0.005925925925925926,-89.21000000000001,28.310000000000002,3,24
-4467,1418,7,0.005185185185185185,-89.33,28.37,3,24
-4464,1423,7,0.005185185185185185,-89.27,28.47,3,24
-4465,1409,7,0.005185185185185185,-89.29,28.19,3,24
-4466,1416,7,0.005185185185185185,-89.31,28.330000000000002,3,24
-4462,1417,6,0.0044444444444444444,-89.23,28.35,3,24
-4467,1411,6,0.0044444444444444444,-89.33,28.23,3,24
-4462,1419,6,0.0044444444444444444,-89.23,28.39,3,24
-4464,1413,6,0.0044444444444444444,-89.27,28.27,3,24
-4466,1413,6,0.0044444444444444444,-89.31,28.27,3,24
-4462,1416,5,0.003703703703703704,-89.23,28.330000000000002,3,24
-4461,1408,5,0.003703703703703704,-89.21000000000001,28.17,3,24
-4462,1413,5,0.003703703703703704,-89.23,28.27,3,24
-4467,1412,5,0.003703703703703704,-89.33,28.25,3,24
-4463,1413,4,0.002962962962962963,-89.25,28.27,3,24
-4461,1414,4,0.002962962962962963,-89.21000000000001,28.29,3,24
-4464,1412,4,0.002962962962962963,-89.27,28.25,3,24
-4465,1414,4,0.002962962962962963,-89.29,28.29,3,24
-4467,1424,4,0.002962962962962963,-89.33,28.490000000000002,3,24
-4467,1413,4,0.002962962962962963,-89.33,28.27,3,24
-4466,1414,4,0.002962962962962963,-89.31,28.29,3,24
-4465,1415,4,0.002962962962962963,-89.29,28.310000000000002,3,24
-4465,1413,4,0.002962962962962963,-89.29,28.27,3,24
-4467,1423,3,0.0022222222222222222,-89.33,28.47,3,24
-4463,1411,3,0.0022222222222222222,-89.25,28.23,3,24
-4461,1416,3,0.0022222222222222222,-89.21000000000001,28.330000000000002,3,24
-4463,1407,3,0.0022222222222222222,-89.25,28.150000000000002,3,24
-4464,1414,3,0.0022222222222222222,-89.27,28.29,3,24
-4462,1422,3,0.0022222222222222222,-89.23,28.45,3,24
-4467,1420,3,0.0022222222222222222,-89.33,28.41,3,24
-4465,1425,2,0.0014814814814814814,-89.29,28.51,3,24
-4467,1421,2,0.0014814814814814814,-89.33,28.43,3,24
-4466,1409,2,0.0014814814814814814,-89.31,28.19,3,24
-4461,1409,2,0.0014814814814814814,-89.21000000000001,28.19,3,24
-4461,1417,2,0.0014814814814814814,-89.21000000000001,28.35,3,24
-4461,1412,2,0.0014814814814814814,-89.21000000000001,28.25,3,24
-4463,1423,2,0.0014814814814814814,-89.25,28.47,3,24
-4463,1412,2,0.0014814814814814814,-89.25,28.25,3,24
-4461,1419,2,0.0014814814814814814,-89.21000000000001,28.39,3,24
-4465,1408,1,0.0007407407407407407,-89.29,28.17,3,24
-4466,1425,1,0.0007407407407407407,-89.31,28.51,3,24
-4467,1415,1,0.0007407407407407407,-89.33,28.310000000000002,3,24
-4467,1414,1,0.0007407407407407407,-89.33,28.29,3,24
-4467,1417,1,0.0007407407407407407,-89.33,28.35,3,24
-4467,1419,1,0.0007407407407407407,-89.33,28.39,3,24
-4467,1422,1,0.0007407407407407407,-89.33,28.45,3,24
-4467,1416,1,0.0007407407407407407,-89.33,28.330000000000002,3,24
-4466,1410,1,0.0007407407407407407,-89.31,28.21,3,24
-4466,1415,1,0.0007407407407407407,-89.31,28.310000000000002,3,24
-4464,1408,1,0.0007407407407407407,-89.27,28.17,3,24
-4466,1422,1,0.0007407407407407407,-89.31,28.45,3,24
-4463,1406,1,0.0007407407407407407,-89.25,28.13,3,24
-4464,1424,1,0.0007407407407407407,-89.27,28.490000000000002,3,24
-4463,1424,1,0.0007407407407407407,-89.25,28.490000000000002,3,24
-4462,1423,1,0.0007407407407407407,-89.23,28.47,3,24
-4462,1410,1,0.0007407407407407407,-89.23,28.21,3,24
-4462,1411,1,0.0007407407407407407,-89.23,28.23,3,24
-4461,1413,1,0.0007407407407407407,-89.21000000000001,28.27,3,24
-4461,1411,1,0.0007407407407407407,-89.21000000000001,28.23,3,24
-4461,1407,1,0.0007407407407407407,-89.21000000000001,28.150000000000002,3,24
-4461,1406,1,0.0007407407407407407,-89.21000000000001,28.13,3,24
-4461,1421,1,0.0007407407407407407,-89.21000000000001,28.43,3,24
-4460,1406,1,0.0007407407407407407,-89.19,28.13,3,24
-4460,1411,1,0.0007407407407407407,-89.19,28.23,3,24
-4460,1412,1,0.0007407407407407407,-89.19,28.25,3,24
-4466,1417,42,0.03111111111111111,-89.31,28.35,3,48
-4468,1415,38,0.028148148148148148,-89.35000000000001,28.310000000000002,3,48
-4467,1415,37,0.027407407407407408,-89.33,28.310000000000002,3,48
-4467,1417,36,0.02666666666666667,-89.33,28.35,3,48
-4467,1418,29,0.02148148148148148,-89.33,28.37,3,48
-4465,1417,28,0.02074074074074074,-89.29,28.35,3,48
-4468,1417,26,0.01925925925925926,-89.35000000000001,28.35,3,48
-4465,1414,26,0.01925925925925926,-89.29,28.29,3,48
-4466,1418,26,0.01925925925925926,-89.31,28.37,3,48
-4464,1414,26,0.01925925925925926,-89.27,28.29,3,48
-4470,1406,25,0.018518518518518517,-89.39,28.13,3,48
-4464,1416,24,0.017777777777777778,-89.27,28.330000000000002,3,48
-4470,1418,24,0.017777777777777778,-89.39,28.37,3,48
-4470,1407,24,0.017777777777777778,-89.39,28.150000000000002,3,48
-4467,1416,23,0.017037037037037038,-89.33,28.330000000000002,3,48
-4469,1418,23,0.017037037037037038,-89.37,28.37,3,48
-4466,1414,23,0.017037037037037038,-89.31,28.29,3,48
-4466,1415,23,0.017037037037037038,-89.31,28.310000000000002,3,48
-4463,1416,22,0.016296296296296295,-89.25,28.330000000000002,3,48
-4463,1417,22,0.016296296296296295,-89.25,28.35,3,48
-4471,1418,22,0.016296296296296295,-89.41,28.37,3,48
-4472,1408,21,0.015555555555555555,-89.43,28.17,3,48
-4465,1419,21,0.015555555555555555,-89.29,28.39,3,48
-4466,1419,19,0.014074074074074074,-89.31,28.39,3,48
-4469,1417,19,0.014074074074074074,-89.37,28.35,3,48
-4469,1415,19,0.014074074074074074,-89.37,28.310000000000002,3,48
-4464,1418,18,0.013333333333333334,-89.27,28.37,3,48
-4471,1407,18,0.013333333333333334,-89.41,28.150000000000002,3,48
-4468,1416,17,0.012592592592592593,-89.35000000000001,28.330000000000002,3,48
-4469,1405,17,0.012592592592592593,-89.37,28.11,3,48
-4472,1409,17,0.012592592592592593,-89.43,28.19,3,48
-4464,1417,17,0.012592592592592593,-89.27,28.35,3,48
-4468,1418,17,0.012592592592592593,-89.35000000000001,28.37,3,48
-4468,1419,17,0.012592592592592593,-89.35000000000001,28.39,3,48
-4464,1419,16,0.011851851851851851,-89.27,28.39,3,48
-4465,1416,15,0.011111111111111112,-89.29,28.330000000000002,3,48
-4469,1416,15,0.011111111111111112,-89.37,28.330000000000002,3,48
-4471,1408,14,0.01037037037037037,-89.41,28.17,3,48
-4469,1406,14,0.01037037037037037,-89.37,28.13,3,48
-4464,1415,14,0.01037037037037037,-89.27,28.310000000000002,3,48
-4465,1418,14,0.01037037037037037,-89.29,28.37,3,48
-4466,1416,13,0.00962962962962963,-89.31,28.330000000000002,3,48
-4464,1413,13,0.00962962962962963,-89.27,28.27,3,48
-4467,1419,13,0.00962962962962963,-89.33,28.39,3,48
-4470,1405,13,0.00962962962962963,-89.39,28.11,3,48
-4465,1415,12,0.008888888888888889,-89.29,28.310000000000002,3,48
-4471,1406,12,0.008888888888888889,-89.41,28.13,3,48
-4463,1418,11,0.008148148148148147,-89.25,28.37,3,48
-4469,1419,11,0.008148148148148147,-89.37,28.39,3,48
-4462,1417,11,0.008148148148148147,-89.23,28.35,3,48
-4470,1419,9,0.006666666666666667,-89.39,28.39,3,48
-4472,1407,9,0.006666666666666667,-89.43,28.150000000000002,3,48
-4469,1407,9,0.006666666666666667,-89.37,28.150000000000002,3,48
-4465,1413,9,0.006666666666666667,-89.29,28.27,3,48
-4463,1415,9,0.006666666666666667,-89.25,28.310000000000002,3,48
-4462,1416,9,0.006666666666666667,-89.23,28.330000000000002,3,48
-4473,1409,8,0.005925925925925926,-89.45,28.19,3,48
-4463,1414,8,0.005925925925925926,-89.25,28.29,3,48
-4468,1404,8,0.005925925925925926,-89.35000000000001,28.09,3,48
-4470,1417,8,0.005925925925925926,-89.39,28.35,3,48
-4467,1414,8,0.005925925925925926,-89.33,28.29,3,48
-4463,1413,8,0.005925925925925926,-89.25,28.27,3,48
-4463,1419,7,0.005185185185185185,-89.25,28.39,3,48
-4472,1406,6,0.0044444444444444444,-89.43,28.13,3,48
-4462,1415,6,0.0044444444444444444,-89.23,28.310000000000002,3,48
-4470,1416,6,0.0044444444444444444,-89.39,28.330000000000002,3,48
-4469,1404,6,0.0044444444444444444,-89.37,28.09,3,48
-4468,1405,6,0.0044444444444444444,-89.35000000000001,28.11,3,48
-4469,1414,6,0.0044444444444444444,-89.37,28.29,3,48
-4471,1419,6,0.0044444444444444444,-89.41,28.39,3,48
-4473,1408,6,0.0044444444444444444,-89.45,28.17,3,48
-4473,1407,5,0.003703703703703704,-89.45,28.150000000000002,3,48
-4468,1414,5,0.003703703703703704,-89.35000000000001,28.29,3,48
-4466,1413,5,0.003703703703703704,-89.31,28.27,3,48
-4469,1408,5,0.003703703703703704,-89.37,28.17,3,48
-4468,1406,5,0.003703703703703704,-89.35000000000001,28.13,3,48
-4465,1411,4,0.002962962962962963,-89.29,28.23,3,48
-4470,1408,4,0.002962962962962963,-89.39,28.17,3,48
-4470,1415,4,0.002962962962962963,-89.39,28.310000000000002,3,48
-4462,1418,4,0.002962962962962963,-89.23,28.37,3,48
-4467,1411,4,0.002962962962962963,-89.33,28.23,3,48
-4472,1418,4,0.002962962962962963,-89.43,28.37,3,48
-4471,1409,4,0.002962962962962963,-89.41,28.19,3,48
-4465,1412,4,0.002962962962962963,-89.29,28.25,3,48
-4473,1410,4,0.002962962962962963,-89.45,28.21,3,48
-4468,1409,3,0.0022222222222222222,-89.35000000000001,28.19,3,48
-4468,1412,3,0.0022222222222222222,-89.35000000000001,28.25,3,48
-4471,1417,3,0.0022222222222222222,-89.41,28.35,3,48
-4466,1412,3,0.0022222222222222222,-89.31,28.25,3,48
-4467,1409,3,0.0022222222222222222,-89.33,28.19,3,48
-4461,1411,3,0.0022222222222222222,-89.21000000000001,28.23,3,48
-4467,1407,3,0.0022222222222222222,-89.33,28.150000000000002,3,48
-4462,1414,3,0.0022222222222222222,-89.23,28.29,3,48
-4460,1415,3,0.0022222222222222222,-89.19,28.310000000000002,3,48
-4467,1405,3,0.0022222222222222222,-89.33,28.11,3,48
-4463,1412,3,0.0022222222222222222,-89.25,28.25,3,48
-4461,1412,2,0.0014814814814814814,-89.21000000000001,28.25,3,48
-4474,1408,2,0.0014814814814814814,-89.47,28.17,3,48
-4474,1409,2,0.0014814814814814814,-89.47,28.19,3,48
-4460,1414,2,0.0014814814814814814,-89.19,28.29,3,48
-4464,1420,2,0.0014814814814814814,-89.27,28.41,3,48
-4472,1410,2,0.0014814814814814814,-89.43,28.21,3,48
-4472,1411,2,0.0014814814814814814,-89.43,28.23,3,48
-4471,1415,2,0.0014814814814814814,-89.41,28.310000000000002,3,48
-4471,1405,2,0.0014814814814814814,-89.41,28.11,3,48
-4461,1415,2,0.0014814814814814814,-89.21000000000001,28.310000000000002,3,48
-4469,1410,2,0.0014814814814814814,-89.37,28.21,3,48
-4468,1403,2,0.0014814814814814814,-89.35000000000001,28.07,3,48
-4468,1411,2,0.0014814814814814814,-89.35000000000001,28.23,3,48
-4468,1410,2,0.0014814814814814814,-89.35000000000001,28.21,3,48
-4466,1407,2,0.0014814814814814814,-89.31,28.150000000000002,3,48
-4470,1404,2,0.0014814814814814814,-89.39,28.09,3,48
-4465,1410,2,0.0014814814814814814,-89.29,28.21,3,48
-4460,1416,2,0.0014814814814814814,-89.19,28.330000000000002,3,48
-4461,1417,2,0.0014814814814814814,-89.21000000000001,28.35,3,48
-4462,1413,2,0.0014814814814814814,-89.23,28.27,3,48
-4463,1411,2,0.0014814814814814814,-89.25,28.23,3,48
-4464,1409,2,0.0014814814814814814,-89.27,28.19,3,48
-4464,1408,2,0.0014814814814814814,-89.27,28.17,3,48
-4465,1420,2,0.0014814814814814814,-89.29,28.41,3,48
-4467,1408,2,0.0014814814814814814,-89.33,28.17,3,48
-4472,1415,1,0.0007407407407407407,-89.43,28.310000000000002,3,48
-4472,1416,1,0.0007407407407407407,-89.43,28.330000000000002,3,48
-4473,1417,1,0.0007407407407407407,-89.45,28.35,3,48
-4473,1418,1,0.0007407407407407407,-89.45,28.37,3,48
-4467,1412,1,0.0007407407407407407,-89.33,28.25,3,48
-4467,1410,1,0.0007407407407407407,-89.33,28.21,3,48
-4467,1413,1,0.0007407407407407407,-89.33,28.27,3,48
-4466,1405,1,0.0007407407407407407,-89.31,28.11,3,48
-4467,1403,1,0.0007407407407407407,-89.33,28.07,3,48
-4468,1413,1,0.0007407407407407407,-89.35000000000001,28.27,3,48
-4468,1407,1,0.0007407407407407407,-89.35000000000001,28.150000000000002,3,48
-4470,1410,1,0.0007407407407407407,-89.39,28.21,3,48
-4470,1409,1,0.0007407407407407407,-89.39,28.19,3,48
-4469,1411,1,0.0007407407407407407,-89.37,28.23,3,48
-4468,1408,1,0.0007407407407407407,-89.35000000000001,28.17,3,48
-4467,1404,1,0.0007407407407407407,-89.33,28.09,3,48
-4466,1410,1,0.0007407407407407407,-89.31,28.21,3,48
-4466,1409,1,0.0007407407407407407,-89.31,28.19,3,48
-4466,1406,1,0.0007407407407407407,-89.31,28.13,3,48
-4464,1411,1,0.0007407407407407407,-89.27,28.23,3,48
-4464,1412,1,0.0007407407407407407,-89.27,28.25,3,48
-4464,1407,1,0.0007407407407407407,-89.27,28.150000000000002,3,48
-4464,1410,1,0.0007407407407407407,-89.27,28.21,3,48
-4462,1411,1,0.0007407407407407407,-89.23,28.23,3,48
-4462,1409,1,0.0007407407407407407,-89.23,28.19,3,48
-4461,1409,1,0.0007407407407407407,-89.21000000000001,28.19,3,48
-4462,1419,1,0.0007407407407407407,-89.23,28.39,3,48
-4460,1413,1,0.0007407407407407407,-89.19,28.27,3,48
-4461,1418,1,0.0007407407407407407,-89.21000000000001,28.37,3,48
-4459,1416,1,0.0007407407407407407,-89.17,28.330000000000002,3,48
-4459,1417,1,0.0007407407407407407,-89.17,28.35,3,48
-4459,1418,1,0.0007407407407407407,-89.17,28.37,3,48
-4472,1409,55,0.040740740740740744,-89.43,28.19,3,72
-4470,1409,53,0.03925925925925926,-89.39,28.19,3,72
-4473,1409,46,0.034074074074074076,-89.45,28.19,3,72
-4474,1409,44,0.03259259259259259,-89.47,28.19,3,72
-4468,1409,38,0.028148148148148148,-89.35000000000001,28.19,3,72
-4475,1409,33,0.024444444444444446,-89.49,28.19,3,72
-4471,1410,33,0.024444444444444446,-89.41,28.21,3,72
-4470,1410,33,0.024444444444444446,-89.39,28.21,3,72
-4470,1408,33,0.024444444444444446,-89.39,28.17,3,72
-4473,1410,31,0.022962962962962963,-89.45,28.21,3,72
-4469,1409,31,0.022962962962962963,-89.37,28.19,3,72
-4474,1410,30,0.022222222222222223,-89.47,28.21,3,72
-4471,1409,30,0.022222222222222223,-89.41,28.19,3,72
-4472,1410,27,0.02,-89.43,28.21,3,72
-4471,1408,26,0.01925925925925926,-89.41,28.17,3,72
-4476,1409,25,0.018518518518518517,-89.51,28.19,3,72
-4469,1410,25,0.018518518518518517,-89.37,28.21,3,72
-4468,1408,22,0.016296296296296295,-89.35000000000001,28.17,3,72
-4469,1408,21,0.015555555555555555,-89.37,28.17,3,72
-4476,1410,20,0.014814814814814815,-89.51,28.21,3,72
-4467,1408,20,0.014814814814814815,-89.33,28.17,3,72
-4467,1409,19,0.014074074074074074,-89.33,28.19,3,72
-4475,1410,18,0.013333333333333334,-89.49,28.21,3,72
-4470,1407,18,0.013333333333333334,-89.39,28.150000000000002,3,72
-4479,1403,18,0.013333333333333334,-89.57000000000001,28.07,3,72
-4477,1409,16,0.011851851851851851,-89.53,28.19,3,72
-4478,1402,16,0.011851851851851851,-89.55,28.05,3,72
-4468,1410,16,0.011851851851851851,-89.35000000000001,28.21,3,72
-4478,1401,14,0.01037037037037037,-89.55,28.03,3,72
-4475,1408,14,0.01037037037037037,-89.49,28.17,3,72
-4469,1407,14,0.01037037037037037,-89.37,28.150000000000002,3,72
-4480,1405,13,0.00962962962962963,-89.59,28.11,3,72
-4480,1404,13,0.00962962962962963,-89.59,28.09,3,72
-4468,1407,12,0.008888888888888889,-89.35000000000001,28.150000000000002,3,72
-4473,1408,12,0.008888888888888889,-89.45,28.17,3,72
-4471,1407,12,0.008888888888888889,-89.41,28.150000000000002,3,72
-4472,1408,12,0.008888888888888889,-89.43,28.17,3,72
-4478,1403,12,0.008888888888888889,-89.55,28.07,3,72
-4479,1404,12,0.008888888888888889,-89.57000000000001,28.09,3,72
-4479,1402,10,0.007407407407407408,-89.57000000000001,28.05,3,72
-4477,1401,10,0.007407407407407408,-89.53,28.03,3,72
-4467,1407,9,0.006666666666666667,-89.33,28.150000000000002,3,72
-4477,1400,9,0.006666666666666667,-89.53,28.01,3,72
-4480,1403,9,0.006666666666666667,-89.59,28.07,3,72
-4481,1405,9,0.006666666666666667,-89.61,28.11,3,72
-4478,1404,8,0.005925925925925926,-89.55,28.09,3,72
-4477,1402,8,0.005925925925925926,-89.53,28.05,3,72
-4466,1407,8,0.005925925925925926,-89.31,28.150000000000002,3,72
-4469,1411,8,0.005925925925925926,-89.37,28.23,3,72
-4473,1411,7,0.005185185185185185,-89.45,28.23,3,72
-4474,1408,7,0.005185185185185185,-89.47,28.17,3,72
-4478,1400,7,0.005185185185185185,-89.55,28.01,3,72
-4466,1408,7,0.005185185185185185,-89.31,28.17,3,72
-4466,1409,7,0.005185185185185185,-89.31,28.19,3,72
-4467,1410,7,0.005185185185185185,-89.33,28.21,3,72
-4477,1403,6,0.0044444444444444444,-89.53,28.07,3,72
-4479,1401,6,0.0044444444444444444,-89.57000000000001,28.03,3,72
-4475,1399,5,0.003703703703703704,-89.49,27.990000000000002,3,72
-4478,1409,5,0.003703703703703704,-89.55,28.19,3,72
-4481,1404,5,0.003703703703703704,-89.61,28.09,3,72
-4472,1407,5,0.003703703703703704,-89.43,28.150000000000002,3,72
-4476,1402,5,0.003703703703703704,-89.51,28.05,3,72
-4470,1404,5,0.003703703703703704,-89.39,28.09,3,72
-4470,1405,5,0.003703703703703704,-89.39,28.11,3,72
-4470,1411,5,0.003703703703703704,-89.39,28.23,3,72
-4476,1408,4,0.002962962962962963,-89.51,28.17,3,72
-4479,1405,4,0.002962962962962963,-89.57000000000001,28.11,3,72
-4482,1404,4,0.002962962962962963,-89.63,28.09,3,72
-4480,1401,4,0.002962962962962963,-89.59,28.03,3,72
-4478,1398,4,0.002962962962962963,-89.55,27.97,3,72
-4470,1402,4,0.002962962962962963,-89.39,28.05,3,72
-4470,1406,4,0.002962962962962963,-89.39,28.13,3,72
-4481,1403,4,0.002962962962962963,-89.61,28.07,3,72
-4480,1402,4,0.002962962962962963,-89.59,28.05,3,72
-4467,1406,4,0.002962962962962963,-89.33,28.13,3,72
-4469,1406,4,0.002962962962962963,-89.37,28.13,3,72
-4468,1406,4,0.002962962962962963,-89.35000000000001,28.13,3,72
-4471,1411,4,0.002962962962962963,-89.41,28.23,3,72
-4473,1405,4,0.002962962962962963,-89.45,28.11,3,72
-4472,1406,4,0.002962962962962963,-89.43,28.13,3,72
-4465,1407,4,0.002962962962962963,-89.29,28.150000000000002,3,72
-4481,1402,3,0.0022222222222222222,-89.61,28.05,3,72
-4477,1399,3,0.0022222222222222222,-89.53,27.990000000000002,3,72
-4477,1396,3,0.0022222222222222222,-89.53,27.93,3,72
-4469,1405,3,0.0022222222222222222,-89.37,28.11,3,72
-4464,1407,3,0.0022222222222222222,-89.27,28.150000000000002,3,72
-4473,1407,3,0.0022222222222222222,-89.45,28.150000000000002,3,72
-4473,1400,3,0.0022222222222222222,-89.45,28.01,3,72
-4474,1403,3,0.0022222222222222222,-89.47,28.07,3,72
-4476,1401,3,0.0022222222222222222,-89.51,28.03,3,72
-4476,1399,3,0.0022222222222222222,-89.51,27.990000000000002,3,72
-4471,1404,3,0.0022222222222222222,-89.41,28.09,3,72
-4467,1403,3,0.0022222222222222222,-89.33,28.07,3,72
-4475,1403,2,0.0014814814814814814,-89.49,28.07,3,72
-4464,1404,2,0.0014814814814814814,-89.27,28.09,3,72
-4465,1408,2,0.0014814814814814814,-89.29,28.17,3,72
-4466,1410,2,0.0014814814814814814,-89.31,28.21,3,72
-4465,1409,2,0.0014814814814814814,-89.29,28.19,3,72
-4466,1406,2,0.0014814814814814814,-89.31,28.13,3,72
-4466,1399,2,0.0014814814814814814,-89.31,27.990000000000002,3,72
-4466,1404,2,0.0014814814814814814,-89.31,28.09,3,72
-4470,1403,2,0.0014814814814814814,-89.39,28.07,3,72
-4463,1406,2,0.0014814814814814814,-89.25,28.13,3,72
-4471,1412,2,0.0014814814814814814,-89.41,28.25,3,72
-4471,1405,2,0.0014814814814814814,-89.41,28.11,3,72
-4472,1411,2,0.0014814814814814814,-89.43,28.23,3,72
-4472,1405,2,0.0014814814814814814,-89.43,28.11,3,72
-4473,1398,2,0.0014814814814814814,-89.45,27.97,3,72
-4476,1403,2,0.0014814814814814814,-89.51,28.07,3,72
-4474,1401,2,0.0014814814814814814,-89.47,28.03,3,72
-4474,1402,2,0.0014814814814814814,-89.47,28.05,3,72
-4474,1405,2,0.0014814814814814814,-89.47,28.11,3,72
-4480,1400,2,0.0014814814814814814,-89.59,28.01,3,72
-4479,1399,2,0.0014814814814814814,-89.57000000000001,27.990000000000002,3,72
-4481,1400,2,0.0014814814814814814,-89.61,28.01,3,72
-4481,1406,2,0.0014814814814814814,-89.61,28.13,3,72
-4480,1406,2,0.0014814814814814814,-89.59,28.13,3,72
-4480,1409,2,0.0014814814814814814,-89.59,28.19,3,72
-4479,1409,2,0.0014814814814814814,-89.57000000000001,28.19,3,72
-4478,1399,2,0.0014814814814814814,-89.55,27.990000000000002,3,72
-4478,1397,2,0.0014814814814814814,-89.55,27.95,3,72
-4477,1397,2,0.0014814814814814814,-89.53,27.95,3,72
-4477,1405,2,0.0014814814814814814,-89.53,28.11,3,72
-4477,1404,2,0.0014814814814814814,-89.53,28.09,3,72
-4477,1410,2,0.0014814814814814814,-89.53,28.21,3,72
-4475,1397,2,0.0014814814814814814,-89.49,27.95,3,72
-4475,1405,2,0.0014814814814814814,-89.49,28.11,3,72
-4475,1407,2,0.0014814814814814814,-89.49,28.150000000000002,3,72
-4477,1408,1,0.0007407407407407407,-89.53,28.17,3,72
-4476,1397,1,0.0007407407407407407,-89.51,27.95,3,72
-4476,1396,1,0.0007407407407407407,-89.51,27.93,3,72
-4479,1406,1,0.0007407407407407407,-89.57000000000001,28.13,3,72
-4478,1405,1,0.0007407407407407407,-89.55,28.11,3,72
-4479,1410,1,0.0007407407407407407,-89.57000000000001,28.21,3,72
-4481,1401,1,0.0007407407407407407,-89.61,28.03,3,72
-4483,1406,1,0.0007407407407407407,-89.65,28.13,3,72
-4484,1404,1,0.0007407407407407407,-89.67,28.09,3,72
-4483,1403,1,0.0007407407407407407,-89.65,28.07,3,72
-4480,1399,1,0.0007407407407407407,-89.59,27.990000000000002,3,72
-4479,1398,1,0.0007407407407407407,-89.57000000000001,27.97,3,72
-4480,1407,1,0.0007407407407407407,-89.59,28.150000000000002,3,72
-4482,1403,1,0.0007407407407407407,-89.63,28.07,3,72
-4483,1405,1,0.0007407407407407407,-89.65,28.11,3,72
-4482,1402,1,0.0007407407407407407,-89.63,28.05,3,72
-4477,1395,1,0.0007407407407407407,-89.53,27.91,3,72
-4477,1398,1,0.0007407407407407407,-89.53,27.97,3,72
-4479,1407,1,0.0007407407407407407,-89.57000000000001,28.150000000000002,3,72
-4476,1406,1,0.0007407407407407407,-89.51,28.13,3,72
-4476,1405,1,0.0007407407407407407,-89.51,28.11,3,72
-4475,1402,1,0.0007407407407407407,-89.49,28.05,3,72
-4475,1401,1,0.0007407407407407407,-89.49,28.03,3,72
-4475,1393,1,0.0007407407407407407,-89.49,27.87,3,72
-4475,1398,1,0.0007407407407407407,-89.49,27.97,3,72
-4474,1399,1,0.0007407407407407407,-89.47,27.990000000000002,3,72
-4474,1397,1,0.0007407407407407407,-89.47,27.95,3,72
-4475,1404,1,0.0007407407407407407,-89.49,28.09,3,72
-4474,1400,1,0.0007407407407407407,-89.47,28.01,3,72
-4471,1402,1,0.0007407407407407407,-89.41,28.05,3,72
-4471,1406,1,0.0007407407407407407,-89.41,28.13,3,72
-4472,1412,1,0.0007407407407407407,-89.43,28.25,3,72
-4473,1399,1,0.0007407407407407407,-89.45,27.990000000000002,3,72
-4472,1399,1,0.0007407407407407407,-89.43,27.990000000000002,3,72
-4472,1401,1,0.0007407407407407407,-89.43,28.03,3,72
-4472,1403,1,0.0007407407407407407,-89.43,28.07,3,72
-4472,1404,1,0.0007407407407407407,-89.43,28.09,3,72
-4473,1401,1,0.0007407407407407407,-89.45,28.03,3,72
-4473,1404,1,0.0007407407407407407,-89.45,28.09,3,72
-4474,1411,1,0.0007407407407407407,-89.47,28.23,3,72
-4470,1412,1,0.0007407407407407407,-89.39,28.25,3,72
-4470,1398,1,0.0007407407407407407,-89.39,27.97,3,72
-4470,1401,1,0.0007407407407407407,-89.39,28.03,3,72
-4469,1403,1,0.0007407407407407407,-89.37,28.07,3,72
-4469,1400,1,0.0007407407407407407,-89.37,28.01,3,72
-4468,1404,1,0.0007407407407407407,-89.35000000000001,28.09,3,72
-4468,1405,1,0.0007407407407407407,-89.35000000000001,28.11,3,72
-4469,1413,1,0.0007407407407407407,-89.37,28.27,3,72
-4468,1403,1,0.0007407407407407407,-89.35000000000001,28.07,3,72
-4469,1402,1,0.0007407407407407407,-89.37,28.05,3,72
-4469,1404,1,0.0007407407407407407,-89.37,28.09,3,72
-4466,1405,1,0.0007407407407407407,-89.31,28.11,3,72
-4465,1405,1,0.0007407407407407407,-89.29,28.11,3,72
-4465,1406,1,0.0007407407407407407,-89.29,28.13,3,72
-4465,1401,1,0.0007407407407407407,-89.29,28.03,3,72
-4465,1404,1,0.0007407407407407407,-89.29,28.09,3,72
-4464,1405,1,0.0007407407407407407,-89.27,28.11,3,72
-4464,1406,1,0.0007407407407407407,-89.27,28.13,3,72
-4464,1408,1,0.0007407407407407407,-89.27,28.17,3,72
-4464,1409,1,0.0007407407407407407,-89.27,28.19,3,72
-4462,1407,1,0.0007407407407407407,-89.23,28.150000000000002,3,72
-4535,1371,117,0.08666666666666667,-90.69,27.43,15,24
-4536,1379,97,0.07185185185185185,-90.71000000000001,27.59,15,24
-4536,1375,83,0.061481481481481484,-90.71000000000001,27.51,15,24
-4533,1363,73,0.05407407407407407,-90.65,27.27,15,24
-4535,1375,58,0.04296296296296296,-90.69,27.51,15,24
-4535,1374,44,0.03259259259259259,-90.69,27.490000000000002,15,24
-4536,1378,41,0.03037037037037037,-90.71000000000001,27.57,15,24
-4536,1371,39,0.028888888888888888,-90.71000000000001,27.43,15,24
-4532,1363,39,0.028888888888888888,-90.63,27.27,15,24
-4533,1364,37,0.027407407407407408,-90.65,27.29,15,24
-4534,1364,34,0.025185185185185185,-90.67,27.29,15,24
-4534,1371,30,0.022222222222222223,-90.67,27.43,15,24
-4536,1372,30,0.022222222222222223,-90.71000000000001,27.45,15,24
-4536,1374,30,0.022222222222222223,-90.71000000000001,27.490000000000002,15,24
-4535,1370,28,0.02074074074074074,-90.69,27.41,15,24
-4534,1370,27,0.02,-90.67,27.41,15,24
-4534,1363,26,0.01925925925925926,-90.67,27.27,15,24
-4536,1376,26,0.01925925925925926,-90.71000000000001,27.53,15,24
-4537,1379,25,0.018518518518518517,-90.73,27.59,15,24
-4535,1372,25,0.018518518518518517,-90.69,27.45,15,24
-4536,1380,24,0.017777777777777778,-90.71000000000001,27.61,15,24
-4535,1378,18,0.013333333333333334,-90.69,27.57,15,24
-4535,1373,16,0.011851851851851851,-90.69,27.47,15,24
-4535,1376,16,0.011851851851851851,-90.69,27.53,15,24
-4534,1365,15,0.011111111111111112,-90.67,27.310000000000002,15,24
-4535,1379,15,0.011111111111111112,-90.69,27.59,15,24
-4534,1372,14,0.01037037037037037,-90.67,27.45,15,24
-4534,1375,14,0.01037037037037037,-90.67,27.51,15,24
-4534,1373,14,0.01037037037037037,-90.67,27.47,15,24
-4532,1364,14,0.01037037037037037,-90.63,27.29,15,24
-4534,1374,14,0.01037037037037037,-90.67,27.490000000000002,15,24
-4537,1375,13,0.00962962962962963,-90.73,27.51,15,24
-4532,1362,12,0.008888888888888889,-90.63,27.25,15,24
-4535,1377,11,0.008148148148148147,-90.69,27.55,15,24
-4534,1368,11,0.008148148148148147,-90.67,27.37,15,24
-4533,1368,11,0.008148148148148147,-90.65,27.37,15,24
-4533,1362,11,0.008148148148148147,-90.65,27.25,15,24
-4537,1376,10,0.007407407407407408,-90.73,27.53,15,24
-4537,1380,10,0.007407407407407408,-90.73,27.61,15,24
-4535,1365,10,0.007407407407407408,-90.69,27.310000000000002,15,24
-4534,1369,10,0.007407407407407408,-90.67,27.39,15,24
-4535,1369,9,0.006666666666666667,-90.69,27.39,15,24
-4536,1377,7,0.005185185185185185,-90.71000000000001,27.55,15,24
-4533,1370,7,0.005185185185185185,-90.65,27.41,15,24
-4535,1380,6,0.0044444444444444444,-90.69,27.61,15,24
-4534,1367,6,0.0044444444444444444,-90.67,27.35,15,24
-4534,1366,6,0.0044444444444444444,-90.67,27.330000000000002,15,24
-4533,1371,6,0.0044444444444444444,-90.65,27.43,15,24
-4533,1365,6,0.0044444444444444444,-90.65,27.310000000000002,15,24
-4536,1370,6,0.0044444444444444444,-90.71000000000001,27.41,15,24
-4533,1366,6,0.0044444444444444444,-90.65,27.330000000000002,15,24
-4533,1367,6,0.0044444444444444444,-90.65,27.35,15,24
-4537,1377,5,0.003703703703703704,-90.73,27.55,15,24
-4537,1378,5,0.003703703703703704,-90.73,27.57,15,24
-4535,1364,5,0.003703703703703704,-90.69,27.29,15,24
-4532,1365,5,0.003703703703703704,-90.63,27.310000000000002,15,24
-4533,1369,4,0.002962962962962963,-90.65,27.39,15,24
-4535,1367,4,0.002962962962962963,-90.69,27.35,15,24
-4536,1369,4,0.002962962962962963,-90.71000000000001,27.39,15,24
-4536,1373,3,0.0022222222222222222,-90.71000000000001,27.47,15,24
-4538,1379,3,0.0022222222222222222,-90.75,27.59,15,24
-4537,1372,3,0.0022222222222222222,-90.73,27.45,15,24
-4537,1374,3,0.0022222222222222222,-90.73,27.490000000000002,15,24
-4535,1366,3,0.0022222222222222222,-90.69,27.330000000000002,15,24
-4535,1363,3,0.0022222222222222222,-90.69,27.27,15,24
-4536,1367,2,0.0014814814814814814,-90.71000000000001,27.35,15,24
-4537,1371,2,0.0014814814814814814,-90.73,27.43,15,24
-4534,1377,2,0.0014814814814814814,-90.67,27.55,15,24
-4531,1363,2,0.0014814814814814814,-90.61,27.27,15,24
-4534,1376,2,0.0014814814814814814,-90.67,27.53,15,24
-4536,1381,2,0.0014814814814814814,-90.71000000000001,27.63,15,24
-4536,1366,2,0.0014814814814814814,-90.71000000000001,27.330000000000002,15,24
-4536,1368,1,0.0007407407407407407,-90.71000000000001,27.37,15,24
-4537,1369,1,0.0007407407407407407,-90.73,27.39,15,24
-4538,1375,1,0.0007407407407407407,-90.75,27.51,15,24
-4538,1374,1,0.0007407407407407407,-90.75,27.490000000000002,15,24
-4537,1367,1,0.0007407407407407407,-90.73,27.35,15,24
-4538,1380,1,0.0007407407407407407,-90.75,27.61,15,24
-4537,1373,1,0.0007407407407407407,-90.73,27.47,15,24
-4536,1365,1,0.0007407407407407407,-90.71000000000001,27.310000000000002,15,24
-4534,1362,1,0.0007407407407407407,-90.67,27.25,15,24
-4535,1362,1,0.0007407407407407407,-90.69,27.25,15,24
-4535,1368,1,0.0007407407407407407,-90.69,27.37,15,24
-4534,1379,1,0.0007407407407407407,-90.67,27.59,15,24
-4534,1380,1,0.0007407407407407407,-90.67,27.61,15,24
-4533,1372,1,0.0007407407407407407,-90.65,27.45,15,24
-4532,1361,1,0.0007407407407407407,-90.63,27.23,15,24
-4533,1375,1,0.0007407407407407407,-90.65,27.51,15,24
-4532,1366,1,0.0007407407407407407,-90.63,27.330000000000002,15,24
-4532,1370,1,0.0007407407407407407,-90.63,27.41,15,24
-4532,1367,1,0.0007407407407407407,-90.63,27.35,15,24
-4532,1371,1,0.0007407407407407407,-90.63,27.43,15,24
-4532,1373,1,0.0007407407407407407,-90.63,27.47,15,24
-4531,1362,1,0.0007407407407407407,-90.61,27.25,15,24
-4531,1369,1,0.0007407407407407407,-90.61,27.39,15,24
-4542,1364,82,0.06074074074074074,-90.83,27.29,15,48
-4541,1374,55,0.040740740740740744,-90.81,27.490000000000002,15,48
-4541,1368,52,0.03851851851851852,-90.81,27.37,15,48
-4541,1369,51,0.03777777777777778,-90.81,27.39,15,48
-4541,1373,50,0.037037037037037035,-90.81,27.47,15,48
-4539,1355,48,0.035555555555555556,-90.77,27.11,15,48
-4543,1364,48,0.035555555555555556,-90.85000000000001,27.29,15,48
-4540,1356,47,0.03481481481481481,-90.79,27.13,15,48
-4542,1368,43,0.03185185185185185,-90.83,27.37,15,48
-4542,1369,41,0.03037037037037037,-90.83,27.39,15,48
-4542,1363,35,0.025925925925925925,-90.83,27.27,15,48
-4538,1355,29,0.02148148148148148,-90.75,27.11,15,48
-4541,1372,26,0.01925925925925926,-90.81,27.45,15,48
-4542,1373,25,0.018518518518518517,-90.83,27.47,15,48
-4542,1367,25,0.018518518518518517,-90.83,27.35,15,48
-4542,1374,23,0.017037037037037038,-90.83,27.490000000000002,15,48
-4541,1363,22,0.016296296296296295,-90.81,27.27,15,48
-4542,1365,22,0.016296296296296295,-90.83,27.310000000000002,15,48
-4541,1364,21,0.015555555555555555,-90.81,27.29,15,48
-4541,1367,21,0.015555555555555555,-90.81,27.35,15,48
-4539,1356,19,0.014074074074074074,-90.77,27.13,15,48
-4541,1370,18,0.013333333333333334,-90.81,27.41,15,48
-4540,1355,16,0.011851851851851851,-90.79,27.11,15,48
-4541,1356,14,0.01037037037037037,-90.81,27.13,15,48
-4543,1363,14,0.01037037037037037,-90.85000000000001,27.27,15,48
-4543,1365,14,0.01037037037037037,-90.85000000000001,27.310000000000002,15,48
-4540,1373,13,0.00962962962962963,-90.79,27.47,15,48
-4538,1354,13,0.00962962962962963,-90.75,27.09,15,48
-4544,1364,12,0.008888888888888889,-90.87,27.29,15,48
-4541,1375,12,0.008888888888888889,-90.81,27.51,15,48
-4542,1375,12,0.008888888888888889,-90.83,27.51,15,48
-4542,1370,12,0.008888888888888889,-90.83,27.41,15,48
-4541,1366,11,0.008148148148148147,-90.81,27.330000000000002,15,48
-4541,1362,11,0.008148148148148147,-90.81,27.25,15,48
-4540,1369,11,0.008148148148148147,-90.79,27.39,15,48
-4542,1362,11,0.008148148148148147,-90.83,27.25,15,48
-4540,1374,10,0.007407407407407408,-90.79,27.490000000000002,15,48
-4541,1371,10,0.007407407407407408,-90.81,27.43,15,48
-4544,1365,10,0.007407407407407408,-90.87,27.310000000000002,15,48
-4541,1365,9,0.006666666666666667,-90.81,27.310000000000002,15,48
-4541,1357,9,0.006666666666666667,-90.81,27.150000000000002,15,48
-4540,1357,9,0.006666666666666667,-90.79,27.150000000000002,15,48
-4540,1363,9,0.006666666666666667,-90.79,27.27,15,48
-4541,1360,9,0.006666666666666667,-90.81,27.21,15,48
-4541,1361,9,0.006666666666666667,-90.81,27.23,15,48
-4542,1357,9,0.006666666666666667,-90.83,27.150000000000002,15,48
-4543,1369,9,0.006666666666666667,-90.85000000000001,27.39,15,48
-4540,1370,8,0.005925925925925926,-90.79,27.41,15,48
-4540,1368,8,0.005925925925925926,-90.79,27.37,15,48
-4542,1371,8,0.005925925925925926,-90.83,27.43,15,48
-4541,1359,8,0.005925925925925926,-90.81,27.19,15,48
-4543,1368,7,0.005185185185185185,-90.85000000000001,27.37,15,48
-4540,1354,7,0.005185185185185185,-90.79,27.09,15,48
-4540,1371,7,0.005185185185185185,-90.79,27.43,15,48
-4542,1372,7,0.005185185185185185,-90.83,27.45,15,48
-4540,1372,7,0.005185185185185185,-90.79,27.45,15,48
-4540,1367,6,0.0044444444444444444,-90.79,27.35,15,48
-4540,1364,6,0.0044444444444444444,-90.79,27.29,15,48
-4542,1366,6,0.0044444444444444444,-90.83,27.330000000000002,15,48
-4541,1353,6,0.0044444444444444444,-90.81,27.07,15,48
-4540,1360,6,0.0044444444444444444,-90.79,27.21,15,48
-4539,1363,5,0.003703703703703704,-90.77,27.27,15,48
-4539,1365,5,0.003703703703703704,-90.77,27.310000000000002,15,48
-4537,1355,5,0.003703703703703704,-90.73,27.11,15,48
-4539,1357,5,0.003703703703703704,-90.77,27.150000000000002,15,48
-4542,1361,5,0.003703703703703704,-90.83,27.23,15,48
-4542,1356,5,0.003703703703703704,-90.83,27.13,15,48
-4540,1359,5,0.003703703703703704,-90.79,27.19,15,48
-4540,1365,4,0.002962962962962963,-90.79,27.310000000000002,15,48
-4538,1356,4,0.002962962962962963,-90.75,27.13,15,48
-4540,1366,4,0.002962962962962963,-90.79,27.330000000000002,15,48
-4541,1355,4,0.002962962962962963,-90.81,27.11,15,48
-4543,1366,4,0.002962962962962963,-90.85000000000001,27.330000000000002,15,48
-4543,1370,4,0.002962962962962963,-90.85000000000001,27.41,15,48
-4539,1367,4,0.002962962962962963,-90.77,27.35,15,48
-4538,1357,4,0.002962962962962963,-90.75,27.150000000000002,15,48
-4540,1361,3,0.0022222222222222222,-90.79,27.23,15,48
-4542,1355,3,0.0022222222222222222,-90.83,27.11,15,48
-4539,1358,3,0.0022222222222222222,-90.77,27.17,15,48
-4539,1364,3,0.0022222222222222222,-90.77,27.29,15,48
-4539,1362,3,0.0022222222222222222,-90.77,27.25,15,48
-4539,1359,3,0.0022222222222222222,-90.77,27.19,15,48
-4540,1375,3,0.0022222222222222222,-90.79,27.51,15,48
-4537,1353,3,0.0022222222222222222,-90.73,27.07,15,48
-4540,1358,3,0.0022222222222222222,-90.79,27.17,15,48
-4538,1362,3,0.0022222222222222222,-90.75,27.25,15,48
-4541,1354,3,0.0022222222222222222,-90.81,27.09,15,48
-4539,1369,3,0.0022222222222222222,-90.77,27.39,15,48
-4539,1361,2,0.0014814814814814814,-90.77,27.23,15,48
-4544,1359,2,0.0014814814814814814,-90.87,27.19,15,48
-4544,1363,2,0.0014814814814814814,-90.87,27.27,15,48
-4537,1358,2,0.0014814814814814814,-90.73,27.17,15,48
-4538,1359,2,0.0014814814814814814,-90.75,27.19,15,48
-4539,1368,2,0.0014814814814814814,-90.77,27.37,15,48
-4538,1358,2,0.0014814814814814814,-90.75,27.17,15,48
-4539,1360,2,0.0014814814814814814,-90.77,27.21,15,48
-4539,1354,2,0.0014814814814814814,-90.77,27.09,15,48
-4539,1353,2,0.0014814814814814814,-90.77,27.07,15,48
-4539,1366,2,0.0014814814814814814,-90.77,27.330000000000002,15,48
-4544,1366,2,0.0014814814814814814,-90.87,27.330000000000002,15,48
-4543,1357,2,0.0014814814814814814,-90.85000000000001,27.150000000000002,15,48
-4538,1353,2,0.0014814814814814814,-90.75,27.07,15,48
-4539,1371,2,0.0014814814814814814,-90.77,27.43,15,48
-4542,1358,2,0.0014814814814814814,-90.83,27.17,15,48
-4543,1374,2,0.0014814814814814814,-90.85000000000001,27.490000000000002,15,48
-4542,1376,2,0.0014814814814814814,-90.83,27.53,15,48
-4547,1355,1,0.0007407407407407407,-90.93,27.11,15,48
-4544,1362,1,0.0007407407407407407,-90.87,27.25,15,48
-4544,1361,1,0.0007407407407407407,-90.87,27.23,15,48
-4544,1358,1,0.0007407407407407407,-90.87,27.17,15,48
-4544,1356,1,0.0007407407407407407,-90.87,27.13,15,48
-4544,1353,1,0.0007407407407407407,-90.87,27.07,15,48
-4544,1354,1,0.0007407407407407407,-90.87,27.09,15,48
-4545,1363,1,0.0007407407407407407,-90.89,27.27,15,48
-4545,1359,1,0.0007407407407407407,-90.89,27.19,15,48
-4548,1359,1,0.0007407407407407407,-90.95,27.19,15,48
-4543,1359,1,0.0007407407407407407,-90.85000000000001,27.19,15,48
-4542,1354,1,0.0007407407407407407,-90.83,27.09,15,48
-4542,1360,1,0.0007407407407407407,-90.83,27.21,15,48
-4543,1358,1,0.0007407407407407407,-90.85000000000001,27.17,15,48
-4543,1367,1,0.0007407407407407407,-90.85000000000001,27.35,15,48
-4544,1373,1,0.0007407407407407407,-90.87,27.47,15,48
-4544,1368,1,0.0007407407407407407,-90.87,27.37,15,48
-4541,1358,1,0.0007407407407407407,-90.81,27.17,15,48
-4541,1352,1,0.0007407407407407407,-90.81,27.05,15,48
-4543,1360,1,0.0007407407407407407,-90.85000000000001,27.21,15,48
-4543,1362,1,0.0007407407407407407,-90.85000000000001,27.25,15,48
-4544,1369,1,0.0007407407407407407,-90.87,27.39,15,48
-4540,1362,1,0.0007407407407407407,-90.79,27.25,15,48
-4540,1377,1,0.0007407407407407407,-90.79,27.55,15,48
-4539,1350,1,0.0007407407407407407,-90.77,27.01,15,48
-4539,1352,1,0.0007407407407407407,-90.77,27.05,15,48
-4540,1376,1,0.0007407407407407407,-90.79,27.53,15,48
-4539,1372,1,0.0007407407407407407,-90.77,27.45,15,48
-4538,1352,1,0.0007407407407407407,-90.75,27.05,15,48
-4537,1354,1,0.0007407407407407407,-90.73,27.09,15,48
-4537,1359,1,0.0007407407407407407,-90.73,27.19,15,48
-4536,1356,1,0.0007407407407407407,-90.71000000000001,27.13,15,48
-4536,1365,1,0.0007407407407407407,-90.71000000000001,27.310000000000002,15,48
-4554,1357,58,0.04296296296296296,-91.07000000000001,27.150000000000002,15,72
-4554,1364,50,0.037037037037037035,-91.07000000000001,27.29,15,72
-4553,1360,48,0.035555555555555556,-91.05,27.21,15,72
-4554,1360,45,0.03333333333333333,-91.07000000000001,27.21,15,72
-4554,1359,43,0.03185185185185185,-91.07000000000001,27.19,15,72
-4554,1356,34,0.025185185185185185,-91.07000000000001,27.13,15,72
-4555,1357,33,0.024444444444444446,-91.09,27.150000000000002,15,72
-4553,1359,30,0.022222222222222223,-91.05,27.19,15,72
-4545,1350,30,0.022222222222222223,-90.89,27.01,15,72
-4553,1357,29,0.02148148148148148,-91.05,27.150000000000002,15,72
-4553,1356,29,0.02148148148148148,-91.05,27.13,15,72
-4554,1363,28,0.02074074074074074,-91.07000000000001,27.27,15,72
-4554,1361,27,0.02,-91.07000000000001,27.23,15,72
-4553,1363,26,0.01925925925925926,-91.05,27.27,15,72
-4554,1358,26,0.01925925925925926,-91.07000000000001,27.17,15,72
-4553,1361,25,0.018518518518518517,-91.05,27.23,15,72
-4553,1364,25,0.018518518518518517,-91.05,27.29,15,72
-4546,1350,25,0.018518518518518517,-90.91,27.01,15,72
-4554,1362,23,0.017037037037037038,-91.07000000000001,27.25,15,72
-4553,1358,19,0.014074074074074074,-91.05,27.17,15,72
-4553,1355,19,0.014074074074074074,-91.05,27.11,15,72
-4555,1358,19,0.014074074074074074,-91.09,27.17,15,72
-4555,1360,18,0.013333333333333334,-91.09,27.21,15,72
-4555,1356,18,0.013333333333333334,-91.09,27.13,15,72
-4552,1356,15,0.011111111111111112,-91.03,27.13,15,72
-4555,1359,15,0.011111111111111112,-91.09,27.19,15,72
-4552,1361,14,0.01037037037037037,-91.03,27.23,15,72
-4547,1351,14,0.01037037037037037,-90.93,27.03,15,72
-4544,1349,14,0.01037037037037037,-90.87,26.990000000000002,15,72
-4554,1355,13,0.00962962962962963,-91.07000000000001,27.11,15,72
-4556,1357,13,0.00962962962962963,-91.11,27.150000000000002,15,72
-4554,1365,13,0.00962962962962963,-91.07000000000001,27.310000000000002,15,72
-4552,1355,13,0.00962962962962963,-91.03,27.11,15,72
-4544,1350,13,0.00962962962962963,-90.87,27.01,15,72
-4545,1349,12,0.008888888888888889,-90.89,26.990000000000002,15,72
-4556,1358,12,0.008888888888888889,-91.11,27.17,15,72
-4552,1360,11,0.008148148148148147,-91.03,27.21,15,72
-4555,1364,11,0.008148148148148147,-91.09,27.29,15,72
-4546,1351,11,0.008148148148148147,-90.91,27.03,15,72
-4553,1354,10,0.007407407407407408,-91.05,27.09,15,72
-4555,1363,10,0.007407407407407408,-91.09,27.27,15,72
-4553,1362,10,0.007407407407407408,-91.05,27.25,15,72
-4552,1359,10,0.007407407407407408,-91.03,27.19,15,72
-4548,1351,9,0.006666666666666667,-90.95,27.03,15,72
-4552,1357,9,0.006666666666666667,-91.03,27.150000000000002,15,72
-4547,1350,9,0.006666666666666667,-90.93,27.01,15,72
-4543,1349,9,0.006666666666666667,-90.85000000000001,26.990000000000002,15,72
-4552,1358,8,0.005925925925925926,-91.03,27.17,15,72
-4553,1365,8,0.005925925925925926,-91.05,27.310000000000002,15,72
-4555,1365,8,0.005925925925925926,-91.09,27.310000000000002,15,72
-4552,1354,7,0.005185185185185185,-91.03,27.09,15,72
-4556,1361,6,0.0044444444444444444,-91.11,27.23,15,72
-4553,1352,6,0.0044444444444444444,-91.05,27.05,15,72
-4552,1364,6,0.0044444444444444444,-91.03,27.29,15,72
-4552,1362,6,0.0044444444444444444,-91.03,27.25,15,72
-4549,1351,6,0.0044444444444444444,-90.97,27.03,15,72
-4552,1352,6,0.0044444444444444444,-91.03,27.05,15,72
-4555,1361,6,0.0044444444444444444,-91.09,27.23,15,72
-4551,1350,5,0.003703703703703704,-91.01,27.01,15,72
-4552,1363,5,0.003703703703703704,-91.03,27.27,15,72
-4555,1362,5,0.003703703703703704,-91.09,27.25,15,72
-4555,1355,5,0.003703703703703704,-91.09,27.11,15,72
-4549,1352,5,0.003703703703703704,-90.97,27.05,15,72
-4550,1348,5,0.003703703703703704,-90.99,26.97,15,72
-4549,1347,5,0.003703703703703704,-90.97,26.95,15,72
-4551,1352,5,0.003703703703703704,-91.01,27.05,15,72
-4546,1349,5,0.003703703703703704,-90.91,26.990000000000002,15,72
-4553,1353,4,0.002962962962962963,-91.05,27.07,15,72
-4556,1362,4,0.002962962962962963,-91.11,27.25,15,72
-4556,1360,4,0.002962962962962963,-91.11,27.21,15,72
-4548,1345,4,0.002962962962962963,-90.95,26.91,15,72
-4548,1349,4,0.002962962962962963,-90.95,26.990000000000002,15,72
-4553,1366,4,0.002962962962962963,-91.05,27.330000000000002,15,72
-4551,1347,4,0.002962962962962963,-91.01,26.95,15,72
-4551,1355,4,0.002962962962962963,-91.01,27.11,15,72
-4547,1349,4,0.002962962962962963,-90.93,26.990000000000002,15,72
-4555,1354,4,0.002962962962962963,-91.09,27.09,15,72
-4554,1354,4,0.002962962962962963,-91.07000000000001,27.09,15,72
-4544,1348,3,0.0022222222222222222,-90.87,26.97,15,72
-4546,1346,3,0.0022222222222222222,-90.91,26.93,15,72
-4546,1347,3,0.0022222222222222222,-90.91,26.95,15,72
-4550,1350,3,0.0022222222222222222,-90.99,27.01,15,72
-4549,1349,3,0.0022222222222222222,-90.97,26.990000000000002,15,72
-4551,1353,3,0.0022222222222222222,-91.01,27.07,15,72
-4551,1349,3,0.0022222222222222222,-91.01,26.990000000000002,15,72
-4548,1352,3,0.0022222222222222222,-90.95,27.05,15,72
-4548,1348,3,0.0022222222222222222,-90.95,26.97,15,72
-4548,1350,3,0.0022222222222222222,-90.95,27.01,15,72
-4548,1347,3,0.0022222222222222222,-90.95,26.95,15,72
-4550,1352,3,0.0022222222222222222,-90.99,27.05,15,72
-4552,1353,3,0.0022222222222222222,-91.03,27.07,15,72
-4557,1358,3,0.0022222222222222222,-91.13,27.17,15,72
-4553,1349,3,0.0022222222222222222,-91.05,26.990000000000002,15,72
-4553,1350,3,0.0022222222222222222,-91.05,27.01,15,72
-4555,1353,3,0.0022222222222222222,-91.09,27.07,15,72
-4547,1348,3,0.0022222222222222222,-90.93,26.97,15,72
-4545,1351,3,0.0022222222222222222,-90.89,27.03,15,72
-4551,1345,3,0.0022222222222222222,-91.01,26.91,15,72
-4551,1354,3,0.0022222222222222222,-91.01,27.09,15,72
-4551,1357,3,0.0022222222222222222,-91.01,27.150000000000002,15,72
-4543,1350,2,0.0014814814814814814,-90.85000000000001,27.01,15,72
-4542,1350,2,0.0014814814814814814,-90.83,27.01,15,72
-4551,1351,2,0.0014814814814814814,-91.01,27.03,15,72
-4551,1360,2,0.0014814814814814814,-91.01,27.21,15,72
-4552,1346,2,0.0014814814814814814,-91.03,26.93,15,72
-4552,1345,2,0.0014814814814814814,-91.03,26.91,15,72
-4552,1350,2,0.0014814814814814814,-91.03,27.01,15,72
-4547,1347,2,0.0014814814814814814,-90.93,26.95,15,72
-4543,1348,2,0.0014814814814814814,-90.85000000000001,26.97,15,72
-4547,1352,2,0.0014814814814814814,-90.93,27.05,15,72
-4548,1346,2,0.0014814814814814814,-90.95,26.93,15,72
-4548,1344,2,0.0014814814814814814,-90.95,26.89,15,72
-4553,1347,2,0.0014814814814814814,-91.05,26.95,15,72
-4555,1366,2,0.0014814814814814814,-91.09,27.330000000000002,15,72
-4554,1353,2,0.0014814814814814814,-91.07000000000001,27.07,15,72
-4554,1350,2,0.0014814814814814814,-91.07000000000001,27.01,15,72
-4556,1355,2,0.0014814814814814814,-91.11,27.11,15,72
-4557,1346,2,0.0014814814814814814,-91.13,26.93,15,72
-4556,1364,2,0.0014814814814814814,-91.11,27.29,15,72
-4556,1359,2,0.0014814814814814814,-91.11,27.19,15,72
-4556,1356,2,0.0014814814814814814,-91.11,27.13,15,72
-4554,1352,2,0.0014814814814814814,-91.07000000000001,27.05,15,72
-4554,1367,2,0.0014814814814814814,-91.07000000000001,27.35,15,72
-4552,1365,2,0.0014814814814814814,-91.03,27.310000000000002,15,72
-4552,1347,2,0.0014814814814814814,-91.03,26.95,15,72
-4549,1350,2,0.0014814814814814814,-90.97,27.01,15,72
-4552,1344,2,0.0014814814814814814,-91.03,26.89,15,72
-4550,1345,2,0.0014814814814814814,-90.99,26.91,15,72
-4551,1348,2,0.0014814814814814814,-91.01,26.97,15,72
-4550,1347,2,0.0014814814814814814,-90.99,26.95,15,72
-4550,1342,2,0.0014814814814814814,-90.99,26.85,15,72
-4549,1346,2,0.0014814814814814814,-90.97,26.93,15,72
-4554,1366,1,0.0007407407407407407,-91.07000000000001,27.330000000000002,15,72
-4554,1351,1,0.0007407407407407407,-91.07000000000001,27.03,15,72
-4554,1343,1,0.0007407407407407407,-91.07000000000001,26.87,15,72
-4554,1344,1,0.0007407407407407407,-91.07000000000001,26.89,15,72
-4554,1349,1,0.0007407407407407407,-91.07000000000001,26.990000000000002,15,72
-4558,1357,1,0.0007407407407407407,-91.15,27.150000000000002,15,72
-4556,1363,1,0.0007407407407407407,-91.11,27.27,15,72
-4559,1356,1,0.0007407407407407407,-91.17,27.13,15,72
-4557,1357,1,0.0007407407407407407,-91.13,27.150000000000002,15,72
-4555,1350,1,0.0007407407407407407,-91.09,27.01,15,72
-4558,1356,1,0.0007407407407407407,-91.15,27.13,15,72
-4561,1350,1,0.0007407407407407407,-91.21000000000001,27.01,15,72
-4555,1367,1,0.0007407407407407407,-91.09,27.35,15,72
-4553,1351,1,0.0007407407407407407,-91.05,27.03,15,72
-4553,1348,1,0.0007407407407407407,-91.05,26.97,15,72
-4552,1342,1,0.0007407407407407407,-91.03,26.85,15,72
-4552,1343,1,0.0007407407407407407,-91.03,26.87,15,72
-4552,1348,1,0.0007407407407407407,-91.03,26.97,15,72
-4551,1364,1,0.0007407407407407407,-91.01,27.29,15,72
-4551,1365,1,0.0007407407407407407,-91.01,27.310000000000002,15,72
-4551,1367,1,0.0007407407407407407,-91.01,27.35,15,72
-4551,1359,1,0.0007407407407407407,-91.01,27.19,15,72
-4551,1361,1,0.0007407407407407407,-91.01,27.23,15,72
-4551,1342,1,0.0007407407407407407,-91.01,26.85,15,72
-4551,1344,1,0.0007407407407407407,-91.01,26.89,15,72
-4551,1346,1,0.0007407407407407407,-91.01,26.93,15,72
-4552,1367,1,0.0007407407407407407,-91.03,27.35,15,72
-4551,1358,1,0.0007407407407407407,-91.01,27.17,15,72
-4552,1351,1,0.0007407407407407407,-91.03,27.03,15,72
-4550,1351,1,0.0007407407407407407,-90.99,27.03,15,72
-4550,1349,1,0.0007407407407407407,-90.99,26.990000000000002,15,72
-4550,1344,1,0.0007407407407407407,-90.99,26.89,15,72
-4550,1346,1,0.0007407407407407407,-90.99,26.93,15,72
-4551,1362,1,0.0007407407407407407,-91.01,27.25,15,72
-4550,1353,1,0.0007407407407407407,-90.99,27.07,15,72
-4550,1355,1,0.0007407407407407407,-90.99,27.11,15,72
-4550,1356,1,0.0007407407407407407,-90.99,27.13,15,72
-4549,1342,1,0.0007407407407407407,-90.97,26.85,15,72
-4550,1360,1,0.0007407407407407407,-90.99,27.21,15,72
-4550,1358,1,0.0007407407407407407,-90.99,27.17,15,72
-4550,1357,1,0.0007407407407407407,-90.99,27.150000000000002,15,72
-4549,1345,1,0.0007407407407407407,-90.97,26.91,15,72
-4549,1344,1,0.0007407407407407407,-90.97,26.89,15,72
-4549,1343,1,0.0007407407407407407,-90.97,26.87,15,72
-4549,1348,1,0.0007407407407407407,-90.97,26.97,15,72
-4547,1342,1,0.0007407407407407407,-90.93,26.85,15,72
-4547,1340,1,0.0007407407407407407,-90.93,26.810000000000002,15,72
-4548,1354,1,0.0007407407407407407,-90.95,27.09,15,72
-4549,1354,1,0.0007407407407407407,-90.97,27.09,15,72
-4548,1343,1,0.0007407407407407407,-90.95,26.87,15,72
-4547,1343,1,0.0007407407407407407,-90.93,26.87,15,72
-4546,1344,1,0.0007407407407407407,-90.91,26.89,15,72
-4547,1345,1,0.0007407407407407407,-90.93,26.91,15,72
-4546,1352,1,0.0007407407407407407,-90.91,27.05,15,72
-4546,1342,1,0.0007407407407407407,-90.91,26.85,15,72
-4545,1344,1,0.0007407407407407407,-90.89,26.89,15,72
-4545,1343,1,0.0007407407407407407,-90.89,26.87,15,72
-4544,1347,1,0.0007407407407407407,-90.87,26.95,15,72
-4544,1351,1,0.0007407407407407407,-90.87,27.03,15,72
-4542,1349,1,0.0007407407407407407,-90.83,26.990000000000002,15,72
-4540,1348,1,0.0007407407407407407,-90.79,26.97,15,72
-4459,1418,85,0.06296296296296296,-89.17,28.37,1,24
-4460,1418,84,0.06222222222222222,-89.19,28.37,1,24
-4459,1421,82,0.06074074074074074,-89.17,28.43,1,24
-4459,1424,80,0.05925925925925926,-89.17,28.490000000000002,1,24
-4460,1424,66,0.04888888888888889,-89.19,28.490000000000002,1,24
-4460,1421,59,0.0437037037037037,-89.19,28.43,1,24
-4460,1412,57,0.042222222222222223,-89.19,28.25,1,24
-4460,1422,53,0.03925925925925926,-89.19,28.45,1,24
-4460,1419,52,0.03851851851851852,-89.19,28.39,1,24
-4459,1412,44,0.03259259259259259,-89.17,28.25,1,24
-4460,1425,44,0.03259259259259259,-89.19,28.51,1,24
-4459,1411,42,0.03111111111111111,-89.17,28.23,1,24
-4459,1422,35,0.025925925925925925,-89.17,28.45,1,24
-4459,1420,34,0.025185185185185185,-89.17,28.41,1,24
-4458,1421,31,0.022962962962962963,-89.15,28.43,1,24
-4459,1425,27,0.02,-89.17,28.51,1,24
-4459,1419,26,0.01925925925925926,-89.17,28.39,1,24
-4460,1417,20,0.014814814814814815,-89.19,28.35,1,24
-4459,1417,20,0.014814814814814815,-89.17,28.35,1,24
-4461,1422,20,0.014814814814814815,-89.21000000000001,28.45,1,24
-4460,1413,20,0.014814814814814815,-89.19,28.27,1,24
-4459,1423,18,0.013333333333333334,-89.17,28.47,1,24
-4461,1424,18,0.013333333333333334,-89.21000000000001,28.490000000000002,1,24
-4461,1419,16,0.011851851851851851,-89.21000000000001,28.39,1,24
-4461,1418,16,0.011851851851851851,-89.21000000000001,28.37,1,24
-4458,1411,16,0.011851851851851851,-89.15,28.23,1,24
-4461,1421,15,0.011111111111111112,-89.21000000000001,28.43,1,24
-4459,1413,15,0.011111111111111112,-89.17,28.27,1,24
-4458,1424,15,0.011111111111111112,-89.15,28.490000000000002,1,24
-4461,1412,14,0.01037037037037037,-89.21000000000001,28.25,1,24
-4461,1425,13,0.00962962962962963,-89.21000000000001,28.51,1,24
-4460,1411,13,0.00962962962962963,-89.19,28.23,1,24
-4461,1413,13,0.00962962962962963,-89.21000000000001,28.27,1,24
-4458,1423,12,0.008888888888888889,-89.15,28.47,1,24
-4458,1418,11,0.008148148148148147,-89.15,28.37,1,24
-4458,1420,11,0.008148148148148147,-89.15,28.41,1,24
-4460,1423,11,0.008148148148148147,-89.19,28.47,1,24
-4460,1420,10,0.007407407407407408,-89.19,28.41,1,24
-4458,1422,9,0.006666666666666667,-89.15,28.45,1,24
-4459,1416,9,0.006666666666666667,-89.17,28.330000000000002,1,24
-4459,1414,8,0.005925925925925926,-89.17,28.29,1,24
-4458,1417,8,0.005925925925925926,-89.15,28.35,1,24
-4458,1419,8,0.005925925925925926,-89.15,28.39,1,24
-4458,1412,7,0.005185185185185185,-89.15,28.25,1,24
-4458,1415,5,0.003703703703703704,-89.15,28.310000000000002,1,24
-4461,1411,5,0.003703703703703704,-89.21000000000001,28.23,1,24
-4460,1416,5,0.003703703703703704,-89.19,28.330000000000002,1,24
-4458,1416,5,0.003703703703703704,-89.15,28.330000000000002,1,24
-4460,1414,5,0.003703703703703704,-89.19,28.29,1,24
-4457,1421,4,0.002962962962962963,-89.13,28.43,1,24
-4458,1410,4,0.002962962962962963,-89.15,28.21,1,24
-4458,1413,4,0.002962962962962963,-89.15,28.27,1,24
-4460,1410,3,0.0022222222222222222,-89.19,28.21,1,24
-4461,1416,3,0.0022222222222222222,-89.21000000000001,28.330000000000002,1,24
-4462,1418,3,0.0022222222222222222,-89.23,28.37,1,24
-4458,1425,3,0.0022222222222222222,-89.15,28.51,1,24
-4457,1418,3,0.0022222222222222222,-89.13,28.37,1,24
-4459,1410,3,0.0022222222222222222,-89.17,28.21,1,24
-4460,1415,3,0.0022222222222222222,-89.19,28.310000000000002,1,24
-4459,1415,2,0.0014814814814814814,-89.17,28.310000000000002,1,24
-4461,1415,2,0.0014814814814814814,-89.21000000000001,28.310000000000002,1,24
-4462,1424,2,0.0014814814814814814,-89.23,28.490000000000002,1,24
-4461,1420,2,0.0014814814814814814,-89.21000000000001,28.41,1,24
-4461,1423,2,0.0014814814814814814,-89.21000000000001,28.47,1,24
-4457,1412,2,0.0014814814814814814,-89.13,28.25,1,24
-4461,1417,1,0.0007407407407407407,-89.21000000000001,28.35,1,24
-4462,1414,1,0.0007407407407407407,-89.23,28.29,1,24
-4461,1414,1,0.0007407407407407407,-89.21000000000001,28.29,1,24
-4462,1419,1,0.0007407407407407407,-89.23,28.39,1,24
-4462,1425,1,0.0007407407407407407,-89.23,28.51,1,24
-4458,1414,1,0.0007407407407407407,-89.15,28.29,1,24
-4459,1426,1,0.0007407407407407407,-89.17,28.53,1,24
-4457,1411,1,0.0007407407407407407,-89.13,28.23,1,24
-4457,1417,1,0.0007407407407407407,-89.13,28.35,1,24
-4457,1419,1,0.0007407407407407407,-89.13,28.39,1,24
-4457,1423,1,0.0007407407407407407,-89.13,28.47,1,24
-4457,1424,1,0.0007407407407407407,-89.13,28.490000000000002,1,24
-4456,1421,1,0.0007407407407407407,-89.11,28.43,1,24
-4461,1419,79,0.05851851851851852,-89.21000000000001,28.39,1,48
-4463,1421,62,0.045925925925925926,-89.25,28.43,1,48
-4460,1416,59,0.0437037037037037,-89.19,28.330000000000002,1,48
-4461,1416,53,0.03925925925925926,-89.21000000000001,28.330000000000002,1,48
-4462,1421,50,0.037037037037037035,-89.23,28.43,1,48
-4460,1419,48,0.035555555555555556,-89.19,28.39,1,48
-4463,1420,47,0.03481481481481481,-89.25,28.41,1,48
-4462,1419,43,0.03185185185185185,-89.23,28.39,1,48
-4461,1417,42,0.03111111111111111,-89.21000000000001,28.35,1,48
-4461,1421,42,0.03111111111111111,-89.21000000000001,28.43,1,48
-4460,1417,39,0.028888888888888888,-89.19,28.35,1,48
-4462,1420,35,0.025925925925925925,-89.23,28.41,1,48
-4462,1416,35,0.025925925925925925,-89.23,28.330000000000002,1,48
-4461,1420,33,0.024444444444444446,-89.21000000000001,28.41,1,48
-4466,1409,33,0.024444444444444446,-89.31,28.19,1,48
-4465,1408,33,0.024444444444444446,-89.29,28.17,1,48
-4466,1408,29,0.02148148148148148,-89.31,28.17,1,48
-4461,1418,27,0.02,-89.21000000000001,28.37,1,48
-4463,1419,26,0.01925925925925926,-89.25,28.39,1,48
-4465,1409,24,0.017777777777777778,-89.29,28.19,1,48
-4464,1421,19,0.014074074074074074,-89.27,28.43,1,48
-4460,1415,18,0.013333333333333334,-89.19,28.310000000000002,1,48
-4460,1420,18,0.013333333333333334,-89.19,28.41,1,48
-4461,1415,17,0.012592592592592593,-89.21000000000001,28.310000000000002,1,48
-4464,1420,17,0.012592592592592593,-89.27,28.41,1,48
-4459,1419,17,0.012592592592592593,-89.17,28.39,1,48
-4462,1417,17,0.012592592592592593,-89.23,28.35,1,48
-4465,1407,14,0.01037037037037037,-89.29,28.150000000000002,1,48
-4460,1418,14,0.01037037037037037,-89.19,28.37,1,48
-4459,1418,14,0.01037037037037037,-89.17,28.37,1,48
-4467,1409,13,0.00962962962962963,-89.33,28.19,1,48
-4463,1418,12,0.008888888888888889,-89.25,28.37,1,48
-4459,1416,12,0.008888888888888889,-89.17,28.330000000000002,1,48
-4462,1418,11,0.008148148148148147,-89.23,28.37,1,48
-4460,1421,11,0.008148148148148147,-89.19,28.43,1,48
-4459,1417,11,0.008148148148148147,-89.17,28.35,1,48
-4459,1420,10,0.007407407407407408,-89.17,28.41,1,48
-4466,1410,9,0.006666666666666667,-89.31,28.21,1,48
-4465,1410,9,0.006666666666666667,-89.29,28.21,1,48
-4459,1415,9,0.006666666666666667,-89.17,28.310000000000002,1,48
-4464,1408,9,0.006666666666666667,-89.27,28.17,1,48
-4458,1419,8,0.005925925925925926,-89.15,28.39,1,48
-4458,1418,8,0.005925925925925926,-89.15,28.37,1,48
-4464,1407,7,0.005185185185185185,-89.27,28.150000000000002,1,48
-4458,1416,7,0.005185185185185185,-89.15,28.330000000000002,1,48
-4465,1421,7,0.005185185185185185,-89.29,28.43,1,48
-4464,1409,7,0.005185185185185185,-89.27,28.19,1,48
-4460,1414,6,0.0044444444444444444,-89.19,28.29,1,48
-4459,1421,6,0.0044444444444444444,-89.17,28.43,1,48
-4463,1417,6,0.0044444444444444444,-89.25,28.35,1,48
-4466,1407,6,0.0044444444444444444,-89.31,28.150000000000002,1,48
-4464,1419,6,0.0044444444444444444,-89.27,28.39,1,48
-4467,1408,6,0.0044444444444444444,-89.33,28.17,1,48
-4462,1409,6,0.0044444444444444444,-89.23,28.19,1,48
-4461,1412,5,0.003703703703703704,-89.21000000000001,28.25,1,48
-4465,1420,5,0.003703703703703704,-89.29,28.41,1,48
-4461,1411,5,0.003703703703703704,-89.21000000000001,28.23,1,48
-4467,1410,4,0.002962962962962963,-89.33,28.21,1,48
-4458,1415,4,0.002962962962962963,-89.15,28.310000000000002,1,48
-4459,1414,4,0.002962962962962963,-89.17,28.29,1,48
-4458,1413,4,0.002962962962962963,-89.15,28.27,1,48
-4459,1412,4,0.002962962962962963,-89.17,28.25,1,48
-4458,1417,4,0.002962962962962963,-89.15,28.35,1,48
-4459,1411,4,0.002962962962962963,-89.17,28.23,1,48
-4460,1422,3,0.0022222222222222222,-89.19,28.45,1,48
-4461,1414,3,0.0022222222222222222,-89.21000000000001,28.29,1,48
-4461,1422,3,0.0022222222222222222,-89.21000000000001,28.45,1,48
-4462,1415,3,0.0022222222222222222,-89.23,28.310000000000002,1,48
-4462,1422,3,0.0022222222222222222,-89.23,28.45,1,48
-4460,1413,3,0.0022222222222222222,-89.19,28.27,1,48
-4459,1413,3,0.0022222222222222222,-89.17,28.27,1,48
-4458,1420,3,0.0022222222222222222,-89.15,28.41,1,48
-4464,1418,3,0.0022222222222222222,-89.27,28.37,1,48
-4467,1407,3,0.0022222222222222222,-89.33,28.150000000000002,1,48
-4464,1406,3,0.0022222222222222222,-89.27,28.13,1,48
-4462,1411,3,0.0022222222222222222,-89.23,28.23,1,48
-4464,1410,3,0.0022222222222222222,-89.27,28.21,1,48
-4465,1419,3,0.0022222222222222222,-89.29,28.39,1,48
-4468,1408,3,0.0022222222222222222,-89.35000000000001,28.17,1,48
-4466,1421,2,0.0014814814814814814,-89.31,28.43,1,48
-4466,1420,2,0.0014814814814814814,-89.31,28.41,1,48
-4462,1406,2,0.0014814814814814814,-89.23,28.13,1,48
-4465,1406,2,0.0014814814814814814,-89.29,28.13,1,48
-4462,1408,2,0.0014814814814814814,-89.23,28.17,1,48
-4464,1422,2,0.0014814814814814814,-89.27,28.45,1,48
-4463,1408,2,0.0014814814814814814,-89.25,28.17,1,48
-4464,1416,2,0.0014814814814814814,-89.27,28.330000000000002,1,48
-4463,1407,2,0.0014814814814814814,-89.25,28.150000000000002,1,48
-4462,1413,2,0.0014814814814814814,-89.23,28.27,1,48
-4457,1416,2,0.0014814814814814814,-89.13,28.330000000000002,1,48
-4457,1415,2,0.0014814814814814814,-89.13,28.310000000000002,1,48
-4460,1412,2,0.0014814814814814814,-89.19,28.25,1,48
-4458,1414,2,0.0014814814814814814,-89.15,28.29,1,48
-4463,1415,1,0.0007407407407407407,-89.25,28.310000000000002,1,48
-4463,1412,1,0.0007407407407407407,-89.25,28.25,1,48
-4463,1416,1,0.0007407407407407407,-89.25,28.330000000000002,1,48
-4463,1409,1,0.0007407407407407407,-89.25,28.19,1,48
-4463,1406,1,0.0007407407407407407,-89.25,28.13,1,48
-4464,1411,1,0.0007407407407407407,-89.27,28.23,1,48
-4467,1406,1,0.0007407407407407407,-89.33,28.13,1,48
-4468,1409,1,0.0007407407407407407,-89.35000000000001,28.19,1,48
-4466,1406,1,0.0007407407407407407,-89.31,28.13,1,48
-4467,1411,1,0.0007407407407407407,-89.33,28.23,1,48
-4466,1419,1,0.0007407407407407407,-89.31,28.39,1,48
-4465,1416,1,0.0007407407407407407,-89.29,28.330000000000002,1,48
-4462,1410,1,0.0007407407407407407,-89.23,28.21,1,48
-4463,1422,1,0.0007407407407407407,-89.25,28.45,1,48
-4463,1411,1,0.0007407407407407407,-89.25,28.23,1,48
-4463,1410,1,0.0007407407407407407,-89.25,28.21,1,48
-4462,1414,1,0.0007407407407407407,-89.23,28.29,1,48
-4461,1410,1,0.0007407407407407407,-89.21000000000001,28.21,1,48
-4460,1408,1,0.0007407407407407407,-89.19,28.17,1,48
-4460,1409,1,0.0007407407407407407,-89.19,28.19,1,48
-4460,1411,1,0.0007407407407407407,-89.19,28.23,1,48
-4460,1410,1,0.0007407407407407407,-89.19,28.21,1,48
-4458,1412,1,0.0007407407407407407,-89.15,28.25,1,48
-4457,1413,1,0.0007407407407407407,-89.13,28.27,1,48
-4457,1419,1,0.0007407407407407407,-89.13,28.39,1,48
-4456,1416,1,0.0007407407407407407,-89.11,28.330000000000002,1,48
-4456,1418,1,0.0007407407407407407,-89.11,28.37,1,48
-4456,1419,1,0.0007407407407407407,-89.11,28.39,1,48
-4466,1411,102,0.07555555555555556,-89.31,28.23,1,72
-4467,1412,71,0.052592592592592594,-89.33,28.25,1,72
-4466,1410,70,0.05185185185185185,-89.31,28.21,1,72
-4468,1412,69,0.051111111111111114,-89.35000000000001,28.25,1,72
-4467,1411,64,0.047407407407407405,-89.33,28.23,1,72
-4466,1412,59,0.0437037037037037,-89.31,28.25,1,72
-4465,1410,54,0.04,-89.29,28.21,1,72
-4465,1411,51,0.03777777777777778,-89.29,28.23,1,72
-4468,1411,50,0.037037037037037035,-89.35000000000001,28.23,1,72
-4465,1409,48,0.035555555555555556,-89.29,28.19,1,72
-4467,1410,39,0.028888888888888888,-89.33,28.21,1,72
-4466,1409,39,0.028888888888888888,-89.31,28.19,1,72
-4473,1404,29,0.02148148148148148,-89.45,28.09,1,72
-4469,1412,25,0.018518518518518517,-89.37,28.25,1,72
-4467,1409,24,0.017777777777777778,-89.33,28.19,1,72
-4465,1412,21,0.015555555555555555,-89.29,28.25,1,72
-4473,1405,21,0.015555555555555555,-89.45,28.11,1,72
-4464,1409,20,0.014814814814814815,-89.27,28.19,1,72
-4474,1404,20,0.014814814814814815,-89.47,28.09,1,72
-4464,1410,20,0.014814814814814815,-89.27,28.21,1,72
-4469,1411,19,0.014074074074074074,-89.37,28.23,1,72
-4464,1411,18,0.013333333333333334,-89.27,28.23,1,72
-4472,1404,18,0.013333333333333334,-89.43,28.09,1,72
-4474,1405,17,0.012592592592592593,-89.47,28.11,1,72
-4466,1408,14,0.01037037037037037,-89.31,28.17,1,72
-4465,1408,13,0.00962962962962963,-89.29,28.17,1,72
-4463,1409,11,0.008148148148148147,-89.25,28.19,1,72
-4463,1410,11,0.008148148148148147,-89.25,28.21,1,72
-4470,1412,10,0.007407407407407408,-89.39,28.25,1,72
-4474,1403,10,0.007407407407407408,-89.47,28.07,1,72
-4468,1413,9,0.006666666666666667,-89.35000000000001,28.27,1,72
-4468,1410,8,0.005925925925925926,-89.35000000000001,28.21,1,72
-4464,1408,8,0.005925925925925926,-89.27,28.17,1,72
-4466,1413,8,0.005925925925925926,-89.31,28.27,1,72
-4463,1407,8,0.005925925925925926,-89.25,28.150000000000002,1,72
-4473,1403,7,0.005185185185185185,-89.45,28.07,1,72
-4464,1412,6,0.0044444444444444444,-89.27,28.25,1,72
-4467,1413,6,0.0044444444444444444,-89.33,28.27,1,72
-4472,1403,6,0.0044444444444444444,-89.43,28.07,1,72
-4472,1402,6,0.0044444444444444444,-89.43,28.05,1,72
-4475,1405,6,0.0044444444444444444,-89.49,28.11,1,72
-4472,1405,5,0.003703703703703704,-89.43,28.11,1,72
-4467,1408,5,0.003703703703703704,-89.33,28.17,1,72
-4472,1401,5,0.003703703703703704,-89.43,28.03,1,72
-4463,1402,5,0.003703703703703704,-89.25,28.05,1,72
-4470,1411,5,0.003703703703703704,-89.39,28.23,1,72
-4470,1399,5,0.003703703703703704,-89.39,27.990000000000002,1,72
-4467,1404,5,0.003703703703703704,-89.33,28.09,1,72
-4475,1404,5,0.003703703703703704,-89.49,28.09,1,72
-4464,1407,5,0.003703703703703704,-89.27,28.150000000000002,1,72
-4462,1408,5,0.003703703703703704,-89.23,28.17,1,72
-4463,1411,5,0.003703703703703704,-89.25,28.23,1,72
-4470,1413,4,0.002962962962962963,-89.39,28.27,1,72
-4468,1409,4,0.002962962962962963,-89.35000000000001,28.19,1,72
-4471,1399,4,0.002962962962962963,-89.41,27.990000000000002,1,72
-4472,1406,4,0.002962962962962963,-89.43,28.13,1,72
-4465,1406,4,0.002962962962962963,-89.29,28.13,1,72
-4471,1403,4,0.002962962962962963,-89.41,28.07,1,72
-4471,1404,4,0.002962962962962963,-89.41,28.09,1,72
-4471,1411,4,0.002962962962962963,-89.41,28.23,1,72
-4473,1401,4,0.002962962962962963,-89.45,28.03,1,72
-4471,1405,3,0.0022222222222222222,-89.41,28.11,1,72
-4474,1406,3,0.0022222222222222222,-89.47,28.13,1,72
-4473,1402,3,0.0022222222222222222,-89.45,28.05,1,72
-4465,1413,3,0.0022222222222222222,-89.29,28.27,1,72
-4464,1403,3,0.0022222222222222222,-89.27,28.07,1,72
-4464,1406,3,0.0022222222222222222,-89.27,28.13,1,72
-4466,1405,3,0.0022222222222222222,-89.31,28.11,1,72
-4472,1399,3,0.0022222222222222222,-89.43,27.990000000000002,1,72
-4467,1407,3,0.0022222222222222222,-89.33,28.150000000000002,1,72
-4468,1404,3,0.0022222222222222222,-89.35000000000001,28.09,1,72
-4469,1413,3,0.0022222222222222222,-89.37,28.27,1,72
-4463,1408,3,0.0022222222222222222,-89.25,28.17,1,72
-4471,1412,3,0.0022222222222222222,-89.41,28.25,1,72
-4462,1409,3,0.0022222222222222222,-89.23,28.19,1,72
-4471,1397,2,0.0014814814814814814,-89.41,27.95,1,72
-4474,1402,2,0.0014814814814814814,-89.47,28.05,1,72
-4470,1410,2,0.0014814814814814814,-89.39,28.21,1,72
-4461,1406,2,0.0014814814814814814,-89.21000000000001,28.13,1,72
-4461,1403,2,0.0014814814814814814,-89.21000000000001,28.07,1,72
-4462,1407,2,0.0014814814814814814,-89.23,28.150000000000002,1,72
-4462,1404,2,0.0014814814814814814,-89.23,28.09,1,72
-4463,1403,2,0.0014814814814814814,-89.25,28.07,1,72
-4475,1403,2,0.0014814814814814814,-89.49,28.07,1,72
-4470,1404,2,0.0014814814814814814,-89.39,28.09,1,72
-4469,1410,2,0.0014814814814814814,-89.37,28.21,1,72
-4471,1400,2,0.0014814814814814814,-89.41,28.01,1,72
-4471,1402,2,0.0014814814814814814,-89.41,28.05,1,72
-4472,1412,2,0.0014814814814814814,-89.43,28.25,1,72
-4473,1406,2,0.0014814814814814814,-89.45,28.13,1,72
-4472,1400,2,0.0014814814814814814,-89.43,28.01,1,72
-4463,1405,2,0.0014814814814814814,-89.25,28.11,1,72
-4464,1404,2,0.0014814814814814814,-89.27,28.09,1,72
-4466,1407,2,0.0014814814814814814,-89.31,28.150000000000002,1,72
-4465,1402,2,0.0014814814814814814,-89.29,28.05,1,72
-4462,1406,2,0.0014814814814814814,-89.23,28.13,1,72
-4468,1406,2,0.0014814814814814814,-89.35000000000001,28.13,1,72
-4467,1405,2,0.0014814814814814814,-89.33,28.11,1,72
-4469,1401,2,0.0014814814814814814,-89.37,28.03,1,72
-4469,1403,2,0.0014814814814814814,-89.37,28.07,1,72
-4469,1409,2,0.0014814814814814814,-89.37,28.19,1,72
-4470,1402,2,0.0014814814814814814,-89.39,28.05,1,72
-4468,1401,2,0.0014814814814814814,-89.35000000000001,28.03,1,72
-4471,1406,2,0.0014814814814814814,-89.41,28.13,1,72
-4477,1405,1,0.0007407407407407407,-89.53,28.11,1,72
-4476,1401,1,0.0007407407407407407,-89.51,28.03,1,72
-4476,1402,1,0.0007407407407407407,-89.51,28.05,1,72
-4476,1404,1,0.0007407407407407407,-89.51,28.09,1,72
-4473,1400,1,0.0007407407407407407,-89.45,28.01,1,72
-4474,1400,1,0.0007407407407407407,-89.47,28.01,1,72
-4476,1405,1,0.0007407407407407407,-89.51,28.11,1,72
-4473,1407,1,0.0007407407407407407,-89.45,28.150000000000002,1,72
-4471,1407,1,0.0007407407407407407,-89.41,28.150000000000002,1,72
-4470,1398,1,0.0007407407407407407,-89.39,27.97,1,72
-4470,1397,1,0.0007407407407407407,-89.39,27.95,1,72
-4470,1403,1,0.0007407407407407407,-89.39,28.07,1,72
-4467,1401,1,0.0007407407407407407,-89.33,28.03,1,72
-4467,1399,1,0.0007407407407407407,-89.33,27.990000000000002,1,72
-4467,1402,1,0.0007407407407407407,-89.33,28.05,1,72
-4468,1414,1,0.0007407407407407407,-89.35000000000001,28.29,1,72
-4468,1396,1,0.0007407407407407407,-89.35000000000001,27.93,1,72
-4468,1398,1,0.0007407407407407407,-89.35000000000001,27.97,1,72
-4468,1402,1,0.0007407407407407407,-89.35000000000001,28.05,1,72
-4468,1403,1,0.0007407407407407407,-89.35000000000001,28.07,1,72
-4469,1408,1,0.0007407407407407407,-89.37,28.17,1,72
-4469,1399,1,0.0007407407407407407,-89.37,27.990000000000002,1,72
-4471,1401,1,0.0007407407407407407,-89.41,28.03,1,72
-4471,1410,1,0.0007407407407407407,-89.41,28.21,1,72
-4466,1402,1,0.0007407407407407407,-89.31,28.05,1,72
-4466,1401,1,0.0007407407407407407,-89.31,28.03,1,72
-4466,1403,1,0.0007407407407407407,-89.31,28.07,1,72
-4466,1404,1,0.0007407407407407407,-89.31,28.09,1,72
-4464,1405,1,0.0007407407407407407,-89.27,28.11,1,72
-4464,1401,1,0.0007407407407407407,-89.27,28.03,1,72
-4466,1400,1,0.0007407407407407407,-89.31,28.01,1,72
-4466,1396,1,0.0007407407407407407,-89.31,27.93,1,72
-4463,1412,1,0.0007407407407407407,-89.25,28.25,1,72
-4463,1401,1,0.0007407407407407407,-89.25,28.03,1,72
-4464,1413,1,0.0007407407407407407,-89.27,28.27,1,72
-4463,1413,1,0.0007407407407407407,-89.25,28.27,1,72
-4462,1411,1,0.0007407407407407407,-89.23,28.23,1,72
-4462,1410,1,0.0007407407407407407,-89.23,28.21,1,72
-4461,1407,1,0.0007407407407407407,-89.21000000000001,28.150000000000002,1,72
-4461,1408,1,0.0007407407407407407,-89.21000000000001,28.17,1,72
-4461,1411,1,0.0007407407407407407,-89.21000000000001,28.23,1,72
-4460,1405,1,0.0007407407407407407,-89.19,28.11,1,72
-4460,1406,1,0.0007407407407407407,-89.19,28.13,1,72
-4460,1408,1,0.0007407407407407407,-89.19,28.17,1,72
-4518,1372,90,0.06666666666666667,-90.35000000000001,27.45,12,24
-4519,1375,73,0.05407407407407407,-90.37,27.51,12,24
-4515,1365,65,0.04814814814814815,-90.29,27.310000000000002,12,24
-4521,1379,60,0.044444444444444446,-90.41,27.59,12,24
-4520,1379,59,0.0437037037037037,-90.39,27.59,12,24
-4520,1376,55,0.040740740740740744,-90.39,27.53,12,24
-4518,1371,55,0.040740740740740744,-90.35000000000001,27.43,12,24
-4520,1375,48,0.035555555555555556,-90.39,27.51,12,24
-4515,1364,46,0.034074074074074076,-90.29,27.29,12,24
-4521,1380,44,0.03259259259259259,-90.41,27.61,12,24
-4514,1365,41,0.03037037037037037,-90.27,27.310000000000002,12,24
-4514,1364,37,0.027407407407407408,-90.27,27.29,12,24
-4520,1380,37,0.027407407407407408,-90.39,27.61,12,24
-4519,1376,36,0.02666666666666667,-90.37,27.53,12,24
-4519,1372,36,0.02666666666666667,-90.37,27.45,12,24
-4517,1371,29,0.02148148148148148,-90.33,27.43,12,24
-4516,1365,28,0.02074074074074074,-90.31,27.310000000000002,12,24
-4517,1372,26,0.01925925925925926,-90.33,27.45,12,24
-4519,1374,25,0.018518518518518517,-90.37,27.490000000000002,12,24
-4520,1378,24,0.017777777777777778,-90.39,27.57,12,24
-4519,1371,23,0.017037037037037038,-90.37,27.43,12,24
-4516,1366,23,0.017037037037037038,-90.31,27.330000000000002,12,24
-4518,1373,22,0.016296296296296295,-90.35000000000001,27.47,12,24
-4518,1374,14,0.01037037037037037,-90.35000000000001,27.490000000000002,12,24
-4517,1370,14,0.01037037037037037,-90.33,27.41,12,24
-4519,1373,14,0.01037037037037037,-90.37,27.47,12,24
-4516,1369,13,0.00962962962962963,-90.31,27.39,12,24
-4518,1375,12,0.008888888888888889,-90.35000000000001,27.51,12,24
-4516,1364,12,0.008888888888888889,-90.31,27.29,12,24
-4521,1376,12,0.008888888888888889,-90.41,27.53,12,24
-4520,1377,11,0.008148148148148147,-90.39,27.55,12,24
-4521,1378,11,0.008148148148148147,-90.41,27.57,12,24
-4515,1366,11,0.008148148148148147,-90.29,27.330000000000002,12,24
-4519,1380,11,0.008148148148148147,-90.37,27.61,12,24
-4519,1377,10,0.007407407407407408,-90.37,27.55,12,24
-4513,1365,10,0.007407407407407408,-90.25,27.310000000000002,12,24
-4520,1381,10,0.007407407407407408,-90.39,27.63,12,24
-4519,1378,9,0.006666666666666667,-90.37,27.57,12,24
-4517,1367,9,0.006666666666666667,-90.33,27.35,12,24
-4518,1376,9,0.006666666666666667,-90.35000000000001,27.53,12,24
-4517,1365,8,0.005925925925925926,-90.33,27.310000000000002,12,24
-4522,1379,8,0.005925925925925926,-90.43,27.59,12,24
-4520,1374,8,0.005925925925925926,-90.39,27.490000000000002,12,24
-4518,1370,8,0.005925925925925926,-90.35000000000001,27.41,12,24
-4516,1370,7,0.005185185185185185,-90.31,27.41,12,24
-4521,1381,7,0.005185185185185185,-90.41,27.63,12,24
-4519,1379,6,0.0044444444444444444,-90.37,27.59,12,24
-4513,1364,6,0.0044444444444444444,-90.25,27.29,12,24
-4520,1373,5,0.003703703703703704,-90.39,27.47,12,24
-4515,1369,5,0.003703703703703704,-90.29,27.39,12,24
-4516,1368,5,0.003703703703703704,-90.31,27.37,12,24
-4521,1375,5,0.003703703703703704,-90.41,27.51,12,24
-4517,1366,5,0.003703703703703704,-90.33,27.330000000000002,12,24
-4516,1372,5,0.003703703703703704,-90.31,27.45,12,24
-4517,1373,5,0.003703703703703704,-90.33,27.47,12,24
-4515,1368,5,0.003703703703703704,-90.29,27.37,12,24
-4515,1367,4,0.002962962962962963,-90.29,27.35,12,24
-4514,1366,4,0.002962962962962963,-90.27,27.330000000000002,12,24
-4517,1368,4,0.002962962962962963,-90.33,27.37,12,24
-4515,1370,4,0.002962962962962963,-90.29,27.41,12,24
-4520,1372,3,0.0022222222222222222,-90.39,27.45,12,24
-4522,1380,3,0.0022222222222222222,-90.43,27.61,12,24
-4516,1367,3,0.0022222222222222222,-90.31,27.35,12,24
-4516,1373,3,0.0022222222222222222,-90.31,27.47,12,24
-4513,1366,3,0.0022222222222222222,-90.25,27.330000000000002,12,24
-4515,1371,3,0.0022222222222222222,-90.29,27.43,12,24
-4517,1375,3,0.0022222222222222222,-90.33,27.51,12,24
-4517,1374,3,0.0022222222222222222,-90.33,27.490000000000002,12,24
-4516,1371,3,0.0022222222222222222,-90.31,27.43,12,24
-4518,1377,2,0.0014814814814814814,-90.35000000000001,27.55,12,24
-4516,1363,2,0.0014814814814814814,-90.31,27.27,12,24
-4517,1369,2,0.0014814814814814814,-90.33,27.39,12,24
-4518,1367,2,0.0014814814814814814,-90.35000000000001,27.35,12,24
-4514,1369,2,0.0014814814814814814,-90.27,27.39,12,24
-4512,1365,2,0.0014814814814814814,-90.23,27.310000000000002,12,24
-4513,1363,2,0.0014814814814814814,-90.25,27.27,12,24
-4522,1375,1,0.0007407407407407407,-90.43,27.51,12,24
-4522,1381,1,0.0007407407407407407,-90.43,27.63,12,24
-4521,1372,1,0.0007407407407407407,-90.41,27.45,12,24
-4520,1371,1,0.0007407407407407407,-90.39,27.43,12,24
-4523,1380,1,0.0007407407407407407,-90.45,27.61,12,24
-4519,1368,1,0.0007407407407407407,-90.37,27.37,12,24
-4520,1382,1,0.0007407407407407407,-90.39,27.650000000000002,12,24
-4522,1378,1,0.0007407407407407407,-90.43,27.57,12,24
-4517,1377,1,0.0007407407407407407,-90.33,27.55,12,24
-4518,1369,1,0.0007407407407407407,-90.35000000000001,27.39,12,24
-4518,1368,1,0.0007407407407407407,-90.35000000000001,27.37,12,24
-4519,1381,1,0.0007407407407407407,-90.37,27.63,12,24
-4517,1363,1,0.0007407407407407407,-90.33,27.27,12,24
-4516,1375,1,0.0007407407407407407,-90.31,27.51,12,24
-4516,1374,1,0.0007407407407407407,-90.31,27.490000000000002,12,24
-4515,1372,1,0.0007407407407407407,-90.29,27.45,12,24
-4514,1363,1,0.0007407407407407407,-90.27,27.27,12,24
-4514,1368,1,0.0007407407407407407,-90.27,27.37,12,24
-4514,1367,1,0.0007407407407407407,-90.27,27.35,12,24
-4513,1369,1,0.0007407407407407407,-90.25,27.39,12,24
-4512,1364,1,0.0007407407407407407,-90.23,27.29,12,24
-4525,1365,66,0.04888888888888889,-90.49,27.310000000000002,12,48
-4528,1374,60,0.044444444444444446,-90.55,27.490000000000002,12,48
-4527,1369,60,0.044444444444444446,-90.53,27.39,12,48
-4528,1373,56,0.04148148148148148,-90.55,27.47,12,48
-4525,1364,51,0.03777777777777778,-90.49,27.29,12,48
-4526,1368,50,0.037037037037037035,-90.51,27.37,12,48
-4524,1364,42,0.03111111111111111,-90.47,27.29,12,48
-4519,1357,39,0.028888888888888888,-90.37,27.150000000000002,12,48
-4524,1365,33,0.024444444444444446,-90.47,27.310000000000002,12,48
-4526,1369,32,0.023703703703703703,-90.51,27.39,12,48
-4527,1368,29,0.02148148148148148,-90.53,27.37,12,48
-4527,1370,27,0.02,-90.53,27.41,12,48
-4527,1373,27,0.02,-90.53,27.47,12,48
-4520,1357,27,0.02,-90.39,27.150000000000002,12,48
-4520,1356,27,0.02,-90.39,27.13,12,48
-4519,1356,26,0.01925925925925926,-90.37,27.13,12,48
-4521,1357,25,0.018518518518518517,-90.41,27.150000000000002,12,48
-4518,1357,25,0.018518518518518517,-90.35000000000001,27.150000000000002,12,48
-4528,1375,25,0.018518518518518517,-90.55,27.51,12,48
-4526,1365,24,0.017777777777777778,-90.51,27.310000000000002,12,48
-4518,1356,23,0.017037037037037038,-90.35000000000001,27.13,12,48
-4526,1367,20,0.014814814814814815,-90.51,27.35,12,48
-4527,1374,20,0.014814814814814815,-90.53,27.490000000000002,12,48
-4527,1372,18,0.013333333333333334,-90.53,27.45,12,48
-4523,1363,16,0.011851851851851851,-90.45,27.27,12,48
-4529,1374,16,0.011851851851851851,-90.57000000000001,27.490000000000002,12,48
-4525,1367,16,0.011851851851851851,-90.49,27.35,12,48
-4525,1366,15,0.011111111111111112,-90.49,27.330000000000002,12,48
-4524,1363,14,0.01037037037037037,-90.47,27.27,12,48
-4528,1369,14,0.01037037037037037,-90.55,27.39,12,48
-4517,1356,13,0.00962962962962963,-90.33,27.13,12,48
-4523,1364,13,0.00962962962962963,-90.45,27.29,12,48
-4526,1370,11,0.008148148148148147,-90.51,27.41,12,48
-4525,1368,11,0.008148148148148147,-90.49,27.37,12,48
-4526,1364,11,0.008148148148148147,-90.51,27.29,12,48
-4527,1371,11,0.008148148148148147,-90.53,27.43,12,48
-4528,1372,10,0.007407407407407408,-90.55,27.45,12,48
-4526,1366,10,0.007407407407407408,-90.51,27.330000000000002,12,48
-4528,1370,10,0.007407407407407408,-90.55,27.41,12,48
-4522,1357,9,0.006666666666666667,-90.43,27.150000000000002,12,48
-4529,1375,9,0.006666666666666667,-90.57000000000001,27.51,12,48
-4517,1357,9,0.006666666666666667,-90.33,27.150000000000002,12,48
-4522,1362,9,0.006666666666666667,-90.43,27.25,12,48
-4526,1372,8,0.005925925925925926,-90.51,27.45,12,48
-4521,1361,8,0.005925925925925926,-90.41,27.23,12,48
-4520,1360,8,0.005925925925925926,-90.39,27.21,12,48
-4521,1363,8,0.005925925925925926,-90.41,27.27,12,48
-4523,1361,8,0.005925925925925926,-90.45,27.23,12,48
-4529,1373,7,0.005185185185185185,-90.57000000000001,27.47,12,48
-4521,1356,7,0.005185185185185185,-90.41,27.13,12,48
-4523,1365,7,0.005185185185185185,-90.45,27.310000000000002,12,48
-4523,1357,7,0.005185185185185185,-90.45,27.150000000000002,12,48
-4525,1369,7,0.005185185185185185,-90.49,27.39,12,48
-4528,1371,7,0.005185185185185185,-90.55,27.43,12,48
-4526,1371,7,0.005185185185185185,-90.51,27.43,12,48
-4520,1358,7,0.005185185185185185,-90.39,27.17,12,48
-4519,1358,7,0.005185185185185185,-90.37,27.17,12,48
-4527,1375,6,0.0044444444444444444,-90.53,27.51,12,48
-4523,1362,6,0.0044444444444444444,-90.45,27.25,12,48
-4523,1366,6,0.0044444444444444444,-90.45,27.330000000000002,12,48
-4524,1366,5,0.003703703703703704,-90.47,27.330000000000002,12,48
-4523,1358,5,0.003703703703703704,-90.45,27.17,12,48
-4524,1367,4,0.002962962962962963,-90.47,27.35,12,48
-4525,1363,4,0.002962962962962963,-90.49,27.27,12,48
-4527,1365,4,0.002962962962962963,-90.53,27.310000000000002,12,48
-4528,1376,4,0.002962962962962963,-90.55,27.53,12,48
-4527,1366,4,0.002962962962962963,-90.53,27.330000000000002,12,48
-4516,1357,4,0.002962962962962963,-90.31,27.150000000000002,12,48
-4519,1361,4,0.002962962962962963,-90.37,27.23,12,48
-4521,1358,4,0.002962962962962963,-90.41,27.17,12,48
-4517,1358,3,0.0022222222222222222,-90.33,27.17,12,48
-4525,1370,3,0.0022222222222222222,-90.49,27.41,12,48
-4520,1359,3,0.0022222222222222222,-90.39,27.19,12,48
-4524,1362,3,0.0022222222222222222,-90.47,27.25,12,48
-4527,1367,3,0.0022222222222222222,-90.53,27.35,12,48
-4521,1355,3,0.0022222222222222222,-90.41,27.11,12,48
-4518,1359,3,0.0022222222222222222,-90.35000000000001,27.19,12,48
-4520,1361,3,0.0022222222222222222,-90.39,27.23,12,48
-4519,1359,3,0.0022222222222222222,-90.37,27.19,12,48
-4522,1364,3,0.0022222222222222222,-90.43,27.29,12,48
-4522,1363,3,0.0022222222222222222,-90.43,27.27,12,48
-4522,1361,3,0.0022222222222222222,-90.43,27.23,12,48
-4529,1376,3,0.0022222222222222222,-90.57000000000001,27.53,12,48
-4524,1368,3,0.0022222222222222222,-90.47,27.37,12,48
-4521,1362,3,0.0022222222222222222,-90.41,27.25,12,48
-4518,1358,2,0.0014814814814814814,-90.35000000000001,27.17,12,48
-4526,1363,2,0.0014814814814814814,-90.51,27.27,12,48
-4521,1364,2,0.0014814814814814814,-90.41,27.29,12,48
-4522,1365,2,0.0014814814814814814,-90.43,27.310000000000002,12,48
-4523,1367,2,0.0014814814814814814,-90.45,27.35,12,48
-4519,1355,2,0.0014814814814814814,-90.37,27.11,12,48
-4522,1360,2,0.0014814814814814814,-90.43,27.21,12,48
-4522,1358,2,0.0014814814814814814,-90.43,27.17,12,48
-4528,1368,2,0.0014814814814814814,-90.55,27.37,12,48
-4529,1372,2,0.0014814814814814814,-90.57000000000001,27.45,12,48
-4529,1370,2,0.0014814814814814814,-90.57000000000001,27.41,12,48
-4530,1370,2,0.0014814814814814814,-90.59,27.41,12,48
-4528,1366,2,0.0014814814814814814,-90.55,27.330000000000002,12,48
-4518,1354,2,0.0014814814814814814,-90.35000000000001,27.09,12,48
-4520,1355,2,0.0014814814814814814,-90.39,27.11,12,48
-4526,1373,2,0.0014814814814814814,-90.51,27.47,12,48
-4522,1359,2,0.0014814814814814814,-90.43,27.19,12,48
-4522,1356,2,0.0014814814814814814,-90.43,27.13,12,48
-4524,1358,2,0.0014814814814814814,-90.47,27.17,12,48
-4524,1369,2,0.0014814814814814814,-90.47,27.39,12,48
-4523,1359,2,0.0014814814814814814,-90.45,27.19,12,48
-4528,1365,1,0.0007407407407407407,-90.55,27.310000000000002,12,48
-4531,1374,1,0.0007407407407407407,-90.61,27.490000000000002,12,48
-4531,1375,1,0.0007407407407407407,-90.61,27.51,12,48
-4529,1377,1,0.0007407407407407407,-90.57000000000001,27.55,12,48
-4530,1374,1,0.0007407407407407407,-90.59,27.490000000000002,12,48
-4529,1369,1,0.0007407407407407407,-90.57000000000001,27.39,12,48
-4529,1366,1,0.0007407407407407407,-90.57000000000001,27.330000000000002,12,48
-4530,1375,1,0.0007407407407407407,-90.59,27.51,12,48
-4529,1371,1,0.0007407407407407407,-90.57000000000001,27.43,12,48
-4528,1367,1,0.0007407407407407407,-90.55,27.35,12,48
-4523,1356,1,0.0007407407407407407,-90.45,27.13,12,48
-4525,1360,1,0.0007407407407407407,-90.49,27.21,12,48
-4526,1374,1,0.0007407407407407407,-90.51,27.490000000000002,12,48
-4524,1372,1,0.0007407407407407407,-90.47,27.45,12,48
-4525,1372,1,0.0007407407407407407,-90.49,27.45,12,48
-4525,1373,1,0.0007407407407407407,-90.49,27.47,12,48
-4524,1357,1,0.0007407407407407407,-90.47,27.150000000000002,12,48
-4525,1358,1,0.0007407407407407407,-90.49,27.17,12,48
-4527,1357,1,0.0007407407407407407,-90.53,27.150000000000002,12,48
-4527,1364,1,0.0007407407407407407,-90.53,27.29,12,48
-4527,1376,1,0.0007407407407407407,-90.53,27.53,12,48
-4525,1371,1,0.0007407407407407407,-90.49,27.43,12,48
-4522,1352,1,0.0007407407407407407,-90.43,27.05,12,48
-4523,1368,1,0.0007407407407407407,-90.45,27.37,12,48
-4523,1369,1,0.0007407407407407407,-90.45,27.39,12,48
-4521,1366,1,0.0007407407407407407,-90.41,27.330000000000002,12,48
-4521,1354,1,0.0007407407407407407,-90.41,27.09,12,48
-4522,1367,1,0.0007407407407407407,-90.43,27.35,12,48
-4522,1354,1,0.0007407407407407407,-90.43,27.09,12,48
-4520,1362,1,0.0007407407407407407,-90.39,27.25,12,48
-4519,1362,1,0.0007407407407407407,-90.37,27.25,12,48
-4519,1360,1,0.0007407407407407407,-90.37,27.21,12,48
-4520,1363,1,0.0007407407407407407,-90.39,27.27,12,48
-4519,1363,1,0.0007407407407407407,-90.37,27.27,12,48
-4518,1355,1,0.0007407407407407407,-90.35000000000001,27.11,12,48
-4517,1360,1,0.0007407407407407407,-90.33,27.21,12,48
-4517,1359,1,0.0007407407407407407,-90.33,27.19,12,48
-4516,1356,1,0.0007407407407407407,-90.31,27.13,12,48
-4515,1357,1,0.0007407407407407407,-90.29,27.150000000000002,12,48
-4515,1359,1,0.0007407407407407407,-90.29,27.19,12,48
-4514,1356,1,0.0007407407407407407,-90.27,27.13,12,48
-4535,1355,58,0.04296296296296296,-90.69,27.11,12,72
-4541,1362,44,0.03259259259259259,-90.81,27.25,12,72
-4539,1359,44,0.03259259259259259,-90.77,27.19,12,72
-4534,1355,43,0.03185185185185185,-90.67,27.11,12,72
-4538,1358,42,0.03111111111111111,-90.75,27.17,12,72
-4534,1354,35,0.025925925925925925,-90.67,27.09,12,72
-4538,1357,34,0.025185185185185185,-90.75,27.150000000000002,12,72
-4540,1362,33,0.024444444444444446,-90.79,27.25,12,72
-4522,1351,32,0.023703703703703703,-90.43,27.03,12,72
-4541,1363,32,0.023703703703703703,-90.81,27.27,12,72
-4539,1358,31,0.022962962962962963,-90.77,27.17,12,72
-4536,1356,31,0.022962962962962963,-90.71000000000001,27.13,12,72
-4537,1357,30,0.022222222222222223,-90.73,27.150000000000002,12,72
-4540,1361,30,0.022222222222222223,-90.79,27.23,12,72
-4535,1356,23,0.017037037037037038,-90.69,27.13,12,72
-4540,1360,22,0.016296296296296295,-90.79,27.21,12,72
-4523,1351,21,0.015555555555555555,-90.45,27.03,12,72
-4521,1351,21,0.015555555555555555,-90.41,27.03,12,72
-4536,1355,21,0.015555555555555555,-90.71000000000001,27.11,12,72
-4538,1359,20,0.014814814814814815,-90.75,27.19,12,72
-4535,1354,18,0.013333333333333334,-90.69,27.09,12,72
-4540,1359,18,0.013333333333333334,-90.79,27.19,12,72
-4521,1350,18,0.013333333333333334,-90.41,27.01,12,72
-4533,1354,17,0.012592592592592593,-90.65,27.09,12,72
-4541,1364,16,0.011851851851851851,-90.81,27.29,12,72
-4522,1350,16,0.011851851851851851,-90.43,27.01,12,72
-4533,1355,15,0.011111111111111112,-90.65,27.11,12,72
-4537,1356,15,0.011111111111111112,-90.73,27.13,12,72
-4540,1363,14,0.01037037037037037,-90.79,27.27,12,72
-4541,1361,14,0.01037037037037037,-90.81,27.23,12,72
-4537,1358,14,0.01037037037037037,-90.73,27.17,12,72
-4524,1351,14,0.01037037037037037,-90.47,27.03,12,72
-4532,1353,14,0.01037037037037037,-90.63,27.07,12,72
-4519,1351,13,0.00962962962962963,-90.37,27.03,12,72
-4520,1351,12,0.008888888888888889,-90.39,27.03,12,72
-4536,1354,12,0.008888888888888889,-90.71000000000001,27.09,12,72
-4538,1356,12,0.008888888888888889,-90.75,27.13,12,72
-4542,1364,11,0.008148148148148147,-90.83,27.29,12,72
-4542,1362,11,0.008148148148148147,-90.83,27.25,12,72
-4539,1360,10,0.007407407407407408,-90.77,27.21,12,72
-4527,1351,10,0.007407407407407408,-90.53,27.03,12,72
-4540,1358,9,0.006666666666666667,-90.79,27.17,12,72
-4532,1354,9,0.006666666666666667,-90.63,27.09,12,72
-4542,1363,9,0.006666666666666667,-90.83,27.27,12,72
-4533,1353,8,0.005925925925925926,-90.65,27.07,12,72
-4530,1352,8,0.005925925925925926,-90.59,27.05,12,72
-4540,1364,8,0.005925925925925926,-90.79,27.29,12,72
-4520,1350,8,0.005925925925925926,-90.39,27.01,12,72
-4523,1350,7,0.005185185185185185,-90.45,27.01,12,72
-4526,1351,7,0.005185185185185185,-90.51,27.03,12,72
-4525,1351,7,0.005185185185185185,-90.49,27.03,12,72
-4537,1359,7,0.005185185185185185,-90.73,27.19,12,72
-4536,1357,7,0.005185185185185185,-90.71000000000001,27.150000000000002,12,72
-4528,1351,7,0.005185185185185185,-90.55,27.03,12,72
-4531,1351,7,0.005185185185185185,-90.61,27.03,12,72
-4534,1353,6,0.0044444444444444444,-90.67,27.07,12,72
-4531,1353,6,0.0044444444444444444,-90.61,27.07,12,72
-4539,1357,6,0.0044444444444444444,-90.77,27.150000000000002,12,72
-4531,1354,6,0.0044444444444444444,-90.61,27.09,12,72
-4531,1352,6,0.0044444444444444444,-90.61,27.05,12,72
-4542,1365,6,0.0044444444444444444,-90.83,27.310000000000002,12,72
-4537,1355,6,0.0044444444444444444,-90.73,27.11,12,72
-4539,1362,5,0.003703703703703704,-90.77,27.25,12,72
-4539,1361,5,0.003703703703703704,-90.77,27.23,12,72
-4525,1350,5,0.003703703703703704,-90.49,27.01,12,72
-4524,1350,5,0.003703703703703704,-90.47,27.01,12,72
-4534,1356,5,0.003703703703703704,-90.67,27.13,12,72
-4529,1351,5,0.003703703703703704,-90.57000000000001,27.03,12,72
-4522,1349,4,0.002962962962962963,-90.43,26.990000000000002,12,72
-4522,1352,4,0.002962962962962963,-90.43,27.05,12,72
-4526,1346,4,0.002962962962962963,-90.51,26.93,12,72
-4528,1350,4,0.002962962962962963,-90.55,27.01,12,72
-4536,1358,4,0.002962962962962963,-90.71000000000001,27.17,12,72
-4538,1360,4,0.002962962962962963,-90.75,27.21,12,72
-4539,1356,4,0.002962962962962963,-90.77,27.13,12,72
-4517,1351,3,0.0022222222222222222,-90.33,27.03,12,72
-4526,1348,3,0.0022222222222222222,-90.51,26.97,12,72
-4523,1352,3,0.0022222222222222222,-90.45,27.05,12,72
-4524,1352,3,0.0022222222222222222,-90.47,27.05,12,72
-4526,1350,3,0.0022222222222222222,-90.51,27.01,12,72
-4534,1352,3,0.0022222222222222222,-90.67,27.05,12,72
-4535,1358,3,0.0022222222222222222,-90.69,27.17,12,72
-4530,1351,3,0.0022222222222222222,-90.59,27.03,12,72
-4530,1349,3,0.0022222222222222222,-90.59,26.990000000000002,12,72
-4528,1348,3,0.0022222222222222222,-90.55,26.97,12,72
-4528,1349,3,0.0022222222222222222,-90.55,26.990000000000002,12,72
-4530,1353,3,0.0022222222222222222,-90.59,27.07,12,72
-4541,1365,3,0.0022222222222222222,-90.81,27.310000000000002,12,72
-4542,1360,3,0.0022222222222222222,-90.83,27.21,12,72
-4539,1363,3,0.0022222222222222222,-90.77,27.27,12,72
-4543,1364,3,0.0022222222222222222,-90.85000000000001,27.29,12,72
-4521,1352,3,0.0022222222222222222,-90.41,27.05,12,72
-4519,1350,3,0.0022222222222222222,-90.37,27.01,12,72
-4518,1351,3,0.0022222222222222222,-90.35000000000001,27.03,12,72
-4525,1347,3,0.0022222222222222222,-90.49,26.95,12,72
-4526,1347,3,0.0022222222222222222,-90.51,26.95,12,72
-4532,1352,3,0.0022222222222222222,-90.63,27.05,12,72
-4529,1353,3,0.0022222222222222222,-90.57000000000001,27.07,12,72
-4520,1352,2,0.0014814814814814814,-90.39,27.05,12,72
-4518,1350,2,0.0014814814814814814,-90.35000000000001,27.01,12,72
-4522,1348,2,0.0014814814814814814,-90.43,26.97,12,72
-4523,1349,2,0.0014814814814814814,-90.45,26.990000000000002,12,72
-4519,1348,2,0.0014814814814814814,-90.37,26.97,12,72
-4521,1345,2,0.0014814814814814814,-90.41,26.91,12,72
-4517,1350,2,0.0014814814814814814,-90.33,27.01,12,72
-4524,1346,2,0.0014814814814814814,-90.47,26.93,12,72
-4524,1348,2,0.0014814814814814814,-90.47,26.97,12,72
-4525,1346,2,0.0014814814814814814,-90.49,26.93,12,72
-4523,1347,2,0.0014814814814814814,-90.45,26.95,12,72
-4527,1350,2,0.0014814814814814814,-90.53,27.01,12,72
-4526,1349,2,0.0014814814814814814,-90.51,26.990000000000002,12,72
-4527,1347,2,0.0014814814814814814,-90.53,26.95,12,72
-4530,1345,2,0.0014814814814814814,-90.59,26.91,12,72
-4529,1349,2,0.0014814814814814814,-90.57000000000001,26.990000000000002,12,72
-4537,1354,2,0.0014814814814814814,-90.73,27.09,12,72
-4540,1365,2,0.0014814814814814814,-90.79,27.310000000000002,12,72
-4541,1360,2,0.0014814814814814814,-90.81,27.21,12,72
-4542,1361,2,0.0014814814814814814,-90.83,27.23,12,72
-4543,1363,2,0.0014814814814814814,-90.85000000000001,27.27,12,72
-4523,1343,2,0.0014814814814814814,-90.45,26.87,12,72
-4524,1345,2,0.0014814814814814814,-90.47,26.91,12,72
-4528,1343,2,0.0014814814814814814,-90.55,26.87,12,72
-4528,1346,2,0.0014814814814814814,-90.55,26.93,12,72
-4529,1352,2,0.0014814814814814814,-90.57000000000001,27.05,12,72
-4528,1352,2,0.0014814814814814814,-90.55,27.05,12,72
-4533,1352,2,0.0014814814814814814,-90.65,27.05,12,72
-4532,1355,2,0.0014814814814814814,-90.63,27.11,12,72
-4535,1357,2,0.0014814814814814814,-90.69,27.150000000000002,12,72
-4527,1352,2,0.0014814814814814814,-90.53,27.05,12,72
-4529,1350,2,0.0014814814814814814,-90.57000000000001,27.01,12,72
-4533,1351,2,0.0014814814814814814,-90.65,27.03,12,72
-4533,1350,2,0.0014814814814814814,-90.65,27.01,12,72
-4536,1360,2,0.0014814814814814814,-90.71000000000001,27.21,12,72
-4535,1353,2,0.0014814814814814814,-90.69,27.07,12,72
-4532,1351,2,0.0014814814814814814,-90.63,27.03,12,72
-4533,1356,2,0.0014814814814814814,-90.65,27.13,12,72
-4536,1359,1,0.0007407407407407407,-90.71000000000001,27.19,12,72
-4536,1353,1,0.0007407407407407407,-90.71000000000001,27.07,12,72
-4541,1356,1,0.0007407407407407407,-90.81,27.13,12,72
-4542,1366,1,0.0007407407407407407,-90.83,27.330000000000002,12,72
-4543,1365,1,0.0007407407407407407,-90.85000000000001,27.310000000000002,12,72
-4544,1365,1,0.0007407407407407407,-90.87,27.310000000000002,12,72
-4540,1357,1,0.0007407407407407407,-90.79,27.150000000000002,12,72
-4541,1366,1,0.0007407407407407407,-90.81,27.330000000000002,12,72
-4542,1359,1,0.0007407407407407407,-90.83,27.19,12,72
-4542,1358,1,0.0007407407407407407,-90.83,27.17,12,72
-4537,1352,1,0.0007407407407407407,-90.73,27.05,12,72
-4538,1361,1,0.0007407407407407407,-90.75,27.23,12,72
-4538,1355,1,0.0007407407407407407,-90.75,27.11,12,72
-4538,1354,1,0.0007407407407407407,-90.75,27.09,12,72
-4538,1346,1,0.0007407407407407407,-90.75,26.93,12,72
-4539,1364,1,0.0007407407407407407,-90.77,27.29,12,72
-4541,1359,1,0.0007407407407407407,-90.81,27.19,12,72
-4541,1358,1,0.0007407407407407407,-90.81,27.17,12,72
-4532,1345,1,0.0007407407407407407,-90.63,26.91,12,72
-4532,1346,1,0.0007407407407407407,-90.63,26.93,12,72
-4533,1347,1,0.0007407407407407407,-90.65,26.95,12,72
-4532,1356,1,0.0007407407407407407,-90.63,27.13,12,72
-4531,1348,1,0.0007407407407407407,-90.61,26.97,12,72
-4531,1350,1,0.0007407407407407407,-90.61,27.01,12,72
-4527,1345,1,0.0007407407407407407,-90.53,26.91,12,72
-4527,1343,1,0.0007407407407407407,-90.53,26.87,12,72
-4528,1353,1,0.0007407407407407407,-90.55,27.07,12,72
-4528,1347,1,0.0007407407407407407,-90.55,26.95,12,72
-4528,1344,1,0.0007407407407407407,-90.55,26.89,12,72
-4530,1354,1,0.0007407407407407407,-90.59,27.09,12,72
-4529,1343,1,0.0007407407407407407,-90.57000000000001,26.87,12,72
-4529,1346,1,0.0007407407407407407,-90.57000000000001,26.93,12,72
-4530,1348,1,0.0007407407407407407,-90.59,26.97,12,72
-4530,1347,1,0.0007407407407407407,-90.59,26.95,12,72
-4530,1342,1,0.0007407407407407407,-90.59,26.85,12,72
-4532,1344,1,0.0007407407407407407,-90.63,26.89,12,72
-4532,1350,1,0.0007407407407407407,-90.63,27.01,12,72
-4527,1346,1,0.0007407407407407407,-90.53,26.93,12,72
-4526,1345,1,0.0007407407407407407,-90.51,26.91,12,72
-4527,1349,1,0.0007407407407407407,-90.53,26.990000000000002,12,72
-4523,1346,1,0.0007407407407407407,-90.45,26.93,12,72
-4523,1344,1,0.0007407407407407407,-90.45,26.89,12,72
-4525,1352,1,0.0007407407407407407,-90.49,27.05,12,72
-4524,1347,1,0.0007407407407407407,-90.47,26.95,12,72
-4525,1348,1,0.0007407407407407407,-90.49,26.97,12,72
-4525,1349,1,0.0007407407407407407,-90.49,26.990000000000002,12,72
-4527,1348,1,0.0007407407407407407,-90.53,26.97,12,72
-4523,1348,1,0.0007407407407407407,-90.45,26.97,12,72
-4521,1348,1,0.0007407407407407407,-90.41,26.97,12,72
-4521,1342,1,0.0007407407407407407,-90.41,26.85,12,72
-4520,1348,1,0.0007407407407407407,-90.39,26.97,12,72
-4520,1349,1,0.0007407407407407407,-90.39,26.990000000000002,12,72
-4519,1349,1,0.0007407407407407407,-90.37,26.990000000000002,12,72
-4520,1347,1,0.0007407407407407407,-90.39,26.95,12,72
-4519,1352,1,0.0007407407407407407,-90.37,27.05,12,72
-4515,1351,1,0.0007407407407407407,-90.29,27.03,12,72
-4479,1373,112,0.08296296296296296,-89.57000000000001,27.47,16,24
-4474,1362,83,0.061481481481481484,-89.47,27.25,16,24
-4478,1370,83,0.061481481481481484,-89.55,27.41,16,24
-4480,1376,73,0.05407407407407407,-89.59,27.53,16,24
-4480,1377,73,0.05407407407407407,-89.59,27.55,16,24
-4477,1369,68,0.05037037037037037,-89.53,27.39,16,24
-4477,1370,64,0.047407407407407405,-89.53,27.41,16,24
-4478,1373,50,0.037037037037037035,-89.55,27.47,16,24
-4478,1369,46,0.034074074074074076,-89.55,27.39,16,24
-4479,1376,41,0.03037037037037037,-89.57000000000001,27.53,16,24
-4479,1374,39,0.028888888888888888,-89.57000000000001,27.490000000000002,16,24
-4473,1362,39,0.028888888888888888,-89.45,27.25,16,24
-4474,1363,37,0.027407407407407408,-89.47,27.27,16,24
-4475,1363,35,0.025925925925925925,-89.49,27.27,16,24
-4478,1372,33,0.024444444444444446,-89.55,27.45,16,24
-4481,1377,31,0.022962962962962963,-89.61,27.55,16,24
-4479,1372,25,0.018518518518518517,-89.57000000000001,27.45,16,24
-4473,1363,22,0.016296296296296295,-89.45,27.27,16,24
-4480,1373,21,0.015555555555555555,-89.59,27.47,16,24
-4476,1369,21,0.015555555555555555,-89.51,27.39,16,24
-4479,1375,19,0.014074074074074074,-89.57000000000001,27.51,16,24
-4478,1374,19,0.014074074074074074,-89.55,27.490000000000002,16,24
-4477,1372,17,0.012592592592592593,-89.53,27.45,16,24
-4480,1375,15,0.011111111111111112,-89.59,27.51,16,24
-4476,1368,14,0.01037037037037037,-89.51,27.37,16,24
-4477,1371,14,0.01037037037037037,-89.53,27.43,16,24
-4478,1371,14,0.01037037037037037,-89.55,27.43,16,24
-4479,1377,13,0.00962962962962963,-89.57000000000001,27.55,16,24
-4475,1364,11,0.008148148148148147,-89.49,27.29,16,24
-4477,1368,11,0.008148148148148147,-89.53,27.37,16,24
-4481,1376,11,0.008148148148148147,-89.61,27.53,16,24
-4475,1362,10,0.007407407407407408,-89.49,27.25,16,24
-4476,1370,9,0.006666666666666667,-89.51,27.41,16,24
-4481,1378,9,0.006666666666666667,-89.61,27.57,16,24
-4473,1361,8,0.005925925925925926,-89.45,27.23,16,24
-4476,1364,8,0.005925925925925926,-89.51,27.29,16,24
-4478,1375,8,0.005925925925925926,-89.55,27.51,16,24
-4474,1364,7,0.005185185185185185,-89.47,27.29,16,24
-4476,1363,7,0.005185185185185185,-89.51,27.27,16,24
-4475,1368,6,0.0044444444444444444,-89.49,27.37,16,24
-4480,1378,6,0.0044444444444444444,-89.59,27.57,16,24
-4477,1374,6,0.0044444444444444444,-89.53,27.490000000000002,16,24
-4475,1367,6,0.0044444444444444444,-89.49,27.35,16,24
-4482,1377,5,0.003703703703703704,-89.63,27.55,16,24
-4477,1373,5,0.003703703703703704,-89.53,27.47,16,24
-4475,1365,5,0.003703703703703704,-89.49,27.310000000000002,16,24
-4479,1378,5,0.003703703703703704,-89.57000000000001,27.57,16,24
-4474,1361,5,0.003703703703703704,-89.47,27.23,16,24
-4480,1372,5,0.003703703703703704,-89.59,27.45,16,24
-4479,1369,5,0.003703703703703704,-89.57000000000001,27.39,16,24
-4479,1370,4,0.002962962962962963,-89.57000000000001,27.41,16,24
-4477,1365,4,0.002962962962962963,-89.53,27.310000000000002,16,24
-4476,1371,4,0.002962962962962963,-89.51,27.43,16,24
-4475,1366,4,0.002962962962962963,-89.49,27.330000000000002,16,24
-4476,1372,4,0.002962962962962963,-89.51,27.45,16,24
-4479,1371,3,0.0022222222222222222,-89.57000000000001,27.43,16,24
-4476,1365,3,0.0022222222222222222,-89.51,27.310000000000002,16,24
-4472,1361,3,0.0022222222222222222,-89.43,27.23,16,24
-4480,1374,3,0.0022222222222222222,-89.59,27.490000000000002,16,24
-4472,1363,3,0.0022222222222222222,-89.43,27.27,16,24
-4472,1362,3,0.0022222222222222222,-89.43,27.25,16,24
-4474,1365,3,0.0022222222222222222,-89.47,27.310000000000002,16,24
-4475,1369,3,0.0022222222222222222,-89.49,27.39,16,24
-4474,1367,3,0.0022222222222222222,-89.47,27.35,16,24
-4478,1376,2,0.0014814814814814814,-89.55,27.53,16,24
-4476,1367,2,0.0014814814814814814,-89.51,27.35,16,24
-4476,1373,2,0.0014814814814814814,-89.51,27.47,16,24
-4477,1367,2,0.0014814814814814814,-89.53,27.35,16,24
-4476,1366,2,0.0014814814814814814,-89.51,27.330000000000002,16,24
-4481,1375,1,0.0007407407407407407,-89.61,27.51,16,24
-4480,1370,1,0.0007407407407407407,-89.59,27.41,16,24
-4479,1368,1,0.0007407407407407407,-89.57000000000001,27.37,16,24
-4478,1368,1,0.0007407407407407407,-89.55,27.37,16,24
-4478,1377,1,0.0007407407407407407,-89.55,27.55,16,24
-4477,1364,1,0.0007407407407407407,-89.53,27.29,16,24
-4477,1376,1,0.0007407407407407407,-89.53,27.53,16,24
-4476,1362,1,0.0007407407407407407,-89.51,27.25,16,24
-4475,1371,1,0.0007407407407407407,-89.49,27.43,16,24
-4476,1374,1,0.0007407407407407407,-89.51,27.490000000000002,16,24
-4474,1366,1,0.0007407407407407407,-89.47,27.330000000000002,16,24
-4475,1372,1,0.0007407407407407407,-89.49,27.45,16,24
-4473,1365,1,0.0007407407407407407,-89.45,27.310000000000002,16,24
-4473,1367,1,0.0007407407407407407,-89.45,27.35,16,24
-4483,1371,76,0.056296296296296296,-89.65,27.43,16,48
-4485,1379,70,0.05185185185185185,-89.69,27.59,16,48
-4484,1375,63,0.04666666666666667,-89.67,27.51,16,48
-4476,1363,60,0.044444444444444446,-89.51,27.27,16,48
-4486,1379,52,0.03851851851851852,-89.71000000000001,27.59,16,48
-4484,1376,47,0.03481481481481481,-89.67,27.53,16,48
-4483,1372,43,0.03185185185185185,-89.65,27.45,16,48
-4484,1371,43,0.03185185185185185,-89.67,27.43,16,48
-4485,1376,37,0.027407407407407408,-89.69,27.53,16,48
-4486,1380,37,0.027407407407407408,-89.71000000000001,27.61,16,48
-4482,1371,36,0.02666666666666667,-89.63,27.43,16,48
-4485,1375,35,0.025925925925925925,-89.69,27.51,16,48
-4476,1362,34,0.025185185185185185,-89.51,27.25,16,48
-4484,1372,32,0.023703703703703703,-89.67,27.45,16,48
-4483,1375,31,0.022962962962962963,-89.65,27.51,16,48
-4475,1362,25,0.018518518518518517,-89.49,27.25,16,48
-4477,1363,23,0.017037037037037038,-89.53,27.27,16,48
-4475,1363,22,0.016296296296296295,-89.49,27.27,16,48
-4485,1380,21,0.015555555555555555,-89.69,27.61,16,48
-4485,1378,20,0.014814814814814815,-89.69,27.57,16,48
-4484,1378,20,0.014814814814814815,-89.67,27.57,16,48
-4483,1370,18,0.013333333333333334,-89.65,27.41,16,48
-4482,1372,17,0.012592592592592593,-89.63,27.45,16,48
-4487,1379,16,0.011851851851851851,-89.73,27.59,16,48
-4483,1376,16,0.011851851851851851,-89.65,27.53,16,48
-4483,1374,16,0.011851851851851851,-89.65,27.490000000000002,16,48
-4487,1380,14,0.01037037037037037,-89.73,27.61,16,48
-4484,1374,14,0.01037037037037037,-89.67,27.490000000000002,16,48
-4484,1379,13,0.00962962962962963,-89.67,27.59,16,48
-4482,1370,13,0.00962962962962963,-89.63,27.41,16,48
-4477,1362,13,0.00962962962962963,-89.53,27.25,16,48
-4484,1370,12,0.008888888888888889,-89.67,27.41,16,48
-4484,1377,12,0.008888888888888889,-89.67,27.55,16,48
-4485,1371,11,0.008148148148148147,-89.69,27.43,16,48
-4485,1377,10,0.007407407407407408,-89.69,27.55,16,48
-4477,1364,10,0.007407407407407408,-89.53,27.29,16,48
-4484,1373,10,0.007407407407407408,-89.67,27.47,16,48
-4476,1361,9,0.006666666666666667,-89.51,27.23,16,48
-4482,1375,9,0.006666666666666667,-89.63,27.51,16,48
-4476,1364,9,0.006666666666666667,-89.51,27.29,16,48
-4483,1373,9,0.006666666666666667,-89.65,27.47,16,48
-4481,1371,8,0.005925925925925926,-89.61,27.43,16,48
-4478,1364,8,0.005925925925925926,-89.55,27.29,16,48
-4476,1365,8,0.005925925925925926,-89.51,27.310000000000002,16,48
-4483,1378,8,0.005925925925925926,-89.65,27.57,16,48
-4483,1377,8,0.005925925925925926,-89.65,27.55,16,48
-4482,1373,8,0.005925925925925926,-89.63,27.47,16,48
-4474,1362,7,0.005185185185185185,-89.47,27.25,16,48
-4486,1378,6,0.0044444444444444444,-89.71000000000001,27.57,16,48
-4482,1377,6,0.0044444444444444444,-89.63,27.55,16,48
-4486,1376,6,0.0044444444444444444,-89.71000000000001,27.53,16,48
-4478,1363,6,0.0044444444444444444,-89.55,27.27,16,48
-4481,1374,6,0.0044444444444444444,-89.61,27.490000000000002,16,48
-4474,1363,5,0.003703703703703704,-89.47,27.27,16,48
-4486,1377,5,0.003703703703703704,-89.71000000000001,27.55,16,48
-4485,1374,5,0.003703703703703704,-89.69,27.490000000000002,16,48
-4487,1381,5,0.003703703703703704,-89.73,27.63,16,48
-4482,1374,5,0.003703703703703704,-89.63,27.490000000000002,16,48
-4478,1366,5,0.003703703703703704,-89.55,27.330000000000002,16,48
-4481,1370,5,0.003703703703703704,-89.61,27.41,16,48
-4481,1372,5,0.003703703703703704,-89.61,27.45,16,48
-4483,1379,4,0.002962962962962963,-89.65,27.59,16,48
-4486,1375,4,0.002962962962962963,-89.71000000000001,27.51,16,48
-4480,1369,4,0.002962962962962963,-89.59,27.39,16,48
-4481,1373,4,0.002962962962962963,-89.61,27.47,16,48
-4479,1364,4,0.002962962962962963,-89.57000000000001,27.29,16,48
-4481,1375,4,0.002962962962962963,-89.61,27.51,16,48
-4482,1369,4,0.002962962962962963,-89.63,27.39,16,48
-4482,1376,4,0.002962962962962963,-89.63,27.53,16,48
-4488,1379,3,0.0022222222222222222,-89.75,27.59,16,48
-4480,1370,3,0.0022222222222222222,-89.59,27.41,16,48
-4480,1375,3,0.0022222222222222222,-89.59,27.51,16,48
-4479,1369,3,0.0022222222222222222,-89.57000000000001,27.39,16,48
-4479,1363,3,0.0022222222222222222,-89.57000000000001,27.27,16,48
-4488,1380,3,0.0022222222222222222,-89.75,27.61,16,48
-4480,1376,3,0.0022222222222222222,-89.59,27.53,16,48
-4477,1361,3,0.0022222222222222222,-89.53,27.23,16,48
-4480,1371,3,0.0022222222222222222,-89.59,27.43,16,48
-4483,1380,3,0.0022222222222222222,-89.65,27.61,16,48
-4486,1381,3,0.0022222222222222222,-89.71000000000001,27.63,16,48
-4482,1378,3,0.0022222222222222222,-89.63,27.57,16,48
-4481,1369,3,0.0022222222222222222,-89.61,27.39,16,48
-4479,1362,2,0.0014814814814814814,-89.57000000000001,27.25,16,48
-4479,1365,2,0.0014814814814814814,-89.57000000000001,27.310000000000002,16,48
-4481,1377,2,0.0014814814814814814,-89.61,27.55,16,48
-4481,1376,2,0.0014814814814814814,-89.61,27.53,16,48
-4474,1364,2,0.0014814814814814814,-89.47,27.29,16,48
-4475,1364,2,0.0014814814814814814,-89.49,27.29,16,48
-4478,1367,2,0.0014814814814814814,-89.55,27.35,16,48
-4475,1360,2,0.0014814814814814814,-89.49,27.21,16,48
-4477,1367,2,0.0014814814814814814,-89.53,27.35,16,48
-4479,1366,2,0.0014814814814814814,-89.57000000000001,27.330000000000002,16,48
-4479,1368,2,0.0014814814814814814,-89.57000000000001,27.37,16,48
-4481,1367,2,0.0014814814814814814,-89.61,27.35,16,48
-4485,1381,2,0.0014814814814814814,-89.69,27.63,16,48
-4484,1380,2,0.0014814814814814814,-89.67,27.61,16,48
-4486,1374,2,0.0014814814814814814,-89.71000000000001,27.490000000000002,16,48
-4485,1373,2,0.0014814814814814814,-89.69,27.47,16,48
-4478,1362,2,0.0014814814814814814,-89.55,27.25,16,48
-4479,1370,2,0.0014814814814814814,-89.57000000000001,27.41,16,48
-4480,1372,2,0.0014814814814814814,-89.59,27.45,16,48
-4480,1364,2,0.0014814814814814814,-89.59,27.29,16,48
-4480,1367,2,0.0014814814814814814,-89.59,27.35,16,48
-4478,1369,2,0.0014814814814814814,-89.55,27.39,16,48
-4478,1368,2,0.0014814814814814814,-89.55,27.37,16,48
-4478,1365,2,0.0014814814814814814,-89.55,27.310000000000002,16,48
-4487,1376,1,0.0007407407407407407,-89.73,27.53,16,48
-4487,1375,1,0.0007407407407407407,-89.73,27.51,16,48
-4488,1382,1,0.0007407407407407407,-89.75,27.650000000000002,16,48
-4488,1378,1,0.0007407407407407407,-89.75,27.57,16,48
-4482,1379,1,0.0007407407407407407,-89.63,27.59,16,48
-4481,1366,1,0.0007407407407407407,-89.61,27.330000000000002,16,48
-4483,1368,1,0.0007407407407407407,-89.65,27.37,16,48
-4482,1368,1,0.0007407407407407407,-89.63,27.37,16,48
-4487,1377,1,0.0007407407407407407,-89.73,27.55,16,48
-4486,1382,1,0.0007407407407407407,-89.71000000000001,27.650000000000002,16,48
-4487,1378,1,0.0007407407407407407,-89.73,27.57,16,48
-4480,1363,1,0.0007407407407407407,-89.59,27.27,16,48
-4479,1367,1,0.0007407407407407407,-89.57000000000001,27.35,16,48
-4480,1377,1,0.0007407407407407407,-89.59,27.55,16,48
-4479,1359,1,0.0007407407407407407,-89.57000000000001,27.19,16,48
-4480,1374,1,0.0007407407407407407,-89.59,27.490000000000002,16,48
-4480,1368,1,0.0007407407407407407,-89.59,27.37,16,48
-4477,1360,1,0.0007407407407407407,-89.53,27.21,16,48
-4477,1365,1,0.0007407407407407407,-89.53,27.310000000000002,16,48
-4477,1366,1,0.0007407407407407407,-89.53,27.330000000000002,16,48
-4477,1368,1,0.0007407407407407407,-89.53,27.37,16,48
-4477,1372,1,0.0007407407407407407,-89.53,27.45,16,48
-4475,1361,1,0.0007407407407407407,-89.49,27.23,16,48
-4475,1368,1,0.0007407407407407407,-89.49,27.37,16,48
-4474,1361,1,0.0007407407407407407,-89.47,27.23,16,48
-4474,1360,1,0.0007407407407407407,-89.47,27.21,16,48
-4474,1365,1,0.0007407407407407407,-89.47,27.310000000000002,16,48
-4473,1363,1,0.0007407407407407407,-89.45,27.27,16,48
-4494,1367,69,0.051111111111111114,-89.87,27.35,16,72
-4493,1366,52,0.03851851851851852,-89.85000000000001,27.330000000000002,16,72
-4496,1369,51,0.03777777777777778,-89.91,27.39,16,72
-4493,1367,51,0.03777777777777778,-89.85000000000001,27.35,16,72
-4496,1370,51,0.03777777777777778,-89.91,27.41,16,72
-4495,1369,49,0.0362962962962963,-89.89,27.39,16,72
-4497,1371,46,0.034074074074074076,-89.93,27.43,16,72
-4494,1366,45,0.03333333333333333,-89.87,27.330000000000002,16,72
-4482,1363,43,0.03185185185185185,-89.63,27.27,16,72
-4495,1370,42,0.03111111111111111,-89.89,27.41,16,72
-4497,1372,37,0.027407407407407408,-89.93,27.45,16,72
-4498,1372,36,0.02666666666666667,-89.95,27.45,16,72
-4496,1371,32,0.023703703703703703,-89.91,27.43,16,72
-4481,1363,32,0.023703703703703703,-89.61,27.27,16,72
-4498,1371,31,0.022962962962962963,-89.95,27.43,16,72
-4495,1368,28,0.02074074074074074,-89.89,27.37,16,72
-4496,1372,26,0.01925925925925926,-89.91,27.45,16,72
-4495,1367,25,0.018518518518518517,-89.89,27.35,16,72
-4494,1368,24,0.017777777777777778,-89.87,27.37,16,72
-4492,1366,23,0.017037037037037038,-89.83,27.330000000000002,16,72
-4497,1370,22,0.016296296296296295,-89.93,27.41,16,72
-4481,1364,20,0.014814814814814815,-89.61,27.29,16,72
-4483,1363,20,0.014814814814814815,-89.65,27.27,16,72
-4482,1364,19,0.014074074074074074,-89.63,27.29,16,72
-4494,1369,17,0.012592592592592593,-89.87,27.39,16,72
-4493,1368,16,0.011851851851851851,-89.85000000000001,27.37,16,72
-4493,1365,16,0.011851851851851851,-89.85000000000001,27.310000000000002,16,72
-4492,1365,15,0.011111111111111112,-89.83,27.310000000000002,16,72
-4496,1368,15,0.011111111111111112,-89.91,27.37,16,72
-4499,1372,15,0.011111111111111112,-89.97,27.45,16,72
-4497,1373,14,0.01037037037037037,-89.93,27.47,16,72
-4492,1367,13,0.00962962962962963,-89.83,27.35,16,72
-4483,1364,12,0.008888888888888889,-89.65,27.29,16,72
-4497,1369,12,0.008888888888888889,-89.93,27.39,16,72
-4495,1372,10,0.007407407407407408,-89.89,27.45,16,72
-4495,1366,10,0.007407407407407408,-89.89,27.330000000000002,16,72
-4499,1371,10,0.007407407407407408,-89.97,27.43,16,72
-4495,1371,10,0.007407407407407408,-89.89,27.43,16,72
-4492,1368,9,0.006666666666666667,-89.83,27.37,16,72
-4498,1370,8,0.005925925925925926,-89.95,27.41,16,72
-4481,1362,8,0.005925925925925926,-89.61,27.25,16,72
-4482,1362,8,0.005925925925925926,-89.63,27.25,16,72
-4493,1369,8,0.005925925925925926,-89.85000000000001,27.39,16,72
-4491,1366,8,0.005925925925925926,-89.81,27.330000000000002,16,72
-4483,1362,7,0.005185185185185185,-89.65,27.25,16,72
-4493,1370,7,0.005185185185185185,-89.85000000000001,27.41,16,72
-4498,1373,7,0.005185185185185185,-89.95,27.47,16,72
-4482,1360,6,0.0044444444444444444,-89.63,27.21,16,72
-4497,1368,6,0.0044444444444444444,-89.93,27.37,16,72
-4491,1367,5,0.003703703703703704,-89.81,27.35,16,72
-4489,1364,5,0.003703703703703704,-89.77,27.29,16,72
-4480,1363,5,0.003703703703703704,-89.59,27.27,16,72
-4490,1365,5,0.003703703703703704,-89.79,27.310000000000002,16,72
-4494,1370,5,0.003703703703703704,-89.87,27.41,16,72
-4480,1358,4,0.002962962962962963,-89.59,27.17,16,72
-4483,1359,4,0.002962962962962963,-89.65,27.19,16,72
-4482,1359,4,0.002962962962962963,-89.63,27.19,16,72
-4481,1356,4,0.002962962962962963,-89.61,27.13,16,72
-4494,1371,4,0.002962962962962963,-89.87,27.43,16,72
-4491,1365,4,0.002962962962962963,-89.81,27.310000000000002,16,72
-4482,1361,4,0.002962962962962963,-89.63,27.23,16,72
-4483,1357,4,0.002962962962962963,-89.65,27.150000000000002,16,72
-4492,1364,4,0.002962962962962963,-89.83,27.29,16,72
-4480,1364,4,0.002962962962962963,-89.59,27.29,16,72
-4480,1365,4,0.002962962962962963,-89.59,27.310000000000002,16,72
-4488,1363,3,0.0022222222222222222,-89.75,27.27,16,72
-4498,1369,3,0.0022222222222222222,-89.95,27.39,16,72
-4498,1368,3,0.0022222222222222222,-89.95,27.37,16,72
-4499,1373,3,0.0022222222222222222,-89.97,27.47,16,72
-4481,1358,3,0.0022222222222222222,-89.61,27.17,16,72
-4480,1359,3,0.0022222222222222222,-89.59,27.19,16,72
-4487,1360,3,0.0022222222222222222,-89.73,27.21,16,72
-4491,1362,3,0.0022222222222222222,-89.81,27.25,16,72
-4484,1363,3,0.0022222222222222222,-89.67,27.27,16,72
-4484,1362,3,0.0022222222222222222,-89.67,27.25,16,72
-4480,1357,3,0.0022222222222222222,-89.59,27.150000000000002,16,72
-4480,1360,3,0.0022222222222222222,-89.59,27.21,16,72
-4496,1373,3,0.0022222222222222222,-89.91,27.47,16,72
-4480,1362,3,0.0022222222222222222,-89.59,27.25,16,72
-4496,1367,2,0.0014814814814814814,-89.91,27.35,16,72
-4496,1366,2,0.0014814814814814814,-89.91,27.330000000000002,16,72
-4497,1367,2,0.0014814814814814814,-89.93,27.35,16,72
-4485,1364,2,0.0014814814814814814,-89.69,27.29,16,72
-4479,1357,2,0.0014814814814814814,-89.57000000000001,27.150000000000002,16,72
-4481,1359,2,0.0014814814814814814,-89.61,27.19,16,72
-4481,1361,2,0.0014814814814814814,-89.61,27.23,16,72
-4499,1370,2,0.0014814814814814814,-89.97,27.41,16,72
-4495,1373,2,0.0014814814814814814,-89.89,27.47,16,72
-4494,1365,2,0.0014814814814814814,-89.87,27.310000000000002,16,72
-4490,1364,2,0.0014814814814814814,-89.79,27.29,16,72
-4493,1372,2,0.0014814814814814814,-89.85000000000001,27.45,16,72
-4493,1371,2,0.0014814814814814814,-89.85000000000001,27.43,16,72
-4485,1363,2,0.0014814814814814814,-89.69,27.27,16,72
-4486,1360,2,0.0014814814814814814,-89.71000000000001,27.21,16,72
-4482,1365,2,0.0014814814814814814,-89.63,27.310000000000002,16,72
-4487,1363,2,0.0014814814814814814,-89.73,27.27,16,72
-4492,1371,2,0.0014814814814814814,-89.83,27.43,16,72
-4489,1363,2,0.0014814814814814814,-89.77,27.27,16,72
-4484,1360,2,0.0014814814814814814,-89.67,27.21,16,72
-4484,1364,2,0.0014814814814814814,-89.67,27.29,16,72
-4483,1358,2,0.0014814814814814814,-89.65,27.17,16,72
-4486,1364,2,0.0014814814814814814,-89.71000000000001,27.29,16,72
-4497,1376,1,0.0007407407407407407,-89.93,27.53,16,72
-4501,1373,1,0.0007407407407407407,-90.01,27.47,16,72
-4500,1371,1,0.0007407407407407407,-89.99,27.43,16,72
-4499,1374,1,0.0007407407407407407,-89.97,27.490000000000002,16,72
-4491,1364,1,0.0007407407407407407,-89.81,27.29,16,72
-4492,1369,1,0.0007407407407407407,-89.83,27.39,16,72
-4495,1364,1,0.0007407407407407407,-89.89,27.29,16,72
-4493,1364,1,0.0007407407407407407,-89.85000000000001,27.29,16,72
-4495,1365,1,0.0007407407407407407,-89.89,27.310000000000002,16,72
-4487,1359,1,0.0007407407407407407,-89.73,27.19,16,72
-4488,1362,1,0.0007407407407407407,-89.75,27.25,16,72
-4488,1364,1,0.0007407407407407407,-89.75,27.29,16,72
-4489,1362,1,0.0007407407407407407,-89.77,27.25,16,72
-4489,1361,1,0.0007407407407407407,-89.77,27.23,16,72
-4488,1359,1,0.0007407407407407407,-89.75,27.19,16,72
-4492,1370,1,0.0007407407407407407,-89.83,27.41,16,72
-4490,1361,1,0.0007407407407407407,-89.79,27.23,16,72
-4491,1369,1,0.0007407407407407407,-89.81,27.39,16,72
-4490,1366,1,0.0007407407407407407,-89.79,27.330000000000002,16,72
-4490,1367,1,0.0007407407407407407,-89.79,27.35,16,72
-4486,1359,1,0.0007407407407407407,-89.71000000000001,27.19,16,72
-4486,1358,1,0.0007407407407407407,-89.71000000000001,27.17,16,72
-4487,1362,1,0.0007407407407407407,-89.73,27.25,16,72
-4487,1361,1,0.0007407407407407407,-89.73,27.23,16,72
-4488,1365,1,0.0007407407407407407,-89.75,27.310000000000002,16,72
-4486,1363,1,0.0007407407407407407,-89.71000000000001,27.27,16,72
-4486,1362,1,0.0007407407407407407,-89.71000000000001,27.25,16,72
-4486,1361,1,0.0007407407407407407,-89.71000000000001,27.23,16,72
-4485,1360,1,0.0007407407407407407,-89.69,27.21,16,72
-4485,1358,1,0.0007407407407407407,-89.69,27.17,16,72
-4485,1357,1,0.0007407407407407407,-89.69,27.150000000000002,16,72
-4485,1362,1,0.0007407407407407407,-89.69,27.25,16,72
-4485,1361,1,0.0007407407407407407,-89.69,27.23,16,72
-4484,1355,1,0.0007407407407407407,-89.67,27.11,16,72
-4484,1359,1,0.0007407407407407407,-89.67,27.19,16,72
-4484,1361,1,0.0007407407407407407,-89.67,27.23,16,72
-4482,1356,1,0.0007407407407407407,-89.63,27.13,16,72
-4482,1357,1,0.0007407407407407407,-89.63,27.150000000000002,16,72
-4483,1365,1,0.0007407407407407407,-89.65,27.310000000000002,16,72
-4483,1360,1,0.0007407407407407407,-89.65,27.21,16,72
-4484,1365,1,0.0007407407407407407,-89.67,27.310000000000002,16,72
-4482,1366,1,0.0007407407407407407,-89.63,27.330000000000002,16,72
-4481,1350,1,0.0007407407407407407,-89.61,27.01,16,72
-4481,1353,1,0.0007407407407407407,-89.61,27.07,16,72
-4481,1360,1,0.0007407407407407407,-89.61,27.21,16,72
-4481,1355,1,0.0007407407407407407,-89.61,27.11,16,72
-4480,1356,1,0.0007407407407407407,-89.59,27.13,16,72
-4481,1365,1,0.0007407407407407407,-89.61,27.310000000000002,16,72
-4480,1355,1,0.0007407407407407407,-89.59,27.11,16,72
-4479,1352,1,0.0007407407407407407,-89.57000000000001,27.05,16,72
-4479,1354,1,0.0007407407407407407,-89.57000000000001,27.09,16,72
-4479,1356,1,0.0007407407407407407,-89.57000000000001,27.13,16,72
-4514,1359,77,0.05703703703703704,-90.27,27.19,22,24
-4512,1356,70,0.05185185185185185,-90.23,27.13,22,24
-4511,1356,69,0.051111111111111114,-90.21000000000001,27.13,22,24
-4515,1362,67,0.04962962962962963,-90.29,27.25,22,24
-4513,1359,63,0.04666666666666667,-90.25,27.19,22,24
-4507,1349,59,0.0437037037037037,-90.13,26.990000000000002,22,24
-4508,1349,53,0.03925925925925926,-90.15,26.990000000000002,22,24
-4516,1362,42,0.03111111111111111,-90.31,27.25,22,24
-4512,1359,40,0.02962962962962963,-90.23,27.19,22,24
-4510,1355,38,0.028148148148148148,-90.19,27.11,22,24
-4514,1362,36,0.02666666666666667,-90.27,27.25,22,24
-4511,1355,36,0.02666666666666667,-90.21000000000001,27.11,22,24
-4506,1349,34,0.025185185185185185,-90.11,26.990000000000002,22,24
-4510,1356,28,0.02074074074074074,-90.19,27.13,22,24
-4512,1355,28,0.02074074074074074,-90.23,27.11,22,24
-4514,1361,27,0.02,-90.27,27.23,22,24
-4507,1348,23,0.017037037037037038,-90.13,26.97,22,24
-4513,1358,22,0.016296296296296295,-90.25,27.17,22,24
-4513,1362,21,0.015555555555555555,-90.25,27.25,22,24
-4509,1350,21,0.015555555555555555,-90.17,27.01,22,24
-4512,1360,20,0.014814814814814815,-90.23,27.21,22,24
-4516,1363,19,0.014074074074074074,-90.31,27.27,22,24
-4513,1356,19,0.014074074074074074,-90.25,27.13,22,24
-4514,1363,18,0.013333333333333334,-90.27,27.27,22,24
-4514,1360,15,0.011111111111111112,-90.27,27.21,22,24
-4512,1358,15,0.011111111111111112,-90.23,27.17,22,24
-4508,1350,15,0.011111111111111112,-90.15,27.01,22,24
-4515,1359,15,0.011111111111111112,-90.29,27.19,22,24
-4513,1360,14,0.01037037037037037,-90.25,27.21,22,24
-4506,1348,14,0.01037037037037037,-90.11,26.97,22,24
-4507,1350,13,0.00962962962962963,-90.13,27.01,22,24
-4511,1359,13,0.00962962962962963,-90.21000000000001,27.19,22,24
-4509,1349,12,0.008888888888888889,-90.17,26.990000000000002,22,24
-4515,1361,12,0.008888888888888889,-90.29,27.23,22,24
-4511,1357,11,0.008148148148148147,-90.21000000000001,27.150000000000002,22,24
-4509,1355,11,0.008148148148148147,-90.17,27.11,22,24
-4512,1357,11,0.008148148148148147,-90.23,27.150000000000002,22,24
-4514,1358,10,0.007407407407407408,-90.27,27.17,22,24
-4515,1363,10,0.007407407407407408,-90.29,27.27,22,24
-4511,1358,10,0.007407407407407408,-90.21000000000001,27.17,22,24
-4510,1351,9,0.006666666666666667,-90.19,27.03,22,24
-4513,1361,9,0.006666666666666667,-90.25,27.23,22,24
-4506,1350,9,0.006666666666666667,-90.11,27.01,22,24
-4508,1348,9,0.006666666666666667,-90.15,26.97,22,24
-4510,1354,8,0.005925925925925926,-90.19,27.09,22,24
-4511,1360,8,0.005925925925925926,-90.21000000000001,27.21,22,24
-4509,1354,7,0.005185185185185185,-90.17,27.09,22,24
-4517,1362,7,0.005185185185185185,-90.33,27.25,22,24
-4505,1349,7,0.005185185185185185,-90.09,26.990000000000002,22,24
-4513,1363,6,0.0044444444444444444,-90.25,27.27,22,24
-4508,1352,6,0.0044444444444444444,-90.15,27.05,22,24
-4508,1351,6,0.0044444444444444444,-90.15,27.03,22,24
-4512,1361,6,0.0044444444444444444,-90.23,27.23,22,24
-4511,1354,5,0.003703703703703704,-90.21000000000001,27.09,22,24
-4513,1357,5,0.003703703703703704,-90.25,27.150000000000002,22,24
-4513,1355,5,0.003703703703703704,-90.25,27.11,22,24
-4509,1352,4,0.002962962962962963,-90.17,27.05,22,24
-4509,1356,4,0.002962962962962963,-90.17,27.13,22,24
-4505,1348,4,0.002962962962962963,-90.09,26.97,22,24
-4507,1352,4,0.002962962962962963,-90.13,27.05,22,24
-4509,1351,4,0.002962962962962963,-90.17,27.03,22,24
-4512,1362,4,0.002962962962962963,-90.23,27.25,22,24
-4510,1357,4,0.002962962962962963,-90.19,27.150000000000002,22,24
-4510,1358,3,0.0022222222222222222,-90.19,27.17,22,24
-4508,1353,3,0.0022222222222222222,-90.15,27.07,22,24
-4508,1354,3,0.0022222222222222222,-90.15,27.09,22,24
-4510,1350,3,0.0022222222222222222,-90.19,27.01,22,24
-4511,1351,3,0.0022222222222222222,-90.21000000000001,27.03,22,24
-4511,1353,3,0.0022222222222222222,-90.21000000000001,27.07,22,24
-4516,1361,3,0.0022222222222222222,-90.31,27.23,22,24
-4517,1363,3,0.0022222222222222222,-90.33,27.27,22,24
-4510,1352,3,0.0022222222222222222,-90.19,27.05,22,24
-4510,1359,3,0.0022222222222222222,-90.19,27.19,22,24
-4509,1357,3,0.0022222222222222222,-90.17,27.150000000000002,22,24
-4506,1353,2,0.0014814814814814814,-90.11,27.07,22,24
-4506,1352,2,0.0014814814814814814,-90.11,27.05,22,24
-4507,1355,2,0.0014814814814814814,-90.13,27.11,22,24
-4507,1356,2,0.0014814814814814814,-90.13,27.13,22,24
-4507,1354,2,0.0014814814814814814,-90.13,27.09,22,24
-4508,1356,2,0.0014814814814814814,-90.15,27.13,22,24
-4515,1360,2,0.0014814814814814814,-90.29,27.21,22,24
-4512,1354,2,0.0014814814814814814,-90.23,27.09,22,24
-4518,1362,2,0.0014814814814814814,-90.35000000000001,27.25,22,24
-4514,1357,2,0.0014814814814814814,-90.27,27.150000000000002,22,24
-4512,1352,2,0.0014814814814814814,-90.23,27.05,22,24
-4510,1360,2,0.0014814814814814814,-90.19,27.21,22,24
-4509,1358,2,0.0014814814814814814,-90.17,27.17,22,24
-4508,1355,2,0.0014814814814814814,-90.15,27.11,22,24
-4516,1359,1,0.0007407407407407407,-90.31,27.19,22,24
-4517,1361,1,0.0007407407407407407,-90.33,27.23,22,24
-4512,1351,1,0.0007407407407407407,-90.23,27.03,22,24
-4513,1354,1,0.0007407407407407407,-90.25,27.09,22,24
-4514,1356,1,0.0007407407407407407,-90.27,27.13,22,24
-4515,1358,1,0.0007407407407407407,-90.29,27.17,22,24
-4511,1361,1,0.0007407407407407407,-90.21000000000001,27.23,22,24
-4511,1362,1,0.0007407407407407407,-90.21000000000001,27.25,22,24
-4510,1348,1,0.0007407407407407407,-90.19,26.97,22,24
-4510,1349,1,0.0007407407407407407,-90.19,26.990000000000002,22,24
-4509,1353,1,0.0007407407407407407,-90.17,27.07,22,24
-4509,1348,1,0.0007407407407407407,-90.17,26.97,22,24
-4510,1353,1,0.0007407407407407407,-90.19,27.07,22,24
-4512,1363,1,0.0007407407407407407,-90.23,27.27,22,24
-4509,1359,1,0.0007407407407407407,-90.17,27.19,22,24
-4507,1351,1,0.0007407407407407407,-90.13,27.03,22,24
-4507,1353,1,0.0007407407407407407,-90.13,27.07,22,24
-4504,1349,1,0.0007407407407407407,-90.07000000000001,26.990000000000002,22,24
-4511,1353,55,0.040740740740740744,-90.21000000000001,27.07,22,48
-4514,1355,47,0.03481481481481481,-90.27,27.11,22,48
-4515,1355,43,0.03185185185185185,-90.29,27.11,22,48
-4510,1353,40,0.02962962962962963,-90.19,27.07,22,48
-4501,1345,40,0.02962962962962963,-90.01,26.91,22,48
-4510,1352,39,0.028888888888888888,-90.19,27.05,22,48
-4502,1345,39,0.028888888888888888,-90.03,26.91,22,48
-4503,1345,37,0.027407407407407408,-90.05,26.91,22,48
-4516,1355,37,0.027407407407407408,-90.31,27.11,22,48
-4519,1357,34,0.025185185185185185,-90.37,27.150000000000002,22,48
-4518,1357,33,0.024444444444444446,-90.35000000000001,27.150000000000002,22,48
-4509,1353,30,0.022222222222222223,-90.17,27.07,22,48
-4513,1356,28,0.02074074074074074,-90.25,27.13,22,48
-4517,1357,27,0.02,-90.33,27.150000000000002,22,48
-4511,1352,27,0.02,-90.21000000000001,27.05,22,48
-4516,1356,26,0.01925925925925926,-90.31,27.13,22,48
-4512,1353,25,0.018518518518518517,-90.23,27.07,22,48
-4520,1357,24,0.017777777777777778,-90.39,27.150000000000002,22,48
-4517,1358,24,0.017777777777777778,-90.33,27.17,22,48
-4515,1356,24,0.017777777777777778,-90.29,27.13,22,48
-4509,1352,23,0.017037037037037038,-90.17,27.05,22,48
-4514,1356,21,0.015555555555555555,-90.27,27.13,22,48
-4518,1358,21,0.015555555555555555,-90.35000000000001,27.17,22,48
-4502,1344,20,0.014814814814814815,-90.03,26.89,22,48
-4504,1345,20,0.014814814814814815,-90.07000000000001,26.91,22,48
-4516,1357,19,0.014074074074074074,-90.31,27.150000000000002,22,48
-4519,1358,18,0.013333333333333334,-90.37,27.17,22,48
-4516,1358,18,0.013333333333333334,-90.31,27.17,22,48
-4512,1352,17,0.012592592592592593,-90.23,27.05,22,48
-4513,1355,16,0.011851851851851851,-90.25,27.11,22,48
-4512,1355,15,0.011111111111111112,-90.23,27.11,22,48
-4508,1352,14,0.01037037037037037,-90.15,27.05,22,48
-4513,1353,13,0.00962962962962963,-90.25,27.07,22,48
-4501,1344,13,0.00962962962962963,-90.01,26.89,22,48
-4511,1355,13,0.00962962962962963,-90.21000000000001,27.11,22,48
-4514,1354,12,0.008888888888888889,-90.27,27.09,22,48
-4503,1344,12,0.008888888888888889,-90.05,26.89,22,48
-4503,1346,11,0.008148148148148147,-90.05,26.93,22,48
-4505,1345,11,0.008148148148148147,-90.09,26.91,22,48
-4512,1356,11,0.008148148148148147,-90.23,27.13,22,48
-4514,1357,11,0.008148148148148147,-90.27,27.150000000000002,22,48
-4518,1356,10,0.007407407407407408,-90.35000000000001,27.13,22,48
-4515,1357,10,0.007407407407407408,-90.29,27.150000000000002,22,48
-4515,1358,10,0.007407407407407408,-90.29,27.17,22,48
-4511,1354,9,0.006666666666666667,-90.21000000000001,27.09,22,48
-4520,1358,9,0.006666666666666667,-90.39,27.17,22,48
-4504,1346,8,0.005925925925925926,-90.07000000000001,26.93,22,48
-4508,1351,7,0.005185185185185185,-90.15,27.03,22,48
-4513,1354,7,0.005185185185185185,-90.25,27.09,22,48
-4517,1356,7,0.005185185185185185,-90.33,27.13,22,48
-4517,1355,7,0.005185185185185185,-90.33,27.11,22,48
-4507,1351,6,0.0044444444444444444,-90.13,27.03,22,48
-4506,1350,6,0.0044444444444444444,-90.11,27.01,22,48
-4511,1356,6,0.0044444444444444444,-90.21000000000001,27.13,22,48
-4501,1346,6,0.0044444444444444444,-90.01,26.93,22,48
-4505,1344,6,0.0044444444444444444,-90.09,26.89,22,48
-4507,1352,6,0.0044444444444444444,-90.13,27.05,22,48
-4513,1357,6,0.0044444444444444444,-90.25,27.150000000000002,22,48
-4515,1354,6,0.0044444444444444444,-90.29,27.09,22,48
-4505,1346,5,0.003703703703703704,-90.09,26.93,22,48
-4508,1353,5,0.003703703703703704,-90.15,27.07,22,48
-4512,1357,5,0.003703703703703704,-90.23,27.150000000000002,22,48
-4512,1354,5,0.003703703703703704,-90.23,27.09,22,48
-4507,1346,5,0.003703703703703704,-90.13,26.93,22,48
-4514,1358,5,0.003703703703703704,-90.27,27.17,22,48
-4519,1356,5,0.003703703703703704,-90.37,27.13,22,48
-4505,1350,5,0.003703703703703704,-90.09,27.01,22,48
-4506,1351,5,0.003703703703703704,-90.11,27.03,22,48
-4510,1351,4,0.002962962962962963,-90.19,27.03,22,48
-4508,1354,4,0.002962962962962963,-90.15,27.09,22,48
-4509,1354,4,0.002962962962962963,-90.17,27.09,22,48
-4509,1351,4,0.002962962962962963,-90.17,27.03,22,48
-4513,1352,4,0.002962962962962963,-90.25,27.05,22,48
-4500,1344,4,0.002962962962962963,-89.99,26.89,22,48
-4502,1343,4,0.002962962962962963,-90.03,26.87,22,48
-4511,1351,4,0.002962962962962963,-90.21000000000001,27.03,22,48
-4514,1353,4,0.002962962962962963,-90.27,27.07,22,48
-4502,1346,4,0.002962962962962963,-90.03,26.93,22,48
-4510,1355,3,0.0022222222222222222,-90.19,27.11,22,48
-4511,1357,3,0.0022222222222222222,-90.21000000000001,27.150000000000002,22,48
-4508,1349,3,0.0022222222222222222,-90.15,26.990000000000002,22,48
-4506,1345,3,0.0022222222222222222,-90.11,26.91,22,48
-4505,1343,3,0.0022222222222222222,-90.09,26.87,22,48
-4517,1354,3,0.0022222222222222222,-90.33,27.09,22,48
-4521,1357,3,0.0022222222222222222,-90.41,27.150000000000002,22,48
-4510,1354,3,0.0022222222222222222,-90.19,27.09,22,48
-4501,1343,3,0.0022222222222222222,-90.01,26.87,22,48
-4504,1350,3,0.0022222222222222222,-90.07000000000001,27.01,22,48
-4502,1347,3,0.0022222222222222222,-90.03,26.95,22,48
-4505,1349,3,0.0022222222222222222,-90.09,26.990000000000002,22,48
-4504,1343,3,0.0022222222222222222,-90.07000000000001,26.87,22,48
-4505,1347,3,0.0022222222222222222,-90.09,26.95,22,48
-4506,1353,3,0.0022222222222222222,-90.11,27.07,22,48
-4502,1342,2,0.0014814814814814814,-90.03,26.85,22,48
-4499,1346,2,0.0014814814814814814,-89.97,26.93,22,48
-4521,1358,2,0.0014814814814814814,-90.41,27.17,22,48
-4516,1354,2,0.0014814814814814814,-90.31,27.09,22,48
-4520,1356,2,0.0014814814814814814,-90.39,27.13,22,48
-4522,1357,2,0.0014814814814814814,-90.43,27.150000000000002,22,48
-4501,1348,2,0.0014814814814814814,-90.01,26.97,22,48
-4500,1345,2,0.0014814814814814814,-89.99,26.91,22,48
-4500,1346,2,0.0014814814814814814,-89.99,26.93,22,48
-4503,1349,2,0.0014814814814814814,-90.05,26.990000000000002,22,48
-4508,1355,2,0.0014814814814814814,-90.15,27.11,22,48
-4510,1356,2,0.0014814814814814814,-90.19,27.13,22,48
-4505,1353,2,0.0014814814814814814,-90.09,27.07,22,48
-4505,1348,2,0.0014814814814814814,-90.09,26.97,22,48
-4506,1346,2,0.0014814814814814814,-90.11,26.93,22,48
-4504,1344,2,0.0014814814814814814,-90.07000000000001,26.89,22,48
-4506,1349,2,0.0014814814814814814,-90.11,26.990000000000002,22,48
-4506,1344,2,0.0014814814814814814,-90.11,26.89,22,48
-4506,1343,2,0.0014814814814814814,-90.11,26.87,22,48
-4503,1348,2,0.0014814814814814814,-90.05,26.97,22,48
-4517,1359,1,0.0007407407407407407,-90.33,27.19,22,48
-4518,1355,1,0.0007407407407407407,-90.35000000000001,27.11,22,48
-4519,1355,1,0.0007407407407407407,-90.37,27.11,22,48
-4520,1354,1,0.0007407407407407407,-90.39,27.09,22,48
-4521,1356,1,0.0007407407407407407,-90.41,27.13,22,48
-4523,1356,1,0.0007407407407407407,-90.45,27.13,22,48
-4516,1359,1,0.0007407407407407407,-90.31,27.19,22,48
-4512,1346,1,0.0007407407407407407,-90.23,26.93,22,48
-4508,1350,1,0.0007407407407407407,-90.15,27.01,22,48
-4509,1357,1,0.0007407407407407407,-90.17,27.150000000000002,22,48
-4508,1343,1,0.0007407407407407407,-90.15,26.87,22,48
-4509,1355,1,0.0007407407407407407,-90.17,27.11,22,48
-4509,1356,1,0.0007407407407407407,-90.17,27.13,22,48
-4508,1346,1,0.0007407407407407407,-90.15,26.93,22,48
-4511,1358,1,0.0007407407407407407,-90.21000000000001,27.17,22,48
-4509,1347,1,0.0007407407407407407,-90.17,26.95,22,48
-4510,1348,1,0.0007407407407407407,-90.19,26.97,22,48
-4510,1346,1,0.0007407407407407407,-90.19,26.93,22,48
-4512,1351,1,0.0007407407407407407,-90.23,27.03,22,48
-4512,1358,1,0.0007407407407407407,-90.23,27.17,22,48
-4507,1353,1,0.0007407407407407407,-90.13,27.07,22,48
-4507,1355,1,0.0007407407407407407,-90.13,27.11,22,48
-4506,1348,1,0.0007407407407407407,-90.11,26.97,22,48
-4506,1352,1,0.0007407407407407407,-90.11,27.05,22,48
-4505,1354,1,0.0007407407407407407,-90.09,27.09,22,48
-4505,1352,1,0.0007407407407407407,-90.09,27.05,22,48
-4505,1351,1,0.0007407407407407407,-90.09,27.03,22,48
-4507,1347,1,0.0007407407407407407,-90.13,26.95,22,48
-4507,1350,1,0.0007407407407407407,-90.13,27.01,22,48
-4507,1354,1,0.0007407407407407407,-90.13,27.09,22,48
-4503,1343,1,0.0007407407407407407,-90.05,26.87,22,48
-4504,1351,1,0.0007407407407407407,-90.07000000000001,27.03,22,48
-4503,1350,1,0.0007407407407407407,-90.05,27.01,22,48
-4503,1347,1,0.0007407407407407407,-90.05,26.95,22,48
-4503,1342,1,0.0007407407407407407,-90.05,26.85,22,48
-4504,1347,1,0.0007407407407407407,-90.07000000000001,26.95,22,48
-4504,1348,1,0.0007407407407407407,-90.07000000000001,26.97,22,48
-4502,1349,1,0.0007407407407407407,-90.03,26.990000000000002,22,48
-4500,1343,1,0.0007407407407407407,-89.99,26.87,22,48
-4498,1345,1,0.0007407407407407407,-89.95,26.91,22,48
-4511,1346,48,0.035555555555555556,-90.21000000000001,26.93,22,72
-4497,1342,39,0.028888888888888888,-89.93,26.85,22,72
-4512,1346,38,0.028148148148148148,-90.23,26.93,22,72
-4517,1346,38,0.028148148148148148,-90.33,26.93,22,72
-4518,1346,37,0.027407407407407408,-90.35000000000001,26.93,22,72
-4511,1345,36,0.02666666666666667,-90.21000000000001,26.91,22,72
-4510,1346,35,0.025925925925925925,-90.19,26.93,22,72
-4519,1346,31,0.022962962962962963,-90.37,26.93,22,72
-4519,1345,25,0.018518518518518517,-90.37,26.91,22,72
-4518,1345,25,0.018518518518518517,-90.35000000000001,26.91,22,72
-4515,1346,24,0.017777777777777778,-90.29,26.93,22,72
-4498,1342,24,0.017777777777777778,-89.95,26.85,22,72
-4512,1345,24,0.017777777777777778,-90.23,26.91,22,72
-4516,1346,24,0.017777777777777778,-90.31,26.93,22,72
-4513,1346,23,0.017037037037037038,-90.25,26.93,22,72
-4524,1346,22,0.016296296296296295,-90.47,26.93,22,72
-4520,1346,22,0.016296296296296295,-90.39,26.93,22,72
-4509,1346,21,0.015555555555555555,-90.17,26.93,22,72
-4496,1342,21,0.015555555555555555,-89.91,26.85,22,72
-4520,1345,20,0.014814814814814815,-90.39,26.91,22,72
-4509,1345,20,0.014814814814814815,-90.17,26.91,22,72
-4521,1345,19,0.014074074074074074,-90.41,26.91,22,72
-4523,1346,19,0.014074074074074074,-90.45,26.93,22,72
-4521,1346,19,0.014074074074074074,-90.41,26.93,22,72
-4526,1345,19,0.014074074074074074,-90.51,26.91,22,72
-4525,1345,19,0.014074074074074074,-90.49,26.91,22,72
-4515,1345,19,0.014074074074074074,-90.29,26.91,22,72
-4514,1346,18,0.013333333333333334,-90.27,26.93,22,72
-4522,1346,18,0.013333333333333334,-90.43,26.93,22,72
-4524,1345,18,0.013333333333333334,-90.47,26.91,22,72
-4510,1345,18,0.013333333333333334,-90.19,26.91,22,72
-4526,1346,16,0.011851851851851851,-90.51,26.93,22,72
-4523,1345,15,0.011111111111111112,-90.45,26.91,22,72
-4522,1345,15,0.011111111111111112,-90.43,26.91,22,72
-4517,1345,15,0.011111111111111112,-90.33,26.91,22,72
-4497,1343,13,0.00962962962962963,-89.93,26.87,22,72
-4525,1346,13,0.00962962962962963,-90.49,26.93,22,72
-4527,1345,12,0.008888888888888889,-90.53,26.91,22,72
-4499,1342,12,0.008888888888888889,-89.97,26.85,22,72
-4498,1343,12,0.008888888888888889,-89.95,26.87,22,72
-4516,1347,11,0.008148148148148147,-90.31,26.95,22,72
-4516,1345,11,0.008148148148148147,-90.31,26.91,22,72
-4500,1343,10,0.007407407407407408,-89.99,26.87,22,72
-4496,1343,10,0.007407407407407408,-89.91,26.87,22,72
-4514,1345,10,0.007407407407407408,-90.27,26.91,22,72
-4508,1345,10,0.007407407407407408,-90.15,26.91,22,72
-4528,1345,9,0.006666666666666667,-90.55,26.91,22,72
-4512,1347,8,0.005925925925925926,-90.23,26.95,22,72
-4499,1343,8,0.005925925925925926,-89.97,26.87,22,72
-4507,1344,7,0.005185185185185185,-90.13,26.89,22,72
-4513,1345,7,0.005185185185185185,-90.25,26.91,22,72
-4513,1347,7,0.005185185185185185,-90.25,26.95,22,72
-4511,1344,6,0.0044444444444444444,-90.21000000000001,26.89,22,72
-4527,1346,6,0.0044444444444444444,-90.53,26.93,22,72
-4497,1341,6,0.0044444444444444444,-89.93,26.830000000000002,22,72
-4515,1347,6,0.0044444444444444444,-90.29,26.95,22,72
-4522,1347,6,0.0044444444444444444,-90.43,26.95,22,72
-4496,1341,6,0.0044444444444444444,-89.91,26.830000000000002,22,72
-4511,1347,5,0.003703703703703704,-90.21000000000001,26.95,22,72
-4498,1338,5,0.003703703703703704,-89.95,26.77,22,72
-4499,1341,5,0.003703703703703704,-89.97,26.830000000000002,22,72
-4515,1344,5,0.003703703703703704,-90.29,26.89,22,72
-4495,1341,5,0.003703703703703704,-89.89,26.830000000000002,22,72
-4509,1344,5,0.003703703703703704,-90.17,26.89,22,72
-4499,1338,5,0.003703703703703704,-89.97,26.77,22,72
-4500,1342,5,0.003703703703703704,-89.99,26.85,22,72
-4510,1347,4,0.002962962962962963,-90.19,26.95,22,72
-4504,1333,4,0.002962962962962963,-90.07000000000001,26.67,22,72
-4507,1346,4,0.002962962962962963,-90.13,26.93,22,72
-4508,1344,4,0.002962962962962963,-90.15,26.89,22,72
-4528,1346,4,0.002962962962962963,-90.55,26.93,22,72
-4495,1342,4,0.002962962962962963,-89.89,26.85,22,72
-4501,1333,4,0.002962962962962963,-90.01,26.67,22,72
-4504,1343,4,0.002962962962962963,-90.07000000000001,26.87,22,72
-4506,1344,4,0.002962962962962963,-90.11,26.89,22,72
-4519,1344,4,0.002962962962962963,-90.37,26.89,22,72
-4518,1347,4,0.002962962962962963,-90.35000000000001,26.95,22,72
-4520,1347,4,0.002962962962962963,-90.39,26.95,22,72
-4514,1347,4,0.002962962962962963,-90.27,26.95,22,72
-4507,1342,3,0.0022222222222222222,-90.13,26.85,22,72
-4517,1347,3,0.0022222222222222222,-90.33,26.95,22,72
-4518,1344,3,0.0022222222222222222,-90.35000000000001,26.89,22,72
-4527,1344,3,0.0022222222222222222,-90.53,26.89,22,72
-4505,1343,3,0.0022222222222222222,-90.09,26.87,22,72
-4506,1345,3,0.0022222222222222222,-90.11,26.91,22,72
-4506,1342,3,0.0022222222222222222,-90.11,26.85,22,72
-4502,1336,3,0.0022222222222222222,-90.03,26.73,22,72
-4500,1337,3,0.0022222222222222222,-89.99,26.75,22,72
-4500,1332,3,0.0022222222222222222,-89.99,26.650000000000002,22,72
-4505,1340,3,0.0022222222222222222,-90.09,26.810000000000002,22,72
-4506,1343,3,0.0022222222222222222,-90.11,26.87,22,72
-4503,1340,3,0.0022222222222222222,-90.05,26.810000000000002,22,72
-4503,1343,3,0.0022222222222222222,-90.05,26.87,22,72
-4508,1346,3,0.0022222222222222222,-90.15,26.93,22,72
-4507,1345,3,0.0022222222222222222,-90.13,26.91,22,72
-4501,1335,3,0.0022222222222222222,-90.01,26.71,22,72
-4497,1339,2,0.0014814814814814814,-89.93,26.79,22,72
-4495,1343,2,0.0014814814814814814,-89.89,26.87,22,72
-4495,1344,2,0.0014814814814814814,-89.89,26.89,22,72
-4498,1341,2,0.0014814814814814814,-89.95,26.830000000000002,22,72
-4502,1339,2,0.0014814814814814814,-90.03,26.79,22,72
-4501,1343,2,0.0014814814814814814,-90.01,26.87,22,72
-4503,1337,2,0.0014814814814814814,-90.05,26.75,22,72
-4503,1338,2,0.0014814814814814814,-90.05,26.77,22,72
-4503,1342,2,0.0014814814814814814,-90.05,26.85,22,72
-4504,1334,2,0.0014814814814814814,-90.07000000000001,26.69,22,72
-4500,1344,2,0.0014814814814814814,-89.99,26.89,22,72
-4500,1339,2,0.0014814814814814814,-89.99,26.79,22,72
-4499,1337,2,0.0014814814814814814,-89.97,26.75,22,72
-4504,1340,2,0.0014814814814814814,-90.07000000000001,26.810000000000002,22,72
-4517,1344,2,0.0014814814814814814,-90.33,26.89,22,72
-4519,1347,2,0.0014814814814814814,-90.37,26.95,22,72
-4512,1344,2,0.0014814814814814814,-90.23,26.89,22,72
-4524,1347,2,0.0014814814814814814,-90.47,26.95,22,72
-4521,1347,2,0.0014814814814814814,-90.41,26.95,22,72
-4522,1344,2,0.0014814814814814814,-90.43,26.89,22,72
-4529,1347,2,0.0014814814814814814,-90.57000000000001,26.95,22,72
-4526,1347,2,0.0014814814814814814,-90.51,26.95,22,72
-4529,1346,2,0.0014814814814814814,-90.57000000000001,26.93,22,72
-4529,1345,2,0.0014814814814814814,-90.57000000000001,26.91,22,72
-4524,1344,2,0.0014814814814814814,-90.47,26.89,22,72
-4497,1336,2,0.0014814814814814814,-89.93,26.73,22,72
-4498,1339,2,0.0014814814814814814,-89.95,26.79,22,72
-4502,1344,2,0.0014814814814814814,-90.03,26.89,22,72
-4501,1337,2,0.0014814814814814814,-90.01,26.75,22,72
-4502,1338,2,0.0014814814814814814,-90.03,26.77,22,72
-4502,1343,2,0.0014814814814814814,-90.03,26.87,22,72
-4506,1341,2,0.0014814814814814814,-90.11,26.830000000000002,22,72
-4508,1343,2,0.0014814814814814814,-90.15,26.87,22,72
-4503,1333,2,0.0014814814814814814,-90.05,26.67,22,72
-4502,1333,2,0.0014814814814814814,-90.03,26.67,22,72
-4509,1347,2,0.0014814814814814814,-90.17,26.95,22,72
-4509,1339,2,0.0014814814814814814,-90.17,26.79,22,72
-4510,1343,2,0.0014814814814814814,-90.19,26.87,22,72
-4507,1343,2,0.0014814814814814814,-90.13,26.87,22,72
-4529,1344,1,0.0007407407407407407,-90.57000000000001,26.89,22,72
-4532,1344,1,0.0007407407407407407,-90.63,26.89,22,72
-4530,1345,1,0.0007407407407407407,-90.59,26.91,22,72
-4526,1344,1,0.0007407407407407407,-90.51,26.89,22,72
-4528,1347,1,0.0007407407407407407,-90.55,26.95,22,72
-4525,1344,1,0.0007407407407407407,-90.49,26.89,22,72
-4525,1347,1,0.0007407407407407407,-90.49,26.95,22,72
-4530,1346,1,0.0007407407407407407,-90.59,26.93,22,72
-4516,1344,1,0.0007407407407407407,-90.31,26.89,22,72
-4523,1343,1,0.0007407407407407407,-90.45,26.87,22,72
-4523,1344,1,0.0007407407407407407,-90.45,26.89,22,72
-4520,1344,1,0.0007407407407407407,-90.39,26.89,22,72
-4521,1344,1,0.0007407407407407407,-90.41,26.89,22,72
-4520,1348,1,0.0007407407407407407,-90.39,26.97,22,72
-4518,1348,1,0.0007407407407407407,-90.35000000000001,26.97,22,72
-4512,1348,1,0.0007407407407407407,-90.23,26.97,22,72
-4511,1343,1,0.0007407407407407407,-90.21000000000001,26.87,22,72
-4512,1342,1,0.0007407407407407407,-90.23,26.85,22,72
-4512,1336,1,0.0007407407407407407,-90.23,26.73,22,72
-4513,1344,1,0.0007407407407407407,-90.25,26.89,22,72
-4515,1348,1,0.0007407407407407407,-90.29,26.97,22,72
-4514,1344,1,0.0007407407407407407,-90.27,26.89,22,72
-4514,1348,1,0.0007407407407407407,-90.27,26.97,22,72
-4517,1348,1,0.0007407407407407407,-90.33,26.97,22,72
-4505,1341,1,0.0007407407407407407,-90.09,26.830000000000002,22,72
-4505,1344,1,0.0007407407407407407,-90.09,26.89,22,72
-4505,1346,1,0.0007407407407407407,-90.09,26.93,22,72
-4504,1335,1,0.0007407407407407407,-90.07000000000001,26.71,22,72
-4504,1342,1,0.0007407407407407407,-90.07000000000001,26.85,22,72
-4503,1336,1,0.0007407407407407407,-90.05,26.73,22,72
-4503,1339,1,0.0007407407407407407,-90.05,26.79,22,72
-4508,1342,1,0.0007407407407407407,-90.15,26.85,22,72
-4508,1337,1,0.0007407407407407407,-90.15,26.75,22,72
-4507,1337,1,0.0007407407407407407,-90.13,26.75,22,72
-4508,1336,1,0.0007407407407407407,-90.15,26.73,22,72
-4511,1348,1,0.0007407407407407407,-90.21000000000001,26.97,22,72
-4510,1341,1,0.0007407407407407407,-90.19,26.830000000000002,22,72
-4510,1339,1,0.0007407407407407407,-90.19,26.79,22,72
-4509,1348,1,0.0007407407407407407,-90.17,26.97,22,72
-4507,1347,1,0.0007407407407407407,-90.13,26.95,22,72
-4506,1333,1,0.0007407407407407407,-90.11,26.67,22,72
-4506,1339,1,0.0007407407407407407,-90.11,26.79,22,72
-4507,1340,1,0.0007407407407407407,-90.13,26.810000000000002,22,72
-4504,1339,1,0.0007407407407407407,-90.07000000000001,26.79,22,72
-4504,1337,1,0.0007407407407407407,-90.07000000000001,26.75,22,72
-4504,1341,1,0.0007407407407407407,-90.07000000000001,26.830000000000002,22,72
-4506,1340,1,0.0007407407407407407,-90.11,26.810000000000002,22,72
-4502,1335,1,0.0007407407407407407,-90.03,26.71,22,72
-4502,1332,1,0.0007407407407407407,-90.03,26.650000000000002,22,72
-4503,1344,1,0.0007407407407407407,-90.05,26.89,22,72
-4503,1341,1,0.0007407407407407407,-90.05,26.830000000000002,22,72
-4503,1334,1,0.0007407407407407407,-90.05,26.69,22,72
-4500,1335,1,0.0007407407407407407,-89.99,26.71,22,72
-4500,1336,1,0.0007407407407407407,-89.99,26.73,22,72
-4500,1338,1,0.0007407407407407407,-89.99,26.77,22,72
-4500,1333,1,0.0007407407407407407,-89.99,26.67,22,72
-4502,1345,1,0.0007407407407407407,-90.03,26.91,22,72
-4501,1334,1,0.0007407407407407407,-90.01,26.69,22,72
-4501,1338,1,0.0007407407407407407,-90.01,26.77,22,72
-4501,1339,1,0.0007407407407407407,-90.01,26.79,22,72
-4501,1340,1,0.0007407407407407407,-90.01,26.810000000000002,22,72
-4501,1341,1,0.0007407407407407407,-90.01,26.830000000000002,22,72
-4501,1342,1,0.0007407407407407407,-90.01,26.85,22,72
-4499,1336,1,0.0007407407407407407,-89.97,26.73,22,72
-4499,1335,1,0.0007407407407407407,-89.97,26.71,22,72
-4500,1340,1,0.0007407407407407407,-89.99,26.810000000000002,22,72
-4500,1331,1,0.0007407407407407407,-89.99,26.63,22,72
-4500,1334,1,0.0007407407407407407,-89.99,26.69,22,72
-4499,1339,1,0.0007407407407407407,-89.97,26.79,22,72
-4499,1345,1,0.0007407407407407407,-89.97,26.91,22,72
-4498,1335,1,0.0007407407407407407,-89.95,26.71,22,72
-4497,1337,1,0.0007407407407407407,-89.93,26.75,22,72
-4498,1344,1,0.0007407407407407407,-89.95,26.89,22,72
-4496,1340,1,0.0007407407407407407,-89.91,26.810000000000002,22,72
-4496,1336,1,0.0007407407407407407,-89.91,26.73,22,72
-4496,1344,1,0.0007407407407407407,-89.91,26.89,22,72
-4495,1340,1,0.0007407407407407407,-89.89,26.810000000000002,22,72
-4494,1342,1,0.0007407407407407407,-89.87,26.85,22,72
-4493,1340,1,0.0007407407407407407,-89.85000000000001,26.810000000000002,22,72
-4510,1357,111,0.08222222222222222,-90.19,27.150000000000002,21,24
-4512,1361,87,0.06444444444444444,-90.23,27.23,21,24
-4514,1364,87,0.06444444444444444,-90.27,27.29,21,24
-4512,1360,66,0.04888888888888889,-90.23,27.21,21,24
-4506,1350,65,0.04814814814814815,-90.11,27.01,21,24
-4507,1351,63,0.04666666666666667,-90.13,27.03,21,24
-4511,1360,58,0.04296296296296296,-90.21000000000001,27.21,21,24
-4513,1364,57,0.042222222222222223,-90.25,27.29,21,24
-4511,1357,52,0.03851851851851852,-90.21000000000001,27.150000000000002,21,24
-4513,1363,47,0.03481481481481481,-90.25,27.27,21,24
-4510,1358,41,0.03037037037037037,-90.19,27.17,21,24
-4509,1357,37,0.027407407407407408,-90.17,27.150000000000002,21,24
-4507,1350,35,0.025925925925925925,-90.13,27.01,21,24
-4506,1351,32,0.023703703703703703,-90.11,27.03,21,24
-4511,1358,31,0.022962962962962963,-90.21000000000001,27.17,21,24
-4511,1361,29,0.02148148148148148,-90.21000000000001,27.23,21,24
-4512,1363,26,0.01925925925925926,-90.23,27.27,21,24
-4513,1361,24,0.017777777777777778,-90.25,27.23,21,24
-4505,1350,24,0.017777777777777778,-90.09,27.01,21,24
-4514,1363,22,0.016296296296296295,-90.27,27.27,21,24
-4509,1356,21,0.015555555555555555,-90.17,27.13,21,24
-4509,1358,16,0.011851851851851851,-90.17,27.17,21,24
-4512,1362,15,0.011111111111111112,-90.23,27.25,21,24
-4508,1351,15,0.011111111111111112,-90.15,27.03,21,24
-4510,1360,13,0.00962962962962963,-90.19,27.21,21,24
-4510,1356,13,0.00962962962962963,-90.19,27.13,21,24
-4508,1356,12,0.008888888888888889,-90.15,27.13,21,24
-4511,1362,12,0.008888888888888889,-90.21000000000001,27.25,21,24
-4515,1364,12,0.008888888888888889,-90.29,27.29,21,24
-4511,1359,11,0.008148148148148147,-90.21000000000001,27.19,21,24
-4507,1352,11,0.008148148148148147,-90.13,27.05,21,24
-4510,1359,11,0.008148148148148147,-90.19,27.19,21,24
-4508,1352,10,0.007407407407407408,-90.15,27.05,21,24
-4513,1360,10,0.007407407407407408,-90.25,27.21,21,24
-4510,1361,9,0.006666666666666667,-90.19,27.23,21,24
-4506,1352,8,0.005925925925925926,-90.11,27.05,21,24
-4512,1364,8,0.005925925925925926,-90.23,27.29,21,24
-4509,1352,7,0.005185185185185185,-90.17,27.05,21,24
-4507,1353,7,0.005185185185185185,-90.13,27.07,21,24
-4509,1359,7,0.005185185185185185,-90.17,27.19,21,24
-4507,1354,6,0.0044444444444444444,-90.13,27.09,21,24
-4508,1355,6,0.0044444444444444444,-90.15,27.11,21,24
-4509,1360,6,0.0044444444444444444,-90.17,27.21,21,24
-4511,1363,6,0.0044444444444444444,-90.21000000000001,27.27,21,24
-4514,1365,6,0.0044444444444444444,-90.27,27.310000000000002,21,24
-4513,1362,5,0.003703703703703704,-90.25,27.25,21,24
-4511,1356,5,0.003703703703703704,-90.21000000000001,27.13,21,24
-4506,1353,5,0.003703703703703704,-90.11,27.07,21,24
-4508,1357,5,0.003703703703703704,-90.15,27.150000000000002,21,24
-4506,1349,5,0.003703703703703704,-90.11,26.990000000000002,21,24
-4512,1359,4,0.002962962962962963,-90.23,27.19,21,24
-4509,1353,4,0.002962962962962963,-90.17,27.07,21,24
-4507,1355,4,0.002962962962962963,-90.13,27.11,21,24
-4512,1357,4,0.002962962962962963,-90.23,27.150000000000002,21,24
-4508,1350,4,0.002962962962962963,-90.15,27.01,21,24
-4514,1362,4,0.002962962962962963,-90.27,27.25,21,24
-4513,1365,3,0.0022222222222222222,-90.25,27.310000000000002,21,24
-4504,1350,3,0.0022222222222222222,-90.07000000000001,27.01,21,24
-4512,1358,3,0.0022222222222222222,-90.23,27.17,21,24
-4508,1353,3,0.0022222222222222222,-90.15,27.07,21,24
-4508,1358,3,0.0022222222222222222,-90.15,27.17,21,24
-4510,1362,3,0.0022222222222222222,-90.19,27.25,21,24
-4505,1351,3,0.0022222222222222222,-90.09,27.03,21,24
-4507,1357,2,0.0014814814814814814,-90.13,27.150000000000002,21,24
-4515,1365,2,0.0014814814814814814,-90.29,27.310000000000002,21,24
-4515,1363,2,0.0014814814814814814,-90.29,27.27,21,24
-4509,1351,2,0.0014814814814814814,-90.17,27.03,21,24
-4509,1355,2,0.0014814814814814814,-90.17,27.11,21,24
-4506,1354,2,0.0014814814814814814,-90.11,27.09,21,24
-4508,1359,2,0.0014814814814814814,-90.15,27.19,21,24
-4508,1354,2,0.0014814814814814814,-90.15,27.09,21,24
-4512,1356,1,0.0007407407407407407,-90.23,27.13,21,24
-4511,1355,1,0.0007407407407407407,-90.21000000000001,27.11,21,24
-4510,1353,1,0.0007407407407407407,-90.19,27.07,21,24
-4510,1355,1,0.0007407407407407407,-90.19,27.11,21,24
-4509,1361,1,0.0007407407407407407,-90.17,27.23,21,24
-4511,1364,1,0.0007407407407407407,-90.21000000000001,27.29,21,24
-4508,1361,1,0.0007407407407407407,-90.15,27.23,21,24
-4507,1349,1,0.0007407407407407407,-90.13,26.990000000000002,21,24
-4507,1359,1,0.0007407407407407407,-90.13,27.19,21,24
-4507,1356,1,0.0007407407407407407,-90.13,27.13,21,24
-4506,1355,1,0.0007407407407407407,-90.11,27.11,21,24
-4504,1349,1,0.0007407407407407407,-90.07000000000001,26.990000000000002,21,24
-4510,1354,79,0.05851851851851852,-90.19,27.09,21,48
-4517,1359,70,0.05185185185185185,-90.33,27.19,21,48
-4514,1357,50,0.037037037037037035,-90.27,27.150000000000002,21,48
-4511,1354,49,0.0362962962962963,-90.21000000000001,27.09,21,48
-4513,1357,44,0.03259259259259259,-90.25,27.150000000000002,21,48
-4503,1346,43,0.03185185185185185,-90.05,26.93,21,48
-4502,1346,41,0.03037037037037037,-90.03,26.93,21,48
-4516,1359,38,0.028148148148148148,-90.31,27.19,21,48
-4509,1354,35,0.025925925925925925,-90.17,27.09,21,48
-4509,1353,35,0.025925925925925925,-90.17,27.07,21,48
-4512,1356,34,0.025185185185185185,-90.23,27.13,21,48
-4513,1356,34,0.025185185185185185,-90.25,27.13,21,48
-4514,1356,34,0.025185185185185185,-90.27,27.13,21,48
-4516,1358,31,0.022962962962962963,-90.31,27.17,21,48
-4518,1359,26,0.01925925925925926,-90.35000000000001,27.19,21,48
-4514,1358,23,0.017037037037037038,-90.27,27.17,21,48
-4517,1358,23,0.017037037037037038,-90.33,27.17,21,48
-4503,1347,22,0.016296296296296295,-90.05,26.95,21,48
-4515,1357,22,0.016296296296296295,-90.29,27.150000000000002,21,48
-4501,1346,22,0.016296296296296295,-90.01,26.93,21,48
-4511,1355,20,0.014814814814814815,-90.21000000000001,27.11,21,48
-4512,1357,20,0.014814814814814815,-90.23,27.150000000000002,21,48
-4504,1347,19,0.014074074074074074,-90.07000000000001,26.95,21,48
-4510,1353,19,0.014074074074074074,-90.19,27.07,21,48
-4508,1353,18,0.013333333333333334,-90.15,27.07,21,48
-4510,1355,17,0.012592592592592593,-90.19,27.11,21,48
-4509,1355,16,0.011851851851851851,-90.17,27.11,21,48
-4515,1356,15,0.011111111111111112,-90.29,27.13,21,48
-4515,1358,15,0.011111111111111112,-90.29,27.17,21,48
-4515,1359,14,0.01037037037037037,-90.29,27.19,21,48
-4502,1347,14,0.01037037037037037,-90.03,26.95,21,48
-4503,1345,14,0.01037037037037037,-90.05,26.91,21,48
-4512,1358,14,0.01037037037037037,-90.23,27.17,21,48
-4511,1357,13,0.00962962962962963,-90.21000000000001,27.150000000000002,21,48
-4510,1356,13,0.00962962962962963,-90.19,27.13,21,48
-4511,1356,12,0.008888888888888889,-90.21000000000001,27.13,21,48
-4501,1345,11,0.008148148148148147,-90.01,26.91,21,48
-4504,1346,11,0.008148148148148147,-90.07000000000001,26.93,21,48
-4518,1358,10,0.007407407407407408,-90.35000000000001,27.17,21,48
-4512,1354,10,0.007407407407407408,-90.23,27.09,21,48
-4512,1355,9,0.006666666666666667,-90.23,27.11,21,48
-4513,1358,9,0.006666666666666667,-90.25,27.17,21,48
-4505,1352,8,0.005925925925925926,-90.09,27.05,21,48
-4508,1354,8,0.005925925925925926,-90.15,27.09,21,48
-4519,1359,7,0.005185185185185185,-90.37,27.19,21,48
-4519,1358,7,0.005185185185185185,-90.37,27.17,21,48
-4514,1359,7,0.005185185185185185,-90.27,27.19,21,48
-4501,1347,7,0.005185185185185185,-90.01,26.95,21,48
-4507,1353,7,0.005185185185185185,-90.13,27.07,21,48
-4502,1345,7,0.005185185185185185,-90.03,26.91,21,48
-4507,1354,7,0.005185185185185185,-90.13,27.09,21,48
-4504,1350,7,0.005185185185185185,-90.07000000000001,27.01,21,48
-4507,1355,6,0.0044444444444444444,-90.13,27.11,21,48
-4510,1357,6,0.0044444444444444444,-90.19,27.150000000000002,21,48
-4511,1353,6,0.0044444444444444444,-90.21000000000001,27.07,21,48
-4513,1355,6,0.0044444444444444444,-90.25,27.11,21,48
-4506,1351,6,0.0044444444444444444,-90.11,27.03,21,48
-4505,1351,6,0.0044444444444444444,-90.09,27.03,21,48
-4505,1346,6,0.0044444444444444444,-90.09,26.93,21,48
-4505,1347,6,0.0044444444444444444,-90.09,26.95,21,48
-4502,1348,6,0.0044444444444444444,-90.03,26.97,21,48
-4508,1356,5,0.003703703703703704,-90.15,27.13,21,48
-4503,1350,5,0.003703703703703704,-90.05,27.01,21,48
-4506,1352,5,0.003703703703703704,-90.11,27.05,21,48
-4516,1357,5,0.003703703703703704,-90.31,27.150000000000002,21,48
-4513,1359,5,0.003703703703703704,-90.25,27.19,21,48
-4508,1355,5,0.003703703703703704,-90.15,27.11,21,48
-4517,1357,5,0.003703703703703704,-90.33,27.150000000000002,21,48
-4505,1350,4,0.002962962962962963,-90.09,27.01,21,48
-4503,1348,4,0.002962962962962963,-90.05,26.97,21,48
-4508,1352,4,0.002962962962962963,-90.15,27.05,21,48
-4517,1360,4,0.002962962962962963,-90.33,27.21,21,48
-4518,1360,4,0.002962962962962963,-90.35000000000001,27.21,21,48
-4509,1356,3,0.0022222222222222222,-90.17,27.13,21,48
-4512,1359,3,0.0022222222222222222,-90.23,27.19,21,48
-4515,1360,3,0.0022222222222222222,-90.29,27.21,21,48
-4514,1360,3,0.0022222222222222222,-90.27,27.21,21,48
-4504,1349,3,0.0022222222222222222,-90.07000000000001,26.990000000000002,21,48
-4503,1351,3,0.0022222222222222222,-90.05,27.03,21,48
-4500,1347,3,0.0022222222222222222,-89.99,26.95,21,48
-4505,1345,3,0.0022222222222222222,-90.09,26.91,21,48
-4511,1358,3,0.0022222222222222222,-90.21000000000001,27.17,21,48
-4516,1356,3,0.0022222222222222222,-90.31,27.13,21,48
-4514,1355,3,0.0022222222222222222,-90.27,27.11,21,48
-4500,1345,2,0.0014814814814814814,-89.99,26.91,21,48
-4502,1349,2,0.0014814814814814814,-90.03,26.990000000000002,21,48
-4503,1349,2,0.0014814814814814814,-90.05,26.990000000000002,21,48
-4503,1344,2,0.0014814814814814814,-90.05,26.89,21,48
-4506,1355,2,0.0014814814814814814,-90.11,27.11,21,48
-4505,1348,2,0.0014814814814814814,-90.09,26.97,21,48
-4509,1357,2,0.0014814814814814814,-90.17,27.150000000000002,21,48
-4512,1353,2,0.0014814814814814814,-90.23,27.07,21,48
-4516,1360,2,0.0014814814814814814,-90.31,27.21,21,48
-4510,1358,2,0.0014814814814814814,-90.19,27.17,21,48
-4503,1343,2,0.0014814814814814814,-90.05,26.87,21,48
-4506,1353,2,0.0014814814814814814,-90.11,27.07,21,48
-4520,1360,1,0.0007407407407407407,-90.39,27.21,21,48
-4520,1358,1,0.0007407407407407407,-90.39,27.17,21,48
-4519,1360,1,0.0007407407407407407,-90.37,27.21,21,48
-4519,1357,1,0.0007407407407407407,-90.37,27.150000000000002,21,48
-4517,1355,1,0.0007407407407407407,-90.33,27.11,21,48
-4518,1357,1,0.0007407407407407407,-90.35000000000001,27.150000000000002,21,48
-4513,1354,1,0.0007407407407407407,-90.25,27.09,21,48
-4513,1360,1,0.0007407407407407407,-90.25,27.21,21,48
-4511,1359,1,0.0007407407407407407,-90.21000000000001,27.19,21,48
-4508,1351,1,0.0007407407407407407,-90.15,27.03,21,48
-4510,1352,1,0.0007407407407407407,-90.19,27.05,21,48
-4509,1349,1,0.0007407407407407407,-90.17,26.990000000000002,21,48
-4507,1352,1,0.0007407407407407407,-90.13,27.05,21,48
-4507,1351,1,0.0007407407407407407,-90.13,27.03,21,48
-4507,1350,1,0.0007407407407407407,-90.13,27.01,21,48
-4507,1349,1,0.0007407407407407407,-90.13,26.990000000000002,21,48
-4509,1352,1,0.0007407407407407407,-90.17,27.05,21,48
-4505,1349,1,0.0007407407407407407,-90.09,26.990000000000002,21,48
-4504,1348,1,0.0007407407407407407,-90.07000000000001,26.97,21,48
-4504,1345,1,0.0007407407407407407,-90.07000000000001,26.91,21,48
-4506,1350,1,0.0007407407407407407,-90.11,27.01,21,48
-4506,1349,1,0.0007407407407407407,-90.11,26.990000000000002,21,48
-4506,1347,1,0.0007407407407407407,-90.11,26.95,21,48
-4506,1346,1,0.0007407407407407407,-90.11,26.93,21,48
-4506,1354,1,0.0007407407407407407,-90.11,27.09,21,48
-4505,1353,1,0.0007407407407407407,-90.09,27.07,21,48
-4505,1355,1,0.0007407407407407407,-90.09,27.11,21,48
-4506,1357,1,0.0007407407407407407,-90.11,27.150000000000002,21,48
-4504,1353,1,0.0007407407407407407,-90.07000000000001,27.07,21,48
-4504,1352,1,0.0007407407407407407,-90.07000000000001,27.05,21,48
-4502,1344,1,0.0007407407407407407,-90.03,26.89,21,48
-4503,1352,1,0.0007407407407407407,-90.05,27.05,21,48
-4503,1353,1,0.0007407407407407407,-90.05,27.07,21,48
-4501,1348,1,0.0007407407407407407,-90.01,26.97,21,48
-4502,1350,1,0.0007407407407407407,-90.03,27.01,21,48
-4501,1344,1,0.0007407407407407407,-90.01,26.89,21,48
-4501,1350,1,0.0007407407407407407,-90.01,27.01,21,48
-4501,1349,1,0.0007407407407407407,-90.01,26.990000000000002,21,48
-4500,1344,1,0.0007407407407407407,-89.99,26.89,21,48
-4500,1346,1,0.0007407407407407407,-89.99,26.93,21,48
-4500,1348,1,0.0007407407407407407,-89.99,26.97,21,48
-4499,1345,1,0.0007407407407407407,-89.97,26.91,21,48
-4499,1346,1,0.0007407407407407407,-89.97,26.93,21,48
-4499,1347,1,0.0007407407407407407,-89.97,26.95,21,48
-4517,1347,61,0.04518518518518518,-90.33,26.95,21,72
-4511,1347,61,0.04518518518518518,-90.21000000000001,26.95,21,72
-4512,1347,57,0.042222222222222223,-90.23,26.95,21,72
-4510,1347,51,0.03777777777777778,-90.19,26.95,21,72
-4518,1347,44,0.03259259259259259,-90.35000000000001,26.95,21,72
-4516,1347,43,0.03185185185185185,-90.31,26.95,21,72
-4523,1347,36,0.02666666666666667,-90.45,26.95,21,72
-4523,1346,29,0.02148148148148148,-90.45,26.93,21,72
-4517,1346,26,0.01925925925925926,-90.33,26.93,21,72
-4524,1347,25,0.018518518518518517,-90.47,26.95,21,72
-4521,1346,24,0.017777777777777778,-90.41,26.93,21,72
-4519,1347,23,0.017037037037037038,-90.37,26.95,21,72
-4498,1343,22,0.016296296296296295,-89.95,26.87,21,72
-4499,1344,22,0.016296296296296295,-89.97,26.89,21,72
-4515,1347,21,0.015555555555555555,-90.29,26.95,21,72
-4510,1346,20,0.014814814814814815,-90.19,26.93,21,72
-4521,1347,19,0.014074074074074074,-90.41,26.95,21,72
-4520,1346,19,0.014074074074074074,-90.39,26.93,21,72
-4499,1343,19,0.014074074074074074,-89.97,26.87,21,72
-4509,1346,19,0.014074074074074074,-90.17,26.93,21,72
-4522,1346,19,0.014074074074074074,-90.43,26.93,21,72
-4522,1347,19,0.014074074074074074,-90.43,26.95,21,72
-4516,1346,18,0.013333333333333334,-90.31,26.93,21,72
-4513,1347,18,0.013333333333333334,-90.25,26.95,21,72
-4524,1346,18,0.013333333333333334,-90.47,26.93,21,72
-4498,1344,18,0.013333333333333334,-89.95,26.89,21,72
-4512,1346,17,0.012592592592592593,-90.23,26.93,21,72
-4514,1347,17,0.012592592592592593,-90.27,26.95,21,72
-4509,1347,17,0.012592592592592593,-90.17,26.95,21,72
-4525,1347,17,0.012592592592592593,-90.49,26.95,21,72
-4520,1347,16,0.011851851851851851,-90.39,26.95,21,72
-4500,1344,16,0.011851851851851851,-89.99,26.89,21,72
-4511,1348,15,0.011111111111111112,-90.21000000000001,26.97,21,72
-4518,1346,15,0.011111111111111112,-90.35000000000001,26.93,21,72
-4512,1348,15,0.011111111111111112,-90.23,26.97,21,72
-4511,1346,15,0.011111111111111112,-90.21000000000001,26.93,21,72
-4515,1346,11,0.008148148148148147,-90.29,26.93,21,72
-4510,1348,10,0.007407407407407408,-90.19,26.97,21,72
-4508,1346,10,0.007407407407407408,-90.15,26.93,21,72
-4513,1348,10,0.007407407407407408,-90.25,26.97,21,72
-4496,1343,10,0.007407407407407408,-89.91,26.87,21,72
-4525,1346,9,0.006666666666666667,-90.49,26.93,21,72
-4497,1344,9,0.006666666666666667,-89.93,26.89,21,72
-4508,1347,9,0.006666666666666667,-90.15,26.95,21,72
-4517,1348,8,0.005925925925925926,-90.33,26.97,21,72
-4497,1343,8,0.005925925925925926,-89.93,26.87,21,72
-4500,1343,8,0.005925925925925926,-89.99,26.87,21,72
-4519,1346,8,0.005925925925925926,-90.37,26.93,21,72
-4506,1344,6,0.0044444444444444444,-90.11,26.89,21,72
-4500,1340,6,0.0044444444444444444,-89.99,26.810000000000002,21,72
-4514,1348,6,0.0044444444444444444,-90.27,26.97,21,72
-4496,1344,5,0.003703703703703704,-89.91,26.89,21,72
-4526,1346,5,0.003703703703703704,-90.51,26.93,21,72
-4516,1348,5,0.003703703703703704,-90.31,26.97,21,72
-4506,1345,5,0.003703703703703704,-90.11,26.91,21,72
-4507,1346,5,0.003703703703703704,-90.13,26.93,21,72
-4509,1348,5,0.003703703703703704,-90.17,26.97,21,72
-4502,1338,5,0.003703703703703704,-90.03,26.77,21,72
-4514,1346,5,0.003703703703703704,-90.27,26.93,21,72
-4515,1348,5,0.003703703703703704,-90.29,26.97,21,72
-4523,1348,4,0.002962962962962963,-90.45,26.97,21,72
-4515,1345,4,0.002962962962962963,-90.29,26.91,21,72
-4520,1345,4,0.002962962962962963,-90.39,26.91,21,72
-4519,1348,4,0.002962962962962963,-90.37,26.97,21,72
-4526,1347,4,0.002962962962962963,-90.51,26.95,21,72
-4525,1345,4,0.002962962962962963,-90.49,26.91,21,72
-4499,1345,4,0.002962962962962963,-89.97,26.91,21,72
-4501,1340,4,0.002962962962962963,-90.01,26.810000000000002,21,72
-4500,1345,4,0.002962962962962963,-89.99,26.91,21,72
-4512,1345,4,0.002962962962962963,-90.23,26.91,21,72
-4507,1347,4,0.002962962962962963,-90.13,26.95,21,72
-4505,1342,4,0.002962962962962963,-90.09,26.85,21,72
-4505,1344,4,0.002962962962962963,-90.09,26.89,21,72
-4498,1345,4,0.002962962962962963,-89.95,26.91,21,72
-4513,1346,4,0.002962962962962963,-90.25,26.93,21,72
-4513,1345,4,0.002962962962962963,-90.25,26.91,21,72
-4502,1343,3,0.0022222222222222222,-90.03,26.87,21,72
-4506,1343,3,0.0022222222222222222,-90.11,26.87,21,72
-4509,1345,3,0.0022222222222222222,-90.17,26.91,21,72
-4501,1343,3,0.0022222222222222222,-90.01,26.87,21,72
-4501,1344,3,0.0022222222222222222,-90.01,26.89,21,72
-4501,1338,3,0.0022222222222222222,-90.01,26.77,21,72
-4507,1345,3,0.0022222222222222222,-90.13,26.91,21,72
-4510,1345,3,0.0022222222222222222,-90.19,26.91,21,72
-4507,1342,3,0.0022222222222222222,-90.13,26.85,21,72
-4507,1344,3,0.0022222222222222222,-90.13,26.89,21,72
-4504,1343,3,0.0022222222222222222,-90.07000000000001,26.87,21,72
-4503,1336,3,0.0022222222222222222,-90.05,26.73,21,72
-4516,1345,3,0.0022222222222222222,-90.31,26.91,21,72
-4527,1347,3,0.0022222222222222222,-90.53,26.95,21,72
-4518,1348,3,0.0022222222222222222,-90.35000000000001,26.97,21,72
-4502,1342,3,0.0022222222222222222,-90.03,26.85,21,72
-4501,1335,3,0.0022222222222222222,-90.01,26.71,21,72
-4502,1345,3,0.0022222222222222222,-90.03,26.91,21,72
-4502,1339,3,0.0022222222222222222,-90.03,26.79,21,72
-4497,1342,3,0.0022222222222222222,-89.93,26.85,21,72
-4498,1340,3,0.0022222222222222222,-89.95,26.810000000000002,21,72
-4499,1341,3,0.0022222222222222222,-89.97,26.830000000000002,21,72
-4503,1341,3,0.0022222222222222222,-90.05,26.830000000000002,21,72
-4505,1339,3,0.0022222222222222222,-90.09,26.79,21,72
-4495,1344,2,0.0014814814814814814,-89.89,26.89,21,72
-4498,1342,2,0.0014814814814814814,-89.95,26.85,21,72
-4499,1334,2,0.0014814814814814814,-89.97,26.69,21,72
-4499,1337,2,0.0014814814814814814,-89.97,26.75,21,72
-4498,1338,2,0.0014814814814814814,-89.95,26.77,21,72
-4499,1342,2,0.0014814814814814814,-89.97,26.85,21,72
-4496,1342,2,0.0014814814814814814,-89.91,26.85,21,72
-4496,1341,2,0.0014814814814814814,-89.91,26.830000000000002,21,72
-4500,1337,2,0.0014814814814814814,-89.99,26.75,21,72
-4500,1338,2,0.0014814814814814814,-89.99,26.77,21,72
-4501,1339,2,0.0014814814814814814,-90.01,26.79,21,72
-4500,1339,2,0.0014814814814814814,-89.99,26.79,21,72
-4502,1344,2,0.0014814814814814814,-90.03,26.89,21,72
-4501,1333,2,0.0014814814814814814,-90.01,26.67,21,72
-4506,1346,2,0.0014814814814814814,-90.11,26.93,21,72
-4505,1343,2,0.0014814814814814814,-90.09,26.87,21,72
-4524,1348,2,0.0014814814814814814,-90.47,26.97,21,72
-4527,1346,2,0.0014814814814814814,-90.53,26.93,21,72
-4521,1345,2,0.0014814814814814814,-90.41,26.91,21,72
-4519,1345,2,0.0014814814814814814,-90.37,26.91,21,72
-4499,1338,2,0.0014814814814814814,-89.97,26.77,21,72
-4499,1339,2,0.0014814814814814814,-89.97,26.79,21,72
-4503,1344,2,0.0014814814814814814,-90.05,26.89,21,72
-4503,1339,2,0.0014814814814814814,-90.05,26.79,21,72
-4503,1337,2,0.0014814814814814814,-90.05,26.75,21,72
-4504,1342,2,0.0014814814814814814,-90.07000000000001,26.85,21,72
-4503,1342,2,0.0014814814814814814,-90.05,26.85,21,72
-4507,1339,2,0.0014814814814814814,-90.13,26.79,21,72
-4508,1344,2,0.0014814814814814814,-90.15,26.89,21,72
-4508,1345,2,0.0014814814814814814,-90.15,26.91,21,72
-4501,1336,2,0.0014814814814814814,-90.01,26.73,21,72
-4501,1345,2,0.0014814814814814814,-90.01,26.91,21,72
-4505,1345,2,0.0014814814814814814,-90.09,26.91,21,72
-4501,1342,2,0.0014814814814814814,-90.01,26.85,21,72
-4509,1344,2,0.0014814814814814814,-90.17,26.89,21,72
-4504,1345,2,0.0014814814814814814,-90.07000000000001,26.91,21,72
-4513,1344,1,0.0007407407407407407,-90.25,26.89,21,72
-4513,1343,1,0.0007407407407407407,-90.25,26.87,21,72
-4523,1345,1,0.0007407407407407407,-90.45,26.91,21,72
-4524,1345,1,0.0007407407407407407,-90.47,26.91,21,72
-4524,1344,1,0.0007407407407407407,-90.47,26.89,21,72
-4522,1345,1,0.0007407407407407407,-90.43,26.91,21,72
-4522,1348,1,0.0007407407407407407,-90.43,26.97,21,72
-4521,1348,1,0.0007407407407407407,-90.41,26.97,21,72
-4520,1348,1,0.0007407407407407407,-90.39,26.97,21,72
-4519,1344,1,0.0007407407407407407,-90.37,26.89,21,72
-4528,1346,1,0.0007407407407407407,-90.55,26.93,21,72
-4528,1347,1,0.0007407407407407407,-90.55,26.95,21,72
-4514,1344,1,0.0007407407407407407,-90.27,26.89,21,72
-4516,1349,1,0.0007407407407407407,-90.31,26.990000000000002,21,72
-4516,1344,1,0.0007407407407407407,-90.31,26.89,21,72
-4517,1345,1,0.0007407407407407407,-90.33,26.91,21,72
-4526,1345,1,0.0007407407407407407,-90.51,26.91,21,72
-4527,1348,1,0.0007407407407407407,-90.53,26.97,21,72
-4509,1343,1,0.0007407407407407407,-90.17,26.87,21,72
-4509,1341,1,0.0007407407407407407,-90.17,26.830000000000002,21,72
-4509,1340,1,0.0007407407407407407,-90.17,26.810000000000002,21,72
-4511,1345,1,0.0007407407407407407,-90.21000000000001,26.91,21,72
-4510,1339,1,0.0007407407407407407,-90.19,26.79,21,72
-4511,1349,1,0.0007407407407407407,-90.21000000000001,26.990000000000002,21,72
-4508,1348,1,0.0007407407407407407,-90.15,26.97,21,72
-4507,1341,1,0.0007407407407407407,-90.13,26.830000000000002,21,72
-4503,1345,1,0.0007407407407407407,-90.05,26.91,21,72
-4503,1343,1,0.0007407407407407407,-90.05,26.87,21,72
-4503,1338,1,0.0007407407407407407,-90.05,26.77,21,72
-4503,1335,1,0.0007407407407407407,-90.05,26.71,21,72
-4504,1344,1,0.0007407407407407407,-90.07000000000001,26.89,21,72
-4504,1340,1,0.0007407407407407407,-90.07000000000001,26.810000000000002,21,72
-4503,1334,1,0.0007407407407407407,-90.05,26.69,21,72
-4505,1335,1,0.0007407407407407407,-90.09,26.71,21,72
-4506,1339,1,0.0007407407407407407,-90.11,26.79,21,72
-4507,1348,1,0.0007407407407407407,-90.13,26.97,21,72
-4505,1341,1,0.0007407407407407407,-90.09,26.830000000000002,21,72
-4510,1344,1,0.0007407407407407407,-90.19,26.89,21,72
-4508,1343,1,0.0007407407407407407,-90.15,26.87,21,72
-4509,1349,1,0.0007407407407407407,-90.17,26.990000000000002,21,72
-4502,1336,1,0.0007407407407407407,-90.03,26.73,21,72
-4502,1337,1,0.0007407407407407407,-90.03,26.75,21,72
-4500,1342,1,0.0007407407407407407,-89.99,26.85,21,72
-4500,1334,1,0.0007407407407407407,-89.99,26.69,21,72
-4500,1335,1,0.0007407407407407407,-89.99,26.71,21,72
-4500,1336,1,0.0007407407407407407,-89.99,26.73,21,72
-4500,1333,1,0.0007407407407407407,-89.99,26.67,21,72
-4502,1340,1,0.0007407407407407407,-90.03,26.810000000000002,21,72
-4501,1334,1,0.0007407407407407407,-90.01,26.69,21,72
-4501,1337,1,0.0007407407407407407,-90.01,26.75,21,72
-4502,1335,1,0.0007407407407407407,-90.03,26.71,21,72
-4502,1341,1,0.0007407407407407407,-90.03,26.830000000000002,21,72
-4498,1335,1,0.0007407407407407407,-89.95,26.71,21,72
-4498,1336,1,0.0007407407407407407,-89.95,26.73,21,72
-4497,1341,1,0.0007407407407407407,-89.93,26.830000000000002,21,72
-4496,1335,1,0.0007407407407407407,-89.91,26.71,21,72
-4495,1342,1,0.0007407407407407407,-89.89,26.85,21,72
-4495,1345,1,0.0007407407407407407,-89.89,26.91,21,72
-4526,1364,95,0.07037037037037037,-90.51,27.29,17,24
-4527,1367,91,0.0674074074074074,-90.53,27.35,17,24
-4519,1353,79,0.05851851851851852,-90.37,27.07,17,24
-4524,1360,68,0.05037037037037037,-90.47,27.21,17,24
-4520,1353,67,0.04962962962962963,-90.39,27.07,17,24
-4523,1360,56,0.04148148148148148,-90.45,27.21,17,24
-4520,1354,54,0.04,-90.39,27.09,17,24
-4524,1361,52,0.03851851851851852,-90.47,27.23,17,24
-4525,1364,48,0.035555555555555556,-90.49,27.29,17,24
-4525,1363,47,0.03481481481481481,-90.49,27.27,17,24
-4526,1367,43,0.03185185185185185,-90.51,27.35,17,24
-4527,1368,39,0.028888888888888888,-90.53,27.37,17,24
-4526,1363,38,0.028148148148148148,-90.51,27.27,17,24
-4521,1354,26,0.01925925925925926,-90.41,27.09,17,24
-4523,1361,25,0.018518518518518517,-90.45,27.23,17,24
-4526,1366,25,0.018518518518518517,-90.51,27.330000000000002,17,24
-4525,1361,23,0.017037037037037038,-90.49,27.23,17,24
-4527,1366,22,0.016296296296296295,-90.53,27.330000000000002,17,24
-4524,1363,21,0.015555555555555555,-90.47,27.27,17,24
-4528,1367,20,0.014814814814814815,-90.55,27.35,17,24
-4525,1360,19,0.014074074074074074,-90.49,27.21,17,24
-4522,1359,19,0.014074074074074074,-90.43,27.19,17,24
-4519,1354,18,0.013333333333333334,-90.37,27.09,17,24
-4519,1352,16,0.011851851851851851,-90.37,27.05,17,24
-4527,1364,15,0.011111111111111112,-90.53,27.29,17,24
-4523,1359,15,0.011111111111111112,-90.45,27.19,17,24
-4518,1353,15,0.011111111111111112,-90.35000000000001,27.07,17,24
-4524,1362,15,0.011111111111111112,-90.47,27.25,17,24
-4522,1358,14,0.01037037037037037,-90.43,27.17,17,24
-4522,1360,12,0.008888888888888889,-90.43,27.21,17,24
-4520,1352,11,0.008148148148148147,-90.39,27.05,17,24
-4525,1365,11,0.008148148148148147,-90.49,27.310000000000002,17,24
-4526,1365,11,0.008148148148148147,-90.51,27.310000000000002,17,24
-4526,1368,11,0.008148148148148147,-90.51,27.37,17,24
-4528,1368,10,0.007407407407407408,-90.55,27.37,17,24
-4521,1357,10,0.007407407407407408,-90.41,27.150000000000002,17,24
-4522,1355,10,0.007407407407407408,-90.43,27.11,17,24
-4520,1355,10,0.007407407407407408,-90.39,27.11,17,24
-4521,1358,10,0.007407407407407408,-90.41,27.17,17,24
-4525,1362,9,0.006666666666666667,-90.49,27.25,17,24
-4523,1362,9,0.006666666666666667,-90.45,27.25,17,24
-4524,1364,9,0.006666666666666667,-90.47,27.29,17,24
-4521,1355,8,0.005925925925925926,-90.41,27.11,17,24
-4521,1359,8,0.005925925925925926,-90.41,27.19,17,24
-4521,1353,7,0.005185185185185185,-90.41,27.07,17,24
-4523,1363,7,0.005185185185185185,-90.45,27.27,17,24
-4522,1361,7,0.005185185185185185,-90.43,27.23,17,24
-4522,1354,6,0.0044444444444444444,-90.43,27.09,17,24
-4525,1366,6,0.0044444444444444444,-90.49,27.330000000000002,17,24
-4522,1362,5,0.003703703703703704,-90.43,27.25,17,24
-4523,1356,5,0.003703703703703704,-90.45,27.13,17,24
-4518,1354,4,0.002962962962962963,-90.35000000000001,27.09,17,24
-4518,1352,4,0.002962962962962963,-90.35000000000001,27.05,17,24
-4526,1361,4,0.002962962962962963,-90.51,27.23,17,24
-4520,1358,3,0.0022222222222222222,-90.39,27.17,17,24
-4526,1362,3,0.0022222222222222222,-90.51,27.25,17,24
-4521,1360,3,0.0022222222222222222,-90.41,27.21,17,24
-4524,1359,3,0.0022222222222222222,-90.47,27.19,17,24
-4524,1365,3,0.0022222222222222222,-90.47,27.310000000000002,17,24
-4522,1356,3,0.0022222222222222222,-90.43,27.13,17,24
-4523,1358,3,0.0022222222222222222,-90.45,27.17,17,24
-4523,1357,3,0.0022222222222222222,-90.45,27.150000000000002,17,24
-4527,1365,2,0.0014814814814814814,-90.53,27.310000000000002,17,24
-4526,1360,2,0.0014814814814814814,-90.51,27.21,17,24
-4517,1353,2,0.0014814814814814814,-90.33,27.07,17,24
-4519,1355,2,0.0014814814814814814,-90.37,27.11,17,24
-4518,1355,2,0.0014814814814814814,-90.35000000000001,27.11,17,24
-4520,1357,2,0.0014814814814814814,-90.39,27.150000000000002,17,24
-4520,1356,2,0.0014814814814814814,-90.39,27.13,17,24
-4521,1356,2,0.0014814814814814814,-90.41,27.13,17,24
-4522,1357,2,0.0014814814814814814,-90.43,27.150000000000002,17,24
-4524,1358,2,0.0014814814814814814,-90.47,27.17,17,24
-4527,1363,1,0.0007407407407407407,-90.53,27.27,17,24
-4525,1358,1,0.0007407407407407407,-90.49,27.17,17,24
-4527,1369,1,0.0007407407407407407,-90.53,27.39,17,24
-4529,1367,1,0.0007407407407407407,-90.57000000000001,27.35,17,24
-4524,1357,1,0.0007407407407407407,-90.47,27.150000000000002,17,24
-4523,1355,1,0.0007407407407407407,-90.45,27.11,17,24
-4524,1356,1,0.0007407407407407407,-90.47,27.13,17,24
-4524,1366,1,0.0007407407407407407,-90.47,27.330000000000002,17,24
-4525,1367,1,0.0007407407407407407,-90.49,27.35,17,24
-4521,1361,1,0.0007407407407407407,-90.41,27.23,17,24
-4521,1362,1,0.0007407407407407407,-90.41,27.25,17,24
-4522,1363,1,0.0007407407407407407,-90.43,27.27,17,24
-4520,1360,1,0.0007407407407407407,-90.39,27.21,17,24
-4520,1359,1,0.0007407407407407407,-90.39,27.19,17,24
-4519,1357,1,0.0007407407407407407,-90.37,27.150000000000002,17,24
-4519,1356,1,0.0007407407407407407,-90.37,27.13,17,24
-4518,1359,1,0.0007407407407407407,-90.35000000000001,27.19,17,24
-4528,1355,60,0.044444444444444446,-90.55,27.11,17,48
-4531,1358,60,0.044444444444444446,-90.61,27.17,17,48
-4532,1361,52,0.03851851851851852,-90.63,27.23,17,48
-4532,1362,52,0.03851851851851852,-90.63,27.25,17,48
-4529,1355,50,0.037037037037037035,-90.57000000000001,27.11,17,48
-4533,1362,45,0.03333333333333333,-90.65,27.25,17,48
-4518,1347,45,0.03333333333333333,-90.35000000000001,26.95,17,48
-4532,1358,44,0.03259259259259259,-90.63,27.17,17,48
-4531,1357,36,0.02666666666666667,-90.61,27.150000000000002,17,48
-4518,1348,34,0.025185185185185185,-90.35000000000001,26.97,17,48
-4519,1348,33,0.024444444444444446,-90.37,26.97,17,48
-4530,1358,33,0.024444444444444446,-90.59,27.17,17,48
-4533,1361,33,0.024444444444444446,-90.65,27.23,17,48
-4530,1357,32,0.023703703703703703,-90.59,27.150000000000002,17,48
-4517,1347,29,0.02148148148148148,-90.33,26.95,17,48
-4528,1354,29,0.02148148148148148,-90.55,27.09,17,48
-4527,1354,28,0.02074074074074074,-90.53,27.09,17,48
-4527,1355,26,0.01925925925925926,-90.53,27.11,17,48
-4519,1347,24,0.017777777777777778,-90.37,26.95,17,48
-4532,1359,22,0.016296296296296295,-90.63,27.19,17,48
-4517,1348,22,0.016296296296296295,-90.33,26.97,17,48
-4520,1348,19,0.014074074074074074,-90.39,26.97,17,48
-4530,1355,19,0.014074074074074074,-90.59,27.11,17,48
-4531,1359,18,0.013333333333333334,-90.61,27.19,17,48
-4529,1356,16,0.011851851851851851,-90.57000000000001,27.13,17,48
-4531,1361,16,0.011851851851851851,-90.61,27.23,17,48
-4531,1360,15,0.011111111111111112,-90.61,27.21,17,48
-4526,1354,14,0.01037037037037037,-90.51,27.09,17,48
-4525,1353,14,0.01037037037037037,-90.49,27.07,17,48
-4519,1346,13,0.00962962962962963,-90.37,26.93,17,48
-4528,1356,13,0.00962962962962963,-90.55,27.13,17,48
-4532,1360,12,0.008888888888888889,-90.63,27.21,17,48
-4530,1356,12,0.008888888888888889,-90.59,27.13,17,48
-4533,1360,12,0.008888888888888889,-90.65,27.21,17,48
-4520,1347,12,0.008888888888888889,-90.39,26.95,17,48
-4532,1357,11,0.008148148148148147,-90.63,27.150000000000002,17,48
-4524,1353,11,0.008148148148148147,-90.47,27.07,17,48
-4526,1355,11,0.008148148148148147,-90.51,27.11,17,48
-4521,1348,10,0.007407407407407408,-90.41,26.97,17,48
-4529,1354,10,0.007407407407407408,-90.57000000000001,27.09,17,48
-4532,1363,9,0.006666666666666667,-90.63,27.27,17,48
-4516,1347,9,0.006666666666666667,-90.31,26.95,17,48
-4529,1357,9,0.006666666666666667,-90.57000000000001,27.150000000000002,17,48
-4527,1356,9,0.006666666666666667,-90.53,27.13,17,48
-4526,1353,8,0.005925925925925926,-90.51,27.07,17,48
-4517,1346,7,0.005185185185185185,-90.33,26.93,17,48
-4530,1359,7,0.005185185185185185,-90.59,27.19,17,48
-4523,1352,7,0.005185185185185185,-90.45,27.05,17,48
-4533,1358,6,0.0044444444444444444,-90.65,27.17,17,48
-4533,1363,6,0.0044444444444444444,-90.65,27.27,17,48
-4518,1346,6,0.0044444444444444444,-90.35000000000001,26.93,17,48
-4517,1345,6,0.0044444444444444444,-90.33,26.91,17,48
-4525,1354,6,0.0044444444444444444,-90.49,27.09,17,48
-4531,1362,6,0.0044444444444444444,-90.61,27.25,17,48
-4534,1362,5,0.003703703703703704,-90.67,27.25,17,48
-4530,1360,5,0.003703703703703704,-90.59,27.21,17,48
-4529,1359,5,0.003703703703703704,-90.57000000000001,27.19,17,48
-4528,1353,5,0.003703703703703704,-90.55,27.07,17,48
-4524,1352,5,0.003703703703703704,-90.47,27.05,17,48
-4519,1349,5,0.003703703703703704,-90.37,26.990000000000002,17,48
-4522,1351,5,0.003703703703703704,-90.43,27.03,17,48
-4522,1349,5,0.003703703703703704,-90.43,26.990000000000002,17,48
-4523,1354,4,0.002962962962962963,-90.45,27.09,17,48
-4524,1354,4,0.002962962962962963,-90.47,27.09,17,48
-4519,1350,4,0.002962962962962963,-90.37,27.01,17,48
-4520,1346,4,0.002962962962962963,-90.39,26.93,17,48
-4529,1358,4,0.002962962962962963,-90.57000000000001,27.17,17,48
-4528,1357,4,0.002962962962962963,-90.55,27.150000000000002,17,48
-4533,1359,4,0.002962962962962963,-90.65,27.19,17,48
-4534,1363,4,0.002962962962962963,-90.67,27.27,17,48
-4531,1363,4,0.002962962962962963,-90.61,27.27,17,48
-4523,1353,4,0.002962962962962963,-90.45,27.07,17,48
-4526,1356,4,0.002962962962962963,-90.51,27.13,17,48
-4531,1356,4,0.002962962962962963,-90.61,27.13,17,48
-4522,1352,3,0.0022222222222222222,-90.43,27.05,17,48
-4534,1361,3,0.0022222222222222222,-90.67,27.23,17,48
-4521,1347,3,0.0022222222222222222,-90.41,26.95,17,48
-4518,1350,3,0.0022222222222222222,-90.35000000000001,27.01,17,48
-4516,1346,3,0.0022222222222222222,-90.31,26.93,17,48
-4519,1345,3,0.0022222222222222222,-90.37,26.91,17,48
-4521,1351,3,0.0022222222222222222,-90.41,27.03,17,48
-4516,1348,3,0.0022222222222222222,-90.31,26.97,17,48
-4521,1349,3,0.0022222222222222222,-90.41,26.990000000000002,17,48
-4527,1352,3,0.0022222222222222222,-90.53,27.05,17,48
-4531,1355,3,0.0022222222222222222,-90.61,27.11,17,48
-4521,1346,3,0.0022222222222222222,-90.41,26.93,17,48
-4525,1355,2,0.0014814814814814814,-90.49,27.11,17,48
-4531,1354,2,0.0014814814814814814,-90.61,27.09,17,48
-4532,1364,2,0.0014814814814814814,-90.63,27.29,17,48
-4533,1357,2,0.0014814814814814814,-90.65,27.150000000000002,17,48
-4534,1358,2,0.0014814814814814814,-90.67,27.17,17,48
-4519,1351,2,0.0014814814814814814,-90.37,27.03,17,48
-4523,1347,2,0.0014814814814814814,-90.45,26.95,17,48
-4518,1349,2,0.0014814814814814814,-90.35000000000001,26.990000000000002,17,48
-4530,1354,2,0.0014814814814814814,-90.59,27.09,17,48
-4523,1348,2,0.0014814814814814814,-90.45,26.97,17,48
-4521,1353,2,0.0014814814814814814,-90.41,27.07,17,48
-4525,1349,2,0.0014814814814814814,-90.49,26.990000000000002,17,48
-4532,1355,2,0.0014814814814814814,-90.63,27.11,17,48
-4520,1349,2,0.0014814814814814814,-90.39,26.990000000000002,17,48
-4517,1349,2,0.0014814814814814814,-90.33,26.990000000000002,17,48
-4519,1352,2,0.0014814814814814814,-90.37,27.05,17,48
-4521,1350,2,0.0014814814814814814,-90.41,27.01,17,48
-4522,1348,2,0.0014814814814814814,-90.43,26.97,17,48
-4525,1352,2,0.0014814814814814814,-90.49,27.05,17,48
-4520,1345,2,0.0014814814814814814,-90.39,26.91,17,48
-4522,1350,2,0.0014814814814814814,-90.43,27.01,17,48
-4525,1348,2,0.0014814814814814814,-90.49,26.97,17,48
-4536,1362,1,0.0007407407407407407,-90.71000000000001,27.25,17,48
-4534,1360,1,0.0007407407407407407,-90.67,27.21,17,48
-4534,1364,1,0.0007407407407407407,-90.67,27.29,17,48
-4526,1357,1,0.0007407407407407407,-90.51,27.150000000000002,17,48
-4526,1358,1,0.0007407407407407407,-90.51,27.17,17,48
-4527,1358,1,0.0007407407407407407,-90.53,27.17,17,48
-4527,1357,1,0.0007407407407407407,-90.53,27.150000000000002,17,48
-4526,1351,1,0.0007407407407407407,-90.51,27.03,17,48
-4525,1347,1,0.0007407407407407407,-90.49,26.95,17,48
-4527,1353,1,0.0007407407407407407,-90.53,27.07,17,48
-4529,1360,1,0.0007407407407407407,-90.57000000000001,27.21,17,48
-4530,1361,1,0.0007407407407407407,-90.59,27.23,17,48
-4530,1362,1,0.0007407407407407407,-90.59,27.25,17,48
-4533,1364,1,0.0007407407407407407,-90.65,27.29,17,48
-4532,1356,1,0.0007407407407407407,-90.63,27.13,17,48
-4529,1353,1,0.0007407407407407407,-90.57000000000001,27.07,17,48
-4528,1358,1,0.0007407407407407407,-90.55,27.17,17,48
-4524,1355,1,0.0007407407407407407,-90.47,27.11,17,48
-4521,1354,1,0.0007407407407407407,-90.41,27.09,17,48
-4521,1352,1,0.0007407407407407407,-90.41,27.05,17,48
-4524,1348,1,0.0007407407407407407,-90.47,26.97,17,48
-4524,1349,1,0.0007407407407407407,-90.47,26.990000000000002,17,48
-4523,1351,1,0.0007407407407407407,-90.45,27.03,17,48
-4523,1350,1,0.0007407407407407407,-90.45,27.01,17,48
-4523,1355,1,0.0007407407407407407,-90.45,27.11,17,48
-4522,1347,1,0.0007407407407407407,-90.43,26.95,17,48
-4518,1345,1,0.0007407407407407407,-90.35000000000001,26.91,17,48
-4520,1352,1,0.0007407407407407407,-90.39,27.05,17,48
-4520,1350,1,0.0007407407407407407,-90.39,27.01,17,48
-4516,1345,1,0.0007407407407407407,-90.31,26.91,17,48
-4517,1350,1,0.0007407407407407407,-90.33,27.01,17,48
-4516,1349,1,0.0007407407407407407,-90.31,26.990000000000002,17,48
-4515,1348,1,0.0007407407407407407,-90.29,26.97,17,48
-4514,1348,1,0.0007407407407407407,-90.27,26.97,17,48
-4542,1348,41,0.03037037037037037,-90.83,26.97,17,72
-4541,1348,41,0.03037037037037037,-90.81,26.97,17,72
-4536,1347,39,0.028888888888888888,-90.71000000000001,26.95,17,72
-4545,1351,36,0.02666666666666667,-90.89,27.03,17,72
-4542,1349,35,0.025925925925925925,-90.83,26.990000000000002,17,72
-4535,1346,34,0.025185185185185185,-90.69,26.93,17,72
-4534,1346,33,0.024444444444444446,-90.67,26.93,17,72
-4543,1349,32,0.023703703703703703,-90.85000000000001,26.990000000000002,17,72
-4544,1350,31,0.022962962962962963,-90.87,27.01,17,72
-4533,1346,30,0.022222222222222223,-90.65,26.93,17,72
-4537,1347,29,0.02148148148148148,-90.73,26.95,17,72
-4545,1350,29,0.02148148148148148,-90.89,27.01,17,72
-4516,1344,28,0.02074074074074074,-90.31,26.89,17,72
-4515,1344,27,0.02,-90.29,26.89,17,72
-4540,1348,27,0.02,-90.79,26.97,17,72
-4535,1347,26,0.01925925925925926,-90.69,26.95,17,72
-4544,1351,25,0.018518518518518517,-90.87,27.03,17,72
-4546,1351,22,0.016296296296296295,-90.91,27.03,17,72
-4543,1348,17,0.012592592592592593,-90.85000000000001,26.97,17,72
-4543,1350,17,0.012592592592592593,-90.85000000000001,27.01,17,72
-4514,1344,17,0.012592592592592593,-90.27,26.89,17,72
-4541,1347,16,0.011851851851851851,-90.81,26.95,17,72
-4536,1346,16,0.011851851851851851,-90.71000000000001,26.93,17,72
-4517,1344,16,0.011851851851851851,-90.33,26.89,17,72
-4539,1347,16,0.011851851851851851,-90.77,26.95,17,72
-4541,1349,16,0.011851851851851851,-90.81,26.990000000000002,17,72
-4545,1352,15,0.011111111111111112,-90.89,27.05,17,72
-4544,1349,15,0.011111111111111112,-90.87,26.990000000000002,17,72
-4540,1347,14,0.01037037037037037,-90.79,26.95,17,72
-4539,1348,14,0.01037037037037037,-90.77,26.97,17,72
-4544,1352,14,0.01037037037037037,-90.87,27.05,17,72
-4515,1345,13,0.00962962962962963,-90.29,26.91,17,72
-4546,1352,12,0.008888888888888889,-90.91,27.05,17,72
-4529,1345,12,0.008888888888888889,-90.57000000000001,26.91,17,72
-4537,1346,12,0.008888888888888889,-90.73,26.93,17,72
-4532,1345,11,0.008148148148148147,-90.63,26.91,17,72
-4516,1343,11,0.008148148148148147,-90.31,26.87,17,72
-4518,1344,10,0.007407407407407408,-90.35000000000001,26.89,17,72
-4513,1344,10,0.007407407407407408,-90.25,26.89,17,72
-4515,1343,10,0.007407407407407408,-90.29,26.87,17,72
-4538,1347,9,0.006666666666666667,-90.75,26.95,17,72
-4542,1350,9,0.006666666666666667,-90.83,27.01,17,72
-4514,1345,9,0.006666666666666667,-90.27,26.91,17,72
-4530,1345,9,0.006666666666666667,-90.59,26.91,17,72
-4517,1345,9,0.006666666666666667,-90.33,26.91,17,72
-4531,1346,9,0.006666666666666667,-90.61,26.93,17,72
-4546,1350,8,0.005925925925925926,-90.91,27.01,17,72
-4517,1343,8,0.005925925925925926,-90.33,26.87,17,72
-4534,1347,8,0.005925925925925926,-90.67,26.95,17,72
-4538,1346,7,0.005185185185185185,-90.75,26.93,17,72
-4514,1343,7,0.005185185185185185,-90.27,26.87,17,72
-4535,1345,7,0.005185185185185185,-90.69,26.91,17,72
-4545,1349,7,0.005185185185185185,-90.89,26.990000000000002,17,72
-4542,1347,7,0.005185185185185185,-90.83,26.95,17,72
-4517,1341,6,0.0044444444444444444,-90.33,26.830000000000002,17,72
-4536,1345,6,0.0044444444444444444,-90.71000000000001,26.91,17,72
-4534,1345,6,0.0044444444444444444,-90.67,26.91,17,72
-4539,1346,6,0.0044444444444444444,-90.77,26.93,17,72
-4516,1345,6,0.0044444444444444444,-90.31,26.91,17,72
-4542,1351,5,0.003703703703703704,-90.83,27.03,17,72
-4547,1352,5,0.003703703703703704,-90.93,27.05,17,72
-4546,1353,5,0.003703703703703704,-90.91,27.07,17,72
-4547,1351,5,0.003703703703703704,-90.93,27.03,17,72
-4533,1345,5,0.003703703703703704,-90.65,26.91,17,72
-4541,1346,5,0.003703703703703704,-90.81,26.93,17,72
-4519,1337,5,0.003703703703703704,-90.37,26.75,17,72
-4543,1351,5,0.003703703703703704,-90.85000000000001,27.03,17,72
-4519,1344,5,0.003703703703703704,-90.37,26.89,17,72
-4519,1338,4,0.002962962962962963,-90.37,26.77,17,72
-4517,1339,4,0.002962962962962963,-90.33,26.79,17,72
-4516,1340,4,0.002962962962962963,-90.31,26.810000000000002,17,72
-4530,1344,4,0.002962962962962963,-90.59,26.89,17,72
-4518,1345,4,0.002962962962962963,-90.35000000000001,26.91,17,72
-4513,1343,4,0.002962962962962963,-90.25,26.87,17,72
-4521,1341,4,0.002962962962962963,-90.41,26.830000000000002,17,72
-4528,1344,4,0.002962962962962963,-90.55,26.89,17,72
-4519,1341,4,0.002962962962962963,-90.37,26.830000000000002,17,72
-4520,1345,4,0.002962962962962963,-90.39,26.91,17,72
-4520,1340,4,0.002962962962962963,-90.39,26.810000000000002,17,72
-4545,1353,4,0.002962962962962963,-90.89,27.07,17,72
-4546,1349,4,0.002962962962962963,-90.91,26.990000000000002,17,72
-4533,1347,4,0.002962962962962963,-90.65,26.95,17,72
-4532,1343,4,0.002962962962962963,-90.63,26.87,17,72
-4540,1349,4,0.002962962962962963,-90.79,26.990000000000002,17,72
-4536,1348,4,0.002962962962962963,-90.71000000000001,26.97,17,72
-4535,1344,4,0.002962962962962963,-90.69,26.89,17,72
-4540,1350,4,0.002962962962962963,-90.79,27.01,17,72
-4547,1350,4,0.002962962962962963,-90.93,27.01,17,72
-4529,1342,3,0.0022222222222222222,-90.57000000000001,26.85,17,72
-4540,1346,3,0.0022222222222222222,-90.79,26.93,17,72
-4538,1345,3,0.0022222222222222222,-90.75,26.91,17,72
-4538,1348,3,0.0022222222222222222,-90.75,26.97,17,72
-4532,1346,3,0.0022222222222222222,-90.63,26.93,17,72
-4532,1342,3,0.0022222222222222222,-90.63,26.85,17,72
-4532,1344,3,0.0022222222222222222,-90.63,26.89,17,72
-4515,1340,3,0.0022222222222222222,-90.29,26.810000000000002,17,72
-4513,1342,3,0.0022222222222222222,-90.25,26.85,17,72
-4518,1341,3,0.0022222222222222222,-90.35000000000001,26.830000000000002,17,72
-4519,1342,3,0.0022222222222222222,-90.37,26.85,17,72
-4518,1343,3,0.0022222222222222222,-90.35000000000001,26.87,17,72
-4518,1340,3,0.0022222222222222222,-90.35000000000001,26.810000000000002,17,72
-4516,1342,3,0.0022222222222222222,-90.31,26.85,17,72
-4528,1337,3,0.0022222222222222222,-90.55,26.75,17,72
-4526,1345,3,0.0022222222222222222,-90.51,26.91,17,72
-4522,1342,3,0.0022222222222222222,-90.43,26.85,17,72
-4520,1339,3,0.0022222222222222222,-90.39,26.79,17,72
-4521,1335,3,0.0022222222222222222,-90.41,26.71,17,72
-4525,1344,3,0.0022222222222222222,-90.49,26.89,17,72
-4527,1344,3,0.0022222222222222222,-90.53,26.89,17,72
-4525,1343,3,0.0022222222222222222,-90.49,26.87,17,72
-4529,1344,3,0.0022222222222222222,-90.57000000000001,26.89,17,72
-4525,1341,2,0.0014814814814814814,-90.49,26.830000000000002,17,72
-4524,1340,2,0.0014814814814814814,-90.47,26.810000000000002,17,72
-4528,1343,2,0.0014814814814814814,-90.55,26.87,17,72
-4522,1338,2,0.0014814814814814814,-90.43,26.77,17,72
-4521,1342,2,0.0014814814814814814,-90.41,26.85,17,72
-4521,1345,2,0.0014814814814814814,-90.41,26.91,17,72
-4545,1354,2,0.0014814814814814814,-90.89,27.09,17,72
-4548,1352,2,0.0014814814814814814,-90.95,27.05,17,72
-4537,1348,2,0.0014814814814814814,-90.73,26.97,17,72
-4539,1349,2,0.0014814814814814814,-90.77,26.990000000000002,17,72
-4543,1352,2,0.0014814814814814814,-90.85000000000001,27.05,17,72
-4534,1343,2,0.0014814814814814814,-90.67,26.87,17,72
-4541,1351,2,0.0014814814814814814,-90.81,27.03,17,72
-4534,1348,2,0.0014814814814814814,-90.67,26.97,17,72
-4531,1345,2,0.0014814814814814814,-90.61,26.91,17,72
-4526,1343,2,0.0014814814814814814,-90.51,26.87,17,72
-4516,1337,2,0.0014814814814814814,-90.31,26.75,17,72
-4517,1340,2,0.0014814814814814814,-90.33,26.810000000000002,17,72
-4512,1343,2,0.0014814814814814814,-90.23,26.87,17,72
-4516,1338,2,0.0014814814814814814,-90.31,26.77,17,72
-4518,1342,2,0.0014814814814814814,-90.35000000000001,26.85,17,72
-4517,1342,2,0.0014814814814814814,-90.33,26.85,17,72
-4520,1338,2,0.0014814814814814814,-90.39,26.77,17,72
-4522,1336,2,0.0014814814814814814,-90.43,26.73,17,72
-4523,1336,2,0.0014814814814814814,-90.45,26.73,17,72
-4526,1341,2,0.0014814814814814814,-90.51,26.830000000000002,17,72
-4526,1344,2,0.0014814814814814814,-90.51,26.89,17,72
-4525,1340,2,0.0014814814814814814,-90.49,26.810000000000002,17,72
-4528,1345,2,0.0014814814814814814,-90.55,26.91,17,72
-4529,1346,2,0.0014814814814814814,-90.57000000000001,26.93,17,72
-4518,1339,2,0.0014814814814814814,-90.35000000000001,26.79,17,72
-4520,1341,2,0.0014814814814814814,-90.39,26.830000000000002,17,72
-4545,1348,1,0.0007407407407407407,-90.89,26.97,17,72
-4547,1353,1,0.0007407407407407407,-90.93,27.07,17,72
-4551,1352,1,0.0007407407407407407,-91.01,27.05,17,72
-4544,1347,1,0.0007407407407407407,-90.87,26.95,17,72
-4544,1348,1,0.0007407407407407407,-90.87,26.97,17,72
-4543,1347,1,0.0007407407407407407,-90.85000000000001,26.95,17,72
-4534,1344,1,0.0007407407407407407,-90.67,26.89,17,72
-4534,1342,1,0.0007407407407407407,-90.67,26.85,17,72
-4536,1349,1,0.0007407407407407407,-90.71000000000001,26.990000000000002,17,72
-4539,1345,1,0.0007407407407407407,-90.77,26.91,17,72
-4537,1345,1,0.0007407407407407407,-90.73,26.91,17,72
-4543,1353,1,0.0007407407407407407,-90.85000000000001,27.07,17,72
-4541,1350,1,0.0007407407407407407,-90.81,27.01,17,72
-4536,1344,1,0.0007407407407407407,-90.71000000000001,26.89,17,72
-4544,1354,1,0.0007407407407407407,-90.87,27.09,17,72
-4543,1346,1,0.0007407407407407407,-90.85000000000001,26.93,17,72
-4531,1347,1,0.0007407407407407407,-90.61,26.95,17,72
-4531,1344,1,0.0007407407407407407,-90.61,26.89,17,72
-4532,1347,1,0.0007407407407407407,-90.63,26.95,17,72
-4531,1342,1,0.0007407407407407407,-90.61,26.85,17,72
-4533,1343,1,0.0007407407407407407,-90.65,26.87,17,72
-4533,1344,1,0.0007407407407407407,-90.65,26.89,17,72
-4520,1334,1,0.0007407407407407407,-90.39,26.69,17,72
-4520,1337,1,0.0007407407407407407,-90.39,26.75,17,72
-4522,1341,1,0.0007407407407407407,-90.43,26.830000000000002,17,72
-4524,1346,1,0.0007407407407407407,-90.47,26.93,17,72
-4523,1339,1,0.0007407407407407407,-90.45,26.79,17,72
-4523,1341,1,0.0007407407407407407,-90.45,26.830000000000002,17,72
-4522,1335,1,0.0007407407407407407,-90.43,26.71,17,72
-4522,1334,1,0.0007407407407407407,-90.43,26.69,17,72
-4522,1337,1,0.0007407407407407407,-90.43,26.75,17,72
-4522,1339,1,0.0007407407407407407,-90.43,26.79,17,72
-4524,1342,1,0.0007407407407407407,-90.47,26.85,17,72
-4524,1337,1,0.0007407407407407407,-90.47,26.75,17,72
-4523,1338,1,0.0007407407407407407,-90.45,26.77,17,72
-4528,1340,1,0.0007407407407407407,-90.55,26.810000000000002,17,72
-4530,1342,1,0.0007407407407407407,-90.59,26.85,17,72
-4529,1339,1,0.0007407407407407407,-90.57000000000001,26.79,17,72
-4529,1343,1,0.0007407407407407407,-90.57000000000001,26.87,17,72
-4530,1343,1,0.0007407407407407407,-90.59,26.87,17,72
-4526,1337,1,0.0007407407407407407,-90.51,26.75,17,72
-4527,1343,1,0.0007407407407407407,-90.53,26.87,17,72
-4527,1341,1,0.0007407407407407407,-90.53,26.830000000000002,17,72
-4527,1342,1,0.0007407407407407407,-90.53,26.85,17,72
-4527,1338,1,0.0007407407407407407,-90.53,26.77,17,72
-4526,1342,1,0.0007407407407407407,-90.51,26.85,17,72
-4525,1336,1,0.0007407407407407407,-90.49,26.73,17,72
-4525,1342,1,0.0007407407407407407,-90.49,26.85,17,72
-4528,1338,1,0.0007407407407407407,-90.55,26.77,17,72
-4529,1340,1,0.0007407407407407407,-90.57000000000001,26.810000000000002,17,72
-4521,1340,1,0.0007407407407407407,-90.41,26.810000000000002,17,72
-4522,1340,1,0.0007407407407407407,-90.43,26.810000000000002,17,72
-4522,1343,1,0.0007407407407407407,-90.43,26.87,17,72
-4522,1344,1,0.0007407407407407407,-90.43,26.89,17,72
-4522,1345,1,0.0007407407407407407,-90.43,26.91,17,72
-4521,1339,1,0.0007407407407407407,-90.41,26.79,17,72
-4519,1336,1,0.0007407407407407407,-90.37,26.73,17,72
-4520,1344,1,0.0007407407407407407,-90.39,26.89,17,72
-4520,1342,1,0.0007407407407407407,-90.39,26.85,17,72
-4520,1343,1,0.0007407407407407407,-90.39,26.87,17,72
-4519,1340,1,0.0007407407407407407,-90.37,26.810000000000002,17,72
-4519,1339,1,0.0007407407407407407,-90.37,26.79,17,72
-4519,1343,1,0.0007407407407407407,-90.37,26.87,17,72
-4519,1345,1,0.0007407407407407407,-90.37,26.91,17,72
-4518,1346,1,0.0007407407407407407,-90.35000000000001,26.93,17,72
-4517,1335,1,0.0007407407407407407,-90.33,26.71,17,72
-4517,1337,1,0.0007407407407407407,-90.33,26.75,17,72
-4517,1338,1,0.0007407407407407407,-90.33,26.77,17,72
-4518,1338,1,0.0007407407407407407,-90.35000000000001,26.77,17,72
-4516,1346,1,0.0007407407407407407,-90.31,26.93,17,72
-4516,1339,1,0.0007407407407407407,-90.31,26.79,17,72
-4516,1341,1,0.0007407407407407407,-90.31,26.830000000000002,17,72
-4515,1342,1,0.0007407407407407407,-90.29,26.85,17,72
-4514,1342,1,0.0007407407407407407,-90.27,26.85,17,72
-4515,1346,1,0.0007407407407407407,-90.29,26.93,17,72
-4514,1339,1,0.0007407407407407407,-90.27,26.79,17,72
-4513,1341,1,0.0007407407407407407,-90.25,26.830000000000002,17,72
-4513,1345,1,0.0007407407407407407,-90.25,26.91,17,72
-4512,1345,1,0.0007407407407407407,-90.23,26.91,17,72
-4511,1344,1,0.0007407407407407407,-90.21000000000001,26.89,17,72
-4527,1363,86,0.0637037037037037,-90.53,27.27,19,24
-4526,1363,77,0.05703703703703704,-90.51,27.27,19,24
-4525,1360,74,0.054814814814814816,-90.49,27.21,19,24
-4528,1366,67,0.04962962962962963,-90.55,27.330000000000002,19,24
-4521,1352,63,0.04666666666666667,-90.41,27.05,19,24
-4520,1352,62,0.045925925925925926,-90.39,27.05,19,24
-4524,1360,59,0.0437037037037037,-90.47,27.21,19,24
-4524,1359,54,0.04,-90.47,27.19,19,24
-4525,1359,48,0.035555555555555556,-90.49,27.19,19,24
-4527,1366,43,0.03185185185185185,-90.53,27.330000000000002,19,24
-4528,1367,37,0.027407407407407408,-90.55,27.35,19,24
-4520,1353,34,0.025185185185185185,-90.39,27.07,19,24
-4527,1362,33,0.024444444444444446,-90.53,27.25,19,24
-4526,1362,33,0.024444444444444446,-90.51,27.25,19,24
-4521,1353,29,0.02148148148148148,-90.41,27.07,19,24
-4527,1364,23,0.017037037037037038,-90.53,27.29,19,24
-4527,1365,23,0.017037037037037038,-90.53,27.310000000000002,19,24
-4522,1352,22,0.016296296296296295,-90.43,27.05,19,24
-4527,1367,21,0.015555555555555555,-90.53,27.35,19,24
-4523,1359,21,0.015555555555555555,-90.45,27.19,19,24
-4526,1360,21,0.015555555555555555,-90.51,27.21,19,24
-4525,1363,19,0.014074074074074074,-90.49,27.27,19,24
-4522,1353,19,0.014074074074074074,-90.43,27.07,19,24
-4529,1366,18,0.013333333333333334,-90.57000000000001,27.330000000000002,19,24
-4524,1358,17,0.012592592592592593,-90.47,27.17,19,24
-4519,1352,16,0.011851851851851851,-90.37,27.05,19,24
-4523,1360,16,0.011851851851851851,-90.45,27.21,19,24
-4526,1364,14,0.01037037037037037,-90.51,27.29,19,24
-4529,1367,14,0.01037037037037037,-90.57000000000001,27.35,19,24
-4525,1361,13,0.00962962962962963,-90.49,27.23,19,24
-4528,1363,13,0.00962962962962963,-90.55,27.27,19,24
-4528,1365,12,0.008888888888888889,-90.55,27.310000000000002,19,24
-4522,1358,12,0.008888888888888889,-90.43,27.17,19,24
-4523,1358,11,0.008148148148148147,-90.45,27.17,19,24
-4522,1354,10,0.007407407407407408,-90.43,27.09,19,24
-4525,1362,10,0.007407407407407408,-90.49,27.25,19,24
-4523,1354,10,0.007407407407407408,-90.45,27.09,19,24
-4526,1359,9,0.006666666666666667,-90.51,27.19,19,24
-4528,1368,8,0.005925925925925926,-90.55,27.37,19,24
-4522,1357,8,0.005925925925925926,-90.43,27.150000000000002,19,24
-4526,1365,8,0.005925925925925926,-90.51,27.310000000000002,19,24
-4522,1359,7,0.005185185185185185,-90.43,27.19,19,24
-4519,1353,7,0.005185185185185185,-90.37,27.07,19,24
-4524,1361,7,0.005185185185185185,-90.47,27.23,19,24
-4526,1361,7,0.005185185185185185,-90.51,27.23,19,24
-4523,1353,7,0.005185185185185185,-90.45,27.07,19,24
-4525,1358,6,0.0044444444444444444,-90.49,27.17,19,24
-4522,1356,6,0.0044444444444444444,-90.43,27.13,19,24
-4523,1357,6,0.0044444444444444444,-90.45,27.150000000000002,19,24
-4523,1361,6,0.0044444444444444444,-90.45,27.23,19,24
-4526,1366,5,0.003703703703703704,-90.51,27.330000000000002,19,24
-4521,1354,5,0.003703703703703704,-90.41,27.09,19,24
-4525,1364,5,0.003703703703703704,-90.49,27.29,19,24
-4520,1351,4,0.002962962962962963,-90.39,27.03,19,24
-4524,1362,4,0.002962962962962963,-90.47,27.25,19,24
-4521,1356,4,0.002962962962962963,-90.41,27.13,19,24
-4521,1357,4,0.002962962962962963,-90.41,27.150000000000002,19,24
-4519,1351,4,0.002962962962962963,-90.37,27.03,19,24
-4520,1354,4,0.002962962962962963,-90.39,27.09,19,24
-4522,1351,4,0.002962962962962963,-90.43,27.03,19,24
-4528,1364,3,0.0022222222222222222,-90.55,27.29,19,24
-4521,1355,3,0.0022222222222222222,-90.41,27.11,19,24
-4520,1356,3,0.0022222222222222222,-90.39,27.13,19,24
-4524,1355,3,0.0022222222222222222,-90.47,27.11,19,24
-4523,1356,3,0.0022222222222222222,-90.45,27.13,19,24
-4524,1363,3,0.0022222222222222222,-90.47,27.27,19,24
-4521,1358,3,0.0022222222222222222,-90.41,27.17,19,24
-4523,1362,3,0.0022222222222222222,-90.45,27.25,19,24
-4521,1351,3,0.0022222222222222222,-90.41,27.03,19,24
-4530,1366,2,0.0014814814814814814,-90.59,27.330000000000002,19,24
-4527,1368,2,0.0014814814814814814,-90.53,27.37,19,24
-4522,1360,2,0.0014814814814814814,-90.43,27.21,19,24
-4522,1355,2,0.0014814814814814814,-90.43,27.11,19,24
-4524,1354,2,0.0014814814814814814,-90.47,27.09,19,24
-4523,1355,2,0.0014814814814814814,-90.45,27.11,19,24
-4524,1357,2,0.0014814814814814814,-90.47,27.150000000000002,19,24
-4525,1365,2,0.0014814814814814814,-90.49,27.310000000000002,19,24
-4520,1355,2,0.0014814814814814814,-90.39,27.11,19,24
-4519,1355,2,0.0014814814814814814,-90.37,27.11,19,24
-4527,1361,1,0.0007407407407407407,-90.53,27.23,19,24
-4530,1365,1,0.0007407407407407407,-90.59,27.310000000000002,19,24
-4529,1365,1,0.0007407407407407407,-90.57000000000001,27.310000000000002,19,24
-4530,1367,1,0.0007407407407407407,-90.59,27.35,19,24
-4528,1362,1,0.0007407407407407407,-90.55,27.25,19,24
-4528,1360,1,0.0007407407407407407,-90.55,27.21,19,24
-4526,1358,1,0.0007407407407407407,-90.51,27.17,19,24
-4527,1360,1,0.0007407407407407407,-90.53,27.21,19,24
-4525,1357,1,0.0007407407407407407,-90.49,27.150000000000002,19,24
-4524,1356,1,0.0007407407407407407,-90.47,27.13,19,24
-4523,1352,1,0.0007407407407407407,-90.45,27.05,19,24
-4525,1356,1,0.0007407407407407407,-90.49,27.13,19,24
-4519,1354,1,0.0007407407407407407,-90.37,27.09,19,24
-4518,1353,1,0.0007407407407407407,-90.35000000000001,27.07,19,24
-4529,1354,76,0.056296296296296296,-90.57000000000001,27.09,19,48
-4532,1357,70,0.05185185185185185,-90.63,27.150000000000002,19,48
-4528,1354,60,0.044444444444444446,-90.55,27.09,19,48
-4533,1357,46,0.034074074074074076,-90.65,27.150000000000002,19,48
-4533,1361,39,0.028888888888888888,-90.65,27.23,19,48
-4532,1358,39,0.028888888888888888,-90.63,27.17,19,48
-4531,1357,39,0.028888888888888888,-90.61,27.150000000000002,19,48
-4533,1360,38,0.028148148148148148,-90.65,27.21,19,48
-4534,1360,37,0.027407407407407408,-90.67,27.21,19,48
-4519,1346,36,0.02666666666666667,-90.37,26.93,19,48
-4527,1354,34,0.025185185185185185,-90.53,27.09,19,48
-4518,1347,30,0.022222222222222223,-90.35000000000001,26.95,19,48
-4534,1361,29,0.02148148148148148,-90.67,27.23,19,48
-4519,1347,28,0.02074074074074074,-90.37,26.95,19,48
-4529,1355,27,0.02,-90.57000000000001,27.11,19,48
-4530,1354,26,0.01925925925925926,-90.59,27.09,19,48
-4527,1353,24,0.017777777777777778,-90.53,27.07,19,48
-4532,1361,23,0.017037037037037038,-90.63,27.23,19,48
-4520,1346,22,0.016296296296296295,-90.39,26.93,19,48
-4532,1356,22,0.016296296296296295,-90.63,27.13,19,48
-4518,1346,22,0.016296296296296295,-90.35000000000001,26.93,19,48
-4528,1355,19,0.014074074074074074,-90.55,27.11,19,48
-4533,1359,19,0.014074074074074074,-90.65,27.19,19,48
-4531,1358,19,0.014074074074074074,-90.61,27.17,19,48
-4528,1353,18,0.013333333333333334,-90.55,27.07,19,48
-4532,1360,18,0.013333333333333334,-90.63,27.21,19,48
-4532,1359,18,0.013333333333333334,-90.63,27.19,19,48
-4520,1347,18,0.013333333333333334,-90.39,26.95,19,48
-4530,1355,16,0.011851851851851851,-90.59,27.11,19,48
-4533,1358,16,0.011851851851851851,-90.65,27.17,19,48
-4531,1356,15,0.011111111111111112,-90.61,27.13,19,48
-4526,1353,14,0.01037037037037037,-90.51,27.07,19,48
-4530,1356,14,0.01037037037037037,-90.59,27.13,19,48
-4529,1353,12,0.008888888888888889,-90.57000000000001,27.07,19,48
-4521,1347,12,0.008888888888888889,-90.41,26.95,19,48
-4525,1353,11,0.008148148148148147,-90.49,27.07,19,48
-4534,1359,11,0.008148148148148147,-90.67,27.19,19,48
-4519,1345,10,0.007407407407407408,-90.37,26.91,19,48
-4525,1352,9,0.006666666666666667,-90.49,27.05,19,48
-4518,1348,9,0.006666666666666667,-90.35000000000001,26.97,19,48
-4520,1348,9,0.006666666666666667,-90.39,26.97,19,48
-4531,1355,8,0.005925925925925926,-90.61,27.11,19,48
-4526,1354,8,0.005925925925925926,-90.51,27.09,19,48
-4534,1358,7,0.005185185185185185,-90.67,27.17,19,48
-4522,1347,7,0.005185185185185185,-90.43,26.95,19,48
-4524,1352,7,0.005185185185185185,-90.47,27.05,19,48
-4533,1356,7,0.005185185185185185,-90.65,27.13,19,48
-4531,1354,6,0.0044444444444444444,-90.61,27.09,19,48
-4533,1362,6,0.0044444444444444444,-90.65,27.25,19,48
-4518,1345,6,0.0044444444444444444,-90.35000000000001,26.91,19,48
-4517,1347,6,0.0044444444444444444,-90.33,26.95,19,48
-4522,1352,6,0.0044444444444444444,-90.43,27.05,19,48
-4517,1346,6,0.0044444444444444444,-90.33,26.93,19,48
-4534,1362,5,0.003703703703703704,-90.67,27.25,19,48
-4531,1360,5,0.003703703703703704,-90.61,27.21,19,48
-4527,1352,5,0.003703703703703704,-90.53,27.05,19,48
-4526,1352,5,0.003703703703703704,-90.51,27.05,19,48
-4535,1361,5,0.003703703703703704,-90.69,27.23,19,48
-4535,1360,5,0.003703703703703704,-90.69,27.21,19,48
-4528,1356,5,0.003703703703703704,-90.55,27.13,19,48
-4530,1358,5,0.003703703703703704,-90.59,27.17,19,48
-4521,1350,5,0.003703703703703704,-90.41,27.01,19,48
-4522,1351,5,0.003703703703703704,-90.43,27.03,19,48
-4519,1348,5,0.003703703703703704,-90.37,26.97,19,48
-4520,1351,5,0.003703703703703704,-90.39,27.03,19,48
-4531,1359,5,0.003703703703703704,-90.61,27.19,19,48
-4530,1357,5,0.003703703703703704,-90.59,27.150000000000002,19,48
-4516,1346,5,0.003703703703703704,-90.31,26.93,19,48
-4520,1345,5,0.003703703703703704,-90.39,26.91,19,48
-4516,1347,4,0.002962962962962963,-90.31,26.95,19,48
-4525,1354,4,0.002962962962962963,-90.49,27.09,19,48
-4530,1359,4,0.002962962962962963,-90.59,27.19,19,48
-4529,1356,4,0.002962962962962963,-90.57000000000001,27.13,19,48
-4531,1361,4,0.002962962962962963,-90.61,27.23,19,48
-4529,1357,4,0.002962962962962963,-90.57000000000001,27.150000000000002,19,48
-4520,1349,4,0.002962962962962963,-90.39,26.990000000000002,19,48
-4518,1349,4,0.002962962962962963,-90.35000000000001,26.990000000000002,19,48
-4519,1350,4,0.002962962962962963,-90.37,27.01,19,48
-4524,1353,4,0.002962962962962963,-90.47,27.07,19,48
-4521,1346,4,0.002962962962962963,-90.41,26.93,19,48
-4534,1357,3,0.0022222222222222222,-90.67,27.150000000000002,19,48
-4522,1349,3,0.0022222222222222222,-90.43,26.990000000000002,19,48
-4523,1351,3,0.0022222222222222222,-90.45,27.03,19,48
-4532,1355,3,0.0022222222222222222,-90.63,27.11,19,48
-4523,1346,3,0.0022222222222222222,-90.45,26.93,19,48
-4523,1350,3,0.0022222222222222222,-90.45,27.01,19,48
-4532,1362,3,0.0022222222222222222,-90.63,27.25,19,48
-4521,1348,3,0.0022222222222222222,-90.41,26.97,19,48
-4534,1356,2,0.0014814814814814814,-90.67,27.13,19,48
-4523,1347,2,0.0014814814814814814,-90.45,26.95,19,48
-4523,1353,2,0.0014814814814814814,-90.45,27.07,19,48
-4523,1349,2,0.0014814814814814814,-90.45,26.990000000000002,19,48
-4521,1343,2,0.0014814814814814814,-90.41,26.87,19,48
-4526,1351,2,0.0014814814814814814,-90.51,27.03,19,48
-4527,1357,2,0.0014814814814814814,-90.53,27.150000000000002,19,48
-4520,1344,2,0.0014814814814814814,-90.39,26.89,19,48
-4520,1350,2,0.0014814814814814814,-90.39,27.01,19,48
-4522,1350,2,0.0014814814814814814,-90.43,27.01,19,48
-4523,1345,2,0.0014814814814814814,-90.45,26.91,19,48
-4522,1348,2,0.0014814814814814814,-90.43,26.97,19,48
-4522,1346,2,0.0014814814814814814,-90.43,26.93,19,48
-4525,1351,2,0.0014814814814814814,-90.49,27.03,19,48
-4521,1349,2,0.0014814814814814814,-90.41,26.990000000000002,19,48
-4526,1347,2,0.0014814814814814814,-90.51,26.95,19,48
-4530,1353,2,0.0014814814814814814,-90.59,27.07,19,48
-4536,1361,1,0.0007407407407407407,-90.71000000000001,27.23,19,48
-4535,1357,1,0.0007407407407407407,-90.69,27.150000000000002,19,48
-4535,1363,1,0.0007407407407407407,-90.69,27.27,19,48
-4534,1354,1,0.0007407407407407407,-90.67,27.09,19,48
-4524,1345,1,0.0007407407407407407,-90.47,26.91,19,48
-4525,1349,1,0.0007407407407407407,-90.49,26.990000000000002,19,48
-4530,1361,1,0.0007407407407407407,-90.59,27.23,19,48
-4528,1352,1,0.0007407407407407407,-90.55,27.05,19,48
-4529,1359,1,0.0007407407407407407,-90.57000000000001,27.19,19,48
-4528,1357,1,0.0007407407407407407,-90.55,27.150000000000002,19,48
-4533,1363,1,0.0007407407407407407,-90.65,27.27,19,48
-4533,1355,1,0.0007407407407407407,-90.65,27.11,19,48
-4526,1355,1,0.0007407407407407407,-90.51,27.11,19,48
-4527,1355,1,0.0007407407407407407,-90.53,27.11,19,48
-4524,1350,1,0.0007407407407407407,-90.47,27.01,19,48
-4523,1344,1,0.0007407407407407407,-90.45,26.89,19,48
-4523,1348,1,0.0007407407407407407,-90.45,26.97,19,48
-4522,1345,1,0.0007407407407407407,-90.43,26.91,19,48
-4520,1343,1,0.0007407407407407407,-90.39,26.87,19,48
-4521,1345,1,0.0007407407407407407,-90.41,26.91,19,48
-4522,1353,1,0.0007407407407407407,-90.43,27.07,19,48
-4524,1351,1,0.0007407407407407407,-90.47,27.03,19,48
-4524,1346,1,0.0007407407407407407,-90.47,26.93,19,48
-4524,1354,1,0.0007407407407407407,-90.47,27.09,19,48
-4518,1344,1,0.0007407407407407407,-90.35000000000001,26.89,19,48
-4519,1344,1,0.0007407407407407407,-90.37,26.89,19,48
-4517,1345,1,0.0007407407407407407,-90.33,26.91,19,48
-4517,1344,1,0.0007407407407407407,-90.33,26.89,19,48
-4518,1351,1,0.0007407407407407407,-90.35000000000001,27.03,19,48
-4517,1348,1,0.0007407407407407407,-90.33,26.97,19,48
-4517,1350,1,0.0007407407407407407,-90.33,27.01,19,48
-4517,1349,1,0.0007407407407407407,-90.33,26.990000000000002,19,48
-4516,1348,1,0.0007407407407407407,-90.31,26.97,19,48
-4516,1349,1,0.0007407407407407407,-90.31,26.990000000000002,19,48
-4542,1347,51,0.03777777777777778,-90.83,26.95,19,72
-4535,1346,49,0.0362962962962963,-90.69,26.93,19,72
-4536,1346,42,0.03111111111111111,-90.71000000000001,26.93,19,72
-4541,1347,40,0.02962962962962963,-90.81,26.95,19,72
-4546,1350,32,0.023703703703703703,-90.91,27.01,19,72
-4542,1348,31,0.022962962962962963,-90.83,26.97,19,72
-4545,1349,30,0.022222222222222223,-90.89,26.990000000000002,19,72
-4533,1345,30,0.022222222222222223,-90.65,26.91,19,72
-4516,1343,30,0.022222222222222223,-90.31,26.87,19,72
-4515,1343,29,0.02148148148148148,-90.29,26.87,19,72
-4543,1348,29,0.02148148148148148,-90.85000000000001,26.97,19,72
-4534,1346,27,0.02,-90.67,26.93,19,72
-4546,1349,25,0.018518518518518517,-90.91,26.990000000000002,19,72
-4543,1347,24,0.017777777777777778,-90.85000000000001,26.95,19,72
-4534,1345,24,0.017777777777777778,-90.67,26.91,19,72
-4541,1348,24,0.017777777777777778,-90.81,26.97,19,72
-4545,1350,23,0.017037037037037038,-90.89,27.01,19,72
-4537,1346,21,0.015555555555555555,-90.73,26.93,19,72
-4544,1350,21,0.015555555555555555,-90.87,27.01,19,72
-4544,1348,21,0.015555555555555555,-90.87,26.97,19,72
-4535,1345,20,0.014814814814814815,-90.69,26.91,19,72
-4547,1350,20,0.014814814814814815,-90.93,27.01,19,72
-4517,1343,18,0.013333333333333334,-90.33,26.87,19,72
-4540,1347,18,0.013333333333333334,-90.79,26.95,19,72
-4547,1349,14,0.01037037037037037,-90.93,26.990000000000002,19,72
-4544,1349,13,0.00962962962962963,-90.87,26.990000000000002,19,72
-4533,1346,13,0.00962962962962963,-90.65,26.93,19,72
-4539,1346,13,0.00962962962962963,-90.77,26.93,19,72
-4536,1347,13,0.00962962962962963,-90.71000000000001,26.95,19,72
-4515,1344,12,0.008888888888888889,-90.29,26.89,19,72
-4542,1346,12,0.008888888888888889,-90.83,26.93,19,72
-4543,1349,12,0.008888888888888889,-90.85000000000001,26.990000000000002,19,72
-4545,1351,12,0.008888888888888889,-90.89,27.03,19,72
-4546,1348,11,0.008148148148148147,-90.91,26.97,19,72
-4536,1345,11,0.008148148148148147,-90.71000000000001,26.91,19,72
-4540,1346,11,0.008148148148148147,-90.79,26.93,19,72
-4537,1345,11,0.008148148148148147,-90.73,26.91,19,72
-4542,1349,10,0.007407407407407408,-90.83,26.990000000000002,19,72
-4545,1348,10,0.007407407407407408,-90.89,26.97,19,72
-4541,1346,10,0.007407407407407408,-90.81,26.93,19,72
-4531,1345,9,0.006666666666666667,-90.61,26.91,19,72
-4516,1344,9,0.006666666666666667,-90.31,26.89,19,72
-4517,1340,9,0.006666666666666667,-90.33,26.810000000000002,19,72
-4537,1347,8,0.005925925925925926,-90.73,26.95,19,72
-4544,1347,8,0.005925925925925926,-90.87,26.95,19,72
-4532,1345,8,0.005925925925925926,-90.63,26.91,19,72
-4535,1347,8,0.005925925925925926,-90.69,26.95,19,72
-4531,1344,7,0.005185185185185185,-90.61,26.89,19,72
-4538,1346,7,0.005185185185185185,-90.75,26.93,19,72
-4518,1344,7,0.005185185185185185,-90.35000000000001,26.89,19,72
-4514,1343,7,0.005185185185185185,-90.27,26.87,19,72
-4518,1343,7,0.005185185185185185,-90.35000000000001,26.87,19,72
-4517,1344,7,0.005185185185185185,-90.33,26.89,19,72
-4515,1342,7,0.005185185185185185,-90.29,26.85,19,72
-4530,1345,6,0.0044444444444444444,-90.59,26.91,19,72
-4516,1342,6,0.0044444444444444444,-90.31,26.85,19,72
-4530,1344,6,0.0044444444444444444,-90.59,26.89,19,72
-4546,1351,6,0.0044444444444444444,-90.91,27.03,19,72
-4540,1348,6,0.0044444444444444444,-90.79,26.97,19,72
-4534,1344,5,0.003703703703703704,-90.67,26.89,19,72
-4545,1347,5,0.003703703703703704,-90.89,26.95,19,72
-4532,1342,5,0.003703703703703704,-90.63,26.85,19,72
-4539,1347,5,0.003703703703703704,-90.77,26.95,19,72
-4539,1348,5,0.003703703703703704,-90.77,26.97,19,72
-4532,1346,5,0.003703703703703704,-90.63,26.93,19,72
-4517,1342,5,0.003703703703703704,-90.33,26.85,19,72
-4519,1344,5,0.003703703703703704,-90.37,26.89,19,72
-4528,1344,5,0.003703703703703704,-90.55,26.89,19,72
-4529,1344,5,0.003703703703703704,-90.57000000000001,26.89,19,72
-4543,1346,4,0.002962962962962963,-90.85000000000001,26.93,19,72
-4544,1351,4,0.002962962962962963,-90.87,27.03,19,72
-4546,1352,4,0.002962962962962963,-90.91,27.05,19,72
-4538,1345,4,0.002962962962962963,-90.75,26.91,19,72
-4532,1344,4,0.002962962962962963,-90.63,26.89,19,72
-4534,1343,4,0.002962962962962963,-90.67,26.87,19,72
-4533,1344,4,0.002962962962962963,-90.65,26.89,19,72
-4521,1341,4,0.002962962962962963,-90.41,26.830000000000002,19,72
-4524,1340,4,0.002962962962962963,-90.47,26.810000000000002,19,72
-4530,1343,4,0.002962962962962963,-90.59,26.87,19,72
-4514,1344,4,0.002962962962962963,-90.27,26.89,19,72
-4516,1339,4,0.002962962962962963,-90.31,26.79,19,72
-4539,1345,4,0.002962962962962963,-90.77,26.91,19,72
-4522,1343,3,0.0022222222222222222,-90.43,26.87,19,72
-4522,1341,3,0.0022222222222222222,-90.43,26.830000000000002,19,72
-4529,1345,3,0.0022222222222222222,-90.57000000000001,26.91,19,72
-4530,1341,3,0.0022222222222222222,-90.59,26.830000000000002,19,72
-4521,1339,3,0.0022222222222222222,-90.41,26.79,19,72
-4523,1343,3,0.0022222222222222222,-90.45,26.87,19,72
-4525,1344,3,0.0022222222222222222,-90.49,26.89,19,72
-4543,1351,3,0.0022222222222222222,-90.85000000000001,27.03,19,72
-4540,1345,3,0.0022222222222222222,-90.79,26.91,19,72
-4538,1347,3,0.0022222222222222222,-90.75,26.95,19,72
-4548,1349,3,0.0022222222222222222,-90.95,26.990000000000002,19,72
-4547,1348,3,0.0022222222222222222,-90.93,26.97,19,72
-4548,1350,3,0.0022222222222222222,-90.95,27.01,19,72
-4513,1344,3,0.0022222222222222222,-90.25,26.89,19,72
-4512,1343,3,0.0022222222222222222,-90.23,26.87,19,72
-4518,1340,3,0.0022222222222222222,-90.35000000000001,26.810000000000002,19,72
-4518,1338,3,0.0022222222222222222,-90.35000000000001,26.77,19,72
-4518,1341,3,0.0022222222222222222,-90.35000000000001,26.830000000000002,19,72
-4517,1341,3,0.0022222222222222222,-90.33,26.830000000000002,19,72
-4518,1342,3,0.0022222222222222222,-90.35000000000001,26.85,19,72
-4519,1338,3,0.0022222222222222222,-90.37,26.77,19,72
-4517,1338,3,0.0022222222222222222,-90.33,26.77,19,72
-4517,1337,3,0.0022222222222222222,-90.33,26.75,19,72
-4513,1343,3,0.0022222222222222222,-90.25,26.87,19,72
-4516,1341,3,0.0022222222222222222,-90.31,26.830000000000002,19,72
-4520,1340,2,0.0014814814814814814,-90.39,26.810000000000002,19,72
-4515,1341,2,0.0014814814814814814,-90.29,26.830000000000002,19,72
-4519,1337,2,0.0014814814814814814,-90.37,26.75,19,72
-4519,1343,2,0.0014814814814814814,-90.37,26.87,19,72
-4520,1343,2,0.0014814814814814814,-90.39,26.87,19,72
-4520,1342,2,0.0014814814814814814,-90.39,26.85,19,72
-4519,1339,2,0.0014814814814814814,-90.37,26.79,19,72
-4520,1336,2,0.0014814814814814814,-90.39,26.73,19,72
-4520,1339,2,0.0014814814814814814,-90.39,26.79,19,72
-4520,1334,2,0.0014814814814814814,-90.39,26.69,19,72
-4523,1339,2,0.0014814814814814814,-90.45,26.79,19,72
-4526,1336,2,0.0014814814814814814,-90.51,26.73,19,72
-4526,1342,2,0.0014814814814814814,-90.51,26.85,19,72
-4523,1340,2,0.0014814814814814814,-90.45,26.810000000000002,19,72
-4522,1339,2,0.0014814814814814814,-90.43,26.79,19,72
-4522,1344,2,0.0014814814814814814,-90.43,26.89,19,72
-4522,1338,2,0.0014814814814814814,-90.43,26.77,19,72
-4522,1337,2,0.0014814814814814814,-90.43,26.75,19,72
-4524,1342,2,0.0014814814814814814,-90.47,26.85,19,72
-4530,1342,2,0.0014814814814814814,-90.59,26.85,19,72
-4525,1335,2,0.0014814814814814814,-90.49,26.71,19,72
-4529,1343,2,0.0014814814814814814,-90.57000000000001,26.87,19,72
-4527,1342,2,0.0014814814814814814,-90.53,26.85,19,72
-4541,1349,2,0.0014814814814814814,-90.81,26.990000000000002,19,72
-4541,1345,2,0.0014814814814814814,-90.81,26.91,19,72
-4535,1344,2,0.0014814814814814814,-90.69,26.89,19,72
-4532,1343,2,0.0014814814814814814,-90.63,26.87,19,72
-4547,1351,2,0.0014814814814814814,-90.93,27.03,19,72
-4534,1347,2,0.0014814814814814814,-90.67,26.95,19,72
-4547,1352,2,0.0014814814814814814,-90.93,27.05,19,72
-4545,1352,2,0.0014814814814814814,-90.89,27.05,19,72
-4537,1348,2,0.0014814814814814814,-90.73,26.97,19,72
-4517,1339,2,0.0014814814814814814,-90.33,26.79,19,72
-4514,1342,2,0.0014814814814814814,-90.27,26.85,19,72
-4513,1342,2,0.0014814814814814814,-90.25,26.85,19,72
-4519,1341,2,0.0014814814814814814,-90.37,26.830000000000002,19,72
-4519,1342,2,0.0014814814814814814,-90.37,26.85,19,72
-4518,1339,2,0.0014814814814814814,-90.35000000000001,26.79,19,72
-4521,1340,2,0.0014814814814814814,-90.41,26.810000000000002,19,72
-4521,1338,2,0.0014814814814814814,-90.41,26.77,19,72
-4523,1337,2,0.0014814814814814814,-90.45,26.75,19,72
-4525,1343,2,0.0014814814814814814,-90.49,26.87,19,72
-4525,1340,2,0.0014814814814814814,-90.49,26.810000000000002,19,72
-4528,1343,2,0.0014814814814814814,-90.55,26.87,19,72
-4528,1342,2,0.0014814814814814814,-90.55,26.85,19,72
-4526,1343,2,0.0014814814814814814,-90.51,26.87,19,72
-4545,1346,1,0.0007407407407407407,-90.89,26.93,19,72
-4542,1345,1,0.0007407407407407407,-90.83,26.91,19,72
-4542,1351,1,0.0007407407407407407,-90.83,27.03,19,72
-4546,1347,1,0.0007407407407407407,-90.91,26.95,19,72
-4548,1352,1,0.0007407407407407407,-90.95,27.05,19,72
-4547,1353,1,0.0007407407407407407,-90.93,27.07,19,72
-4546,1346,1,0.0007407407407407407,-90.91,26.93,19,72
-4543,1350,1,0.0007407407407407407,-90.85000000000001,27.01,19,72
-4544,1352,1,0.0007407407407407407,-90.87,27.05,19,72
-4545,1353,1,0.0007407407407407407,-90.89,27.07,19,72
-4549,1351,1,0.0007407407407407407,-90.97,27.03,19,72
-4549,1353,1,0.0007407407407407407,-90.97,27.07,19,72
-4531,1343,1,0.0007407407407407407,-90.61,26.87,19,72
-4531,1342,1,0.0007407407407407407,-90.61,26.85,19,72
-4531,1341,1,0.0007407407407407407,-90.61,26.830000000000002,19,72
-4533,1347,1,0.0007407407407407407,-90.65,26.95,19,72
-4533,1342,1,0.0007407407407407407,-90.65,26.85,19,72
-4533,1341,1,0.0007407407407407407,-90.65,26.830000000000002,19,72
-4536,1343,1,0.0007407407407407407,-90.71000000000001,26.87,19,72
-4534,1342,1,0.0007407407407407407,-90.67,26.85,19,72
-4536,1341,1,0.0007407407407407407,-90.71000000000001,26.830000000000002,19,72
-4538,1344,1,0.0007407407407407407,-90.75,26.89,19,72
-4539,1343,1,0.0007407407407407407,-90.77,26.87,19,72
-4539,1344,1,0.0007407407407407407,-90.77,26.89,19,72
-4538,1348,1,0.0007407407407407407,-90.75,26.97,19,72
-4537,1342,1,0.0007407407407407407,-90.73,26.85,19,72
-4537,1343,1,0.0007407407407407407,-90.73,26.87,19,72
-4537,1344,1,0.0007407407407407407,-90.73,26.89,19,72
-4542,1350,1,0.0007407407407407407,-90.83,27.01,19,72
-4528,1340,1,0.0007407407407407407,-90.55,26.810000000000002,19,72
-4527,1340,1,0.0007407407407407407,-90.53,26.810000000000002,19,72
-4527,1344,1,0.0007407407407407407,-90.53,26.89,19,72
-4531,1347,1,0.0007407407407407407,-90.61,26.95,19,72
-4531,1346,1,0.0007407407407407407,-90.61,26.93,19,72
-4529,1346,1,0.0007407407407407407,-90.57000000000001,26.93,19,72
-4529,1337,1,0.0007407407407407407,-90.57000000000001,26.75,19,72
-4526,1334,1,0.0007407407407407407,-90.51,26.69,19,72
-4526,1339,1,0.0007407407407407407,-90.51,26.79,19,72
-4527,1339,1,0.0007407407407407407,-90.53,26.79,19,72
-4528,1336,1,0.0007407407407407407,-90.55,26.73,19,72
-4523,1338,1,0.0007407407407407407,-90.45,26.77,19,72
-4523,1334,1,0.0007407407407407407,-90.45,26.69,19,72
-4526,1341,1,0.0007407407407407407,-90.51,26.830000000000002,19,72
-4525,1338,1,0.0007407407407407407,-90.49,26.77,19,72
-4521,1342,1,0.0007407407407407407,-90.41,26.85,19,72
-4521,1336,1,0.0007407407407407407,-90.41,26.73,19,72
-4521,1334,1,0.0007407407407407407,-90.41,26.69,19,72
-4522,1340,1,0.0007407407407407407,-90.43,26.810000000000002,19,72
-4522,1335,1,0.0007407407407407407,-90.43,26.71,19,72
-4522,1336,1,0.0007407407407407407,-90.43,26.73,19,72
-4524,1344,1,0.0007407407407407407,-90.47,26.89,19,72
-4523,1341,1,0.0007407407407407407,-90.45,26.830000000000002,19,72
-4524,1343,1,0.0007407407407407407,-90.47,26.87,19,72
-4524,1339,1,0.0007407407407407407,-90.47,26.79,19,72
-4525,1345,1,0.0007407407407407407,-90.49,26.91,19,72
-4524,1337,1,0.0007407407407407407,-90.47,26.75,19,72
-4519,1335,1,0.0007407407407407407,-90.37,26.71,19,72
-4520,1337,1,0.0007407407407407407,-90.39,26.75,19,72
-4521,1345,1,0.0007407407407407407,-90.41,26.91,19,72
-4519,1336,1,0.0007407407407407407,-90.37,26.73,19,72
-4518,1337,1,0.0007407407407407407,-90.35000000000001,26.75,19,72
-4518,1335,1,0.0007407407407407407,-90.35000000000001,26.71,19,72
-4519,1340,1,0.0007407407407407407,-90.37,26.810000000000002,19,72
-4520,1341,1,0.0007407407407407407,-90.39,26.830000000000002,19,72
-4520,1344,1,0.0007407407407407407,-90.39,26.89,19,72
-4519,1334,1,0.0007407407407407407,-90.37,26.69,19,72
-4520,1333,1,0.0007407407407407407,-90.39,26.67,19,72
-4521,1344,1,0.0007407407407407407,-90.41,26.89,19,72
-4520,1338,1,0.0007407407407407407,-90.39,26.77,19,72
-4518,1346,1,0.0007407407407407407,-90.35000000000001,26.93,19,72
-4516,1345,1,0.0007407407407407407,-90.31,26.91,19,72
-4515,1340,1,0.0007407407407407407,-90.29,26.810000000000002,19,72
-4514,1337,1,0.0007407407407407407,-90.27,26.75,19,72
-4515,1337,1,0.0007407407407407407,-90.29,26.75,19,72
-4515,1338,1,0.0007407407407407407,-90.29,26.77,19,72
-4514,1345,1,0.0007407407407407407,-90.27,26.91,19,72
-4521,1353,87,0.06444444444444444,-90.41,27.07,18,24
-4526,1360,82,0.06074074074074074,-90.51,27.21,18,24
-4527,1364,78,0.057777777777777775,-90.53,27.29,18,24
-4529,1367,71,0.052592592592592594,-90.57000000000001,27.35,18,24
-4525,1360,65,0.04814814814814815,-90.49,27.21,18,24
-4526,1361,65,0.04814814814814815,-90.51,27.23,18,24
-4528,1364,65,0.04814814814814815,-90.55,27.29,18,24
-4528,1367,64,0.047407407407407405,-90.55,27.35,18,24
-4522,1353,61,0.04518518518518518,-90.43,27.07,18,24
-4527,1363,51,0.03777777777777778,-90.53,27.27,18,24
-4522,1354,44,0.03259259259259259,-90.43,27.09,18,24
-4529,1368,35,0.025925925925925925,-90.57000000000001,27.37,18,24
-4528,1368,35,0.025925925925925925,-90.55,27.37,18,24
-4525,1361,30,0.022222222222222223,-90.49,27.23,18,24
-4520,1353,29,0.02148148148148148,-90.39,27.07,18,24
-4523,1354,28,0.02074074074074074,-90.45,27.09,18,24
-4521,1354,27,0.02,-90.41,27.09,18,24
-4528,1366,26,0.01925925925925926,-90.55,27.330000000000002,18,24
-4528,1363,23,0.017037037037037038,-90.55,27.27,18,24
-4524,1359,21,0.015555555555555555,-90.47,27.19,18,24
-4526,1363,21,0.015555555555555555,-90.51,27.27,18,24
-4521,1352,17,0.012592592592592593,-90.41,27.05,18,24
-4526,1362,16,0.011851851851851851,-90.51,27.25,18,24
-4526,1364,16,0.011851851851851851,-90.51,27.29,18,24
-4525,1359,14,0.01037037037037037,-90.49,27.19,18,24
-4524,1360,14,0.01037037037037037,-90.47,27.21,18,24
-4523,1355,13,0.00962962962962963,-90.45,27.11,18,24
-4528,1365,13,0.00962962962962963,-90.55,27.310000000000002,18,24
-4527,1360,12,0.008888888888888889,-90.53,27.21,18,24
-4527,1366,12,0.008888888888888889,-90.53,27.330000000000002,18,24
-4523,1353,12,0.008888888888888889,-90.45,27.07,18,24
-4527,1365,10,0.007407407407407408,-90.53,27.310000000000002,18,24
-4527,1367,9,0.006666666666666667,-90.53,27.35,18,24
-4525,1362,9,0.006666666666666667,-90.49,27.25,18,24
-4527,1361,9,0.006666666666666667,-90.53,27.23,18,24
-4525,1363,9,0.006666666666666667,-90.49,27.27,18,24
-4529,1364,8,0.005925925925925926,-90.57000000000001,27.29,18,24
-4530,1368,8,0.005925925925925926,-90.59,27.37,18,24
-4523,1358,7,0.005185185185185185,-90.45,27.17,18,24
-4522,1352,7,0.005185185185185185,-90.43,27.05,18,24
-4524,1355,6,0.0044444444444444444,-90.47,27.11,18,24
-4526,1359,6,0.0044444444444444444,-90.51,27.19,18,24
-4522,1356,5,0.003703703703703704,-90.43,27.13,18,24
-4525,1364,5,0.003703703703703704,-90.49,27.29,18,24
-4523,1360,5,0.003703703703703704,-90.45,27.21,18,24
-4523,1356,5,0.003703703703703704,-90.45,27.13,18,24
-4527,1362,5,0.003703703703703704,-90.53,27.25,18,24
-4529,1366,5,0.003703703703703704,-90.57000000000001,27.330000000000002,18,24
-4523,1357,5,0.003703703703703704,-90.45,27.150000000000002,18,24
-4527,1368,5,0.003703703703703704,-90.53,27.37,18,24
-4522,1357,4,0.002962962962962963,-90.43,27.150000000000002,18,24
-4520,1352,4,0.002962962962962963,-90.39,27.05,18,24
-4525,1356,4,0.002962962962962963,-90.49,27.13,18,24
-4528,1362,4,0.002962962962962963,-90.55,27.25,18,24
-4522,1358,4,0.002962962962962963,-90.43,27.17,18,24
-4524,1358,4,0.002962962962962963,-90.47,27.17,18,24
-4522,1355,4,0.002962962962962963,-90.43,27.11,18,24
-4526,1365,4,0.002962962962962963,-90.51,27.310000000000002,18,24
-4524,1361,3,0.0022222222222222222,-90.47,27.23,18,24
-4523,1359,3,0.0022222222222222222,-90.45,27.19,18,24
-4525,1358,3,0.0022222222222222222,-90.49,27.17,18,24
-4525,1357,3,0.0022222222222222222,-90.49,27.150000000000002,18,24
-4530,1367,2,0.0014814814814814814,-90.59,27.35,18,24
-4524,1362,2,0.0014814814814814814,-90.47,27.25,18,24
-4523,1361,2,0.0014814814814814814,-90.45,27.23,18,24
-4524,1356,2,0.0014814814814814814,-90.47,27.13,18,24
-4523,1352,2,0.0014814814814814814,-90.45,27.05,18,24
-4524,1353,2,0.0014814814814814814,-90.47,27.07,18,24
-4530,1369,1,0.0007407407407407407,-90.59,27.39,18,24
-4528,1361,1,0.0007407407407407407,-90.55,27.23,18,24
-4529,1363,1,0.0007407407407407407,-90.57000000000001,27.27,18,24
-4527,1358,1,0.0007407407407407407,-90.53,27.17,18,24
-4529,1369,1,0.0007407407407407407,-90.57000000000001,27.39,18,24
-4524,1352,1,0.0007407407407407407,-90.47,27.05,18,24
-4524,1354,1,0.0007407407407407407,-90.47,27.09,18,24
-4526,1356,1,0.0007407407407407407,-90.51,27.13,18,24
-4526,1357,1,0.0007407407407407407,-90.51,27.150000000000002,18,24
-4526,1366,1,0.0007407407407407407,-90.51,27.330000000000002,18,24
-4525,1354,1,0.0007407407407407407,-90.49,27.09,18,24
-4524,1357,1,0.0007407407407407407,-90.47,27.150000000000002,18,24
-4525,1365,1,0.0007407407407407407,-90.49,27.310000000000002,18,24
-4523,1362,1,0.0007407407407407407,-90.45,27.25,18,24
-4521,1355,1,0.0007407407407407407,-90.41,27.11,18,24
-4521,1357,1,0.0007407407407407407,-90.41,27.150000000000002,18,24
-4521,1356,1,0.0007407407407407407,-90.41,27.13,18,24
-4520,1351,1,0.0007407407407407407,-90.39,27.03,18,24
-4520,1354,1,0.0007407407407407407,-90.39,27.09,18,24
-4520,1347,68,0.05037037037037037,-90.39,26.95,18,48
-4530,1355,67,0.04962962962962963,-90.59,27.11,18,48
-4533,1358,66,0.04888888888888889,-90.65,27.17,18,48
-4531,1355,59,0.0437037037037037,-90.61,27.11,18,48
-4534,1361,57,0.042222222222222223,-90.67,27.23,18,48
-4534,1362,43,0.03185185185185185,-90.67,27.25,18,48
-4530,1354,43,0.03185185185185185,-90.59,27.09,18,48
-4533,1357,40,0.02962962962962963,-90.65,27.150000000000002,18,48
-4535,1361,40,0.02962962962962963,-90.69,27.23,18,48
-4532,1357,37,0.027407407407407408,-90.63,27.150000000000002,18,48
-4529,1354,33,0.024444444444444446,-90.57000000000001,27.09,18,48
-4532,1358,32,0.023703703703703703,-90.63,27.17,18,48
-4519,1347,29,0.02148148148148148,-90.37,26.95,18,48
-4529,1355,27,0.02,-90.57000000000001,27.11,18,48
-4521,1347,26,0.01925925925925926,-90.41,26.95,18,48
-4534,1358,25,0.018518518518518517,-90.67,27.17,18,48
-4533,1361,23,0.017037037037037038,-90.65,27.23,18,48
-4534,1360,20,0.014814814814814815,-90.67,27.21,18,48
-4531,1357,20,0.014814814814814815,-90.61,27.150000000000002,18,48
-4520,1348,20,0.014814814814814815,-90.39,26.97,18,48
-4534,1357,20,0.014814814814814815,-90.67,27.150000000000002,18,48
-4533,1362,19,0.014074074074074074,-90.65,27.25,18,48
-4528,1354,19,0.014074074074074074,-90.55,27.09,18,48
-4521,1348,19,0.014074074074074074,-90.41,26.97,18,48
-4533,1360,18,0.013333333333333334,-90.65,27.21,18,48
-4535,1362,17,0.012592592592592593,-90.69,27.25,18,48
-4531,1356,17,0.012592592592592593,-90.61,27.13,18,48
-4533,1359,16,0.011851851851851851,-90.65,27.19,18,48
-4531,1354,15,0.011111111111111112,-90.61,27.09,18,48
-4522,1348,14,0.01037037037037037,-90.43,26.97,18,48
-4518,1347,13,0.00962962962962963,-90.35000000000001,26.95,18,48
-4521,1346,12,0.008888888888888889,-90.41,26.93,18,48
-4520,1346,12,0.008888888888888889,-90.39,26.93,18,48
-4522,1347,12,0.008888888888888889,-90.43,26.95,18,48
-4519,1346,11,0.008148148148148147,-90.37,26.93,18,48
-4522,1346,11,0.008148148148148147,-90.43,26.93,18,48
-4523,1348,11,0.008148148148148147,-90.45,26.97,18,48
-4528,1353,10,0.007407407407407408,-90.55,27.07,18,48
-4532,1355,10,0.007407407407407408,-90.63,27.11,18,48
-4531,1358,9,0.006666666666666667,-90.61,27.17,18,48
-4519,1348,9,0.006666666666666667,-90.37,26.97,18,48
-4528,1355,8,0.005925925925925926,-90.55,27.11,18,48
-4529,1353,8,0.005925925925925926,-90.57000000000001,27.07,18,48
-4532,1359,8,0.005925925925925926,-90.63,27.19,18,48
-4530,1357,7,0.005185185185185185,-90.59,27.150000000000002,18,48
-4532,1360,7,0.005185185185185185,-90.63,27.21,18,48
-4526,1353,7,0.005185185185185185,-90.51,27.07,18,48
-4531,1359,7,0.005185185185185185,-90.61,27.19,18,48
-4527,1353,7,0.005185185185185185,-90.53,27.07,18,48
-4533,1356,7,0.005185185185185185,-90.65,27.13,18,48
-4525,1352,6,0.0044444444444444444,-90.49,27.05,18,48
-4520,1349,6,0.0044444444444444444,-90.39,26.990000000000002,18,48
-4535,1358,6,0.0044444444444444444,-90.69,27.17,18,48
-4536,1361,6,0.0044444444444444444,-90.71000000000001,27.23,18,48
-4532,1361,6,0.0044444444444444444,-90.63,27.23,18,48
-4523,1346,5,0.003703703703703704,-90.45,26.93,18,48
-4527,1354,5,0.003703703703703704,-90.53,27.09,18,48
-4534,1359,5,0.003703703703703704,-90.67,27.19,18,48
-4533,1355,5,0.003703703703703704,-90.65,27.11,18,48
-4530,1358,5,0.003703703703703704,-90.59,27.17,18,48
-4518,1346,4,0.002962962962962963,-90.35000000000001,26.93,18,48
-4525,1351,4,0.002962962962962963,-90.49,27.03,18,48
-4525,1353,4,0.002962962962962963,-90.49,27.07,18,48
-4520,1345,4,0.002962962962962963,-90.39,26.91,18,48
-4522,1349,4,0.002962962962962963,-90.43,26.990000000000002,18,48
-4534,1363,4,0.002962962962962963,-90.67,27.27,18,48
-4523,1347,4,0.002962962962962963,-90.45,26.95,18,48
-4535,1363,4,0.002962962962962963,-90.69,27.27,18,48
-4523,1350,4,0.002962962962962963,-90.45,27.01,18,48
-4530,1356,4,0.002962962962962963,-90.59,27.13,18,48
-4535,1359,3,0.0022222222222222222,-90.69,27.19,18,48
-4521,1344,3,0.0022222222222222222,-90.41,26.89,18,48
-4520,1350,3,0.0022222222222222222,-90.39,27.01,18,48
-4521,1350,3,0.0022222222222222222,-90.41,27.01,18,48
-4521,1345,3,0.0022222222222222222,-90.41,26.91,18,48
-4528,1357,3,0.0022222222222222222,-90.55,27.150000000000002,18,48
-4520,1344,3,0.0022222222222222222,-90.39,26.89,18,48
-4531,1360,3,0.0022222222222222222,-90.61,27.21,18,48
-4533,1363,3,0.0022222222222222222,-90.65,27.27,18,48
-4525,1348,3,0.0022222222222222222,-90.49,26.97,18,48
-4526,1349,3,0.0022222222222222222,-90.51,26.990000000000002,18,48
-4523,1351,3,0.0022222222222222222,-90.45,27.03,18,48
-4524,1351,3,0.0022222222222222222,-90.47,27.03,18,48
-4523,1349,3,0.0022222222222222222,-90.45,26.990000000000002,18,48
-4524,1352,3,0.0022222222222222222,-90.47,27.05,18,48
-4523,1345,3,0.0022222222222222222,-90.45,26.91,18,48
-4524,1353,3,0.0022222222222222222,-90.47,27.07,18,48
-4535,1360,2,0.0014814814814814814,-90.69,27.21,18,48
-4532,1354,2,0.0014814814814814814,-90.63,27.09,18,48
-4536,1362,2,0.0014814814814814814,-90.71000000000001,27.25,18,48
-4535,1356,2,0.0014814814814814814,-90.69,27.13,18,48
-4524,1348,2,0.0014814814814814814,-90.47,26.97,18,48
-4526,1351,2,0.0014814814814814814,-90.51,27.03,18,48
-4526,1354,2,0.0014814814814814814,-90.51,27.09,18,48
-4523,1352,2,0.0014814814814814814,-90.45,27.05,18,48
-4531,1353,2,0.0014814814814814814,-90.61,27.07,18,48
-4527,1352,2,0.0014814814814814814,-90.53,27.05,18,48
-4522,1351,2,0.0014814814814814814,-90.43,27.03,18,48
-4522,1345,2,0.0014814814814814814,-90.43,26.91,18,48
-4518,1348,2,0.0014814814814814814,-90.35000000000001,26.97,18,48
-4524,1349,2,0.0014814814814814814,-90.47,26.990000000000002,18,48
-4524,1346,2,0.0014814814814814814,-90.47,26.93,18,48
-4531,1361,2,0.0014814814814814814,-90.61,27.23,18,48
-4529,1356,2,0.0014814814814814814,-90.57000000000001,27.13,18,48
-4536,1357,1,0.0007407407407407407,-90.71000000000001,27.150000000000002,18,48
-4536,1359,1,0.0007407407407407407,-90.71000000000001,27.19,18,48
-4536,1360,1,0.0007407407407407407,-90.71000000000001,27.21,18,48
-4535,1357,1,0.0007407407407407407,-90.69,27.150000000000002,18,48
-4536,1364,1,0.0007407407407407407,-90.71000000000001,27.29,18,48
-4536,1363,1,0.0007407407407407407,-90.71000000000001,27.27,18,48
-4527,1351,1,0.0007407407407407407,-90.53,27.03,18,48
-4527,1355,1,0.0007407407407407407,-90.53,27.11,18,48
-4528,1356,1,0.0007407407407407407,-90.55,27.13,18,48
-4527,1350,1,0.0007407407407407407,-90.53,27.01,18,48
-4529,1348,1,0.0007407407407407407,-90.57000000000001,26.97,18,48
-4530,1348,1,0.0007407407407407407,-90.59,26.97,18,48
-4532,1353,1,0.0007407407407407407,-90.63,27.07,18,48
-4532,1356,1,0.0007407407407407407,-90.63,27.13,18,48
-4532,1363,1,0.0007407407407407407,-90.63,27.27,18,48
-4529,1358,1,0.0007407407407407407,-90.57000000000001,27.17,18,48
-4530,1353,1,0.0007407407407407407,-90.59,27.07,18,48
-4530,1360,1,0.0007407407407407407,-90.59,27.21,18,48
-4526,1355,1,0.0007407407407407407,-90.51,27.11,18,48
-4522,1344,1,0.0007407407407407407,-90.43,26.89,18,48
-4523,1344,1,0.0007407407407407407,-90.45,26.89,18,48
-4524,1347,1,0.0007407407407407407,-90.47,26.95,18,48
-4527,1356,1,0.0007407407407407407,-90.53,27.13,18,48
-4525,1347,1,0.0007407407407407407,-90.49,26.95,18,48
-4525,1349,1,0.0007407407407407407,-90.49,26.990000000000002,18,48
-4525,1354,1,0.0007407407407407407,-90.49,27.09,18,48
-4524,1345,1,0.0007407407407407407,-90.47,26.91,18,48
-4526,1347,1,0.0007407407407407407,-90.51,26.95,18,48
-4522,1350,1,0.0007407407407407407,-90.43,27.01,18,48
-4521,1349,1,0.0007407407407407407,-90.41,26.990000000000002,18,48
-4519,1345,1,0.0007407407407407407,-90.37,26.91,18,48
-4519,1350,1,0.0007407407407407407,-90.37,27.01,18,48
-4519,1349,1,0.0007407407407407407,-90.37,26.990000000000002,18,48
-4517,1346,1,0.0007407407407407407,-90.33,26.93,18,48
-4517,1347,1,0.0007407407407407407,-90.33,26.95,18,48
-4543,1348,61,0.04518518518518518,-90.85000000000001,26.97,18,72
-4537,1346,43,0.03185185185185185,-90.73,26.93,18,72
-4547,1350,41,0.03037037037037037,-90.93,27.01,18,72
-4544,1348,41,0.03037037037037037,-90.87,26.97,18,72
-4538,1347,39,0.028888888888888888,-90.75,26.95,18,72
-4547,1351,39,0.028888888888888888,-90.93,27.03,18,72
-4537,1347,38,0.028148148148148148,-90.73,26.95,18,72
-4544,1349,34,0.025185185185185185,-90.87,26.990000000000002,18,72
-4517,1344,30,0.022222222222222223,-90.33,26.89,18,72
-4518,1344,28,0.02074074074074074,-90.35000000000001,26.89,18,72
-4546,1350,27,0.02,-90.91,27.01,18,72
-4542,1347,25,0.018518518518518517,-90.83,26.95,18,72
-4536,1346,25,0.018518518518518517,-90.71000000000001,26.93,18,72
-4517,1343,24,0.017777777777777778,-90.33,26.87,18,72
-4538,1346,22,0.016296296296296295,-90.75,26.93,18,72
-4541,1347,22,0.016296296296296295,-90.81,26.95,18,72
-4542,1348,21,0.015555555555555555,-90.83,26.97,18,72
-4548,1351,21,0.015555555555555555,-90.95,27.03,18,72
-4539,1347,21,0.015555555555555555,-90.77,26.95,18,72
-4546,1351,20,0.014814814814814815,-90.91,27.03,18,72
-4518,1343,17,0.012592592592592593,-90.35000000000001,26.87,18,72
-4540,1347,17,0.012592592592592593,-90.79,26.95,18,72
-4535,1346,16,0.011851851851851851,-90.69,26.93,18,72
-4543,1347,16,0.011851851851851851,-90.85000000000001,26.95,18,72
-4543,1349,15,0.011111111111111112,-90.85000000000001,26.990000000000002,18,72
-4545,1348,15,0.011111111111111112,-90.89,26.97,18,72
-4516,1343,15,0.011111111111111112,-90.31,26.87,18,72
-4545,1349,14,0.01037037037037037,-90.89,26.990000000000002,18,72
-4546,1352,14,0.01037037037037037,-90.91,27.05,18,72
-4519,1344,13,0.00962962962962963,-90.37,26.89,18,72
-4539,1348,13,0.00962962962962963,-90.77,26.97,18,72
-4548,1350,13,0.00962962962962963,-90.95,27.01,18,72
-4547,1352,13,0.00962962962962963,-90.93,27.05,18,72
-4535,1345,12,0.008888888888888889,-90.69,26.91,18,72
-4519,1343,12,0.008888888888888889,-90.37,26.87,18,72
-4546,1349,11,0.008148148148148147,-90.91,26.990000000000002,18,72
-4545,1350,11,0.008148148148148147,-90.89,27.01,18,72
-4536,1345,10,0.007407407407407408,-90.71000000000001,26.91,18,72
-4547,1349,10,0.007407407407407408,-90.93,26.990000000000002,18,72
-4541,1348,10,0.007407407407407408,-90.81,26.97,18,72
-4544,1347,10,0.007407407407407408,-90.87,26.95,18,72
-4540,1346,9,0.006666666666666667,-90.79,26.93,18,72
-4536,1347,9,0.006666666666666667,-90.71000000000001,26.95,18,72
-4544,1350,9,0.006666666666666667,-90.87,27.01,18,72
-4537,1345,9,0.006666666666666667,-90.73,26.91,18,72
-4520,1344,8,0.005925925925925926,-90.39,26.89,18,72
-4520,1343,8,0.005925925925925926,-90.39,26.87,18,72
-4516,1344,8,0.005925925925925926,-90.31,26.89,18,72
-4533,1345,7,0.005185185185185185,-90.65,26.91,18,72
-4539,1346,7,0.005185185185185185,-90.77,26.93,18,72
-4541,1346,7,0.005185185185185185,-90.81,26.93,18,72
-4534,1345,7,0.005185185185185185,-90.67,26.91,18,72
-4542,1346,7,0.005185185185185185,-90.83,26.93,18,72
-4522,1338,6,0.0044444444444444444,-90.43,26.77,18,72
-4521,1344,6,0.0044444444444444444,-90.41,26.89,18,72
-4519,1345,6,0.0044444444444444444,-90.37,26.91,18,72
-4535,1347,6,0.0044444444444444444,-90.69,26.95,18,72
-4545,1347,5,0.003703703703703704,-90.89,26.95,18,72
-4545,1351,5,0.003703703703703704,-90.89,27.03,18,72
-4530,1342,5,0.003703703703703704,-90.59,26.85,18,72
-4521,1339,5,0.003703703703703704,-90.41,26.79,18,72
-4534,1346,5,0.003703703703703704,-90.67,26.93,18,72
-4546,1348,5,0.003703703703703704,-90.91,26.97,18,72
-4519,1341,5,0.003703703703703704,-90.37,26.830000000000002,18,72
-4515,1343,5,0.003703703703703704,-90.29,26.87,18,72
-4522,1336,5,0.003703703703703704,-90.43,26.73,18,72
-4517,1345,4,0.002962962962962963,-90.33,26.91,18,72
-4533,1346,4,0.002962962962962963,-90.65,26.93,18,72
-4520,1340,4,0.002962962962962963,-90.39,26.810000000000002,18,72
-4523,1338,4,0.002962962962962963,-90.45,26.77,18,72
-4532,1345,4,0.002962962962962963,-90.63,26.91,18,72
-4532,1344,4,0.002962962962962963,-90.63,26.89,18,72
-4518,1342,4,0.002962962962962963,-90.35000000000001,26.85,18,72
-4521,1337,4,0.002962962962962963,-90.41,26.75,18,72
-4522,1339,4,0.002962962962962963,-90.43,26.79,18,72
-4549,1351,4,0.002962962962962963,-90.97,27.03,18,72
-4548,1349,4,0.002962962962962963,-90.95,26.990000000000002,18,72
-4519,1338,4,0.002962962962962963,-90.37,26.77,18,72
-4518,1345,4,0.002962962962962963,-90.35000000000001,26.91,18,72
-4543,1350,4,0.002962962962962963,-90.85000000000001,27.01,18,72
-4538,1348,4,0.002962962962962963,-90.75,26.97,18,72
-4543,1346,4,0.002962962962962963,-90.85000000000001,26.93,18,72
-4536,1344,4,0.002962962962962963,-90.71000000000001,26.89,18,72
-4537,1348,3,0.0022222222222222222,-90.73,26.97,18,72
-4525,1338,3,0.0022222222222222222,-90.49,26.77,18,72
-4537,1343,3,0.0022222222222222222,-90.73,26.87,18,72
-4534,1344,3,0.0022222222222222222,-90.67,26.89,18,72
-4549,1352,3,0.0022222222222222222,-90.97,27.05,18,72
-4538,1345,3,0.0022222222222222222,-90.75,26.91,18,72
-4545,1352,3,0.0022222222222222222,-90.89,27.05,18,72
-4540,1348,3,0.0022222222222222222,-90.79,26.97,18,72
-4514,1343,3,0.0022222222222222222,-90.27,26.87,18,72
-4519,1339,3,0.0022222222222222222,-90.37,26.79,18,72
-4515,1345,3,0.0022222222222222222,-90.29,26.91,18,72
-4522,1341,3,0.0022222222222222222,-90.43,26.830000000000002,18,72
-4521,1343,3,0.0022222222222222222,-90.41,26.87,18,72
-4521,1341,3,0.0022222222222222222,-90.41,26.830000000000002,18,72
-4522,1340,3,0.0022222222222222222,-90.43,26.810000000000002,18,72
-4519,1337,3,0.0022222222222222222,-90.37,26.75,18,72
-4523,1337,3,0.0022222222222222222,-90.45,26.75,18,72
-4515,1344,3,0.0022222222222222222,-90.29,26.89,18,72
-4530,1343,3,0.0022222222222222222,-90.59,26.87,18,72
-4522,1345,2,0.0014814814814814814,-90.43,26.91,18,72
-4519,1336,2,0.0014814814814814814,-90.37,26.73,18,72
-4529,1343,2,0.0014814814814814814,-90.57000000000001,26.87,18,72
-4532,1346,2,0.0014814814814814814,-90.63,26.93,18,72
-4521,1334,2,0.0014814814814814814,-90.41,26.69,18,72
-4526,1340,2,0.0014814814814814814,-90.51,26.810000000000002,18,72
-4527,1345,2,0.0014814814814814814,-90.53,26.91,18,72
-4526,1345,2,0.0014814814814814814,-90.51,26.91,18,72
-4526,1343,2,0.0014814814814814814,-90.51,26.87,18,72
-4523,1341,2,0.0014814814814814814,-90.45,26.830000000000002,18,72
-4542,1350,2,0.0014814814814814814,-90.83,27.01,18,72
-4550,1352,2,0.0014814814814814814,-90.99,27.05,18,72
-4548,1352,2,0.0014814814814814814,-90.95,27.05,18,72
-4546,1353,2,0.0014814814814814814,-90.91,27.07,18,72
-4544,1351,2,0.0014814814814814814,-90.87,27.03,18,72
-4544,1346,2,0.0014814814814814814,-90.87,26.93,18,72
-4535,1344,2,0.0014814814814814814,-90.69,26.89,18,72
-4549,1350,2,0.0014814814814814814,-90.97,27.01,18,72
-4549,1353,2,0.0014814814814814814,-90.97,27.07,18,72
-4537,1344,2,0.0014814814814814814,-90.73,26.89,18,72
-4528,1340,2,0.0014814814814814814,-90.55,26.810000000000002,18,72
-4514,1342,2,0.0014814814814814814,-90.27,26.85,18,72
-4515,1342,2,0.0014814814814814814,-90.29,26.85,18,72
-4517,1342,2,0.0014814814814814814,-90.33,26.85,18,72
-4517,1340,2,0.0014814814814814814,-90.33,26.810000000000002,18,72
-4521,1342,2,0.0014814814814814814,-90.41,26.85,18,72
-4520,1336,2,0.0014814814814814814,-90.39,26.73,18,72
-4520,1342,2,0.0014814814814814814,-90.39,26.85,18,72
-4518,1340,2,0.0014814814814814814,-90.35000000000001,26.810000000000002,18,72
-4516,1342,2,0.0014814814814814814,-90.31,26.85,18,72
-4520,1337,2,0.0014814814814814814,-90.39,26.75,18,72
-4530,1344,2,0.0014814814814814814,-90.59,26.89,18,72
-4529,1340,2,0.0014814814814814814,-90.57000000000001,26.810000000000002,18,72
-4532,1342,2,0.0014814814814814814,-90.63,26.85,18,72
-4522,1337,2,0.0014814814814814814,-90.43,26.75,18,72
-4522,1335,2,0.0014814814814814814,-90.43,26.71,18,72
-4531,1344,2,0.0014814814814814814,-90.61,26.89,18,72
-4526,1341,2,0.0014814814814814814,-90.51,26.830000000000002,18,72
-4518,1339,2,0.0014814814814814814,-90.35000000000001,26.79,18,72
-4516,1341,2,0.0014814814814814814,-90.31,26.830000000000002,18,72
-4519,1340,2,0.0014814814814814814,-90.37,26.810000000000002,18,72
-4521,1340,2,0.0014814814814814814,-90.41,26.810000000000002,18,72
-4527,1343,2,0.0014814814814814814,-90.53,26.87,18,72
-4525,1342,2,0.0014814814814814814,-90.49,26.85,18,72
-4524,1335,2,0.0014814814814814814,-90.47,26.71,18,72
-4548,1348,1,0.0007407407407407407,-90.95,26.97,18,72
-4550,1349,1,0.0007407407407407407,-90.99,26.990000000000002,18,72
-4550,1350,1,0.0007407407407407407,-90.99,27.01,18,72
-4550,1351,1,0.0007407407407407407,-90.99,27.03,18,72
-4548,1353,1,0.0007407407407407407,-90.95,27.07,18,72
-4542,1345,1,0.0007407407407407407,-90.83,26.91,18,72
-4547,1353,1,0.0007407407407407407,-90.93,27.07,18,72
-4546,1347,1,0.0007407407407407407,-90.91,26.95,18,72
-4534,1347,1,0.0007407407407407407,-90.67,26.95,18,72
-4534,1338,1,0.0007407407407407407,-90.67,26.77,18,72
-4534,1342,1,0.0007407407407407407,-90.67,26.85,18,72
-4534,1343,1,0.0007407407407407407,-90.67,26.87,18,72
-4536,1343,1,0.0007407407407407407,-90.71000000000001,26.87,18,72
-4536,1342,1,0.0007407407407407407,-90.71000000000001,26.85,18,72
-4537,1342,1,0.0007407407407407407,-90.73,26.85,18,72
-4541,1349,1,0.0007407407407407407,-90.81,26.990000000000002,18,72
-4542,1349,1,0.0007407407407407407,-90.83,26.990000000000002,18,72
-4544,1352,1,0.0007407407407407407,-90.87,27.05,18,72
-4545,1353,1,0.0007407407407407407,-90.89,27.07,18,72
-4543,1345,1,0.0007407407407407407,-90.85000000000001,26.91,18,72
-4540,1345,1,0.0007407407407407407,-90.79,26.91,18,72
-4523,1339,1,0.0007407407407407407,-90.45,26.79,18,72
-4524,1345,1,0.0007407407407407407,-90.47,26.91,18,72
-4524,1342,1,0.0007407407407407407,-90.47,26.85,18,72
-4522,1333,1,0.0007407407407407407,-90.43,26.67,18,72
-4523,1343,1,0.0007407407407407407,-90.45,26.87,18,72
-4523,1342,1,0.0007407407407407407,-90.45,26.85,18,72
-4523,1340,1,0.0007407407407407407,-90.45,26.810000000000002,18,72
-4533,1341,1,0.0007407407407407407,-90.65,26.830000000000002,18,72
-4529,1339,1,0.0007407407407407407,-90.57000000000001,26.79,18,72
-4529,1342,1,0.0007407407407407407,-90.57000000000001,26.85,18,72
-4530,1345,1,0.0007407407407407407,-90.59,26.91,18,72
-4529,1344,1,0.0007407407407407407,-90.57000000000001,26.89,18,72
-4529,1345,1,0.0007407407407407407,-90.57000000000001,26.91,18,72
-4528,1337,1,0.0007407407407407407,-90.55,26.75,18,72
-4528,1341,1,0.0007407407407407407,-90.55,26.830000000000002,18,72
-4528,1342,1,0.0007407407407407407,-90.55,26.85,18,72
-4528,1343,1,0.0007407407407407407,-90.55,26.87,18,72
-4528,1344,1,0.0007407407407407407,-90.55,26.89,18,72
-4527,1338,1,0.0007407407407407407,-90.53,26.77,18,72
-4533,1348,1,0.0007407407407407407,-90.65,26.97,18,72
-4533,1344,1,0.0007407407407407407,-90.65,26.89,18,72
-4532,1343,1,0.0007407407407407407,-90.63,26.87,18,72
-4530,1340,1,0.0007407407407407407,-90.59,26.810000000000002,18,72
-4531,1342,1,0.0007407407407407407,-90.61,26.85,18,72
-4531,1341,1,0.0007407407407407407,-90.61,26.830000000000002,18,72
-4530,1339,1,0.0007407407407407407,-90.59,26.79,18,72
-4523,1335,1,0.0007407407407407407,-90.45,26.71,18,72
-4524,1340,1,0.0007407407407407407,-90.47,26.810000000000002,18,72
-4524,1337,1,0.0007407407407407407,-90.47,26.75,18,72
-4524,1341,1,0.0007407407407407407,-90.47,26.830000000000002,18,72
-4525,1334,1,0.0007407407407407407,-90.49,26.69,18,72
-4525,1335,1,0.0007407407407407407,-90.49,26.71,18,72
-4525,1337,1,0.0007407407407407407,-90.49,26.75,18,72
-4525,1339,1,0.0007407407407407407,-90.49,26.79,18,72
-4525,1341,1,0.0007407407407407407,-90.49,26.830000000000002,18,72
-4527,1342,1,0.0007407407407407407,-90.53,26.85,18,72
-4527,1341,1,0.0007407407407407407,-90.53,26.830000000000002,18,72
-4527,1340,1,0.0007407407407407407,-90.53,26.810000000000002,18,72
-4527,1339,1,0.0007407407407407407,-90.53,26.79,18,72
-4520,1345,1,0.0007407407407407407,-90.39,26.91,18,72
-4522,1344,1,0.0007407407407407407,-90.43,26.89,18,72
-4521,1333,1,0.0007407407407407407,-90.41,26.67,18,72
-4521,1338,1,0.0007407407407407407,-90.41,26.77,18,72
-4522,1343,1,0.0007407407407407407,-90.43,26.87,18,72
-4520,1338,1,0.0007407407407407407,-90.39,26.77,18,72
-4520,1339,1,0.0007407407407407407,-90.39,26.79,18,72
-4521,1345,1,0.0007407407407407407,-90.41,26.91,18,72
-4520,1335,1,0.0007407407407407407,-90.39,26.71,18,72
-4519,1342,1,0.0007407407407407407,-90.37,26.85,18,72
-4518,1341,1,0.0007407407407407407,-90.35000000000001,26.830000000000002,18,72
-4514,1344,1,0.0007407407407407407,-90.27,26.89,18,72
