longitude,latitude
-9.031799316406250000e+01,2.671410751342773438e+01
-9.031937408447265625e+01,2.671395874023437500e+01
-9.032100677490234375e+01,2.671445846557617188e+01
-9.031864166259765625e+01,2.671270370483398438e+01
-9.031749725341796875e+01,2.671371841430664062e+01
-9.031752014160156250e+01,2.671399116516113281e+01
-9.031971740722656250e+01,2.671453094482421875e+01
-9.032072448730468750e+01,2.671416854858398438e+01
-9.031915283203125000e+01,2.671458435058593750e+01
-9.032028198242187500e+01,2.671422576904296875e+01
-9.031826019287109375e+01,2.671432304382324219e+01
-9.031790161132812500e+01,2.671379089355468750e+01
-9.031896209716796875e+01,2.671583366394042969e+01
-9.031734466552734375e+01,2.671326065063476562e+01
-9.031835174560546875e+01,2.671452713012695312e+01
-9.032047271728515625e+01,2.671477317810058594e+01
-9.031700134277343750e+01,2.671448135375976562e+01
-9.031948089599609375e+01,2.671356391906738281e+01
-9.031958007812500000e+01,2.671402549743652344e+01
-9.031760406494140625e+01,2.671277236938476562e+01
-9.031794738769531250e+01,2.671314048767089844e+01
-9.031663513183593750e+01,2.671349906921386719e+01
-9.031945037841796875e+01,2.671553039550781250e+01
-9.031777191162109375e+01,2.671434593200683594e+01
-9.031919097900390625e+01,2.671276855468750000e+01
-9.031837463378906250e+01,2.671378135681152344e+01
-9.032068634033203125e+01,2.671559143066406250e+01
-9.031931304931640625e+01,2.671443748474121094e+01
-9.031818389892578125e+01,2.671319198608398438e+01
-9.031998443603515625e+01,2.671536445617675781e+01
-9.032070159912109375e+01,2.671561050415039062e+01
-9.032052612304687500e+01,2.671443176269531250e+01
-9.031822967529296875e+01,2.671514511108398438e+01
-9.031926727294921875e+01,2.671569061279296875e+01
-9.032082366943359375e+01,2.671494102478027344e+01
-9.031980895996093750e+01,2.671354484558105469e+01
-9.031784057617187500e+01,2.671366119384765625e+01
-9.031652069091796875e+01,2.671357727050781250e+01
-9.031734466552734375e+01,2.671333694458007812e+01
-9.031836700439453125e+01,2.671272850036621094e+01
-9.032102966308593750e+01,2.671479415893554688e+01
-9.032092285156250000e+01,2.671419143676757812e+01
-9.031959533691406250e+01,2.671417808532714844e+01
-9.031829071044921875e+01,2.671446800231933594e+01
-9.031677246093750000e+01,2.671277427673339844e+01
-9.031791687011718750e+01,2.671471023559570312e+01
-9.031668090820312500e+01,2.671411514282226562e+01
-9.031895446777343750e+01,2.671553230285644531e+01
-9.031977844238281250e+01,2.671352958679199219e+01
-9.031710052490234375e+01,2.671360969543457031e+01
-9.031910705566406250e+01,2.671302223205566406e+01
-9.032079315185546875e+01,2.671464157104492188e+01
-9.032048797607421875e+01,2.671502304077148438e+01
-9.032060241699218750e+01,2.671434402465820312e+01
-9.032007598876953125e+01,2.671452522277832031e+01
-9.031751251220703125e+01,2.671384429931640625e+01
-9.031859588623046875e+01,2.671363258361816406e+01
-9.031726074218750000e+01,2.671390151977539062e+01
-9.031829833984375000e+01,2.671534729003906250e+01
-9.031779479980468750e+01,2.671299552917480469e+01
-9.031701660156250000e+01,2.671375083923339844e+01
-9.031684112548828125e+01,2.671321678161621094e+01
-9.031943511962890625e+01,2.671327781677246094e+01
-9.031689453125000000e+01,2.671435165405273438e+01
-9.031851196289062500e+01,2.671385383605957031e+01
-9.031744384765625000e+01,2.671462821960449219e+01
-9.032057189941406250e+01,2.671437454223632812e+01
-9.032113647460937500e+01,2.671546363830566406e+01
-9.031619262695312500e+01,2.671288299560546875e+01
-9.031739807128906250e+01,2.671439552307128906e+01
-9.031935119628906250e+01,2.671369743347167969e+01
-9.031654357910156250e+01,2.671251296997070312e+01
-9.031916046142578125e+01,2.671394729614257812e+01
-9.031904602050781250e+01,2.671520614624023438e+01
-9.031762695312500000e+01,2.671434211730957031e+01
-9.032006072998046875e+01,2.671466064453125000e+01
-9.032003021240234375e+01,2.671415519714355469e+01
-9.031994628906250000e+01,2.671491050720214844e+01
-9.031763458251953125e+01,2.671327972412109375e+01
-9.031854248046875000e+01,2.671484565734863281e+01
-9.031651306152343750e+01,2.671333122253417969e+01
-9.031897735595703125e+01,2.671561622619628906e+01
-9.031801605224609375e+01,2.671411323547363281e+01
-9.031789398193359375e+01,2.671430969238281250e+01
-9.031893920898437500e+01,2.671409606933593750e+01
-9.032011413574218750e+01,2.671473121643066406e+01
-9.032003784179687500e+01,2.671407699584960938e+01
-9.031757354736328125e+01,2.671353912353515625e+01
-9.031884002685546875e+01,2.671408843994140625e+01
-9.031867218017578125e+01,2.671493721008300781e+01
-9.031761169433593750e+01,2.671497344970703125e+01
-9.032072448730468750e+01,2.671388816833496094e+01
-9.031909179687500000e+01,2.671296501159667969e+01
-9.031729125976562500e+01,2.671335983276367188e+01
-9.031897735595703125e+01,2.671569442749023438e+01
-9.031836700439453125e+01,2.671422386169433594e+01
-9.031994628906250000e+01,2.671427917480468750e+01
-9.031742095947265625e+01,2.671341896057128906e+01
-9.031851959228515625e+01,2.671349334716796875e+01
-9.031931304931640625e+01,2.671550750732421875e+01
-9.031870269775390625e+01,2.671380424499511719e+01
-9.032072448730468750e+01,2.671475982666015625e+01
-9.031906127929687500e+01,2.671426582336425781e+01
-9.031996154785156250e+01,2.671507644653320312e+01
-9.031996917724609375e+01,2.671492958068847656e+01
-9.031911468505859375e+01,2.671578979492187500e+01
-9.031913757324218750e+01,2.671564674377441406e+01
-9.031810760498046875e+01,2.671325492858886719e+01
-9.031933593750000000e+01,2.671409034729003906e+01
-9.031971740722656250e+01,2.671344184875488281e+01
-9.031755065917968750e+01,2.671321105957031250e+01
-9.031805419921875000e+01,2.671506881713867188e+01
-9.031897735595703125e+01,2.671250534057617188e+01
-9.032111358642578125e+01,2.671482849121093750e+01
-9.031701660156250000e+01,2.671282958984375000e+01
-9.031672668457031250e+01,2.671370887756347656e+01
-9.031808471679687500e+01,2.671478652954101562e+01
-9.031736755371093750e+01,2.671311569213867188e+01
-9.031726837158203125e+01,2.671260643005371094e+01
-9.031730651855468750e+01,2.671302604675292969e+01
-9.031980895996093750e+01,2.671381187438964844e+01
-9.031968688964843750e+01,2.671468734741210938e+01
-9.032013702392578125e+01,2.671359825134277344e+01
-9.031827545166015625e+01,2.671524047851562500e+01
-9.031865692138671875e+01,2.671455574035644531e+01
-9.032044219970703125e+01,2.671439743041992188e+01
-9.031758880615234375e+01,2.671448135375976562e+01
-9.031951141357421875e+01,2.671544456481933594e+01
-9.031745147705078125e+01,2.671405792236328125e+01
-9.031942749023437500e+01,2.671361160278320312e+01
-9.032003021240234375e+01,2.671523475646972656e+01
-9.032078552246093750e+01,2.671492195129394531e+01
-9.032054901123046875e+01,2.671542739868164062e+01
-9.031900787353515625e+01,2.671467781066894531e+01
-9.031850433349609375e+01,2.671404838562011719e+01
-9.031658172607421875e+01,2.671282005310058594e+01
-9.031830596923828125e+01,2.671316719055175781e+01
-9.031699371337890625e+01,2.671397209167480469e+01
-9.031741333007812500e+01,2.671273612976074219e+01
-9.031886291503906250e+01,2.671575736999511719e+01
-9.031950378417968750e+01,2.671394729614257812e+01
-9.031731414794921875e+01,2.671389770507812500e+01
-9.032083129882812500e+01,2.671477508544921875e+01
-9.031965637207031250e+01,2.671425819396972656e+01
-9.031730651855468750e+01,2.671381568908691406e+01
-9.031752777099609375e+01,2.671389007568359375e+01
-9.031672668457031250e+01,2.671281051635742188e+01
-9.031710052490234375e+01,2.671289062500000000e+01
-9.031731414794921875e+01,2.671480751037597656e+01
-9.031925964355468750e+01,2.671422004699707031e+01
-9.031670379638671875e+01,2.671256256103515625e+01
-9.031655120849609375e+01,2.671358680725097656e+01
-9.031923675537109375e+01,2.671478843688964844e+01
-9.032115936279296875e+01,2.671523666381835938e+01
-9.031690216064453125e+01,2.671405982971191406e+01
-9.031871795654296875e+01,2.671458053588867188e+01
-9.032086944580078125e+01,2.671549606323242188e+01
-9.032060241699218750e+01,2.671553611755371094e+01
-9.031868743896484375e+01,2.671265602111816406e+01
-9.031871795654296875e+01,2.671376991271972656e+01
-9.032063293457031250e+01,2.671401214599609375e+01
-9.031779479980468750e+01,2.671379661560058594e+01
-9.032060241699218750e+01,2.671494293212890625e+01
-9.031649017333984375e+01,2.671342468261718750e+01
-9.032065582275390625e+01,2.671455383300781250e+01
-9.032102966308593750e+01,2.671492195129394531e+01
-9.031842041015625000e+01,2.671348381042480469e+01
-9.031745147705078125e+01,2.671468544006347656e+01
-9.031983184814453125e+01,2.671347808837890625e+01
-9.031824493408203125e+01,2.671508407592773438e+01
-9.031913757324218750e+01,2.671388053894042969e+01
-9.031999969482421875e+01,2.671458053588867188e+01
-9.031942749023437500e+01,2.671309089660644531e+01
-9.031861877441406250e+01,2.671366882324218750e+01
-9.031872558593750000e+01,2.671354103088378906e+01
-9.031967163085937500e+01,2.671549987792968750e+01
-9.031867218017578125e+01,2.671476936340332031e+01
-9.031639099121093750e+01,2.671335029602050781e+01
-9.031867218017578125e+01,2.671424865722656250e+01
-9.032033538818359375e+01,2.671409988403320312e+01
-9.031826782226562500e+01,2.671356773376464844e+01
-9.032115173339843750e+01,2.671531867980957031e+01
-9.032082366943359375e+01,2.671492195129394531e+01
-9.031925201416015625e+01,2.671271514892578125e+01
-9.031965637207031250e+01,2.671471405029296875e+01
-9.031985473632812500e+01,2.671394348144531250e+01
-9.031794738769531250e+01,2.671435546875000000e+01
-9.031961059570312500e+01,2.671487236022949219e+01
-9.031930541992187500e+01,2.671481895446777344e+01
-9.031662750244140625e+01,2.671252059936523438e+01
-9.031977081298828125e+01,2.671331596374511719e+01
-9.031850433349609375e+01,2.671528434753417969e+01
-9.032034301757812500e+01,2.671447563171386719e+01
-9.031690979003906250e+01,2.671255302429199219e+01
-9.031774139404296875e+01,2.671400642395019531e+01
-9.031996154785156250e+01,2.671447181701660156e+01
-9.032000732421875000e+01,2.671555137634277344e+01
-9.032053375244140625e+01,2.671483802795410156e+01
-9.031685638427734375e+01,2.671389389038085938e+01
-9.032009887695312500e+01,2.671548843383789062e+01
-9.032009887695312500e+01,2.671338272094726562e+01
-9.032041168212890625e+01,2.671409034729003906e+01
-9.032073974609375000e+01,2.671424102783203125e+01
-9.031850433349609375e+01,2.671407508850097656e+01
-9.031999206542968750e+01,2.671426963806152344e+01
-9.031821441650390625e+01,2.671413803100585938e+01
-9.031896209716796875e+01,2.671410942077636719e+01
-9.031732177734375000e+01,2.671457099914550781e+01
-9.031896972656250000e+01,2.671311187744140625e+01
-9.032019805908203125e+01,2.671435737609863281e+01
-9.032106781005859375e+01,2.671525573730468750e+01
-9.031694030761718750e+01,2.671349525451660156e+01
-9.031903839111328125e+01,2.671270179748535156e+01
-9.032042694091796875e+01,2.671387481689453125e+01
-9.031761169433593750e+01,2.671345710754394531e+01
-9.032028961181640625e+01,2.671360969543457031e+01
-9.031691741943359375e+01,2.671286201477050781e+01
-9.031826019287109375e+01,2.671540069580078125e+01
-9.032028961181640625e+01,2.671521568298339844e+01
-9.031944274902343750e+01,2.671575164794921875e+01
-9.031748962402343750e+01,2.671397399902343750e+01
-9.032026672363281250e+01,2.671359252929687500e+01
-9.031899261474609375e+01,2.671385002136230469e+01
-9.031774139404296875e+01,2.671480941772460938e+01
-9.031908416748046875e+01,2.671454811096191406e+01
-9.031671905517578125e+01,2.671253776550292969e+01
-9.032027435302734375e+01,2.671398735046386719e+01
-9.032089233398437500e+01,2.671499443054199219e+01
-9.032015228271484375e+01,2.671471977233886719e+01
-9.031657409667968750e+01,2.671322059631347656e+01
-9.031927490234375000e+01,2.671440696716308594e+01
-9.031779479980468750e+01,2.671431159973144531e+01
-9.031825256347656250e+01,2.671317863464355469e+01
-9.031872558593750000e+01,2.671276473999023438e+01
-9.031975555419921875e+01,2.671386718750000000e+01
-9.031880187988281250e+01,2.671326446533203125e+01
-9.031925964355468750e+01,2.671409797668457031e+01
-9.031718444824218750e+01,2.671323394775390625e+01
-9.031963348388671875e+01,2.671489143371582031e+01
-9.031877136230468750e+01,2.671389961242675781e+01
-9.031858062744140625e+01,2.671441650390625000e+01
-9.031825256347656250e+01,2.671377182006835938e+01
-9.031983947753906250e+01,2.671417999267578125e+01
-9.031842041015625000e+01,2.671475791931152344e+01
-9.031772613525390625e+01,2.671285247802734375e+01
-9.031974792480468750e+01,2.671358299255371094e+01
-9.031691741943359375e+01,2.671407699584960938e+01
-9.031683349609375000e+01,2.671273803710937500e+01
-9.031955718994140625e+01,2.671402931213378906e+01
-9.031948089599609375e+01,2.671469116210937500e+01
-9.032023620605468750e+01,2.671525764465332031e+01
-9.032122039794921875e+01,2.671528434753417969e+01
-9.032092285156250000e+01,2.671462059020996094e+01
-9.031999206542968750e+01,2.671350860595703125e+01
-9.031992340087890625e+01,2.671487998962402344e+01
-9.031997680664062500e+01,2.671377372741699219e+01
-9.031863403320312500e+01,2.671515655517578125e+01
-9.031713104248046875e+01,2.671354484558105469e+01
-9.031909942626953125e+01,2.671495628356933594e+01
-9.031800842285156250e+01,2.671309661865234375e+01
-9.031742858886718750e+01,2.671381759643554688e+01
-9.032057952880859375e+01,2.671470451354980469e+01
-9.031783294677734375e+01,2.671370697021484375e+01
-9.031961059570312500e+01,2.671367454528808594e+01
-9.031999969482421875e+01,2.671446800231933594e+01
-9.031903076171875000e+01,2.671350669860839844e+01
-9.031980133056640625e+01,2.671479415893554688e+01
-9.031959533691406250e+01,2.671470832824707031e+01
-9.031775665283203125e+01,2.671464347839355469e+01
-9.031948852539062500e+01,2.671322441101074219e+01
-9.031914520263671875e+01,2.671332168579101562e+01
-9.031991577148437500e+01,2.671568870544433594e+01
-9.031834411621093750e+01,2.671401977539062500e+01
-9.031745910644531250e+01,2.671377754211425781e+01
-9.031841278076171875e+01,2.671389198303222656e+01
-9.031661987304687500e+01,2.671405601501464844e+01
-9.031744384765625000e+01,2.671285820007324219e+01
-9.031869506835937500e+01,2.671300315856933594e+01
-9.031658172607421875e+01,2.671288299560546875e+01
-9.031957244873046875e+01,2.671376991271972656e+01
-9.031878662109375000e+01,2.671444511413574219e+01
-9.031905364990234375e+01,2.671296119689941406e+01
-9.031925964355468750e+01,2.671567344665527344e+01
-9.031716156005859375e+01,2.671290588378906250e+01
-9.031934356689453125e+01,2.671504592895507812e+01
-9.031725311279296875e+01,2.671430587768554688e+01
-9.031829071044921875e+01,2.671449661254882812e+01
-9.031925964355468750e+01,2.671287918090820312e+01
-9.032074737548828125e+01,2.671391296386718750e+01
-9.031832122802734375e+01,2.671409225463867188e+01
-9.031891632080078125e+01,2.671320915222167969e+01
-9.031994628906250000e+01,2.671535491943359375e+01
-9.031747436523437500e+01,2.671491241455078125e+01
-9.031752014160156250e+01,2.671421051025390625e+01
-9.031817626953125000e+01,2.671481895446777344e+01
-9.032026672363281250e+01,2.671400260925292969e+01
-9.032075500488281250e+01,2.671445846557617188e+01
-9.031673431396484375e+01,2.671409797668457031e+01
-9.032081604003906250e+01,2.671454429626464844e+01
-9.031793212890625000e+01,2.671439933776855469e+01
-9.031912231445312500e+01,2.671274185180664062e+01
-9.031965637207031250e+01,2.671369171142578125e+01
-9.031886291503906250e+01,2.671430587768554688e+01
-9.031827545166015625e+01,2.671545600891113281e+01
-9.032030487060546875e+01,2.671548271179199219e+01
-9.031954193115234375e+01,2.671302413940429688e+01
-9.031832122802734375e+01,2.671295356750488281e+01
-9.032032012939453125e+01,2.671527099609375000e+01
-9.031983184814453125e+01,2.671468162536621094e+01
-9.031932830810546875e+01,2.671574211120605469e+01
-9.031903076171875000e+01,2.671258354187011719e+01
-9.032025146484375000e+01,2.671475601196289062e+01
-9.031973266601562500e+01,2.671319580078125000e+01
-9.031967163085937500e+01,2.671520805358886719e+01
-9.031699371337890625e+01,2.671395683288574219e+01
-9.032062530517578125e+01,2.671516609191894531e+01
-9.031919097900390625e+01,2.671528053283691406e+01
-9.031833648681640625e+01,2.671530723571777344e+01
-9.031746673583984375e+01,2.671393585205078125e+01
-9.031860351562500000e+01,2.671556091308593750e+01
-9.031864929199218750e+01,2.671252441406250000e+01
-9.031866455078125000e+01,2.671500778198242188e+01
-9.031944274902343750e+01,2.671557998657226562e+01
-9.032012939453125000e+01,2.671414566040039062e+01
-9.032016754150390625e+01,2.671419143676757812e+01
-9.032005310058593750e+01,2.671364212036132812e+01
-9.032098388671875000e+01,2.671475219726562500e+01
-9.031921386718750000e+01,2.671496009826660156e+01
-9.031960296630859375e+01,2.671564102172851562e+01
-9.032013702392578125e+01,2.671342849731445312e+01
-9.031794738769531250e+01,2.671448898315429688e+01
-9.031739044189453125e+01,2.671341133117675781e+01
-9.032007598876953125e+01,2.671416473388671875e+01
-9.031748199462890625e+01,2.671455383300781250e+01
-9.031760406494140625e+01,2.671444702148437500e+01
-9.031661224365234375e+01,2.671303939819335938e+01
-9.031749725341796875e+01,2.671306800842285156e+01
-9.031927490234375000e+01,2.671552085876464844e+01
-9.031887054443359375e+01,2.671263885498046875e+01
-9.032006072998046875e+01,2.671376228332519531e+01
-9.031635284423828125e+01,2.671281623840332031e+01
-9.031858825683593750e+01,2.671310424804687500e+01
-9.031913757324218750e+01,2.671404075622558594e+01
-9.031828308105468750e+01,2.671503448486328125e+01
-9.031891632080078125e+01,2.671576690673828125e+01
-9.031954956054687500e+01,2.671562767028808594e+01
-9.032032775878906250e+01,2.671378898620605469e+01
-9.031913757324218750e+01,2.671358871459960938e+01
-9.032021331787109375e+01,2.671485328674316406e+01
-9.031636047363281250e+01,2.671267509460449219e+01
-9.032086181640625000e+01,2.671405601501464844e+01
-9.031932830810546875e+01,2.671504592895507812e+01
-9.032038879394531250e+01,2.671425247192382812e+01
-9.032113647460937500e+01,2.671526908874511719e+01
-9.032116699218750000e+01,2.671522521972656250e+01
-9.031853485107421875e+01,2.671420478820800781e+01
-9.031968688964843750e+01,2.671302604675292969e+01
-9.032044219970703125e+01,2.671565246582031250e+01
-9.031961822509765625e+01,2.671585273742675781e+01
-9.031658172607421875e+01,2.671268844604492188e+01
-9.031857299804687500e+01,2.671404838562011719e+01
-9.031649017333984375e+01,2.671374320983886719e+01
-9.031812286376953125e+01,2.671371650695800781e+01
-9.032070922851562500e+01,2.671436882019042969e+01
-9.032001495361328125e+01,2.671393775939941406e+01
-9.032023620605468750e+01,2.671570014953613281e+01
-9.031831359863281250e+01,2.671483612060546875e+01
-9.031800842285156250e+01,2.671298599243164062e+01
-9.032084655761718750e+01,2.671523475646972656e+01
-9.031830596923828125e+01,2.671334648132324219e+01
-9.031997680664062500e+01,2.671558570861816406e+01
-9.031645202636718750e+01,2.671312332153320312e+01
-9.031920623779296875e+01,2.671454620361328125e+01
-9.031918334960937500e+01,2.671416091918945312e+01
-9.031652069091796875e+01,2.671374130249023438e+01
-9.031793975830078125e+01,2.671512413024902344e+01
-9.032039642333984375e+01,2.671494293212890625e+01
-9.032020568847656250e+01,2.671472930908203125e+01
-9.031860351562500000e+01,2.671363639831542969e+01
-9.031925201416015625e+01,2.671374702453613281e+01
-9.031932067871093750e+01,2.671432495117187500e+01
-9.031942749023437500e+01,2.671356773376464844e+01
-9.031648254394531250e+01,2.671340560913085938e+01
-9.032127380371093750e+01,2.671551322937011719e+01
-9.031811523437500000e+01,2.671418380737304688e+01
-9.031845855712890625e+01,2.671344947814941406e+01
-9.031729888916015625e+01,2.671390914916992188e+01
-9.031868743896484375e+01,2.671578979492187500e+01
-9.031906890869140625e+01,2.671370315551757812e+01
-9.032036590576171875e+01,2.671417617797851562e+01
-9.031916809082031250e+01,2.671406364440917969e+01
-9.031870269775390625e+01,2.671555328369140625e+01
-9.031976318359375000e+01,2.671498870849609375e+01
-9.032054138183593750e+01,2.671546173095703125e+01
-9.031814575195312500e+01,2.671332359313964844e+01
-9.031713867187500000e+01,2.671358489990234375e+01
-9.032015991210937500e+01,2.671431350708007812e+01
-9.031764984130859375e+01,2.671297073364257812e+01
-9.031758880615234375e+01,2.671338653564453125e+01
-9.031671142578125000e+01,2.671407318115234375e+01
-9.031877136230468750e+01,2.671334266662597656e+01
-9.031983947753906250e+01,2.671359825134277344e+01
-9.031980895996093750e+01,2.671473503112792969e+01
-9.031717681884765625e+01,2.671398162841796875e+01
-9.031974792480468750e+01,2.671534156799316406e+01
-9.031675720214843750e+01,2.671353530883789062e+01
-9.031870269775390625e+01,2.671403694152832031e+01
-9.031887817382812500e+01,2.671339035034179688e+01
-9.031707000732421875e+01,2.671321678161621094e+01
-9.031920623779296875e+01,2.671342086791992188e+01
-9.032074737548828125e+01,2.671468734741210938e+01
-9.031642150878906250e+01,2.671282577514648438e+01
-9.031852722167968750e+01,2.671355056762695312e+01
-9.032041931152343750e+01,2.671440696716308594e+01
-9.032032775878906250e+01,2.671560859680175781e+01
-9.031672668457031250e+01,2.671310806274414062e+01
-9.031898498535156250e+01,2.671274566650390625e+01
-9.031956481933593750e+01,2.671302032470703125e+01
-9.031916046142578125e+01,2.671381378173828125e+01
-9.031674194335937500e+01,2.671366119384765625e+01
-9.031994628906250000e+01,2.671569061279296875e+01
-9.031997680664062500e+01,2.671355438232421875e+01
-9.032081604003906250e+01,2.671541786193847656e+01
-9.031768798828125000e+01,2.671397399902343750e+01
-9.031866455078125000e+01,2.671317100524902344e+01
-9.031728363037109375e+01,2.671463012695312500e+01
-9.031870269775390625e+01,2.671460533142089844e+01
-9.031954193115234375e+01,2.671439361572265625e+01
-9.031819152832031250e+01,2.671570205688476562e+01
-9.031745147705078125e+01,2.671319007873535156e+01
-9.031927490234375000e+01,2.671396064758300781e+01
-9.031684875488281250e+01,2.671356010437011719e+01
-9.031649017333984375e+01,2.671330070495605469e+01
-9.031786346435546875e+01,2.671349716186523438e+01
-9.031804656982421875e+01,2.671538543701171875e+01
-9.031801605224609375e+01,2.671493911743164062e+01
-9.031868743896484375e+01,2.671550559997558594e+01
-9.031709289550781250e+01,2.671341323852539062e+01
-9.031640625000000000e+01,2.671357727050781250e+01
-9.031803131103515625e+01,2.671509361267089844e+01
-9.031962585449218750e+01,2.671494674682617188e+01
-9.031932067871093750e+01,2.671400260925292969e+01
-9.031877136230468750e+01,2.671492385864257812e+01
-9.031978607177734375e+01,2.671490287780761719e+01
-9.031663513183593750e+01,2.671282577514648438e+01
-9.031954956054687500e+01,2.671560859680175781e+01
-9.031858062744140625e+01,2.671250534057617188e+01
-9.031932067871093750e+01,2.671301078796386719e+01
-9.031958007812500000e+01,2.671409034729003906e+01
-9.031890106201171875e+01,2.671483039855957031e+01
-9.031706237792968750e+01,2.671459579467773438e+01
-9.032097625732421875e+01,2.671547698974609375e+01
-9.031795501708984375e+01,2.671446609497070312e+01
-9.031891632080078125e+01,2.671352958679199219e+01
-9.031668853759765625e+01,2.671277427673339844e+01
-9.031967163085937500e+01,2.671475791931152344e+01
-9.031905364990234375e+01,2.671340179443359375e+01
-9.031805419921875000e+01,2.671426200866699219e+01
-9.031966400146484375e+01,2.671335601806640625e+01
-9.032103729248046875e+01,2.671437263488769531e+01
-9.031714630126953125e+01,2.671348190307617188e+01
-9.031805419921875000e+01,2.671419525146484375e+01
-9.031763458251953125e+01,2.671275901794433594e+01
-9.031639099121093750e+01,2.671354484558105469e+01
-9.031767272949218750e+01,2.671382522583007812e+01
-9.031833648681640625e+01,2.671309280395507812e+01
-9.031803131103515625e+01,2.671392631530761719e+01
-9.031865692138671875e+01,2.671241569519042969e+01
-9.031853485107421875e+01,2.671538734436035156e+01
-9.031700134277343750e+01,2.671343803405761719e+01
-9.031814575195312500e+01,2.671372604370117188e+01
-9.032051086425781250e+01,2.671399879455566406e+01
-9.032119750976562500e+01,2.671492958068847656e+01
-9.031924438476562500e+01,2.671325492858886719e+01
-9.031906890869140625e+01,2.671430015563964844e+01
-9.031670379638671875e+01,2.671325874328613281e+01
-9.031641387939453125e+01,2.671331977844238281e+01
-9.031678771972656250e+01,2.671381759643554688e+01
-9.031732940673828125e+01,2.671443367004394531e+01
-9.031687927246093750e+01,2.671397399902343750e+01
-9.032084655761718750e+01,2.671459388732910156e+01
-9.031838226318359375e+01,2.671315383911132812e+01
-9.031861877441406250e+01,2.671405792236328125e+01
-9.031771850585937500e+01,2.671513748168945312e+01
-9.031735229492187500e+01,2.671421813964843750e+01
-9.031913757324218750e+01,2.671480941772460938e+01
-9.031752014160156250e+01,2.671502304077148438e+01
-9.031941223144531250e+01,2.671349716186523438e+01
-9.031699371337890625e+01,2.671425819396972656e+01
-9.031650543212890625e+01,2.671328163146972656e+01
-9.031642150878906250e+01,2.671364974975585938e+01
-9.031879425048828125e+01,2.671255874633789062e+01
-9.031859588623046875e+01,2.671476554870605469e+01
-9.031680297851562500e+01,2.671414566040039062e+01
-9.031889343261718750e+01,2.671519088745117188e+01
-9.031617736816406250e+01,2.671278381347656250e+01
-9.031750488281250000e+01,2.671446037292480469e+01
-9.031940460205078125e+01,2.671326828002929688e+01
-9.031619262695312500e+01,2.671276283264160156e+01
-9.031838226318359375e+01,2.671319961547851562e+01
-9.031863403320312500e+01,2.671577072143554688e+01
-9.031764221191406250e+01,2.671392440795898438e+01
-9.031880950927734375e+01,2.671459007263183594e+01
-9.031806182861328125e+01,2.671341705322265625e+01
-9.031863403320312500e+01,2.671545791625976562e+01
-9.031921386718750000e+01,2.671307373046875000e+01
-9.032003021240234375e+01,2.671329689025878906e+01
-9.031784057617187500e+01,2.671383666992187500e+01
-9.031772613525390625e+01,2.671313285827636719e+01
-9.031999206542968750e+01,2.671458816528320312e+01
-9.031871795654296875e+01,2.671531105041503906e+01
-9.031694793701171875e+01,2.671268463134765625e+01
-9.031851959228515625e+01,2.671268463134765625e+01
-9.031771850585937500e+01,2.671286201477050781e+01
-9.032041931152343750e+01,2.671564483642578125e+01
-9.031785583496093750e+01,2.671510696411132812e+01
-9.031849670410156250e+01,2.671371650695800781e+01
-9.031873321533203125e+01,2.671461868286132812e+01
-9.031697845458984375e+01,2.671332168579101562e+01
-9.031900024414062500e+01,2.671526718139648438e+01
-9.031845092773437500e+01,2.671380043029785156e+01
-9.031922149658203125e+01,2.671277999877929688e+01
-9.031827545166015625e+01,2.671342658996582031e+01
-9.032031250000000000e+01,2.671535110473632812e+01
-9.031879425048828125e+01,2.671257019042968750e+01
-9.031705474853515625e+01,2.671358680725097656e+01
-9.031871795654296875e+01,2.671495819091796875e+01
-9.031676483154296875e+01,2.671302986145019531e+01
-9.031752777099609375e+01,2.671514129638671875e+01
-9.032061004638671875e+01,2.671443367004394531e+01
-9.031876373291015625e+01,2.671459579467773438e+01
-9.032089996337890625e+01,2.671454429626464844e+01
-9.031968688964843750e+01,2.671533775329589844e+01
-9.031984710693359375e+01,2.671352386474609375e+01
-9.031845855712890625e+01,2.671329689025878906e+01
-9.031817626953125000e+01,2.671483039855957031e+01
-9.031730651855468750e+01,2.671467399597167969e+01
-9.031678009033203125e+01,2.671323585510253906e+01
-9.031713104248046875e+01,2.671317291259765625e+01
-9.031665039062500000e+01,2.671278762817382812e+01
-9.031892395019531250e+01,2.671581840515136719e+01
-9.031761169433593750e+01,2.671519660949707031e+01
-9.031994628906250000e+01,2.671371650695800781e+01
-9.031952667236328125e+01,2.671489906311035156e+01
-9.031935119628906250e+01,2.671528434753417969e+01
-9.031929016113281250e+01,2.671434974670410156e+01
-9.032031250000000000e+01,2.671430206298828125e+01
-9.032002258300781250e+01,2.671367454528808594e+01
-9.031967163085937500e+01,2.671367645263671875e+01
-9.031706237792968750e+01,2.671380233764648438e+01
-9.031781768798828125e+01,2.671520423889160156e+01
-9.031819915771484375e+01,2.671312904357910156e+01
-9.031784057617187500e+01,2.671455955505371094e+01
-9.031824493408203125e+01,2.671511650085449219e+01
-9.031956481933593750e+01,2.671338272094726562e+01
-9.031769561767578125e+01,2.671483612060546875e+01
-9.031926727294921875e+01,2.671276473999023438e+01
-9.032053375244140625e+01,2.671501350402832031e+01
-9.031885528564453125e+01,2.671473884582519531e+01
-9.031967163085937500e+01,2.671446228027343750e+01
-9.031748199462890625e+01,2.671269226074218750e+01
-9.032029724121093750e+01,2.671487808227539062e+01
-9.032001495361328125e+01,2.671363639831542969e+01
-9.031698608398437500e+01,2.671264457702636719e+01
-9.031737518310546875e+01,2.671432304382324219e+01
-9.032028961181640625e+01,2.671507453918457031e+01
-9.031735992431640625e+01,2.671445274353027344e+01
-9.032125091552734375e+01,2.671544075012207031e+01
-9.031842041015625000e+01,2.671312713623046875e+01
-9.031988525390625000e+01,2.671354103088378906e+01
-9.031976318359375000e+01,2.671377182006835938e+01
-9.032020568847656250e+01,2.671400260925292969e+01
-9.031793975830078125e+01,2.671464729309082031e+01
-9.031844329833984375e+01,2.671458625793457031e+01
-9.031859588623046875e+01,2.671521186828613281e+01
-9.032086944580078125e+01,2.671453666687011719e+01
-9.031710815429687500e+01,2.671374702453613281e+01
-9.031646728515625000e+01,2.671269035339355469e+01
-9.031833648681640625e+01,2.671301078796386719e+01
-9.031782531738281250e+01,2.671319770812988281e+01
-9.031732940673828125e+01,2.671331214904785156e+01
-9.031674957275390625e+01,2.671369743347167969e+01
-9.032002258300781250e+01,2.671441650390625000e+01
-9.031818389892578125e+01,2.671347427368164062e+01
-9.031721496582031250e+01,2.671393394470214844e+01
-9.031960296630859375e+01,2.671553993225097656e+01
-9.031992340087890625e+01,2.671453857421875000e+01
-9.031992340087890625e+01,2.671359634399414062e+01
-9.031947326660156250e+01,2.671302604675292969e+01
-9.031726074218750000e+01,2.671329116821289062e+01
-9.031884002685546875e+01,2.671547317504882812e+01
-9.031855773925781250e+01,2.671562004089355469e+01
-9.031883239746093750e+01,2.671563148498535156e+01
-9.032013702392578125e+01,2.671440315246582031e+01
-9.031733703613281250e+01,2.671346282958984375e+01
-9.031735229492187500e+01,2.671432304382324219e+01
-9.031970214843750000e+01,2.671339035034179688e+01
-9.031954193115234375e+01,2.671463966369628906e+01
-9.032030487060546875e+01,2.671565818786621094e+01
-9.031748199462890625e+01,2.671365737915039062e+01
-9.031945037841796875e+01,2.671339797973632812e+01
-9.031739044189453125e+01,2.671439933776855469e+01
-9.031875610351562500e+01,2.671387863159179688e+01
-9.031788635253906250e+01,2.671516036987304688e+01
-9.031789398193359375e+01,2.671449470520019531e+01
-9.031907653808593750e+01,2.671335983276367188e+01
-9.032080841064453125e+01,2.671415519714355469e+01
-9.031703948974609375e+01,2.671389961242675781e+01
-9.032093811035156250e+01,2.671494483947753906e+01
-9.031896972656250000e+01,2.671344947814941406e+01
-9.031739044189453125e+01,2.671494102478027344e+01
-9.032073974609375000e+01,2.671549224853515625e+01
-9.031851959228515625e+01,2.671406173706054688e+01
-9.032054901123046875e+01,2.671465873718261719e+01
-9.031960296630859375e+01,2.671516036987304688e+01
-9.031944274902343750e+01,2.671294212341308594e+01
-9.031953430175781250e+01,2.671482276916503906e+01
-9.031930541992187500e+01,2.671524238586425781e+01
-9.031886291503906250e+01,2.671548652648925781e+01
-9.031779479980468750e+01,2.671475982666015625e+01
-9.031925964355468750e+01,2.671461486816406250e+01
-9.031652832031250000e+01,2.671373748779296875e+01
-9.032025909423828125e+01,2.671377563476562500e+01
-9.031915283203125000e+01,2.671402549743652344e+01
-9.031754302978515625e+01,2.671454429626464844e+01
-9.032101440429687500e+01,2.671483039855957031e+01
-9.031783294677734375e+01,2.671325683593750000e+01
-9.032080078125000000e+01,2.671418952941894531e+01
-9.031916046142578125e+01,2.671337699890136719e+01
-9.031732940673828125e+01,2.671298027038574219e+01
-9.032023620605468750e+01,2.671564674377441406e+01
-9.031868743896484375e+01,2.671372604370117188e+01
-9.032025909423828125e+01,2.671501541137695312e+01
-9.031912994384765625e+01,2.671472358703613281e+01
-9.032009124755859375e+01,2.671346282958984375e+01
-9.031819915771484375e+01,2.671389389038085938e+01
-9.031941223144531250e+01,2.671388435363769531e+01
-9.031717681884765625e+01,2.671347045898437500e+01
-9.031942749023437500e+01,2.671499443054199219e+01
-9.031726074218750000e+01,2.671271324157714844e+01
-9.031736755371093750e+01,2.671295166015625000e+01
-9.031784820556640625e+01,2.671518325805664062e+01
-9.032067871093750000e+01,2.671468162536621094e+01
-9.032040405273437500e+01,2.671405029296875000e+01
-9.031981658935546875e+01,2.671481132507324219e+01
-9.031627655029296875e+01,2.671336364746093750e+01
-9.031736755371093750e+01,2.671460723876953125e+01
-9.031919860839843750e+01,2.671343231201171875e+01
-9.031892395019531250e+01,2.671525001525878906e+01
-9.032082366943359375e+01,2.671400642395019531e+01
-9.031886291503906250e+01,2.671489715576171875e+01
-9.031970977783203125e+01,2.671310997009277344e+01
-9.031745910644531250e+01,2.671261215209960938e+01
-9.031905364990234375e+01,2.671578216552734375e+01
-9.031994628906250000e+01,2.671436500549316406e+01
-9.031985473632812500e+01,2.671445465087890625e+01
-9.031882476806640625e+01,2.671573066711425781e+01
-9.031845092773437500e+01,2.671298789978027344e+01
-9.031935882568359375e+01,2.671495437622070312e+01
-9.031816864013671875e+01,2.671503257751464844e+01
-9.031960296630859375e+01,2.671593284606933594e+01
-9.031867218017578125e+01,2.671544265747070312e+01
-9.031781768798828125e+01,2.671331405639648438e+01
-9.031940460205078125e+01,2.671453857421875000e+01
-9.031867218017578125e+01,2.671335220336914062e+01
-9.031964874267578125e+01,2.671394920349121094e+01
-9.031778717041015625e+01,2.671490859985351562e+01
-9.031806182861328125e+01,2.671544647216796875e+01
-9.031970214843750000e+01,2.671541404724121094e+01
-9.031760406494140625e+01,2.671480178833007812e+01
-9.031790161132812500e+01,2.671521186828613281e+01
-9.032001495361328125e+01,2.671501731872558594e+01
-9.031745147705078125e+01,2.671410942077636719e+01
-9.031945800781250000e+01,2.671467971801757812e+01
-9.031672668457031250e+01,2.671386528015136719e+01
-9.031795501708984375e+01,2.671376991271972656e+01
-9.031633758544921875e+01,2.671284103393554688e+01
-9.031703186035156250e+01,2.671269226074218750e+01
-9.031922912597656250e+01,2.671399116516113281e+01
-9.032027435302734375e+01,2.671470451354980469e+01
-9.032028961181640625e+01,2.671560287475585938e+01
-9.031941986083984375e+01,2.671541213989257812e+01
-9.031793975830078125e+01,2.671409225463867188e+01
-9.032009887695312500e+01,2.671356201171875000e+01
-9.031911468505859375e+01,2.671520042419433594e+01
-9.031996154785156250e+01,2.671444892883300781e+01
-9.031670379638671875e+01,2.671296310424804688e+01
-9.031922149658203125e+01,2.671381378173828125e+01
-9.031724548339843750e+01,2.671478080749511719e+01
-9.031758117675781250e+01,2.671335220336914062e+01
-9.031758117675781250e+01,2.671304130554199219e+01
-9.032096862792968750e+01,2.671446609497070312e+01
-9.032082366943359375e+01,2.671436691284179688e+01
-9.031845855712890625e+01,2.671291923522949219e+01
-9.031832122802734375e+01,2.671291923522949219e+01
-9.031847381591796875e+01,2.671376228332519531e+01
-9.031801605224609375e+01,2.671434402465820312e+01
-9.032004547119140625e+01,2.671512794494628906e+01
-9.031942749023437500e+01,2.671577453613281250e+01
-9.032097625732421875e+01,2.671501541137695312e+01
-9.031723022460937500e+01,2.671371650695800781e+01
-9.031697845458984375e+01,2.671275329589843750e+01
-9.032096862792968750e+01,2.671426773071289062e+01
-9.031745147705078125e+01,2.671278190612792969e+01
-9.031709289550781250e+01,2.671279907226562500e+01
-9.031746673583984375e+01,2.671429252624511719e+01
-9.031885528564453125e+01,2.671564483642578125e+01
-9.032116699218750000e+01,2.671550369262695312e+01
-9.032019042968750000e+01,2.671501350402832031e+01
-9.031894683837890625e+01,2.671440696716308594e+01
-9.031744384765625000e+01,2.671303367614746094e+01
-9.031983947753906250e+01,2.671446800231933594e+01
-9.031998443603515625e+01,2.671566963195800781e+01
-9.031893920898437500e+01,2.671367263793945312e+01
-9.031919860839843750e+01,2.671284294128417969e+01
-9.031855773925781250e+01,2.671360778808593750e+01
-9.031942749023437500e+01,2.671306228637695312e+01
-9.031678009033203125e+01,2.671415519714355469e+01
-9.032065582275390625e+01,2.671439933776855469e+01
-9.031928253173828125e+01,2.671300506591796875e+01
-9.031856536865234375e+01,2.671284484863281250e+01
-9.031880187988281250e+01,2.671431922912597656e+01
-9.031878662109375000e+01,2.671302413940429688e+01
-9.031648254394531250e+01,2.671291160583496094e+01
-9.031851959228515625e+01,2.671317291259765625e+01
-9.031796264648437500e+01,2.671321678161621094e+01
-9.031782531738281250e+01,2.671423530578613281e+01
-9.031999969482421875e+01,2.671476554870605469e+01
-9.031851959228515625e+01,2.671294212341308594e+01
-9.031845092773437500e+01,2.671571350097656250e+01
-9.031995391845703125e+01,2.671403884887695312e+01
-9.031735992431640625e+01,2.671271896362304688e+01
-9.031746673583984375e+01,2.671310043334960938e+01
-9.031946563720703125e+01,2.671550559997558594e+01
-9.031966400146484375e+01,2.671512222290039062e+01
-9.032065582275390625e+01,2.671560478210449219e+01
-9.031761169433593750e+01,2.671460342407226562e+01
-9.031624603271484375e+01,2.671334075927734375e+01
-9.032043457031250000e+01,2.671457290649414062e+01
-9.031911468505859375e+01,2.671589660644531250e+01
-9.031665802001953125e+01,2.671283340454101562e+01
-9.032059478759765625e+01,2.671434402465820312e+01
-9.031986999511718750e+01,2.671367454528808594e+01
-9.032020568847656250e+01,2.671350479125976562e+01
-9.031803131103515625e+01,2.671453094482421875e+01
-9.031970214843750000e+01,2.671505737304687500e+01
-9.031987762451171875e+01,2.671463203430175781e+01
-9.031651306152343750e+01,2.671317100524902344e+01
-9.031900787353515625e+01,2.671424293518066406e+01
-9.031858062744140625e+01,2.671536827087402344e+01
-9.031815338134765625e+01,2.671411705017089844e+01
-9.031835174560546875e+01,2.671410369873046875e+01
-9.031738281250000000e+01,2.671297836303710938e+01
-9.031952667236328125e+01,2.671440887451171875e+01
-9.031833648681640625e+01,2.671560096740722656e+01
-9.032082366943359375e+01,2.671532630920410156e+01
-9.031821441650390625e+01,2.671346282958984375e+01
-9.031684875488281250e+01,2.671387481689453125e+01
-9.031702423095703125e+01,2.671377754211425781e+01
-9.031805419921875000e+01,2.671474456787109375e+01
-9.031947326660156250e+01,2.671419906616210938e+01
-9.031912231445312500e+01,2.671367454528808594e+01
-9.031670379638671875e+01,2.671403884887695312e+01
-9.032031250000000000e+01,2.671393966674804688e+01
-9.031813049316406250e+01,2.671437072753906250e+01
-9.031879425048828125e+01,2.671586799621582031e+01
-9.031812286376953125e+01,2.671558952331542969e+01
-9.031811523437500000e+01,2.671302032470703125e+01
-9.032092285156250000e+01,2.671483612060546875e+01
-9.031683349609375000e+01,2.671292877197265625e+01
-9.031930541992187500e+01,2.671380805969238281e+01
-9.031953430175781250e+01,2.671514129638671875e+01
-9.031812286376953125e+01,2.671463966369628906e+01
-9.032009124755859375e+01,2.671554756164550781e+01
-9.031864166259765625e+01,2.671360206604003906e+01
-9.031768035888671875e+01,2.671389198303222656e+01
-9.031927490234375000e+01,2.671512603759765625e+01
-9.031961822509765625e+01,2.671436119079589844e+01
-9.031987762451171875e+01,2.671369361877441406e+01
-9.031920623779296875e+01,2.671332550048828125e+01
-9.031658172607421875e+01,2.671291351318359375e+01
-9.031782531738281250e+01,2.671306419372558594e+01
-9.032031250000000000e+01,2.671359252929687500e+01
-9.031917572021484375e+01,2.671586227416992188e+01
-9.031803131103515625e+01,2.671517562866210938e+01
-9.031903076171875000e+01,2.671438980102539062e+01
-9.031954193115234375e+01,2.671446418762207031e+01
-9.031703948974609375e+01,2.671343612670898438e+01
-9.032128906250000000e+01,2.671498489379882812e+01
-9.031761932373046875e+01,2.671399116516113281e+01
-9.031922912597656250e+01,2.671557807922363281e+01
-9.031739807128906250e+01,2.671449279785156250e+01
-9.031859588623046875e+01,2.671301078796386719e+01
-9.031842803955078125e+01,2.671351051330566406e+01
-9.031835937500000000e+01,2.671498680114746094e+01
-9.031716918945312500e+01,2.671450805664062500e+01
-9.031633758544921875e+01,2.671354866027832031e+01
-9.031919097900390625e+01,2.671450424194335938e+01
-9.031984710693359375e+01,2.671479415893554688e+01
-9.031697082519531250e+01,2.671432876586914062e+01
-9.031909942626953125e+01,2.671471405029296875e+01
-9.031775665283203125e+01,2.671492195129394531e+01
-9.032081604003906250e+01,2.671428871154785156e+01
-9.031677246093750000e+01,2.671370124816894531e+01
-9.031920623779296875e+01,2.671309661865234375e+01
-9.031833648681640625e+01,2.671397018432617188e+01
-9.031890106201171875e+01,2.671277046203613281e+01
-9.032122039794921875e+01,2.671518898010253906e+01
-9.031866455078125000e+01,2.671355438232421875e+01
-9.031965637207031250e+01,2.671410179138183594e+01
-9.031821441650390625e+01,2.671563720703125000e+01
-9.031789398193359375e+01,2.671393203735351562e+01
-9.032073974609375000e+01,2.671533775329589844e+01
-9.031909942626953125e+01,2.671345329284667969e+01
-9.031632232666015625e+01,2.671303939819335938e+01
-9.031798553466796875e+01,2.671421241760253906e+01
-9.031702423095703125e+01,2.671391105651855469e+01
-9.031890106201171875e+01,2.671580696105957031e+01
-9.032037353515625000e+01,2.671359634399414062e+01
-9.032032012939453125e+01,2.671496009826660156e+01
-9.031763458251953125e+01,2.671410751342773438e+01
-9.031896972656250000e+01,2.671328163146972656e+01
-9.031844329833984375e+01,2.671297645568847656e+01
-9.031754302978515625e+01,2.671521186828613281e+01
-9.031938171386718750e+01,2.671434020996093750e+01
-9.031851959228515625e+01,2.671440887451171875e+01
-9.031835174560546875e+01,2.671404266357421875e+01
-9.032008361816406250e+01,2.671363258361816406e+01
-9.031872558593750000e+01,2.671433258056640625e+01
-9.031910705566406250e+01,2.671296119689941406e+01
-9.031713104248046875e+01,2.671320724487304688e+01
-9.031732177734375000e+01,2.671367645263671875e+01
-9.031722259521484375e+01,2.671323013305664062e+01
-9.031880950927734375e+01,2.671551513671875000e+01
-9.031891632080078125e+01,2.671338653564453125e+01
-9.032043457031250000e+01,2.671479797363281250e+01
-9.031831359863281250e+01,2.671579551696777344e+01
-9.031752777099609375e+01,2.671324348449707031e+01
-9.031841278076171875e+01,2.671399307250976562e+01
-9.031884765625000000e+01,2.671272850036621094e+01
-9.031891632080078125e+01,2.671289443969726562e+01
-9.032012939453125000e+01,2.671400833129882812e+01
-9.031765747070312500e+01,2.671322631835937500e+01
-9.031944274902343750e+01,2.671446800231933594e+01
-9.031798553466796875e+01,2.671551132202148438e+01
-9.031967163085937500e+01,2.671566963195800781e+01
-9.032044219970703125e+01,2.671458053588867188e+01
-9.031706237792968750e+01,2.671364021301269531e+01
-9.031853485107421875e+01,2.671360588073730469e+01
-9.031974792480468750e+01,2.671488761901855469e+01
-9.032049560546875000e+01,2.671463584899902344e+01
-9.031809997558593750e+01,2.671446609497070312e+01
-9.032072448730468750e+01,2.671545410156250000e+01
-9.031893920898437500e+01,2.671490669250488281e+01
-9.031748199462890625e+01,2.671498680114746094e+01
-9.032025146484375000e+01,2.671373748779296875e+01
-9.031687164306640625e+01,2.671292686462402344e+01
-9.032003784179687500e+01,2.671464538574218750e+01
-9.031661224365234375e+01,2.671402740478515625e+01
-9.031941223144531250e+01,2.671469497680664062e+01
-9.031984710693359375e+01,2.671363830566406250e+01
-9.031892395019531250e+01,2.671545600891113281e+01
-9.031776428222656250e+01,2.671354293823242188e+01
-9.031761932373046875e+01,2.671273231506347656e+01
-9.031719970703125000e+01,2.671479034423828125e+01
-9.031674194335937500e+01,2.671368408203125000e+01
-9.031995391845703125e+01,2.671401596069335938e+01
-9.031877136230468750e+01,2.671439933776855469e+01
-9.031964111328125000e+01,2.671476364135742188e+01
-9.031851959228515625e+01,2.671385383605957031e+01
-9.032010650634765625e+01,2.671551132202148438e+01
-9.031895446777343750e+01,2.671497917175292969e+01
-9.031943511962890625e+01,2.671309471130371094e+01
-9.032075500488281250e+01,2.671554183959960938e+01
-9.031800842285156250e+01,2.671355056762695312e+01
-9.031800842285156250e+01,2.671375656127929688e+01
-9.031896209716796875e+01,2.671315193176269531e+01
-9.031932067871093750e+01,2.671334838867187500e+01
-9.031777954101562500e+01,2.671438407897949219e+01
-9.031972503662109375e+01,2.671389770507812500e+01
-9.031755065917968750e+01,2.671415328979492188e+01
-9.031882476806640625e+01,2.671314811706542969e+01
-9.031906890869140625e+01,2.671493530273437500e+01
-9.032074737548828125e+01,2.671400451660156250e+01
-9.031829071044921875e+01,2.671414184570312500e+01
-9.031903839111328125e+01,2.671333503723144531e+01
-9.032083129882812500e+01,2.671476173400878906e+01
-9.031837463378906250e+01,2.671411132812500000e+01
-9.031845855712890625e+01,2.671356582641601562e+01
-9.032023620605468750e+01,2.671530151367187500e+01
-9.031835937500000000e+01,2.671422576904296875e+01
-9.031828308105468750e+01,2.671339607238769531e+01
-9.031897735595703125e+01,2.671575927734375000e+01
-9.032023620605468750e+01,2.671415710449218750e+01
-9.032035064697265625e+01,2.671422767639160156e+01
-9.032049560546875000e+01,2.671454429626464844e+01
-9.032108306884765625e+01,2.671530532836914062e+01
-9.031945037841796875e+01,2.671418952941894531e+01
-9.031994628906250000e+01,2.671456527709960938e+01
-9.031861114501953125e+01,2.671319961547851562e+01
-9.031887817382812500e+01,2.671421623229980469e+01
-9.031764984130859375e+01,2.671367454528808594e+01
-9.031759643554687500e+01,2.671302032470703125e+01
-9.031727600097656250e+01,2.671446228027343750e+01
-9.032091522216796875e+01,2.671537017822265625e+01
-9.031881713867187500e+01,2.671523475646972656e+01
-9.032078552246093750e+01,2.671523666381835938e+01
-9.031761169433593750e+01,2.671355056762695312e+01
-9.031969451904296875e+01,2.671320152282714844e+01
-9.031990051269531250e+01,2.671551513671875000e+01
-9.031941223144531250e+01,2.671442794799804688e+01
-9.031710052490234375e+01,2.671435165405273438e+01
-9.031804656982421875e+01,2.671349716186523438e+01
-9.031874084472656250e+01,2.671266746520996094e+01
-9.031909179687500000e+01,2.671573829650878906e+01
-9.031629943847656250e+01,2.671311950683593750e+01
-9.031974029541015625e+01,2.671319198608398438e+01
-9.031655883789062500e+01,2.671313858032226562e+01
-9.031812286376953125e+01,2.671472167968750000e+01
-9.031761932373046875e+01,2.671388435363769531e+01
-9.032018280029296875e+01,2.671365547180175781e+01
-9.031643676757812500e+01,2.671352958679199219e+01
-9.032044982910156250e+01,2.671469306945800781e+01
-9.031896972656250000e+01,2.671539878845214844e+01
-9.031820678710937500e+01,2.671316909790039062e+01
-9.031825256347656250e+01,2.671327400207519531e+01
-9.032002258300781250e+01,2.671559333801269531e+01
-9.031803894042968750e+01,2.671397399902343750e+01
-9.031955718994140625e+01,2.671332740783691406e+01
-9.031744384765625000e+01,2.671404838562011719e+01
-9.031915283203125000e+01,2.671480751037597656e+01
-9.031774902343750000e+01,2.671472358703613281e+01
-9.031875610351562500e+01,2.671467781066894531e+01
-9.031796264648437500e+01,2.671467018127441406e+01
-9.032115173339843750e+01,2.671527671813964844e+01
-9.032039642333984375e+01,2.671447563171386719e+01
-9.031765747070312500e+01,2.671494102478027344e+01
-9.032005310058593750e+01,2.671537971496582031e+01
-9.032023620605468750e+01,2.671423530578613281e+01
-9.032035827636718750e+01,2.671389770507812500e+01
-9.032041168212890625e+01,2.671486663818359375e+01
-9.032021331787109375e+01,2.671466064453125000e+01
-9.031913757324218750e+01,2.671425819396972656e+01
-9.032061004638671875e+01,2.671451950073242188e+01
-9.031736755371093750e+01,2.671322441101074219e+01
-9.031990814208984375e+01,2.671516609191894531e+01
-9.031707000732421875e+01,2.671314239501953125e+01
-9.031871032714843750e+01,2.671417808532714844e+01
-9.031865692138671875e+01,2.671399879455566406e+01
-9.032081604003906250e+01,2.671534919738769531e+01
-9.031798553466796875e+01,2.671455574035644531e+01
-9.031861114501953125e+01,2.671574211120605469e+01
-9.031826019287109375e+01,2.671448516845703125e+01
-9.032046508789062500e+01,2.671570777893066406e+01
-9.031758880615234375e+01,2.671467781066894531e+01
-9.032050323486328125e+01,2.671478652954101562e+01
-9.031882476806640625e+01,2.671459770202636719e+01
-9.031785583496093750e+01,2.671324348449707031e+01
-9.031717681884765625e+01,2.671294784545898438e+01
-9.031703186035156250e+01,2.671413803100585938e+01
-9.031900024414062500e+01,2.671389389038085938e+01
-9.031841278076171875e+01,2.671483612060546875e+01
-9.031957244873046875e+01,2.671500587463378906e+01
-9.031781005859375000e+01,2.671490097045898438e+01
-9.031833648681640625e+01,2.671356582641601562e+01
-9.032028961181640625e+01,2.671440124511718750e+01
-9.031645202636718750e+01,2.671296119689941406e+01
-9.031880187988281250e+01,2.671244812011718750e+01
-9.031774902343750000e+01,2.671466445922851562e+01
-9.031869506835937500e+01,2.671405601501464844e+01
-9.032018280029296875e+01,2.671408271789550781e+01
-9.031646728515625000e+01,2.671262741088867188e+01
-9.031687164306640625e+01,2.671372795104980469e+01
-9.031737518310546875e+01,2.671427536010742188e+01
-9.031761169433593750e+01,2.671420669555664062e+01
-9.031768035888671875e+01,2.671332359313964844e+01
-9.031661987304687500e+01,2.671369552612304688e+01
-9.031862640380859375e+01,2.671314620971679688e+01
-9.032096862792968750e+01,2.671530914306640625e+01
-9.031824493408203125e+01,2.671532821655273438e+01
-9.031893157958984375e+01,2.671242904663085938e+01
-9.031950378417968750e+01,2.671558570861816406e+01
-9.031836700439453125e+01,2.671496200561523438e+01
-9.031685638427734375e+01,2.671363830566406250e+01
-9.032101440429687500e+01,2.671546363830566406e+01
-9.031813049316406250e+01,2.671374511718750000e+01
-9.032040405273437500e+01,2.671441650390625000e+01
-9.032096862792968750e+01,2.671549987792968750e+01
-9.032057952880859375e+01,2.671455001831054688e+01
-9.031918334960937500e+01,2.671505165100097656e+01
-9.031972503662109375e+01,2.671526336669921875e+01
-9.032048034667968750e+01,2.671411705017089844e+01
-9.031659698486328125e+01,2.671252441406250000e+01
-9.031798553466796875e+01,2.671536827087402344e+01
-9.032063293457031250e+01,2.671492004394531250e+01
-9.032067108154296875e+01,2.671471405029296875e+01
-9.031855773925781250e+01,2.671537399291992188e+01
-9.031766510009765625e+01,2.671287727355957031e+01
-9.031998443603515625e+01,2.671512603759765625e+01
-9.031647491455078125e+01,2.671255493164062500e+01
-9.031767272949218750e+01,2.671354675292968750e+01
-9.031931304931640625e+01,2.671400833129882812e+01
-9.031963348388671875e+01,2.671508026123046875e+01
-9.031799316406250000e+01,2.671402740478515625e+01
-9.031982421875000000e+01,2.671330261230468750e+01
-9.031827545166015625e+01,2.671302604675292969e+01
-9.032096099853515625e+01,2.671425437927246094e+01
-9.031799316406250000e+01,2.671467399597167969e+01
-9.031742095947265625e+01,2.671337127685546875e+01
-9.031710052490234375e+01,2.671374130249023438e+01
-9.031859588623046875e+01,2.671323776245117188e+01
-9.032027435302734375e+01,2.671418952941894531e+01
-9.031814575195312500e+01,2.671325874328613281e+01
-9.032086944580078125e+01,2.671489143371582031e+01
-9.031778717041015625e+01,2.671483230590820312e+01
-9.031671905517578125e+01,2.671306610107421875e+01
-9.031711578369140625e+01,2.671397018432617188e+01
-9.031665039062500000e+01,2.671251869201660156e+01
-9.031852722167968750e+01,2.671306228637695312e+01
-9.031761169433593750e+01,2.671426582336425781e+01
-9.031741333007812500e+01,2.671342086791992188e+01
-9.031818389892578125e+01,2.671551704406738281e+01
-9.032032012939453125e+01,2.671516799926757812e+01
-9.031842041015625000e+01,2.671423721313476562e+01
-9.031876373291015625e+01,2.671423912048339844e+01
-9.031916809082031250e+01,2.671312332153320312e+01
-9.031682586669921875e+01,2.671367454528808594e+01
-9.031745147705078125e+01,2.671473503112792969e+01
-9.032090759277343750e+01,2.671444129943847656e+01
-9.031722259521484375e+01,2.671308326721191406e+01
-9.031852722167968750e+01,2.671509361267089844e+01
-9.031921386718750000e+01,2.671454238891601562e+01
-9.031833648681640625e+01,2.671275520324707031e+01
-9.032029724121093750e+01,2.671511840820312500e+01
-9.031894683837890625e+01,2.671310234069824219e+01
-9.031902313232421875e+01,2.671408843994140625e+01
-9.031834411621093750e+01,2.671273994445800781e+01
-9.031873321533203125e+01,2.671512413024902344e+01
-9.032012176513671875e+01,2.671452903747558594e+01
-9.031926727294921875e+01,2.671362304687500000e+01
-9.031768798828125000e+01,2.671482849121093750e+01
-9.032032012939453125e+01,2.671535301208496094e+01
-9.031981658935546875e+01,2.671379661560058594e+01
-9.032044219970703125e+01,2.671547698974609375e+01
-9.031858062744140625e+01,2.671365547180175781e+01
-9.031813049316406250e+01,2.671321678161621094e+01
-9.031977844238281250e+01,2.671485137939453125e+01
-9.031822204589843750e+01,2.671526145935058594e+01
-9.031859588623046875e+01,2.671334648132324219e+01
-9.031990051269531250e+01,2.671484756469726562e+01
-9.031689453125000000e+01,2.671277236938476562e+01
-9.031653594970703125e+01,2.671276664733886719e+01
-9.031988525390625000e+01,2.671488571166992188e+01
-9.031995391845703125e+01,2.671417617797851562e+01
-9.031940460205078125e+01,2.671488761901855469e+01
-9.031732940673828125e+01,2.671473884582519531e+01
-9.032031250000000000e+01,2.671545219421386719e+01
-9.031893157958984375e+01,2.671286964416503906e+01
-9.031985473632812500e+01,2.671408081054687500e+01
-9.032124328613281250e+01,2.671494674682617188e+01
-9.031678009033203125e+01,2.671302223205566406e+01
-9.031896209716796875e+01,2.671324157714843750e+01
-9.031861114501953125e+01,2.671545410156250000e+01
-9.032036590576171875e+01,2.671450614929199219e+01
-9.032029724121093750e+01,2.671456527709960938e+01
-9.031781005859375000e+01,2.671465682983398438e+01
-9.031682586669921875e+01,2.671332359313964844e+01
-9.032015228271484375e+01,2.671427345275878906e+01
-9.032028198242187500e+01,2.671384429931640625e+01
-9.031920623779296875e+01,2.671426200866699219e+01
-9.032109832763671875e+01,2.671470451354980469e+01
-9.031949615478515625e+01,2.671401786804199219e+01
-9.032115936279296875e+01,2.671539306640625000e+01
-9.031735229492187500e+01,2.671422004699707031e+01
-9.031847381591796875e+01,2.671282768249511719e+01
-9.031710052490234375e+01,2.671311378479003906e+01
-9.031903076171875000e+01,2.671330833435058594e+01
-9.031974029541015625e+01,2.671453475952148438e+01
-9.031962585449218750e+01,2.671543693542480469e+01
-9.031816864013671875e+01,2.671530151367187500e+01
-9.032086944580078125e+01,2.671564292907714844e+01
-9.031786346435546875e+01,2.671419143676757812e+01
-9.031938171386718750e+01,2.671358680725097656e+01
-9.031989288330078125e+01,2.671371650695800781e+01
-9.031976318359375000e+01,2.671435928344726562e+01
-9.032108306884765625e+01,2.671546363830566406e+01
-9.031736755371093750e+01,2.671449661254882812e+01
-9.031826782226562500e+01,2.671363449096679688e+01
-9.031845092773437500e+01,2.671339988708496094e+01
-9.031724548339843750e+01,2.671262550354003906e+01
-9.031989288330078125e+01,2.671473884582519531e+01
-9.031735992431640625e+01,2.671303176879882812e+01
-9.031832122802734375e+01,2.671417427062988281e+01
-9.031684112548828125e+01,2.671257972717285156e+01
-9.031667327880859375e+01,2.671393203735351562e+01
-9.031796264648437500e+01,2.671289253234863281e+01
-9.031683349609375000e+01,2.671288108825683594e+01
-9.031893920898437500e+01,2.671364974975585938e+01
-9.031933593750000000e+01,2.671275329589843750e+01
-9.031944274902343750e+01,2.671568870544433594e+01
-9.031664276123046875e+01,2.671377944946289062e+01
-9.031814575195312500e+01,2.671454429626464844e+01
-9.032035827636718750e+01,2.671448898315429688e+01
-9.031867980957031250e+01,2.671331024169921875e+01
-9.031629943847656250e+01,2.671294593811035156e+01
-9.031754302978515625e+01,2.671513938903808594e+01
-9.031829071044921875e+01,2.671443748474121094e+01
-9.031831359863281250e+01,2.671572113037109375e+01
-9.031933593750000000e+01,2.671347618103027344e+01
-9.032106018066406250e+01,2.671516418457031250e+01
-9.032097625732421875e+01,2.671512794494628906e+01
-9.031815338134765625e+01,2.671470832824707031e+01
-9.032079315185546875e+01,2.671462059020996094e+01
-9.031831359863281250e+01,2.671565055847167969e+01
-9.031981658935546875e+01,2.671552467346191406e+01
-9.031888580322265625e+01,2.671543502807617188e+01
-9.031772613525390625e+01,2.671397590637207031e+01
-9.031805419921875000e+01,2.671502494812011719e+01
-9.031758117675781250e+01,2.671262168884277344e+01
-9.031906890869140625e+01,2.671510887145996094e+01
-9.031979370117187500e+01,2.671328735351562500e+01
-9.031824493408203125e+01,2.671444320678710938e+01
-9.031872558593750000e+01,2.671325874328613281e+01
-9.031639862060546875e+01,2.671365928649902344e+01
-9.032098388671875000e+01,2.671451759338378906e+01
-9.031963348388671875e+01,2.671453666687011719e+01
-9.031787872314453125e+01,2.671309280395507812e+01
-9.031877899169921875e+01,2.671325492858886719e+01
-9.031951904296875000e+01,2.671311759948730469e+01
-9.031879425048828125e+01,2.671268844604492188e+01
-9.031866455078125000e+01,2.671331405639648438e+01
-9.031692504882812500e+01,2.671266555786132812e+01
-9.031726837158203125e+01,2.671320724487304688e+01
-9.032061767578125000e+01,2.671418380737304688e+01
-9.032020568847656250e+01,2.671487808227539062e+01
-9.031990051269531250e+01,2.671428108215332031e+01
-9.032014465332031250e+01,2.671439933776855469e+01
-9.031766510009765625e+01,2.671350097656250000e+01
-9.031845092773437500e+01,2.671346855163574219e+01
-9.031739807128906250e+01,2.671487236022949219e+01
-9.031922149658203125e+01,2.671274375915527344e+01
-9.031896972656250000e+01,2.671282577514648438e+01
-9.031677246093750000e+01,2.671347427368164062e+01
-9.031762695312500000e+01,2.671267700195312500e+01
-9.031793212890625000e+01,2.671364593505859375e+01
-9.031909179687500000e+01,2.671272468566894531e+01
-9.031814575195312500e+01,2.671535491943359375e+01
-9.031848144531250000e+01,2.671558570861816406e+01
-9.032048034667968750e+01,2.671388435363769531e+01
-9.031802368164062500e+01,2.671385765075683594e+01
-9.031752014160156250e+01,2.671487808227539062e+01
-9.031841278076171875e+01,2.671423912048339844e+01
-9.031963348388671875e+01,2.671393203735351562e+01
-9.032040405273437500e+01,2.671465492248535156e+01
-9.031747436523437500e+01,2.671484565734863281e+01
-9.032052612304687500e+01,2.671383857727050781e+01
-9.032011413574218750e+01,2.671471977233886719e+01
-9.031793975830078125e+01,2.671396255493164062e+01
-9.031682586669921875e+01,2.671342849731445312e+01
-9.031731414794921875e+01,2.671259498596191406e+01
-9.031974792480468750e+01,2.671487808227539062e+01
-9.032035064697265625e+01,2.671492576599121094e+01
-9.031935119628906250e+01,2.671379470825195312e+01
-9.031950378417968750e+01,2.671369934082031250e+01
-9.032091522216796875e+01,2.671576690673828125e+01
-9.031746673583984375e+01,2.671278572082519531e+01
-9.031809997558593750e+01,2.671505165100097656e+01
-9.031672668457031250e+01,2.671367454528808594e+01
-9.031940460205078125e+01,2.671484756469726562e+01
-9.031737518310546875e+01,2.671446228027343750e+01
-9.032061767578125000e+01,2.671405220031738281e+01
-9.031703186035156250e+01,2.671260643005371094e+01
-9.031981658935546875e+01,2.671514701843261719e+01
-9.031977844238281250e+01,2.671505928039550781e+01
-9.031961822509765625e+01,2.671307754516601562e+01
-9.031828308105468750e+01,2.671553230285644531e+01
-9.031903839111328125e+01,2.671347618103027344e+01
-9.031842041015625000e+01,2.671368789672851562e+01
-9.031951141357421875e+01,2.671298789978027344e+01
-9.031899261474609375e+01,2.671430206298828125e+01
-9.031938934326171875e+01,2.671424102783203125e+01
-9.031782531738281250e+01,2.671451950073242188e+01
-9.031875610351562500e+01,2.671530532836914062e+01
-9.031969451904296875e+01,2.671344184875488281e+01
-9.032063293457031250e+01,2.671480560302734375e+01
-9.031749725341796875e+01,2.671333694458007812e+01
-9.031664276123046875e+01,2.671308517456054688e+01
-9.031861877441406250e+01,2.671461296081542969e+01
-9.032015991210937500e+01,2.671470832824707031e+01
-9.031860351562500000e+01,2.671327590942382812e+01
-9.031735229492187500e+01,2.671420097351074219e+01
-9.031671142578125000e+01,2.671280288696289062e+01
-9.031723785400390625e+01,2.671446228027343750e+01
-9.032017517089843750e+01,2.671487617492675781e+01
-9.032115936279296875e+01,2.671495819091796875e+01
-9.032092285156250000e+01,2.671476745605468750e+01
-9.032022857666015625e+01,2.671433258056640625e+01
-9.031946563720703125e+01,2.671293067932128906e+01
-9.031880187988281250e+01,2.671367073059082031e+01
-9.031873321533203125e+01,2.671440696716308594e+01
-9.031999969482421875e+01,2.671332168579101562e+01
-9.031819152832031250e+01,2.671349525451660156e+01
-9.031813812255859375e+01,2.671458816528320312e+01
-9.031815338134765625e+01,2.671290969848632812e+01
-9.031896209716796875e+01,2.671482086181640625e+01
-9.031811523437500000e+01,2.671383094787597656e+01
-9.031639862060546875e+01,2.671359634399414062e+01
-9.031708526611328125e+01,2.671421813964843750e+01
-9.031827545166015625e+01,2.671452903747558594e+01
-9.031876373291015625e+01,2.671468544006347656e+01
-9.031837463378906250e+01,2.671302413940429688e+01
-9.031752014160156250e+01,2.671512794494628906e+01
-9.031831359863281250e+01,2.671380805969238281e+01
-9.031879425048828125e+01,2.671450805664062500e+01
-9.031761932373046875e+01,2.671309471130371094e+01
-9.031794738769531250e+01,2.671486473083496094e+01
-9.031965637207031250e+01,2.671464347839355469e+01
-9.031935882568359375e+01,2.671370887756347656e+01
-9.032053375244140625e+01,2.671495628356933594e+01
-9.031990814208984375e+01,2.671561241149902344e+01
-9.031924438476562500e+01,2.671413993835449219e+01
-9.031756591796875000e+01,2.671458625793457031e+01
-9.031735229492187500e+01,2.671406364440917969e+01
-9.032102203369140625e+01,2.671534156799316406e+01
-9.031729125976562500e+01,2.671478843688964844e+01
-9.031900024414062500e+01,2.671250534057617188e+01
-9.031862640380859375e+01,2.671407508850097656e+01
-9.031692504882812500e+01,2.671253395080566406e+01
-9.031770324707031250e+01,2.671321296691894531e+01
-9.032071685791015625e+01,2.671464157104492188e+01
-9.031949615478515625e+01,2.671332359313964844e+01
-9.031819915771484375e+01,2.671532249450683594e+01
-9.031685638427734375e+01,2.671286582946777344e+01
-9.032044219970703125e+01,2.671402549743652344e+01
-9.031984710693359375e+01,2.671554946899414062e+01
-9.031997680664062500e+01,2.671398353576660156e+01
-9.031996917724609375e+01,2.671471214294433594e+01
-9.032078552246093750e+01,2.671557235717773438e+01
-9.031914520263671875e+01,2.671568679809570312e+01
-9.031961059570312500e+01,2.671415519714355469e+01
-9.031668090820312500e+01,2.671310997009277344e+01
-9.031707000732421875e+01,2.671362113952636719e+01
-9.032105255126953125e+01,2.671508979797363281e+01
-9.031924438476562500e+01,2.671448898315429688e+01
-9.031993865966796875e+01,2.671423530578613281e+01
-9.032089996337890625e+01,2.671492385864257812e+01
-9.031852722167968750e+01,2.671558761596679688e+01
-9.031872558593750000e+01,2.671508598327636719e+01
-9.031999206542968750e+01,2.671400260925292969e+01
-9.031699371337890625e+01,2.671276855468750000e+01
-9.031762695312500000e+01,2.671521568298339844e+01
-9.031988525390625000e+01,2.671370124816894531e+01
-9.032112121582031250e+01,2.671548271179199219e+01
-9.031870269775390625e+01,2.671500205993652344e+01
-9.031699371337890625e+01,2.671330642700195312e+01
-9.031735229492187500e+01,2.671278953552246094e+01
-9.031845855712890625e+01,2.671483421325683594e+01
-9.031929016113281250e+01,2.671344184875488281e+01
-9.032006835937500000e+01,2.671331214904785156e+01
-9.032064056396484375e+01,2.671431732177734375e+01
-9.032087707519531250e+01,2.671446609497070312e+01
-9.031938171386718750e+01,2.671382522583007812e+01
-9.031855773925781250e+01,2.671567153930664062e+01
-9.032054138183593750e+01,2.671504402160644531e+01
-9.031989288330078125e+01,2.671484947204589844e+01
-9.031703948974609375e+01,2.671368217468261719e+01
-9.032019042968750000e+01,2.671406364440917969e+01
-9.031799316406250000e+01,2.671414566040039062e+01
-9.031970977783203125e+01,2.671325683593750000e+01
-9.031811523437500000e+01,2.671366691589355469e+01
-9.031752777099609375e+01,2.671519470214843750e+01
-9.031844329833984375e+01,2.671405220031738281e+01
-9.031756591796875000e+01,2.671513938903808594e+01
-9.032009124755859375e+01,2.671477508544921875e+01
-9.031996917724609375e+01,2.671512794494628906e+01
-9.031797027587890625e+01,2.671399688720703125e+01
-9.032100677490234375e+01,2.671464157104492188e+01
-9.031955718994140625e+01,2.671343612670898438e+01
-9.031667327880859375e+01,2.671357154846191406e+01
-9.031849670410156250e+01,2.671362304687500000e+01
-9.031959533691406250e+01,2.671430778503417969e+01
-9.031682586669921875e+01,2.671323394775390625e+01
-9.031633758544921875e+01,2.671347808837890625e+01
-9.031704711914062500e+01,2.671415328979492188e+01
-9.031810760498046875e+01,2.671318054199218750e+01
-9.031669616699218750e+01,2.671390151977539062e+01
-9.031626892089843750e+01,2.671285820007324219e+01
-9.031854248046875000e+01,2.671454429626464844e+01
-9.031775665283203125e+01,2.671382331848144531e+01
-9.032043457031250000e+01,2.671569442749023438e+01
-9.032051086425781250e+01,2.671518325805664062e+01
-9.032019805908203125e+01,2.671528244018554688e+01
-9.031686401367187500e+01,2.671374893188476562e+01
-9.031878662109375000e+01,2.671327781677246094e+01
-9.032076263427734375e+01,2.671522903442382812e+01
-9.031754302978515625e+01,2.671312332153320312e+01
-9.031642150878906250e+01,2.671360778808593750e+01
-9.031902313232421875e+01,2.671270370483398438e+01
-9.031858825683593750e+01,2.671331405639648438e+01
-9.031684875488281250e+01,2.671325111389160156e+01
-9.031656646728515625e+01,2.671252441406250000e+01
-9.031902313232421875e+01,2.671440315246582031e+01
-9.031981658935546875e+01,2.671472167968750000e+01
-9.032019042968750000e+01,2.671444511413574219e+01
-9.031761932373046875e+01,2.671454811096191406e+01
-9.031932830810546875e+01,2.671479606628417969e+01
-9.032123565673828125e+01,2.671548843383789062e+01
-9.032030487060546875e+01,2.671472740173339844e+01
-9.031962585449218750e+01,2.671518516540527344e+01
-9.031976318359375000e+01,2.671380424499511719e+01
-9.031986236572265625e+01,2.671461296081542969e+01
-9.031782531738281250e+01,2.671388244628906250e+01
-9.031861114501953125e+01,2.671250724792480469e+01
-9.031798553466796875e+01,2.671482467651367188e+01
-9.031955718994140625e+01,2.671382904052734375e+01
-9.031874084472656250e+01,2.671441268920898438e+01
-9.031986999511718750e+01,2.671479606628417969e+01
-9.031845855712890625e+01,2.671507453918457031e+01
-9.031987762451171875e+01,2.671451377868652344e+01
-9.031868743896484375e+01,2.671331787109375000e+01
-9.032043457031250000e+01,2.671389579772949219e+01
-9.032077789306640625e+01,2.671575927734375000e+01
-9.031785583496093750e+01,2.671514892578125000e+01
-9.032038116455078125e+01,2.671432685852050781e+01
-9.031964111328125000e+01,2.671520042419433594e+01
-9.032020568847656250e+01,2.671472549438476562e+01
-9.031986999511718750e+01,2.671332740783691406e+01
-9.031752777099609375e+01,2.671398353576660156e+01
-9.031945037841796875e+01,2.671572875976562500e+01
-9.031967926025390625e+01,2.671377563476562500e+01
-9.032110595703125000e+01,2.671549224853515625e+01
-9.031687927246093750e+01,2.671409225463867188e+01
-9.031861114501953125e+01,2.671260833740234375e+01
-9.031849670410156250e+01,2.671456527709960938e+01
-9.031941223144531250e+01,2.671373176574707031e+01
-9.031814575195312500e+01,2.671451377868652344e+01
-9.031708526611328125e+01,2.671410751342773438e+01
-9.031853485107421875e+01,2.671520423889160156e+01
-9.032002258300781250e+01,2.671554565429687500e+01
-9.031821441650390625e+01,2.671355628967285156e+01
-9.032030487060546875e+01,2.671396636962890625e+01
-9.031958007812500000e+01,2.671524620056152344e+01
-9.032045745849609375e+01,2.671541786193847656e+01
-9.031745910644531250e+01,2.671421623229980469e+01
-9.031991577148437500e+01,2.671496772766113281e+01
-9.031893920898437500e+01,2.671476173400878906e+01
-9.031743621826171875e+01,2.671490097045898438e+01
-9.032006835937500000e+01,2.671508407592773438e+01
-9.031885528564453125e+01,2.671448516845703125e+01
-9.031958770751953125e+01,2.671433067321777344e+01
-9.031726837158203125e+01,2.671365547180175781e+01
-9.032083892822265625e+01,2.671397972106933594e+01
-9.032036590576171875e+01,2.671541023254394531e+01
-9.031814575195312500e+01,2.671429252624511719e+01
-9.031996917724609375e+01,2.671398925781250000e+01
-9.031690979003906250e+01,2.671290397644042969e+01
-9.032089996337890625e+01,2.671503639221191406e+01
-9.031731414794921875e+01,2.671285629272460938e+01
-9.032014465332031250e+01,2.671348762512207031e+01
-9.031991577148437500e+01,2.671380424499511719e+01
-9.031870269775390625e+01,2.671334266662597656e+01
-9.031781768798828125e+01,2.671508979797363281e+01
-9.031896209716796875e+01,2.671472549438476562e+01
-9.031797027587890625e+01,2.671391487121582031e+01
-9.031706237792968750e+01,2.671347427368164062e+01
-9.031862640380859375e+01,2.671279716491699219e+01
-9.031743621826171875e+01,2.671435928344726562e+01
-9.031844329833984375e+01,2.671496963500976562e+01
-9.031961059570312500e+01,2.671555137634277344e+01
-9.031726837158203125e+01,2.671289825439453125e+01
-9.031806945800781250e+01,2.671455955505371094e+01
-9.032092285156250000e+01,2.671493911743164062e+01
-9.031912231445312500e+01,2.671323204040527344e+01
-9.031771850585937500e+01,2.671511650085449219e+01
-9.032020568847656250e+01,2.671461677551269531e+01
-9.031890106201171875e+01,2.671271705627441406e+01
-9.031871795654296875e+01,2.671284103393554688e+01
-9.031992340087890625e+01,2.671372413635253906e+01
-9.031944274902343750e+01,2.671541023254394531e+01
-9.031676483154296875e+01,2.671273422241210938e+01
-9.031729125976562500e+01,2.671484947204589844e+01
-9.031839752197265625e+01,2.671452522277832031e+01
-9.031880187988281250e+01,2.671272087097167969e+01
-9.032035064697265625e+01,2.671454811096191406e+01
-9.031743621826171875e+01,2.671264266967773438e+01
-9.031861877441406250e+01,2.671550559997558594e+01
-9.031932830810546875e+01,2.671514511108398438e+01
-9.032014465332031250e+01,2.671340942382812500e+01
-9.031874847412109375e+01,2.671582794189453125e+01
-9.032025909423828125e+01,2.671386146545410156e+01
-9.031746673583984375e+01,2.671337127685546875e+01
-9.031692504882812500e+01,2.671407318115234375e+01
-9.031718444824218750e+01,2.671256637573242188e+01
-9.031861114501953125e+01,2.671256828308105469e+01
-9.031789398193359375e+01,2.671337699890136719e+01
-9.031985473632812500e+01,2.671557998657226562e+01
-9.031690216064453125e+01,2.671414947509765625e+01
-9.031896972656250000e+01,2.671404266357421875e+01
-9.031751251220703125e+01,2.671443748474121094e+01
-9.031877136230468750e+01,2.671289825439453125e+01
-9.031928253173828125e+01,2.671337509155273438e+01
-9.031803894042968750e+01,2.671475410461425781e+01
-9.032118225097656250e+01,2.671481704711914062e+01
-9.031913757324218750e+01,2.671340560913085938e+01
-9.031999206542968750e+01,2.671566963195800781e+01
-9.032121276855468750e+01,2.671508407592773438e+01
-9.032096862792968750e+01,2.671473312377929688e+01
-9.031866455078125000e+01,2.671454048156738281e+01
-9.031887817382812500e+01,2.671479797363281250e+01
-9.031863403320312500e+01,2.671445846557617188e+01
-9.031901550292968750e+01,2.671346282958984375e+01
-9.032035827636718750e+01,2.671461677551269531e+01
-9.032071685791015625e+01,2.671575546264648438e+01
-9.031840515136718750e+01,2.671542549133300781e+01
-9.031763458251953125e+01,2.671389961242675781e+01
-9.031938934326171875e+01,2.671361923217773438e+01
-9.031614685058593750e+01,2.671300506591796875e+01
-9.032078552246093750e+01,2.671468162536621094e+01
-9.031868743896484375e+01,2.671337509155273438e+01
-9.032010650634765625e+01,2.671489334106445312e+01
-9.031887817382812500e+01,2.671451377868652344e+01
-9.031758880615234375e+01,2.671320533752441406e+01
-9.031996154785156250e+01,2.671539306640625000e+01
-9.031851959228515625e+01,2.671514129638671875e+01
-9.032079315185546875e+01,2.671422767639160156e+01
-9.031664276123046875e+01,2.671324157714843750e+01
-9.031747436523437500e+01,2.671426773071289062e+01
-9.031796264648437500e+01,2.671399307250976562e+01
-9.031859588623046875e+01,2.671256637573242188e+01
-9.032005310058593750e+01,2.671380615234375000e+01
-9.032112884521484375e+01,2.671544265747070312e+01
-9.032013702392578125e+01,2.671512031555175781e+01
-9.031917572021484375e+01,2.671575164794921875e+01
-9.031961822509765625e+01,2.671557998657226562e+01
-9.032048797607421875e+01,2.671547698974609375e+01
-9.032032012939453125e+01,2.671570968627929688e+01
-9.032076263427734375e+01,2.671479797363281250e+01
-9.032048797607421875e+01,2.671521568298339844e+01
-9.031874084472656250e+01,2.671449279785156250e+01
-9.031874847412109375e+01,2.671559906005859375e+01
-9.031653594970703125e+01,2.671363258361816406e+01
-9.031907653808593750e+01,2.671553230285644531e+01
-9.031820678710937500e+01,2.671354293823242188e+01
-9.031677246093750000e+01,2.671307754516601562e+01
-9.031715393066406250e+01,2.671418952941894531e+01
-9.031629943847656250e+01,2.671295928955078125e+01
-9.031641387939453125e+01,2.671318435668945312e+01
-9.031684875488281250e+01,2.671352577209472656e+01
-9.031948852539062500e+01,2.671585845947265625e+01
-9.031722259521484375e+01,2.671286582946777344e+01
-9.031769561767578125e+01,2.671471786499023438e+01
-9.032014465332031250e+01,2.671355819702148438e+01
-9.031949615478515625e+01,2.671358108520507812e+01
-9.031969451904296875e+01,2.671351432800292969e+01
-9.031790161132812500e+01,2.671312904357910156e+01
-9.031926727294921875e+01,2.671374320983886719e+01
-9.031716918945312500e+01,2.671460914611816406e+01
-9.031974029541015625e+01,2.671401786804199219e+01
-9.031814575195312500e+01,2.671504783630371094e+01
-9.031878662109375000e+01,2.671312522888183594e+01
-9.032073211669921875e+01,2.671519470214843750e+01
-9.031776428222656250e+01,2.671419715881347656e+01
-9.031716156005859375e+01,2.671326065063476562e+01
-9.031843566894531250e+01,2.671524620056152344e+01
-9.031870269775390625e+01,2.671310043334960938e+01
-9.031771087646484375e+01,2.671387100219726562e+01
-9.032001495361328125e+01,2.671505355834960938e+01
-9.031999206542968750e+01,2.671344184875488281e+01
-9.031971740722656250e+01,2.671434020996093750e+01
-9.031913757324218750e+01,2.671313476562500000e+01
-9.031962585449218750e+01,2.671473121643066406e+01
-9.031766510009765625e+01,2.671498298645019531e+01
-9.031745910644531250e+01,2.671372985839843750e+01
-9.031708526611328125e+01,2.671440124511718750e+01
-9.032010650634765625e+01,2.671571159362792969e+01
-9.031986999511718750e+01,2.671436500549316406e+01
-9.031800079345703125e+01,2.671463584899902344e+01
-9.031855010986328125e+01,2.671548080444335938e+01
-9.032031250000000000e+01,2.671413803100585938e+01
-9.032067871093750000e+01,2.671515846252441406e+01
-9.031819915771484375e+01,2.671431350708007812e+01
-9.031729888916015625e+01,2.671304512023925781e+01
-9.031623840332031250e+01,2.671339035034179688e+01
-9.031937408447265625e+01,2.671278381347656250e+01
-9.031786346435546875e+01,2.671308708190917969e+01
-9.031750488281250000e+01,2.671436882019042969e+01
-9.031799316406250000e+01,2.671288299560546875e+01
-9.031689453125000000e+01,2.671334457397460938e+01
-9.031819152832031250e+01,2.671387672424316406e+01
-9.031874084472656250e+01,2.671497535705566406e+01
-9.031883239746093750e+01,2.671295547485351562e+01
-9.031962585449218750e+01,2.671522712707519531e+01
-9.032073974609375000e+01,2.671496200561523438e+01
-9.031621551513671875e+01,2.671276473999023438e+01
-9.031879425048828125e+01,2.671327590942382812e+01
-9.031807708740234375e+01,2.671358108520507812e+01
-9.032111358642578125e+01,2.671515655517578125e+01
-9.032012939453125000e+01,2.671454429626464844e+01
-9.032025146484375000e+01,2.671364974975585938e+01
-9.031943511962890625e+01,2.671310615539550781e+01
-9.031990051269531250e+01,2.671376228332519531e+01
-9.031877899169921875e+01,2.671520614624023438e+01
-9.031707000732421875e+01,2.671295928955078125e+01
-9.032004547119140625e+01,2.671517944335937500e+01
-9.031821441650390625e+01,2.671368408203125000e+01
-9.031945037841796875e+01,2.671375846862792969e+01
-9.031826019287109375e+01,2.671322441101074219e+01
-9.031951141357421875e+01,2.671448898315429688e+01
-9.031786346435546875e+01,2.671326446533203125e+01
-9.032065582275390625e+01,2.671435356140136719e+01
-9.031856536865234375e+01,2.671318626403808594e+01
-9.031758880615234375e+01,2.671464920043945312e+01
-9.031734466552734375e+01,2.671488952636718750e+01
-9.031796264648437500e+01,2.671490669250488281e+01
-9.031676483154296875e+01,2.671285057067871094e+01
-9.031940460205078125e+01,2.671535873413085938e+01
-9.031913757324218750e+01,2.671529579162597656e+01
-9.031666564941406250e+01,2.671308708190917969e+01
-9.032051086425781250e+01,2.671515655517578125e+01
-9.031898498535156250e+01,2.671312713623046875e+01
-9.032030487060546875e+01,2.671431350708007812e+01
-9.031795501708984375e+01,2.671317291259765625e+01
-9.031764984130859375e+01,2.671494865417480469e+01
-9.031884765625000000e+01,2.671300697326660156e+01
-9.031872558593750000e+01,2.671297073364257812e+01
-9.031756591796875000e+01,2.671408271789550781e+01
-9.031665802001953125e+01,2.671317481994628906e+01
-9.031941986083984375e+01,2.671448326110839844e+01
-9.032107543945312500e+01,2.671467781066894531e+01
-9.031666564941406250e+01,2.671325492858886719e+01
-9.032073211669921875e+01,2.671418571472167969e+01
-9.031857299804687500e+01,2.671377182006835938e+01
-9.032004547119140625e+01,2.671491813659667969e+01
-9.032076263427734375e+01,2.671448898315429688e+01
-9.031850433349609375e+01,2.671373176574707031e+01
-9.031845092773437500e+01,2.671371650695800781e+01
-9.031925964355468750e+01,2.671545982360839844e+01
-9.031771850585937500e+01,2.671483802795410156e+01
-9.032005310058593750e+01,2.671351814270019531e+01
-9.031861877441406250e+01,2.671396064758300781e+01
-9.032013702392578125e+01,2.671424102783203125e+01
-9.031854248046875000e+01,2.671413421630859375e+01
-9.031821441650390625e+01,2.671294784545898438e+01
-9.031889343261718750e+01,2.671522712707519531e+01
-9.031953430175781250e+01,2.671379852294921875e+01
-9.032001495361328125e+01,2.671404266357421875e+01
-9.032000732421875000e+01,2.671405792236328125e+01
-9.031642150878906250e+01,2.671265983581542969e+01
-9.031825256347656250e+01,2.671501350402832031e+01
-9.032009124755859375e+01,2.671334266662597656e+01
-9.031883239746093750e+01,2.671383094787597656e+01
-9.031735229492187500e+01,2.671299171447753906e+01
-9.031842803955078125e+01,2.671545600891113281e+01
-9.031816101074218750e+01,2.671460151672363281e+01
-9.031864929199218750e+01,2.671415138244628906e+01
-9.031968688964843750e+01,2.671301460266113281e+01
-9.031684875488281250e+01,2.671332168579101562e+01
-9.031875610351562500e+01,2.671382904052734375e+01
-9.031761169433593750e+01,2.671519660949707031e+01
-9.031869506835937500e+01,2.671310234069824219e+01
-9.031733703613281250e+01,2.671264648437500000e+01
-9.031806945800781250e+01,2.671323776245117188e+01
-9.031722259521484375e+01,2.671466445922851562e+01
-9.031796264648437500e+01,2.671302795410156250e+01
-9.031811523437500000e+01,2.671325492858886719e+01
-9.031920623779296875e+01,2.671547508239746094e+01
-9.031916809082031250e+01,2.671504783630371094e+01
-9.031969451904296875e+01,2.671399307250976562e+01
-9.031682586669921875e+01,2.671331024169921875e+01
-9.032070159912109375e+01,2.671482086181640625e+01
-9.031726837158203125e+01,2.671366882324218750e+01
-9.031899261474609375e+01,2.671247100830078125e+01
-9.031861877441406250e+01,2.671367263793945312e+01
-9.031685638427734375e+01,2.671350479125976562e+01
-9.031657409667968750e+01,2.671392059326171875e+01
-9.031989288330078125e+01,2.671335029602050781e+01
-9.031681823730468750e+01,2.671370697021484375e+01
-9.032040405273437500e+01,2.671534538269042969e+01
-9.031881713867187500e+01,2.671319389343261719e+01
-9.031926727294921875e+01,2.671314048767089844e+01
-9.031690979003906250e+01,2.671307563781738281e+01
-9.031806182861328125e+01,2.671319770812988281e+01
-9.031851959228515625e+01,2.671427345275878906e+01
-9.032026672363281250e+01,2.671542358398437500e+01
-9.032105255126953125e+01,2.671458053588867188e+01
-9.031729888916015625e+01,2.671320343017578125e+01
-9.032082366943359375e+01,2.671568107604980469e+01
-9.032101440429687500e+01,2.671551704406738281e+01
-9.031742095947265625e+01,2.671289634704589844e+01
-9.031756591796875000e+01,2.671360206604003906e+01
-9.031761169433593750e+01,2.671394538879394531e+01
-9.031704711914062500e+01,2.671371459960937500e+01
-9.031768035888671875e+01,2.671423721313476562e+01
-9.031919860839843750e+01,2.671548080444335938e+01
-9.031903076171875000e+01,2.671469306945800781e+01
-9.031899261474609375e+01,2.671531105041503906e+01
-9.032083892822265625e+01,2.671478843688964844e+01
-9.032000732421875000e+01,2.671516418457031250e+01
-9.031919097900390625e+01,2.671523284912109375e+01
-9.031836700439453125e+01,2.671270751953125000e+01
-9.031968688964843750e+01,2.671489715576171875e+01
-9.031649780273437500e+01,2.671356582641601562e+01
-9.031806182861328125e+01,2.671430015563964844e+01
-9.031903839111328125e+01,2.671394157409667969e+01
-9.031778717041015625e+01,2.671335792541503906e+01
-9.031806945800781250e+01,2.671548461914062500e+01
-9.031833648681640625e+01,2.671507263183593750e+01
-9.031752014160156250e+01,2.671496772766113281e+01
-9.032116699218750000e+01,2.671532630920410156e+01
-9.032110595703125000e+01,2.671483993530273438e+01
-9.031955718994140625e+01,2.671527290344238281e+01
-9.031958007812500000e+01,2.671398353576660156e+01
-9.032061767578125000e+01,2.671467781066894531e+01
-9.031716918945312500e+01,2.671464729309082031e+01
-9.031668853759765625e+01,2.671370697021484375e+01
-9.031803131103515625e+01,2.671448898315429688e+01
-9.031817626953125000e+01,2.671473503112792969e+01
-9.031905364990234375e+01,2.671577072143554688e+01
-9.031648254394531250e+01,2.671362304687500000e+01
-9.032020568847656250e+01,2.671519470214843750e+01
-9.032025909423828125e+01,2.671508979797363281e+01
-9.031845855712890625e+01,2.671336364746093750e+01
-9.031886291503906250e+01,2.671512603759765625e+01
-9.031842041015625000e+01,2.671362495422363281e+01
-9.031832885742187500e+01,2.671566390991210938e+01
-9.031750488281250000e+01,2.671482276916503906e+01
-9.031906127929687500e+01,2.671453094482421875e+01
-9.031851196289062500e+01,2.671288490295410156e+01
-9.032000732421875000e+01,2.671496772766113281e+01
-9.031707000732421875e+01,2.671418762207031250e+01
-9.031832885742187500e+01,2.671554374694824219e+01
-9.031655120849609375e+01,2.671353530883789062e+01
-9.032077789306640625e+01,2.671402359008789062e+01
-9.031750488281250000e+01,2.671454429626464844e+01
-9.031829833984375000e+01,2.671365547180175781e+01
-9.031780242919921875e+01,2.671460151672363281e+01
-9.031967163085937500e+01,2.671407699584960938e+01
-9.031985473632812500e+01,2.671546363830566406e+01
-9.031874847412109375e+01,2.671392822265625000e+01
-9.032022094726562500e+01,2.671452331542968750e+01
-9.031951904296875000e+01,2.671459579467773438e+01
-9.031862640380859375e+01,2.671360969543457031e+01
-9.031929779052734375e+01,2.671410751342773438e+01
-9.031701660156250000e+01,2.671369743347167969e+01
-9.032077789306640625e+01,2.671441078186035156e+01
-9.031730651855468750e+01,2.671461105346679688e+01
-9.031952667236328125e+01,2.671447563171386719e+01
-9.031839752197265625e+01,2.671444702148437500e+01
-9.031867980957031250e+01,2.671321487426757812e+01
-9.031844329833984375e+01,2.671332931518554688e+01
-9.031841278076171875e+01,2.671277427673339844e+01
-9.031787872314453125e+01,2.671306991577148438e+01
-9.031922912597656250e+01,2.671526145935058594e+01
-9.031903076171875000e+01,2.671251869201660156e+01
-9.031933593750000000e+01,2.671272850036621094e+01
-9.031890869140625000e+01,2.671288299560546875e+01
-9.031807708740234375e+01,2.671353340148925781e+01
-9.031739044189453125e+01,2.671318244934082031e+01
-9.031697845458984375e+01,2.671268272399902344e+01
-9.031805419921875000e+01,2.671386528015136719e+01
-9.031766510009765625e+01,2.671287536621093750e+01
-9.031678771972656250e+01,2.671343994140625000e+01
-9.031941986083984375e+01,2.671472930908203125e+01
-9.031867218017578125e+01,2.671502494812011719e+01
-9.031632232666015625e+01,2.671328926086425781e+01
-9.031916809082031250e+01,2.671392059326171875e+01
-9.031794738769531250e+01,2.671317863464355469e+01
-9.031779479980468750e+01,2.671463394165039062e+01
-9.031819152832031250e+01,2.671492576599121094e+01
-9.032032775878906250e+01,2.671409416198730469e+01
-9.031846618652343750e+01,2.671270942687988281e+01
-9.031781768798828125e+01,2.671444892883300781e+01
-9.032023620605468750e+01,2.671550178527832031e+01
-9.032066345214843750e+01,2.671485900878906250e+01
-9.031644439697265625e+01,2.671282386779785156e+01
-9.031615447998046875e+01,2.671303558349609375e+01
-9.031936645507812500e+01,2.671274948120117188e+01
-9.031756591796875000e+01,2.671451377868652344e+01
-9.031694030761718750e+01,2.671426963806152344e+01
-9.031948852539062500e+01,2.671368408203125000e+01
-9.031856536865234375e+01,2.671535682678222656e+01
-9.032106781005859375e+01,2.671542549133300781e+01
-9.031858825683593750e+01,2.671429252624511719e+01
-9.031725311279296875e+01,2.671371841430664062e+01
-9.031768035888671875e+01,2.671411132812500000e+01
-9.031657409667968750e+01,2.671327400207519531e+01
-9.032033538818359375e+01,2.671408653259277344e+01
-9.031887054443359375e+01,2.671473693847656250e+01
-9.031777954101562500e+01,2.671380615234375000e+01
-9.031913757324218750e+01,2.671301841735839844e+01
-9.032026672363281250e+01,2.671391677856445312e+01
-9.031980133056640625e+01,2.671463775634765625e+01
-9.031721496582031250e+01,2.671376228332519531e+01
-9.031750488281250000e+01,2.671375083923339844e+01
-9.031695556640625000e+01,2.671317291259765625e+01
-9.031862640380859375e+01,2.671322822570800781e+01
-9.032094573974609375e+01,2.671414375305175781e+01
-9.031855773925781250e+01,2.671565437316894531e+01
-9.031847381591796875e+01,2.671351623535156250e+01
-9.032109069824218750e+01,2.671476745605468750e+01
-9.032070159912109375e+01,2.671468734741210938e+01
-9.032001495361328125e+01,2.671531486511230469e+01
-9.031916809082031250e+01,2.671488571166992188e+01
-9.031812286376953125e+01,2.671431922912597656e+01
-9.032032012939453125e+01,2.671572685241699219e+01
-9.031896972656250000e+01,2.671499061584472656e+01
-9.031955718994140625e+01,2.671549034118652344e+01
-9.031864929199218750e+01,2.671532630920410156e+01
-9.031761169433593750e+01,2.671488952636718750e+01
-9.032115936279296875e+01,2.671487998962402344e+01
-9.031818389892578125e+01,2.671558189392089844e+01
-9.031679534912109375e+01,2.671253395080566406e+01
-9.031780242919921875e+01,2.671418190002441406e+01
-9.031779479980468750e+01,2.671478271484375000e+01
-9.031875610351562500e+01,2.671493148803710938e+01
-9.031834411621093750e+01,2.671462059020996094e+01
-9.031748199462890625e+01,2.671316337585449219e+01
-9.031916046142578125e+01,2.671334838867187500e+01
-9.031836700439453125e+01,2.671298408508300781e+01
-9.031997680664062500e+01,2.671377182006835938e+01
-9.031892395019531250e+01,2.671319389343261719e+01
-9.031928253173828125e+01,2.671560859680175781e+01
-9.031721496582031250e+01,2.671370315551757812e+01
-9.031866455078125000e+01,2.671360778808593750e+01
-9.031700897216796875e+01,2.671395111083984375e+01
-9.031648254394531250e+01,2.671298599243164062e+01
-9.031903839111328125e+01,2.671516609191894531e+01
-9.032040405273437500e+01,2.671371078491210938e+01
-9.031827545166015625e+01,2.671303939819335938e+01
-9.031955718994140625e+01,2.671550178527832031e+01
-9.032040405273437500e+01,2.671503257751464844e+01
-9.032015991210937500e+01,2.671364593505859375e+01
-9.031728363037109375e+01,2.671370887756347656e+01
-9.031997680664062500e+01,2.671422576904296875e+01
-9.031707763671875000e+01,2.671401214599609375e+01
-9.031856536865234375e+01,2.671423530578613281e+01
-9.031883239746093750e+01,2.671353149414062500e+01
-9.031695556640625000e+01,2.671267509460449219e+01
-9.031729125976562500e+01,2.671379470825195312e+01
-9.031789398193359375e+01,2.671311950683593750e+01
-9.031735992431640625e+01,2.671416664123535156e+01
-9.032043457031250000e+01,2.671573257446289062e+01
-9.031947326660156250e+01,2.671338844299316406e+01
-9.031756591796875000e+01,2.671371269226074219e+01
-9.031721496582031250e+01,2.671343803405761719e+01
-9.031709289550781250e+01,2.671372413635253906e+01
-9.031732940673828125e+01,2.671459007263183594e+01
-9.031934356689453125e+01,2.671559143066406250e+01
-9.031900787353515625e+01,2.671265983581542969e+01
-9.032027435302734375e+01,2.671400070190429688e+01
-9.031784820556640625e+01,2.671388435363769531e+01
-9.032074737548828125e+01,2.671455574035644531e+01
-9.031988525390625000e+01,2.671524238586425781e+01
-9.031707000732421875e+01,2.671320724487304688e+01
-9.031897735595703125e+01,2.671441650390625000e+01
-9.031955718994140625e+01,2.671365737915039062e+01
-9.032035064697265625e+01,2.671451950073242188e+01
-9.031994628906250000e+01,2.671516036987304688e+01
-9.032012939453125000e+01,2.671552467346191406e+01
-9.031927490234375000e+01,2.671479225158691406e+01
-9.032086181640625000e+01,2.671542358398437500e+01
-9.031996917724609375e+01,2.671411705017089844e+01
-9.031975555419921875e+01,2.671380233764648438e+01
-9.031926727294921875e+01,2.671293449401855469e+01
-9.031959533691406250e+01,2.671543884277343750e+01
-9.031741333007812500e+01,2.671405410766601562e+01
-9.032038116455078125e+01,2.671360015869140625e+01
-9.031935119628906250e+01,2.671378517150878906e+01
-9.031941986083984375e+01,2.671290779113769531e+01
-9.031937408447265625e+01,2.671446800231933594e+01
-9.031985473632812500e+01,2.671349143981933594e+01
-9.031844329833984375e+01,2.671481513977050781e+01
-9.031749725341796875e+01,2.671399497985839844e+01
-9.031880187988281250e+01,2.671269989013671875e+01
-9.031732940673828125e+01,2.671388244628906250e+01
-9.031687164306640625e+01,2.671315002441406250e+01
-9.032039642333984375e+01,2.671464538574218750e+01
-9.031778717041015625e+01,2.671337699890136719e+01
-9.031783294677734375e+01,2.671516609191894531e+01
-9.031664276123046875e+01,2.671299743652343750e+01
-9.031937408447265625e+01,2.671328926086425781e+01
-9.031951141357421875e+01,2.671392631530761719e+01
-9.031678771972656250e+01,2.671289634704589844e+01
-9.031916809082031250e+01,2.671410751342773438e+01
-9.031662750244140625e+01,2.671335983276367188e+01
-9.032104492187500000e+01,2.671442413330078125e+01
-9.031976318359375000e+01,2.671512985229492188e+01
-9.031970977783203125e+01,2.671365737915039062e+01
-9.031880187988281250e+01,2.671395492553710938e+01
-9.031675720214843750e+01,2.671413421630859375e+01
-9.031847381591796875e+01,2.671432113647460938e+01
-9.031806182861328125e+01,2.671302413940429688e+01
-9.031793975830078125e+01,2.671432685852050781e+01
-9.031876373291015625e+01,2.671400070190429688e+01
-9.031861877441406250e+01,2.671299171447753906e+01
-9.031893920898437500e+01,2.671382141113281250e+01
-9.031928253173828125e+01,2.671287727355957031e+01
-9.031765747070312500e+01,2.671453285217285156e+01
-9.031748962402343750e+01,2.671437263488769531e+01
-9.031900787353515625e+01,2.671343803405761719e+01
-9.031778717041015625e+01,2.671306037902832031e+01
-9.031791687011718750e+01,2.671316719055175781e+01
-9.032054901123046875e+01,2.671526718139648438e+01
-9.031960296630859375e+01,2.671563148498535156e+01
-9.032073974609375000e+01,2.671421432495117188e+01
-9.032054901123046875e+01,2.671557807922363281e+01
-9.031747436523437500e+01,2.671329116821289062e+01
-9.032109832763671875e+01,2.671534347534179688e+01
-9.031935882568359375e+01,2.671328735351562500e+01
-9.031884002685546875e+01,2.671247673034667969e+01
-9.032036590576171875e+01,2.671445274353027344e+01
-9.031912231445312500e+01,2.671457481384277344e+01
-9.032112121582031250e+01,2.671518707275390625e+01
-9.031646728515625000e+01,2.671351432800292969e+01
-9.031937408447265625e+01,2.671345901489257812e+01
-9.031958770751953125e+01,2.671446037292480469e+01
-9.031821441650390625e+01,2.671504783630371094e+01
-9.031993865966796875e+01,2.671422195434570312e+01
-9.032024383544921875e+01,2.671531867980957031e+01
-9.031924438476562500e+01,2.671283721923828125e+01
-9.032025146484375000e+01,2.671526336669921875e+01
-9.031830596923828125e+01,2.671345520019531250e+01
-9.031713104248046875e+01,2.671376037597656250e+01
-9.031690979003906250e+01,2.671342468261718750e+01
-9.031766510009765625e+01,2.671460342407226562e+01
-9.031952667236328125e+01,2.671434020996093750e+01
-9.031762695312500000e+01,2.671329689025878906e+01
-9.031875610351562500e+01,2.671534347534179688e+01
-9.032052612304687500e+01,2.671510124206542969e+01
-9.031862640380859375e+01,2.671270942687988281e+01
-9.032072448730468750e+01,2.671481704711914062e+01
-9.031946563720703125e+01,2.671584510803222656e+01
-9.031871032714843750e+01,2.671418380737304688e+01
-9.031838226318359375e+01,2.671301078796386719e+01
-9.031698608398437500e+01,2.671316909790039062e+01
-9.031697845458984375e+01,2.671435737609863281e+01
-9.031721496582031250e+01,2.671314239501953125e+01
-9.031857299804687500e+01,2.671483039855957031e+01
-9.031866455078125000e+01,2.671298027038574219e+01
-9.031995391845703125e+01,2.671427726745605469e+01
-9.032069396972656250e+01,2.671405410766601562e+01
-9.031718444824218750e+01,2.671375465393066406e+01
-9.031922912597656250e+01,2.671346092224121094e+01
-9.032080841064453125e+01,2.671434974670410156e+01
-9.031816864013671875e+01,2.671417999267578125e+01
-9.031849670410156250e+01,2.671372795104980469e+01
-9.032064056396484375e+01,2.671430969238281250e+01
-9.031774139404296875e+01,2.671358299255371094e+01
-9.031690216064453125e+01,2.671343803405761719e+01
-9.031669616699218750e+01,2.671343421936035156e+01
-9.032056427001953125e+01,2.671463775634765625e+01
-9.031971740722656250e+01,2.671552848815917969e+01
-9.031723785400390625e+01,2.671460914611816406e+01
-9.031758117675781250e+01,2.671299743652343750e+01
-9.032000732421875000e+01,2.671508407592773438e+01
-9.031983947753906250e+01,2.671488952636718750e+01
-9.031890106201171875e+01,2.671457862854003906e+01
-9.031884002685546875e+01,2.671336936950683594e+01
-9.031979370117187500e+01,2.671348953247070312e+01
-9.031777191162109375e+01,2.671511077880859375e+01
-9.031847381591796875e+01,2.671287918090820312e+01
-9.031787872314453125e+01,2.671427917480468750e+01
-9.032071685791015625e+01,2.671420478820800781e+01
-9.031823730468750000e+01,2.671319198608398438e+01
-9.031716156005859375e+01,2.671256065368652344e+01
-9.031850433349609375e+01,2.671320343017578125e+01
-9.032073211669921875e+01,2.671427154541015625e+01
-9.031925201416015625e+01,2.671471595764160156e+01
-9.031900024414062500e+01,2.671352005004882812e+01
-9.032038879394531250e+01,2.671518516540527344e+01
-9.031734466552734375e+01,2.671473884582519531e+01
-9.031916046142578125e+01,2.671586608886718750e+01
-9.031690216064453125e+01,2.671280479431152344e+01
-9.031840515136718750e+01,2.671470642089843750e+01
-9.031803131103515625e+01,2.671368026733398438e+01
-9.031649017333984375e+01,2.671309661865234375e+01
-9.031942749023437500e+01,2.671402549743652344e+01
-9.031659698486328125e+01,2.671351242065429688e+01
-9.032050323486328125e+01,2.671478462219238281e+01
-9.031894683837890625e+01,2.671387100219726562e+01
-9.031831359863281250e+01,2.671571731567382812e+01
-9.031855773925781250e+01,2.671461868286132812e+01
-9.031983947753906250e+01,2.671463966369628906e+01
-9.031968688964843750e+01,2.671344184875488281e+01
-9.031941223144531250e+01,2.671336555480957031e+01
-9.032081604003906250e+01,2.671432685852050781e+01
-9.031748199462890625e+01,2.671445846557617188e+01
-9.031644439697265625e+01,2.671306991577148438e+01
-9.032054138183593750e+01,2.671547126770019531e+01
-9.031882476806640625e+01,2.671262168884277344e+01
-9.031636810302734375e+01,2.671325683593750000e+01
-9.032054901123046875e+01,2.671556282043457031e+01
-9.031960296630859375e+01,2.671507835388183594e+01
-9.032032775878906250e+01,2.671549606323242188e+01
-9.031808471679687500e+01,2.671508407592773438e+01
-9.031701660156250000e+01,2.671433639526367188e+01
-9.031944274902343750e+01,2.671521949768066406e+01
-9.031723022460937500e+01,2.671446990966796875e+01
-9.031820678710937500e+01,2.671489906311035156e+01
-9.032040405273437500e+01,2.671412467956542969e+01
-9.032032775878906250e+01,2.671374320983886719e+01
-9.032012939453125000e+01,2.671540069580078125e+01
-9.031913757324218750e+01,2.671336555480957031e+01
-9.031749725341796875e+01,2.671289253234863281e+01
-9.031618499755859375e+01,2.671283721923828125e+01
-9.031886291503906250e+01,2.671364212036132812e+01
-9.031832122802734375e+01,2.671440315246582031e+01
-9.031664276123046875e+01,2.671258735656738281e+01
-9.032071685791015625e+01,2.671516799926757812e+01
-9.032022857666015625e+01,2.671481323242187500e+01
-9.031729888916015625e+01,2.671258926391601562e+01
-9.031745910644531250e+01,2.671480369567871094e+01
-9.031664276123046875e+01,2.671297264099121094e+01
-9.032052612304687500e+01,2.671479797363281250e+01
-9.031876373291015625e+01,2.671573257446289062e+01
-9.031696319580078125e+01,2.671395301818847656e+01
-9.032089233398437500e+01,2.671531486511230469e+01
-9.032089996337890625e+01,2.671434020996093750e+01
-9.031883239746093750e+01,2.671359634399414062e+01
-9.031832885742187500e+01,2.671509933471679688e+01
-9.031813812255859375e+01,2.671528434753417969e+01
-9.031790924072265625e+01,2.671451187133789062e+01
-9.032071685791015625e+01,2.671489906311035156e+01
-9.031722259521484375e+01,2.671399497985839844e+01
-9.032057952880859375e+01,2.671514701843261719e+01
-9.031852722167968750e+01,2.671513938903808594e+01
-9.031678009033203125e+01,2.671313476562500000e+01
-9.032025909423828125e+01,2.671465492248535156e+01
-9.032044219970703125e+01,2.671467781066894531e+01
-9.031952667236328125e+01,2.671405792236328125e+01
-9.031766510009765625e+01,2.671470069885253906e+01
-9.031748199462890625e+01,2.671390914916992188e+01
-9.031833648681640625e+01,2.671507263183593750e+01
-9.031878662109375000e+01,2.671362686157226562e+01
-9.032061004638671875e+01,2.671563339233398438e+01
-9.031894683837890625e+01,2.671265983581542969e+01
-9.031897735595703125e+01,2.671541595458984375e+01
-9.031733703613281250e+01,2.671445655822753906e+01
-9.031761169433593750e+01,2.671522140502929688e+01
-9.032033538818359375e+01,2.671449470520019531e+01
-9.032099914550781250e+01,2.671508026123046875e+01
-9.031790161132812500e+01,2.671357917785644531e+01
-9.031779479980468750e+01,2.671392822265625000e+01
-9.031687927246093750e+01,2.671276092529296875e+01
-9.031844329833984375e+01,2.671296119689941406e+01
-9.031851959228515625e+01,2.671388816833496094e+01
-9.031809997558593750e+01,2.671454620361328125e+01
-9.031910705566406250e+01,2.671503448486328125e+01
-9.031858825683593750e+01,2.671242141723632812e+01
-9.031835174560546875e+01,2.671513175964355469e+01
-9.031990814208984375e+01,2.671429824829101562e+01
-9.031961822509765625e+01,2.671513175964355469e+01
-9.031850433349609375e+01,2.671336364746093750e+01
-9.031832122802734375e+01,2.671430206298828125e+01
-9.032062530517578125e+01,2.671549797058105469e+01
-9.031893157958984375e+01,2.671452140808105469e+01
-9.031985473632812500e+01,2.671536445617675781e+01
-9.032072448730468750e+01,2.671466255187988281e+01
-9.031744384765625000e+01,2.671313285827636719e+01
-9.031961059570312500e+01,2.671368408203125000e+01
-9.031809234619140625e+01,2.671303749084472656e+01
-9.032102203369140625e+01,2.671522140502929688e+01
-9.031930541992187500e+01,2.671413612365722656e+01
-9.031745147705078125e+01,2.671497344970703125e+01
-9.031727600097656250e+01,2.671321868896484375e+01
-9.032116699218750000e+01,2.671489524841308594e+01
-9.031710815429687500e+01,2.671287727355957031e+01
-9.031847381591796875e+01,2.671575355529785156e+01
-9.031961059570312500e+01,2.671500205993652344e+01
-9.032018280029296875e+01,2.671518516540527344e+01
-9.031841278076171875e+01,2.671513557434082031e+01
-9.031867980957031250e+01,2.671446228027343750e+01
-9.032021331787109375e+01,2.671547508239746094e+01
-9.031906127929687500e+01,2.671537017822265625e+01
-9.031920623779296875e+01,2.671312522888183594e+01
-9.031775665283203125e+01,2.671478843688964844e+01
-9.031727600097656250e+01,2.671487617492675781e+01
-9.031837463378906250e+01,2.671519279479980469e+01
-9.032007598876953125e+01,2.671434593200683594e+01
-9.031903076171875000e+01,2.671412086486816406e+01
-9.031765747070312500e+01,2.671321487426757812e+01
-9.031863403320312500e+01,2.671408271789550781e+01
-9.032113647460937500e+01,2.671487617492675781e+01
-9.031665802001953125e+01,2.671347808837890625e+01
-9.031910705566406250e+01,2.671385955810546875e+01
-9.031846618652343750e+01,2.671575546264648438e+01
-9.031822967529296875e+01,2.671400451660156250e+01
-9.031930541992187500e+01,2.671357917785644531e+01
-9.031929779052734375e+01,2.671502304077148438e+01
-9.031887054443359375e+01,2.671585655212402344e+01
-9.032004547119140625e+01,2.671530342102050781e+01
-9.031775665283203125e+01,2.671491432189941406e+01
-9.031961059570312500e+01,2.671313285827636719e+01
-9.031945800781250000e+01,2.671467781066894531e+01
-9.031979370117187500e+01,2.671326065063476562e+01
-9.031687164306640625e+01,2.671372413635253906e+01
-9.031939697265625000e+01,2.671486854553222656e+01
-9.031855773925781250e+01,2.671392059326171875e+01
-9.031824493408203125e+01,2.671454429626464844e+01
-9.031723022460937500e+01,2.671313285827636719e+01
