longitude,latitude
-8.875531768798828125e+01,2.789709091186523438e+01
-8.878524780273437500e+01,2.791309928894042969e+01
-8.876116943359375000e+01,2.790122032165527344e+01
-8.880288696289062500e+01,2.792019462585449219e+01
-8.875254058837890625e+01,2.789523887634277344e+01
-8.877043151855468750e+01,2.790397453308105469e+01
-8.877312469482421875e+01,2.789462661743164062e+01
-8.878069305419921875e+01,2.790343666076660156e+01
-8.875309753417968750e+01,2.789028549194335938e+01
-8.876073455810546875e+01,2.789925384521484375e+01
-8.877995300292968750e+01,2.790318679809570312e+01
-8.875685119628906250e+01,2.789786338806152344e+01
-8.876701354980468750e+01,2.788904762268066406e+01
-8.875585937500000000e+01,2.788763427734375000e+01
-8.876206970214843750e+01,2.788511085510253906e+01
-8.879434967041015625e+01,2.791821289062500000e+01
-8.877534484863281250e+01,2.789286041259765625e+01
-8.877566528320312500e+01,2.790081977844238281e+01
-8.876966857910156250e+01,2.788656234741210938e+01
-8.880078887939453125e+01,2.792058181762695312e+01
-8.876251983642578125e+01,2.789399337768554688e+01
-8.875722503662109375e+01,2.789862442016601562e+01
-8.877957916259765625e+01,2.790685844421386719e+01
-8.877218627929687500e+01,2.788883018493652344e+01
-8.875214385986328125e+01,2.788136100769042969e+01
-8.876211547851562500e+01,2.788558769226074219e+01
-8.877423095703125000e+01,2.789175224304199219e+01
-8.876844787597656250e+01,2.789412879943847656e+01
-8.875659179687500000e+01,2.787602233886718750e+01
-8.875744628906250000e+01,2.788209724426269531e+01
-8.876634979248046875e+01,2.789993286132812500e+01
-8.875778198242187500e+01,2.788648414611816406e+01
-8.879543304443359375e+01,2.791804885864257812e+01
-8.877928924560546875e+01,2.791000366210937500e+01
-8.878483581542968750e+01,2.791221618652343750e+01
-8.876552581787109375e+01,2.788479423522949219e+01
-8.877255249023437500e+01,2.790436363220214844e+01
-8.879253387451171875e+01,2.791685295104980469e+01
-8.874907684326171875e+01,2.788485145568847656e+01
-8.876771545410156250e+01,2.789222145080566406e+01
-8.876726531982421875e+01,2.788670539855957031e+01
-8.878826904296875000e+01,2.790952873229980469e+01
-8.875734710693359375e+01,2.788165664672851562e+01
-8.877910614013671875e+01,2.788817405700683594e+01
-8.877171325683593750e+01,2.790029335021972656e+01
-8.876818847656250000e+01,2.789157676696777344e+01
-8.877029418945312500e+01,2.788414192199707031e+01
-8.875605010986328125e+01,2.789164733886718750e+01
-8.877139282226562500e+01,2.789991569519042969e+01
-8.877690887451171875e+01,2.789093208312988281e+01
-8.878004455566406250e+01,2.789369583129882812e+01
-8.877182006835937500e+01,2.790463256835937500e+01
-8.879959106445312500e+01,2.791998100280761719e+01
-8.874684143066406250e+01,2.789465904235839844e+01
-8.877469635009765625e+01,2.790148925781250000e+01
-8.877300262451171875e+01,2.789251327514648438e+01
-8.876818084716796875e+01,2.789614868164062500e+01
-8.876367187500000000e+01,2.789461135864257812e+01
-8.877890777587890625e+01,2.790076828002929688e+01
-8.880265045166015625e+01,2.791931533813476562e+01
-8.877182769775390625e+01,2.789273452758789062e+01
-8.874482727050781250e+01,2.789153099060058594e+01
-8.875455474853515625e+01,2.788758277893066406e+01
-8.878116607666015625e+01,2.790859794616699219e+01
-8.877416992187500000e+01,2.788679695129394531e+01
-8.877246856689453125e+01,2.788626670837402344e+01
-8.876288604736328125e+01,2.789009666442871094e+01
-8.876896667480468750e+01,2.788813781738281250e+01
-8.880358886718750000e+01,2.791947746276855469e+01
-8.878305816650390625e+01,2.789788246154785156e+01
-8.877864074707031250e+01,2.789399719238281250e+01
-8.876894378662109375e+01,2.790333938598632812e+01
-8.877627563476562500e+01,2.790438270568847656e+01
-8.878317260742187500e+01,2.789723396301269531e+01
-8.879422760009765625e+01,2.791899490356445312e+01
-8.875244140625000000e+01,2.788501739501953125e+01
-8.877231597900390625e+01,2.789179229736328125e+01
-8.876682281494140625e+01,2.788604736328125000e+01
-8.877689361572265625e+01,2.789758300781250000e+01
-8.874536895751953125e+01,2.789109420776367188e+01
-8.876142120361328125e+01,2.788952827453613281e+01
-8.880152893066406250e+01,2.792175292968750000e+01
-8.877605438232421875e+01,2.788731193542480469e+01
-8.875638580322265625e+01,2.788705253601074219e+01
-8.876365661621093750e+01,2.787849426269531250e+01
-8.876482391357421875e+01,2.790234184265136719e+01
-8.878296661376953125e+01,2.790929985046386719e+01
-8.876240539550781250e+01,2.789192771911621094e+01
-8.875859069824218750e+01,2.787641525268554688e+01
-8.875510406494140625e+01,2.788040161132812500e+01
-8.875901031494140625e+01,2.788712882995605469e+01
-8.875068664550781250e+01,2.788797760009765625e+01
-8.875885772705078125e+01,2.789771461486816406e+01
-8.874924468994140625e+01,2.788434600830078125e+01
-8.876103973388671875e+01,2.788647270202636719e+01
-8.876974487304687500e+01,2.788541984558105469e+01
-8.875653839111328125e+01,2.788494300842285156e+01
-8.877688598632812500e+01,2.790397262573242188e+01
-8.874493408203125000e+01,2.789129257202148438e+01
-8.874761962890625000e+01,2.789217567443847656e+01
-8.874810028076171875e+01,2.789374923706054688e+01
-8.876762390136718750e+01,2.789525413513183594e+01
-8.875279235839843750e+01,2.789029121398925781e+01
-8.877225494384765625e+01,2.789330101013183594e+01
-8.874959564208984375e+01,2.788233566284179688e+01
-8.878224182128906250e+01,2.791066360473632812e+01
-8.880106353759765625e+01,2.792010307312011719e+01
-8.879209899902343750e+01,2.791507530212402344e+01
-8.874736785888671875e+01,2.789595985412597656e+01
-8.876261901855468750e+01,2.787706184387207031e+01
-8.876022338867187500e+01,2.788770103454589844e+01
-8.875779724121093750e+01,2.789786720275878906e+01
-8.877040863037109375e+01,2.790317535400390625e+01
-8.877645874023437500e+01,2.789108276367187500e+01
-8.876119995117187500e+01,2.788767051696777344e+01
-8.875560760498046875e+01,2.789890670776367188e+01
-8.879592895507812500e+01,2.791917610168457031e+01
-8.878041076660156250e+01,2.790584754943847656e+01
-8.875708770751953125e+01,2.787659454345703125e+01
-8.878900909423828125e+01,2.791507339477539062e+01
-8.876995086669921875e+01,2.789832305908203125e+01
-8.880097198486328125e+01,2.791983222961425781e+01
-8.874607849121093750e+01,2.789361763000488281e+01
-8.877703857421875000e+01,2.789240074157714844e+01
-8.876525878906250000e+01,2.788939666748046875e+01
-8.876277923583984375e+01,2.787854957580566406e+01
-8.877935791015625000e+01,2.789461135864257812e+01
-8.876787567138671875e+01,2.788830375671386719e+01
-8.880461120605468750e+01,2.792174339294433594e+01
-8.877029418945312500e+01,2.790205192565917969e+01
-8.876355743408203125e+01,2.788138580322265625e+01
-8.878063201904296875e+01,2.789691352844238281e+01
-8.875826263427734375e+01,2.789865875244140625e+01
-8.875643920898437500e+01,2.787908363342285156e+01
-8.878309631347656250e+01,2.789261054992675781e+01
-8.878353881835937500e+01,2.791025543212890625e+01
-8.877521514892578125e+01,2.790279769897460938e+01
-8.878713226318359375e+01,2.790932846069335938e+01
-8.878080749511718750e+01,2.789871215820312500e+01
-8.878304290771484375e+01,2.790318870544433594e+01
-8.876175689697265625e+01,2.788415718078613281e+01
-8.876455688476562500e+01,2.788226890563964844e+01
-8.880557250976562500e+01,2.792039108276367188e+01
-8.879517364501953125e+01,2.791730880737304688e+01
-8.879098510742187500e+01,2.791365242004394531e+01
-8.877589416503906250e+01,2.788803100585937500e+01
-8.876377105712890625e+01,2.789518165588378906e+01
-8.877244567871093750e+01,2.790082931518554688e+01
-8.876482391357421875e+01,2.788155174255371094e+01
-8.880630493164062500e+01,2.792123413085937500e+01
-8.877546691894531250e+01,2.788991355895996094e+01
-8.876367187500000000e+01,2.788160896301269531e+01
-8.875424194335937500e+01,2.788798713684082031e+01
-8.874702453613281250e+01,2.789513587951660156e+01
-8.875653076171875000e+01,2.789831352233886719e+01
-8.879907989501953125e+01,2.791942787170410156e+01
-8.875392150878906250e+01,2.787763404846191406e+01
-8.875133514404296875e+01,2.788593292236328125e+01
-8.876011657714843750e+01,2.788212394714355469e+01
-8.877964019775390625e+01,2.788976669311523438e+01
-8.875978851318359375e+01,2.788373756408691406e+01
-8.874996948242187500e+01,2.789477348327636719e+01
-8.876909637451171875e+01,2.789291191101074219e+01
-8.875736999511718750e+01,2.788792037963867188e+01
-8.875871276855468750e+01,2.787854576110839844e+01
-8.878103637695312500e+01,2.790884017944335938e+01
-8.878048706054687500e+01,2.790166091918945312e+01
-8.877873229980468750e+01,2.788831710815429688e+01
-8.876501464843750000e+01,2.789368438720703125e+01
-8.875102233886718750e+01,2.789616012573242188e+01
-8.879257202148437500e+01,2.791572570800781250e+01
-8.876486206054687500e+01,2.790099716186523438e+01
-8.877154541015625000e+01,2.789756584167480469e+01
-8.877541351318359375e+01,2.789502906799316406e+01
-8.875119781494140625e+01,2.788380622863769531e+01
-8.875176239013671875e+01,2.788814735412597656e+01
-8.876947784423828125e+01,2.788858413696289062e+01
-8.874665832519531250e+01,2.789501190185546875e+01
-8.878276824951171875e+01,2.789359283447265625e+01
-8.875967407226562500e+01,2.790021896362304688e+01
-8.876068115234375000e+01,2.790077972412109375e+01
-8.875475311279296875e+01,2.788948440551757812e+01
-8.876590728759765625e+01,2.788429260253906250e+01
-8.877068328857421875e+01,2.790004920959472656e+01
-8.878993988037109375e+01,2.791357994079589844e+01
-8.877101135253906250e+01,2.788544845581054688e+01
-8.876624298095703125e+01,2.788266563415527344e+01
-8.878075408935546875e+01,2.789293098449707031e+01
-8.878217315673828125e+01,2.789593887329101562e+01
-8.876422119140625000e+01,2.789773178100585938e+01
-8.877780151367187500e+01,2.790820312500000000e+01
-8.875352478027343750e+01,2.789260864257812500e+01
-8.875323486328125000e+01,2.789013290405273438e+01
-8.876015472412109375e+01,2.788959884643554688e+01
-8.876957702636718750e+01,2.789951324462890625e+01
-8.875314331054687500e+01,2.788776969909667969e+01
-8.877397155761718750e+01,2.789371490478515625e+01
-8.875688934326171875e+01,2.788519096374511719e+01
-8.876268768310546875e+01,2.788764572143554688e+01
-8.879584503173828125e+01,2.791721534729003906e+01
-8.874898529052734375e+01,2.789592933654785156e+01
-8.874833679199218750e+01,2.788755989074707031e+01
-8.875511932373046875e+01,2.789666938781738281e+01
-8.878894042968750000e+01,2.791130828857421875e+01
-8.876949310302734375e+01,2.789112663269042969e+01
-8.877940368652343750e+01,2.789277458190917969e+01
-8.880174255371093750e+01,2.792028045654296875e+01
-8.877614593505859375e+01,2.788782310485839844e+01
-8.876161193847656250e+01,2.787886619567871094e+01
-8.877745819091796875e+01,2.790433502197265625e+01
-8.875707244873046875e+01,2.787846565246582031e+01
-8.875030517578125000e+01,2.788558578491210938e+01
-8.875841522216796875e+01,2.789524269104003906e+01
-8.875643920898437500e+01,2.787742042541503906e+01
-8.875022125244140625e+01,2.788415527343750000e+01
-8.877534484863281250e+01,2.789586639404296875e+01
-8.875422668457031250e+01,2.789515686035156250e+01
-8.877378082275390625e+01,2.789081954956054688e+01
-8.875791931152343750e+01,2.789934539794921875e+01
-8.879152679443359375e+01,2.791307830810546875e+01
-8.876525878906250000e+01,2.788153266906738281e+01
-8.875798797607421875e+01,2.787919616699218750e+01
-8.876895904541015625e+01,2.789127540588378906e+01
-8.876721191406250000e+01,2.790343284606933594e+01
-8.877603912353515625e+01,2.789889526367187500e+01
-8.875222778320312500e+01,2.789041709899902344e+01
-8.874887084960937500e+01,2.789023017883300781e+01
-8.876747894287109375e+01,2.790294075012207031e+01
-8.876209259033203125e+01,2.789392280578613281e+01
-8.876210784912109375e+01,2.789735221862792969e+01
-8.876915740966796875e+01,2.788935279846191406e+01
-8.874965667724609375e+01,2.788237571716308594e+01
-8.876538848876953125e+01,2.790001869201660156e+01
-8.877975463867187500e+01,2.790514755249023438e+01
-8.876486206054687500e+01,2.790353012084960938e+01
-8.879598236083984375e+01,2.791810035705566406e+01
-8.876673126220703125e+01,2.789112663269042969e+01
-8.875602722167968750e+01,2.788792991638183594e+01
-8.876490020751953125e+01,2.790068435668945312e+01
-8.875717163085937500e+01,2.787971687316894531e+01
-8.875070953369140625e+01,2.789315032958984375e+01
-8.875331115722656250e+01,2.789277458190917969e+01
-8.878865051269531250e+01,2.790982246398925781e+01
-8.874104309082031250e+01,2.789353179931640625e+01
-8.876781463623046875e+01,2.789558792114257812e+01
-8.876847076416015625e+01,2.789191055297851562e+01
-8.874850463867187500e+01,2.789594268798828125e+01
-8.874868011474609375e+01,2.788903236389160156e+01
-8.875762176513671875e+01,2.789072418212890625e+01
-8.876151275634765625e+01,2.787761688232421875e+01
-8.875268554687500000e+01,2.789024162292480469e+01
-8.879182434082031250e+01,2.791500282287597656e+01
-8.876074218750000000e+01,2.790032958984375000e+01
-8.876310729980468750e+01,2.789979743957519531e+01
-8.876147460937500000e+01,2.789560317993164062e+01
-8.876036834716796875e+01,2.788708496093750000e+01
-8.874094390869140625e+01,2.789383697509765625e+01
-8.877909851074218750e+01,2.789424705505371094e+01
-8.876569366455078125e+01,2.788800430297851562e+01
-8.876662445068359375e+01,2.790110588073730469e+01
-8.876039886474609375e+01,2.788236618041992188e+01
-8.878065490722656250e+01,2.791027069091796875e+01
-8.875469970703125000e+01,2.788118743896484375e+01
-8.874790954589843750e+01,2.789219093322753906e+01
-8.876720428466796875e+01,2.788875961303710938e+01
-8.878065490722656250e+01,2.790219497680664062e+01
-8.877278137207031250e+01,2.788794898986816406e+01
-8.875725555419921875e+01,2.789210128784179688e+01
-8.875515747070312500e+01,2.789112854003906250e+01
-8.876312255859375000e+01,2.789597702026367188e+01
-8.878923797607421875e+01,2.791571807861328125e+01
-8.875578308105468750e+01,2.789755821228027344e+01
-8.877943420410156250e+01,2.790162658691406250e+01
-8.875907897949218750e+01,2.789883422851562500e+01
-8.875251770019531250e+01,2.788703346252441406e+01
-8.878018951416015625e+01,2.789197540283203125e+01
-8.878031921386718750e+01,2.789089775085449219e+01
-8.879279327392578125e+01,2.791560745239257812e+01
-8.874852752685546875e+01,2.788440322875976562e+01
-8.875509643554687500e+01,2.788906097412109375e+01
-8.874554443359375000e+01,2.789370727539062500e+01
-8.876201629638671875e+01,2.788035774230957031e+01
-8.878092193603515625e+01,2.790689468383789062e+01
-8.874446868896484375e+01,2.789294242858886719e+01
-8.875569915771484375e+01,2.789326286315917969e+01
-8.874658966064453125e+01,2.788588714599609375e+01
-8.875904846191406250e+01,2.789048957824707031e+01
-8.876331329345703125e+01,2.788096427917480469e+01
-8.875482940673828125e+01,2.788252258300781250e+01
-8.875209808349609375e+01,2.789074134826660156e+01
-8.878075408935546875e+01,2.788963127136230469e+01
-8.875994110107421875e+01,2.788288879394531250e+01
-8.878572082519531250e+01,2.790984725952148438e+01
-8.877010345458984375e+01,2.788851737976074219e+01
-8.875003814697265625e+01,2.789707183837890625e+01
-8.877856445312500000e+01,2.790358352661132812e+01
-8.876189422607421875e+01,2.790005874633789062e+01
-8.877397155761718750e+01,2.789272308349609375e+01
-8.878870391845703125e+01,2.791514205932617188e+01
-8.876430511474609375e+01,2.787878799438476562e+01
-8.877706146240234375e+01,2.789161109924316406e+01
-8.876875305175781250e+01,2.790019798278808594e+01
-8.876386260986328125e+01,2.789014434814453125e+01
-8.875117492675781250e+01,2.789418411254882812e+01
-8.878426361083984375e+01,2.791137504577636719e+01
-8.878746032714843750e+01,2.791475105285644531e+01
-8.876119232177734375e+01,2.788320922851562500e+01
-8.878890228271484375e+01,2.791594123840332031e+01
-8.877736663818359375e+01,2.789894866943359375e+01
-8.875886535644531250e+01,2.789268493652343750e+01
-8.877361297607421875e+01,2.788870429992675781e+01
-8.876210021972656250e+01,2.788612556457519531e+01
-8.875775146484375000e+01,2.789696121215820312e+01
-8.880484008789062500e+01,2.792186737060546875e+01
-8.876739501953125000e+01,2.789603996276855469e+01
-8.876026916503906250e+01,2.788934326171875000e+01
-8.875000762939453125e+01,2.788788032531738281e+01
-8.877133941650390625e+01,2.790170669555664062e+01
-8.875144958496093750e+01,2.788636016845703125e+01
-8.875434875488281250e+01,2.789424514770507812e+01
-8.876068878173828125e+01,2.790052032470703125e+01
-8.880522918701171875e+01,2.792173767089843750e+01
-8.878314208984375000e+01,2.790632820129394531e+01
-8.877788543701171875e+01,2.790253639221191406e+01
-8.877375030517578125e+01,2.790371322631835938e+01
-8.877180480957031250e+01,2.788434028625488281e+01
-8.876671600341796875e+01,2.789806556701660156e+01
-8.879290771484375000e+01,2.791577529907226562e+01
-8.879920196533203125e+01,2.792087364196777344e+01
-8.878252410888671875e+01,2.789201354980468750e+01
-8.875601959228515625e+01,2.789721679687500000e+01
-8.874907684326171875e+01,2.789095878601074219e+01
-8.880560302734375000e+01,2.792245483398437500e+01
-8.878289031982421875e+01,2.790899276733398438e+01
-8.876445770263671875e+01,2.789171028137207031e+01
-8.876812744140625000e+01,2.790248298645019531e+01
-8.875634002685546875e+01,2.788166046142578125e+01
-8.874593353271484375e+01,2.789181137084960938e+01
-8.876003265380859375e+01,2.790197181701660156e+01
-8.877148437500000000e+01,2.789161109924316406e+01
-8.876169586181640625e+01,2.789337921142578125e+01
-8.876976013183593750e+01,2.789039039611816406e+01
-8.875769042968750000e+01,2.789573287963867188e+01
-8.875509643554687500e+01,2.789744377136230469e+01
-8.876628875732421875e+01,2.789551925659179688e+01
-8.877523803710937500e+01,2.790078735351562500e+01
-8.874729919433593750e+01,2.789287567138671875e+01
-8.876171112060546875e+01,2.788690376281738281e+01
-8.876853942871093750e+01,2.789971160888671875e+01
-8.877786254882812500e+01,2.789370346069335938e+01
-8.878119659423828125e+01,2.790472221374511719e+01
-8.876761627197265625e+01,2.788351249694824219e+01
-8.878211212158203125e+01,2.790477180480957031e+01
-8.874970245361328125e+01,2.789506340026855469e+01
-8.875059509277343750e+01,2.788900566101074219e+01
-8.878630065917968750e+01,2.791242790222167969e+01
-8.874658203125000000e+01,2.789348030090332031e+01
-8.875933837890625000e+01,2.789081382751464844e+01
-8.876320648193359375e+01,2.787858581542968750e+01
-8.875094604492187500e+01,2.788257789611816406e+01
-8.878134155273437500e+01,2.790426445007324219e+01
-8.876396942138671875e+01,2.788339996337890625e+01
-8.876431274414062500e+01,2.789022827148437500e+01
-8.875174713134765625e+01,2.789749145507812500e+01
-8.876554107666015625e+01,2.789616966247558594e+01
-8.878122711181640625e+01,2.789523315429687500e+01
-8.878750610351562500e+01,2.791479682922363281e+01
-8.875229644775390625e+01,2.788751220703125000e+01
-8.876429748535156250e+01,2.788468170166015625e+01
-8.875585174560546875e+01,2.787622451782226562e+01
-8.874598693847656250e+01,2.789062309265136719e+01
-8.877291870117187500e+01,2.789309120178222656e+01
-8.876971435546875000e+01,2.789253234863281250e+01
-8.875504302978515625e+01,2.788009643554687500e+01
-8.876844787597656250e+01,2.788801574707031250e+01
-8.877451324462890625e+01,2.789464187622070312e+01
-8.877879333496093750e+01,2.789390563964843750e+01
-8.875579071044921875e+01,2.787723731994628906e+01
-8.875650024414062500e+01,2.789341735839843750e+01
-8.875563812255859375e+01,2.788162422180175781e+01
-8.877957916259765625e+01,2.790788269042968750e+01
-8.878257751464843750e+01,2.790585899353027344e+01
-8.877513885498046875e+01,2.789707946777343750e+01
-8.875399780273437500e+01,2.788203430175781250e+01
-8.877039337158203125e+01,2.788944244384765625e+01
-8.875733947753906250e+01,2.788163948059082031e+01
-8.875360870361328125e+01,2.789247322082519531e+01
-8.875401306152343750e+01,2.789654350280761719e+01
-8.874462127685546875e+01,2.789354324340820312e+01
-8.876405334472656250e+01,2.788493347167968750e+01
-8.877536010742187500e+01,2.789105606079101562e+01
-8.874648284912109375e+01,2.789545059204101562e+01
-8.875734710693359375e+01,2.789798545837402344e+01
-8.875547027587890625e+01,2.789096450805664062e+01
-8.875930786132812500e+01,2.789545440673828125e+01
-8.876842498779296875e+01,2.789293670654296875e+01
-8.876255798339843750e+01,2.789846992492675781e+01
-8.879519653320312500e+01,2.791694259643554688e+01
-8.875076293945312500e+01,2.788715934753417969e+01
-8.877363586425781250e+01,2.789866447448730469e+01
-8.877734375000000000e+01,2.789441871643066406e+01
-8.875185394287109375e+01,2.789016342163085938e+01
-8.878253936767578125e+01,2.789449691772460938e+01
-8.876116943359375000e+01,2.788673782348632812e+01
-8.876064300537109375e+01,2.787631225585937500e+01
-8.875534820556640625e+01,2.789524650573730469e+01
-8.877893066406250000e+01,2.789835357666015625e+01
-8.876898193359375000e+01,2.790081787109375000e+01
-8.877662658691406250e+01,2.788946914672851562e+01
-8.876074981689453125e+01,2.787956809997558594e+01
-8.876229858398437500e+01,2.789238357543945312e+01
-8.879528045654296875e+01,2.791778755187988281e+01
-8.877770233154296875e+01,2.790253067016601562e+01
-8.877455139160156250e+01,2.788832664489746094e+01
-8.877263641357421875e+01,2.788475608825683594e+01
-8.877171325683593750e+01,2.789209556579589844e+01
-8.878131103515625000e+01,2.789586830139160156e+01
-8.874367523193359375e+01,2.789488220214843750e+01
-8.874691772460937500e+01,2.788975715637207031e+01
-8.877106475830078125e+01,2.789449882507324219e+01
-8.876210021972656250e+01,2.789399528503417969e+01
-8.875946807861328125e+01,2.789337921142578125e+01
-8.875315856933593750e+01,2.788291358947753906e+01
-8.876042175292968750e+01,2.788881111145019531e+01
-8.877903747558593750e+01,2.788875389099121094e+01
-8.875936889648437500e+01,2.788403511047363281e+01
-8.876458740234375000e+01,2.788237953186035156e+01
-8.877348327636718750e+01,2.790512275695800781e+01
-8.877809143066406250e+01,2.788872528076171875e+01
-8.879045104980468750e+01,2.791552925109863281e+01
-8.877668762207031250e+01,2.790132904052734375e+01
-8.876962280273437500e+01,2.789800453186035156e+01
-8.875205230712890625e+01,2.788814735412597656e+01
-8.877475738525390625e+01,2.789792823791503906e+01
-8.877954864501953125e+01,2.790625190734863281e+01
-8.876472473144531250e+01,2.790330696105957031e+01
-8.877873992919921875e+01,2.789372634887695312e+01
-8.878776550292968750e+01,2.790897560119628906e+01
-8.880447387695312500e+01,2.792268180847167969e+01
-8.875521850585937500e+01,2.788549423217773438e+01
-8.875687408447265625e+01,2.788161659240722656e+01
-8.874994659423828125e+01,2.788945198059082031e+01
-8.877571868896484375e+01,2.789635848999023438e+01
-8.880476379394531250e+01,2.792377090454101562e+01
-8.878193664550781250e+01,2.789122962951660156e+01
-8.876977539062500000e+01,2.789479255676269531e+01
-8.876458740234375000e+01,2.788978767395019531e+01
-8.877626800537109375e+01,2.790420532226562500e+01
-8.874517822265625000e+01,2.789462280273437500e+01
-8.874912261962890625e+01,2.789311218261718750e+01
-8.878075408935546875e+01,2.790237236022949219e+01
-8.875870513916015625e+01,2.788491821289062500e+01
-8.876722717285156250e+01,2.790082168579101562e+01
-8.878335571289062500e+01,2.790995025634765625e+01
-8.874848937988281250e+01,2.789316368103027344e+01
-8.876538085937500000e+01,2.788860321044921875e+01
-8.876077270507812500e+01,2.788251686096191406e+01
-8.875837707519531250e+01,2.788530158996582031e+01
-8.879717254638671875e+01,2.791850471496582031e+01
-8.875750732421875000e+01,2.788391685485839844e+01
-8.875473785400390625e+01,2.789589881896972656e+01
-8.877269744873046875e+01,2.790064620971679688e+01
-8.875738525390625000e+01,2.788298988342285156e+01
-8.878754425048828125e+01,2.791067695617675781e+01
-8.880180358886718750e+01,2.791941833496093750e+01
-8.876073455810546875e+01,2.788119888305664062e+01
-8.875360870361328125e+01,2.789504051208496094e+01
-8.876976776123046875e+01,2.788627433776855469e+01
-8.877334594726562500e+01,2.789906883239746094e+01
-8.877221679687500000e+01,2.788447570800781250e+01
-8.877222442626953125e+01,2.789632225036621094e+01
-8.876609039306640625e+01,2.788213920593261719e+01
-8.874546813964843750e+01,2.789229011535644531e+01
-8.877385711669921875e+01,2.790036773681640625e+01
-8.877999114990234375e+01,2.790486907958984375e+01
-8.877412414550781250e+01,2.789382362365722656e+01
-8.877919769287109375e+01,2.789786338806152344e+01
-8.880618286132812500e+01,2.792228698730468750e+01
-8.876892852783203125e+01,2.789913558959960938e+01
-8.876254272460937500e+01,2.788010406494140625e+01
-8.876428985595703125e+01,2.787863540649414062e+01
-8.874880981445312500e+01,2.788859939575195312e+01
-8.879901885986328125e+01,2.792153549194335938e+01
-8.876599121093750000e+01,2.788895225524902344e+01
-8.874740600585937500e+01,2.789561271667480469e+01
-8.876096343994140625e+01,2.788229179382324219e+01
-8.876368713378906250e+01,2.788475990295410156e+01
-8.876657867431640625e+01,2.789196395874023438e+01
-8.874890899658203125e+01,2.788632774353027344e+01
-8.877099609375000000e+01,2.788372039794921875e+01
-8.876868438720703125e+01,2.790410995483398438e+01
-8.875676727294921875e+01,2.789473915100097656e+01
-8.878179931640625000e+01,2.789648056030273438e+01
-8.876387023925781250e+01,2.788650512695312500e+01
-8.879756164550781250e+01,2.791887283325195312e+01
-8.877444458007812500e+01,2.789205551147460938e+01
-8.876643371582031250e+01,2.789039611816406250e+01
-8.877020263671875000e+01,2.789304161071777344e+01
-8.875915527343750000e+01,2.789596176147460938e+01
-8.877034759521484375e+01,2.788614273071289062e+01
-8.878214263916015625e+01,2.790965461730957031e+01
-8.880023193359375000e+01,2.791985511779785156e+01
-8.877515411376953125e+01,2.789392471313476562e+01
-8.877522277832031250e+01,2.789841651916503906e+01
-8.877359008789062500e+01,2.789118194580078125e+01
-8.877962493896484375e+01,2.789292144775390625e+01
-8.876612091064453125e+01,2.788281440734863281e+01
-8.879835510253906250e+01,2.791993713378906250e+01
-8.874990081787109375e+01,2.788883018493652344e+01
-8.875212860107421875e+01,2.789565277099609375e+01
-8.877810668945312500e+01,2.789065933227539062e+01
-8.875476837158203125e+01,2.788180541992187500e+01
-8.878034210205078125e+01,2.790969467163085938e+01
-8.876933288574218750e+01,2.789780235290527344e+01
-8.875092315673828125e+01,2.789097404479980469e+01
-8.874938964843750000e+01,2.788910675048828125e+01
-8.877580261230468750e+01,2.789142417907714844e+01
-8.874728393554687500e+01,2.788522529602050781e+01
-8.876394653320312500e+01,2.789344024658203125e+01
-8.876226806640625000e+01,2.790071105957031250e+01
-8.876486206054687500e+01,2.788219642639160156e+01
-8.875595092773437500e+01,2.788854980468750000e+01
-8.877592468261718750e+01,2.790324211120605469e+01
-8.877219390869140625e+01,2.790172958374023438e+01
-8.876454925537109375e+01,2.789236640930175781e+01
-8.878574371337890625e+01,2.791248512268066406e+01
-8.877135467529296875e+01,2.790040969848632812e+01
-8.877310180664062500e+01,2.789541625976562500e+01
-8.875899505615234375e+01,2.788075447082519531e+01
-8.875773620605468750e+01,2.787870597839355469e+01
-8.875884246826171875e+01,2.788951301574707031e+01
-8.875585174560546875e+01,2.788536071777343750e+01
-8.876801300048828125e+01,2.790323829650878906e+01
-8.877207946777343750e+01,2.789547348022460938e+01
-8.877178192138671875e+01,2.788933372497558594e+01
-8.875292205810546875e+01,2.789242553710937500e+01
-8.877335357666015625e+01,2.789952087402343750e+01
-8.876020812988281250e+01,2.787948608398437500e+01
-8.877117156982421875e+01,2.789887428283691406e+01
-8.877211761474609375e+01,2.788885116577148438e+01
-8.876226806640625000e+01,2.789713287353515625e+01
-8.877475738525390625e+01,2.789203262329101562e+01
-8.876570892333984375e+01,2.790108871459960938e+01
-8.875636291503906250e+01,2.788239097595214844e+01
-8.876708984375000000e+01,2.789257812500000000e+01
-8.878169250488281250e+01,2.789032173156738281e+01
-8.876624298095703125e+01,2.789008522033691406e+01
-8.876220703125000000e+01,2.790186309814453125e+01
-8.879158020019531250e+01,2.791768074035644531e+01
-8.876715850830078125e+01,2.790212821960449219e+01
-8.875151824951171875e+01,2.788045310974121094e+01
-8.875886535644531250e+01,2.788751029968261719e+01
-8.876292419433593750e+01,2.787715339660644531e+01
-8.877960968017578125e+01,2.790829849243164062e+01
-8.877362823486328125e+01,2.788886642456054688e+01
-8.876307678222656250e+01,2.787905883789062500e+01
-8.877735137939453125e+01,2.789766883850097656e+01
-8.878615570068359375e+01,2.791266250610351562e+01
-8.877122497558593750e+01,2.788713073730468750e+01
-8.877046966552734375e+01,2.788662910461425781e+01
-8.874997711181640625e+01,2.789634132385253906e+01
-8.876149749755859375e+01,2.788382530212402344e+01
-8.875633239746093750e+01,2.789150047302246094e+01
-8.877211761474609375e+01,2.789821624755859375e+01
-8.879775238037109375e+01,2.791847229003906250e+01
-8.878922271728515625e+01,2.791547584533691406e+01
-8.876335906982421875e+01,2.789256668090820312e+01
-8.874439239501953125e+01,2.789184570312500000e+01
-8.875872039794921875e+01,2.789496803283691406e+01
-8.877155303955078125e+01,2.788865661621093750e+01
-8.876088714599609375e+01,2.788242912292480469e+01
-8.877794647216796875e+01,2.790664100646972656e+01
-8.875664520263671875e+01,2.787607955932617188e+01
-8.875640869140625000e+01,2.788073730468750000e+01
-8.879569244384765625e+01,2.791611099243164062e+01
-8.874138641357421875e+01,2.789381408691406250e+01
-8.875611114501953125e+01,2.788754272460937500e+01
-8.875605773925781250e+01,2.788939666748046875e+01
-8.878813934326171875e+01,2.791291046142578125e+01
-8.877991485595703125e+01,2.789742851257324219e+01
-8.879384613037109375e+01,2.791538429260253906e+01
-8.876030731201171875e+01,2.788626289367675781e+01
-8.879061126708984375e+01,2.791206359863281250e+01
-8.876355743408203125e+01,2.789003562927246094e+01
-8.876351928710937500e+01,2.787810897827148438e+01
-8.880134582519531250e+01,2.792096710205078125e+01
-8.875066375732421875e+01,2.788675689697265625e+01
-8.874842834472656250e+01,2.789565849304199219e+01
-8.876414489746093750e+01,2.789565277099609375e+01
-8.876144409179687500e+01,2.789291191101074219e+01
-8.875839233398437500e+01,2.788338279724121094e+01
-8.876123809814453125e+01,2.789870452880859375e+01
-8.877033996582031250e+01,2.789124298095703125e+01
-8.876798248291015625e+01,2.788672637939453125e+01
-8.877485656738281250e+01,2.789083099365234375e+01
-8.876887512207031250e+01,2.788937759399414062e+01
-8.878035736083984375e+01,2.791060638427734375e+01
-8.876442718505859375e+01,2.788855934143066406e+01
-8.876206970214843750e+01,2.788147926330566406e+01
-8.876171875000000000e+01,2.789332962036132812e+01
-8.875035095214843750e+01,2.789212036132812500e+01
-8.875152587890625000e+01,2.788943481445312500e+01
-8.875512695312500000e+01,2.789642906188964844e+01
-8.878846740722656250e+01,2.790938949584960938e+01
-8.875424957275390625e+01,2.788029289245605469e+01
-8.875305175781250000e+01,2.789781761169433594e+01
-8.878852844238281250e+01,2.791425132751464844e+01
-8.876753997802734375e+01,2.789239692687988281e+01
-8.879671478271484375e+01,2.791725349426269531e+01
-8.877324676513671875e+01,2.788604164123535156e+01
-8.879820251464843750e+01,2.791917228698730469e+01
-8.878569793701171875e+01,2.791386604309082031e+01
-8.875005340576171875e+01,2.788201141357421875e+01
-8.875811767578125000e+01,2.788491439819335938e+01
-8.877482604980468750e+01,2.790471839904785156e+01
-8.877281951904296875e+01,2.790457534790039062e+01
-8.878414154052734375e+01,2.791174888610839844e+01
-8.876253509521484375e+01,2.788670730590820312e+01
-8.878637695312500000e+01,2.791142082214355469e+01
-8.874634552001953125e+01,2.789304351806640625e+01
-8.876474761962890625e+01,2.789406585693359375e+01
-8.874129486083984375e+01,2.789400482177734375e+01
-8.876625823974609375e+01,2.790343093872070312e+01
-8.877606964111328125e+01,2.789312934875488281e+01
-8.878308105468750000e+01,2.789570808410644531e+01
-8.877157592773437500e+01,2.789997100830078125e+01
-8.876774597167968750e+01,2.789041328430175781e+01
-8.876398468017578125e+01,2.789157295227050781e+01
-8.875341033935546875e+01,2.788916397094726562e+01
-8.878394317626953125e+01,2.790829086303710938e+01
-8.877993774414062500e+01,2.788961410522460938e+01
-8.875320434570312500e+01,2.788188171386718750e+01
-8.876317596435546875e+01,2.789523124694824219e+01
-8.878350067138671875e+01,2.791231155395507812e+01
-8.878273010253906250e+01,2.789685630798339844e+01
-8.876320648193359375e+01,2.789570999145507812e+01
-8.874924468994140625e+01,2.789410972595214844e+01
-8.877745056152343750e+01,2.788919830322265625e+01
-8.877687835693359375e+01,2.790547752380371094e+01
-8.875992584228515625e+01,2.787906646728515625e+01
-8.878266143798828125e+01,2.789673614501953125e+01
-8.875287628173828125e+01,2.788171958923339844e+01
-8.878106689453125000e+01,2.790514183044433594e+01
-8.876917266845703125e+01,2.789587402343750000e+01
-8.878475189208984375e+01,2.791119766235351562e+01
-8.875476837158203125e+01,2.789268112182617188e+01
-8.874813842773437500e+01,2.788516044616699219e+01
-8.874581909179687500e+01,2.789144134521484375e+01
-8.876893615722656250e+01,2.789235115051269531e+01
-8.878890228271484375e+01,2.790994644165039062e+01
-8.875375366210937500e+01,2.787669372558593750e+01
-8.876194763183593750e+01,2.787918663024902344e+01
-8.876322174072265625e+01,2.790139198303222656e+01
-8.875577545166015625e+01,2.788923263549804688e+01
-8.879057312011718750e+01,2.791638565063476562e+01
-8.877809906005859375e+01,2.789266014099121094e+01
-8.877106475830078125e+01,2.789582252502441406e+01
-8.875067138671875000e+01,2.788293457031250000e+01
-8.876687622070312500e+01,2.789896583557128906e+01
-8.875622558593750000e+01,2.788242530822753906e+01
-8.877445220947265625e+01,2.789039993286132812e+01
-8.875837707519531250e+01,2.789266777038574219e+01
-8.874715423583984375e+01,2.789625740051269531e+01
-8.875926971435546875e+01,2.789587783813476562e+01
-8.877091979980468750e+01,2.788829994201660156e+01
-8.877719116210937500e+01,2.789831733703613281e+01
-8.876226806640625000e+01,2.788177299499511719e+01
-8.876470184326171875e+01,2.789972496032714844e+01
-8.875642395019531250e+01,2.788038825988769531e+01
-8.876564025878906250e+01,2.789801406860351562e+01
-8.878731536865234375e+01,2.791105651855468750e+01
-8.879665374755859375e+01,2.791847991943359375e+01
-8.876176452636718750e+01,2.787634468078613281e+01
-8.877346038818359375e+01,2.788859176635742188e+01
-8.879257202148437500e+01,2.791508483886718750e+01
-8.875540161132812500e+01,2.788567733764648438e+01
-8.876774597167968750e+01,2.788353729248046875e+01
-8.878129577636718750e+01,2.789381790161132812e+01
-8.875395965576171875e+01,2.789772224426269531e+01
-8.877307891845703125e+01,2.789611244201660156e+01
-8.875125122070312500e+01,2.789129447937011719e+01
-8.877119445800781250e+01,2.788582420349121094e+01
-8.875189208984375000e+01,2.788744544982910156e+01
-8.875122070312500000e+01,2.789554405212402344e+01
-8.877957916259765625e+01,2.790114974975585938e+01
-8.877023315429687500e+01,2.790359115600585938e+01
-8.877655792236328125e+01,2.789557647705078125e+01
-8.876128387451171875e+01,2.790079116821289062e+01
-8.877689361572265625e+01,2.790213966369628906e+01
-8.875384521484375000e+01,2.788844490051269531e+01
-8.879062652587890625e+01,2.791539382934570312e+01
-8.875550079345703125e+01,2.788877487182617188e+01
-8.878342437744140625e+01,2.791050148010253906e+01
-8.877061462402343750e+01,2.788379859924316406e+01
-8.878212738037109375e+01,2.789606285095214844e+01
-8.880204772949218750e+01,2.791903114318847656e+01
-8.876383209228515625e+01,2.789920997619628906e+01
-8.875719451904296875e+01,2.788217926025390625e+01
-8.877418518066406250e+01,2.788927459716796875e+01
-8.876124572753906250e+01,2.788424682617187500e+01
-8.878526306152343750e+01,2.791278076171875000e+01
-8.877444458007812500e+01,2.789456558227539062e+01
-8.876527404785156250e+01,2.788063240051269531e+01
-8.875842285156250000e+01,2.789580345153808594e+01
-8.875100708007812500e+01,2.788730049133300781e+01
-8.874967956542968750e+01,2.788804626464843750e+01
-8.877944183349609375e+01,2.790068626403808594e+01
-8.877677154541015625e+01,2.790491294860839844e+01
-8.877849578857421875e+01,2.788991165161132812e+01
-8.879782867431640625e+01,2.792049026489257812e+01
-8.880095672607421875e+01,2.791971778869628906e+01
-8.875099945068359375e+01,2.788070678710937500e+01
-8.877046203613281250e+01,2.789061355590820312e+01
-8.875283813476562500e+01,2.789337539672851562e+01
-8.877796936035156250e+01,2.789570808410644531e+01
-8.878517913818359375e+01,2.790703201293945312e+01
-8.876707458496093750e+01,2.789876174926757812e+01
-8.878200531005859375e+01,2.790932273864746094e+01
-8.875981903076171875e+01,2.787915802001953125e+01
-8.877512359619140625e+01,2.789903831481933594e+01
-8.875806427001953125e+01,2.788510131835937500e+01
-8.877558135986328125e+01,2.790035438537597656e+01
-8.879412841796875000e+01,2.791582870483398438e+01
-8.876359558105468750e+01,2.787761116027832031e+01
-8.878028869628906250e+01,2.789353752136230469e+01
-8.879335021972656250e+01,2.791819763183593750e+01
-8.875213623046875000e+01,2.788123893737792969e+01
-8.875103759765625000e+01,2.788909721374511719e+01
-8.875696563720703125e+01,2.789669799804687500e+01
-8.878036499023437500e+01,2.789942932128906250e+01
-8.877564239501953125e+01,2.788615608215332031e+01
-8.877143096923828125e+01,2.789545631408691406e+01
-8.876515197753906250e+01,2.788093185424804688e+01
-8.876123046875000000e+01,2.788842964172363281e+01
-8.875698852539062500e+01,2.789828681945800781e+01
-8.876276397705078125e+01,2.789904975891113281e+01
-8.875422668457031250e+01,2.788135147094726562e+01
-8.876526641845703125e+01,2.788282775878906250e+01
-8.878076934814453125e+01,2.790925025939941406e+01
-8.877381896972656250e+01,2.788843917846679688e+01
-8.877548980712890625e+01,2.789488601684570312e+01
-8.877950286865234375e+01,2.789313125610351562e+01
-8.877867889404296875e+01,2.789562988281250000e+01
-8.878057861328125000e+01,2.790457916259765625e+01
-8.875505065917968750e+01,2.789844322204589844e+01
-8.877566528320312500e+01,2.789942741394042969e+01
-8.877591705322265625e+01,2.789450836181640625e+01
-8.878158569335937500e+01,2.789039039611816406e+01
-8.875926971435546875e+01,2.787785148620605469e+01
-8.877294921875000000e+01,2.789897155761718750e+01
-8.876686859130859375e+01,2.788568305969238281e+01
-8.876258850097656250e+01,2.788987922668457031e+01
-8.875947570800781250e+01,2.788199043273925781e+01
-8.878963470458984375e+01,2.791402244567871094e+01
-8.875107574462890625e+01,2.788434219360351562e+01
-8.876640319824218750e+01,2.790345764160156250e+01
-8.876611328125000000e+01,2.789181900024414062e+01
-8.878972625732421875e+01,2.791449546813964844e+01
-8.876525878906250000e+01,2.788499832153320312e+01
-8.877267456054687500e+01,2.789292144775390625e+01
-8.877172088623046875e+01,2.789799118041992188e+01
-8.874797058105468750e+01,2.789224624633789062e+01
-8.876526641845703125e+01,2.789625549316406250e+01
-8.877082061767578125e+01,2.788308906555175781e+01
-8.875511932373046875e+01,2.789546012878417969e+01
-8.877290344238281250e+01,2.790249443054199219e+01
-8.877078247070312500e+01,2.789123916625976562e+01
-8.875952148437500000e+01,2.789268493652343750e+01
-8.875883483886718750e+01,2.788404846191406250e+01
-8.874984741210937500e+01,2.788845062255859375e+01
-8.876256561279296875e+01,2.789700889587402344e+01
-8.877314758300781250e+01,2.788942337036132812e+01
-8.876040649414062500e+01,2.789127922058105469e+01
-8.875785827636718750e+01,2.787817764282226562e+01
-8.877091217041015625e+01,2.790184211730957031e+01
-8.877040863037109375e+01,2.788367080688476562e+01
-8.877660369873046875e+01,2.790427017211914062e+01
-8.876152038574218750e+01,2.787829017639160156e+01
-8.875516510009765625e+01,2.788589096069335938e+01
-8.875833892822265625e+01,2.789640617370605469e+01
-8.875424957275390625e+01,2.789478874206542969e+01
-8.875833892822265625e+01,2.787665367126464844e+01
-8.876383972167968750e+01,2.789847183227539062e+01
-8.876495361328125000e+01,2.789286041259765625e+01
-8.875282287597656250e+01,2.789101982116699219e+01
-8.878290557861328125e+01,2.789294433593750000e+01
-8.876370239257812500e+01,2.788247108459472656e+01
-8.876457214355468750e+01,2.788251686096191406e+01
-8.875633239746093750e+01,2.788991165161132812e+01
-8.875468444824218750e+01,2.788168334960937500e+01
-8.877873229980468750e+01,2.789838600158691406e+01
-8.876831054687500000e+01,2.790360450744628906e+01
-8.876204681396484375e+01,2.790108299255371094e+01
-8.878857421875000000e+01,2.791493606567382812e+01
-8.876455688476562500e+01,2.788377761840820312e+01
-8.876447296142578125e+01,2.789389419555664062e+01
-8.877558135986328125e+01,2.790321731567382812e+01
-8.876811218261718750e+01,2.788217544555664062e+01
-8.876195526123046875e+01,2.787989044189453125e+01
-8.878114318847656250e+01,2.790906143188476562e+01
-8.876235961914062500e+01,2.788920783996582031e+01
-8.880126953125000000e+01,2.792064094543457031e+01
-8.877281951904296875e+01,2.790192031860351562e+01
-8.875127410888671875e+01,2.788271713256835938e+01
-8.877318572998046875e+01,2.789243507385253906e+01
-8.876516723632812500e+01,2.788991165161132812e+01
-8.879650115966796875e+01,2.791661453247070312e+01
-8.877218627929687500e+01,2.789160346984863281e+01
-8.876318359375000000e+01,2.788190078735351562e+01
-8.878218841552734375e+01,2.790127754211425781e+01
-8.875817871093750000e+01,2.787987327575683594e+01
-8.875850677490234375e+01,2.788434410095214844e+01
-8.877735137939453125e+01,2.789994430541992188e+01
-8.876727294921875000e+01,2.788848304748535156e+01
-8.875617980957031250e+01,2.788278961181640625e+01
-8.876957702636718750e+01,2.789668464660644531e+01
-8.876460266113281250e+01,2.790219497680664062e+01
-8.876247406005859375e+01,2.788015937805175781e+01
-8.876214599609375000e+01,2.790077209472656250e+01
-8.876618957519531250e+01,2.790038299560546875e+01
-8.875524139404296875e+01,2.787689208984375000e+01
-8.878990936279296875e+01,2.791320800781250000e+01
-8.876934051513671875e+01,2.790206336975097656e+01
-8.874735260009765625e+01,2.789144897460937500e+01
-8.876443481445312500e+01,2.788170814514160156e+01
-8.875301361083984375e+01,2.789691925048828125e+01
-8.880357360839843750e+01,2.792037010192871094e+01
-8.874558258056640625e+01,2.789414787292480469e+01
-8.877153015136718750e+01,2.790206527709960938e+01
-8.878696441650390625e+01,2.791069602966308594e+01
-8.878186798095703125e+01,2.790086555480957031e+01
-8.874723815917968750e+01,2.789663505554199219e+01
-8.875701141357421875e+01,2.788230514526367188e+01
-8.877053833007812500e+01,2.789079284667968750e+01
-8.875459289550781250e+01,2.789301109313964844e+01
-8.876847839355468750e+01,2.789166641235351562e+01
-8.877043914794921875e+01,2.789396095275878906e+01
-8.880160522460937500e+01,2.792004585266113281e+01
-8.876631927490234375e+01,2.789334297180175781e+01
-8.875009918212890625e+01,2.789239501953125000e+01
-8.875814056396484375e+01,2.789939689636230469e+01
-8.876343536376953125e+01,2.788344573974609375e+01
-8.875674438476562500e+01,2.788460922241210938e+01
-8.874317932128906250e+01,2.789469337463378906e+01
-8.877872467041015625e+01,2.790669822692871094e+01
-8.875211334228515625e+01,2.789098358154296875e+01
-8.875808715820312500e+01,2.789121627807617188e+01
-8.875616455078125000e+01,2.789792442321777344e+01
-8.875741577148437500e+01,2.789900398254394531e+01
-8.874872589111328125e+01,2.788400650024414062e+01
-8.876360321044921875e+01,2.790046882629394531e+01
-8.875479888916015625e+01,2.789395713806152344e+01
-8.876084899902343750e+01,2.790173339843750000e+01
-8.875926971435546875e+01,2.789589118957519531e+01
-8.876879882812500000e+01,2.788387298583984375e+01
-8.879045867919921875e+01,2.791554641723632812e+01
-8.876994323730468750e+01,2.790063285827636719e+01
-8.875416564941406250e+01,2.788753509521484375e+01
-8.875180816650390625e+01,2.789671134948730469e+01
-8.877224731445312500e+01,2.789834403991699219e+01
-8.879113769531250000e+01,2.791623306274414062e+01
-8.876454925537109375e+01,2.790111732482910156e+01
-8.876963043212890625e+01,2.789646720886230469e+01
-8.875311279296875000e+01,2.788925170898437500e+01
-8.877661132812500000e+01,2.789223670959472656e+01
-8.878795623779296875e+01,2.790996742248535156e+01
-8.876319122314453125e+01,2.787902069091796875e+01
-8.877295684814453125e+01,2.789002037048339844e+01
-8.879010009765625000e+01,2.791521263122558594e+01
-8.875116729736328125e+01,2.788526725769042969e+01
-8.874914550781250000e+01,2.789176368713378906e+01
-8.875682067871093750e+01,2.789714813232421875e+01
-8.876246643066406250e+01,2.790174102783203125e+01
-8.875312805175781250e+01,2.789585304260253906e+01
-8.875523376464843750e+01,2.789622497558593750e+01
-8.876534271240234375e+01,2.788101005554199219e+01
-8.874509429931640625e+01,2.789352798461914062e+01
-8.880040740966796875e+01,2.791899871826171875e+01
-8.875424957275390625e+01,2.788636207580566406e+01
-8.875560760498046875e+01,2.789193153381347656e+01
-8.874627685546875000e+01,2.788709831237792969e+01
-8.876661682128906250e+01,2.789349937438964844e+01
-8.880426025390625000e+01,2.792238235473632812e+01
-8.876160430908203125e+01,2.788978004455566406e+01
-8.876020812988281250e+01,2.787968254089355469e+01
-8.875104522705078125e+01,2.788439178466796875e+01
-8.877603149414062500e+01,2.789874076843261719e+01
-8.875417327880859375e+01,2.788789176940917969e+01
-8.878260803222656250e+01,2.790350532531738281e+01
-8.876715850830078125e+01,2.789138793945312500e+01
-8.877952575683593750e+01,2.790879821777343750e+01
-8.875172424316406250e+01,2.789474296569824219e+01
-8.877606964111328125e+01,2.790223693847656250e+01
-8.876520538330078125e+01,2.790205764770507812e+01
-8.875645446777343750e+01,2.789350700378417969e+01
-8.876184844970703125e+01,2.789666748046875000e+01
-8.877165985107421875e+01,2.789622879028320312e+01
-8.874517822265625000e+01,2.789319038391113281e+01
-8.878830718994140625e+01,2.791446113586425781e+01
-8.880289459228515625e+01,2.792033195495605469e+01
-8.879669952392578125e+01,2.791981315612792969e+01
-8.877581024169921875e+01,2.789098167419433594e+01
-8.877500152587890625e+01,2.790015411376953125e+01
-8.875640106201171875e+01,2.789031028747558594e+01
-8.877507781982421875e+01,2.788930320739746094e+01
-8.877711486816406250e+01,2.790108299255371094e+01
-8.878281402587890625e+01,2.790411758422851562e+01
-8.874742889404296875e+01,2.788641357421875000e+01
-8.874963378906250000e+01,2.788500404357910156e+01
-8.877601623535156250e+01,2.790560531616210938e+01
-8.877124023437500000e+01,2.788906669616699219e+01
-8.875486755371093750e+01,2.788372230529785156e+01
-8.878142547607421875e+01,2.789299011230468750e+01
-8.875542449951171875e+01,2.787808799743652344e+01
-8.877464294433593750e+01,2.788860130310058594e+01
-8.877884674072265625e+01,2.790011024475097656e+01
-8.876535034179687500e+01,2.789125442504882812e+01
-8.875455474853515625e+01,2.789490890502929688e+01
-8.879205322265625000e+01,2.791471672058105469e+01
-8.874848175048828125e+01,2.788440513610839844e+01
-8.877701568603515625e+01,2.790468788146972656e+01
-8.877598571777343750e+01,2.790570831298828125e+01
-8.877960205078125000e+01,2.790683555603027344e+01
-8.879309082031250000e+01,2.791817092895507812e+01
-8.876864624023437500e+01,2.789426422119140625e+01
-8.876700592041015625e+01,2.788801383972167969e+01
-8.878695678710937500e+01,2.791354942321777344e+01
-8.876409149169921875e+01,2.789643287658691406e+01
-8.875742340087890625e+01,2.788877105712890625e+01
-8.878649902343750000e+01,2.791226005554199219e+01
-8.877079772949218750e+01,2.789023971557617188e+01
-8.877474212646484375e+01,2.789891052246093750e+01
-8.876331329345703125e+01,2.789319610595703125e+01
-8.876631164550781250e+01,2.790082931518554688e+01
-8.878745269775390625e+01,2.791535377502441406e+01
-8.875836181640625000e+01,2.789202690124511719e+01
-8.875656127929687500e+01,2.789351272583007812e+01
-8.878094482421875000e+01,2.791070938110351562e+01
-8.877470397949218750e+01,2.789094734191894531e+01
-8.875559997558593750e+01,2.788935661315917969e+01
-8.874510955810546875e+01,2.789200210571289062e+01
-8.875736236572265625e+01,2.789184188842773438e+01
-8.875693511962890625e+01,2.787735366821289062e+01
-8.877702331542968750e+01,2.788854217529296875e+01
-8.874719238281250000e+01,2.788647270202636719e+01
-8.876424407958984375e+01,2.788530731201171875e+01
-8.877073669433593750e+01,2.789915657043457031e+01
-8.877587890625000000e+01,2.789201927185058594e+01
-8.879308319091796875e+01,2.791687393188476562e+01
-8.877381896972656250e+01,2.789842605590820312e+01
-8.875637817382812500e+01,2.789544296264648438e+01
-8.877717590332031250e+01,2.790380096435546875e+01
-8.876919555664062500e+01,2.789492607116699219e+01
-8.876336669921875000e+01,2.790233993530273438e+01
-8.879906463623046875e+01,2.791780853271484375e+01
-8.875766754150390625e+01,2.789342117309570312e+01
-8.880320739746093750e+01,2.792077636718750000e+01
-8.874918365478515625e+01,2.789385223388671875e+01
-8.880413055419921875e+01,2.792264747619628906e+01
-8.876240539550781250e+01,2.788492012023925781e+01
-8.878935241699218750e+01,2.791292190551757812e+01
-8.876094055175781250e+01,2.789154434204101562e+01
-8.877071380615234375e+01,2.789740180969238281e+01
-8.877954101562500000e+01,2.789585113525390625e+01
-8.875459289550781250e+01,2.787679481506347656e+01
-8.876431274414062500e+01,2.790251541137695312e+01
-8.876776885986328125e+01,2.790252876281738281e+01
-8.877639770507812500e+01,2.790130233764648438e+01
-8.874748229980468750e+01,2.788512039184570312e+01
-8.878396606445312500e+01,2.791034507751464844e+01
-8.874782562255859375e+01,2.789117813110351562e+01
-8.876843261718750000e+01,2.789811706542968750e+01
-8.875149536132812500e+01,2.789099502563476562e+01
-8.877416992187500000e+01,2.788686752319335938e+01
-8.877062225341796875e+01,2.789223480224609375e+01
-8.877632904052734375e+01,2.789248847961425781e+01
-8.876363372802734375e+01,2.790279579162597656e+01
-8.880178070068359375e+01,2.791920471191406250e+01
-8.878856658935546875e+01,2.791300773620605469e+01
-8.878224945068359375e+01,2.789483261108398438e+01
-8.877068328857421875e+01,2.790195083618164062e+01
-8.880240631103515625e+01,2.792241096496582031e+01
-8.875994873046875000e+01,2.789139366149902344e+01
-8.876312255859375000e+01,2.790280151367187500e+01
-8.875609588623046875e+01,2.789677810668945312e+01
-8.878171539306640625e+01,2.790084457397460938e+01
-8.878093719482421875e+01,2.789826774597167969e+01
-8.876783752441406250e+01,2.788690757751464844e+01
-8.876244354248046875e+01,2.789393615722656250e+01
-8.878590393066406250e+01,2.790963172912597656e+01
-8.877587127685546875e+01,2.789603805541992188e+01
-8.874906921386718750e+01,2.789049911499023438e+01
-8.876251983642578125e+01,2.788388442993164062e+01
-8.877978515625000000e+01,2.789368438720703125e+01
-8.876846313476562500e+01,2.789527130126953125e+01
-8.875775146484375000e+01,2.789128112792968750e+01
-8.875830078125000000e+01,2.787644958496093750e+01
-8.875330352783203125e+01,2.789111709594726562e+01
-8.878536224365234375e+01,2.791091728210449219e+01
-8.876820373535156250e+01,2.789553070068359375e+01
-8.876734161376953125e+01,2.788484573364257812e+01
-8.877405548095703125e+01,2.790056800842285156e+01
-8.877873229980468750e+01,2.789709472656250000e+01
-8.875775146484375000e+01,2.789168548583984375e+01
-8.876033020019531250e+01,2.787698364257812500e+01
-8.875695037841796875e+01,2.788608741760253906e+01
-8.877655792236328125e+01,2.788932418823242188e+01
-8.874772644042968750e+01,2.788726615905761719e+01
-8.876835632324218750e+01,2.789640426635742188e+01
-8.878074645996093750e+01,2.790288925170898438e+01
-8.874819946289062500e+01,2.789031982421875000e+01
-8.878730773925781250e+01,2.790849113464355469e+01
-8.875402069091796875e+01,2.789529991149902344e+01
-8.877037811279296875e+01,2.789410400390625000e+01
-8.874128723144531250e+01,2.789463233947753906e+01
-8.876481628417968750e+01,2.788153457641601562e+01
-8.877221679687500000e+01,2.788744926452636719e+01
-8.876288604736328125e+01,2.788162422180175781e+01
-8.876885986328125000e+01,2.790397644042968750e+01
-8.875658416748046875e+01,2.787496185302734375e+01
-8.877272033691406250e+01,2.790445137023925781e+01
-8.879654693603515625e+01,2.791777229309082031e+01
-8.875449371337890625e+01,2.788135719299316406e+01
-8.875489807128906250e+01,2.789264869689941406e+01
-8.880268859863281250e+01,2.791963195800781250e+01
-8.876328277587890625e+01,2.788785362243652344e+01
-8.880014038085937500e+01,2.792103195190429688e+01
-8.875084686279296875e+01,2.789746093750000000e+01
-8.874976348876953125e+01,2.788866424560546875e+01
-8.878063964843750000e+01,2.790621757507324219e+01
-8.875736236572265625e+01,2.789454269409179688e+01
-8.878636932373046875e+01,2.791024017333984375e+01
-8.875893402099609375e+01,2.788418197631835938e+01
-8.876950073242187500e+01,2.789529228210449219e+01
-8.877093505859375000e+01,2.789297866821289062e+01
-8.877317810058593750e+01,2.790468215942382812e+01
-8.875422668457031250e+01,2.788327026367187500e+01
-8.875679016113281250e+01,2.789948081970214844e+01
-8.874758911132812500e+01,2.789203643798828125e+01
-8.880339050292968750e+01,2.792321968078613281e+01
-8.876953125000000000e+01,2.789858055114746094e+01
-8.877386474609375000e+01,2.788724517822265625e+01
-8.875450134277343750e+01,2.788874244689941406e+01
-8.875978088378906250e+01,2.789620399475097656e+01
-8.877864837646484375e+01,2.789667510986328125e+01
-8.877316284179687500e+01,2.788877868652343750e+01
-8.877244567871093750e+01,2.789023971557617188e+01
-8.880274200439453125e+01,2.792077255249023438e+01
-8.877079772949218750e+01,2.788344192504882812e+01
-8.877922821044921875e+01,2.790683555603027344e+01
-8.877309417724609375e+01,2.788879585266113281e+01
-8.878421783447265625e+01,2.791037940979003906e+01
-8.877153015136718750e+01,2.790206146240234375e+01
-8.878106689453125000e+01,2.790919876098632812e+01
-8.875842285156250000e+01,2.788575172424316406e+01
-8.877691650390625000e+01,2.790077781677246094e+01
-8.879073333740234375e+01,2.791636085510253906e+01
-8.875046539306640625e+01,2.789689826965332031e+01
-8.878108215332031250e+01,2.790258026123046875e+01
-8.877893066406250000e+01,2.790991592407226562e+01
-8.877985382080078125e+01,2.789164352416992188e+01
-8.877271270751953125e+01,2.790187835693359375e+01
-8.877249145507812500e+01,2.790261077880859375e+01
-8.878011322021484375e+01,2.789561271667480469e+01
-8.877971649169921875e+01,2.790614128112792969e+01
-8.874737548828125000e+01,2.789221191406250000e+01
-8.877890014648437500e+01,2.790962409973144531e+01
-8.877945709228515625e+01,2.789713096618652344e+01
-8.875753021240234375e+01,2.789909744262695312e+01
-8.874402618408203125e+01,2.789265060424804688e+01
-8.876348876953125000e+01,2.789154434204101562e+01
-8.876114654541015625e+01,2.787739753723144531e+01
-8.875851440429687500e+01,2.788389396667480469e+01
-8.876412963867187500e+01,2.789556312561035156e+01
-8.875539398193359375e+01,2.788238334655761719e+01
-8.876516723632812500e+01,2.790307426452636719e+01
-8.875011444091796875e+01,2.789117050170898438e+01
-8.876473236083984375e+01,2.788217735290527344e+01
-8.878572082519531250e+01,2.791209030151367188e+01
-8.877592468261718750e+01,2.789199638366699219e+01
-8.878244018554687500e+01,2.790205001831054688e+01
-8.877448272705078125e+01,2.788938522338867188e+01
-8.877188873291015625e+01,2.790328979492187500e+01
-8.876528930664062500e+01,2.789747238159179688e+01
-8.876542663574218750e+01,2.788549804687500000e+01
-8.874351501464843750e+01,2.789309692382812500e+01
-8.878167724609375000e+01,2.789353752136230469e+01
-8.876013946533203125e+01,2.788877487182617188e+01
-8.876597595214843750e+01,2.789495658874511719e+01
-8.876674652099609375e+01,2.790370178222656250e+01
-8.875860595703125000e+01,2.790067291259765625e+01
-8.877333068847656250e+01,2.789535713195800781e+01
-8.874636077880859375e+01,2.788612556457519531e+01
-8.875088500976562500e+01,2.788207435607910156e+01
-8.875972747802734375e+01,2.788018417358398438e+01
-8.880081176757812500e+01,2.792220878601074219e+01
-8.875346374511718750e+01,2.788575935363769531e+01
-8.878301239013671875e+01,2.790437316894531250e+01
-8.876535797119140625e+01,2.789468383789062500e+01
-8.874883270263671875e+01,2.789184570312500000e+01
-8.877953338623046875e+01,2.790099716186523438e+01
-8.878264617919921875e+01,2.789360809326171875e+01
-8.876363372802734375e+01,2.788451194763183594e+01
-8.876636505126953125e+01,2.788623237609863281e+01
-8.874938201904296875e+01,2.788916587829589844e+01
-8.876046752929687500e+01,2.789887237548828125e+01
-8.875730895996093750e+01,2.788367652893066406e+01
-8.874225616455078125e+01,2.789277267456054688e+01
-8.880207061767578125e+01,2.791894531250000000e+01
-8.876921081542968750e+01,2.788681030273437500e+01
-8.875020599365234375e+01,2.788552284240722656e+01
-8.875605010986328125e+01,2.788843536376953125e+01
-8.877948760986328125e+01,2.789229393005371094e+01
-8.874792480468750000e+01,2.788583946228027344e+01
-8.876157379150390625e+01,2.789988517761230469e+01
-8.875549316406250000e+01,2.787996482849121094e+01
-8.875625610351562500e+01,2.789934730529785156e+01
-8.876282501220703125e+01,2.789685440063476562e+01
-8.875447845458984375e+01,2.789288711547851562e+01
-8.875297546386718750e+01,2.789854240417480469e+01
-8.876676177978515625e+01,2.789398765563964844e+01
-8.874741363525390625e+01,2.789597511291503906e+01
-8.875894165039062500e+01,2.787601661682128906e+01
-8.877586364746093750e+01,2.789866447448730469e+01
-8.876083374023437500e+01,2.789047241210937500e+01
-8.877922058105468750e+01,2.791081809997558594e+01
-8.877158355712890625e+01,2.788915443420410156e+01
-8.877115631103515625e+01,2.789398384094238281e+01
-8.876387023925781250e+01,2.789258193969726562e+01
-8.877062225341796875e+01,2.789100837707519531e+01
-8.875493621826171875e+01,2.788039779663085938e+01
-8.878932189941406250e+01,2.791575431823730469e+01
-8.877172088623046875e+01,2.790363883972167969e+01
-8.876379394531250000e+01,2.790097427368164062e+01
-8.875151062011718750e+01,2.788672065734863281e+01
-8.880319213867187500e+01,2.791956710815429688e+01
-8.875872039794921875e+01,2.788780021667480469e+01
-8.880586242675781250e+01,2.792212104797363281e+01
-8.876551818847656250e+01,2.790171813964843750e+01
-8.875206756591796875e+01,2.788605117797851562e+01
-8.877695465087890625e+01,2.789844131469726562e+01
-8.879353332519531250e+01,2.791806221008300781e+01
-8.875651550292968750e+01,2.788840484619140625e+01
-8.878774261474609375e+01,2.790945816040039062e+01
-8.877616882324218750e+01,2.789154052734375000e+01
-8.874959564208984375e+01,2.788511276245117188e+01
-8.877069854736328125e+01,2.790255355834960938e+01
-8.876071166992187500e+01,2.788518333435058594e+01
-8.877413940429687500e+01,2.790223503112792969e+01
-8.878188323974609375e+01,2.790665626525878906e+01
-8.875218963623046875e+01,2.789802932739257812e+01
-8.877468109130859375e+01,2.789618492126464844e+01
-8.877651214599609375e+01,2.789476966857910156e+01
-8.875753784179687500e+01,2.787627983093261719e+01
-8.875775146484375000e+01,2.788219451904296875e+01
-8.880567169189453125e+01,2.792091178894042969e+01
-8.876977539062500000e+01,2.789752769470214844e+01
-8.874600219726562500e+01,2.789340972900390625e+01
-8.874715423583984375e+01,2.789307212829589844e+01
-8.876837158203125000e+01,2.788181114196777344e+01
-8.876856994628906250e+01,2.789309692382812500e+01
-8.876831054687500000e+01,2.788547897338867188e+01
-8.877116394042968750e+01,2.789949989318847656e+01
-8.876233673095703125e+01,2.788284683227539062e+01
-8.878560638427734375e+01,2.790928077697753906e+01
-8.875954437255859375e+01,2.789378738403320312e+01
-8.875760650634765625e+01,2.788227462768554688e+01
-8.877147674560546875e+01,2.788496780395507812e+01
-8.876358795166015625e+01,2.789432716369628906e+01
-8.876256561279296875e+01,2.788137626647949219e+01
-8.879764556884765625e+01,2.791857337951660156e+01
-8.877532958984375000e+01,2.789131164550781250e+01
-8.878683471679687500e+01,2.791287612915039062e+01
-8.875794219970703125e+01,2.788077163696289062e+01
-8.875094604492187500e+01,2.788650131225585938e+01
-8.876908111572265625e+01,2.789337539672851562e+01
-8.877331542968750000e+01,2.788885307312011719e+01
-8.878165435791015625e+01,2.789631843566894531e+01
-8.875984191894531250e+01,2.787823104858398438e+01
-8.876304626464843750e+01,2.788865661621093750e+01
-8.878323364257812500e+01,2.790545463562011719e+01
-8.876329040527343750e+01,2.789270591735839844e+01
-8.880432128906250000e+01,2.792410469055175781e+01
-8.876371765136718750e+01,2.787837219238281250e+01
-8.875261688232421875e+01,2.788804817199707031e+01
-8.877268981933593750e+01,2.789754867553710938e+01
-8.875853729248046875e+01,2.788461303710937500e+01
-8.877709197998046875e+01,2.789372825622558594e+01
-8.875679016113281250e+01,2.789501190185546875e+01
-8.877561950683593750e+01,2.788631057739257812e+01
-8.876012420654296875e+01,2.788970756530761719e+01
-8.875431823730468750e+01,2.788982391357421875e+01
-8.875189208984375000e+01,2.788825416564941406e+01
-8.876866149902343750e+01,2.790352249145507812e+01
-8.877764892578125000e+01,2.790014457702636719e+01
-8.878243255615234375e+01,2.789808273315429688e+01
-8.879620361328125000e+01,2.791904640197753906e+01
-8.877571868896484375e+01,2.790232849121093750e+01
-8.875898742675781250e+01,2.789632987976074219e+01
-8.879521942138671875e+01,2.791719627380371094e+01
-8.877999114990234375e+01,2.789729690551757812e+01
-8.876303863525390625e+01,2.788889503479003906e+01
-8.874898529052734375e+01,2.789301872253417969e+01
-8.876004791259765625e+01,2.790053367614746094e+01
-8.877214813232421875e+01,2.788902854919433594e+01
-8.875807189941406250e+01,2.789401626586914062e+01
-8.879572296142578125e+01,2.791866683959960938e+01
-8.877175903320312500e+01,2.789304924011230469e+01
-8.876435089111328125e+01,2.787997436523437500e+01
-8.876422882080078125e+01,2.788854026794433594e+01
-8.877682495117187500e+01,2.789384841918945312e+01
-8.878009796142578125e+01,2.790817070007324219e+01
-8.878121948242187500e+01,2.789308929443359375e+01
-8.877165222167968750e+01,2.788504981994628906e+01
-8.876203155517578125e+01,2.790299415588378906e+01
-8.875572204589843750e+01,2.789707183837890625e+01
-8.876435852050781250e+01,2.788608551025390625e+01
-8.876025390625000000e+01,2.787575721740722656e+01
-8.875515747070312500e+01,2.789662742614746094e+01
-8.876955413818359375e+01,2.789313888549804688e+01
-8.877956390380859375e+01,2.789031982421875000e+01
-8.876717376708984375e+01,2.788710212707519531e+01
-8.876789855957031250e+01,2.788859939575195312e+01
-8.877153015136718750e+01,2.789265441894531250e+01
-8.877561187744140625e+01,2.789078140258789062e+01
-8.877020263671875000e+01,2.789227104187011719e+01
-8.875725555419921875e+01,2.788473129272460938e+01
-8.875664520263671875e+01,2.789366722106933594e+01
-8.876464843750000000e+01,2.789024353027343750e+01
-8.875915527343750000e+01,2.788257598876953125e+01
-8.875571441650390625e+01,2.787733268737792969e+01
-8.875064086914062500e+01,2.788331031799316406e+01
-8.875930786132812500e+01,2.788663673400878906e+01
-8.876758575439453125e+01,2.789033889770507812e+01
-8.877679443359375000e+01,2.789007568359375000e+01
-8.874692535400390625e+01,2.789345169067382812e+01
-8.878545379638671875e+01,2.791167259216308594e+01
-8.878321838378906250e+01,2.789587020874023438e+01
-8.877797698974609375e+01,2.790035820007324219e+01
-8.876889801025390625e+01,2.788345336914062500e+01
-8.877702331542968750e+01,2.789671707153320312e+01
-8.875348663330078125e+01,2.788347244262695312e+01
-8.877331542968750000e+01,2.789761352539062500e+01
-8.877982330322265625e+01,2.788927459716796875e+01
-8.875125122070312500e+01,2.789285850524902344e+01
-8.875424957275390625e+01,2.788781929016113281e+01
-8.877536010742187500e+01,2.790319442749023438e+01
-8.875106811523437500e+01,2.789214897155761719e+01
-8.876329803466796875e+01,2.789560699462890625e+01
-8.877449798583984375e+01,2.790441322326660156e+01
-8.876379394531250000e+01,2.788477516174316406e+01
-8.876046752929687500e+01,2.788104248046875000e+01
-8.877528381347656250e+01,2.788586044311523438e+01
-8.875804901123046875e+01,2.789154624938964844e+01
-8.878955841064453125e+01,2.791161537170410156e+01
-8.875407409667968750e+01,2.787615966796875000e+01
-8.878600311279296875e+01,2.791154479980468750e+01
-8.875866699218750000e+01,2.789345169067382812e+01
-8.877966308593750000e+01,2.789139366149902344e+01
-8.876284790039062500e+01,2.787830734252929688e+01
-8.874459838867187500e+01,2.789449882507324219e+01
-8.878507232666015625e+01,2.790915489196777344e+01
-8.875270080566406250e+01,2.789288139343261719e+01
-8.876502227783203125e+01,2.788670730590820312e+01
-8.876382446289062500e+01,2.787966918945312500e+01
-8.877125549316406250e+01,2.788393974304199219e+01
-8.874975585937500000e+01,2.788813400268554688e+01
-8.877027893066406250e+01,2.789709854125976562e+01
-8.875482940673828125e+01,2.789857673645019531e+01
-8.878232574462890625e+01,2.789912414550781250e+01
-8.877753448486328125e+01,2.789793205261230469e+01
-8.878410339355468750e+01,2.790735435485839844e+01
-8.874893951416015625e+01,2.789458084106445312e+01
-8.876087188720703125e+01,2.788272857666015625e+01
-8.877485656738281250e+01,2.789464950561523438e+01
-8.875799560546875000e+01,2.788203048706054688e+01
-8.876174163818359375e+01,2.789452934265136719e+01
-8.878157043457031250e+01,2.790966033935546875e+01
-8.875783538818359375e+01,2.788129043579101562e+01
-8.877378082275390625e+01,2.788819313049316406e+01
-8.875107574462890625e+01,2.788383293151855469e+01
-8.875529479980468750e+01,2.788994026184082031e+01
-8.875342559814453125e+01,2.789668083190917969e+01
-8.876589202880859375e+01,2.789150428771972656e+01
-8.876826477050781250e+01,2.788458824157714844e+01
-8.876328277587890625e+01,2.789321136474609375e+01
-8.877774810791015625e+01,2.789221382141113281e+01
-8.876013946533203125e+01,2.789102745056152344e+01
-8.874853515625000000e+01,2.788843917846679688e+01
-8.877323150634765625e+01,2.789270210266113281e+01
-8.875364685058593750e+01,2.789125823974609375e+01
-8.877301788330078125e+01,2.789961051940917969e+01
-8.876705169677734375e+01,2.789690780639648438e+01
-8.880304718017578125e+01,2.792037391662597656e+01
-8.877686309814453125e+01,2.790168952941894531e+01
-8.877318572998046875e+01,2.790407180786132812e+01
-8.877594757080078125e+01,2.789144897460937500e+01
-8.875794219970703125e+01,2.789789772033691406e+01
-8.875783538818359375e+01,2.787831497192382812e+01
-8.875397491455078125e+01,2.788221168518066406e+01
-8.876908111572265625e+01,2.788351058959960938e+01
-8.875055694580078125e+01,2.788131523132324219e+01
-8.879073333740234375e+01,2.791541862487792969e+01
-8.876467895507812500e+01,2.787980651855468750e+01
-8.876191711425781250e+01,2.788140296936035156e+01
-8.878409576416015625e+01,2.791020011901855469e+01
-8.877293395996093750e+01,2.789559364318847656e+01
-8.875653839111328125e+01,2.788094711303710938e+01
-8.875157165527343750e+01,2.788088035583496094e+01
-8.875469207763671875e+01,2.789018440246582031e+01
-8.877273559570312500e+01,2.788638305664062500e+01
-8.875770568847656250e+01,2.790006446838378906e+01
-8.877858734130859375e+01,2.790535545349121094e+01
-8.877765655517578125e+01,2.789655876159667969e+01
-8.879186248779296875e+01,2.791491508483886719e+01
-8.878047180175781250e+01,2.789039802551269531e+01
-8.875782012939453125e+01,2.789674186706542969e+01
-8.876920318603515625e+01,2.789661598205566406e+01
-8.875890350341796875e+01,2.789392471313476562e+01
-8.874967193603515625e+01,2.789078521728515625e+01
-8.875190734863281250e+01,2.788549232482910156e+01
-8.878013610839843750e+01,2.789595222473144531e+01
-8.876742553710937500e+01,2.789700698852539062e+01
-8.876821136474609375e+01,2.789665985107421875e+01
-8.879981231689453125e+01,2.792040443420410156e+01
-8.878181457519531250e+01,2.790187263488769531e+01
-8.875289154052734375e+01,2.789112854003906250e+01
-8.877383422851562500e+01,2.788502120971679688e+01
-8.877487945556640625e+01,2.790357780456542969e+01
-8.875529479980468750e+01,2.789479637145996094e+01
-8.878018188476562500e+01,2.789573669433593750e+01
-8.878015136718750000e+01,2.790557098388671875e+01
-8.879877471923828125e+01,2.791874885559082031e+01
-8.876459503173828125e+01,2.789908599853515625e+01
-8.878268432617187500e+01,2.790961837768554688e+01
-8.876046752929687500e+01,2.788037681579589844e+01
-8.877596282958984375e+01,2.790407562255859375e+01
-8.876770782470703125e+01,2.788769721984863281e+01
-8.875055694580078125e+01,2.788405418395996094e+01
-8.877088165283203125e+01,2.789926528930664062e+01
-8.877111053466796875e+01,2.789486122131347656e+01
-8.876804351806640625e+01,2.788865089416503906e+01
-8.875849151611328125e+01,2.787646484375000000e+01
-8.876145935058593750e+01,2.790236473083496094e+01
-8.876750183105468750e+01,2.790277099609375000e+01
-8.876308441162109375e+01,2.789697837829589844e+01
-8.876947784423828125e+01,2.789060592651367188e+01
-8.876827239990234375e+01,2.789996528625488281e+01
-8.880412292480468750e+01,2.792083549499511719e+01
-8.875229644775390625e+01,2.789777183532714844e+01
-8.875964355468750000e+01,2.788915061950683594e+01
-8.876153564453125000e+01,2.789267539978027344e+01
-8.877348327636718750e+01,2.789430999755859375e+01
-8.875046539306640625e+01,2.789536476135253906e+01
-8.879280853271484375e+01,2.791396522521972656e+01
-8.874871826171875000e+01,2.788399124145507812e+01
-8.877879333496093750e+01,2.790830039978027344e+01
-8.876322937011718750e+01,2.789722061157226562e+01
-8.879450988769531250e+01,2.791509819030761719e+01
-8.875656127929687500e+01,2.788918304443359375e+01
-8.878312683105468750e+01,2.791012954711914062e+01
-8.874711608886718750e+01,2.789579963684082031e+01
-8.878445434570312500e+01,2.790831375122070312e+01
-8.874742126464843750e+01,2.788644981384277344e+01
-8.876567077636718750e+01,2.790318679809570312e+01
-8.874890136718750000e+01,2.789573478698730469e+01
-8.875556182861328125e+01,2.788593101501464844e+01
-8.876742553710937500e+01,2.789590454101562500e+01
-8.875151062011718750e+01,2.788992500305175781e+01
-8.875477600097656250e+01,2.787852478027343750e+01
-8.875859832763671875e+01,2.789262580871582031e+01
-8.880511474609375000e+01,2.792323875427246094e+01
-8.876265716552734375e+01,2.788805580139160156e+01
-8.880363464355468750e+01,2.791996192932128906e+01
-8.876254272460937500e+01,2.788022994995117188e+01
-8.876589202880859375e+01,2.789944076538085938e+01
-8.876658630371093750e+01,2.788275527954101562e+01
-8.880318450927734375e+01,2.791973686218261719e+01
-8.877784729003906250e+01,2.790455627441406250e+01
-8.875521850585937500e+01,2.788454627990722656e+01
-8.876304626464843750e+01,2.789018821716308594e+01
-8.877148437500000000e+01,2.788685226440429688e+01
-8.875622558593750000e+01,2.788790702819824219e+01
-8.875505828857421875e+01,2.789356803894042969e+01
-8.876787567138671875e+01,2.788724327087402344e+01
-8.876616668701171875e+01,2.788315773010253906e+01
-8.875834655761718750e+01,2.788469314575195312e+01
-8.877313232421875000e+01,2.788885879516601562e+01
-8.876895141601562500e+01,2.788876342773437500e+01
-8.874726104736328125e+01,2.788768577575683594e+01
-8.875742340087890625e+01,2.788430023193359375e+01
-8.875401306152343750e+01,2.788780021667480469e+01
-8.879162597656250000e+01,2.791557884216308594e+01
-8.875865173339843750e+01,2.788121604919433594e+01
-8.875947570800781250e+01,2.788066482543945312e+01
-8.878864288330078125e+01,2.791473770141601562e+01
-8.875995635986328125e+01,2.789651679992675781e+01
-8.876611328125000000e+01,2.789328575134277344e+01
-8.876145172119140625e+01,2.788282394409179688e+01
-8.880175018310546875e+01,2.792165565490722656e+01
-8.876273345947265625e+01,2.789285659790039062e+01
-8.876468658447265625e+01,2.789415740966796875e+01
-8.877256011962890625e+01,2.790386772155761719e+01
-8.880374908447265625e+01,2.792191123962402344e+01
-8.876689910888671875e+01,2.789294052124023438e+01
-8.875759887695312500e+01,2.787796020507812500e+01
-8.876612091064453125e+01,2.789093780517578125e+01
-8.876643371582031250e+01,2.789469909667968750e+01
-8.878011322021484375e+01,2.789763259887695312e+01
-8.878358459472656250e+01,2.791054725646972656e+01
-8.875888061523437500e+01,2.789463424682617188e+01
-8.875196075439453125e+01,2.788333702087402344e+01
-8.876397705078125000e+01,2.790266036987304688e+01
-8.874917602539062500e+01,2.788252258300781250e+01
-8.877188873291015625e+01,2.789064598083496094e+01
-8.876544189453125000e+01,2.790172004699707031e+01
-8.876280975341796875e+01,2.789880180358886719e+01
-8.874761962890625000e+01,2.789097023010253906e+01
-8.875582885742187500e+01,2.788527297973632812e+01
-8.876539611816406250e+01,2.789855575561523438e+01
-8.875651550292968750e+01,2.787512969970703125e+01
-8.875489044189453125e+01,2.787615966796875000e+01
-8.876095581054687500e+01,2.788062667846679688e+01
-8.876690673828125000e+01,2.789736366271972656e+01
-8.879577636718750000e+01,2.791622543334960938e+01
-8.880283355712890625e+01,2.792197608947753906e+01
-8.877959442138671875e+01,2.788958740234375000e+01
-8.878246307373046875e+01,2.790903091430664062e+01
-8.877950286865234375e+01,2.789603614807128906e+01
-8.878147888183593750e+01,2.789115905761718750e+01
-8.874871826171875000e+01,2.788510513305664062e+01
-8.878710174560546875e+01,2.790934562683105469e+01
-8.878220367431640625e+01,2.789343833923339844e+01
-8.876336669921875000e+01,2.788771057128906250e+01
-8.875598144531250000e+01,2.789702796936035156e+01
-8.876394653320312500e+01,2.789559364318847656e+01
-8.876096343994140625e+01,2.788562774658203125e+01
-8.876668548583984375e+01,2.789393043518066406e+01
-8.880001068115234375e+01,2.791779708862304688e+01
-8.875212860107421875e+01,2.788296318054199219e+01
-8.876873779296875000e+01,2.790001678466796875e+01
-8.876252746582031250e+01,2.790223693847656250e+01
-8.876150512695312500e+01,2.788891983032226562e+01
-8.876917266845703125e+01,2.789120292663574219e+01
-8.878516387939453125e+01,2.791027259826660156e+01
-8.877985382080078125e+01,2.789357185363769531e+01
-8.878271484375000000e+01,2.790476989746093750e+01
-8.875791168212890625e+01,2.789573287963867188e+01
-8.878213500976562500e+01,2.789327430725097656e+01
-8.876199340820312500e+01,2.788088417053222656e+01
-8.876520538330078125e+01,2.788673019409179688e+01
-8.874227905273437500e+01,2.789403724670410156e+01
-8.876880645751953125e+01,2.789862442016601562e+01
-8.877835083007812500e+01,2.790614891052246094e+01
-8.876778411865234375e+01,2.788574600219726562e+01
-8.880170440673828125e+01,2.791888999938964844e+01
-8.876287078857421875e+01,2.790091514587402344e+01
-8.875772094726562500e+01,2.789764404296875000e+01
-8.878205108642578125e+01,2.789694213867187500e+01
-8.875214385986328125e+01,2.788932609558105469e+01
-8.877168273925781250e+01,2.789275741577148438e+01
-8.876371002197265625e+01,2.788464927673339844e+01
-8.877027130126953125e+01,2.789915084838867188e+01
-8.879911804199218750e+01,2.791808700561523438e+01
-8.875000762939453125e+01,2.788513374328613281e+01
-8.877747344970703125e+01,2.789532661437988281e+01
-8.878465270996093750e+01,2.791211509704589844e+01
-8.876123809814453125e+01,2.789335441589355469e+01
-8.874410247802734375e+01,2.789427185058593750e+01
-8.877471160888671875e+01,2.790110588073730469e+01
-8.875997924804687500e+01,2.790047264099121094e+01
-8.877361297607421875e+01,2.790186119079589844e+01
-8.875703430175781250e+01,2.789876747131347656e+01
-8.875844573974609375e+01,2.789895439147949219e+01
-8.877106475830078125e+01,2.788997268676757812e+01
-8.876126861572265625e+01,2.787555694580078125e+01
-8.877256774902343750e+01,2.789595794677734375e+01
-8.877582550048828125e+01,2.790414619445800781e+01
-8.878487396240234375e+01,2.791237449645996094e+01
-8.879860687255859375e+01,2.791810417175292969e+01
-8.875759124755859375e+01,2.787957382202148438e+01
-8.876678466796875000e+01,2.788805961608886719e+01
-8.877926635742187500e+01,2.789715003967285156e+01
-8.876039886474609375e+01,2.789249992370605469e+01
-8.875494384765625000e+01,2.788824653625488281e+01
-8.875849151611328125e+01,2.789189910888671875e+01
-8.875839233398437500e+01,2.788012504577636719e+01
-8.875795745849609375e+01,2.789023971557617188e+01
-8.878211975097656250e+01,2.790897941589355469e+01
-8.876976013183593750e+01,2.790410804748535156e+01
-8.874976348876953125e+01,2.789240074157714844e+01
-8.876927947998046875e+01,2.788387489318847656e+01
-8.875979614257812500e+01,2.788192939758300781e+01
-8.878136444091796875e+01,2.789207649230957031e+01
-8.878253936767578125e+01,2.789844512939453125e+01
-8.876332092285156250e+01,2.787802124023437500e+01
-8.875150299072265625e+01,2.789069557189941406e+01
-8.875579071044921875e+01,2.788895797729492188e+01
-8.877814483642578125e+01,2.790116310119628906e+01
-8.875183868408203125e+01,2.788469314575195312e+01
-8.879404449462890625e+01,2.791822814941406250e+01
-8.877283477783203125e+01,2.789501953125000000e+01
-8.876996612548828125e+01,2.789072418212890625e+01
-8.877729034423828125e+01,2.789389610290527344e+01
-8.877191162109375000e+01,2.789338684082031250e+01
-8.877331542968750000e+01,2.788919448852539062e+01
-8.876806640625000000e+01,2.789434623718261719e+01
-8.878171539306640625e+01,2.790985679626464844e+01
-8.875105285644531250e+01,2.788437461853027344e+01
-8.875428771972656250e+01,2.788242530822753906e+01
-8.877493286132812500e+01,2.790122222900390625e+01
-8.874538421630859375e+01,2.789175415039062500e+01
-8.876061248779296875e+01,2.789799308776855469e+01
-8.875369262695312500e+01,2.789001655578613281e+01
-8.879905700683593750e+01,2.792120742797851562e+01
-8.877574920654296875e+01,2.789441299438476562e+01
-8.875202178955078125e+01,2.788401603698730469e+01
-8.877794647216796875e+01,2.790574645996093750e+01
-8.876861572265625000e+01,2.788468170166015625e+01
-8.877835083007812500e+01,2.789812469482421875e+01
-8.875608062744140625e+01,2.789663887023925781e+01
-8.877312469482421875e+01,2.789775276184082031e+01
-8.876747894287109375e+01,2.789954566955566406e+01
-8.876327514648437500e+01,2.788164138793945312e+01
-8.874388885498046875e+01,2.789235687255859375e+01
-8.875300598144531250e+01,2.788773536682128906e+01
-8.878184509277343750e+01,2.789357757568359375e+01
-8.877972412109375000e+01,2.791098022460937500e+01
-8.878440093994140625e+01,2.791159820556640625e+01
-8.876598358154296875e+01,2.788502693176269531e+01
-8.876274108886718750e+01,2.790207481384277344e+01
-8.878321075439453125e+01,2.791056632995605469e+01
-8.878099060058593750e+01,2.791036415100097656e+01
-8.880027770996093750e+01,2.792200469970703125e+01
-8.876906585693359375e+01,2.790104675292968750e+01
-8.875995635986328125e+01,2.788465499877929688e+01
-8.874970245361328125e+01,2.789390373229980469e+01
-8.875643157958984375e+01,2.788874244689941406e+01
-8.876496887207031250e+01,2.787850570678710938e+01
-8.878379821777343750e+01,2.790744209289550781e+01
-8.880484771728515625e+01,2.792122459411621094e+01
-8.875778198242187500e+01,2.787662315368652344e+01
-8.880112457275390625e+01,2.791963577270507812e+01
-8.875812530517578125e+01,2.789902687072753906e+01
-8.874966430664062500e+01,2.789755249023437500e+01
-8.876008605957031250e+01,2.788941955566406250e+01
-8.874148559570312500e+01,2.789433860778808594e+01
-8.874438476562500000e+01,2.789250373840332031e+01
-8.880365753173828125e+01,2.792007255554199219e+01
-8.874711608886718750e+01,2.789454269409179688e+01
-8.877706909179687500e+01,2.789783096313476562e+01
-8.874753570556640625e+01,2.789096832275390625e+01
-8.875005340576171875e+01,2.788910102844238281e+01
-8.877060699462890625e+01,2.790341567993164062e+01
-8.876607513427734375e+01,2.789947319030761719e+01
-8.876618957519531250e+01,2.788228034973144531e+01
-8.876898956298828125e+01,2.788836860656738281e+01
-8.877734375000000000e+01,2.790045356750488281e+01
-8.877178955078125000e+01,2.789271736145019531e+01
-8.877880096435546875e+01,2.788941383361816406e+01
-8.877867889404296875e+01,2.790323066711425781e+01
-8.877052307128906250e+01,2.788939476013183594e+01
-8.877690887451171875e+01,2.788999748229980469e+01
-8.876494598388671875e+01,2.787888336181640625e+01
-8.877742767333984375e+01,2.789803886413574219e+01
-8.876707458496093750e+01,2.788938331604003906e+01
-8.876205444335937500e+01,2.788546752929687500e+01
-8.876050567626953125e+01,2.789648628234863281e+01
-8.878334808349609375e+01,2.790901756286621094e+01
-8.877210235595703125e+01,2.790182495117187500e+01
-8.875476837158203125e+01,2.789735412597656250e+01
-8.874788665771484375e+01,2.789412689208984375e+01
-8.877107238769531250e+01,2.789136695861816406e+01
-8.875528717041015625e+01,2.787635993957519531e+01
-8.877770996093750000e+01,2.789193916320800781e+01
-8.874863433837890625e+01,2.788544082641601562e+01
-8.880433654785156250e+01,2.792223930358886719e+01
-8.879360961914062500e+01,2.791683197021484375e+01
-8.878103637695312500e+01,2.790288925170898438e+01
-8.875933074951171875e+01,2.789288711547851562e+01
-8.877882385253906250e+01,2.789448165893554688e+01
-8.880383300781250000e+01,2.792216300964355469e+01
-8.876342773437500000e+01,2.789659881591796875e+01
-8.877916717529296875e+01,2.789521026611328125e+01
-8.875045776367187500e+01,2.789192581176757812e+01
-8.878200531005859375e+01,2.789491462707519531e+01
-8.879534149169921875e+01,2.791681480407714844e+01
-8.877547454833984375e+01,2.788706970214843750e+01
-8.875122070312500000e+01,2.789009666442871094e+01
-8.878173828125000000e+01,2.791085815429687500e+01
-8.876234436035156250e+01,2.788028335571289062e+01
-8.874741363525390625e+01,2.788508224487304688e+01
-8.876628112792968750e+01,2.789948272705078125e+01
-8.877580261230468750e+01,2.790496063232421875e+01
-8.879598999023437500e+01,2.791829109191894531e+01
-8.879550933837890625e+01,2.791867446899414062e+01
-8.877018737792968750e+01,2.788274765014648438e+01
-8.877113342285156250e+01,2.790320205688476562e+01
-8.875515747070312500e+01,2.787559700012207031e+01
-8.874505615234375000e+01,2.789552307128906250e+01
-8.874526977539062500e+01,2.789487075805664062e+01
-8.877000427246093750e+01,2.788393402099609375e+01
-8.876598358154296875e+01,2.789252281188964844e+01
-8.876266479492187500e+01,2.788868713378906250e+01
-8.880377960205078125e+01,2.792086601257324219e+01
-8.875450134277343750e+01,2.788522148132324219e+01
-8.876310729980468750e+01,2.788204193115234375e+01
-8.877039337158203125e+01,2.789583778381347656e+01
-8.876971435546875000e+01,2.789833831787109375e+01
-8.876839447021484375e+01,2.789068412780761719e+01
-8.875152587890625000e+01,2.789575767517089844e+01
-8.877082061767578125e+01,2.788558387756347656e+01
-8.875552368164062500e+01,2.789570617675781250e+01
-8.875069427490234375e+01,2.789080429077148438e+01
-8.877822113037109375e+01,2.790422248840332031e+01
-8.876808929443359375e+01,2.788393974304199219e+01
-8.878230285644531250e+01,2.790347671508789062e+01
-8.876077270507812500e+01,2.788007354736328125e+01
-8.875496673583984375e+01,2.788396072387695312e+01
-8.878829193115234375e+01,2.791304397583007812e+01
-8.874871063232421875e+01,2.789025878906250000e+01
-8.876366424560546875e+01,2.788935089111328125e+01
-8.875763702392578125e+01,2.789718055725097656e+01
-8.876725769042968750e+01,2.789276695251464844e+01
-8.875627899169921875e+01,2.787725257873535156e+01
-8.875683593750000000e+01,2.789732170104980469e+01
-8.875524902343750000e+01,2.787699127197265625e+01
-8.875735473632812500e+01,2.790091514587402344e+01
-8.878054046630859375e+01,2.790909576416015625e+01
-8.877304077148437500e+01,2.789733314514160156e+01
-8.876262664794921875e+01,2.787706947326660156e+01
-8.874147796630859375e+01,2.789370155334472656e+01
-8.877725219726562500e+01,2.789728355407714844e+01
-8.876364135742187500e+01,2.789079093933105469e+01
-8.875765991210937500e+01,2.787616157531738281e+01
-8.875833129882812500e+01,2.788888168334960938e+01
-8.877258300781250000e+01,2.789413452148437500e+01
-8.878807830810546875e+01,2.791185188293457031e+01
-8.876655578613281250e+01,2.790321540832519531e+01
-8.878040313720703125e+01,2.789134216308593750e+01
-8.875809478759765625e+01,2.788289642333984375e+01
-8.875881958007812500e+01,2.788774681091308594e+01
-8.878332519531250000e+01,2.791083526611328125e+01
-8.876063537597656250e+01,2.787837409973144531e+01
-8.876334381103515625e+01,2.789237976074218750e+01
-8.877918243408203125e+01,2.790783882141113281e+01
-8.877305603027343750e+01,2.788496589660644531e+01
-8.877953338623046875e+01,2.791082000732421875e+01
-8.876398468017578125e+01,2.790248489379882812e+01
-8.874682617187500000e+01,2.789538192749023438e+01
-8.875542449951171875e+01,2.788468170166015625e+01
-8.877819061279296875e+01,2.789571762084960938e+01
-8.875089263916015625e+01,2.789471817016601562e+01
-8.877838134765625000e+01,2.789139938354492188e+01
-8.876042175292968750e+01,2.789573860168457031e+01
-8.880385589599609375e+01,2.792095375061035156e+01
-8.876113891601562500e+01,2.788792991638183594e+01
-8.875779724121093750e+01,2.787818336486816406e+01
-8.877001190185546875e+01,2.789723587036132812e+01
-8.875465393066406250e+01,2.788671493530273438e+01
-8.876016235351562500e+01,2.788267135620117188e+01
-8.875598144531250000e+01,2.788664817810058594e+01
-8.878723144531250000e+01,2.791243553161621094e+01
-8.875958251953125000e+01,2.788906288146972656e+01
-8.877548217773437500e+01,2.789048004150390625e+01
-8.877133178710937500e+01,2.789247131347656250e+01
-8.874841308593750000e+01,2.789561271667480469e+01
-8.876521301269531250e+01,2.788849067687988281e+01
-8.878553009033203125e+01,2.790803527832031250e+01
-8.875923919677734375e+01,2.788203048706054688e+01
-8.875960540771484375e+01,2.789057159423828125e+01
-8.880372619628906250e+01,2.792107200622558594e+01
-8.875068664550781250e+01,2.789189147949218750e+01
-8.877523803710937500e+01,2.790413475036621094e+01
-8.875893402099609375e+01,2.788832664489746094e+01
-8.878081512451171875e+01,2.790345001220703125e+01
-8.876763916015625000e+01,2.789216613769531250e+01
-8.878059387207031250e+01,2.789866828918457031e+01
-8.877754211425781250e+01,2.788882827758789062e+01
-8.876741027832031250e+01,2.788203239440917969e+01
-8.875256347656250000e+01,2.789252471923828125e+01
-8.877934265136718750e+01,2.789044380187988281e+01
-8.877230072021484375e+01,2.789152908325195312e+01
-8.878187561035156250e+01,2.790142631530761719e+01
-8.874964904785156250e+01,2.789464950561523438e+01
-8.876393127441406250e+01,2.788603973388671875e+01
-8.878083801269531250e+01,2.790467643737792969e+01
-8.877001953125000000e+01,2.789125442504882812e+01
-8.878372955322265625e+01,2.791016197204589844e+01
-8.880278778076171875e+01,2.792107009887695312e+01
-8.876802062988281250e+01,2.790375900268554688e+01
-8.877265930175781250e+01,2.789004135131835938e+01
-8.878283691406250000e+01,2.789452362060546875e+01
-8.874494934082031250e+01,2.789389038085937500e+01
-8.879289245605468750e+01,2.791553497314453125e+01
-8.878881072998046875e+01,2.790992355346679688e+01
-8.877931976318359375e+01,2.790306282043457031e+01
-8.875546264648437500e+01,2.789655303955078125e+01
-8.880418395996093750e+01,2.792318725585937500e+01
-8.875646972656250000e+01,2.789624786376953125e+01
-8.876015472412109375e+01,2.789347839355468750e+01
-8.876883697509765625e+01,2.790358924865722656e+01
-8.876168823242187500e+01,2.789175415039062500e+01
-8.877976226806640625e+01,2.790571212768554688e+01
-8.877099609375000000e+01,2.789265441894531250e+01
-8.875304412841796875e+01,2.789205360412597656e+01
-8.876222229003906250e+01,2.789866828918457031e+01
-8.876217651367187500e+01,2.787978935241699219e+01
-8.877037048339843750e+01,2.789905357360839844e+01
-8.874501037597656250e+01,2.789150619506835938e+01
-8.876512908935546875e+01,2.789642333984375000e+01
-8.876464843750000000e+01,2.790161895751953125e+01
-8.877021026611328125e+01,2.789244079589843750e+01
-8.876855468750000000e+01,2.788984298706054688e+01
-8.878029632568359375e+01,2.789865875244140625e+01
-8.877382659912109375e+01,2.790468978881835938e+01
-8.876134490966796875e+01,2.788722991943359375e+01
-8.876451873779296875e+01,2.787947082519531250e+01
-8.876044464111328125e+01,2.790031242370605469e+01
-8.877944183349609375e+01,2.790500831604003906e+01
-8.876563262939453125e+01,2.789468765258789062e+01
-8.879801940917968750e+01,2.791926765441894531e+01
-8.876816558837890625e+01,2.788483619689941406e+01
-8.876844024658203125e+01,2.788709259033203125e+01
-8.877658843994140625e+01,2.790334701538085938e+01
-8.875819396972656250e+01,2.789465141296386719e+01
-8.875492858886718750e+01,2.789552688598632812e+01
-8.877173614501953125e+01,2.790129852294921875e+01
-8.879373168945312500e+01,2.791514205932617188e+01
-8.880415344238281250e+01,2.792278099060058594e+01
-8.876388549804687500e+01,2.789027214050292969e+01
-8.875658416748046875e+01,2.788957405090332031e+01
-8.877579498291015625e+01,2.789539718627929688e+01
-8.874470520019531250e+01,2.789240455627441406e+01
-8.875212860107421875e+01,2.788140869140625000e+01
-8.876882171630859375e+01,2.789359283447265625e+01
-8.877206420898437500e+01,2.790237426757812500e+01
-8.874884796142578125e+01,2.788872528076171875e+01
-8.876169586181640625e+01,2.789398384094238281e+01
-8.879581451416015625e+01,2.791611671447753906e+01
-8.876612854003906250e+01,2.790005493164062500e+01
-8.879517364501953125e+01,2.791743659973144531e+01
-8.875067138671875000e+01,2.788478660583496094e+01
-8.876241302490234375e+01,2.788301086425781250e+01
-8.875850677490234375e+01,2.787632179260253906e+01
-8.874910736083984375e+01,2.788685035705566406e+01
-8.876111602783203125e+01,2.789968299865722656e+01
-8.877911376953125000e+01,2.789540290832519531e+01
-8.875856781005859375e+01,2.789772415161132812e+01
-8.876723480224609375e+01,2.788771629333496094e+01
-8.875524139404296875e+01,2.787647056579589844e+01
-8.875086212158203125e+01,2.789711189270019531e+01
-8.875126647949218750e+01,2.788419151306152344e+01
-8.875828552246093750e+01,2.789915847778320312e+01
-8.878842926025390625e+01,2.791509819030761719e+01
-8.875685882568359375e+01,2.789249992370605469e+01
-8.879755401611328125e+01,2.791767692565917969e+01
-8.878826904296875000e+01,2.791406059265136719e+01
-8.875577545166015625e+01,2.787725639343261719e+01
-8.877571868896484375e+01,2.790009689331054688e+01
-8.877145385742187500e+01,2.789343643188476562e+01
-8.876717376708984375e+01,2.788687133789062500e+01
-8.875202178955078125e+01,2.788103675842285156e+01
-8.877217864990234375e+01,2.788558197021484375e+01
-8.878427124023437500e+01,2.791091346740722656e+01
-8.875361633300781250e+01,2.788807106018066406e+01
-8.874939727783203125e+01,2.789143371582031250e+01
-8.878403472900390625e+01,2.791203880310058594e+01
-8.875169372558593750e+01,2.789543533325195312e+01
-8.877745819091796875e+01,2.790274238586425781e+01
-8.878112792968750000e+01,2.789396667480468750e+01
-8.875526428222656250e+01,2.789456367492675781e+01
-8.878298950195312500e+01,2.790465927124023438e+01
-8.876791381835937500e+01,2.789593696594238281e+01
-8.877049255371093750e+01,2.788832473754882812e+01
-8.875806427001953125e+01,2.788087272644042969e+01
-8.878433990478515625e+01,2.790832710266113281e+01
-8.875856018066406250e+01,2.788987541198730469e+01
-8.875341796875000000e+01,2.788374328613281250e+01
-8.876581573486328125e+01,2.788041496276855469e+01
-8.875261688232421875e+01,2.789136886596679688e+01
-8.877550506591796875e+01,2.788992691040039062e+01
-8.874308776855468750e+01,2.789276504516601562e+01
-8.876200103759765625e+01,2.787739944458007812e+01
-8.879937744140625000e+01,2.791863250732421875e+01
-8.878178405761718750e+01,2.790564918518066406e+01
-8.874188232421875000e+01,2.789365577697753906e+01
-8.876452636718750000e+01,2.788623237609863281e+01
-8.879656219482421875e+01,2.791846847534179688e+01
-8.875423431396484375e+01,2.788502502441406250e+01
-8.875711822509765625e+01,2.789514160156250000e+01
-8.878767395019531250e+01,2.790892601013183594e+01
-8.876117706298828125e+01,2.789858818054199219e+01
-8.877035522460937500e+01,2.788998603820800781e+01
-8.876239013671875000e+01,2.787830543518066406e+01
-8.876398468017578125e+01,2.789957618713378906e+01
-8.880481719970703125e+01,2.792062568664550781e+01
-8.875888061523437500e+01,2.787945175170898438e+01
-8.877993011474609375e+01,2.788966178894042969e+01
-8.876034545898437500e+01,2.788264083862304688e+01
-8.875569152832031250e+01,2.788243484497070312e+01
-8.876963806152343750e+01,2.789578056335449219e+01
-8.877954864501953125e+01,2.790050125122070312e+01
-8.875952911376953125e+01,2.789614868164062500e+01
-8.875135040283203125e+01,2.789067459106445312e+01
-8.878732299804687500e+01,2.790916061401367188e+01
-8.877394104003906250e+01,2.789175415039062500e+01
-8.876734924316406250e+01,2.789322090148925781e+01
-8.879788970947265625e+01,2.791911888122558594e+01
-8.876574707031250000e+01,2.790243148803710938e+01
-8.876814270019531250e+01,2.789988136291503906e+01
-8.876142120361328125e+01,2.788888549804687500e+01
-8.878177642822265625e+01,2.790812873840332031e+01
-8.877812194824218750e+01,2.789932441711425781e+01
-8.875648498535156250e+01,2.787922286987304688e+01
-8.877118682861328125e+01,2.790353012084960938e+01
-8.875447845458984375e+01,2.788180732727050781e+01
-8.876222229003906250e+01,2.789099884033203125e+01
-8.875293731689453125e+01,2.789076805114746094e+01
-8.878221130371093750e+01,2.789629364013671875e+01
-8.875480651855468750e+01,2.788693618774414062e+01
-8.875903320312500000e+01,2.788383102416992188e+01
-8.878018188476562500e+01,2.789015579223632812e+01
-8.878414154052734375e+01,2.791109848022460938e+01
-8.876605224609375000e+01,2.789833831787109375e+01
-8.877053070068359375e+01,2.789346122741699219e+01
-8.878174591064453125e+01,2.790028190612792969e+01
-8.876699829101562500e+01,2.788617324829101562e+01
-8.879062652587890625e+01,2.791369628906250000e+01
-8.876055145263671875e+01,2.789034652709960938e+01
-8.877220153808593750e+01,2.788479614257812500e+01
-8.875032043457031250e+01,2.788511276245117188e+01
-8.878353118896484375e+01,2.790855216979980469e+01
-8.878405761718750000e+01,2.790994834899902344e+01
-8.879685211181640625e+01,2.791594886779785156e+01
-8.879900360107421875e+01,2.791947174072265625e+01
-8.876750946044921875e+01,2.789451026916503906e+01
-8.878161621093750000e+01,2.790095138549804688e+01
-8.875350189208984375e+01,2.789115333557128906e+01
-8.875845336914062500e+01,2.788586425781250000e+01
-8.875778961181640625e+01,2.788744544982910156e+01
-8.875213623046875000e+01,2.788838386535644531e+01
-8.876029968261718750e+01,2.787936210632324219e+01
-8.875905609130859375e+01,2.789734649658203125e+01
-8.875751495361328125e+01,2.787993431091308594e+01
-8.874936676025390625e+01,2.788283920288085938e+01
-8.876412963867187500e+01,2.789323234558105469e+01
-8.877515411376953125e+01,2.789943695068359375e+01
-8.877313995361328125e+01,2.788543701171875000e+01
-8.878652954101562500e+01,2.791022491455078125e+01
-8.876087951660156250e+01,2.789199638366699219e+01
-8.879031372070312500e+01,2.791468811035156250e+01
-8.876739501953125000e+01,2.789431953430175781e+01
-8.875146484375000000e+01,2.789691734313964844e+01
-8.875730895996093750e+01,2.788709068298339844e+01
-8.876471710205078125e+01,2.788690376281738281e+01
-8.877906799316406250e+01,2.788915061950683594e+01
-8.875569915771484375e+01,2.789756584167480469e+01
-8.878135681152343750e+01,2.791061210632324219e+01
-8.875783538818359375e+01,2.789082717895507812e+01
-8.880314636230468750e+01,2.792293548583984375e+01
-8.876435852050781250e+01,2.788616752624511719e+01
-8.876621246337890625e+01,2.787986564636230469e+01
-8.876654052734375000e+01,2.790280532836914062e+01
-8.874557495117187500e+01,2.789463424682617188e+01
-8.876581573486328125e+01,2.789652061462402344e+01
-8.875531768798828125e+01,2.789093589782714844e+01
-8.876718902587890625e+01,2.789775276184082031e+01
-8.876860046386718750e+01,2.788574600219726562e+01
-8.878051757812500000e+01,2.790556526184082031e+01
-8.876390838623046875e+01,2.789072227478027344e+01
-8.875193786621093750e+01,2.789121627807617188e+01
-8.879062652587890625e+01,2.791308784484863281e+01
-8.876524353027343750e+01,2.788743972778320312e+01
-8.877946472167968750e+01,2.790627288818359375e+01
-8.877118682861328125e+01,2.789636993408203125e+01
-8.878574371337890625e+01,2.791136741638183594e+01
-8.877049255371093750e+01,2.789608764648437500e+01
-8.876988220214843750e+01,2.789624214172363281e+01
-8.877131652832031250e+01,2.790078544616699219e+01
-8.880339813232421875e+01,2.792119789123535156e+01
-8.874819183349609375e+01,2.789003562927246094e+01
-8.877403259277343750e+01,2.789538192749023438e+01
-8.875859069824218750e+01,2.788890838623046875e+01
-8.877310180664062500e+01,2.789613914489746094e+01
-8.875915527343750000e+01,2.788041877746582031e+01
-8.876642608642578125e+01,2.788797760009765625e+01
-8.876556396484375000e+01,2.788381195068359375e+01
-8.876692199707031250e+01,2.788795661926269531e+01
-8.877184295654296875e+01,2.789349365234375000e+01
-8.875308227539062500e+01,2.789547157287597656e+01
-8.876641082763671875e+01,2.788706016540527344e+01
-8.875744628906250000e+01,2.789479637145996094e+01
-8.879570770263671875e+01,2.791744041442871094e+01
-8.875952148437500000e+01,2.788590049743652344e+01
-8.875970458984375000e+01,2.790217971801757812e+01
-8.877611541748046875e+01,2.789629745483398438e+01
-8.876290130615234375e+01,2.789378738403320312e+01
-8.878213500976562500e+01,2.789233398437500000e+01
-8.875466918945312500e+01,2.787828636169433594e+01
-8.878790283203125000e+01,2.791371726989746094e+01
-8.877063751220703125e+01,2.788734054565429688e+01
-8.876970672607421875e+01,2.789425277709960938e+01
-8.878517150878906250e+01,2.791302680969238281e+01
-8.876828002929687500e+01,2.789620780944824219e+01
-8.878303527832031250e+01,2.789377403259277344e+01
-8.877281188964843750e+01,2.789873695373535156e+01
-8.878032684326171875e+01,2.790825843811035156e+01
-8.877207946777343750e+01,2.789184951782226562e+01
-8.877882385253906250e+01,2.789796638488769531e+01
-8.878067779541015625e+01,2.790515327453613281e+01
-8.877055358886718750e+01,2.788655281066894531e+01
-8.876451873779296875e+01,2.788565254211425781e+01
-8.876588439941406250e+01,2.789536094665527344e+01
-8.875860595703125000e+01,2.789334678649902344e+01
-8.875481414794921875e+01,2.788495826721191406e+01
-8.876248168945312500e+01,2.788286399841308594e+01
-8.877761840820312500e+01,2.789453506469726562e+01
-8.876512145996093750e+01,2.788766860961914062e+01
-8.874817657470703125e+01,2.789381790161132812e+01
-8.878353881835937500e+01,2.790659713745117188e+01
-8.875003051757812500e+01,2.788266181945800781e+01
-8.875343322753906250e+01,2.789747619628906250e+01
-8.876155090332031250e+01,2.787674140930175781e+01
-8.877053833007812500e+01,2.789096260070800781e+01
-8.875302886962890625e+01,2.788305664062500000e+01
-8.875974273681640625e+01,2.789197158813476562e+01
-8.877254486083984375e+01,2.789139366149902344e+01
-8.878967285156250000e+01,2.791096878051757812e+01
-8.877454376220703125e+01,2.788793754577636719e+01
-8.875456237792968750e+01,2.788501548767089844e+01
-8.876464080810546875e+01,2.788671493530273438e+01
-8.875479888916015625e+01,2.789709663391113281e+01
-8.879412078857421875e+01,2.791656494140625000e+01
-8.877996826171875000e+01,2.788938522338867188e+01
-8.877894592285156250e+01,2.790635871887207031e+01
-8.875253295898437500e+01,2.789764976501464844e+01
-8.876284790039062500e+01,2.789429664611816406e+01
-8.875634002685546875e+01,2.787670326232910156e+01
-8.875010681152343750e+01,2.789615440368652344e+01
-8.878151702880859375e+01,2.789142799377441406e+01
-8.875205993652343750e+01,2.789224052429199219e+01
-8.877735900878906250e+01,2.789919471740722656e+01
-8.877342224121093750e+01,2.789884376525878906e+01
-8.876670074462890625e+01,2.788275337219238281e+01
-8.879881286621093750e+01,2.792062759399414062e+01
-8.877294158935546875e+01,2.790034103393554688e+01
-8.877528381347656250e+01,2.789415550231933594e+01
-8.876348876953125000e+01,2.788629913330078125e+01
-8.876480102539062500e+01,2.788768005371093750e+01
-8.879082489013671875e+01,2.791551589965820312e+01
-8.880361175537109375e+01,2.792298316955566406e+01
-8.875933074951171875e+01,2.789523124694824219e+01
-8.874400329589843750e+01,2.789515304565429688e+01
-8.878139495849609375e+01,2.790418052673339844e+01
-8.876866149902343750e+01,2.789113235473632812e+01
-8.880349731445312500e+01,2.792075347900390625e+01
-8.878094482421875000e+01,2.790170097351074219e+01
-8.876119995117187500e+01,2.789384460449218750e+01
-8.875378417968750000e+01,2.789710426330566406e+01
-8.875659942626953125e+01,2.789411926269531250e+01
-8.877032470703125000e+01,2.789614868164062500e+01
-8.876189422607421875e+01,2.789990806579589844e+01
-8.876126861572265625e+01,2.788673973083496094e+01
-8.876845550537109375e+01,2.788511466979980469e+01
-8.875724029541015625e+01,2.788010787963867188e+01
-8.878919982910156250e+01,2.791489791870117188e+01
-8.875363159179687500e+01,2.788879013061523438e+01
-8.876512145996093750e+01,2.789945411682128906e+01
-8.878036499023437500e+01,2.789475822448730469e+01
-8.875694274902343750e+01,2.787567710876464844e+01
-8.877527618408203125e+01,2.789527320861816406e+01
-8.878391265869140625e+01,2.790635299682617188e+01
-8.876041412353515625e+01,2.788507652282714844e+01
-8.877465820312500000e+01,2.789041709899902344e+01
-8.875110626220703125e+01,2.788586235046386719e+01
-8.875883483886718750e+01,2.787939643859863281e+01
-8.875022888183593750e+01,2.789550781250000000e+01
-8.877441406250000000e+01,2.788961029052734375e+01
-8.879148864746093750e+01,2.791219711303710938e+01
-8.875148773193359375e+01,2.788308906555175781e+01
-8.878142547607421875e+01,2.789462852478027344e+01
-8.877380371093750000e+01,2.789081382751464844e+01
-8.876374816894531250e+01,2.789820098876953125e+01
-8.875350952148437500e+01,2.788788223266601562e+01
-8.877031707763671875e+01,2.789993286132812500e+01
-8.877113342285156250e+01,2.788689613342285156e+01
-8.875926971435546875e+01,2.789162445068359375e+01
-8.876704406738281250e+01,2.788272476196289062e+01
-8.877880096435546875e+01,2.789862823486328125e+01
-8.875714874267578125e+01,2.789538764953613281e+01
-8.875586700439453125e+01,2.788852882385253906e+01
-8.879663085937500000e+01,2.791768836975097656e+01
-8.877574920654296875e+01,2.790084457397460938e+01
-8.876168823242187500e+01,2.789145851135253906e+01
-8.877127838134765625e+01,2.790360069274902344e+01
-8.877705383300781250e+01,2.789353561401367188e+01
-8.877944946289062500e+01,2.791091537475585938e+01
-8.877069854736328125e+01,2.790029335021972656e+01
-8.875685119628906250e+01,2.789369583129882812e+01
