longitude,latitude
-9.045444488525390625e+01,2.687109184265136719e+01
-9.040872192382812500e+01,2.689777755737304688e+01
-9.041046905517578125e+01,2.689707183837890625e+01
-9.046237945556640625e+01,2.686747169494628906e+01
-9.041781616210937500e+01,2.689732933044433594e+01
-9.043878936767578125e+01,2.689896202087402344e+01
-9.045139312744140625e+01,2.687098693847656250e+01
-9.043890380859375000e+01,2.689919853210449219e+01
-9.038021850585937500e+01,2.689447975158691406e+01
-9.041034698486328125e+01,2.689518165588378906e+01
-9.040525817871093750e+01,2.689510154724121094e+01
-9.045877838134765625e+01,2.686918067932128906e+01
-9.045955657958984375e+01,2.686890029907226562e+01
-9.045446014404296875e+01,2.687111282348632812e+01
-9.040909576416015625e+01,2.689851188659667969e+01
-9.039296722412109375e+01,2.689181900024414062e+01
-9.037516021728515625e+01,2.689590454101562500e+01
-9.041257476806640625e+01,2.689586830139160156e+01
-9.041028594970703125e+01,2.689498138427734375e+01
-9.044423675537109375e+01,2.689856338500976562e+01
-9.040704345703125000e+01,2.690211105346679688e+01
-9.045396423339843750e+01,2.687071990966796875e+01
-9.046829986572265625e+01,2.686618995666503906e+01
-9.040921020507812500e+01,2.689875793457031250e+01
-9.039717102050781250e+01,2.689240264892578125e+01
-9.041822814941406250e+01,2.689707946777343750e+01
-9.044964599609375000e+01,2.687217140197753906e+01
-9.047290039062500000e+01,2.686287689208984375e+01
-9.040718078613281250e+01,2.689784431457519531e+01
-9.044683837890625000e+01,2.689862251281738281e+01
-9.040022277832031250e+01,2.689202690124511719e+01
-9.040686035156250000e+01,2.689512062072753906e+01
-9.045096588134765625e+01,2.687154197692871094e+01
-9.044512176513671875e+01,2.689752006530761719e+01
-9.040618133544921875e+01,2.689277267456054688e+01
-9.039849090576171875e+01,2.689148712158203125e+01
-9.039629364013671875e+01,2.689227867126464844e+01
-9.040151977539062500e+01,2.689104080200195312e+01
-9.046115875244140625e+01,2.686826896667480469e+01
-9.039771270751953125e+01,2.689163780212402344e+01
-9.046894836425781250e+01,2.686533355712890625e+01
-9.040333557128906250e+01,2.689864158630371094e+01
-9.047457122802734375e+01,2.686333656311035156e+01
-9.044602966308593750e+01,2.689942169189453125e+01
-9.039291381835937500e+01,2.689187812805175781e+01
-9.042961120605468750e+01,2.690191841125488281e+01
-9.044667816162109375e+01,2.689878273010253906e+01
-9.041078186035156250e+01,2.689382553100585938e+01
-9.046790313720703125e+01,2.686652183532714844e+01
-9.039617919921875000e+01,2.689233016967773438e+01
-9.040735626220703125e+01,2.689723205566406250e+01
-9.045043945312500000e+01,2.687241363525390625e+01
-9.040473937988281250e+01,2.689406776428222656e+01
-9.039955902099609375e+01,2.689224243164062500e+01
-9.046772766113281250e+01,2.686648368835449219e+01
-9.040961456298828125e+01,2.689841651916503906e+01
-9.041094207763671875e+01,2.689404296875000000e+01
-9.040699768066406250e+01,2.689413452148437500e+01
-9.040833282470703125e+01,2.689747810363769531e+01
-9.047209930419921875e+01,2.686331176757812500e+01
-9.041134643554687500e+01,2.689680099487304688e+01
-9.046392822265625000e+01,2.686768341064453125e+01
-9.046990966796875000e+01,2.686524391174316406e+01
-9.039382171630859375e+01,2.689156532287597656e+01
-9.039711761474609375e+01,2.689200019836425781e+01
-9.041085815429687500e+01,2.689735603332519531e+01
-9.045131683349609375e+01,2.687100982666015625e+01
-9.040840148925781250e+01,2.689973449707031250e+01
-9.040751647949218750e+01,2.689631271362304688e+01
-9.042900085449218750e+01,2.690235900878906250e+01
-9.043867492675781250e+01,2.689943885803222656e+01
-9.040839385986328125e+01,2.689729881286621094e+01
-9.038311004638671875e+01,2.689332962036132812e+01
-9.040333557128906250e+01,2.689908790588378906e+01
-9.040548706054687500e+01,2.689390563964843750e+01
-9.044658660888671875e+01,2.690147781372070312e+01
-9.042623901367187500e+01,2.690278244018554688e+01
-9.043907928466796875e+01,2.689889144897460938e+01
-9.040794372558593750e+01,2.689425277709960938e+01
-9.044575500488281250e+01,2.689763450622558594e+01
-9.040682220458984375e+01,2.689574432373046875e+01
-9.040895843505859375e+01,2.689426994323730469e+01
-9.040602874755859375e+01,2.689171600341796875e+01
-9.042684173583984375e+01,2.690168190002441406e+01
-9.040513610839843750e+01,2.689237976074218750e+01
-9.047238159179687500e+01,2.686464309692382812e+01
-9.041326904296875000e+01,2.689477920532226562e+01
-9.040272521972656250e+01,2.689098548889160156e+01
-9.045634460449218750e+01,2.686950874328613281e+01
-9.040824127197265625e+01,2.689559745788574219e+01
-9.040171051025390625e+01,2.689124870300292969e+01
-9.040744018554687500e+01,2.689439582824707031e+01
-9.046828460693359375e+01,2.686631965637207031e+01
-9.042645263671875000e+01,2.690246009826660156e+01
-9.040700531005859375e+01,2.689525032043457031e+01
-9.041049194335937500e+01,2.689347648620605469e+01
-9.046603393554687500e+01,2.686685562133789062e+01
-9.044447326660156250e+01,2.689922714233398438e+01
-9.040926361083984375e+01,2.689474296569824219e+01
-9.044371795654296875e+01,2.689776992797851562e+01
-9.040306091308593750e+01,2.691184043884277344e+01
-9.047279357910156250e+01,2.686335945129394531e+01
-9.037544250488281250e+01,2.689568328857421875e+01
-9.040699768066406250e+01,2.689115333557128906e+01
-9.044451141357421875e+01,2.689911270141601562e+01
-9.040536499023437500e+01,2.689560699462890625e+01
-9.047573852539062500e+01,2.686338233947753906e+01
-9.046446228027343750e+01,2.686753082275390625e+01
-9.039559173583984375e+01,2.689171600341796875e+01
-9.041073608398437500e+01,2.689766120910644531e+01
-9.044369506835937500e+01,2.689752578735351562e+01
-9.039903259277343750e+01,2.689144134521484375e+01
-9.044723510742187500e+01,2.689855194091796875e+01
-9.042697143554687500e+01,2.690179061889648438e+01
-9.040393066406250000e+01,2.689111518859863281e+01
-9.041256713867187500e+01,2.689583969116210938e+01
-9.046141052246093750e+01,2.686766624450683594e+01
-9.045648956298828125e+01,2.686951065063476562e+01
-9.040667724609375000e+01,2.689545059204101562e+01
-9.041195678710937500e+01,2.689501380920410156e+01
-9.040646362304687500e+01,2.689536857604980469e+01
-9.046170043945312500e+01,2.686837005615234375e+01
-9.041078186035156250e+01,2.689329338073730469e+01
-9.047367858886718750e+01,2.686372756958007812e+01
-9.046929931640625000e+01,2.686536026000976562e+01
-9.040914916992187500e+01,2.689545822143554688e+01
-9.041008758544921875e+01,2.689425849914550781e+01
-9.040612030029296875e+01,2.689558410644531250e+01
-9.043834686279296875e+01,2.689945030212402344e+01
-9.044274139404296875e+01,2.689808654785156250e+01
-9.041127014160156250e+01,2.689470672607421875e+01
-9.044548034667968750e+01,2.689813804626464844e+01
-9.043927764892578125e+01,2.689862442016601562e+01
-9.042020416259765625e+01,2.689722061157226562e+01
-9.041025543212890625e+01,2.689905166625976562e+01
-9.040685272216796875e+01,2.689550971984863281e+01
-9.040299987792968750e+01,2.689887619018554688e+01
-9.040965270996093750e+01,2.689928817749023438e+01
-9.040892791748046875e+01,2.689529418945312500e+01
-9.047319793701171875e+01,2.686413383483886719e+01
-9.040293121337890625e+01,2.689172172546386719e+01
-9.040370941162109375e+01,2.689841270446777344e+01
-9.047344970703125000e+01,2.686394691467285156e+01
-9.044403839111328125e+01,2.689856338500976562e+01
-9.040520477294921875e+01,2.689572715759277344e+01
-9.041999053955078125e+01,2.689820861816406250e+01
-9.039863586425781250e+01,2.689147949218750000e+01
-9.039746856689453125e+01,2.689275932312011719e+01
-9.045906066894531250e+01,2.686952400207519531e+01
-9.044813537597656250e+01,2.687270545959472656e+01
-9.046964263916015625e+01,2.686460113525390625e+01
-9.044414520263671875e+01,2.689871406555175781e+01
-9.039244842529296875e+01,2.689171409606933594e+01
-9.042996978759765625e+01,2.690132331848144531e+01
-9.038357543945312500e+01,2.689264488220214844e+01
-9.041046142578125000e+01,2.689731979370117188e+01
-9.047519683837890625e+01,2.686323165893554688e+01
-9.040098571777343750e+01,2.691323661804199219e+01
-9.040736389160156250e+01,2.689821624755859375e+01
-9.040145111083984375e+01,2.689159584045410156e+01
-9.045204925537109375e+01,2.687180137634277344e+01
-9.040743255615234375e+01,2.689530181884765625e+01
-9.039202117919921875e+01,2.689197349548339844e+01
-9.041053771972656250e+01,2.689421081542968750e+01
-9.040367889404296875e+01,2.689865493774414062e+01
-9.040790557861328125e+01,2.689746856689453125e+01
-9.044309234619140625e+01,2.689795684814453125e+01
-9.041068267822265625e+01,2.689798736572265625e+01
-9.039973449707031250e+01,2.689228630065917969e+01
-9.041978454589843750e+01,2.689685058593750000e+01
-9.046711730957031250e+01,2.686606216430664062e+01
-9.040983581542968750e+01,2.689436531066894531e+01
-9.041011047363281250e+01,2.689722061157226562e+01
-9.039674377441406250e+01,2.689247894287109375e+01
-9.040563964843750000e+01,2.689651489257812500e+01
-9.040114593505859375e+01,2.689132881164550781e+01
-9.040750122070312500e+01,2.690179824829101562e+01
-9.038378143310546875e+01,2.689300155639648438e+01
-9.040482330322265625e+01,2.689208221435546875e+01
-9.040176391601562500e+01,2.689158058166503906e+01
-9.041033172607421875e+01,2.689417648315429688e+01
-9.039432525634765625e+01,2.689154243469238281e+01
-9.040536499023437500e+01,2.689501571655273438e+01
-9.040297698974609375e+01,2.689090156555175781e+01
-9.042636871337890625e+01,2.690204620361328125e+01
-9.044498443603515625e+01,2.689835929870605469e+01
-9.047560119628906250e+01,2.686281967163085938e+01
-9.045534515380859375e+01,2.687019920349121094e+01
-9.046094512939453125e+01,2.686848258972167969e+01
-9.039461517333984375e+01,2.689127922058105469e+01
-9.040882110595703125e+01,2.689463996887207031e+01
-9.040795135498046875e+01,2.689822769165039062e+01
-9.046417236328125000e+01,2.686680030822753906e+01
-9.039692687988281250e+01,2.689295196533203125e+01
-9.045455169677734375e+01,2.687020683288574219e+01
-9.041814422607421875e+01,2.689661979675292969e+01
-9.040850830078125000e+01,2.690134429931640625e+01
-9.039506530761718750e+01,2.689098548889160156e+01
-9.040732574462890625e+01,2.689423942565917969e+01
-9.039978027343750000e+01,2.689243125915527344e+01
-9.040628814697265625e+01,2.689451217651367188e+01
-9.044412994384765625e+01,2.689822006225585938e+01
-9.040630340576171875e+01,2.689376449584960938e+01
-9.040751647949218750e+01,2.689872360229492188e+01
-9.040772247314453125e+01,2.689787864685058594e+01
-9.046892547607421875e+01,2.686565208435058594e+01
-9.040763854980468750e+01,2.689891052246093750e+01
-9.041228485107421875e+01,2.689561462402343750e+01
-9.040276336669921875e+01,2.689144706726074219e+01
-9.038135528564453125e+01,2.689487266540527344e+01
-9.043736267089843750e+01,2.689893531799316406e+01
-9.044549560546875000e+01,2.689771080017089844e+01
-9.046239471435546875e+01,2.686787033081054688e+01
-9.039514160156250000e+01,2.689232635498046875e+01
-9.041011810302734375e+01,2.689909172058105469e+01
-9.040544891357421875e+01,2.689308357238769531e+01
-9.046199035644531250e+01,2.686818885803222656e+01
-9.040864562988281250e+01,2.689496421813964844e+01
-9.041342163085937500e+01,2.689472579956054688e+01
-9.041104888916015625e+01,2.689765739440917969e+01
-9.040948486328125000e+01,2.689468193054199219e+01
-9.042023468017578125e+01,2.689806175231933594e+01
-9.044425201416015625e+01,2.689797592163085938e+01
-9.046778106689453125e+01,2.686599540710449219e+01
-9.042844390869140625e+01,2.690232276916503906e+01
-9.039949035644531250e+01,2.689235115051269531e+01
-9.042121124267578125e+01,2.689686203002929688e+01
-9.045881652832031250e+01,2.686923027038574219e+01
-9.041148376464843750e+01,2.689697456359863281e+01
-9.042704772949218750e+01,2.690257644653320312e+01
-9.047099304199218750e+01,2.686435127258300781e+01
-9.042900848388671875e+01,2.690284347534179688e+01
-9.039646148681640625e+01,2.689179611206054688e+01
-9.038459777832031250e+01,2.689276695251464844e+01
-9.046797180175781250e+01,2.686650276184082031e+01
-9.040874481201171875e+01,2.689653396606445312e+01
-9.040673828125000000e+01,2.689424133300781250e+01
-9.047427368164062500e+01,2.686291694641113281e+01
-9.040709686279296875e+01,2.689717483520507812e+01
-9.047280883789062500e+01,2.686361503601074219e+01
-9.043900299072265625e+01,2.689871215820312500e+01
-9.041882324218750000e+01,2.689602470397949219e+01
-9.045437622070312500e+01,2.687062263488769531e+01
-9.047436523437500000e+01,2.686259269714355469e+01
-9.042962646484375000e+01,2.690229415893554688e+01
-9.041065216064453125e+01,2.689508247375488281e+01
-9.040994262695312500e+01,2.689717674255371094e+01
-9.039712524414062500e+01,2.689277076721191406e+01
-9.039759826660156250e+01,2.689197921752929688e+01
-9.044566345214843750e+01,2.689916992187500000e+01
-9.042858123779296875e+01,2.690261268615722656e+01
-9.040115356445312500e+01,2.689141082763671875e+01
-9.040501403808593750e+01,2.689791297912597656e+01
-9.040476989746093750e+01,2.689705467224121094e+01
-9.044826507568359375e+01,2.687232780456542969e+01
-9.041125488281250000e+01,2.689545440673828125e+01
-9.041206359863281250e+01,2.689466094970703125e+01
-9.040395355224609375e+01,2.689867019653320312e+01
-9.040268707275390625e+01,2.689138984680175781e+01
-9.044865417480468750e+01,2.690095520019531250e+01
-9.045100402832031250e+01,2.687066650390625000e+01
-9.040412139892578125e+01,2.689880561828613281e+01
-9.040619659423828125e+01,2.689693260192871094e+01
-9.041077423095703125e+01,2.689833831787109375e+01
-9.040774536132812500e+01,2.689844131469726562e+01
-9.040550231933593750e+01,2.689647865295410156e+01
-9.041875457763671875e+01,2.689699554443359375e+01
-9.040849304199218750e+01,2.689859008789062500e+01
-9.043840789794921875e+01,2.689957427978515625e+01
-9.039550781250000000e+01,2.689105224609375000e+01
-9.047403717041015625e+01,2.686330795288085938e+01
-9.039822387695312500e+01,2.689210510253906250e+01
-9.041928863525390625e+01,2.689468383789062500e+01
-9.038313293457031250e+01,2.689369964599609375e+01
-9.041971588134765625e+01,2.689722061157226562e+01
-9.040782165527343750e+01,2.689376258850097656e+01
-9.040745544433593750e+01,2.689690971374511719e+01
-9.040998077392578125e+01,2.689481735229492188e+01
-9.040573120117187500e+01,2.689379310607910156e+01
-9.039249420166015625e+01,2.689163589477539062e+01
-9.043835449218750000e+01,2.689853286743164062e+01
-9.042949676513671875e+01,2.690173339843750000e+01
-9.041009521484375000e+01,2.689952468872070312e+01
-9.045636749267578125e+01,2.686976623535156250e+01
-9.043865203857421875e+01,2.689953041076660156e+01
-9.041823577880859375e+01,2.689684486389160156e+01
-9.046099090576171875e+01,2.686824417114257812e+01
-9.041478729248046875e+01,2.689462280273437500e+01
-9.040822601318359375e+01,2.689655876159667969e+01
-9.046702575683593750e+01,2.686632537841796875e+01
-9.039534759521484375e+01,2.689060401916503906e+01
-9.041159820556640625e+01,2.689545631408691406e+01
-9.047610473632812500e+01,2.686205482482910156e+01
-9.040528869628906250e+01,2.689758110046386719e+01
-9.045552062988281250e+01,2.687038040161132812e+01
-9.046199035644531250e+01,2.686754798889160156e+01
-9.040871429443359375e+01,2.689933013916015625e+01
-9.044456481933593750e+01,2.689949989318847656e+01
-9.040039062500000000e+01,2.689221763610839844e+01
-9.039279174804687500e+01,2.689141273498535156e+01
-9.040706634521484375e+01,2.690211868286132812e+01
-9.044561767578125000e+01,2.689798736572265625e+01
-9.041112518310546875e+01,2.689741897583007812e+01
-9.040748596191406250e+01,2.689617729187011719e+01
-9.044333648681640625e+01,2.689921951293945312e+01
-9.044356536865234375e+01,2.689950370788574219e+01
-9.042987060546875000e+01,2.690223693847656250e+01
-9.040929412841796875e+01,2.690022277832031250e+01
-9.039250183105468750e+01,2.689156341552734375e+01
-9.039425659179687500e+01,2.689157676696777344e+01
-9.044363403320312500e+01,2.689853477478027344e+01
-9.039588928222656250e+01,2.689064025878906250e+01
-9.038472747802734375e+01,2.689246749877929688e+01
-9.047524261474609375e+01,2.686231040954589844e+01
-9.042984008789062500e+01,2.690237426757812500e+01
-9.040354919433593750e+01,2.689155578613281250e+01
-9.044279479980468750e+01,2.689804267883300781e+01
-9.047521209716796875e+01,2.686298370361328125e+01
-9.041024017333984375e+01,2.689857292175292969e+01
-9.039897155761718750e+01,2.689229011535644531e+01
-9.040995788574218750e+01,2.689897155761718750e+01
-9.044839477539062500e+01,2.687225341796875000e+01
-9.043736267089843750e+01,2.689914512634277344e+01
-9.046896362304687500e+01,2.686539077758789062e+01
-9.041020202636718750e+01,2.689783096313476562e+01
-9.039702606201171875e+01,2.689201736450195312e+01
-9.044361114501953125e+01,2.689843940734863281e+01
-9.039562988281250000e+01,2.689063835144042969e+01
-9.041004943847656250e+01,2.689817428588867188e+01
-9.041083526611328125e+01,2.689838600158691406e+01
-9.043829345703125000e+01,2.689885139465332031e+01
-9.043982696533203125e+01,2.689910697937011719e+01
-9.040615081787109375e+01,2.689192962646484375e+01
-9.039737701416015625e+01,2.689238166809082031e+01
-9.038404846191406250e+01,2.689265060424804688e+01
-9.040860748291015625e+01,2.689809989929199219e+01
-9.042843627929687500e+01,2.690185737609863281e+01
-9.044639587402343750e+01,2.689865875244140625e+01
-9.040625762939453125e+01,2.689692497253417969e+01
-9.043883514404296875e+01,2.689861297607421875e+01
-9.040368652343750000e+01,2.689145278930664062e+01
-9.040041351318359375e+01,2.689107513427734375e+01
-9.044712066650390625e+01,2.690102767944335938e+01
-9.042107391357421875e+01,2.689666557312011719e+01
-9.040970611572265625e+01,2.689594268798828125e+01
-9.042704010009765625e+01,2.690182113647460938e+01
-9.042616271972656250e+01,2.690333747863769531e+01
-9.040739440917968750e+01,2.689830589294433594e+01
-9.044537353515625000e+01,2.689775657653808594e+01
-9.039908599853515625e+01,2.689221000671386719e+01
-9.039435577392578125e+01,2.689161682128906250e+01
-9.040930938720703125e+01,2.689536285400390625e+01
-9.047393035888671875e+01,2.686262130737304688e+01
-9.040102386474609375e+01,2.691353988647460938e+01
-9.042894744873046875e+01,2.690205001831054688e+01
-9.037590026855468750e+01,2.689589691162109375e+01
-9.040118408203125000e+01,2.689125633239746094e+01
-9.042555999755859375e+01,2.690304374694824219e+01
-9.041164398193359375e+01,2.689682006835937500e+01
-9.042672729492187500e+01,2.690160369873046875e+01
-9.046678161621093750e+01,2.686615562438964844e+01
-9.041819763183593750e+01,2.689712333679199219e+01
-9.042875671386718750e+01,2.690301322937011719e+01
-9.040939331054687500e+01,2.689848899841308594e+01
-9.039489746093750000e+01,2.689323997497558594e+01
-9.042630767822265625e+01,2.690279006958007812e+01
-9.044306945800781250e+01,2.689722824096679688e+01
-9.040900421142578125e+01,2.689626693725585938e+01
-9.044429016113281250e+01,2.689648246765136719e+01
-9.040966796875000000e+01,2.689399909973144531e+01
-9.046952056884765625e+01,2.686563682556152344e+01
-9.044342041015625000e+01,2.689948081970214844e+01
-9.043734741210937500e+01,2.689915657043457031e+01
-9.044814300537109375e+01,2.690170097351074219e+01
-9.047382354736328125e+01,2.686267852783203125e+01
-9.043789672851562500e+01,2.689865493774414062e+01
-9.042607879638671875e+01,2.690293502807617188e+01
-9.041061401367187500e+01,2.689384078979492188e+01
-9.040396881103515625e+01,2.689124488830566406e+01
-9.041041564941406250e+01,2.689718246459960938e+01
-9.039324188232421875e+01,2.689164352416992188e+01
-9.046831512451171875e+01,2.686605262756347656e+01
-9.044390869140625000e+01,2.689785957336425781e+01
-9.040497589111328125e+01,2.689599609375000000e+01
-9.044329833984375000e+01,2.689705276489257812e+01
-9.040660095214843750e+01,2.689566040039062500e+01
-9.040860748291015625e+01,2.690125465393066406e+01
-9.044603729248046875e+01,2.690165328979492188e+01
-9.040938568115234375e+01,2.689493751525878906e+01
-9.044857025146484375e+01,2.687240219116210938e+01
-9.047492218017578125e+01,2.686306762695312500e+01
-9.044517517089843750e+01,2.690006446838378906e+01
-9.038255310058593750e+01,2.689325904846191406e+01
-9.042897796630859375e+01,2.690310668945312500e+01
-9.040727996826171875e+01,2.689657402038574219e+01
-9.042845916748046875e+01,2.690359497070312500e+01
-9.046160125732421875e+01,2.686832809448242188e+01
-9.041922760009765625e+01,2.689676856994628906e+01
-9.044985198974609375e+01,2.687225151062011719e+01
-9.039986419677734375e+01,2.689158630371093750e+01
-9.040422821044921875e+01,2.689238357543945312e+01
-9.040467834472656250e+01,2.689456939697265625e+01
-9.043062591552734375e+01,2.690066337585449219e+01
-9.046113586425781250e+01,2.686816787719726562e+01
-9.041196441650390625e+01,2.689527511596679688e+01
-9.040837860107421875e+01,2.689797210693359375e+01
-9.042720794677734375e+01,2.690200996398925781e+01
-9.044560241699218750e+01,2.689761161804199219e+01
-9.044806671142578125e+01,2.687248039245605469e+01
-9.040959930419921875e+01,2.689848518371582031e+01
-9.040911102294921875e+01,2.689617919921875000e+01
-9.041158294677734375e+01,2.689741325378417969e+01
-9.040525817871093750e+01,2.689438247680664062e+01
-9.040647888183593750e+01,2.689587593078613281e+01
-9.043768310546875000e+01,2.689913940429687500e+01
-9.045627593994140625e+01,2.686915969848632812e+01
-9.044577789306640625e+01,2.690171051025390625e+01
-9.044506835937500000e+01,2.689768600463867188e+01
-9.040766906738281250e+01,2.689929580688476562e+01
-9.039622497558593750e+01,2.689300155639648438e+01
-9.040679931640625000e+01,2.689542388916015625e+01
-9.041439056396484375e+01,2.689456748962402344e+01
-9.047362518310546875e+01,2.686274909973144531e+01
-9.041017913818359375e+01,2.689386177062988281e+01
-9.041280364990234375e+01,2.689474868774414062e+01
-9.040688323974609375e+01,2.689645576477050781e+01
-9.040714263916015625e+01,2.689437675476074219e+01
-9.044029235839843750e+01,2.689876365661621094e+01
-9.041047668457031250e+01,2.689733123779296875e+01
-9.046688842773437500e+01,2.686590957641601562e+01
-9.040914154052734375e+01,2.689757156372070312e+01
-9.039909362792968750e+01,2.689184761047363281e+01
-9.040731048583984375e+01,2.689653778076171875e+01
-9.045406341552734375e+01,2.687085723876953125e+01
-9.045140838623046875e+01,2.687058639526367188e+01
-9.047533416748046875e+01,2.686284828186035156e+01
-9.039877319335937500e+01,2.689189147949218750e+01
-9.040828704833984375e+01,2.689561271667480469e+01
-9.044800567626953125e+01,2.687224006652832031e+01
-9.043000030517578125e+01,2.690172195434570312e+01
-9.038518524169921875e+01,2.689267539978027344e+01
-9.041973114013671875e+01,2.689586830139160156e+01
-9.038395690917968750e+01,2.689315605163574219e+01
-9.040953826904296875e+01,2.689987945556640625e+01
-9.044750213623046875e+01,2.690066337585449219e+01
-9.046776580810546875e+01,2.686612319946289062e+01
-9.045338439941406250e+01,2.687110519409179688e+01
-9.046620941162109375e+01,2.686629676818847656e+01
-9.046876525878906250e+01,2.686505126953125000e+01
-9.046343994140625000e+01,2.686790657043457031e+01
-9.038053131103515625e+01,2.689432716369628906e+01
-9.039979553222656250e+01,2.689094161987304688e+01
-9.039628601074218750e+01,2.689067459106445312e+01
-9.039757537841796875e+01,2.689177894592285156e+01
-9.039886474609375000e+01,2.689197731018066406e+01
-9.039981842041015625e+01,2.689252471923828125e+01
-9.039748382568359375e+01,2.689200592041015625e+01
-9.040557861328125000e+01,2.689735603332519531e+01
-9.039373016357421875e+01,2.689142417907714844e+01
-9.040676116943359375e+01,2.689542388916015625e+01
-9.045107269287109375e+01,2.687095642089843750e+01
-9.040821838378906250e+01,2.689676284790039062e+01
-9.042086791992187500e+01,2.689676856994628906e+01
-9.039802551269531250e+01,2.689271354675292969e+01
-9.040634918212890625e+01,2.689543533325195312e+01
-9.040969848632812500e+01,2.689378356933593750e+01
-9.040857696533203125e+01,2.689984512329101562e+01
-9.040933990478515625e+01,2.689844703674316406e+01
-9.045762634277343750e+01,2.686903953552246094e+01
-9.042153167724609375e+01,2.689764022827148438e+01
-9.040559387207031250e+01,2.689502525329589844e+01
-9.040542602539062500e+01,2.689653015136718750e+01
-9.037497711181640625e+01,2.689461326599121094e+01
-9.041047668457031250e+01,2.689687919616699219e+01
-9.038353729248046875e+01,2.689273834228515625e+01
-9.040735626220703125e+01,2.689862060546875000e+01
-9.041091156005859375e+01,2.689861488342285156e+01
-9.039439392089843750e+01,2.689199256896972656e+01
-9.040614318847656250e+01,2.689684104919433594e+01
-9.037525939941406250e+01,2.689555358886718750e+01
-9.047375488281250000e+01,2.686271476745605469e+01
-9.040908813476562500e+01,2.689741706848144531e+01
-9.040106964111328125e+01,2.689121818542480469e+01
-9.039901733398437500e+01,2.689194488525390625e+01
-9.041839599609375000e+01,2.689681243896484375e+01
-9.039508056640625000e+01,2.689159584045410156e+01
-9.042102050781250000e+01,2.689465904235839844e+01
-9.040077972412109375e+01,2.689104652404785156e+01
-9.040368652343750000e+01,2.689887237548828125e+01
-9.040049743652343750e+01,2.689114379882812500e+01
-9.046769714355468750e+01,2.686573600769042969e+01
-9.041042327880859375e+01,2.689381980895996094e+01
-9.044531250000000000e+01,2.689807701110839844e+01
-9.045172882080078125e+01,2.687178421020507812e+01
-9.040612030029296875e+01,2.689293098449707031e+01
-9.040758514404296875e+01,2.689648246765136719e+01
-9.040480041503906250e+01,2.689195442199707031e+01
-9.042086791992187500e+01,2.689718437194824219e+01
-9.044509887695312500e+01,2.689815521240234375e+01
-9.040645599365234375e+01,2.689258384704589844e+01
-9.040652465820312500e+01,2.689427185058593750e+01
-9.047570037841796875e+01,2.686390876770019531e+01
-9.040746307373046875e+01,2.689617538452148438e+01
-9.040569305419921875e+01,2.689534950256347656e+01
-9.044432830810546875e+01,2.689900398254394531e+01
-9.040499114990234375e+01,2.689452362060546875e+01
-9.040698242187500000e+01,2.689887619018554688e+01
-9.040843963623046875e+01,2.689957046508789062e+01
-9.042117309570312500e+01,2.689776229858398438e+01
-9.040688323974609375e+01,2.690248298645019531e+01
-9.043886566162109375e+01,2.689880943298339844e+01
-9.046723937988281250e+01,2.686667823791503906e+01
-9.046364593505859375e+01,2.686764335632324219e+01
-9.040654754638671875e+01,2.689808464050292969e+01
-9.044954681396484375e+01,2.687243461608886719e+01
-9.040943145751953125e+01,2.689631080627441406e+01
-9.044791412353515625e+01,2.687257766723632812e+01
-9.041814422607421875e+01,2.689740180969238281e+01
-9.040315246582031250e+01,2.689115905761718750e+01
-9.047583007812500000e+01,2.686213874816894531e+01
-9.039244842529296875e+01,2.689166831970214844e+01
-9.044400024414062500e+01,2.689665031433105469e+01
-9.040291595458984375e+01,2.689105796813964844e+01
-9.046923065185546875e+01,2.686515998840332031e+01
-9.047389221191406250e+01,2.686292266845703125e+01
-9.041091156005859375e+01,2.689785385131835938e+01
-9.040986633300781250e+01,2.689807510375976562e+01
-9.040554046630859375e+01,2.689436149597167969e+01
-9.041031646728515625e+01,2.689768409729003906e+01
-9.041820526123046875e+01,2.689690208435058594e+01
-9.039543151855468750e+01,2.689200973510742188e+01
-9.044621276855468750e+01,2.689909744262695312e+01
-9.047019195556640625e+01,2.686502647399902344e+01
-9.038425445556640625e+01,2.689272308349609375e+01
-9.041078948974609375e+01,2.689387702941894531e+01
-9.040381622314453125e+01,2.689237976074218750e+01
-9.044608306884765625e+01,2.689901924133300781e+01
-9.045748901367187500e+01,2.686903572082519531e+01
-9.041320800781250000e+01,2.689482498168945312e+01
-9.040539550781250000e+01,2.689690780639648438e+01
-9.042695617675781250e+01,2.690208244323730469e+01
-9.040781402587890625e+01,2.689825057983398438e+01
-9.040014648437500000e+01,2.689160346984863281e+01
-9.044210052490234375e+01,2.689832305908203125e+01
-9.042811584472656250e+01,2.690240859985351562e+01
-9.041774749755859375e+01,2.689751052856445312e+01
-9.037592315673828125e+01,2.689528846740722656e+01
-9.040918731689453125e+01,2.689446258544921875e+01
-9.038467407226562500e+01,2.689269256591796875e+01
-9.040774536132812500e+01,2.689897727966308594e+01
-9.037576293945312500e+01,2.689582252502441406e+01
-9.046862030029296875e+01,2.686536026000976562e+01
-9.045457458496093750e+01,2.687062072753906250e+01
-9.047046661376953125e+01,2.686479568481445312e+01
-9.044577026367187500e+01,2.689881324768066406e+01
-9.047367095947265625e+01,2.686342811584472656e+01
-9.044877624511718750e+01,2.687265968322753906e+01
-9.047057342529296875e+01,2.686443901062011719e+01
-9.040538024902343750e+01,2.689619445800781250e+01
-9.040738677978515625e+01,2.689540672302246094e+01
-9.041077423095703125e+01,2.689366149902343750e+01
-9.040988159179687500e+01,2.689764785766601562e+01
-9.041143035888671875e+01,2.689702796936035156e+01
-9.038154602050781250e+01,2.689396476745605469e+01
-9.038356018066406250e+01,2.689344024658203125e+01
-9.047389984130859375e+01,2.686327743530273438e+01
-9.041915893554687500e+01,2.689494895935058594e+01
-9.040887451171875000e+01,2.689853858947753906e+01
-9.040843200683593750e+01,2.690001678466796875e+01
-9.039863586425781250e+01,2.689169120788574219e+01
-9.046216583251953125e+01,2.686737632751464844e+01
-9.039763641357421875e+01,2.689256477355957031e+01
-9.040147399902343750e+01,2.689091110229492188e+01
-9.044538879394531250e+01,2.689880943298339844e+01
-9.047462463378906250e+01,2.686326980590820312e+01
-9.046936798095703125e+01,2.686614608764648438e+01
-9.044258880615234375e+01,2.689848136901855469e+01
-9.045156860351562500e+01,2.687238883972167969e+01
-9.044526672363281250e+01,2.690056610107421875e+01
-9.040840148925781250e+01,2.689560127258300781e+01
-9.040336608886718750e+01,2.689853477478027344e+01
-9.041002655029296875e+01,2.689702606201171875e+01
-9.040020751953125000e+01,2.689194679260253906e+01
-9.039555358886718750e+01,2.689237213134765625e+01
-9.041065216064453125e+01,2.689706802368164062e+01
-9.038357543945312500e+01,2.689348793029785156e+01
-9.040752410888671875e+01,2.689470863342285156e+01
-9.039554595947265625e+01,2.689309501647949219e+01
-9.040603637695312500e+01,2.689316940307617188e+01
-9.040058135986328125e+01,2.689199066162109375e+01
-9.047209167480468750e+01,2.686389732360839844e+01
-9.047005462646484375e+01,2.686458778381347656e+01
-9.039389038085937500e+01,2.689144134521484375e+01
-9.043748474121093750e+01,2.689929389953613281e+01
-9.046426391601562500e+01,2.686779403686523438e+01
-9.046353149414062500e+01,2.686775588989257812e+01
-9.040769195556640625e+01,2.689653015136718750e+01
-9.041834259033203125e+01,2.689728927612304688e+01
-9.044964599609375000e+01,2.687218475341796875e+01
-9.041017913818359375e+01,2.689872550964355469e+01
-9.040846252441406250e+01,2.689521598815917969e+01
-9.047154998779296875e+01,2.686401557922363281e+01
-9.038083648681640625e+01,2.689398574829101562e+01
-9.039875793457031250e+01,2.689365577697753906e+01
-9.039782714843750000e+01,2.689273452758789062e+01
-9.040813446044921875e+01,2.689930534362792969e+01
-9.040641784667968750e+01,2.689208030700683594e+01
-9.040923309326171875e+01,2.689848518371582031e+01
-9.040912628173828125e+01,2.689671325683593750e+01
-9.041052246093750000e+01,2.689476776123046875e+01
-9.041823577880859375e+01,2.689615821838378906e+01
-9.044721984863281250e+01,2.689863014221191406e+01
-9.041986846923828125e+01,2.689747428894042969e+01
-9.038275146484375000e+01,2.689340400695800781e+01
-9.041073608398437500e+01,2.689356613159179688e+01
-9.040935516357421875e+01,2.689484024047851562e+01
-9.039988708496093750e+01,2.689203262329101562e+01
-9.044945526123046875e+01,2.687210655212402344e+01
-9.041040802001953125e+01,2.689616584777832031e+01
-9.046640014648437500e+01,2.686637115478515625e+01
-9.047576141357421875e+01,2.686281585693359375e+01
-9.040809631347656250e+01,2.689651489257812500e+01
-9.040280914306640625e+01,2.691194534301757812e+01
-9.039320373535156250e+01,2.689136695861816406e+01
-9.041790008544921875e+01,2.689715576171875000e+01
-9.040981292724609375e+01,2.689468383789062500e+01
-9.046164703369140625e+01,2.686821937561035156e+01
-9.039717864990234375e+01,2.689289283752441406e+01
-9.040550231933593750e+01,2.689740943908691406e+01
-9.042050170898437500e+01,2.689799880981445312e+01
-9.046128082275390625e+01,2.686768531799316406e+01
-9.045584869384765625e+01,2.686997985839843750e+01
-9.040985870361328125e+01,2.689686584472656250e+01
-9.039508056640625000e+01,2.689216995239257812e+01
-9.040774536132812500e+01,2.689824676513671875e+01
-9.045030212402343750e+01,2.687174606323242188e+01
-9.044197082519531250e+01,2.689784431457519531e+01
-9.046163177490234375e+01,2.686843681335449219e+01
-9.044215393066406250e+01,2.689823532104492188e+01
-9.047317504882812500e+01,2.686366462707519531e+01
-9.044870758056640625e+01,2.690124893188476562e+01
-9.041100311279296875e+01,2.689616584777832031e+01
-9.045089721679687500e+01,2.687201690673828125e+01
-9.039338684082031250e+01,2.689158439636230469e+01
-9.045034027099609375e+01,2.687192153930664062e+01
-9.040989685058593750e+01,2.689587402343750000e+01
-9.040026855468750000e+01,2.689211845397949219e+01
-9.041107940673828125e+01,2.689816665649414062e+01
-9.043766021728515625e+01,2.689870452880859375e+01
-9.046125793457031250e+01,2.686834907531738281e+01
-9.041857910156250000e+01,2.689695358276367188e+01
-9.039831542968750000e+01,2.689200401306152344e+01
-9.041020202636718750e+01,2.689496803283691406e+01
-9.039974975585937500e+01,2.689233970642089844e+01
-9.040386199951171875e+01,2.689090538024902344e+01
-9.040171051025390625e+01,2.689143943786621094e+01
-9.047169494628906250e+01,2.686392211914062500e+01
-9.040399932861328125e+01,2.689270782470703125e+01
-9.046222686767578125e+01,2.686771774291992188e+01
-9.044216918945312500e+01,2.689808845520019531e+01
-9.040042114257812500e+01,2.689223480224609375e+01
-9.040483856201171875e+01,2.689428901672363281e+01
-9.039424896240234375e+01,2.689203643798828125e+01
-9.045160675048828125e+01,2.687060928344726562e+01
-9.046638488769531250e+01,2.686620712280273438e+01
-9.046778106689453125e+01,2.686581420898437500e+01
-9.040773773193359375e+01,2.689752197265625000e+01
-9.041893005371093750e+01,2.689693832397460938e+01
-9.037538146972656250e+01,2.689609146118164062e+01
-9.040547180175781250e+01,2.689209938049316406e+01
-9.041289520263671875e+01,2.689481544494628906e+01
-9.039913940429687500e+01,2.689178085327148438e+01
-9.047305297851562500e+01,2.686428070068359375e+01
-9.037625122070312500e+01,2.689537429809570312e+01
-9.040721130371093750e+01,2.689664840698242188e+01
-9.045050811767578125e+01,2.687248039245605469e+01
-9.038071441650390625e+01,2.689472007751464844e+01
-9.040664672851562500e+01,2.689298057556152344e+01
-9.040814971923828125e+01,2.689665412902832031e+01
-9.041033172607421875e+01,2.689934730529785156e+01
-9.044805145263671875e+01,2.687180709838867188e+01
-9.040865325927734375e+01,2.689751625061035156e+01
-9.041028594970703125e+01,2.689864921569824219e+01
-9.041122436523437500e+01,2.689632415771484375e+01
-9.045026397705078125e+01,2.687239456176757812e+01
-9.044340515136718750e+01,2.689774131774902344e+01
-9.047055053710937500e+01,2.686508560180664062e+01
-9.040848541259765625e+01,2.689787673950195312e+01
-9.043838500976562500e+01,2.689875793457031250e+01
-9.040985107421875000e+01,2.689574432373046875e+01
-9.042942047119140625e+01,2.690201759338378906e+01
-9.045395660400390625e+01,2.687121582031250000e+01
-9.044433593750000000e+01,2.689762115478515625e+01
-9.041093444824218750e+01,2.689765357971191406e+01
-9.039998626708984375e+01,2.689168548583984375e+01
-9.040595245361328125e+01,2.689595413208007812e+01
-9.045147705078125000e+01,2.687192535400390625e+01
-9.041786193847656250e+01,2.689752769470214844e+01
-9.040958404541015625e+01,2.689764785766601562e+01
-9.038282775878906250e+01,2.689353561401367188e+01
-9.041760253906250000e+01,2.689610099792480469e+01
-9.047535705566406250e+01,2.686266708374023438e+01
-9.040596771240234375e+01,2.689251327514648438e+01
-9.040473937988281250e+01,2.689272499084472656e+01
-9.044584655761718750e+01,2.689856719970703125e+01
-9.041947174072265625e+01,2.689466476440429688e+01
-9.044573974609375000e+01,2.689869499206542969e+01
-9.044358062744140625e+01,2.689825248718261719e+01
-9.043861389160156250e+01,2.689907073974609375e+01
-9.045729827880859375e+01,2.686903190612792969e+01
-9.041495513916015625e+01,2.689441680908203125e+01
-9.040193939208984375e+01,2.689116668701171875e+01
-9.041876983642578125e+01,2.689583396911621094e+01
-9.044573974609375000e+01,2.689980506896972656e+01
-9.047591400146484375e+01,2.686324882507324219e+01
-9.044261932373046875e+01,2.689926528930664062e+01
-9.040748596191406250e+01,2.689708137512207031e+01
-9.040632629394531250e+01,2.689138221740722656e+01
-9.040193176269531250e+01,2.689156150817871094e+01
-9.041205596923828125e+01,2.689663314819335938e+01
-9.044718933105468750e+01,2.690106964111328125e+01
-9.045925140380859375e+01,2.686947631835937500e+01
-9.040557098388671875e+01,2.689322280883789062e+01
-9.041243743896484375e+01,2.689542007446289062e+01
-9.042703247070312500e+01,2.690161514282226562e+01
-9.040895843505859375e+01,2.689663696289062500e+01
-9.038255310058593750e+01,2.689359855651855469e+01
-9.041928100585937500e+01,2.689616394042968750e+01
-9.044599151611328125e+01,2.689909934997558594e+01
-9.044414520263671875e+01,2.689873313903808594e+01
-9.040717315673828125e+01,2.689871597290039062e+01
-9.039905548095703125e+01,2.689133453369140625e+01
-9.040723419189453125e+01,2.689384460449218750e+01
-9.045757293701171875e+01,2.686975860595703125e+01
-9.044427490234375000e+01,2.689794540405273438e+01
-9.044923400878906250e+01,2.687179756164550781e+01
-9.042014312744140625e+01,2.689669609069824219e+01
-9.040969085693359375e+01,2.689908599853515625e+01
-9.039402008056640625e+01,2.689175033569335938e+01
-9.044303894042968750e+01,2.689852905273437500e+01
-9.042639923095703125e+01,2.690237045288085938e+01
-9.040869140625000000e+01,2.689658927917480469e+01
-9.040647125244140625e+01,2.689220046997070312e+01
-9.042993927001953125e+01,2.690126228332519531e+01
-9.041526031494140625e+01,2.689415550231933594e+01
-9.040528869628906250e+01,2.689393615722656250e+01
-9.045102691650390625e+01,2.687117385864257812e+01
-9.044812774658203125e+01,2.687255859375000000e+01
-9.042685699462890625e+01,2.690185737609863281e+01
-9.039709472656250000e+01,2.689231491088867188e+01
-9.043705749511718750e+01,2.689867591857910156e+01
-9.040465545654296875e+01,2.689634513854980469e+01
-9.041017150878906250e+01,2.689412689208984375e+01
-9.045697021484375000e+01,2.686935997009277344e+01
-9.040026092529296875e+01,2.689148330688476562e+01
-9.046731567382812500e+01,2.686642456054687500e+01
-9.047602081298828125e+01,2.686250877380371094e+01
-9.046831512451171875e+01,2.686558151245117188e+01
-9.040579223632812500e+01,2.689312171936035156e+01
-9.040805053710937500e+01,2.689699935913085938e+01
-9.045182800292968750e+01,2.687192916870117188e+01
-9.040335845947265625e+01,2.689909934997558594e+01
-9.040899658203125000e+01,2.689731597900390625e+01
-9.047345733642578125e+01,2.686283683776855469e+01
-9.039369964599609375e+01,2.689209747314453125e+01
-9.039662170410156250e+01,2.689319038391113281e+01
-9.040930175781250000e+01,2.689857292175292969e+01
-9.043717956542968750e+01,2.689951515197753906e+01
-9.041046905517578125e+01,2.689404296875000000e+01
-9.046772003173828125e+01,2.686601448059082031e+01
-9.044402313232421875e+01,2.689837074279785156e+01
-9.039611053466796875e+01,2.689248466491699219e+01
-9.041867828369140625e+01,2.689543914794921875e+01
-9.047238159179687500e+01,2.686291694641113281e+01
-9.047348022460937500e+01,2.686301422119140625e+01
-9.041078186035156250e+01,2.689820289611816406e+01
-9.041843414306640625e+01,2.689542579650878906e+01
-9.042670440673828125e+01,2.690189743041992188e+01
-9.041724395751953125e+01,2.689633178710937500e+01
-9.047566986083984375e+01,2.686381340026855469e+01
-9.047240447998046875e+01,2.686385345458984375e+01
-9.042582702636718750e+01,2.690332031250000000e+01
-9.040976715087890625e+01,2.689631462097167969e+01
-9.047209930419921875e+01,2.686341094970703125e+01
-9.041828918457031250e+01,2.689705085754394531e+01
-9.041149902343750000e+01,2.689527511596679688e+01
-9.042757415771484375e+01,2.690162277221679688e+01
-9.041035461425781250e+01,2.689646148681640625e+01
-9.040452575683593750e+01,2.689833259582519531e+01
-9.043026733398437500e+01,2.690203857421875000e+01
-9.041993713378906250e+01,2.689662170410156250e+01
-9.040606689453125000e+01,2.689409828186035156e+01
-9.046885681152343750e+01,2.686464309692382812e+01
-9.042932128906250000e+01,2.690192794799804688e+01
-9.040927124023437500e+01,2.689504814147949219e+01
-9.045677185058593750e+01,2.686981582641601562e+01
-9.041159057617187500e+01,2.689557647705078125e+01
-9.041150665283203125e+01,2.689618301391601562e+01
-9.047499847412109375e+01,2.686269760131835938e+01
-9.041249084472656250e+01,2.689614868164062500e+01
-9.043803405761718750e+01,2.689875984191894531e+01
-9.040831756591796875e+01,2.689548110961914062e+01
-9.038437652587890625e+01,2.689330101013183594e+01
-9.039463043212890625e+01,2.689119338989257812e+01
-9.043965148925781250e+01,2.689868545532226562e+01
-9.040908050537109375e+01,2.689931488037109375e+01
-9.047262573242187500e+01,2.686475372314453125e+01
-9.047435760498046875e+01,2.686264038085937500e+01
-9.044243621826171875e+01,2.689936447143554688e+01
-9.042608642578125000e+01,2.690280342102050781e+01
-9.044547271728515625e+01,2.689922714233398438e+01
-9.041175842285156250e+01,2.689615249633789062e+01
-9.040666961669921875e+01,2.689425659179687500e+01
-9.041915130615234375e+01,2.689493370056152344e+01
-9.043796539306640625e+01,2.689907646179199219e+01
-9.041944885253906250e+01,2.689717674255371094e+01
-9.040813446044921875e+01,2.689694595336914062e+01
-9.041155242919921875e+01,2.689660072326660156e+01
-9.042768096923828125e+01,2.690218734741210938e+01
-9.046935272216796875e+01,2.686542892456054688e+01
-9.044633483886718750e+01,2.689942741394042969e+01
-9.040802001953125000e+01,2.690131187438964844e+01
-9.040256500244140625e+01,2.689095497131347656e+01
-9.040476226806640625e+01,2.689442825317382812e+01
-9.041754150390625000e+01,2.689722442626953125e+01
-9.041931915283203125e+01,2.689669990539550781e+01
-9.039599609375000000e+01,2.689183044433593750e+01
-9.040875244140625000e+01,2.689619827270507812e+01
-9.041881561279296875e+01,2.689592361450195312e+01
-9.043846130371093750e+01,2.689908218383789062e+01
-9.040607452392578125e+01,2.689496803283691406e+01
-9.041090393066406250e+01,2.689632797241210938e+01
-9.040236663818359375e+01,2.689152908325195312e+01
-9.047422027587890625e+01,2.686252403259277344e+01
-9.045102691650390625e+01,2.687237930297851562e+01
-9.044772338867187500e+01,2.690069007873535156e+01
-9.040949249267578125e+01,2.689649581909179688e+01
-9.040977478027343750e+01,2.689361190795898438e+01
-9.039672088623046875e+01,2.689289093017578125e+01
-9.042005920410156250e+01,2.689559555053710938e+01
-9.041107177734375000e+01,2.689396858215332031e+01
-9.040744781494140625e+01,2.690204429626464844e+01
-9.041763305664062500e+01,2.689641952514648438e+01
-9.046975708007812500e+01,2.686547660827636719e+01
-9.046397399902343750e+01,2.686745071411132812e+01
-9.045363616943359375e+01,2.687122535705566406e+01
-9.040699768066406250e+01,2.690243148803710938e+01
-9.044748687744140625e+01,2.689855003356933594e+01
-9.040807342529296875e+01,2.689618873596191406e+01
-9.042636871337890625e+01,2.690305328369140625e+01
-9.040631866455078125e+01,2.690306472778320312e+01
-9.041806030273437500e+01,2.689643478393554688e+01
-9.040686035156250000e+01,2.690236854553222656e+01
-9.043969726562500000e+01,2.689870452880859375e+01
-9.044687652587890625e+01,2.689889144897460938e+01
-9.040727996826171875e+01,2.689423370361328125e+01
-9.044593048095703125e+01,2.689951896667480469e+01
-9.040654754638671875e+01,2.689717292785644531e+01
-9.040997314453125000e+01,2.689348602294921875e+01
-9.038117218017578125e+01,2.689417266845703125e+01
-9.041269683837890625e+01,2.689560699462890625e+01
-9.044914245605468750e+01,2.687244224548339844e+01
-9.041001892089843750e+01,2.689329910278320312e+01
-9.042572021484375000e+01,2.690249633789062500e+01
-9.040663146972656250e+01,2.689727020263671875e+01
-9.044222259521484375e+01,2.689919853210449219e+01
-9.040241241455078125e+01,2.689121055603027344e+01
-9.044628143310546875e+01,2.689930725097656250e+01
-9.039574432373046875e+01,2.689174270629882812e+01
-9.041207885742187500e+01,2.689535140991210938e+01
-9.047435760498046875e+01,2.686285209655761719e+01
-9.044327545166015625e+01,2.689942932128906250e+01
-9.040971374511718750e+01,2.689963912963867188e+01
-9.040535736083984375e+01,2.689198875427246094e+01
-9.039624023437500000e+01,2.689323043823242188e+01
-9.045445251464843750e+01,2.687037277221679688e+01
-9.039690399169921875e+01,2.689190864562988281e+01
-9.041052246093750000e+01,2.689845657348632812e+01
-9.040898132324218750e+01,2.689421653747558594e+01
-9.041116333007812500e+01,2.689647483825683594e+01
-9.040940856933593750e+01,2.689709091186523438e+01
-9.042043304443359375e+01,2.689796829223632812e+01
-9.046632385253906250e+01,2.686615371704101562e+01
-9.045117950439453125e+01,2.687099838256835938e+01
-9.041982269287109375e+01,2.689675712585449219e+01
-9.039474487304687500e+01,2.689094352722167969e+01
-9.040623474121093750e+01,2.690283393859863281e+01
-9.040174102783203125e+01,2.691298866271972656e+01
-9.047257232666015625e+01,2.686475181579589844e+01
-9.044460296630859375e+01,2.690059280395507812e+01
-9.044238281250000000e+01,2.689778327941894531e+01
-9.040297698974609375e+01,2.689906501770019531e+01
-9.040954589843750000e+01,2.689669227600097656e+01
-9.040991973876953125e+01,2.689516830444335938e+01
-9.045602416992187500e+01,2.686972808837890625e+01
-9.040980529785156250e+01,2.689446830749511719e+01
-9.040955352783203125e+01,2.689550971984863281e+01
-9.040694427490234375e+01,2.690221023559570312e+01
-9.041032409667968750e+01,2.689509010314941406e+01
-9.042633056640625000e+01,2.690299034118652344e+01
-9.040695953369140625e+01,2.689785575866699219e+01
-9.047188568115234375e+01,2.686374855041503906e+01
-9.044396972656250000e+01,2.689653587341308594e+01
-9.038137817382812500e+01,2.689421844482421875e+01
-9.043696594238281250e+01,2.689884567260742188e+01
-9.044989013671875000e+01,2.687240982055664062e+01
-9.040539550781250000e+01,2.689379501342773438e+01
-9.044547271728515625e+01,2.689825630187988281e+01
-9.040373992919921875e+01,2.689118576049804688e+01
-9.039865875244140625e+01,2.689412689208984375e+01
-9.040605926513671875e+01,2.689722633361816406e+01
-9.044653320312500000e+01,2.689921188354492188e+01
-9.040720367431640625e+01,2.689893150329589844e+01
-9.039512634277343750e+01,2.689214515686035156e+01
-9.041094207763671875e+01,2.689789199829101562e+01
-9.040513610839843750e+01,2.689329147338867188e+01
-9.042670440673828125e+01,2.690270233154296875e+01
-9.044357299804687500e+01,2.689843559265136719e+01
-9.041017913818359375e+01,2.689887046813964844e+01
-9.044757843017578125e+01,2.687273406982421875e+01
-9.045086669921875000e+01,2.687227630615234375e+01
-9.043639373779296875e+01,2.689926147460937500e+01
-9.044339752197265625e+01,2.689814758300781250e+01
-9.040545654296875000e+01,2.689233398437500000e+01
-9.040874481201171875e+01,2.689612007141113281e+01
-9.041123199462890625e+01,2.689535522460937500e+01
-9.046356964111328125e+01,2.686802291870117188e+01
-9.041857910156250000e+01,2.689599990844726562e+01
-9.040334320068359375e+01,2.689263153076171875e+01
-9.040296173095703125e+01,2.689100456237792969e+01
-9.040525817871093750e+01,2.689708518981933594e+01
-9.041911315917968750e+01,2.689754867553710938e+01
-9.044356536865234375e+01,2.689952468872070312e+01
-9.039848327636718750e+01,2.689192390441894531e+01
-9.041319274902343750e+01,2.689486122131347656e+01
-9.041004180908203125e+01,2.689406776428222656e+01
-9.039691925048828125e+01,2.689212417602539062e+01
-9.041002655029296875e+01,2.689880371093750000e+01
-9.044250488281250000e+01,2.689751625061035156e+01
-9.041834259033203125e+01,2.689634895324707031e+01
-9.040109252929687500e+01,2.689134788513183594e+01
-9.044790649414062500e+01,2.687241554260253906e+01
-9.040788269042968750e+01,2.689423942565917969e+01
-9.041027069091796875e+01,2.689557838439941406e+01
-9.040605926513671875e+01,2.689391517639160156e+01
-9.040950775146484375e+01,2.689558601379394531e+01
-9.041183471679687500e+01,2.689524269104003906e+01
-9.043892669677734375e+01,2.689894485473632812e+01
-9.040486907958984375e+01,2.689244270324707031e+01
-9.040307617187500000e+01,2.689115715026855469e+01
-9.041506958007812500e+01,2.689410591125488281e+01
-9.045707702636718750e+01,2.686940956115722656e+01
-9.047292327880859375e+01,2.686436653137207031e+01
-9.040937042236328125e+01,2.689567565917968750e+01
-9.044984436035156250e+01,2.687172126770019531e+01
-9.044851684570312500e+01,2.690109252929687500e+01
-9.042021942138671875e+01,2.689710044860839844e+01
-9.045886230468750000e+01,2.686945915222167969e+01
-9.041222381591796875e+01,2.689522171020507812e+01
-9.041227722167968750e+01,2.689532470703125000e+01
-9.039797210693359375e+01,2.689427185058593750e+01
-9.046857452392578125e+01,2.686654281616210938e+01
-9.042093658447265625e+01,2.689478492736816406e+01
-9.046609497070312500e+01,2.686667823791503906e+01
-9.040320587158203125e+01,2.689879608154296875e+01
-9.040421295166015625e+01,2.689092254638671875e+01
-9.040859222412109375e+01,2.689459991455078125e+01
-9.044593048095703125e+01,2.689880752563476562e+01
-9.040946960449218750e+01,2.689923095703125000e+01
-9.040758514404296875e+01,2.689417648315429688e+01
-9.040944671630859375e+01,2.689592742919921875e+01
-9.041881561279296875e+01,2.689702606201171875e+01
-9.040847015380859375e+01,2.689648056030273438e+01
-9.044749450683593750e+01,2.689879989624023438e+01
-9.040825653076171875e+01,2.689780044555664062e+01
-9.045592498779296875e+01,2.686962890625000000e+01
-9.047553253173828125e+01,2.686222457885742188e+01
-9.040717315673828125e+01,2.689523506164550781e+01
-9.042849731445312500e+01,2.690193367004394531e+01
-9.047164916992187500e+01,2.686401367187500000e+01
-9.040446472167968750e+01,2.689624023437500000e+01
-9.040951538085937500e+01,2.689724540710449219e+01
-9.044499969482421875e+01,2.689765930175781250e+01
-9.041126251220703125e+01,2.689292526245117188e+01
-9.040286254882812500e+01,2.689113616943359375e+01
-9.040975952148437500e+01,2.689950561523437500e+01
-9.040826416015625000e+01,2.689893150329589844e+01
-9.038459014892578125e+01,2.689274978637695312e+01
-9.040518188476562500e+01,2.689787101745605469e+01
-9.041194152832031250e+01,2.689476203918457031e+01
-9.045613861083984375e+01,2.686998558044433594e+01
-9.038162994384765625e+01,2.689478874206542969e+01
-9.041979217529296875e+01,2.689846801757812500e+01
-9.039836120605468750e+01,2.689213371276855469e+01
-9.040850067138671875e+01,2.689382553100585938e+01
-9.046187591552734375e+01,2.686793899536132812e+01
-9.042088317871093750e+01,2.689758872985839844e+01
-9.040316009521484375e+01,2.689102554321289062e+01
-9.040844726562500000e+01,2.689591026306152344e+01
-9.046842956542968750e+01,2.686576461791992188e+01
-9.047186279296875000e+01,2.686382293701171875e+01
-9.039478302001953125e+01,2.689179801940917969e+01
-9.042069244384765625e+01,2.689713668823242188e+01
-9.040505981445312500e+01,2.689712524414062500e+01
-9.044175720214843750e+01,2.689799690246582031e+01
-9.040641784667968750e+01,2.689168739318847656e+01
-9.043654632568359375e+01,2.689929008483886719e+01
-9.044933319091796875e+01,2.687252616882324219e+01
-9.040891265869140625e+01,2.689388847351074219e+01
-9.041883087158203125e+01,2.689562606811523438e+01
-9.041010284423828125e+01,2.689909172058105469e+01
-9.041132354736328125e+01,2.689323425292968750e+01
-9.040110778808593750e+01,2.689127349853515625e+01
-9.043917083740234375e+01,2.689936256408691406e+01
-9.041925048828125000e+01,2.689624786376953125e+01
-9.041025543212890625e+01,2.689371299743652344e+01
-9.044879150390625000e+01,2.687267875671386719e+01
-9.041928863525390625e+01,2.689740371704101562e+01
-9.041094207763671875e+01,2.689570045471191406e+01
-9.044332885742187500e+01,2.689718437194824219e+01
-9.045141601562500000e+01,2.687170600891113281e+01
-9.039823150634765625e+01,2.689208984375000000e+01
-9.047055816650390625e+01,2.686509895324707031e+01
-9.046336364746093750e+01,2.686804962158203125e+01
-9.045075988769531250e+01,2.687202835083007812e+01
-9.044757843017578125e+01,2.687255287170410156e+01
-9.046437072753906250e+01,2.686751365661621094e+01
-9.041859436035156250e+01,2.689640617370605469e+01
-9.040950012207031250e+01,2.689516067504882812e+01
-9.039427185058593750e+01,2.689168357849121094e+01
-9.040902709960937500e+01,2.689653396606445312e+01
-9.041825866699218750e+01,2.689703941345214844e+01
-9.037542724609375000e+01,2.689594650268554688e+01
-9.040712738037109375e+01,2.689548873901367188e+01
-9.040515899658203125e+01,2.689192962646484375e+01
-9.041213226318359375e+01,2.689473152160644531e+01
-9.040771484375000000e+01,2.689611625671386719e+01
-9.044408416748046875e+01,2.689914512634277344e+01
-9.044496154785156250e+01,2.689765167236328125e+01
-9.040503692626953125e+01,2.689785003662109375e+01
-9.039506530761718750e+01,2.689112663269042969e+01
-9.045505523681640625e+01,2.687041854858398438e+01
-9.046896362304687500e+01,2.686596679687500000e+01
-9.041066741943359375e+01,2.689525794982910156e+01
-9.042885589599609375e+01,2.690162658691406250e+01
-9.046671295166015625e+01,2.686646270751953125e+01
-9.045394134521484375e+01,2.687075996398925781e+01
-9.041108703613281250e+01,2.689844131469726562e+01
-9.041063690185546875e+01,2.689625167846679688e+01
-9.040573883056640625e+01,2.689572143554687500e+01
-9.040741729736328125e+01,2.689875030517578125e+01
-9.044692230224609375e+01,2.689868164062500000e+01
-9.041026306152343750e+01,2.689300155639648438e+01
-9.043724822998046875e+01,2.689882469177246094e+01
-9.039613342285156250e+01,2.689199256896972656e+01
-9.041029357910156250e+01,2.689290046691894531e+01
-9.044738769531250000e+01,2.690098381042480469e+01
-9.040933227539062500e+01,2.689641380310058594e+01
-9.041959381103515625e+01,2.689716529846191406e+01
-9.039600372314453125e+01,2.689284896850585938e+01
-9.044221496582031250e+01,2.689795112609863281e+01
-9.044552612304687500e+01,2.689884948730468750e+01
-9.045174407958984375e+01,2.687058448791503906e+01
-9.040287780761718750e+01,2.689117240905761719e+01
-9.047206115722656250e+01,2.686387825012207031e+01
-9.047205352783203125e+01,2.686321640014648438e+01
-9.040583038330078125e+01,2.689742851257324219e+01
-9.039968872070312500e+01,2.689193725585937500e+01
-9.040596008300781250e+01,2.689447593688964844e+01
-9.040874481201171875e+01,2.689710617065429688e+01
-9.044314575195312500e+01,2.689900207519531250e+01
-9.039503479003906250e+01,2.689104843139648438e+01
-9.039955902099609375e+01,2.689237594604492188e+01
-9.040671539306640625e+01,2.690275192260742188e+01
-9.040708923339843750e+01,2.689794731140136719e+01
-9.044367218017578125e+01,2.689771080017089844e+01
-9.045351409912109375e+01,2.687079238891601562e+01
-9.040926361083984375e+01,2.689613723754882812e+01
-9.041002655029296875e+01,2.689580345153808594e+01
-9.044467926025390625e+01,2.690030097961425781e+01
-9.039455413818359375e+01,2.689213180541992188e+01
-9.042023468017578125e+01,2.689806175231933594e+01
-9.043680572509765625e+01,2.689909553527832031e+01
-9.042594909667968750e+01,2.690321350097656250e+01
-9.040812683105468750e+01,2.689464569091796875e+01
-9.041175079345703125e+01,2.689658737182617188e+01
-9.046908569335937500e+01,2.686473655700683594e+01
-9.041086578369140625e+01,2.689572334289550781e+01
-9.045146179199218750e+01,2.687233543395996094e+01
-9.040489959716796875e+01,2.689450073242187500e+01
-9.045727539062500000e+01,2.686902999877929688e+01
-9.040632629394531250e+01,2.689484214782714844e+01
-9.041873931884765625e+01,2.689744377136230469e+01
-9.038340759277343750e+01,2.689317893981933594e+01
-9.038303375244140625e+01,2.689306640625000000e+01
-9.042639160156250000e+01,2.690195274353027344e+01
-9.041828918457031250e+01,2.689749336242675781e+01
-9.040958404541015625e+01,2.689812660217285156e+01
-9.045478820800781250e+01,2.687071418762207031e+01
-9.039244079589843750e+01,2.689195060729980469e+01
-9.040872955322265625e+01,2.689931297302246094e+01
-9.046368408203125000e+01,2.686799812316894531e+01
-9.039586639404296875e+01,2.689196586608886719e+01
-9.040683746337890625e+01,2.689628219604492188e+01
-9.037553405761718750e+01,2.689565658569335938e+01
-9.042013549804687500e+01,2.689844322204589844e+01
-9.045595550537109375e+01,2.686982345581054688e+01
-9.047116088867187500e+01,2.686437034606933594e+01
-9.044890594482421875e+01,2.687182044982910156e+01
-9.045035552978515625e+01,2.687131881713867188e+01
-9.039942169189453125e+01,2.689222908020019531e+01
-9.042091369628906250e+01,2.689809226989746094e+01
-9.040753936767578125e+01,2.689868545532226562e+01
-9.045767974853515625e+01,2.686962509155273438e+01
-9.040997314453125000e+01,2.689650344848632812e+01
-9.041899871826171875e+01,2.689709472656250000e+01
-9.040667724609375000e+01,2.689241790771484375e+01
-9.041201782226562500e+01,2.689498329162597656e+01
-9.047055053710937500e+01,2.686475372314453125e+01
-9.040141296386718750e+01,2.689091682434082031e+01
-9.039486694335937500e+01,2.689103507995605469e+01
-9.040929412841796875e+01,2.689942550659179688e+01
-9.040798187255859375e+01,2.689481163024902344e+01
-9.039718627929687500e+01,2.689175987243652344e+01
-9.039888000488281250e+01,2.689251708984375000e+01
-9.040804290771484375e+01,2.689867210388183594e+01
-9.040063476562500000e+01,2.689169883728027344e+01
-9.041178131103515625e+01,2.689689254760742188e+01
-9.040875244140625000e+01,2.689576530456542969e+01
-9.044390106201171875e+01,2.689949607849121094e+01
-9.041770172119140625e+01,2.689643859863281250e+01
-9.040856933593750000e+01,2.689892387390136719e+01
-9.037601470947265625e+01,2.689584732055664062e+01
-9.046195983886718750e+01,2.686750793457031250e+01
-9.039949798583984375e+01,2.689226341247558594e+01
-9.041542816162109375e+01,2.689378547668457031e+01
-9.040912628173828125e+01,2.689856719970703125e+01
-9.040232849121093750e+01,2.689088439941406250e+01
-9.042573547363281250e+01,2.690344810485839844e+01
-9.040584564208984375e+01,2.689206123352050781e+01
-9.040030670166015625e+01,2.689211082458496094e+01
-9.040727233886718750e+01,2.689410781860351562e+01
-9.047239685058593750e+01,2.686469459533691406e+01
-9.040603637695312500e+01,2.689400863647460938e+01
-9.040815734863281250e+01,2.689644050598144531e+01
-9.042660522460937500e+01,2.690160179138183594e+01
-9.040730285644531250e+01,2.689498138427734375e+01
-9.040650939941406250e+01,2.689455032348632812e+01
-9.040548706054687500e+01,2.689554977416992188e+01
-9.040161132812500000e+01,2.689103889465332031e+01
-9.043725585937500000e+01,2.689941787719726562e+01
-9.045050811767578125e+01,2.687113952636718750e+01
-9.040525054931640625e+01,2.689388847351074219e+01
-9.045435333251953125e+01,2.687042999267578125e+01
-9.039691925048828125e+01,2.689340209960937500e+01
-9.041049957275390625e+01,2.689766883850097656e+01
-9.047292327880859375e+01,2.686335563659667969e+01
-9.044320678710937500e+01,2.689846229553222656e+01
-9.040910339355468750e+01,2.689500236511230469e+01
-9.040943908691406250e+01,2.689616775512695312e+01
-9.041030883789062500e+01,2.689759063720703125e+01
-9.042103576660156250e+01,2.689682769775390625e+01
-9.040911102294921875e+01,2.689672470092773438e+01
-9.039196777343750000e+01,2.689212417602539062e+01
-9.041178894042968750e+01,2.689655494689941406e+01
-9.041812133789062500e+01,2.689650344848632812e+01
-9.041076660156250000e+01,2.689401054382324219e+01
-9.041104888916015625e+01,2.689294815063476562e+01
-9.044410705566406250e+01,2.689861106872558594e+01
-9.038461303710937500e+01,2.689306449890136719e+01
-9.041178894042968750e+01,2.689294624328613281e+01
-9.039578247070312500e+01,2.689167404174804688e+01
-9.040655517578125000e+01,2.689280700683593750e+01
-9.040945434570312500e+01,2.689433860778808594e+01
-9.040739440917968750e+01,2.689532089233398438e+01
-9.041907501220703125e+01,2.689488029479980469e+01
-9.040722656250000000e+01,2.689421081542968750e+01
-9.040390777587890625e+01,2.689219093322753906e+01
-9.045674133300781250e+01,2.686969184875488281e+01
-9.039733123779296875e+01,2.689255523681640625e+01
-9.039549255371093750e+01,2.689161109924316406e+01
-9.038262939453125000e+01,2.689329528808593750e+01
-9.040216827392578125e+01,2.691238594055175781e+01
-9.041305541992187500e+01,2.689500045776367188e+01
-9.047221374511718750e+01,2.686385726928710938e+01
-9.040922546386718750e+01,2.689723968505859375e+01
-9.041043090820312500e+01,2.689910316467285156e+01
-9.041580963134765625e+01,2.689371871948242188e+01
-9.041201782226562500e+01,2.689510536193847656e+01
-9.040656280517578125e+01,2.689218902587890625e+01
-9.042068481445312500e+01,2.689789009094238281e+01
-9.040904235839843750e+01,2.689583396911621094e+01
-9.042115020751953125e+01,2.689663505554199219e+01
-9.037539672851562500e+01,2.689542007446289062e+01
-9.045077514648437500e+01,2.687188148498535156e+01
-9.039785003662109375e+01,2.689214324951171875e+01
-9.044447326660156250e+01,2.689874649047851562e+01
-9.040469360351562500e+01,2.689203071594238281e+01
-9.042697906494140625e+01,2.690172195434570312e+01
-9.044295501708984375e+01,2.689830780029296875e+01
-9.038368988037109375e+01,2.689334297180175781e+01
-9.040695953369140625e+01,2.689907455444335938e+01
-9.040755462646484375e+01,2.689772605895996094e+01
-9.042638397216796875e+01,2.690262222290039062e+01
-9.040921783447265625e+01,2.689406394958496094e+01
-9.045795440673828125e+01,2.686899185180664062e+01
-9.044713592529296875e+01,2.689875793457031250e+01
-9.039648437500000000e+01,2.689297103881835938e+01
-9.041014862060546875e+01,2.689642524719238281e+01
-9.040946960449218750e+01,2.689993095397949219e+01
-9.037495422363281250e+01,2.689605712890625000e+01
-9.039270019531250000e+01,2.689152526855468750e+01
-9.041089630126953125e+01,2.689623832702636719e+01
-9.041120147705078125e+01,2.689702033996582031e+01
-9.040649414062500000e+01,2.689514541625976562e+01
-9.047531890869140625e+01,2.686300086975097656e+01
-9.045085144042968750e+01,2.687124443054199219e+01
-9.041969299316406250e+01,2.689566040039062500e+01
-9.043743133544921875e+01,2.689923286437988281e+01
-9.047505187988281250e+01,2.686318588256835938e+01
-9.047597503662109375e+01,2.686208534240722656e+01
-9.041249084472656250e+01,2.689574241638183594e+01
-9.041034698486328125e+01,2.689434242248535156e+01
-9.040611267089843750e+01,2.689386749267578125e+01
-9.040607452392578125e+01,2.689563560485839844e+01
-9.041831970214843750e+01,2.689641952514648438e+01
-9.041088867187500000e+01,2.689575576782226562e+01
-9.043810272216796875e+01,2.689903831481933594e+01
-9.044265747070312500e+01,2.689863967895507812e+01
-9.040737915039062500e+01,2.689809417724609375e+01
-9.040642547607421875e+01,2.689371490478515625e+01
-9.039602661132812500e+01,2.689090728759765625e+01
-9.042601013183593750e+01,2.690325736999511719e+01
-9.044537353515625000e+01,2.689821624755859375e+01
-9.041285705566406250e+01,2.689468002319335938e+01
-9.039739990234375000e+01,2.689220046997070312e+01
-9.045620727539062500e+01,2.686956787109375000e+01
-9.040799713134765625e+01,2.689730072021484375e+01
-9.040682220458984375e+01,2.689546775817871094e+01
-9.040283966064453125e+01,2.691215324401855469e+01
-9.041141510009765625e+01,2.689647102355957031e+01
-9.044740295410156250e+01,2.687276649475097656e+01
-9.045655822753906250e+01,2.686919021606445312e+01
-9.040472412109375000e+01,2.689453697204589844e+01
-9.046354675292968750e+01,2.686807250976562500e+01
-9.046905517578125000e+01,2.686500930786132812e+01
-9.037493133544921875e+01,2.689432716369628906e+01
-9.039679718017578125e+01,2.689190101623535156e+01
-9.044811248779296875e+01,2.687181472778320312e+01
-9.046163177490234375e+01,2.686789321899414062e+01
-9.042015838623046875e+01,2.689523315429687500e+01
-9.045682525634765625e+01,2.686943626403808594e+01
-9.038469696044921875e+01,2.689313697814941406e+01
-9.040917968750000000e+01,2.689803504943847656e+01
-9.040848541259765625e+01,2.689785575866699219e+01
-9.040856933593750000e+01,2.689610481262207031e+01
-9.038308715820312500e+01,2.689330482482910156e+01
-9.040531921386718750e+01,2.689267158508300781e+01
-9.044536590576171875e+01,2.689826393127441406e+01
-9.040663146972656250e+01,2.689247322082519531e+01
-9.043689727783203125e+01,2.689906311035156250e+01
-9.043872070312500000e+01,2.689860916137695312e+01
-9.039991760253906250e+01,2.689198493957519531e+01
-9.044198608398437500e+01,2.689836502075195312e+01
-9.044349670410156250e+01,2.689873313903808594e+01
-9.043011474609375000e+01,2.690193367004394531e+01
-9.044554138183593750e+01,2.689913368225097656e+01
-9.040428161621093750e+01,2.689204216003417969e+01
-9.040950775146484375e+01,2.689382171630859375e+01
-9.047360992431640625e+01,2.686366844177246094e+01
-9.039574432373046875e+01,2.689325332641601562e+01
-9.043935394287109375e+01,2.689892005920410156e+01
-9.037628936767578125e+01,2.689565277099609375e+01
-9.046697235107421875e+01,2.686640739440917969e+01
-9.039552307128906250e+01,2.689189910888671875e+01
-9.040785217285156250e+01,2.689679908752441406e+01
-9.040657806396484375e+01,2.689820480346679688e+01
-9.040979003906250000e+01,2.689457511901855469e+01
-9.044247436523437500e+01,2.689924812316894531e+01
-9.041162872314453125e+01,2.689699745178222656e+01
-9.041038513183593750e+01,2.689323234558105469e+01
-9.039746856689453125e+01,2.689237213134765625e+01
-9.046938323974609375e+01,2.686564826965332031e+01
-9.040943145751953125e+01,2.689381599426269531e+01
-9.040996551513671875e+01,2.689556694030761719e+01
-9.040935516357421875e+01,2.689653778076171875e+01
-9.040850067138671875e+01,2.689561462402343750e+01
-9.040534973144531250e+01,2.689199066162109375e+01
-9.037597656250000000e+01,2.689582252502441406e+01
-9.045059967041015625e+01,2.687151527404785156e+01
-9.047048187255859375e+01,2.686454200744628906e+01
-9.040886688232421875e+01,2.689994812011718750e+01
-9.047530364990234375e+01,2.686259841918945312e+01
-9.044868469238281250e+01,2.687244224548339844e+01
-9.039485931396484375e+01,2.689324188232421875e+01
-9.045842742919921875e+01,2.686881065368652344e+01
-9.044242858886718750e+01,2.689773559570312500e+01
-9.039670562744140625e+01,2.689299583435058594e+01
-9.039508819580078125e+01,2.689117431640625000e+01
-9.040587615966796875e+01,2.690306282043457031e+01
-9.045379638671875000e+01,2.687057876586914062e+01
-9.045173645019531250e+01,2.687049484252929688e+01
-9.043679809570312500e+01,2.689900207519531250e+01
-9.039762878417968750e+01,2.689266395568847656e+01
-9.047116088867187500e+01,2.686438369750976562e+01
-9.040659332275390625e+01,2.689680671691894531e+01
-9.040682983398437500e+01,2.689203643798828125e+01
-9.047543334960937500e+01,2.686305427551269531e+01
-9.041807556152343750e+01,2.689575195312500000e+01
-9.044442749023437500e+01,2.689911270141601562e+01
-9.044441223144531250e+01,2.689760017395019531e+01
-9.044576263427734375e+01,2.689801025390625000e+01
-9.039554595947265625e+01,2.689308929443359375e+01
-9.041210937500000000e+01,2.689597129821777344e+01
-9.046412658691406250e+01,2.686732864379882812e+01
-9.046909332275390625e+01,2.686485290527343750e+01
-9.040824127197265625e+01,2.689811325073242188e+01
-9.039872741699218750e+01,2.689128303527832031e+01
-9.046834564208984375e+01,2.686573600769042969e+01
-9.044773864746093750e+01,2.689853477478027344e+01
-9.043848419189453125e+01,2.689861679077148438e+01
-9.038031768798828125e+01,2.689435768127441406e+01
-9.043721008300781250e+01,2.689895248413085938e+01
-9.037522125244140625e+01,2.689562606811523438e+01
-9.039723968505859375e+01,2.689298439025878906e+01
-9.038470458984375000e+01,2.689311408996582031e+01
-9.040618133544921875e+01,2.689722061157226562e+01
-9.040901184082031250e+01,2.689412498474121094e+01
-9.044950103759765625e+01,2.687259101867675781e+01
-9.042993927001953125e+01,2.690196800231933594e+01
-9.042640686035156250e+01,2.690233039855957031e+01
-9.042008972167968750e+01,2.689815330505371094e+01
-9.043770599365234375e+01,2.689903450012207031e+01
-9.040950775146484375e+01,2.689551544189453125e+01
-9.045726013183593750e+01,2.686988830566406250e+01
-9.039466857910156250e+01,2.689149475097656250e+01
-9.039543151855468750e+01,2.689307975769042969e+01
-9.042977905273437500e+01,2.690110015869140625e+01
-9.044956207275390625e+01,2.687216758728027344e+01
-9.040646362304687500e+01,2.690264892578125000e+01
-9.041136932373046875e+01,2.689587211608886719e+01
-9.043830108642578125e+01,2.689931869506835938e+01
-9.040982055664062500e+01,2.689857482910156250e+01
-9.038366699218750000e+01,2.689266777038574219e+01
-9.044382476806640625e+01,2.689749908447265625e+01
-9.044346618652343750e+01,2.689870071411132812e+01
-9.043706512451171875e+01,2.689878654479980469e+01
-9.040544128417968750e+01,2.689261627197265625e+01
-9.042140197753906250e+01,2.689671516418457031e+01
-9.043978118896484375e+01,2.689862060546875000e+01
-9.046675109863281250e+01,2.686598968505859375e+01
-9.041163635253906250e+01,2.689735794067382812e+01
-9.046903228759765625e+01,2.686510086059570312e+01
-9.040750885009765625e+01,2.689381408691406250e+01
-9.038049316406250000e+01,2.689442634582519531e+01
-9.046849822998046875e+01,2.686656951904296875e+01
-9.047631835937500000e+01,2.686224555969238281e+01
-9.044248962402343750e+01,2.689833068847656250e+01
-9.041090393066406250e+01,2.689866828918457031e+01
-9.041210174560546875e+01,2.689688491821289062e+01
-9.042879486083984375e+01,2.690235328674316406e+01
-9.040398406982421875e+01,2.689836311340332031e+01
-9.040650177001953125e+01,2.689420700073242188e+01
-9.040703582763671875e+01,2.689674949645996094e+01
-9.040763092041015625e+01,2.689608764648437500e+01
-9.040766906738281250e+01,2.689778709411621094e+01
-9.040255737304687500e+01,2.689112472534179688e+01
-9.040534210205078125e+01,2.689207077026367188e+01
-9.047110748291015625e+01,2.686432456970214844e+01
-9.040351104736328125e+01,2.689120292663574219e+01
-9.047023010253906250e+01,2.686464881896972656e+01
-9.041765594482421875e+01,2.689651298522949219e+01
-9.044388580322265625e+01,2.689829444885253906e+01
-9.042018127441406250e+01,2.689845466613769531e+01
-9.040979766845703125e+01,2.689716911315917969e+01
-9.039738464355468750e+01,2.689214897155761719e+01
-9.042037200927734375e+01,2.689786529541015625e+01
-9.040670776367187500e+01,2.689485359191894531e+01
-9.045156860351562500e+01,2.687160301208496094e+01
-9.041210937500000000e+01,2.689491653442382812e+01
-9.041104888916015625e+01,2.689312362670898438e+01
-9.040123748779296875e+01,2.689089965820312500e+01
-9.042652893066406250e+01,2.690260124206542969e+01
-9.040750122070312500e+01,2.689578819274902344e+01
-9.040567779541015625e+01,2.689603042602539062e+01
-9.042021179199218750e+01,2.689707183837890625e+01
-9.040695190429687500e+01,2.689808273315429688e+01
-9.044525146484375000e+01,2.689923477172851562e+01
-9.044313049316406250e+01,2.689747047424316406e+01
-9.045038604736328125e+01,2.687191009521484375e+01
-9.040859985351562500e+01,2.689718818664550781e+01
-9.040924072265625000e+01,2.690019607543945312e+01
-9.047040557861328125e+01,2.686475372314453125e+01
-9.040966796875000000e+01,2.689492988586425781e+01
-9.041038513183593750e+01,2.689578437805175781e+01
-9.040485382080078125e+01,2.689366531372070312e+01
-9.040353393554687500e+01,2.689256286621093750e+01
-9.042108917236328125e+01,2.689794349670410156e+01
-9.040739440917968750e+01,2.689714241027832031e+01
-9.044850921630859375e+01,2.687218856811523438e+01
-9.044291687011718750e+01,2.689849090576171875e+01
-9.039327239990234375e+01,2.689165687561035156e+01
-9.039859771728515625e+01,2.689218330383300781e+01
-9.041873931884765625e+01,2.689670181274414062e+01
-9.041890716552734375e+01,2.689737319946289062e+01
-9.047364807128906250e+01,2.686296844482421875e+01
-9.042989349365234375e+01,2.690200233459472656e+01
-9.040959930419921875e+01,2.689648818969726562e+01
-9.045496368408203125e+01,2.687037658691406250e+01
-9.037501525878906250e+01,2.689432716369628906e+01
-9.044797515869140625e+01,2.687257194519042969e+01
-9.038462066650390625e+01,2.689323806762695312e+01
-9.040625000000000000e+01,2.689591979980468750e+01
-9.039268493652343750e+01,2.689220237731933594e+01
-9.039649963378906250e+01,2.689245033264160156e+01
-9.037435150146484375e+01,2.689477920532226562e+01
-9.046666717529296875e+01,2.686616516113281250e+01
-9.039355468750000000e+01,2.689179992675781250e+01
-9.039475250244140625e+01,2.689173507690429688e+01
-9.045626831054687500e+01,2.687000846862792969e+01
-9.040796661376953125e+01,2.689710998535156250e+01
-9.045491027832031250e+01,2.687042999267578125e+01
-9.044533538818359375e+01,2.689925765991210938e+01
-9.041710662841796875e+01,2.689739990234375000e+01
-9.041153717041015625e+01,2.689664268493652344e+01
-9.040068054199218750e+01,2.689138412475585938e+01
-9.044293975830078125e+01,2.689792633056640625e+01
-9.040977478027343750e+01,2.689347457885742188e+01
-9.041175842285156250e+01,2.689724922180175781e+01
-9.040145874023437500e+01,2.691296577453613281e+01
-9.044688415527343750e+01,2.689935111999511719e+01
-9.046746826171875000e+01,2.686637496948242188e+01
-9.045058441162109375e+01,2.687170028686523438e+01
-9.047170257568359375e+01,2.686398124694824219e+01
-9.040763092041015625e+01,2.689719200134277344e+01
-9.044709777832031250e+01,2.689929771423339844e+01
-9.039657592773437500e+01,2.689216423034667969e+01
-9.040258789062500000e+01,2.689172935485839844e+01
-9.045548248291015625e+01,2.687059783935546875e+01
-9.046756744384765625e+01,2.686662292480468750e+01
-9.044164276123046875e+01,2.689848327636718750e+01
-9.044827270507812500e+01,2.687267684936523438e+01
-9.040529632568359375e+01,2.689599990844726562e+01
-9.044134521484375000e+01,2.689839553833007812e+01
-9.044492340087890625e+01,2.690053558349609375e+01
-9.040785980224609375e+01,2.689610862731933594e+01
-9.041064453125000000e+01,2.689407348632812500e+01
-9.046444702148437500e+01,2.686624526977539062e+01
-9.041075897216796875e+01,2.689513015747070312e+01
-9.040692901611328125e+01,2.689562416076660156e+01
-9.039923095703125000e+01,2.689215278625488281e+01
-9.041082763671875000e+01,2.689567947387695312e+01
-9.040110778808593750e+01,2.691347122192382812e+01
-9.041118621826171875e+01,2.689289665222167969e+01
-9.046195220947265625e+01,2.686744117736816406e+01
-9.041786193847656250e+01,2.689678192138671875e+01
-9.046166992187500000e+01,2.686787986755371094e+01
-9.039849090576171875e+01,2.689233779907226562e+01
-9.047198486328125000e+01,2.686354446411132812e+01
-9.042630004882812500e+01,2.690303039550781250e+01
-9.039528656005859375e+01,2.689310836791992188e+01
-9.040850067138671875e+01,2.689385795593261719e+01
-9.041992187500000000e+01,2.689684486389160156e+01
-9.042991638183593750e+01,2.690175437927246094e+01
-9.040626525878906250e+01,2.689435386657714844e+01
-9.040701293945312500e+01,2.689801597595214844e+01
-9.047511291503906250e+01,2.686317062377929688e+01
-9.046175384521484375e+01,2.686803627014160156e+01
-9.044319915771484375e+01,2.689927864074707031e+01
-9.047249603271484375e+01,2.686299133300781250e+01
-9.040676879882812500e+01,2.689460945129394531e+01
-9.040758514404296875e+01,2.689384841918945312e+01
-9.040821838378906250e+01,2.689620971679687500e+01
-9.040633392333984375e+01,2.689160919189453125e+01
-9.044313812255859375e+01,2.689869308471679688e+01
-9.042882537841796875e+01,2.690331840515136719e+01
-9.045352935791015625e+01,2.687113952636718750e+01
-9.039861297607421875e+01,2.689134407043457031e+01
-9.046921539306640625e+01,2.686482810974121094e+01
-9.046606445312500000e+01,2.686669540405273438e+01
-9.040695190429687500e+01,2.689588928222656250e+01
-9.045377349853515625e+01,2.687080955505371094e+01
-9.040818786621093750e+01,2.689643859863281250e+01
-9.038099670410156250e+01,2.689460372924804688e+01
-9.041228485107421875e+01,2.689499282836914062e+01
-9.046804809570312500e+01,2.686648178100585938e+01
-9.039539337158203125e+01,2.689282226562500000e+01
-9.044236755371093750e+01,2.689926910400390625e+01
-9.047026824951171875e+01,2.686437606811523438e+01
-9.042056274414062500e+01,2.689505767822265625e+01
-9.039682769775390625e+01,2.689201545715332031e+01
-9.040723419189453125e+01,2.689731216430664062e+01
-9.040678405761718750e+01,2.689551353454589844e+01
-9.040954589843750000e+01,2.689868354797363281e+01
-9.040318298339843750e+01,2.689156723022460938e+01
-9.042573547363281250e+01,2.690343093872070312e+01
-9.047285461425781250e+01,2.686425590515136719e+01
-9.044708251953125000e+01,2.689878082275390625e+01
-9.040776062011718750e+01,2.689426994323730469e+01
-9.046833801269531250e+01,2.686631774902343750e+01
-9.040774536132812500e+01,2.689679718017578125e+01
-9.038144683837890625e+01,2.689472007751464844e+01
-9.042886352539062500e+01,2.690171623229980469e+01
-9.039870452880859375e+01,2.689239501953125000e+01
-9.047383880615234375e+01,2.686288261413574219e+01
-9.039500427246093750e+01,2.689123344421386719e+01
-9.040719604492187500e+01,2.689203643798828125e+01
-9.041043090820312500e+01,2.689756393432617188e+01
-9.038201904296875000e+01,2.689418983459472656e+01
-9.040373229980468750e+01,2.689146614074707031e+01
-9.042080688476562500e+01,2.689723014831542969e+01
-9.044828796386718750e+01,2.687201309204101562e+01
-9.045106506347656250e+01,2.687114524841308594e+01
-9.045119476318359375e+01,2.687188911437988281e+01
-9.047394561767578125e+01,2.686339759826660156e+01
-9.038165283203125000e+01,2.689437866210937500e+01
-9.040638732910156250e+01,2.689283561706542969e+01
-9.041882324218750000e+01,2.689651298522949219e+01
-9.038279724121093750e+01,2.689396858215332031e+01
-9.040919494628906250e+01,2.689490509033203125e+01
-9.040692138671875000e+01,2.689919662475585938e+01
-9.038028717041015625e+01,2.689435958862304688e+01
-9.039616394042968750e+01,2.689301109313964844e+01
-9.041059112548828125e+01,2.689404487609863281e+01
-9.047333526611328125e+01,2.686403465270996094e+01
-9.044778442382812500e+01,2.687198638916015625e+01
-9.040199279785156250e+01,2.689161300659179688e+01
-9.039753723144531250e+01,2.689227676391601562e+01
-9.046988677978515625e+01,2.686517524719238281e+01
-9.047577667236328125e+01,2.686232376098632812e+01
-9.040682983398437500e+01,2.689521789550781250e+01
-9.040431213378906250e+01,2.689213180541992188e+01
-9.039804840087890625e+01,2.689414596557617188e+01
-9.046615600585937500e+01,2.686678695678710938e+01
-9.042621612548828125e+01,2.690252494812011719e+01
-9.040840148925781250e+01,2.689798164367675781e+01
-9.040739440917968750e+01,2.689493942260742188e+01
-9.046643829345703125e+01,2.686684226989746094e+01
-9.047438049316406250e+01,2.686253166198730469e+01
-9.040522003173828125e+01,2.689235877990722656e+01
-9.042617797851562500e+01,2.690219497680664062e+01
-9.045375823974609375e+01,2.687104988098144531e+01
-9.040731811523437500e+01,2.689758491516113281e+01
-9.045384979248046875e+01,2.687088394165039062e+01
-9.046743011474609375e+01,2.686666107177734375e+01
-9.041120910644531250e+01,2.689705276489257812e+01
-9.045884704589843750e+01,2.686907958984375000e+01
-9.040615081787109375e+01,2.689815139770507812e+01
-9.040474700927734375e+01,2.689724540710449219e+01
-9.040589141845703125e+01,2.689179611206054688e+01
-9.040895080566406250e+01,2.689654350280761719e+01
-9.040940856933593750e+01,2.689666175842285156e+01
-9.041046142578125000e+01,2.689280319213867188e+01
-9.039665985107421875e+01,2.689251518249511719e+01
-9.040504455566406250e+01,2.689791107177734375e+01
-9.042840576171875000e+01,2.690256500244140625e+01
-9.044261932373046875e+01,2.689924430847167969e+01
-9.044295501708984375e+01,2.689856529235839844e+01
-9.041062164306640625e+01,2.689376258850097656e+01
-9.040230560302734375e+01,2.691227340698242188e+01
-9.040744781494140625e+01,2.689878463745117188e+01
-9.046157073974609375e+01,2.686745452880859375e+01
-9.040547943115234375e+01,2.689553070068359375e+01
-9.041054534912109375e+01,2.689809226989746094e+01
-9.041130828857421875e+01,2.689653015136718750e+01
-9.041481781005859375e+01,2.689418983459472656e+01
-9.041850280761718750e+01,2.689675903320312500e+01
-9.039518737792968750e+01,2.689177513122558594e+01
-9.039464569091796875e+01,2.689192771911621094e+01
-9.044200897216796875e+01,2.689795112609863281e+01
-9.044363403320312500e+01,2.689680862426757812e+01
-9.044178771972656250e+01,2.689811897277832031e+01
-9.044203186035156250e+01,2.689815711975097656e+01
-9.044486999511718750e+01,2.689892196655273438e+01
-9.044619750976562500e+01,2.689922714233398438e+01
-9.045001983642578125e+01,2.687196159362792969e+01
-9.041855621337890625e+01,2.689583587646484375e+01
-9.039311981201171875e+01,2.689176177978515625e+01
-9.045053100585937500e+01,2.687138557434082031e+01
-9.041544342041015625e+01,2.689376068115234375e+01
-9.047618865966796875e+01,2.686234664916992188e+01
-9.042815399169921875e+01,2.690244293212890625e+01
-9.043992614746093750e+01,2.689885139465332031e+01
-9.039511871337890625e+01,2.689101600646972656e+01
-9.041093444824218750e+01,2.689386177062988281e+01
-9.041963958740234375e+01,2.689569854736328125e+01
-9.047579193115234375e+01,2.686236572265625000e+01
-9.041806030273437500e+01,2.689699745178222656e+01
-9.044026184082031250e+01,2.689865112304687500e+01
-9.044876098632812500e+01,2.687231445312500000e+01
-9.040595245361328125e+01,2.689182281494140625e+01
-9.040156555175781250e+01,2.691315078735351562e+01
-9.041889190673828125e+01,2.689747619628906250e+01
-9.040773773193359375e+01,2.689484596252441406e+01
-9.040341186523437500e+01,2.689101982116699219e+01
-9.044833374023437500e+01,2.687251853942871094e+01
-9.040230560302734375e+01,2.689130973815917969e+01
-9.042095947265625000e+01,2.689659309387207031e+01
-9.040586090087890625e+01,2.689648246765136719e+01
-9.041756439208984375e+01,2.689707183837890625e+01
-9.040604400634765625e+01,2.689347267150878906e+01
-9.045163726806640625e+01,2.687064743041992188e+01
-9.038289642333984375e+01,2.689305305480957031e+01
-9.044302368164062500e+01,2.689823532104492188e+01
-9.041294097900390625e+01,2.689504432678222656e+01
-9.045722961425781250e+01,2.686965370178222656e+01
-9.040738677978515625e+01,2.689489173889160156e+01
-9.040728759765625000e+01,2.689513015747070312e+01
-9.044705200195312500e+01,2.690114212036132812e+01
-9.040665435791015625e+01,2.690256881713867188e+01
-9.044206237792968750e+01,2.689836311340332031e+01
-9.038462829589843750e+01,2.689255714416503906e+01
-9.044879150390625000e+01,2.690082168579101562e+01
-9.044692230224609375e+01,2.690155601501464844e+01
-9.045101928710937500e+01,2.687075233459472656e+01
-9.044930267333984375e+01,2.687261581420898438e+01
-9.039519500732421875e+01,2.689161872863769531e+01
-9.040884399414062500e+01,2.689863204956054688e+01
-9.038307952880859375e+01,2.689323806762695312e+01
-9.039901733398437500e+01,2.689112091064453125e+01
-9.040272521972656250e+01,2.689904594421386719e+01
-9.046860504150390625e+01,2.686600494384765625e+01
-9.044969940185546875e+01,2.687205886840820312e+01
-9.040618896484375000e+01,2.689635467529296875e+01
-9.044841766357421875e+01,2.687261962890625000e+01
-9.039992523193359375e+01,2.689194488525390625e+01
-9.046759033203125000e+01,2.686662101745605469e+01
-9.040557098388671875e+01,2.689753913879394531e+01
-9.042661285400390625e+01,2.690275001525878906e+01
-9.040508270263671875e+01,2.689731216430664062e+01
-9.044284057617187500e+01,2.689761924743652344e+01
-9.040847778320312500e+01,2.689481353759765625e+01
-9.039994812011718750e+01,2.689108276367187500e+01
-9.039759826660156250e+01,2.689265060424804688e+01
-9.039959716796875000e+01,2.689082336425781250e+01
-9.041059112548828125e+01,2.689797592163085938e+01
-9.039479827880859375e+01,2.689180755615234375e+01
-9.039841461181640625e+01,2.689221000671386719e+01
-9.040489196777343750e+01,2.689233779907226562e+01
-9.040837097167968750e+01,2.689966201782226562e+01
-9.041947937011718750e+01,2.689690971374511719e+01
-9.044496917724609375e+01,2.689775848388671875e+01
-9.042717742919921875e+01,2.690172767639160156e+01
-9.044277191162109375e+01,2.689902114868164062e+01
-9.042115020751953125e+01,2.689678573608398438e+01
-9.044743347167968750e+01,2.687246513366699219e+01
-9.040557861328125000e+01,2.689556503295898438e+01
-9.040945434570312500e+01,2.689827346801757812e+01
-9.044538879394531250e+01,2.690019035339355469e+01
-9.046393585205078125e+01,2.686730003356933594e+01
-9.047254943847656250e+01,2.686283874511718750e+01
-9.042669677734375000e+01,2.690262794494628906e+01
-9.039975738525390625e+01,2.689204978942871094e+01
-9.042628479003906250e+01,2.690197181701660156e+01
-9.047064971923828125e+01,2.686464881896972656e+01
-9.039513397216796875e+01,2.689174270629882812e+01
-9.041869354248046875e+01,2.689669036865234375e+01
-9.046151733398437500e+01,2.686801528930664062e+01
-9.044334411621093750e+01,2.689856529235839844e+01
-9.042156982421875000e+01,2.689662361145019531e+01
-9.040662384033203125e+01,2.689420509338378906e+01
-9.041213989257812500e+01,2.689632225036621094e+01
-9.040095520019531250e+01,2.689110183715820312e+01
-9.040787506103515625e+01,2.689429283142089844e+01
-9.040882873535156250e+01,2.689530944824218750e+01
-9.046679687500000000e+01,2.686654281616210938e+01
-9.041004180908203125e+01,2.689439773559570312e+01
-9.044442749023437500e+01,2.689940643310546875e+01
-9.045476531982421875e+01,2.687113571166992188e+01
-9.040786743164062500e+01,2.689850997924804688e+01
-9.040789794921875000e+01,2.689707183837890625e+01
-9.039767456054687500e+01,2.689258003234863281e+01
-9.045686340332031250e+01,2.686982345581054688e+01
-9.041776275634765625e+01,2.689752197265625000e+01
-9.041881561279296875e+01,2.689633750915527344e+01
-9.046901702880859375e+01,2.686609268188476562e+01
-9.041800689697265625e+01,2.689720344543457031e+01
-9.042010498046875000e+01,2.689665412902832031e+01
-9.042692565917968750e+01,2.690228271484375000e+01
-9.040127563476562500e+01,2.689109802246093750e+01
-9.039878082275390625e+01,2.689400291442871094e+01
-9.040534210205078125e+01,2.689573669433593750e+01
-9.044948577880859375e+01,2.687242317199707031e+01
-9.041988372802734375e+01,2.689686012268066406e+01
-9.040550994873046875e+01,2.689553070068359375e+01
-9.044911193847656250e+01,2.687221145629882812e+01
-9.047290802001953125e+01,2.686383247375488281e+01
-9.041065216064453125e+01,2.689678955078125000e+01
-9.046852874755859375e+01,2.686497688293457031e+01
-9.047580718994140625e+01,2.686354827880859375e+01
-9.047351074218750000e+01,2.686295700073242188e+01
-9.040669250488281250e+01,2.689785575866699219e+01
-9.046695709228515625e+01,2.686631202697753906e+01
-9.044516754150390625e+01,2.689855384826660156e+01
-9.041872406005859375e+01,2.689536285400390625e+01
-9.039755249023437500e+01,2.689303970336914062e+01
-9.045970916748046875e+01,2.686895179748535156e+01
-9.047277832031250000e+01,2.686403465270996094e+01
-9.039530181884765625e+01,2.689199066162109375e+01
-9.040612792968750000e+01,2.689184570312500000e+01
-9.042599487304687500e+01,2.690234565734863281e+01
-9.040721130371093750e+01,2.689821052551269531e+01
-9.045884704589843750e+01,2.686971473693847656e+01
-9.045022583007812500e+01,2.687157058715820312e+01
-9.044448089599609375e+01,2.689920616149902344e+01
-9.040805053710937500e+01,2.689916992187500000e+01
-9.044327545166015625e+01,2.689809799194335938e+01
-9.042031097412109375e+01,2.689831924438476562e+01
-9.039550781250000000e+01,2.689227104187011719e+01
-9.042753601074218750e+01,2.690202522277832031e+01
-9.040802001953125000e+01,2.689700889587402344e+01
-9.041210174560546875e+01,2.689608764648437500e+01
-9.044308471679687500e+01,2.689893722534179688e+01
-9.039547729492187500e+01,2.689070892333984375e+01
-9.040972900390625000e+01,2.689987182617187500e+01
-9.044714355468750000e+01,2.690092468261718750e+01
-9.045401000976562500e+01,2.687067604064941406e+01
-9.040367126464843750e+01,2.689245796203613281e+01
-9.044225311279296875e+01,2.689772987365722656e+01
-9.044573211669921875e+01,2.689797973632812500e+01
-9.043665313720703125e+01,2.689912223815917969e+01
-9.043893432617187500e+01,2.689914512634277344e+01
-9.044551086425781250e+01,2.689956474304199219e+01
-9.040663909912109375e+01,2.689237213134765625e+01
-9.041183471679687500e+01,2.689507675170898438e+01
-9.040710449218750000e+01,2.689459991455078125e+01
-9.045050048828125000e+01,2.687126731872558594e+01
-9.040446472167968750e+01,2.689439201354980469e+01
-9.040169525146484375e+01,2.689095687866210938e+01
-9.040628814697265625e+01,2.689503097534179688e+01
-9.040811920166015625e+01,2.689376831054687500e+01
-9.044358062744140625e+01,2.689909553527832031e+01
-9.044656372070312500e+01,2.690111923217773438e+01
-9.040854644775390625e+01,2.689688873291015625e+01
-9.042830657958984375e+01,2.690190887451171875e+01
-9.044564056396484375e+01,2.689991950988769531e+01
-9.039464569091796875e+01,2.689207649230957031e+01
-9.047467041015625000e+01,2.686241722106933594e+01
-9.039379119873046875e+01,2.689154815673828125e+01
-9.042774200439453125e+01,2.690206336975097656e+01
-9.047035217285156250e+01,2.686486244201660156e+01
-9.047373199462890625e+01,2.686336517333984375e+01
-9.045005035400390625e+01,2.687225532531738281e+01
-9.041216278076171875e+01,2.689544677734375000e+01
-9.044665527343750000e+01,2.690156936645507812e+01
-9.041054534912109375e+01,2.689726066589355469e+01
-9.038260650634765625e+01,2.689352989196777344e+01
-9.044370269775390625e+01,2.689706611633300781e+01
-9.042150115966796875e+01,2.689657783508300781e+01
-9.039436340332031250e+01,2.689226531982421875e+01
-9.044015502929687500e+01,2.689886093139648438e+01
-9.046903228759765625e+01,2.686609458923339844e+01
-9.040367889404296875e+01,2.689106559753417969e+01
-9.043918609619140625e+01,2.689936256408691406e+01
-9.041847991943359375e+01,2.689564132690429688e+01
-9.046659088134765625e+01,2.686623191833496094e+01
-9.042010498046875000e+01,2.689666938781738281e+01
-9.040073394775390625e+01,2.689081573486328125e+01
-9.046180725097656250e+01,2.686819076538085938e+01
-9.046988677978515625e+01,2.686535263061523438e+01
-9.045066833496093750e+01,2.687192153930664062e+01
-9.045732116699218750e+01,2.686973953247070312e+01
-9.046150970458984375e+01,2.686812210083007812e+01
-9.040760803222656250e+01,2.690188980102539062e+01
-9.039763641357421875e+01,2.689170837402343750e+01
-9.041825866699218750e+01,2.689604187011718750e+01
-9.040289306640625000e+01,2.689140129089355469e+01
-9.040559387207031250e+01,2.689731025695800781e+01
-9.039710235595703125e+01,2.689200592041015625e+01
-9.044249725341796875e+01,2.689790344238281250e+01
-9.041204833984375000e+01,2.689636421203613281e+01
-9.040842437744140625e+01,2.689438819885253906e+01
-9.041017150878906250e+01,2.689765167236328125e+01
-9.041899871826171875e+01,2.689699745178222656e+01
-9.041759490966796875e+01,2.689727973937988281e+01
-9.040362548828125000e+01,2.689116477966308594e+01
-9.046867370605468750e+01,2.686551856994628906e+01
-9.041192626953125000e+01,2.689705848693847656e+01
-9.044596099853515625e+01,2.689904212951660156e+01
-9.047106933593750000e+01,2.686429786682128906e+01
-9.045710754394531250e+01,2.686915397644042969e+01
-9.044462585449218750e+01,2.689758872985839844e+01
-9.044774627685546875e+01,2.690065002441406250e+01
-9.044705963134765625e+01,2.689854240417480469e+01
-9.040746307373046875e+01,2.689392852783203125e+01
-9.046248626708984375e+01,2.686782264709472656e+01
-9.043696594238281250e+01,2.689900588989257812e+01
-9.045138549804687500e+01,2.687215232849121094e+01
-9.039854431152343750e+01,2.689346122741699219e+01
-9.038096618652343750e+01,2.689436149597167969e+01
-9.040807342529296875e+01,2.689471244812011719e+01
-9.045586395263671875e+01,2.686998367309570312e+01
-9.040783691406250000e+01,2.690146064758300781e+01
-9.040690612792968750e+01,2.689108085632324219e+01
-9.039237976074218750e+01,2.689172935485839844e+01
-9.042658996582031250e+01,2.690185356140136719e+01
-9.044392395019531250e+01,2.689876365661621094e+01
-9.039376831054687500e+01,2.689181137084960938e+01
-9.044253540039062500e+01,2.689951896667480469e+01
-9.047286987304687500e+01,2.686368751525878906e+01
-9.044360351562500000e+01,2.689760971069335938e+01
-9.041099548339843750e+01,2.689581108093261719e+01
-9.041072845458984375e+01,2.689635467529296875e+01
-9.044410705566406250e+01,2.689772987365722656e+01
-9.038349914550781250e+01,2.689273643493652344e+01
-9.040822601318359375e+01,2.690151977539062500e+01
-9.040866088867187500e+01,2.689897727966308594e+01
-9.044389343261718750e+01,2.689912796020507812e+01
-9.045695495605468750e+01,2.686899757385253906e+01
-9.038291931152343750e+01,2.689323043823242188e+01
-9.041512298583984375e+01,2.689419364929199219e+01
-9.039358520507812500e+01,2.689186477661132812e+01
-9.042569732666015625e+01,2.690306282043457031e+01
-9.039633178710937500e+01,2.689300155639648438e+01
-9.046070861816406250e+01,2.686841011047363281e+01
-9.039265441894531250e+01,2.689221191406250000e+01
-9.038282775878906250e+01,2.689314270019531250e+01
-9.042082977294921875e+01,2.689729118347167969e+01
-9.044804382324218750e+01,2.687224197387695312e+01
-9.042843627929687500e+01,2.690258026123046875e+01
-9.038106536865234375e+01,2.689420700073242188e+01
-9.046386718750000000e+01,2.686740875244140625e+01
-9.044571685791015625e+01,2.689956092834472656e+01
-9.040541839599609375e+01,2.689627456665039062e+01
-9.040634918212890625e+01,2.689580154418945312e+01
-9.046392822265625000e+01,2.686798095703125000e+01
-9.040168762207031250e+01,2.689094352722167969e+01
-9.038095855712890625e+01,2.689430236816406250e+01
-9.040682983398437500e+01,2.689513397216796875e+01
-9.040744781494140625e+01,2.689609527587890625e+01
-9.043635559082031250e+01,2.689926719665527344e+01
-9.040604400634765625e+01,2.689443397521972656e+01
-9.040702056884765625e+01,2.689572715759277344e+01
-9.039884948730468750e+01,2.689315795898437500e+01
-9.040884399414062500e+01,2.689540863037109375e+01
-9.044596099853515625e+01,2.689941024780273438e+01
-9.040415191650390625e+01,2.689255714416503906e+01
-9.042073822021484375e+01,2.689473152160644531e+01
-9.038277435302734375e+01,2.689402008056640625e+01
-9.041484832763671875e+01,2.689451026916503906e+01
-9.045877838134765625e+01,2.686962127685546875e+01
-9.040456390380859375e+01,2.689269638061523438e+01
-9.047051239013671875e+01,2.686432647705078125e+01
-9.046373748779296875e+01,2.686762428283691406e+01
-9.037554931640625000e+01,2.689570045471191406e+01
-9.040871429443359375e+01,2.689484214782714844e+01
-9.039314270019531250e+01,2.689155578613281250e+01
-9.046691131591796875e+01,2.686635398864746094e+01
-9.046632385253906250e+01,2.686616325378417969e+01
-9.045589447021484375e+01,2.686965751647949219e+01
-9.040591430664062500e+01,2.689436912536621094e+01
-9.042823791503906250e+01,2.690218544006347656e+01
-9.042749023437500000e+01,2.690192604064941406e+01
-9.038272094726562500e+01,2.689345359802246094e+01
-9.046636199951171875e+01,2.686623382568359375e+01
-9.040594482421875000e+01,2.689544105529785156e+01
-9.044503784179687500e+01,2.689957427978515625e+01
-9.040163421630859375e+01,2.689109802246093750e+01
-9.040375518798828125e+01,2.689139175415039062e+01
-9.045128631591796875e+01,2.687080192565917969e+01
-9.040203094482421875e+01,2.689157295227050781e+01
-9.040524291992187500e+01,2.689410591125488281e+01
-9.041007995605468750e+01,2.689333915710449219e+01
-9.041127014160156250e+01,2.689287185668945312e+01
-9.046188354492187500e+01,2.686806488037109375e+01
-9.041304779052734375e+01,2.689565849304199219e+01
-9.044419860839843750e+01,2.689904212951660156e+01
-9.039509582519531250e+01,2.689139366149902344e+01
-9.044453430175781250e+01,2.689770507812500000e+01
-9.040926361083984375e+01,2.689521789550781250e+01
-9.046222686767578125e+01,2.686758804321289062e+01
-9.040977478027343750e+01,2.689736747741699219e+01
-9.040782928466796875e+01,2.689884185791015625e+01
-9.041986083984375000e+01,2.689569854736328125e+01
-9.040913391113281250e+01,2.689489555358886719e+01
-9.040814971923828125e+01,2.689664459228515625e+01
-9.045770263671875000e+01,2.686928367614746094e+01
-9.047216796875000000e+01,2.686495208740234375e+01
-9.040520477294921875e+01,2.689419174194335938e+01
-9.045176696777343750e+01,2.687152290344238281e+01
-9.040542602539062500e+01,2.689723777770996094e+01
-9.040388488769531250e+01,2.689269828796386719e+01
-9.041140747070312500e+01,2.689308547973632812e+01
-9.039929199218750000e+01,2.689299201965332031e+01
-9.040523529052734375e+01,2.689249229431152344e+01
-9.040597534179687500e+01,2.689298248291015625e+01
-9.044790649414062500e+01,2.687235641479492188e+01
-9.046443176269531250e+01,2.686755752563476562e+01
-9.040700531005859375e+01,2.690244293212890625e+01
-9.046188354492187500e+01,2.686835861206054688e+01
-9.043883514404296875e+01,2.689882659912109375e+01
-9.039621734619140625e+01,2.689179039001464844e+01
-9.042964935302734375e+01,2.690149688720703125e+01
-9.044416046142578125e+01,2.689950752258300781e+01
-9.040050506591796875e+01,2.689097213745117188e+01
-9.043934631347656250e+01,2.689878463745117188e+01
-9.047460174560546875e+01,2.686254310607910156e+01
-9.041051483154296875e+01,2.689589881896972656e+01
-9.041069793701171875e+01,2.689864540100097656e+01
-9.040961456298828125e+01,2.689448928833007812e+01
-9.045095062255859375e+01,2.687150573730468750e+01
-9.038414764404296875e+01,2.689282608032226562e+01
-9.039205169677734375e+01,2.689187622070312500e+01
-9.046657562255859375e+01,2.686665534973144531e+01
-9.044387817382812500e+01,2.689800262451171875e+01
-9.042593383789062500e+01,2.690297317504882812e+01
-9.038006591796875000e+01,2.689474296569824219e+01
-9.040605163574218750e+01,2.689578437805175781e+01
-9.038260650634765625e+01,2.689358329772949219e+01
-9.047367858886718750e+01,2.686313438415527344e+01
-9.040817260742187500e+01,2.689770126342773438e+01
-9.045928955078125000e+01,2.686880302429199219e+01
-9.041845703125000000e+01,2.689627838134765625e+01
-9.040785217285156250e+01,2.689373970031738281e+01
-9.046987152099609375e+01,2.686479568481445312e+01
-9.040958404541015625e+01,2.689634895324707031e+01
-9.041019439697265625e+01,2.689663696289062500e+01
-9.044449615478515625e+01,2.689895820617675781e+01
-9.046104431152343750e+01,2.686843872070312500e+01
-9.041820526123046875e+01,2.689583778381347656e+01
-9.039849853515625000e+01,2.689388465881347656e+01
-9.045401000976562500e+01,2.687030029296875000e+01
-9.039556884765625000e+01,2.689274406433105469e+01
-9.045904541015625000e+01,2.686932945251464844e+01
-9.040924835205078125e+01,2.689693832397460938e+01
-9.044741821289062500e+01,2.689888381958007812e+01
-9.040285491943359375e+01,2.689899826049804688e+01
-9.041172027587890625e+01,2.689666557312011719e+01
-9.040950775146484375e+01,2.689707565307617188e+01
-9.047606658935546875e+01,2.686328697204589844e+01
-9.041077423095703125e+01,2.689679145812988281e+01
-9.040871429443359375e+01,2.689851951599121094e+01
-9.042723846435546875e+01,2.690184020996093750e+01
-9.040137481689453125e+01,2.691287994384765625e+01
-9.044229888916015625e+01,2.689934921264648438e+01
-9.044931793212890625e+01,2.687196350097656250e+01
-9.044466400146484375e+01,2.689780616760253906e+01
-9.047507476806640625e+01,2.686322593688964844e+01
-9.047336578369140625e+01,2.686387252807617188e+01
-9.045710754394531250e+01,2.686991500854492188e+01
-9.040512084960937500e+01,2.689262580871582031e+01
-9.047085571289062500e+01,2.686472511291503906e+01
-9.040074157714843750e+01,2.689152526855468750e+01
-9.045706176757812500e+01,2.686939430236816406e+01
-9.042060089111328125e+01,2.689748382568359375e+01
-9.039768218994140625e+01,2.689208412170410156e+01
-9.038247680664062500e+01,2.689391326904296875e+01
-9.040849304199218750e+01,2.689779663085937500e+01
-9.041184997558593750e+01,2.689675903320312500e+01
-9.039756011962890625e+01,2.689270782470703125e+01
-9.040698242187500000e+01,2.690225601196289062e+01
-9.043727874755859375e+01,2.689934921264648438e+01
-9.039595031738281250e+01,2.689335060119628906e+01
-9.037482452392578125e+01,2.689453315734863281e+01
-9.047571563720703125e+01,2.686307907104492188e+01
-9.042626190185546875e+01,2.690242576599121094e+01
-9.044799041748046875e+01,2.687196159362792969e+01
-9.040535736083984375e+01,2.689518165588378906e+01
-9.040744018554687500e+01,2.689709281921386719e+01
-9.044595336914062500e+01,2.689936637878417969e+01
-9.041511535644531250e+01,2.689433097839355469e+01
-9.040866088867187500e+01,2.689949607849121094e+01
-9.040834045410156250e+01,2.689792633056640625e+01
-9.040766906738281250e+01,2.689630699157714844e+01
-9.042857360839843750e+01,2.690315246582031250e+01
-9.046065521240234375e+01,2.686852455139160156e+01
-9.044695281982421875e+01,2.690132141113281250e+01
-9.040612792968750000e+01,2.689658927917480469e+01
-9.040979766845703125e+01,2.689874649047851562e+01
-9.044207000732421875e+01,2.689933013916015625e+01
-9.045218658447265625e+01,2.687154006958007812e+01
-9.047580718994140625e+01,2.686352348327636719e+01
-9.040526580810546875e+01,2.689616966247558594e+01
-9.045641326904296875e+01,2.686939048767089844e+01
-9.041029357910156250e+01,2.689612388610839844e+01
-9.040766143798828125e+01,2.689925193786621094e+01
-9.041176605224609375e+01,2.689510536193847656e+01
-9.038086700439453125e+01,2.689443016052246094e+01
-9.040667724609375000e+01,2.689371490478515625e+01
-9.042914581298828125e+01,2.690279769897460938e+01
-9.040003967285156250e+01,2.689123153686523438e+01
-9.040283203125000000e+01,2.691183662414550781e+01
-9.042626953125000000e+01,2.690208053588867188e+01
-9.041812896728515625e+01,2.689567375183105469e+01
-9.044745635986328125e+01,2.687270736694335938e+01
-9.040732574462890625e+01,2.689517402648925781e+01
-9.040151977539062500e+01,2.689155006408691406e+01
-9.040907287597656250e+01,2.689850234985351562e+01
-9.040509796142578125e+01,2.689383506774902344e+01
-9.039321136474609375e+01,2.689223480224609375e+01
-9.046150207519531250e+01,2.686780548095703125e+01
-9.045693206787109375e+01,2.686904907226562500e+01
-9.041806030273437500e+01,2.689620399475097656e+01
-9.042624664306640625e+01,2.690329170227050781e+01
-9.040599822998046875e+01,2.689721488952636719e+01
-9.047561645507812500e+01,2.686285018920898438e+01
-9.040689849853515625e+01,2.689472389221191406e+01
-9.043938446044921875e+01,2.689896392822265625e+01
-9.041248321533203125e+01,2.689512634277343750e+01
-9.047351837158203125e+01,2.686328315734863281e+01
