{"type": "FeatureCollection", "name": "e008_candidate_policy_v1", "crs": {"type": "name", "properties": {"name": "urn:ogc:def:crs:OGC:1.3:CRS84"}}, "description": "E008 candidate policy v1: frozen E007 components with area >= 5000 m2; one component = one candidate; no grouping.", "features": [{"type": "Feature", "geometry": {"type": "Polygon", "coordinates": [[[-89.10083875984925, 28.22686285760358], [-89.10083875984925, 28.22668319454676], [-89.10101842290608, 28.22668319454676], [-89.10101842290608, 28.226144205376286], [-89.10083875984925, 28.226144205376286], [-89.10083875984925, 28.225784879262637], [-89.09976078150831, 28.225784879262637], [-89.09976078150831, 28.22668319454676], [-89.09994044456514, 28.22668319454676], [-89.09994044456514, 28.22686285760358], [-89.10083875984925, 28.22686285760358]]]}, "properties": {"candidate_id": "E007-C1", "component_id": 1, "area_m2": 13342.783863306046, "perimeter_m": 485.8188956616043, "centroid_lon": -89.10036123422171, "centroid_lat": 28.226319140569426, "major_axis_m": 123.4522278794811, "minor_axis_m": 119.46049698073755, "width_proxy_m": 108.08054332022095, "orientation_deg_from_north": 90.00176933752083, "elongation": 1.0334146517018694, "compactness_polsby_popper": 0.7104074548458841, "prob_mean": 0.7272608986026362, "prob_max": 0.8165225982666016, "n_px_image_space": 38, "bbox_west": -89.10101842290608, "bbox_south": 28.225784879262637, "bbox_east": -89.09976078150831, "bbox_north": 28.22686285760358}}, {"type": "Feature", "geometry": {"type": "Polygon", "coordinates": [[[-89.11988304387259, 28.222371281182983], [-89.11988304387259, 28.22219161812616], [-89.12042203304307, 28.22219161812616], [-89.12042203304307, 28.222011955069338], [-89.12078135915671, 28.222011955069338], [-89.12078135915671, 28.22183229201251], [-89.12114068527036, 28.22183229201251], [-89.12114068527036, 28.221652628955688], [-89.12132034832719, 28.221652628955688], [-89.12132034832719, 28.221472965898865], [-89.12185933749765, 28.221472965898865], [-89.12185933749765, 28.22129330284204], [-89.1229373158386, 28.22129330284204], [-89.1229373158386, 28.221113639785216], [-89.12832720754332, 28.221113639785216], [-89.12832720754332, 28.22129330284204], [-89.12958484894108, 28.22129330284204], [-89.12958484894108, 28.220933976728393], [-89.1297645119979, 28.220933976728393], [-89.1297645119979, 28.220574650614743], [-89.12958484894108, 28.220574650614743], [-89.12958484894108, 28.220215324501098], [-89.12940518588427, 28.220215324501098], [-89.12940518588427, 28.220035661444275], [-89.12886619671379, 28.220035661444275], [-89.12886619671379, 28.219855998387448], [-89.12796788142967, 28.219855998387448], [-89.12796788142967, 28.219676335330625], [-89.1274288922592, 28.219676335330625], [-89.1274288922592, 28.219496672273802], [-89.12706956614555, 28.219496672273802], [-89.12706956614555, 28.219317009216976], [-89.12688990308872, 28.219317009216976], [-89.12688990308872, 28.219137346160153], [-89.1267102400319, 28.219137346160153], [-89.1267102400319, 28.21895768310333], [-89.12635091391826, 28.21895768310333], [-89.12635091391826, 28.218778020046507], [-89.12617125086143, 28.218778020046507], [-89.12617125086143, 28.21859835698968], [-89.1259915878046, 28.21859835698968], [-89.1259915878046, 28.218418693932858], [-89.12527293557731, 28.218418693932858], [-89.12527293557731, 28.218239030876035], [-89.12455428335001, 28.218239030876035], [-89.12455428335001, 28.218059367819208], [-89.12401529417954, 28.218059367819208], [-89.12401529417954, 28.217879704762385], [-89.12383563112272, 28.217879704762385], [-89.12383563112272, 28.217700041705562], [-89.12311697889542, 28.217700041705562], [-89.12311697889542, 28.21752037864874], [-89.12167967444083, 28.21752037864874], [-89.12167967444083, 28.217700041705562], [-89.12114068527036, 28.217700041705562], [-89.12114068527036, 28.217879704762385], [-89.12060169609988, 28.217879704762385], [-89.12060169609988, 28.218059367819208], [-89.12042203304307, 28.218059367819208], [-89.12042203304307, 28.218239030876035], [-89.12006270692942, 28.218239030876035], [-89.12006270692942, 28.218418693932858], [-89.11970338081576, 28.218418693932858], [-89.11970338081576, 28.21859835698968], [-89.11952371775895, 28.21859835698968], [-89.11952371775895, 28.218778020046507], [-89.1191643916453, 28.218778020046507], [-89.1191643916453, 28.21895768310333], [-89.11880506553165, 28.21895768310333], [-89.11880506553165, 28.219137346160153], [-89.11826607636118, 28.219137346160153], [-89.11826607636118, 28.219317009216976], [-89.11700843496341, 28.219317009216976], [-89.11700843496341, 28.219137346160153], [-89.11646944579294, 28.219137346160153], [-89.11646944579294, 28.21895768310333], [-89.11593045662246, 28.21895768310333], [-89.11593045662246, 28.218778020046507], [-89.11575079356564, 28.218778020046507], [-89.11575079356564, 28.21859835698968], [-89.115391467452, 28.21859835698968], [-89.115391467452, 28.218418693932858], [-89.11521180439517, 28.218418693932858], [-89.11521180439517, 28.218239030876035], [-89.1146728152247, 28.218239030876035], [-89.1146728152247, 28.218059367819208], [-89.11413382605423, 28.218059367819208], [-89.11413382605423, 28.217879704762385], [-89.1139541629974, 28.217879704762385], [-89.1139541629974, 28.217700041705562], [-89.11359483688375, 28.217700041705562], [-89.11359483688375, 28.21752037864874], [-89.11323551077011, 28.21752037864874], [-89.11323551077011, 28.217340715591913], [-89.11287618465646, 28.217340715591913], [-89.11287618465646, 28.21716105253509], [-89.11269652159963, 28.21716105253509], [-89.11269652159963, 28.216981389478267], [-89.11233719548599, 28.216981389478267], [-89.11233719548599, 28.216801726421444], [-89.11179820631551, 28.216801726421444], [-89.11179820631551, 28.216622063364618], [-89.11143888020187, 28.216622063364618], [-89.11143888020187, 28.216442400307795], [-89.11125921714505, 28.216442400307795], [-89.11125921714505, 28.216262737250972], [-89.1108998910314, 28.216262737250972], [-89.1108998910314, 28.216083074194145], [-89.11054056491776, 28.216083074194145], [-89.11054056491776, 28.215903411137322], [-89.11036090186093, 28.215903411137322], [-89.11036090186093, 28.2157237480805], [-89.1101812388041, 28.2157237480805], [-89.1101812388041, 28.215544085023677], [-89.10982191269045, 28.215544085023677], [-89.10982191269045, 28.21536442196685], [-89.10964224963362, 28.21536442196685], [-89.10964224963362, 28.215184758910027], [-89.10928292351998, 28.215184758910027], [-89.10928292351998, 28.215005095853204], [-89.10910326046316, 28.215005095853204], [-89.10910326046316, 28.21482543279638], [-89.1087439343495, 28.21482543279638], [-89.1087439343495, 28.214645769739555], [-89.10838460823587, 28.214645769739555], [-89.10838460823587, 28.214466106682732], [-89.10784561906539, 28.214466106682732], [-89.10784561906539, 28.21428644362591], [-89.10748629295175, 28.21428644362591], [-89.10748629295175, 28.214106780569082], [-89.10694730378127, 28.214106780569082], [-89.10694730378127, 28.21392711751226], [-89.1049710101562, 28.21392711751226], [-89.1049710101562, 28.213747454455437], [-89.10443202098574, 28.213747454455437], [-89.10443202098574, 28.213567791398614], [-89.10425235792891, 28.213567791398614], [-89.10425235792891, 28.213388128341787], [-89.10407269487209, 28.213388128341787], [-89.10407269487209, 28.21302880222814], [-89.10389303181526, 28.21302880222814], [-89.10389303181526, 28.21284913917132], [-89.10371336875843, 28.21284913917132], [-89.10371336875843, 28.212669476114492], [-89.10353370570162, 28.212669476114492], [-89.10353370570162, 28.21248981305767], [-89.10281505347432, 28.21248981305767], [-89.10281505347432, 28.212310150000846], [-89.1026353904175, 28.212310150000846], [-89.1026353904175, 28.21248981305767], [-89.10012010762196, 28.21248981305767], [-89.10012010762196, 28.212310150000846], [-89.0995811184515, 28.212310150000846], [-89.0995811184515, 28.21213048694402], [-89.09940145539467, 28.21213048694402], [-89.09940145539467, 28.211950823887197], [-89.09922179233784, 28.211950823887197], [-89.09922179233784, 28.211771160830374], [-89.09886246622419, 28.211771160830374], [-89.09886246622419, 28.21159149777355], [-89.09868280316738, 28.21159149777355], [-89.09868280316738, 28.211411834716724], [-89.09832347705373, 28.211411834716724], [-89.09832347705373, 28.2112321716599], [-89.09778448788325, 28.2112321716599], [-89.09778448788325, 28.21105250860308], [-89.09688617259913, 28.21105250860308], [-89.09688617259913, 28.210872845546255], [-89.09616752037184, 28.210872845546255], [-89.09616752037184, 28.210513519432606], [-89.09598785731501, 28.210513519432606], [-89.09598785731501, 28.210333856375783], [-89.09580819425818, 28.210333856375783], [-89.09580819425818, 28.20979486720531], [-89.09562853120137, 28.20979486720531], [-89.09562853120137, 28.209076214978015], [-89.09544886814454, 28.209076214978015], [-89.09544886814454, 28.208896551921192], [-89.09526920508772, 28.208896551921192], [-89.09526920508772, 28.208716888864366], [-89.09508954203089, 28.208716888864366], [-89.09508954203089, 28.208537225807543], [-89.09365223757631, 28.208537225807543], [-89.09365223757631, 28.208716888864366], [-89.09311324840583, 28.208716888864366], [-89.09311324840583, 28.208537225807543], [-89.09257425923536, 28.208537225807543], [-89.09257425923536, 28.20835756275072], [-89.09221493312171, 28.20835756275072], [-89.09221493312171, 28.208177899693894], [-89.09167594395124, 28.208177899693894], [-89.09167594395124, 28.20799823663707], [-89.09131661783759, 28.20799823663707], [-89.09131661783759, 28.207818573580248], [-89.09113695478077, 28.207818573580248], [-89.09113695478077, 28.207638910523425], [-89.09095729172394, 28.207638910523425], [-89.09095729172394, 28.2074592474666], [-89.09077762866713, 28.2074592474666], [-89.09077762866713, 28.207279584409775], [-89.09041830255347, 28.207279584409775], [-89.09041830255347, 28.207099921352953], [-89.09023863949665, 28.207099921352953], [-89.09023863949665, 28.20692025829613], [-89.089879313383, 28.20692025829613], [-89.089879313383, 28.206740595239303], [-89.08969965032618, 28.206740595239303], [-89.08969965032618, 28.20656093218248], [-89.08951998726936, 28.20656093218248], [-89.08951998726936, 28.20620160606883], [-89.08934032421253, 28.20620160606883], [-89.08934032421253, 28.205842279955185], [-89.0891606611557, 28.205842279955185], [-89.0891606611557, 28.205662616898362], [-89.08898099809888, 28.205662616898362], [-89.08898099809888, 28.205482953841535], [-89.08880133504206, 28.205482953841535], [-89.08880133504206, 28.205303290784713], [-89.08844200892841, 28.205303290784713], [-89.08844200892841, 28.20512362772789], [-89.08826234587158, 28.20512362772789], [-89.08826234587158, 28.204943964671067], [-89.08808268281476, 28.204943964671067], [-89.08808268281476, 28.20476430161424], [-89.08790301975793, 28.20476430161424], [-89.08790301975793, 28.204584638557417], [-89.08772335670112, 28.204584638557417], [-89.08772335670112, 28.204404975500594], [-89.08754369364429, 28.204404975500594], [-89.08754369364429, 28.204225312443768], [-89.08736403058747, 28.204225312443768], [-89.08736403058747, 28.204045649386945], [-89.08700470447381, 28.204045649386945], [-89.08700470447381, 28.203865986330122], [-89.08664537836017, 28.203865986330122], [-89.08664537836017, 28.2036863232733], [-89.08646571530335, 28.2036863232733], [-89.08646571530335, 28.203506660216473], [-89.08628605224652, 28.203506660216473], [-89.08628605224652, 28.20332699715965], [-89.0853877369624, 28.20332699715965], [-89.0853877369624, 28.203865986330122], [-89.08520807390558, 28.203865986330122], [-89.08520807390558, 28.204584638557417], [-89.0853877369624, 28.204584638557417], [-89.0853877369624, 28.204943964671067], [-89.08556740001923, 28.204943964671067], [-89.08556740001923, 28.20512362772789], [-89.08592672613287, 28.20512362772789], [-89.08592672613287, 28.205303290784713], [-89.0861063891897, 28.205303290784713], [-89.0861063891897, 28.205482953841535], [-89.08628605224652, 28.205482953841535], [-89.08628605224652, 28.205662616898362], [-89.08646571530335, 28.205662616898362], [-89.08646571530335, 28.20620160606883], [-89.08664537836017, 28.20620160606883], [-89.08664537836017, 28.206740595239303], [-89.086825041417, 28.206740595239303], [-89.086825041417, 28.207099921352953], [-89.08700470447381, 28.207099921352953], [-89.08700470447381, 28.2074592474666], [-89.08718436753064, 28.2074592474666], [-89.08718436753064, 28.207638910523425], [-89.08736403058747, 28.207638910523425], [-89.08736403058747, 28.207818573580248], [-89.08754369364429, 28.207818573580248], [-89.08754369364429, 28.20799823663707], [-89.08772335670112, 28.20799823663707], [-89.08772335670112, 28.20835756275072], [-89.08790301975793, 28.20835756275072], [-89.08790301975793, 28.208537225807543], [-89.08808268281476, 28.208537225807543], [-89.08808268281476, 28.208716888864366], [-89.08826234587158, 28.208716888864366], [-89.08826234587158, 28.208896551921192], [-89.08844200892841, 28.208896551921192], [-89.08844200892841, 28.209076214978015], [-89.08862167198524, 28.209076214978015], [-89.08862167198524, 28.20925587803484], [-89.08880133504206, 28.20925587803484], [-89.08880133504206, 28.20943554109166], [-89.08898099809888, 28.20943554109166], [-89.08898099809888, 28.209615204148488], [-89.0891606611557, 28.209615204148488], [-89.0891606611557, 28.20979486720531], [-89.08934032421253, 28.20979486720531], [-89.08934032421253, 28.210154193318957], [-89.08951998726936, 28.210154193318957], [-89.08951998726936, 28.210333856375783], [-89.08969965032618, 28.210333856375783], [-89.08969965032618, 28.210513519432606], [-89.089879313383, 28.210513519432606], [-89.089879313383, 28.21069318248943], [-89.09005897643982, 28.21069318248943], [-89.09005897643982, 28.210872845546255], [-89.09023863949665, 28.210872845546255], [-89.09023863949665, 28.21105250860308], [-89.0905979656103, 28.21105250860308], [-89.0905979656103, 28.2112321716599], [-89.09077762866713, 28.2112321716599], [-89.09077762866713, 28.211411834716724], [-89.09095729172394, 28.211411834716724], [-89.09095729172394, 28.21159149777355], [-89.09113695478077, 28.21159149777355], [-89.09113695478077, 28.211771160830374], [-89.09131661783759, 28.211771160830374], [-89.09131661783759, 28.211950823887197], [-89.09149628089442, 28.211950823887197], [-89.09149628089442, 28.21213048694402], [-89.09167594395124, 28.21213048694402], [-89.09167594395124, 28.212310150000846], [-89.09185560700806, 28.212310150000846], [-89.09185560700806, 28.21248981305767], [-89.09221493312171, 28.21248981305767], [-89.09221493312171, 28.212669476114492], [-89.09239459617854, 28.212669476114492], [-89.09239459617854, 28.21284913917132], [-89.09257425923536, 28.21284913917132], [-89.09257425923536, 28.21302880222814], [-89.09275392229219, 28.21302880222814], [-89.09275392229219, 28.213208465284964], [-89.09311324840583, 28.213208465284964], [-89.09311324840583, 28.213388128341787], [-89.09329291146265, 28.213388128341787], [-89.09329291146265, 28.213567791398614], [-89.09347257451948, 28.213567791398614], [-89.09347257451948, 28.213747454455437], [-89.09383190063312, 28.213747454455437], [-89.09383190063312, 28.21392711751226], [-89.09419122674677, 28.21392711751226], [-89.09419122674677, 28.214106780569082], [-89.09455055286043, 28.214106780569082], [-89.09455055286043, 28.21428644362591], [-89.09490987897406, 28.21428644362591], [-89.09490987897406, 28.214466106682732], [-89.09508954203089, 28.214466106682732], [-89.09508954203089, 28.214645769739555], [-89.09544886814454, 28.214645769739555], [-89.09544886814454, 28.21482543279638], [-89.09562853120137, 28.21482543279638], [-89.09562853120137, 28.215005095853204], [-89.09598785731501, 28.215005095853204], [-89.09598785731501, 28.215184758910027], [-89.09634718342866, 28.215184758910027], [-89.09634718342866, 28.21536442196685], [-89.09652684648549, 28.21536442196685], [-89.09652684648549, 28.215544085023677], [-89.09670650954232, 28.215544085023677], [-89.09670650954232, 28.2157237480805], [-89.09688617259913, 28.2157237480805], [-89.09688617259913, 28.215903411137322], [-89.09706583565595, 28.215903411137322], [-89.09706583565595, 28.216262737250972], [-89.09724549871278, 28.216262737250972], [-89.09724549871278, 28.216622063364618], [-89.09760482482643, 28.216622063364618], [-89.09760482482643, 28.216801726421444], [-89.09796415094007, 28.216801726421444], [-89.09796415094007, 28.216981389478267], [-89.09868280316738, 28.216981389478267], [-89.09868280316738, 28.21716105253509], [-89.09922179233784, 28.21716105253509], [-89.09922179233784, 28.217340715591913], [-89.0995811184515, 28.217340715591913], [-89.0995811184515, 28.21752037864874], [-89.09994044456514, 28.21752037864874], [-89.09994044456514, 28.217700041705562], [-89.10012010762196, 28.217700041705562], [-89.10012010762196, 28.217879704762385], [-89.10047943373561, 28.217879704762385], [-89.10047943373561, 28.218059367819208], [-89.10083875984925, 28.218059367819208], [-89.10083875984925, 28.218239030876035], [-89.1011980859629, 28.218239030876035], [-89.1011980859629, 28.218418693932858], [-89.10209640124702, 28.218418693932858], [-89.10209640124702, 28.21859835698968], [-89.1026353904175, 28.21859835698968], [-89.1026353904175, 28.218778020046507], [-89.10299471653114, 28.218778020046507], [-89.10299471653114, 28.21895768310333], [-89.1033540426448, 28.21895768310333], [-89.1033540426448, 28.219137346160153], [-89.10371336875843, 28.219137346160153], [-89.10371336875843, 28.219317009216976], [-89.10425235792891, 28.219317009216976], [-89.10425235792891, 28.219496672273802], [-89.10479134709938, 28.219496672273802], [-89.10479134709938, 28.219676335330625], [-89.1056896623835, 28.219676335330625], [-89.1056896623835, 28.219855998387448], [-89.10604898849715, 28.219855998387448], [-89.10604898849715, 28.220035661444275], [-89.1064083146108, 28.220035661444275], [-89.1064083146108, 28.220215324501098], [-89.10658797766763, 28.220215324501098], [-89.10658797766763, 28.22039498755792], [-89.10676764072444, 28.22039498755792], [-89.10676764072444, 28.220574650614743], [-89.10694730378127, 28.220574650614743], [-89.10694730378127, 28.22075431367157], [-89.10730662989492, 28.22075431367157], [-89.10730662989492, 28.220933976728393], [-89.10784561906539, 28.220933976728393], [-89.10784561906539, 28.221113639785216], [-89.11000157574728, 28.221113639785216], [-89.11000157574728, 28.22129330284204], [-89.11072022797457, 28.22129330284204], [-89.11072022797457, 28.221472965898865], [-89.11125921714505, 28.221472965898865], [-89.11125921714505, 28.221652628955688], [-89.11179820631551, 28.221652628955688], [-89.11179820631551, 28.22183229201251], [-89.11287618465646, 28.22183229201251], [-89.11287618465646, 28.221652628955688], [-89.11575079356564, 28.221652628955688], [-89.11575079356564, 28.22183229201251], [-89.11646944579294, 28.22183229201251], [-89.11646944579294, 28.222011955069338], [-89.11682877190658, 28.222011955069338], [-89.11682877190658, 28.22219161812616], [-89.11700843496341, 28.22219161812616], [-89.11700843496341, 28.222371281182983], [-89.11988304387259, 28.222371281182983]]]}, "properties": {"candidate_id": "E007-C2", "component_id": 2, "area_m2": 2081677.366691962, "perimeter_m": 13526.361149340308, "centroid_lon": -89.10570710900227, "centroid_lat": 28.215773744513207, "major_axis_m": 4773.004318025199, "minor_axis_m": 979.2288658332636, "width_proxy_m": 436.13565544672355, "orientation_deg_from_north": 113.22341449300083, "elongation": 4.874247976711414, "compactness_polsby_popper": 0.1429754021631974, "prob_mean": 0.9642849240587791, "prob_max": 1.0, "n_px_image_space": 5928, "bbox_west": -89.1297645119979, "bbox_south": 28.20332699715965, "bbox_east": -89.08520807390558, "bbox_north": 28.222371281182983}}, {"type": "Feature", "geometry": {"type": "Polygon", "coordinates": [[[-89.143957893487, 28.221113639785216], [-89.143957893487, 28.220933976728393], [-89.14413755654382, 28.220933976728393], [-89.14413755654382, 28.22039498755792], [-89.143957893487, 28.22039498755792], [-89.143957893487, 28.220215324501098], [-89.14377823043017, 28.220215324501098], [-89.14377823043017, 28.220035661444275], [-89.1432392412597, 28.220035661444275], [-89.1432392412597, 28.220215324501098], [-89.14305957820288, 28.220215324501098], [-89.14305957820288, 28.220933976728393], [-89.14341890431652, 28.220933976728393], [-89.14341890431652, 28.221113639785216], [-89.143957893487, 28.221113639785216]]]}, "properties": {"candidate_id": "E007-C3", "component_id": 3, "area_m2": 10183.189399428666, "perimeter_m": 450.5601359002755, "centroid_lon": -89.14358307895694, "centroid_lat": 28.220583943249537, "major_axis_m": 119.4618392461856, "minor_axis_m": 105.81954110943477, "width_proxy_m": 85.24219502801446, "orientation_deg_from_north": 0.0002703630394300799, "elongation": 1.128920405378081, "compactness_polsby_popper": 0.6303592892425892, "prob_mean": 0.6920536633195549, "prob_max": 0.7909157276153564, "n_px_image_space": 29, "bbox_west": -89.14413755654382, "bbox_south": 28.220035661444275, "bbox_east": -89.14305957820288, "bbox_north": 28.221113639785216}}, {"type": "Feature", "geometry": {"type": "Polygon", "coordinates": [[[-89.15635464440784, 28.219676335330625], [-89.15635464440784, 28.219496672273802], [-89.15761228580561, 28.219496672273802], [-89.15761228580561, 28.219317009216976], [-89.15779194886244, 28.219317009216976], [-89.15779194886244, 28.218239030876035], [-89.15761228580561, 28.218239030876035], [-89.15761228580561, 28.217879704762385], [-89.15743262274879, 28.217879704762385], [-89.15743262274879, 28.21752037864874], [-89.15725295969196, 28.21752037864874], [-89.15725295969196, 28.21716105253509], [-89.15707329663515, 28.21716105253509], [-89.15707329663515, 28.216981389478267], [-89.15689363357832, 28.216981389478267], [-89.15689363357832, 28.216801726421444], [-89.15653430746467, 28.216801726421444], [-89.15653430746467, 28.216622063364618], [-89.15635464440784, 28.216622063364618], [-89.15635464440784, 28.216442400307795], [-89.15617498135101, 28.216442400307795], [-89.15617498135101, 28.216262737250972], [-89.1559953182942, 28.216262737250972], [-89.1559953182942, 28.216083074194145], [-89.15581565523738, 28.216083074194145], [-89.15581565523738, 28.2157237480805], [-89.15563599218055, 28.2157237480805], [-89.15563599218055, 28.215544085023677], [-89.15545632912372, 28.215544085023677], [-89.15545632912372, 28.21536442196685], [-89.1552766660669, 28.21536442196685], [-89.1552766660669, 28.215184758910027], [-89.15491733995326, 28.215184758910027], [-89.15491733995326, 28.215005095853204], [-89.15473767689643, 28.215005095853204], [-89.15473767689643, 28.21482543279638], [-89.1545580138396, 28.21482543279638], [-89.1545580138396, 28.214466106682732], [-89.15437835078278, 28.214466106682732], [-89.15437835078278, 28.21428644362591], [-89.15419868772595, 28.21428644362591], [-89.15419868772595, 28.214106780569082], [-89.15401902466914, 28.214106780569082], [-89.15401902466914, 28.21392711751226], [-89.15383936161231, 28.21392711751226], [-89.15383936161231, 28.213747454455437], [-89.15365969855549, 28.213747454455437], [-89.15365969855549, 28.213567791398614], [-89.15348003549866, 28.213567791398614], [-89.15348003549866, 28.213388128341787], [-89.15330037244183, 28.213388128341787], [-89.15330037244183, 28.213208465284964], [-89.15312070938502, 28.213208465284964], [-89.15312070938502, 28.21302880222814], [-89.1529410463282, 28.21302880222814], [-89.1529410463282, 28.21284913917132], [-89.15276138327137, 28.21284913917132], [-89.15276138327137, 28.212669476114492], [-89.15258172021454, 28.212669476114492], [-89.15258172021454, 28.21248981305767], [-89.15240205715772, 28.21248981305767], [-89.15240205715772, 28.212310150000846], [-89.15222239410089, 28.212310150000846], [-89.15222239410089, 28.21213048694402], [-89.15204273104408, 28.21213048694402], [-89.15204273104408, 28.211950823887197], [-89.15186306798725, 28.211950823887197], [-89.15186306798725, 28.21159149777355], [-89.15168340493042, 28.21159149777355], [-89.15168340493042, 28.211411834716724], [-89.1515037418736, 28.211411834716724], [-89.1515037418736, 28.2112321716599], [-89.15132407881677, 28.2112321716599], [-89.15132407881677, 28.21105250860308], [-89.15114441575996, 28.21105250860308], [-89.15114441575996, 28.210872845546255], [-89.1507850896463, 28.210872845546255], [-89.1507850896463, 28.21069318248943], [-89.15060542658948, 28.21069318248943], [-89.15060542658948, 28.210333856375783], [-89.15042576353265, 28.210333856375783], [-89.15042576353265, 28.210154193318957], [-89.15024610047583, 28.210154193318957], [-89.15024610047583, 28.209974530262134], [-89.15006643741901, 28.209974530262134], [-89.15006643741901, 28.209615204148488], [-89.14988677436219, 28.209615204148488], [-89.14988677436219, 28.20925587803484], [-89.14970711130536, 28.20925587803484], [-89.14970711130536, 28.209076214978015], [-89.14952744824853, 28.209076214978015], [-89.14952744824853, 28.208896551921192], [-89.14934778519171, 28.208896551921192], [-89.14934778519171, 28.208716888864366], [-89.1491681221349, 28.208716888864366], [-89.1491681221349, 28.208537225807543], [-89.14898845907807, 28.208537225807543], [-89.14898845907807, 28.20835756275072], [-89.14880879602124, 28.20835756275072], [-89.14880879602124, 28.208177899693894], [-89.14862913296442, 28.208177899693894], [-89.14862913296442, 28.20799823663707], [-89.14826980685076, 28.20799823663707], [-89.14826980685076, 28.207818573580248], [-89.14809014379395, 28.207818573580248], [-89.14809014379395, 28.207638910523425], [-89.14791048073712, 28.207638910523425], [-89.14791048073712, 28.2074592474666], [-89.1477308176803, 28.2074592474666], [-89.1477308176803, 28.207279584409775], [-89.14737149156664, 28.207279584409775], [-89.14737149156664, 28.20692025829613], [-89.14719182850983, 28.20692025829613], [-89.14719182850983, 28.206740595239303], [-89.147012165453, 28.206740595239303], [-89.147012165453, 28.20656093218248], [-89.14683250239618, 28.20656093218248], [-89.14683250239618, 28.206381269125657], [-89.14665283933935, 28.206381269125657], [-89.14665283933935, 28.20620160606883], [-89.14647317628253, 28.20620160606883], [-89.14647317628253, 28.206021943012008], [-89.1462935132257, 28.206021943012008], [-89.1462935132257, 28.205842279955185], [-89.14611385016889, 28.205842279955185], [-89.14611385016889, 28.205662616898362], [-89.14593418711206, 28.205662616898362], [-89.14593418711206, 28.205482953841535], [-89.14575452405523, 28.205482953841535], [-89.14575452405523, 28.205303290784713], [-89.14557486099841, 28.205303290784713], [-89.14557486099841, 28.20512362772789], [-89.14539519794158, 28.20512362772789], [-89.14539519794158, 28.20476430161424], [-89.14521553488477, 28.20476430161424], [-89.14521553488477, 28.204584638557417], [-89.14503587182794, 28.204584638557417], [-89.14503587182794, 28.204045649386945], [-89.14485620877112, 28.204045649386945], [-89.14485620877112, 28.203506660216473], [-89.14467654571429, 28.203506660216473], [-89.14467654571429, 28.202967671046004], [-89.14449688265746, 28.202967671046004], [-89.14449688265746, 28.202608344932354], [-89.14431721960064, 28.202608344932354], [-89.14431721960064, 28.202249018818705], [-89.14413755654382, 28.202249018818705], [-89.14413755654382, 28.20188969270506], [-89.143957893487, 28.20188969270506], [-89.143957893487, 28.20153036659141], [-89.14377823043017, 28.20153036659141], [-89.14377823043017, 28.201171040477764], [-89.14359856737335, 28.201171040477764], [-89.14359856737335, 28.20099137742094], [-89.14341890431652, 28.20099137742094], [-89.14341890431652, 28.200811714364114], [-89.1432392412597, 28.200811714364114], [-89.1432392412597, 28.20045238825047], [-89.14305957820288, 28.20045238825047], [-89.14305957820288, 28.20009306213682], [-89.14287991514605, 28.20009306213682], [-89.14287991514605, 28.199733736023173], [-89.14270025208923, 28.199733736023173], [-89.14270025208923, 28.199374409909524], [-89.1425205890324, 28.199374409909524], [-89.1425205890324, 28.1991947468527], [-89.14234092597557, 28.1991947468527], [-89.14234092597557, 28.19883542073905], [-89.14216126291876, 28.19883542073905], [-89.14216126291876, 28.19865575768223], [-89.14198159986194, 28.19865575768223], [-89.14198159986194, 28.198476094625406], [-89.14180193680511, 28.198476094625406], [-89.14180193680511, 28.19829643156858], [-89.14162227374828, 28.19829643156858], [-89.14162227374828, 28.198116768511756], [-89.14144261069146, 28.198116768511756], [-89.14144261069146, 28.19775744239811], [-89.14126294763464, 28.19775744239811], [-89.14126294763464, 28.197577779341284], [-89.14108328457782, 28.197577779341284], [-89.14108328457782, 28.197218453227638], [-89.14090362152099, 28.197218453227638], [-89.14090362152099, 28.19703879017081], [-89.14072395846416, 28.19703879017081], [-89.14072395846416, 28.19685912711399], [-89.14054429540734, 28.19685912711399], [-89.14054429540734, 28.196679464057166], [-89.14036463235051, 28.196679464057166], [-89.14036463235051, 28.196499801000343], [-89.1401849692937, 28.196499801000343], [-89.1401849692937, 28.196320137943516], [-89.14000530623687, 28.196320137943516], [-89.14000530623687, 28.196140474886693], [-89.13982564318005, 28.196140474886693], [-89.13982564318005, 28.195781148773047], [-89.13964598012322, 28.195781148773047], [-89.13964598012322, 28.19560148571622], [-89.1394663170664, 28.19560148571622], [-89.1394663170664, 28.195242159602575], [-89.13928665400958, 28.195242159602575], [-89.13928665400958, 28.194882833488926], [-89.13910699095275, 28.194882833488926], [-89.13910699095275, 28.19452350737528], [-89.13892732789593, 28.19452350737528], [-89.13892732789593, 28.194343844318453], [-89.1387476648391, 28.194343844318453], [-89.1387476648391, 28.193984518204807], [-89.13856800178228, 28.193984518204807], [-89.13856800178228, 28.193625192091158], [-89.13838833872545, 28.193625192091158], [-89.13838833872545, 28.193265865977512], [-89.13820867566864, 28.193265865977512], [-89.13820867566864, 28.19272687680704], [-89.13802901261181, 28.19272687680704], [-89.13802901261181, 28.191469235409272], [-89.13784934955498, 28.191469235409272], [-89.13784934955498, 28.191109909295623], [-89.13802901261181, 28.191109909295623], [-89.13802901261181, 28.190391257068327], [-89.13784934955498, 28.190391257068327], [-89.13784934955498, 28.189672604841032], [-89.13766968649816, 28.189672604841032], [-89.13766968649816, 28.18859462650009], [-89.13784934955498, 28.18859462650009], [-89.13784934955498, 28.18805563732962], [-89.13802901261181, 28.18805563732962], [-89.13802901261181, 28.187875974272796], [-89.13820867566864, 28.187875974272796], [-89.13820867566864, 28.187516648159146], [-89.13838833872545, 28.187516648159146], [-89.13838833872545, 28.187336985102323], [-89.13856800178228, 28.187336985102323], [-89.13856800178228, 28.187157322045497], [-89.1387476648391, 28.187157322045497], [-89.1387476648391, 28.186977658988674], [-89.13892732789593, 28.186977658988674], [-89.13892732789593, 28.18679799593185], [-89.13910699095275, 28.18679799593185], [-89.13910699095275, 28.186618332875028], [-89.1394663170664, 28.186618332875028], [-89.1394663170664, 28.1864386698182], [-89.13982564318005, 28.1864386698182], [-89.13982564318005, 28.18625900676138], [-89.14000530623687, 28.18625900676138], [-89.14000530623687, 28.186079343704556], [-89.1401849692937, 28.186079343704556], [-89.1401849692937, 28.185720017590906], [-89.14036463235051, 28.185720017590906], [-89.14036463235051, 28.18500136536361], [-89.1401849692937, 28.18500136536361], [-89.1401849692937, 28.184282713136316], [-89.14036463235051, 28.184282713136316], [-89.14036463235051, 28.18356406090902], [-89.14054429540734, 28.18356406090902], [-89.14054429540734, 28.182665745624902], [-89.14072395846416, 28.182665745624902], [-89.14072395846416, 28.181048778113485], [-89.14054429540734, 28.181048778113485], [-89.14054429540734, 28.18068945199984], [-89.14036463235051, 28.18068945199984], [-89.14036463235051, 28.18033012588619], [-89.1401849692937, 28.18033012588619], [-89.1401849692937, 28.17997079977254], [-89.14000530623687, 28.17997079977254], [-89.14000530623687, 28.179431810602072], [-89.13982564318005, 28.179431810602072], [-89.13982564318005, 28.1788928214316], [-89.13964598012322, 28.1788928214316], [-89.13964598012322, 28.178713158374777], [-89.1394663170664, 28.178713158374777], [-89.1394663170664, 28.178353832261127], [-89.13928665400958, 28.178353832261127], [-89.13928665400958, 28.178174169204304], [-89.13910699095275, 28.178174169204304], [-89.13910699095275, 28.177994506147478], [-89.13892732789593, 28.177994506147478], [-89.13892732789593, 28.177814843090655], [-89.1387476648391, 28.177814843090655], [-89.1387476648391, 28.177635180033832], [-89.13856800178228, 28.177635180033832], [-89.13856800178228, 28.17745551697701], [-89.13838833872545, 28.17745551697701], [-89.13838833872545, 28.177275853920182], [-89.13820867566864, 28.177275853920182], [-89.13820867566864, 28.17709619086336], [-89.13802901261181, 28.17709619086336], [-89.13802901261181, 28.176736864749714], [-89.13784934955498, 28.176736864749714], [-89.13784934955498, 28.176557201692887], [-89.13766968649816, 28.176557201692887], [-89.13766968649816, 28.176377538636064], [-89.13749002344133, 28.176377538636064], [-89.13749002344133, 28.17619787557924], [-89.13731036038452, 28.17619787557924], [-89.13731036038452, 28.176018212522415], [-89.13713069732769, 28.176018212522415], [-89.13713069732769, 28.17565888640877], [-89.13695103427087, 28.17565888640877], [-89.13695103427087, 28.175479223351946], [-89.13677137121404, 28.175479223351946], [-89.13677137121404, 28.17529956029512], [-89.13659170815721, 28.17529956029512], [-89.13659170815721, 28.175119897238297], [-89.13641204510039, 28.175119897238297], [-89.13641204510039, 28.174940234181474], [-89.13623238204357, 28.174940234181474], [-89.13623238204357, 28.17476057112465], [-89.13605271898675, 28.17476057112465], [-89.13605271898675, 28.174580908067824], [-89.13587305592992, 28.174580908067824], [-89.13587305592992, 28.17422158195418], [-89.1356933928731, 28.17422158195418], [-89.1356933928731, 28.174041918897352], [-89.13551372981627, 28.174041918897352], [-89.13551372981627, 28.173682592783706], [-89.13533406675946, 28.173682592783706], [-89.13533406675946, 28.173502929726883], [-89.13515440370263, 28.173502929726883], [-89.13515440370263, 28.173323266670057], [-89.1349747406458, 28.173323266670057], [-89.1349747406458, 28.173143603613234], [-89.13479507758898, 28.173143603613234], [-89.13479507758898, 28.17296394055641], [-89.13461541453215, 28.17296394055641], [-89.13461541453215, 28.172784277499588], [-89.13443575147532, 28.172784277499588], [-89.13443575147532, 28.17260461444276], [-89.13425608841851, 28.17260461444276], [-89.13425608841851, 28.17242495138594], [-89.13407642536168, 28.17242495138594], [-89.13407642536168, 28.17206562527229], [-89.13389676230486, 28.17206562527229], [-89.13389676230486, 28.171885962215466], [-89.13371709924803, 28.171885962215466], [-89.13371709924803, 28.171706299158643], [-89.1335374361912, 28.171706299158643], [-89.1335374361912, 28.171346973044994], [-89.13335777313439, 28.171346973044994], [-89.13335777313439, 28.17116730998817], [-89.13317811007757, 28.17116730998817], [-89.13317811007757, 28.170987646931348], [-89.13299844702074, 28.170987646931348], [-89.13299844702074, 28.170807983874525], [-89.13281878396391, 28.170807983874525], [-89.13281878396391, 28.1706283208177], [-89.13263912090709, 28.1706283208177], [-89.13263912090709, 28.170448657760875], [-89.13245945785026, 28.170448657760875], [-89.13245945785026, 28.170268994704053], [-89.13227979479345, 28.170268994704053], [-89.13227979479345, 28.170089331647226], [-89.1319204686798, 28.170089331647226], [-89.1319204686798, 28.169909668590403], [-89.13174080562297, 28.169909668590403], [-89.13174080562297, 28.16973000553358], [-89.13156114256614, 28.16973000553358], [-89.13156114256614, 28.169550342476757], [-89.13138147950933, 28.169550342476757], [-89.13138147950933, 28.16937067941993], [-89.1312018164525, 28.16937067941993], [-89.1312018164525, 28.169011353306285], [-89.13102215339568, 28.169011353306285], [-89.13102215339568, 28.168652027192636], [-89.13084249033885, 28.168652027192636], [-89.13084249033885, 28.16829270107899], [-89.13066282728202, 28.16829270107899], [-89.13066282728202, 28.168113038022163], [-89.1304831642252, 28.168113038022163], [-89.1304831642252, 28.167753711908517], [-89.13030350116838, 28.167753711908517], [-89.13030350116838, 28.167574048851694], [-89.13012383811156, 28.167574048851694], [-89.13012383811156, 28.167394385794868], [-89.12994417505473, 28.167394385794868], [-89.12994417505473, 28.167035059681222], [-89.1297645119979, 28.167035059681222], [-89.1297645119979, 28.1668553966244], [-89.12958484894108, 28.1668553966244], [-89.12958484894108, 28.16649607051075], [-89.12922552282744, 28.16649607051075], [-89.12922552282744, 28.166316407453927], [-89.12904585977061, 28.166316407453927], [-89.12904585977061, 28.1661367443971], [-89.12886619671379, 28.1661367443971], [-89.12886619671379, 28.165957081340277], [-89.12868653365696, 28.165957081340277], [-89.12868653365696, 28.165777418283454], [-89.12850687060013, 28.165777418283454], [-89.12850687060013, 28.165418092169805], [-89.12832720754332, 28.165418092169805], [-89.12832720754332, 28.165238429112982], [-89.1281475444865, 28.165238429112982], [-89.1281475444865, 28.16505876605616], [-89.12796788142967, 28.16505876605616], [-89.12796788142967, 28.16469943994251], [-89.12778821837284, 28.16469943994251], [-89.12778821837284, 28.164519776885687], [-89.12760855531602, 28.164519776885687], [-89.12760855531602, 28.164160450772037], [-89.1274288922592, 28.164160450772037], [-89.1274288922592, 28.163980787715214], [-89.12724922920238, 28.163980787715214], [-89.12724922920238, 28.16362146160157], [-89.12706956614555, 28.16362146160157], [-89.12706956614555, 28.16326213548792], [-89.12688990308872, 28.16326213548792], [-89.12688990308872, 28.162723146317447], [-89.1267102400319, 28.162723146317447], [-89.1267102400319, 28.1623638202038], [-89.12653057697507, 28.1623638202038], [-89.12653057697507, 28.16200449409015], [-89.12635091391826, 28.16200449409015], [-89.12635091391826, 28.16182483103333], [-89.12617125086143, 28.16182483103333], [-89.12617125086143, 28.16146550491968], [-89.1259915878046, 28.16146550491968], [-89.1259915878046, 28.161106178806033], [-89.12581192474778, 28.161106178806033], [-89.12581192474778, 28.16056718963556], [-89.12563226169095, 28.16056718963556], [-89.12563226169095, 28.16020786352191], [-89.12545259863414, 28.16020786352191], [-89.12545259863414, 28.159848537408266], [-89.12527293557731, 28.159848537408266], [-89.12527293557731, 28.159668874351443], [-89.12509327252049, 28.159668874351443], [-89.12509327252049, 28.159489211294616], [-89.12491360946366, 28.159489211294616], [-89.12491360946366, 28.15912988518097], [-89.12473394640683, 28.15912988518097], [-89.12473394640683, 28.158950222124144], [-89.12455428335001, 28.158950222124144], [-89.12455428335001, 28.15877055906732], [-89.1243746202932, 28.15877055906732], [-89.1243746202932, 28.158590896010498], [-89.12419495723637, 28.158590896010498], [-89.12419495723637, 28.158411232953675], [-89.12401529417954, 28.158411232953675], [-89.12401529417954, 28.158051906840026], [-89.12383563112272, 28.158051906840026], [-89.12383563112272, 28.15769258072638], [-89.12365596806589, 28.15769258072638], [-89.12365596806589, 28.157512917669553], [-89.12347630500908, 28.157512917669553], [-89.12347630500908, 28.15697392849908], [-89.12329664195225, 28.15697392849908], [-89.12329664195225, 28.156794265442258], [-89.12311697889542, 28.156794265442258], [-89.12311697889542, 28.156434939328612], [-89.1229373158386, 28.156434939328612], [-89.1229373158386, 28.156255276271786], [-89.12275765278177, 28.156255276271786], [-89.12275765278177, 28.156075613214963], [-89.12257798972495, 28.156075613214963], [-89.12257798972495, 28.15589595015814], [-89.1222186636113, 28.15589595015814], [-89.1222186636113, 28.155716287101317], [-89.12185933749765, 28.155716287101317], [-89.12185933749765, 28.15553662404449], [-89.12167967444083, 28.15553662404449], [-89.12167967444083, 28.155356960987667], [-89.12150001138401, 28.155356960987667], [-89.12150001138401, 28.155177297930845], [-89.12132034832719, 28.155177297930845], [-89.12132034832719, 28.154997634874018], [-89.12114068527036, 28.154997634874018], [-89.12114068527036, 28.154817971817195], [-89.12096102221354, 28.154817971817195], [-89.12096102221354, 28.15445864570355], [-89.12078135915671, 28.15445864570355], [-89.12078135915671, 28.154278982646723], [-89.12060169609988, 28.154278982646723], [-89.12060169609988, 28.1540993195899], [-89.12042203304307, 28.1540993195899], [-89.12042203304307, 28.153919656533077], [-89.12024236998624, 28.153919656533077], [-89.12024236998624, 28.153739993476254], [-89.12006270692942, 28.153739993476254], [-89.12006270692942, 28.153560330419428], [-89.11952371775895, 28.153560330419428], [-89.11952371775895, 28.153380667362605], [-89.1191643916453, 28.153380667362605], [-89.1191643916453, 28.15320100430578], [-89.11880506553165, 28.15320100430578], [-89.11880506553165, 28.153021341248955], [-89.11844573941801, 28.153021341248955], [-89.11844573941801, 28.152841678192132], [-89.11826607636118, 28.152841678192132], [-89.11826607636118, 28.15266201513531], [-89.11790675024753, 28.15266201513531], [-89.11790675024753, 28.152482352078486], [-89.1177270871907, 28.152482352078486], [-89.1177270871907, 28.15230268902166], [-89.11718809802024, 28.15230268902166], [-89.11718809802024, 28.152123025964837], [-89.115391467452, 28.152123025964837], [-89.115391467452, 28.15230268902166], [-89.11503214133835, 28.15230268902166], [-89.11503214133835, 28.152482352078486], [-89.11485247828152, 28.152482352078486], [-89.11485247828152, 28.15266201513531], [-89.1146728152247, 28.15266201513531], [-89.1146728152247, 28.153021341248955], [-89.11449315216788, 28.153021341248955], [-89.11449315216788, 28.15445864570355], [-89.1146728152247, 28.15445864570355], [-89.1146728152247, 28.15589595015814], [-89.11449315216788, 28.15589595015814], [-89.11449315216788, 28.156075613214963], [-89.11431348911105, 28.156075613214963], [-89.11431348911105, 28.156255276271786], [-89.11377449994058, 28.156255276271786], [-89.11377449994058, 28.156434939328612], [-89.11323551077011, 28.156434939328612], [-89.11323551077011, 28.156255276271786], [-89.11287618465646, 28.156255276271786], [-89.11287618465646, 28.156075613214963], [-89.11269652159963, 28.156075613214963], [-89.11269652159963, 28.155356960987667], [-89.11251685854282, 28.155356960987667], [-89.11251685854282, 28.154638308760372], [-89.11233719548599, 28.154638308760372], [-89.11233719548599, 28.154278982646723], [-89.11215753242917, 28.154278982646723], [-89.11215753242917, 28.1540993195899], [-89.11125921714505, 28.1540993195899], [-89.11125921714505, 28.154278982646723], [-89.11107955408822, 28.154278982646723], [-89.11107955408822, 28.15445864570355], [-89.11072022797457, 28.15445864570355], [-89.11072022797457, 28.154638308760372], [-89.1101812388041, 28.154638308760372], [-89.1101812388041, 28.154817971817195], [-89.1087439343495, 28.154817971817195], [-89.1087439343495, 28.154997634874018], [-89.10820494517904, 28.154997634874018], [-89.10820494517904, 28.155177297930845], [-89.10802528212221, 28.155177297930845], [-89.10802528212221, 28.155356960987667], [-89.10766595600856, 28.155356960987667], [-89.10766595600856, 28.15553662404449], [-89.10730662989492, 28.15553662404449], [-89.10730662989492, 28.155716287101317], [-89.10658797766763, 28.155716287101317], [-89.10658797766763, 28.15589595015814], [-89.10586932544032, 28.15589595015814], [-89.10586932544032, 28.156075613214963], [-89.10550999932669, 28.156075613214963], [-89.10550999932669, 28.156255276271786], [-89.10533033626986, 28.156255276271786], [-89.10533033626986, 28.156434939328612], [-89.10515067321303, 28.156434939328612], [-89.10515067321303, 28.15769258072638], [-89.10533033626986, 28.15769258072638], [-89.10533033626986, 28.159309548237793], [-89.10515067321303, 28.159309548237793], [-89.10515067321303, 28.159668874351443], [-89.1049710101562, 28.159668874351443], [-89.1049710101562, 28.16002820046509], [-89.10461168404257, 28.16002820046509], [-89.10461168404257, 28.159848537408266], [-89.10425235792891, 28.159848537408266], [-89.10425235792891, 28.159668874351443], [-89.10407269487209, 28.159668874351443], [-89.10407269487209, 28.159489211294616], [-89.10371336875843, 28.159489211294616], [-89.10371336875843, 28.159309548237793], [-89.1026353904175, 28.159309548237793], [-89.1026353904175, 28.159489211294616], [-89.10227606430385, 28.159489211294616], [-89.10227606430385, 28.159668874351443], [-89.10209640124702, 28.159668874351443], [-89.10209640124702, 28.159848537408266], [-89.10173707513337, 28.159848537408266], [-89.10173707513337, 28.16002820046509], [-89.1011980859629, 28.16002820046509], [-89.1011980859629, 28.159848537408266], [-89.10083875984925, 28.159848537408266], [-89.10083875984925, 28.159668874351443], [-89.10047943373561, 28.159668874351443], [-89.10047943373561, 28.159489211294616], [-89.10012010762196, 28.159489211294616], [-89.10012010762196, 28.159309548237793], [-89.0995811184515, 28.159309548237793], [-89.0995811184515, 28.15912988518097], [-89.09850314011055, 28.15912988518097], [-89.09850314011055, 28.159309548237793], [-89.0981438139969, 28.159309548237793], [-89.0981438139969, 28.159489211294616], [-89.09796415094007, 28.159489211294616], [-89.09796415094007, 28.160387526578738], [-89.0981438139969, 28.160387526578738], [-89.0981438139969, 28.16056718963556], [-89.09832347705373, 28.16056718963556], [-89.09832347705373, 28.160746852692384], [-89.09886246622419, 28.160746852692384], [-89.09886246622419, 28.160926515749207], [-89.09922179233784, 28.160926515749207], [-89.09922179233784, 28.161106178806033], [-89.0995811184515, 28.161106178806033], [-89.0995811184515, 28.161285841862856], [-89.09976078150831, 28.161285841862856], [-89.09976078150831, 28.16146550491968], [-89.09994044456514, 28.16146550491968], [-89.09994044456514, 28.161645167976506], [-89.10012010762196, 28.161645167976506], [-89.10012010762196, 28.16182483103333], [-89.10029977067879, 28.16182483103333], [-89.10029977067879, 28.16200449409015], [-89.10047943373561, 28.16200449409015], [-89.10047943373561, 28.162184157146974], [-89.10065909679244, 28.162184157146974], [-89.10065909679244, 28.1623638202038], [-89.10083875984925, 28.1623638202038], [-89.10083875984925, 28.162543483260624], [-89.10101842290608, 28.162543483260624], [-89.10101842290608, 28.16290280937427], [-89.1011980859629, 28.16290280937427], [-89.1011980859629, 28.163082472431096], [-89.10137774901973, 28.163082472431096], [-89.10137774901973, 28.16326213548792], [-89.10155741207656, 28.16326213548792], [-89.10155741207656, 28.163441798544742], [-89.10173707513337, 28.163441798544742], [-89.10173707513337, 28.16362146160157], [-89.1019167381902, 28.16362146160157], [-89.1019167381902, 28.16380112465839], [-89.10209640124702, 28.16380112465839], [-89.10209640124702, 28.163980787715214], [-89.10227606430385, 28.163980787715214], [-89.10227606430385, 28.164160450772037], [-89.10245572736068, 28.164160450772037], [-89.10245572736068, 28.164340113828864], [-89.1026353904175, 28.164340113828864], [-89.1026353904175, 28.164519776885687], [-89.10299471653114, 28.164519776885687], [-89.10299471653114, 28.16469943994251], [-89.10317437958797, 28.16469943994251], [-89.10317437958797, 28.164879102999336], [-89.1033540426448, 28.164879102999336], [-89.1033540426448, 28.16505876605616], [-89.10353370570162, 28.16505876605616], [-89.10353370570162, 28.165238429112982], [-89.10371336875843, 28.165238429112982], [-89.10371336875843, 28.165418092169805], [-89.10389303181526, 28.165418092169805], [-89.10389303181526, 28.165777418283454], [-89.10407269487209, 28.165777418283454], [-89.10407269487209, 28.165957081340277], [-89.10425235792891, 28.165957081340277], [-89.10425235792891, 28.1661367443971], [-89.10443202098574, 28.1661367443971], [-89.10443202098574, 28.166316407453927], [-89.10461168404257, 28.166316407453927], [-89.10461168404257, 28.16649607051075], [-89.1049710101562, 28.16649607051075], [-89.1049710101562, 28.166675733567573], [-89.10515067321303, 28.166675733567573], [-89.10515067321303, 28.1668553966244], [-89.10533033626986, 28.1668553966244], [-89.10533033626986, 28.167035059681222], [-89.10550999932669, 28.167035059681222], [-89.10550999932669, 28.167214722738045], [-89.1056896623835, 28.167214722738045], [-89.1056896623835, 28.167394385794868], [-89.10586932544032, 28.167394385794868], [-89.10586932544032, 28.167574048851694], [-89.10604898849715, 28.167574048851694], [-89.10604898849715, 28.167753711908517], [-89.1064083146108, 28.167753711908517], [-89.1064083146108, 28.16793337496534], [-89.10658797766763, 28.16793337496534], [-89.10658797766763, 28.168113038022163], [-89.10694730378127, 28.168113038022163], [-89.10694730378127, 28.16829270107899], [-89.1071269668381, 28.16829270107899], [-89.1071269668381, 28.168472364135813], [-89.10730662989492, 28.168472364135813], [-89.10730662989492, 28.168652027192636], [-89.10748629295175, 28.168652027192636], [-89.10748629295175, 28.168831690249462], [-89.10766595600856, 28.168831690249462], [-89.10766595600856, 28.169011353306285], [-89.10784561906539, 28.169011353306285], [-89.10784561906539, 28.169191016363108], [-89.10802528212221, 28.169191016363108], [-89.10802528212221, 28.16937067941993], [-89.10820494517904, 28.16937067941993], [-89.10820494517904, 28.16973000553358], [-89.10838460823587, 28.16973000553358], [-89.10838460823587, 28.169909668590403], [-89.10856427129269, 28.169909668590403], [-89.10856427129269, 28.170089331647226], [-89.1087439343495, 28.170089331647226], [-89.1087439343495, 28.170268994704053], [-89.10892359740633, 28.170268994704053], [-89.10892359740633, 28.170448657760875], [-89.10910326046316, 28.170448657760875], [-89.10910326046316, 28.1706283208177], [-89.10928292351998, 28.1706283208177], [-89.10928292351998, 28.170807983874525], [-89.10946258657681, 28.170807983874525], [-89.10946258657681, 28.170987646931348], [-89.10964224963362, 28.170987646931348], [-89.10964224963362, 28.17116730998817], [-89.11000157574728, 28.17116730998817], [-89.11000157574728, 28.171346973044994], [-89.1101812388041, 28.171346973044994], [-89.1101812388041, 28.17152663610182], [-89.11036090186093, 28.17152663610182], [-89.11036090186093, 28.171885962215466], [-89.11054056491776, 28.171885962215466], [-89.11054056491776, 28.17206562527229], [-89.11072022797457, 28.17206562527229], [-89.11072022797457, 28.172245288329115], [-89.1108998910314, 28.172245288329115], [-89.1108998910314, 28.17260461444276], [-89.11107955408822, 28.17260461444276], [-89.11107955408822, 28.172784277499588], [-89.11125921714505, 28.172784277499588], [-89.11125921714505, 28.173143603613234], [-89.11143888020187, 28.173143603613234], [-89.11143888020187, 28.173323266670057], [-89.11161854325869, 28.173323266670057], [-89.11161854325869, 28.173682592783706], [-89.11179820631551, 28.173682592783706], [-89.11179820631551, 28.17386225584053], [-89.11197786937234, 28.17386225584053], [-89.11197786937234, 28.174041918897352], [-89.11215753242917, 28.174041918897352], [-89.11215753242917, 28.17422158195418], [-89.11233719548599, 28.17422158195418], [-89.11233719548599, 28.174401245011], [-89.11251685854282, 28.174401245011], [-89.11251685854282, 28.17476057112465], [-89.11269652159963, 28.17476057112465], [-89.11269652159963, 28.174940234181474], [-89.11287618465646, 28.174940234181474], [-89.11287618465646, 28.175119897238297], [-89.11323551077011, 28.175119897238297], [-89.11323551077011, 28.17529956029512], [-89.11341517382694, 28.17529956029512], [-89.11341517382694, 28.175479223351946], [-89.11359483688375, 28.175479223351946], [-89.11359483688375, 28.17565888640877], [-89.11377449994058, 28.17565888640877], [-89.11377449994058, 28.176018212522415], [-89.1139541629974, 28.176018212522415], [-89.1139541629974, 28.176377538636064], [-89.11413382605423, 28.176377538636064], [-89.11413382605423, 28.176736864749714], [-89.11431348911105, 28.176736864749714], [-89.11431348911105, 28.176916527806537], [-89.11449315216788, 28.176916527806537], [-89.11449315216788, 28.17709619086336], [-89.1146728152247, 28.17709619086336], [-89.1146728152247, 28.177275853920182], [-89.11485247828152, 28.177275853920182], [-89.11485247828152, 28.17745551697701], [-89.11503214133835, 28.17745551697701], [-89.11503214133835, 28.177635180033832], [-89.11521180439517, 28.177635180033832], [-89.11521180439517, 28.177814843090655], [-89.11557113050883, 28.177814843090655], [-89.11557113050883, 28.177994506147478], [-89.11593045662246, 28.177994506147478], [-89.11593045662246, 28.178174169204304], [-89.11611011967929, 28.178174169204304], [-89.11611011967929, 28.178353832261127], [-89.11628978273612, 28.178353832261127], [-89.11628978273612, 28.17853349531795], [-89.11646944579294, 28.17853349531795], [-89.11646944579294, 28.178713158374777], [-89.11664910884976, 28.178713158374777], [-89.11664910884976, 28.1788928214316], [-89.11682877190658, 28.1788928214316], [-89.11682877190658, 28.179252147545245], [-89.11700843496341, 28.179252147545245], [-89.11700843496341, 28.179431810602072], [-89.11718809802024, 28.179431810602072], [-89.11718809802024, 28.179611473658895], [-89.11754742413389, 28.179611473658895], [-89.11754742413389, 28.179791136715718], [-89.1177270871907, 28.179791136715718], [-89.1177270871907, 28.17997079977254], [-89.11790675024753, 28.17997079977254], [-89.11790675024753, 28.180150462829367], [-89.11808641330435, 28.180150462829367], [-89.11808641330435, 28.18033012588619], [-89.11826607636118, 28.18033012588619], [-89.11826607636118, 28.180509788943013], [-89.11862540247482, 28.180509788943013], [-89.11862540247482, 28.18068945199984], [-89.11880506553165, 28.18068945199984], [-89.11880506553165, 28.180869115056662], [-89.1191643916453, 28.180869115056662], [-89.1191643916453, 28.181048778113485], [-89.11952371775895, 28.181048778113485], [-89.11952371775895, 28.18122844117031], [-89.11970338081576, 28.18122844117031], [-89.11970338081576, 28.181408104227135], [-89.11988304387259, 28.181408104227135], [-89.11988304387259, 28.181587767283958], [-89.12006270692942, 28.181587767283958], [-89.12006270692942, 28.18176743034078], [-89.12024236998624, 28.18176743034078], [-89.12024236998624, 28.181947093397604], [-89.12042203304307, 28.181947093397604], [-89.12042203304307, 28.18212675645443], [-89.12060169609988, 28.18212675645443], [-89.12060169609988, 28.182306419511253], [-89.12078135915671, 28.182306419511253], [-89.12078135915671, 28.182486082568076], [-89.12114068527036, 28.182486082568076], [-89.12114068527036, 28.182665745624902], [-89.12132034832719, 28.182665745624902], [-89.12132034832719, 28.182845408681725], [-89.12167967444083, 28.182845408681725], [-89.12167967444083, 28.183025071738548], [-89.12185933749765, 28.183025071738548], [-89.12185933749765, 28.18320473479537], [-89.1222186636113, 28.18320473479537], [-89.1222186636113, 28.183384397852198], [-89.12239832666813, 28.183384397852198], [-89.12239832666813, 28.18356406090902], [-89.12275765278177, 28.18356406090902], [-89.12275765278177, 28.183743723965843], [-89.12311697889542, 28.183743723965843], [-89.12311697889542, 28.183923387022666], [-89.12329664195225, 28.183923387022666], [-89.12329664195225, 28.184103050079493], [-89.12365596806589, 28.184103050079493], [-89.12365596806589, 28.184282713136316], [-89.12383563112272, 28.184282713136316], [-89.12383563112272, 28.18446237619314], [-89.12419495723637, 28.18446237619314], [-89.12419495723637, 28.184642039249965], [-89.12455428335001, 28.184642039249965], [-89.12455428335001, 28.184821702306788], [-89.12473394640683, 28.184821702306788], [-89.12473394640683, 28.18500136536361], [-89.12509327252049, 28.18500136536361], [-89.12509327252049, 28.185181028420434], [-89.12527293557731, 28.185181028420434], [-89.12527293557731, 28.18536069147726], [-89.12545259863414, 28.18536069147726], [-89.12545259863414, 28.185540354534083], [-89.12563226169095, 28.185540354534083], [-89.12563226169095, 28.185720017590906], [-89.12581192474778, 28.185720017590906], [-89.12581192474778, 28.185899680647733], [-89.12617125086143, 28.185899680647733], [-89.12617125086143, 28.186079343704556], [-89.12635091391826, 28.186079343704556], [-89.12635091391826, 28.18625900676138], [-89.12653057697507, 28.18625900676138], [-89.12653057697507, 28.1864386698182], [-89.1267102400319, 28.1864386698182], [-89.1267102400319, 28.186618332875028], [-89.12688990308872, 28.186618332875028], [-89.12688990308872, 28.18679799593185], [-89.12706956614555, 28.18679799593185], [-89.12706956614555, 28.186977658988674], [-89.12724922920238, 28.186977658988674], [-89.12724922920238, 28.187157322045497], [-89.1274288922592, 28.187157322045497], [-89.1274288922592, 28.187336985102323], [-89.12760855531602, 28.187336985102323], [-89.12760855531602, 28.187516648159146], [-89.12796788142967, 28.187516648159146], [-89.12796788142967, 28.18769631121597], [-89.1281475444865, 28.18769631121597], [-89.1281475444865, 28.187875974272796], [-89.12850687060013, 28.187875974272796], [-89.12850687060013, 28.18805563732962], [-89.12886619671379, 28.18805563732962], [-89.12886619671379, 28.18823530038644], [-89.12922552282744, 28.18823530038644], [-89.12922552282744, 28.188414963443265], [-89.12940518588427, 28.188414963443265], [-89.12940518588427, 28.18859462650009], [-89.12958484894108, 28.18859462650009], [-89.12958484894108, 28.188774289556914], [-89.1297645119979, 28.188774289556914], [-89.1297645119979, 28.18913361567056], [-89.12994417505473, 28.18913361567056], [-89.12994417505473, 28.189313278727386], [-89.13012383811156, 28.189313278727386], [-89.13012383811156, 28.18949294178421], [-89.13030350116838, 28.18949294178421], [-89.13030350116838, 28.18985226789786], [-89.1304831642252, 28.18985226789786], [-89.1304831642252, 28.19003193095468], [-89.13066282728202, 28.19003193095468], [-89.13066282728202, 28.190391257068327], [-89.13084249033885, 28.190391257068327], [-89.13084249033885, 28.1909302462388], [-89.13102215339568, 28.1909302462388], [-89.13102215339568, 28.191469235409272], [-89.1312018164525, 28.191469235409272], [-89.1312018164525, 28.19182856152292], [-89.13138147950933, 28.19182856152292], [-89.13138147950933, 28.192187887636567], [-89.13156114256614, 28.192187887636567], [-89.13156114256614, 28.19236755069339], [-89.13174080562297, 28.19236755069339], [-89.13174080562297, 28.192906539863863], [-89.1319204686798, 28.192906539863863], [-89.1319204686798, 28.193625192091158], [-89.13210013173662, 28.193625192091158], [-89.13210013173662, 28.195242159602575], [-89.1319204686798, 28.195242159602575], [-89.1319204686798, 28.196140474886693], [-89.13210013173662, 28.196140474886693], [-89.13210013173662, 28.196320137943516], [-89.13227979479345, 28.196320137943516], [-89.13227979479345, 28.196499801000343], [-89.13461541453215, 28.196499801000343], [-89.13461541453215, 28.196679464057166], [-89.1349747406458, 28.196679464057166], [-89.1349747406458, 28.19685912711399], [-89.13533406675946, 28.19685912711399], [-89.13533406675946, 28.197218453227638], [-89.13551372981627, 28.197218453227638], [-89.13551372981627, 28.197577779341284], [-89.1356933928731, 28.197577779341284], [-89.1356933928731, 28.19775744239811], [-89.13587305592992, 28.19775744239811], [-89.13587305592992, 28.19829643156858], [-89.13605271898675, 28.19829643156858], [-89.13605271898675, 28.19865575768223], [-89.13623238204357, 28.19865575768223], [-89.13623238204357, 28.19883542073905], [-89.13641204510039, 28.19883542073905], [-89.13641204510039, 28.1991947468527], [-89.13659170815721, 28.1991947468527], [-89.13659170815721, 28.199374409909524], [-89.13677137121404, 28.199374409909524], [-89.13677137121404, 28.199733736023173], [-89.13695103427087, 28.199733736023173], [-89.13695103427087, 28.199913399079996], [-89.13713069732769, 28.199913399079996], [-89.13713069732769, 28.200272725193642], [-89.13731036038452, 28.200272725193642], [-89.13731036038452, 28.20045238825047], [-89.13749002344133, 28.20045238825047], [-89.13749002344133, 28.20063205130729], [-89.13766968649816, 28.20063205130729], [-89.13766968649816, 28.20099137742094], [-89.13784934955498, 28.20099137742094], [-89.13784934955498, 28.201171040477764], [-89.13802901261181, 28.201171040477764], [-89.13802901261181, 28.201350703534587], [-89.13820867566864, 28.201350703534587], [-89.13820867566864, 28.201710029648236], [-89.13838833872545, 28.201710029648236], [-89.13838833872545, 28.202069355761882], [-89.13856800178228, 28.202069355761882], [-89.13856800178228, 28.202249018818705], [-89.1387476648391, 28.202249018818705], [-89.1387476648391, 28.202608344932354], [-89.13892732789593, 28.202608344932354], [-89.13892732789593, 28.202788007989177], [-89.13910699095275, 28.202788007989177], [-89.13910699095275, 28.202967671046004], [-89.13928665400958, 28.202967671046004], [-89.13928665400958, 28.203147334102827], [-89.1394663170664, 28.203147334102827], [-89.1394663170664, 28.20332699715965], [-89.13964598012322, 28.20332699715965], [-89.13964598012322, 28.2036863232733], [-89.13982564318005, 28.2036863232733], [-89.13982564318005, 28.203865986330122], [-89.14000530623687, 28.203865986330122], [-89.14000530623687, 28.204225312443768], [-89.1401849692937, 28.204225312443768], [-89.1401849692937, 28.204404975500594], [-89.14036463235051, 28.204404975500594], [-89.14036463235051, 28.204584638557417], [-89.14054429540734, 28.204584638557417], [-89.14054429540734, 28.204943964671067], [-89.14072395846416, 28.204943964671067], [-89.14072395846416, 28.20512362772789], [-89.14090362152099, 28.20512362772789], [-89.14090362152099, 28.205303290784713], [-89.14108328457782, 28.205303290784713], [-89.14108328457782, 28.205482953841535], [-89.14126294763464, 28.205482953841535], [-89.14126294763464, 28.205662616898362], [-89.14144261069146, 28.205662616898362], [-89.14144261069146, 28.205842279955185], [-89.14162227374828, 28.205842279955185], [-89.14162227374828, 28.206021943012008], [-89.14180193680511, 28.206021943012008], [-89.14180193680511, 28.20620160606883], [-89.14198159986194, 28.20620160606883], [-89.14198159986194, 28.206381269125657], [-89.14216126291876, 28.206381269125657], [-89.14216126291876, 28.20656093218248], [-89.14234092597557, 28.20656093218248], [-89.14234092597557, 28.206740595239303], [-89.1425205890324, 28.206740595239303], [-89.1425205890324, 28.20692025829613], [-89.14270025208923, 28.20692025829613], [-89.14270025208923, 28.207099921352953], [-89.14287991514605, 28.207099921352953], [-89.14287991514605, 28.207279584409775], [-89.14305957820288, 28.207279584409775], [-89.14305957820288, 28.2074592474666], [-89.1432392412597, 28.2074592474666], [-89.1432392412597, 28.207818573580248], [-89.14341890431652, 28.207818573580248], [-89.14341890431652, 28.20799823663707], [-89.14359856737335, 28.20799823663707], [-89.14359856737335, 28.208177899693894], [-89.14377823043017, 28.208177899693894], [-89.14377823043017, 28.20835756275072], [-89.143957893487, 28.20835756275072], [-89.143957893487, 28.208537225807543], [-89.14413755654382, 28.208537225807543], [-89.14413755654382, 28.208896551921192], [-89.14431721960064, 28.208896551921192], [-89.14431721960064, 28.209076214978015], [-89.14449688265746, 28.209076214978015], [-89.14449688265746, 28.20925587803484], [-89.14467654571429, 28.20925587803484], [-89.14467654571429, 28.20943554109166], [-89.14485620877112, 28.20943554109166], [-89.14485620877112, 28.209615204148488], [-89.14503587182794, 28.209615204148488], [-89.14503587182794, 28.20979486720531], [-89.14521553488477, 28.20979486720531], [-89.14521553488477, 28.209974530262134], [-89.14539519794158, 28.209974530262134], [-89.14539519794158, 28.210154193318957], [-89.14557486099841, 28.210154193318957], [-89.14557486099841, 28.210333856375783], [-89.14575452405523, 28.210333856375783], [-89.14575452405523, 28.210513519432606], [-89.14611385016889, 28.210513519432606], [-89.14611385016889, 28.21069318248943], [-89.1462935132257, 28.21069318248943], [-89.1462935132257, 28.210872845546255], [-89.14665283933935, 28.210872845546255], [-89.14665283933935, 28.21105250860308], [-89.147012165453, 28.21105250860308], [-89.147012165453, 28.2112321716599], [-89.14737149156664, 28.2112321716599], [-89.14737149156664, 28.211411834716724], [-89.1477308176803, 28.211411834716724], [-89.1477308176803, 28.21159149777355], [-89.14791048073712, 28.21159149777355], [-89.14791048073712, 28.211771160830374], [-89.14809014379395, 28.211771160830374], [-89.14809014379395, 28.211950823887197], [-89.14826980685076, 28.211950823887197], [-89.14826980685076, 28.212310150000846], [-89.14844946990759, 28.212310150000846], [-89.14844946990759, 28.212669476114492], [-89.14862913296442, 28.212669476114492], [-89.14862913296442, 28.21302880222814], [-89.14880879602124, 28.21302880222814], [-89.14880879602124, 28.213208465284964], [-89.14898845907807, 28.213208465284964], [-89.14898845907807, 28.213388128341787], [-89.1491681221349, 28.213388128341787], [-89.1491681221349, 28.213747454455437], [-89.14934778519171, 28.213747454455437], [-89.14934778519171, 28.21392711751226], [-89.14952744824853, 28.21392711751226], [-89.14952744824853, 28.214106780569082], [-89.14970711130536, 28.214106780569082], [-89.14970711130536, 28.21428644362591], [-89.14988677436219, 28.21428644362591], [-89.14988677436219, 28.214466106682732], [-89.15006643741901, 28.214466106682732], [-89.15006643741901, 28.214645769739555], [-89.15024610047583, 28.214645769739555], [-89.15024610047583, 28.21482543279638], [-89.15042576353265, 28.21482543279638], [-89.15042576353265, 28.215005095853204], [-89.15060542658948, 28.215005095853204], [-89.15060542658948, 28.215184758910027], [-89.1507850896463, 28.215184758910027], [-89.1507850896463, 28.21536442196685], [-89.15096475270313, 28.21536442196685], [-89.15096475270313, 28.215544085023677], [-89.15114441575996, 28.215544085023677], [-89.15114441575996, 28.2157237480805], [-89.15132407881677, 28.2157237480805], [-89.15132407881677, 28.215903411137322], [-89.1515037418736, 28.215903411137322], [-89.1515037418736, 28.216083074194145], [-89.15186306798725, 28.216083074194145], [-89.15186306798725, 28.216262737250972], [-89.15204273104408, 28.216262737250972], [-89.15204273104408, 28.216442400307795], [-89.15222239410089, 28.216442400307795], [-89.15222239410089, 28.216622063364618], [-89.15240205715772, 28.216622063364618], [-89.15240205715772, 28.216801726421444], [-89.15276138327137, 28.216801726421444], [-89.15276138327137, 28.216981389478267], [-89.1529410463282, 28.216981389478267], [-89.1529410463282, 28.21716105253509], [-89.15312070938502, 28.21716105253509], [-89.15312070938502, 28.217340715591913], [-89.15330037244183, 28.217340715591913], [-89.15330037244183, 28.21752037864874], [-89.15348003549866, 28.21752037864874], [-89.15348003549866, 28.217700041705562], [-89.15365969855549, 28.217700041705562], [-89.15365969855549, 28.217879704762385], [-89.15383936161231, 28.217879704762385], [-89.15383936161231, 28.218059367819208], [-89.15401902466914, 28.218059367819208], [-89.15401902466914, 28.218418693932858], [-89.15419868772595, 28.218418693932858], [-89.15419868772595, 28.21859835698968], [-89.15437835078278, 28.21859835698968], [-89.15437835078278, 28.21895768310333], [-89.1545580138396, 28.21895768310333], [-89.1545580138396, 28.219137346160153], [-89.15473767689643, 28.219137346160153], [-89.15473767689643, 28.219317009216976], [-89.15491733995326, 28.219317009216976], [-89.15491733995326, 28.219496672273802], [-89.1552766660669, 28.219496672273802], [-89.1552766660669, 28.219676335330625], [-89.15635464440784, 28.219676335330625]], [[-89.10461168404257, 28.16200449409015], [-89.10425235792891, 28.16200449409015], [-89.10425235792891, 28.16182483103333], [-89.10407269487209, 28.16182483103333], [-89.10407269487209, 28.160926515749207], [-89.10425235792891, 28.160926515749207], [-89.10425235792891, 28.160746852692384], [-89.1049710101562, 28.160746852692384], [-89.1049710101562, 28.16182483103333], [-89.10461168404257, 28.16182483103333], [-89.10461168404257, 28.16200449409015]]]}, "properties": {"candidate_id": "E007-C4", "component_id": 4, "area_m2": 9740467.593608692, "perimeter_m": 28829.991910239984, "centroid_lon": -89.12530619231563, "centroid_lat": 28.176489805475395, "major_axis_m": 8863.282670903882, "minor_axis_m": 2172.246257658277, "width_proxy_m": 1098.9684020328502, "orientation_deg_from_north": 139.91092624986672, "elongation": 4.0802384350560095, "compactness_polsby_popper": 0.14726536860460349, "prob_mean": 0.9814507476512538, "prob_max": 1.0, "n_px_image_space": 27728, "bbox_west": -89.15779194886244, "bbox_south": 28.152123025964837, "bbox_east": -89.09796415094007, "bbox_north": 28.219676335330625}}, {"type": "Feature", "geometry": {"type": "Polygon", "coordinates": [[[-89.2275012149101, 28.20835756275072], [-89.2275012149101, 28.208177899693894], [-89.22857919325105, 28.208177899693894], [-89.22857919325105, 28.20799823663707], [-89.22875885630788, 28.20799823663707], [-89.22875885630788, 28.207818573580248], [-89.2289385193647, 28.207818573580248], [-89.2289385193647, 28.206740595239303], [-89.22875885630788, 28.206740595239303], [-89.22875885630788, 28.206381269125657], [-89.22857919325105, 28.206381269125657], [-89.22857919325105, 28.20620160606883], [-89.22839953019422, 28.20620160606883], [-89.22839953019422, 28.205842279955185], [-89.22821986713741, 28.205842279955185], [-89.22821986713741, 28.205662616898362], [-89.22804020408059, 28.205662616898362], [-89.22804020408059, 28.205482953841535], [-89.22786054102376, 28.205482953841535], [-89.22786054102376, 28.205303290784713], [-89.22768087796693, 28.205303290784713], [-89.22768087796693, 28.20512362772789], [-89.2275012149101, 28.20512362772789], [-89.2275012149101, 28.20476430161424], [-89.2273215518533, 28.20476430161424], [-89.2273215518533, 28.204404975500594], [-89.22714188879647, 28.204404975500594], [-89.22714188879647, 28.204225312443768], [-89.22696222573964, 28.204225312443768], [-89.22696222573964, 28.203865986330122], [-89.22678256268281, 28.203865986330122], [-89.22678256268281, 28.2036863232733], [-89.22660289962599, 28.2036863232733], [-89.22660289962599, 28.20332699715965], [-89.22642323656916, 28.20332699715965], [-89.22642323656916, 28.203147334102827], [-89.22624357351235, 28.203147334102827], [-89.22624357351235, 28.202788007989177], [-89.22606391045552, 28.202788007989177], [-89.22606391045552, 28.202608344932354], [-89.2258842473987, 28.202608344932354], [-89.2258842473987, 28.20242868187553], [-89.22570458434187, 28.20242868187553], [-89.22570458434187, 28.202249018818705], [-89.22552492128504, 28.202249018818705], [-89.22552492128504, 28.202069355761882], [-89.2251655951714, 28.202069355761882], [-89.2251655951714, 28.20188969270506], [-89.22498593211458, 28.20188969270506], [-89.22498593211458, 28.201710029648236], [-89.22462660600092, 28.201710029648236], [-89.22462660600092, 28.20153036659141], [-89.22426727988729, 28.20153036659141], [-89.22426727988729, 28.201350703534587], [-89.22408761683046, 28.201350703534587], [-89.22408761683046, 28.201171040477764], [-89.22390795377363, 28.201171040477764], [-89.22390795377363, 28.20099137742094], [-89.2237282907168, 28.20099137742094], [-89.2237282907168, 28.200811714364114], [-89.22354862765998, 28.200811714364114], [-89.22354862765998, 28.20063205130729], [-89.22336896460317, 28.20063205130729], [-89.22336896460317, 28.200272725193642], [-89.22318930154634, 28.200272725193642], [-89.22318930154634, 28.20009306213682], [-89.22300963848951, 28.20009306213682], [-89.22300963848951, 28.199733736023173], [-89.22282997543269, 28.199733736023173], [-89.22282997543269, 28.199554072966347], [-89.22265031237586, 28.199554072966347], [-89.22265031237586, 28.199374409909524], [-89.22247064931904, 28.199374409909524], [-89.22247064931904, 28.199015083795874], [-89.22229098626222, 28.199015083795874], [-89.22229098626222, 28.19865575768223], [-89.2221113232054, 28.19865575768223], [-89.2221113232054, 28.198476094625406], [-89.22193166014857, 28.198476094625406], [-89.22193166014857, 28.198116768511756], [-89.22175199709174, 28.198116768511756], [-89.22175199709174, 28.197937105454933], [-89.22157233403492, 28.197937105454933], [-89.22157233403492, 28.197577779341284], [-89.2213926709781, 28.197577779341284], [-89.2213926709781, 28.19739811628446], [-89.22121300792128, 28.19739811628446], [-89.22121300792128, 28.197218453227638], [-89.22103334486445, 28.197218453227638], [-89.22103334486445, 28.19685912711399], [-89.22085368180763, 28.19685912711399], [-89.22085368180763, 28.196679464057166], [-89.2206740187508, 28.196679464057166], [-89.2206740187508, 28.196499801000343], [-89.22049435569397, 28.196499801000343], [-89.22049435569397, 28.196320137943516], [-89.22031469263716, 28.196320137943516], [-89.22031469263716, 28.19596081182987], [-89.22013502958033, 28.19596081182987], [-89.22013502958033, 28.195781148773047], [-89.21995536652351, 28.195781148773047], [-89.21995536652351, 28.19560148571622], [-89.21977570346668, 28.19560148571622], [-89.21977570346668, 28.195242159602575], [-89.21959604040985, 28.195242159602575], [-89.21959604040985, 28.194882833488926], [-89.21941637735304, 28.194882833488926], [-89.21941637735304, 28.19452350737528], [-89.21923671429622, 28.19452350737528], [-89.21923671429622, 28.19416418126163], [-89.21905705123939, 28.19416418126163], [-89.21905705123939, 28.193984518204807], [-89.21887738818256, 28.193984518204807], [-89.21887738818256, 28.193625192091158], [-89.21869772512574, 28.193625192091158], [-89.21869772512574, 28.193445529034335], [-89.21851806206891, 28.193445529034335], [-89.21851806206891, 28.193265865977512], [-89.2183383990121, 28.193265865977512], [-89.2183383990121, 28.193086202920686], [-89.21815873595527, 28.193086202920686], [-89.21815873595527, 28.192906539863863], [-89.21797907289844, 28.192906539863863], [-89.21797907289844, 28.19272687680704], [-89.21779940984162, 28.19272687680704], [-89.21779940984162, 28.192547213750217], [-89.21761974678479, 28.192547213750217], [-89.21761974678479, 28.19236755069339], [-89.21726042067115, 28.19236755069339], [-89.21726042067115, 28.192187887636567], [-89.21708075761433, 28.192187887636567], [-89.21708075761433, 28.192008224579745], [-89.2169010945575, 28.192008224579745], [-89.2169010945575, 28.19182856152292], [-89.21672143150067, 28.19182856152292], [-89.21672143150067, 28.191648898466095], [-89.21654176844385, 28.191648898466095], [-89.21654176844385, 28.19128957235245], [-89.21636210538703, 28.19128957235245], [-89.21636210538703, 28.191109909295623], [-89.21618244233021, 28.191109909295623], [-89.21618244233021, 28.190570920125154], [-89.21600277927338, 28.190570920125154], [-89.21600277927338, 28.190211594011505], [-89.21582311621655, 28.190211594011505], [-89.21582311621655, 28.189672604841032], [-89.21564345315973, 28.189672604841032], [-89.21564345315973, 28.18949294178421], [-89.21546379010292, 28.18949294178421], [-89.21546379010292, 28.18913361567056], [-89.21528412704609, 28.18913361567056], [-89.21528412704609, 28.188774289556914], [-89.21510446398926, 28.188774289556914], [-89.21510446398926, 28.18859462650009], [-89.21492480093244, 28.18859462650009], [-89.21492480093244, 28.18823530038644], [-89.21474513787561, 28.18823530038644], [-89.21474513787561, 28.18805563732962], [-89.21456547481878, 28.18805563732962], [-89.21456547481878, 28.18769631121597], [-89.21438581176197, 28.18769631121597], [-89.21438581176197, 28.187516648159146], [-89.21420614870514, 28.187516648159146], [-89.21420614870514, 28.187157322045497], [-89.21402648564832, 28.187157322045497], [-89.21402648564832, 28.186977658988674], [-89.21384682259149, 28.186977658988674], [-89.21384682259149, 28.18679799593185], [-89.21366715953467, 28.18679799593185], [-89.21366715953467, 28.186618332875028], [-89.21348749647785, 28.186618332875028], [-89.21348749647785, 28.18625900676138], [-89.21330783342103, 28.18625900676138], [-89.21330783342103, 28.185899680647733], [-89.2131281703642, 28.185899680647733], [-89.2131281703642, 28.185540354534083], [-89.21294850730737, 28.185540354534083], [-89.21294850730737, 28.18536069147726], [-89.21276884425055, 28.18536069147726], [-89.21276884425055, 28.185181028420434], [-89.21258918119372, 28.185181028420434], [-89.21258918119372, 28.18500136536361], [-89.21240951813691, 28.18500136536361], [-89.21240951813691, 28.184821702306788], [-89.21222985508008, 28.184821702306788], [-89.21222985508008, 28.184642039249965], [-89.21205019202326, 28.184642039249965], [-89.21205019202326, 28.18446237619314], [-89.2116908659096, 28.18446237619314], [-89.2116908659096, 28.184282713136316], [-89.21133153979596, 28.184282713136316], [-89.21133153979596, 28.184103050079493], [-89.21115187673914, 28.184103050079493], [-89.21115187673914, 28.183923387022666], [-89.21079255062548, 28.183923387022666], [-89.21079255062548, 28.183743723965843], [-89.21061288756866, 28.183743723965843], [-89.21061288756866, 28.18356406090902], [-89.21025356145502, 28.18356406090902], [-89.21025356145502, 28.183384397852198], [-89.21007389839819, 28.183384397852198], [-89.21007389839819, 28.18320473479537], [-89.20989423534137, 28.18320473479537], [-89.20989423534137, 28.183025071738548], [-89.20971457228454, 28.183025071738548], [-89.20971457228454, 28.182845408681725], [-89.20953490922773, 28.182845408681725], [-89.20953490922773, 28.182665745624902], [-89.2093552461709, 28.182665745624902], [-89.2093552461709, 28.182486082568076], [-89.20917558311407, 28.182486082568076], [-89.20917558311407, 28.182306419511253], [-89.20881625700042, 28.182306419511253], [-89.20881625700042, 28.18212675645443], [-89.2086365939436, 28.18212675645443], [-89.2086365939436, 28.181947093397604], [-89.20827726782996, 28.181947093397604], [-89.20827726782996, 28.18176743034078], [-89.20809760477313, 28.18176743034078], [-89.20809760477313, 28.181587767283958], [-89.20773827865948, 28.181587767283958], [-89.20773827865948, 28.181408104227135], [-89.20755861560266, 28.181408104227135], [-89.20755861560266, 28.18122844117031], [-89.20719928948901, 28.18122844117031], [-89.20719928948901, 28.181048778113485], [-89.20683996337536, 28.181048778113485], [-89.20683996337536, 28.180869115056662], [-89.20666030031853, 28.180869115056662], [-89.20666030031853, 28.18068945199984], [-89.2063009742049, 28.18068945199984], [-89.2063009742049, 28.180509788943013], [-89.20612131114807, 28.180509788943013], [-89.20612131114807, 28.180150462829367], [-89.20594164809124, 28.180150462829367], [-89.20594164809124, 28.179791136715718], [-89.20576198503441, 28.179791136715718], [-89.20576198503441, 28.179431810602072], [-89.2055823219776, 28.179431810602072], [-89.2055823219776, 28.179252147545245], [-89.20540265892078, 28.179252147545245], [-89.20540265892078, 28.179072484488422], [-89.20522299586395, 28.179072484488422], [-89.20522299586395, 28.1788928214316], [-89.20504333280712, 28.1788928214316], [-89.20504333280712, 28.17853349531795], [-89.2048636697503, 28.17853349531795], [-89.2048636697503, 28.178353832261127], [-89.20468400669347, 28.178353832261127], [-89.20468400669347, 28.177814843090655], [-89.20450434363666, 28.177814843090655], [-89.20450434363666, 28.17745551697701], [-89.20432468057983, 28.17745551697701], [-89.20432468057983, 28.17709619086336], [-89.204145017523, 28.17709619086336], [-89.204145017523, 28.176916527806537], [-89.20396535446618, 28.176916527806537], [-89.20396535446618, 28.176557201692887], [-89.20378569140935, 28.176557201692887], [-89.20378569140935, 28.176377538636064], [-89.20360602835254, 28.176377538636064], [-89.20360602835254, 28.17619787557924], [-89.20342636529571, 28.17619787557924], [-89.20342636529571, 28.176018212522415], [-89.20324670223889, 28.176018212522415], [-89.20324670223889, 28.17565888640877], [-89.20306703918206, 28.17565888640877], [-89.20306703918206, 28.175479223351946], [-89.20288737612523, 28.175479223351946], [-89.20288737612523, 28.17529956029512], [-89.2027077130684, 28.17529956029512], [-89.2027077130684, 28.175119897238297], [-89.20234838695477, 28.175119897238297], [-89.20234838695477, 28.174940234181474], [-89.20216872389794, 28.174940234181474], [-89.20216872389794, 28.17476057112465], [-89.20198906084111, 28.17476057112465], [-89.20198906084111, 28.174580908067824], [-89.20180939778429, 28.174580908067824], [-89.20180939778429, 28.174401245011], [-89.20162973472748, 28.174401245011], [-89.20162973472748, 28.174041918897352], [-89.20145007167065, 28.174041918897352], [-89.20145007167065, 28.17386225584053], [-89.20127040861382, 28.17386225584053], [-89.20127040861382, 28.173682592783706], [-89.201090745557, 28.173682592783706], [-89.201090745557, 28.173502929726883], [-89.20091108250017, 28.173502929726883], [-89.20091108250017, 28.173323266670057], [-89.20073141944334, 28.173323266670057], [-89.20073141944334, 28.173143603613234], [-89.20055175638653, 28.173143603613234], [-89.20055175638653, 28.17296394055641], [-89.2003720933297, 28.17296394055641], [-89.2003720933297, 28.17260461444276], [-89.20019243027288, 28.17260461444276], [-89.20019243027288, 28.17242495138594], [-89.20001276721605, 28.17242495138594], [-89.20001276721605, 28.172245288329115], [-89.19983310415923, 28.172245288329115], [-89.19983310415923, 28.17206562527229], [-89.19965344110241, 28.17206562527229], [-89.19965344110241, 28.171885962215466], [-89.19947377804559, 28.171885962215466], [-89.19947377804559, 28.171706299158643], [-89.19929411498876, 28.171706299158643], [-89.19929411498876, 28.17152663610182], [-89.19911445193193, 28.17152663610182], [-89.19911445193193, 28.17116730998817], [-89.1989347888751, 28.17116730998817], [-89.1989347888751, 28.1706283208177], [-89.19875512581828, 28.1706283208177], [-89.19875512581828, 28.170268994704053], [-89.19857546276147, 28.170268994704053], [-89.19857546276147, 28.170089331647226], [-89.19839579970464, 28.170089331647226], [-89.19839579970464, 28.169909668590403], [-89.19821613664782, 28.169909668590403], [-89.19821613664782, 28.16973000553358], [-89.19803647359099, 28.16973000553358], [-89.19803647359099, 28.169550342476757], [-89.19785681053416, 28.169550342476757], [-89.19785681053416, 28.16937067941993], [-89.19767714747735, 28.16937067941993], [-89.19767714747735, 28.169191016363108], [-89.19749748442052, 28.169191016363108], [-89.19749748442052, 28.169011353306285], [-89.1973178213637, 28.169011353306285], [-89.1973178213637, 28.168831690249462], [-89.19713815830687, 28.168831690249462], [-89.19713815830687, 28.168652027192636], [-89.19695849525004, 28.168652027192636], [-89.19695849525004, 28.168472364135813], [-89.19677883219322, 28.168472364135813], [-89.19677883219322, 28.16829270107899], [-89.1965991691364, 28.16829270107899], [-89.1965991691364, 28.168113038022163], [-89.19641950607958, 28.168113038022163], [-89.19641950607958, 28.16793337496534], [-89.19623984302275, 28.16793337496534], [-89.19623984302275, 28.167574048851694], [-89.19606017996593, 28.167574048851694], [-89.19606017996593, 28.167035059681222], [-89.1958805169091, 28.167035059681222], [-89.1958805169091, 28.16649607051075], [-89.19570085385229, 28.16649607051075], [-89.19570085385229, 28.1661367443971], [-89.19552119079546, 28.1661367443971], [-89.19552119079546, 28.165957081340277], [-89.19534152773863, 28.165957081340277], [-89.19534152773863, 28.16559775522663], [-89.19516186468181, 28.16559775522663], [-89.19516186468181, 28.165418092169805], [-89.19498220162498, 28.165418092169805], [-89.19498220162498, 28.16505876605616], [-89.19480253856815, 28.16505876605616], [-89.19480253856815, 28.164879102999336], [-89.19462287551134, 28.164879102999336], [-89.19462287551134, 28.16469943994251], [-89.19426354939769, 28.16469943994251], [-89.19426354939769, 28.164519776885687], [-89.19408388634086, 28.164519776885687], [-89.19408388634086, 28.164340113828864], [-89.19390422328404, 28.164340113828864], [-89.19390422328404, 28.163980787715214], [-89.19372456022722, 28.163980787715214], [-89.19372456022722, 28.16380112465839], [-89.1935448971704, 28.16380112465839], [-89.1935448971704, 28.163441798544742], [-89.19336523411357, 28.163441798544742], [-89.19336523411357, 28.163082472431096], [-89.19318557105674, 28.163082472431096], [-89.19318557105674, 28.16290280937427], [-89.19300590799992, 28.16290280937427], [-89.19300590799992, 28.162543483260624], [-89.19282624494309, 28.162543483260624], [-89.19282624494309, 28.1623638202038], [-89.19264658188628, 28.1623638202038], [-89.19264658188628, 28.162184157146974], [-89.19246691882945, 28.162184157146974], [-89.19246691882945, 28.16200449409015], [-89.1921075927158, 28.16200449409015], [-89.1921075927158, 28.16182483103333], [-89.19192792965897, 28.16182483103333], [-89.19192792965897, 28.161645167976506], [-89.19174826660216, 28.161645167976506], [-89.19174826660216, 28.16146550491968], [-89.19156860354533, 28.16146550491968], [-89.19156860354533, 28.161285841862856], [-89.19138894048851, 28.161285841862856], [-89.19138894048851, 28.160926515749207], [-89.19102961437486, 28.160926515749207], [-89.19102961437486, 28.160746852692384], [-89.19084995131803, 28.160746852692384], [-89.19084995131803, 28.16056718963556], [-89.19049062520439, 28.16056718963556], [-89.19049062520439, 28.160387526578738], [-89.19031096214756, 28.160387526578738], [-89.19031096214756, 28.16020786352191], [-89.19013129909074, 28.16020786352191], [-89.19013129909074, 28.16002820046509], [-89.1897719729771, 28.16002820046509], [-89.1897719729771, 28.159848537408266], [-89.18959230992027, 28.159848537408266], [-89.18959230992027, 28.159668874351443], [-89.18923298380662, 28.159668874351443], [-89.18923298380662, 28.159489211294616], [-89.18905332074979, 28.159489211294616], [-89.18905332074979, 28.159309548237793], [-89.18869399463615, 28.159309548237793], [-89.18869399463615, 28.15912988518097], [-89.18851433157933, 28.15912988518097], [-89.18851433157933, 28.158950222124144], [-89.18635837489744, 28.158950222124144], [-89.18635837489744, 28.15877055906732], [-89.18617871184061, 28.15877055906732], [-89.18617871184061, 28.158590896010498], [-89.18599904878378, 28.158590896010498], [-89.18599904878378, 28.158411232953675], [-89.18581938572697, 28.158411232953675], [-89.18581938572697, 28.15823156989685], [-89.18563972267015, 28.15823156989685], [-89.18563972267015, 28.157872243783203], [-89.18546005961332, 28.157872243783203], [-89.18546005961332, 28.15769258072638], [-89.1852803965565, 28.15769258072638], [-89.1852803965565, 28.157512917669553], [-89.18510073349967, 28.157512917669553], [-89.18510073349967, 28.15733325461273], [-89.18492107044284, 28.15733325461273], [-89.18492107044284, 28.15697392849908], [-89.18474140738603, 28.15697392849908], [-89.18474140738603, 28.156794265442258], [-89.1845617443292, 28.156794265442258], [-89.1845617443292, 28.156434939328612], [-89.18438208127237, 28.156434939328612], [-89.18438208127237, 28.156075613214963], [-89.18420241821555, 28.156075613214963], [-89.18420241821555, 28.155356960987667], [-89.18402275515872, 28.155356960987667], [-89.18402275515872, 28.15445864570355], [-89.18384309210191, 28.15445864570355], [-89.18384309210191, 28.1540993195899], [-89.18366342904508, 28.1540993195899], [-89.18366342904508, 28.153919656533077], [-89.18348376598826, 28.153919656533077], [-89.18348376598826, 28.153739993476254], [-89.18330410293143, 28.153739993476254], [-89.18330410293143, 28.153560330419428], [-89.18276511376096, 28.153560330419428], [-89.18276511376096, 28.153380667362605], [-89.18240578764731, 28.153380667362605], [-89.18240578764731, 28.15320100430578], [-89.18204646153366, 28.15320100430578], [-89.18204646153366, 28.153021341248955], [-89.18168713542002, 28.153021341248955], [-89.18168713542002, 28.152841678192132], [-89.1815074723632, 28.152841678192132], [-89.1815074723632, 28.15266201513531], [-89.18132780930637, 28.15266201513531], [-89.18132780930637, 28.152482352078486], [-89.18114814624954, 28.152482352078486], [-89.18114814624954, 28.15230268902166], [-89.18096848319271, 28.15230268902166], [-89.18096848319271, 28.152123025964837], [-89.1807888201359, 28.152123025964837], [-89.1807888201359, 28.151943362908014], [-89.18060915707908, 28.151943362908014], [-89.18060915707908, 28.15176369985119], [-89.18042949402225, 28.15176369985119], [-89.18042949402225, 28.151584036794365], [-89.18024983096542, 28.151584036794365], [-89.18024983096542, 28.15122471068072], [-89.1800701679086, 28.15122471068072], [-89.1800701679086, 28.15086538456707], [-89.17989050485178, 28.15086538456707], [-89.17989050485178, 28.150506058453423], [-89.17971084179496, 28.150506058453423], [-89.17971084179496, 28.150326395396597], [-89.17953117873813, 28.150326395396597], [-89.17953117873813, 28.150146732339774], [-89.1793515156813, 28.150146732339774], [-89.1793515156813, 28.149787406226128], [-89.17917185262448, 28.149787406226128], [-89.17917185262448, 28.1496077431693], [-89.17899218956765, 28.1496077431693], [-89.17899218956765, 28.14942808011248], [-89.17881252651084, 28.14942808011248], [-89.17881252651084, 28.149248417055656], [-89.17863286345401, 28.149248417055656], [-89.17863286345401, 28.14906875399883], [-89.17845320039719, 28.14906875399883], [-89.17845320039719, 28.148889090942006], [-89.17827353734036, 28.148889090942006], [-89.17827353734036, 28.148709427885183], [-89.17809387428353, 28.148709427885183], [-89.17809387428353, 28.14852976482836], [-89.17791421122672, 28.14852976482836], [-89.17791421122672, 28.148350101771534], [-89.1777345481699, 28.148350101771534], [-89.1777345481699, 28.14817043871471], [-89.17755488511307, 28.14817043871471], [-89.17755488511307, 28.147990775657888], [-89.17737522205624, 28.147990775657888], [-89.17737522205624, 28.14763144954424], [-89.17719555899941, 28.14763144954424], [-89.17719555899941, 28.147451786487416], [-89.17701589594259, 28.147451786487416], [-89.17701589594259, 28.147272123430593], [-89.17683623288578, 28.147272123430593], [-89.17683623288578, 28.147092460373766], [-89.17665656982895, 28.147092460373766], [-89.17665656982895, 28.146912797316944], [-89.17647690677212, 28.146912797316944], [-89.17647690677212, 28.14673313426012], [-89.1762972437153, 28.14673313426012], [-89.1762972437153, 28.146553471203298], [-89.17611758065847, 28.146553471203298], [-89.17611758065847, 28.14637380814647], [-89.17593791760164, 28.14637380814647], [-89.17593791760164, 28.14619414508965], [-89.17575825454483, 28.14619414508965], [-89.17575825454483, 28.146014482032825], [-89.175578591488, 28.146014482032825], [-89.175578591488, 28.145834818976], [-89.17521926537435, 28.145834818976], [-89.17521926537435, 28.145655155919176], [-89.17503960231753, 28.145655155919176], [-89.17503960231753, 28.145475492862353], [-89.17485993926071, 28.145475492862353], [-89.17485993926071, 28.14529582980553], [-89.17468027620389, 28.14529582980553], [-89.17468027620389, 28.145116166748704], [-89.17450061314706, 28.145116166748704], [-89.17450061314706, 28.14493650369188], [-89.17432095009023, 28.14493650369188], [-89.17432095009023, 28.144756840635058], [-89.17414128703341, 28.144756840635058], [-89.17414128703341, 28.14439751452141], [-89.17378196091977, 28.14439751452141], [-89.17378196091977, 28.144217851464585], [-89.17234465646517, 28.144217851464585], [-89.17234465646517, 28.144038188407762], [-89.1718056672947, 28.144038188407762], [-89.1718056672947, 28.143858525350936], [-89.17162600423788, 28.143858525350936], [-89.17162600423788, 28.143678862294113], [-89.17144634118105, 28.143678862294113], [-89.17144634118105, 28.14349919923729], [-89.17126667812423, 28.14349919923729], [-89.17126667812423, 28.143319536180467], [-89.1710870150674, 28.143319536180467], [-89.1710870150674, 28.14313987312364], [-89.17090735201059, 28.14313987312364], [-89.17090735201059, 28.142960210066818], [-89.17072768895376, 28.142960210066818], [-89.17072768895376, 28.142600883953172], [-89.17054802589693, 28.142600883953172], [-89.17054802589693, 28.142421220896345], [-89.17036836284011, 28.142421220896345], [-89.17036836284011, 28.142241557839522], [-89.17018869978328, 28.142241557839522], [-89.17018869978328, 28.1420618947827], [-89.17000903672646, 28.1420618947827], [-89.17000903672646, 28.141882231725873], [-89.16982937366964, 28.141882231725873], [-89.16982937366964, 28.14170256866905], [-89.16947004755599, 28.14170256866905], [-89.16947004755599, 28.141522905612227], [-89.1687513953287, 28.141522905612227], [-89.1687513953287, 28.141343242555404], [-89.16803274310139, 28.141343242555404], [-89.16803274310139, 28.141163579498578], [-89.16767341698775, 28.141163579498578], [-89.16767341698775, 28.140983916441755], [-89.16749375393093, 28.140983916441755], [-89.16749375393093, 28.140804253384932], [-89.1673140908741, 28.140804253384932], [-89.1673140908741, 28.14062459032811], [-89.16695476476046, 28.14062459032811], [-89.16695476476046, 28.140444927271282], [-89.16677510170364, 28.140444927271282], [-89.16677510170364, 28.14026526421446], [-89.16659543864681, 28.14026526421446], [-89.16659543864681, 28.140085601157637], [-89.16623611253316, 28.140085601157637], [-89.16623611253316, 28.13990593810081], [-89.16605644947633, 28.13990593810081], [-89.16605644947633, 28.139726275043987], [-89.16587678641952, 28.139726275043987], [-89.16587678641952, 28.139546611987164], [-89.16569712336269, 28.139546611987164], [-89.16569712336269, 28.13936694893034], [-89.16551746030586, 28.13936694893034], [-89.16551746030586, 28.139187285873515], [-89.16533779724904, 28.139187285873515], [-89.16533779724904, 28.139007622816692], [-89.1649784711354, 28.139007622816692], [-89.1649784711354, 28.13882795975987], [-89.16479880807857, 28.13882795975987], [-89.16479880807857, 28.138648296703046], [-89.16443948196492, 28.138648296703046], [-89.16443948196492, 28.13846863364622], [-89.16425981890809, 28.13846863364622], [-89.16425981890809, 28.138288970589397], [-89.16390049279445, 28.138288970589397], [-89.16390049279445, 28.138109307532574], [-89.16336150362397, 28.138109307532574], [-89.16336150362397, 28.137929644475747], [-89.16300217751034, 28.137929644475747], [-89.16300217751034, 28.137749981418924], [-89.16264285139668, 28.137749981418924], [-89.16264285139668, 28.1375703183621], [-89.16228352528303, 28.1375703183621], [-89.16228352528303, 28.13739065530528], [-89.1621038622262, 28.13739065530528], [-89.1621038622262, 28.137210992248452], [-89.16192419916939, 28.137210992248452], [-89.16192419916939, 28.13703132919163], [-89.16174453611256, 28.13703132919163], [-89.16174453611256, 28.136851666134806], [-89.16138520999891, 28.136851666134806], [-89.16138520999891, 28.136672003077983], [-89.16120554694209, 28.136672003077983], [-89.16120554694209, 28.136492340021157], [-89.16102588388527, 28.136492340021157], [-89.16102588388527, 28.136312676964334], [-89.16084622082845, 28.136312676964334], [-89.16084622082845, 28.13613301390751], [-89.16066655777162, 28.13613301390751], [-89.16066655777162, 28.135953350850684], [-89.1604868947148, 28.135953350850684], [-89.1604868947148, 28.13577368779386], [-89.16030723165797, 28.13577368779386], [-89.16030723165797, 28.13559402473704], [-89.16012756860114, 28.13559402473704], [-89.16012756860114, 28.13523469862339], [-89.15994790554433, 28.13523469862339], [-89.15994790554433, 28.135055035566566], [-89.15958857943068, 28.135055035566566], [-89.15958857943068, 28.134875372509743], [-89.15940891637385, 28.134875372509743], [-89.15940891637385, 28.13469570945292], [-89.15922925331702, 28.13469570945292], [-89.15922925331702, 28.13433638333927], [-89.15904959026021, 28.13433638333927], [-89.15904959026021, 28.134156720282448], [-89.15886992720338, 28.134156720282448], [-89.15886992720338, 28.13397705722562], [-89.15869026414656, 28.13397705722562], [-89.15869026414656, 28.1337973941688], [-89.15851060108973, 28.1337973941688], [-89.15851060108973, 28.133617731111976], [-89.15815127497608, 28.133617731111976], [-89.15815127497608, 28.133438068055153], [-89.15797161191927, 28.133438068055153], [-89.15797161191927, 28.133258404998326], [-89.15761228580561, 28.133258404998326], [-89.15761228580561, 28.133078741941503], [-89.15743262274879, 28.133078741941503], [-89.15743262274879, 28.13289907888468], [-89.15725295969196, 28.13289907888468], [-89.15725295969196, 28.132719415827857], [-89.15707329663515, 28.132719415827857], [-89.15707329663515, 28.13253975277103], [-89.1567139705215, 28.13253975277103], [-89.1567139705215, 28.132180426657385], [-89.15653430746467, 28.132180426657385], [-89.15653430746467, 28.13200076360056], [-89.15617498135101, 28.13200076360056], [-89.15617498135101, 28.131821100543736], [-89.1559953182942, 28.131821100543736], [-89.1559953182942, 28.131641437486913], [-89.15581565523738, 28.131641437486913], [-89.15581565523738, 28.131282111373263], [-89.15563599218055, 28.131282111373263], [-89.15563599218055, 28.13110244831644], [-89.1552766660669, 28.13110244831644], [-89.1552766660669, 28.130922785259617], [-89.15509700301008, 28.130922785259617], [-89.15509700301008, 28.130563459145968], [-89.15473767689643, 28.130563459145968], [-89.15473767689643, 28.130383796089145], [-89.1545580138396, 28.130383796089145], [-89.1545580138396, 28.130204133032322], [-89.15437835078278, 28.130204133032322], [-89.15437835078278, 28.129844806918673], [-89.15419868772595, 28.129844806918673], [-89.15419868772595, 28.12966514386185], [-89.15401902466914, 28.12966514386185], [-89.15401902466914, 28.129485480805027], [-89.15383936161231, 28.129485480805027], [-89.15383936161231, 28.129126154691377], [-89.15365969855549, 28.129126154691377], [-89.15365969855549, 28.128946491634554], [-89.15348003549866, 28.128946491634554], [-89.15348003549866, 28.12876682857773], [-89.15330037244183, 28.12876682857773], [-89.15330037244183, 28.128587165520905], [-89.15312070938502, 28.128587165520905], [-89.15312070938502, 28.128407502464082], [-89.1529410463282, 28.128407502464082], [-89.1529410463282, 28.128048176350433], [-89.15276138327137, 28.128048176350433], [-89.15276138327137, 28.12786851329361], [-89.15258172021454, 28.12786851329361], [-89.15258172021454, 28.127688850236787], [-89.15240205715772, 28.127688850236787], [-89.15240205715772, 28.127509187179964], [-89.15222239410089, 28.127509187179964], [-89.15222239410089, 28.127329524123137], [-89.15204273104408, 28.127329524123137], [-89.15204273104408, 28.127149861066314], [-89.15186306798725, 28.127149861066314], [-89.15186306798725, 28.12697019800949], [-89.15168340493042, 28.12697019800949], [-89.15168340493042, 28.126790534952665], [-89.1515037418736, 28.126790534952665], [-89.1515037418736, 28.126610871895842], [-89.15132407881677, 28.126610871895842], [-89.15132407881677, 28.12643120883902], [-89.15114441575996, 28.12643120883902], [-89.15114441575996, 28.126251545782196], [-89.1507850896463, 28.126251545782196], [-89.1507850896463, 28.12607188272537], [-89.15060542658948, 28.12607188272537], [-89.15060542658948, 28.125892219668547], [-89.15042576353265, 28.125892219668547], [-89.15042576353265, 28.125712556611724], [-89.15006643741901, 28.125712556611724], [-89.15006643741901, 28.1255328935549], [-89.14988677436219, 28.1255328935549], [-89.14988677436219, 28.125353230498074], [-89.14970711130536, 28.125353230498074], [-89.14970711130536, 28.12517356744125], [-89.14952744824853, 28.12517356744125], [-89.14952744824853, 28.12499390438443], [-89.14934778519171, 28.12499390438443], [-89.14934778519171, 28.124814241327602], [-89.1491681221349, 28.124814241327602], [-89.1491681221349, 28.12463457827078], [-89.14898845907807, 28.12463457827078], [-89.14898845907807, 28.124454915213956], [-89.14880879602124, 28.124454915213956], [-89.14880879602124, 28.124275252157133], [-89.14862913296442, 28.124275252157133], [-89.14862913296442, 28.124095589100307], [-89.14844946990759, 28.124095589100307], [-89.14844946990759, 28.123915926043484], [-89.14809014379395, 28.123915926043484], [-89.14809014379395, 28.12373626298666], [-89.14791048073712, 28.12373626298666], [-89.14791048073712, 28.123556599929838], [-89.14755115462347, 28.123556599929838], [-89.14755115462347, 28.12337693687301], [-89.14719182850983, 28.12337693687301], [-89.14719182850983, 28.12319727381619], [-89.14683250239618, 28.12319727381619], [-89.14683250239618, 28.123017610759366], [-89.14665283933935, 28.123017610759366], [-89.14665283933935, 28.12283794770254], [-89.1462935132257, 28.12283794770254], [-89.1462935132257, 28.122658284645716], [-89.14611385016889, 28.122658284645716], [-89.14611385016889, 28.122478621588893], [-89.14575452405523, 28.122478621588893], [-89.14575452405523, 28.12229895853207], [-89.14557486099841, 28.12229895853207], [-89.14557486099841, 28.122119295475244], [-89.14539519794158, 28.122119295475244], [-89.14539519794158, 28.12193963241842], [-89.14503587182794, 28.12193963241842], [-89.14503587182794, 28.121759969361598], [-89.14467654571429, 28.121759969361598], [-89.14467654571429, 28.121580306304775], [-89.14449688265746, 28.121580306304775], [-89.14449688265746, 28.12140064324795], [-89.14431721960064, 28.12140064324795], [-89.14431721960064, 28.121220980191126], [-89.143957893487, 28.121220980191126], [-89.143957893487, 28.121041317134303], [-89.14377823043017, 28.121041317134303], [-89.14377823043017, 28.120861654077476], [-89.14359856737335, 28.120861654077476], [-89.14359856737335, 28.120681991020653], [-89.14341890431652, 28.120681991020653], [-89.14341890431652, 28.12050232796383], [-89.14305957820288, 28.12050232796383], [-89.14305957820288, 28.120322664907007], [-89.14287991514605, 28.120322664907007], [-89.14287991514605, 28.12014300185018], [-89.14270025208923, 28.12014300185018], [-89.14270025208923, 28.119963338793358], [-89.1425205890324, 28.119963338793358], [-89.1425205890324, 28.119783675736535], [-89.14234092597557, 28.119783675736535], [-89.14234092597557, 28.119604012679712], [-89.14216126291876, 28.119604012679712], [-89.14216126291876, 28.119424349622886], [-89.14180193680511, 28.119424349622886], [-89.14180193680511, 28.119244686566063], [-89.14144261069146, 28.119244686566063], [-89.14144261069146, 28.11906502350924], [-89.14090362152099, 28.11906502350924], [-89.14090362152099, 28.118885360452413], [-89.14036463235051, 28.118885360452413], [-89.14036463235051, 28.11870569739559], [-89.1401849692937, 28.11870569739559], [-89.1401849692937, 28.118526034338768], [-89.13982564318005, 28.118526034338768], [-89.13982564318005, 28.118346371281945], [-89.13964598012322, 28.118346371281945], [-89.13964598012322, 28.118166708225118], [-89.13892732789593, 28.118166708225118], [-89.13892732789593, 28.118346371281945], [-89.1387476648391, 28.118346371281945], [-89.1387476648391, 28.11870569739559], [-89.13856800178228, 28.11870569739559], [-89.13856800178228, 28.119783675736535], [-89.1387476648391, 28.119783675736535], [-89.1387476648391, 28.12014300185018], [-89.13892732789593, 28.12014300185018], [-89.13892732789593, 28.120322664907007], [-89.13910699095275, 28.120322664907007], [-89.13910699095275, 28.12050232796383], [-89.1394663170664, 28.12050232796383], [-89.1394663170664, 28.120681991020653], [-89.13964598012322, 28.120681991020653], [-89.13964598012322, 28.120861654077476], [-89.14000530623687, 28.120861654077476], [-89.14000530623687, 28.121041317134303], [-89.1401849692937, 28.121041317134303], [-89.1401849692937, 28.121220980191126], [-89.14036463235051, 28.121220980191126], [-89.14036463235051, 28.12140064324795], [-89.14054429540734, 28.12140064324795], [-89.14054429540734, 28.121580306304775], [-89.14072395846416, 28.121580306304775], [-89.14072395846416, 28.121759969361598], [-89.14090362152099, 28.121759969361598], [-89.14090362152099, 28.12193963241842], [-89.14108328457782, 28.12193963241842], [-89.14108328457782, 28.122119295475244], [-89.14126294763464, 28.122119295475244], [-89.14126294763464, 28.12229895853207], [-89.14144261069146, 28.12229895853207], [-89.14144261069146, 28.122478621588893], [-89.14162227374828, 28.122478621588893], [-89.14162227374828, 28.122658284645716], [-89.14180193680511, 28.122658284645716], [-89.14180193680511, 28.12283794770254], [-89.14198159986194, 28.12283794770254], [-89.14198159986194, 28.123017610759366], [-89.14216126291876, 28.123017610759366], [-89.14216126291876, 28.12319727381619], [-89.14234092597557, 28.12319727381619], [-89.14234092597557, 28.12337693687301], [-89.1425205890324, 28.12337693687301], [-89.1425205890324, 28.123556599929838], [-89.14270025208923, 28.123556599929838], [-89.14270025208923, 28.12373626298666], [-89.14287991514605, 28.12373626298666], [-89.14287991514605, 28.123915926043484], [-89.1432392412597, 28.123915926043484], [-89.1432392412597, 28.124095589100307], [-89.14341890431652, 28.124095589100307], [-89.14341890431652, 28.124275252157133], [-89.14359856737335, 28.124275252157133], [-89.14359856737335, 28.124454915213956], [-89.14377823043017, 28.124454915213956], [-89.14377823043017, 28.12463457827078], [-89.143957893487, 28.12463457827078], [-89.143957893487, 28.124814241327602], [-89.14413755654382, 28.124814241327602], [-89.14413755654382, 28.12499390438443], [-89.14431721960064, 28.12499390438443], [-89.14431721960064, 28.12517356744125], [-89.14449688265746, 28.12517356744125], [-89.14449688265746, 28.125353230498074], [-89.14467654571429, 28.125353230498074], [-89.14467654571429, 28.1255328935549], [-89.14485620877112, 28.1255328935549], [-89.14485620877112, 28.125712556611724], [-89.14503587182794, 28.125712556611724], [-89.14503587182794, 28.125892219668547], [-89.14521553488477, 28.125892219668547], [-89.14521553488477, 28.12607188272537], [-89.14539519794158, 28.12607188272537], [-89.14539519794158, 28.126251545782196], [-89.14557486099841, 28.126251545782196], [-89.14557486099841, 28.12643120883902], [-89.14575452405523, 28.12643120883902], [-89.14575452405523, 28.126610871895842], [-89.14593418711206, 28.126610871895842], [-89.14593418711206, 28.126790534952665], [-89.14611385016889, 28.126790534952665], [-89.14611385016889, 28.12697019800949], [-89.14647317628253, 28.12697019800949], [-89.14647317628253, 28.127149861066314], [-89.14665283933935, 28.127149861066314], [-89.14665283933935, 28.127329524123137], [-89.14683250239618, 28.127329524123137], [-89.14683250239618, 28.127509187179964], [-89.147012165453, 28.127509187179964], [-89.147012165453, 28.127688850236787], [-89.14737149156664, 28.127688850236787], [-89.14737149156664, 28.12786851329361], [-89.1477308176803, 28.12786851329361], [-89.1477308176803, 28.128048176350433], [-89.14809014379395, 28.128048176350433], [-89.14809014379395, 28.12822783940726], [-89.14826980685076, 28.12822783940726], [-89.14826980685076, 28.128407502464082], [-89.14844946990759, 28.128407502464082], [-89.14844946990759, 28.128587165520905], [-89.14862913296442, 28.128587165520905], [-89.14862913296442, 28.12876682857773], [-89.14880879602124, 28.12876682857773], [-89.14880879602124, 28.129126154691377], [-89.14898845907807, 28.129126154691377], [-89.14898845907807, 28.1293058177482], [-89.1491681221349, 28.1293058177482], [-89.1491681221349, 28.12966514386185], [-89.14934778519171, 28.12966514386185], [-89.14934778519171, 28.129844806918673], [-89.14952744824853, 28.129844806918673], [-89.14952744824853, 28.130024469975496], [-89.14970711130536, 28.130024469975496], [-89.14970711130536, 28.130383796089145], [-89.14988677436219, 28.130383796089145], [-89.14988677436219, 28.130563459145968], [-89.15006643741901, 28.130563459145968], [-89.15006643741901, 28.130743122202794], [-89.15042576353265, 28.130743122202794], [-89.15042576353265, 28.130922785259617], [-89.15060542658948, 28.130922785259617], [-89.15060542658948, 28.13110244831644], [-89.1507850896463, 28.13110244831644], [-89.1507850896463, 28.131282111373263], [-89.15096475270313, 28.131282111373263], [-89.15096475270313, 28.13146177443009], [-89.15114441575996, 28.13146177443009], [-89.15114441575996, 28.131641437486913], [-89.15132407881677, 28.131641437486913], [-89.15132407881677, 28.131821100543736], [-89.1515037418736, 28.131821100543736], [-89.1515037418736, 28.13200076360056], [-89.15168340493042, 28.13200076360056], [-89.15168340493042, 28.132180426657385], [-89.15186306798725, 28.132180426657385], [-89.15186306798725, 28.13253975277103], [-89.15204273104408, 28.13253975277103], [-89.15204273104408, 28.132719415827857], [-89.15222239410089, 28.132719415827857], [-89.15222239410089, 28.133078741941503], [-89.15240205715772, 28.133078741941503], [-89.15240205715772, 28.133258404998326], [-89.15258172021454, 28.133258404998326], [-89.15258172021454, 28.133438068055153], [-89.15276138327137, 28.133438068055153], [-89.15276138327137, 28.1337973941688], [-89.1529410463282, 28.1337973941688], [-89.1529410463282, 28.13397705722562], [-89.15312070938502, 28.13397705722562], [-89.15312070938502, 28.134156720282448], [-89.15330037244183, 28.134156720282448], [-89.15330037244183, 28.13433638333927], [-89.15348003549866, 28.13433638333927], [-89.15348003549866, 28.134516046396094], [-89.15365969855549, 28.134516046396094], [-89.15365969855549, 28.13469570945292], [-89.15401902466914, 28.13469570945292], [-89.15401902466914, 28.134875372509743], [-89.15419868772595, 28.134875372509743], [-89.15419868772595, 28.135055035566566], [-89.15437835078278, 28.135055035566566], [-89.15437835078278, 28.13523469862339], [-89.1545580138396, 28.13523469862339], [-89.1545580138396, 28.135414361680215], [-89.15473767689643, 28.135414361680215], [-89.15473767689643, 28.13559402473704], [-89.15491733995326, 28.13559402473704], [-89.15491733995326, 28.13577368779386], [-89.15509700301008, 28.13577368779386], [-89.15509700301008, 28.135953350850684], [-89.1552766660669, 28.135953350850684], [-89.1552766660669, 28.13613301390751], [-89.15545632912372, 28.13613301390751], [-89.15545632912372, 28.136312676964334], [-89.15563599218055, 28.136312676964334], [-89.15563599218055, 28.136492340021157], [-89.15581565523738, 28.136492340021157], [-89.15581565523738, 28.136672003077983], [-89.1559953182942, 28.136672003077983], [-89.1559953182942, 28.136851666134806], [-89.15617498135101, 28.136851666134806], [-89.15617498135101, 28.13703132919163], [-89.15635464440784, 28.13703132919163], [-89.15635464440784, 28.137210992248452], [-89.15653430746467, 28.137210992248452], [-89.15653430746467, 28.13739065530528], [-89.1567139705215, 28.13739065530528], [-89.1567139705215, 28.1375703183621], [-89.15689363357832, 28.1375703183621], [-89.15689363357832, 28.137749981418924], [-89.15707329663515, 28.137749981418924], [-89.15707329663515, 28.137929644475747], [-89.15725295969196, 28.137929644475747], [-89.15725295969196, 28.138288970589397], [-89.15743262274879, 28.138288970589397], [-89.15743262274879, 28.13846863364622], [-89.15761228580561, 28.13846863364622], [-89.15761228580561, 28.138648296703046], [-89.15779194886244, 28.138648296703046], [-89.15779194886244, 28.13882795975987], [-89.15815127497608, 28.13882795975987], [-89.15815127497608, 28.139007622816692], [-89.1583309380329, 28.139007622816692], [-89.1583309380329, 28.139187285873515], [-89.15851060108973, 28.139187285873515], [-89.15851060108973, 28.13936694893034], [-89.15869026414656, 28.13936694893034], [-89.15869026414656, 28.139546611987164], [-89.15904959026021, 28.139546611987164], [-89.15904959026021, 28.139726275043987], [-89.15922925331702, 28.139726275043987], [-89.15922925331702, 28.13990593810081], [-89.15940891637385, 28.13990593810081], [-89.15940891637385, 28.140085601157637], [-89.15958857943068, 28.140085601157637], [-89.15958857943068, 28.14026526421446], [-89.1597682424875, 28.14026526421446], [-89.1597682424875, 28.140444927271282], [-89.16012756860114, 28.140444927271282], [-89.16012756860114, 28.14062459032811], [-89.1604868947148, 28.14062459032811], [-89.1604868947148, 28.140804253384932], [-89.16066655777162, 28.140804253384932], [-89.16066655777162, 28.140983916441755], [-89.16102588388527, 28.140983916441755], [-89.16102588388527, 28.141163579498578], [-89.16120554694209, 28.141163579498578], [-89.16120554694209, 28.141343242555404], [-89.16138520999891, 28.141343242555404], [-89.16138520999891, 28.141522905612227], [-89.16156487305574, 28.141522905612227], [-89.16156487305574, 28.14170256866905], [-89.16174453611256, 28.14170256866905], [-89.16174453611256, 28.141882231725873], [-89.16192419916939, 28.141882231725873], [-89.16192419916939, 28.1420618947827], [-89.16228352528303, 28.1420618947827], [-89.16228352528303, 28.142241557839522], [-89.16264285139668, 28.142241557839522], [-89.16264285139668, 28.142421220896345], [-89.16282251445351, 28.142421220896345], [-89.16282251445351, 28.142600883953172], [-89.16318184056715, 28.142600883953172], [-89.16318184056715, 28.142780547009995], [-89.16372082973763, 28.142780547009995], [-89.16372082973763, 28.142960210066818], [-89.16425981890809, 28.142960210066818], [-89.16425981890809, 28.14313987312364], [-89.16479880807857, 28.14313987312364], [-89.16479880807857, 28.143319536180467], [-89.1649784711354, 28.143319536180467], [-89.1649784711354, 28.14349919923729], [-89.16533779724904, 28.14349919923729], [-89.16533779724904, 28.143678862294113], [-89.16551746030586, 28.143678862294113], [-89.16551746030586, 28.143858525350936], [-89.16569712336269, 28.143858525350936], [-89.16569712336269, 28.144038188407762], [-89.16587678641952, 28.144038188407762], [-89.16587678641952, 28.144217851464585], [-89.16605644947633, 28.144217851464585], [-89.16605644947633, 28.14439751452141], [-89.16641577558998, 28.14439751452141], [-89.16641577558998, 28.144577177578235], [-89.16659543864681, 28.144577177578235], [-89.16659543864681, 28.144756840635058], [-89.16677510170364, 28.144756840635058], [-89.16677510170364, 28.14493650369188], [-89.16695476476046, 28.14493650369188], [-89.16695476476046, 28.145116166748704], [-89.16713442781727, 28.145116166748704], [-89.16713442781727, 28.14529582980553], [-89.16749375393093, 28.14529582980553], [-89.16749375393093, 28.145475492862353], [-89.16767341698775, 28.145475492862353], [-89.16767341698775, 28.145655155919176], [-89.16803274310139, 28.145655155919176], [-89.16803274310139, 28.145834818976], [-89.16821240615822, 28.145834818976], [-89.16821240615822, 28.146014482032825], [-89.16839206921505, 28.146014482032825], [-89.16839206921505, 28.14619414508965], [-89.1687513953287, 28.14619414508965], [-89.1687513953287, 28.14637380814647], [-89.16893105838552, 28.14637380814647], [-89.16893105838552, 28.146553471203298], [-89.16929038449916, 28.146553471203298], [-89.16929038449916, 28.14673313426012], [-89.16947004755599, 28.14673313426012], [-89.16947004755599, 28.146912797316944], [-89.16964971061282, 28.146912797316944], [-89.16964971061282, 28.147092460373766], [-89.16982937366964, 28.147092460373766], [-89.16982937366964, 28.147272123430593], [-89.17000903672646, 28.147272123430593], [-89.17000903672646, 28.147451786487416], [-89.17018869978328, 28.147451786487416], [-89.17018869978328, 28.14763144954424], [-89.17036836284011, 28.14763144954424], [-89.17036836284011, 28.14781111260106], [-89.17054802589693, 28.14781111260106], [-89.17054802589693, 28.14817043871471], [-89.17072768895376, 28.14817043871471], [-89.17072768895376, 28.148350101771534], [-89.17090735201059, 28.148350101771534], [-89.17090735201059, 28.14852976482836], [-89.1710870150674, 28.14852976482836], [-89.1710870150674, 28.148709427885183], [-89.17126667812423, 28.148709427885183], [-89.17126667812423, 28.148889090942006], [-89.17144634118105, 28.148889090942006], [-89.17144634118105, 28.149248417055656], [-89.17162600423788, 28.149248417055656], [-89.17162600423788, 28.14942808011248], [-89.1718056672947, 28.14942808011248], [-89.1718056672947, 28.149787406226128], [-89.17198533035152, 28.149787406226128], [-89.17198533035152, 28.14996706928295], [-89.17216499340834, 28.14996706928295], [-89.17216499340834, 28.150326395396597], [-89.17234465646517, 28.150326395396597], [-89.17234465646517, 28.150506058453423], [-89.172524319522, 28.150506058453423], [-89.172524319522, 28.150685721510246], [-89.17270398257882, 28.150685721510246], [-89.17270398257882, 28.15086538456707], [-89.17288364563565, 28.15086538456707], [-89.17288364563565, 28.151045047623892], [-89.17324297174929, 28.151045047623892], [-89.17324297174929, 28.15122471068072], [-89.17342263480612, 28.15122471068072], [-89.17342263480612, 28.15140437373754], [-89.17378196091977, 28.15140437373754], [-89.17378196091977, 28.151584036794365], [-89.17396162397658, 28.151584036794365], [-89.17396162397658, 28.15176369985119], [-89.17432095009023, 28.15176369985119], [-89.17432095009023, 28.151943362908014], [-89.17468027620389, 28.151943362908014], [-89.17468027620389, 28.152123025964837], [-89.17503960231753, 28.152123025964837], [-89.17503960231753, 28.15230268902166], [-89.17539892843118, 28.15230268902166], [-89.17539892843118, 28.152482352078486], [-89.17575825454483, 28.152482352078486], [-89.17575825454483, 28.15266201513531], [-89.17611758065847, 28.15266201513531], [-89.17611758065847, 28.152841678192132], [-89.17665656982895, 28.152841678192132], [-89.17665656982895, 28.153021341248955], [-89.17719555899941, 28.153021341248955], [-89.17719555899941, 28.15320100430578], [-89.1777345481699, 28.15320100430578], [-89.1777345481699, 28.153380667362605], [-89.17791421122672, 28.153380667362605], [-89.17791421122672, 28.153560330419428], [-89.17809387428353, 28.153560330419428], [-89.17809387428353, 28.153739993476254], [-89.17827353734036, 28.153739993476254], [-89.17827353734036, 28.153919656533077], [-89.17845320039719, 28.153919656533077], [-89.17845320039719, 28.1540993195899], [-89.17863286345401, 28.1540993195899], [-89.17863286345401, 28.154278982646723], [-89.17881252651084, 28.154278982646723], [-89.17881252651084, 28.154638308760372], [-89.17899218956765, 28.154638308760372], [-89.17899218956765, 28.154817971817195], [-89.17917185262448, 28.154817971817195], [-89.17917185262448, 28.155177297930845], [-89.1793515156813, 28.155177297930845], [-89.1793515156813, 28.15553662404449], [-89.17953117873813, 28.15553662404449], [-89.17953117873813, 28.15589595015814], [-89.17971084179496, 28.15589595015814], [-89.17971084179496, 28.156075613214963], [-89.17989050485178, 28.156075613214963], [-89.17989050485178, 28.156614602385435], [-89.1800701679086, 28.156614602385435], [-89.1800701679086, 28.15697392849908], [-89.18024983096542, 28.15697392849908], [-89.18024983096542, 28.157153591555907], [-89.18042949402225, 28.157153591555907], [-89.18042949402225, 28.157512917669553], [-89.18060915707908, 28.157512917669553], [-89.18060915707908, 28.15769258072638], [-89.1807888201359, 28.15769258072638], [-89.1807888201359, 28.157872243783203], [-89.18096848319271, 28.157872243783203], [-89.18096848319271, 28.158051906840026], [-89.18114814624954, 28.158051906840026], [-89.18114814624954, 28.15823156989685], [-89.18132780930637, 28.15823156989685], [-89.18132780930637, 28.158411232953675], [-89.1815074723632, 28.158411232953675], [-89.1815074723632, 28.158590896010498], [-89.18168713542002, 28.158590896010498], [-89.18168713542002, 28.15877055906732], [-89.18186679847685, 28.15877055906732], [-89.18186679847685, 28.158950222124144], [-89.18222612459049, 28.158950222124144], [-89.18222612459049, 28.15912988518097], [-89.18240578764731, 28.15912988518097], [-89.18240578764731, 28.159309548237793], [-89.18258545070414, 28.159309548237793], [-89.18258545070414, 28.159489211294616], [-89.18276511376096, 28.159489211294616], [-89.18276511376096, 28.159668874351443], [-89.18294477681778, 28.159668874351443], [-89.18294477681778, 28.159848537408266], [-89.1831244398746, 28.159848537408266], [-89.1831244398746, 28.16002820046509], [-89.18330410293143, 28.16002820046509], [-89.18330410293143, 28.16020786352191], [-89.18348376598826, 28.16020786352191], [-89.18348376598826, 28.160387526578738], [-89.18384309210191, 28.160387526578738], [-89.18384309210191, 28.16056718963556], [-89.18402275515872, 28.16056718963556], [-89.18402275515872, 28.160746852692384], [-89.18420241821555, 28.160746852692384], [-89.18420241821555, 28.160926515749207], [-89.18438208127237, 28.160926515749207], [-89.18438208127237, 28.161106178806033], [-89.1845617443292, 28.161106178806033], [-89.1845617443292, 28.161285841862856], [-89.18492107044284, 28.161285841862856], [-89.18492107044284, 28.16146550491968], [-89.18510073349967, 28.16146550491968], [-89.18510073349967, 28.161645167976506], [-89.18546005961332, 28.161645167976506], [-89.18546005961332, 28.16182483103333], [-89.18563972267015, 28.16182483103333], [-89.18563972267015, 28.16200449409015], [-89.18599904878378, 28.16200449409015], [-89.18599904878378, 28.162184157146974], [-89.18617871184061, 28.162184157146974], [-89.18617871184061, 28.1623638202038], [-89.18653803795426, 28.1623638202038], [-89.18653803795426, 28.162543483260624], [-89.18671770101109, 28.162543483260624], [-89.18671770101109, 28.162723146317447], [-89.1868973640679, 28.162723146317447], [-89.1868973640679, 28.16290280937427], [-89.18707702712473, 28.16290280937427], [-89.18707702712473, 28.16326213548792], [-89.18725669018156, 28.16326213548792], [-89.18725669018156, 28.16362146160157], [-89.18743635323838, 28.16362146160157], [-89.18743635323838, 28.16380112465839], [-89.18761601629521, 28.16380112465839], [-89.18761601629521, 28.164160450772037], [-89.18779567935204, 28.164160450772037], [-89.18779567935204, 28.164340113828864], [-89.18797534240885, 28.164340113828864], [-89.18797534240885, 28.164519776885687], [-89.18815500546567, 28.164519776885687], [-89.18815500546567, 28.16469943994251], [-89.18851433157933, 28.16469943994251], [-89.18851433157933, 28.164879102999336], [-89.18869399463615, 28.164879102999336], [-89.18869399463615, 28.16505876605616], [-89.18941264686345, 28.16505876605616], [-89.18941264686345, 28.165238429112982], [-89.1897719729771, 28.165238429112982], [-89.1897719729771, 28.16505876605616], [-89.19067028826122, 28.16505876605616], [-89.19067028826122, 28.165238429112982], [-89.19120927743168, 28.165238429112982], [-89.19120927743168, 28.165418092169805], [-89.19138894048851, 28.165418092169805], [-89.19138894048851, 28.165777418283454], [-89.19156860354533, 28.165777418283454], [-89.19156860354533, 28.165957081340277], [-89.19174826660216, 28.165957081340277], [-89.19174826660216, 28.1661367443971], [-89.19192792965897, 28.1661367443971], [-89.19192792965897, 28.166316407453927], [-89.1921075927158, 28.166316407453927], [-89.1921075927158, 28.16649607051075], [-89.19228725577263, 28.16649607051075], [-89.19228725577263, 28.166675733567573], [-89.19246691882945, 28.166675733567573], [-89.19246691882945, 28.167035059681222], [-89.19264658188628, 28.167035059681222], [-89.19264658188628, 28.167214722738045], [-89.19282624494309, 28.167214722738045], [-89.19282624494309, 28.167574048851694], [-89.19300590799992, 28.167574048851694], [-89.19300590799992, 28.167753711908517], [-89.19318557105674, 28.167753711908517], [-89.19318557105674, 28.16793337496534], [-89.19336523411357, 28.16793337496534], [-89.19336523411357, 28.168113038022163], [-89.1935448971704, 28.168113038022163], [-89.1935448971704, 28.16829270107899], [-89.19372456022722, 28.16829270107899], [-89.19372456022722, 28.168472364135813], [-89.19390422328404, 28.168472364135813], [-89.19390422328404, 28.168831690249462], [-89.19408388634086, 28.168831690249462], [-89.19408388634086, 28.169011353306285], [-89.19426354939769, 28.169011353306285], [-89.19426354939769, 28.16937067941993], [-89.19444321245452, 28.16937067941993], [-89.19444321245452, 28.169550342476757], [-89.19462287551134, 28.169550342476757], [-89.19462287551134, 28.169909668590403], [-89.19480253856815, 28.169909668590403], [-89.19480253856815, 28.170089331647226], [-89.19498220162498, 28.170089331647226], [-89.19498220162498, 28.170268994704053], [-89.19516186468181, 28.170268994704053], [-89.19516186468181, 28.1706283208177], [-89.19534152773863, 28.1706283208177], [-89.19534152773863, 28.170807983874525], [-89.19552119079546, 28.170807983874525], [-89.19552119079546, 28.17116730998817], [-89.19570085385229, 28.17116730998817], [-89.19570085385229, 28.171706299158643], [-89.1958805169091, 28.171706299158643], [-89.1958805169091, 28.17206562527229], [-89.19606017996593, 28.17206562527229], [-89.19606017996593, 28.172245288329115], [-89.19623984302275, 28.172245288329115], [-89.19623984302275, 28.17242495138594], [-89.19641950607958, 28.17242495138594], [-89.19641950607958, 28.172784277499588], [-89.1965991691364, 28.172784277499588], [-89.1965991691364, 28.17296394055641], [-89.19677883219322, 28.17296394055641], [-89.19677883219322, 28.173143603613234], [-89.19695849525004, 28.173143603613234], [-89.19695849525004, 28.173323266670057], [-89.19713815830687, 28.173323266670057], [-89.19713815830687, 28.173682592783706], [-89.1973178213637, 28.173682592783706], [-89.1973178213637, 28.17386225584053], [-89.19749748442052, 28.17386225584053], [-89.19749748442052, 28.174041918897352], [-89.19767714747735, 28.174041918897352], [-89.19767714747735, 28.17422158195418], [-89.19785681053416, 28.17422158195418], [-89.19785681053416, 28.174401245011], [-89.19803647359099, 28.174401245011], [-89.19803647359099, 28.174580908067824], [-89.19821613664782, 28.174580908067824], [-89.19821613664782, 28.17476057112465], [-89.19839579970464, 28.17476057112465], [-89.19839579970464, 28.174940234181474], [-89.19857546276147, 28.174940234181474], [-89.19857546276147, 28.175119897238297], [-89.19875512581828, 28.175119897238297], [-89.19875512581828, 28.17529956029512], [-89.1989347888751, 28.17529956029512], [-89.1989347888751, 28.175479223351946], [-89.19911445193193, 28.175479223351946], [-89.19911445193193, 28.17565888640877], [-89.19929411498876, 28.17565888640877], [-89.19929411498876, 28.175838549465592], [-89.19947377804559, 28.175838549465592], [-89.19947377804559, 28.176018212522415], [-89.19965344110241, 28.176018212522415], [-89.19965344110241, 28.176377538636064], [-89.19983310415923, 28.176377538636064], [-89.19983310415923, 28.176557201692887], [-89.20001276721605, 28.176557201692887], [-89.20001276721605, 28.176736864749714], [-89.20019243027288, 28.176736864749714], [-89.20019243027288, 28.17709619086336], [-89.2003720933297, 28.17709619086336], [-89.2003720933297, 28.177275853920182], [-89.20055175638653, 28.177275853920182], [-89.20055175638653, 28.17745551697701], [-89.20073141944334, 28.17745551697701], [-89.20073141944334, 28.177635180033832], [-89.20091108250017, 28.177635180033832], [-89.20091108250017, 28.177814843090655], [-89.201090745557, 28.177814843090655], [-89.201090745557, 28.177994506147478], [-89.20127040861382, 28.177994506147478], [-89.20127040861382, 28.178174169204304], [-89.20145007167065, 28.178174169204304], [-89.20145007167065, 28.178353832261127], [-89.20162973472748, 28.178353832261127], [-89.20162973472748, 28.178713158374777], [-89.20180939778429, 28.178713158374777], [-89.20180939778429, 28.1788928214316], [-89.20198906084111, 28.1788928214316], [-89.20198906084111, 28.179072484488422], [-89.20216872389794, 28.179072484488422], [-89.20216872389794, 28.179252147545245], [-89.20234838695477, 28.179252147545245], [-89.20234838695477, 28.179611473658895], [-89.2025280500116, 28.179611473658895], [-89.2025280500116, 28.179791136715718], [-89.2027077130684, 28.179791136715718], [-89.2027077130684, 28.180150462829367], [-89.20288737612523, 28.180150462829367], [-89.20288737612523, 28.18033012588619], [-89.20306703918206, 28.18033012588619], [-89.20306703918206, 28.18068945199984], [-89.20324670223889, 28.18068945199984], [-89.20324670223889, 28.181048778113485], [-89.20342636529571, 28.181048778113485], [-89.20342636529571, 28.18122844117031], [-89.20360602835254, 28.18122844117031], [-89.20360602835254, 28.181408104227135], [-89.20378569140935, 28.181408104227135], [-89.20378569140935, 28.181587767283958], [-89.20396535446618, 28.181587767283958], [-89.20396535446618, 28.18176743034078], [-89.204145017523, 28.18176743034078], [-89.204145017523, 28.181947093397604], [-89.20432468057983, 28.181947093397604], [-89.20432468057983, 28.182306419511253], [-89.20450434363666, 28.182306419511253], [-89.20450434363666, 28.182665745624902], [-89.20468400669347, 28.182665745624902], [-89.20468400669347, 28.182845408681725], [-89.2048636697503, 28.182845408681725], [-89.2048636697503, 28.183025071738548], [-89.20504333280712, 28.183025071738548], [-89.20504333280712, 28.18320473479537], [-89.20522299586395, 28.18320473479537], [-89.20522299586395, 28.18356406090902], [-89.2055823219776, 28.18356406090902], [-89.2055823219776, 28.183743723965843], [-89.20576198503441, 28.183743723965843], [-89.20576198503441, 28.183923387022666], [-89.20594164809124, 28.183923387022666], [-89.20594164809124, 28.184103050079493], [-89.20612131114807, 28.184103050079493], [-89.20612131114807, 28.184282713136316], [-89.2063009742049, 28.184282713136316], [-89.2063009742049, 28.18446237619314], [-89.20648063726172, 28.18446237619314], [-89.20648063726172, 28.184642039249965], [-89.20666030031853, 28.184642039249965], [-89.20666030031853, 28.184821702306788], [-89.20683996337536, 28.184821702306788], [-89.20683996337536, 28.18500136536361], [-89.20719928948901, 28.18500136536361], [-89.20719928948901, 28.185181028420434], [-89.20737895254584, 28.185181028420434], [-89.20737895254584, 28.18536069147726], [-89.20755861560266, 28.18536069147726], [-89.20755861560266, 28.185540354534083], [-89.2079179417163, 28.185540354534083], [-89.2079179417163, 28.185720017590906], [-89.20809760477313, 28.185720017590906], [-89.20809760477313, 28.185899680647733], [-89.20827726782996, 28.185899680647733], [-89.20827726782996, 28.186079343704556], [-89.20845693088678, 28.186079343704556], [-89.20845693088678, 28.18625900676138], [-89.2086365939436, 28.18625900676138], [-89.2086365939436, 28.186618332875028], [-89.20881625700042, 28.186618332875028], [-89.20881625700042, 28.18679799593185], [-89.20899592005725, 28.18679799593185], [-89.20899592005725, 28.186977658988674], [-89.20917558311407, 28.186977658988674], [-89.20917558311407, 28.187336985102323], [-89.2093552461709, 28.187336985102323], [-89.2093552461709, 28.187516648159146], [-89.20953490922773, 28.187516648159146], [-89.20953490922773, 28.18769631121597], [-89.20971457228454, 28.18769631121597], [-89.20971457228454, 28.18805563732962], [-89.20989423534137, 28.18805563732962], [-89.20989423534137, 28.18823530038644], [-89.21007389839819, 28.18823530038644], [-89.21007389839819, 28.188414963443265], [-89.21025356145502, 28.188414963443265], [-89.21025356145502, 28.188774289556914], [-89.21043322451185, 28.188774289556914], [-89.21043322451185, 28.188953952613737], [-89.21061288756866, 28.188953952613737], [-89.21061288756866, 28.18913361567056], [-89.21079255062548, 28.18913361567056], [-89.21079255062548, 28.18949294178421], [-89.21097221368231, 28.18949294178421], [-89.21097221368231, 28.189672604841032], [-89.21115187673914, 28.189672604841032], [-89.21115187673914, 28.19003193095468], [-89.21133153979596, 28.19003193095468], [-89.21133153979596, 28.190211594011505], [-89.21151120285279, 28.190211594011505], [-89.21151120285279, 28.190391257068327], [-89.2116908659096, 28.190391257068327], [-89.2116908659096, 28.190750583181977], [-89.21187052896643, 28.190750583181977], [-89.21187052896643, 28.1909302462388], [-89.21222985508008, 28.1909302462388], [-89.21222985508008, 28.191109909295623], [-89.21240951813691, 28.191109909295623], [-89.21240951813691, 28.19128957235245], [-89.21258918119372, 28.19128957235245], [-89.21258918119372, 28.191469235409272], [-89.21276884425055, 28.191469235409272], [-89.21276884425055, 28.191648898466095], [-89.21294850730737, 28.191648898466095], [-89.21294850730737, 28.19182856152292], [-89.2131281703642, 28.19182856152292], [-89.2131281703642, 28.192187887636567], [-89.21330783342103, 28.192187887636567], [-89.21330783342103, 28.19236755069339], [-89.21366715953467, 28.19236755069339], [-89.21366715953467, 28.192547213750217], [-89.21384682259149, 28.192547213750217], [-89.21384682259149, 28.19272687680704], [-89.21402648564832, 28.19272687680704], [-89.21402648564832, 28.193086202920686], [-89.21420614870514, 28.193086202920686], [-89.21420614870514, 28.193265865977512], [-89.21438581176197, 28.193265865977512], [-89.21438581176197, 28.193445529034335], [-89.21456547481878, 28.193445529034335], [-89.21456547481878, 28.193804855147985], [-89.21474513787561, 28.193804855147985], [-89.21474513787561, 28.19416418126163], [-89.21492480093244, 28.19416418126163], [-89.21492480093244, 28.194343844318453], [-89.21510446398926, 28.194343844318453], [-89.21510446398926, 28.19452350737528], [-89.21528412704609, 28.19452350737528], [-89.21528412704609, 28.194882833488926], [-89.21546379010292, 28.194882833488926], [-89.21546379010292, 28.195421822659398], [-89.21564345315973, 28.195421822659398], [-89.21564345315973, 28.195781148773047], [-89.21582311621655, 28.195781148773047], [-89.21582311621655, 28.196320137943516], [-89.21600277927338, 28.196320137943516], [-89.21600277927338, 28.19685912711399], [-89.21618244233021, 28.19685912711399], [-89.21618244233021, 28.197218453227638], [-89.21636210538703, 28.197218453227638], [-89.21636210538703, 28.19739811628446], [-89.21654176844385, 28.19739811628446], [-89.21654176844385, 28.19775744239811], [-89.21672143150067, 28.19775744239811], [-89.21672143150067, 28.198116768511756], [-89.2169010945575, 28.198116768511756], [-89.2169010945575, 28.198476094625406], [-89.21708075761433, 28.198476094625406], [-89.21708075761433, 28.19865575768223], [-89.21726042067115, 28.19865575768223], [-89.21726042067115, 28.1991947468527], [-89.21744008372798, 28.1991947468527], [-89.21744008372798, 28.199733736023173], [-89.21761974678479, 28.199733736023173], [-89.21761974678479, 28.20009306213682], [-89.21779940984162, 28.20009306213682], [-89.21779940984162, 28.200272725193642], [-89.21797907289844, 28.200272725193642], [-89.21797907289844, 28.20063205130729], [-89.21815873595527, 28.20063205130729], [-89.21815873595527, 28.200811714364114], [-89.2183383990121, 28.200811714364114], [-89.2183383990121, 28.20099137742094], [-89.21851806206891, 28.20099137742094], [-89.21851806206891, 28.201171040477764], [-89.21869772512574, 28.201171040477764], [-89.21869772512574, 28.20153036659141], [-89.21887738818256, 28.20153036659141], [-89.21887738818256, 28.20188969270506], [-89.21905705123939, 28.20188969270506], [-89.21905705123939, 28.202069355761882], [-89.21923671429622, 28.202069355761882], [-89.21923671429622, 28.202249018818705], [-89.21941637735304, 28.202249018818705], [-89.21941637735304, 28.20242868187553], [-89.21959604040985, 28.20242868187553], [-89.21959604040985, 28.202608344932354], [-89.21977570346668, 28.202608344932354], [-89.21977570346668, 28.202788007989177], [-89.21995536652351, 28.202788007989177], [-89.21995536652351, 28.202967671046004], [-89.22031469263716, 28.202967671046004], [-89.22031469263716, 28.203147334102827], [-89.22049435569397, 28.203147334102827], [-89.22049435569397, 28.20332699715965], [-89.22085368180763, 28.20332699715965], [-89.22085368180763, 28.203506660216473], [-89.22103334486445, 28.203506660216473], [-89.22103334486445, 28.2036863232733], [-89.22121300792128, 28.2036863232733], [-89.22121300792128, 28.203865986330122], [-89.22157233403492, 28.203865986330122], [-89.22157233403492, 28.204045649386945], [-89.22193166014857, 28.204045649386945], [-89.22193166014857, 28.204225312443768], [-89.2221113232054, 28.204225312443768], [-89.2221113232054, 28.204404975500594], [-89.22229098626222, 28.204404975500594], [-89.22229098626222, 28.204584638557417], [-89.22265031237586, 28.204584638557417], [-89.22265031237586, 28.20476430161424], [-89.22282997543269, 28.20476430161424], [-89.22282997543269, 28.204943964671067], [-89.22300963848951, 28.204943964671067], [-89.22300963848951, 28.20512362772789], [-89.22336896460317, 28.20512362772789], [-89.22336896460317, 28.205303290784713], [-89.22354862765998, 28.205303290784713], [-89.22354862765998, 28.205482953841535], [-89.22390795377363, 28.205482953841535], [-89.22390795377363, 28.205662616898362], [-89.22408761683046, 28.205662616898362], [-89.22408761683046, 28.205842279955185], [-89.22426727988729, 28.205842279955185], [-89.22426727988729, 28.206021943012008], [-89.2244469429441, 28.206021943012008], [-89.2244469429441, 28.206381269125657], [-89.22462660600092, 28.206381269125657], [-89.22462660600092, 28.206740595239303], [-89.22480626905775, 28.206740595239303], [-89.22480626905775, 28.20692025829613], [-89.22498593211458, 28.20692025829613], [-89.22498593211458, 28.207279584409775], [-89.2251655951714, 28.207279584409775], [-89.2251655951714, 28.2074592474666], [-89.22534525822823, 28.2074592474666], [-89.22534525822823, 28.207638910523425], [-89.22552492128504, 28.207638910523425], [-89.22552492128504, 28.207818573580248], [-89.22570458434187, 28.207818573580248], [-89.22570458434187, 28.20799823663707], [-89.2258842473987, 28.20799823663707], [-89.2258842473987, 28.208177899693894], [-89.22624357351235, 28.208177899693894], [-89.22624357351235, 28.20835756275072], [-89.2275012149101, 28.20835756275072]]]}, "properties": {"candidate_id": "E007-C5", "component_id": 5, "area_m2": 4926762.973985381, "perimeter_m": 37781.79924012175, "centroid_lon": -89.18536851693483, "centroid_lat": 28.161515036072366, "major_axis_m": 13305.038927605296, "minor_axis_m": 942.8442212174295, "width_proxy_m": 370.29301460842277, "orientation_deg_from_north": 139.01427637167345, "elongation": 14.111598319418471, "compactness_polsby_popper": 0.043371681607660036, "prob_mean": 0.9656212840603582, "prob_max": 1.0, "n_px_image_space": 14023, "bbox_west": -89.2289385193647, "bbox_south": 28.118166708225118, "bbox_east": -89.13856800178228, "bbox_north": 28.20835756275072}}, {"type": "Feature", "geometry": {"type": "Polygon", "coordinates": [[[-89.08323178028051, 28.204943964671067], [-89.08323178028051, 28.20476430161424], [-89.08341144333734, 28.20476430161424], [-89.08341144333734, 28.204584638557417], [-89.08359110639417, 28.204584638557417], [-89.08359110639417, 28.204404975500594], [-89.083770769451, 28.204404975500594], [-89.083770769451, 28.203506660216473], [-89.08359110639417, 28.203506660216473], [-89.08359110639417, 28.203147334102827], [-89.08341144333734, 28.203147334102827], [-89.08341144333734, 28.202788007989177], [-89.08305211722369, 28.202788007989177], [-89.08305211722369, 28.202608344932354], [-89.08269279111005, 28.202608344932354], [-89.08269279111005, 28.20242868187553], [-89.08143514971228, 28.20242868187553], [-89.08143514971228, 28.202249018818705], [-89.08089616054181, 28.202249018818705], [-89.08089616054181, 28.202069355761882], [-89.08053683442816, 28.202069355761882], [-89.08053683442816, 28.20188969270506], [-89.0801775083145, 28.20188969270506], [-89.0801775083145, 28.201710029648236], [-89.07981818220087, 28.201710029648236], [-89.07981818220087, 28.20153036659141], [-89.07963851914404, 28.20153036659141], [-89.07963851914404, 28.201350703534587], [-89.07927919303039, 28.201350703534587], [-89.07927919303039, 28.201171040477764], [-89.07891986691675, 28.201171040477764], [-89.07891986691675, 28.20099137742094], [-89.0785605408031, 28.20099137742094], [-89.0785605408031, 28.200811714364114], [-89.07838087774627, 28.200811714364114], [-89.07838087774627, 28.20063205130729], [-89.07820121468944, 28.20063205130729], [-89.07820121468944, 28.200272725193642], [-89.07802155163262, 28.200272725193642], [-89.07802155163262, 28.199733736023173], [-89.07766222551898, 28.199733736023173], [-89.07766222551898, 28.199554072966347], [-89.07730289940532, 28.199554072966347], [-89.07730289940532, 28.199374409909524], [-89.0771232363485, 28.199374409909524], [-89.0771232363485, 28.1991947468527], [-89.07694357329169, 28.1991947468527], [-89.07694357329169, 28.199015083795874], [-89.07676391023486, 28.199015083795874], [-89.07676391023486, 28.19883542073905], [-89.07658424717803, 28.19883542073905], [-89.07658424717803, 28.19829643156858], [-89.0764045841212, 28.19829643156858], [-89.0764045841212, 28.198116768511756], [-89.07622492106438, 28.198116768511756], [-89.07622492106438, 28.197937105454933], [-89.07604525800755, 28.197937105454933], [-89.07604525800755, 28.19775744239811], [-89.07532660578026, 28.19775744239811], [-89.07532660578026, 28.198116768511756], [-89.07514694272344, 28.198116768511756], [-89.07514694272344, 28.19883542073905], [-89.07532660578026, 28.19883542073905], [-89.07532660578026, 28.1991947468527], [-89.07550626883709, 28.1991947468527], [-89.07550626883709, 28.199374409909524], [-89.07568593189391, 28.199374409909524], [-89.07568593189391, 28.199554072966347], [-89.07586559495074, 28.199554072966347], [-89.07586559495074, 28.199733736023173], [-89.07604525800755, 28.199733736023173], [-89.07604525800755, 28.199913399079996], [-89.07622492106438, 28.199913399079996], [-89.07622492106438, 28.200272725193642], [-89.0764045841212, 28.200272725193642], [-89.0764045841212, 28.20063205130729], [-89.07658424717803, 28.20063205130729], [-89.07658424717803, 28.200811714364114], [-89.07676391023486, 28.200811714364114], [-89.07676391023486, 28.20099137742094], [-89.07694357329169, 28.20099137742094], [-89.07694357329169, 28.201171040477764], [-89.07748256246215, 28.201171040477764], [-89.07748256246215, 28.201350703534587], [-89.0778418885758, 28.201350703534587], [-89.0778418885758, 28.20153036659141], [-89.07802155163262, 28.20153036659141], [-89.07802155163262, 28.202069355761882], [-89.07820121468944, 28.202069355761882], [-89.07820121468944, 28.202608344932354], [-89.07838087774627, 28.202608344932354], [-89.07838087774627, 28.202967671046004], [-89.0785605408031, 28.202967671046004], [-89.0785605408031, 28.203147334102827], [-89.07874020385992, 28.203147334102827], [-89.07874020385992, 28.20332699715965], [-89.07891986691675, 28.20332699715965], [-89.07891986691675, 28.2036863232733], [-89.07927919303039, 28.2036863232733], [-89.07927919303039, 28.203865986330122], [-89.07963851914404, 28.203865986330122], [-89.07963851914404, 28.204045649386945], [-89.0801775083145, 28.204045649386945], [-89.0801775083145, 28.204225312443768], [-89.08053683442816, 28.204225312443768], [-89.08053683442816, 28.204404975500594], [-89.08089616054181, 28.204404975500594], [-89.08089616054181, 28.204584638557417], [-89.08125548665545, 28.204584638557417], [-89.08125548665545, 28.20476430161424], [-89.08179447582593, 28.20476430161424], [-89.08179447582593, 28.204943964671067], [-89.08323178028051, 28.204943964671067]]]}, "properties": {"candidate_id": "E007-C6", "component_id": 6, "area_m2": 197727.82796944678, "perimeter_m": 3286.1982995281687, "centroid_lon": -89.07964945752789, "centroid_lat": 28.20210460717335, "major_axis_m": 1106.3902563008237, "minor_axis_m": 348.05725100957926, "width_proxy_m": 178.7143612693614, "orientation_deg_from_north": 127.62696074607034, "elongation": 3.1787593940123764, "compactness_polsby_popper": 0.23008596423966685, "prob_mean": 0.8902662440896246, "prob_max": 0.999262809753418, "n_px_image_space": 563, "bbox_west": -89.083770769451, "bbox_south": 28.19775744239811, "bbox_east": -89.07514694272344, "bbox_north": 28.204943964671067}}, {"type": "Feature", "geometry": {"type": "Polygon", "coordinates": [[[-89.10676764072444, 28.199554072966347], [-89.10676764072444, 28.199374409909524], [-89.10694730378127, 28.199374409909524], [-89.10694730378127, 28.198476094625406], [-89.10676764072444, 28.198476094625406], [-89.10676764072444, 28.198116768511756], [-89.10658797766763, 28.198116768511756], [-89.10658797766763, 28.197937105454933], [-89.1064083146108, 28.197937105454933], [-89.1064083146108, 28.19775744239811], [-89.10622865155398, 28.19775744239811], [-89.10622865155398, 28.197577779341284], [-89.10604898849715, 28.197577779341284], [-89.10604898849715, 28.19739811628446], [-89.10586932544032, 28.19739811628446], [-89.10586932544032, 28.197218453227638], [-89.10515067321303, 28.197218453227638], [-89.10515067321303, 28.19703879017081], [-89.10479134709938, 28.19703879017081], [-89.10479134709938, 28.197218453227638], [-89.10443202098574, 28.197218453227638], [-89.10443202098574, 28.19739811628446], [-89.10425235792891, 28.19739811628446], [-89.10425235792891, 28.197937105454933], [-89.10461168404257, 28.197937105454933], [-89.10461168404257, 28.198116768511756], [-89.10479134709938, 28.198116768511756], [-89.10479134709938, 28.19829643156858], [-89.1049710101562, 28.19829643156858], [-89.1049710101562, 28.19865575768223], [-89.10515067321303, 28.19865575768223], [-89.10515067321303, 28.199015083795874], [-89.10533033626986, 28.199015083795874], [-89.10533033626986, 28.1991947468527], [-89.10550999932669, 28.1991947468527], [-89.10550999932669, 28.199374409909524], [-89.10586932544032, 28.199374409909524], [-89.10586932544032, 28.199554072966347], [-89.10676764072444, 28.199554072966347]]]}, "properties": {"candidate_id": "E007-C7", "component_id": 7, "area_m2": 44955.67300414294, "perimeter_m": 1086.687074926953, "centroid_lon": -89.10571351944004, "centroid_lat": 28.198304851271054, "major_axis_m": 345.8110154510544, "minor_axis_m": 184.84452056661382, "width_proxy_m": 130.00069689944826, "orientation_deg_from_north": 138.460294929377, "elongation": 1.870821025102726, "compactness_polsby_popper": 0.47839360383104046, "prob_mean": 0.8240507985465229, "prob_max": 0.9668697118759155, "n_px_image_space": 128, "bbox_west": -89.10694730378127, "bbox_south": 28.19703879017081, "bbox_east": -89.10425235792891, "bbox_north": 28.199554072966347}}, {"type": "Feature", "geometry": {"type": "Polygon", "coordinates": [[[-89.08574706307606, 28.186618332875028], [-89.08574706307606, 28.1864386698182], [-89.0861063891897, 28.1864386698182], [-89.0861063891897, 28.185720017590906], [-89.08592672613287, 28.185720017590906], [-89.08592672613287, 28.18536069147726], [-89.08574706307606, 28.18536069147726], [-89.08574706307606, 28.185181028420434], [-89.0853877369624, 28.185181028420434], [-89.0853877369624, 28.18500136536361], [-89.08520807390558, 28.18500136536361], [-89.08520807390558, 28.184821702306788], [-89.08484874779194, 28.184821702306788], [-89.08484874779194, 28.184642039249965], [-89.08466908473511, 28.184642039249965], [-89.08466908473511, 28.18446237619314], [-89.08430975862146, 28.18446237619314], [-89.08430975862146, 28.184282713136316], [-89.08413009556463, 28.184282713136316], [-89.08413009556463, 28.184103050079493], [-89.083770769451, 28.184103050079493], [-89.083770769451, 28.183923387022666], [-89.0816148127691, 28.183923387022666], [-89.0816148127691, 28.183743723965843], [-89.07927919303039, 28.183743723965843], [-89.07927919303039, 28.183923387022666], [-89.07891986691675, 28.183923387022666], [-89.07891986691675, 28.184282713136316], [-89.07874020385992, 28.184282713136316], [-89.07874020385992, 28.185181028420434], [-89.07891986691675, 28.185181028420434], [-89.07891986691675, 28.185540354534083], [-89.07909952997356, 28.185540354534083], [-89.07909952997356, 28.185899680647733], [-89.07927919303039, 28.185899680647733], [-89.07927919303039, 28.186079343704556], [-89.07963851914404, 28.186079343704556], [-89.07963851914404, 28.18625900676138], [-89.0801775083145, 28.18625900676138], [-89.0801775083145, 28.1864386698182], [-89.0839504325078, 28.1864386698182], [-89.0839504325078, 28.186618332875028], [-89.08574706307606, 28.186618332875028]]]}, "properties": {"candidate_id": "E007-C8", "component_id": 8, "area_m2": 179493.21611274034, "perimeter_m": 2083.759893922742, "centroid_lon": -89.08222393657384, "centroid_lat": 28.18522411032629, "major_axis_m": 735.1184980783768, "minor_axis_m": 305.7947249894789, "width_proxy_m": 244.16909189734898, "orientation_deg_from_north": 93.07794124808603, "elongation": 2.403960689981389, "compactness_polsby_popper": 0.5194724900815337, "prob_mean": 0.8648733510663131, "prob_max": 0.9939619302749634, "n_px_image_space": 511, "bbox_west": -89.0861063891897, "bbox_south": 28.183743723965843, "bbox_east": -89.07874020385992, "bbox_north": 28.186618332875028}}, {"type": "Feature", "geometry": {"type": "Polygon", "coordinates": [[[-89.07766222551898, 28.184103050079493], [-89.07766222551898, 28.183743723965843], [-89.0778418885758, 28.183743723965843], [-89.0778418885758, 28.183384397852198], [-89.07766222551898, 28.183384397852198], [-89.07766222551898, 28.18320473479537], [-89.07730289940532, 28.18320473479537], [-89.07730289940532, 28.183025071738548], [-89.07676391023486, 28.183025071738548], [-89.07676391023486, 28.18320473479537], [-89.07658424717803, 28.18320473479537], [-89.07658424717803, 28.183743723965843], [-89.07676391023486, 28.183743723965843], [-89.07676391023486, 28.184103050079493], [-89.07766222551898, 28.184103050079493]]]}, "properties": {"candidate_id": "E007-C9", "component_id": 9, "area_m2": 11591.700346805155, "perimeter_m": 485.9156936118783, "centroid_lon": -89.07718040166128, "centroid_lat": 28.183583115988213, "major_axis_m": 123.49979753276192, "minor_axis_m": 119.46030820202911, "width_proxy_m": 93.86007571170406, "orientation_deg_from_north": 90.00183392958839, "elongation": 1.033814489444488, "compactness_polsby_popper": 0.6169289613993447, "prob_mean": 0.6489958257386179, "prob_max": 0.7039066553115845, "n_px_image_space": 33, "bbox_west": -89.0778418885758, "bbox_south": 28.183025071738548, "bbox_east": -89.07658424717803, "bbox_north": 28.184103050079493}}, {"type": "Feature", "geometry": {"type": "Polygon", "coordinates": [[[-89.0733503121552, 28.1788928214316], [-89.0733503121552, 28.17853349531795], [-89.07352997521203, 28.17853349531795], [-89.07352997521203, 28.178174169204304], [-89.07317064909837, 28.178174169204304], [-89.07317064909837, 28.177994506147478], [-89.07299098604156, 28.177994506147478], [-89.07299098604156, 28.177635180033832], [-89.07281132298473, 28.177635180033832], [-89.07281132298473, 28.17745551697701], [-89.07263165992791, 28.17745551697701], [-89.07263165992791, 28.17709619086336], [-89.07245199687108, 28.17709619086336], [-89.07245199687108, 28.176736864749714], [-89.07227233381425, 28.176736864749714], [-89.07227233381425, 28.176557201692887], [-89.07209267075743, 28.176557201692887], [-89.07209267075743, 28.176377538636064], [-89.07191300770062, 28.176377538636064], [-89.07191300770062, 28.17619787557924], [-89.07173334464379, 28.17619787557924], [-89.07173334464379, 28.176018212522415], [-89.07155368158696, 28.176018212522415], [-89.07155368158696, 28.175838549465592], [-89.07137401853014, 28.175838549465592], [-89.07137401853014, 28.17565888640877], [-89.0710146924165, 28.17565888640877], [-89.0710146924165, 28.175479223351946], [-89.07083502935967, 28.175479223351946], [-89.07083502935967, 28.17529956029512], [-89.07047570324602, 28.17529956029512], [-89.07047570324602, 28.175119897238297], [-89.06993671407555, 28.175119897238297], [-89.06993671407555, 28.174940234181474], [-89.06939772490507, 28.174940234181474], [-89.06939772490507, 28.17476057112465], [-89.06921806184825, 28.17476057112465], [-89.06921806184825, 28.174580908067824], [-89.06903839879143, 28.174580908067824], [-89.06903839879143, 28.174401245011], [-89.06831974656413, 28.174401245011], [-89.06831974656413, 28.174580908067824], [-89.0681400835073, 28.174580908067824], [-89.0681400835073, 28.175479223351946], [-89.06831974656413, 28.175479223351946], [-89.06831974656413, 28.17565888640877], [-89.06849940962096, 28.17565888640877], [-89.06849940962096, 28.175838549465592], [-89.06867907267778, 28.175838549465592], [-89.06867907267778, 28.176018212522415], [-89.06885873573461, 28.176018212522415], [-89.06885873573461, 28.17619787557924], [-89.06903839879143, 28.17619787557924], [-89.06903839879143, 28.176377538636064], [-89.06921806184825, 28.176377538636064], [-89.06921806184825, 28.176557201692887], [-89.06939772490507, 28.176557201692887], [-89.06939772490507, 28.176736864749714], [-89.0695773879619, 28.176736864749714], [-89.0695773879619, 28.17709619086336], [-89.06975705101873, 28.17709619086336], [-89.06975705101873, 28.177275853920182], [-89.06993671407555, 28.177275853920182], [-89.06993671407555, 28.17745551697701], [-89.07011637713236, 28.17745551697701], [-89.07011637713236, 28.177635180033832], [-89.07029604018919, 28.177635180033832], [-89.07029604018919, 28.177814843090655], [-89.07065536630284, 28.177814843090655], [-89.07065536630284, 28.177994506147478], [-89.07137401853014, 28.177994506147478], [-89.07137401853014, 28.178174169204304], [-89.07209267075743, 28.178174169204304], [-89.07209267075743, 28.178353832261127], [-89.07245199687108, 28.178353832261127], [-89.07245199687108, 28.17853349531795], [-89.07263165992791, 28.17853349531795], [-89.07263165992791, 28.178713158374777], [-89.07299098604156, 28.178713158374777], [-89.07299098604156, 28.1788928214316], [-89.0733503121552, 28.1788928214316]]]}, "properties": {"candidate_id": "E007-C10", "component_id": 10, "area_m2": 106088.39722330123, "perimeter_m": 2054.1188554381088, "centroid_lon": -89.07068390140839, "centroid_lat": 28.17657504509446, "major_axis_m": 700.1865925013448, "minor_axis_m": 237.6837189903479, "width_proxy_m": 151.51446537173945, "orientation_deg_from_north": 138.45457974505928, "elongation": 2.9458752811326496, "compactness_polsby_popper": 0.3159560050109358, "prob_mean": 0.8132353831600669, "prob_max": 0.98191899061203, "n_px_image_space": 302, "bbox_west": -89.07352997521203, "bbox_south": 28.174401245011, "bbox_east": -89.0681400835073, "bbox_north": 28.1788928214316}}, {"type": "Feature", "geometry": {"type": "Polygon", "coordinates": [[[-88.86116824204618, 28.156434939328612], [-88.86116824204618, 28.156255276271786], [-88.86170723121664, 28.156255276271786], [-88.86170723121664, 28.156075613214963], [-88.86188689427347, 28.156075613214963], [-88.86188689427347, 28.15589595015814], [-88.86224622038712, 28.15589595015814], [-88.86224622038712, 28.155716287101317], [-88.86242588344393, 28.155716287101317], [-88.86242588344393, 28.15553662404449], [-88.86260554650076, 28.15553662404449], [-88.86260554650076, 28.155356960987667], [-88.86278520955759, 28.155356960987667], [-88.86278520955759, 28.155177297930845], [-88.86314453567124, 28.155177297930845], [-88.86314453567124, 28.154997634874018], [-88.86350386178488, 28.154997634874018], [-88.86350386178488, 28.154817971817195], [-88.86386318789853, 28.154817971817195], [-88.86386318789853, 28.154638308760372], [-88.86404285095536, 28.154638308760372], [-88.86404285095536, 28.15445864570355], [-88.864402177069, 28.15445864570355], [-88.864402177069, 28.154278982646723], [-88.86530049235311, 28.154278982646723], [-88.86530049235311, 28.1540993195899], [-88.86781577514866, 28.1540993195899], [-88.86781577514866, 28.153919656533077], [-88.86853442737595, 28.153919656533077], [-88.86853442737595, 28.153739993476254], [-88.86997173183055, 28.153739993476254], [-88.86997173183055, 28.153560330419428], [-88.87069038405784, 28.153560330419428], [-88.87069038405784, 28.153380667362605], [-88.87104971017149, 28.153380667362605], [-88.87104971017149, 28.15320100430578], [-88.8712293732283, 28.15320100430578], [-88.8712293732283, 28.153021341248955], [-88.87158869934196, 28.153021341248955], [-88.87158869934196, 28.152841678192132], [-88.87176836239878, 28.152841678192132], [-88.87176836239878, 28.15266201513531], [-88.87212768851244, 28.15266201513531], [-88.87212768851244, 28.152482352078486], [-88.8726666776829, 28.152482352078486], [-88.8726666776829, 28.15230268902166], [-88.87374465602385, 28.15230268902166], [-88.87374465602385, 28.152123025964837], [-88.87464297130796, 28.152123025964837], [-88.87464297130796, 28.151943362908014], [-88.87500229742162, 28.151943362908014], [-88.87500229742162, 28.15176369985119], [-88.87536162353526, 28.15176369985119], [-88.87536162353526, 28.151584036794365], [-88.87554128659208, 28.151584036794365], [-88.87554128659208, 28.15140437373754], [-88.87608027576256, 28.15140437373754], [-88.87608027576256, 28.15122471068072], [-88.87769724327397, 28.15122471068072], [-88.87769724327397, 28.151045047623892], [-88.87859555855809, 28.151045047623892], [-88.87859555855809, 28.15086538456707], [-88.87931421078538, 28.15086538456707], [-88.87931421078538, 28.150685721510246], [-88.87967353689903, 28.150685721510246], [-88.87967353689903, 28.150506058453423], [-88.88003286301269, 28.150506058453423], [-88.88003286301269, 28.150326395396597], [-88.8802125260695, 28.150326395396597], [-88.8802125260695, 28.150146732339774], [-88.88039218912633, 28.150146732339774], [-88.88039218912633, 28.14996706928295], [-88.88057185218315, 28.14996706928295], [-88.88057185218315, 28.149787406226128], [-88.88075151523998, 28.149787406226128], [-88.88075151523998, 28.1496077431693], [-88.8809311782968, 28.1496077431693], [-88.8809311782968, 28.14942808011248], [-88.88111084135363, 28.14942808011248], [-88.88111084135363, 28.149248417055656], [-88.88129050441044, 28.149248417055656], [-88.88129050441044, 28.148889090942006], [-88.88147016746727, 28.148889090942006], [-88.88147016746727, 28.148709427885183], [-88.8816498305241, 28.148709427885183], [-88.8816498305241, 28.14852976482836], [-88.88182949358092, 28.14852976482836], [-88.88182949358092, 28.148350101771534], [-88.88200915663775, 28.148350101771534], [-88.88200915663775, 28.14817043871471], [-88.88218881969456, 28.14817043871471], [-88.88218881969456, 28.147990775657888], [-88.88236848275139, 28.147990775657888], [-88.88236848275139, 28.14763144954424], [-88.88254814580822, 28.14763144954424], [-88.88254814580822, 28.147092460373766], [-88.88272780886504, 28.147092460373766], [-88.88272780886504, 28.145475492862353], [-88.88254814580822, 28.145475492862353], [-88.88254814580822, 28.144756840635058], [-88.88236848275139, 28.144756840635058], [-88.88236848275139, 28.144217851464585], [-88.88218881969456, 28.144217851464585], [-88.88218881969456, 28.144038188407762], [-88.88200915663775, 28.144038188407762], [-88.88200915663775, 28.143678862294113], [-88.88182949358092, 28.143678862294113], [-88.88182949358092, 28.14349919923729], [-88.8816498305241, 28.14349919923729], [-88.8816498305241, 28.143319536180467], [-88.88129050441044, 28.143319536180467], [-88.88129050441044, 28.14313987312364], [-88.88111084135363, 28.14313987312364], [-88.88111084135363, 28.142780547009995], [-88.88075151523998, 28.142780547009995], [-88.88075151523998, 28.142600883953172], [-88.88057185218315, 28.142600883953172], [-88.88057185218315, 28.142421220896345], [-88.88039218912633, 28.142421220896345], [-88.88039218912633, 28.142241557839522], [-88.88003286301269, 28.142241557839522], [-88.88003286301269, 28.1420618947827], [-88.87949387384221, 28.1420618947827], [-88.87949387384221, 28.141882231725873], [-88.87895488467174, 28.141882231725873], [-88.87895488467174, 28.14170256866905], [-88.87841589550126, 28.14170256866905], [-88.87841589550126, 28.141522905612227], [-88.8778769063308, 28.141522905612227], [-88.8778769063308, 28.141343242555404], [-88.87751758021714, 28.141343242555404], [-88.87751758021714, 28.141163579498578], [-88.87733791716032, 28.141163579498578], [-88.87733791716032, 28.140983916441755], [-88.87697859104668, 28.140983916441755], [-88.87697859104668, 28.140804253384932], [-88.87679892798985, 28.140804253384932], [-88.87679892798985, 28.14062459032811], [-88.8764396018762, 28.14062459032811], [-88.8764396018762, 28.140444927271282], [-88.87608027576256, 28.140444927271282], [-88.87608027576256, 28.14026526421446], [-88.87590061270573, 28.14026526421446], [-88.87590061270573, 28.140085601157637], [-88.87572094964891, 28.140085601157637], [-88.87572094964891, 28.139726275043987], [-88.87554128659208, 28.139726275043987], [-88.87554128659208, 28.139546611987164], [-88.87536162353526, 28.139546611987164], [-88.87536162353526, 28.13936694893034], [-88.87518196047843, 28.13936694893034], [-88.87518196047843, 28.139187285873515], [-88.87500229742162, 28.139187285873515], [-88.87500229742162, 28.139007622816692], [-88.87464297130796, 28.139007622816692], [-88.87464297130796, 28.13882795975987], [-88.87428364519431, 28.13882795975987], [-88.87428364519431, 28.138648296703046], [-88.8741039821375, 28.138648296703046], [-88.8741039821375, 28.13846863364622], [-88.87392431908067, 28.13846863364622], [-88.87392431908067, 28.138288970589397], [-88.87374465602385, 28.138288970589397], [-88.87374465602385, 28.138109307532574], [-88.87356499296702, 28.138109307532574], [-88.87356499296702, 28.137929644475747], [-88.87338532991019, 28.137929644475747], [-88.87338532991019, 28.137749981418924], [-88.87320566685337, 28.137749981418924], [-88.87320566685337, 28.1375703183621], [-88.87302600379655, 28.1375703183621], [-88.87302600379655, 28.13739065530528], [-88.87284634073973, 28.13739065530528], [-88.87284634073973, 28.137210992248452], [-88.8726666776829, 28.137210992248452], [-88.8726666776829, 28.13703132919163], [-88.87248701462607, 28.13703132919163], [-88.87248701462607, 28.136851666134806], [-88.87230735156925, 28.136851666134806], [-88.87230735156925, 28.136672003077983], [-88.87140903628513, 28.136672003077983], [-88.87140903628513, 28.136851666134806], [-88.8712293732283, 28.136851666134806], [-88.8712293732283, 28.138109307532574], [-88.87140903628513, 28.138109307532574], [-88.87140903628513, 28.13846863364622], [-88.87158869934196, 28.13846863364622], [-88.87158869934196, 28.138648296703046], [-88.87176836239878, 28.138648296703046], [-88.87176836239878, 28.139007622816692], [-88.87194802545561, 28.139007622816692], [-88.87194802545561, 28.139187285873515], [-88.87230735156925, 28.139187285873515], [-88.87230735156925, 28.13936694893034], [-88.87248701462607, 28.13936694893034], [-88.87248701462607, 28.13990593810081], [-88.8726666776829, 28.13990593810081], [-88.8726666776829, 28.140444927271282], [-88.87284634073973, 28.140444927271282], [-88.87284634073973, 28.140983916441755], [-88.87302600379655, 28.140983916441755], [-88.87302600379655, 28.141522905612227], [-88.87320566685337, 28.141522905612227], [-88.87320566685337, 28.1420618947827], [-88.87338532991019, 28.1420618947827], [-88.87338532991019, 28.142600883953172], [-88.87356499296702, 28.142600883953172], [-88.87356499296702, 28.14313987312364], [-88.87374465602385, 28.14313987312364], [-88.87374465602385, 28.143858525350936], [-88.87392431908067, 28.143858525350936], [-88.87392431908067, 28.14439751452141], [-88.8741039821375, 28.14439751452141], [-88.8741039821375, 28.144756840635058], [-88.87428364519431, 28.144756840635058], [-88.87428364519431, 28.145116166748704], [-88.87446330825114, 28.145116166748704], [-88.87446330825114, 28.145655155919176], [-88.87464297130796, 28.145655155919176], [-88.87464297130796, 28.146912797316944], [-88.87446330825114, 28.146912797316944], [-88.87446330825114, 28.147272123430593], [-88.8741039821375, 28.147272123430593], [-88.8741039821375, 28.147451786487416], [-88.87374465602385, 28.147451786487416], [-88.87374465602385, 28.14763144954424], [-88.87338532991019, 28.14763144954424], [-88.87338532991019, 28.14781111260106], [-88.87284634073973, 28.14781111260106], [-88.87284634073973, 28.147990775657888], [-88.87176836239878, 28.147990775657888], [-88.87176836239878, 28.14817043871471], [-88.87033105794418, 28.14817043871471], [-88.87033105794418, 28.148350101771534], [-88.86997173183055, 28.148350101771534], [-88.86997173183055, 28.14852976482836], [-88.86979206877372, 28.14852976482836], [-88.86979206877372, 28.148709427885183], [-88.8696124057169, 28.148709427885183], [-88.8696124057169, 28.148889090942006], [-88.86925307960324, 28.148889090942006], [-88.86925307960324, 28.14906875399883], [-88.8688937534896, 28.14906875399883], [-88.8688937534896, 28.149248417055656], [-88.86853442737595, 28.149248417055656], [-88.86853442737595, 28.14942808011248], [-88.86817510126231, 28.14942808011248], [-88.86817510126231, 28.1496077431693], [-88.86781577514866, 28.1496077431693], [-88.86781577514866, 28.149787406226128], [-88.867456449035, 28.149787406226128], [-88.867456449035, 28.14996706928295], [-88.86655813375089, 28.14996706928295], [-88.86655813375089, 28.150146732339774], [-88.86404285095536, 28.150146732339774], [-88.86404285095536, 28.150326395396597], [-88.86332419872805, 28.150326395396597], [-88.86332419872805, 28.150506058453423], [-88.86296487261441, 28.150506058453423], [-88.86296487261441, 28.150685721510246], [-88.86260554650076, 28.150685721510246], [-88.86260554650076, 28.15086538456707], [-88.86242588344393, 28.15086538456707], [-88.86242588344393, 28.151045047623892], [-88.8620665573303, 28.151045047623892], [-88.8620665573303, 28.15122471068072], [-88.86188689427347, 28.15122471068072], [-88.86188689427347, 28.15140437373754], [-88.86170723121664, 28.15140437373754], [-88.86170723121664, 28.151584036794365], [-88.86152756815981, 28.151584036794365], [-88.86152756815981, 28.152123025964837], [-88.86134790510299, 28.152123025964837], [-88.86134790510299, 28.152482352078486], [-88.86116824204618, 28.152482352078486], [-88.86116824204618, 28.15266201513531], [-88.86098857898935, 28.15266201513531], [-88.86098857898935, 28.152841678192132], [-88.86080891593252, 28.152841678192132], [-88.86080891593252, 28.153021341248955], [-88.8606292528757, 28.153021341248955], [-88.8606292528757, 28.15320100430578], [-88.8599106006484, 28.15320100430578], [-88.8599106006484, 28.153380667362605], [-88.85919194842111, 28.153380667362605], [-88.85919194842111, 28.153560330419428], [-88.85883262230746, 28.153560330419428], [-88.85883262230746, 28.153739993476254], [-88.85865295925063, 28.153739993476254], [-88.85865295925063, 28.153919656533077], [-88.85847329619381, 28.153919656533077], [-88.85847329619381, 28.154278982646723], [-88.85865295925063, 28.154278982646723], [-88.85865295925063, 28.154817971817195], [-88.85883262230746, 28.154817971817195], [-88.85883262230746, 28.155356960987667], [-88.85901228536429, 28.155356960987667], [-88.85901228536429, 28.15553662404449], [-88.85919194842111, 28.15553662404449], [-88.85919194842111, 28.155716287101317], [-88.85937161147793, 28.155716287101317], [-88.85937161147793, 28.15589595015814], [-88.85955127453475, 28.15589595015814], [-88.85955127453475, 28.156075613214963], [-88.85973093759158, 28.156075613214963], [-88.85973093759158, 28.156255276271786], [-88.8599106006484, 28.156255276271786], [-88.8599106006484, 28.156434939328612], [-88.86116824204618, 28.156434939328612]]]}, "properties": {"candidate_id": "E007-C12", "component_id": 12, "area_m2": 1651825.372802049, "perimeter_m": 9815.80849632541, "centroid_lon": -88.87275553115028, "centroid_lat": 28.14815287028046, "major_axis_m": 2498.276811653766, "minor_axis_m": 1593.9788834658673, "width_proxy_m": 661.1858882477487, "orientation_deg_from_north": 33.52113277659876, "elongation": 1.5673211468282684, "compactness_polsby_popper": 0.21543776905823342, "prob_mean": 0.9678481951897967, "prob_max": 1.0, "n_px_image_space": 4701, "bbox_west": -88.88272780886504, "bbox_south": 28.136672003077983, "bbox_east": -88.85847329619381, "bbox_north": 28.156434939328612}}, {"type": "Feature", "geometry": {"type": "Polygon", "coordinates": [[[-88.86655813375089, 28.122658284645716], [-88.86655813375089, 28.122478621588893], [-88.86673779680771, 28.122478621588893], [-88.86673779680771, 28.12050232796383], [-88.86655813375089, 28.12050232796383], [-88.86655813375089, 28.12014300185018], [-88.86637847069406, 28.12014300185018], [-88.86637847069406, 28.119963338793358], [-88.86619880763725, 28.119963338793358], [-88.86619880763725, 28.119783675736535], [-88.86601914458042, 28.119783675736535], [-88.86601914458042, 28.119604012679712], [-88.86565981846677, 28.119604012679712], [-88.86565981846677, 28.119424349622886], [-88.86548015540994, 28.119424349622886], [-88.86548015540994, 28.119244686566063], [-88.8651208292963, 28.119244686566063], [-88.8651208292963, 28.11906502350924], [-88.86422251401218, 28.11906502350924], [-88.86422251401218, 28.119244686566063], [-88.86404285095536, 28.119244686566063], [-88.86404285095536, 28.119424349622886], [-88.86386318789853, 28.119424349622886], [-88.86386318789853, 28.119963338793358], [-88.86404285095536, 28.119963338793358], [-88.86404285095536, 28.12050232796383], [-88.86422251401218, 28.12050232796383], [-88.86422251401218, 28.120681991020653], [-88.864402177069, 28.120681991020653], [-88.864402177069, 28.120861654077476], [-88.86458184012582, 28.120861654077476], [-88.86458184012582, 28.121041317134303], [-88.86476150318265, 28.121041317134303], [-88.86476150318265, 28.121220980191126], [-88.86494116623948, 28.121220980191126], [-88.86494116623948, 28.12140064324795], [-88.8651208292963, 28.12140064324795], [-88.8651208292963, 28.121759969361598], [-88.86530049235311, 28.121759969361598], [-88.86530049235311, 28.122119295475244], [-88.86548015540994, 28.122119295475244], [-88.86548015540994, 28.12229895853207], [-88.86565981846677, 28.12229895853207], [-88.86565981846677, 28.122478621588893], [-88.86601914458042, 28.122478621588893], [-88.86601914458042, 28.122658284645716], [-88.86655813375089, 28.122658284645716]]]}, "properties": {"candidate_id": "E007-C14", "component_id": 14, "area_m2": 69941.64050076157, "perimeter_m": 1361.2935085896347, "centroid_lon": -88.86547969688878, "centroid_lat": 28.120714939011844, "major_axis_m": 458.102677603923, "minor_axis_m": 226.0527827152022, "width_proxy_m": 152.67677732552642, "orientation_deg_from_north": 145.41087552454533, "elongation": 2.0265296985132637, "compactness_polsby_popper": 0.4742879943391037, "prob_mean": 0.8721997318555362, "prob_max": 0.9909029006958008, "n_px_image_space": 199, "bbox_west": -88.86673779680771, "bbox_south": 28.11906502350924, "bbox_east": -88.86386318789853, "bbox_north": 28.122658284645716}}, {"type": "Feature", "geometry": {"type": "Polygon", "coordinates": [[[-90.23702793120363, 27.94101893419675], [-90.23702793120363, 27.940839271139925], [-90.23756692037409, 27.940839271139925], [-90.23756692037409, 27.940659608083102], [-90.23774658343092, 27.940659608083102], [-90.23774658343092, 27.939940955855807], [-90.23792624648775, 27.939940955855807], [-90.23792624648775, 27.939761292798984], [-90.23774658343092, 27.939761292798984], [-90.23774658343092, 27.939401966685335], [-90.23756692037409, 27.939401966685335], [-90.23756692037409, 27.93922230362851], [-90.23738725731728, 27.93922230362851], [-90.23738725731728, 27.938862977514862], [-90.23720759426045, 27.938862977514862], [-90.23720759426045, 27.938503651401216], [-90.23702793120363, 27.938503651401216], [-90.23702793120363, 27.93832398834439], [-90.2368482681468, 27.93832398834439], [-90.2368482681468, 27.938144325287567], [-90.23666860508997, 27.938144325287567], [-90.23666860508997, 27.93778499917392], [-90.23630927897634, 27.93778499917392], [-90.23630927897634, 27.937605336117095], [-90.23594995286268, 27.937605336117095], [-90.23594995286268, 27.93742567306027], [-90.23541096369222, 27.93742567306027], [-90.23541096369222, 27.937605336117095], [-90.23523130063539, 27.937605336117095], [-90.23523130063539, 27.93778499917392], [-90.23505163757856, 27.93778499917392], [-90.23505163757856, 27.937964662230744], [-90.23487197452174, 27.937964662230744], [-90.23487197452174, 27.938503651401216], [-90.23469231146491, 27.938503651401216], [-90.23469231146491, 27.939401966685335], [-90.23487197452174, 27.939401966685335], [-90.23487197452174, 27.939940955855807], [-90.23505163757856, 27.939940955855807], [-90.23505163757856, 27.940300281969453], [-90.23523130063539, 27.940300281969453], [-90.23523130063539, 27.94047994502628], [-90.23541096369222, 27.94047994502628], [-90.23541096369222, 27.940659608083102], [-90.23577028980586, 27.940659608083102], [-90.23577028980586, 27.940839271139925], [-90.23666860508997, 27.940839271139925], [-90.23666860508997, 27.94101893419675], [-90.23702793120363, 27.94101893419675]]]}, "properties": {"candidate_id": "E007-C16", "component_id": 16, "area_m2": 85547.19208551198, "perimeter_m": 1432.9468193736661, "centroid_lon": -90.23618617221535, "centroid_lat": 27.93932100276246, "major_axis_m": 433.61685583284316, "minor_axis_m": 280.89450961818613, "width_proxy_m": 197.28751531395713, "orientation_deg_from_north": 151.94846721119387, "elongation": 1.5437000047535612, "compactness_polsby_popper": 0.5235467616416456, "prob_mean": 0.9140313409974055, "prob_max": 0.9993013143539429, "n_px_image_space": 243, "bbox_west": -90.23792624648775, "bbox_south": 27.93742567306027, "bbox_east": -90.23469231146491, "bbox_north": 27.94101893419675}}, {"type": "Feature", "geometry": {"type": "Polygon", "coordinates": [[[-90.24008220316964, 27.934012074980618], [-90.24008220316964, 27.933832411923795], [-90.2406211923401, 27.933832411923795], [-90.2406211923401, 27.93365274886697], [-90.24080085539693, 27.93365274886697], [-90.24080085539693, 27.933473085810146], [-90.24098051845375, 27.933473085810146], [-90.24098051845375, 27.933293422753323], [-90.24116018151058, 27.933293422753323], [-90.24116018151058, 27.931137466071434], [-90.24098051845375, 27.931137466071434], [-90.24098051845375, 27.93095780301461], [-90.24080085539693, 27.93095780301461], [-90.24080085539693, 27.930598476900965], [-90.24044152928329, 27.930598476900965], [-90.24044152928329, 27.93041881384414], [-90.23882456177186, 27.93041881384414], [-90.23882456177186, 27.930598476900965], [-90.2382855726014, 27.930598476900965], [-90.2382855726014, 27.930778139957788], [-90.23792624648775, 27.930778139957788], [-90.23792624648775, 27.93095780301461], [-90.23774658343092, 27.93095780301461], [-90.23774658343092, 27.93131712912826], [-90.23756692037409, 27.93131712912826], [-90.23756692037409, 27.932574770526028], [-90.23774658343092, 27.932574770526028], [-90.23774658343092, 27.933473085810146], [-90.23792624648775, 27.933473085810146], [-90.23792624648775, 27.933832411923795], [-90.23810590954457, 27.933832411923795], [-90.23810590954457, 27.934012074980618], [-90.24008220316964, 27.934012074980618]]]}, "properties": {"candidate_id": "E007-C17", "component_id": 17, "area_m2": 123928.19743192196, "perimeter_m": 1503.7201978859962, "centroid_lon": -90.23938958197371, "centroid_lat": 27.932224117451966, "major_axis_m": 398.20256939005446, "minor_axis_m": 353.67368473909744, "width_proxy_m": 311.21897988189426, "orientation_deg_from_north": 179.9948724236231, "elongation": 1.1259038672436308, "compactness_polsby_popper": 0.6887251312441208, "prob_mean": 0.9307646993547678, "prob_max": 0.999940037727356, "n_px_image_space": 352, "bbox_west": -90.24116018151058, "bbox_south": 27.93041881384414, "bbox_east": -90.23756692037409, "bbox_north": 27.934012074980618}}, {"type": "Feature", "geometry": {"type": "Polygon", "coordinates": [[[-89.81787401963346, 27.886042038808636], [-89.81787401963346, 27.885862375751813], [-89.81805368269028, 27.885862375751813], [-89.81805368269028, 27.885503049638164], [-89.8182333457471, 27.885503049638164], [-89.8182333457471, 27.885143723524514], [-89.81805368269028, 27.885143723524514], [-89.81805368269028, 27.88496406046769], [-89.81787401963346, 27.88496406046769], [-89.81787401963346, 27.88478439741087], [-89.81733503046298, 27.88478439741087], [-89.81733503046298, 27.884604734354046], [-89.81697570434935, 27.884604734354046], [-89.81697570434935, 27.88478439741087], [-89.8166163782357, 27.88478439741087], [-89.8166163782357, 27.88496406046769], [-89.81481974766746, 27.88496406046769], [-89.81481974766746, 27.88532338658134], [-89.8158977260084, 27.88532338658134], [-89.8158977260084, 27.885503049638164], [-89.81643671517887, 27.885503049638164], [-89.81643671517887, 27.885682712694987], [-89.81679604129252, 27.885682712694987], [-89.81679604129252, 27.885862375751813], [-89.81733503046298, 27.885862375751813], [-89.81733503046298, 27.886042038808636], [-89.81787401963346, 27.886042038808636]]]}, "properties": {"candidate_id": "E007-C18", "component_id": 18, "area_m2": 27472.995772652328, "perimeter_m": 990.8030219647387, "centroid_lon": -89.81688126590781, "centroid_lat": 27.88529344503936, "major_axis_m": 338.2713967753468, "minor_axis_m": 151.63359611668918, "width_proxy_m": 81.21584040077066, "orientation_deg_from_north": 107.82244331630353, "elongation": 2.2308472887171455, "compactness_polsby_popper": 0.35167479122379003, "prob_mean": 0.6188935331809216, "prob_max": 0.6409646272659302, "n_px_image_space": 78, "bbox_west": -89.8182333457471, "bbox_south": 27.884604734354046, "bbox_east": -89.81481974766746, "bbox_north": 27.886042038808636}}, {"type": "Feature", "geometry": {"type": "Polygon", "coordinates": [[[-90.2134920707597, 27.40939594905482], [-90.2134920707597, 27.409216285997996], [-90.21367173381653, 27.409216285997996], [-90.21367173381653, 27.4084976337707], [-90.2134920707597, 27.4084976337707], [-90.2134920707597, 27.407958644600228], [-90.21331240770287, 27.407958644600228], [-90.21331240770287, 27.4077789815434], [-90.21277341853241, 27.4077789815434], [-90.21277341853241, 27.40759931848658], [-90.21241409241875, 27.40759931848658], [-90.21241409241875, 27.4077789815434], [-90.21223442936193, 27.4077789815434], [-90.21223442936193, 27.407958644600228], [-90.2120547663051, 27.407958644600228], [-90.2120547663051, 27.408677296827523], [-90.21223442936193, 27.408677296827523], [-90.21223442936193, 27.40903662294117], [-90.21241409241875, 27.40903662294117], [-90.21241409241875, 27.409216285997996], [-90.21277341853241, 27.409216285997996], [-90.21277341853241, 27.40939594905482], [-90.2134920707597, 27.40939594905482]]]}, "properties": {"candidate_id": "E007-C19", "component_id": 19, "area_m2": 24053.262671768665, "perimeter_m": 717.9849661698672, "centroid_lon": -90.21287117543702, "centroid_lat": 27.40853198010181, "major_axis_m": 199.0893399785804, "minor_axis_m": 159.9041340917772, "width_proxy_m": 120.81642680796725, "orientation_deg_from_north": 179.9995710149111, "elongation": 1.2450543640373475, "compactness_polsby_popper": 0.5863449062301851, "prob_mean": 0.778814740040723, "prob_max": 0.9071617126464844, "n_px_image_space": 68, "bbox_west": -90.21367173381653, "bbox_south": 27.40759931848658, "bbox_east": -90.2120547663051, "bbox_north": 27.40939594905482}}, {"type": "Feature", "geometry": {"type": "Polygon", "coordinates": [[[-90.21403105993016, 27.399694143986327], [-90.21403105993016, 27.399514480929504], [-90.21439038604382, 27.399514480929504], [-90.21439038604382, 27.39933481787268], [-90.21457004910064, 27.39933481787268], [-90.21457004910064, 27.399155154815855], [-90.21474971215747, 27.399155154815855], [-90.21474971215747, 27.398975491759032], [-90.21492937521428, 27.398975491759032], [-90.21492937521428, 27.39843650258856], [-90.21510903827111, 27.39843650258856], [-90.21510903827111, 27.397897513418087], [-90.21528870132794, 27.397897513418087], [-90.21528870132794, 27.39753818730444], [-90.21546836438476, 27.39753818730444], [-90.21546836438476, 27.397178861190792], [-90.21564802744159, 27.397178861190792], [-90.21564802744159, 27.396280545906674], [-90.2158276904984, 27.396280545906674], [-90.2158276904984, 27.39556189367938], [-90.21600735355523, 27.39556189367938], [-90.21600735355523, 27.395022904508906], [-90.21618701661205, 27.395022904508906], [-90.21618701661205, 27.394663578395257], [-90.21636667966888, 27.394663578395257], [-90.21636667966888, 27.394124589224788], [-90.2165463427257, 27.394124589224788], [-90.2165463427257, 27.39340593699749], [-90.21672600578253, 27.39340593699749], [-90.21672600578253, 27.393226273940666], [-90.21690566883935, 27.393226273940666], [-90.21690566883935, 27.393046610883843], [-90.21708533189617, 27.393046610883843], [-90.21708533189617, 27.39286694782702], [-90.217264994953, 27.39286694782702], [-90.217264994953, 27.392687284770194], [-90.21744465800982, 27.392687284770194], [-90.21744465800982, 27.39250762171337], [-90.21762432106665, 27.39250762171337], [-90.21762432106665, 27.392148295599725], [-90.21780398412346, 27.392148295599725], [-90.21780398412346, 27.391429643372426], [-90.21798364718029, 27.391429643372426], [-90.21798364718029, 27.389812675861013], [-90.21816331023712, 27.389812675861013], [-90.21816331023712, 27.389453349747363], [-90.21834297329394, 27.389453349747363], [-90.21834297329394, 27.389094023633717], [-90.21852263635077, 27.389094023633717], [-90.21852263635077, 27.388734697520068], [-90.2187022994076, 27.388734697520068], [-90.2187022994076, 27.388375371406422], [-90.21888196246441, 27.388375371406422], [-90.21888196246441, 27.3881957083496], [-90.21906162552123, 27.3881957083496], [-90.21906162552123, 27.38783638223595], [-90.21924128857806, 27.38783638223595], [-90.21924128857806, 27.387656719179127], [-90.21942095163489, 27.387656719179127], [-90.21942095163489, 27.3874770561223], [-90.21960061469171, 27.3874770561223], [-90.21960061469171, 27.387297393065477], [-90.21978027774853, 27.387297393065477], [-90.21978027774853, 27.387117730008654], [-90.21995994080535, 27.387117730008654], [-90.21995994080535, 27.38693806695183], [-90.22013960386218, 27.38693806695183], [-90.22013960386218, 27.386758403895005], [-90.220319266919, 27.386758403895005], [-90.220319266919, 27.386578740838182], [-90.22049892997583, 27.386578740838182], [-90.22049892997583, 27.38639907778136], [-90.22067859303266, 27.38639907778136], [-90.22067859303266, 27.38603975166771], [-90.22085825608947, 27.38603975166771], [-90.22085825608947, 27.385680425554064], [-90.2210379191463, 27.385680425554064], [-90.2210379191463, 27.385500762497237], [-90.22121758220312, 27.385500762497237], [-90.22121758220312, 27.38514143638359], [-90.22139724525995, 27.38514143638359], [-90.22139724525995, 27.384782110269942], [-90.22157690831678, 27.384782110269942], [-90.22157690831678, 27.38460244721312], [-90.22175657137359, 27.38460244721312], [-90.22175657137359, 27.384422784156296], [-90.22193623443042, 27.384422784156296], [-90.22193623443042, 27.384063458042647], [-90.22211589748724, 27.384063458042647], [-90.22211589748724, 27.383524468872174], [-90.22229556054407, 27.383524468872174], [-90.22229556054407, 27.38280581664488], [-90.2224752236009, 27.38280581664488], [-90.2224752236009, 27.38226682747441], [-90.22265488665772, 27.38226682747441], [-90.22265488665772, 27.38190750136076], [-90.22283454971453, 27.38190750136076], [-90.22283454971453, 27.38136851219029], [-90.22301421277136, 27.38136851219029], [-90.22301421277136, 27.381009186076643], [-90.22319387582819, 27.381009186076643], [-90.22319387582819, 27.380829523019816], [-90.22337353888501, 27.380829523019816], [-90.22337353888501, 27.38047019690617], [-90.22355320194184, 27.38047019690617], [-90.22355320194184, 27.379931207735698], [-90.22373286499865, 27.379931207735698], [-90.22373286499865, 27.378853229394753], [-90.22391252805548, 27.378853229394753], [-90.22391252805548, 27.377595587996986], [-90.2240921911123, 27.377595587996986], [-90.2240921911123, 27.377056598826517], [-90.22427185416913, 27.377056598826517], [-90.22427185416913, 27.37687693576969], [-90.22445151722596, 27.37687693576969], [-90.22445151722596, 27.376697272712867], [-90.22463118028278, 27.376697272712867], [-90.22463118028278, 27.376517609656045], [-90.2248108433396, 27.376517609656045], [-90.2248108433396, 27.375619294371923], [-90.22373286499865, 27.375619294371923], [-90.22373286499865, 27.376158283542395], [-90.22355320194184, 27.376158283542395], [-90.22355320194184, 27.376517609656045], [-90.22337353888501, 27.376517609656045], [-90.22337353888501, 27.376697272712867], [-90.22283454971453, 27.376697272712867], [-90.22283454971453, 27.37687693576969], [-90.22211589748724, 27.37687693576969], [-90.22211589748724, 27.377056598826517], [-90.22157690831678, 27.377056598826517], [-90.22157690831678, 27.37723626188334], [-90.22121758220312, 27.37723626188334], [-90.22121758220312, 27.377415924940163], [-90.2210379191463, 27.377415924940163], [-90.2210379191463, 27.377595587996986], [-90.22085825608947, 27.377595587996986], [-90.22085825608947, 27.377775251053812], [-90.22067859303266, 27.377775251053812], [-90.22067859303266, 27.378493903281107], [-90.22049892997583, 27.378493903281107], [-90.22049892997583, 27.37957188162205], [-90.220319266919, 27.37957188162205], [-90.220319266919, 27.379931207735698], [-90.22013960386218, 27.379931207735698], [-90.22013960386218, 27.380290533849347], [-90.21995994080535, 27.380290533849347], [-90.21995994080535, 27.380649859962993], [-90.21978027774853, 27.380649859962993], [-90.21978027774853, 27.381188849133466], [-90.21960061469171, 27.381188849133466], [-90.21960061469171, 27.38280581664488], [-90.21942095163489, 27.38280581664488], [-90.21942095163489, 27.383524468872174], [-90.21924128857806, 27.383524468872174], [-90.21924128857806, 27.383883794985824], [-90.21906162552123, 27.383883794985824], [-90.21906162552123, 27.384243121099473], [-90.21888196246441, 27.384243121099473], [-90.21888196246441, 27.384422784156296], [-90.21852263635077, 27.384422784156296], [-90.21852263635077, 27.38460244721312], [-90.21816331023712, 27.38460244721312], [-90.21816331023712, 27.384782110269942], [-90.21798364718029, 27.384782110269942], [-90.21798364718029, 27.38496177332677], [-90.21780398412346, 27.38496177332677], [-90.21780398412346, 27.385321099440414], [-90.21762432106665, 27.385321099440414], [-90.21762432106665, 27.385860088610887], [-90.21744465800982, 27.385860088610887], [-90.21744465800982, 27.38639907778136], [-90.217264994953, 27.38639907778136], [-90.217264994953, 27.386758403895005], [-90.21708533189617, 27.386758403895005], [-90.21708533189617, 27.38693806695183], [-90.21690566883935, 27.38693806695183], [-90.21690566883935, 27.387117730008654], [-90.2165463427257, 27.387117730008654], [-90.2165463427257, 27.387297393065477], [-90.21636667966888, 27.387297393065477], [-90.21636667966888, 27.3874770561223], [-90.21618701661205, 27.3874770561223], [-90.21618701661205, 27.387656719179127], [-90.21600735355523, 27.387656719179127], [-90.21600735355523, 27.388016045292773], [-90.2158276904984, 27.388016045292773], [-90.2158276904984, 27.388375371406422], [-90.21564802744159, 27.388375371406422], [-90.21564802744159, 27.389094023633717], [-90.21546836438476, 27.389094023633717], [-90.21546836438476, 27.38963301280419], [-90.21528870132794, 27.38963301280419], [-90.21528870132794, 27.390172001974662], [-90.21510903827111, 27.390172001974662], [-90.21510903827111, 27.39107031725878], [-90.21492937521428, 27.39107031725878], [-90.21492937521428, 27.392327958656548], [-90.21474971215747, 27.392327958656548], [-90.21474971215747, 27.39286694782702], [-90.21457004910064, 27.39286694782702], [-90.21457004910064, 27.393226273940666], [-90.21439038604382, 27.393226273940666], [-90.21439038604382, 27.39376526311114], [-90.21421072298699, 27.39376526311114], [-90.21421072298699, 27.395022904508906], [-90.21403105993016, 27.395022904508906], [-90.21403105993016, 27.395382230622552], [-90.21385139687334, 27.395382230622552], [-90.21385139687334, 27.3957415567362], [-90.21367173381653, 27.3957415567362], [-90.21367173381653, 27.39610088284985], [-90.2134920707597, 27.39610088284985], [-90.2134920707597, 27.396460208963497], [-90.21331240770287, 27.396460208963497], [-90.21331240770287, 27.39879582870221], [-90.2134920707597, 27.39879582870221], [-90.2134920707597, 27.39933481787268], [-90.21367173381653, 27.39933481787268], [-90.21367173381653, 27.399694143986327], [-90.21403105993016, 27.399694143986327]]]}, "properties": {"candidate_id": "E007-C21", "component_id": 21, "area_m2": 704400.5145656392, "perimeter_m": 7610.153240280611, "centroid_lon": -90.21869228314459, "centroid_lat": 27.386855405224246, "major_axis_m": 2886.252201448119, "minor_axis_m": 402.69258740367684, "width_proxy_m": 244.05369503476527, "orientation_deg_from_north": 22.95791933910965, "elongation": 7.167383487381684, "compactness_polsby_popper": 0.15284200447526192, "prob_mean": 0.9345527149995089, "prob_max": 0.9999990463256836, "n_px_image_space": 1991, "bbox_west": -90.2248108433396, "bbox_south": 27.375619294371923, "bbox_east": -90.21331240770287, "bbox_north": 27.399694143986327}}, {"type": "Feature", "geometry": {"type": "Polygon", "coordinates": [[[-90.55646884623653, 27.369151424326265], [-90.55646884623653, 27.36897176126944], [-90.55664850929335, 27.36897176126944], [-90.55664850929335, 27.368792098212616], [-90.55682817235018, 27.368792098212616], [-90.55682817235018, 27.36771411987167], [-90.55664850929335, 27.36771411987167], [-90.55664850929335, 27.367534456814848], [-90.5562891831797, 27.367534456814848], [-90.5562891831797, 27.367354793758025], [-90.55592985706606, 27.367354793758025], [-90.55592985706606, 27.367175130701202], [-90.55557053095241, 27.367175130701202], [-90.55557053095241, 27.366995467644376], [-90.55539086789558, 27.366995467644376], [-90.55539086789558, 27.366815804587553], [-90.55521120483876, 27.366815804587553], [-90.55521120483876, 27.36663614153073], [-90.55485187872512, 27.36663614153073], [-90.55485187872512, 27.366456478473904], [-90.55467221566829, 27.366456478473904], [-90.55467221566829, 27.36627681541708], [-90.55449255261146, 27.36627681541708], [-90.55449255261146, 27.366097152360258], [-90.55413322649781, 27.366097152360258], [-90.55413322649781, 27.365917489303435], [-90.55341457427052, 27.365917489303435], [-90.55341457427052, 27.365737826246608], [-90.55287558510005, 27.365737826246608], [-90.55287558510005, 27.365558163189785], [-90.5525162589864, 27.365558163189785], [-90.5525162589864, 27.365378500132962], [-90.55233659592957, 27.365378500132962], [-90.55233659592957, 27.36519883707614], [-90.55197726981594, 27.36519883707614], [-90.55197726981594, 27.365019174019313], [-90.55161794370228, 27.365019174019313], [-90.55161794370228, 27.365378500132962], [-90.55143828064546, 27.365378500132962], [-90.55143828064546, 27.36663614153073], [-90.55161794370228, 27.36663614153073], [-90.55161794370228, 27.366995467644376], [-90.55179760675911, 27.366995467644376], [-90.55179760675911, 27.367175130701202], [-90.55197726981594, 27.367175130701202], [-90.55197726981594, 27.367354793758025], [-90.5525162589864, 27.367354793758025], [-90.5525162589864, 27.367534456814848], [-90.55269592204323, 27.367534456814848], [-90.55269592204323, 27.36771411987167], [-90.55305524815688, 27.36771411987167], [-90.55305524815688, 27.367893782928498], [-90.55323491121369, 27.367893782928498], [-90.55323491121369, 27.36807344598532], [-90.55341457427052, 27.36807344598532], [-90.55341457427052, 27.368253109042143], [-90.55359423732735, 27.368253109042143], [-90.55359423732735, 27.36843277209897], [-90.553953563441, 27.36843277209897], [-90.553953563441, 27.368612435155793], [-90.55431288955464, 27.368612435155793], [-90.55431288955464, 27.368792098212616], [-90.55521120483876, 27.368792098212616], [-90.55521120483876, 27.36897176126944], [-90.55575019400924, 27.36897176126944], [-90.55575019400924, 27.369151424326265], [-90.55646884623653, 27.369151424326265]]]}, "properties": {"candidate_id": "E007-C23", "component_id": 23, "area_m2": 122787.2434861511, "perimeter_m": 1982.2320135319947, "centroid_lon": -90.55405580305076, "centroid_lat": 27.36724580489219, "major_axis_m": 663.1366256777163, "minor_axis_m": 260.55324464153273, "width_proxy_m": 185.1613057274046, "orientation_deg_from_north": 126.75032217641167, "elongation": 2.5451098357652575, "compactness_polsby_popper": 0.3926938882867891, "prob_mean": 0.8845126070618973, "prob_max": 0.9942856431007385, "n_px_image_space": 347, "bbox_west": -90.55682817235018, "bbox_south": 27.365019174019313, "bbox_east": -90.55143828064546, "bbox_north": 27.369151424326265}}, {"type": "Feature", "geometry": {"type": "Polygon", "coordinates": [[[-90.1780984485654, 27.365917489303435], [-90.1780984485654, 27.365737826246608], [-90.17845777467903, 27.365737826246608], [-90.17845777467903, 27.365558163189785], [-90.17863743773586, 27.365558163189785], [-90.17863743773586, 27.36519883707614], [-90.17845777467903, 27.36519883707614], [-90.17845777467903, 27.36483951096249], [-90.1782781116222, 27.36483951096249], [-90.1782781116222, 27.364659847905667], [-90.17791878550857, 27.364659847905667], [-90.17791878550857, 27.36448018484884], [-90.17755945939491, 27.36448018484884], [-90.17755945939491, 27.364300521792018], [-90.17702047022445, 27.364300521792018], [-90.17702047022445, 27.36448018484884], [-90.1766611441108, 27.36448018484884], [-90.1766611441108, 27.36519883707614], [-90.17684080716762, 27.36519883707614], [-90.17684080716762, 27.365378500132962], [-90.17702047022445, 27.365378500132962], [-90.17702047022445, 27.365558163189785], [-90.17720013328126, 27.365558163189785], [-90.17720013328126, 27.365737826246608], [-90.17773912245174, 27.365737826246608], [-90.17773912245174, 27.365917489303435], [-90.1780984485654, 27.365917489303435]]]}, "properties": {"candidate_id": "E007-C24", "component_id": 24, "area_m2": 23708.648916900158, "perimeter_m": 749.388698011071, "centroid_lon": -90.17760906660781, "centroid_lat": 27.36509827908748, "major_axis_m": 195.51475255428224, "minor_axis_m": 179.1788772549474, "width_proxy_m": 121.2627109062665, "orientation_deg_from_north": 89.9995127547088, "elongation": 1.091170764933922, "compactness_polsby_popper": 0.530520770503799, "prob_mean": 0.7268406837733824, "prob_max": 0.8399642705917358, "n_px_image_space": 67, "bbox_west": -90.17863743773586, "bbox_south": 27.364300521792018, "bbox_east": -90.1766611441108, "bbox_north": 27.365917489303435}}, {"type": "Feature", "geometry": {"type": "Polygon", "coordinates": [[[-90.57982504362363, 27.36160557593966], [-90.57982504362363, 27.361425912882837], [-90.58018436973728, 27.361425912882837], [-90.58018436973728, 27.36124624982601], [-90.58036403279411, 27.36124624982601], [-90.58036403279411, 27.360886923712364], [-90.58054369585093, 27.360886923712364], [-90.58054369585093, 27.359269956200947], [-90.58072335890776, 27.359269956200947], [-90.58072335890776, 27.359090293144124], [-90.58054369585093, 27.359090293144124], [-90.58054369585093, 27.35873096703048], [-90.58036403279411, 27.35873096703048], [-90.58036403279411, 27.358551303973652], [-90.58018436973728, 27.358551303973652], [-90.58018436973728, 27.35837164091683], [-90.57946571750999, 27.35837164091683], [-90.57946571750999, 27.35873096703048], [-90.57928605445316, 27.35873096703048], [-90.57928605445316, 27.359269956200947], [-90.57910639139634, 27.359269956200947], [-90.57910639139634, 27.359629282314597], [-90.57892672833951, 27.359629282314597], [-90.57892672833951, 27.359988608428246], [-90.5787470652827, 27.359988608428246], [-90.5787470652827, 27.361066586769187], [-90.57892672833951, 27.361066586769187], [-90.57892672833951, 27.36124624982601], [-90.57910639139634, 27.36124624982601], [-90.57910639139634, 27.361425912882837], [-90.57946571750999, 27.361425912882837], [-90.57946571750999, 27.36160557593966], [-90.57982504362363, 27.36160557593966]]]}, "properties": {"candidate_id": "E007-C25", "component_id": 25, "area_m2": 49542.680003486574, "perimeter_m": 1107.7561517952195, "centroid_lon": -90.57973393023471, "centroid_lat": 27.36002838592813, "major_axis_m": 363.637111972126, "minor_axis_m": 186.70224409820213, "width_proxy_m": 136.24208963381105, "orientation_deg_from_north": 5.6653495033247285, "elongation": 1.9476847411692555, "compactness_polsby_popper": 0.507342236395767, "prob_mean": 0.8001568526029587, "prob_max": 0.9609697461128235, "n_px_image_space": 140, "bbox_west": -90.58072335890776, "bbox_south": 27.35837164091683, "bbox_east": -90.5787470652827, "bbox_north": 27.36160557593966}}, {"type": "Feature", "geometry": {"type": "Polygon", "coordinates": [[[-90.56760795575961, 27.361425912882837], [-90.56760795575961, 27.36124624982601], [-90.56814694493008, 27.36124624982601], [-90.56814694493008, 27.361066586769187], [-90.56850627104373, 27.361066586769187], [-90.56850627104373, 27.360886923712364], [-90.56868593410056, 27.360886923712364], [-90.56868593410056, 27.36070726065554], [-90.56886559715738, 27.36070726065554], [-90.56886559715738, 27.360527597598715], [-90.5690452602142, 27.360527597598715], [-90.5690452602142, 27.360347934541892], [-90.56940458632785, 27.360347934541892], [-90.56940458632785, 27.36016827148507], [-90.56958424938468, 27.36016827148507], [-90.56958424938468, 27.359988608428246], [-90.5697639124415, 27.359988608428246], [-90.5697639124415, 27.35980894537142], [-90.56994357549831, 27.35980894537142], [-90.56994357549831, 27.359629282314597], [-90.57012323855514, 27.359629282314597], [-90.57012323855514, 27.359449619257774], [-90.57030290161197, 27.359449619257774], [-90.57030290161197, 27.359269956200947], [-90.5704825646688, 27.359269956200947], [-90.5704825646688, 27.359090293144124], [-90.57066222772562, 27.359090293144124], [-90.57066222772562, 27.3589106300873], [-90.57102155383926, 27.3589106300873], [-90.57102155383926, 27.35873096703048], [-90.57120121689609, 27.35873096703048], [-90.57120121689609, 27.358551303973652], [-90.57138087995291, 27.358551303973652], [-90.57138087995291, 27.35837164091683], [-90.57156054300974, 27.35837164091683], [-90.57156054300974, 27.358191977860006], [-90.57174020606656, 27.358191977860006], [-90.57174020606656, 27.358012314803183], [-90.57191986912338, 27.358012314803183], [-90.57191986912338, 27.357832651746357], [-90.5720995321802, 27.357832651746357], [-90.5720995321802, 27.35747332563271], [-90.57227919523703, 27.35747332563271], [-90.57227919523703, 27.357293662575884], [-90.57245885829386, 27.357293662575884], [-90.57245885829386, 27.35711399951906], [-90.57263852135068, 27.35711399951906], [-90.57263852135068, 27.356754673405415], [-90.57281818440751, 27.356754673405415], [-90.57281818440751, 27.356395347291766], [-90.57299784746432, 27.356395347291766], [-90.57299784746432, 27.354598716723526], [-90.57281818440751, 27.354598716723526], [-90.57281818440751, 27.35423939060988], [-90.57263852135068, 27.35423939060988], [-90.57263852135068, 27.354059727553057], [-90.57245885829386, 27.354059727553057], [-90.57245885829386, 27.35388006449623], [-90.5720995321802, 27.35388006449623], [-90.5720995321802, 27.353700401439408], [-90.57102155383926, 27.353700401439408], [-90.57102155383926, 27.353520738382585], [-90.57084189078245, 27.353520738382585], [-90.57084189078245, 27.35334107532576], [-90.57066222772562, 27.35334107532576], [-90.57066222772562, 27.352981749212113], [-90.5704825646688, 27.352981749212113], [-90.5704825646688, 27.35280208615529], [-90.57030290161197, 27.35280208615529], [-90.57030290161197, 27.35244276004164], [-90.57012323855514, 27.35244276004164], [-90.57012323855514, 27.352083433927994], [-90.56994357549831, 27.352083433927994], [-90.56994357549831, 27.351903770871168], [-90.5697639124415, 27.351903770871168], [-90.5697639124415, 27.351724107814345], [-90.56958424938468, 27.351724107814345], [-90.56958424938468, 27.351544444757522], [-90.56922492327102, 27.351544444757522], [-90.56922492327102, 27.351364781700696], [-90.56886559715738, 27.351364781700696], [-90.56886559715738, 27.351185118643873], [-90.5683266079869, 27.351185118643873], [-90.5683266079869, 27.35100545558705], [-90.56796728187325, 27.35100545558705], [-90.56796728187325, 27.350825792530227], [-90.56760795575961, 27.350825792530227], [-90.56760795575961, 27.3506461294734], [-90.56724862964596, 27.3506461294734], [-90.56724862964596, 27.350466466416577], [-90.56688930353232, 27.350466466416577], [-90.56688930353232, 27.350286803359754], [-90.5667096404755, 27.350286803359754], [-90.5667096404755, 27.35010714030293], [-90.56635031436184, 27.35010714030293], [-90.56635031436184, 27.349927477246105], [-90.56581132519138, 27.349927477246105], [-90.56581132519138, 27.349747814189282], [-90.56563166213455, 27.349747814189282], [-90.56563166213455, 27.34956815113246], [-90.56545199907772, 27.34956815113246], [-90.56545199907772, 27.349388488075633], [-90.5652723360209, 27.349388488075633], [-90.5652723360209, 27.34920882501881], [-90.56491300990726, 27.34920882501881], [-90.56491300990726, 27.349029161961987], [-90.5645536837936, 27.349029161961987], [-90.5645536837936, 27.348849498905164], [-90.56419435767995, 27.348849498905164], [-90.56419435767995, 27.348669835848337], [-90.56401469462313, 27.348669835848337], [-90.56401469462313, 27.348490172791514], [-90.56365536850949, 27.348490172791514], [-90.56365536850949, 27.34813084667787], [-90.56347570545266, 27.34813084667787], [-90.56347570545266, 27.347951183621042], [-90.56329604239583, 27.347951183621042], [-90.56329604239583, 27.34777152056422], [-90.56311637933901, 27.34777152056422], [-90.56311637933901, 27.347591857507396], [-90.5629367162822, 27.347591857507396], [-90.5629367162822, 27.34741219445057], [-90.56275705322537, 27.34741219445057], [-90.56275705322537, 27.347232531393747], [-90.56239772711172, 27.347232531393747], [-90.56239772711172, 27.347052868336924], [-90.5614994118276, 27.347052868336924], [-90.5614994118276, 27.347232531393747], [-90.56131974877077, 27.347232531393747], [-90.56131974877077, 27.34741219445057], [-90.56114008571394, 27.34741219445057], [-90.56114008571394, 27.348490172791514], [-90.56131974877077, 27.348490172791514], [-90.56131974877077, 27.349029161961987], [-90.5614994118276, 27.349029161961987], [-90.5614994118276, 27.350466466416577], [-90.56131974877077, 27.350466466416577], [-90.56131974877077, 27.3506461294734], [-90.56114008571394, 27.3506461294734], [-90.56114008571394, 27.350825792530227], [-90.55952311820253, 27.350825792530227], [-90.55952311820253, 27.3506461294734], [-90.55898412903207, 27.3506461294734], [-90.55898412903207, 27.350825792530227], [-90.55826547680476, 27.350825792530227], [-90.55826547680476, 27.35100545558705], [-90.5577264876343, 27.35100545558705], [-90.5577264876343, 27.351185118643873], [-90.55682817235018, 27.351185118643873], [-90.55682817235018, 27.351364781700696], [-90.55610952012287, 27.351364781700696], [-90.55610952012287, 27.351544444757522], [-90.55592985706606, 27.351544444757522], [-90.55592985706606, 27.351724107814345], [-90.55575019400924, 27.351724107814345], [-90.55575019400924, 27.35280208615529], [-90.55592985706606, 27.35280208615529], [-90.55592985706606, 27.352981749212113], [-90.5562891831797, 27.352981749212113], [-90.5562891831797, 27.353161412268935], [-90.55646884623653, 27.353161412268935], [-90.55646884623653, 27.35334107532576], [-90.55682817235018, 27.35334107532576], [-90.55682817235018, 27.353520738382585], [-90.557007835407, 27.353520738382585], [-90.557007835407, 27.353700401439408], [-90.55718749846382, 27.353700401439408], [-90.55718749846382, 27.35388006449623], [-90.55754682457747, 27.35388006449623], [-90.55754682457747, 27.354059727553057], [-90.5577264876343, 27.354059727553057], [-90.5577264876343, 27.35423939060988], [-90.55808581374794, 27.35423939060988], [-90.55808581374794, 27.354419053666703], [-90.55880446597524, 27.354419053666703], [-90.55880446597524, 27.354598716723526], [-90.56131974877077, 27.354598716723526], [-90.56131974877077, 27.354419053666703], [-90.56185873794125, 27.354419053666703], [-90.56185873794125, 27.35423939060988], [-90.56221806405489, 27.35423939060988], [-90.56221806405489, 27.354059727553057], [-90.56239772711172, 27.354059727553057], [-90.56239772711172, 27.35423939060988], [-90.56257739016854, 27.35423939060988], [-90.56257739016854, 27.354598716723526], [-90.56275705322537, 27.354598716723526], [-90.56275705322537, 27.354958042837175], [-90.5629367162822, 27.354958042837175], [-90.5629367162822, 27.35531736895082], [-90.56311637933901, 27.35531736895082], [-90.56311637933901, 27.35567669506447], [-90.56329604239583, 27.35567669506447], [-90.56329604239583, 27.35603602117812], [-90.56347570545266, 27.35603602117812], [-90.56347570545266, 27.356215684234943], [-90.56365536850949, 27.356215684234943], [-90.56365536850949, 27.356754673405415], [-90.56383503156631, 27.356754673405415], [-90.56383503156631, 27.359449619257774], [-90.56401469462313, 27.359449619257774], [-90.56401469462313, 27.35980894537142], [-90.56419435767995, 27.35980894537142], [-90.56419435767995, 27.36016827148507], [-90.5645536837936, 27.36016827148507], [-90.5645536837936, 27.360347934541892], [-90.56473334685043, 27.360347934541892], [-90.56473334685043, 27.360527597598715], [-90.56509267296407, 27.360527597598715], [-90.56509267296407, 27.36070726065554], [-90.5652723360209, 27.36070726065554], [-90.5652723360209, 27.360886923712364], [-90.56563166213455, 27.360886923712364], [-90.56563166213455, 27.361066586769187], [-90.56635031436184, 27.361066586769187], [-90.56635031436184, 27.36124624982601], [-90.56724862964596, 27.36124624982601], [-90.56724862964596, 27.361425912882837], [-90.56760795575961, 27.361425912882837]]]}, "properties": {"candidate_id": "E007-C26", "component_id": 26, "area_m2": 1257385.090246588, "perimeter_m": 6828.7451106305325, "centroid_lon": -90.56542835604667, "centroid_lat": 27.35440074157764, "major_axis_m": 1640.3088583566296, "minor_axis_m": 1069.6802629079166, "width_proxy_m": 766.5538620003064, "orientation_deg_from_north": 134.24134659688144, "elongation": 1.5334571602709244, "compactness_polsby_popper": 0.3388413201975121, "prob_mean": 0.9741331230174848, "prob_max": 1.0, "n_px_image_space": 3553, "bbox_west": -90.57299784746432, "bbox_south": 27.347052868336924, "bbox_east": -90.55575019400924, "bbox_north": 27.361425912882837}}, {"type": "Feature", "geometry": {"type": "Polygon", "coordinates": [[[-90.57659110860081, 27.36016827148507], [-90.57659110860081, 27.359988608428246], [-90.57695043471445, 27.359988608428246], [-90.57695043471445, 27.35980894537142], [-90.57713009777127, 27.35980894537142], [-90.57713009777127, 27.359269956200947], [-90.5773097608281, 27.359269956200947], [-90.5773097608281, 27.35873096703048], [-90.57748942388493, 27.35873096703048], [-90.57748942388493, 27.356754673405415], [-90.5773097608281, 27.356754673405415], [-90.5773097608281, 27.356395347291766], [-90.57713009777127, 27.356395347291766], [-90.57713009777127, 27.356215684234943], [-90.57695043471445, 27.356215684234943], [-90.57695043471445, 27.35603602117812], [-90.57605211943033, 27.35603602117812], [-90.57605211943033, 27.356215684234943], [-90.5758724563735, 27.356215684234943], [-90.5758724563735, 27.356395347291766], [-90.57569279331669, 27.356395347291766], [-90.57569279331669, 27.357293662575884], [-90.57551313025986, 27.357293662575884], [-90.57551313025986, 27.359090293144124], [-90.57569279331669, 27.359090293144124], [-90.57569279331669, 27.35980894537142], [-90.5758724563735, 27.35980894537142], [-90.5758724563735, 27.36016827148507], [-90.57659110860081, 27.36016827148507]]]}, "properties": {"candidate_id": "E007-C27", "component_id": 27, "area_m2": 74669.20295272022, "perimeter_m": 1306.8460315586076, "centroid_lon": -90.57648765400445, "centroid_lat": 27.358049345338472, "major_axis_m": 457.91691435097874, "minor_axis_m": 195.52365651474747, "width_proxy_m": 163.06277539136426, "orientation_deg_from_north": 0.00038249951537150384, "elongation": 2.342002612438051, "compactness_polsby_popper": 0.5494175560869545, "prob_mean": 0.8987248619020832, "prob_max": 0.9986242055892944, "n_px_image_space": 211, "bbox_west": -90.57748942388493, "bbox_south": 27.35603602117812, "bbox_east": -90.57551313025986, "bbox_north": 27.36016827148507}}, {"type": "Feature", "geometry": {"type": "Polygon", "coordinates": [[[-89.53382672679487, 27.20368174899145], [-89.53382672679487, 27.203502085934623], [-89.53418605290851, 27.203502085934623], [-89.53418605290851, 27.2033224228778], [-89.53436571596534, 27.2033224228778], [-89.53436571596534, 27.202603770650505], [-89.53418605290851, 27.202603770650505], [-89.53418605290851, 27.202424107593682], [-89.5340063898517, 27.202424107593682], [-89.5340063898517, 27.202064781480033], [-89.53382672679487, 27.202064781480033], [-89.53382672679487, 27.20188511842321], [-89.53364706373804, 27.20188511842321], [-89.53364706373804, 27.201705455366387], [-89.53346740068122, 27.201705455366387], [-89.53346740068122, 27.20152579230956], [-89.53328773762439, 27.20152579230956], [-89.53328773762439, 27.201346129252737], [-89.53310807456756, 27.201346129252737], [-89.53310807456756, 27.201166466195914], [-89.53274874845393, 27.201166466195914], [-89.53274874845393, 27.200986803139088], [-89.53220975928345, 27.200986803139088], [-89.53220975928345, 27.200807140082265], [-89.53149110705615, 27.200807140082265], [-89.53149110705615, 27.200627477025442], [-89.52951481343109, 27.200627477025442], [-89.52951481343109, 27.200807140082265], [-89.52933515037427, 27.200807140082265], [-89.52933515037427, 27.201346129252737], [-89.52951481343109, 27.201346129252737], [-89.52951481343109, 27.20152579230956], [-89.52969447648792, 27.20152579230956], [-89.52969447648792, 27.201705455366387], [-89.52987413954475, 27.201705455366387], [-89.52987413954475, 27.20188511842321], [-89.53041312871521, 27.20188511842321], [-89.53041312871521, 27.202064781480033], [-89.53131144399933, 27.202064781480033], [-89.53131144399933, 27.202244444536856], [-89.53149110705615, 27.202244444536856], [-89.53149110705615, 27.202424107593682], [-89.53167077011298, 27.202424107593682], [-89.53167077011298, 27.202603770650505], [-89.53185043316981, 27.202603770650505], [-89.53185043316981, 27.202783433707328], [-89.53203009622663, 27.202783433707328], [-89.53203009622663, 27.203142759820977], [-89.53220975928345, 27.203142759820977], [-89.53220975928345, 27.2033224228778], [-89.53238942234027, 27.2033224228778], [-89.53238942234027, 27.203502085934623], [-89.53274874845393, 27.203502085934623], [-89.53274874845393, 27.20368174899145], [-89.53382672679487, 27.20368174899145]]]}, "properties": {"candidate_id": "E007-C28", "component_id": 28, "area_m2": 92135.99490203708, "perimeter_m": 1673.6944991775115, "centroid_lon": -89.5320819103468, "centroid_lat": 27.201991535363582, "major_axis_m": 567.3741720461162, "minor_axis_m": 251.69525342735375, "width_proxy_m": 162.39018172041196, "orientation_deg_from_north": 125.71471215264411, "elongation": 2.254210853483084, "compactness_polsby_popper": 0.4133203764696621, "prob_mean": 0.8380620014209014, "prob_max": 0.9871484637260437, "n_px_image_space": 260, "bbox_west": -89.53436571596534, "bbox_south": 27.200627477025442, "bbox_east": -89.52933515037427, "bbox_north": 27.20368174899145}}, {"type": "Feature", "geometry": {"type": "Polygon", "coordinates": [[[-89.5273588567492, 27.20296309676415], [-89.5273588567492, 27.202783433707328], [-89.52771818286286, 27.202783433707328], [-89.52771818286286, 27.202603770650505], [-89.52789784591968, 27.202603770650505], [-89.52789784591968, 27.202244444536856], [-89.52807750897651, 27.202244444536856], [-89.52807750897651, 27.202064781480033], [-89.52825717203332, 27.202064781480033], [-89.52825717203332, 27.20188511842321], [-89.52843683509015, 27.20188511842321], [-89.52843683509015, 27.20152579230956], [-89.52861649814697, 27.20152579230956], [-89.52861649814697, 27.201166466195914], [-89.5287961612038, 27.201166466195914], [-89.5287961612038, 27.200986803139088], [-89.52861649814697, 27.200986803139088], [-89.52861649814697, 27.200627477025442], [-89.52843683509015, 27.200627477025442], [-89.52843683509015, 27.20044781396862], [-89.52807750897651, 27.20044781396862], [-89.52807750897651, 27.200268150911793], [-89.52789784591968, 27.200268150911793], [-89.52789784591968, 27.20008848785497], [-89.5273588567492, 27.20008848785497], [-89.5273588567492, 27.199908824798147], [-89.52699953063556, 27.199908824798147], [-89.52699953063556, 27.199729161741324], [-89.52646054146508, 27.199729161741324], [-89.52646054146508, 27.199549498684497], [-89.52610121535145, 27.199549498684497], [-89.52610121535145, 27.199369835627675], [-89.52556222618097, 27.199369835627675], [-89.52556222618097, 27.19919017257085], [-89.52520290006731, 27.19919017257085], [-89.52520290006731, 27.199010509514025], [-89.52484357395367, 27.199010509514025], [-89.52484357395367, 27.198830846457202], [-89.52466391089685, 27.198830846457202], [-89.52466391089685, 27.198471520343556], [-89.52448424784002, 27.198471520343556], [-89.52448424784002, 27.198112194229907], [-89.5243045847832, 27.198112194229907], [-89.5243045847832, 27.197932531173084], [-89.52412492172638, 27.197932531173084], [-89.52412492172638, 27.19775286811626], [-89.52394525866956, 27.19775286811626], [-89.52394525866956, 27.19739354200261], [-89.52376559561273, 27.19739354200261], [-89.52376559561273, 27.19721387894579], [-89.5235859325559, 27.19721387894579], [-89.5235859325559, 27.19685455283214], [-89.52340626949908, 27.19685455283214], [-89.52340626949908, 27.196495226718493], [-89.52322660644225, 27.196495226718493], [-89.52322660644225, 27.196315563661667], [-89.52286728032861, 27.196315563661667], [-89.52286728032861, 27.196135900604844], [-89.52250795421496, 27.196135900604844], [-89.52250795421496, 27.19595623754802], [-89.52214862810132, 27.19595623754802], [-89.52214862810132, 27.195776574491198], [-89.52178930198767, 27.195776574491198], [-89.52178930198767, 27.19559691143437], [-89.52160963893084, 27.19559691143437], [-89.52160963893084, 27.19541724837755], [-89.52142997587401, 27.19541724837755], [-89.52142997587401, 27.195237585320726], [-89.52107064976038, 27.195237585320726], [-89.52107064976038, 27.1950579222639], [-89.52089098670355, 27.1950579222639], [-89.52089098670355, 27.194878259207076], [-89.52071132364672, 27.194878259207076], [-89.52071132364672, 27.194698596150253], [-89.52035199753307, 27.194698596150253], [-89.52035199753307, 27.19451893309343], [-89.51945368224895, 27.19451893309343], [-89.51945368224895, 27.194698596150253], [-89.51927401919212, 27.194698596150253], [-89.51927401919212, 27.194878259207076], [-89.51909435613531, 27.194878259207076], [-89.51909435613531, 27.1950579222639], [-89.51891469307849, 27.1950579222639], [-89.51891469307849, 27.196315563661667], [-89.51909435613531, 27.196315563661667], [-89.51909435613531, 27.196674889775316], [-89.51927401919212, 27.196674889775316], [-89.51927401919212, 27.197034215888962], [-89.51945368224895, 27.197034215888962], [-89.51945368224895, 27.19721387894579], [-89.5198130083626, 27.19721387894579], [-89.5198130083626, 27.19739354200261], [-89.51999267141943, 27.19739354200261], [-89.51999267141943, 27.197573205059435], [-89.52017233447626, 27.197573205059435], [-89.52017233447626, 27.19775286811626], [-89.52035199753307, 27.19775286811626], [-89.52035199753307, 27.197932531173084], [-89.52089098670355, 27.197932531173084], [-89.52089098670355, 27.198112194229907], [-89.52125031281719, 27.198112194229907], [-89.52125031281719, 27.19829185728673], [-89.52160963893084, 27.19829185728673], [-89.52160963893084, 27.198471520343556], [-89.52178930198767, 27.198471520343556], [-89.52178930198767, 27.19865118340038], [-89.5219689650445, 27.19865118340038], [-89.5219689650445, 27.198830846457202], [-89.52214862810132, 27.198830846457202], [-89.52214862810132, 27.19919017257085], [-89.52232829115813, 27.19919017257085], [-89.52232829115813, 27.199369835627675], [-89.52268761727179, 27.199369835627675], [-89.52268761727179, 27.199549498684497], [-89.52304694338544, 27.199549498684497], [-89.52304694338544, 27.199729161741324], [-89.52340626949908, 27.199729161741324], [-89.52340626949908, 27.199908824798147], [-89.5235859325559, 27.199908824798147], [-89.5235859325559, 27.20008848785497], [-89.52376559561273, 27.20008848785497], [-89.52376559561273, 27.20044781396862], [-89.52394525866956, 27.20044781396862], [-89.52394525866956, 27.201166466195914], [-89.52412492172638, 27.201166466195914], [-89.52412492172638, 27.20152579230956], [-89.5243045847832, 27.20152579230956], [-89.5243045847832, 27.201705455366387], [-89.52448424784002, 27.201705455366387], [-89.52448424784002, 27.20188511842321], [-89.52466391089685, 27.20188511842321], [-89.52466391089685, 27.202064781480033], [-89.52484357395367, 27.202064781480033], [-89.52484357395367, 27.202244444536856], [-89.52520290006731, 27.202244444536856], [-89.52520290006731, 27.202424107593682], [-89.52574188923779, 27.202424107593682], [-89.52574188923779, 27.202603770650505], [-89.52610121535145, 27.202603770650505], [-89.52610121535145, 27.202783433707328], [-89.52664020452191, 27.202783433707328], [-89.52664020452191, 27.20296309676415], [-89.5273588567492, 27.20296309676415]]]}, "properties": {"candidate_id": "E007-C29", "component_id": 29, "area_m2": 311853.5562283248, "perimeter_m": 3829.4439565088637, "centroid_lon": -89.52371221718928, "centroid_lat": 27.198879826431984, "major_axis_m": 1220.688817741574, "minor_axis_m": 385.1698167639463, "width_proxy_m": 255.47342754011018, "orientation_deg_from_north": 131.5731975341582, "elongation": 3.169222417263502, "compactness_polsby_popper": 0.2672324103047606, "prob_mean": 0.9231702839109031, "prob_max": 0.9999715089797974, "n_px_image_space": 880, "bbox_west": -89.5287961612038, "bbox_south": 27.19451893309343, "bbox_east": -89.51891469307849, "bbox_north": 27.20296309676415}}, {"type": "Feature", "geometry": {"type": "Polygon", "coordinates": [[[-90.43663358733498, 27.14026068993261], [-90.43663358733498, 27.140081026875787], [-90.43717257650546, 27.140081026875787], [-90.43717257650546, 27.13990136381896], [-90.43735223956227, 27.13990136381896], [-90.43735223956227, 27.139362374648492], [-90.4375319026191, 27.139362374648492], [-90.4375319026191, 27.139182711591666], [-90.43735223956227, 27.139182711591666], [-90.43735223956227, 27.13882338547802], [-90.43717257650546, 27.13882338547802], [-90.43717257650546, 27.138643722421193], [-90.43699291344863, 27.138643722421193], [-90.43699291344863, 27.138284396307547], [-90.43681325039181, 27.138284396307547], [-90.43681325039181, 27.138104733250724], [-90.43663358733498, 27.138104733250724], [-90.43663358733498, 27.137925070193898], [-90.43645392427815, 27.137925070193898], [-90.43645392427815, 27.137745407137075], [-90.43627426122134, 27.137745407137075], [-90.43627426122134, 27.137565744080252], [-90.43591493510769, 27.137565744080252], [-90.43591493510769, 27.13738608102343], [-90.4351962828804, 27.13738608102343], [-90.4351962828804, 27.137565744080252], [-90.43483695676674, 27.137565744080252], [-90.43483695676674, 27.137745407137075], [-90.43465729370992, 27.137745407137075], [-90.43465729370992, 27.137925070193898], [-90.43447763065309, 27.137925070193898], [-90.43447763065309, 27.138284396307547], [-90.43429796759628, 27.138284396307547], [-90.43429796759628, 27.138643722421193], [-90.43411830453945, 27.138643722421193], [-90.43411830453945, 27.139003048534843], [-90.43393864148263, 27.139003048534843], [-90.43393864148263, 27.139542037705315], [-90.43411830453945, 27.139542037705315], [-90.43411830453945, 27.13990136381896], [-90.43447763065309, 27.13990136381896], [-90.43447763065309, 27.140081026875787], [-90.43501661982357, 27.140081026875787], [-90.43501661982357, 27.14026068993261], [-90.43663358733498, 27.14026068993261]]]}, "properties": {"candidate_id": "E007-C30", "component_id": 30, "area_m2": 81550.02786509693, "perimeter_m": 1349.4642643638758, "centroid_lon": -90.43567980995631, "centroid_lat": 27.138974925917278, "major_axis_m": 356.1953094761883, "minor_axis_m": 318.5356636287884, "width_proxy_m": 228.94750631338272, "orientation_deg_from_north": 90.00057046566583, "elongation": 1.1182274079403782, "compactness_polsby_popper": 0.5627444248581053, "prob_mean": 0.8859318665836169, "prob_max": 0.9970633387565613, "n_px_image_space": 230, "bbox_west": -90.4375319026191, "bbox_south": 27.13738608102343, "bbox_east": -90.43393864148263, "bbox_north": 27.14026068993261}}, {"type": "Feature", "geometry": {"type": "Polygon", "coordinates": [[[-90.4389692070737, 27.136847091852957], [-90.4389692070737, 27.136487765739307], [-90.43914887013052, 27.136487765739307], [-90.43914887013052, 27.135409787398366], [-90.4389692070737, 27.135409787398366], [-90.4389692070737, 27.135050461284717], [-90.43878954401687, 27.135050461284717], [-90.43878954401687, 27.134870798227894], [-90.43807089178958, 27.134870798227894], [-90.43807089178958, 27.135050461284717], [-90.43789122873275, 27.135050461284717], [-90.43789122873275, 27.13523012434154], [-90.43771156567593, 27.13523012434154], [-90.43771156567593, 27.135769113512012], [-90.43789122873275, 27.135769113512012], [-90.43789122873275, 27.136308102682484], [-90.43807089178958, 27.136308102682484], [-90.43807089178958, 27.13666742879613], [-90.43843021790322, 27.13666742879613], [-90.43843021790322, 27.136847091852957], [-90.4389692070737, 27.136847091852957]]]}, "properties": {"candidate_id": "E007-C31", "component_id": 31, "area_m2": 24111.100211925805, "perimeter_m": 722.9445239515414, "centroid_lon": -90.43848305930571, "centroid_lat": 27.13581931184778, "major_axis_m": 218.99350760711025, "minor_axis_m": 142.48291639478492, "width_proxy_m": 110.09961197198054, "orientation_deg_from_north": 0.00024076883897172774, "elongation": 1.5369808054765906, "compactness_polsby_popper": 0.5797182162209565, "prob_mean": 0.7478837695191888, "prob_max": 0.8683726191520691, "n_px_image_space": 68, "bbox_west": -90.43914887013052, "bbox_south": 27.134870798227894, "bbox_east": -90.43771156567593, "bbox_north": 27.136847091852957}}, {"type": "Feature", "geometry": {"type": "Polygon", "coordinates": [[[-90.45154562105137, 27.133074167659654], [-90.45154562105137, 27.13289450460283], [-90.45208461022185, 27.13289450460283], [-90.45208461022185, 27.132714841546004], [-90.45226427327866, 27.132714841546004], [-90.45226427327866, 27.13235551543236], [-90.45244393633548, 27.13235551543236], [-90.45244393633548, 27.132175852375536], [-90.45262359939231, 27.132175852375536], [-90.45262359939231, 27.13199618931871], [-90.45298292550596, 27.13199618931871], [-90.45298292550596, 27.131816526261886], [-90.4533422516196, 27.131816526261886], [-90.4533422516196, 27.13199618931871], [-90.45388124079008, 27.13199618931871], [-90.45388124079008, 27.132175852375536], [-90.45513888218785, 27.132175852375536], [-90.45513888218785, 27.13199618931871], [-90.45531854524467, 27.13199618931871], [-90.45531854524467, 27.13145720014824], [-90.45513888218785, 27.13145720014824], [-90.45513888218785, 27.131277537091414], [-90.45495921913103, 27.131277537091414], [-90.45495921913103, 27.13109787403459], [-90.45442022996055, 27.13109787403459], [-90.45442022996055, 27.130918210977768], [-90.45370157773326, 27.130918210977768], [-90.45370157773326, 27.13073854792094], [-90.4533422516196, 27.13073854792094], [-90.4533422516196, 27.13055888486412], [-90.45298292550596, 27.13055888486412], [-90.45298292550596, 27.130379221807296], [-90.45208461022185, 27.130379221807296], [-90.45208461022185, 27.130199558750473], [-90.44938966436948, 27.130199558750473], [-90.44938966436948, 27.130379221807296], [-90.44903033825584, 27.130379221807296], [-90.44903033825584, 27.13055888486412], [-90.44885067519901, 27.13055888486412], [-90.44885067519901, 27.13145720014824], [-90.44903033825584, 27.13145720014824], [-90.44903033825584, 27.131816526261886], [-90.44921000131266, 27.131816526261886], [-90.44921000131266, 27.13199618931871], [-90.44938966436948, 27.13199618931871], [-90.44938966436948, 27.132175852375536], [-90.44974899048313, 27.132175852375536], [-90.44974899048313, 27.13235551543236], [-90.44992865353996, 27.13235551543236], [-90.44992865353996, 27.13253517848918], [-90.4502879796536, 27.13253517848918], [-90.4502879796536, 27.132714841546004], [-90.45064730576725, 27.132714841546004], [-90.45064730576725, 27.13289450460283], [-90.4510066318809, 27.13289450460283], [-90.4510066318809, 27.133074167659654], [-90.45154562105137, 27.133074167659654]]]}, "properties": {"candidate_id": "E007-C33", "component_id": 33, "area_m2": 129779.3156150505, "perimeter_m": 1999.1156431273482, "centroid_lon": -90.45167324952824, "centroid_lat": 27.131438553539656, "major_axis_m": 641.1966589841081, "minor_axis_m": 318.53494652558487, "width_proxy_m": 202.40173400258942, "orientation_deg_from_north": 90.00013966219586, "elongation": 2.012955457408837, "compactness_polsby_popper": 0.4080745482680111, "prob_mean": 0.8659715295815077, "prob_max": 0.9990151524543762, "n_px_image_space": 366, "bbox_west": -90.45531854524467, "bbox_south": 27.130199558750473, "bbox_east": -90.44885067519901, "bbox_north": 27.133074167659654}}, {"type": "Feature", "geometry": {"type": "Polygon", "coordinates": [[[-90.4262131300392, 27.132714841546004], [-90.4262131300392, 27.13253517848918], [-90.42639279309603, 27.13253517848918], [-90.42639279309603, 27.13235551543236], [-90.42657245615284, 27.13235551543236], [-90.42657245615284, 27.13199618931871], [-90.42639279309603, 27.13199618931871], [-90.42639279309603, 27.131816526261886], [-90.42603346698237, 27.131816526261886], [-90.42603346698237, 27.131636863205063], [-90.42513515169826, 27.131636863205063], [-90.42513515169826, 27.131816526261886], [-90.4247758255846, 27.131816526261886], [-90.4247758255846, 27.132175852375536], [-90.42495548864143, 27.132175852375536], [-90.42495548864143, 27.13235551543236], [-90.42513515169826, 27.13235551543236], [-90.42513515169826, 27.13253517848918], [-90.42585380392555, 27.13253517848918], [-90.42585380392555, 27.132714841546004], [-90.4262131300392, 27.132714841546004]]]}, "properties": {"candidate_id": "E007-C34", "component_id": 34, "area_m2": 14892.629484340549, "perimeter_m": 595.1230603083884, "centroid_lon": -90.42569552889165, "centroid_lat": 27.132128798160114, "major_axis_m": 178.10937613604887, "minor_axis_m": 119.45066024394308, "width_proxy_m": 83.61507859622624, "orientation_deg_from_north": 90.0004990171423, "elongation": 1.4910706711232278, "compactness_polsby_popper": 0.5284059397527294, "prob_mean": 0.6377808863208407, "prob_max": 0.6815513372421265, "n_px_image_space": 42, "bbox_west": -90.42657245615284, "bbox_south": 27.131636863205063, "bbox_east": -90.4247758255846, "bbox_north": 27.132714841546004}}, {"type": "Feature", "geometry": {"type": "Polygon", "coordinates": [[[-90.47759676429084, 27.131636863205063], [-90.47759676429084, 27.13145720014824], [-90.47777642734766, 27.13145720014824], [-90.47777642734766, 27.131277537091414], [-90.47795609040448, 27.131277537091414], [-90.47795609040448, 27.130918210977768], [-90.47777642734766, 27.130918210977768], [-90.47777642734766, 27.130379221807296], [-90.47741710123401, 27.130379221807296], [-90.47741710123401, 27.130199558750473], [-90.47633912289307, 27.130199558750473], [-90.47633912289307, 27.130379221807296], [-90.47615945983624, 27.130379221807296], [-90.47615945983624, 27.131277537091414], [-90.47633912289307, 27.131277537091414], [-90.47633912289307, 27.13145720014824], [-90.47651878594989, 27.13145720014824], [-90.47651878594989, 27.131636863205063], [-90.47759676429084, 27.131636863205063]]]}, "properties": {"candidate_id": "E007-C35", "component_id": 35, "area_m2": 23757.545677751303, "perimeter_m": 674.757482991063, "centroid_lon": -90.47700548479649, "centroid_lat": 27.130916870181416, "major_axis_m": 178.11115052040444, "minor_axis_m": 159.26806012267915, "width_proxy_m": 133.3860659949509, "orientation_deg_from_north": 90.00053074930041, "elongation": 1.118310541254857, "compactness_polsby_popper": 0.6557163577674316, "prob_mean": 0.7874163718365911, "prob_max": 0.9309722185134888, "n_px_image_space": 67, "bbox_west": -90.47795609040448, "bbox_south": 27.130199558750473, "bbox_east": -90.47615945983624, "bbox_north": 27.131636863205063}}, {"type": "Feature", "geometry": {"type": "Polygon", "coordinates": [[[-90.47310518787023, 27.130199558750473], [-90.47310518787023, 27.130019895693646], [-90.47346451398388, 27.130019895693646], [-90.47346451398388, 27.12966056958], [-90.47364417704071, 27.12966056958], [-90.47364417704071, 27.129121580409528], [-90.47382384009754, 27.129121580409528], [-90.47382384009754, 27.128402928182233], [-90.47364417704071, 27.128402928182233], [-90.47364417704071, 27.12786393901176], [-90.47346451398388, 27.12786393901176], [-90.47346451398388, 27.127684275954937], [-90.47238653564294, 27.127684275954937], [-90.47238653564294, 27.12786393901176], [-90.47202720952929, 27.12786393901176], [-90.47202720952929, 27.128043602068583], [-90.47148822035882, 27.128043602068583], [-90.47148822035882, 27.12822326512541], [-90.4705899050747, 27.12822326512541], [-90.4705899050747, 27.128043602068583], [-90.46987125284741, 27.128043602068583], [-90.46987125284741, 27.12786393901176], [-90.46951192673376, 27.12786393901176], [-90.46951192673376, 27.127684275954937], [-90.46933226367693, 27.127684275954937], [-90.46933226367693, 27.127504612898115], [-90.46861361144964, 27.127504612898115], [-90.46861361144964, 27.127324949841288], [-90.46627799171092, 27.127324949841288], [-90.46627799171092, 27.127145286784465], [-90.46573900254046, 27.127145286784465], [-90.46573900254046, 27.127324949841288], [-90.46502035031317, 27.127324949841288], [-90.46502035031317, 27.127504612898115], [-90.46466102419951, 27.127504612898115], [-90.46466102419951, 27.127684275954937], [-90.46448136114269, 27.127684275954937], [-90.46448136114269, 27.12786393901176], [-90.46430169808586, 27.12786393901176], [-90.46430169808586, 27.128043602068583], [-90.46412203502904, 27.128043602068583], [-90.46412203502904, 27.12822326512541], [-90.46340338280174, 27.12822326512541], [-90.46340338280174, 27.128043602068583], [-90.46268473057445, 27.128043602068583], [-90.46268473057445, 27.12822326512541], [-90.46214574140397, 27.12822326512541], [-90.46214574140397, 27.128402928182233], [-90.46178641529033, 27.128402928182233], [-90.46178641529033, 27.128582591239056], [-90.46124742611985, 27.128582591239056], [-90.46124742611985, 27.12876225429588], [-90.46070843694939, 27.12876225429588], [-90.46070843694939, 27.128941917352705], [-90.46052877389256, 27.128941917352705], [-90.46052877389256, 27.12930124346635], [-90.46070843694939, 27.12930124346635], [-90.46070843694939, 27.129480906523177], [-90.46106776306304, 27.129480906523177], [-90.46106776306304, 27.12966056958], [-90.46142708917668, 27.12966056958], [-90.46142708917668, 27.129840232636823], [-90.46340338280174, 27.129840232636823], [-90.46340338280174, 27.12966056958], [-90.46358304585857, 27.12966056958], [-90.46358304585857, 27.129480906523177], [-90.4637627089154, 27.129480906523177], [-90.4637627089154, 27.12930124346635], [-90.46412203502904, 27.12930124346635], [-90.46412203502904, 27.129121580409528], [-90.46520001336998, 27.129121580409528], [-90.46520001336998, 27.12930124346635], [-90.46555933948363, 27.12930124346635], [-90.46555933948363, 27.129480906523177], [-90.4660983286541, 27.129480906523177], [-90.4660983286541, 27.12966056958], [-90.46627799171092, 27.12966056958], [-90.46627799171092, 27.129840232636823], [-90.46663731782458, 27.129840232636823], [-90.46663731782458, 27.130019895693646], [-90.46789495922235, 27.130019895693646], [-90.46789495922235, 27.129840232636823], [-90.46843394839281, 27.129840232636823], [-90.46843394839281, 27.12966056958], [-90.46969158979059, 27.12966056958], [-90.46969158979059, 27.129840232636823], [-90.47023057896105, 27.129840232636823], [-90.47023057896105, 27.130019895693646], [-90.47076956813153, 27.130019895693646], [-90.47076956813153, 27.130199558750473], [-90.47310518787023, 27.130199558750473]]]}, "properties": {"candidate_id": "E007-C36", "component_id": 36, "area_m2": 280131.57536319643, "perimeter_m": 3711.200737949922, "centroid_lon": -90.46781490312387, "centroid_lat": 27.128784355600224, "major_axis_m": 1317.6764271610805, "minor_axis_m": 319.0151413055622, "width_proxy_m": 212.5951178824204, "orientation_deg_from_north": 92.46148450274558, "elongation": 4.130451055609836, "compactness_polsby_popper": 0.25558951618641124, "prob_mean": 0.8841651422313497, "prob_max": 0.9991883635520935, "n_px_image_space": 790, "bbox_west": -90.47382384009754, "bbox_south": 27.127145286784465, "bbox_east": -90.46052877389256, "bbox_north": 27.130199558750473}}, {"type": "Feature", "geometry": {"type": "Polygon", "coordinates": [[[-90.42405717335731, 27.130199558750473], [-90.42405717335731, 27.130019895693646], [-90.42459616252778, 27.130019895693646], [-90.42459616252778, 27.12966056958], [-90.4247758255846, 27.12966056958], [-90.4247758255846, 27.12930124346635], [-90.42495548864143, 27.12930124346635], [-90.42495548864143, 27.127324949841288], [-90.4247758255846, 27.127324949841288], [-90.4247758255846, 27.126965623727642], [-90.42459616252778, 27.126965623727642], [-90.42459616252778, 27.126785960670816], [-90.4247758255846, 27.126785960670816], [-90.4247758255846, 27.12642663455717], [-90.42495548864143, 27.12642663455717], [-90.42495548864143, 27.126246971500347], [-90.42531481475508, 27.126246971500347], [-90.42531481475508, 27.12606730844352], [-90.42639279309603, 27.12606730844352], [-90.42639279309603, 27.126246971500347], [-90.4269317822665, 27.126246971500347], [-90.4269317822665, 27.12606730844352], [-90.42818942366426, 27.12606730844352], [-90.42818942366426, 27.126246971500347], [-90.42836908672109, 27.126246971500347], [-90.42836908672109, 27.12642663455717], [-90.42872841283473, 27.12642663455717], [-90.42872841283473, 27.126606297613993], [-90.42908773894838, 27.126606297613993], [-90.42908773894838, 27.126785960670816], [-90.42926740200521, 27.126785960670816], [-90.42926740200521, 27.126965623727642], [-90.42962672811885, 27.126965623727642], [-90.42962672811885, 27.127145286784465], [-90.43016571728933, 27.127145286784465], [-90.43016571728933, 27.127324949841288], [-90.43052504340297, 27.127324949841288], [-90.43052504340297, 27.127504612898115], [-90.43088436951662, 27.127504612898115], [-90.43088436951662, 27.127684275954937], [-90.43106403257345, 27.127684275954937], [-90.43106403257345, 27.12786393901176], [-90.43142335868708, 27.12786393901176], [-90.43142335868708, 27.128043602068583], [-90.43178268480074, 27.128043602068583], [-90.43178268480074, 27.12822326512541], [-90.43232167397122, 27.12822326512541], [-90.43232167397122, 27.128402928182233], [-90.43268100008486, 27.128402928182233], [-90.43268100008486, 27.128582591239056], [-90.43429796759628, 27.128582591239056], [-90.43429796759628, 27.12876225429588], [-90.43537594593721, 27.12876225429588], [-90.43537594593721, 27.128941917352705], [-90.43627426122134, 27.128941917352705], [-90.43627426122134, 27.12876225429588], [-90.43663358733498, 27.12876225429588], [-90.43663358733498, 27.128582591239056], [-90.43699291344863, 27.128582591239056], [-90.43699291344863, 27.12822326512541], [-90.43681325039181, 27.12822326512541], [-90.43681325039181, 27.12786393901176], [-90.43663358733498, 27.12786393901176], [-90.43663358733498, 27.127684275954937], [-90.43645392427815, 27.127684275954937], [-90.43645392427815, 27.127504612898115], [-90.43609459816452, 27.127504612898115], [-90.43609459816452, 27.127324949841288], [-90.4351962828804, 27.127324949841288], [-90.4351962828804, 27.127145286784465], [-90.43483695676674, 27.127145286784465], [-90.43483695676674, 27.126965623727642], [-90.43465729370992, 27.126965623727642], [-90.43465729370992, 27.126785960670816], [-90.43447763065309, 27.126785960670816], [-90.43447763065309, 27.126606297613993], [-90.43429796759628, 27.126606297613993], [-90.43429796759628, 27.12642663455717], [-90.43411830453945, 27.12642663455717], [-90.43411830453945, 27.12606730844352], [-90.43393864148263, 27.12606730844352], [-90.43393864148263, 27.125887645386697], [-90.4337589784258, 27.125887645386697], [-90.4337589784258, 27.125707982329875], [-90.43339965231215, 27.125707982329875], [-90.43339965231215, 27.12552831927305], [-90.43321998925533, 27.12552831927305], [-90.43321998925533, 27.125168993159402], [-90.43339965231215, 27.125168993159402], [-90.43339965231215, 27.12498933010258], [-90.43357931536897, 27.12498933010258], [-90.43357931536897, 27.124809667045753], [-90.4337589784258, 27.124809667045753], [-90.4337589784258, 27.12463000398893], [-90.43393864148263, 27.12463000398893], [-90.43393864148263, 27.124450340932107], [-90.43411830453945, 27.124450340932107], [-90.43411830453945, 27.124091014818458], [-90.43429796759628, 27.124091014818458], [-90.43429796759628, 27.123911351761635], [-90.43411830453945, 27.123911351761635], [-90.43411830453945, 27.123372362591162], [-90.43393864148263, 27.123372362591162], [-90.43393864148263, 27.12319269953434], [-90.43339965231215, 27.12319269953434], [-90.43339965231215, 27.123013036477516], [-90.43268100008486, 27.123013036477516], [-90.43268100008486, 27.12283337342069], [-90.43088436951662, 27.12283337342069], [-90.43088436951662, 27.122653710363867], [-90.43016571728933, 27.122653710363867], [-90.43016571728933, 27.122474047307044], [-90.42944706506202, 27.122474047307044], [-90.42944706506202, 27.12229438425022], [-90.42908773894838, 27.12229438425022], [-90.42908773894838, 27.122114721193395], [-90.42783009755061, 27.122114721193395], [-90.42783009755061, 27.12229438425022], [-90.42747077143696, 27.12229438425022], [-90.42747077143696, 27.122474047307044], [-90.42711144532332, 27.122474047307044], [-90.42711144532332, 27.122653710363867], [-90.42675211920967, 27.122653710363867], [-90.42675211920967, 27.12283337342069], [-90.42657245615284, 27.12283337342069], [-90.42657245615284, 27.123013036477516], [-90.42639279309603, 27.123013036477516], [-90.42639279309603, 27.12319269953434], [-90.4262131300392, 27.12319269953434], [-90.4262131300392, 27.123372362591162], [-90.42603346698237, 27.123372362591162], [-90.42603346698237, 27.12373168870481], [-90.42585380392555, 27.12373168870481], [-90.42585380392555, 27.124270677875284], [-90.42567414086872, 27.124270677875284], [-90.42567414086872, 27.124450340932107], [-90.4254944778119, 27.124450340932107], [-90.4254944778119, 27.12463000398893], [-90.42531481475508, 27.12463000398893], [-90.42531481475508, 27.124809667045753], [-90.42495548864143, 27.124809667045753], [-90.42495548864143, 27.12463000398893], [-90.4247758255846, 27.12463000398893], [-90.4247758255846, 27.124450340932107], [-90.42423683641414, 27.124450340932107], [-90.42423683641414, 27.12463000398893], [-90.42369784724366, 27.12463000398893], [-90.42369784724366, 27.124809667045753], [-90.42333852113002, 27.124809667045753], [-90.42333852113002, 27.12498933010258], [-90.42297919501637, 27.12498933010258], [-90.42297919501637, 27.125168993159402], [-90.42261986890271, 27.125168993159402], [-90.42261986890271, 27.125348656216225], [-90.42226054278908, 27.125348656216225], [-90.42226054278908, 27.12552831927305], [-90.42190121667542, 27.12552831927305], [-90.42190121667542, 27.125707982329875], [-90.4217215536186, 27.125707982329875], [-90.4217215536186, 27.125887645386697], [-90.41992492305036, 27.125887645386697], [-90.41992492305036, 27.125707982329875], [-90.4195655969367, 27.125707982329875], [-90.4195655969367, 27.12552831927305], [-90.4193859338799, 27.12552831927305], [-90.4193859338799, 27.125348656216225], [-90.41920627082307, 27.125348656216225], [-90.41920627082307, 27.125168993159402], [-90.41902660776624, 27.125168993159402], [-90.41902660776624, 27.12498933010258], [-90.41884694470941, 27.12498933010258], [-90.41884694470941, 27.124809667045753], [-90.41866728165259, 27.124809667045753], [-90.41866728165259, 27.12463000398893], [-90.41848761859578, 27.12463000398893], [-90.41848761859578, 27.124450340932107], [-90.41812829248212, 27.124450340932107], [-90.41812829248212, 27.124270677875284], [-90.41758930331164, 27.124270677875284], [-90.41758930331164, 27.124091014818458], [-90.41579267274341, 27.124091014818458], [-90.41579267274341, 27.124270677875284], [-90.41525368357294, 27.124270677875284], [-90.41525368357294, 27.124450340932107], [-90.41489435745929, 27.124450340932107], [-90.41489435745929, 27.12463000398893], [-90.41471469440246, 27.12463000398893], [-90.41471469440246, 27.124809667045753], [-90.41453503134565, 27.124809667045753], [-90.41453503134565, 27.12498933010258], [-90.41435536828882, 27.12498933010258], [-90.41435536828882, 27.125168993159402], [-90.414175705232, 27.125168993159402], [-90.414175705232, 27.125348656216225], [-90.41381637911834, 27.125348656216225], [-90.41381637911834, 27.12552831927305], [-90.4134570530047, 27.12552831927305], [-90.4134570530047, 27.125348656216225], [-90.41291806383423, 27.125348656216225], [-90.41291806383423, 27.125168993159402], [-90.41255873772059, 27.125168993159402], [-90.41255873772059, 27.12498933010258], [-90.41237907466376, 27.12498933010258], [-90.41237907466376, 27.124809667045753], [-90.41201974855011, 27.124809667045753], [-90.41201974855011, 27.12463000398893], [-90.41148075937964, 27.12463000398893], [-90.41148075937964, 27.124450340932107], [-90.41112143326599, 27.124450340932107], [-90.41112143326599, 27.124270677875284], [-90.41076210715234, 27.124270677875284], [-90.41076210715234, 27.124091014818458], [-90.41058244409552, 27.124091014818458], [-90.41058244409552, 27.12373168870481], [-90.4104027810387, 27.12373168870481], [-90.4104027810387, 27.123372362591162], [-90.41022311798187, 27.123372362591162], [-90.41022311798187, 27.12319269953434], [-90.40986379186822, 27.12319269953434], [-90.40986379186822, 27.123013036477516], [-90.40932480269775, 27.123013036477516], [-90.40932480269775, 27.12283337342069], [-90.40752817212952, 27.12283337342069], [-90.40752817212952, 27.123013036477516], [-90.40734850907269, 27.123013036477516], [-90.40734850907269, 27.12319269953434], [-90.40716884601586, 27.12319269953434], [-90.40716884601586, 27.123372362591162], [-90.40698918295904, 27.123372362591162], [-90.40698918295904, 27.123911351761635], [-90.40716884601586, 27.123911351761635], [-90.40716884601586, 27.124270677875284], [-90.40752817212952, 27.124270677875284], [-90.40752817212952, 27.124450340932107], [-90.40806716129998, 27.124450340932107], [-90.40806716129998, 27.12463000398893], [-90.40842648741364, 27.12463000398893], [-90.40842648741364, 27.124809667045753], [-90.40860615047046, 27.124809667045753], [-90.40860615047046, 27.12498933010258], [-90.40878581352727, 27.12498933010258], [-90.40878581352727, 27.125168993159402], [-90.4089654765841, 27.125168993159402], [-90.4089654765841, 27.125348656216225], [-90.40914513964093, 27.125348656216225], [-90.40914513964093, 27.12552831927305], [-90.40932480269775, 27.12552831927305], [-90.40932480269775, 27.125707982329875], [-90.40968412881139, 27.125707982329875], [-90.40968412881139, 27.125887645386697], [-90.41076210715234, 27.125887645386697], [-90.41076210715234, 27.12606730844352], [-90.41130109632282, 27.12606730844352], [-90.41130109632282, 27.126246971500347], [-90.41148075937964, 27.126246971500347], [-90.41148075937964, 27.12642663455717], [-90.41184008549328, 27.12642663455717], [-90.41184008549328, 27.126606297613993], [-90.41201974855011, 27.126606297613993], [-90.41201974855011, 27.126785960670816], [-90.41237907466376, 27.126785960670816], [-90.41237907466376, 27.126965623727642], [-90.4127384007774, 27.126965623727642], [-90.4127384007774, 27.127145286784465], [-90.41363671606152, 27.127145286784465], [-90.41363671606152, 27.127324949841288], [-90.41399604217517, 27.127324949841288], [-90.41399604217517, 27.127504612898115], [-90.41453503134565, 27.127504612898115], [-90.41453503134565, 27.127684275954937], [-90.41471469440246, 27.127684275954937], [-90.41471469440246, 27.12786393901176], [-90.41489435745929, 27.12786393901176], [-90.41489435745929, 27.128043602068583], [-90.41507402051612, 27.128043602068583], [-90.41507402051612, 27.12822326512541], [-90.41543334662977, 27.12822326512541], [-90.41543334662977, 27.128402928182233], [-90.41561300968658, 27.128402928182233], [-90.41561300968658, 27.128582591239056], [-90.41579267274341, 27.128582591239056], [-90.41579267274341, 27.12876225429588], [-90.41615199885706, 27.12876225429588], [-90.41615199885706, 27.128941917352705], [-90.41669098802753, 27.128941917352705], [-90.41669098802753, 27.129121580409528], [-90.417229977198, 27.129121580409528], [-90.417229977198, 27.128941917352705], [-90.41776896636847, 27.128941917352705], [-90.41776896636847, 27.12876225429588], [-90.41902660776624, 27.12876225429588], [-90.41902660776624, 27.128941917352705], [-90.41974525999353, 27.128941917352705], [-90.41974525999353, 27.129121580409528], [-90.42028424916401, 27.129121580409528], [-90.42028424916401, 27.12930124346635], [-90.42046391222084, 27.12930124346635], [-90.42046391222084, 27.129480906523177], [-90.42082323833448, 27.129480906523177], [-90.42082323833448, 27.12966056958], [-90.42136222750496, 27.12966056958], [-90.42136222750496, 27.129840232636823], [-90.42190121667542, 27.129840232636823], [-90.42190121667542, 27.130019895693646], [-90.4231588580732, 27.130019895693646], [-90.4231588580732, 27.130199558750473], [-90.42405717335731, 27.130199558750473]]]}, "properties": {"candidate_id": "E007-C37", "component_id": 37, "area_m2": 1127644.7426313236, "perimeter_m": 9857.575283627706, "centroid_lon": -90.42305037839544, "centroid_lat": 27.12606839344289, "major_axis_m": 2953.347542051967, "minor_axis_m": 880.3644679938012, "width_proxy_m": 381.8191819875839, "orientation_deg_from_north": 87.7324902969792, "elongation": 3.354687347596089, "compactness_polsby_popper": 0.14582834882789888, "prob_mean": 0.8958090670078805, "prob_max": 1.0, "n_px_image_space": 3180, "bbox_west": -90.43699291344863, "bbox_south": 27.122114721193395, "bbox_east": -90.40698918295904, "bbox_north": 27.130199558750473}}, {"type": "Feature", "geometry": {"type": "Polygon", "coordinates": [[[-90.40447390016351, 27.125707982329875], [-90.40447390016351, 27.12463000398893], [-90.40429423710668, 27.12463000398893], [-90.40429423710668, 27.124450340932107], [-90.40411457404986, 27.124450340932107], [-90.40411457404986, 27.124270677875284], [-90.40393491099303, 27.124270677875284], [-90.40393491099303, 27.124091014818458], [-90.4037552479362, 27.124091014818458], [-90.4037552479362, 27.123911351761635], [-90.40357558487939, 27.123911351761635], [-90.40357558487939, 27.12355202564799], [-90.40339592182256, 27.12355202564799], [-90.40339592182256, 27.123372362591162], [-90.40321625876574, 27.123372362591162], [-90.40321625876574, 27.12319269953434], [-90.40267726959527, 27.12319269953434], [-90.40267726959527, 27.123013036477516], [-90.40159929125433, 27.123013036477516], [-90.40159929125433, 27.12319269953434], [-90.40106030208385, 27.12319269953434], [-90.40106030208385, 27.123372362591162], [-90.40070097597021, 27.123372362591162], [-90.40070097597021, 27.12355202564799], [-90.40052131291338, 27.12355202564799], [-90.40052131291338, 27.124091014818458], [-90.40034164985656, 27.124091014818458], [-90.40034164985656, 27.125168993159402], [-90.40052131291338, 27.125168993159402], [-90.40052131291338, 27.125348656216225], [-90.40070097597021, 27.125348656216225], [-90.40070097597021, 27.12552831927305], [-90.40159929125433, 27.12552831927305], [-90.40159929125433, 27.125348656216225], [-90.40195861736797, 27.125348656216225], [-90.40195861736797, 27.125168993159402], [-90.4021382804248, 27.125168993159402], [-90.4021382804248, 27.12498933010258], [-90.40249760653845, 27.12498933010258], [-90.40249760653845, 27.125168993159402], [-90.40303659570891, 27.125168993159402], [-90.40303659570891, 27.125348656216225], [-90.40321625876574, 27.125348656216225], [-90.40321625876574, 27.12552831927305], [-90.40339592182256, 27.12552831927305], [-90.40339592182256, 27.125707982329875], [-90.40447390016351, 27.125707982329875]]]}, "properties": {"candidate_id": "E007-C38", "component_id": 38, "area_m2": 88298.01103640348, "perimeter_m": 1536.0626512593137, "centroid_lon": -90.40231180769587, "centroid_lat": 27.124397308761306, "major_axis_m": 409.6812815818916, "minor_axis_m": 298.62514166493827, "width_proxy_m": 215.5285462285723, "orientation_deg_from_north": 90.00135043207442, "elongation": 1.3718914599680958, "compactness_polsby_popper": 0.47026529095754105, "prob_mean": 0.7949442305718081, "prob_max": 0.9559656977653503, "n_px_image_space": 249, "bbox_west": -90.40447390016351, "bbox_south": 27.123013036477516, "bbox_east": -90.40034164985656, "bbox_north": 27.125707982329875}}, {"type": "Feature", "geometry": {"type": "Polygon", "coordinates": [[[-90.40734850907269, 27.12013842756833], [-90.40734850907269, 27.11995876451151], [-90.40752817212952, 27.11995876451151], [-90.40752817212952, 27.119599438397863], [-90.40734850907269, 27.119599438397863], [-90.40734850907269, 27.11906044922739], [-90.40698918295904, 27.11906044922739], [-90.40698918295904, 27.119240112284213], [-90.40680951990221, 27.119240112284213], [-90.40680951990221, 27.119599438397863], [-90.4066298568454, 27.119599438397863], [-90.4066298568454, 27.119779101454686], [-90.40680951990221, 27.119779101454686], [-90.40680951990221, 27.11995876451151], [-90.40698918295904, 27.11995876451151], [-90.40698918295904, 27.12013842756833], [-90.40734850907269, 27.12013842756833]]]}, "properties": {"candidate_id": "E007-C39", "component_id": 39, "area_m2": 6737.880403369665, "perimeter_m": 417.02689539783734, "centroid_lon": -90.40711683820172, "centroid_lat": 27.119623077819853, "major_axis_m": 119.4505491373192, "minor_axis_m": 89.06439500625653, "width_proxy_m": 56.40727859378748, "orientation_deg_from_north": 0.00012667511269637277, "elongation": 1.3411706117683517, "compactness_polsby_popper": 0.48686105094360466, "prob_mean": 0.6767317935040122, "prob_max": 0.7631879448890686, "n_px_image_space": 19, "bbox_west": -90.40752817212952, "bbox_south": 27.11906044922739, "bbox_east": -90.4066298568454, "bbox_north": 27.12013842756833}}, {"type": "Feature", "geometry": {"type": "Polygon", "coordinates": [[[-90.43914887013052, 27.11259257918173], [-90.43914887013052, 27.112412916124907], [-90.43968785930099, 27.112412916124907], [-90.43968785930099, 27.11223325306808], [-90.44040651152828, 27.11223325306808], [-90.44040651152828, 27.112053590011257], [-90.44310145738065, 27.112053590011257], [-90.44310145738065, 27.11223325306808], [-90.44543707711935, 27.11223325306808], [-90.44543707711935, 27.112053590011257], [-90.44615572934666, 27.112053590011257], [-90.44615572934666, 27.111873926954434], [-90.44669471851712, 27.111873926954434], [-90.44669471851712, 27.111694263897608], [-90.4472337076876, 27.111694263897608], [-90.4472337076876, 27.111514600840785], [-90.44759303380124, 27.111514600840785], [-90.44759303380124, 27.111334937783962], [-90.44777269685807, 27.111334937783962], [-90.44777269685807, 27.11115527472714], [-90.4479523599149, 27.11115527472714], [-90.4479523599149, 27.110975611670312], [-90.44813202297172, 27.110975611670312], [-90.44813202297172, 27.11079594861349], [-90.44849134908536, 27.11079594861349], [-90.44849134908536, 27.110616285556667], [-90.44885067519901, 27.110616285556667], [-90.44885067519901, 27.11043662249984], [-90.44921000131266, 27.11043662249984], [-90.44921000131266, 27.110256959443017], [-90.44974899048313, 27.110256959443017], [-90.44974899048313, 27.110077296386194], [-90.45208461022185, 27.110077296386194], [-90.45208461022185, 27.10989763332937], [-90.45262359939231, 27.10989763332937], [-90.45262359939231, 27.109717970272545], [-90.45316258856279, 27.109717970272545], [-90.45316258856279, 27.109538307215722], [-90.45370157773326, 27.109538307215722], [-90.45370157773326, 27.1093586441589], [-90.45549820830149, 27.1093586441589], [-90.45549820830149, 27.109538307215722], [-90.45585753441514, 27.109538307215722], [-90.45585753441514, 27.109717970272545], [-90.45621686052878, 27.109717970272545], [-90.45621686052878, 27.10989763332937], [-90.45765416498338, 27.10989763332937], [-90.45765416498338, 27.109717970272545], [-90.45783382804021, 27.109717970272545], [-90.45783382804021, 27.109538307215722], [-90.45819315415385, 27.109538307215722], [-90.45819315415385, 27.1093586441589], [-90.45837281721067, 27.1093586441589], [-90.45837281721067, 27.109178981102076], [-90.4585524802675, 27.109178981102076], [-90.4585524802675, 27.10899931804525], [-90.45873214332433, 27.10899931804525], [-90.45873214332433, 27.108819654988427], [-90.45891180638115, 27.108819654988427], [-90.45891180638115, 27.108639991931604], [-90.45981012166527, 27.108639991931604], [-90.45981012166527, 27.108819654988427], [-90.46034911083574, 27.108819654988427], [-90.46034911083574, 27.10899931804525], [-90.46052877389256, 27.10899931804525], [-90.46052877389256, 27.109178981102076], [-90.46070843694939, 27.109178981102076], [-90.46070843694939, 27.1093586441589], [-90.46106776306304, 27.1093586441589], [-90.46106776306304, 27.109538307215722], [-90.46268473057445, 27.109538307215722], [-90.46268473057445, 27.1093586441589], [-90.46322371974492, 27.1093586441589], [-90.46322371974492, 27.109178981102076], [-90.46358304585857, 27.109178981102076], [-90.46358304585857, 27.10899931804525], [-90.46394237197222, 27.10899931804525], [-90.46394237197222, 27.108819654988427], [-90.47202720952929, 27.108819654988427], [-90.47202720952929, 27.108639991931604], [-90.47328485092706, 27.108639991931604], [-90.47328485092706, 27.108460328874777], [-90.47615945983624, 27.108460328874777], [-90.47615945983624, 27.108280665817954], [-90.47633912289307, 27.108280665817954], [-90.47633912289307, 27.10810100276113], [-90.47651878594989, 27.10810100276113], [-90.47651878594989, 27.107382350533836], [-90.47633912289307, 27.107382350533836], [-90.47633912289307, 27.107023024420187], [-90.47615945983624, 27.107023024420187], [-90.47615945983624, 27.106843361363364], [-90.47526114455212, 27.106843361363364], [-90.47526114455212, 27.107023024420187], [-90.4750814814953, 27.107023024420187], [-90.4750814814953, 27.107202687477013], [-90.47382384009754, 27.107202687477013], [-90.47382384009754, 27.107023024420187], [-90.47346451398388, 27.107023024420187], [-90.47346451398388, 27.106843361363364], [-90.47310518787023, 27.106843361363364], [-90.47310518787023, 27.10666369830654], [-90.46969158979059, 27.10666369830654], [-90.46969158979059, 27.106484035249714], [-90.46933226367693, 27.106484035249714], [-90.46933226367693, 27.10630437219289], [-90.46789495922235, 27.10630437219289], [-90.46789495922235, 27.106484035249714], [-90.46735597005187, 27.106484035249714], [-90.46735597005187, 27.10666369830654], [-90.4653796764268, 27.10666369830654], [-90.4653796764268, 27.106843361363364], [-90.46448136114269, 27.106843361363364], [-90.46448136114269, 27.107023024420187], [-90.4623254044608, 27.107023024420187], [-90.4623254044608, 27.106843361363364], [-90.46124742611985, 27.106843361363364], [-90.46124742611985, 27.107023024420187], [-90.46052877389256, 27.107023024420187], [-90.46052877389256, 27.107202687477013], [-90.4599897847221, 27.107202687477013], [-90.4599897847221, 27.107382350533836], [-90.45963045860844, 27.107382350533836], [-90.45963045860844, 27.10756201359066], [-90.45891180638115, 27.10756201359066], [-90.45891180638115, 27.107741676647482], [-90.45675584969926, 27.107741676647482], [-90.45675584969926, 27.10792133970431], [-90.45639652358561, 27.10792133970431], [-90.45639652358561, 27.10810100276113], [-90.45585753441514, 27.10810100276113], [-90.45585753441514, 27.108280665817954], [-90.45549820830149, 27.108280665817954], [-90.45549820830149, 27.108460328874777], [-90.45388124079008, 27.108460328874777], [-90.45388124079008, 27.108280665817954], [-90.45190494716502, 27.108280665817954], [-90.45190494716502, 27.108460328874777], [-90.44938966436948, 27.108460328874777], [-90.44938966436948, 27.108280665817954], [-90.44849134908536, 27.108280665817954], [-90.44849134908536, 27.10810100276113], [-90.44777269685807, 27.10810100276113], [-90.44777269685807, 27.108280665817954], [-90.4472337076876, 27.108280665817954], [-90.4472337076876, 27.108460328874777], [-90.44705404463078, 27.108460328874777], [-90.44705404463078, 27.108639991931604], [-90.44687438157395, 27.108639991931604], [-90.44687438157395, 27.108819654988427], [-90.44669471851712, 27.108819654988427], [-90.44669471851712, 27.10899931804525], [-90.4465150554603, 27.10899931804525], [-90.4465150554603, 27.109178981102076], [-90.44633539240347, 27.109178981102076], [-90.44633539240347, 27.1093586441589], [-90.44597606628983, 27.1093586441589], [-90.44597606628983, 27.109538307215722], [-90.44543707711935, 27.109538307215722], [-90.44543707711935, 27.109717970272545], [-90.44489808794889, 27.109717970272545], [-90.44489808794889, 27.10989763332937], [-90.44399977266477, 27.10989763332937], [-90.44399977266477, 27.110077296386194], [-90.44346078349429, 27.110077296386194], [-90.44346078349429, 27.110256959443017], [-90.44238280515334, 27.110256959443017], [-90.44238280515334, 27.110077296386194], [-90.44166415292605, 27.110077296386194], [-90.44166415292605, 27.10989763332937], [-90.44040651152828, 27.10989763332937], [-90.44040651152828, 27.110077296386194], [-90.43932853318735, 27.110077296386194], [-90.43932853318735, 27.110256959443017], [-90.4389692070737, 27.110256959443017], [-90.4389692070737, 27.11043662249984], [-90.43860988096004, 27.11043662249984], [-90.43860988096004, 27.110616285556667], [-90.43843021790322, 27.110616285556667], [-90.43843021790322, 27.11079594861349], [-90.4382505548464, 27.11079594861349], [-90.4382505548464, 27.110975611670312], [-90.43789122873275, 27.110975611670312], [-90.43789122873275, 27.11115527472714], [-90.43771156567593, 27.11115527472714], [-90.43771156567593, 27.111334937783962], [-90.4375319026191, 27.111334937783962], [-90.4375319026191, 27.11223325306808], [-90.43771156567593, 27.11223325306808], [-90.43771156567593, 27.112412916124907], [-90.43807089178958, 27.112412916124907], [-90.43807089178958, 27.11259257918173], [-90.43914887013052, 27.11259257918173]]]}, "properties": {"candidate_id": "E007-C40", "component_id": 40, "area_m2": 839833.4700908884, "perimeter_m": 9802.191843363176, "centroid_lon": -90.45660705686359, "centroid_lat": 27.10907205647077, "major_axis_m": 3902.897052144659, "minor_axis_m": 422.1859380485252, "width_proxy_m": 215.18207087460743, "orientation_deg_from_north": 82.18802971619657, "elongation": 9.244497981588548, "compactness_polsby_popper": 0.10983901929696184, "prob_mean": 0.8786429722818572, "prob_max": 0.9998729228973389, "n_px_image_space": 2368, "bbox_west": -90.47651878594989, "bbox_south": 27.10630437219289, "bbox_east": -90.4375319026191, "bbox_north": 27.11259257918173}}, {"type": "Feature", "geometry": {"type": "Polygon", "coordinates": [[[-90.43339965231215, 27.11223325306808], [-90.43339965231215, 27.112053590011257], [-90.43393864148263, 27.112053590011257], [-90.43393864148263, 27.111873926954434], [-90.4337589784258, 27.111873926954434], [-90.4337589784258, 27.111694263897608], [-90.43339965231215, 27.111694263897608], [-90.43339965231215, 27.111514600840785], [-90.43286066314168, 27.111514600840785], [-90.43286066314168, 27.111334937783962], [-90.43268100008486, 27.111334937783962], [-90.43268100008486, 27.11115527472714], [-90.43214201091439, 27.11115527472714], [-90.43214201091439, 27.110975611670312], [-90.43160302174391, 27.110975611670312], [-90.43160302174391, 27.11079594861349], [-90.42890807589156, 27.11079594861349], [-90.42890807589156, 27.110975611670312], [-90.42747077143696, 27.110975611670312], [-90.42747077143696, 27.11079594861349], [-90.42675211920967, 27.11079594861349], [-90.42675211920967, 27.110975611670312], [-90.4262131300392, 27.110975611670312], [-90.4262131300392, 27.11115527472714], [-90.42603346698237, 27.11115527472714], [-90.42603346698237, 27.111334937783962], [-90.4262131300392, 27.111334937783962], [-90.4262131300392, 27.111514600840785], [-90.42639279309603, 27.111514600840785], [-90.42639279309603, 27.111694263897608], [-90.42908773894838, 27.111694263897608], [-90.42908773894838, 27.111873926954434], [-90.43142335868708, 27.111873926954434], [-90.43142335868708, 27.112053590011257], [-90.43214201091439, 27.112053590011257], [-90.43214201091439, 27.11223325306808], [-90.43339965231215, 27.11223325306808]]]}, "properties": {"candidate_id": "E007-C41", "component_id": 41, "area_m2": 75186.02466409653, "perimeter_m": 1926.0415882849643, "centroid_lon": -90.43006655508081, "centroid_lat": 27.111425632974427, "major_axis_m": 789.9279638653832, "minor_axis_m": 152.8324562802086, "width_proxy_m": 95.1808621841744, "orientation_deg_from_north": 95.98151684189101, "elongation": 5.16858776657427, "compactness_polsby_popper": 0.2546922124060286, "prob_mean": 0.6994866503859466, "prob_max": 0.833984375, "n_px_image_space": 212, "bbox_west": -90.43393864148263, "bbox_south": 27.11079594861349, "bbox_east": -90.42603346698237, "bbox_north": 27.11223325306808}}, {"type": "Feature", "geometry": {"type": "Polygon", "coordinates": [[[-90.21978027774853, 27.062646249384684], [-90.21978027774853, 27.062466586327858], [-90.220319266919, 27.062466586327858], [-90.220319266919, 27.062286923271035], [-90.22049892997583, 27.062286923271035], [-90.22049892997583, 27.061388607986917], [-90.220319266919, 27.061388607986917], [-90.220319266919, 27.061029281873267], [-90.22013960386218, 27.061029281873267], [-90.22013960386218, 27.06066995575962], [-90.21995994080535, 27.06066995575962], [-90.21995994080535, 27.060490292702795], [-90.21978027774853, 27.060490292702795], [-90.21978027774853, 27.060310629645972], [-90.21960061469171, 27.060310629645972], [-90.21960061469171, 27.06013096658915], [-90.21942095163489, 27.06013096658915], [-90.21942095163489, 27.059951303532326], [-90.21798364718029, 27.059951303532326], [-90.21798364718029, 27.06013096658915], [-90.21780398412346, 27.06013096658915], [-90.21780398412346, 27.06192759715739], [-90.21798364718029, 27.06192759715739], [-90.21798364718029, 27.062286923271035], [-90.21816331023712, 27.062286923271035], [-90.21816331023712, 27.062466586327858], [-90.21888196246441, 27.062466586327858], [-90.21888196246441, 27.062646249384684], [-90.21978027774853, 27.062646249384684]]]}, "properties": {"candidate_id": "E007-C43", "component_id": 43, "area_m2": 65639.09560144693, "perimeter_m": 1131.906621802719, "centroid_lon": -90.21905433978826, "centroid_lat": 27.061323053243036, "major_axis_m": 298.6203014085377, "minor_axis_m": 267.33747512903443, "width_proxy_m": 219.80788074969865, "orientation_deg_from_north": 0.0006113424698472314, "elongation": 1.117016240481826, "compactness_polsby_popper": 0.6438004136156387, "prob_mean": 0.9011251253050727, "prob_max": 0.9954318404197693, "n_px_image_space": 185, "bbox_west": -90.22049892997583, "bbox_south": 27.059951303532326, "bbox_east": -90.21780398412346, "bbox_north": 27.062646249384684}}, {"type": "Feature", "geometry": {"type": "Polygon", "coordinates": [[[-90.22499050639642, 27.038391736713457], [-90.22499050639642, 27.03821207365663], [-90.2255294955669, 27.03821207365663], [-90.2255294955669, 27.038032410599808], [-90.22588882168054, 27.038032410599808], [-90.22588882168054, 27.037852747542985], [-90.2262481477942, 27.037852747542985], [-90.2262481477942, 27.037673084486162], [-90.22642781085102, 27.037673084486162], [-90.22642781085102, 27.037493421429335], [-90.22660747390785, 27.037493421429335], [-90.22660747390785, 27.03713409531569], [-90.22678713696466, 27.03713409531569], [-90.22678713696466, 27.0356967908611], [-90.22660747390785, 27.0356967908611], [-90.22660747390785, 27.03533746474745], [-90.22642781085102, 27.03533746474745], [-90.22642781085102, 27.035157801690627], [-90.22606848473737, 27.035157801690627], [-90.22606848473737, 27.034978138633804], [-90.2255294955669, 27.034978138633804], [-90.2255294955669, 27.034798475576977], [-90.2248108433396, 27.034798475576977], [-90.2248108433396, 27.034618812520154], [-90.2240921911123, 27.034618812520154], [-90.2240921911123, 27.03443914946333], [-90.22319387582819, 27.03443914946333], [-90.22319387582819, 27.034259486406505], [-90.22283454971453, 27.034259486406505], [-90.22283454971453, 27.034079823349682], [-90.22265488665772, 27.034079823349682], [-90.22265488665772, 27.03390016029286], [-90.2224752236009, 27.03390016029286], [-90.2224752236009, 27.033720497236036], [-90.22229556054407, 27.033720497236036], [-90.22229556054407, 27.03354083417921], [-90.22211589748724, 27.03354083417921], [-90.22211589748724, 27.033361171122387], [-90.22193623443042, 27.033361171122387], [-90.22193623443042, 27.033181508065564], [-90.22175657137359, 27.033181508065564], [-90.22175657137359, 27.03300184500874], [-90.22157690831678, 27.03300184500874], [-90.22157690831678, 27.032822181951914], [-90.22139724525995, 27.032822181951914], [-90.22139724525995, 27.03264251889509], [-90.22121758220312, 27.03264251889509], [-90.22121758220312, 27.03246285583827], [-90.22085825608947, 27.03246285583827], [-90.22085825608947, 27.032283192781442], [-90.22067859303266, 27.032283192781442], [-90.22067859303266, 27.03210352972462], [-90.22049892997583, 27.03210352972462], [-90.22049892997583, 27.031923866667796], [-90.220319266919, 27.031923866667796], [-90.220319266919, 27.031744203610973], [-90.22013960386218, 27.031744203610973], [-90.22013960386218, 27.031384877497324], [-90.21995994080535, 27.031384877497324], [-90.21995994080535, 27.0312052144405], [-90.22013960386218, 27.0312052144405], [-90.22013960386218, 27.030127236099556], [-90.220319266919, 27.030127236099556], [-90.220319266919, 27.02976790998591], [-90.22013960386218, 27.02976790998591], [-90.22013960386218, 27.02940858387226], [-90.21995994080535, 27.02940858387226], [-90.21995994080535, 27.029228920815438], [-90.22013960386218, 27.029228920815438], [-90.22013960386218, 27.029049257758615], [-90.22049892997583, 27.029049257758615], [-90.22049892997583, 27.028689931644966], [-90.22067859303266, 27.028689931644966], [-90.22067859303266, 27.028510268588143], [-90.2210379191463, 27.028510268588143], [-90.2210379191463, 27.028330605531316], [-90.22121758220312, 27.028330605531316], [-90.22121758220312, 27.028150942474493], [-90.22139724525995, 27.028150942474493], [-90.22139724525995, 27.02797127941767], [-90.22157690831678, 27.02797127941767], [-90.22157690831678, 27.027791616360847], [-90.22175657137359, 27.027791616360847], [-90.22175657137359, 27.02761195330402], [-90.22193623443042, 27.02761195330402], [-90.22193623443042, 27.027072964133552], [-90.22211589748724, 27.027072964133552], [-90.22211589748724, 27.025994985792607], [-90.22193623443042, 27.025994985792607], [-90.22193623443042, 27.025635659678958], [-90.22157690831678, 27.025635659678958], [-90.22157690831678, 27.025455996622135], [-90.220319266919, 27.025455996622135], [-90.220319266919, 27.025635659678958], [-90.21995994080535, 27.025635659678958], [-90.21995994080535, 27.025815322735784], [-90.21978027774853, 27.025815322735784], [-90.21978027774853, 27.025994985792607], [-90.21960061469171, 27.025994985792607], [-90.21960061469171, 27.02617464884943], [-90.21942095163489, 27.02617464884943], [-90.21942095163489, 27.026893301076726], [-90.21924128857806, 27.026893301076726], [-90.21924128857806, 27.028510268588143], [-90.21942095163489, 27.028510268588143], [-90.21942095163489, 27.028689931644966], [-90.21924128857806, 27.028689931644966], [-90.21924128857806, 27.02886959470179], [-90.21888196246441, 27.02886959470179], [-90.21888196246441, 27.029049257758615], [-90.21852263635077, 27.029049257758615], [-90.21852263635077, 27.029228920815438], [-90.21798364718029, 27.029228920815438], [-90.21798364718029, 27.02940858387226], [-90.21780398412346, 27.02940858387226], [-90.21780398412346, 27.029588246929084], [-90.21762432106665, 27.029588246929084], [-90.21762432106665, 27.02976790998591], [-90.21744465800982, 27.02976790998591], [-90.21744465800982, 27.03084588832685], [-90.21762432106665, 27.03084588832685], [-90.21762432106665, 27.031384877497324], [-90.21780398412346, 27.031384877497324], [-90.21780398412346, 27.031923866667796], [-90.21798364718029, 27.031923866667796], [-90.21798364718029, 27.03210352972462], [-90.21816331023712, 27.03210352972462], [-90.21816331023712, 27.032283192781442], [-90.21834297329394, 27.032283192781442], [-90.21834297329394, 27.03246285583827], [-90.2187022994076, 27.03246285583827], [-90.2187022994076, 27.03264251889509], [-90.21888196246441, 27.03264251889509], [-90.21888196246441, 27.032822181951914], [-90.21906162552123, 27.032822181951914], [-90.21906162552123, 27.033361171122387], [-90.21924128857806, 27.033361171122387], [-90.21924128857806, 27.03390016029286], [-90.21942095163489, 27.03390016029286], [-90.21942095163489, 27.034259486406505], [-90.21960061469171, 27.034259486406505], [-90.21960061469171, 27.03443914946333], [-90.21978027774853, 27.03443914946333], [-90.21978027774853, 27.034618812520154], [-90.21995994080535, 27.034618812520154], [-90.21995994080535, 27.034798475576977], [-90.220319266919, 27.034798475576977], [-90.220319266919, 27.034978138633804], [-90.22049892997583, 27.034978138633804], [-90.22049892997583, 27.035157801690627], [-90.22067859303266, 27.035157801690627], [-90.22067859303266, 27.03533746474745], [-90.22121758220312, 27.03533746474745], [-90.22121758220312, 27.035517127804273], [-90.22193623443042, 27.035517127804273], [-90.22193623443042, 27.0356967908611], [-90.22229556054407, 27.0356967908611], [-90.22229556054407, 27.035876453917922], [-90.2224752236009, 27.035876453917922], [-90.2224752236009, 27.036954432258867], [-90.22229556054407, 27.036954432258867], [-90.22229556054407, 27.03713409531569], [-90.2224752236009, 27.03713409531569], [-90.2224752236009, 27.037852747542985], [-90.22265488665772, 27.037852747542985], [-90.22265488665772, 27.038032410599808], [-90.22283454971453, 27.038032410599808], [-90.22283454971453, 27.03821207365663], [-90.22319387582819, 27.03821207365663], [-90.22319387582819, 27.038391736713457], [-90.22499050639642, 27.038391736713457]]]}, "properties": {"candidate_id": "E007-C44", "component_id": 44, "area_m2": 431551.4220110476, "perimeter_m": 5291.172465670733, "centroid_lon": -90.22173814208828, "centroid_lat": 27.032802879866935, "major_axis_m": 1502.6532426774884, "minor_axis_m": 652.9808263159892, "width_proxy_m": 287.19295294108696, "orientation_deg_from_north": 156.6777055709191, "elongation": 2.301221080495137, "compactness_polsby_popper": 0.19370399635715796, "prob_mean": 0.8957505945704485, "prob_max": 0.9997252225875854, "n_px_image_space": 1216, "bbox_west": -90.22678713696466, "bbox_south": 27.025455996622135, "bbox_east": -90.21744465800982, "bbox_north": 27.038391736713457}}, {"type": "Feature", "geometry": {"type": "Polygon", "coordinates": [[[-90.22606848473737, 27.010723625962576], [-90.22606848473737, 27.01054396290575], [-90.2262481477942, 27.01054396290575], [-90.2262481477942, 27.009645647621632], [-90.22570915862372, 27.009645647621632], [-90.22570915862372, 27.009825310678455], [-90.22534983251008, 27.009825310678455], [-90.22534983251008, 27.01054396290575], [-90.22570915862372, 27.01054396290575], [-90.22570915862372, 27.010723625962576], [-90.22606848473737, 27.010723625962576]]]}, "properties": {"candidate_id": "E007-C45", "component_id": 45, "area_m2": 8874.105317220092, "perimeter_m": 417.1962657037372, "centroid_lon": -90.22582773631214, "centroid_lat": 27.010166670163994, "major_axis_m": 119.44765984217183, "minor_axis_m": 89.15222878233357, "width_proxy_m": 74.2928352798673, "orientation_deg_from_north": 0.00013809933064190538, "elongation": 1.3398168668761494, "compactness_polsby_popper": 0.6406983679956054, "prob_mean": 0.6987964463233948, "prob_max": 0.7741456031799316, "n_px_image_space": 25, "bbox_west": -90.2262481477942, "bbox_south": 27.009645647621632, "bbox_east": -90.22534983251008, "bbox_north": 27.010723625962576}}, {"type": "Feature", "geometry": {"type": "Polygon", "coordinates": [[[-90.26792997697734, 27.003896429803266], [-90.26792997697734, 27.003716766746443], [-90.26828930309098, 27.003716766746443], [-90.26828930309098, 27.00353710368962], [-90.26846896614781, 27.00353710368962], [-90.26846896614781, 27.003357440632794], [-90.26900795531829, 27.003357440632794], [-90.26900795531829, 27.00317777757597], [-90.26972660754558, 27.00317777757597], [-90.26972660754558, 27.002998114519148], [-90.2699062706024, 27.002998114519148], [-90.2699062706024, 27.002818451462325], [-90.27008593365923, 27.002818451462325], [-90.27008593365923, 27.002459125348675], [-90.26900795531829, 27.002459125348675], [-90.26900795531829, 27.002279462291852], [-90.26864862920463, 27.002279462291852], [-90.26864862920463, 27.002099799235026], [-90.26846896614781, 27.002099799235026], [-90.26846896614781, 27.001920136178203], [-90.26810964003417, 27.001920136178203], [-90.26810964003417, 27.00174047312138], [-90.26739098780686, 27.00174047312138], [-90.26739098780686, 27.001560810064557], [-90.26667233557957, 27.001560810064557], [-90.26667233557957, 27.00138114700773], [-90.26559435723863, 27.00138114700773], [-90.26559435723863, 27.001201483950908], [-90.26505536806816, 27.001201483950908], [-90.26505536806816, 27.001021820894085], [-90.26469604195451, 27.001021820894085], [-90.26469604195451, 27.000842157837262], [-90.26451637889768, 27.000842157837262], [-90.26451637889768, 27.000662494780435], [-90.26415705278404, 27.000662494780435], [-90.26415705278404, 27.000482831723613], [-90.26397738972722, 27.000482831723613], [-90.26397738972722, 27.00030316866679], [-90.26361806361356, 27.00030316866679], [-90.26361806361356, 27.000123505609963], [-90.26325873749991, 27.000123505609963], [-90.26325873749991, 26.99994384255314], [-90.26254008527262, 26.99994384255314], [-90.26254008527262, 26.999764179496317], [-90.26200109610215, 26.999764179496317], [-90.26200109610215, 26.999584516439494], [-90.2616417699885, 26.999584516439494], [-90.2616417699885, 26.999404853382668], [-90.26146210693167, 26.999404853382668], [-90.26146210693167, 26.999225190325845], [-90.26128244387485, 26.999225190325845], [-90.26128244387485, 26.999045527269022], [-90.26110278081804, 26.999045527269022], [-90.26110278081804, 26.9988658642122], [-90.26074345470438, 26.9988658642122], [-90.26074345470438, 26.998686201155373], [-90.26038412859073, 26.998686201155373], [-90.26038412859073, 26.99850653809855], [-90.2585874980225, 26.99850653809855], [-90.2585874980225, 26.998326875041727], [-90.2578688457952, 26.998326875041727], [-90.2578688457952, 26.9981472119849], [-90.25715019356791, 26.9981472119849], [-90.25715019356791, 26.998326875041727], [-90.25697053051108, 26.998326875041727], [-90.25697053051108, 26.9981472119849], [-90.25553322605649, 26.9981472119849], [-90.25553322605649, 26.998326875041727], [-90.25517389994285, 26.998326875041727], [-90.25517389994285, 26.99850653809855], [-90.2548145738292, 26.99850653809855], [-90.2548145738292, 26.998686201155373], [-90.25463491077237, 26.998686201155373], [-90.25463491077237, 26.9988658642122], [-90.25445524771554, 26.9988658642122], [-90.25445524771554, 26.999584516439494], [-90.25463491077237, 26.999584516439494], [-90.25463491077237, 26.999764179496317], [-90.2548145738292, 26.999764179496317], [-90.2548145738292, 26.99994384255314], [-90.25499423688602, 26.99994384255314], [-90.25499423688602, 27.000123505609963], [-90.25517389994285, 27.000123505609963], [-90.25517389994285, 27.00030316866679], [-90.25535356299966, 27.00030316866679], [-90.25535356299966, 27.000482831723613], [-90.25571288911331, 27.000482831723613], [-90.25571288911331, 27.000662494780435], [-90.25750951968155, 27.000662494780435], [-90.25750951968155, 27.000842157837262], [-90.2585874980225, 27.000842157837262], [-90.2585874980225, 27.001021820894085], [-90.25984513942026, 27.001021820894085], [-90.25984513942026, 27.001201483950908], [-90.26056379164756, 27.001201483950908], [-90.26056379164756, 27.00138114700773], [-90.26092311776121, 27.00138114700773], [-90.26092311776121, 27.001560810064557], [-90.26110278081804, 27.001560810064557], [-90.26110278081804, 27.00174047312138], [-90.26128244387485, 27.00174047312138], [-90.26128244387485, 27.001920136178203], [-90.26146210693167, 27.001920136178203], [-90.26146210693167, 27.002099799235026], [-90.2616417699885, 27.002099799235026], [-90.2616417699885, 27.002279462291852], [-90.26182143304533, 27.002279462291852], [-90.26182143304533, 27.002459125348675], [-90.26218075915898, 27.002459125348675], [-90.26218075915898, 27.0026387884055], [-90.26236042221579, 27.0026387884055], [-90.26236042221579, 27.002818451462325], [-90.26254008527262, 27.002818451462325], [-90.26254008527262, 27.002998114519148], [-90.26271974832945, 27.002998114519148], [-90.26271974832945, 27.00317777757597], [-90.2630790744431, 27.00317777757597], [-90.2630790744431, 27.003357440632794], [-90.26343840055674, 27.003357440632794], [-90.26343840055674, 27.00353710368962], [-90.26415705278404, 27.00353710368962], [-90.26415705278404, 27.003716766746443], [-90.26523503112497, 27.003716766746443], [-90.26523503112497, 27.003896429803266], [-90.26792997697734, 27.003896429803266]]]}, "properties": {"candidate_id": "E007-C46", "component_id": 46, "area_m2": 405046.5770846829, "perimeter_m": 4416.695951235203, "centroid_lon": -90.26190078298677, "centroid_lat": 27.00101611083072, "major_axis_m": 1600.7031820403004, "minor_axis_m": 398.480049965866, "width_proxy_m": 253.04290116322463, "orientation_deg_from_north": 112.55897716155427, "elongation": 4.017022137438041, "compactness_polsby_popper": 0.2609274825784223, "prob_mean": 0.8940507473912185, "prob_max": 0.9996273517608643, "n_px_image_space": 1141, "bbox_west": -90.27008593365923, "bbox_south": 26.9981472119849, "bbox_east": -90.25445524771554, "bbox_north": 27.003896429803266}}, {"type": "Feature", "geometry": {"type": "Polygon", "coordinates": [[[-90.23199736561256, 27.002279462291852], [-90.23199736561256, 27.002099799235026], [-90.23217702866938, 27.002099799235026], [-90.23217702866938, 27.001920136178203], [-90.23235669172621, 27.001920136178203], [-90.23235669172621, 27.00138114700773], [-90.23253635478304, 27.00138114700773], [-90.23253635478304, 27.001201483950908], [-90.23235669172621, 27.001201483950908], [-90.23235669172621, 27.001021820894085], [-90.23199736561256, 27.001021820894085], [-90.23199736561256, 27.000842157837262], [-90.23109905032844, 27.000842157837262], [-90.23109905032844, 27.001021820894085], [-90.23073972421479, 27.001021820894085], [-90.23073972421479, 27.001201483950908], [-90.23056006115797, 27.001201483950908], [-90.23056006115797, 27.00138114700773], [-90.23038039810115, 27.00138114700773], [-90.23038039810115, 27.001560810064557], [-90.23020073504432, 27.001560810064557], [-90.23020073504432, 27.00174047312138], [-90.2300210719875, 27.00174047312138], [-90.2300210719875, 27.002279462291852], [-90.23199736561256, 27.002279462291852]]]}, "properties": {"candidate_id": "E007-C47", "component_id": 47, "area_m2": 29819.25720346719, "perimeter_m": 817.8178587435111, "centroid_lon": -90.23129582487054, "centroid_lat": 27.00162925443883, "major_axis_m": 249.64355408967688, "minor_axis_m": 159.26277532143357, "width_proxy_m": 119.44733486992229, "orientation_deg_from_north": 90.00123483096503, "elongation": 1.5674946866010055, "compactness_polsby_popper": 0.5602650157226188, "prob_mean": 0.7849925046875363, "prob_max": 0.9309911131858826, "n_px_image_space": 84, "bbox_west": -90.23253635478304, "bbox_south": 27.000842157837262, "bbox_east": -90.2300210719875, "bbox_north": 27.002279462291852}}, {"type": "Feature", "geometry": {"type": "Polygon", "coordinates": [[[-90.23846523565823, 27.001021820894085], [-90.23846523565823, 27.000842157837262], [-90.2406211923401, 27.000842157837262], [-90.2406211923401, 27.000662494780435], [-90.2413398445674, 27.000662494780435], [-90.2413398445674, 27.000482831723613], [-90.24151950762422, 27.000482831723613], [-90.24151950762422, 27.00030316866679], [-90.24169917068104, 27.00030316866679], [-90.24169917068104, 26.99994384255314], [-90.24187883373787, 26.99994384255314], [-90.24187883373787, 26.999584516439494], [-90.24151950762422, 26.999584516439494], [-90.24151950762422, 26.999404853382668], [-90.2413398445674, 26.999404853382668], [-90.2413398445674, 26.999225190325845], [-90.24098051845375, 26.999225190325845], [-90.24098051845375, 26.999045527269022], [-90.24080085539693, 26.999045527269022], [-90.24080085539693, 26.9988658642122], [-90.24044152928329, 26.9988658642122], [-90.24044152928329, 26.998686201155373], [-90.23972287705598, 26.998686201155373], [-90.23972287705598, 26.9988658642122], [-90.23918388788552, 26.9988658642122], [-90.23918388788552, 26.999045527269022], [-90.2382855726014, 26.999045527269022], [-90.2382855726014, 26.9988658642122], [-90.23630927897634, 26.9988658642122], [-90.23630927897634, 26.999045527269022], [-90.23594995286268, 26.999045527269022], [-90.23594995286268, 26.999225190325845], [-90.23577028980586, 26.999225190325845], [-90.23577028980586, 26.999404853382668], [-90.23559062674903, 26.999404853382668], [-90.23559062674903, 27.000123505609963], [-90.23577028980586, 27.000123505609963], [-90.23577028980586, 27.000482831723613], [-90.23594995286268, 27.000482831723613], [-90.23594995286268, 27.000662494780435], [-90.23630927897634, 27.000662494780435], [-90.23630927897634, 27.000842157837262], [-90.23648894203316, 27.000842157837262], [-90.23648894203316, 27.001021820894085], [-90.23846523565823, 27.001021820894085]]]}, "properties": {"candidate_id": "E007-C48", "component_id": 48, "area_m2": 124248.65673528612, "perimeter_m": 1805.6761919216558, "centroid_lon": -90.23860024077453, "centroid_lat": 26.999890978538236, "major_axis_m": 626.5475306791515, "minor_axis_m": 251.0332396214487, "width_proxy_m": 198.3068333229336, "orientation_deg_from_north": 86.63840657455809, "elongation": 2.4958747758821427, "compactness_polsby_popper": 0.47887462240398504, "prob_mean": 0.8859638161318643, "prob_max": 0.9995114803314209, "n_px_image_space": 350, "bbox_west": -90.24187883373787, "bbox_south": 26.998686201155373, "bbox_east": -90.23559062674903, "bbox_north": 27.001021820894085}}, {"type": "Feature", "geometry": {"type": "Polygon", "coordinates": [[[-90.25014333435178, 27.000842157837262], [-90.25014333435178, 27.000662494780435], [-90.25068232352224, 27.000662494780435], [-90.25068232352224, 27.000482831723613], [-90.25086198657907, 27.000482831723613], [-90.25086198657907, 27.00030316866679], [-90.2510416496359, 27.00030316866679], [-90.2510416496359, 27.000123505609963], [-90.25122131269272, 27.000123505609963], [-90.25122131269272, 26.999045527269022], [-90.2510416496359, 26.999045527269022], [-90.2510416496359, 26.9988658642122], [-90.25086198657907, 26.9988658642122], [-90.25086198657907, 26.998686201155373], [-90.25068232352224, 26.998686201155373], [-90.25068232352224, 26.998326875041727], [-90.24996367129495, 26.998326875041727], [-90.24996367129495, 26.9981472119849], [-90.24978400823812, 26.9981472119849], [-90.24978400823812, 26.998326875041727], [-90.24798737766989, 26.998326875041727], [-90.24798737766989, 26.9981472119849], [-90.24708906238577, 26.9981472119849], [-90.24708906238577, 26.997967548928077], [-90.24619074710165, 26.997967548928077], [-90.24619074710165, 26.9981472119849], [-90.24529243181753, 26.9981472119849], [-90.24529243181753, 26.998326875041727], [-90.2451127687607, 26.998326875041727], [-90.2451127687607, 26.99850653809855], [-90.24493310570388, 26.99850653809855], [-90.24493310570388, 26.9988658642122], [-90.24475344264705, 26.9988658642122], [-90.24475344264705, 26.999404853382668], [-90.24493310570388, 26.999404853382668], [-90.24493310570388, 26.99994384255314], [-90.2451127687607, 26.99994384255314], [-90.2451127687607, 27.00030316866679], [-90.24529243181753, 27.00030316866679], [-90.24529243181753, 27.000482831723613], [-90.24565175793117, 27.000482831723613], [-90.24565175793117, 27.000662494780435], [-90.24601108404482, 27.000662494780435], [-90.24601108404482, 27.000842157837262], [-90.25014333435178, 27.000842157837262]]]}, "properties": {"candidate_id": "E007-C49", "component_id": 49, "area_m2": 169689.08807835728, "perimeter_m": 1960.7894789191146, "centroid_lon": -90.24796369598197, "centroid_lat": 26.999487177559118, "major_axis_m": 641.9577040390735, "minor_axis_m": 318.5262585472095, "width_proxy_m": 264.3306358202517, "orientation_deg_from_north": 90.00146117638758, "elongation": 2.015399631311487, "compactness_polsby_popper": 0.5546280677379365, "prob_mean": 0.8953280159619064, "prob_max": 0.9959102272987366, "n_px_image_space": 478, "bbox_west": -90.25122131269272, "bbox_south": 26.997967548928077, "bbox_east": -90.24475344264705, "bbox_north": 27.000842157837262}}]}