longitude,latitude
-9.022602844238281250e+01,2.720491409301757812e+01
-9.022434997558593750e+01,2.720413780212402344e+01
-9.022408294677734375e+01,2.720350646972656250e+01
-9.022573089599609375e+01,2.720620918273925781e+01
-9.022710418701171875e+01,2.720716094970703125e+01
-9.022460937500000000e+01,2.720499801635742188e+01
-9.022811889648437500e+01,2.720649528503417969e+01
-9.022636413574218750e+01,2.720602798461914062e+01
-9.022666168212890625e+01,2.720551681518554688e+01
-9.022563934326171875e+01,2.720449829101562500e+01
-9.022841644287109375e+01,2.720745086669921875e+01
-9.022513580322265625e+01,2.720612907409667969e+01
-9.022434234619140625e+01,2.720366859436035156e+01
-9.022392272949218750e+01,2.720439910888671875e+01
-9.022457885742187500e+01,2.720503425598144531e+01
-9.022707366943359375e+01,2.720733642578125000e+01
-9.022860717773437500e+01,2.720723915100097656e+01
-9.022393798828125000e+01,2.720521163940429688e+01
-9.022664642333984375e+01,2.720661163330078125e+01
-9.022412872314453125e+01,2.720351791381835938e+01
-9.022657775878906250e+01,2.720617485046386719e+01
-9.022658538818359375e+01,2.720492553710937500e+01
-9.022663116455078125e+01,2.720646286010742188e+01
-9.022640228271484375e+01,2.720511054992675781e+01
-9.022786712646484375e+01,2.720702743530273438e+01
-9.022696685791015625e+01,2.720687675476074219e+01
-9.022637176513671875e+01,2.720715522766113281e+01
-9.022484588623046875e+01,2.720483398437500000e+01
-9.022529602050781250e+01,2.720536422729492188e+01
-9.022582244873046875e+01,2.720472335815429688e+01
-9.022428131103515625e+01,2.720459747314453125e+01
-9.022731781005859375e+01,2.720631599426269531e+01
-9.022769165039062500e+01,2.720625305175781250e+01
-9.022644805908203125e+01,2.720495986938476562e+01
-9.022418975830078125e+01,2.720344352722167969e+01
-9.022558593750000000e+01,2.720561599731445312e+01
-9.022779846191406250e+01,2.720602798461914062e+01
-9.022748565673828125e+01,2.720579338073730469e+01
-9.022430419921875000e+01,2.720510101318359375e+01
-9.022730255126953125e+01,2.720681762695312500e+01
-9.022448730468750000e+01,2.720469665527343750e+01
-9.022615051269531250e+01,2.720554351806640625e+01
-9.022634124755859375e+01,2.720684814453125000e+01
-9.022740173339843750e+01,2.720722579956054688e+01
-9.022768402099609375e+01,2.720745086669921875e+01
-9.022577667236328125e+01,2.720678138732910156e+01
-9.022555541992187500e+01,2.720507812500000000e+01
-9.022841644287109375e+01,2.720758628845214844e+01
-9.022554016113281250e+01,2.720428657531738281e+01
-9.022838592529296875e+01,2.720712280273437500e+01
-9.022708129882812500e+01,2.720685005187988281e+01
-9.022555541992187500e+01,2.720584487915039062e+01
-9.022567749023437500e+01,2.720518493652343750e+01
-9.022508239746093750e+01,2.720565605163574219e+01
-9.022449493408203125e+01,2.720379829406738281e+01
-9.022570037841796875e+01,2.720536231994628906e+01
-9.022676849365234375e+01,2.720555496215820312e+01
-9.022760772705078125e+01,2.720709991455078125e+01
-9.022533416748046875e+01,2.720421409606933594e+01
-9.022770690917968750e+01,2.720687103271484375e+01
-9.022439575195312500e+01,2.720506095886230469e+01
-9.022388458251953125e+01,2.720437049865722656e+01
-9.022736358642578125e+01,2.720648384094238281e+01
-9.022588348388671875e+01,2.720568084716796875e+01
-9.022560882568359375e+01,2.720600318908691406e+01
-9.022691345214843750e+01,2.720523262023925781e+01
-9.022609710693359375e+01,2.720545196533203125e+01
-9.022640228271484375e+01,2.720559120178222656e+01
-9.022812652587890625e+01,2.720662689208984375e+01
-9.022694396972656250e+01,2.720611381530761719e+01
-9.022468566894531250e+01,2.720443916320800781e+01
-9.022475433349609375e+01,2.720519447326660156e+01
-9.022433471679687500e+01,2.720556831359863281e+01
-9.022663879394531250e+01,2.720535850524902344e+01
-9.022684478759765625e+01,2.720538330078125000e+01
-9.022867584228515625e+01,2.720718193054199219e+01
-9.022843170166015625e+01,2.720697212219238281e+01
-9.022651672363281250e+01,2.720697593688964844e+01
-9.022718811035156250e+01,2.720592689514160156e+01
-9.022516632080078125e+01,2.720538520812988281e+01
-9.022782897949218750e+01,2.720677566528320312e+01
-9.022600555419921875e+01,2.720608711242675781e+01
-9.022410583496093750e+01,2.720490646362304688e+01
-9.022595214843750000e+01,2.720567321777343750e+01
-9.022623443603515625e+01,2.720625495910644531e+01
-9.022525787353515625e+01,2.720574188232421875e+01
-9.022616577148437500e+01,2.720519828796386719e+01
-9.022770690917968750e+01,2.720637321472167969e+01
-9.022431182861328125e+01,2.720396423339843750e+01
-9.022442626953125000e+01,2.720400047302246094e+01
-9.022620391845703125e+01,2.720495605468750000e+01
-9.022642517089843750e+01,2.720462226867675781e+01
-9.022622680664062500e+01,2.720534324645996094e+01
-9.022718048095703125e+01,2.720638465881347656e+01
-9.022645568847656250e+01,2.720602416992187500e+01
-9.022652435302734375e+01,2.720721817016601562e+01
-9.022542572021484375e+01,2.720458030700683594e+01
-9.022670745849609375e+01,2.720474433898925781e+01
-9.022798919677734375e+01,2.720755386352539062e+01
-9.022574615478515625e+01,2.720478439331054688e+01
-9.022795104980468750e+01,2.720730018615722656e+01
-9.022618865966796875e+01,2.720569992065429688e+01
-9.022684478759765625e+01,2.720518493652343750e+01
-9.022718048095703125e+01,2.720658874511718750e+01
-9.022845458984375000e+01,2.720720100402832031e+01
-9.022470092773437500e+01,2.720519638061523438e+01
-9.022446441650390625e+01,2.720451354980468750e+01
-9.022454071044921875e+01,2.720491981506347656e+01
-9.022492980957031250e+01,2.720388412475585938e+01
-9.022624206542968750e+01,2.720499038696289062e+01
-9.022875976562500000e+01,2.720675086975097656e+01
-9.022589874267578125e+01,2.720552253723144531e+01
-9.022674560546875000e+01,2.720499229431152344e+01
-9.022724151611328125e+01,2.720567131042480469e+01
-9.022602081298828125e+01,2.720607376098632812e+01
-9.022612762451171875e+01,2.720650672912597656e+01
-9.022706604003906250e+01,2.720682334899902344e+01
-9.022505187988281250e+01,2.720558929443359375e+01
-9.022587585449218750e+01,2.720452117919921875e+01
-9.022682189941406250e+01,2.720689773559570312e+01
-9.022709655761718750e+01,2.720612144470214844e+01
-9.022576904296875000e+01,2.720470237731933594e+01
-9.022418975830078125e+01,2.720477676391601562e+01
-9.022456359863281250e+01,2.720499992370605469e+01
-9.022470092773437500e+01,2.720496749877929688e+01
-9.022540283203125000e+01,2.720533561706542969e+01
-9.022570037841796875e+01,2.720670890808105469e+01
-9.022502136230468750e+01,2.720402526855468750e+01
-9.022480010986328125e+01,2.720497894287109375e+01
-9.022817993164062500e+01,2.720718383789062500e+01
-9.022641754150390625e+01,2.720532989501953125e+01
-9.022692871093750000e+01,2.720536422729492188e+01
-9.022448730468750000e+01,2.720363807678222656e+01
-9.022546386718750000e+01,2.720603752136230469e+01
-9.022515869140625000e+01,2.720451164245605469e+01
-9.022784423828125000e+01,2.720664024353027344e+01
-9.022724151611328125e+01,2.720597076416015625e+01
-9.022451019287109375e+01,2.720450782775878906e+01
-9.022469329833984375e+01,2.720572090148925781e+01
-9.022580718994140625e+01,2.720648765563964844e+01
-9.022459411621093750e+01,2.720499420166015625e+01
-9.022679138183593750e+01,2.720633125305175781e+01
-9.022568511962890625e+01,2.720650291442871094e+01
-9.022370910644531250e+01,2.720447731018066406e+01
-9.022458648681640625e+01,2.720363998413085938e+01
-9.022563934326171875e+01,2.720574378967285156e+01
-9.022560119628906250e+01,2.720443344116210938e+01
-9.022511291503906250e+01,2.720417785644531250e+01
-9.022814178466796875e+01,2.720710945129394531e+01
-9.022677612304687500e+01,2.720702934265136719e+01
-9.022495269775390625e+01,2.720400047302246094e+01
-9.022697448730468750e+01,2.720673179626464844e+01
-9.022758483886718750e+01,2.720557022094726562e+01
-9.022589111328125000e+01,2.720540237426757812e+01
-9.022459411621093750e+01,2.720569801330566406e+01
-9.022677612304687500e+01,2.720565605163574219e+01
-9.022396850585937500e+01,2.720458221435546875e+01
-9.022726440429687500e+01,2.720578002929687500e+01
-9.022780609130859375e+01,2.720725631713867188e+01
-9.022653961181640625e+01,2.720566368103027344e+01
-9.022661590576171875e+01,2.720642280578613281e+01
-9.022589874267578125e+01,2.720685958862304688e+01
-9.022530364990234375e+01,2.720466613769531250e+01
-9.022777557373046875e+01,2.720713424682617188e+01
-9.022706604003906250e+01,2.720563888549804688e+01
-9.022867584228515625e+01,2.720715522766113281e+01
-9.022586822509765625e+01,2.720453071594238281e+01
-9.022731781005859375e+01,2.720617103576660156e+01
-9.022573852539062500e+01,2.720579719543457031e+01
-9.022457885742187500e+01,2.720408058166503906e+01
-9.022461700439453125e+01,2.720495986938476562e+01
-9.022525787353515625e+01,2.720489501953125000e+01
-9.022491455078125000e+01,2.720563697814941406e+01
-9.022507476806640625e+01,2.720558738708496094e+01
-9.022527313232421875e+01,2.720556831359863281e+01
-9.022740173339843750e+01,2.720727920532226562e+01
-9.022663879394531250e+01,2.720494461059570312e+01
-9.022529602050781250e+01,2.720452690124511719e+01
-9.022836303710937500e+01,2.720741653442382812e+01
-9.022777557373046875e+01,2.720721817016601562e+01
-9.022711944580078125e+01,2.720691871643066406e+01
-9.022396087646484375e+01,2.720462989807128906e+01
-9.022647857666015625e+01,2.720509719848632812e+01
-9.022613525390625000e+01,2.720668220520019531e+01
-9.022765350341796875e+01,2.720666503906250000e+01
-9.022598266601562500e+01,2.720456695556640625e+01
-9.022773742675781250e+01,2.720606613159179688e+01
-9.022689819335937500e+01,2.720535659790039062e+01
-9.022673797607421875e+01,2.720610046386718750e+01
-9.022433471679687500e+01,2.720507431030273438e+01
-9.022731781005859375e+01,2.720551872253417969e+01
-9.022559356689453125e+01,2.720569229125976562e+01
-9.022672271728515625e+01,2.720475769042968750e+01
-9.022428131103515625e+01,2.720530509948730469e+01
-9.022574615478515625e+01,2.720662307739257812e+01
-9.022750854492187500e+01,2.720709037780761719e+01
-9.022534942626953125e+01,2.720508575439453125e+01
-9.022685241699218750e+01,2.720687675476074219e+01
-9.022480010986328125e+01,2.720558547973632812e+01
-9.022772979736328125e+01,2.720757675170898438e+01
-9.022500610351562500e+01,2.720455360412597656e+01
-9.022817993164062500e+01,2.720657348632812500e+01
-9.022387695312500000e+01,2.720467376708984375e+01
-9.022393035888671875e+01,2.720384025573730469e+01
-9.022515106201171875e+01,2.720557594299316406e+01
-9.022744750976562500e+01,2.720611190795898438e+01
-9.022537994384765625e+01,2.720512008666992188e+01
-9.022497558593750000e+01,2.720450973510742188e+01
-9.022551727294921875e+01,2.720627021789550781e+01
-9.022523498535156250e+01,2.720563125610351562e+01
-9.022454071044921875e+01,2.720492744445800781e+01
-9.022628784179687500e+01,2.720500373840332031e+01
-9.022725677490234375e+01,2.720532989501953125e+01
-9.022627258300781250e+01,2.720464134216308594e+01
-9.022628784179687500e+01,2.720473670959472656e+01
-9.022647094726562500e+01,2.720507049560546875e+01
-9.022391510009765625e+01,2.720459365844726562e+01
-9.022689056396484375e+01,2.720517349243164062e+01
-9.022637176513671875e+01,2.720499610900878906e+01
-9.022554779052734375e+01,2.720651817321777344e+01
-9.022495269775390625e+01,2.720532226562500000e+01
-9.022817993164062500e+01,2.720678710937500000e+01
-9.022518920898437500e+01,2.720444679260253906e+01
-9.022595977783203125e+01,2.720466041564941406e+01
-9.022423553466796875e+01,2.720529174804687500e+01
-9.022496795654296875e+01,2.720509147644042969e+01
-9.022772979736328125e+01,2.720601654052734375e+01
-9.022484588623046875e+01,2.720551109313964844e+01
-9.022550201416015625e+01,2.720608329772949219e+01
-9.022591400146484375e+01,2.720654106140136719e+01
-9.022802734375000000e+01,2.720648765563964844e+01
-9.022542572021484375e+01,2.720609474182128906e+01
-9.022467803955078125e+01,2.720528030395507812e+01
-9.022596740722656250e+01,2.720549011230468750e+01
-9.022429656982421875e+01,2.720450019836425781e+01
-9.022441101074218750e+01,2.720379829406738281e+01
-9.022562408447265625e+01,2.720426368713378906e+01
-9.022402191162109375e+01,2.720508575439453125e+01
-9.022620391845703125e+01,2.720479583740234375e+01
-9.022789764404296875e+01,2.720776939392089844e+01
-9.022786712646484375e+01,2.720600128173828125e+01
-9.022413635253906250e+01,2.720492744445800781e+01
-9.022824859619140625e+01,2.720672798156738281e+01
-9.022422027587890625e+01,2.720348548889160156e+01
-9.022702026367187500e+01,2.720519828796386719e+01
-9.022550964355468750e+01,2.720544815063476562e+01
-9.022438812255859375e+01,2.720400619506835938e+01
-9.022576904296875000e+01,2.720578384399414062e+01
-9.022709655761718750e+01,2.720647811889648438e+01
-9.022524261474609375e+01,2.720582771301269531e+01
-9.022810363769531250e+01,2.720693588256835938e+01
-9.022740173339843750e+01,2.720572090148925781e+01
-9.022787475585937500e+01,2.720625305175781250e+01
-9.022679901123046875e+01,2.720568084716796875e+01
-9.022478485107421875e+01,2.720507049560546875e+01
-9.022492218017578125e+01,2.720532417297363281e+01
-9.022682952880859375e+01,2.720548439025878906e+01
-9.022496795654296875e+01,2.720583152770996094e+01
-9.022682189941406250e+01,2.720656967163085938e+01
-9.022501373291015625e+01,2.720590019226074219e+01
-9.022640228271484375e+01,2.720667648315429688e+01
-9.022529602050781250e+01,2.720631980895996094e+01
-9.022404479980468750e+01,2.720397377014160156e+01
-9.022427368164062500e+01,2.720498847961425781e+01
-9.022753906250000000e+01,2.720753669738769531e+01
-9.022713470458984375e+01,2.720679283142089844e+01
-9.022647857666015625e+01,2.720536041259765625e+01
-9.022868347167968750e+01,2.720714950561523438e+01
-9.022436523437500000e+01,2.720475196838378906e+01
-9.022830963134765625e+01,2.720634651184082031e+01
-9.022476196289062500e+01,2.720417213439941406e+01
-9.022516632080078125e+01,2.720408821105957031e+01
-9.022622680664062500e+01,2.720713996887207031e+01
-9.022787475585937500e+01,2.720704460144042969e+01
-9.022647857666015625e+01,2.720568466186523438e+01
-9.022476959228515625e+01,2.720413398742675781e+01
-9.022839355468750000e+01,2.720698928833007812e+01
-9.022568511962890625e+01,2.720482826232910156e+01
-9.022636413574218750e+01,2.720569801330566406e+01
-9.022705078125000000e+01,2.720680999755859375e+01
-9.022478485107421875e+01,2.720455360412597656e+01
-9.022796630859375000e+01,2.720651817321777344e+01
-9.022366333007812500e+01,2.720475769042968750e+01
-9.022639465332031250e+01,2.720641136169433594e+01
-9.022453308105468750e+01,2.720545387268066406e+01
-9.022536468505859375e+01,2.720441818237304688e+01
-9.022745513916015625e+01,2.720665168762207031e+01
-9.022602844238281250e+01,2.720653152465820312e+01
-9.022669982910156250e+01,2.720706176757812500e+01
-9.022419738769531250e+01,2.720539665222167969e+01
-9.022425842285156250e+01,2.720481109619140625e+01
-9.022714233398437500e+01,2.720649528503417969e+01
-9.022536468505859375e+01,2.720452690124511719e+01
-9.022425079345703125e+01,2.720351982116699219e+01
-9.022829437255859375e+01,2.720664978027343750e+01
-9.022584533691406250e+01,2.720665168762207031e+01
-9.022722625732421875e+01,2.720537948608398438e+01
-9.022847747802734375e+01,2.720700645446777344e+01
-9.022426605224609375e+01,2.720555114746093750e+01
-9.022552490234375000e+01,2.720554542541503906e+01
-9.022750854492187500e+01,2.720603179931640625e+01
-9.022502136230468750e+01,2.720493316650390625e+01
-9.022668457031250000e+01,2.720697021484375000e+01
-9.022416687011718750e+01,2.720394897460937500e+01
-9.022714233398437500e+01,2.720635604858398438e+01
-9.022423553466796875e+01,2.720538711547851562e+01
-9.022488403320312500e+01,2.720423889160156250e+01
-9.022609710693359375e+01,2.720452690124511719e+01
-9.022408294677734375e+01,2.720502090454101562e+01
-9.022414398193359375e+01,2.720496177673339844e+01
-9.022478485107421875e+01,2.720390129089355469e+01
-9.022623443603515625e+01,2.720520210266113281e+01
-9.022514343261718750e+01,2.720520019531250000e+01
-9.022488403320312500e+01,2.720457839965820312e+01
-9.022721862792968750e+01,2.720581817626953125e+01
-9.022591400146484375e+01,2.720564079284667969e+01
-9.022683715820312500e+01,2.720555877685546875e+01
-9.022711944580078125e+01,2.720623970031738281e+01
-9.022591400146484375e+01,2.720609283447265625e+01
-9.022821044921875000e+01,2.720769309997558594e+01
-9.022578430175781250e+01,2.720635032653808594e+01
-9.022452545166015625e+01,2.720414543151855469e+01
-9.022623443603515625e+01,2.720708656311035156e+01
-9.022634887695312500e+01,2.720683860778808594e+01
-9.022756958007812500e+01,2.720649337768554688e+01
-9.022798156738281250e+01,2.720756721496582031e+01
-9.022670745849609375e+01,2.720530319213867188e+01
-9.022840881347656250e+01,2.720663452148437500e+01
-9.022519683837890625e+01,2.720498847961425781e+01
-9.022670745849609375e+01,2.720704650878906250e+01
-9.022618865966796875e+01,2.720566940307617188e+01
-9.022805786132812500e+01,2.720762443542480469e+01
-9.022558593750000000e+01,2.720471191406250000e+01
-9.022682189941406250e+01,2.720622634887695312e+01
-9.022419738769531250e+01,2.720406341552734375e+01
-9.022476196289062500e+01,2.720458602905273438e+01
-9.022500610351562500e+01,2.720566749572753906e+01
-9.022817993164062500e+01,2.720695686340332031e+01
-9.022521972656250000e+01,2.720548629760742188e+01
-9.022753143310546875e+01,2.720595932006835938e+01
-9.022474670410156250e+01,2.720539855957031250e+01
-9.022681427001953125e+01,2.720498466491699219e+01
-9.022518920898437500e+01,2.720422744750976562e+01
-9.022428131103515625e+01,2.720354461669921875e+01
-9.022483062744140625e+01,2.720443725585937500e+01
-9.022652435302734375e+01,2.720660781860351562e+01
-9.022395324707031250e+01,2.720527458190917969e+01
-9.022602844238281250e+01,2.720476913452148438e+01
-9.022542572021484375e+01,2.720556259155273438e+01
-9.022740173339843750e+01,2.720712280273437500e+01
-9.022430419921875000e+01,2.720453262329101562e+01
-9.022644805908203125e+01,2.720458412170410156e+01
-9.022862243652343750e+01,2.720679664611816406e+01
-9.022575378417968750e+01,2.720472335815429688e+01
-9.022703552246093750e+01,2.720532989501953125e+01
-9.022555541992187500e+01,2.720449066162109375e+01
-9.022467803955078125e+01,2.720386123657226562e+01
-9.022852325439453125e+01,2.720638084411621094e+01
-9.022662353515625000e+01,2.720515060424804688e+01
-9.022799682617187500e+01,2.720652008056640625e+01
-9.022720336914062500e+01,2.720729064941406250e+01
-9.022735595703125000e+01,2.720619392395019531e+01
-9.022811126708984375e+01,2.720625495910644531e+01
-9.022501373291015625e+01,2.720421028137207031e+01
-9.022741699218750000e+01,2.720726966857910156e+01
-9.022638702392578125e+01,2.720543098449707031e+01
-9.022439575195312500e+01,2.720395660400390625e+01
-9.022615051269531250e+01,2.720581245422363281e+01
-9.022595977783203125e+01,2.720504951477050781e+01
-9.022833251953125000e+01,2.720668411254882812e+01
-9.022670745849609375e+01,2.720649909973144531e+01
-9.022837829589843750e+01,2.720761489868164062e+01
-9.022444152832031250e+01,2.720484352111816406e+01
-9.022756195068359375e+01,2.720562171936035156e+01
-9.022636413574218750e+01,2.720673751831054688e+01
-9.022539520263671875e+01,2.720571136474609375e+01
-9.022457885742187500e+01,2.720501899719238281e+01
-9.022738647460937500e+01,2.720592308044433594e+01
-9.022722625732421875e+01,2.720619010925292969e+01
-9.022535705566406250e+01,2.720555686950683594e+01
-9.022666168212890625e+01,2.720568847656250000e+01
-9.022626495361328125e+01,2.720562744140625000e+01
-9.022690582275390625e+01,2.720521736145019531e+01
-9.022516632080078125e+01,2.720468521118164062e+01
-9.022389984130859375e+01,2.720431709289550781e+01
-9.022428894042968750e+01,2.720372009277343750e+01
-9.022489166259765625e+01,2.720502471923828125e+01
-9.022647094726562500e+01,2.720621490478515625e+01
-9.022764587402343750e+01,2.720665550231933594e+01
-9.022718048095703125e+01,2.720687675476074219e+01
-9.022864532470703125e+01,2.720663261413574219e+01
-9.022512817382812500e+01,2.720499610900878906e+01
-9.022686004638671875e+01,2.720708274841308594e+01
-9.022734832763671875e+01,2.720707321166992188e+01
-9.022743988037109375e+01,2.720686340332031250e+01
-9.022571563720703125e+01,2.720595359802246094e+01
-9.022667694091796875e+01,2.720686340332031250e+01
-9.022573852539062500e+01,2.720571517944335938e+01
-9.022747802734375000e+01,2.720742225646972656e+01
-9.022782135009765625e+01,2.720731353759765625e+01
-9.022771453857421875e+01,2.720757484436035156e+01
-9.022702026367187500e+01,2.720635604858398438e+01
-9.022650909423828125e+01,2.720525741577148438e+01
-9.022446441650390625e+01,2.720527648925781250e+01
-9.022530364990234375e+01,2.720599746704101562e+01
-9.022814178466796875e+01,2.720671272277832031e+01
-9.022848510742187500e+01,2.720651245117187500e+01
-9.022735595703125000e+01,2.720735168457031250e+01
-9.022512817382812500e+01,2.720421028137207031e+01
-9.022827148437500000e+01,2.720709419250488281e+01
-9.022565460205078125e+01,2.720538902282714844e+01
-9.022677612304687500e+01,2.720486068725585938e+01
-9.022507476806640625e+01,2.720476913452148438e+01
-9.022599792480468750e+01,2.720622253417968750e+01
-9.022393035888671875e+01,2.720402336120605469e+01
-9.022669219970703125e+01,2.720591735839843750e+01
-9.022426605224609375e+01,2.720376205444335938e+01
-9.022689056396484375e+01,2.720550537109375000e+01
-9.022755432128906250e+01,2.720689201354980469e+01
-9.022655487060546875e+01,2.720646286010742188e+01
-9.022733306884765625e+01,2.720537376403808594e+01
-9.022518920898437500e+01,2.720463180541992188e+01
-9.022778320312500000e+01,2.720753479003906250e+01
-9.022427368164062500e+01,2.720458221435546875e+01
-9.022591400146484375e+01,2.720621490478515625e+01
-9.022406768798828125e+01,2.720518875122070312e+01
-9.022615051269531250e+01,2.720513343811035156e+01
-9.022536468505859375e+01,2.720455741882324219e+01
-9.022470092773437500e+01,2.720401382446289062e+01
-9.022634124755859375e+01,2.720649719238281250e+01
-9.022654724121093750e+01,2.720663070678710938e+01
-9.022830200195312500e+01,2.720737648010253906e+01
-9.022712707519531250e+01,2.720559120178222656e+01
-9.022599029541015625e+01,2.720507049560546875e+01
-9.022480010986328125e+01,2.720582580566406250e+01
-9.022605895996093750e+01,2.720509147644042969e+01
-9.022468566894531250e+01,2.720477676391601562e+01
-9.022809600830078125e+01,2.720747566223144531e+01
-9.022567749023437500e+01,2.720632934570312500e+01
-9.022642517089843750e+01,2.720603179931640625e+01
-9.022430419921875000e+01,2.720480918884277344e+01
-9.022694396972656250e+01,2.720663452148437500e+01
-9.022430419921875000e+01,2.720503044128417969e+01
-9.022708892822265625e+01,2.720590972900390625e+01
-9.022687530517578125e+01,2.720698738098144531e+01
-9.022473144531250000e+01,2.720576477050781250e+01
-9.022861480712890625e+01,2.720663070678710938e+01
-9.022495269775390625e+01,2.720417022705078125e+01
-9.022418975830078125e+01,2.720516395568847656e+01
-9.022556304931640625e+01,2.720580863952636719e+01
-9.022418212890625000e+01,2.720544815063476562e+01
-9.022406005859375000e+01,2.720534896850585938e+01
-9.022642517089843750e+01,2.720568084716796875e+01
-9.022503662109375000e+01,2.720443534851074219e+01
-9.022795867919921875e+01,2.720771980285644531e+01
-9.022713470458984375e+01,2.720558357238769531e+01
-9.022844696044921875e+01,2.720651626586914062e+01
-9.022463226318359375e+01,2.720571136474609375e+01
-9.022682189941406250e+01,2.720599365234375000e+01
-9.022517395019531250e+01,2.720571708679199219e+01
-9.022421264648437500e+01,2.720527648925781250e+01
-9.022677612304687500e+01,2.720685386657714844e+01
-9.022804260253906250e+01,2.720735549926757812e+01
-9.022868347167968750e+01,2.720652198791503906e+01
-9.022430419921875000e+01,2.720474433898925781e+01
-9.022407531738281250e+01,2.720546150207519531e+01
-9.022543334960937500e+01,2.720638465881347656e+01
-9.022547912597656250e+01,2.720543670654296875e+01
-9.022568511962890625e+01,2.720503234863281250e+01
-9.022692108154296875e+01,2.720627212524414062e+01
-9.022668457031250000e+01,2.720711517333984375e+01
-9.022722625732421875e+01,2.720606803894042969e+01
-9.022526550292968750e+01,2.720543670654296875e+01
-9.022650909423828125e+01,2.720574951171875000e+01
-9.022629547119140625e+01,2.720468902587890625e+01
-9.022431945800781250e+01,2.720503807067871094e+01
-9.022448730468750000e+01,2.720375061035156250e+01
-9.022621917724609375e+01,2.720532226562500000e+01
-9.022389984130859375e+01,2.720394897460937500e+01
-9.022637176513671875e+01,2.720514488220214844e+01
-9.022630310058593750e+01,2.720474433898925781e+01
-9.022798156738281250e+01,2.720603561401367188e+01
-9.022470092773437500e+01,2.720452117919921875e+01
-9.022871398925781250e+01,2.720676612854003906e+01
-9.022460174560546875e+01,2.720570564270019531e+01
-9.022531890869140625e+01,2.720503425598144531e+01
-9.022582244873046875e+01,2.720532035827636719e+01
-9.022599029541015625e+01,2.720627975463867188e+01
-9.022492980957031250e+01,2.720500183105468750e+01
-9.022561645507812500e+01,2.720487594604492188e+01
-9.022636413574218750e+01,2.720489311218261719e+01
-9.022739410400390625e+01,2.720615768432617188e+01
-9.022511291503906250e+01,2.720570755004882812e+01
-9.022616577148437500e+01,2.720596504211425781e+01
-9.022596740722656250e+01,2.720523643493652344e+01
-9.022846221923828125e+01,2.720768165588378906e+01
-9.022595214843750000e+01,2.720660400390625000e+01
-9.022470092773437500e+01,2.720443153381347656e+01
-9.022557830810546875e+01,2.720438766479492188e+01
-9.022562408447265625e+01,2.720462226867675781e+01
-9.022549438476562500e+01,2.720630645751953125e+01
-9.022788238525390625e+01,2.720689010620117188e+01
-9.022659301757812500e+01,2.720522689819335938e+01
-9.022462463378906250e+01,2.720424652099609375e+01
-9.022766113281250000e+01,2.720689201354980469e+01
-9.022662353515625000e+01,2.720604896545410156e+01
-9.022408294677734375e+01,2.720426177978515625e+01
-9.022579956054687500e+01,2.720627212524414062e+01
-9.022792053222656250e+01,2.720682144165039062e+01
-9.022562408447265625e+01,2.720489311218261719e+01
-9.022519683837890625e+01,2.720507812500000000e+01
-9.022508239746093750e+01,2.720587158203125000e+01
-9.022448730468750000e+01,2.720469856262207031e+01
-9.022640991210937500e+01,2.720714950561523438e+01
-9.022792816162109375e+01,2.720686340332031250e+01
-9.022778320312500000e+01,2.720701408386230469e+01
-9.022721099853515625e+01,2.720607185363769531e+01
-9.022750854492187500e+01,2.720575141906738281e+01
-9.022531890869140625e+01,2.720425224304199219e+01
-9.022694396972656250e+01,2.720631408691406250e+01
-9.022768402099609375e+01,2.720682716369628906e+01
-9.022465515136718750e+01,2.720571327209472656e+01
-9.022573852539062500e+01,2.720537948608398438e+01
-9.022800445556640625e+01,2.720765113830566406e+01
-9.022433471679687500e+01,2.720411872863769531e+01
-9.022711181640625000e+01,2.720629310607910156e+01
-9.022464752197265625e+01,2.720372390747070312e+01
-9.022564697265625000e+01,2.720525550842285156e+01
-9.022447967529296875e+01,2.720419311523437500e+01
-9.022760772705078125e+01,2.720592117309570312e+01
-9.022602081298828125e+01,2.720502471923828125e+01
-9.022487640380859375e+01,2.720405578613281250e+01
-9.022813415527343750e+01,2.720729827880859375e+01
-9.022428894042968750e+01,2.720478248596191406e+01
-9.022538757324218750e+01,2.720448875427246094e+01
-9.022465515136718750e+01,2.720471572875976562e+01
-9.022586059570312500e+01,2.720447731018066406e+01
-9.022419738769531250e+01,2.720492362976074219e+01
-9.022570800781250000e+01,2.720559120178222656e+01
-9.022844696044921875e+01,2.720762252807617188e+01
-9.022503662109375000e+01,2.720522689819335938e+01
-9.022757720947265625e+01,2.720620536804199219e+01
-9.022578430175781250e+01,2.720510673522949219e+01
-9.022666931152343750e+01,2.720722007751464844e+01
-9.022429656982421875e+01,2.720545196533203125e+01
-9.022841644287109375e+01,2.720759391784667969e+01
-9.022512817382812500e+01,2.720596313476562500e+01
-9.022687530517578125e+01,2.720722579956054688e+01
-9.022665405273437500e+01,2.720585060119628906e+01
-9.022633361816406250e+01,2.720660400390625000e+01
-9.022486114501953125e+01,2.720548248291015625e+01
-9.022428131103515625e+01,2.720351219177246094e+01
-9.022602844238281250e+01,2.720608520507812500e+01
-9.022583007812500000e+01,2.720458412170410156e+01
-9.022665405273437500e+01,2.720482635498046875e+01
-9.022853851318359375e+01,2.720654106140136719e+01
-9.022647094726562500e+01,2.720622444152832031e+01
-9.022505950927734375e+01,2.720437240600585938e+01
-9.022499847412109375e+01,2.720550727844238281e+01
-9.022701263427734375e+01,2.720708847045898438e+01
-9.022530364990234375e+01,2.720516967773437500e+01
-9.022633361816406250e+01,2.720467758178710938e+01
-9.022441864013671875e+01,2.720500373840332031e+01
-9.022450256347656250e+01,2.720374298095703125e+01
-9.022538757324218750e+01,2.720644950866699219e+01
-9.022628784179687500e+01,2.720632553100585938e+01
-9.022857666015625000e+01,2.720675849914550781e+01
-9.022604370117187500e+01,2.720656013488769531e+01
-9.022641754150390625e+01,2.720642280578613281e+01
-9.022610473632812500e+01,2.720675849914550781e+01
-9.022434997558593750e+01,2.720521736145019531e+01
-9.022642517089843750e+01,2.720682716369628906e+01
-9.022673034667968750e+01,2.720498466491699219e+01
-9.022637176513671875e+01,2.720479011535644531e+01
-9.022463226318359375e+01,2.720575141906738281e+01
-9.022793579101562500e+01,2.720638656616210938e+01
-9.022459411621093750e+01,2.720377159118652344e+01
-9.022573852539062500e+01,2.720572471618652344e+01
-9.022514343261718750e+01,2.720407676696777344e+01
-9.022759246826171875e+01,2.720733261108398438e+01
-9.022750854492187500e+01,2.720690727233886719e+01
-9.022750091552734375e+01,2.720567893981933594e+01
-9.022763061523437500e+01,2.720737838745117188e+01
-9.022828674316406250e+01,2.720650482177734375e+01
-9.022727966308593750e+01,2.720674514770507812e+01
-9.022489166259765625e+01,2.720495414733886719e+01
-9.022537231445312500e+01,2.720471572875976562e+01
-9.022765350341796875e+01,2.720605850219726562e+01
-9.022493743896484375e+01,2.720558547973632812e+01
-9.022599029541015625e+01,2.720485496520996094e+01
-9.022722625732421875e+01,2.720713043212890625e+01
-9.022753143310546875e+01,2.720660972595214844e+01
-9.022705078125000000e+01,2.720730209350585938e+01
-9.022541046142578125e+01,2.720590209960937500e+01
-9.022834014892578125e+01,2.720637512207031250e+01
-9.022605133056640625e+01,2.720581817626953125e+01
-9.022822570800781250e+01,2.720761489868164062e+01
-9.022563171386718750e+01,2.720543289184570312e+01
-9.022572326660156250e+01,2.720468521118164062e+01
-9.022584533691406250e+01,2.720482826232910156e+01
-9.022644805908203125e+01,2.720679855346679688e+01
-9.022621917724609375e+01,2.720559120178222656e+01
-9.022663116455078125e+01,2.720640754699707031e+01
-9.022607421875000000e+01,2.720487594604492188e+01
-9.022634124755859375e+01,2.720577049255371094e+01
-9.022545623779296875e+01,2.720646286010742188e+01
-9.022606658935546875e+01,2.720475387573242188e+01
-9.022597503662109375e+01,2.720492935180664062e+01
-9.022707366943359375e+01,2.720565986633300781e+01
-9.022809600830078125e+01,2.720613098144531250e+01
-9.022696685791015625e+01,2.720635032653808594e+01
-9.022534179687500000e+01,2.720458793640136719e+01
-9.022660064697265625e+01,2.720696067810058594e+01
-9.022793579101562500e+01,2.720594024658203125e+01
-9.022552490234375000e+01,2.720515823364257812e+01
-9.022675323486328125e+01,2.720720291137695312e+01
-9.022803497314453125e+01,2.720643043518066406e+01
-9.022572326660156250e+01,2.720660400390625000e+01
-9.022657012939453125e+01,2.720500373840332031e+01
-9.022567749023437500e+01,2.720518493652343750e+01
-9.022705841064453125e+01,2.720683670043945312e+01
-9.022761535644531250e+01,2.720573616027832031e+01
-9.022469329833984375e+01,2.720562362670898438e+01
-9.022559356689453125e+01,2.720533752441406250e+01
-9.022628784179687500e+01,2.720597839355468750e+01
-9.022554016113281250e+01,2.720494079589843750e+01
-9.022480010986328125e+01,2.720529174804687500e+01
-9.022764587402343750e+01,2.720671653747558594e+01
-9.022490692138671875e+01,2.720513916015625000e+01
-9.022452545166015625e+01,2.720392990112304688e+01
-9.022576904296875000e+01,2.720504760742187500e+01
-9.022442626953125000e+01,2.720527458190917969e+01
-9.022766113281250000e+01,2.720676612854003906e+01
-9.022637939453125000e+01,2.720697784423828125e+01
-9.022808837890625000e+01,2.720635223388671875e+01
-9.022592926025390625e+01,2.720506286621093750e+01
-9.022432708740234375e+01,2.720539093017578125e+01
-9.022785949707031250e+01,2.720711708068847656e+01
-9.022875213623046875e+01,2.720689392089843750e+01
-9.022789764404296875e+01,2.720594787597656250e+01
-9.022752380371093750e+01,2.720650291442871094e+01
-9.022537231445312500e+01,2.720639610290527344e+01
-9.022865295410156250e+01,2.720668411254882812e+01
-9.022566986083984375e+01,2.720636367797851562e+01
-9.022377777099609375e+01,2.720435142517089844e+01
-9.022772979736328125e+01,2.720656204223632812e+01
-9.022691345214843750e+01,2.720648384094238281e+01
-9.022691345214843750e+01,2.720623779296875000e+01
-9.022706604003906250e+01,2.720556640625000000e+01
-9.022745513916015625e+01,2.720637893676757812e+01
-9.022653198242187500e+01,2.720666503906250000e+01
-9.022740173339843750e+01,2.720545005798339844e+01
-9.022726440429687500e+01,2.720707130432128906e+01
-9.022416687011718750e+01,2.720499992370605469e+01
-9.022769165039062500e+01,2.720618820190429688e+01
-9.022476196289062500e+01,2.720578002929687500e+01
-9.022567749023437500e+01,2.720610427856445312e+01
-9.022792816162109375e+01,2.720752334594726562e+01
-9.022608947753906250e+01,2.720594024658203125e+01
-9.022558593750000000e+01,2.720664405822753906e+01
-9.022831726074218750e+01,2.720717048645019531e+01
-9.022731018066406250e+01,2.720645141601562500e+01
-9.022738647460937500e+01,2.720557785034179688e+01
-9.022592926025390625e+01,2.720449447631835938e+01
-9.022518157958984375e+01,2.720529174804687500e+01
-9.022502899169921875e+01,2.720456314086914062e+01
-9.022391510009765625e+01,2.720447731018066406e+01
-9.022484588623046875e+01,2.720549392700195312e+01
-9.022486877441406250e+01,2.720498847961425781e+01
-9.022438049316406250e+01,2.720521926879882812e+01
-9.022573089599609375e+01,2.720485496520996094e+01
-9.022420501708984375e+01,2.720521163940429688e+01
-9.022602081298828125e+01,2.720490646362304688e+01
-9.022818756103515625e+01,2.720736885070800781e+01
-9.022759246826171875e+01,2.720641708374023438e+01
-9.022600555419921875e+01,2.720525741577148438e+01
-9.022412872314453125e+01,2.720493507385253906e+01
-9.022432708740234375e+01,2.720356941223144531e+01
-9.022623443603515625e+01,2.720637702941894531e+01
-9.022696685791015625e+01,2.720663452148437500e+01
-9.022541046142578125e+01,2.720507621765136719e+01
-9.022501373291015625e+01,2.720586967468261719e+01
-9.022642517089843750e+01,2.720701026916503906e+01
-9.022823333740234375e+01,2.720670127868652344e+01
-9.022573852539062500e+01,2.720446014404296875e+01
-9.022631072998046875e+01,2.720490264892578125e+01
-9.022419738769531250e+01,2.720513725280761719e+01
-9.022838592529296875e+01,2.720669937133789062e+01
-9.022417449951171875e+01,2.720498085021972656e+01
-9.022746276855468750e+01,2.720642471313476562e+01
-9.022839355468750000e+01,2.720727539062500000e+01
-9.022519683837890625e+01,2.720538139343261719e+01
-9.022711181640625000e+01,2.720640563964843750e+01
-9.022818756103515625e+01,2.720780563354492188e+01
-9.022525787353515625e+01,2.720548629760742188e+01
-9.022718048095703125e+01,2.720547866821289062e+01
-9.022499084472656250e+01,2.720505523681640625e+01
-9.022476196289062500e+01,2.720532608032226562e+01
-9.022707366943359375e+01,2.720606994628906250e+01
-9.022629547119140625e+01,2.720606613159179688e+01
-9.022540283203125000e+01,2.720572090148925781e+01
-9.022543334960937500e+01,2.720516395568847656e+01
-9.022522735595703125e+01,2.720459175109863281e+01
-9.022532653808593750e+01,2.720593261718750000e+01
-9.022782135009765625e+01,2.720638656616210938e+01
-9.022866058349609375e+01,2.720691490173339844e+01
-9.022738647460937500e+01,2.720556640625000000e+01
-9.022611236572265625e+01,2.720453453063964844e+01
-9.022409057617187500e+01,2.720476150512695312e+01
-9.022399139404296875e+01,2.720382690429687500e+01
-9.022473907470703125e+01,2.720569801330566406e+01
-9.022605895996093750e+01,2.720520210266113281e+01
-9.022732543945312500e+01,2.720720291137695312e+01
-9.022665405273437500e+01,2.720594024658203125e+01
-9.022637176513671875e+01,2.720461082458496094e+01
-9.022663116455078125e+01,2.720690727233886719e+01
-9.022731781005859375e+01,2.720722198486328125e+01
-9.022830963134765625e+01,2.720749092102050781e+01
-9.022810363769531250e+01,2.720658683776855469e+01
-9.022548675537109375e+01,2.720503425598144531e+01
-9.022386169433593750e+01,2.720483016967773438e+01
-9.022515106201171875e+01,2.720466613769531250e+01
-9.022853088378906250e+01,2.720647239685058594e+01
-9.022850036621093750e+01,2.720716285705566406e+01
-9.022725677490234375e+01,2.720571517944335938e+01
-9.022529602050781250e+01,2.720586585998535156e+01
-9.022494506835937500e+01,2.720405960083007812e+01
-9.022457122802734375e+01,2.720491027832031250e+01
-9.022836303710937500e+01,2.720629692077636719e+01
-9.022760009765625000e+01,2.720662879943847656e+01
-9.022753906250000000e+01,2.720610237121582031e+01
-9.022488403320312500e+01,2.720518112182617188e+01
-9.022648620605468750e+01,2.720508193969726562e+01
-9.022451019287109375e+01,2.720521545410156250e+01
-9.022873687744140625e+01,2.720689582824707031e+01
-9.022434234619140625e+01,2.720504379272460938e+01
-9.022462463378906250e+01,2.720450019836425781e+01
-9.022616577148437500e+01,2.720528984069824219e+01
-9.022809600830078125e+01,2.720734214782714844e+01
-9.022801971435546875e+01,2.720712661743164062e+01
-9.022409820556640625e+01,2.720411300659179688e+01
-9.022691345214843750e+01,2.720544815063476562e+01
-9.022557067871093750e+01,2.720666313171386719e+01
-9.022406768798828125e+01,2.720364379882812500e+01
-9.022739410400390625e+01,2.720623207092285156e+01
-9.022701263427734375e+01,2.720646286010742188e+01
-9.022557830810546875e+01,2.720463943481445312e+01
-9.022526550292968750e+01,2.720625877380371094e+01
-9.022408294677734375e+01,2.720458412170410156e+01
-9.022528076171875000e+01,2.720549392700195312e+01
-9.022412872314453125e+01,2.720391845703125000e+01
-9.022493743896484375e+01,2.720567321777343750e+01
-9.022648620605468750e+01,2.720557022094726562e+01
-9.022739410400390625e+01,2.720630645751953125e+01
-9.022525787353515625e+01,2.720488929748535156e+01
-9.022637176513671875e+01,2.720555305480957031e+01
-9.022533416748046875e+01,2.720636367797851562e+01
-9.022505950927734375e+01,2.720468330383300781e+01
-9.022563171386718750e+01,2.720563697814941406e+01
-9.022761535644531250e+01,2.720585060119628906e+01
-9.022517395019531250e+01,2.720475578308105469e+01
-9.022652435302734375e+01,2.720493698120117188e+01
-9.022645568847656250e+01,2.720525741577148438e+01
-9.022815704345703125e+01,2.720639991760253906e+01
-9.022649383544921875e+01,2.720574569702148438e+01
-9.022688293457031250e+01,2.720662498474121094e+01
-9.022702026367187500e+01,2.720648384094238281e+01
-9.022805023193359375e+01,2.720732116699218750e+01
-9.022621154785156250e+01,2.720466232299804688e+01
-9.022701263427734375e+01,2.720560264587402344e+01
-9.022825622558593750e+01,2.720775032043457031e+01
-9.022554016113281250e+01,2.720456504821777344e+01
-9.022848510742187500e+01,2.720755386352539062e+01
-9.022441864013671875e+01,2.720349121093750000e+01
-9.022859191894531250e+01,2.720651054382324219e+01
-9.022521209716796875e+01,2.720413780212402344e+01
-9.022400665283203125e+01,2.720497703552246094e+01
-9.022539520263671875e+01,2.720445251464843750e+01
-9.022540283203125000e+01,2.720435714721679688e+01
-9.022689056396484375e+01,2.720622253417968750e+01
-9.022568511962890625e+01,2.720598793029785156e+01
-9.022594451904296875e+01,2.720694160461425781e+01
-9.022460937500000000e+01,2.720538520812988281e+01
-9.022740173339843750e+01,2.720750808715820312e+01
-9.022682189941406250e+01,2.720678710937500000e+01
-9.022808837890625000e+01,2.720656394958496094e+01
-9.022729492187500000e+01,2.720702743530273438e+01
-9.022602081298828125e+01,2.720614242553710938e+01
-9.022597503662109375e+01,2.720547676086425781e+01
-9.022465515136718750e+01,2.720408821105957031e+01
-9.022409057617187500e+01,2.720526313781738281e+01
-9.022735595703125000e+01,2.720548248291015625e+01
-9.022458648681640625e+01,2.720521736145019531e+01
-9.022827911376953125e+01,2.720642852783203125e+01
-9.022725677490234375e+01,2.720579910278320312e+01
-9.022464752197265625e+01,2.720513534545898438e+01
-9.022486877441406250e+01,2.720522880554199219e+01
-9.022485351562500000e+01,2.720409011840820312e+01
-9.022525787353515625e+01,2.720420646667480469e+01
-9.022679138183593750e+01,2.720572280883789062e+01
-9.022389221191406250e+01,2.720484352111816406e+01
-9.022620391845703125e+01,2.720627212524414062e+01
-9.022826385498046875e+01,2.720690917968750000e+01
-9.022574615478515625e+01,2.720601844787597656e+01
-9.022764587402343750e+01,2.720712661743164062e+01
-9.022726440429687500e+01,2.720713806152343750e+01
-9.022650909423828125e+01,2.720522880554199219e+01
-9.022530364990234375e+01,2.720516204833984375e+01
-9.022782897949218750e+01,2.720656394958496094e+01
-9.022396850585937500e+01,2.720467376708984375e+01
-9.022826385498046875e+01,2.720619583129882812e+01
-9.022840118408203125e+01,2.720659255981445312e+01
-9.022639465332031250e+01,2.720491981506347656e+01
-9.022694396972656250e+01,2.720537948608398438e+01
-9.022739410400390625e+01,2.720615005493164062e+01
-9.022648620605468750e+01,2.720512008666992188e+01
-9.022673797607421875e+01,2.720500564575195312e+01
-9.022550201416015625e+01,2.720619773864746094e+01
-9.022391510009765625e+01,2.720459365844726562e+01
-9.022600555419921875e+01,2.720569038391113281e+01
-9.022611999511718750e+01,2.720498657226562500e+01
-9.022818756103515625e+01,2.720699119567871094e+01
-9.022813415527343750e+01,2.720656776428222656e+01
-9.022682952880859375e+01,2.720624160766601562e+01
-9.022496032714843750e+01,2.720572280883789062e+01
-9.022661590576171875e+01,2.720639038085937500e+01
-9.022421264648437500e+01,2.720354843139648438e+01
-9.022627258300781250e+01,2.720631027221679688e+01
-9.022389221191406250e+01,2.720412254333496094e+01
-9.022793579101562500e+01,2.720608520507812500e+01
-9.022503662109375000e+01,2.720536231994628906e+01
-9.022744750976562500e+01,2.720603942871093750e+01
-9.022648620605468750e+01,2.720709609985351562e+01
-9.022783660888671875e+01,2.720645523071289062e+01
-9.022399139404296875e+01,2.720517158508300781e+01
-9.022666931152343750e+01,2.720704460144042969e+01
-9.022595977783203125e+01,2.720550537109375000e+01
-9.022767639160156250e+01,2.720584869384765625e+01
-9.022551727294921875e+01,2.720553779602050781e+01
-9.022650909423828125e+01,2.720558357238769531e+01
-9.022431945800781250e+01,2.720386314392089844e+01
-9.022786712646484375e+01,2.720595741271972656e+01
-9.022812652587890625e+01,2.720691871643066406e+01
-9.022448730468750000e+01,2.720478630065917969e+01
-9.022538757324218750e+01,2.720480918884277344e+01
-9.022505187988281250e+01,2.720415687561035156e+01
-9.022716522216796875e+01,2.720679283142089844e+01
-9.022799682617187500e+01,2.720747566223144531e+01
-9.022473907470703125e+01,2.720530509948730469e+01
-9.022678375244140625e+01,2.720533180236816406e+01
-9.022624969482421875e+01,2.720602226257324219e+01
-9.022814178466796875e+01,2.720664405822753906e+01
-9.022723388671875000e+01,2.720741081237792969e+01
-9.022745513916015625e+01,2.720629882812500000e+01
-9.022427368164062500e+01,2.720448303222656250e+01
-9.022662353515625000e+01,2.720590591430664062e+01
-9.022480773925781250e+01,2.720566749572753906e+01
-9.022647094726562500e+01,2.720460319519042969e+01
-9.022689819335937500e+01,2.720560264587402344e+01
-9.022504425048828125e+01,2.720454978942871094e+01
-9.022663116455078125e+01,2.720640945434570312e+01
-9.022645568847656250e+01,2.720535850524902344e+01
-9.022572326660156250e+01,2.720584487915039062e+01
-9.022591400146484375e+01,2.720518112182617188e+01
-9.022756958007812500e+01,2.720574378967285156e+01
-9.022518920898437500e+01,2.720616340637207031e+01
-9.022417449951171875e+01,2.720382499694824219e+01
-9.022506713867187500e+01,2.720402908325195312e+01
-9.022735595703125000e+01,2.720556640625000000e+01
-9.022794342041015625e+01,2.720752716064453125e+01
-9.022662353515625000e+01,2.720620346069335938e+01
-9.022706604003906250e+01,2.720682907104492188e+01
-9.022829437255859375e+01,2.720696258544921875e+01
-9.022700500488281250e+01,2.720643043518066406e+01
-9.022467803955078125e+01,2.720485115051269531e+01
-9.022587585449218750e+01,2.720642471313476562e+01
-9.022480773925781250e+01,2.720514678955078125e+01
-9.022801971435546875e+01,2.720633125305175781e+01
-9.022544097900390625e+01,2.720508003234863281e+01
-9.022750854492187500e+01,2.720604133605957031e+01
-9.022693634033203125e+01,2.720633506774902344e+01
-9.022675323486328125e+01,2.720623207092285156e+01
-9.022808837890625000e+01,2.720756530761718750e+01
-9.022579956054687500e+01,2.720543289184570312e+01
-9.022487640380859375e+01,2.720510864257812500e+01
-9.022600555419921875e+01,2.720531463623046875e+01
-9.022460937500000000e+01,2.720415115356445312e+01
-9.022595977783203125e+01,2.720589447021484375e+01
-9.022531890869140625e+01,2.720422554016113281e+01
-9.022610473632812500e+01,2.720653724670410156e+01
-9.022527313232421875e+01,2.720589637756347656e+01
-9.022570037841796875e+01,2.720550155639648438e+01
-9.022659301757812500e+01,2.720689773559570312e+01
-9.022852325439453125e+01,2.720688438415527344e+01
-9.022455596923828125e+01,2.720554351806640625e+01
-9.022490692138671875e+01,2.720576667785644531e+01
-9.022618103027343750e+01,2.720576477050781250e+01
-9.022694396972656250e+01,2.720705795288085938e+01
-9.022714996337890625e+01,2.720685195922851562e+01
-9.022708892822265625e+01,2.720622825622558594e+01
-9.022856140136718750e+01,2.720708847045898438e+01
-9.022755432128906250e+01,2.720634460449218750e+01
-9.022637939453125000e+01,2.720672798156738281e+01
-9.022412109375000000e+01,2.720524597167968750e+01
-9.022765350341796875e+01,2.720678329467773438e+01
-9.022438812255859375e+01,2.720351600646972656e+01
-9.022569274902343750e+01,2.720674705505371094e+01
-9.022473907470703125e+01,2.720526885986328125e+01
-9.022850036621093750e+01,2.720642280578613281e+01
-9.022602081298828125e+01,2.720643997192382812e+01
-9.022823333740234375e+01,2.720749855041503906e+01
-9.022483825683593750e+01,2.720585632324218750e+01
-9.022514343261718750e+01,2.720474433898925781e+01
-9.022449493408203125e+01,2.720430755615234375e+01
-9.022560119628906250e+01,2.720442008972167969e+01
-9.022391510009765625e+01,2.720380401611328125e+01
-9.022394561767578125e+01,2.720420646667480469e+01
-9.022420501708984375e+01,2.720385169982910156e+01
-9.022843933105468750e+01,2.720762825012207031e+01
-9.022437286376953125e+01,2.720406341552734375e+01
-9.022679138183593750e+01,2.720553398132324219e+01
-9.022740936279296875e+01,2.720643234252929688e+01
-9.022840881347656250e+01,2.720739746093750000e+01
-9.022880554199218750e+01,2.720691108703613281e+01
-9.022451782226562500e+01,2.720392608642578125e+01
-9.022608947753906250e+01,2.720653343200683594e+01
-9.022820281982421875e+01,2.720693778991699219e+01
-9.022828674316406250e+01,2.720690155029296875e+01
-9.022586059570312500e+01,2.720562934875488281e+01
-9.022695159912109375e+01,2.720723533630371094e+01
-9.022478485107421875e+01,2.720395660400390625e+01
-9.022606658935546875e+01,2.720548439025878906e+01
-9.022579193115234375e+01,2.720511627197265625e+01
-9.022786712646484375e+01,2.720687484741210938e+01
-9.022639465332031250e+01,2.720477676391601562e+01
-9.022640991210937500e+01,2.720712661743164062e+01
-9.022410583496093750e+01,2.720399665832519531e+01
-9.022420501708984375e+01,2.720437431335449219e+01
-9.022640228271484375e+01,2.720603179931640625e+01
-9.022673797607421875e+01,2.720565605163574219e+01
-9.022755432128906250e+01,2.720653915405273438e+01
-9.022752380371093750e+01,2.720631599426269531e+01
-9.022649383544921875e+01,2.720508384704589844e+01
-9.022676849365234375e+01,2.720583152770996094e+01
-9.022397613525390625e+01,2.720465850830078125e+01
-9.022814941406250000e+01,2.720718955993652344e+01
-9.022534942626953125e+01,2.720557403564453125e+01
-9.022649383544921875e+01,2.720488739013671875e+01
-9.022455596923828125e+01,2.720522689819335938e+01
-9.022703552246093750e+01,2.720520019531250000e+01
-9.022682189941406250e+01,2.720555877685546875e+01
-9.022669982910156250e+01,2.720652008056640625e+01
-9.022830200195312500e+01,2.720745849609375000e+01
-9.022725677490234375e+01,2.720705986022949219e+01
-9.022619628906250000e+01,2.720473289489746094e+01
-9.022464752197265625e+01,2.720488929748535156e+01
-9.022542572021484375e+01,2.720474052429199219e+01
-9.022699737548828125e+01,2.720627593994140625e+01
-9.022432708740234375e+01,2.720528602600097656e+01
-9.022634124755859375e+01,2.720686531066894531e+01
-9.022421264648437500e+01,2.720480918884277344e+01
-9.022624206542968750e+01,2.720548439025878906e+01
-9.022430419921875000e+01,2.720371437072753906e+01
-9.022849273681640625e+01,2.720703697204589844e+01
-9.022491455078125000e+01,2.720452308654785156e+01
-9.022826385498046875e+01,2.720633316040039062e+01
-9.022444915771484375e+01,2.720407867431640625e+01
-9.022647857666015625e+01,2.720499610900878906e+01
-9.022684478759765625e+01,2.720718193054199219e+01
-9.022857666015625000e+01,2.720709037780761719e+01
-9.022457122802734375e+01,2.720438385009765625e+01
-9.022834777832031250e+01,2.720705413818359375e+01
-9.022704315185546875e+01,2.720531654357910156e+01
-9.022477722167968750e+01,2.720373535156250000e+01
-9.022406768798828125e+01,2.720493507385253906e+01
-9.022765350341796875e+01,2.720705032348632812e+01
-9.022499084472656250e+01,2.720532608032226562e+01
-9.022570037841796875e+01,2.720603942871093750e+01
-9.022698974609375000e+01,2.720591926574707031e+01
-9.022543334960937500e+01,2.720453262329101562e+01
-9.022705078125000000e+01,2.720547103881835938e+01
-9.022431182861328125e+01,2.720484352111816406e+01
-9.022409057617187500e+01,2.720455551147460938e+01
-9.022566223144531250e+01,2.720487403869628906e+01
-9.022475433349609375e+01,2.720471763610839844e+01
-9.022656250000000000e+01,2.720646667480468750e+01
-9.022706604003906250e+01,2.720551872253417969e+01
-9.022548675537109375e+01,2.720636177062988281e+01
-9.022681427001953125e+01,2.720643806457519531e+01
-9.022473144531250000e+01,2.720409774780273438e+01
-9.022732543945312500e+01,2.720562744140625000e+01
-9.022573089599609375e+01,2.720627784729003906e+01
-9.022780609130859375e+01,2.720712471008300781e+01
-9.022487640380859375e+01,2.720583534240722656e+01
-9.022798156738281250e+01,2.720756721496582031e+01
-9.022484588623046875e+01,2.720405006408691406e+01
-9.022679901123046875e+01,2.720628547668457031e+01
-9.022518920898437500e+01,2.720564651489257812e+01
-9.022476196289062500e+01,2.720479011535644531e+01
-9.022525024414062500e+01,2.720557594299316406e+01
-9.022372436523437500e+01,2.720478630065917969e+01
-9.022512054443359375e+01,2.720517921447753906e+01
-9.022547912597656250e+01,2.720531272888183594e+01
-9.022468566894531250e+01,2.720366287231445312e+01
-9.022460937500000000e+01,2.720473289489746094e+01
-9.022581481933593750e+01,2.720512580871582031e+01
-9.022387695312500000e+01,2.720402717590332031e+01
-9.022860717773437500e+01,2.720661926269531250e+01
-9.022646331787109375e+01,2.720577812194824219e+01
-9.022782135009765625e+01,2.720721435546875000e+01
-9.022440338134765625e+01,2.720452880859375000e+01
-9.022856903076171875e+01,2.720673942565917969e+01
-9.022397613525390625e+01,2.720456695556640625e+01
-9.022741699218750000e+01,2.720752716064453125e+01
-9.022776031494140625e+01,2.720721054077148438e+01
-9.022398376464843750e+01,2.720509147644042969e+01
-9.022395324707031250e+01,2.720525360107421875e+01
-9.022611236572265625e+01,2.720549964904785156e+01
-9.022433471679687500e+01,2.720553588867187500e+01
-9.022607421875000000e+01,2.720628547668457031e+01
-9.022412109375000000e+01,2.720453643798828125e+01
-9.022541046142578125e+01,2.720618629455566406e+01
-9.022417449951171875e+01,2.720401573181152344e+01
-9.022424316406250000e+01,2.720365524291992188e+01
-9.022421264648437500e+01,2.720399475097656250e+01
-9.022498321533203125e+01,2.720527076721191406e+01
-9.022585296630859375e+01,2.720603752136230469e+01
-9.022600555419921875e+01,2.720481491088867188e+01
-9.022532653808593750e+01,2.720520591735839844e+01
-9.022584533691406250e+01,2.720450210571289062e+01
-9.022843170166015625e+01,2.720766830444335938e+01
-9.022737884521484375e+01,2.720615577697753906e+01
-9.022693634033203125e+01,2.720722579956054688e+01
-9.022628021240234375e+01,2.720515441894531250e+01
-9.022573089599609375e+01,2.720605659484863281e+01
-9.022469329833984375e+01,2.720461463928222656e+01
-9.022613525390625000e+01,2.720523071289062500e+01
-9.022853851318359375e+01,2.720689010620117188e+01
-9.022381591796875000e+01,2.720395469665527344e+01
-9.022626495361328125e+01,2.720484733581542969e+01
-9.022706604003906250e+01,2.720693016052246094e+01
-9.022454833984375000e+01,2.720488357543945312e+01
-9.022843933105468750e+01,2.720711517333984375e+01
-9.022538757324218750e+01,2.720638847351074219e+01
-9.022470092773437500e+01,2.720431137084960938e+01
-9.022579956054687500e+01,2.720603942871093750e+01
-9.022627258300781250e+01,2.720685386657714844e+01
-9.022663879394531250e+01,2.720474243164062500e+01
-9.022452545166015625e+01,2.720451736450195312e+01
-9.022502899169921875e+01,2.720448493957519531e+01
-9.022477722167968750e+01,2.720405960083007812e+01
-9.022851562500000000e+01,2.720714187622070312e+01
-9.022647857666015625e+01,2.720640945434570312e+01
-9.022589111328125000e+01,2.720676803588867188e+01
-9.022669982910156250e+01,2.720585441589355469e+01
-9.022435760498046875e+01,2.720510101318359375e+01
-9.022645568847656250e+01,2.720454788208007812e+01
-9.022766876220703125e+01,2.720662307739257812e+01
-9.022576904296875000e+01,2.720618629455566406e+01
-9.022707366943359375e+01,2.720599746704101562e+01
-9.022749328613281250e+01,2.720647048950195312e+01
-9.022730255126953125e+01,2.720665740966796875e+01
-9.022818756103515625e+01,2.720711517333984375e+01
-9.022438812255859375e+01,2.720391464233398438e+01
-9.022869873046875000e+01,2.720715904235839844e+01
-9.022537994384765625e+01,2.720599937438964844e+01
-9.022446441650390625e+01,2.720505142211914062e+01
-9.022769165039062500e+01,2.720761871337890625e+01
-9.022463226318359375e+01,2.720394706726074219e+01
-9.022392272949218750e+01,2.720372009277343750e+01
-9.022590637207031250e+01,2.720457649230957031e+01
-9.022516632080078125e+01,2.720464324951171875e+01
-9.022762298583984375e+01,2.720764541625976562e+01
-9.022404479980468750e+01,2.720496749877929688e+01
-9.022757720947265625e+01,2.720598983764648438e+01
-9.022610473632812500e+01,2.720488357543945312e+01
-9.022442626953125000e+01,2.720524024963378906e+01
-9.022734069824218750e+01,2.720610046386718750e+01
-9.022398376464843750e+01,2.720368766784667969e+01
-9.022763824462890625e+01,2.720744323730468750e+01
-9.022406768798828125e+01,2.720421981811523438e+01
-9.022438812255859375e+01,2.720354461669921875e+01
-9.022509002685546875e+01,2.720461273193359375e+01
-9.022773742675781250e+01,2.720599365234375000e+01
-9.022428894042968750e+01,2.720359420776367188e+01
-9.022502899169921875e+01,2.720479011535644531e+01
-9.022675323486328125e+01,2.720615959167480469e+01
-9.022676849365234375e+01,2.720722770690917969e+01
-9.022502899169921875e+01,2.720499610900878906e+01
-9.022645568847656250e+01,2.720533561706542969e+01
-9.022476196289062500e+01,2.720585823059082031e+01
-9.022423553466796875e+01,2.720519447326660156e+01
-9.022825622558593750e+01,2.720660018920898438e+01
-9.022747802734375000e+01,2.720711135864257812e+01
-9.022598266601562500e+01,2.720549201965332031e+01
-9.022802734375000000e+01,2.720628356933593750e+01
-9.022633361816406250e+01,2.720667457580566406e+01
-9.022393798828125000e+01,2.720377731323242188e+01
-9.022656250000000000e+01,2.720633697509765625e+01
-9.022736358642578125e+01,2.720740890502929688e+01
-9.022586822509765625e+01,2.720672035217285156e+01
-9.022640228271484375e+01,2.720610618591308594e+01
-9.022682952880859375e+01,2.720551872253417969e+01
-9.022845458984375000e+01,2.720650291442871094e+01
-9.022586059570312500e+01,2.720463752746582031e+01
-9.022547149658203125e+01,2.720431709289550781e+01
-9.022669219970703125e+01,2.720721054077148438e+01
-9.022652435302734375e+01,2.720518112182617188e+01
-9.022731781005859375e+01,2.720659828186035156e+01
-9.022613525390625000e+01,2.720619964599609375e+01
-9.022572326660156250e+01,2.720529556274414062e+01
-9.022729492187500000e+01,2.720541000366210938e+01
-9.022480773925781250e+01,2.720478248596191406e+01
-9.022625732421875000e+01,2.720649147033691406e+01
-9.022554779052734375e+01,2.720429039001464844e+01
-9.022817230224609375e+01,2.720632171630859375e+01
-9.022693634033203125e+01,2.720635223388671875e+01
-9.022375488281250000e+01,2.720459938049316406e+01
-9.022858428955078125e+01,2.720736312866210938e+01
-9.022562408447265625e+01,2.720634078979492188e+01
-9.022754669189453125e+01,2.720593452453613281e+01
-9.022731781005859375e+01,2.720601081848144531e+01
-9.022621154785156250e+01,2.720644569396972656e+01
-9.022578430175781250e+01,2.720469093322753906e+01
-9.022666931152343750e+01,2.720604705810546875e+01
-9.022863769531250000e+01,2.720725440979003906e+01
-9.022621917724609375e+01,2.720693016052246094e+01
-9.022699737548828125e+01,2.720657157897949219e+01
-9.022456359863281250e+01,2.720543670654296875e+01
-9.022660827636718750e+01,2.720618820190429688e+01
-9.022386932373046875e+01,2.720513343811035156e+01
-9.022553253173828125e+01,2.720515251159667969e+01
-9.022431945800781250e+01,2.720408630371093750e+01
-9.022695922851562500e+01,2.720549583435058594e+01
-9.022763061523437500e+01,2.720630073547363281e+01
-9.022680664062500000e+01,2.720717430114746094e+01
-9.022586059570312500e+01,2.720690155029296875e+01
-9.022520446777343750e+01,2.720546722412109375e+01
-9.022567749023437500e+01,2.720666313171386719e+01
-9.022747802734375000e+01,2.720601654052734375e+01
-9.022467803955078125e+01,2.720423698425292969e+01
-9.022711181640625000e+01,2.720532226562500000e+01
-9.022544097900390625e+01,2.720470428466796875e+01
-9.022843933105468750e+01,2.720767593383789062e+01
-9.022386932373046875e+01,2.720403289794921875e+01
-9.022573852539062500e+01,2.720440101623535156e+01
-9.022620391845703125e+01,2.720519638061523438e+01
-9.022506713867187500e+01,2.720572090148925781e+01
-9.022693634033203125e+01,2.720668411254882812e+01
-9.022389221191406250e+01,2.720392417907714844e+01
-9.022824096679687500e+01,2.720667266845703125e+01
-9.022465515136718750e+01,2.720503044128417969e+01
-9.022522735595703125e+01,2.720405769348144531e+01
-9.022802734375000000e+01,2.720716857910156250e+01
-9.022409057617187500e+01,2.720407295227050781e+01
-9.022722625732421875e+01,2.720658683776855469e+01
-9.022619628906250000e+01,2.720586776733398438e+01
-9.022557067871093750e+01,2.720438194274902344e+01
-9.022729492187500000e+01,2.720602416992187500e+01
-9.022634887695312500e+01,2.720721054077148438e+01
-9.022689056396484375e+01,2.720515632629394531e+01
-9.022646331787109375e+01,2.720505523681640625e+01
-9.022407531738281250e+01,2.720375633239746094e+01
-9.022865295410156250e+01,2.720706748962402344e+01
-9.022610473632812500e+01,2.720577239990234375e+01
-9.022444915771484375e+01,2.720416641235351562e+01
-9.022606658935546875e+01,2.720461082458496094e+01
-9.022444152832031250e+01,2.720390129089355469e+01
-9.022834014892578125e+01,2.720701789855957031e+01
-9.022491455078125000e+01,2.720559310913085938e+01
-9.022721862792968750e+01,2.720632743835449219e+01
-9.022552490234375000e+01,2.720444679260253906e+01
-9.022644042968750000e+01,2.720664215087890625e+01
-9.022766876220703125e+01,2.720754051208496094e+01
-9.022386932373046875e+01,2.720383262634277344e+01
-9.022726440429687500e+01,2.720721054077148438e+01
-9.022842407226562500e+01,2.720767402648925781e+01
-9.022373962402343750e+01,2.720457267761230469e+01
-9.022797393798828125e+01,2.720619010925292969e+01
-9.022474670410156250e+01,2.720410537719726562e+01
-9.022490692138671875e+01,2.720590591430664062e+01
-9.022655487060546875e+01,2.720657920837402344e+01
-9.022718811035156250e+01,2.720618438720703125e+01
-9.022424316406250000e+01,2.720442962646484375e+01
-9.022644042968750000e+01,2.720572090148925781e+01
-9.022546386718750000e+01,2.720550918579101562e+01
-9.022403717041015625e+01,2.720410728454589844e+01
-9.022572326660156250e+01,2.720551681518554688e+01
-9.022554779052734375e+01,2.720431900024414062e+01
-9.022694396972656250e+01,2.720593261718750000e+01
-9.022730255126953125e+01,2.720740318298339844e+01
-9.022774505615234375e+01,2.720696067810058594e+01
-9.022615814208984375e+01,2.720487594604492188e+01
-9.022400665283203125e+01,2.720515632629394531e+01
-9.022431945800781250e+01,2.720507049560546875e+01
-9.022708129882812500e+01,2.720572471618652344e+01
-9.022518920898437500e+01,2.720575714111328125e+01
-9.022834014892578125e+01,2.720649719238281250e+01
-9.022488403320312500e+01,2.720421600341796875e+01
-9.022723388671875000e+01,2.720532608032226562e+01
-9.022625732421875000e+01,2.720664596557617188e+01
-9.022660064697265625e+01,2.720709800720214844e+01
-9.022657775878906250e+01,2.720505714416503906e+01
-9.022506713867187500e+01,2.720524406433105469e+01
-9.022594451904296875e+01,2.720660591125488281e+01
-9.022710418701171875e+01,2.720589447021484375e+01
-9.022457885742187500e+01,2.720417976379394531e+01
-9.022632598876953125e+01,2.720586585998535156e+01
-9.022691345214843750e+01,2.720598602294921875e+01
-9.022869873046875000e+01,2.720713233947753906e+01
-9.022466278076171875e+01,2.720473480224609375e+01
-9.022867584228515625e+01,2.720668220520019531e+01
-9.022489166259765625e+01,2.720533561706542969e+01
-9.022638702392578125e+01,2.720494461059570312e+01
-9.022366333007812500e+01,2.720478630065917969e+01
-9.022641754150390625e+01,2.720598983764648438e+01
-9.022698974609375000e+01,2.720634078979492188e+01
-9.022833251953125000e+01,2.720763397216796875e+01
-9.022611236572265625e+01,2.720618438720703125e+01
-9.022406768798828125e+01,2.720497512817382812e+01
-9.022801971435546875e+01,2.720777320861816406e+01
-9.022583007812500000e+01,2.720538520812988281e+01
-9.022789001464843750e+01,2.720757293701171875e+01
-9.022839355468750000e+01,2.720687103271484375e+01
-9.022665405273437500e+01,2.720501136779785156e+01
-9.022740936279296875e+01,2.720564842224121094e+01
-9.022845458984375000e+01,2.720735740661621094e+01
-9.022529602050781250e+01,2.720530128479003906e+01
-9.022421264648437500e+01,2.720393943786621094e+01
-9.022763061523437500e+01,2.720696258544921875e+01
-9.022872161865234375e+01,2.720735168457031250e+01
-9.022411346435546875e+01,2.720427894592285156e+01
-9.022515869140625000e+01,2.720558929443359375e+01
-9.022419738769531250e+01,2.720520401000976562e+01
-9.022744750976562500e+01,2.720654869079589844e+01
-9.022480010986328125e+01,2.720545196533203125e+01
-9.022854614257812500e+01,2.720719909667968750e+01
-9.022682952880859375e+01,2.720585060119628906e+01
-9.022565460205078125e+01,2.720583152770996094e+01
-9.022578430175781250e+01,2.720545768737792969e+01
-9.022598266601562500e+01,2.720577621459960938e+01
-9.022499847412109375e+01,2.720451927185058594e+01
-9.022480010986328125e+01,2.720499610900878906e+01
-9.022509765625000000e+01,2.720455169677734375e+01
-9.022775268554687500e+01,2.720640754699707031e+01
-9.022548675537109375e+01,2.720459556579589844e+01
-9.022590637207031250e+01,2.720541381835937500e+01
-9.022566986083984375e+01,2.720458984375000000e+01
-9.022678375244140625e+01,2.720598220825195312e+01
-9.022796630859375000e+01,2.720619773864746094e+01
-9.022450256347656250e+01,2.720493888854980469e+01
-9.022642517089843750e+01,2.720504760742187500e+01
-9.022676849365234375e+01,2.720641899108886719e+01
-9.022798156738281250e+01,2.720625305175781250e+01
-9.022505187988281250e+01,2.720584678649902344e+01
-9.022749328613281250e+01,2.720707321166992188e+01
-9.022571563720703125e+01,2.720635986328125000e+01
-9.022493743896484375e+01,2.720421791076660156e+01
-9.022444152832031250e+01,2.720347785949707031e+01
-9.022737884521484375e+01,2.720621490478515625e+01
-9.022652435302734375e+01,2.720619964599609375e+01
-9.022550201416015625e+01,2.720491027832031250e+01
-9.022839355468750000e+01,2.720722770690917969e+01
-9.022415161132812500e+01,2.720372962951660156e+01
-9.022405242919921875e+01,2.720495605468750000e+01
-9.022598266601562500e+01,2.720584869384765625e+01
-9.022675323486328125e+01,2.720628929138183594e+01
-9.022617340087890625e+01,2.720528793334960938e+01
-9.022428894042968750e+01,2.720383644104003906e+01
-9.022666168212890625e+01,2.720706748962402344e+01
-9.022566986083984375e+01,2.720643234252929688e+01
-9.022457122802734375e+01,2.720364952087402344e+01
-9.022745513916015625e+01,2.720716094970703125e+01
-9.022581481933593750e+01,2.720494270324707031e+01
-9.022561645507812500e+01,2.720514488220214844e+01
-9.022473144531250000e+01,2.720573806762695312e+01
-9.022463989257812500e+01,2.720549011230468750e+01
-9.022585296630859375e+01,2.720639610290527344e+01
-9.022797393798828125e+01,2.720767593383789062e+01
-9.022561645507812500e+01,2.720554924011230469e+01
-9.022829437255859375e+01,2.720641326904296875e+01
-9.022574615478515625e+01,2.720552635192871094e+01
-9.022636413574218750e+01,2.720500183105468750e+01
-9.022701263427734375e+01,2.720687294006347656e+01
-9.022562408447265625e+01,2.720563697814941406e+01
-9.022630310058593750e+01,2.720481872558593750e+01
-9.022382354736328125e+01,2.720399856567382812e+01
-9.022807312011718750e+01,2.720616912841796875e+01
-9.022810363769531250e+01,2.720696830749511719e+01
-9.022705078125000000e+01,2.720571136474609375e+01
-9.022734832763671875e+01,2.720612716674804688e+01
-9.022629547119140625e+01,2.720568084716796875e+01
-9.022522735595703125e+01,2.720502662658691406e+01
-9.022853088378906250e+01,2.720730400085449219e+01
-9.022782135009765625e+01,2.720701217651367188e+01
-9.022778320312500000e+01,2.720686721801757812e+01
-9.022529602050781250e+01,2.720490074157714844e+01
-9.022638702392578125e+01,2.720705223083496094e+01
-9.022415161132812500e+01,2.720347785949707031e+01
-9.022677612304687500e+01,2.720593833923339844e+01
-9.022590637207031250e+01,2.720489311218261719e+01
-9.022876739501953125e+01,2.720674705505371094e+01
-9.022401428222656250e+01,2.720435714721679688e+01
-9.022433471679687500e+01,2.720439910888671875e+01
-9.022499847412109375e+01,2.720523262023925781e+01
-9.022380065917968750e+01,2.720477676391601562e+01
-9.022787475585937500e+01,2.720630645751953125e+01
-9.022796630859375000e+01,2.720734596252441406e+01
-9.022642517089843750e+01,2.720458984375000000e+01
-9.022638702392578125e+01,2.720469856262207031e+01
-9.022647094726562500e+01,2.720713806152343750e+01
-9.022544860839843750e+01,2.720535850524902344e+01
-9.022460174560546875e+01,2.720537567138671875e+01
-9.022608184814453125e+01,2.720628166198730469e+01
-9.022570037841796875e+01,2.720611381530761719e+01
-9.022821807861328125e+01,2.720694732666015625e+01
-9.022800445556640625e+01,2.720609092712402344e+01
-9.022670745849609375e+01,2.720693016052246094e+01
-9.022764587402343750e+01,2.720646667480468750e+01
-9.022759246826171875e+01,2.720624923706054688e+01
-9.022658538818359375e+01,2.720574569702148438e+01
-9.022824096679687500e+01,2.720615959167480469e+01
-9.022528076171875000e+01,2.720455932617187500e+01
-9.022672271728515625e+01,2.720670700073242188e+01
-9.022499084472656250e+01,2.720445251464843750e+01
-9.022611999511718750e+01,2.720562744140625000e+01
-9.022622680664062500e+01,2.720544624328613281e+01
-9.022771453857421875e+01,2.720698165893554688e+01
-9.022481536865234375e+01,2.720592308044433594e+01
-9.022525024414062500e+01,2.720588493347167969e+01
-9.022386932373046875e+01,2.720428276062011719e+01
-9.022692108154296875e+01,2.720729064941406250e+01
-9.022784423828125000e+01,2.720640182495117188e+01
-9.022586822509765625e+01,2.720604515075683594e+01
-9.022589874267578125e+01,2.720462608337402344e+01
-9.022531127929687500e+01,2.720426750183105469e+01
-9.022676086425781250e+01,2.720537567138671875e+01
-9.022871398925781250e+01,2.720738792419433594e+01
-9.022423553466796875e+01,2.720386123657226562e+01
-9.022644042968750000e+01,2.720651817321777344e+01
-9.022621154785156250e+01,2.720498847961425781e+01
-9.022795104980468750e+01,2.720600700378417969e+01
-9.022435760498046875e+01,2.720421218872070312e+01
-9.022621917724609375e+01,2.720550537109375000e+01
-9.022469329833984375e+01,2.720388603210449219e+01
-9.022418212890625000e+01,2.720500755310058594e+01
-9.022467041015625000e+01,2.720554733276367188e+01
-9.022560119628906250e+01,2.720468711853027344e+01
-9.022387695312500000e+01,2.720495414733886719e+01
-9.022389221191406250e+01,2.720373153686523438e+01
-9.022795104980468750e+01,2.720695877075195312e+01
-9.022425079345703125e+01,2.720491981506347656e+01
-9.022785949707031250e+01,2.720711326599121094e+01
-9.022578430175781250e+01,2.720514106750488281e+01
-9.022776794433593750e+01,2.720714187622070312e+01
-9.022412872314453125e+01,2.720362091064453125e+01
-9.022817993164062500e+01,2.720618438720703125e+01
-9.022589874267578125e+01,2.720652580261230469e+01
-9.022638702392578125e+01,2.720678520202636719e+01
-9.022788238525390625e+01,2.720654678344726562e+01
-9.022853088378906250e+01,2.720723152160644531e+01
-9.022813415527343750e+01,2.720635032653808594e+01
-9.022685241699218750e+01,2.720667457580566406e+01
-9.022476959228515625e+01,2.720381546020507812e+01
-9.022537231445312500e+01,2.720490455627441406e+01
-9.022705078125000000e+01,2.720552253723144531e+01
-9.022644042968750000e+01,2.720659637451171875e+01
-9.022534179687500000e+01,2.720541000366210938e+01
-9.022522735595703125e+01,2.720470619201660156e+01
-9.022445678710937500e+01,2.720504188537597656e+01
-9.022626495361328125e+01,2.720466995239257812e+01
-9.022821807861328125e+01,2.720654106140136719e+01
-9.022867584228515625e+01,2.720712852478027344e+01
-9.022825622558593750e+01,2.720726203918457031e+01
-9.022460174560546875e+01,2.720434188842773438e+01
-9.022425079345703125e+01,2.720526885986328125e+01
-9.022460937500000000e+01,2.720560264587402344e+01
-9.022515869140625000e+01,2.720475578308105469e+01
-9.022724914550781250e+01,2.720675086975097656e+01
-9.022569274902343750e+01,2.720565414428710938e+01
-9.022612762451171875e+01,2.720568847656250000e+01
-9.022416687011718750e+01,2.720495605468750000e+01
-9.022524261474609375e+01,2.720440673828125000e+01
-9.022640991210937500e+01,2.720603179931640625e+01
-9.022796630859375000e+01,2.720725631713867188e+01
-9.022726440429687500e+01,2.720669937133789062e+01
-9.022660827636718750e+01,2.720557212829589844e+01
-9.022760009765625000e+01,2.720611381530761719e+01
-9.022707366943359375e+01,2.720693206787109375e+01
-9.022710418701171875e+01,2.720706558227539062e+01
-9.022644042968750000e+01,2.720510101318359375e+01
-9.022628021240234375e+01,2.720462989807128906e+01
-9.022684478759765625e+01,2.720638847351074219e+01
-9.022675323486328125e+01,2.720480346679687500e+01
-9.022701263427734375e+01,2.720639419555664062e+01
-9.022510528564453125e+01,2.720407104492187500e+01
-9.022465515136718750e+01,2.720402908325195312e+01
-9.022695922851562500e+01,2.720643234252929688e+01
-9.022772979736328125e+01,2.720575523376464844e+01
-9.022880554199218750e+01,2.720698356628417969e+01
-9.022634124755859375e+01,2.720638847351074219e+01
-9.022697448730468750e+01,2.720702743530273438e+01
-9.022864532470703125e+01,2.720664215087890625e+01
-9.022472381591796875e+01,2.720430374145507812e+01
-9.022793579101562500e+01,2.720611572265625000e+01
-9.022779846191406250e+01,2.720616722106933594e+01
-9.022449493408203125e+01,2.720460510253906250e+01
-9.022667694091796875e+01,2.720575904846191406e+01
-9.022869873046875000e+01,2.720639228820800781e+01
-9.022859954833984375e+01,2.720672035217285156e+01
-9.022727203369140625e+01,2.720555114746093750e+01
-9.022811126708984375e+01,2.720706176757812500e+01
-9.022432708740234375e+01,2.720553779602050781e+01
-9.022853851318359375e+01,2.720712471008300781e+01
-9.022505187988281250e+01,2.720442390441894531e+01
-9.022709655761718750e+01,2.720607757568359375e+01
-9.022389221191406250e+01,2.720371818542480469e+01
-9.022610473632812500e+01,2.720694541931152344e+01
-9.022750854492187500e+01,2.720727348327636719e+01
-9.022501373291015625e+01,2.720555686950683594e+01
-9.022862243652343750e+01,2.720740699768066406e+01
-9.022386932373046875e+01,2.720366477966308594e+01
-9.022730255126953125e+01,2.720591163635253906e+01
-9.022796630859375000e+01,2.720712280273437500e+01
-9.022605895996093750e+01,2.720504760742187500e+01
-9.022652435302734375e+01,2.720484352111816406e+01
-9.022441101074218750e+01,2.720374298095703125e+01
-9.022710418701171875e+01,2.720629119873046875e+01
-9.022546386718750000e+01,2.720437049865722656e+01
-9.022561645507812500e+01,2.720558357238769531e+01
-9.022725677490234375e+01,2.720741844177246094e+01
-9.022492218017578125e+01,2.720416831970214844e+01
-9.022393035888671875e+01,2.720391654968261719e+01
-9.022691345214843750e+01,2.720513534545898438e+01
-9.022383880615234375e+01,2.720504188537597656e+01
-9.022409820556640625e+01,2.720380592346191406e+01
-9.022503662109375000e+01,2.720592880249023438e+01
-9.022795104980468750e+01,2.720609855651855469e+01
-9.022418212890625000e+01,2.720418739318847656e+01
-9.022532653808593750e+01,2.720583915710449219e+01
-9.022820281982421875e+01,2.720682907104492188e+01
-9.022813415527343750e+01,2.720678138732910156e+01
-9.022838592529296875e+01,2.720627593994140625e+01
-9.022626495361328125e+01,2.720705032348632812e+01
-9.022503662109375000e+01,2.720533180236816406e+01
-9.022569274902343750e+01,2.720656776428222656e+01
-9.022527313232421875e+01,2.720583915710449219e+01
-9.022810363769531250e+01,2.720737838745117188e+01
-9.022696685791015625e+01,2.720606803894042969e+01
-9.022397613525390625e+01,2.720379447937011719e+01
-9.022785949707031250e+01,2.720724868774414062e+01
-9.022518157958984375e+01,2.720453071594238281e+01
-9.022423553466796875e+01,2.720355033874511719e+01
-9.022827911376953125e+01,2.720773506164550781e+01
-9.022737121582031250e+01,2.720645904541015625e+01
-9.022755432128906250e+01,2.720584869384765625e+01
-9.022776031494140625e+01,2.720598983764648438e+01
-9.022541809082031250e+01,2.720486068725585938e+01
-9.022645568847656250e+01,2.720490646362304688e+01
-9.022428894042968750e+01,2.720475006103515625e+01
-9.022562408447265625e+01,2.720502662658691406e+01
-9.022553253173828125e+01,2.720524215698242188e+01
-9.022797393798828125e+01,2.720771980285644531e+01
-9.022567749023437500e+01,2.720565605163574219e+01
-9.022785186767578125e+01,2.720626449584960938e+01
-9.022740936279296875e+01,2.720629692077636719e+01
-9.022533416748046875e+01,2.720533943176269531e+01
-9.022440338134765625e+01,2.720471191406250000e+01
-9.022678375244140625e+01,2.720641136169433594e+01
-9.022752380371093750e+01,2.720651817321777344e+01
-9.022856140136718750e+01,2.720714759826660156e+01
-9.022745513916015625e+01,2.720739746093750000e+01
-9.022403717041015625e+01,2.720494461059570312e+01
-9.022637176513671875e+01,2.720634651184082031e+01
-9.022661590576171875e+01,2.720668029785156250e+01
-9.022665405273437500e+01,2.720659065246582031e+01
-9.022621917724609375e+01,2.720511817932128906e+01
-9.022635650634765625e+01,2.720577239990234375e+01
-9.022693634033203125e+01,2.720575523376464844e+01
-9.022800445556640625e+01,2.720643424987792969e+01
-9.022534942626953125e+01,2.720468139648437500e+01
-9.022448730468750000e+01,2.720435523986816406e+01
-9.022558593750000000e+01,2.720603942871093750e+01
-9.022747802734375000e+01,2.720628929138183594e+01
-9.022434234619140625e+01,2.720552062988281250e+01
-9.022483825683593750e+01,2.720408248901367188e+01
-9.022733306884765625e+01,2.720645332336425781e+01
-9.022852325439453125e+01,2.720664215087890625e+01
-9.022840881347656250e+01,2.720643234252929688e+01
-9.022753906250000000e+01,2.720751380920410156e+01
-9.022792816162109375e+01,2.720593261718750000e+01
-9.022671508789062500e+01,2.720514106750488281e+01
-9.022593688964843750e+01,2.720585060119628906e+01
-9.022609710693359375e+01,2.720490837097167969e+01
-9.022498321533203125e+01,2.720597267150878906e+01
-9.022583007812500000e+01,2.720627784729003906e+01
-9.022795104980468750e+01,2.720733261108398438e+01
-9.022567749023437500e+01,2.720522689819335938e+01
-9.022398376464843750e+01,2.720409584045410156e+01
-9.022836303710937500e+01,2.720706176757812500e+01
-9.022521972656250000e+01,2.720592689514160156e+01
-9.022570037841796875e+01,2.720612716674804688e+01
-9.022595977783203125e+01,2.720522499084472656e+01
-9.022590637207031250e+01,2.720595550537109375e+01
-9.022573089599609375e+01,2.720445632934570312e+01
-9.022688293457031250e+01,2.720617103576660156e+01
-9.022772979736328125e+01,2.720656967163085938e+01
-9.022630310058593750e+01,2.720714378356933594e+01
-9.022684478759765625e+01,2.720564270019531250e+01
-9.022447204589843750e+01,2.720538139343261719e+01
-9.022798919677734375e+01,2.720699501037597656e+01
-9.022610473632812500e+01,2.720551490783691406e+01
-9.022573089599609375e+01,2.720458030700683594e+01
-9.022826385498046875e+01,2.720628738403320312e+01
-9.022496795654296875e+01,2.720415687561035156e+01
-9.022628021240234375e+01,2.720707893371582031e+01
-9.022427368164062500e+01,2.720376396179199219e+01
-9.022722625732421875e+01,2.720627403259277344e+01
-9.022746276855468750e+01,2.720719337463378906e+01
-9.022729492187500000e+01,2.720569610595703125e+01
-9.022451782226562500e+01,2.720438385009765625e+01
-9.022452545166015625e+01,2.720491981506347656e+01
-9.022827148437500000e+01,2.720675468444824219e+01
-9.022650909423828125e+01,2.720598030090332031e+01
-9.022763824462890625e+01,2.720580673217773438e+01
-9.022822570800781250e+01,2.720657730102539062e+01
-9.022524261474609375e+01,2.720407676696777344e+01
-9.022421264648437500e+01,2.720364379882812500e+01
-9.022798156738281250e+01,2.720714378356933594e+01
-9.022473144531250000e+01,2.720460128784179688e+01
-9.022731781005859375e+01,2.720535087585449219e+01
-9.022765350341796875e+01,2.720665550231933594e+01
-9.022699737548828125e+01,2.720639801025390625e+01
-9.022443389892578125e+01,2.720497894287109375e+01
-9.022522735595703125e+01,2.720552253723144531e+01
-9.022583007812500000e+01,2.720506668090820312e+01
-9.022589111328125000e+01,2.720547485351562500e+01
-9.022732543945312500e+01,2.720634651184082031e+01
-9.022682952880859375e+01,2.720667457580566406e+01
-9.022534179687500000e+01,2.720537567138671875e+01
-9.022424316406250000e+01,2.720378112792968750e+01
-9.022406768798828125e+01,2.720483589172363281e+01
-9.022636413574218750e+01,2.720506095886230469e+01
-9.022713470458984375e+01,2.720584106445312500e+01
-9.022457885742187500e+01,2.720451736450195312e+01
-9.022372436523437500e+01,2.720471763610839844e+01
-9.022628784179687500e+01,2.720459175109863281e+01
-9.022422027587890625e+01,2.720409965515136719e+01
-9.022555541992187500e+01,2.720596694946289062e+01
-9.022521972656250000e+01,2.720518493652343750e+01
-9.022689819335937500e+01,2.720727539062500000e+01
-9.022748565673828125e+01,2.720678710937500000e+01
-9.022698974609375000e+01,2.720685195922851562e+01
-9.022415161132812500e+01,2.720502853393554688e+01
-9.022776031494140625e+01,2.720685958862304688e+01
-9.022843170166015625e+01,2.720716476440429688e+01
-9.022561645507812500e+01,2.720448112487792969e+01
-9.022678375244140625e+01,2.720477104187011719e+01
-9.022460174560546875e+01,2.720453643798828125e+01
-9.022630310058593750e+01,2.720587921142578125e+01
-9.022872161865234375e+01,2.720681762695312500e+01
-9.022702026367187500e+01,2.720626449584960938e+01
-9.022776794433593750e+01,2.720603752136230469e+01
-9.022632598876953125e+01,2.720628738403320312e+01
-9.022812652587890625e+01,2.720716285705566406e+01
-9.022765350341796875e+01,2.720632362365722656e+01
-9.022634124755859375e+01,2.720670127868652344e+01
-9.022719573974609375e+01,2.720616722106933594e+01
-9.022525024414062500e+01,2.720524978637695312e+01
-9.022593688964843750e+01,2.720585823059082031e+01
-9.022702789306640625e+01,2.720634651184082031e+01
-9.022729492187500000e+01,2.720607185363769531e+01
-9.022728729248046875e+01,2.720737648010253906e+01
-9.022634124755859375e+01,2.720671272277832031e+01
-9.022752380371093750e+01,2.720631217956542969e+01
-9.022477722167968750e+01,2.720531845092773438e+01
-9.022796630859375000e+01,2.720715332031250000e+01
-9.022804260253906250e+01,2.720739746093750000e+01
-9.022546386718750000e+01,2.720598030090332031e+01
-9.022877502441406250e+01,2.720690155029296875e+01
-9.022506713867187500e+01,2.720590019226074219e+01
-9.022409057617187500e+01,2.720540237426757812e+01
-9.022651672363281250e+01,2.720709037780761719e+01
-9.022606658935546875e+01,2.720496749877929688e+01
-9.022621917724609375e+01,2.720675659179687500e+01
-9.022718811035156250e+01,2.720701026916503906e+01
-9.022446441650390625e+01,2.720554542541503906e+01
-9.022692108154296875e+01,2.720651435852050781e+01
-9.022585296630859375e+01,2.720621490478515625e+01
-9.022700500488281250e+01,2.720664405822753906e+01
-9.022601318359375000e+01,2.720594024658203125e+01
-9.022813415527343750e+01,2.720780944824218750e+01
-9.022383880615234375e+01,2.720397377014160156e+01
-9.022709655761718750e+01,2.720586395263671875e+01
-9.022475433349609375e+01,2.720497322082519531e+01
-9.022707366943359375e+01,2.720699310302734375e+01
-9.022528076171875000e+01,2.720568275451660156e+01
-9.022500610351562500e+01,2.720419883728027344e+01
-9.022812652587890625e+01,2.720668601989746094e+01
-9.022748565673828125e+01,2.720745277404785156e+01
-9.022592163085937500e+01,2.720618247985839844e+01
-9.022541046142578125e+01,2.720529365539550781e+01
-9.022465515136718750e+01,2.720477485656738281e+01
-9.022547149658203125e+01,2.720423126220703125e+01
-9.022492980957031250e+01,2.720593833923339844e+01
-9.022824096679687500e+01,2.720659637451171875e+01
-9.022762298583984375e+01,2.720620918273925781e+01
-9.022777557373046875e+01,2.720762825012207031e+01
-9.022589111328125000e+01,2.720689964294433594e+01
-9.022497558593750000e+01,2.720401763916015625e+01
-9.022538757324218750e+01,2.720593261718750000e+01
-9.022788238525390625e+01,2.720615768432617188e+01
-9.022409057617187500e+01,2.720400619506835938e+01
-9.022599029541015625e+01,2.720662689208984375e+01
-9.022872161865234375e+01,2.720739936828613281e+01
-9.022528076171875000e+01,2.720471382141113281e+01
-9.022582244873046875e+01,2.720476341247558594e+01
-9.022626495361328125e+01,2.720710945129394531e+01
-9.022658538818359375e+01,2.720551872253417969e+01
-9.022869873046875000e+01,2.720650863647460938e+01
-9.022635650634765625e+01,2.720720863342285156e+01
-9.022848510742187500e+01,2.720676612854003906e+01
-9.022849273681640625e+01,2.720640373229980469e+01
-9.022571563720703125e+01,2.720597267150878906e+01
-9.022574615478515625e+01,2.720624732971191406e+01
-9.022575378417968750e+01,2.720588874816894531e+01
-9.022782897949218750e+01,2.720622444152832031e+01
-9.022721099853515625e+01,2.720736312866210938e+01
-9.022499084472656250e+01,2.720524597167968750e+01
-9.022393035888671875e+01,2.720423316955566406e+01
-9.022830963134765625e+01,2.720632934570312500e+01
-9.022724151611328125e+01,2.720646286010742188e+01
-9.022601318359375000e+01,2.720597076416015625e+01
-9.022559356689453125e+01,2.720456504821777344e+01
-9.022657775878906250e+01,2.720693588256835938e+01
-9.022434234619140625e+01,2.720450592041015625e+01
-9.022533416748046875e+01,2.720537185668945312e+01
-9.022720336914062500e+01,2.720740509033203125e+01
-9.022803497314453125e+01,2.720710563659667969e+01
-9.022705078125000000e+01,2.720668601989746094e+01
-9.022718048095703125e+01,2.720706939697265625e+01
-9.022817230224609375e+01,2.720643997192382812e+01
-9.022742462158203125e+01,2.720681571960449219e+01
-9.022586059570312500e+01,2.720593452453613281e+01
-9.022383117675781250e+01,2.720488739013671875e+01
-9.022606658935546875e+01,2.720495414733886719e+01
-9.022465515136718750e+01,2.720435714721679688e+01
-9.022410583496093750e+01,2.720549011230468750e+01
-9.022850799560546875e+01,2.720719528198242188e+01
-9.022416687011718750e+01,2.720419883728027344e+01
-9.022410583496093750e+01,2.720443344116210938e+01
-9.022433471679687500e+01,2.720480728149414062e+01
-9.022425842285156250e+01,2.720357131958007812e+01
-9.022789001464843750e+01,2.720757865905761719e+01
-9.022606658935546875e+01,2.720451927185058594e+01
-9.022775268554687500e+01,2.720682144165039062e+01
-9.022488403320312500e+01,2.720555305480957031e+01
-9.022499084472656250e+01,2.720457267761230469e+01
-9.022511291503906250e+01,2.720522689819335938e+01
-9.022695922851562500e+01,2.720660781860351562e+01
-9.022725677490234375e+01,2.720588493347167969e+01
-9.022828674316406250e+01,2.720778465270996094e+01
-9.022676849365234375e+01,2.720625877380371094e+01
-9.022387695312500000e+01,2.720426750183105469e+01
-9.022492980957031250e+01,2.720506477355957031e+01
-9.022743225097656250e+01,2.720592880249023438e+01
-9.022772216796875000e+01,2.720678138732910156e+01
-9.022531890869140625e+01,2.720570755004882812e+01
-9.022537231445312500e+01,2.720437812805175781e+01
-9.022367095947265625e+01,2.720462036132812500e+01
-9.022456359863281250e+01,2.720463180541992188e+01
-9.022573089599609375e+01,2.720527839660644531e+01
-9.022540283203125000e+01,2.720640754699707031e+01
-9.022817230224609375e+01,2.720772361755371094e+01
-9.022629547119140625e+01,2.720673942565917969e+01
-9.022798156738281250e+01,2.720659828186035156e+01
-9.022424316406250000e+01,2.720399856567382812e+01
-9.022586822509765625e+01,2.720497894287109375e+01
-9.022827911376953125e+01,2.720682716369628906e+01
-9.022760009765625000e+01,2.720612907409667969e+01
-9.022515869140625000e+01,2.720427131652832031e+01
-9.022688293457031250e+01,2.720673370361328125e+01
-9.022594451904296875e+01,2.720509147644042969e+01
-9.022644042968750000e+01,2.720464706420898438e+01
-9.022686004638671875e+01,2.720600891113281250e+01
-9.022588348388671875e+01,2.720464706420898438e+01
-9.022487640380859375e+01,2.720413398742675781e+01
-9.022588348388671875e+01,2.720684814453125000e+01
-9.022560882568359375e+01,2.720675849914550781e+01
-9.022451782226562500e+01,2.720435714721679688e+01
-9.022750854492187500e+01,2.720676040649414062e+01
-9.022609710693359375e+01,2.720456695556640625e+01
-9.022473907470703125e+01,2.720541954040527344e+01
-9.022442626953125000e+01,2.720444297790527344e+01
-9.022674560546875000e+01,2.720599365234375000e+01
-9.022435760498046875e+01,2.720452117919921875e+01
-9.022633361816406250e+01,2.720521354675292969e+01
-9.022713470458984375e+01,2.720647811889648438e+01
-9.022628021240234375e+01,2.720516967773437500e+01
-9.022621917724609375e+01,2.720514869689941406e+01
-9.022619628906250000e+01,2.720540428161621094e+01
-9.022593688964843750e+01,2.720556640625000000e+01
-9.022753143310546875e+01,2.720744895935058594e+01
-9.022839355468750000e+01,2.720766639709472656e+01
-9.022460174560546875e+01,2.720391464233398438e+01
-9.022660827636718750e+01,2.720529747009277344e+01
-9.022549438476562500e+01,2.720433044433593750e+01
-9.022500610351562500e+01,2.720598602294921875e+01
-9.022605895996093750e+01,2.720559120178222656e+01
-9.022453308105468750e+01,2.720460319519042969e+01
-9.022650146484375000e+01,2.720528793334960938e+01
-9.022618103027343750e+01,2.720464324951171875e+01
-9.022622680664062500e+01,2.720466613769531250e+01
-9.022588348388671875e+01,2.720651817321777344e+01
-9.022755432128906250e+01,2.720554542541503906e+01
-9.022451782226562500e+01,2.720459365844726562e+01
-9.022807312011718750e+01,2.720645904541015625e+01
-9.022473907470703125e+01,2.720498657226562500e+01
-9.022647857666015625e+01,2.720512199401855469e+01
-9.022437286376953125e+01,2.720478820800781250e+01
-9.022412109375000000e+01,2.720498466491699219e+01
-9.022718811035156250e+01,2.720693397521972656e+01
-9.022483825683593750e+01,2.720436668395996094e+01
-9.022621154785156250e+01,2.720460510253906250e+01
-9.022577667236328125e+01,2.720569992065429688e+01
-9.022694396972656250e+01,2.720699501037597656e+01
-9.022521972656250000e+01,2.720453071594238281e+01
-9.022741699218750000e+01,2.720730590820312500e+01
-9.022781372070312500e+01,2.720716476440429688e+01
-9.022518157958984375e+01,2.720495033264160156e+01
-9.022492980957031250e+01,2.720529174804687500e+01
-9.022441101074218750e+01,2.720501136779785156e+01
-9.022473907470703125e+01,2.720558357238769531e+01
-9.022873687744140625e+01,2.720666503906250000e+01
-9.022604370117187500e+01,2.720615959167480469e+01
-9.022828674316406250e+01,2.720644187927246094e+01
-9.022683715820312500e+01,2.720671463012695312e+01
-9.022573089599609375e+01,2.720670127868652344e+01
-9.022669219970703125e+01,2.720642471313476562e+01
-9.022384643554687500e+01,2.720481681823730469e+01
-9.022516632080078125e+01,2.720568275451660156e+01
-9.022676086425781250e+01,2.720542907714843750e+01
-9.022570037841796875e+01,2.720473098754882812e+01
-9.022819519042968750e+01,2.720699691772460938e+01
-9.022857666015625000e+01,2.720652198791503906e+01
-9.022615814208984375e+01,2.720677757263183594e+01
-9.022741699218750000e+01,2.720552635192871094e+01
-9.022809600830078125e+01,2.720631217956542969e+01
-9.022396087646484375e+01,2.720497512817382812e+01
-9.022781372070312500e+01,2.720738601684570312e+01
-9.022494506835937500e+01,2.720586395263671875e+01
-9.022707366943359375e+01,2.720676612854003906e+01
-9.022724914550781250e+01,2.720666885375976562e+01
-9.022656250000000000e+01,2.720480728149414062e+01
-9.022541809082031250e+01,2.720656585693359375e+01
-9.022626495361328125e+01,2.720505714416503906e+01
-9.022623443603515625e+01,2.720600509643554688e+01
-9.022702789306640625e+01,2.720652389526367188e+01
-9.022394561767578125e+01,2.720479202270507812e+01
-9.022608184814453125e+01,2.720507431030273438e+01
-9.022745513916015625e+01,2.720562744140625000e+01
-9.022637939453125000e+01,2.720699501037597656e+01
-9.022639465332031250e+01,2.720538520812988281e+01
-9.022772979736328125e+01,2.720611763000488281e+01
-9.022676086425781250e+01,2.720611381530761719e+01
-9.022654724121093750e+01,2.720506286621093750e+01
-9.022694396972656250e+01,2.720561599731445312e+01
-9.022438812255859375e+01,2.720499038696289062e+01
-9.022723388671875000e+01,2.720743179321289062e+01
-9.022688293457031250e+01,2.720599937438964844e+01
-9.022545623779296875e+01,2.720585632324218750e+01
-9.022658538818359375e+01,2.720477104187011719e+01
-9.022574615478515625e+01,2.720673179626464844e+01
-9.022836303710937500e+01,2.720700263977050781e+01
-9.022590637207031250e+01,2.720493125915527344e+01
-9.022536468505859375e+01,2.720452117919921875e+01
-9.022556304931640625e+01,2.720525360107421875e+01
-9.022434997558593750e+01,2.720471954345703125e+01
-9.022650146484375000e+01,2.720623588562011719e+01
-9.022388458251953125e+01,2.720452880859375000e+01
-9.022695159912109375e+01,2.720542144775390625e+01
-9.022608184814453125e+01,2.720457267761230469e+01
-9.022388458251953125e+01,2.720426750183105469e+01
-9.022682189941406250e+01,2.720706748962402344e+01
-9.022798156738281250e+01,2.720648765563964844e+01
-9.022868347167968750e+01,2.720672607421875000e+01
-9.022447967529296875e+01,2.720407867431640625e+01
-9.022390747070312500e+01,2.720426177978515625e+01
-9.022833251953125000e+01,2.720729446411132812e+01
-9.022434234619140625e+01,2.720363044738769531e+01
-9.022797393798828125e+01,2.720708274841308594e+01
-9.022584533691406250e+01,2.720572280883789062e+01
-9.022467803955078125e+01,2.720503425598144531e+01
-9.022484588623046875e+01,2.720545959472656250e+01
-9.022422790527343750e+01,2.720453643798828125e+01
-9.022579193115234375e+01,2.720618629455566406e+01
-9.022526550292968750e+01,2.720516967773437500e+01
-9.022708892822265625e+01,2.720618247985839844e+01
-9.022457885742187500e+01,2.720507240295410156e+01
-9.022497558593750000e+01,2.720508956909179688e+01
-9.022480010986328125e+01,2.720446968078613281e+01
-9.022644042968750000e+01,2.720495605468750000e+01
-9.022862243652343750e+01,2.720645141601562500e+01
-9.022820281982421875e+01,2.720632934570312500e+01
-9.022671508789062500e+01,2.720686340332031250e+01
-9.022603607177734375e+01,2.720636177062988281e+01
-9.022522735595703125e+01,2.720570564270019531e+01
-9.022567749023437500e+01,2.720644187927246094e+01
-9.022860717773437500e+01,2.720656776428222656e+01
-9.022493743896484375e+01,2.720553970336914062e+01
-9.022877502441406250e+01,2.720666313171386719e+01
-9.022546386718750000e+01,2.720636558532714844e+01
-9.022521972656250000e+01,2.720602035522460938e+01
-9.022550201416015625e+01,2.720451354980468750e+01
-9.022758483886718750e+01,2.720752334594726562e+01
-9.022463989257812500e+01,2.720501518249511719e+01
-9.022660064697265625e+01,2.720506286621093750e+01
-9.022414398193359375e+01,2.720524406433105469e+01
-9.022437286376953125e+01,2.720424270629882812e+01
-9.022559356689453125e+01,2.720662307739257812e+01
-9.022748565673828125e+01,2.720662879943847656e+01
-9.022472381591796875e+01,2.720503044128417969e+01
-9.022769927978515625e+01,2.720580291748046875e+01
-9.022417449951171875e+01,2.720530891418457031e+01
-9.022587585449218750e+01,2.720566558837890625e+01
-9.022689056396484375e+01,2.720500755310058594e+01
-9.022464752197265625e+01,2.720511245727539062e+01
-9.022607421875000000e+01,2.720450973510742188e+01
-9.022438049316406250e+01,2.720548820495605469e+01
-9.022507476806640625e+01,2.720505714416503906e+01
-9.022488403320312500e+01,2.720475387573242188e+01
-9.022411346435546875e+01,2.720367622375488281e+01
-9.022445678710937500e+01,2.720502281188964844e+01
-9.022528076171875000e+01,2.720525169372558594e+01
-9.022837829589843750e+01,2.720620727539062500e+01
-9.022662353515625000e+01,2.720677947998046875e+01
-9.022492980957031250e+01,2.720451354980468750e+01
-9.022623443603515625e+01,2.720588493347167969e+01
-9.022791290283203125e+01,2.720612907409667969e+01
-9.022676849365234375e+01,2.720670318603515625e+01
-9.022666931152343750e+01,2.720708084106445312e+01
-9.022624969482421875e+01,2.720627784729003906e+01
-9.022770690917968750e+01,2.720705986022949219e+01
-9.022605895996093750e+01,2.720694541931152344e+01
-9.022456359863281250e+01,2.720537948608398438e+01
-9.022426605224609375e+01,2.720380020141601562e+01
-9.022669219970703125e+01,2.720597457885742188e+01
-9.022473144531250000e+01,2.720532989501953125e+01
-9.022462463378906250e+01,2.720520210266113281e+01
-9.022473144531250000e+01,2.720443725585937500e+01
-9.022784423828125000e+01,2.720625495910644531e+01
-9.022846984863281250e+01,2.720700836181640625e+01
-9.022568511962890625e+01,2.720475006103515625e+01
-9.022457122802734375e+01,2.720426559448242188e+01
-9.022738647460937500e+01,2.720546340942382812e+01
-9.022484588623046875e+01,2.720418167114257812e+01
-9.022678375244140625e+01,2.720560455322265625e+01
-9.022420501708984375e+01,2.720462608337402344e+01
-9.022656250000000000e+01,2.720665931701660156e+01
-9.022644042968750000e+01,2.720541763305664062e+01
-9.022567749023437500e+01,2.720574188232421875e+01
-9.022799682617187500e+01,2.720743942260742188e+01
-9.022498321533203125e+01,2.720569610595703125e+01
-9.022635650634765625e+01,2.720545768737792969e+01
-9.022675323486328125e+01,2.720530128479003906e+01
-9.022765350341796875e+01,2.720765876770019531e+01
-9.022605133056640625e+01,2.720455741882324219e+01
-9.022744750976562500e+01,2.720687103271484375e+01
-9.022715759277343750e+01,2.720717430114746094e+01
-9.022536468505859375e+01,2.720463562011718750e+01
-9.022808074951171875e+01,2.720700645446777344e+01
-9.022409820556640625e+01,2.720395278930664062e+01
-9.022799682617187500e+01,2.720606422424316406e+01
-9.022626495361328125e+01,2.720605468750000000e+01
-9.022827148437500000e+01,2.720685577392578125e+01
-9.022788238525390625e+01,2.720745849609375000e+01
-9.022386169433593750e+01,2.720476341247558594e+01
-9.022697448730468750e+01,2.720598793029785156e+01
-9.022766113281250000e+01,2.720579528808593750e+01
-9.022701263427734375e+01,2.720689010620117188e+01
-9.022707366943359375e+01,2.720683670043945312e+01
-9.022628021240234375e+01,2.720487785339355469e+01
-9.022447967529296875e+01,2.720506286621093750e+01
-9.022451019287109375e+01,2.720471191406250000e+01
-9.022840881347656250e+01,2.720765113830566406e+01
-9.022701263427734375e+01,2.720586585998535156e+01
-9.022440338134765625e+01,2.720352745056152344e+01
-9.022555541992187500e+01,2.720465850830078125e+01
-9.022757720947265625e+01,2.720670700073242188e+01
-9.022810363769531250e+01,2.720645713806152344e+01
-9.022610473632812500e+01,2.720563125610351562e+01
-9.022483825683593750e+01,2.720446777343750000e+01
-9.022516632080078125e+01,2.720446586608886719e+01
-9.022531890869140625e+01,2.720625114440917969e+01
-9.022762298583984375e+01,2.720585060119628906e+01
-9.022860717773437500e+01,2.720705413818359375e+01
-9.022455596923828125e+01,2.720506477355957031e+01
-9.022541809082031250e+01,2.720557403564453125e+01
-9.022626495361328125e+01,2.720516395568847656e+01
-9.022543334960937500e+01,2.720494842529296875e+01
-9.022447967529296875e+01,2.720472526550292969e+01
-9.022422790527343750e+01,2.720470428466796875e+01
-9.022806549072265625e+01,2.720626449584960938e+01
-9.022397613525390625e+01,2.720410919189453125e+01
-9.022692108154296875e+01,2.720663833618164062e+01
-9.022688293457031250e+01,2.720643043518066406e+01
-9.022599029541015625e+01,2.720603752136230469e+01
-9.022494506835937500e+01,2.720564460754394531e+01
-9.022644805908203125e+01,2.720461463928222656e+01
-9.022630310058593750e+01,2.720620536804199219e+01
-9.022731781005859375e+01,2.720677566528320312e+01
-9.022864532470703125e+01,2.720712471008300781e+01
-9.022509002685546875e+01,2.720410156250000000e+01
-9.022521972656250000e+01,2.720611190795898438e+01
-9.022571563720703125e+01,2.720507240295410156e+01
-9.022428894042968750e+01,2.720434951782226562e+01
-9.022718048095703125e+01,2.720555114746093750e+01
-9.022787475585937500e+01,2.720737648010253906e+01
-9.022787475585937500e+01,2.720775604248046875e+01
-9.022857666015625000e+01,2.720671463012695312e+01
-9.022402191162109375e+01,2.720477104187011719e+01
-9.022785186767578125e+01,2.720639991760253906e+01
-9.022672271728515625e+01,2.720534706115722656e+01
-9.022550201416015625e+01,2.720603942871093750e+01
-9.022712707519531250e+01,2.720618820190429688e+01
-9.022425079345703125e+01,2.720432281494140625e+01
-9.022724151611328125e+01,2.720707130432128906e+01
-9.022397613525390625e+01,2.720449829101562500e+01
-9.022716522216796875e+01,2.720716094970703125e+01
-9.022640228271484375e+01,2.720659255981445312e+01
-9.022694396972656250e+01,2.720707130432128906e+01
-9.022607421875000000e+01,2.720671272277832031e+01
-9.022678375244140625e+01,2.720695686340332031e+01
-9.022413635253906250e+01,2.720406723022460938e+01
-9.022682189941406250e+01,2.720511817932128906e+01
-9.022539520263671875e+01,2.720580863952636719e+01
-9.022775268554687500e+01,2.720679283142089844e+01
-9.022747039794921875e+01,2.720639991760253906e+01
-9.022460174560546875e+01,2.720424270629882812e+01
-9.022786712646484375e+01,2.720641517639160156e+01
-9.022408294677734375e+01,2.720524406433105469e+01
-9.022785186767578125e+01,2.720695686340332031e+01
-9.022682189941406250e+01,2.720507240295410156e+01
-9.022476196289062500e+01,2.720587730407714844e+01
-9.022801971435546875e+01,2.720653533935546875e+01
-9.022437286376953125e+01,2.720530509948730469e+01
-9.022760772705078125e+01,2.720676040649414062e+01
-9.022462463378906250e+01,2.720441436767578125e+01
-9.022766113281250000e+01,2.720625114440917969e+01
-9.022787475585937500e+01,2.720629119873046875e+01
-9.022728729248046875e+01,2.720559120178222656e+01
-9.022479248046875000e+01,2.720524406433105469e+01
-9.022673034667968750e+01,2.720509529113769531e+01
-9.022718811035156250e+01,2.720723533630371094e+01
-9.022376251220703125e+01,2.720432472229003906e+01
-9.022789764404296875e+01,2.720610237121582031e+01
-9.022820281982421875e+01,2.720673942565917969e+01
-9.022564697265625000e+01,2.720495796203613281e+01
-9.022517395019531250e+01,2.720528984069824219e+01
-9.022510528564453125e+01,2.720405769348144531e+01
-9.022614288330078125e+01,2.720532417297363281e+01
-9.022498321533203125e+01,2.720592689514160156e+01
-9.022581481933593750e+01,2.720650100708007812e+01
-9.022754669189453125e+01,2.720586585998535156e+01
-9.022638702392578125e+01,2.720664405822753906e+01
-9.022661590576171875e+01,2.720480918884277344e+01
-9.022549438476562500e+01,2.720570945739746094e+01
-9.022733306884765625e+01,2.720710372924804688e+01
-9.022607421875000000e+01,2.720598220825195312e+01
-9.022646331787109375e+01,2.720689582824707031e+01
-9.022825622558593750e+01,2.720630836486816406e+01
-9.022546386718750000e+01,2.720447731018066406e+01
-9.022809600830078125e+01,2.720687866210937500e+01
-9.022692108154296875e+01,2.720564270019531250e+01
-9.022872161865234375e+01,2.720723342895507812e+01
-9.022517395019531250e+01,2.720454406738281250e+01
-9.022859954833984375e+01,2.720658111572265625e+01
-9.022648620605468750e+01,2.720652008056640625e+01
-9.022877502441406250e+01,2.720708656311035156e+01
-9.022705841064453125e+01,2.720675277709960938e+01
-9.022579956054687500e+01,2.720589828491210938e+01
-9.022682189941406250e+01,2.720704269409179688e+01
-9.022789001464843750e+01,2.720721626281738281e+01
-9.022772216796875000e+01,2.720593261718750000e+01
-9.022659301757812500e+01,2.720560455322265625e+01
-9.022567749023437500e+01,2.720457839965820312e+01
-9.022611236572265625e+01,2.720552253723144531e+01
-9.022858428955078125e+01,2.720656013488769531e+01
-9.022412872314453125e+01,2.720474433898925781e+01
-9.022692871093750000e+01,2.720535469055175781e+01
-9.022566986083984375e+01,2.720540809631347656e+01
-9.022606658935546875e+01,2.720650672912597656e+01
-9.022677612304687500e+01,2.720685768127441406e+01
-9.022862243652343750e+01,2.720674705505371094e+01
-9.022659301757812500e+01,2.720618820190429688e+01
-9.022418212890625000e+01,2.720500755310058594e+01
-9.022634124755859375e+01,2.720636749267578125e+01
-9.022615814208984375e+01,2.720535659790039062e+01
-9.022516632080078125e+01,2.720593643188476562e+01
-9.022519683837890625e+01,2.720445823669433594e+01
