longitude,latitude
-9.031808471679687500e+01,2.672850799560546875e+01
-9.031771087646484375e+01,2.672828674316406250e+01
-9.031838226318359375e+01,2.672903633117675781e+01
-9.031827545166015625e+01,2.672886276245117188e+01
-9.031773376464843750e+01,2.672791099548339844e+01
-9.031807708740234375e+01,2.672877883911132812e+01
-9.031800079345703125e+01,2.672844123840332031e+01
-9.031778717041015625e+01,2.672863769531250000e+01
-9.031809234619140625e+01,2.672884750366210938e+01
-9.031804656982421875e+01,2.672882843017578125e+01
-9.031730651855468750e+01,2.672801589965820312e+01
-9.031844329833984375e+01,2.672932624816894531e+01
-9.031789398193359375e+01,2.672816848754882812e+01
-9.031814575195312500e+01,2.672867012023925781e+01
-9.031770324707031250e+01,2.672848701477050781e+01
-9.031808471679687500e+01,2.672867012023925781e+01
-9.031825256347656250e+01,2.672914314270019531e+01
-9.031822204589843750e+01,2.672882843017578125e+01
-9.031756591796875000e+01,2.672844696044921875e+01
-9.031825256347656250e+01,2.672911643981933594e+01
-9.031794738769531250e+01,2.672819709777832031e+01
-9.031809997558593750e+01,2.672850418090820312e+01
-9.031816864013671875e+01,2.672856903076171875e+01
-9.031782531738281250e+01,2.672850990295410156e+01
-9.031806182861328125e+01,2.672858238220214844e+01
-9.031779479980468750e+01,2.672853851318359375e+01
-9.031788635253906250e+01,2.672851943969726562e+01
-9.031772613525390625e+01,2.672874069213867188e+01
-9.031774902343750000e+01,2.672808456420898438e+01
-9.031810760498046875e+01,2.672862052917480469e+01
-9.031835937500000000e+01,2.672900772094726562e+01
-9.031752014160156250e+01,2.672826766967773438e+01
-9.031769561767578125e+01,2.672790527343750000e+01
-9.031806945800781250e+01,2.672841072082519531e+01
-9.031760406494140625e+01,2.672824287414550781e+01
-9.031800842285156250e+01,2.672829627990722656e+01
-9.031742095947265625e+01,2.672798728942871094e+01
-9.031823730468750000e+01,2.672899246215820312e+01
-9.031819915771484375e+01,2.672923660278320312e+01
-9.031766510009765625e+01,2.672847366333007812e+01
-9.031800842285156250e+01,2.672828865051269531e+01
-9.031785583496093750e+01,2.672840499877929688e+01
-9.031782531738281250e+01,2.672884178161621094e+01
-9.031797027587890625e+01,2.672871017456054688e+01
-9.031806945800781250e+01,2.672846031188964844e+01
-9.031829071044921875e+01,2.672889518737792969e+01
-9.031838989257812500e+01,2.672924613952636719e+01
-9.031802368164062500e+01,2.672825241088867188e+01
-9.031814575195312500e+01,2.672877693176269531e+01
-9.031780242919921875e+01,2.672896766662597656e+01
-9.031742095947265625e+01,2.672815132141113281e+01
-9.031797790527343750e+01,2.672864723205566406e+01
-9.031775665283203125e+01,2.672861862182617188e+01
-9.031765747070312500e+01,2.672811698913574219e+01
-9.031766510009765625e+01,2.672793388366699219e+01
-9.031797027587890625e+01,2.672840881347656250e+01
-9.031774902343750000e+01,2.672814941406250000e+01
-9.031793212890625000e+01,2.672851181030273438e+01
-9.031751251220703125e+01,2.672815132141113281e+01
-9.031809997558593750e+01,2.672885704040527344e+01
-9.031783294677734375e+01,2.672842979431152344e+01
-9.031787872314453125e+01,2.672865676879882812e+01
-9.031774139404296875e+01,2.672837448120117188e+01
-9.031803131103515625e+01,2.672854614257812500e+01
-9.031790924072265625e+01,2.672880744934082031e+01
-9.031803894042968750e+01,2.672827529907226562e+01
-9.031806945800781250e+01,2.672835922241210938e+01
-9.031777191162109375e+01,2.672780418395996094e+01
-9.031753540039062500e+01,2.672797584533691406e+01
-9.031803894042968750e+01,2.672829055786132812e+01
-9.031792449951171875e+01,2.672828674316406250e+01
-9.031790161132812500e+01,2.672805213928222656e+01
-9.031759643554687500e+01,2.672852706909179688e+01
-9.031796264648437500e+01,2.672847938537597656e+01
-9.031804656982421875e+01,2.672877120971679688e+01
-9.031823730468750000e+01,2.672901153564453125e+01
-9.031838989257812500e+01,2.672901916503906250e+01
-9.031824493408203125e+01,2.672873306274414062e+01
-9.031794738769531250e+01,2.672825050354003906e+01
-9.031814575195312500e+01,2.672885131835937500e+01
-9.031799316406250000e+01,2.672836875915527344e+01
-9.031800079345703125e+01,2.672898483276367188e+01
-9.031755065917968750e+01,2.672828674316406250e+01
-9.031803894042968750e+01,2.672889137268066406e+01
-9.031760406494140625e+01,2.672808265686035156e+01
-9.031763458251953125e+01,2.672840499877929688e+01
-9.031820678710937500e+01,2.672876930236816406e+01
-9.031767272949218750e+01,2.672835350036621094e+01
-9.031792449951171875e+01,2.672832679748535156e+01
-9.031809234619140625e+01,2.672866821289062500e+01
-9.031835174560546875e+01,2.672928047180175781e+01
-9.031781768798828125e+01,2.672825431823730469e+01
-9.031811523437500000e+01,2.672881317138671875e+01
-9.031744384765625000e+01,2.672775459289550781e+01
-9.031752014160156250e+01,2.672790527343750000e+01
-9.031806945800781250e+01,2.672877693176269531e+01
-9.031780242919921875e+01,2.672876739501953125e+01
-9.031836700439453125e+01,2.672931289672851562e+01
-9.031784057617187500e+01,2.672813034057617188e+01
-9.031780242919921875e+01,2.672817420959472656e+01
-9.031826019287109375e+01,2.672920608520507812e+01
-9.031747436523437500e+01,2.672777748107910156e+01
-9.031830596923828125e+01,2.672877693176269531e+01
-9.031779479980468750e+01,2.672848510742187500e+01
-9.031762695312500000e+01,2.672838592529296875e+01
-9.031777954101562500e+01,2.672842788696289062e+01
-9.031755065917968750e+01,2.672852134704589844e+01
-9.031829071044921875e+01,2.672874832153320312e+01
-9.031769561767578125e+01,2.672803688049316406e+01
-9.031737518310546875e+01,2.672800064086914062e+01
-9.031793212890625000e+01,2.672836685180664062e+01
-9.031791687011718750e+01,2.672867012023925781e+01
-9.031774139404296875e+01,2.672801780700683594e+01
-9.031786346435546875e+01,2.672806739807128906e+01
-9.031745910644531250e+01,2.672800445556640625e+01
-9.031808471679687500e+01,2.672892951965332031e+01
-9.031768035888671875e+01,2.672862434387207031e+01
-9.031785583496093750e+01,2.672869682312011719e+01
-9.031775665283203125e+01,2.672798347473144531e+01
-9.031812286376953125e+01,2.672842788696289062e+01
-9.031779479980468750e+01,2.672851753234863281e+01
-9.031775665283203125e+01,2.672812652587890625e+01
-9.031786346435546875e+01,2.672805786132812500e+01
-9.031821441650390625e+01,2.672905921936035156e+01
-9.031754302978515625e+01,2.672794532775878906e+01
-9.031781768798828125e+01,2.672786331176757812e+01
-9.031780242919921875e+01,2.672889137268066406e+01
-9.031838989257812500e+01,2.672897911071777344e+01
-9.031770324707031250e+01,2.672857666015625000e+01
-9.031788635253906250e+01,2.672883987426757812e+01
-9.031750488281250000e+01,2.672779273986816406e+01
-9.031806182861328125e+01,2.672846603393554688e+01
-9.031819915771484375e+01,2.672866249084472656e+01
-9.031758117675781250e+01,2.672853851318359375e+01
-9.031805419921875000e+01,2.672827529907226562e+01
-9.031822204589843750e+01,2.672870063781738281e+01
-9.031778717041015625e+01,2.672865486145019531e+01
-9.031771850585937500e+01,2.672792243957519531e+01
-9.031793212890625000e+01,2.672833251953125000e+01
-9.031790924072265625e+01,2.672860717773437500e+01
-9.031828308105468750e+01,2.672911262512207031e+01
-9.031781768798828125e+01,2.672804450988769531e+01
-9.031763458251953125e+01,2.672801780700683594e+01
-9.031825256347656250e+01,2.672901725769042969e+01
-9.031809997558593750e+01,2.672876358032226562e+01
-9.031818389892578125e+01,2.672923469543457031e+01
-9.031768035888671875e+01,2.672785377502441406e+01
-9.031844329833984375e+01,2.672906112670898438e+01
-9.031780242919921875e+01,2.672787284851074219e+01
-9.031816864013671875e+01,2.672879409790039062e+01
-9.031787109375000000e+01,2.672811698913574219e+01
-9.031815338134765625e+01,2.672899627685546875e+01
-9.031758880615234375e+01,2.672847175598144531e+01
-9.031828308105468750e+01,2.672897148132324219e+01
-9.031790924072265625e+01,2.672801208496093750e+01
-9.031809234619140625e+01,2.672903060913085938e+01
-9.031764984130859375e+01,2.672845649719238281e+01
-9.031761932373046875e+01,2.672782897949218750e+01
-9.031797790527343750e+01,2.672891807556152344e+01
-9.031816864013671875e+01,2.672916030883789062e+01
-9.031806182861328125e+01,2.672852897644042969e+01
-9.031807708740234375e+01,2.672854804992675781e+01
-9.031797790527343750e+01,2.672830963134765625e+01
-9.031827545166015625e+01,2.672879028320312500e+01
-9.031805419921875000e+01,2.672889137268066406e+01
-9.031820678710937500e+01,2.672918701171875000e+01
-9.031796264648437500e+01,2.672821617126464844e+01
-9.031786346435546875e+01,2.672795295715332031e+01
-9.031780242919921875e+01,2.672869682312011719e+01
-9.031757354736328125e+01,2.672822761535644531e+01
-9.031805419921875000e+01,2.672853660583496094e+01
-9.031774902343750000e+01,2.672872924804687500e+01
-9.031774902343750000e+01,2.672868156433105469e+01
-9.031740570068359375e+01,2.672807121276855469e+01
-9.031753540039062500e+01,2.672807502746582031e+01
-9.031799316406250000e+01,2.672818374633789062e+01
-9.031814575195312500e+01,2.672913932800292969e+01
-9.031767272949218750e+01,2.672787857055664062e+01
-9.031732940673828125e+01,2.672804832458496094e+01
-9.031800079345703125e+01,2.672836303710937500e+01
-9.031733703613281250e+01,2.672797584533691406e+01
-9.031768798828125000e+01,2.672808074951171875e+01
-9.031790161132812500e+01,2.672848701477050781e+01
-9.031793212890625000e+01,2.672893333435058594e+01
-9.031819915771484375e+01,2.672918319702148438e+01
-9.031803894042968750e+01,2.672837257385253906e+01
-9.031784057617187500e+01,2.672829055786132812e+01
-9.031817626953125000e+01,2.672883605957031250e+01
-9.031842041015625000e+01,2.672897911071777344e+01
-9.031777954101562500e+01,2.672793579101562500e+01
-9.031816101074218750e+01,2.672848892211914062e+01
-9.031808471679687500e+01,2.672892951965332031e+01
-9.031811523437500000e+01,2.672857284545898438e+01
-9.031837463378906250e+01,2.672901153564453125e+01
-9.031768035888671875e+01,2.672873687744140625e+01
-9.031801605224609375e+01,2.672820663452148438e+01
-9.031836700439453125e+01,2.672899436950683594e+01
-9.031784057617187500e+01,2.672856330871582031e+01
-9.031784057617187500e+01,2.672804260253906250e+01
-9.031832885742187500e+01,2.672918510437011719e+01
-9.031823730468750000e+01,2.672927856445312500e+01
-9.031782531738281250e+01,2.672849655151367188e+01
-9.031749725341796875e+01,2.672838592529296875e+01
-9.031771850585937500e+01,2.672835350036621094e+01
-9.031817626953125000e+01,2.672862243652343750e+01
-9.031782531738281250e+01,2.672791481018066406e+01
-9.031749725341796875e+01,2.672787475585937500e+01
-9.031801605224609375e+01,2.672843742370605469e+01
-9.031830596923828125e+01,2.672920608520507812e+01
-9.031760406494140625e+01,2.672786521911621094e+01
-9.031790924072265625e+01,2.672884559631347656e+01
-9.031758880615234375e+01,2.672803497314453125e+01
-9.031832122802734375e+01,2.672899818420410156e+01
-9.031794738769531250e+01,2.672817611694335938e+01
-9.031768798828125000e+01,2.672819137573242188e+01
-9.031825256347656250e+01,2.672915840148925781e+01
-9.031739044189453125e+01,2.672810935974121094e+01
-9.031798553466796875e+01,2.672870635986328125e+01
-9.031793212890625000e+01,2.672854042053222656e+01
-9.031748962402343750e+01,2.672838020324707031e+01
-9.031789398193359375e+01,2.672897529602050781e+01
-9.031822204589843750e+01,2.672887420654296875e+01
-9.031816101074218750e+01,2.672878265380859375e+01
-9.031777191162109375e+01,2.672831344604492188e+01
-9.031787872314453125e+01,2.672835731506347656e+01
-9.031797790527343750e+01,2.672861099243164062e+01
-9.031787872314453125e+01,2.672828102111816406e+01
-9.031744384765625000e+01,2.672823524475097656e+01
-9.031777954101562500e+01,2.672855949401855469e+01
-9.031771850585937500e+01,2.672823143005371094e+01
-9.031762695312500000e+01,2.672844696044921875e+01
-9.031784820556640625e+01,2.672834014892578125e+01
-9.031809997558593750e+01,2.672854042053222656e+01
-9.031754302978515625e+01,2.672795295715332031e+01
-9.031771850585937500e+01,2.672781753540039062e+01
-9.031791687011718750e+01,2.672849655151367188e+01
-9.031813812255859375e+01,2.672890090942382812e+01
-9.031831359863281250e+01,2.672909927368164062e+01
-9.031750488281250000e+01,2.672782135009765625e+01
-9.031766510009765625e+01,2.672818183898925781e+01
-9.031755828857421875e+01,2.672830581665039062e+01
-9.031809234619140625e+01,2.672860336303710938e+01
-9.031754302978515625e+01,2.672803115844726562e+01
-9.031758880615234375e+01,2.672821235656738281e+01
-9.031790161132812500e+01,2.672800445556640625e+01
-9.031756591796875000e+01,2.672852516174316406e+01
-9.031775665283203125e+01,2.672818374633789062e+01
-9.031794738769531250e+01,2.672829246520996094e+01
-9.031809997558593750e+01,2.672878456115722656e+01
-9.031761932373046875e+01,2.672847938537597656e+01
-9.031817626953125000e+01,2.672905349731445312e+01
-9.031749725341796875e+01,2.672828674316406250e+01
-9.031784820556640625e+01,2.672848892211914062e+01
-9.031781005859375000e+01,2.672796630859375000e+01
-9.031777954101562500e+01,2.672820663452148438e+01
-9.031842041015625000e+01,2.672904396057128906e+01
-9.031749725341796875e+01,2.672814178466796875e+01
-9.031782531738281250e+01,2.672821617126464844e+01
-9.031822967529296875e+01,2.672876167297363281e+01
-9.031734466552734375e+01,2.672797775268554688e+01
-9.031774902343750000e+01,2.672827720642089844e+01
-9.031841278076171875e+01,2.672929191589355469e+01
-9.031814575195312500e+01,2.672864151000976562e+01
-9.031830596923828125e+01,2.672916603088378906e+01
-9.031844329833984375e+01,2.672906112670898438e+01
-9.031742858886718750e+01,2.672809791564941406e+01
-9.031769561767578125e+01,2.672792434692382812e+01
-9.031781768798828125e+01,2.672804260253906250e+01
-9.031832885742187500e+01,2.672927284240722656e+01
-9.031841278076171875e+01,2.672905349731445312e+01
-9.031787872314453125e+01,2.672838783264160156e+01
-9.031751251220703125e+01,2.672834396362304688e+01
-9.031826019287109375e+01,2.672920608520507812e+01
-9.031795501708984375e+01,2.672827148437500000e+01
-9.031787872314453125e+01,2.672798538208007812e+01
-9.031835174560546875e+01,2.672908210754394531e+01
-9.031769561767578125e+01,2.672847175598144531e+01
-9.031771087646484375e+01,2.672811126708984375e+01
-9.031773376464843750e+01,2.672876739501953125e+01
-9.031793212890625000e+01,2.672874069213867188e+01
-9.031801605224609375e+01,2.672863769531250000e+01
-9.031754302978515625e+01,2.672812843322753906e+01
-9.031791687011718750e+01,2.672845077514648438e+01
-9.031751251220703125e+01,2.672829818725585938e+01
-9.031742095947265625e+01,2.672818946838378906e+01
-9.031769561767578125e+01,2.672781181335449219e+01
-9.031764984130859375e+01,2.672826004028320312e+01
-9.031768798828125000e+01,2.672781944274902344e+01
-9.031787872314453125e+01,2.672889518737792969e+01
-9.031752014160156250e+01,2.672822952270507812e+01
-9.031745147705078125e+01,2.672831153869628906e+01
-9.031774902343750000e+01,2.672786140441894531e+01
-9.031790161132812500e+01,2.672896194458007812e+01
-9.031828308105468750e+01,2.672922325134277344e+01
-9.031810760498046875e+01,2.672888183593750000e+01
-9.031792449951171875e+01,2.672846984863281250e+01
-9.031798553466796875e+01,2.672887992858886719e+01
-9.031813049316406250e+01,2.672886085510253906e+01
-9.031737518310546875e+01,2.672797393798828125e+01
-9.031819152832031250e+01,2.672917175292968750e+01
-9.031761169433593750e+01,2.672782325744628906e+01
-9.031778717041015625e+01,2.672803878784179688e+01
-9.031797790527343750e+01,2.672850799560546875e+01
-9.031782531738281250e+01,2.672900199890136719e+01
-9.031798553466796875e+01,2.672883605957031250e+01
-9.031769561767578125e+01,2.672875595092773438e+01
-9.031780242919921875e+01,2.672868537902832031e+01
-9.031780242919921875e+01,2.672826576232910156e+01
-9.031809234619140625e+01,2.672879791259765625e+01
-9.031780242919921875e+01,2.672821044921875000e+01
-9.031778717041015625e+01,2.672859573364257812e+01
-9.031788635253906250e+01,2.672818756103515625e+01
-9.031822967529296875e+01,2.672862625122070312e+01
-9.031746673583984375e+01,2.672778701782226562e+01
-9.031754302978515625e+01,2.672826004028320312e+01
-9.031777191162109375e+01,2.672856330871582031e+01
-9.031750488281250000e+01,2.672793579101562500e+01
-9.031744384765625000e+01,2.672829627990722656e+01
-9.031767272949218750e+01,2.672840690612792969e+01
-9.031777954101562500e+01,2.672783279418945312e+01
-9.031764984130859375e+01,2.672807693481445312e+01
-9.031779479980468750e+01,2.672781372070312500e+01
-9.031773376464843750e+01,2.672844696044921875e+01
-9.031810760498046875e+01,2.672839927673339844e+01
-9.031760406494140625e+01,2.672778129577636719e+01
-9.031751251220703125e+01,2.672824287414550781e+01
-9.031771850585937500e+01,2.672835540771484375e+01
-9.031809997558593750e+01,2.672846412658691406e+01
-9.031727600097656250e+01,2.672797966003417969e+01
-9.031832885742187500e+01,2.672886466979980469e+01
-9.031832885742187500e+01,2.672925567626953125e+01
-9.031781005859375000e+01,2.672814559936523438e+01
-9.031793212890625000e+01,2.672860145568847656e+01
-9.031777191162109375e+01,2.672893333435058594e+01
-9.031820678710937500e+01,2.672921180725097656e+01
-9.031744384765625000e+01,2.672816467285156250e+01
-9.031835937500000000e+01,2.672891807556152344e+01
-9.031741333007812500e+01,2.672819709777832031e+01
-9.031844329833984375e+01,2.672928619384765625e+01
-9.031753540039062500e+01,2.672780799865722656e+01
-9.031750488281250000e+01,2.672784233093261719e+01
-9.031754302978515625e+01,2.672841262817382812e+01
-9.031771087646484375e+01,2.672867965698242188e+01
-9.031758117675781250e+01,2.672847938537597656e+01
-9.031823730468750000e+01,2.672872161865234375e+01
-9.031767272949218750e+01,2.672810363769531250e+01
-9.031783294677734375e+01,2.672850036621093750e+01
-9.031787109375000000e+01,2.672898674011230469e+01
-9.031768035888671875e+01,2.672858428955078125e+01
-9.031801605224609375e+01,2.672882461547851562e+01
-9.031781768798828125e+01,2.672893714904785156e+01
-9.031787109375000000e+01,2.672824859619140625e+01
-9.031763458251953125e+01,2.672860527038574219e+01
-9.031742095947265625e+01,2.672817802429199219e+01
-9.031839752197265625e+01,2.672933387756347656e+01
-9.031746673583984375e+01,2.672834396362304688e+01
-9.031764984130859375e+01,2.672784423828125000e+01
-9.031793212890625000e+01,2.672880935668945312e+01
-9.031759643554687500e+01,2.672855758666992188e+01
-9.031803894042968750e+01,2.672899627685546875e+01
-9.031730651855468750e+01,2.672796249389648438e+01
-9.031774139404296875e+01,2.672868919372558594e+01
-9.031800842285156250e+01,2.672827529907226562e+01
-9.031783294677734375e+01,2.672815132141113281e+01
-9.031768035888671875e+01,2.672812461853027344e+01
-9.031767272949218750e+01,2.672844886779785156e+01
-9.031793975830078125e+01,2.672873306274414062e+01
-9.031766510009765625e+01,2.672822189331054688e+01
-9.031777954101562500e+01,2.672806549072265625e+01
-9.031793212890625000e+01,2.672816276550292969e+01
-9.031769561767578125e+01,2.672841072082519531e+01
-9.031757354736328125e+01,2.672809982299804688e+01
-9.031810760498046875e+01,2.672872352600097656e+01
-9.031843566894531250e+01,2.672930335998535156e+01
-9.031761932373046875e+01,2.672789955139160156e+01
-9.031752777099609375e+01,2.672798156738281250e+01
-9.031832122802734375e+01,2.672918128967285156e+01
-9.031787872314453125e+01,2.672897148132324219e+01
-9.031777191162109375e+01,2.672835159301757812e+01
-9.031793212890625000e+01,2.672874259948730469e+01
-9.031749725341796875e+01,2.672819137573242188e+01
-9.031806182861328125e+01,2.672902870178222656e+01
-9.031777191162109375e+01,2.672838783264160156e+01
-9.031838989257812500e+01,2.672897911071777344e+01
-9.031774139404296875e+01,2.672793960571289062e+01
-9.031754302978515625e+01,2.672781944274902344e+01
-9.031768798828125000e+01,2.672822380065917969e+01
-9.031826782226562500e+01,2.672905158996582031e+01
-9.031764984130859375e+01,2.672784996032714844e+01
-9.031755065917968750e+01,2.672830772399902344e+01
-9.031843566894531250e+01,2.672907638549804688e+01
-9.031797790527343750e+01,2.672889328002929688e+01
-9.031742095947265625e+01,2.672806358337402344e+01
-9.031784057617187500e+01,2.672899246215820312e+01
-9.031817626953125000e+01,2.672865295410156250e+01
-9.031777954101562500e+01,2.672783851623535156e+01
-9.031793212890625000e+01,2.672873687744140625e+01
-9.031823730468750000e+01,2.672870063781738281e+01
-9.031817626953125000e+01,2.672905158996582031e+01
-9.031793212890625000e+01,2.672826004028320312e+01
-9.031770324707031250e+01,2.672816848754882812e+01
-9.031788635253906250e+01,2.672884559631347656e+01
-9.031774139404296875e+01,2.672878646850585938e+01
-9.031745147705078125e+01,2.672815513610839844e+01
-9.031749725341796875e+01,2.672812271118164062e+01
-9.031845092773437500e+01,2.672908592224121094e+01
-9.031797790527343750e+01,2.672834396362304688e+01
-9.031780242919921875e+01,2.672799682617187500e+01
-9.031829071044921875e+01,2.672926139831542969e+01
-9.031808471679687500e+01,2.672886085510253906e+01
-9.031806945800781250e+01,2.672834396362304688e+01
-9.031812286376953125e+01,2.672903251647949219e+01
-9.031797790527343750e+01,2.672862434387207031e+01
-9.031811523437500000e+01,2.672859764099121094e+01
-9.031798553466796875e+01,2.672832489013671875e+01
-9.031793212890625000e+01,2.672832679748535156e+01
-9.031772613525390625e+01,2.672790145874023438e+01
-9.031757354736328125e+01,2.672840309143066406e+01
-9.031789398193359375e+01,2.672901535034179688e+01
-9.031764221191406250e+01,2.672809219360351562e+01
-9.031780242919921875e+01,2.672872924804687500e+01
-9.031764984130859375e+01,2.672868156433105469e+01
-9.031793975830078125e+01,2.672897148132324219e+01
-9.031787872314453125e+01,2.672819900512695312e+01
-9.031781768798828125e+01,2.672885322570800781e+01
-9.031774139404296875e+01,2.672793197631835938e+01
-9.031824493408203125e+01,2.672890472412109375e+01
-9.031801605224609375e+01,2.672828483581542969e+01
-9.031797027587890625e+01,2.672879600524902344e+01
-9.031803894042968750e+01,2.672866821289062500e+01
-9.031819152832031250e+01,2.672884750366210938e+01
-9.031797790527343750e+01,2.672830772399902344e+01
-9.031753540039062500e+01,2.672781181335449219e+01
-9.031770324707031250e+01,2.672863006591796875e+01
-9.031822204589843750e+01,2.672893333435058594e+01
-9.031768798828125000e+01,2.672875976562500000e+01
-9.031771850585937500e+01,2.672868919372558594e+01
-9.031841278076171875e+01,2.672908782958984375e+01
-9.031767272949218750e+01,2.672809410095214844e+01
-9.031793975830078125e+01,2.672826766967773438e+01
-9.031796264648437500e+01,2.672836875915527344e+01
-9.031846618652343750e+01,2.672908401489257812e+01
-9.031805419921875000e+01,2.672846603393554688e+01
-9.031782531738281250e+01,2.672876548767089844e+01
-9.031826019287109375e+01,2.672869682312011719e+01
-9.031788635253906250e+01,2.672873306274414062e+01
-9.031800079345703125e+01,2.672900962829589844e+01
-9.031822967529296875e+01,2.672869682312011719e+01
-9.031761169433593750e+01,2.672796058654785156e+01
-9.031757354736328125e+01,2.672837829589843750e+01
-9.031764221191406250e+01,2.672804260253906250e+01
-9.031759643554687500e+01,2.672812652587890625e+01
-9.031754302978515625e+01,2.672818374633789062e+01
-9.031752014160156250e+01,2.672835922241210938e+01
-9.031808471679687500e+01,2.672864532470703125e+01
-9.031768798828125000e+01,2.672824668884277344e+01
-9.031761932373046875e+01,2.672845840454101562e+01
-9.031823730468750000e+01,2.672923278808593750e+01
-9.031819152832031250e+01,2.672914123535156250e+01
-9.031809234619140625e+01,2.672869873046875000e+01
-9.031795501708984375e+01,2.672828865051269531e+01
-9.031781005859375000e+01,2.672804641723632812e+01
-9.031734466552734375e+01,2.672805023193359375e+01
-9.031753540039062500e+01,2.672817420959472656e+01
-9.031809997558593750e+01,2.672863960266113281e+01
-9.031756591796875000e+01,2.672824859619140625e+01
-9.031769561767578125e+01,2.672863006591796875e+01
-9.031789398193359375e+01,2.672820281982421875e+01
-9.031805419921875000e+01,2.672874832153320312e+01
-9.031832122802734375e+01,2.672931098937988281e+01
-9.031831359863281250e+01,2.672918891906738281e+01
-9.031761169433593750e+01,2.672833442687988281e+01
-9.031785583496093750e+01,2.672820663452148438e+01
-9.031771087646484375e+01,2.672866249084472656e+01
-9.031783294677734375e+01,2.672841835021972656e+01
-9.031789398193359375e+01,2.672899627685546875e+01
-9.031779479980468750e+01,2.672870063781738281e+01
-9.031748962402343750e+01,2.672776603698730469e+01
-9.031780242919921875e+01,2.672819137573242188e+01
-9.031809234619140625e+01,2.672839164733886719e+01
-9.031834411621093750e+01,2.672931289672851562e+01
-9.031816864013671875e+01,2.672853088378906250e+01
-9.031758880615234375e+01,2.672844505310058594e+01
-9.031748962402343750e+01,2.672788238525390625e+01
-9.031829071044921875e+01,2.672887039184570312e+01
-9.031779479980468750e+01,2.672823143005371094e+01
-9.031779479980468750e+01,2.672890472412109375e+01
-9.031834411621093750e+01,2.672911262512207031e+01
-9.031781768798828125e+01,2.672850036621093750e+01
-9.031819915771484375e+01,2.672875022888183594e+01
-9.031813812255859375e+01,2.672897720336914062e+01
-9.031824493408203125e+01,2.672922706604003906e+01
-9.031779479980468750e+01,2.672801017761230469e+01
-9.031807708740234375e+01,2.672883033752441406e+01
-9.031840515136718750e+01,2.672923851013183594e+01
-9.031810760498046875e+01,2.672901153564453125e+01
-9.031784820556640625e+01,2.672800636291503906e+01
-9.031782531738281250e+01,2.672881889343261719e+01
-9.031800842285156250e+01,2.672873878479003906e+01
-9.031749725341796875e+01,2.672838211059570312e+01
-9.031803131103515625e+01,2.672836685180664062e+01
-9.031790161132812500e+01,2.672847938537597656e+01
-9.031775665283203125e+01,2.672872543334960938e+01
-9.031829071044921875e+01,2.672882461547851562e+01
-9.031760406494140625e+01,2.672815322875976562e+01
-9.031816864013671875e+01,2.672854804992675781e+01
-9.031781768798828125e+01,2.672819900512695312e+01
-9.031749725341796875e+01,2.672803688049316406e+01
-9.031829833984375000e+01,2.672918510437011719e+01
-9.031779479980468750e+01,2.672835159301757812e+01
-9.031821441650390625e+01,2.672890853881835938e+01
-9.031800079345703125e+01,2.672878837585449219e+01
-9.031796264648437500e+01,2.672823143005371094e+01
-9.031774902343750000e+01,2.672842979431152344e+01
-9.031791687011718750e+01,2.672841644287109375e+01
-9.031780242919921875e+01,2.672791099548339844e+01
-9.031755065917968750e+01,2.672825622558593750e+01
-9.031808471679687500e+01,2.672890472412109375e+01
-9.031749725341796875e+01,2.672802352905273438e+01
-9.031789398193359375e+01,2.672900581359863281e+01
-9.031822204589843750e+01,2.672875976562500000e+01
-9.031809234619140625e+01,2.672848510742187500e+01
-9.031811523437500000e+01,2.672882080078125000e+01
-9.031740570068359375e+01,2.672821807861328125e+01
-9.031774139404296875e+01,2.672875595092773438e+01
-9.031759643554687500e+01,2.672782707214355469e+01
-9.031782531738281250e+01,2.672822189331054688e+01
-9.031805419921875000e+01,2.672902107238769531e+01
-9.031814575195312500e+01,2.672846603393554688e+01
-9.031799316406250000e+01,2.672886466979980469e+01
-9.031785583496093750e+01,2.672808074951171875e+01
-9.031806945800781250e+01,2.672862434387207031e+01
-9.031806945800781250e+01,2.672866439819335938e+01
-9.031765747070312500e+01,2.672803115844726562e+01
-9.031806945800781250e+01,2.672888755798339844e+01
-9.031791687011718750e+01,2.672893333435058594e+01
-9.031824493408203125e+01,2.672931671142578125e+01
-9.031761169433593750e+01,2.672817993164062500e+01
-9.031801605224609375e+01,2.672870445251464844e+01
-9.031779479980468750e+01,2.672791862487792969e+01
-9.031774139404296875e+01,2.672818946838378906e+01
-9.031797027587890625e+01,2.672844314575195312e+01
-9.031784820556640625e+01,2.672888374328613281e+01
-9.031818389892578125e+01,2.672908782958984375e+01
-9.031780242919921875e+01,2.672883987426757812e+01
-9.031790924072265625e+01,2.672901916503906250e+01
-9.031817626953125000e+01,2.672891044616699219e+01
-9.031768035888671875e+01,2.672853279113769531e+01
-9.031804656982421875e+01,2.672876548767089844e+01
-9.031754302978515625e+01,2.672843551635742188e+01
-9.031769561767578125e+01,2.672837829589843750e+01
-9.031733703613281250e+01,2.672798538208007812e+01
-9.031791687011718750e+01,2.672846603393554688e+01
-9.031816864013671875e+01,2.672877311706542969e+01
-9.031829833984375000e+01,2.672916412353515625e+01
-9.031814575195312500e+01,2.672908782958984375e+01
-9.031774902343750000e+01,2.672852134704589844e+01
-9.031797027587890625e+01,2.672827529907226562e+01
-9.031806945800781250e+01,2.672899627685546875e+01
-9.031794738769531250e+01,2.672812843322753906e+01
-9.031808471679687500e+01,2.672866058349609375e+01
-9.031740570068359375e+01,2.672803688049316406e+01
-9.031788635253906250e+01,2.672838973999023438e+01
-9.031774902343750000e+01,2.672883605957031250e+01
-9.031758880615234375e+01,2.672819900512695312e+01
-9.031728363037109375e+01,2.672798156738281250e+01
-9.031754302978515625e+01,2.672806167602539062e+01
-9.031822967529296875e+01,2.672866439819335938e+01
-9.031819152832031250e+01,2.672862243652343750e+01
-9.031826782226562500e+01,2.672924995422363281e+01
-9.031764984130859375e+01,2.672800254821777344e+01
-9.031762695312500000e+01,2.672800254821777344e+01
-9.031803894042968750e+01,2.672827148437500000e+01
-9.031777191162109375e+01,2.672837066650390625e+01
-9.031779479980468750e+01,2.672863006591796875e+01
-9.031819152832031250e+01,2.672895622253417969e+01
-9.031819915771484375e+01,2.672924613952636719e+01
-9.031830596923828125e+01,2.672890281677246094e+01
-9.031758880615234375e+01,2.672836112976074219e+01
-9.031819915771484375e+01,2.672857856750488281e+01
-9.031771087646484375e+01,2.672861671447753906e+01
-9.031731414794921875e+01,2.672798919677734375e+01
-9.031819915771484375e+01,2.672890663146972656e+01
-9.031793212890625000e+01,2.672864913940429688e+01
-9.031752014160156250e+01,2.672805976867675781e+01
-9.031806945800781250e+01,2.672867012023925781e+01
-9.031826782226562500e+01,2.672919654846191406e+01
-9.031782531738281250e+01,2.672832870483398438e+01
-9.031774139404296875e+01,2.672796440124511719e+01
-9.031765747070312500e+01,2.672871971130371094e+01
-9.031775665283203125e+01,2.672830200195312500e+01
-9.031827545166015625e+01,2.672932434082031250e+01
-9.031781005859375000e+01,2.672805976867675781e+01
-9.031758880615234375e+01,2.672856330871582031e+01
-9.031817626953125000e+01,2.672863769531250000e+01
-9.031777954101562500e+01,2.672803497314453125e+01
-9.031789398193359375e+01,2.672798538208007812e+01
-9.031843566894531250e+01,2.672904968261718750e+01
-9.031764984130859375e+01,2.672796821594238281e+01
-9.031790161132812500e+01,2.672861289978027344e+01
-9.031771087646484375e+01,2.672804641723632812e+01
-9.031736755371093750e+01,2.672801399230957031e+01
-9.031807708740234375e+01,2.672835350036621094e+01
-9.031768798828125000e+01,2.672811126708984375e+01
-9.031761932373046875e+01,2.672813606262207031e+01
-9.031840515136718750e+01,2.672904014587402344e+01
-9.031774902343750000e+01,2.672858428955078125e+01
-9.031813812255859375e+01,2.672879981994628906e+01
-9.031765747070312500e+01,2.672801017761230469e+01
-9.031802368164062500e+01,2.672848510742187500e+01
-9.031752777099609375e+01,2.672808647155761719e+01
-9.031816864013671875e+01,2.672912979125976562e+01
-9.031813812255859375e+01,2.672896003723144531e+01
-9.031835174560546875e+01,2.672916412353515625e+01
-9.031777954101562500e+01,2.672875213623046875e+01
-9.031739807128906250e+01,2.672820854187011719e+01
-9.031816864013671875e+01,2.672871398925781250e+01
-9.031805419921875000e+01,2.672831153869628906e+01
-9.031738281250000000e+01,2.672797775268554688e+01
-9.031816101074218750e+01,2.672861480712890625e+01
-9.031795501708984375e+01,2.672832489013671875e+01
-9.031798553466796875e+01,2.672825050354003906e+01
-9.031781768798828125e+01,2.672871398925781250e+01
-9.031813812255859375e+01,2.672892761230468750e+01
-9.031809234619140625e+01,2.672874069213867188e+01
-9.031740570068359375e+01,2.672813034057617188e+01
-9.031791687011718750e+01,2.672857856750488281e+01
-9.031777954101562500e+01,2.672852897644042969e+01
-9.031731414794921875e+01,2.672800445556640625e+01
-9.031780242919921875e+01,2.672852325439453125e+01
-9.031749725341796875e+01,2.672803497314453125e+01
-9.031801605224609375e+01,2.672864532470703125e+01
-9.031839752197265625e+01,2.672924041748046875e+01
-9.031832885742187500e+01,2.672903823852539062e+01
-9.031768798828125000e+01,2.672824096679687500e+01
-9.031755828857421875e+01,2.672843742370605469e+01
-9.031757354736328125e+01,2.672839164733886719e+01
-9.031786346435546875e+01,2.672880935668945312e+01
-9.031797790527343750e+01,2.672855567932128906e+01
-9.031785583496093750e+01,2.672832870483398438e+01
-9.031756591796875000e+01,2.672851181030273438e+01
-9.031806182861328125e+01,2.672843933105468750e+01
-9.031781768798828125e+01,2.672864151000976562e+01
-9.031781768798828125e+01,2.672802352905273438e+01
-9.031761169433593750e+01,2.672804832458496094e+01
-9.031828308105468750e+01,2.672882652282714844e+01
-9.031742095947265625e+01,2.672801780700683594e+01
-9.031790161132812500e+01,2.672838592529296875e+01
-9.031812286376953125e+01,2.672896766662597656e+01
-9.031784820556640625e+01,2.672875976562500000e+01
-9.031826019287109375e+01,2.672914123535156250e+01
-9.031777191162109375e+01,2.672830009460449219e+01
-9.031788635253906250e+01,2.672798347473144531e+01
-9.031768035888671875e+01,2.672843551635742188e+01
-9.031808471679687500e+01,2.672896385192871094e+01
-9.031801605224609375e+01,2.672862243652343750e+01
-9.031796264648437500e+01,2.672833442687988281e+01
-9.031781768798828125e+01,2.672817611694335938e+01
-9.031737518310546875e+01,2.672801399230957031e+01
-9.031758117675781250e+01,2.672806930541992188e+01
-9.031807708740234375e+01,2.672834777832031250e+01
-9.031801605224609375e+01,2.672828865051269531e+01
-9.031769561767578125e+01,2.672784042358398438e+01
-9.031800079345703125e+01,2.672824859619140625e+01
-9.031791687011718750e+01,2.672900009155273438e+01
-9.031752777099609375e+01,2.672781562805175781e+01
-9.031832122802734375e+01,2.672931671142578125e+01
-9.031793975830078125e+01,2.672864341735839844e+01
-9.031802368164062500e+01,2.672867012023925781e+01
-9.031846618652343750e+01,2.672907257080078125e+01
-9.031752014160156250e+01,2.672824096679687500e+01
-9.031835174560546875e+01,2.672888946533203125e+01
-9.031768798828125000e+01,2.672848129272460938e+01
-9.031814575195312500e+01,2.672916412353515625e+01
-9.031772613525390625e+01,2.672870254516601562e+01
-9.031826019287109375e+01,2.672928237915039062e+01
-9.031768035888671875e+01,2.672804069519042969e+01
-9.031772613525390625e+01,2.672826004028320312e+01
-9.031793212890625000e+01,2.672891235351562500e+01
-9.031769561767578125e+01,2.672871589660644531e+01
-9.031744384765625000e+01,2.672829818725585938e+01
-9.031797790527343750e+01,2.672869110107421875e+01
-9.031775665283203125e+01,2.672782516479492188e+01
-9.031811523437500000e+01,2.672881317138671875e+01
-9.031764221191406250e+01,2.672863769531250000e+01
-9.031800079345703125e+01,2.672878265380859375e+01
-9.031784057617187500e+01,2.672889137268066406e+01
-9.031818389892578125e+01,2.672858810424804688e+01
-9.031752014160156250e+01,2.672836112976074219e+01
-9.031777954101562500e+01,2.672807693481445312e+01
-9.031774902343750000e+01,2.672783088684082031e+01
-9.031778717041015625e+01,2.672846412658691406e+01
-9.031768798828125000e+01,2.672793579101562500e+01
-9.031836700439453125e+01,2.672897911071777344e+01
-9.031776428222656250e+01,2.672827720642089844e+01
-9.031799316406250000e+01,2.672851181030273438e+01
-9.031771850585937500e+01,2.672883605957031250e+01
-9.031771087646484375e+01,2.672844886779785156e+01
-9.031832885742187500e+01,2.672904396057128906e+01
-9.031752777099609375e+01,2.672791862487792969e+01
-9.031781768798828125e+01,2.672822952270507812e+01
-9.031735992431640625e+01,2.672807502746582031e+01
-9.031776428222656250e+01,2.672857284545898438e+01
-9.031758880615234375e+01,2.672845077514648438e+01
-9.031753540039062500e+01,2.672789764404296875e+01
-9.031802368164062500e+01,2.672829055786132812e+01
-9.031772613525390625e+01,2.672783851623535156e+01
-9.031820678710937500e+01,2.672888183593750000e+01
-9.031770324707031250e+01,2.672853088378906250e+01
-9.031777191162109375e+01,2.672815704345703125e+01
-9.031764984130859375e+01,2.672802734375000000e+01
-9.031759643554687500e+01,2.672794342041015625e+01
-9.031846618652343750e+01,2.672910690307617188e+01
-9.031845855712890625e+01,2.672932624816894531e+01
-9.031798553466796875e+01,2.672861671447753906e+01
-9.031787109375000000e+01,2.672865486145019531e+01
-9.031779479980468750e+01,2.672849655151367188e+01
-9.031798553466796875e+01,2.672830772399902344e+01
-9.031788635253906250e+01,2.672861862182617188e+01
-9.031774902343750000e+01,2.672801780700683594e+01
-9.031750488281250000e+01,2.672813987731933594e+01
-9.031777954101562500e+01,2.672794342041015625e+01
-9.031759643554687500e+01,2.672834205627441406e+01
-9.031752014160156250e+01,2.672814941406250000e+01
-9.031777954101562500e+01,2.672820472717285156e+01
-9.031820678710937500e+01,2.672881317138671875e+01
-9.031756591796875000e+01,2.672815132141113281e+01
-9.031779479980468750e+01,2.672846984863281250e+01
-9.031767272949218750e+01,2.672791862487792969e+01
-9.031771087646484375e+01,2.672798728942871094e+01
-9.031804656982421875e+01,2.672846984863281250e+01
-9.031758117675781250e+01,2.672814178466796875e+01
-9.031801605224609375e+01,2.672867393493652344e+01
-9.031822204589843750e+01,2.672920036315917969e+01
-9.031817626953125000e+01,2.672871589660644531e+01
-9.031755828857421875e+01,2.672833061218261719e+01
-9.031775665283203125e+01,2.672830200195312500e+01
-9.031811523437500000e+01,2.672885513305664062e+01
-9.031818389892578125e+01,2.672873878479003906e+01
-9.031781768798828125e+01,2.672868347167968750e+01
-9.031833648681640625e+01,2.672909545898437500e+01
-9.031807708740234375e+01,2.672837638854980469e+01
-9.031800079345703125e+01,2.672887039184570312e+01
-9.031781005859375000e+01,2.672892379760742188e+01
-9.031802368164062500e+01,2.672835159301757812e+01
-9.031742095947265625e+01,2.672801589965820312e+01
-9.031769561767578125e+01,2.672781181335449219e+01
-9.031812286376953125e+01,2.672874832153320312e+01
-9.031755065917968750e+01,2.672850990295410156e+01
-9.031804656982421875e+01,2.672877311706542969e+01
-9.031794738769531250e+01,2.672830772399902344e+01
-9.031764221191406250e+01,2.672828292846679688e+01
-9.031750488281250000e+01,2.672792434692382812e+01
-9.031774139404296875e+01,2.672883987426757812e+01
-9.031751251220703125e+01,2.672835350036621094e+01
-9.031801605224609375e+01,2.672847366333007812e+01
-9.031790924072265625e+01,2.672864723205566406e+01
-9.031808471679687500e+01,2.672880363464355469e+01
-9.031778717041015625e+01,2.672841072082519531e+01
-9.031826019287109375e+01,2.672912788391113281e+01
-9.031828308105468750e+01,2.672872734069824219e+01
-9.031802368164062500e+01,2.672890472412109375e+01
-9.031781768798828125e+01,2.672807502746582031e+01
-9.031832885742187500e+01,2.672923660278320312e+01
-9.031835937500000000e+01,2.672913360595703125e+01
-9.031767272949218750e+01,2.672828292846679688e+01
-9.031770324707031250e+01,2.672837066650390625e+01
-9.031775665283203125e+01,2.672810173034667969e+01
-9.031783294677734375e+01,2.672818565368652344e+01
-9.031776428222656250e+01,2.672865104675292969e+01
-9.031797027587890625e+01,2.672842216491699219e+01
-9.031769561767578125e+01,2.672854995727539062e+01
-9.031773376464843750e+01,2.672810173034667969e+01
-9.031741333007812500e+01,2.672775459289550781e+01
-9.031802368164062500e+01,2.672887802124023438e+01
-9.031813049316406250e+01,2.672846794128417969e+01
-9.031780242919921875e+01,2.672853851318359375e+01
-9.031784057617187500e+01,2.672804069519042969e+01
-9.031780242919921875e+01,2.672790527343750000e+01
-9.031779479980468750e+01,2.672817993164062500e+01
-9.031825256347656250e+01,2.672879219055175781e+01
-9.031780242919921875e+01,2.672852325439453125e+01
-9.031774139404296875e+01,2.672828674316406250e+01
-9.031824493408203125e+01,2.672903060913085938e+01
-9.031782531738281250e+01,2.672857475280761719e+01
-9.031768798828125000e+01,2.672821044921875000e+01
-9.031726837158203125e+01,2.672797012329101562e+01
-9.031780242919921875e+01,2.672893524169921875e+01
-9.031808471679687500e+01,2.672853279113769531e+01
-9.031810760498046875e+01,2.672856140136718750e+01
-9.031817626953125000e+01,2.672870063781738281e+01
-9.031836700439453125e+01,2.672902870178222656e+01
-9.031775665283203125e+01,2.672784805297851562e+01
-9.031797027587890625e+01,2.672854995727539062e+01
-9.031809234619140625e+01,2.672871017456054688e+01
-9.031837463378906250e+01,2.672924804687500000e+01
-9.031771087646484375e+01,2.672812271118164062e+01
-9.031790161132812500e+01,2.672856712341308594e+01
-9.031764221191406250e+01,2.672833824157714844e+01
-9.031753540039062500e+01,2.672805404663085938e+01
-9.031753540039062500e+01,2.672795295715332031e+01
-9.031771087646484375e+01,2.672869300842285156e+01
-9.031835174560546875e+01,2.672905731201171875e+01
-9.031803894042968750e+01,2.672901535034179688e+01
-9.031832122802734375e+01,2.672900009155273438e+01
-9.031761932373046875e+01,2.672828483581542969e+01
-9.031786346435546875e+01,2.672812080383300781e+01
-9.031822967529296875e+01,2.672912979125976562e+01
-9.031799316406250000e+01,2.672821807861328125e+01
-9.031800079345703125e+01,2.672865676879882812e+01
-9.031766510009765625e+01,2.672864723205566406e+01
-9.031767272949218750e+01,2.672825622558593750e+01
-9.031764984130859375e+01,2.672789001464843750e+01
-9.031838226318359375e+01,2.672891426086425781e+01
-9.031736755371093750e+01,2.672810935974121094e+01
-9.031784820556640625e+01,2.672803115844726562e+01
-9.031787109375000000e+01,2.672811698913574219e+01
-9.031741333007812500e+01,2.672811508178710938e+01
-9.031786346435546875e+01,2.672879791259765625e+01
-9.031766510009765625e+01,2.672843170166015625e+01
-9.031800079345703125e+01,2.672831535339355469e+01
-9.031745147705078125e+01,2.672828865051269531e+01
-9.031819152832031250e+01,2.672876358032226562e+01
-9.031764984130859375e+01,2.672811317443847656e+01
-9.031766510009765625e+01,2.672815895080566406e+01
-9.031826019287109375e+01,2.672916221618652344e+01
-9.031774139404296875e+01,2.672846603393554688e+01
-9.031786346435546875e+01,2.672817420959472656e+01
-9.031749725341796875e+01,2.672776985168457031e+01
-9.031767272949218750e+01,2.672850799560546875e+01
-9.031826019287109375e+01,2.672927093505859375e+01
-9.031802368164062500e+01,2.672882461547851562e+01
-9.031781005859375000e+01,2.672880172729492188e+01
-9.031794738769531250e+01,2.672877120971679688e+01
-9.031783294677734375e+01,2.672877693176269531e+01
-9.031837463378906250e+01,2.672901535034179688e+01
-9.031815338134765625e+01,2.672867202758789062e+01
-9.031783294677734375e+01,2.672890090942382812e+01
-9.031822967529296875e+01,2.672906684875488281e+01
-9.031809234619140625e+01,2.672856712341308594e+01
-9.031806182861328125e+01,2.672841835021972656e+01
-9.031832885742187500e+01,2.672931289672851562e+01
-9.031838989257812500e+01,2.672930717468261719e+01
-9.031820678710937500e+01,2.672884178161621094e+01
-9.031815338134765625e+01,2.672875213623046875e+01
-9.031793975830078125e+01,2.672858428955078125e+01
-9.031838226318359375e+01,2.672933197021484375e+01
-9.031818389892578125e+01,2.672869110107421875e+01
-9.031843566894531250e+01,2.672929382324218750e+01
-9.031753540039062500e+01,2.672814559936523438e+01
-9.031818389892578125e+01,2.672897529602050781e+01
-9.031848144531250000e+01,2.672933578491210938e+01
-9.031748199462890625e+01,2.672810935974121094e+01
-9.031786346435546875e+01,2.672855186462402344e+01
-9.031783294677734375e+01,2.672847175598144531e+01
-9.031833648681640625e+01,2.672904968261718750e+01
-9.031781768798828125e+01,2.672872543334960938e+01
-9.031784820556640625e+01,2.672869110107421875e+01
-9.031733703613281250e+01,2.672808265686035156e+01
-9.031833648681640625e+01,2.672920608520507812e+01
-9.031777954101562500e+01,2.672878456115722656e+01
-9.031820678710937500e+01,2.672880554199218750e+01
-9.031794738769531250e+01,2.672873497009277344e+01
-9.031827545166015625e+01,2.672922897338867188e+01
-9.031761169433593750e+01,2.672814941406250000e+01
-9.031746673583984375e+01,2.672802352905273438e+01
-9.031761932373046875e+01,2.672854995727539062e+01
-9.031786346435546875e+01,2.672842407226562500e+01
-9.031792449951171875e+01,2.672884559631347656e+01
-9.031792449951171875e+01,2.672814941406250000e+01
-9.031810760498046875e+01,2.672890853881835938e+01
-9.031784057617187500e+01,2.672887992858886719e+01
-9.031772613525390625e+01,2.672828483581542969e+01
-9.031812286376953125e+01,2.672863769531250000e+01
-9.031736755371093750e+01,2.672803688049316406e+01
-9.031763458251953125e+01,2.672779655456542969e+01
-9.031780242919921875e+01,2.672877693176269531e+01
-9.031784820556640625e+01,2.672849655151367188e+01
-9.031806182861328125e+01,2.672850036621093750e+01
-9.031753540039062500e+01,2.672837066650390625e+01
-9.031768798828125000e+01,2.672860717773437500e+01
-9.031771850585937500e+01,2.672857666015625000e+01
-9.031759643554687500e+01,2.672818565368652344e+01
-9.031749725341796875e+01,2.672835922241210938e+01
-9.031770324707031250e+01,2.672809982299804688e+01
-9.031835937500000000e+01,2.672903251647949219e+01
-9.031781005859375000e+01,2.672786903381347656e+01
-9.031764221191406250e+01,2.672778701782226562e+01
-9.031818389892578125e+01,2.672916221618652344e+01
-9.031793212890625000e+01,2.672890090942382812e+01
-9.031752777099609375e+01,2.672833251953125000e+01
-9.031838226318359375e+01,2.672909736633300781e+01
-9.031772613525390625e+01,2.672836685180664062e+01
-9.031813812255859375e+01,2.672864341735839844e+01
-9.031819152832031250e+01,2.672870254516601562e+01
-9.031806182861328125e+01,2.672893142700195312e+01
-9.031816864013671875e+01,2.672902107238769531e+01
-9.031810760498046875e+01,2.672851371765136719e+01
-9.031824493408203125e+01,2.672886276245117188e+01
-9.031822204589843750e+01,2.672877311706542969e+01
-9.031752777099609375e+01,2.672798919677734375e+01
-9.031818389892578125e+01,2.672895622253417969e+01
-9.031762695312500000e+01,2.672828102111816406e+01
-9.031790924072265625e+01,2.672806930541992188e+01
-9.031793212890625000e+01,2.672847366333007812e+01
-9.031812286376953125e+01,2.672893905639648438e+01
-9.031758880615234375e+01,2.672794914245605469e+01
-9.031774139404296875e+01,2.672849273681640625e+01
-9.031790161132812500e+01,2.672816276550292969e+01
-9.031763458251953125e+01,2.672805023193359375e+01
-9.031819915771484375e+01,2.672857475280761719e+01
-9.031784057617187500e+01,2.672877883911132812e+01
-9.031756591796875000e+01,2.672820854187011719e+01
-9.031757354736328125e+01,2.672837448120117188e+01
-9.031771087646484375e+01,2.672814178466796875e+01
-9.031835937500000000e+01,2.672933578491210938e+01
-9.031809234619140625e+01,2.672854614257812500e+01
-9.031764984130859375e+01,2.672815132141113281e+01
-9.031827545166015625e+01,2.672884750366210938e+01
-9.031781005859375000e+01,2.672896194458007812e+01
-9.031845855712890625e+01,2.672907257080078125e+01
-9.031783294677734375e+01,2.672885131835937500e+01
-9.031742095947265625e+01,2.672807884216308594e+01
-9.031754302978515625e+01,2.672790145874023438e+01
-9.031761169433593750e+01,2.672847747802734375e+01
-9.031826019287109375e+01,2.672929954528808594e+01
-9.031768035888671875e+01,2.672806358337402344e+01
-9.031772613525390625e+01,2.672860145568847656e+01
-9.031789398193359375e+01,2.672803688049316406e+01
-9.031764221191406250e+01,2.672868537902832031e+01
-9.031786346435546875e+01,2.672803115844726562e+01
-9.031784820556640625e+01,2.672801017761230469e+01
-9.031757354736328125e+01,2.672822952270507812e+01
-9.031781005859375000e+01,2.672800064086914062e+01
-9.031823730468750000e+01,2.672897338867187500e+01
-9.031783294677734375e+01,2.672857856750488281e+01
-9.031787872314453125e+01,2.672857666015625000e+01
-9.031777954101562500e+01,2.672808837890625000e+01
-9.031752777099609375e+01,2.672834968566894531e+01
-9.031787109375000000e+01,2.672798728942871094e+01
-9.031777191162109375e+01,2.672881126403808594e+01
-9.031822204589843750e+01,2.672865486145019531e+01
-9.031749725341796875e+01,2.672808456420898438e+01
-9.031797790527343750e+01,2.672895622253417969e+01
-9.031798553466796875e+01,2.672870635986328125e+01
-9.031776428222656250e+01,2.672782897949218750e+01
-9.031760406494140625e+01,2.672793006896972656e+01
-9.031822967529296875e+01,2.672895240783691406e+01
-9.031774139404296875e+01,2.672808074951171875e+01
-9.031790161132812500e+01,2.672850799560546875e+01
-9.031760406494140625e+01,2.672792434692382812e+01
-9.031800842285156250e+01,2.672896766662597656e+01
-9.031812286376953125e+01,2.672869682312011719e+01
-9.031786346435546875e+01,2.672830581665039062e+01
-9.031781768798828125e+01,2.672885131835937500e+01
-9.031826782226562500e+01,2.672905540466308594e+01
-9.031797027587890625e+01,2.672837829589843750e+01
-9.031829833984375000e+01,2.672910690307617188e+01
-9.031777191162109375e+01,2.672832107543945312e+01
-9.031764221191406250e+01,2.672813415527343750e+01
-9.031811523437500000e+01,2.672883796691894531e+01
-9.031773376464843750e+01,2.672818756103515625e+01
-9.031755828857421875e+01,2.672792816162109375e+01
-9.031813049316406250e+01,2.672883415222167969e+01
-9.031813812255859375e+01,2.672885322570800781e+01
-9.031804656982421875e+01,2.672854423522949219e+01
-9.031843566894531250e+01,2.672900772094726562e+01
-9.031806945800781250e+01,2.672885894775390625e+01
-9.031775665283203125e+01,2.672881507873535156e+01
-9.031827545166015625e+01,2.672909736633300781e+01
-9.031771087646484375e+01,2.672797775268554688e+01
-9.031801605224609375e+01,2.672822380065917969e+01
-9.031801605224609375e+01,2.672850227355957031e+01
-9.031834411621093750e+01,2.672887420654296875e+01
-9.031767272949218750e+01,2.672780036926269531e+01
-9.031742858886718750e+01,2.672806167602539062e+01
-9.031776428222656250e+01,2.672813987731933594e+01
-9.031815338134765625e+01,2.672868347167968750e+01
-9.031814575195312500e+01,2.672870826721191406e+01
-9.031781005859375000e+01,2.672877120971679688e+01
-9.031747436523437500e+01,2.672819137573242188e+01
-9.031808471679687500e+01,2.672858428955078125e+01
-9.031804656982421875e+01,2.672839927673339844e+01
-9.031794738769531250e+01,2.672858428955078125e+01
-9.031828308105468750e+01,2.672876739501953125e+01
-9.031835174560546875e+01,2.672890663146972656e+01
-9.031795501708984375e+01,2.672847747802734375e+01
-9.031838989257812500e+01,2.672906875610351562e+01
-9.031768035888671875e+01,2.672858428955078125e+01
-9.031764221191406250e+01,2.672796249389648438e+01
-9.031844329833984375e+01,2.672907829284667969e+01
-9.031748199462890625e+01,2.672809791564941406e+01
-9.031778717041015625e+01,2.672816848754882812e+01
-9.031806182861328125e+01,2.672870063781738281e+01
-9.031818389892578125e+01,2.672909736633300781e+01
-9.031838989257812500e+01,2.672917747497558594e+01
-9.031774902343750000e+01,2.672856521606445312e+01
-9.031787109375000000e+01,2.672828865051269531e+01
-9.031781768798828125e+01,2.672793769836425781e+01
-9.031758117675781250e+01,2.672792243957519531e+01
-9.031797027587890625e+01,2.672834205627441406e+01
-9.031803894042968750e+01,2.672862434387207031e+01
-9.031838989257812500e+01,2.672909927368164062e+01
-9.031772613525390625e+01,2.672870826721191406e+01
-9.031777954101562500e+01,2.672891807556152344e+01
-9.031772613525390625e+01,2.672831535339355469e+01
-9.031785583496093750e+01,2.672806739807128906e+01
-9.031771850585937500e+01,2.672821426391601562e+01
-9.031848907470703125e+01,2.672936058044433594e+01
-9.031811523437500000e+01,2.672878837585449219e+01
-9.031750488281250000e+01,2.672805786132812500e+01
-9.031781005859375000e+01,2.672855567932128906e+01
-9.031754302978515625e+01,2.672846603393554688e+01
-9.031756591796875000e+01,2.672799301147460938e+01
-9.031839752197265625e+01,2.672924804687500000e+01
-9.031741333007812500e+01,2.672799873352050781e+01
-9.031781768798828125e+01,2.672831726074218750e+01
-9.031775665283203125e+01,2.672792625427246094e+01
-9.031819152832031250e+01,2.672920989990234375e+01
-9.031751251220703125e+01,2.672839736938476562e+01
-9.031784057617187500e+01,2.672871780395507812e+01
-9.031814575195312500e+01,2.672867584228515625e+01
-9.031774139404296875e+01,2.672817039489746094e+01
-9.031822967529296875e+01,2.672924423217773438e+01
-9.031734466552734375e+01,2.672803306579589844e+01
-9.031784057617187500e+01,2.672898864746093750e+01
-9.031784820556640625e+01,2.672867012023925781e+01
-9.031793212890625000e+01,2.672805023193359375e+01
-9.031785583496093750e+01,2.672824096679687500e+01
-9.031834411621093750e+01,2.672896957397460938e+01
-9.031832885742187500e+01,2.672895050048828125e+01
-9.031786346435546875e+01,2.672879028320312500e+01
-9.031822967529296875e+01,2.672873306274414062e+01
-9.031821441650390625e+01,2.672913360595703125e+01
-9.031769561767578125e+01,2.672847175598144531e+01
-9.031790161132812500e+01,2.672893333435058594e+01
-9.031747436523437500e+01,2.672787666320800781e+01
-9.031805419921875000e+01,2.672895812988281250e+01
-9.031789398193359375e+01,2.672815513610839844e+01
-9.031784057617187500e+01,2.672867202758789062e+01
-9.031774139404296875e+01,2.672815132141113281e+01
-9.031746673583984375e+01,2.672834777832031250e+01
-9.031824493408203125e+01,2.672868728637695312e+01
-9.031804656982421875e+01,2.672870254516601562e+01
-9.031758880615234375e+01,2.672808265686035156e+01
-9.031774139404296875e+01,2.672814559936523438e+01
-9.031783294677734375e+01,2.672808456420898438e+01
-9.031766510009765625e+01,2.672790145874023438e+01
-9.031773376464843750e+01,2.672817230224609375e+01
-9.031752014160156250e+01,2.672813606262207031e+01
-9.031814575195312500e+01,2.672854423522949219e+01
-9.031746673583984375e+01,2.672783470153808594e+01
-9.031817626953125000e+01,2.672884750366210938e+01
-9.031805419921875000e+01,2.672858810424804688e+01
-9.031809997558593750e+01,2.672863769531250000e+01
-9.031761932373046875e+01,2.672826385498046875e+01
-9.031772613525390625e+01,2.672824287414550781e+01
-9.031778717041015625e+01,2.672887611389160156e+01
-9.031772613525390625e+01,2.672792243957519531e+01
-9.031770324707031250e+01,2.672795867919921875e+01
-9.031748962402343750e+01,2.672826004028320312e+01
-9.031749725341796875e+01,2.672790145874023438e+01
-9.031768035888671875e+01,2.672832489013671875e+01
-9.031771087646484375e+01,2.672791290283203125e+01
-9.031807708740234375e+01,2.672841453552246094e+01
-9.031771850585937500e+01,2.672841453552246094e+01
-9.031782531738281250e+01,2.672897720336914062e+01
-9.031780242919921875e+01,2.672887420654296875e+01
-9.031790161132812500e+01,2.672807121276855469e+01
-9.031783294677734375e+01,2.672858047485351562e+01
-9.031796264648437500e+01,2.672843933105468750e+01
-9.031817626953125000e+01,2.672875022888183594e+01
-9.031779479980468750e+01,2.672886085510253906e+01
-9.031807708740234375e+01,2.672839355468750000e+01
-9.031814575195312500e+01,2.672877883911132812e+01
-9.031772613525390625e+01,2.672846412658691406e+01
-9.031748962402343750e+01,2.672824096679687500e+01
-9.031811523437500000e+01,2.672885131835937500e+01
-9.031820678710937500e+01,2.672886657714843750e+01
-9.031845092773437500e+01,2.672908782958984375e+01
-9.031790161132812500e+01,2.672838020324707031e+01
-9.031790924072265625e+01,2.672833824157714844e+01
-9.031841278076171875e+01,2.672923278808593750e+01
-9.031750488281250000e+01,2.672788429260253906e+01
-9.031790924072265625e+01,2.672894287109375000e+01
-9.031751251220703125e+01,2.672835159301757812e+01
-9.031782531738281250e+01,2.672790527343750000e+01
-9.031806182861328125e+01,2.672883987426757812e+01
-9.031771850585937500e+01,2.672869110107421875e+01
-9.031812286376953125e+01,2.672848510742187500e+01
-9.031816101074218750e+01,2.672896575927734375e+01
-9.031764984130859375e+01,2.672867393493652344e+01
-9.031814575195312500e+01,2.672893142700195312e+01
-9.031784057617187500e+01,2.672806739807128906e+01
-9.031781005859375000e+01,2.672824287414550781e+01
-9.031775665283203125e+01,2.672834014892578125e+01
-9.031833648681640625e+01,2.672928047180175781e+01
-9.031781005859375000e+01,2.672802734375000000e+01
-9.031792449951171875e+01,2.672860145568847656e+01
-9.031797027587890625e+01,2.672857475280761719e+01
-9.031779479980468750e+01,2.672871208190917969e+01
-9.031790161132812500e+01,2.672822380065917969e+01
-9.031822967529296875e+01,2.672881126403808594e+01
-9.031757354736328125e+01,2.672819137573242188e+01
-9.031741333007812500e+01,2.672809028625488281e+01
-9.031774902343750000e+01,2.672888183593750000e+01
-9.031791687011718750e+01,2.672874259948730469e+01
-9.031815338134765625e+01,2.672877311706542969e+01
-9.031752777099609375e+01,2.672788810729980469e+01
-9.031771850585937500e+01,2.672815704345703125e+01
-9.031768035888671875e+01,2.672857475280761719e+01
-9.031785583496093750e+01,2.672803497314453125e+01
-9.031770324707031250e+01,2.672869300842285156e+01
-9.031817626953125000e+01,2.672884750366210938e+01
-9.031832885742187500e+01,2.672887802124023438e+01
-9.031826782226562500e+01,2.672879600524902344e+01
-9.031844329833984375e+01,2.672927665710449219e+01
-9.031810760498046875e+01,2.672861099243164062e+01
-9.031779479980468750e+01,2.672800445556640625e+01
-9.031784820556640625e+01,2.672792053222656250e+01
-9.031780242919921875e+01,2.672833061218261719e+01
-9.031790924072265625e+01,2.672865295410156250e+01
-9.031793212890625000e+01,2.672817230224609375e+01
-9.031768798828125000e+01,2.672825431823730469e+01
-9.031754302978515625e+01,2.672776794433593750e+01
-9.031784057617187500e+01,2.672873878479003906e+01
-9.031838226318359375e+01,2.672926330566406250e+01
-9.031760406494140625e+01,2.672800064086914062e+01
-9.031799316406250000e+01,2.672883224487304688e+01
-9.031773376464843750e+01,2.672840499877929688e+01
-9.031745147705078125e+01,2.672831916809082031e+01
-9.031764221191406250e+01,2.672858619689941406e+01
-9.031804656982421875e+01,2.672830009460449219e+01
-9.031729888916015625e+01,2.672800064086914062e+01
-9.031842041015625000e+01,2.672905731201171875e+01
-9.031785583496093750e+01,2.672871017456054688e+01
-9.031794738769531250e+01,2.672877502441406250e+01
-9.031764984130859375e+01,2.672805023193359375e+01
-9.031784057617187500e+01,2.672898674011230469e+01
-9.031775665283203125e+01,2.672839355468750000e+01
-9.031793212890625000e+01,2.672869682312011719e+01
-9.031755065917968750e+01,2.672808456420898438e+01
-9.031786346435546875e+01,2.672886276245117188e+01
-9.031806945800781250e+01,2.672874641418457031e+01
-9.031789398193359375e+01,2.672834205627441406e+01
-9.031823730468750000e+01,2.672887992858886719e+01
-9.031824493408203125e+01,2.672917175292968750e+01
-9.031793975830078125e+01,2.672853088378906250e+01
-9.031800079345703125e+01,2.672826004028320312e+01
-9.031776428222656250e+01,2.672874259948730469e+01
-9.031765747070312500e+01,2.672851371765136719e+01
-9.031774902343750000e+01,2.672790336608886719e+01
-9.031836700439453125e+01,2.672904586791992188e+01
-9.031775665283203125e+01,2.672883796691894531e+01
-9.031766510009765625e+01,2.672781944274902344e+01
-9.031749725341796875e+01,2.672787475585937500e+01
-9.031784057617187500e+01,2.672850608825683594e+01
-9.031758117675781250e+01,2.672813606262207031e+01
-9.031822204589843750e+01,2.672874069213867188e+01
-9.031785583496093750e+01,2.672817230224609375e+01
-9.031740570068359375e+01,2.672799110412597656e+01
-9.031809234619140625e+01,2.672847557067871094e+01
-9.031822967529296875e+01,2.672914505004882812e+01
-9.031790161132812500e+01,2.672809600830078125e+01
-9.031801605224609375e+01,2.672845840454101562e+01
-9.031783294677734375e+01,2.672791671752929688e+01
-9.031812286376953125e+01,2.672877693176269531e+01
-9.031835937500000000e+01,2.672914886474609375e+01
-9.031799316406250000e+01,2.672853469848632812e+01
-9.031786346435546875e+01,2.672806549072265625e+01
-9.031742095947265625e+01,2.672809982299804688e+01
-9.031755065917968750e+01,2.672832298278808594e+01
-9.031779479980468750e+01,2.672790527343750000e+01
-9.031832885742187500e+01,2.672893333435058594e+01
-9.031798553466796875e+01,2.672868347167968750e+01
-9.031804656982421875e+01,2.672856712341308594e+01
-9.031829071044921875e+01,2.672886276245117188e+01
-9.031800079345703125e+01,2.672895240783691406e+01
-9.031802368164062500e+01,2.672846603393554688e+01
-9.031796264648437500e+01,2.672833633422851562e+01
-9.031776428222656250e+01,2.672780036926269531e+01
-9.031798553466796875e+01,2.672891616821289062e+01
-9.031739807128906250e+01,2.672773933410644531e+01
-9.031749725341796875e+01,2.672818374633789062e+01
-9.031829071044921875e+01,2.672926902770996094e+01
-9.031757354736328125e+01,2.672795486450195312e+01
-9.031792449951171875e+01,2.672884368896484375e+01
-9.031784057617187500e+01,2.672822380065917969e+01
-9.031793975830078125e+01,2.672816658020019531e+01
-9.031816101074218750e+01,2.672860145568847656e+01
-9.031821441650390625e+01,2.672866439819335938e+01
-9.031790924072265625e+01,2.672839164733886719e+01
-9.031825256347656250e+01,2.672891807556152344e+01
-9.031813049316406250e+01,2.672883605957031250e+01
-9.031755828857421875e+01,2.672834968566894531e+01
-9.031806182861328125e+01,2.672849273681640625e+01
-9.031775665283203125e+01,2.672854423522949219e+01
-9.031787872314453125e+01,2.672814369201660156e+01
-9.031770324707031250e+01,2.672833061218261719e+01
-9.031781005859375000e+01,2.672849845886230469e+01
-9.031835174560546875e+01,2.672930526733398438e+01
-9.031784820556640625e+01,2.672899055480957031e+01
-9.031815338134765625e+01,2.672880363464355469e+01
-9.031818389892578125e+01,2.672895622253417969e+01
-9.031773376464843750e+01,2.672847747802734375e+01
-9.031826019287109375e+01,2.672874069213867188e+01
-9.031788635253906250e+01,2.672822380065917969e+01
-9.031748962402343750e+01,2.672830390930175781e+01
-9.031774902343750000e+01,2.672830772399902344e+01
-9.031800842285156250e+01,2.672860145568847656e+01
-9.031746673583984375e+01,2.672815513610839844e+01
-9.031742858886718750e+01,2.672826957702636719e+01
-9.031762695312500000e+01,2.672855949401855469e+01
-9.031763458251953125e+01,2.672811889648437500e+01
-9.031754302978515625e+01,2.672845268249511719e+01
-9.031732177734375000e+01,2.672799491882324219e+01
-9.031789398193359375e+01,2.672871398925781250e+01
-9.031768035888671875e+01,2.672840499877929688e+01
-9.031833648681640625e+01,2.672920417785644531e+01
-9.031826782226562500e+01,2.672897911071777344e+01
-9.031823730468750000e+01,2.672902488708496094e+01
-9.031754302978515625e+01,2.672838020324707031e+01
-9.031774902343750000e+01,2.672815704345703125e+01
-9.031806182861328125e+01,2.672832489013671875e+01
-9.031831359863281250e+01,2.672900009155273438e+01
-9.031844329833984375e+01,2.672909736633300781e+01
-9.031754302978515625e+01,2.672809791564941406e+01
-9.031745910644531250e+01,2.672832489013671875e+01
-9.031770324707031250e+01,2.672790718078613281e+01
-9.031772613525390625e+01,2.672817420959472656e+01
-9.031746673583984375e+01,2.672816085815429688e+01
-9.031794738769531250e+01,2.672864913940429688e+01
-9.031838989257812500e+01,2.672894287109375000e+01
-9.031809997558593750e+01,2.672878074645996094e+01
-9.031752777099609375e+01,2.672786712646484375e+01
-9.031811523437500000e+01,2.672865867614746094e+01
-9.031777191162109375e+01,2.672872734069824219e+01
-9.031804656982421875e+01,2.672881889343261719e+01
-9.031842041015625000e+01,2.672910881042480469e+01
-9.031817626953125000e+01,2.672878265380859375e+01
-9.031814575195312500e+01,2.672898674011230469e+01
-9.031796264648437500e+01,2.672838211059570312e+01
-9.031809234619140625e+01,2.672873306274414062e+01
-9.031769561767578125e+01,2.672843170166015625e+01
-9.031760406494140625e+01,2.672781944274902344e+01
-9.031785583496093750e+01,2.672884559631347656e+01
-9.031793212890625000e+01,2.672839355468750000e+01
-9.031752777099609375e+01,2.672778129577636719e+01
-9.031790924072265625e+01,2.672865486145019531e+01
-9.031812286376953125e+01,2.672881507873535156e+01
-9.031796264648437500e+01,2.672894859313964844e+01
-9.031807708740234375e+01,2.672868919372558594e+01
-9.031774139404296875e+01,2.672817611694335938e+01
-9.031799316406250000e+01,2.672821235656738281e+01
-9.031806945800781250e+01,2.672841835021972656e+01
-9.031838989257812500e+01,2.672922897338867188e+01
-9.031789398193359375e+01,2.672899055480957031e+01
-9.031812286376953125e+01,2.672860527038574219e+01
-9.031814575195312500e+01,2.672899246215820312e+01
-9.031816101074218750e+01,2.672877883911132812e+01
-9.031790924072265625e+01,2.672817420959472656e+01
-9.031767272949218750e+01,2.672847747802734375e+01
-9.031819915771484375e+01,2.672922897338867188e+01
-9.031793975830078125e+01,2.672836875915527344e+01
-9.031759643554687500e+01,2.672853279113769531e+01
-9.031762695312500000e+01,2.672786712646484375e+01
-9.031788635253906250e+01,2.672872352600097656e+01
-9.031842041015625000e+01,2.672897720336914062e+01
-9.031785583496093750e+01,2.672797203063964844e+01
-9.031833648681640625e+01,2.672927093505859375e+01
-9.031790161132812500e+01,2.672835159301757812e+01
-9.031783294677734375e+01,2.672870445251464844e+01
-9.031762695312500000e+01,2.672853660583496094e+01
-9.031799316406250000e+01,2.672900581359863281e+01
-9.031825256347656250e+01,2.672914123535156250e+01
-9.031770324707031250e+01,2.672828292846679688e+01
-9.031806945800781250e+01,2.672845077514648438e+01
-9.031845092773437500e+01,2.672930526733398438e+01
-9.031814575195312500e+01,2.672901344299316406e+01
-9.031829833984375000e+01,2.672908401489257812e+01
-9.031769561767578125e+01,2.672858047485351562e+01
-9.031815338134765625e+01,2.672888755798339844e+01
-9.031797790527343750e+01,2.672880554199218750e+01
-9.031779479980468750e+01,2.672888755798339844e+01
-9.031819152832031250e+01,2.672893714904785156e+01
-9.031793212890625000e+01,2.672868537902832031e+01
-9.031726074218750000e+01,2.672795867919921875e+01
-9.031801605224609375e+01,2.672861289978027344e+01
-9.031758117675781250e+01,2.672833633422851562e+01
-9.031814575195312500e+01,2.672845649719238281e+01
-9.031827545166015625e+01,2.672907829284667969e+01
-9.031780242919921875e+01,2.672860717773437500e+01
-9.031801605224609375e+01,2.672846031188964844e+01
-9.031742095947265625e+01,2.672800636291503906e+01
-9.031830596923828125e+01,2.672891426086425781e+01
-9.031842803955078125e+01,2.672925376892089844e+01
-9.031797027587890625e+01,2.672824478149414062e+01
-9.031798553466796875e+01,2.672838211059570312e+01
-9.031774902343750000e+01,2.672818565368652344e+01
-9.031787872314453125e+01,2.672896575927734375e+01
-9.031798553466796875e+01,2.672879028320312500e+01
-9.031760406494140625e+01,2.672797203063964844e+01
-9.031771850585937500e+01,2.672844314575195312e+01
-9.031752777099609375e+01,2.672825813293457031e+01
-9.031764984130859375e+01,2.672794723510742188e+01
-9.031771850585937500e+01,2.672864532470703125e+01
-9.031794738769531250e+01,2.672890472412109375e+01
-9.031819152832031250e+01,2.672914695739746094e+01
-9.031747436523437500e+01,2.672800064086914062e+01
-9.031783294677734375e+01,2.672872734069824219e+01
-9.031829071044921875e+01,2.672887039184570312e+01
-9.031746673583984375e+01,2.672784996032714844e+01
-9.031778717041015625e+01,2.672813606262207031e+01
-9.031786346435546875e+01,2.672897720336914062e+01
-9.031814575195312500e+01,2.672873497009277344e+01
-9.031768035888671875e+01,2.672791099548339844e+01
-9.031767272949218750e+01,2.672796630859375000e+01
-9.031797027587890625e+01,2.672834587097167969e+01
-9.031814575195312500e+01,2.672908592224121094e+01
-9.031777191162109375e+01,2.672784233093261719e+01
-9.031776428222656250e+01,2.672886466979980469e+01
-9.031787109375000000e+01,2.672870826721191406e+01
-9.031766510009765625e+01,2.672791481018066406e+01
-9.031815338134765625e+01,2.672870254516601562e+01
-9.031729125976562500e+01,2.672796058654785156e+01
-9.031809234619140625e+01,2.672896957397460938e+01
-9.031796264648437500e+01,2.672820854187011719e+01
-9.031804656982421875e+01,2.672840499877929688e+01
-9.031757354736328125e+01,2.672820854187011719e+01
-9.031759643554687500e+01,2.672852325439453125e+01
-9.031806945800781250e+01,2.672831726074218750e+01
-9.031761932373046875e+01,2.672784805297851562e+01
-9.031763458251953125e+01,2.672820663452148438e+01
-9.031823730468750000e+01,2.672915840148925781e+01
-9.031760406494140625e+01,2.672855758666992188e+01
-9.031788635253906250e+01,2.672848892211914062e+01
-9.031773376464843750e+01,2.672867965698242188e+01
-9.031769561767578125e+01,2.672799301147460938e+01
-9.031783294677734375e+01,2.672819709777832031e+01
-9.031785583496093750e+01,2.672881126403808594e+01
-9.031831359863281250e+01,2.672881507873535156e+01
-9.031781768798828125e+01,2.672821044921875000e+01
-9.031826782226562500e+01,2.672919464111328125e+01
-9.031835937500000000e+01,2.672893333435058594e+01
-9.031827545166015625e+01,2.672878074645996094e+01
-9.031791687011718750e+01,2.672871017456054688e+01
-9.031797790527343750e+01,2.672882270812988281e+01
-9.031789398193359375e+01,2.672867393493652344e+01
-9.031780242919921875e+01,2.672823524475097656e+01
-9.031816864013671875e+01,2.672873306274414062e+01
-9.031838226318359375e+01,2.672922706604003906e+01
-9.031767272949218750e+01,2.672843933105468750e+01
-9.031787872314453125e+01,2.672830200195312500e+01
-9.031733703613281250e+01,2.672806167602539062e+01
-9.031822967529296875e+01,2.672875595092773438e+01
-9.031774902343750000e+01,2.672820091247558594e+01
-9.031816864013671875e+01,2.672885513305664062e+01
-9.031793975830078125e+01,2.672869873046875000e+01
-9.031756591796875000e+01,2.672813415527343750e+01
-9.031821441650390625e+01,2.672907447814941406e+01
-9.031797790527343750e+01,2.672897911071777344e+01
-9.031817626953125000e+01,2.672856330871582031e+01
-9.031790161132812500e+01,2.672799873352050781e+01
-9.031743621826171875e+01,2.672815895080566406e+01
-9.031770324707031250e+01,2.672860336303710938e+01
-9.031773376464843750e+01,2.672847747802734375e+01
-9.031838989257812500e+01,2.672924423217773438e+01
-9.031761932373046875e+01,2.672784614562988281e+01
-9.031800842285156250e+01,2.672838211059570312e+01
-9.031839752197265625e+01,2.672908973693847656e+01
-9.031820678710937500e+01,2.672895431518554688e+01
-9.031819915771484375e+01,2.672916030883789062e+01
-9.031831359863281250e+01,2.672910881042480469e+01
-9.031831359863281250e+01,2.672921180725097656e+01
-9.031840515136718750e+01,2.672928619384765625e+01
-9.031825256347656250e+01,2.672881126403808594e+01
-9.031826782226562500e+01,2.672899246215820312e+01
-9.031791687011718750e+01,2.672868919372558594e+01
-9.031747436523437500e+01,2.672833251953125000e+01
-9.031751251220703125e+01,2.672782516479492188e+01
-9.031770324707031250e+01,2.672827720642089844e+01
-9.031743621826171875e+01,2.672808647155761719e+01
-9.031764984130859375e+01,2.672857284545898438e+01
-9.031845855712890625e+01,2.672910881042480469e+01
-9.031735229492187500e+01,2.672803878784179688e+01
-9.031739807128906250e+01,2.672813606262207031e+01
-9.031750488281250000e+01,2.672828292846679688e+01
-9.031822204589843750e+01,2.672928619384765625e+01
-9.031793975830078125e+01,2.672815895080566406e+01
-9.031780242919921875e+01,2.672879981994628906e+01
-9.031798553466796875e+01,2.672827339172363281e+01
-9.031789398193359375e+01,2.672828674316406250e+01
-9.031790924072265625e+01,2.672825622558593750e+01
-9.031759643554687500e+01,2.672809600830078125e+01
-9.031788635253906250e+01,2.672835922241210938e+01
-9.031771087646484375e+01,2.672875785827636719e+01
-9.031833648681640625e+01,2.672931861877441406e+01
-9.031798553466796875e+01,2.672847557067871094e+01
-9.031790924072265625e+01,2.672894096374511719e+01
-9.031771850585937500e+01,2.672808837890625000e+01
-9.031830596923828125e+01,2.672898292541503906e+01
-9.031773376464843750e+01,2.672856903076171875e+01
-9.031751251220703125e+01,2.672816085815429688e+01
-9.031798553466796875e+01,2.672902679443359375e+01
-9.031784057617187500e+01,2.672799682617187500e+01
-9.031771087646484375e+01,2.672808074951171875e+01
-9.031781768798828125e+01,2.672784042358398438e+01
-9.031768035888671875e+01,2.672842597961425781e+01
-9.031817626953125000e+01,2.672892570495605469e+01
-9.031793975830078125e+01,2.672822380065917969e+01
-9.031803894042968750e+01,2.672861671447753906e+01
-9.031778717041015625e+01,2.672783660888671875e+01
-9.031777954101562500e+01,2.672809410095214844e+01
-9.031807708740234375e+01,2.672878837585449219e+01
-9.031784057617187500e+01,2.672891998291015625e+01
-9.031733703613281250e+01,2.672807693481445312e+01
-9.031803131103515625e+01,2.672827148437500000e+01
-9.031761932373046875e+01,2.672836494445800781e+01
-9.031777191162109375e+01,2.672781753540039062e+01
-9.031766510009765625e+01,2.672866821289062500e+01
-9.031828308105468750e+01,2.672921371459960938e+01
-9.031805419921875000e+01,2.672862434387207031e+01
-9.031760406494140625e+01,2.672799110412597656e+01
-9.031783294677734375e+01,2.672876358032226562e+01
-9.031808471679687500e+01,2.672852325439453125e+01
-9.031829071044921875e+01,2.672896766662597656e+01
-9.031781005859375000e+01,2.672861671447753906e+01
-9.031750488281250000e+01,2.672806739807128906e+01
-9.031739807128906250e+01,2.672823143005371094e+01
-9.031784820556640625e+01,2.672798919677734375e+01
-9.031776428222656250e+01,2.672793960571289062e+01
-9.031758880615234375e+01,2.672807884216308594e+01
-9.031771850585937500e+01,2.672864723205566406e+01
-9.031757354736328125e+01,2.672798728942871094e+01
-9.031748962402343750e+01,2.672820281982421875e+01
-9.031774902343750000e+01,2.672842216491699219e+01
-9.031798553466796875e+01,2.672890281677246094e+01
-9.031770324707031250e+01,2.672801399230957031e+01
-9.031814575195312500e+01,2.672900390625000000e+01
-9.031827545166015625e+01,2.672888374328613281e+01
-9.031774902343750000e+01,2.672815513610839844e+01
-9.031768798828125000e+01,2.672829627990722656e+01
-9.031835174560546875e+01,2.672896575927734375e+01
-9.031812286376953125e+01,2.672870254516601562e+01
-9.031800842285156250e+01,2.672831153869628906e+01
-9.031781005859375000e+01,2.672807884216308594e+01
-9.031797790527343750e+01,2.672836494445800781e+01
-9.031802368164062500e+01,2.672900390625000000e+01
-9.031745910644531250e+01,2.672802925109863281e+01
-9.031819915771484375e+01,2.672898101806640625e+01
-9.031772613525390625e+01,2.672834014892578125e+01
-9.031790924072265625e+01,2.672836303710937500e+01
-9.031765747070312500e+01,2.672813415527343750e+01
-9.031781005859375000e+01,2.672789764404296875e+01
-9.031802368164062500e+01,2.672868156433105469e+01
-9.031761169433593750e+01,2.672815704345703125e+01
-9.031816864013671875e+01,2.672861671447753906e+01
-9.031770324707031250e+01,2.672811889648437500e+01
-9.031777954101562500e+01,2.672877311706542969e+01
-9.031754302978515625e+01,2.672778320312500000e+01
-9.031777954101562500e+01,2.672888183593750000e+01
-9.031839752197265625e+01,2.672930335998535156e+01
-9.031786346435546875e+01,2.672887992858886719e+01
-9.031739044189453125e+01,2.672798347473144531e+01
-9.031781768798828125e+01,2.672798156738281250e+01
-9.031788635253906250e+01,2.672808647155761719e+01
-9.031813812255859375e+01,2.672906684875488281e+01
-9.031808471679687500e+01,2.672904014587402344e+01
-9.031742095947265625e+01,2.672809219360351562e+01
-9.031826019287109375e+01,2.672896766662597656e+01
-9.031775665283203125e+01,2.672809028625488281e+01
-9.031811523437500000e+01,2.672860145568847656e+01
-9.031761169433593750e+01,2.672811698913574219e+01
-9.031783294677734375e+01,2.672890281677246094e+01
-9.031771850585937500e+01,2.672803688049316406e+01
-9.031769561767578125e+01,2.672802352905273438e+01
-9.031768798828125000e+01,2.672851943969726562e+01
-9.031742858886718750e+01,2.672812843322753906e+01
-9.031800842285156250e+01,2.672867774963378906e+01
-9.031828308105468750e+01,2.672875785827636719e+01
-9.031744384765625000e+01,2.672816467285156250e+01
-9.031816101074218750e+01,2.672854614257812500e+01
-9.031778717041015625e+01,2.672837257385253906e+01
-9.031816101074218750e+01,2.672886466979980469e+01
-9.031820678710937500e+01,2.672867584228515625e+01
-9.031788635253906250e+01,2.672802162170410156e+01
-9.031777191162109375e+01,2.672835731506347656e+01
-9.031752777099609375e+01,2.672790145874023438e+01
-9.031776428222656250e+01,2.672835159301757812e+01
-9.031813049316406250e+01,2.672911071777343750e+01
-9.031752014160156250e+01,2.672779083251953125e+01
-9.031782531738281250e+01,2.672885513305664062e+01
-9.031796264648437500e+01,2.672825813293457031e+01
-9.031781768798828125e+01,2.672845649719238281e+01
-9.031808471679687500e+01,2.672857093811035156e+01
-9.031784057617187500e+01,2.672853469848632812e+01
-9.031761932373046875e+01,2.672801589965820312e+01
-9.031843566894531250e+01,2.672925186157226562e+01
-9.031804656982421875e+01,2.672901153564453125e+01
-9.031793212890625000e+01,2.672838211059570312e+01
-9.031803131103515625e+01,2.672848320007324219e+01
-9.031803131103515625e+01,2.672849082946777344e+01
-9.031792449951171875e+01,2.672892570495605469e+01
-9.031794738769531250e+01,2.672817993164062500e+01
-9.031783294677734375e+01,2.672839736938476562e+01
-9.031742095947265625e+01,2.672774314880371094e+01
-9.031749725341796875e+01,2.672804069519042969e+01
-9.031798553466796875e+01,2.672814750671386719e+01
-9.031784820556640625e+01,2.672874259948730469e+01
-9.031784820556640625e+01,2.672853851318359375e+01
-9.031784057617187500e+01,2.672803688049316406e+01
-9.031747436523437500e+01,2.672819137573242188e+01
-9.031781768798828125e+01,2.672839546203613281e+01
-9.031770324707031250e+01,2.672807884216308594e+01
-9.031764221191406250e+01,2.672814369201660156e+01
-9.031772613525390625e+01,2.672878265380859375e+01
-9.031758880615234375e+01,2.672805213928222656e+01
-9.031764984130859375e+01,2.672815132141113281e+01
-9.031813049316406250e+01,2.672912025451660156e+01
-9.031805419921875000e+01,2.672892761230468750e+01
-9.031797790527343750e+01,2.672846412658691406e+01
-9.031747436523437500e+01,2.672818756103515625e+01
-9.031824493408203125e+01,2.672881889343261719e+01
-9.031758880615234375e+01,2.672834205627441406e+01
-9.031766510009765625e+01,2.672780609130859375e+01
-9.031777954101562500e+01,2.672833061218261719e+01
-9.031750488281250000e+01,2.672827148437500000e+01
-9.031752777099609375e+01,2.672846031188964844e+01
-9.031791687011718750e+01,2.672818374633789062e+01
-9.031752777099609375e+01,2.672836494445800781e+01
-9.031827545166015625e+01,2.672905158996582031e+01
-9.031774139404296875e+01,2.672812080383300781e+01
-9.031779479980468750e+01,2.672809600830078125e+01
-9.031745147705078125e+01,2.672808265686035156e+01
-9.031762695312500000e+01,2.672812652587890625e+01
-9.031785583496093750e+01,2.672859573364257812e+01
-9.031826782226562500e+01,2.672908592224121094e+01
-9.031826019287109375e+01,2.672871589660644531e+01
-9.031752014160156250e+01,2.672813415527343750e+01
-9.031838989257812500e+01,2.672919464111328125e+01
-9.031749725341796875e+01,2.672800064086914062e+01
-9.031825256347656250e+01,2.672926712036132812e+01
-9.031761932373046875e+01,2.672830772399902344e+01
-9.031767272949218750e+01,2.672845840454101562e+01
-9.031755828857421875e+01,2.672836303710937500e+01
-9.031798553466796875e+01,2.672824096679687500e+01
-9.031772613525390625e+01,2.672858619689941406e+01
-9.031812286376953125e+01,2.672912025451660156e+01
-9.031835937500000000e+01,2.672887992858886719e+01
-9.031800079345703125e+01,2.672825813293457031e+01
-9.031798553466796875e+01,2.672877502441406250e+01
-9.031831359863281250e+01,2.672878646850585938e+01
-9.031806945800781250e+01,2.672904968261718750e+01
-9.031826019287109375e+01,2.672880363464355469e+01
-9.031819152832031250e+01,2.672897338867187500e+01
-9.031809234619140625e+01,2.672901153564453125e+01
-9.031760406494140625e+01,2.672791099548339844e+01
-9.031810760498046875e+01,2.672886085510253906e+01
-9.031746673583984375e+01,2.672830581665039062e+01
-9.031829833984375000e+01,2.672927093505859375e+01
-9.031779479980468750e+01,2.672861099243164062e+01
-9.031787872314453125e+01,2.672844314575195312e+01
-9.031761169433593750e+01,2.672819900512695312e+01
-9.031756591796875000e+01,2.672779464721679688e+01
-9.031794738769531250e+01,2.672894859313964844e+01
-9.031781005859375000e+01,2.672891426086425781e+01
-9.031838226318359375e+01,2.672903633117675781e+01
-9.031830596923828125e+01,2.672882843017578125e+01
-9.031781005859375000e+01,2.672783851623535156e+01
-9.031814575195312500e+01,2.672902297973632812e+01
-9.031796264648437500e+01,2.672846031188964844e+01
-9.031821441650390625e+01,2.672875785827636719e+01
-9.031771850585937500e+01,2.672877883911132812e+01
-9.031751251220703125e+01,2.672836685180664062e+01
-9.031781768798828125e+01,2.672869491577148438e+01
-9.031787109375000000e+01,2.672880172729492188e+01
-9.031761932373046875e+01,2.672799301147460938e+01
-9.031795501708984375e+01,2.672810554504394531e+01
-9.031746673583984375e+01,2.672832870483398438e+01
-9.031822204589843750e+01,2.672898483276367188e+01
-9.031822204589843750e+01,2.672894096374511719e+01
-9.031771850585937500e+01,2.672819709777832031e+01
-9.031803131103515625e+01,2.672896957397460938e+01
-9.031774139404296875e+01,2.672831153869628906e+01
-9.031779479980468750e+01,2.672885131835937500e+01
-9.031797027587890625e+01,2.672870445251464844e+01
-9.031764984130859375e+01,2.672798538208007812e+01
-9.031816101074218750e+01,2.672888755798339844e+01
-9.031764221191406250e+01,2.672857475280761719e+01
-9.031790924072265625e+01,2.672803497314453125e+01
-9.031746673583984375e+01,2.672829055786132812e+01
-9.031814575195312500e+01,2.672847557067871094e+01
-9.031775665283203125e+01,2.672872734069824219e+01
-9.031773376464843750e+01,2.672832489013671875e+01
-9.031780242919921875e+01,2.672874832153320312e+01
-9.031798553466796875e+01,2.672850036621093750e+01
-9.031822204589843750e+01,2.672910881042480469e+01
-9.031783294677734375e+01,2.672844123840332031e+01
-9.031813049316406250e+01,2.672869300842285156e+01
-9.031803894042968750e+01,2.672872924804687500e+01
-9.031777191162109375e+01,2.672830390930175781e+01
-9.031793975830078125e+01,2.672851562500000000e+01
-9.031755828857421875e+01,2.672835731506347656e+01
-9.031819915771484375e+01,2.672864151000976562e+01
-9.031839752197265625e+01,2.672925186157226562e+01
-9.031773376464843750e+01,2.672875976562500000e+01
-9.031802368164062500e+01,2.672867584228515625e+01
-9.031786346435546875e+01,2.672867393493652344e+01
-9.031771850585937500e+01,2.672813034057617188e+01
-9.031770324707031250e+01,2.672818183898925781e+01
-9.031761932373046875e+01,2.672793960571289062e+01
-9.031758117675781250e+01,2.672807121276855469e+01
-9.031809234619140625e+01,2.672902297973632812e+01
-9.031767272949218750e+01,2.672782707214355469e+01
-9.031839752197265625e+01,2.672903442382812500e+01
-9.031774902343750000e+01,2.672791862487792969e+01
-9.031771087646484375e+01,2.672798538208007812e+01
-9.031768035888671875e+01,2.672827339172363281e+01
-9.031752777099609375e+01,2.672782897949218750e+01
-9.031753540039062500e+01,2.672812652587890625e+01
-9.031772613525390625e+01,2.672842025756835938e+01
-9.031752777099609375e+01,2.672798728942871094e+01
-9.031748962402343750e+01,2.672824668884277344e+01
-9.031804656982421875e+01,2.672878837585449219e+01
-9.031790161132812500e+01,2.672801017761230469e+01
-9.031798553466796875e+01,2.672892570495605469e+01
-9.031739807128906250e+01,2.672818374633789062e+01
-9.031789398193359375e+01,2.672843360900878906e+01
-9.031761169433593750e+01,2.672811889648437500e+01
-9.031780242919921875e+01,2.672876167297363281e+01
-9.031790161132812500e+01,2.672888565063476562e+01
-9.031808471679687500e+01,2.672850418090820312e+01
-9.031761932373046875e+01,2.672791099548339844e+01
-9.031779479980468750e+01,2.672788047790527344e+01
-9.031733703613281250e+01,2.672807693481445312e+01
-9.031777954101562500e+01,2.672867965698242188e+01
-9.031827545166015625e+01,2.672912025451660156e+01
-9.031824493408203125e+01,2.672883796691894531e+01
-9.031836700439453125e+01,2.672890663146972656e+01
-9.031735229492187500e+01,2.672797775268554688e+01
-9.031733703613281250e+01,2.672807502746582031e+01
-9.031774902343750000e+01,2.672792434692382812e+01
-9.031775665283203125e+01,2.672871398925781250e+01
-9.031762695312500000e+01,2.672861289978027344e+01
-9.031800842285156250e+01,2.672821235656738281e+01
-9.031790924072265625e+01,2.672832870483398438e+01
-9.031838226318359375e+01,2.672908210754394531e+01
-9.031786346435546875e+01,2.672860145568847656e+01
-9.031759643554687500e+01,2.672836303710937500e+01
-9.031771087646484375e+01,2.672853279113769531e+01
-9.031742858886718750e+01,2.672817420959472656e+01
-9.031808471679687500e+01,2.672850227355957031e+01
-9.031797027587890625e+01,2.672879600524902344e+01
-9.031797790527343750e+01,2.672820854187011719e+01
-9.031768035888671875e+01,2.672839736938476562e+01
-9.031776428222656250e+01,2.672804260253906250e+01
-9.031804656982421875e+01,2.672842788696289062e+01
-9.031808471679687500e+01,2.672874450683593750e+01
-9.031759643554687500e+01,2.672838401794433594e+01
-9.031763458251953125e+01,2.672837448120117188e+01
-9.031746673583984375e+01,2.672812652587890625e+01
-9.031771850585937500e+01,2.672813606262207031e+01
-9.031746673583984375e+01,2.672785758972167969e+01
-9.031818389892578125e+01,2.672852516174316406e+01
-9.031774139404296875e+01,2.672826194763183594e+01
-9.031829071044921875e+01,2.672879791259765625e+01
-9.031822204589843750e+01,2.672876358032226562e+01
-9.031821441650390625e+01,2.672903823852539062e+01
-9.031803131103515625e+01,2.672885704040527344e+01
-9.031780242919921875e+01,2.672862052917480469e+01
-9.031832122802734375e+01,2.672921943664550781e+01
-9.031802368164062500e+01,2.672890663146972656e+01
-9.031817626953125000e+01,2.672912216186523438e+01
-9.031781768798828125e+01,2.672887802124023438e+01
-9.031831359863281250e+01,2.672884559631347656e+01
-9.031773376464843750e+01,2.672856330871582031e+01
-9.031835174560546875e+01,2.672887611389160156e+01
-9.031782531738281250e+01,2.672883033752441406e+01
-9.031798553466796875e+01,2.672888183593750000e+01
-9.031834411621093750e+01,2.672929191589355469e+01
-9.031787872314453125e+01,2.672875022888183594e+01
-9.031754302978515625e+01,2.672811889648437500e+01
-9.031781005859375000e+01,2.672818565368652344e+01
-9.031764221191406250e+01,2.672802925109863281e+01
-9.031799316406250000e+01,2.672836685180664062e+01
-9.031775665283203125e+01,2.672811698913574219e+01
-9.031845092773437500e+01,2.672927665710449219e+01
-9.031816101074218750e+01,2.672917556762695312e+01
-9.031758117675781250e+01,2.672835540771484375e+01
-9.031777191162109375e+01,2.672830200195312500e+01
-9.031835174560546875e+01,2.672923469543457031e+01
-9.031758880615234375e+01,2.672846794128417969e+01
-9.031752777099609375e+01,2.672787857055664062e+01
-9.031737518310546875e+01,2.672804832458496094e+01
-9.031806182861328125e+01,2.672898483276367188e+01
-9.031803894042968750e+01,2.672833824157714844e+01
-9.031764221191406250e+01,2.672805595397949219e+01
-9.031818389892578125e+01,2.672912788391113281e+01
-9.031822967529296875e+01,2.672891426086425781e+01
-9.031800079345703125e+01,2.672831153869628906e+01
-9.031759643554687500e+01,2.672835922241210938e+01
-9.031804656982421875e+01,2.672856330871582031e+01
-9.031761169433593750e+01,2.672849464416503906e+01
-9.031785583496093750e+01,2.672857856750488281e+01
-9.031778717041015625e+01,2.672826576232910156e+01
-9.031761169433593750e+01,2.672839546203613281e+01
-9.031759643554687500e+01,2.672809410095214844e+01
-9.031768035888671875e+01,2.672856330871582031e+01
-9.031833648681640625e+01,2.672921943664550781e+01
-9.031786346435546875e+01,2.672820281982421875e+01
-9.031763458251953125e+01,2.672835731506347656e+01
-9.031754302978515625e+01,2.672824096679687500e+01
-9.031756591796875000e+01,2.672836685180664062e+01
-9.031773376464843750e+01,2.672875022888183594e+01
-9.031816101074218750e+01,2.672916984558105469e+01
-9.031768798828125000e+01,2.672788810729980469e+01
-9.031806182861328125e+01,2.672846603393554688e+01
-9.031769561767578125e+01,2.672842979431152344e+01
-9.031766510009765625e+01,2.672873497009277344e+01
-9.031820678710937500e+01,2.672870445251464844e+01
-9.031775665283203125e+01,2.672780227661132812e+01
-9.031819152832031250e+01,2.672900962829589844e+01
-9.031748962402343750e+01,2.672813987731933594e+01
-9.031793975830078125e+01,2.672865295410156250e+01
-9.031793975830078125e+01,2.672808074951171875e+01
-9.031790924072265625e+01,2.672831726074218750e+01
-9.031815338134765625e+01,2.672869110107421875e+01
-9.031818389892578125e+01,2.672897338867187500e+01
-9.031826019287109375e+01,2.672913169860839844e+01
-9.031803131103515625e+01,2.672881698608398438e+01
-9.031835937500000000e+01,2.672908401489257812e+01
-9.031803894042968750e+01,2.672851753234863281e+01
-9.031796264648437500e+01,2.672837829589843750e+01
-9.031777191162109375e+01,2.672800445556640625e+01
-9.031817626953125000e+01,2.672909927368164062e+01
-9.031766510009765625e+01,2.672850990295410156e+01
-9.031824493408203125e+01,2.672929573059082031e+01
-9.031802368164062500e+01,2.672829055786132812e+01
-9.031790161132812500e+01,2.672813415527343750e+01
-9.031790161132812500e+01,2.672837448120117188e+01
-9.031777954101562500e+01,2.672799301147460938e+01
-9.031800079345703125e+01,2.672867393493652344e+01
-9.031793212890625000e+01,2.672824478149414062e+01
-9.031791687011718750e+01,2.672883224487304688e+01
-9.031768035888671875e+01,2.672781181335449219e+01
-9.031766510009765625e+01,2.672848129272460938e+01
-9.031766510009765625e+01,2.672790336608886719e+01
-9.031762695312500000e+01,2.672843360900878906e+01
-9.031793975830078125e+01,2.672806358337402344e+01
-9.031745147705078125e+01,2.672811508178710938e+01
-9.031816864013671875e+01,2.672874450683593750e+01
-9.031841278076171875e+01,2.672903251647949219e+01
-9.031761932373046875e+01,2.672820663452148438e+01
-9.031789398193359375e+01,2.672900009155273438e+01
-9.031740570068359375e+01,2.672805023193359375e+01
-9.031783294677734375e+01,2.672815895080566406e+01
-9.031794738769531250e+01,2.672843551635742188e+01
-9.031740570068359375e+01,2.672800636291503906e+01
-9.031791687011718750e+01,2.672851753234863281e+01
-9.031745147705078125e+01,2.672821044921875000e+01
-9.031823730468750000e+01,2.672864723205566406e+01
-9.031815338134765625e+01,2.672896194458007812e+01
-9.031793212890625000e+01,2.672831916809082031e+01
-9.031784820556640625e+01,2.672845268249511719e+01
-9.031758880615234375e+01,2.672855377197265625e+01
-9.031785583496093750e+01,2.672861671447753906e+01
-9.031760406494140625e+01,2.672805213928222656e+01
-9.031777954101562500e+01,2.672862625122070312e+01
-9.031784820556640625e+01,2.672847175598144531e+01
-9.031768035888671875e+01,2.672803115844726562e+01
-9.031784820556640625e+01,2.672839355468750000e+01
-9.031776428222656250e+01,2.672798156738281250e+01
-9.031777191162109375e+01,2.672871780395507812e+01
-9.031771850585937500e+01,2.672864913940429688e+01
-9.031779479980468750e+01,2.672822380065917969e+01
-9.031757354736328125e+01,2.672806549072265625e+01
-9.031760406494140625e+01,2.672811317443847656e+01
-9.031829071044921875e+01,2.672901535034179688e+01
-9.031820678710937500e+01,2.672918510437011719e+01
-9.031816101074218750e+01,2.672855567932128906e+01
-9.031832885742187500e+01,2.672915077209472656e+01
-9.031756591796875000e+01,2.672817230224609375e+01
-9.031837463378906250e+01,2.672904586791992188e+01
-9.031784057617187500e+01,2.672801589965820312e+01
-9.031782531738281250e+01,2.672815895080566406e+01
-9.031763458251953125e+01,2.672780799865722656e+01
-9.031814575195312500e+01,2.672866058349609375e+01
-9.031797790527343750e+01,2.672872352600097656e+01
-9.031835937500000000e+01,2.672897720336914062e+01
-9.031745910644531250e+01,2.672828292846679688e+01
-9.031785583496093750e+01,2.672823143005371094e+01
-9.031745147705078125e+01,2.672782897949218750e+01
-9.031803131103515625e+01,2.672866821289062500e+01
-9.031792449951171875e+01,2.672894096374511719e+01
-9.031804656982421875e+01,2.672856330871582031e+01
-9.031824493408203125e+01,2.672903823852539062e+01
-9.031774902343750000e+01,2.672796440124511719e+01
-9.031824493408203125e+01,2.672901535034179688e+01
-9.031770324707031250e+01,2.672823715209960938e+01
-9.031758117675781250e+01,2.672838401794433594e+01
-9.031750488281250000e+01,2.672823715209960938e+01
-9.031772613525390625e+01,2.672788810729980469e+01
-9.031777954101562500e+01,2.672875022888183594e+01
-9.031770324707031250e+01,2.672785568237304688e+01
-9.031784820556640625e+01,2.672798919677734375e+01
-9.031800079345703125e+01,2.672861480712890625e+01
-9.031758117675781250e+01,2.672817230224609375e+01
-9.031826019287109375e+01,2.672894287109375000e+01
-9.031764221191406250e+01,2.672791099548339844e+01
-9.031824493408203125e+01,2.672881698608398438e+01
-9.031821441650390625e+01,2.672927856445312500e+01
-9.031786346435546875e+01,2.672855377197265625e+01
-9.031764984130859375e+01,2.672804069519042969e+01
-9.031747436523437500e+01,2.672812461853027344e+01
-9.031775665283203125e+01,2.672786903381347656e+01
-9.031767272949218750e+01,2.672778701782226562e+01
-9.031764984130859375e+01,2.672864913940429688e+01
-9.031758880615234375e+01,2.672786903381347656e+01
-9.031750488281250000e+01,2.672811126708984375e+01
-9.031793975830078125e+01,2.672883987426757812e+01
-9.031766510009765625e+01,2.672872924804687500e+01
-9.031768035888671875e+01,2.672802734375000000e+01
-9.031805419921875000e+01,2.672858619689941406e+01
-9.031813049316406250e+01,2.672848701477050781e+01
-9.031843566894531250e+01,2.672904586791992188e+01
-9.031758880615234375e+01,2.672838020324707031e+01
-9.031783294677734375e+01,2.672823333740234375e+01
-9.031819152832031250e+01,2.672861480712890625e+01
-9.031779479980468750e+01,2.672855758666992188e+01
-9.031777191162109375e+01,2.672835540771484375e+01
-9.031778717041015625e+01,2.672892379760742188e+01
-9.031816101074218750e+01,2.672859954833984375e+01
-9.031764221191406250e+01,2.672830009460449219e+01
-9.031750488281250000e+01,2.672824287414550781e+01
-9.031747436523437500e+01,2.672824478149414062e+01
-9.031819915771484375e+01,2.672874069213867188e+01
-9.031820678710937500e+01,2.672913742065429688e+01
-9.031771850585937500e+01,2.672875785827636719e+01
-9.031753540039062500e+01,2.672804260253906250e+01
-9.031730651855468750e+01,2.672800827026367188e+01
-9.031818389892578125e+01,2.672893905639648438e+01
-9.031813049316406250e+01,2.672885322570800781e+01
-9.031838989257812500e+01,2.672934341430664062e+01
-9.031794738769531250e+01,2.672872543334960938e+01
-9.031776428222656250e+01,2.672819709777832031e+01
-9.031792449951171875e+01,2.672824478149414062e+01
-9.031787109375000000e+01,2.672897529602050781e+01
-9.031764221191406250e+01,2.672798538208007812e+01
-9.031776428222656250e+01,2.672860527038574219e+01
-9.031781768798828125e+01,2.672786331176757812e+01
-9.031790161132812500e+01,2.672811317443847656e+01
-9.031815338134765625e+01,2.672855186462402344e+01
-9.031764984130859375e+01,2.672812080383300781e+01
-9.031752014160156250e+01,2.672783088684082031e+01
-9.031769561767578125e+01,2.672812461853027344e+01
-9.031817626953125000e+01,2.672858428955078125e+01
-9.031802368164062500e+01,2.672878456115722656e+01
-9.031781005859375000e+01,2.672826194763183594e+01
-9.031825256347656250e+01,2.672898101806640625e+01
-9.031845855712890625e+01,2.672907257080078125e+01
-9.031775665283203125e+01,2.672881507873535156e+01
-9.031790161132812500e+01,2.672878646850585938e+01
-9.031769561767578125e+01,2.672834014892578125e+01
-9.031739807128906250e+01,2.672809791564941406e+01
-9.031794738769531250e+01,2.672847938537597656e+01
-9.031796264648437500e+01,2.672813224792480469e+01
-9.031835174560546875e+01,2.672890663146972656e+01
-9.031746673583984375e+01,2.672828102111816406e+01
-9.031820678710937500e+01,2.672880554199218750e+01
-9.031785583496093750e+01,2.672841453552246094e+01
-9.031790924072265625e+01,2.672874641418457031e+01
-9.031809234619140625e+01,2.672874641418457031e+01
-9.031790161132812500e+01,2.672822380065917969e+01
-9.031784820556640625e+01,2.672819328308105469e+01
-9.031819152832031250e+01,2.672860717773437500e+01
-9.031773376464843750e+01,2.672868919372558594e+01
-9.031738281250000000e+01,2.672808647155761719e+01
-9.031831359863281250e+01,2.672910308837890625e+01
-9.031765747070312500e+01,2.672787284851074219e+01
-9.031739807128906250e+01,2.672817039489746094e+01
-9.031832885742187500e+01,2.672914505004882812e+01
-9.031812286376953125e+01,2.672893905639648438e+01
-9.031829071044921875e+01,2.672911834716796875e+01
-9.031790924072265625e+01,2.672895812988281250e+01
-9.031764984130859375e+01,2.672863960266113281e+01
-9.031812286376953125e+01,2.672900199890136719e+01
-9.031769561767578125e+01,2.672869491577148438e+01
-9.031790161132812500e+01,2.672887229919433594e+01
-9.031797027587890625e+01,2.672815895080566406e+01
-9.031809997558593750e+01,2.672851753234863281e+01
-9.031803894042968750e+01,2.672835350036621094e+01
-9.031824493408203125e+01,2.672907638549804688e+01
-9.031781005859375000e+01,2.672819328308105469e+01
-9.031750488281250000e+01,2.672799682617187500e+01
-9.031730651855468750e+01,2.672798347473144531e+01
-9.031775665283203125e+01,2.672781944274902344e+01
-9.031781005859375000e+01,2.672831535339355469e+01
-9.031784057617187500e+01,2.672865486145019531e+01
-9.031829833984375000e+01,2.672897148132324219e+01
-9.031774139404296875e+01,2.672788810729980469e+01
-9.031817626953125000e+01,2.672881698608398438e+01
-9.031777954101562500e+01,2.672884178161621094e+01
-9.031739807128906250e+01,2.672803878784179688e+01
-9.031821441650390625e+01,2.672880935668945312e+01
-9.031758880615234375e+01,2.672846984863281250e+01
-9.031784057617187500e+01,2.672802734375000000e+01
-9.031785583496093750e+01,2.672790527343750000e+01
-9.031834411621093750e+01,2.672903442382812500e+01
-9.031820678710937500e+01,2.672861099243164062e+01
-9.031779479980468750e+01,2.672829627990722656e+01
-9.031794738769531250e+01,2.672896194458007812e+01
-9.031780242919921875e+01,2.672870826721191406e+01
-9.031765747070312500e+01,2.672778701782226562e+01
-9.031826019287109375e+01,2.672885513305664062e+01
-9.031826782226562500e+01,2.672871398925781250e+01
-9.031763458251953125e+01,2.672848701477050781e+01
-9.031826782226562500e+01,2.672896194458007812e+01
-9.031797790527343750e+01,2.672897911071777344e+01
-9.031743621826171875e+01,2.672811126708984375e+01
-9.031815338134765625e+01,2.672875022888183594e+01
-9.031818389892578125e+01,2.672875785827636719e+01
-9.031796264648437500e+01,2.672849273681640625e+01
-9.031779479980468750e+01,2.672879409790039062e+01
-9.031764984130859375e+01,2.672844314575195312e+01
-9.031794738769531250e+01,2.672894859313964844e+01
-9.031779479980468750e+01,2.672830963134765625e+01
-9.031834411621093750e+01,2.672917556762695312e+01
-9.031743621826171875e+01,2.672776603698730469e+01
-9.031768035888671875e+01,2.672788810729980469e+01
-9.031771087646484375e+01,2.672869110107421875e+01
-9.031734466552734375e+01,2.672810554504394531e+01
-9.031814575195312500e+01,2.672867965698242188e+01
-9.031832122802734375e+01,2.672892951965332031e+01
-9.031766510009765625e+01,2.672829627990722656e+01
-9.031769561767578125e+01,2.672844886779785156e+01
-9.031765747070312500e+01,2.672802162170410156e+01
-9.031779479980468750e+01,2.672842597961425781e+01
-9.031783294677734375e+01,2.672871971130371094e+01
-9.031804656982421875e+01,2.672892379760742188e+01
-9.031759643554687500e+01,2.672778511047363281e+01
-9.031795501708984375e+01,2.672897529602050781e+01
-9.031805419921875000e+01,2.672859573364257812e+01
-9.031813049316406250e+01,2.672896003723144531e+01
-9.031784057617187500e+01,2.672799682617187500e+01
-9.031771850585937500e+01,2.672819519042968750e+01
-9.031783294677734375e+01,2.672860908508300781e+01
-9.031832885742187500e+01,2.672911453247070312e+01
-9.031794738769531250e+01,2.672870063781738281e+01
-9.031819915771484375e+01,2.672906112670898438e+01
-9.031822204589843750e+01,2.672875022888183594e+01
-9.031753540039062500e+01,2.672810363769531250e+01
-9.031792449951171875e+01,2.672832870483398438e+01
-9.031761169433593750e+01,2.672805595397949219e+01
-9.031755828857421875e+01,2.672780990600585938e+01
-9.031747436523437500e+01,2.672782135009765625e+01
-9.031834411621093750e+01,2.672899246215820312e+01
-9.031794738769531250e+01,2.672852706909179688e+01
-9.031848907470703125e+01,2.672911643981933594e+01
-9.031780242919921875e+01,2.672891616821289062e+01
-9.031752014160156250e+01,2.672814178466796875e+01
-9.031832122802734375e+01,2.672884941101074219e+01
-9.031744384765625000e+01,2.672799110412597656e+01
-9.031811523437500000e+01,2.672890663146972656e+01
-9.031845855712890625e+01,2.672905158996582031e+01
-9.031822204589843750e+01,2.672898101806640625e+01
-9.031796264648437500e+01,2.672897529602050781e+01
-9.031790161132812500e+01,2.672867774963378906e+01
-9.031826782226562500e+01,2.672910881042480469e+01
-9.031778717041015625e+01,2.672809028625488281e+01
-9.031782531738281250e+01,2.672883224487304688e+01
-9.031826019287109375e+01,2.672929763793945312e+01
-9.031776428222656250e+01,2.672887802124023438e+01
-9.031796264648437500e+01,2.672900009155273438e+01
-9.031808471679687500e+01,2.672861671447753906e+01
-9.031790161132812500e+01,2.672852516174316406e+01
-9.031757354736328125e+01,2.672813606262207031e+01
-9.031784057617187500e+01,2.672850990295410156e+01
-9.031831359863281250e+01,2.672884178161621094e+01
-9.031747436523437500e+01,2.672826385498046875e+01
-9.031787109375000000e+01,2.672840690612792969e+01
-9.031795501708984375e+01,2.672816085815429688e+01
-9.031777191162109375e+01,2.672847938537597656e+01
-9.031799316406250000e+01,2.672825431823730469e+01
-9.031771087646484375e+01,2.672881126403808594e+01
-9.031786346435546875e+01,2.672828674316406250e+01
-9.031806945800781250e+01,2.672891807556152344e+01
-9.031821441650390625e+01,2.672903442382812500e+01
-9.031794738769531250e+01,2.672809219360351562e+01
-9.031784057617187500e+01,2.672888755798339844e+01
-9.031784820556640625e+01,2.672809028625488281e+01
-9.031773376464843750e+01,2.672781181335449219e+01
-9.031836700439453125e+01,2.672891998291015625e+01
-9.031804656982421875e+01,2.672876548767089844e+01
-9.031789398193359375e+01,2.672814559936523438e+01
-9.031753540039062500e+01,2.672836875915527344e+01
-9.031806182861328125e+01,2.672884941101074219e+01
-9.031826782226562500e+01,2.672924613952636719e+01
-9.031780242919921875e+01,2.672843933105468750e+01
-9.031785583496093750e+01,2.672871780395507812e+01
-9.031750488281250000e+01,2.672810745239257812e+01
