longitude,latitude
-9.032347106933593750e+01,2.675059127807617188e+01
-9.032377624511718750e+01,2.675017356872558594e+01
-9.032399749755859375e+01,2.675714302062988281e+01
-9.032306671142578125e+01,2.675561141967773438e+01
-9.032458496093750000e+01,2.675827407836914062e+01
-9.032720184326171875e+01,2.676342773437500000e+01
-9.032438659667968750e+01,2.675835990905761719e+01
-9.032332611083984375e+01,2.675210571289062500e+01
-9.032355499267578125e+01,2.675596046447753906e+01
-9.032324981689453125e+01,2.675615692138671875e+01
-9.032421875000000000e+01,2.675936889648437500e+01
-9.032600402832031250e+01,2.676368331909179688e+01
-9.032869720458984375e+01,2.676258277893066406e+01
-9.032370758056640625e+01,2.675793838500976562e+01
-9.032789611816406250e+01,2.676407623291015625e+01
-9.032356262207031250e+01,2.675055885314941406e+01
-9.032572937011718750e+01,2.676345825195312500e+01
-9.032646942138671875e+01,2.676192283630371094e+01
-9.032244873046875000e+01,2.675527191162109375e+01
-9.032588195800781250e+01,2.676259994506835938e+01
-9.032701873779296875e+01,2.676447868347167969e+01
-9.032575225830078125e+01,2.675958442687988281e+01
-9.032599639892578125e+01,2.676036453247070312e+01
-9.032311248779296875e+01,2.675639533996582031e+01
-9.032422637939453125e+01,2.675957298278808594e+01
-9.032366943359375000e+01,2.675377655029296875e+01
-9.032796478271484375e+01,2.676371192932128906e+01
-9.032453155517578125e+01,2.675225448608398438e+01
-9.032389831542968750e+01,2.675673675537109375e+01
-9.032433319091796875e+01,2.675894546508789062e+01
-9.032639312744140625e+01,2.676187515258789062e+01
-9.032488250732421875e+01,2.675983428955078125e+01
-9.032737731933593750e+01,2.676230239868164062e+01
-9.032780456542968750e+01,2.676224899291992188e+01
-9.032709503173828125e+01,2.676189994812011719e+01
-9.032741546630859375e+01,2.676244735717773438e+01
-9.032403564453125000e+01,2.675663185119628906e+01
-9.032643127441406250e+01,2.676301193237304688e+01
-9.032495880126953125e+01,2.675133514404296875e+01
-9.032283782958984375e+01,2.675631141662597656e+01
-9.032333374023437500e+01,2.675711631774902344e+01
-9.032331085205078125e+01,2.675321388244628906e+01
-9.032797241210937500e+01,2.676238822937011719e+01
-9.032584381103515625e+01,2.676125144958496094e+01
-9.032341003417968750e+01,2.675584220886230469e+01
-9.032212066650390625e+01,2.675484466552734375e+01
-9.032648468017578125e+01,2.676280593872070312e+01
-9.032246398925781250e+01,2.675392913818359375e+01
-9.032338714599609375e+01,2.675652885437011719e+01
-9.032859802246093750e+01,2.676167488098144531e+01
-9.032505035400390625e+01,2.675806045532226562e+01
-9.032305908203125000e+01,2.675101089477539062e+01
-9.032391357421875000e+01,2.675607490539550781e+01
-9.032547760009765625e+01,2.675962829589843750e+01
-9.032440948486328125e+01,2.674994659423828125e+01
-9.032676696777343750e+01,2.676292800903320312e+01
-9.032434082031250000e+01,2.674964523315429688e+01
-9.032593536376953125e+01,2.676174163818359375e+01
-9.032649993896484375e+01,2.676170730590820312e+01
-9.032318115234375000e+01,2.675342750549316406e+01
-9.032331848144531250e+01,2.675149917602539062e+01
-9.032745361328125000e+01,2.676460075378417969e+01
-9.032721710205078125e+01,2.676178169250488281e+01
-9.032353973388671875e+01,2.675181961059570312e+01
-9.032396697998046875e+01,2.675919342041015625e+01
-9.032574462890625000e+01,2.676122665405273438e+01
-9.032829284667968750e+01,2.676408576965332031e+01
-9.032309722900390625e+01,2.675649642944335938e+01
-9.032487487792968750e+01,2.675113677978515625e+01
-9.032375335693359375e+01,2.675086593627929688e+01
-9.032444000244140625e+01,2.675721549987792969e+01
-9.032308197021484375e+01,2.675391387939453125e+01
-9.032430267333984375e+01,2.675188446044921875e+01
-9.032671356201171875e+01,2.676054954528808594e+01
-9.032502746582031250e+01,2.675868415832519531e+01
-9.032483673095703125e+01,2.675185394287109375e+01
-9.032472229003906250e+01,2.676021575927734375e+01
-9.032388305664062500e+01,2.675354766845703125e+01
-9.032621765136718750e+01,2.676390266418457031e+01
-9.032785034179687500e+01,2.676476860046386719e+01
-9.032770538330078125e+01,2.676447296142578125e+01
-9.032315826416015625e+01,2.675736236572265625e+01
-9.032506561279296875e+01,2.675887107849121094e+01
-9.032293701171875000e+01,2.675084495544433594e+01
-9.032702636718750000e+01,2.676366806030273438e+01
-9.032400512695312500e+01,2.675588989257812500e+01
-9.032611083984375000e+01,2.676232528686523438e+01
-9.032585906982421875e+01,2.676165771484375000e+01
-9.032537078857421875e+01,2.675862312316894531e+01
-9.032850646972656250e+01,2.676435089111328125e+01
-9.032537841796875000e+01,2.676049232482910156e+01
-9.032779693603515625e+01,2.676373672485351562e+01
-9.032688140869140625e+01,2.676386451721191406e+01
-9.032334136962890625e+01,2.675469779968261719e+01
-9.032815551757812500e+01,2.676404953002929688e+01
-9.032870483398437500e+01,2.676300430297851562e+01
-9.032614898681640625e+01,2.676294136047363281e+01
-9.032318115234375000e+01,2.675224876403808594e+01
-9.032604217529296875e+01,2.676199722290039062e+01
-9.032465362548828125e+01,2.675075149536132812e+01
-9.032409667968750000e+01,2.675072097778320312e+01
-9.032689666748046875e+01,2.676453971862792969e+01
-9.032301330566406250e+01,2.675537681579589844e+01
-9.032398223876953125e+01,2.675662994384765625e+01
-9.032609558105468750e+01,2.676481056213378906e+01
-9.032315063476562500e+01,2.675393486022949219e+01
-9.032432556152343750e+01,2.675899314880371094e+01
-9.032387542724609375e+01,2.675154113769531250e+01
-9.032546234130859375e+01,2.675981521606445312e+01
-9.032743835449218750e+01,2.676414108276367188e+01
-9.032757568359375000e+01,2.676236343383789062e+01
-9.032460784912109375e+01,2.675103569030761719e+01
-9.032747650146484375e+01,2.676413917541503906e+01
-9.032257843017578125e+01,2.675511360168457031e+01
-9.032617187500000000e+01,2.676212501525878906e+01
-9.032740783691406250e+01,2.676267433166503906e+01
-9.032666778564453125e+01,2.676238250732421875e+01
-9.032304382324218750e+01,2.674988937377929688e+01
-9.032643127441406250e+01,2.676163291931152344e+01
-9.032500457763671875e+01,2.676097106933593750e+01
-9.032369232177734375e+01,2.675348663330078125e+01
-9.032206726074218750e+01,2.675408172607421875e+01
-9.032403564453125000e+01,2.675844383239746094e+01
-9.032606506347656250e+01,2.676310729980468750e+01
-9.032773590087890625e+01,2.676416206359863281e+01
-9.032289123535156250e+01,2.675473785400390625e+01
-9.032309722900390625e+01,2.675480270385742188e+01
-9.032407379150390625e+01,2.675972938537597656e+01
-9.032482147216796875e+01,2.675188827514648438e+01
-9.032238769531250000e+01,2.675510406494140625e+01
-9.032730102539062500e+01,2.676341056823730469e+01
-9.032428741455078125e+01,2.675264549255371094e+01
-9.032624816894531250e+01,2.676187324523925781e+01
-9.032417297363281250e+01,2.675953865051269531e+01
-9.032368469238281250e+01,2.675377845764160156e+01
-9.032292175292968750e+01,2.675497817993164062e+01
-9.032854461669921875e+01,2.676213073730468750e+01
-9.032666015625000000e+01,2.676472282409667969e+01
-9.032333374023437500e+01,2.675024223327636719e+01
-9.032257080078125000e+01,2.675360870361328125e+01
-9.032488250732421875e+01,2.675134468078613281e+01
-9.032350158691406250e+01,2.675530433654785156e+01
-9.032389831542968750e+01,2.675568580627441406e+01
-9.032585144042968750e+01,2.676239967346191406e+01
-9.032589721679687500e+01,2.676230812072753906e+01
-9.032785797119140625e+01,2.676224708557128906e+01
-9.032563781738281250e+01,2.676058959960937500e+01
-9.032535552978515625e+01,2.676065444946289062e+01
-9.032389068603515625e+01,2.675895881652832031e+01
-9.032344055175781250e+01,2.675350952148437500e+01
-9.032401275634765625e+01,2.675038909912109375e+01
-9.032583618164062500e+01,2.676240348815917969e+01
-9.032212829589843750e+01,2.675488090515136719e+01
-9.032665252685546875e+01,2.676155853271484375e+01
-9.032375335693359375e+01,2.675472068786621094e+01
-9.032514953613281250e+01,2.675976562500000000e+01
-9.032405853271484375e+01,2.675119018554687500e+01
-9.032715606689453125e+01,2.676139640808105469e+01
-9.032300567626953125e+01,2.675346565246582031e+01
-9.032714080810546875e+01,2.676149368286132812e+01
-9.032534790039062500e+01,2.675871849060058594e+01
-9.032486724853515625e+01,2.675978469848632812e+01
-9.032695770263671875e+01,2.676284027099609375e+01
-9.032332611083984375e+01,2.675344848632812500e+01
-9.032374572753906250e+01,2.675515556335449219e+01
-9.032841491699218750e+01,2.676256942749023438e+01
-9.032347106933593750e+01,2.675297927856445312e+01
-9.032287597656250000e+01,2.675709342956542969e+01
-9.032637786865234375e+01,2.676094818115234375e+01
-9.032404327392578125e+01,2.675315093994140625e+01
-9.032398223876953125e+01,2.675146865844726562e+01
-9.032320404052734375e+01,2.675496101379394531e+01
-9.032643127441406250e+01,2.676324653625488281e+01
-9.032281494140625000e+01,2.675344467163085938e+01
-9.032585906982421875e+01,2.676219367980957031e+01
-9.032757568359375000e+01,2.676473999023437500e+01
-9.032852172851562500e+01,2.676323318481445312e+01
-9.032450866699218750e+01,2.675896835327148438e+01
-9.032358551025390625e+01,2.675519752502441406e+01
-9.032416534423828125e+01,2.675303649902343750e+01
-9.032381439208984375e+01,2.675022888183593750e+01
-9.032351684570312500e+01,2.675649833679199219e+01
-9.032615661621093750e+01,2.676416397094726562e+01
-9.032604217529296875e+01,2.676370811462402344e+01
-9.032432556152343750e+01,2.675082969665527344e+01
-9.032588958740234375e+01,2.676267623901367188e+01
-9.032349395751953125e+01,2.675123405456542969e+01
-9.032386779785156250e+01,2.675364303588867188e+01
-9.032598114013671875e+01,2.676193618774414062e+01
-9.032336425781250000e+01,2.675272560119628906e+01
-9.032357025146484375e+01,2.675651168823242188e+01
-9.032860565185546875e+01,2.676212501525878906e+01
-9.032308959960937500e+01,2.675693511962890625e+01
-9.032756042480468750e+01,2.676171875000000000e+01
-9.032386779785156250e+01,2.675001907348632812e+01
-9.032606506347656250e+01,2.675988006591796875e+01
-9.032224273681640625e+01,2.675554656982421875e+01
-9.032495117187500000e+01,2.675998115539550781e+01
-9.032601928710937500e+01,2.675992012023925781e+01
-9.032318878173828125e+01,2.675181579589843750e+01
-9.032463073730468750e+01,2.675194358825683594e+01
-9.032270812988281250e+01,2.675603294372558594e+01
-9.032474517822265625e+01,2.675208663940429688e+01
-9.032364654541015625e+01,2.675215530395507812e+01
-9.032456970214843750e+01,2.675981712341308594e+01
-9.032212066650390625e+01,2.675436592102050781e+01
-9.032340240478515625e+01,2.675037956237792969e+01
-9.032788848876953125e+01,2.676200294494628906e+01
-9.032323455810546875e+01,2.675707435607910156e+01
-9.032708740234375000e+01,2.676374053955078125e+01
-9.032700347900390625e+01,2.676140785217285156e+01
-9.032631683349609375e+01,2.676475715637207031e+01
-9.032473754882812500e+01,2.675231552124023438e+01
-9.032287597656250000e+01,2.675353813171386719e+01
-9.032457733154296875e+01,2.676000595092773438e+01
-9.032355499267578125e+01,2.675748825073242188e+01
-9.032355499267578125e+01,2.675450325012207031e+01
-9.032417297363281250e+01,2.675011253356933594e+01
-9.032439422607421875e+01,2.675119400024414062e+01
-9.032443237304687500e+01,2.675296020507812500e+01
-9.032414245605468750e+01,2.675829505920410156e+01
-9.032815551757812500e+01,2.676426315307617188e+01
-9.032477569580078125e+01,2.675037002563476562e+01
-9.032299041748046875e+01,2.675386047363281250e+01
-9.032293701171875000e+01,2.675003051757812500e+01
-9.032829284667968750e+01,2.676351547241210938e+01
-9.032320404052734375e+01,2.675720596313476562e+01
-9.032588958740234375e+01,2.676229858398437500e+01
-9.032779693603515625e+01,2.676284408569335938e+01
-9.032456207275390625e+01,2.675175666809082031e+01
-9.032456207275390625e+01,2.675962638854980469e+01
-9.032541656494140625e+01,2.676036262512207031e+01
-9.032720184326171875e+01,2.676384925842285156e+01
-9.032387542724609375e+01,2.675059318542480469e+01
-9.032393646240234375e+01,2.675147247314453125e+01
-9.032592773437500000e+01,2.676001358032226562e+01
-9.032833862304687500e+01,2.676252365112304688e+01
-9.032723236083984375e+01,2.676406288146972656e+01
-9.032361602783203125e+01,2.675082015991210938e+01
-9.032630157470703125e+01,2.676488494873046875e+01
-9.032695007324218750e+01,2.676185417175292969e+01
-9.032446289062500000e+01,2.675132560729980469e+01
-9.032449340820312500e+01,2.676064682006835938e+01
-9.032396697998046875e+01,2.675635719299316406e+01
-9.032289123535156250e+01,2.675638008117675781e+01
-9.032586669921875000e+01,2.676372146606445312e+01
-9.032696533203125000e+01,2.676363372802734375e+01
-9.032342529296875000e+01,2.674956321716308594e+01
-9.032852172851562500e+01,2.676256179809570312e+01
-9.032720947265625000e+01,2.676129341125488281e+01
-9.032859802246093750e+01,2.676255798339843750e+01
-9.032226562500000000e+01,2.675541305541992188e+01
-9.032252502441406250e+01,2.675337600708007812e+01
-9.032588958740234375e+01,2.676378631591796875e+01
-9.032396697998046875e+01,2.675589370727539062e+01
-9.032633972167968750e+01,2.676482963562011719e+01
-9.032472229003906250e+01,2.675191688537597656e+01
-9.032319641113281250e+01,2.675292205810546875e+01
-9.032347869873046875e+01,2.675494194030761719e+01
-9.032696533203125000e+01,2.676042938232421875e+01
-9.032322692871093750e+01,2.675498199462890625e+01
-9.032373046875000000e+01,2.675086212158203125e+01
-9.032341003417968750e+01,2.675245285034179688e+01
-9.032723236083984375e+01,2.676415634155273438e+01
-9.032382965087890625e+01,2.675612068176269531e+01
-9.032750701904296875e+01,2.676485824584960938e+01
-9.032820892333984375e+01,2.676420402526855469e+01
-9.032241058349609375e+01,2.675445747375488281e+01
-9.032675933837890625e+01,2.676399421691894531e+01
-9.032378387451171875e+01,2.675551033020019531e+01
-9.032489776611328125e+01,2.676029968261718750e+01
-9.032878875732421875e+01,2.676315307617187500e+01
-9.032389831542968750e+01,2.675734901428222656e+01
-9.032381439208984375e+01,2.675415229797363281e+01
-9.032775115966796875e+01,2.676370811462402344e+01
-9.032865905761718750e+01,2.676201629638671875e+01
-9.032459259033203125e+01,2.675207901000976562e+01
-9.032733917236328125e+01,2.676396942138671875e+01
-9.032349395751953125e+01,2.675477027893066406e+01
-9.032712554931640625e+01,2.676345443725585938e+01
-9.032369995117187500e+01,2.675124740600585938e+01
-9.032664489746093750e+01,2.676398658752441406e+01
-9.032567596435546875e+01,2.676382446289062500e+01
-9.032569122314453125e+01,2.676004409790039062e+01
-9.032708740234375000e+01,2.676438713073730469e+01
-9.032594299316406250e+01,2.676182556152343750e+01
-9.032559204101562500e+01,2.676016616821289062e+01
-9.032743072509765625e+01,2.676474189758300781e+01
-9.032308959960937500e+01,2.675169754028320312e+01
-9.032386779785156250e+01,2.675266647338867188e+01
-9.032358551025390625e+01,2.675358581542968750e+01
-9.032373046875000000e+01,2.675397300720214844e+01
-9.032612609863281250e+01,2.676224517822265625e+01
-9.032571411132812500e+01,2.675998497009277344e+01
-9.032296752929687500e+01,2.675372505187988281e+01
-9.032841491699218750e+01,2.676330566406250000e+01
-9.032470703125000000e+01,2.675055885314941406e+01
-9.032485961914062500e+01,2.675996589660644531e+01
-9.032267761230468750e+01,2.675472831726074219e+01
-9.032344055175781250e+01,2.675265693664550781e+01
-9.032615661621093750e+01,2.676476478576660156e+01
-9.032643127441406250e+01,2.676106071472167969e+01
-9.032828521728515625e+01,2.676331329345703125e+01
-9.032718658447265625e+01,2.676178550720214844e+01
-9.032572174072265625e+01,2.676318168640136719e+01
-9.032461547851562500e+01,2.675875473022460938e+01
-9.032706451416015625e+01,2.676248168945312500e+01
-9.032321929931640625e+01,2.675582885742187500e+01
-9.032317352294921875e+01,2.675363349914550781e+01
-9.032439422607421875e+01,2.675707054138183594e+01
-9.032464599609375000e+01,2.675860214233398438e+01
-9.032336425781250000e+01,2.675138282775878906e+01
-9.032723999023437500e+01,2.676200485229492188e+01
-9.032322692871093750e+01,2.675153350830078125e+01
-9.032371520996093750e+01,2.675560951232910156e+01
-9.032455444335937500e+01,2.675123023986816406e+01
-9.032756805419921875e+01,2.676446914672851562e+01
-9.032852172851562500e+01,2.676365280151367188e+01
-9.032716369628906250e+01,2.676167488098144531e+01
-9.032717132568359375e+01,2.676266670227050781e+01
-9.032463073730468750e+01,2.675944328308105469e+01
-9.032514953613281250e+01,2.675861167907714844e+01
-9.032863616943359375e+01,2.676277542114257812e+01
-9.032641601562500000e+01,2.676382827758789062e+01
-9.032501983642578125e+01,2.675997161865234375e+01
-9.032366943359375000e+01,2.675354385375976562e+01
-9.032739257812500000e+01,2.676387596130371094e+01
-9.032637023925781250e+01,2.676450729370117188e+01
-9.032678985595703125e+01,2.676310920715332031e+01
-9.032827758789062500e+01,2.676200103759765625e+01
-9.032347869873046875e+01,2.675313758850097656e+01
-9.032374572753906250e+01,2.675677680969238281e+01
-9.032701110839843750e+01,2.676210212707519531e+01
-9.032484436035156250e+01,2.675193214416503906e+01
-9.032306671142578125e+01,2.675699234008789062e+01
-9.032345581054687500e+01,2.675606727600097656e+01
-9.032812500000000000e+01,2.676383972167968750e+01
-9.032336425781250000e+01,2.675117874145507812e+01
-9.032419586181640625e+01,2.675942230224609375e+01
-9.032665252685546875e+01,2.676130485534667969e+01
-9.032410430908203125e+01,2.675935745239257812e+01
-9.032354736328125000e+01,2.675241470336914062e+01
-9.032333374023437500e+01,2.675373458862304688e+01
-9.032606506347656250e+01,2.675992393493652344e+01
-9.032740783691406250e+01,2.676479339599609375e+01
-9.032762908935546875e+01,2.676333618164062500e+01
-9.032457733154296875e+01,2.676079559326171875e+01
-9.032433319091796875e+01,2.675294876098632812e+01
-9.032587432861328125e+01,2.676353645324707031e+01
-9.032415008544921875e+01,2.675087928771972656e+01
-9.032483673095703125e+01,2.675942230224609375e+01
-9.032399749755859375e+01,2.675669479370117188e+01
-9.032461547851562500e+01,2.675836944580078125e+01
-9.032476043701171875e+01,2.675872230529785156e+01
-9.032336425781250000e+01,2.675144958496093750e+01
-9.032587432861328125e+01,2.676171302795410156e+01
-9.032241821289062500e+01,2.675512886047363281e+01
-9.032303619384765625e+01,2.675668716430664062e+01
-9.032841491699218750e+01,2.676327133178710938e+01
-9.032646942138671875e+01,2.676487159729003906e+01
-9.032730865478515625e+01,2.676488876342773438e+01
-9.032447814941406250e+01,2.675810050964355469e+01
-9.032364654541015625e+01,2.675283050537109375e+01
-9.032508850097656250e+01,2.675814247131347656e+01
-9.032824707031250000e+01,2.676290130615234375e+01
-9.032344818115234375e+01,2.675428199768066406e+01
-9.032699584960937500e+01,2.676128387451171875e+01
-9.032667541503906250e+01,2.676403427124023438e+01
-9.032674407958984375e+01,2.676330375671386719e+01
-9.032223510742187500e+01,2.675351524353027344e+01
-9.032833099365234375e+01,2.676444435119628906e+01
-9.032770538330078125e+01,2.676344680786132812e+01
-9.032510375976562500e+01,2.675827598571777344e+01
-9.032469177246093750e+01,2.675858497619628906e+01
-9.032376861572265625e+01,2.675755691528320312e+01
-9.032534790039062500e+01,2.675878906250000000e+01
-9.032799530029296875e+01,2.676291847229003906e+01
-9.032541656494140625e+01,2.675924491882324219e+01
-9.032365417480468750e+01,2.675223922729492188e+01
-9.032266998291015625e+01,2.675356674194335938e+01
-9.032624816894531250e+01,2.676428794860839844e+01
-9.032405853271484375e+01,2.674991035461425781e+01
-9.032480621337890625e+01,2.675850296020507812e+01
-9.032749176025390625e+01,2.676435661315917969e+01
-9.032599639892578125e+01,2.676153373718261719e+01
-9.032587432861328125e+01,2.676315307617187500e+01
-9.032344055175781250e+01,2.675622749328613281e+01
-9.032649993896484375e+01,2.676455497741699219e+01
-9.032372283935546875e+01,2.675497055053710938e+01
-9.032582855224609375e+01,2.675987625122070312e+01
-9.032344055175781250e+01,2.675078773498535156e+01
-9.032347106933593750e+01,2.674982070922851562e+01
-9.032491302490234375e+01,2.676052093505859375e+01
-9.032867431640625000e+01,2.676313591003417969e+01
-9.032591247558593750e+01,2.676171875000000000e+01
-9.032340240478515625e+01,2.675279426574707031e+01
-9.032498168945312500e+01,2.675963401794433594e+01
-9.032254028320312500e+01,2.675498390197753906e+01
-9.032739257812500000e+01,2.676186752319335938e+01
-9.032207489013671875e+01,2.675445747375488281e+01
-9.032622528076171875e+01,2.676369667053222656e+01
-9.032559204101562500e+01,2.675952911376953125e+01
-9.032549285888671875e+01,2.676091003417968750e+01
-9.032411956787109375e+01,2.675738525390625000e+01
-9.032653808593750000e+01,2.676171493530273438e+01
-9.032471466064453125e+01,2.675091361999511719e+01
-9.032792663574218750e+01,2.676177978515625000e+01
-9.032737731933593750e+01,2.676262855529785156e+01
-9.032678222656250000e+01,2.676422309875488281e+01
-9.032432556152343750e+01,2.675898933410644531e+01
-9.032450103759765625e+01,2.675778961181640625e+01
-9.032588958740234375e+01,2.676312255859375000e+01
-9.032687377929687500e+01,2.676092910766601562e+01
-9.032389831542968750e+01,2.675663948059082031e+01
-9.032379150390625000e+01,2.675211524963378906e+01
-9.032686614990234375e+01,2.676063728332519531e+01
-9.032271575927734375e+01,2.675597381591796875e+01
-9.032608032226562500e+01,2.676417160034179688e+01
-9.032846832275390625e+01,2.676437568664550781e+01
-9.032336425781250000e+01,2.675743293762207031e+01
-9.032742309570312500e+01,2.676093101501464844e+01
-9.032231140136718750e+01,2.675504302978515625e+01
-9.032716369628906250e+01,2.676243782043457031e+01
-9.032417297363281250e+01,2.675744056701660156e+01
-9.032776641845703125e+01,2.676498985290527344e+01
-9.032640838623046875e+01,2.676436614990234375e+01
-9.032299804687500000e+01,2.675655937194824219e+01
-9.032351684570312500e+01,2.675452232360839844e+01
-9.032248687744140625e+01,2.675546073913574219e+01
-9.032635498046875000e+01,2.676124954223632812e+01
-9.032596588134765625e+01,2.676279449462890625e+01
-9.032709503173828125e+01,2.676284599304199219e+01
-9.032727813720703125e+01,2.676396179199218750e+01
-9.032408905029296875e+01,2.674948120117187500e+01
-9.032295227050781250e+01,2.675474929809570312e+01
-9.032424163818359375e+01,2.675992393493652344e+01
-9.032687377929687500e+01,2.676131820678710938e+01
-9.032585906982421875e+01,2.676213264465332031e+01
-9.032408905029296875e+01,2.674972534179687500e+01
-9.032355499267578125e+01,2.675562858581542969e+01
-9.032559204101562500e+01,2.675966262817382812e+01
-9.032875061035156250e+01,2.676383018493652344e+01
-9.032820129394531250e+01,2.676185989379882812e+01
-9.032764434814453125e+01,2.676218223571777344e+01
-9.032590484619140625e+01,2.676443290710449219e+01
-9.032427215576171875e+01,2.676002883911132812e+01
-9.032389831542968750e+01,2.675285530090332031e+01
-9.032588958740234375e+01,2.676266098022460938e+01
-9.032366180419921875e+01,2.675284767150878906e+01
-9.032459259033203125e+01,2.675036621093750000e+01
-9.032426452636718750e+01,2.675856399536132812e+01
-9.032355499267578125e+01,2.675193786621093750e+01
-9.032722473144531250e+01,2.676297378540039062e+01
-9.032598876953125000e+01,2.676135253906250000e+01
-9.032505035400390625e+01,2.676106071472167969e+01
-9.032376861572265625e+01,2.675266647338867188e+01
-9.032788848876953125e+01,2.676157188415527344e+01
-9.032474517822265625e+01,2.675829696655273438e+01
-9.032367706298828125e+01,2.674992561340332031e+01
-9.032388305664062500e+01,2.675643920898437500e+01
-9.032628631591796875e+01,2.676021957397460938e+01
-9.032470703125000000e+01,2.676076889038085938e+01
-9.032629394531250000e+01,2.676143455505371094e+01
-9.032378387451171875e+01,2.675601768493652344e+01
-9.032743072509765625e+01,2.676239967346191406e+01
-9.032316589355468750e+01,2.675696182250976562e+01
-9.032803344726562500e+01,2.676453018188476562e+01
-9.032815551757812500e+01,2.676149177551269531e+01
-9.032569122314453125e+01,2.676323699951171875e+01
-9.032363128662109375e+01,2.675317001342773438e+01
-9.032553863525390625e+01,2.675994682312011719e+01
-9.032647705078125000e+01,2.676366043090820312e+01
-9.032447052001953125e+01,2.674971771240234375e+01
-9.032802581787109375e+01,2.676343154907226562e+01
-9.032380676269531250e+01,2.675300216674804688e+01
-9.032446289062500000e+01,2.675807571411132812e+01
-9.032492065429687500e+01,2.675823402404785156e+01
-9.032661437988281250e+01,2.676267242431640625e+01
-9.032559204101562500e+01,2.676100158691406250e+01
-9.032762908935546875e+01,2.676487159729003906e+01
-9.032630157470703125e+01,2.676281547546386719e+01
-9.032225036621093750e+01,2.675363159179687500e+01
-9.032294464111328125e+01,2.675660896301269531e+01
-9.032445526123046875e+01,2.675218772888183594e+01
-9.032601928710937500e+01,2.676285934448242188e+01
-9.032715606689453125e+01,2.676116371154785156e+01
-9.032715606689453125e+01,2.676486396789550781e+01
-9.032723999023437500e+01,2.676424026489257812e+01
-9.032645416259765625e+01,2.676251029968261719e+01
-9.032271575927734375e+01,2.675508117675781250e+01
-9.032310485839843750e+01,2.675508499145507812e+01
-9.032657623291015625e+01,2.676132392883300781e+01
-9.032666778564453125e+01,2.676321983337402344e+01
-9.032573699951171875e+01,2.675988006591796875e+01
-9.032405853271484375e+01,2.674998474121093750e+01
-9.032419586181640625e+01,2.675812721252441406e+01
-9.032374572753906250e+01,2.675533485412597656e+01
-9.032479858398437500e+01,2.676003837585449219e+01
-9.032765197753906250e+01,2.676355934143066406e+01
-9.032491302490234375e+01,2.675097465515136719e+01
-9.032349395751953125e+01,2.675464248657226562e+01
-9.032333374023437500e+01,2.674944114685058594e+01
-9.032297515869140625e+01,2.675371360778808594e+01
-9.032379913330078125e+01,2.675562095642089844e+01
-9.032283782958984375e+01,2.675453948974609375e+01
-9.032567596435546875e+01,2.676400947570800781e+01
-9.032511901855468750e+01,2.676109886169433594e+01
-9.032382965087890625e+01,2.675544357299804688e+01
-9.032726287841796875e+01,2.676393318176269531e+01
-9.032824707031250000e+01,2.676140785217285156e+01
-9.032594299316406250e+01,2.676297569274902344e+01
-9.032616424560546875e+01,2.676185989379882812e+01
-9.032234191894531250e+01,2.675379371643066406e+01
-9.032826232910156250e+01,2.676407814025878906e+01
-9.032706451416015625e+01,2.676106452941894531e+01
-9.032598876953125000e+01,2.676338768005371094e+01
-9.032583618164062500e+01,2.676261520385742188e+01
-9.032411193847656250e+01,2.675877761840820312e+01
-9.032410430908203125e+01,2.675298500061035156e+01
-9.032486724853515625e+01,2.676041793823242188e+01
-9.032358551025390625e+01,2.675337028503417969e+01
-9.032640838623046875e+01,2.676091575622558594e+01
-9.032485961914062500e+01,2.675098800659179688e+01
-9.032644653320312500e+01,2.676178359985351562e+01
-9.032743835449218750e+01,2.676304626464843750e+01
-9.032474517822265625e+01,2.675106811523437500e+01
-9.032695007324218750e+01,2.676300811767578125e+01
-9.032751464843750000e+01,2.676160812377929688e+01
-9.032374572753906250e+01,2.674948501586914062e+01
-9.032461547851562500e+01,2.675064468383789062e+01
-9.032285308837890625e+01,2.675473785400390625e+01
-9.032804870605468750e+01,2.676287651062011719e+01
-9.032790374755859375e+01,2.676106834411621094e+01
-9.032594299316406250e+01,2.676277351379394531e+01
-9.032709503173828125e+01,2.676398086547851562e+01
-9.032571411132812500e+01,2.676347351074218750e+01
-9.032752990722656250e+01,2.676332092285156250e+01
-9.032405853271484375e+01,2.675886535644531250e+01
-9.032211303710937500e+01,2.675387763977050781e+01
-9.032550048828125000e+01,2.676099777221679688e+01
-9.032421112060546875e+01,2.675863647460937500e+01
-9.032457733154296875e+01,2.675846481323242188e+01
-9.032794952392578125e+01,2.676484680175781250e+01
-9.032447052001953125e+01,2.675201797485351562e+01
-9.032376098632812500e+01,2.675683212280273438e+01
-9.032459259033203125e+01,2.675984382629394531e+01
-9.032382965087890625e+01,2.675262641906738281e+01
-9.032669067382812500e+01,2.676256561279296875e+01
-9.032806396484375000e+01,2.676150131225585938e+01
-9.032386779785156250e+01,2.674997329711914062e+01
-9.032324981689453125e+01,2.675190544128417969e+01
-9.032785034179687500e+01,2.676165390014648438e+01
-9.032610321044921875e+01,2.676148796081542969e+01
-9.032382202148437500e+01,2.675270080566406250e+01
-9.032307434082031250e+01,2.675562477111816406e+01
-9.032729339599609375e+01,2.676339912414550781e+01
-9.032650756835937500e+01,2.676133155822753906e+01
-9.032662200927734375e+01,2.676273918151855469e+01
-9.032354736328125000e+01,2.675609588623046875e+01
-9.032386016845703125e+01,2.675891876220703125e+01
-9.032415008544921875e+01,2.675039672851562500e+01
-9.032578277587890625e+01,2.676094055175781250e+01
-9.032759094238281250e+01,2.676131248474121094e+01
-9.032376861572265625e+01,2.675836181640625000e+01
-9.032256317138671875e+01,2.675558853149414062e+01
-9.032405853271484375e+01,2.674972915649414062e+01
-9.032566070556640625e+01,2.676395416259765625e+01
-9.032373046875000000e+01,2.675155067443847656e+01
-9.032705688476562500e+01,2.676272773742675781e+01
-9.032282257080078125e+01,2.675705337524414062e+01
-9.032215881347656250e+01,2.675506591796875000e+01
-9.032495117187500000e+01,2.676082992553710938e+01
-9.032250976562500000e+01,2.675565338134765625e+01
-9.032588958740234375e+01,2.676290702819824219e+01
-9.032712554931640625e+01,2.676392555236816406e+01
-9.032664489746093750e+01,2.676487731933593750e+01
-9.032308959960937500e+01,2.675385665893554688e+01
-9.032583618164062500e+01,2.676423645019531250e+01
-9.032631683349609375e+01,2.676117706298828125e+01
-9.032332611083984375e+01,2.675278282165527344e+01
-9.032477569580078125e+01,2.675194549560546875e+01
-9.032833862304687500e+01,2.676214218139648438e+01
-9.032855224609375000e+01,2.676331710815429688e+01
-9.032692718505859375e+01,2.676442146301269531e+01
-9.032220458984375000e+01,2.675471496582031250e+01
-9.032584381103515625e+01,2.676078224182128906e+01
-9.032451629638671875e+01,2.675165939331054688e+01
-9.032441711425781250e+01,2.675765991210937500e+01
-9.032369232177734375e+01,2.675615882873535156e+01
-9.032360076904296875e+01,2.674941444396972656e+01
-9.032313537597656250e+01,2.675416374206542969e+01
-9.032421112060546875e+01,2.675875663757324219e+01
-9.032403564453125000e+01,2.675984001159667969e+01
-9.032521057128906250e+01,2.675877571105957031e+01
-9.032724761962890625e+01,2.676492500305175781e+01
-9.032525634765625000e+01,2.676115608215332031e+01
-9.032837677001953125e+01,2.676363563537597656e+01
-9.032776641845703125e+01,2.676305961608886719e+01
-9.032337951660156250e+01,2.675028800964355469e+01
-9.032345581054687500e+01,2.675243377685546875e+01
-9.032344818115234375e+01,2.674923706054687500e+01
-9.032833862304687500e+01,2.676428794860839844e+01
-9.032411193847656250e+01,2.675790786743164062e+01
-9.032401275634765625e+01,2.675752258300781250e+01
-9.032416534423828125e+01,2.675876808166503906e+01
-9.032801818847656250e+01,2.676416969299316406e+01
-9.032366180419921875e+01,2.675748825073242188e+01
-9.032677459716796875e+01,2.676197052001953125e+01
-9.032396697998046875e+01,2.675696182250976562e+01
-9.032376098632812500e+01,2.675315856933593750e+01
-9.032398986816406250e+01,2.675150871276855469e+01
-9.032367706298828125e+01,2.675436210632324219e+01
-9.032391357421875000e+01,2.675808715820312500e+01
-9.032741546630859375e+01,2.676085853576660156e+01
-9.032318878173828125e+01,2.675685119628906250e+01
-9.032338714599609375e+01,2.675814819335937500e+01
-9.032334899902343750e+01,2.675060272216796875e+01
-9.032348632812500000e+01,2.675812149047851562e+01
-9.032365417480468750e+01,2.675396347045898438e+01
-9.032354736328125000e+01,2.675498390197753906e+01
-9.032453155517578125e+01,2.675985145568847656e+01
-9.032470703125000000e+01,2.676048660278320312e+01
-9.032341003417968750e+01,2.675165557861328125e+01
-9.032797241210937500e+01,2.676166343688964844e+01
-9.032611083984375000e+01,2.676187896728515625e+01
-9.032223510742187500e+01,2.675457572937011719e+01
-9.032818603515625000e+01,2.676327133178710938e+01
-9.032359313964843750e+01,2.675628852844238281e+01
-9.032720184326171875e+01,2.676301956176757812e+01
-9.032830047607421875e+01,2.676449966430664062e+01
-9.032708740234375000e+01,2.676400756835937500e+01
-9.032701873779296875e+01,2.676284027099609375e+01
-9.032617187500000000e+01,2.676285362243652344e+01
-9.032447814941406250e+01,2.675760078430175781e+01
-9.032392120361328125e+01,2.675171852111816406e+01
-9.032291412353515625e+01,2.675646591186523438e+01
-9.032647705078125000e+01,2.676065063476562500e+01
-9.032864379882812500e+01,2.676346397399902344e+01
-9.032388305664062500e+01,2.675805282592773438e+01
-9.032833862304687500e+01,2.676392936706542969e+01
-9.032251739501953125e+01,2.675494194030761719e+01
-9.032704925537109375e+01,2.676412963867187500e+01
-9.032719421386718750e+01,2.676196861267089844e+01
-9.032384490966796875e+01,2.675700759887695312e+01
-9.032418823242187500e+01,2.675806236267089844e+01
-9.032617950439453125e+01,2.676118087768554688e+01
-9.032350921630859375e+01,2.675594902038574219e+01
-9.032779693603515625e+01,2.676383399963378906e+01
-9.032380676269531250e+01,2.675461196899414062e+01
-9.032276153564453125e+01,2.675329208374023438e+01
-9.032373809814453125e+01,2.675400543212890625e+01
-9.032352447509765625e+01,2.675680541992187500e+01
-9.032437896728515625e+01,2.675796508789062500e+01
-9.032842254638671875e+01,2.676263809204101562e+01
-9.032243347167968750e+01,2.675398635864257812e+01
-9.032427215576171875e+01,2.675060653686523438e+01
-9.032393646240234375e+01,2.675139045715332031e+01
-9.032350921630859375e+01,2.675061988830566406e+01
-9.032295227050781250e+01,2.675467872619628906e+01
-9.032341003417968750e+01,2.675533103942871094e+01
-9.032476043701171875e+01,2.675204849243164062e+01
-9.032469177246093750e+01,2.675777816772460938e+01
-9.032859039306640625e+01,2.676224327087402344e+01
-9.032266998291015625e+01,2.675661849975585938e+01
-9.032678222656250000e+01,2.676049613952636719e+01
-9.032375335693359375e+01,2.675757408142089844e+01
-9.032350921630859375e+01,2.675489044189453125e+01
-9.032691192626953125e+01,2.676270484924316406e+01
-9.032474517822265625e+01,2.675763320922851562e+01
-9.032852172851562500e+01,2.676348686218261719e+01
-9.032386016845703125e+01,2.675935935974121094e+01
-9.032627868652343750e+01,2.676025390625000000e+01
-9.032225036621093750e+01,2.675467300415039062e+01
-9.032290649414062500e+01,2.675685501098632812e+01
-9.032736206054687500e+01,2.676407432556152344e+01
-9.032389068603515625e+01,2.675753784179687500e+01
-9.032414245605468750e+01,2.675253868103027344e+01
-9.032518768310546875e+01,2.675866699218750000e+01
-9.032667541503906250e+01,2.676158142089843750e+01
-9.032581329345703125e+01,2.676247787475585938e+01
-9.032385253906250000e+01,2.675445365905761719e+01
-9.032643890380859375e+01,2.676434326171875000e+01
-9.032623291015625000e+01,2.676231384277343750e+01
-9.032734680175781250e+01,2.676358222961425781e+01
-9.032408905029296875e+01,2.675089645385742188e+01
-9.032594299316406250e+01,2.676139450073242188e+01
-9.032431793212890625e+01,2.674986267089843750e+01
-9.032373046875000000e+01,2.675641441345214844e+01
-9.032789611816406250e+01,2.676245307922363281e+01
-9.032804107666015625e+01,2.676448249816894531e+01
-9.032326507568359375e+01,2.675094413757324219e+01
-9.032582855224609375e+01,2.676137733459472656e+01
-9.032373046875000000e+01,2.675469207763671875e+01
-9.032462310791015625e+01,2.676022529602050781e+01
-9.032378387451171875e+01,2.675657463073730469e+01
-9.032608032226562500e+01,2.676439285278320312e+01
-9.032647705078125000e+01,2.676194000244140625e+01
-9.032604217529296875e+01,2.676279067993164062e+01
-9.032329559326171875e+01,2.675690078735351562e+01
-9.032478332519531250e+01,2.675952148437500000e+01
-9.032840728759765625e+01,2.676393699645996094e+01
-9.032461547851562500e+01,2.675230407714843750e+01
-9.032318115234375000e+01,2.675362396240234375e+01
-9.032285308837890625e+01,2.675625228881835938e+01
-9.032410430908203125e+01,2.675441360473632812e+01
-9.032365417480468750e+01,2.675482749938964844e+01
-9.032377624511718750e+01,2.675116348266601562e+01
-9.032403564453125000e+01,2.675794029235839844e+01
-9.032388305664062500e+01,2.675946617126464844e+01
-9.032830047607421875e+01,2.676407432556152344e+01
-9.032837677001953125e+01,2.676142692565917969e+01
-9.032777404785156250e+01,2.676248741149902344e+01
-9.032347106933593750e+01,2.675636863708496094e+01
-9.032830810546875000e+01,2.676217651367187500e+01
-9.032360839843750000e+01,2.675184059143066406e+01
-9.032350158691406250e+01,2.675018501281738281e+01
-9.032632446289062500e+01,2.676366806030273438e+01
-9.032561492919921875e+01,2.675918769836425781e+01
-9.032358551025390625e+01,2.675385856628417969e+01
-9.032418060302734375e+01,2.674977493286132812e+01
-9.032504272460937500e+01,2.676017951965332031e+01
-9.032339477539062500e+01,2.675241279602050781e+01
-9.032482910156250000e+01,2.675844192504882812e+01
-9.032318115234375000e+01,2.675321197509765625e+01
-9.032845306396484375e+01,2.676193618774414062e+01
-9.032649993896484375e+01,2.676037406921386719e+01
-9.032508850097656250e+01,2.675921440124511719e+01
-9.032469177246093750e+01,2.675024795532226562e+01
-9.032395172119140625e+01,2.674999427795410156e+01
-9.032506561279296875e+01,2.675970840454101562e+01
-9.032681274414062500e+01,2.676306533813476562e+01
-9.032331848144531250e+01,2.675522804260253906e+01
-9.032422637939453125e+01,2.675295448303222656e+01
-9.032840728759765625e+01,2.676381492614746094e+01
-9.032433319091796875e+01,2.675954818725585938e+01
-9.032651519775390625e+01,2.676490020751953125e+01
-9.032329559326171875e+01,2.675538444519042969e+01
-9.032676696777343750e+01,2.676376152038574219e+01
-9.032864379882812500e+01,2.676292800903320312e+01
-9.032260131835937500e+01,2.675622367858886719e+01
-9.032688140869140625e+01,2.676466178894042969e+01
-9.032624053955078125e+01,2.676103973388671875e+01
-9.032621002197265625e+01,2.676045417785644531e+01
-9.032774353027343750e+01,2.676232147216796875e+01
-9.032665252685546875e+01,2.676199150085449219e+01
-9.032591247558593750e+01,2.676322937011718750e+01
-9.032350921630859375e+01,2.675452995300292969e+01
-9.032270050048828125e+01,2.675373077392578125e+01
-9.032483673095703125e+01,2.675043296813964844e+01
-9.032342529296875000e+01,2.675017738342285156e+01
-9.032300567626953125e+01,2.675571441650390625e+01
-9.032705688476562500e+01,2.676165962219238281e+01
-9.032301330566406250e+01,2.675407409667968750e+01
-9.032588195800781250e+01,2.676204681396484375e+01
-9.032717895507812500e+01,2.676323699951171875e+01
-9.032751464843750000e+01,2.676403617858886719e+01
-9.032299804687500000e+01,2.675081634521484375e+01
-9.032839202880859375e+01,2.676435089111328125e+01
-9.032603454589843750e+01,2.676359176635742188e+01
-9.032395935058593750e+01,2.675213813781738281e+01
-9.032837677001953125e+01,2.676253890991210938e+01
-9.032679748535156250e+01,2.676185035705566406e+01
-9.032478332519531250e+01,2.675832366943359375e+01
-9.032415008544921875e+01,2.675771141052246094e+01
-9.032307434082031250e+01,2.675078010559082031e+01
-9.032743072509765625e+01,2.676267433166503906e+01
-9.032367706298828125e+01,2.675190734863281250e+01
-9.032753753662109375e+01,2.676174545288085938e+01
-9.032308959960937500e+01,2.675553321838378906e+01
-9.032487487792968750e+01,2.675893020629882812e+01
-9.032422637939453125e+01,2.675197029113769531e+01
-9.032358551025390625e+01,2.675597572326660156e+01
-9.032872772216796875e+01,2.676267242431640625e+01
-9.032842254638671875e+01,2.676192855834960938e+01
-9.032610321044921875e+01,2.676249885559082031e+01
-9.032375335693359375e+01,2.674981880187988281e+01
-9.032768249511718750e+01,2.676134109497070312e+01
-9.032537841796875000e+01,2.675914764404296875e+01
-9.032266998291015625e+01,2.675499153137207031e+01
-9.032640075683593750e+01,2.676396369934082031e+01
-9.032569885253906250e+01,2.675975227355957031e+01
-9.032382965087890625e+01,2.675095748901367188e+01
-9.032438659667968750e+01,2.675799751281738281e+01
-9.032444763183593750e+01,2.675179672241210938e+01
-9.032609558105468750e+01,2.676343727111816406e+01
-9.032403564453125000e+01,2.675335502624511719e+01
-9.032380676269531250e+01,2.675094985961914062e+01
-9.032788085937500000e+01,2.676434898376464844e+01
-9.032447814941406250e+01,2.675156402587890625e+01
-9.032785034179687500e+01,2.676336097717285156e+01
-9.032692718505859375e+01,2.676483154296875000e+01
-9.032688140869140625e+01,2.676079559326171875e+01
-9.032846832275390625e+01,2.676282310485839844e+01
-9.032384490966796875e+01,2.675072288513183594e+01
-9.032351684570312500e+01,2.675599288940429688e+01
-9.032286834716796875e+01,2.675335502624511719e+01
-9.032319641113281250e+01,2.675494003295898438e+01
-9.032409667968750000e+01,2.675055122375488281e+01
-9.032539367675781250e+01,2.675909805297851562e+01
-9.032559967041015625e+01,2.676076889038085938e+01
-9.032676696777343750e+01,2.676174736022949219e+01
-9.032408905029296875e+01,2.675745201110839844e+01
-9.032646942138671875e+01,2.676211357116699219e+01
-9.032270050048828125e+01,2.675446701049804688e+01
-9.032326507568359375e+01,2.675524520874023438e+01
-9.032340240478515625e+01,2.675509262084960938e+01
-9.032462310791015625e+01,2.675119400024414062e+01
-9.032315063476562500e+01,2.675123405456542969e+01
-9.032353210449218750e+01,2.675510978698730469e+01
-9.032813262939453125e+01,2.676284408569335938e+01
-9.032393646240234375e+01,2.675152587890625000e+01
-9.032471466064453125e+01,2.675910377502441406e+01
-9.032368469238281250e+01,2.675315666198730469e+01
-9.032292175292968750e+01,2.675332260131835938e+01
-9.032369995117187500e+01,2.675806236267089844e+01
-9.032519531250000000e+01,2.676077842712402344e+01
-9.032330322265625000e+01,2.675522422790527344e+01
-9.032505798339843750e+01,2.676087379455566406e+01
-9.032484436035156250e+01,2.675790405273437500e+01
-9.032413482666015625e+01,2.675270462036132812e+01
-9.032338714599609375e+01,2.675182723999023438e+01
-9.032807922363281250e+01,2.676255226135253906e+01
-9.032640838623046875e+01,2.676263618469238281e+01
-9.032305908203125000e+01,2.675116157531738281e+01
-9.032663726806640625e+01,2.676141738891601562e+01
-9.032318115234375000e+01,2.674941444396972656e+01
-9.032357025146484375e+01,2.675798797607421875e+01
-9.032634735107421875e+01,2.676455879211425781e+01
-9.032233428955078125e+01,2.675374412536621094e+01
-9.032768249511718750e+01,2.676323699951171875e+01
-9.032617950439453125e+01,2.676030158996582031e+01
-9.032764434814453125e+01,2.676276397705078125e+01
-9.032872009277343750e+01,2.676256752014160156e+01
-9.032498931884765625e+01,2.675809097290039062e+01
-9.032331085205078125e+01,2.675508117675781250e+01
-9.032403564453125000e+01,2.675465011596679688e+01
-9.032394409179687500e+01,2.675767135620117188e+01
-9.032411956787109375e+01,2.675743293762207031e+01
-9.032434844970703125e+01,2.675731658935546875e+01
-9.032717132568359375e+01,2.676344680786132812e+01
-9.032385253906250000e+01,2.675317001342773438e+01
-9.032834625244140625e+01,2.676370048522949219e+01
-9.032763671875000000e+01,2.676309776306152344e+01
-9.032683563232421875e+01,2.676210594177246094e+01
-9.032234954833984375e+01,2.675393676757812500e+01
-9.032562255859375000e+01,2.676145362854003906e+01
-9.032465362548828125e+01,2.676076316833496094e+01
-9.032746124267578125e+01,2.676095390319824219e+01
-9.032471466064453125e+01,2.675158691406250000e+01
-9.032302093505859375e+01,2.675559997558593750e+01
-9.032478332519531250e+01,2.675771522521972656e+01
-9.032305145263671875e+01,2.675651359558105469e+01
-9.032730865478515625e+01,2.676266860961914062e+01
-9.032650756835937500e+01,2.676201629638671875e+01
-9.032378387451171875e+01,2.675749778747558594e+01
-9.032755279541015625e+01,2.676450920104980469e+01
-9.032353210449218750e+01,2.675336456298828125e+01
-9.032227325439453125e+01,2.675412940979003906e+01
-9.032420349121093750e+01,2.675737571716308594e+01
-9.032413482666015625e+01,2.675015640258789062e+01
-9.032347106933593750e+01,2.675319862365722656e+01
-9.032482910156250000e+01,2.675999832153320312e+01
-9.032438659667968750e+01,2.674975967407226562e+01
-9.032431793212890625e+01,2.675756835937500000e+01
-9.032323455810546875e+01,2.675001525878906250e+01
-9.032319641113281250e+01,2.675497627258300781e+01
-9.032226562500000000e+01,2.675379753112792969e+01
-9.032376861572265625e+01,2.675135040283203125e+01
-9.032388305664062500e+01,2.675643348693847656e+01
-9.032387542724609375e+01,2.674934005737304688e+01
-9.032489776611328125e+01,2.675105285644531250e+01
-9.032367706298828125e+01,2.675288772583007812e+01
-9.032649993896484375e+01,2.676462936401367188e+01
-9.032299804687500000e+01,2.675647163391113281e+01
-9.032378387451171875e+01,2.675550651550292969e+01
-9.032381439208984375e+01,2.675719261169433594e+01
-9.032477569580078125e+01,2.675927543640136719e+01
-9.032402038574218750e+01,2.675124740600585938e+01
-9.032534027099609375e+01,2.676096153259277344e+01
-9.032469177246093750e+01,2.675933647155761719e+01
-9.032350921630859375e+01,2.674972534179687500e+01
-9.032352447509765625e+01,2.675632858276367188e+01
-9.032463836669921875e+01,2.676065063476562500e+01
-9.032404327392578125e+01,2.675201606750488281e+01
-9.032265472412109375e+01,2.675571250915527344e+01
-9.032271575927734375e+01,2.675506401062011719e+01
-9.032862854003906250e+01,2.676412773132324219e+01
-9.032501220703125000e+01,2.675802612304687500e+01
-9.032425689697265625e+01,2.675986289978027344e+01
-9.032676696777343750e+01,2.676038360595703125e+01
-9.032439422607421875e+01,2.675834655761718750e+01
-9.032802581787109375e+01,2.676188087463378906e+01
-9.032355499267578125e+01,2.675547409057617188e+01
-9.032669830322265625e+01,2.676493835449218750e+01
-9.032383728027343750e+01,2.675643539428710938e+01
-9.032405853271484375e+01,2.675842857360839844e+01
-9.032644653320312500e+01,2.676082611083984375e+01
-9.032412719726562500e+01,2.675867843627929688e+01
-9.032595062255859375e+01,2.676135444641113281e+01
-9.032456207275390625e+01,2.676024818420410156e+01
-9.032324981689453125e+01,2.675052261352539062e+01
-9.032290649414062500e+01,2.675527763366699219e+01
-9.032733154296875000e+01,2.676441192626953125e+01
-9.032685089111328125e+01,2.676160812377929688e+01
-9.032873535156250000e+01,2.676255035400390625e+01
-9.032289886474609375e+01,2.675431823730468750e+01
-9.032337188720703125e+01,2.675144767761230469e+01
-9.032574462890625000e+01,2.676321792602539062e+01
-9.032775115966796875e+01,2.676238441467285156e+01
-9.032214355468750000e+01,2.675479698181152344e+01
-9.032390594482421875e+01,2.675911903381347656e+01
-9.032837677001953125e+01,2.676200485229492188e+01
-9.032675170898437500e+01,2.676170158386230469e+01
-9.032327270507812500e+01,2.675343132019042969e+01
-9.032205963134765625e+01,2.675450897216796875e+01
-9.032463073730468750e+01,2.675237846374511719e+01
-9.032419586181640625e+01,2.675117111206054688e+01
-9.032592010498046875e+01,2.676031875610351562e+01
-9.032341766357421875e+01,2.675704956054687500e+01
-9.032386016845703125e+01,2.675271987915039062e+01
-9.032722473144531250e+01,2.676096343994140625e+01
-9.032548522949218750e+01,2.676089286804199219e+01
-9.032632446289062500e+01,2.676278495788574219e+01
-9.032298278808593750e+01,2.675689315795898438e+01
-9.032280731201171875e+01,2.675458526611328125e+01
-9.032682800292968750e+01,2.676043891906738281e+01
-9.032392883300781250e+01,2.675315856933593750e+01
-9.032848358154296875e+01,2.676204681396484375e+01
-9.032450866699218750e+01,2.675104522705078125e+01
-9.032377624511718750e+01,2.675486946105957031e+01
-9.032631683349609375e+01,2.676243400573730469e+01
-9.032303619384765625e+01,2.675684928894042969e+01
-9.032316589355468750e+01,2.675213623046875000e+01
-9.032464599609375000e+01,2.675144767761230469e+01
-9.032269287109375000e+01,2.675544548034667969e+01
-9.032274627685546875e+01,2.675519752502441406e+01
-9.032226562500000000e+01,2.675572013854980469e+01
-9.032405090332031250e+01,2.675589561462402344e+01
-9.032341003417968750e+01,2.675349998474121094e+01
-9.032526397705078125e+01,2.675919914245605469e+01
-9.032516479492187500e+01,2.676024627685546875e+01
-9.032434844970703125e+01,2.676003265380859375e+01
-9.032575225830078125e+01,2.676300239562988281e+01
-9.032588958740234375e+01,2.676200675964355469e+01
-9.032786560058593750e+01,2.676441001892089844e+01
-9.032424926757812500e+01,2.675154685974121094e+01
-9.032399749755859375e+01,2.675503730773925781e+01
-9.032633209228515625e+01,2.676272583007812500e+01
-9.032794952392578125e+01,2.676460647583007812e+01
-9.032386016845703125e+01,2.675096511840820312e+01
-9.032327270507812500e+01,2.675355911254882812e+01
-9.032406616210937500e+01,2.675776863098144531e+01
-9.032811737060546875e+01,2.676194381713867188e+01
-9.032426452636718750e+01,2.675700759887695312e+01
-9.032365417480468750e+01,2.675677490234375000e+01
-9.032382965087890625e+01,2.675080299377441406e+01
-9.032292175292968750e+01,2.675020980834960938e+01
-9.032350921630859375e+01,2.675200080871582031e+01
-9.032324981689453125e+01,2.675294113159179688e+01
-9.032386016845703125e+01,2.675956726074218750e+01
-9.032609558105468750e+01,2.676105499267578125e+01
-9.032264709472656250e+01,2.675646781921386719e+01
-9.032452392578125000e+01,2.675724792480468750e+01
-9.032717895507812500e+01,2.676282882690429688e+01
-9.032270050048828125e+01,2.675346755981445312e+01
-9.032413482666015625e+01,2.675294685363769531e+01
-9.032694244384765625e+01,2.676353836059570312e+01
-9.032329559326171875e+01,2.675198745727539062e+01
-9.032719421386718750e+01,2.676339721679687500e+01
-9.032651519775390625e+01,2.676464271545410156e+01
-9.032630157470703125e+01,2.676057815551757812e+01
-9.032727050781250000e+01,2.676477622985839844e+01
-9.032834625244140625e+01,2.676447486877441406e+01
-9.032304382324218750e+01,2.675467109680175781e+01
-9.032369995117187500e+01,2.675882911682128906e+01
-9.032591247558593750e+01,2.676160621643066406e+01
-9.032453918457031250e+01,2.675784492492675781e+01
-9.032328796386718750e+01,2.675532531738281250e+01
-9.032444763183593750e+01,2.675724220275878906e+01
-9.032714080810546875e+01,2.676466560363769531e+01
-9.032380676269531250e+01,2.675385093688964844e+01
-9.032381439208984375e+01,2.675024986267089844e+01
-9.032366180419921875e+01,2.675526618957519531e+01
-9.032480621337890625e+01,2.675024795532226562e+01
-9.032745361328125000e+01,2.676091194152832031e+01
-9.032691192626953125e+01,2.676192665100097656e+01
-9.032331085205078125e+01,2.675036621093750000e+01
-9.032392883300781250e+01,2.675509071350097656e+01
-9.032651519775390625e+01,2.676282119750976562e+01
-9.032712554931640625e+01,2.676265335083007812e+01
-9.032722473144531250e+01,2.676180267333984375e+01
-9.032499694824218750e+01,2.675870513916015625e+01
-9.032476043701171875e+01,2.675160789489746094e+01
-9.032629394531250000e+01,2.676201438903808594e+01
-9.032617187500000000e+01,2.676380729675292969e+01
-9.032439422607421875e+01,2.675146675109863281e+01
-9.032725524902343750e+01,2.676398086547851562e+01
-9.032769012451171875e+01,2.676345825195312500e+01
-9.032753753662109375e+01,2.676451301574707031e+01
-9.032326507568359375e+01,2.675637054443359375e+01
-9.032365417480468750e+01,2.675053405761718750e+01
-9.032450866699218750e+01,2.675898551940917969e+01
-9.032711029052734375e+01,2.676373672485351562e+01
-9.032343292236328125e+01,2.675195121765136719e+01
-9.032823944091796875e+01,2.676245689392089844e+01
-9.032375335693359375e+01,2.675420951843261719e+01
-9.032540130615234375e+01,2.675968360900878906e+01
-9.032736206054687500e+01,2.676187515258789062e+01
-9.032611083984375000e+01,2.676047134399414062e+01
-9.032379913330078125e+01,2.675362396240234375e+01
-9.032762145996093750e+01,2.676433753967285156e+01
-9.032268524169921875e+01,2.675367546081542969e+01
-9.032528686523437500e+01,2.675967788696289062e+01
-9.032274627685546875e+01,2.675610351562500000e+01
-9.032471466064453125e+01,2.675055694580078125e+01
-9.032669830322265625e+01,2.676412963867187500e+01
-9.032712554931640625e+01,2.676451110839843750e+01
-9.032395935058593750e+01,2.675328254699707031e+01
-9.032305145263671875e+01,2.675065040588378906e+01
-9.032585144042968750e+01,2.676066970825195312e+01
-9.032612609863281250e+01,2.676113510131835938e+01
-9.032826995849609375e+01,2.676355361938476562e+01
-9.032386016845703125e+01,2.675844192504882812e+01
-9.032329559326171875e+01,2.675434112548828125e+01
-9.032801055908203125e+01,2.676400756835937500e+01
-9.032501983642578125e+01,2.676019859313964844e+01
-9.032284545898437500e+01,2.675456237792968750e+01
-9.032437133789062500e+01,2.674969291687011719e+01
-9.032659912109375000e+01,2.676104164123535156e+01
-9.032337951660156250e+01,2.675812530517578125e+01
-9.032295989990234375e+01,2.675543975830078125e+01
-9.032654571533203125e+01,2.676244354248046875e+01
-9.032376098632812500e+01,2.675821876525878906e+01
-9.032319641113281250e+01,2.675184631347656250e+01
-9.032289123535156250e+01,2.675598907470703125e+01
-9.032712554931640625e+01,2.676477622985839844e+01
-9.032478332519531250e+01,2.675818443298339844e+01
-9.032299041748046875e+01,2.675710296630859375e+01
-9.032280731201171875e+01,2.675673866271972656e+01
-9.032861328125000000e+01,2.676426315307617188e+01
-9.032349395751953125e+01,2.675288581848144531e+01
-9.032362365722656250e+01,2.675802993774414062e+01
-9.032672119140625000e+01,2.676371383666992188e+01
-9.032427978515625000e+01,2.675791931152343750e+01
-9.032295989990234375e+01,2.675641822814941406e+01
-9.032641601562500000e+01,2.676195144653320312e+01
-9.032795715332031250e+01,2.676355743408203125e+01
-9.032282257080078125e+01,2.675430488586425781e+01
-9.032473754882812500e+01,2.676047325134277344e+01
-9.032418823242187500e+01,2.675104904174804688e+01
-9.032629394531250000e+01,2.676300239562988281e+01
-9.032442474365234375e+01,2.675986099243164062e+01
-9.032299041748046875e+01,2.675546455383300781e+01
-9.032441711425781250e+01,2.676040649414062500e+01
-9.032316589355468750e+01,2.675332069396972656e+01
-9.032358551025390625e+01,2.675801277160644531e+01
-9.032389068603515625e+01,2.675000572204589844e+01
-9.032538604736328125e+01,2.675991249084472656e+01
-9.032369995117187500e+01,2.675516700744628906e+01
-9.032420349121093750e+01,2.675789451599121094e+01
-9.032539367675781250e+01,2.676119995117187500e+01
-9.032407379150390625e+01,2.675252914428710938e+01
-9.032855987548828125e+01,2.676431655883789062e+01
-9.032480621337890625e+01,2.676014328002929688e+01
-9.032775115966796875e+01,2.676177406311035156e+01
-9.032749938964843750e+01,2.676184463500976562e+01
-9.032516479492187500e+01,2.675993919372558594e+01
-9.032779693603515625e+01,2.676148986816406250e+01
-9.032421112060546875e+01,2.675854682922363281e+01
-9.032301330566406250e+01,2.675408363342285156e+01
-9.032595825195312500e+01,2.676320648193359375e+01
-9.032466125488281250e+01,2.676079750061035156e+01
-9.032781219482421875e+01,2.676165580749511719e+01
-9.032764434814453125e+01,2.676228904724121094e+01
-9.032367706298828125e+01,2.675205612182617188e+01
-9.032751464843750000e+01,2.676157951354980469e+01
-9.032364654541015625e+01,2.675803375244140625e+01
-9.032788848876953125e+01,2.676473045349121094e+01
-9.032354736328125000e+01,2.675130462646484375e+01
-9.032301330566406250e+01,2.675140953063964844e+01
-9.032807922363281250e+01,2.676330757141113281e+01
-9.032217407226562500e+01,2.675490951538085938e+01
-9.032282257080078125e+01,2.675446128845214844e+01
-9.032338714599609375e+01,2.674979972839355469e+01
-9.032410430908203125e+01,2.674985122680664062e+01
-9.032392883300781250e+01,2.675300025939941406e+01
-9.032321929931640625e+01,2.675410652160644531e+01
-9.032279205322265625e+01,2.675503730773925781e+01
-9.032842254638671875e+01,2.676448631286621094e+01
-9.032393646240234375e+01,2.675602531433105469e+01
-9.032447052001953125e+01,2.675134849548339844e+01
-9.032627868652343750e+01,2.676340484619140625e+01
-9.032312774658203125e+01,2.675708770751953125e+01
-9.032838439941406250e+01,2.676437950134277344e+01
-9.032428741455078125e+01,2.675889778137207031e+01
-9.032653808593750000e+01,2.676337814331054688e+01
-9.032618713378906250e+01,2.676463508605957031e+01
-9.032349395751953125e+01,2.675099563598632812e+01
-9.032585906982421875e+01,2.676108741760253906e+01
-9.032382202148437500e+01,2.675708007812500000e+01
-9.032540130615234375e+01,2.675914001464843750e+01
-9.032363128662109375e+01,2.675177192687988281e+01
-9.032636260986328125e+01,2.676387596130371094e+01
-9.032347106933593750e+01,2.675262641906738281e+01
-9.032399749755859375e+01,2.675714492797851562e+01
-9.032670593261718750e+01,2.676280784606933594e+01
-9.032591247558593750e+01,2.676392936706542969e+01
-9.032309722900390625e+01,2.675530433654785156e+01
-9.032469177246093750e+01,2.676073837280273438e+01
-9.032576751708984375e+01,2.676000785827636719e+01
-9.032550811767578125e+01,2.676100158691406250e+01
-9.032593536376953125e+01,2.676035690307617188e+01
-9.032310485839843750e+01,2.675616264343261719e+01
-9.032391357421875000e+01,2.675151062011718750e+01
-9.032598114013671875e+01,2.676193618774414062e+01
-9.032363128662109375e+01,2.675819015502929688e+01
-9.032379150390625000e+01,2.675129318237304688e+01
-9.032334136962890625e+01,2.675140953063964844e+01
-9.032740783691406250e+01,2.676359558105468750e+01
-9.032731628417968750e+01,2.676195907592773438e+01
-9.032394409179687500e+01,2.675091743469238281e+01
-9.032383728027343750e+01,2.675914764404296875e+01
-9.032405853271484375e+01,2.675094604492187500e+01
-9.032744598388671875e+01,2.676376724243164062e+01
-9.032701873779296875e+01,2.676138114929199219e+01
-9.032363128662109375e+01,2.675498390197753906e+01
-9.032394409179687500e+01,2.675746726989746094e+01
-9.032697296142578125e+01,2.676290702819824219e+01
-9.032731628417968750e+01,2.676077270507812500e+01
-9.032432556152343750e+01,2.675165557861328125e+01
-9.032675170898437500e+01,2.676362991333007812e+01
-9.032461547851562500e+01,2.675859069824218750e+01
-9.032708740234375000e+01,2.676506233215332031e+01
-9.032337951660156250e+01,2.675764656066894531e+01
-9.032815551757812500e+01,2.676451873779296875e+01
-9.032601928710937500e+01,2.676181983947753906e+01
-9.032618713378906250e+01,2.676023292541503906e+01
-9.032377624511718750e+01,2.675014495849609375e+01
-9.032478332519531250e+01,2.676076698303222656e+01
-9.032395172119140625e+01,2.675340843200683594e+01
-9.032303619384765625e+01,2.675025558471679688e+01
-9.032621765136718750e+01,2.676241111755371094e+01
-9.032637786865234375e+01,2.676331901550292969e+01
-9.032675933837890625e+01,2.676180839538574219e+01
-9.032367706298828125e+01,2.675767326354980469e+01
-9.032367706298828125e+01,2.675634384155273438e+01
-9.032745361328125000e+01,2.676115798950195312e+01
-9.032374572753906250e+01,2.675571441650390625e+01
-9.032357788085937500e+01,2.675122451782226562e+01
-9.032359313964843750e+01,2.674943542480468750e+01
-9.032321929931640625e+01,2.675636672973632812e+01
-9.032748413085937500e+01,2.676135063171386719e+01
-9.032593536376953125e+01,2.676254463195800781e+01
-9.032425689697265625e+01,2.675117301940917969e+01
-9.032314300537109375e+01,2.675684928894042969e+01
-9.032773590087890625e+01,2.676267242431640625e+01
-9.032466125488281250e+01,2.676053428649902344e+01
-9.032501983642578125e+01,2.676032829284667969e+01
-9.032592010498046875e+01,2.676448440551757812e+01
-9.032655334472656250e+01,2.676045608520507812e+01
-9.032611083984375000e+01,2.676128196716308594e+01
-9.032701873779296875e+01,2.676266479492187500e+01
-9.032278442382812500e+01,2.675534248352050781e+01
-9.032342529296875000e+01,2.675828170776367188e+01
-9.032379913330078125e+01,2.675826835632324219e+01
-9.032498931884765625e+01,2.675930786132812500e+01
-9.032780456542968750e+01,2.676425552368164062e+01
-9.032830047607421875e+01,2.676274299621582031e+01
-9.032356262207031250e+01,2.675339698791503906e+01
-9.032726287841796875e+01,2.676453018188476562e+01
-9.032381439208984375e+01,2.675712776184082031e+01
-9.032362365722656250e+01,2.675513648986816406e+01
-9.032313537597656250e+01,2.675615882873535156e+01
-9.032425689697265625e+01,2.675209045410156250e+01
-9.032292938232421875e+01,2.675616455078125000e+01
-9.032813262939453125e+01,2.676356697082519531e+01
-9.032305908203125000e+01,2.675021171569824219e+01
-9.032270050048828125e+01,2.675510025024414062e+01
-9.032570648193359375e+01,2.676022529602050781e+01
-9.032662963867187500e+01,2.676103591918945312e+01
-9.032411956787109375e+01,2.675856018066406250e+01
-9.032599639892578125e+01,2.676265907287597656e+01
-9.032431793212890625e+01,2.675277519226074219e+01
-9.032288360595703125e+01,2.675587272644042969e+01
-9.032278442382812500e+01,2.675526428222656250e+01
-9.032839202880859375e+01,2.676312828063964844e+01
-9.032430267333984375e+01,2.675699234008789062e+01
-9.032379913330078125e+01,2.675536346435546875e+01
-9.032364654541015625e+01,2.675648498535156250e+01
-9.032455444335937500e+01,2.675788116455078125e+01
-9.032382202148437500e+01,2.675345611572265625e+01
-9.032451629638671875e+01,2.675872802734375000e+01
-9.032440185546875000e+01,2.675138473510742188e+01
-9.032257080078125000e+01,2.675442504882812500e+01
-9.032374572753906250e+01,2.675795555114746094e+01
-9.032708740234375000e+01,2.676316452026367188e+01
-9.032624053955078125e+01,2.676219940185546875e+01
-9.032707214355468750e+01,2.676324272155761719e+01
-9.032826232910156250e+01,2.676400756835937500e+01
-9.032233428955078125e+01,2.675474548339843750e+01
-9.032377624511718750e+01,2.675377082824707031e+01
-9.032851409912109375e+01,2.676266098022460938e+01
-9.032446289062500000e+01,2.675847816467285156e+01
-9.032309722900390625e+01,2.675139808654785156e+01
-9.032323455810546875e+01,2.675490188598632812e+01
-9.032740020751953125e+01,2.676082801818847656e+01
-9.032690429687500000e+01,2.676491355895996094e+01
-9.032373046875000000e+01,2.675588417053222656e+01
-9.032329559326171875e+01,2.675611686706542969e+01
-9.032462310791015625e+01,2.675234222412109375e+01
-9.032301330566406250e+01,2.675547790527343750e+01
-9.032305145263671875e+01,2.675326347351074219e+01
-9.032801818847656250e+01,2.676348876953125000e+01
-9.032792663574218750e+01,2.676266479492187500e+01
-9.032352447509765625e+01,2.675793075561523438e+01
-9.032451629638671875e+01,2.676002502441406250e+01
-9.032455444335937500e+01,2.675072669982910156e+01
-9.032246398925781250e+01,2.675372695922851562e+01
-9.032646942138671875e+01,2.676481437683105469e+01
-9.032433319091796875e+01,2.675701141357421875e+01
-9.032641601562500000e+01,2.676471138000488281e+01
-9.032398223876953125e+01,2.675781059265136719e+01
-9.032402801513671875e+01,2.675462532043457031e+01
-9.032309722900390625e+01,2.674974632263183594e+01
-9.032461547851562500e+01,2.676041603088378906e+01
-9.032368469238281250e+01,2.675387191772460938e+01
-9.032385253906250000e+01,2.675411987304687500e+01
-9.032427215576171875e+01,2.675028038024902344e+01
-9.032652282714843750e+01,2.676102638244628906e+01
-9.032668304443359375e+01,2.676042366027832031e+01
-9.032446289062500000e+01,2.675064849853515625e+01
-9.032797241210937500e+01,2.676341819763183594e+01
-9.032379150390625000e+01,2.675044441223144531e+01
-9.032848358154296875e+01,2.676420211791992188e+01
-9.032476806640625000e+01,2.675113677978515625e+01
-9.032346343994140625e+01,2.675163269042968750e+01
-9.032257843017578125e+01,2.675529098510742188e+01
-9.032391357421875000e+01,2.675284957885742188e+01
-9.032390594482421875e+01,2.675067520141601562e+01
-9.032386016845703125e+01,2.675246810913085938e+01
-9.032496643066406250e+01,2.675884819030761719e+01
-9.032347869873046875e+01,2.675675964355468750e+01
-9.032715606689453125e+01,2.676434135437011719e+01
-9.032646179199218750e+01,2.676168060302734375e+01
-9.032706451416015625e+01,2.676248168945312500e+01
-9.032541656494140625e+01,2.675936317443847656e+01
-9.032280731201171875e+01,2.675639152526855469e+01
-9.032410430908203125e+01,2.675123023986816406e+01
-9.032402038574218750e+01,2.674989700317382812e+01
-9.032338714599609375e+01,2.675610351562500000e+01
-9.032456970214843750e+01,2.675106811523437500e+01
-9.032343292236328125e+01,2.675576019287109375e+01
-9.032373046875000000e+01,2.675607681274414062e+01
-9.032300567626953125e+01,2.675154876708984375e+01
-9.032357788085937500e+01,2.675189590454101562e+01
-9.032302856445312500e+01,2.675049018859863281e+01
-9.032237243652343750e+01,2.675478744506835938e+01
-9.032566070556640625e+01,2.675982093811035156e+01
-9.032476806640625000e+01,2.675049209594726562e+01
-9.032822418212890625e+01,2.676172828674316406e+01
-9.032505035400390625e+01,2.675896072387695312e+01
-9.032747650146484375e+01,2.676277732849121094e+01
-9.032701873779296875e+01,2.676292991638183594e+01
-9.032492828369140625e+01,2.675110244750976562e+01
-9.032238006591796875e+01,2.675411033630371094e+01
-9.032479095458984375e+01,2.675972557067871094e+01
-9.032227325439453125e+01,2.675380516052246094e+01
-9.032813262939453125e+01,2.676207542419433594e+01
-9.032402801513671875e+01,2.675800323486328125e+01
-9.032617187500000000e+01,2.676017379760742188e+01
-9.032574462890625000e+01,2.675995826721191406e+01
-9.032699584960937500e+01,2.676478195190429688e+01
-9.032335662841796875e+01,2.675045394897460938e+01
-9.032398223876953125e+01,2.675656509399414062e+01
-9.032606506347656250e+01,2.676297760009765625e+01
-9.032265472412109375e+01,2.675605773925781250e+01
-9.032628631591796875e+01,2.676272201538085938e+01
-9.032805633544921875e+01,2.676181221008300781e+01
-9.032305145263671875e+01,2.675442504882812500e+01
-9.032330322265625000e+01,2.675176429748535156e+01
-9.032688903808593750e+01,2.676160240173339844e+01
-9.032789611816406250e+01,2.676404190063476562e+01
-9.032360839843750000e+01,2.675641822814941406e+01
-9.032305145263671875e+01,2.675039482116699219e+01
-9.032695770263671875e+01,2.676400947570800781e+01
-9.032382202148437500e+01,2.675782012939453125e+01
-9.032358551025390625e+01,2.675333976745605469e+01
-9.032618713378906250e+01,2.676025390625000000e+01
-9.032497406005859375e+01,2.675827598571777344e+01
-9.032440948486328125e+01,2.675966453552246094e+01
-9.032456970214843750e+01,2.675172233581542969e+01
-9.032320404052734375e+01,2.675123786926269531e+01
-9.032781982421875000e+01,2.676426696777343750e+01
-9.032676696777343750e+01,2.676177406311035156e+01
-9.032826232910156250e+01,2.676192283630371094e+01
-9.032333374023437500e+01,2.675464057922363281e+01
-9.032528686523437500e+01,2.676050758361816406e+01
-9.032362365722656250e+01,2.675577354431152344e+01
-9.032629394531250000e+01,2.676427841186523438e+01
-9.032477569580078125e+01,2.675104522705078125e+01
-9.032799530029296875e+01,2.676436805725097656e+01
-9.032617950439453125e+01,2.676459312438964844e+01
-9.032574462890625000e+01,2.676352119445800781e+01
-9.032368469238281250e+01,2.675560188293457031e+01
-9.032412719726562500e+01,2.675175476074218750e+01
-9.032527160644531250e+01,2.675840187072753906e+01
-9.032366180419921875e+01,2.675195693969726562e+01
-9.032557678222656250e+01,2.676089286804199219e+01
-9.032444763183593750e+01,2.675859832763671875e+01
-9.032618713378906250e+01,2.676217079162597656e+01
-9.032479858398437500e+01,2.675141334533691406e+01
-9.032347106933593750e+01,2.675739479064941406e+01
-9.032397460937500000e+01,2.675818252563476562e+01
-9.032661437988281250e+01,2.676270294189453125e+01
-9.032687377929687500e+01,2.676183891296386719e+01
-9.032859039306640625e+01,2.676234436035156250e+01
-9.032592010498046875e+01,2.676156234741210938e+01
-9.032283782958984375e+01,2.675632095336914062e+01
-9.032746887207031250e+01,2.676141738891601562e+01
-9.032359313964843750e+01,2.675626754760742188e+01
-9.032454681396484375e+01,2.676070022583007812e+01
-9.032379150390625000e+01,2.674992179870605469e+01
-9.032546234130859375e+01,2.676053047180175781e+01
-9.032817840576171875e+01,2.676405906677246094e+01
-9.032391357421875000e+01,2.675854682922363281e+01
-9.032376098632812500e+01,2.674935531616210938e+01
-9.032381439208984375e+01,2.675408172607421875e+01
-9.032413482666015625e+01,2.675264739990234375e+01
-9.032842254638671875e+01,2.676451110839843750e+01
-9.032839965820312500e+01,2.676360321044921875e+01
-9.032555389404296875e+01,2.676088523864746094e+01
-9.032814788818359375e+01,2.676185798645019531e+01
-9.032823944091796875e+01,2.676169013977050781e+01
-9.032663726806640625e+01,2.676339721679687500e+01
-9.032461547851562500e+01,2.675073242187500000e+01
-9.032623291015625000e+01,2.676358985900878906e+01
-9.032415008544921875e+01,2.675998115539550781e+01
-9.032773590087890625e+01,2.676171493530273438e+01
-9.032596588134765625e+01,2.676311111450195312e+01
-9.032223510742187500e+01,2.675541305541992188e+01
-9.032238006591796875e+01,2.675404930114746094e+01
-9.032809448242187500e+01,2.676287460327148438e+01
-9.032443237304687500e+01,2.675731277465820312e+01
-9.032335662841796875e+01,2.675615119934082031e+01
-9.032479858398437500e+01,2.675148010253906250e+01
-9.032318878173828125e+01,2.674989700317382812e+01
-9.032630157470703125e+01,2.676066780090332031e+01
-9.032826995849609375e+01,2.676388168334960938e+01
-9.032701110839843750e+01,2.676262474060058594e+01
-9.032331085205078125e+01,2.675479698181152344e+01
-9.032440185546875000e+01,2.675223159790039062e+01
-9.032310485839843750e+01,2.675643157958984375e+01
-9.032588958740234375e+01,2.676211166381835938e+01
-9.032274627685546875e+01,2.675458908081054688e+01
-9.032850646972656250e+01,2.676216125488281250e+01
-9.032341003417968750e+01,2.675326728820800781e+01
-9.032688903808593750e+01,2.676444435119628906e+01
-9.032649993896484375e+01,2.676321792602539062e+01
-9.032860565185546875e+01,2.676234436035156250e+01
-9.032343292236328125e+01,2.674947166442871094e+01
-9.032604217529296875e+01,2.676421165466308594e+01
-9.032833099365234375e+01,2.676227188110351562e+01
-9.032263946533203125e+01,2.675511169433593750e+01
-9.032579040527343750e+01,2.676354026794433594e+01
-9.032748413085937500e+01,2.676246833801269531e+01
-9.032392120361328125e+01,2.675642585754394531e+01
-9.032499694824218750e+01,2.675905227661132812e+01
-9.032402038574218750e+01,2.675316047668457031e+01
-9.032288360595703125e+01,2.675469589233398438e+01
-9.032244873046875000e+01,2.675361251831054688e+01
-9.032334136962890625e+01,2.675408744812011719e+01
-9.032215881347656250e+01,2.675473403930664062e+01
-9.032592773437500000e+01,2.676370811462402344e+01
-9.032612609863281250e+01,2.676049232482910156e+01
-9.032479858398437500e+01,2.676036453247070312e+01
-9.032641601562500000e+01,2.676030731201171875e+01
-9.032508850097656250e+01,2.675997924804687500e+01
-9.032766723632812500e+01,2.676271438598632812e+01
-9.032395172119140625e+01,2.675845909118652344e+01
-9.032785797119140625e+01,2.676440811157226562e+01
-9.032427978515625000e+01,2.675763893127441406e+01
-9.032457733154296875e+01,2.674984169006347656e+01
-9.032338714599609375e+01,2.675437164306640625e+01
-9.032432556152343750e+01,2.675735282897949219e+01
-9.032444763183593750e+01,2.675132942199707031e+01
-9.032214355468750000e+01,2.675460052490234375e+01
-9.032401275634765625e+01,2.675582122802734375e+01
-9.032318115234375000e+01,2.675418663024902344e+01
-9.032617187500000000e+01,2.676405715942382812e+01
-9.032768249511718750e+01,2.676307296752929688e+01
-9.032280731201171875e+01,2.675343132019042969e+01
-9.032232666015625000e+01,2.675368118286132812e+01
-9.032717132568359375e+01,2.676440620422363281e+01
-9.032762145996093750e+01,2.676307106018066406e+01
-9.032478332519531250e+01,2.675041198730468750e+01
-9.032260894775390625e+01,2.675574302673339844e+01
-9.032263183593750000e+01,2.675638389587402344e+01
-9.032320404052734375e+01,2.675741004943847656e+01
-9.032550048828125000e+01,2.675991058349609375e+01
-9.032247924804687500e+01,2.675352668762207031e+01
-9.032638549804687500e+01,2.676479721069335938e+01
-9.032212829589843750e+01,2.675503349304199219e+01
-9.032467651367187500e+01,2.675970268249511719e+01
-9.032340240478515625e+01,2.674930381774902344e+01
-9.032388305664062500e+01,2.675621795654296875e+01
-9.032517242431640625e+01,2.675899505615234375e+01
-9.032447052001953125e+01,2.675291442871093750e+01
-9.032340240478515625e+01,2.675100708007812500e+01
-9.032705688476562500e+01,2.676456069946289062e+01
-9.032455444335937500e+01,2.675177001953125000e+01
-9.032659912109375000e+01,2.676336288452148438e+01
-9.032503509521484375e+01,2.675910377502441406e+01
-9.032320404052734375e+01,2.675369834899902344e+01
-9.032678222656250000e+01,2.676216506958007812e+01
-9.032318878173828125e+01,2.675480270385742188e+01
-9.032844543457031250e+01,2.676248359680175781e+01
-9.032467651367187500e+01,2.676050186157226562e+01
-9.032511138916015625e+01,2.675902366638183594e+01
-9.032580566406250000e+01,2.676208686828613281e+01
-9.032294464111328125e+01,2.675335311889648438e+01
-9.032352447509765625e+01,2.675308799743652344e+01
-9.032852935791015625e+01,2.676256942749023438e+01
-9.032573699951171875e+01,2.676405715942382812e+01
-9.032601165771484375e+01,2.676029396057128906e+01
-9.032305908203125000e+01,2.675569534301757812e+01
-9.032366943359375000e+01,2.675882720947265625e+01
-9.032747650146484375e+01,2.676078796386718750e+01
-9.032511138916015625e+01,2.675960540771484375e+01
-9.032423400878906250e+01,2.675104141235351562e+01
-9.032345581054687500e+01,2.675084686279296875e+01
-9.032704162597656250e+01,2.676103401184082031e+01
-9.032814025878906250e+01,2.676256752014160156e+01
-9.032875061035156250e+01,2.676258087158203125e+01
-9.032374572753906250e+01,2.675918579101562500e+01
-9.032460784912109375e+01,2.675897216796875000e+01
-9.032316589355468750e+01,2.675547409057617188e+01
-9.032749938964843750e+01,2.676469230651855469e+01
-9.032377624511718750e+01,2.675367736816406250e+01
-9.032740783691406250e+01,2.676481819152832031e+01
-9.032263183593750000e+01,2.675524520874023438e+01
-9.032320404052734375e+01,2.675623893737792969e+01
-9.032358551025390625e+01,2.674979972839355469e+01
-9.032746124267578125e+01,2.676401329040527344e+01
-9.032366943359375000e+01,2.675358009338378906e+01
-9.032343292236328125e+01,2.674958419799804688e+01
-9.032369995117187500e+01,2.675430488586425781e+01
-9.032640075683593750e+01,2.676341629028320312e+01
-9.032381439208984375e+01,2.675512123107910156e+01
-9.032382202148437500e+01,2.675857543945312500e+01
-9.032601928710937500e+01,2.676456832885742188e+01
-9.032295227050781250e+01,2.675609397888183594e+01
-9.032447814941406250e+01,2.675078010559082031e+01
-9.032727813720703125e+01,2.676276206970214844e+01
-9.032585906982421875e+01,2.676136398315429688e+01
-9.032609558105468750e+01,2.675997924804687500e+01
-9.032712554931640625e+01,2.676395797729492188e+01
-9.032224273681640625e+01,2.675540161132812500e+01
-9.032376861572265625e+01,2.674981689453125000e+01
-9.032390594482421875e+01,2.675227737426757812e+01
-9.032630157470703125e+01,2.676336860656738281e+01
-9.032704925537109375e+01,2.676079177856445312e+01
-9.032556152343750000e+01,2.675955581665039062e+01
-9.032344055175781250e+01,2.675432777404785156e+01
-9.032575225830078125e+01,2.676067733764648438e+01
-9.032387542724609375e+01,2.675114059448242188e+01
-9.032397460937500000e+01,2.675214576721191406e+01
-9.032208251953125000e+01,2.675385856628417969e+01
-9.032861328125000000e+01,2.676341819763183594e+01
-9.032496643066406250e+01,2.676025009155273438e+01
-9.032420349121093750e+01,2.675070571899414062e+01
-9.032569122314453125e+01,2.676050567626953125e+01
-9.032868194580078125e+01,2.676297569274902344e+01
-9.032666015625000000e+01,2.676078605651855469e+01
-9.032344818115234375e+01,2.675696754455566406e+01
-9.032247924804687500e+01,2.675592994689941406e+01
-9.032352447509765625e+01,2.675105476379394531e+01
-9.032644653320312500e+01,2.676319503784179688e+01
-9.032423400878906250e+01,2.675693511962890625e+01
-9.032427215576171875e+01,2.675253868103027344e+01
-9.032382965087890625e+01,2.674955940246582031e+01
-9.032380676269531250e+01,2.675021934509277344e+01
-9.032415008544921875e+01,2.675796508789062500e+01
-9.032659912109375000e+01,2.676124191284179688e+01
-9.032337951660156250e+01,2.675534629821777344e+01
-9.032342529296875000e+01,2.675130844116210938e+01
-9.032415771484375000e+01,2.675142478942871094e+01
-9.032360076904296875e+01,2.675150299072265625e+01
-9.032793426513671875e+01,2.676282501220703125e+01
-9.032694244384765625e+01,2.676077461242675781e+01
-9.032406616210937500e+01,2.675250434875488281e+01
-9.032588195800781250e+01,2.676345443725585938e+01
-9.032868957519531250e+01,2.676222801208496094e+01
-9.032831573486328125e+01,2.676213836669921875e+01
-9.032392883300781250e+01,2.675750541687011719e+01
-9.032402801513671875e+01,2.675116157531738281e+01
-9.032406616210937500e+01,2.675278282165527344e+01
-9.032599639892578125e+01,2.676121330261230469e+01
-9.032748413085937500e+01,2.676438903808593750e+01
-9.032701110839843750e+01,2.676321601867675781e+01
-9.032400512695312500e+01,2.675873184204101562e+01
-9.032613372802734375e+01,2.676094055175781250e+01
-9.032398986816406250e+01,2.675226974487304688e+01
-9.032704925537109375e+01,2.676395416259765625e+01
-9.032324981689453125e+01,2.674972534179687500e+01
-9.032759857177734375e+01,2.676208877563476562e+01
-9.032266235351562500e+01,2.675598716735839844e+01
-9.032300567626953125e+01,2.675558853149414062e+01
-9.032384490966796875e+01,2.675959777832031250e+01
-9.032430267333984375e+01,2.675808143615722656e+01
-9.032315063476562500e+01,2.675205039978027344e+01
-9.032577514648437500e+01,2.676127624511718750e+01
-9.032404327392578125e+01,2.675917243957519531e+01
-9.032620239257812500e+01,2.676295280456542969e+01
-9.032538604736328125e+01,2.676120376586914062e+01
-9.032875823974609375e+01,2.676247024536132812e+01
-9.032324218750000000e+01,2.675418281555175781e+01
-9.032379913330078125e+01,2.675648880004882812e+01
-9.032207489013671875e+01,2.675461769104003906e+01
-9.032829284667968750e+01,2.676456260681152344e+01
-9.032553100585937500e+01,2.675951004028320312e+01
-9.032265472412109375e+01,2.675527000427246094e+01
-9.032775878906250000e+01,2.676445388793945312e+01
-9.032836914062500000e+01,2.676153564453125000e+01
-9.032845306396484375e+01,2.676344490051269531e+01
-9.032745361328125000e+01,2.676213455200195312e+01
-9.032472229003906250e+01,2.675115203857421875e+01
-9.032878875732421875e+01,2.676333427429199219e+01
-9.032421112060546875e+01,2.675742340087890625e+01
-9.032291412353515625e+01,2.675613784790039062e+01
-9.032494354248046875e+01,2.675097465515136719e+01
-9.032373809814453125e+01,2.675698089599609375e+01
-9.032857513427734375e+01,2.676278495788574219e+01
-9.032709503173828125e+01,2.676478958129882812e+01
-9.032489013671875000e+01,2.675824546813964844e+01
-9.032350158691406250e+01,2.675323104858398438e+01
-9.032354736328125000e+01,2.675518035888671875e+01
-9.032363891601562500e+01,2.675332832336425781e+01
-9.032411956787109375e+01,2.675339317321777344e+01
-9.032316589355468750e+01,2.675502777099609375e+01
-9.032416534423828125e+01,2.675846290588378906e+01
-9.032730102539062500e+01,2.676260948181152344e+01
-9.032507324218750000e+01,2.676030158996582031e+01
-9.032321929931640625e+01,2.675203895568847656e+01
-9.032442474365234375e+01,2.675121116638183594e+01
-9.032839202880859375e+01,2.676294517517089844e+01
-9.032261657714843750e+01,2.675519561767578125e+01
-9.032627105712890625e+01,2.676282119750976562e+01
-9.032502746582031250e+01,2.676059722900390625e+01
-9.032631683349609375e+01,2.676385688781738281e+01
-9.032724761962890625e+01,2.676296234130859375e+01
-9.032373809814453125e+01,2.675811004638671875e+01
-9.032356262207031250e+01,2.675716018676757812e+01
-9.032413482666015625e+01,2.674950790405273438e+01
-9.032524871826171875e+01,2.676041030883789062e+01
-9.032784271240234375e+01,2.676483345031738281e+01
-9.032670593261718750e+01,2.676195907592773438e+01
-9.032803344726562500e+01,2.676201248168945312e+01
-9.032671356201171875e+01,2.676400947570800781e+01
-9.032430267333984375e+01,2.675244331359863281e+01
-9.032473754882812500e+01,2.675152015686035156e+01
-9.032855224609375000e+01,2.676320457458496094e+01
-9.032769775390625000e+01,2.676226997375488281e+01
-9.032763671875000000e+01,2.676170921325683594e+01
-9.032408905029296875e+01,2.675466728210449219e+01
-9.032593536376953125e+01,2.676282501220703125e+01
-9.032395935058593750e+01,2.675950622558593750e+01
-9.032388305664062500e+01,2.675605964660644531e+01
-9.032223510742187500e+01,2.675454711914062500e+01
-9.032786560058593750e+01,2.676354026794433594e+01
-9.032603454589843750e+01,2.676313972473144531e+01
-9.032347869873046875e+01,2.675672531127929688e+01
-9.032550811767578125e+01,2.675989341735839844e+01
-9.032501983642578125e+01,2.675934600830078125e+01
-9.032376861572265625e+01,2.675928306579589844e+01
-9.032817077636718750e+01,2.676189041137695312e+01
-9.032633209228515625e+01,2.676227188110351562e+01
-9.032653808593750000e+01,2.676457595825195312e+01
-9.032628631591796875e+01,2.676477241516113281e+01
-9.032708740234375000e+01,2.676449012756347656e+01
-9.032386016845703125e+01,2.675330352783203125e+01
-9.032634735107421875e+01,2.676139450073242188e+01
-9.032730865478515625e+01,2.676488685607910156e+01
-9.032344055175781250e+01,2.675296211242675781e+01
-9.032756042480468750e+01,2.676218605041503906e+01
-9.032390594482421875e+01,2.675881958007812500e+01
-9.032440948486328125e+01,2.675856018066406250e+01
-9.032659149169921875e+01,2.676362419128417969e+01
-9.032519531250000000e+01,2.675903129577636719e+01
-9.032579803466796875e+01,2.676375007629394531e+01
-9.032368469238281250e+01,2.675213241577148438e+01
-9.032877349853515625e+01,2.676347351074218750e+01
-9.032431030273437500e+01,2.675999259948730469e+01
-9.032304382324218750e+01,2.674992179870605469e+01
-9.032597351074218750e+01,2.676073074340820312e+01
-9.032280731201171875e+01,2.675537872314453125e+01
-9.032362365722656250e+01,2.675738525390625000e+01
-9.032241821289062500e+01,2.675523185729980469e+01
-9.032785034179687500e+01,2.676202201843261719e+01
-9.032284545898437500e+01,2.675501632690429688e+01
-9.032774353027343750e+01,2.676265716552734375e+01
-9.032762908935546875e+01,2.676280021667480469e+01
-9.032532501220703125e+01,2.676089859008789062e+01
-9.032594299316406250e+01,2.676178550720214844e+01
-9.032855224609375000e+01,2.676292419433593750e+01
-9.032445526123046875e+01,2.675183868408203125e+01
-9.032649993896484375e+01,2.676122856140136719e+01
-9.032389068603515625e+01,2.674998283386230469e+01
-9.032599639892578125e+01,2.676103210449218750e+01
-9.032381439208984375e+01,2.675930786132812500e+01
-9.032389068603515625e+01,2.675391769409179688e+01
-9.032315063476562500e+01,2.675544738769531250e+01
-9.032873535156250000e+01,2.676246452331542969e+01
-9.032821655273437500e+01,2.676312065124511719e+01
-9.032342529296875000e+01,2.674948501586914062e+01
-9.032301330566406250e+01,2.675638771057128906e+01
-9.032295227050781250e+01,2.675030708312988281e+01
-9.032357025146484375e+01,2.675761604309082031e+01
-9.032383728027343750e+01,2.675413322448730469e+01
-9.032698059082031250e+01,2.676141357421875000e+01
-9.032276916503906250e+01,2.675517272949218750e+01
-9.032370758056640625e+01,2.675270843505859375e+01
-9.032787322998046875e+01,2.676318740844726562e+01
-9.032700347900390625e+01,2.676120758056640625e+01
-9.032350921630859375e+01,2.674971961975097656e+01
-9.032678222656250000e+01,2.676217842102050781e+01
-9.032682800292968750e+01,2.676268577575683594e+01
-9.032302856445312500e+01,2.674983596801757812e+01
-9.032328796386718750e+01,2.675139617919921875e+01
-9.032583618164062500e+01,2.676023864746093750e+01
-9.032666015625000000e+01,2.676257896423339844e+01
-9.032296752929687500e+01,2.675371170043945312e+01
-9.032804107666015625e+01,2.676237869262695312e+01
-9.032855987548828125e+01,2.676250076293945312e+01
-9.032349395751953125e+01,2.675284004211425781e+01
-9.032731628417968750e+01,2.676339530944824219e+01
-9.032403564453125000e+01,2.675733184814453125e+01
-9.032865905761718750e+01,2.676358222961425781e+01
-9.032786560058593750e+01,2.676266479492187500e+01
-9.032724761962890625e+01,2.676511383056640625e+01
-9.032386016845703125e+01,2.675076103210449219e+01
-9.032393646240234375e+01,2.675249671936035156e+01
-9.032324218750000000e+01,2.675056266784667969e+01
-9.032491302490234375e+01,2.675189590454101562e+01
-9.032388305664062500e+01,2.674942779541015625e+01
-9.032698822021484375e+01,2.676402664184570312e+01
-9.032315826416015625e+01,2.675184631347656250e+01
-9.032240295410156250e+01,2.675558090209960938e+01
-9.032417297363281250e+01,2.675878715515136719e+01
-9.032450103759765625e+01,2.675835990905761719e+01
-9.032814025878906250e+01,2.676143074035644531e+01
-9.032402801513671875e+01,2.675944900512695312e+01
-9.032579040527343750e+01,2.676285552978515625e+01
-9.032398223876953125e+01,2.675644111633300781e+01
-9.032438659667968750e+01,2.675074005126953125e+01
-9.032508087158203125e+01,2.676112365722656250e+01
-9.032442474365234375e+01,2.675837898254394531e+01
-9.032803344726562500e+01,2.676362609863281250e+01
-9.032773590087890625e+01,2.676318550109863281e+01
-9.032336425781250000e+01,2.675092887878417969e+01
-9.032372283935546875e+01,2.675322914123535156e+01
-9.032440948486328125e+01,2.675032424926757812e+01
-9.032279968261718750e+01,2.675433540344238281e+01
-9.032444763183593750e+01,2.675097084045410156e+01
-9.032292175292968750e+01,2.675415420532226562e+01
-9.032396697998046875e+01,2.675062561035156250e+01
-9.032858276367187500e+01,2.676257705688476562e+01
-9.032723236083984375e+01,2.676388931274414062e+01
-9.032469177246093750e+01,2.675083160400390625e+01
-9.032418060302734375e+01,2.675144767761230469e+01
-9.032260131835937500e+01,2.675515556335449219e+01
-9.032586669921875000e+01,2.676006698608398438e+01
-9.032354736328125000e+01,2.675067710876464844e+01
-9.032621765136718750e+01,2.676131248474121094e+01
-9.032625579833984375e+01,2.676095199584960938e+01
-9.032611083984375000e+01,2.676427078247070312e+01
-9.032369232177734375e+01,2.675866889953613281e+01
-9.032486724853515625e+01,2.675908088684082031e+01
-9.032482147216796875e+01,2.675086021423339844e+01
-9.032321166992187500e+01,2.675734329223632812e+01
-9.032733154296875000e+01,2.676432609558105469e+01
-9.032411956787109375e+01,2.675896835327148438e+01
-9.032670593261718750e+01,2.676415634155273438e+01
-9.032520294189453125e+01,2.675995063781738281e+01
-9.032785797119140625e+01,2.676349449157714844e+01
-9.032213592529296875e+01,2.675480651855468750e+01
-9.032835388183593750e+01,2.676230049133300781e+01
-9.032439422607421875e+01,2.675873374938964844e+01
-9.032501983642578125e+01,2.675938987731933594e+01
-9.032522583007812500e+01,2.675866317749023438e+01
-9.032430267333984375e+01,2.675275421142578125e+01
-9.032583618164062500e+01,2.676321029663085938e+01
-9.032363128662109375e+01,2.675020408630371094e+01
-9.032331848144531250e+01,2.675677490234375000e+01
-9.032788848876953125e+01,2.676215744018554688e+01
-9.032460021972656250e+01,2.675074577331542969e+01
-9.032337188720703125e+01,2.675036811828613281e+01
-9.032320404052734375e+01,2.675178527832031250e+01
-9.032580566406250000e+01,2.676296424865722656e+01
-9.032726287841796875e+01,2.676309394836425781e+01
-9.032318115234375000e+01,2.675495147705078125e+01
-9.032344818115234375e+01,2.675137138366699219e+01
-9.032788848876953125e+01,2.676273536682128906e+01
-9.032460784912109375e+01,2.676067733764648438e+01
-9.032404327392578125e+01,2.674935531616210938e+01
-9.032324218750000000e+01,2.675363731384277344e+01
-9.032400512695312500e+01,2.675146102905273438e+01
-9.032437896728515625e+01,2.675998115539550781e+01
-9.032746124267578125e+01,2.676091766357421875e+01
-9.032309722900390625e+01,2.675520324707031250e+01
-9.032427978515625000e+01,2.675714683532714844e+01
-9.032608795166015625e+01,2.676451110839843750e+01
-9.032646942138671875e+01,2.676123428344726562e+01
-9.032258605957031250e+01,2.675472831726074219e+01
-9.032301330566406250e+01,2.675334167480468750e+01
-9.032210540771484375e+01,2.675432968139648438e+01
-9.032480621337890625e+01,2.675880432128906250e+01
-9.032655334472656250e+01,2.676356315612792969e+01
-9.032727050781250000e+01,2.676148223876953125e+01
-9.032667541503906250e+01,2.676188278198242188e+01
-9.032278442382812500e+01,2.675546264648437500e+01
-9.032760620117187500e+01,2.676169013977050781e+01
-9.032842254638671875e+01,2.676268768310546875e+01
-9.032419586181640625e+01,2.675288963317871094e+01
-9.032215881347656250e+01,2.675486183166503906e+01
-9.032304382324218750e+01,2.675341224670410156e+01
-9.032580566406250000e+01,2.675985336303710938e+01
-9.032806396484375000e+01,2.676276969909667969e+01
-9.032587432861328125e+01,2.676146888732910156e+01
-9.032702636718750000e+01,2.676385688781738281e+01
-9.032588195800781250e+01,2.676152229309082031e+01
-9.032366180419921875e+01,2.675645446777343750e+01
-9.032786560058593750e+01,2.676277923583984375e+01
-9.032795715332031250e+01,2.676372146606445312e+01
-9.032470703125000000e+01,2.675888061523437500e+01
-9.032617187500000000e+01,2.676416969299316406e+01
-9.032420349121093750e+01,2.675866508483886719e+01
-9.032286071777343750e+01,2.675693893432617188e+01
-9.032608795166015625e+01,2.676293945312500000e+01
-9.032717132568359375e+01,2.676459884643554688e+01
-9.032572937011718750e+01,2.676171493530273438e+01
-9.032692718505859375e+01,2.676244544982910156e+01
-9.032336425781250000e+01,2.675741386413574219e+01
-9.032655334472656250e+01,2.676057624816894531e+01
-9.032521820068359375e+01,2.675969886779785156e+01
-9.032667541503906250e+01,2.676105690002441406e+01
-9.032347869873046875e+01,2.675510215759277344e+01
-9.032678985595703125e+01,2.676241111755371094e+01
-9.032439422607421875e+01,2.675775527954101562e+01
-9.032327270507812500e+01,2.675194549560546875e+01
-9.032726287841796875e+01,2.676409339904785156e+01
-9.032392883300781250e+01,2.675174331665039062e+01
-9.032529449462890625e+01,2.675955009460449219e+01
-9.032325744628906250e+01,2.675434112548828125e+01
-9.032383728027343750e+01,2.675192832946777344e+01
-9.032403564453125000e+01,2.675884819030761719e+01
-9.032440185546875000e+01,2.675047492980957031e+01
-9.032760620117187500e+01,2.676470947265625000e+01
-9.032308959960937500e+01,2.675122070312500000e+01
-9.032459259033203125e+01,2.675871658325195312e+01
-9.032416534423828125e+01,2.675083541870117188e+01
-9.032543945312500000e+01,2.676127815246582031e+01
-9.032878112792968750e+01,2.676351737976074219e+01
-9.032378387451171875e+01,2.675049972534179688e+01
-9.032578277587890625e+01,2.676308059692382812e+01
-9.032379913330078125e+01,2.675963211059570312e+01
-9.032588958740234375e+01,2.676344680786132812e+01
-9.032500457763671875e+01,2.675878143310546875e+01
-9.032508850097656250e+01,2.675985145568847656e+01
-9.032502746582031250e+01,2.675844573974609375e+01
-9.032693481445312500e+01,2.676383018493652344e+01
-9.032389068603515625e+01,2.675611877441406250e+01
-9.032312774658203125e+01,2.675002861022949219e+01
-9.032536315917968750e+01,2.675868988037109375e+01
-9.032617187500000000e+01,2.676232528686523438e+01
-9.032272338867187500e+01,2.675336074829101562e+01
-9.032335662841796875e+01,2.675761604309082031e+01
-9.032692718505859375e+01,2.676399230957031250e+01
-9.032794952392578125e+01,2.676257514953613281e+01
-9.032674407958984375e+01,2.676121330261230469e+01
-9.032691192626953125e+01,2.676268577575683594e+01
-9.032637023925781250e+01,2.676363563537597656e+01
-9.032677459716796875e+01,2.676436805725097656e+01
-9.032720184326171875e+01,2.676161193847656250e+01
-9.032515716552734375e+01,2.675859260559082031e+01
-9.032232666015625000e+01,2.675497245788574219e+01
-9.032852172851562500e+01,2.676278495788574219e+01
-9.032288360595703125e+01,2.675454711914062500e+01
-9.032377624511718750e+01,2.675178909301757812e+01
-9.032775115966796875e+01,2.676447868347167969e+01
-9.032759857177734375e+01,2.676154518127441406e+01
-9.032387542724609375e+01,2.675735092163085938e+01
-9.032352447509765625e+01,2.675345039367675781e+01
-9.032662200927734375e+01,2.676093482971191406e+01
-9.032373046875000000e+01,2.675541114807128906e+01
-9.032601928710937500e+01,2.676362991333007812e+01
-9.032386016845703125e+01,2.675915336608886719e+01
-9.032756042480468750e+01,2.676138877868652344e+01
-9.032445526123046875e+01,2.675785064697265625e+01
-9.032383728027343750e+01,2.675255584716796875e+01
-9.032199096679687500e+01,2.675395965576171875e+01
-9.032496643066406250e+01,2.675186157226562500e+01
-9.032306671142578125e+01,2.675379943847656250e+01
-9.032469940185546875e+01,2.676056671142578125e+01
-9.032582092285156250e+01,2.676162719726562500e+01
-9.032823181152343750e+01,2.676140022277832031e+01
-9.032351684570312500e+01,2.675218582153320312e+01
-9.032653808593750000e+01,2.676144790649414062e+01
-9.032660675048828125e+01,2.676451873779296875e+01
-9.032307434082031250e+01,2.675171470642089844e+01
-9.032729339599609375e+01,2.676137542724609375e+01
-9.032365417480468750e+01,2.675686836242675781e+01
-9.032274627685546875e+01,2.675341415405273438e+01
-9.032483673095703125e+01,2.675098609924316406e+01
-9.032732391357421875e+01,2.676407241821289062e+01
-9.032426452636718750e+01,2.674941062927246094e+01
-9.032394409179687500e+01,2.675232315063476562e+01
-9.032414245605468750e+01,2.675901412963867188e+01
-9.032300567626953125e+01,2.675369453430175781e+01
-9.032401275634765625e+01,2.675084877014160156e+01
-9.032530975341796875e+01,2.676087379455566406e+01
-9.032298278808593750e+01,2.675365638732910156e+01
-9.032346343994140625e+01,2.675515747070312500e+01
-9.032292175292968750e+01,2.675446128845214844e+01
-9.032272338867187500e+01,2.675529670715332031e+01
-9.032691955566406250e+01,2.676214981079101562e+01
-9.032321166992187500e+01,2.675267028808593750e+01
-9.032662200927734375e+01,2.676245307922363281e+01
-9.032376861572265625e+01,2.675321578979492188e+01
-9.032720184326171875e+01,2.676354026794433594e+01
-9.032769012451171875e+01,2.676287651062011719e+01
-9.032407379150390625e+01,2.675191688537597656e+01
-9.032397460937500000e+01,2.675489044189453125e+01
-9.032382965087890625e+01,2.675630760192871094e+01
-9.032308197021484375e+01,2.675533676147460938e+01
-9.032370758056640625e+01,2.675750923156738281e+01
-9.032400512695312500e+01,2.674953269958496094e+01
-9.032543182373046875e+01,2.675942611694335938e+01
-9.032648468017578125e+01,2.676138877868652344e+01
-9.032626342773437500e+01,2.676029205322265625e+01
-9.032231140136718750e+01,2.675469779968261719e+01
-9.032577514648437500e+01,2.676415634155273438e+01
-9.032425689697265625e+01,2.675778579711914062e+01
-9.032814025878906250e+01,2.676210212707519531e+01
-9.032251739501953125e+01,2.675529098510742188e+01
-9.032768249511718750e+01,2.676374244689941406e+01
-9.032403564453125000e+01,2.675855064392089844e+01
-9.032404327392578125e+01,2.675956153869628906e+01
-9.032224273681640625e+01,2.675492477416992188e+01
-9.032336425781250000e+01,2.674973869323730469e+01
-9.032677459716796875e+01,2.676152038574218750e+01
-9.032697296142578125e+01,2.676109504699707031e+01
-9.032669830322265625e+01,2.676058197021484375e+01
-9.032241821289062500e+01,2.675457382202148438e+01
-9.032592773437500000e+01,2.676260757446289062e+01
-9.032304382324218750e+01,2.675526428222656250e+01
-9.032696533203125000e+01,2.676409149169921875e+01
-9.032466125488281250e+01,2.675839233398437500e+01
-9.032833862304687500e+01,2.676206970214843750e+01
-9.032392883300781250e+01,2.675313186645507812e+01
-9.032344055175781250e+01,2.675100898742675781e+01
-9.032446289062500000e+01,2.675182342529296875e+01
-9.032286071777343750e+01,2.675419807434082031e+01
-9.032453155517578125e+01,2.676077079772949219e+01
-9.032373809814453125e+01,2.675838088989257812e+01
-9.032647705078125000e+01,2.676277923583984375e+01
-9.032830810546875000e+01,2.676322937011718750e+01
-9.032323455810546875e+01,2.675004959106445312e+01
-9.032787322998046875e+01,2.676250076293945312e+01
-9.032341766357421875e+01,2.675536346435546875e+01
-9.032379913330078125e+01,2.675699424743652344e+01
-9.032260131835937500e+01,2.675349998474121094e+01
-9.032514190673828125e+01,2.675960350036621094e+01
-9.032331848144531250e+01,2.675553512573242188e+01
-9.032379150390625000e+01,2.675549316406250000e+01
-9.032324218750000000e+01,2.675308609008789062e+01
-9.032431793212890625e+01,2.675054740905761719e+01
-9.032634735107421875e+01,2.676200866699218750e+01
-9.032546234130859375e+01,2.676022148132324219e+01
-9.032434082031250000e+01,2.675786399841308594e+01
-9.032634735107421875e+01,2.676369857788085938e+01
-9.032505035400390625e+01,2.676063728332519531e+01
-9.032318878173828125e+01,2.675037384033203125e+01
-9.032393646240234375e+01,2.675728797912597656e+01
-9.032476806640625000e+01,2.676038742065429688e+01
-9.032608795166015625e+01,2.676438522338867188e+01
-9.032441711425781250e+01,2.675910568237304688e+01
-9.032407379150390625e+01,2.675305747985839844e+01
-9.032737731933593750e+01,2.676434898376464844e+01
-9.032336425781250000e+01,2.675529670715332031e+01
-9.032662200927734375e+01,2.676388931274414062e+01
-9.032286071777343750e+01,2.675630187988281250e+01
-9.032489776611328125e+01,2.675077247619628906e+01
-9.032725524902343750e+01,2.676086616516113281e+01
-9.032346343994140625e+01,2.675532722473144531e+01
-9.032292938232421875e+01,2.675655174255371094e+01
-9.032340240478515625e+01,2.675097846984863281e+01
-9.032341766357421875e+01,2.675567436218261719e+01
-9.032324218750000000e+01,2.675720977783203125e+01
-9.032652282714843750e+01,2.676373863220214844e+01
-9.032390594482421875e+01,2.675534248352050781e+01
-9.032351684570312500e+01,2.675419807434082031e+01
-9.032315063476562500e+01,2.675537109375000000e+01
-9.032621765136718750e+01,2.676170158386230469e+01
-9.032341766357421875e+01,2.675322723388671875e+01
-9.032640075683593750e+01,2.676136589050292969e+01
-9.032628631591796875e+01,2.676287078857421875e+01
-9.032571411132812500e+01,2.675983810424804688e+01
-9.032755279541015625e+01,2.676249504089355469e+01
-9.032342529296875000e+01,2.675674247741699219e+01
-9.032438659667968750e+01,2.675989341735839844e+01
-9.032360839843750000e+01,2.675651168823242188e+01
-9.032341766357421875e+01,2.675603294372558594e+01
-9.032847595214843750e+01,2.676205635070800781e+01
-9.032358551025390625e+01,2.674970436096191406e+01
-9.032308197021484375e+01,2.675191879272460938e+01
-9.032263183593750000e+01,2.675386238098144531e+01
-9.032614898681640625e+01,2.676124572753906250e+01
-9.032489776611328125e+01,2.675788879394531250e+01
-9.032789611816406250e+01,2.676390266418457031e+01
-9.032403564453125000e+01,2.675788688659667969e+01
-9.032745361328125000e+01,2.676486015319824219e+01
-9.032723236083984375e+01,2.676183319091796875e+01
-9.032688140869140625e+01,2.676310157775878906e+01
-9.032801055908203125e+01,2.676217460632324219e+01
-9.032821655273437500e+01,2.676152229309082031e+01
-9.032775115966796875e+01,2.676400566101074219e+01
-9.032228851318359375e+01,2.675448036193847656e+01
-9.032426452636718750e+01,2.675025939941406250e+01
-9.032670593261718750e+01,2.676203155517578125e+01
-9.032677459716796875e+01,2.676180267333984375e+01
-9.032319641113281250e+01,2.675552749633789062e+01
-9.032304382324218750e+01,2.675413513183593750e+01
-9.032737731933593750e+01,2.676114463806152344e+01
-9.032328796386718750e+01,2.675307273864746094e+01
-9.032366943359375000e+01,2.675296592712402344e+01
-9.032457733154296875e+01,2.675997543334960938e+01
-9.032864379882812500e+01,2.676219749450683594e+01
-9.032328033447265625e+01,2.675551033020019531e+01
-9.032452392578125000e+01,2.675729370117187500e+01
-9.032302856445312500e+01,2.675418853759765625e+01
-9.032270812988281250e+01,2.675417137145996094e+01
-9.032429504394531250e+01,2.675234222412109375e+01
-9.032657623291015625e+01,2.676106262207031250e+01
-9.032630920410156250e+01,2.676488113403320312e+01
-9.032534027099609375e+01,2.675895881652832031e+01
-9.032398223876953125e+01,2.675769424438476562e+01
-9.032374572753906250e+01,2.675048828125000000e+01
-9.032576751708984375e+01,2.675952911376953125e+01
-9.032707214355468750e+01,2.676148986816406250e+01
-9.032868957519531250e+01,2.676245880126953125e+01
-9.032328796386718750e+01,2.675152969360351562e+01
-9.032443237304687500e+01,2.675946044921875000e+01
-9.032774353027343750e+01,2.676369094848632812e+01
-9.032366180419921875e+01,2.674960899353027344e+01
-9.032249450683593750e+01,2.675447845458984375e+01
-9.032475280761718750e+01,2.675910186767578125e+01
-9.032698822021484375e+01,2.676267051696777344e+01
-9.032688903808593750e+01,2.676304626464843750e+01
-9.032595062255859375e+01,2.676102828979492188e+01
-9.032662963867187500e+01,2.676276016235351562e+01
-9.032643127441406250e+01,2.676235580444335938e+01
-9.032418823242187500e+01,2.675190544128417969e+01
-9.032458496093750000e+01,2.675822257995605469e+01
-9.032759857177734375e+01,2.676143264770507812e+01
-9.032395935058593750e+01,2.675060844421386719e+01
-9.032279205322265625e+01,2.675631523132324219e+01
-9.032772827148437500e+01,2.676204490661621094e+01
-9.032382965087890625e+01,2.675864982604980469e+01
-9.032316589355468750e+01,2.675649642944335938e+01
-9.032741546630859375e+01,2.676134300231933594e+01
-9.032297515869140625e+01,2.675013542175292969e+01
-9.032365417480468750e+01,2.675615882873535156e+01
-9.032691192626953125e+01,2.676333236694335938e+01
-9.032432556152343750e+01,2.674964141845703125e+01
-9.032327270507812500e+01,2.675134468078613281e+01
-9.032410430908203125e+01,2.675878906250000000e+01
-9.032521820068359375e+01,2.676082611083984375e+01
-9.032592773437500000e+01,2.676123428344726562e+01
-9.032466125488281250e+01,2.675780487060546875e+01
-9.032709503173828125e+01,2.676277351379394531e+01
-9.032543945312500000e+01,2.675872421264648438e+01
-9.032603454589843750e+01,2.676220321655273438e+01
-9.032401275634765625e+01,2.675292205810546875e+01
-9.032452392578125000e+01,2.675018501281738281e+01
-9.032801818847656250e+01,2.676166152954101562e+01
-9.032878112792968750e+01,2.676286506652832031e+01
-9.032373046875000000e+01,2.675327873229980469e+01
-9.032358551025390625e+01,2.675182914733886719e+01
-9.032603454589843750e+01,2.676071929931640625e+01
-9.032675170898437500e+01,2.676147651672363281e+01
-9.032508850097656250e+01,2.675846672058105469e+01
-9.032647705078125000e+01,2.676267051696777344e+01
-9.032777404785156250e+01,2.676305389404296875e+01
-9.032261657714843750e+01,2.675435066223144531e+01
-9.032553100585937500e+01,2.676078414916992188e+01
-9.032640838623046875e+01,2.676196861267089844e+01
-9.032279968261718750e+01,2.675536346435546875e+01
-9.032583618164062500e+01,2.676015663146972656e+01
-9.032432556152343750e+01,2.675878143310546875e+01
-9.032369995117187500e+01,2.675292587280273438e+01
