longitude,latitude
-9.044070434570312500e+01,2.687396240234375000e+01
-9.043817138671875000e+01,2.687368202209472656e+01
-9.044069671630859375e+01,2.687304878234863281e+01
-9.043976593017578125e+01,2.687358474731445312e+01
-9.044152832031250000e+01,2.687409591674804688e+01
-9.043880462646484375e+01,2.687321853637695312e+01
-9.044123077392578125e+01,2.687287330627441406e+01
-9.044303131103515625e+01,2.687370681762695312e+01
-9.043950653076171875e+01,2.687261390686035156e+01
-9.044245910644531250e+01,2.687254714965820312e+01
-9.044039916992187500e+01,2.687307167053222656e+01
-9.044167327880859375e+01,2.687317657470703125e+01
-9.044024658203125000e+01,2.687298011779785156e+01
-9.043942260742187500e+01,2.687279319763183594e+01
-9.044297790527343750e+01,2.687341117858886719e+01
-9.044303894042968750e+01,2.687349510192871094e+01
-9.044171905517578125e+01,2.687252616882324219e+01
-9.044125366210937500e+01,2.687315177917480469e+01
-9.044241333007812500e+01,2.687366104125976562e+01
-9.044177246093750000e+01,2.687359428405761719e+01
-9.044261169433593750e+01,2.687349510192871094e+01
-9.043970489501953125e+01,2.687292289733886719e+01
-9.044090270996093750e+01,2.687334632873535156e+01
-9.043907165527343750e+01,2.687289428710937500e+01
-9.044052124023437500e+01,2.687359428405761719e+01
-9.044052886962890625e+01,2.687321472167968750e+01
-9.044302368164062500e+01,2.687294960021972656e+01
-9.044273376464843750e+01,2.687369537353515625e+01
-9.044094085693359375e+01,2.687387275695800781e+01
-9.044300079345703125e+01,2.687295722961425781e+01
-9.044278717041015625e+01,2.687271308898925781e+01
-9.043817901611328125e+01,2.687382125854492188e+01
-9.044149780273437500e+01,2.687435150146484375e+01
-9.043885803222656250e+01,2.687336349487304688e+01
-9.044218444824218750e+01,2.687324714660644531e+01
-9.043968200683593750e+01,2.687367248535156250e+01
-9.043896484375000000e+01,2.687343597412109375e+01
-9.044188690185546875e+01,2.687344169616699219e+01
-9.044162750244140625e+01,2.687361526489257812e+01
-9.043969726562500000e+01,2.687359046936035156e+01
-9.044113922119140625e+01,2.687343788146972656e+01
-9.044070434570312500e+01,2.687347221374511719e+01
-9.044316101074218750e+01,2.687338447570800781e+01
-9.044155120849609375e+01,2.687314224243164062e+01
-9.043973541259765625e+01,2.687315368652343750e+01
-9.043840026855468750e+01,2.687317466735839844e+01
-9.043931579589843750e+01,2.687338447570800781e+01
-9.044212341308593750e+01,2.687288475036621094e+01
-9.044075775146484375e+01,2.687375831604003906e+01
-9.044158935546875000e+01,2.687248420715332031e+01
-9.044196319580078125e+01,2.687379455566406250e+01
-9.044136810302734375e+01,2.687399673461914062e+01
-9.044310760498046875e+01,2.687361145019531250e+01
-9.043959808349609375e+01,2.687332916259765625e+01
-9.044135284423828125e+01,2.687285041809082031e+01
-9.044286346435546875e+01,2.687262916564941406e+01
-9.044300079345703125e+01,2.687253189086914062e+01
-9.044209289550781250e+01,2.687302589416503906e+01
-9.044149780273437500e+01,2.687407684326171875e+01
-9.044220733642578125e+01,2.687237358093261719e+01
-9.044277954101562500e+01,2.687257766723632812e+01
-9.044166564941406250e+01,2.687394523620605469e+01
-9.043998718261718750e+01,2.687374496459960938e+01
-9.044116210937500000e+01,2.687270164489746094e+01
-9.044230651855468750e+01,2.687237548828125000e+01
-9.044007873535156250e+01,2.687361526489257812e+01
-9.044085693359375000e+01,2.687272071838378906e+01
-9.044152832031250000e+01,2.687424659729003906e+01
-9.044196319580078125e+01,2.687412643432617188e+01
-9.044176483154296875e+01,2.687428855895996094e+01
-9.044134521484375000e+01,2.687374114990234375e+01
-9.044240570068359375e+01,2.687264060974121094e+01
-9.044216156005859375e+01,2.687281227111816406e+01
-9.044109344482421875e+01,2.687323188781738281e+01
-9.043875122070312500e+01,2.687359428405761719e+01
-9.044277191162109375e+01,2.687318992614746094e+01
-9.044250488281250000e+01,2.687374305725097656e+01
-9.044296264648437500e+01,2.687357330322265625e+01
-9.043984222412109375e+01,2.687290000915527344e+01
-9.044253540039062500e+01,2.687392807006835938e+01
-9.044007873535156250e+01,2.687344932556152344e+01
-9.044152069091796875e+01,2.687296867370605469e+01
-9.043961334228515625e+01,2.687321472167968750e+01
-9.044021606445312500e+01,2.687384414672851562e+01
-9.043814849853515625e+01,2.687387275695800781e+01
-9.044143676757812500e+01,2.687275314331054688e+01
-9.043852233886718750e+01,2.687300872802734375e+01
-9.044110870361328125e+01,2.687355804443359375e+01
-9.044232940673828125e+01,2.687317085266113281e+01
-9.044145202636718750e+01,2.687329864501953125e+01
-9.044178771972656250e+01,2.687394142150878906e+01
-9.044078063964843750e+01,2.687387847900390625e+01
-9.044280242919921875e+01,2.687311363220214844e+01
-9.044199371337890625e+01,2.687315177917480469e+01
-9.043978118896484375e+01,2.687312126159667969e+01
-9.044242095947265625e+01,2.687236213684082031e+01
-9.044184875488281250e+01,2.687425422668457031e+01
-9.043874359130859375e+01,2.687325286865234375e+01
-9.044011688232421875e+01,2.687385559082031250e+01
-9.043832397460937500e+01,2.687361526489257812e+01
-9.044072723388671875e+01,2.687322425842285156e+01
-9.044141387939453125e+01,2.687254142761230469e+01
-9.044156646728515625e+01,2.687262344360351562e+01
-9.044000244140625000e+01,2.687305068969726562e+01
-9.043940734863281250e+01,2.687286949157714844e+01
-9.044052124023437500e+01,2.687393569946289062e+01
-9.044248199462890625e+01,2.687407684326171875e+01
-9.044169616699218750e+01,2.687330436706542969e+01
-9.044055938720703125e+01,2.687321853637695312e+01
-9.043897247314453125e+01,2.687383460998535156e+01
-9.044064331054687500e+01,2.687321853637695312e+01
-9.043916320800781250e+01,2.687328338623046875e+01
-9.044221496582031250e+01,2.687417030334472656e+01
-9.043981933593750000e+01,2.687395668029785156e+01
-9.044076538085937500e+01,2.687366676330566406e+01
-9.043870544433593750e+01,2.687336921691894531e+01
-9.043943786621093750e+01,2.687260437011718750e+01
-9.044287109375000000e+01,2.687321090698242188e+01
-9.044136047363281250e+01,2.687244033813476562e+01
-9.044116973876953125e+01,2.687390518188476562e+01
-9.043858337402343750e+01,2.687384223937988281e+01
-9.043863677978515625e+01,2.687349128723144531e+01
-9.044155120849609375e+01,2.687348556518554688e+01
-9.044300079345703125e+01,2.687331581115722656e+01
-9.043891143798828125e+01,2.687381362915039062e+01
-9.044306945800781250e+01,2.687361717224121094e+01
-9.043965148925781250e+01,2.687291145324707031e+01
-9.043846893310546875e+01,2.687358283996582031e+01
-9.043984985351562500e+01,2.687369537353515625e+01
-9.043837738037109375e+01,2.687373733520507812e+01
-9.043827056884765625e+01,2.687370491027832031e+01
-9.044168853759765625e+01,2.687293815612792969e+01
-9.044087219238281250e+01,2.687347412109375000e+01
-9.043967437744140625e+01,2.687303924560546875e+01
-9.043817901611328125e+01,2.687387657165527344e+01
-9.044198608398437500e+01,2.687432479858398438e+01
-9.044171142578125000e+01,2.687329864501953125e+01
-9.044291687011718750e+01,2.687358283996582031e+01
-9.043881225585937500e+01,2.687380027770996094e+01
-9.044123077392578125e+01,2.687357711791992188e+01
-9.043943023681640625e+01,2.687371063232421875e+01
-9.043846130371093750e+01,2.687363815307617188e+01
-9.044220733642578125e+01,2.687411117553710938e+01
-9.044318389892578125e+01,2.687354469299316406e+01
-9.043873596191406250e+01,2.687333488464355469e+01
-9.043825531005859375e+01,2.687376213073730469e+01
-9.043985748291015625e+01,2.687350845336914062e+01
-9.044022369384765625e+01,2.687325096130371094e+01
-9.044125366210937500e+01,2.687371253967285156e+01
-9.044078826904296875e+01,2.687267684936523438e+01
-9.044167327880859375e+01,2.687354660034179688e+01
-9.043962860107421875e+01,2.687354469299316406e+01
-9.044221496582031250e+01,2.687303352355957031e+01
-9.044094848632812500e+01,2.687349700927734375e+01
-9.044103240966796875e+01,2.687295722961425781e+01
-9.043865203857421875e+01,2.687349319458007812e+01
-9.043924713134765625e+01,2.687276458740234375e+01
-9.044226837158203125e+01,2.687277412414550781e+01
-9.044074249267578125e+01,2.687331581115722656e+01
-9.044310760498046875e+01,2.687337875366210938e+01
-9.044097137451171875e+01,2.687319183349609375e+01
-9.044101715087890625e+01,2.687298583984375000e+01
-9.044288635253906250e+01,2.687252998352050781e+01
-9.044254302978515625e+01,2.687339782714843750e+01
-9.043926239013671875e+01,2.687314414978027344e+01
-9.044315338134765625e+01,2.687367248535156250e+01
-9.043878173828125000e+01,2.687380409240722656e+01
-9.044265747070312500e+01,2.687276268005371094e+01
-9.044081115722656250e+01,2.687254524230957031e+01
-9.043980407714843750e+01,2.687331581115722656e+01
-9.044028472900390625e+01,2.687338447570800781e+01
-9.044018554687500000e+01,2.687387466430664062e+01
-9.044165039062500000e+01,2.687290191650390625e+01
-9.043936920166015625e+01,2.687336540222167969e+01
-9.044020080566406250e+01,2.687317657470703125e+01
-9.044263458251953125e+01,2.687292671203613281e+01
-9.044104003906250000e+01,2.687305641174316406e+01
-9.044183349609375000e+01,2.687356948852539062e+01
-9.043936920166015625e+01,2.687371444702148438e+01
-9.044228363037109375e+01,2.687257194519042969e+01
-9.044049835205078125e+01,2.687367439270019531e+01
-9.044159698486328125e+01,2.687286949157714844e+01
-9.044049072265625000e+01,2.687331008911132812e+01
-9.044208526611328125e+01,2.687249946594238281e+01
-9.044255065917968750e+01,2.687243080139160156e+01
-9.044260406494140625e+01,2.687317085266113281e+01
-9.043928527832031250e+01,2.687309646606445312e+01
-9.044029998779296875e+01,2.687291908264160156e+01
-9.044027709960937500e+01,2.687303924560546875e+01
-9.044215393066406250e+01,2.687388610839843750e+01
-9.044120025634765625e+01,2.687319946289062500e+01
-9.043925476074218750e+01,2.687301063537597656e+01
-9.044191741943359375e+01,2.687392234802246094e+01
-9.043965911865234375e+01,2.687266349792480469e+01
-9.044097900390625000e+01,2.687364387512207031e+01
-9.043862152099609375e+01,2.687311363220214844e+01
-9.043997192382812500e+01,2.687390708923339844e+01
-9.044182586669921875e+01,2.687236976623535156e+01
-9.044222259521484375e+01,2.687384033203125000e+01
-9.044020843505859375e+01,2.687318420410156250e+01
-9.044274139404296875e+01,2.687263679504394531e+01
-9.043965911865234375e+01,2.687336158752441406e+01
-9.043928527832031250e+01,2.687380790710449219e+01
-9.043894958496093750e+01,2.687327957153320312e+01
-9.043803405761718750e+01,2.687383270263671875e+01
-9.044217681884765625e+01,2.687266731262207031e+01
-9.043939971923828125e+01,2.687259483337402344e+01
-9.044222259521484375e+01,2.687386131286621094e+01
-9.044200897216796875e+01,2.687397003173828125e+01
-9.044164276123046875e+01,2.687355232238769531e+01
-9.044207763671875000e+01,2.687332916259765625e+01
-9.044004058837890625e+01,2.687289237976074219e+01
-9.044126892089843750e+01,2.687373161315917969e+01
-9.044284057617187500e+01,2.687318420410156250e+01
-9.044195556640625000e+01,2.687388420104980469e+01
-9.044260406494140625e+01,2.687240600585937500e+01
-9.044282531738281250e+01,2.687322616577148438e+01
-9.043883514404296875e+01,2.687379837036132812e+01
-9.044017028808593750e+01,2.687343215942382812e+01
-9.044234466552734375e+01,2.687249183654785156e+01
-9.044206237792968750e+01,2.687428092956542969e+01
-9.043895721435546875e+01,2.687299156188964844e+01
-9.044234466552734375e+01,2.687236213684082031e+01
-9.044147491455078125e+01,2.687368965148925781e+01
-9.043943023681640625e+01,2.687272262573242188e+01
-9.044011688232421875e+01,2.687337684631347656e+01
-9.044194793701171875e+01,2.687279129028320312e+01
-9.043910980224609375e+01,2.687300491333007812e+01
-9.044213867187500000e+01,2.687340354919433594e+01
-9.044012451171875000e+01,2.687278747558593750e+01
-9.044191741943359375e+01,2.687295722961425781e+01
-9.044061279296875000e+01,2.687318801879882812e+01
-9.043959808349609375e+01,2.687286376953125000e+01
-9.044232177734375000e+01,2.687406349182128906e+01
-9.043869781494140625e+01,2.687335586547851562e+01
-9.044106292724609375e+01,2.687249565124511719e+01
-9.044004821777343750e+01,2.687301063537597656e+01
-9.043914031982421875e+01,2.687325668334960938e+01
-9.044059753417968750e+01,2.687291908264160156e+01
-9.043856048583984375e+01,2.687344741821289062e+01
-9.044008636474609375e+01,2.687355041503906250e+01
-9.043942260742187500e+01,2.687346839904785156e+01
-9.044096374511718750e+01,2.687269210815429688e+01
-9.044201660156250000e+01,2.687356376647949219e+01
-9.044031524658203125e+01,2.687327194213867188e+01
-9.043850708007812500e+01,2.687371826171875000e+01
-9.044117736816406250e+01,2.687280464172363281e+01
-9.043941497802734375e+01,2.687258720397949219e+01
-9.044156646728515625e+01,2.687258911132812500e+01
-9.044107818603515625e+01,2.687352752685546875e+01
-9.044181823730468750e+01,2.687289237976074219e+01
-9.044175720214843750e+01,2.687295913696289062e+01
-9.044300079345703125e+01,2.687297821044921875e+01
-9.043914794921875000e+01,2.687363815307617188e+01
-9.044029998779296875e+01,2.687376213073730469e+01
-9.044052886962890625e+01,2.687298393249511719e+01
-9.044293212890625000e+01,2.687313461303710938e+01
-9.044139862060546875e+01,2.687296867370605469e+01
-9.044300842285156250e+01,2.687357902526855469e+01
-9.044007873535156250e+01,2.687285041809082031e+01
-9.043830871582031250e+01,2.687390708923339844e+01
-9.044075775146484375e+01,2.687376403808593750e+01
-9.043971252441406250e+01,2.687300109863281250e+01
-9.043929290771484375e+01,2.687362861633300781e+01
-9.044110870361328125e+01,2.687414169311523438e+01
-9.044271087646484375e+01,2.687272071838378906e+01
-9.044284057617187500e+01,2.687316894531250000e+01
-9.043974304199218750e+01,2.687339401245117188e+01
-9.044174957275390625e+01,2.687268829345703125e+01
-9.044107055664062500e+01,2.687294578552246094e+01
-9.043878936767578125e+01,2.687345504760742188e+01
-9.043926239013671875e+01,2.687275886535644531e+01
-9.044320678710937500e+01,2.687274551391601562e+01
-9.044052124023437500e+01,2.687384986877441406e+01
-9.044298553466796875e+01,2.687369537353515625e+01
-9.044175720214843750e+01,2.687255668640136719e+01
-9.044063568115234375e+01,2.687388038635253906e+01
-9.044112396240234375e+01,2.687281227111816406e+01
-9.044199371337890625e+01,2.687301254272460938e+01
-9.044195556640625000e+01,2.687301635742187500e+01
-9.043863677978515625e+01,2.687358283996582031e+01
-9.044040679931640625e+01,2.687277984619140625e+01
-9.044229888916015625e+01,2.687311363220214844e+01
-9.044226837158203125e+01,2.687270164489746094e+01
-9.044143676757812500e+01,2.687304306030273438e+01
-9.044246673583984375e+01,2.687273406982421875e+01
-9.044236755371093750e+01,2.687307167053222656e+01
-9.044108581542968750e+01,2.687299919128417969e+01
-9.043880462646484375e+01,2.687382316589355469e+01
-9.044207763671875000e+01,2.687240982055664062e+01
-9.044237518310546875e+01,2.687360000610351562e+01
-9.043936157226562500e+01,2.687275886535644531e+01
-9.044226837158203125e+01,2.687268066406250000e+01
-9.044007873535156250e+01,2.687361717224121094e+01
-9.044245147705078125e+01,2.687285614013671875e+01
-9.044034576416015625e+01,2.687275886535644531e+01
-9.043990325927734375e+01,2.687282752990722656e+01
-9.044168853759765625e+01,2.687417602539062500e+01
-9.043931579589843750e+01,2.687265777587890625e+01
-9.044173431396484375e+01,2.687395858764648438e+01
-9.044209289550781250e+01,2.687328720092773438e+01
-9.044171905517578125e+01,2.687419509887695312e+01
-9.044274902343750000e+01,2.687360191345214844e+01
-9.044151306152343750e+01,2.687391090393066406e+01
-9.043934631347656250e+01,2.687334632873535156e+01
-9.043997192382812500e+01,2.687313270568847656e+01
-9.044215393066406250e+01,2.687346839904785156e+01
-9.044269561767578125e+01,2.687335014343261719e+01
-9.044185638427734375e+01,2.687266159057617188e+01
-9.043920135498046875e+01,2.687368011474609375e+01
-9.043784332275390625e+01,2.687395477294921875e+01
-9.044284057617187500e+01,2.687303924560546875e+01
-9.044252777099609375e+01,2.687272262573242188e+01
-9.044274139404296875e+01,2.687300300598144531e+01
-9.044062805175781250e+01,2.687310028076171875e+01
-9.044134521484375000e+01,2.687412643432617188e+01
-9.044185638427734375e+01,2.687379074096679688e+01
-9.044075012207031250e+01,2.687275695800781250e+01
-9.043964385986328125e+01,2.687376976013183594e+01
-9.044283294677734375e+01,2.687352180480957031e+01
-9.044041442871093750e+01,2.687361526489257812e+01
-9.043865203857421875e+01,2.687377166748046875e+01
-9.044232940673828125e+01,2.687422180175781250e+01
-9.044004058837890625e+01,2.687347602844238281e+01
-9.044036865234375000e+01,2.687305641174316406e+01
-9.044046783447265625e+01,2.687310981750488281e+01
-9.043795776367187500e+01,2.687388229370117188e+01
-9.044176483154296875e+01,2.687240982055664062e+01
-9.044065856933593750e+01,2.687346267700195312e+01
-9.044087982177734375e+01,2.687383460998535156e+01
-9.044071197509765625e+01,2.687309837341308594e+01
-9.044075012207031250e+01,2.687353706359863281e+01
-9.044074249267578125e+01,2.687303352355957031e+01
-9.044058990478515625e+01,2.687314224243164062e+01
-9.044182586669921875e+01,2.687259101867675781e+01
-9.044161224365234375e+01,2.687335205078125000e+01
-9.044167327880859375e+01,2.687277793884277344e+01
-9.044262695312500000e+01,2.687343406677246094e+01
-9.044240570068359375e+01,2.687322616577148438e+01
-9.044128417968750000e+01,2.687374496459960938e+01
-9.043997192382812500e+01,2.687306976318359375e+01
-9.044251251220703125e+01,2.687335586547851562e+01
-9.044000244140625000e+01,2.687334823608398438e+01
-9.044247436523437500e+01,2.687360763549804688e+01
-9.044123840332031250e+01,2.687308120727539062e+01
-9.044164276123046875e+01,2.687268066406250000e+01
-9.044017028808593750e+01,2.687333679199218750e+01
-9.044220733642578125e+01,2.687330055236816406e+01
-9.043891143798828125e+01,2.687374114990234375e+01
-9.044002532958984375e+01,2.687343406677246094e+01
-9.044062042236328125e+01,2.687366104125976562e+01
-9.044009399414062500e+01,2.687322616577148438e+01
-9.044171905517578125e+01,2.687251472473144531e+01
-9.043913269042968750e+01,2.687354278564453125e+01
-9.044230651855468750e+01,2.687244987487792969e+01
-9.044194030761718750e+01,2.687383270263671875e+01
-9.043930816650390625e+01,2.687344360351562500e+01
-9.043923187255859375e+01,2.687285614013671875e+01
-9.044180297851562500e+01,2.687288284301757812e+01
-9.044017028808593750e+01,2.687277221679687500e+01
-9.044031524658203125e+01,2.687324333190917969e+01
-9.044220733642578125e+01,2.687317276000976562e+01
-9.044281005859375000e+01,2.687262916564941406e+01
-9.043870544433593750e+01,2.687360191345214844e+01
-9.044154357910156250e+01,2.687280654907226562e+01
-9.043942260742187500e+01,2.687264442443847656e+01
-9.044194793701171875e+01,2.687385559082031250e+01
-9.044081878662109375e+01,2.687268829345703125e+01
-9.044282531738281250e+01,2.687228584289550781e+01
-9.044289398193359375e+01,2.687287712097167969e+01
-9.044256591796875000e+01,2.687355422973632812e+01
-9.044049835205078125e+01,2.687322425842285156e+01
-9.043856048583984375e+01,2.687368011474609375e+01
-9.044206237792968750e+01,2.687401199340820312e+01
-9.044232940673828125e+01,2.687334632873535156e+01
-9.044246673583984375e+01,2.687336349487304688e+01
-9.044186401367187500e+01,2.687373733520507812e+01
-9.044310760498046875e+01,2.687363624572753906e+01
-9.043979644775390625e+01,2.687397766113281250e+01
-9.043824768066406250e+01,2.687321472167968750e+01
-9.044177246093750000e+01,2.687265396118164062e+01
-9.044195556640625000e+01,2.687311935424804688e+01
-9.044208526611328125e+01,2.687373161315917969e+01
-9.044163513183593750e+01,2.687290573120117188e+01
-9.044119262695312500e+01,2.687382888793945312e+01
-9.044126892089843750e+01,2.687369346618652344e+01
-9.044163513183593750e+01,2.687330245971679688e+01
-9.044183349609375000e+01,2.687367820739746094e+01
-9.044204711914062500e+01,2.687318229675292969e+01
-9.044140625000000000e+01,2.687408828735351562e+01
-9.044290161132812500e+01,2.687331390380859375e+01
-9.043849945068359375e+01,2.687349510192871094e+01
-9.043859863281250000e+01,2.687386131286621094e+01
-9.044215393066406250e+01,2.687353324890136719e+01
-9.043894195556640625e+01,2.687381553649902344e+01
-9.043988800048828125e+01,2.687383460998535156e+01
-9.044296264648437500e+01,2.687286949157714844e+01
-9.044200897216796875e+01,2.687422370910644531e+01
-9.044040679931640625e+01,2.687367439270019531e+01
-9.043959808349609375e+01,2.687269783020019531e+01
-9.044165039062500000e+01,2.687283515930175781e+01
-9.044256591796875000e+01,2.687396240234375000e+01
-9.044165039062500000e+01,2.687374114990234375e+01
-9.044200134277343750e+01,2.687325286865234375e+01
-9.044067382812500000e+01,2.687291526794433594e+01
-9.043956756591796875e+01,2.687347984313964844e+01
-9.043962097167968750e+01,2.687310981750488281e+01
-9.044207000732421875e+01,2.687300109863281250e+01
-9.043836212158203125e+01,2.687326049804687500e+01
-9.044150543212890625e+01,2.687431907653808594e+01
-9.043912506103515625e+01,2.687364768981933594e+01
-9.043930816650390625e+01,2.687336921691894531e+01
-9.043867492675781250e+01,2.687357711791992188e+01
-9.044033813476562500e+01,2.687314605712890625e+01
-9.044213867187500000e+01,2.687303543090820312e+01
-9.044244384765625000e+01,2.687326812744140625e+01
-9.044057464599609375e+01,2.687283134460449219e+01
-9.043847656250000000e+01,2.687360191345214844e+01
-9.044065093994140625e+01,2.687312507629394531e+01
-9.044246673583984375e+01,2.687237739562988281e+01
-9.044235229492187500e+01,2.687409400939941406e+01
-9.044197082519531250e+01,2.687367630004882812e+01
-9.044274902343750000e+01,2.687292861938476562e+01
-9.043810272216796875e+01,2.687389564514160156e+01
-9.044227600097656250e+01,2.687320137023925781e+01
-9.044052124023437500e+01,2.687331771850585938e+01
-9.043846130371093750e+01,2.687347030639648438e+01
-9.044044494628906250e+01,2.687388610839843750e+01
-9.044120025634765625e+01,2.687390136718750000e+01
-9.044190979003906250e+01,2.687276649475097656e+01
-9.044253540039062500e+01,2.687236595153808594e+01
-9.043990325927734375e+01,2.687332153320312500e+01
-9.043920135498046875e+01,2.687382125854492188e+01
-9.044262695312500000e+01,2.687372016906738281e+01
-9.044046020507812500e+01,2.687293052673339844e+01
-9.044098663330078125e+01,2.687307167053222656e+01
-9.043848419189453125e+01,2.687356567382812500e+01
-9.044279479980468750e+01,2.687369155883789062e+01
-9.043851470947265625e+01,2.687348365783691406e+01
-9.044181823730468750e+01,2.687370300292968750e+01
-9.044262695312500000e+01,2.687400627136230469e+01
-9.043955993652343750e+01,2.687352561950683594e+01
-9.044143676757812500e+01,2.687375068664550781e+01
-9.044223022460937500e+01,2.687433242797851562e+01
-9.044238281250000000e+01,2.687287712097167969e+01
-9.043959045410156250e+01,2.687357330322265625e+01
-9.044178771972656250e+01,2.687323570251464844e+01
-9.044246673583984375e+01,2.687248611450195312e+01
-9.043942260742187500e+01,2.687338447570800781e+01
-9.043907928466796875e+01,2.687356948852539062e+01
-9.044149017333984375e+01,2.687357521057128906e+01
-9.044060516357421875e+01,2.687370681762695312e+01
-9.044271850585937500e+01,2.687327194213867188e+01
-9.043968963623046875e+01,2.687367439270019531e+01
-9.043990325927734375e+01,2.687336730957031250e+01
-9.043983459472656250e+01,2.687309074401855469e+01
-9.043953704833984375e+01,2.687380409240722656e+01
-9.044224548339843750e+01,2.687362098693847656e+01
-9.044304656982421875e+01,2.687376213073730469e+01
-9.044248962402343750e+01,2.687294197082519531e+01
-9.044171142578125000e+01,2.687245750427246094e+01
-9.044200134277343750e+01,2.687324714660644531e+01
-9.044088745117187500e+01,2.687270545959472656e+01
-9.044086456298828125e+01,2.687290573120117188e+01
-9.043848419189453125e+01,2.687338066101074219e+01
-9.043865203857421875e+01,2.687289428710937500e+01
-9.043894195556640625e+01,2.687377357482910156e+01
-9.044059753417968750e+01,2.687327766418457031e+01
-9.044142913818359375e+01,2.687414932250976562e+01
-9.044104766845703125e+01,2.687357711791992188e+01
-9.044113159179687500e+01,2.687290191650390625e+01
-9.044278717041015625e+01,2.687337303161621094e+01
-9.044244384765625000e+01,2.687414169311523438e+01
-9.044251251220703125e+01,2.687367820739746094e+01
-9.044298553466796875e+01,2.687287521362304688e+01
-9.043999481201171875e+01,2.687328720092773438e+01
-9.043819427490234375e+01,2.687345886230468750e+01
-9.043972778320312500e+01,2.687314605712890625e+01
-9.044203948974609375e+01,2.687254905700683594e+01
-9.044301605224609375e+01,2.687354469299316406e+01
-9.044277954101562500e+01,2.687392616271972656e+01
-9.044181823730468750e+01,2.687334823608398438e+01
-9.043952178955078125e+01,2.687377357482910156e+01
-9.044188690185546875e+01,2.687254714965820312e+01
-9.043967437744140625e+01,2.687285232543945312e+01
-9.044296264648437500e+01,2.687286949157714844e+01
-9.043899536132812500e+01,2.687337875366210938e+01
-9.044270324707031250e+01,2.687262725830078125e+01
-9.044288635253906250e+01,2.687347602844238281e+01
-9.044192504882812500e+01,2.687379074096679688e+01
-9.044302368164062500e+01,2.687330055236816406e+01
-9.044201660156250000e+01,2.687351226806640625e+01
-9.043926239013671875e+01,2.687347221374511719e+01
-9.044112396240234375e+01,2.687313842773437500e+01
-9.044215393066406250e+01,2.687241554260253906e+01
-9.043882751464843750e+01,2.687355422973632812e+01
-9.044084930419921875e+01,2.687283134460449219e+01
-9.043868255615234375e+01,2.687348937988281250e+01
-9.043917083740234375e+01,2.687314605712890625e+01
-9.044281768798828125e+01,2.687275314331054688e+01
-9.044069671630859375e+01,2.687330627441406250e+01
-9.044226074218750000e+01,2.687409591674804688e+01
-9.044293975830078125e+01,2.687332534790039062e+01
-9.044223785400390625e+01,2.687399101257324219e+01
-9.043869018554687500e+01,2.687303161621093750e+01
-9.043833923339843750e+01,2.687387275695800781e+01
-9.044211578369140625e+01,2.687305831909179688e+01
-9.044149780273437500e+01,2.687326431274414062e+01
-9.043874359130859375e+01,2.687379646301269531e+01
-9.044181060791015625e+01,2.687360763549804688e+01
-9.044246673583984375e+01,2.687326240539550781e+01
-9.044129943847656250e+01,2.687380027770996094e+01
-9.044023132324218750e+01,2.687305450439453125e+01
-9.044120788574218750e+01,2.687258720397949219e+01
-9.043852996826171875e+01,2.687328720092773438e+01
-9.044168853759765625e+01,2.687254905700683594e+01
-9.043962097167968750e+01,2.687357139587402344e+01
-9.043879699707031250e+01,2.687291717529296875e+01
-9.043917083740234375e+01,2.687372779846191406e+01
-9.044097900390625000e+01,2.687340354919433594e+01
-9.044178771972656250e+01,2.687364959716796875e+01
-9.043950653076171875e+01,2.687263679504394531e+01
-9.044258117675781250e+01,2.687320709228515625e+01
-9.043978118896484375e+01,2.687324714660644531e+01
-9.044084167480468750e+01,2.687341499328613281e+01
-9.044274902343750000e+01,2.687259101867675781e+01
-9.043962097167968750e+01,2.687317085266113281e+01
-9.043997955322265625e+01,2.687358856201171875e+01
-9.044217681884765625e+01,2.687336349487304688e+01
-9.043972778320312500e+01,2.687318801879882812e+01
-9.044120788574218750e+01,2.687305450439453125e+01
-9.044108581542968750e+01,2.687254714965820312e+01
-9.044104003906250000e+01,2.687323951721191406e+01
-9.044262695312500000e+01,2.687356758117675781e+01
-9.044092559814453125e+01,2.687349891662597656e+01
-9.044109344482421875e+01,2.687391281127929688e+01
-9.044130706787109375e+01,2.687380981445312500e+01
-9.044115447998046875e+01,2.687258338928222656e+01
-9.044221496582031250e+01,2.687409210205078125e+01
-9.044094085693359375e+01,2.687295722961425781e+01
-9.044156646728515625e+01,2.687332916259765625e+01
-9.044232177734375000e+01,2.687429237365722656e+01
-9.044299316406250000e+01,2.687281799316406250e+01
-9.044020080566406250e+01,2.687302398681640625e+01
-9.043923950195312500e+01,2.687263679504394531e+01
-9.044308471679687500e+01,2.687355422973632812e+01
-9.044129943847656250e+01,2.687262725830078125e+01
-9.043995666503906250e+01,2.687284851074218750e+01
-9.043832397460937500e+01,2.687351417541503906e+01
-9.044007110595703125e+01,2.687298583984375000e+01
-9.044010925292968750e+01,2.687293624877929688e+01
-9.044261932373046875e+01,2.687306022644042969e+01
-9.044123840332031250e+01,2.687369155883789062e+01
-9.043993377685546875e+01,2.687376976013183594e+01
-9.044271850585937500e+01,2.687336349487304688e+01
-9.043888092041015625e+01,2.687362861633300781e+01
-9.044235229492187500e+01,2.687298393249511719e+01
-9.044249725341796875e+01,2.687366867065429688e+01
-9.044145202636718750e+01,2.687405967712402344e+01
-9.044026947021484375e+01,2.687379646301269531e+01
-9.044041442871093750e+01,2.687344169616699219e+01
-9.043933105468750000e+01,2.687291908264160156e+01
-9.044135284423828125e+01,2.687286376953125000e+01
-9.043833160400390625e+01,2.687365150451660156e+01
-9.044199371337890625e+01,2.687320518493652344e+01
-9.044097137451171875e+01,2.687251281738281250e+01
-9.043891143798828125e+01,2.687354087829589844e+01
-9.044274902343750000e+01,2.687356185913085938e+01
-9.044178009033203125e+01,2.687339591979980469e+01
-9.044113922119140625e+01,2.687263870239257812e+01
-9.043901062011718750e+01,2.687348556518554688e+01
-9.043923187255859375e+01,2.687349891662597656e+01
-9.043955993652343750e+01,2.687288665771484375e+01
-9.043998718261718750e+01,2.687287712097167969e+01
-9.044126892089843750e+01,2.687343597412109375e+01
-9.043822479248046875e+01,2.687346076965332031e+01
-9.044044494628906250e+01,2.687383460998535156e+01
-9.044148254394531250e+01,2.687252616882324219e+01
-9.044259643554687500e+01,2.687382698059082031e+01
-9.043807983398437500e+01,2.687372589111328125e+01
-9.043998718261718750e+01,2.687377929687500000e+01
-9.044181060791015625e+01,2.687405586242675781e+01
-9.044138336181640625e+01,2.687412643432617188e+01
-9.044261169433593750e+01,2.687244033813476562e+01
-9.044110870361328125e+01,2.687321472167968750e+01
-9.044145202636718750e+01,2.687260437011718750e+01
-9.043974304199218750e+01,2.687338829040527344e+01
-9.044219970703125000e+01,2.687371635437011719e+01
-9.043836975097656250e+01,2.687335395812988281e+01
-9.044280242919921875e+01,2.687343978881835938e+01
-9.044283294677734375e+01,2.687363243103027344e+01
-9.044107055664062500e+01,2.687306594848632812e+01
-9.044311523437500000e+01,2.687282371520996094e+01
-9.044154357910156250e+01,2.687322235107421875e+01
-9.044184112548828125e+01,2.687356185913085938e+01
-9.044110870361328125e+01,2.687315940856933594e+01
-9.044143676757812500e+01,2.687305259704589844e+01
-9.043833160400390625e+01,2.687331962585449219e+01
-9.044039154052734375e+01,2.687355232238769531e+01
-9.044186401367187500e+01,2.687244415283203125e+01
-9.044297790527343750e+01,2.687317657470703125e+01
-9.044074249267578125e+01,2.687314796447753906e+01
-9.044247436523437500e+01,2.687388801574707031e+01
-9.044254302978515625e+01,2.687366485595703125e+01
-9.044116210937500000e+01,2.687371063232421875e+01
-9.044249725341796875e+01,2.687314414978027344e+01
-9.043919372558593750e+01,2.687375068664550781e+01
-9.044087982177734375e+01,2.687382698059082031e+01
-9.044050598144531250e+01,2.687384414672851562e+01
-9.044246673583984375e+01,2.687343406677246094e+01
-9.043937683105468750e+01,2.687354469299316406e+01
-9.044193267822265625e+01,2.687349319458007812e+01
-9.044224548339843750e+01,2.687365341186523438e+01
-9.043824768066406250e+01,2.687361907958984375e+01
-9.044039154052734375e+01,2.687346076965332031e+01
-9.044224548339843750e+01,2.687334823608398438e+01
-9.043988037109375000e+01,2.687355422973632812e+01
-9.044098663330078125e+01,2.687340927124023438e+01
-9.044237518310546875e+01,2.687271308898925781e+01
-9.044242095947265625e+01,2.687337684631347656e+01
-9.044243621826171875e+01,2.687385559082031250e+01
-9.043892669677734375e+01,2.687332725524902344e+01
-9.043994903564453125e+01,2.687318229675292969e+01
-9.043976593017578125e+01,2.687288665771484375e+01
-9.044137573242187500e+01,2.687395477294921875e+01
-9.044210815429687500e+01,2.687418746948242188e+01
-9.043905639648437500e+01,2.687356376647949219e+01
-9.044139099121093750e+01,2.687322235107421875e+01
-9.044056701660156250e+01,2.687369155883789062e+01
-9.044303894042968750e+01,2.687310791015625000e+01
-9.044252777099609375e+01,2.687370681762695312e+01
-9.044185638427734375e+01,2.687363243103027344e+01
-9.043878173828125000e+01,2.687319946289062500e+01
-9.044103240966796875e+01,2.687356185913085938e+01
-9.043902587890625000e+01,2.687374877929687500e+01
-9.044125366210937500e+01,2.687288093566894531e+01
-9.044250488281250000e+01,2.687251091003417969e+01
-9.044246673583984375e+01,2.687310791015625000e+01
-9.044193267822265625e+01,2.687284851074218750e+01
-9.044143676757812500e+01,2.687335205078125000e+01
-9.043964385986328125e+01,2.687310028076171875e+01
-9.044087982177734375e+01,2.687383842468261719e+01
-9.044100189208984375e+01,2.687329292297363281e+01
-9.044001770019531250e+01,2.687368583679199219e+01
-9.044044494628906250e+01,2.687329101562500000e+01
-9.044216156005859375e+01,2.687331008911132812e+01
-9.044095611572265625e+01,2.687274169921875000e+01
-9.044284057617187500e+01,2.687291526794433594e+01
-9.043807983398437500e+01,2.687373733520507812e+01
-9.043981933593750000e+01,2.687281608581542969e+01
-9.044196319580078125e+01,2.687325286865234375e+01
-9.044203186035156250e+01,2.687422370910644531e+01
-9.044093322753906250e+01,2.687372779846191406e+01
-9.044260406494140625e+01,2.687385368347167969e+01
-9.044309234619140625e+01,2.687344169616699219e+01
-9.044130706787109375e+01,2.687378311157226562e+01
-9.044290924072265625e+01,2.687300682067871094e+01
-9.043913269042968750e+01,2.687332725524902344e+01
-9.044001770019531250e+01,2.687397575378417969e+01
-9.044101715087890625e+01,2.687286376953125000e+01
-9.043917846679687500e+01,2.687346458435058594e+01
-9.044248962402343750e+01,2.687355422973632812e+01
-9.043992614746093750e+01,2.687331962585449219e+01
-9.044252777099609375e+01,2.687299919128417969e+01
-9.044198608398437500e+01,2.687348556518554688e+01
-9.044191741943359375e+01,2.687297630310058594e+01
-9.044125366210937500e+01,2.687374305725097656e+01
-9.044148254394531250e+01,2.687240600585937500e+01
-9.044132995605468750e+01,2.687261390686035156e+01
-9.044107055664062500e+01,2.687371826171875000e+01
-9.044218444824218750e+01,2.687421798706054688e+01
-9.044233703613281250e+01,2.687283134460449219e+01
-9.044163513183593750e+01,2.687241935729980469e+01
-9.044023132324218750e+01,2.687344932556152344e+01
-9.043927001953125000e+01,2.687343406677246094e+01
-9.044049835205078125e+01,2.687335014343261719e+01
-9.044053649902343750e+01,2.687279510498046875e+01
-9.044213867187500000e+01,2.687268257141113281e+01
-9.043926239013671875e+01,2.687295913696289062e+01
-9.044233703613281250e+01,2.687307167053222656e+01
-9.044027709960937500e+01,2.687367248535156250e+01
-9.044270324707031250e+01,2.687259483337402344e+01
-9.044005584716796875e+01,2.687287712097167969e+01
-9.044024658203125000e+01,2.687399482727050781e+01
-9.043824768066406250e+01,2.687383842468261719e+01
-9.043949127197265625e+01,2.687379074096679688e+01
-9.044009399414062500e+01,2.687350463867187500e+01
-9.044216156005859375e+01,2.687278938293457031e+01
-9.044124603271484375e+01,2.687266731262207031e+01
-9.044289398193359375e+01,2.687376976013183594e+01
-9.043877410888671875e+01,2.687372398376464844e+01
-9.044189453125000000e+01,2.687240982055664062e+01
-9.044300842285156250e+01,2.687311935424804688e+01
-9.044308471679687500e+01,2.687335586547851562e+01
-9.044304656982421875e+01,2.687340545654296875e+01
-9.043910980224609375e+01,2.687378311157226562e+01
-9.044256591796875000e+01,2.687300300598144531e+01
-9.044057464599609375e+01,2.687356185913085938e+01
-9.044167327880859375e+01,2.687271118164062500e+01
-9.044134521484375000e+01,2.687398910522460938e+01
-9.044145965576171875e+01,2.687365913391113281e+01
-9.044287109375000000e+01,2.687387657165527344e+01
-9.044195556640625000e+01,2.687364387512207031e+01
-9.043836212158203125e+01,2.687363815307617188e+01
-9.044193267822265625e+01,2.687386512756347656e+01
-9.043907165527343750e+01,2.687354278564453125e+01
-9.044272613525390625e+01,2.687235832214355469e+01
-9.044261169433593750e+01,2.687324142456054688e+01
-9.044261169433593750e+01,2.687326622009277344e+01
-9.044300079345703125e+01,2.687352180480957031e+01
-9.044017791748046875e+01,2.687395858764648438e+01
-9.044236755371093750e+01,2.687415695190429688e+01
-9.043901062011718750e+01,2.687384223937988281e+01
-9.044089508056640625e+01,2.687245559692382812e+01
-9.043969726562500000e+01,2.687318801879882812e+01
-9.044251251220703125e+01,2.687326049804687500e+01
-9.043856048583984375e+01,2.687387466430664062e+01
-9.043908691406250000e+01,2.687306404113769531e+01
-9.044031524658203125e+01,2.687293434143066406e+01
-9.043849182128906250e+01,2.687310600280761719e+01
-9.043901824951171875e+01,2.687295532226562500e+01
-9.044184112548828125e+01,2.687277221679687500e+01
-9.044134521484375000e+01,2.687333106994628906e+01
-9.044195556640625000e+01,2.687301635742187500e+01
-9.044176483154296875e+01,2.687371635437011719e+01
-9.043922424316406250e+01,2.687285423278808594e+01
-9.044022369384765625e+01,2.687399673461914062e+01
-9.044284057617187500e+01,2.687327384948730469e+01
-9.044251251220703125e+01,2.687385559082031250e+01
-9.044261169433593750e+01,2.687381935119628906e+01
-9.044024658203125000e+01,2.687354469299316406e+01
-9.043951416015625000e+01,2.687282562255859375e+01
-9.044051361083984375e+01,2.687343025207519531e+01
-9.044033050537109375e+01,2.687327766418457031e+01
-9.044313812255859375e+01,2.687330055236816406e+01
-9.044127655029296875e+01,2.687258148193359375e+01
-9.044274139404296875e+01,2.687311363220214844e+01
-9.044237518310546875e+01,2.687244415283203125e+01
-9.044116973876953125e+01,2.687278747558593750e+01
-9.044214630126953125e+01,2.687387847900390625e+01
-9.044110870361328125e+01,2.687298774719238281e+01
-9.043873596191406250e+01,2.687296676635742188e+01
-9.043873596191406250e+01,2.687314987182617188e+01
-9.044074249267578125e+01,2.687366867065429688e+01
-9.044123077392578125e+01,2.687340927124023438e+01
-9.044190216064453125e+01,2.687375068664550781e+01
-9.044192504882812500e+01,2.687363243103027344e+01
-9.044113159179687500e+01,2.687313842773437500e+01
-9.044190216064453125e+01,2.687310981750488281e+01
-9.044121551513671875e+01,2.687349891662597656e+01
-9.044241333007812500e+01,2.687295532226562500e+01
-9.043837738037109375e+01,2.687334442138671875e+01
-9.044236755371093750e+01,2.687400436401367188e+01
-9.043967437744140625e+01,2.687360382080078125e+01
-9.044119262695312500e+01,2.687303161621093750e+01
-9.043887329101562500e+01,2.687355232238769531e+01
-9.044171142578125000e+01,2.687310600280761719e+01
-9.044290924072265625e+01,2.687322044372558594e+01
-9.044123077392578125e+01,2.687267684936523438e+01
-9.044136047363281250e+01,2.687333869934082031e+01
-9.044093322753906250e+01,2.687388420104980469e+01
-9.044246673583984375e+01,2.687412261962890625e+01
-9.044139862060546875e+01,2.687408638000488281e+01
-9.044165802001953125e+01,2.687246894836425781e+01
-9.044090270996093750e+01,2.687299919128417969e+01
-9.043908691406250000e+01,2.687335205078125000e+01
-9.044242858886718750e+01,2.687335395812988281e+01
-9.044066619873046875e+01,2.687283897399902344e+01
-9.044001770019531250e+01,2.687313652038574219e+01
-9.044177246093750000e+01,2.687290573120117188e+01
-9.044295501708984375e+01,2.687290763854980469e+01
-9.043952178955078125e+01,2.687257003784179688e+01
-9.044133758544921875e+01,2.687370109558105469e+01
-9.043859863281250000e+01,2.687362098693847656e+01
-9.043860626220703125e+01,2.687338638305664062e+01
-9.044071960449218750e+01,2.687339973449707031e+01
-9.044186401367187500e+01,2.687292289733886719e+01
-9.044281005859375000e+01,2.687385940551757812e+01
-9.043950653076171875e+01,2.687310791015625000e+01
-9.044229125976562500e+01,2.687288856506347656e+01
-9.044275665283203125e+01,2.687351608276367188e+01
-9.043910217285156250e+01,2.687294960021972656e+01
-9.044113922119140625e+01,2.687309265136718750e+01
-9.044267272949218750e+01,2.687337303161621094e+01
-9.044287872314453125e+01,2.687387466430664062e+01
-9.043915557861328125e+01,2.687309265136718750e+01
-9.044264221191406250e+01,2.687389183044433594e+01
-9.044168090820312500e+01,2.687317085266113281e+01
-9.043957519531250000e+01,2.687270545959472656e+01
-9.043841552734375000e+01,2.687347602844238281e+01
-9.044184112548828125e+01,2.687401199340820312e+01
-9.043934631347656250e+01,2.687352752685546875e+01
-9.044185638427734375e+01,2.687280654907226562e+01
-9.043993377685546875e+01,2.687379646301269531e+01
-9.044143676757812500e+01,2.687350845336914062e+01
-9.044009399414062500e+01,2.687302398681640625e+01
-9.044165039062500000e+01,2.687325286865234375e+01
-9.043870544433593750e+01,2.687338829040527344e+01
-9.043853759765625000e+01,2.687327003479003906e+01
-9.044025421142578125e+01,2.687316894531250000e+01
-9.043925476074218750e+01,2.687324142456054688e+01
-9.043948364257812500e+01,2.687258338928222656e+01
-9.044078826904296875e+01,2.687388038635253906e+01
-9.044165039062500000e+01,2.687327384948730469e+01
-9.044108581542968750e+01,2.687382125854492188e+01
-9.043941497802734375e+01,2.687291145324707031e+01
-9.044264984130859375e+01,2.687235641479492188e+01
-9.044190979003906250e+01,2.687329292297363281e+01
-9.043990325927734375e+01,2.687392044067382812e+01
-9.044199371337890625e+01,2.687402534484863281e+01
-9.043904876708984375e+01,2.687382507324218750e+01
-9.044172668457031250e+01,2.687301254272460938e+01
-9.044206237792968750e+01,2.687423896789550781e+01
-9.043956756591796875e+01,2.687286376953125000e+01
-9.044111633300781250e+01,2.687373924255371094e+01
-9.044210052490234375e+01,2.687290191650390625e+01
-9.043946838378906250e+01,2.687367057800292969e+01
-9.044303894042968750e+01,2.687276840209960938e+01
-9.044149780273437500e+01,2.687244415283203125e+01
-9.043924713134765625e+01,2.687327957153320312e+01
-9.043956756591796875e+01,2.687362098693847656e+01
-9.044094085693359375e+01,2.687269210815429688e+01
-9.043952941894531250e+01,2.687343025207519531e+01
-9.044149017333984375e+01,2.687280654907226562e+01
-9.043990325927734375e+01,2.687343788146972656e+01
-9.044289398193359375e+01,2.687228012084960938e+01
-9.043949890136718750e+01,2.687268257141113281e+01
-9.043908691406250000e+01,2.687327575683593750e+01
-9.044034576416015625e+01,2.687327766418457031e+01
-9.044306945800781250e+01,2.687360954284667969e+01
-9.044257354736328125e+01,2.687276649475097656e+01
-9.044088745117187500e+01,2.687352180480957031e+01
-9.044198608398437500e+01,2.687407493591308594e+01
-9.043891143798828125e+01,2.687320137023925781e+01
-9.044298553466796875e+01,2.687368392944335938e+01
-9.043840789794921875e+01,2.687329483032226562e+01
-9.044204711914062500e+01,2.687240982055664062e+01
-9.044192504882812500e+01,2.687408256530761719e+01
-9.044152069091796875e+01,2.687251091003417969e+01
-9.043826293945312500e+01,2.687357711791992188e+01
-9.043819427490234375e+01,2.687391281127929688e+01
-9.043817901611328125e+01,2.687367057800292969e+01
-9.044302368164062500e+01,2.687343406677246094e+01
-9.044148254394531250e+01,2.687283897399902344e+01
-9.044056701660156250e+01,2.687343025207519531e+01
-9.043852233886718750e+01,2.687375640869140625e+01
-9.044028472900390625e+01,2.687386512756347656e+01
-9.044248199462890625e+01,2.687290954589843750e+01
-9.043794250488281250e+01,2.687385177612304688e+01
-9.043859100341796875e+01,2.687325286865234375e+01
-9.043881225585937500e+01,2.687296295166015625e+01
-9.043840789794921875e+01,2.687390136718750000e+01
-9.044278717041015625e+01,2.687275123596191406e+01
-9.043885803222656250e+01,2.687294578552246094e+01
-9.044140625000000000e+01,2.687287139892578125e+01
-9.043933868408203125e+01,2.687350463867187500e+01
-9.044010925292968750e+01,2.687376785278320312e+01
-9.044065093994140625e+01,2.687307929992675781e+01
-9.044277191162109375e+01,2.687264823913574219e+01
-9.043975830078125000e+01,2.687340736389160156e+01
-9.044056701660156250e+01,2.687293434143066406e+01
-9.044181823730468750e+01,2.687356948852539062e+01
-9.044232177734375000e+01,2.687248992919921875e+01
-9.044092559814453125e+01,2.687274932861328125e+01
-9.044086456298828125e+01,2.687321472167968750e+01
-9.043996429443359375e+01,2.687380027770996094e+01
-9.043921661376953125e+01,2.687319755554199219e+01
-9.044068908691406250e+01,2.687327766418457031e+01
-9.044290924072265625e+01,2.687377166748046875e+01
-9.044207000732421875e+01,2.687241935729980469e+01
-9.044094848632812500e+01,2.687304687500000000e+01
-9.044123077392578125e+01,2.687404251098632812e+01
-9.043897247314453125e+01,2.687336730957031250e+01
-9.044272613525390625e+01,2.687391281127929688e+01
-9.043931579589843750e+01,2.687303161621093750e+01
-9.044290924072265625e+01,2.687336158752441406e+01
-9.044004058837890625e+01,2.687377929687500000e+01
-9.044316864013671875e+01,2.687339210510253906e+01
-9.044306945800781250e+01,2.687285423278808594e+01
-9.044139862060546875e+01,2.687292671203613281e+01
-9.043904876708984375e+01,2.687317276000976562e+01
-9.043964385986328125e+01,2.687306785583496094e+01
-9.043948364257812500e+01,2.687288093566894531e+01
-9.044279479980468750e+01,2.687391471862792969e+01
-9.044293212890625000e+01,2.687297248840332031e+01
-9.044071197509765625e+01,2.687386322021484375e+01
-9.044113159179687500e+01,2.687352180480957031e+01
-9.044267272949218750e+01,2.687331771850585938e+01
-9.044261169433593750e+01,2.687298774719238281e+01
-9.043867492675781250e+01,2.687351989746093750e+01
-9.044124603271484375e+01,2.687285423278808594e+01
-9.044286346435546875e+01,2.687280273437500000e+01
-9.044200134277343750e+01,2.687377548217773438e+01
-9.043996429443359375e+01,2.687386322021484375e+01
-9.044151306152343750e+01,2.687353706359863281e+01
-9.044082641601562500e+01,2.687267112731933594e+01
-9.044184875488281250e+01,2.687372207641601562e+01
-9.044205474853515625e+01,2.687241363525390625e+01
-9.043840789794921875e+01,2.687382698059082031e+01
-9.044156646728515625e+01,2.687385749816894531e+01
-9.043820953369140625e+01,2.687392044067382812e+01
-9.044243621826171875e+01,2.687395477294921875e+01
-9.043907928466796875e+01,2.687287330627441406e+01
-9.044156646728515625e+01,2.687281608581542969e+01
-9.044309997558593750e+01,2.687285995483398438e+01
-9.044261169433593750e+01,2.687304115295410156e+01
-9.044300079345703125e+01,2.687389183044433594e+01
-9.044291687011718750e+01,2.687312698364257812e+01
-9.044313049316406250e+01,2.687339210510253906e+01
-9.044181060791015625e+01,2.687262725830078125e+01
-9.043881988525390625e+01,2.687347221374511719e+01
-9.044171905517578125e+01,2.687431526184082031e+01
-9.043935394287109375e+01,2.687284660339355469e+01
-9.044161224365234375e+01,2.687275123596191406e+01
-9.044062042236328125e+01,2.687296485900878906e+01
-9.043975067138671875e+01,2.687313079833984375e+01
-9.044162750244140625e+01,2.687434196472167969e+01
-9.043836975097656250e+01,2.687350082397460938e+01
-9.044209289550781250e+01,2.687344551086425781e+01
-9.044075012207031250e+01,2.687309646606445312e+01
-9.043871307373046875e+01,2.687358283996582031e+01
-9.044178009033203125e+01,2.687354660034179688e+01
-9.044308471679687500e+01,2.687289047241210938e+01
-9.044171142578125000e+01,2.687422752380371094e+01
-9.043862152099609375e+01,2.687309265136718750e+01
-9.043967437744140625e+01,2.687312698364257812e+01
-9.044226837158203125e+01,2.687341880798339844e+01
-9.043953704833984375e+01,2.687323570251464844e+01
-9.043836975097656250e+01,2.687383270263671875e+01
-9.044303894042968750e+01,2.687278747558593750e+01
-9.044109344482421875e+01,2.687367820739746094e+01
-9.043948364257812500e+01,2.687334632873535156e+01
-9.044267272949218750e+01,2.687283325195312500e+01
-9.043832397460937500e+01,2.687387657165527344e+01
-9.044101715087890625e+01,2.687328147888183594e+01
-9.043891906738281250e+01,2.687385749816894531e+01
-9.044187927246093750e+01,2.687237930297851562e+01
-9.044218444824218750e+01,2.687286758422851562e+01
-9.043851470947265625e+01,2.687358856201171875e+01
-9.044112396240234375e+01,2.687260246276855469e+01
-9.044267272949218750e+01,2.687366294860839844e+01
-9.044190979003906250e+01,2.687294769287109375e+01
-9.044163513183593750e+01,2.687407302856445312e+01
-9.044042205810546875e+01,2.687344932556152344e+01
-9.044251251220703125e+01,2.687352561950683594e+01
-9.044083404541015625e+01,2.687380790710449219e+01
-9.044071960449218750e+01,2.687371063232421875e+01
-9.044138336181640625e+01,2.687331581115722656e+01
-9.044293212890625000e+01,2.687357330322265625e+01
-9.044054412841796875e+01,2.687300682067871094e+01
-9.044227600097656250e+01,2.687286758422851562e+01
-9.044020843505859375e+01,2.687289810180664062e+01
-9.044113159179687500e+01,2.687318611145019531e+01
-9.044161224365234375e+01,2.687382125854492188e+01
-9.044038391113281250e+01,2.687380790710449219e+01
-9.044019317626953125e+01,2.687338638305664062e+01
-9.044194030761718750e+01,2.687317657470703125e+01
-9.043930053710937500e+01,2.687326812744140625e+01
-9.044043731689453125e+01,2.687394523620605469e+01
-9.044029998779296875e+01,2.687287139892578125e+01
-9.044266510009765625e+01,2.687352180480957031e+01
-9.044124603271484375e+01,2.687375450134277344e+01
-9.043814849853515625e+01,2.687335205078125000e+01
-9.044255065917968750e+01,2.687237358093261719e+01
-9.044226074218750000e+01,2.687289810180664062e+01
-9.044281005859375000e+01,2.687402343750000000e+01
-9.043975830078125000e+01,2.687397193908691406e+01
-9.044090270996093750e+01,2.687261962890625000e+01
-9.044206237792968750e+01,2.687342071533203125e+01
-9.044179534912109375e+01,2.687349891662597656e+01
-9.044180297851562500e+01,2.687271499633789062e+01
-9.044039154052734375e+01,2.687392807006835938e+01
-9.044044494628906250e+01,2.687304878234863281e+01
-9.044104003906250000e+01,2.687363243103027344e+01
-9.044161987304687500e+01,2.687293052673339844e+01
-9.044219207763671875e+01,2.687318229675292969e+01
-9.044290924072265625e+01,2.687395286560058594e+01
-9.044124603271484375e+01,2.687386322021484375e+01
-9.043881988525390625e+01,2.687366294860839844e+01
-9.044092559814453125e+01,2.687372016906738281e+01
-9.043811035156250000e+01,2.687362098693847656e+01
-9.044001007080078125e+01,2.687334060668945312e+01
-9.043895721435546875e+01,2.687297630310058594e+01
-9.044154357910156250e+01,2.687328147888183594e+01
-9.044205474853515625e+01,2.687360572814941406e+01
-9.043954467773437500e+01,2.687356948852539062e+01
-9.044196319580078125e+01,2.687347793579101562e+01
-9.043931579589843750e+01,2.687299346923828125e+01
-9.044176483154296875e+01,2.687315940856933594e+01
-9.044004821777343750e+01,2.687311553955078125e+01
-9.044047546386718750e+01,2.687290000915527344e+01
-9.044089508056640625e+01,2.687248039245605469e+01
-9.044190216064453125e+01,2.687266540527343750e+01
-9.044171905517578125e+01,2.687268447875976562e+01
-9.044076538085937500e+01,2.687324905395507812e+01
-9.043930816650390625e+01,2.687373161315917969e+01
-9.044264221191406250e+01,2.687370300292968750e+01
-9.043904876708984375e+01,2.687342643737792969e+01
-9.044000244140625000e+01,2.687280273437500000e+01
-9.044065093994140625e+01,2.687273979187011719e+01
-9.044011688232421875e+01,2.687281417846679688e+01
-9.043858337402343750e+01,2.687379074096679688e+01
-9.044223785400390625e+01,2.687401199340820312e+01
-9.043869781494140625e+01,2.687300872802734375e+01
-9.044150543212890625e+01,2.687383079528808594e+01
-9.044055175781250000e+01,2.687361526489257812e+01
-9.044029235839843750e+01,2.687291717529296875e+01
-9.044175720214843750e+01,2.687351417541503906e+01
-9.044155883789062500e+01,2.687310981750488281e+01
-9.044110870361328125e+01,2.687312698364257812e+01
-9.044301605224609375e+01,2.687333297729492188e+01
-9.044297790527343750e+01,2.687258720397949219e+01
-9.044297790527343750e+01,2.687384796142578125e+01
-9.044216156005859375e+01,2.687259483337402344e+01
-9.044047546386718750e+01,2.687358093261718750e+01
-9.044223785400390625e+01,2.687268257141113281e+01
-9.043907165527343750e+01,2.687299728393554688e+01
-9.044165039062500000e+01,2.687282943725585938e+01
-9.044078826904296875e+01,2.687295532226562500e+01
-9.043915557861328125e+01,2.687285614013671875e+01
-9.044264221191406250e+01,2.687387657165527344e+01
-9.043917846679687500e+01,2.687368774414062500e+01
-9.044157409667968750e+01,2.687369155883789062e+01
-9.044197082519531250e+01,2.687266921997070312e+01
-9.044251251220703125e+01,2.687319374084472656e+01
-9.044022369384765625e+01,2.687296104431152344e+01
-9.044171142578125000e+01,2.687427520751953125e+01
-9.043813323974609375e+01,2.687334060668945312e+01
-9.044246673583984375e+01,2.687348747253417969e+01
-9.043943786621093750e+01,2.687291145324707031e+01
-9.044301605224609375e+01,2.687330436706542969e+01
-9.044289398193359375e+01,2.687295532226562500e+01
-9.044074249267578125e+01,2.687394332885742188e+01
-9.044158172607421875e+01,2.687361907958984375e+01
-9.043875885009765625e+01,2.687317466735839844e+01
-9.044087219238281250e+01,2.687349319458007812e+01
-9.043982696533203125e+01,2.687354850769042969e+01
-9.043862152099609375e+01,2.687303733825683594e+01
-9.044013214111328125e+01,2.687350654602050781e+01
-9.044027709960937500e+01,2.687288856506347656e+01
-9.044139099121093750e+01,2.687352371215820312e+01
-9.044198608398437500e+01,2.687394523620605469e+01
-9.044081115722656250e+01,2.687308311462402344e+01
-9.043826293945312500e+01,2.687360763549804688e+01
-9.043865203857421875e+01,2.687350845336914062e+01
-9.044160461425781250e+01,2.687338447570800781e+01
-9.044181823730468750e+01,2.687308120727539062e+01
-9.043943023681640625e+01,2.687373352050781250e+01
-9.044128417968750000e+01,2.687279319763183594e+01
-9.044280242919921875e+01,2.687359046936035156e+01
-9.043955993652343750e+01,2.687294960021972656e+01
-9.044189453125000000e+01,2.687314033508300781e+01
-9.044123077392578125e+01,2.687310981750488281e+01
-9.043945312500000000e+01,2.687347412109375000e+01
-9.044157409667968750e+01,2.687347602844238281e+01
-9.044287872314453125e+01,2.687296676635742188e+01
-9.044242095947265625e+01,2.687282371520996094e+01
-9.043921661376953125e+01,2.687298202514648438e+01
-9.044079589843750000e+01,2.687287139892578125e+01
-9.044189453125000000e+01,2.687243843078613281e+01
-9.044069671630859375e+01,2.687359237670898438e+01
-9.044132995605468750e+01,2.687355804443359375e+01
-9.044301605224609375e+01,2.687387466430664062e+01
-9.043914794921875000e+01,2.687326622009277344e+01
-9.044312286376953125e+01,2.687363243103027344e+01
-9.043922424316406250e+01,2.687355232238769531e+01
-9.044198608398437500e+01,2.687270355224609375e+01
-9.044105529785156250e+01,2.687308120727539062e+01
-9.044077301025390625e+01,2.687364578247070312e+01
-9.044131469726562500e+01,2.687373733520507812e+01
-9.043781280517578125e+01,2.687390327453613281e+01
-9.044036102294921875e+01,2.687380599975585938e+01
-9.043839263916015625e+01,2.687349891662597656e+01
-9.044273376464843750e+01,2.687266540527343750e+01
-9.044204711914062500e+01,2.687434387207031250e+01
-9.044028472900390625e+01,2.687341499328613281e+01
-9.044196319580078125e+01,2.687425422668457031e+01
-9.044274902343750000e+01,2.687378501892089844e+01
-9.044133758544921875e+01,2.687306976318359375e+01
-9.044200134277343750e+01,2.687328720092773438e+01
-9.044265747070312500e+01,2.687404441833496094e+01
-9.043970489501953125e+01,2.687346267700195312e+01
-9.043887329101562500e+01,2.687291526794433594e+01
-9.044184875488281250e+01,2.687396812438964844e+01
-9.044126129150390625e+01,2.687263298034667969e+01
-9.044297027587890625e+01,2.687399291992187500e+01
-9.044209289550781250e+01,2.687292861938476562e+01
-9.043866729736328125e+01,2.687311363220214844e+01
-9.043944549560546875e+01,2.687364387512207031e+01
-9.043846893310546875e+01,2.687360000610351562e+01
-9.044150543212890625e+01,2.687258148193359375e+01
-9.044176483154296875e+01,2.687377357482910156e+01
-9.043908691406250000e+01,2.687363243103027344e+01
-9.044214630126953125e+01,2.687283134460449219e+01
-9.044181060791015625e+01,2.687270545959472656e+01
-9.044177246093750000e+01,2.687260818481445312e+01
-9.044281768798828125e+01,2.687393951416015625e+01
-9.044127655029296875e+01,2.687349891662597656e+01
-9.043994140625000000e+01,2.687368965148925781e+01
-9.044020843505859375e+01,2.687346458435058594e+01
-9.044033813476562500e+01,2.687360191345214844e+01
-9.044278717041015625e+01,2.687258529663085938e+01
-9.043959808349609375e+01,2.687309074401855469e+01
-9.043922424316406250e+01,2.687338447570800781e+01
-9.043969726562500000e+01,2.687309265136718750e+01
-9.044193267822265625e+01,2.687291145324707031e+01
-9.044216156005859375e+01,2.687364196777343750e+01
-9.044013214111328125e+01,2.687304687500000000e+01
-9.044036102294921875e+01,2.687342071533203125e+01
-9.044273376464843750e+01,2.687246704101562500e+01
-9.044260406494140625e+01,2.687257003784179688e+01
-9.044281005859375000e+01,2.687314414978027344e+01
-9.044033813476562500e+01,2.687301254272460938e+01
-9.044119262695312500e+01,2.687357711791992188e+01
-9.044246673583984375e+01,2.687348937988281250e+01
-9.043890380859375000e+01,2.687340545654296875e+01
-9.044107055664062500e+01,2.687313079833984375e+01
-9.044104003906250000e+01,2.687381744384765625e+01
-9.044246673583984375e+01,2.687351989746093750e+01
-9.043925476074218750e+01,2.687380409240722656e+01
-9.044166564941406250e+01,2.687405014038085938e+01
-9.043985748291015625e+01,2.687396812438964844e+01
-9.043962097167968750e+01,2.687293815612792969e+01
-9.043927001953125000e+01,2.687262725830078125e+01
-9.044178771972656250e+01,2.687360382080078125e+01
-9.044083404541015625e+01,2.687373733520507812e+01
-9.044290924072265625e+01,2.687293624877929688e+01
-9.044004821777343750e+01,2.687321662902832031e+01
-9.044096374511718750e+01,2.687267494201660156e+01
-9.044263458251953125e+01,2.687398147583007812e+01
-9.043837738037109375e+01,2.687349319458007812e+01
-9.044254302978515625e+01,2.687318229675292969e+01
-9.044031524658203125e+01,2.687364196777343750e+01
-9.044106292724609375e+01,2.687375068664550781e+01
-9.044070434570312500e+01,2.687330436706542969e+01
-9.043978118896484375e+01,2.687401390075683594e+01
-9.043936920166015625e+01,2.687269592285156250e+01
-9.044158935546875000e+01,2.687410354614257812e+01
-9.044039154052734375e+01,2.687318038940429688e+01
-9.044010925292968750e+01,2.687332534790039062e+01
-9.044230651855468750e+01,2.687274551391601562e+01
-9.044255828857421875e+01,2.687281799316406250e+01
-9.043891143798828125e+01,2.687379837036132812e+01
-9.044238281250000000e+01,2.687313461303710938e+01
-9.043888854980468750e+01,2.687368011474609375e+01
-9.044210815429687500e+01,2.687276458740234375e+01
-9.044120025634765625e+01,2.687243652343750000e+01
-9.044000244140625000e+01,2.687396240234375000e+01
-9.044201660156250000e+01,2.687429809570312500e+01
-9.043997955322265625e+01,2.687354660034179688e+01
-9.044216156005859375e+01,2.687285995483398438e+01
-9.044277954101562500e+01,2.687355232238769531e+01
-9.044014739990234375e+01,2.687350654602050781e+01
-9.044100952148437500e+01,2.687311744689941406e+01
-9.043996429443359375e+01,2.687358856201171875e+01
-9.044099426269531250e+01,2.687302780151367188e+01
-9.044276428222656250e+01,2.687322998046875000e+01
-9.044281768798828125e+01,2.687326240539550781e+01
-9.044259643554687500e+01,2.687345695495605469e+01
-9.044238281250000000e+01,2.687388992309570312e+01
-9.044157409667968750e+01,2.687338256835937500e+01
-9.044178009033203125e+01,2.687355995178222656e+01
-9.044174194335937500e+01,2.687283515930175781e+01
-9.044072723388671875e+01,2.687349700927734375e+01
-9.043970489501953125e+01,2.687332725524902344e+01
-9.044052886962890625e+01,2.687288284301757812e+01
-9.044116210937500000e+01,2.687269210815429688e+01
-9.044277191162109375e+01,2.687400054931640625e+01
-9.044205474853515625e+01,2.687396049499511719e+01
-9.044205474853515625e+01,2.687388801574707031e+01
-9.043982696533203125e+01,2.687324714660644531e+01
-9.044119262695312500e+01,2.687355613708496094e+01
-9.043796539306640625e+01,2.687389755249023438e+01
-9.044052124023437500e+01,2.687313461303710938e+01
-9.044265747070312500e+01,2.687244415283203125e+01
-9.043851470947265625e+01,2.687317848205566406e+01
-9.043886566162109375e+01,2.687314414978027344e+01
-9.043937683105468750e+01,2.687347793579101562e+01
-9.043814849853515625e+01,2.687343788146972656e+01
-9.044232940673828125e+01,2.687356567382812500e+01
-9.044210815429687500e+01,2.687411880493164062e+01
-9.044121551513671875e+01,2.687287902832031250e+01
-9.044112396240234375e+01,2.687294769287109375e+01
-9.043985748291015625e+01,2.687346839904785156e+01
-9.044192504882812500e+01,2.687237930297851562e+01
-9.043888092041015625e+01,2.687362480163574219e+01
-9.044029998779296875e+01,2.687386131286621094e+01
-9.043991851806640625e+01,2.687383842468261719e+01
-9.044252777099609375e+01,2.687385749816894531e+01
-9.044254302978515625e+01,2.687342643737792969e+01
-9.044264221191406250e+01,2.687328720092773438e+01
-9.044202423095703125e+01,2.687369346618652344e+01
-9.044202423095703125e+01,2.687358474731445312e+01
-9.044103240966796875e+01,2.687348175048828125e+01
-9.044278717041015625e+01,2.687342262268066406e+01
-9.043991088867187500e+01,2.687306404113769531e+01
-9.044153594970703125e+01,2.687436294555664062e+01
-9.043960571289062500e+01,2.687305641174316406e+01
-9.044053649902343750e+01,2.687349700927734375e+01
-9.044071960449218750e+01,2.687338066101074219e+01
-9.044193267822265625e+01,2.687396240234375000e+01
-9.043946075439453125e+01,2.687378883361816406e+01
-9.043837738037109375e+01,2.687316131591796875e+01
-9.044226074218750000e+01,2.687362480163574219e+01
-9.044012451171875000e+01,2.687376976013183594e+01
-9.044058990478515625e+01,2.687299346923828125e+01
-9.044002532958984375e+01,2.687290382385253906e+01
-9.043816375732421875e+01,2.687375831604003906e+01
-9.044134521484375000e+01,2.687324905395507812e+01
-9.044295501708984375e+01,2.687401390075683594e+01
-9.043892669677734375e+01,2.687287139892578125e+01
-9.044062805175781250e+01,2.687392807006835938e+01
-9.044084167480468750e+01,2.687313461303710938e+01
-9.044250488281250000e+01,2.687339019775390625e+01
-9.043894958496093750e+01,2.687303924560546875e+01
-9.044068908691406250e+01,2.687341499328613281e+01
-9.044277191162109375e+01,2.687318992614746094e+01
-9.043943786621093750e+01,2.687280464172363281e+01
-9.043850708007812500e+01,2.687349891662597656e+01
-9.043846893310546875e+01,2.687379646301269531e+01
-9.043891143798828125e+01,2.687370491027832031e+01
-9.044023132324218750e+01,2.687307929992675781e+01
-9.043817901611328125e+01,2.687352371215820312e+01
-9.044183349609375000e+01,2.687279510498046875e+01
-9.044222259521484375e+01,2.687390899658203125e+01
-9.043860626220703125e+01,2.687344169616699219e+01
-9.044207000732421875e+01,2.687401008605957031e+01
-9.044029998779296875e+01,2.687329483032226562e+01
-9.044264221191406250e+01,2.687338066101074219e+01
-9.044195556640625000e+01,2.687404251098632812e+01
-9.044271087646484375e+01,2.687344741821289062e+01
-9.044226837158203125e+01,2.687369728088378906e+01
-9.044279479980468750e+01,2.687396049499511719e+01
-9.044261169433593750e+01,2.687354469299316406e+01
-9.044081878662109375e+01,2.687277221679687500e+01
-9.044081878662109375e+01,2.687254142761230469e+01
-9.043955230712890625e+01,2.687275123596191406e+01
-9.043991088867187500e+01,2.687323570251464844e+01
-9.044162750244140625e+01,2.687328147888183594e+01
-9.044061279296875000e+01,2.687397003173828125e+01
-9.044166564941406250e+01,2.687262535095214844e+01
-9.043971252441406250e+01,2.687351608276367188e+01
-9.044149780273437500e+01,2.687276840209960938e+01
-9.043979644775390625e+01,2.687315559387207031e+01
-9.043881225585937500e+01,2.687347030639648438e+01
-9.044167327880859375e+01,2.687286186218261719e+01
-9.044276428222656250e+01,2.687324714660644531e+01
-9.044098663330078125e+01,2.687295341491699219e+01
-9.044265747070312500e+01,2.687363433837890625e+01
-9.044299316406250000e+01,2.687387657165527344e+01
-9.044246673583984375e+01,2.687402343750000000e+01
-9.043920135498046875e+01,2.687306404113769531e+01
-9.044155120849609375e+01,2.687258338928222656e+01
-9.043851470947265625e+01,2.687362861633300781e+01
-9.044181060791015625e+01,2.687275123596191406e+01
-9.043882751464843750e+01,2.687374687194824219e+01
-9.043970489501953125e+01,2.687319374084472656e+01
-9.044148254394531250e+01,2.687391853332519531e+01
-9.044004058837890625e+01,2.687358856201171875e+01
-9.044052886962890625e+01,2.687352943420410156e+01
-9.044264984130859375e+01,2.687268829345703125e+01
-9.043851470947265625e+01,2.687347221374511719e+01
-9.043991088867187500e+01,2.687298965454101562e+01
-9.044074249267578125e+01,2.687366867065429688e+01
-9.044196319580078125e+01,2.687257003784179688e+01
-9.044214630126953125e+01,2.687407112121582031e+01
-9.043943786621093750e+01,2.687260818481445312e+01
-9.044152069091796875e+01,2.687388610839843750e+01
-9.044235992431640625e+01,2.687271118164062500e+01
-9.044111633300781250e+01,2.687338256835937500e+01
-9.044198608398437500e+01,2.687256050109863281e+01
-9.044207763671875000e+01,2.687350654602050781e+01
-9.044210052490234375e+01,2.687302017211914062e+01
-9.044122314453125000e+01,2.687404632568359375e+01
-9.044263458251953125e+01,2.687305068969726562e+01
-9.044122314453125000e+01,2.687411308288574219e+01
-9.044107055664062500e+01,2.687315750122070312e+01
-9.044102478027343750e+01,2.687292861938476562e+01
-9.044113922119140625e+01,2.687378692626953125e+01
-9.044151306152343750e+01,2.687294006347656250e+01
-9.044152069091796875e+01,2.687261962890625000e+01
-9.044132232666015625e+01,2.687376403808593750e+01
-9.043985748291015625e+01,2.687283134460449219e+01
-9.043935394287109375e+01,2.687288475036621094e+01
-9.044125366210937500e+01,2.687379264831542969e+01
-9.044232940673828125e+01,2.687329101562500000e+01
-9.044318389892578125e+01,2.687377548217773438e+01
-9.044055938720703125e+01,2.687387275695800781e+01
-9.044266510009765625e+01,2.687255096435546875e+01
-9.044230651855468750e+01,2.687324142456054688e+01
-9.044310760498046875e+01,2.687361717224121094e+01
-9.043934631347656250e+01,2.687302398681640625e+01
-9.044218444824218750e+01,2.687280464172363281e+01
-9.044245910644531250e+01,2.687345123291015625e+01
-9.044229125976562500e+01,2.687350273132324219e+01
-9.043899536132812500e+01,2.687322425842285156e+01
-9.044247436523437500e+01,2.687332534790039062e+01
-9.044113922119140625e+01,2.687347221374511719e+01
-9.044302368164062500e+01,2.687366676330566406e+01
-9.044187927246093750e+01,2.687325668334960938e+01
-9.044236755371093750e+01,2.687393951416015625e+01
-9.043851470947265625e+01,2.687376022338867188e+01
-9.044205474853515625e+01,2.687260055541992188e+01
-9.044283294677734375e+01,2.687390136718750000e+01
-9.043967437744140625e+01,2.687303352355957031e+01
-9.044219207763671875e+01,2.687284088134765625e+01
-9.044152069091796875e+01,2.687357330322265625e+01
-9.044162750244140625e+01,2.687415695190429688e+01
-9.043930053710937500e+01,2.687365150451660156e+01
-9.044231414794921875e+01,2.687297630310058594e+01
-9.044178009033203125e+01,2.687258148193359375e+01
-9.044287109375000000e+01,2.687298202514648438e+01
-9.044178771972656250e+01,2.687345123291015625e+01
-9.044217681884765625e+01,2.687399864196777344e+01
-9.044065093994140625e+01,2.687319374084472656e+01
-9.044123840332031250e+01,2.687300109863281250e+01
-9.043915557861328125e+01,2.687277412414550781e+01
-9.044146728515625000e+01,2.687440109252929688e+01
-9.044145965576171875e+01,2.687368965148925781e+01
-9.044017028808593750e+01,2.687293052673339844e+01
-9.043997955322265625e+01,2.687356185913085938e+01
-9.043792724609375000e+01,2.687367820739746094e+01
-9.044123077392578125e+01,2.687273025512695312e+01
-9.044099426269531250e+01,2.687245178222656250e+01
-9.043961334228515625e+01,2.687291526794433594e+01
-9.044158935546875000e+01,2.687309265136718750e+01
-9.043810272216796875e+01,2.687357711791992188e+01
-9.044248199462890625e+01,2.687344169616699219e+01
-9.044168853759765625e+01,2.687290000915527344e+01
-9.043875885009765625e+01,2.687305641174316406e+01
-9.043957519531250000e+01,2.687374877929687500e+01
-9.044239807128906250e+01,2.687290763854980469e+01
-9.044254302978515625e+01,2.687379646301269531e+01
-9.044248199462890625e+01,2.687378120422363281e+01
-9.044290924072265625e+01,2.687346267700195312e+01
-9.043939971923828125e+01,2.687352561950683594e+01
-9.044106292724609375e+01,2.687260437011718750e+01
-9.043949890136718750e+01,2.687376213073730469e+01
-9.044182586669921875e+01,2.687285614013671875e+01
-9.044226074218750000e+01,2.687411308288574219e+01
-9.044136810302734375e+01,2.687359237670898438e+01
-9.044084167480468750e+01,2.687288475036621094e+01
-9.044190979003906250e+01,2.687284469604492188e+01
-9.044202423095703125e+01,2.687408447265625000e+01
-9.044270324707031250e+01,2.687244796752929688e+01
-9.044166564941406250e+01,2.687290382385253906e+01
-9.043980407714843750e+01,2.687306785583496094e+01
-9.044120025634765625e+01,2.687253761291503906e+01
-9.044234466552734375e+01,2.687427902221679688e+01
-9.044171905517578125e+01,2.687373542785644531e+01
-9.044210052490234375e+01,2.687337112426757812e+01
-9.044229125976562500e+01,2.687341499328613281e+01
-9.043997192382812500e+01,2.687320518493652344e+01
-9.044114685058593750e+01,2.687304687500000000e+01
-9.043871307373046875e+01,2.687334060668945312e+01
-9.044104766845703125e+01,2.687263488769531250e+01
-9.044015502929687500e+01,2.687326049804687500e+01
-9.043998718261718750e+01,2.687339210510253906e+01
-9.044200897216796875e+01,2.687432289123535156e+01
-9.044002532958984375e+01,2.687359237670898438e+01
-9.044219970703125000e+01,2.687317276000976562e+01
-9.044231414794921875e+01,2.687354850769042969e+01
-9.044180297851562500e+01,2.687364387512207031e+01
-9.043972778320312500e+01,2.687347984313964844e+01
-9.043885803222656250e+01,2.687329673767089844e+01
-9.044105529785156250e+01,2.687381362915039062e+01
-9.044186401367187500e+01,2.687374496459960938e+01
-9.044284820556640625e+01,2.687391090393066406e+01
-9.044198608398437500e+01,2.687312507629394531e+01
-9.044232940673828125e+01,2.687303352355957031e+01
-9.044131469726562500e+01,2.687258720397949219e+01
-9.044066619873046875e+01,2.687274169921875000e+01
-9.043836212158203125e+01,2.687348937988281250e+01
-9.044060516357421875e+01,2.687384605407714844e+01
-9.044085693359375000e+01,2.687392997741699219e+01
-9.044197845458984375e+01,2.687295532226562500e+01
-9.044080352783203125e+01,2.687320327758789062e+01
-9.044077301025390625e+01,2.687353706359863281e+01
-9.044142150878906250e+01,2.687342643737792969e+01
-9.044296264648437500e+01,2.687282371520996094e+01
-9.044242858886718750e+01,2.687361526489257812e+01
-9.043994903564453125e+01,2.687311935424804688e+01
-9.043906402587890625e+01,2.687309074401855469e+01
-9.043981170654296875e+01,2.687381553649902344e+01
-9.044187927246093750e+01,2.687362670898437500e+01
-9.044142150878906250e+01,2.687257766723632812e+01
-9.044161987304687500e+01,2.687288856506347656e+01
-9.043854522705078125e+01,2.687374687194824219e+01
-9.043954467773437500e+01,2.687288475036621094e+01
-9.044167327880859375e+01,2.687373924255371094e+01
-9.044297027587890625e+01,2.687363624572753906e+01
-9.044290161132812500e+01,2.687354087829589844e+01
-9.044158172607421875e+01,2.687428474426269531e+01
-9.044249725341796875e+01,2.687335395812988281e+01
-9.044136047363281250e+01,2.687313079833984375e+01
-9.044026184082031250e+01,2.687365150451660156e+01
-9.044073486328125000e+01,2.687311172485351562e+01
-9.044237518310546875e+01,2.687232398986816406e+01
-9.044149017333984375e+01,2.687270736694335938e+01
-9.044001007080078125e+01,2.687390327453613281e+01
-9.044210815429687500e+01,2.687411499023437500e+01
-9.044015502929687500e+01,2.687335777282714844e+01
-9.043813323974609375e+01,2.687380599975585938e+01
-9.043856811523437500e+01,2.687303924560546875e+01
-9.044265747070312500e+01,2.687389373779296875e+01
-9.043943023681640625e+01,2.687381744384765625e+01
-9.043991088867187500e+01,2.687384414672851562e+01
-9.044163513183593750e+01,2.687275314331054688e+01
-9.044047546386718750e+01,2.687330818176269531e+01
-9.044020080566406250e+01,2.687371253967285156e+01
-9.044045257568359375e+01,2.687292861938476562e+01
-9.044124603271484375e+01,2.687366294860839844e+01
-9.044210815429687500e+01,2.687306404113769531e+01
-9.044208526611328125e+01,2.687373733520507812e+01
-9.044136047363281250e+01,2.687338256835937500e+01
-9.043872833251953125e+01,2.687364959716796875e+01
-9.044224548339843750e+01,2.687392425537109375e+01
-9.044125366210937500e+01,2.687258338928222656e+01
-9.044055938720703125e+01,2.687343978881835938e+01
-9.044041442871093750e+01,2.687299919128417969e+01
-9.044277954101562500e+01,2.687348747253417969e+01
-9.044284057617187500e+01,2.687277221679687500e+01
-9.043966674804687500e+01,2.687290191650390625e+01
-9.044262695312500000e+01,2.687315368652343750e+01
-9.044160461425781250e+01,2.687365913391113281e+01
-9.044158935546875000e+01,2.687412261962890625e+01
-9.044186401367187500e+01,2.687333106994628906e+01
-9.043908691406250000e+01,2.687310028076171875e+01
-9.043893432617187500e+01,2.687339210510253906e+01
-9.044264984130859375e+01,2.687374305725097656e+01
-9.044087219238281250e+01,2.687362289428710938e+01
-9.044221496582031250e+01,2.687333297729492188e+01
-9.044264984130859375e+01,2.687365341186523438e+01
-9.044261932373046875e+01,2.687316131591796875e+01
-9.044001007080078125e+01,2.687281036376953125e+01
-9.044287109375000000e+01,2.687297248840332031e+01
-9.044219207763671875e+01,2.687400627136230469e+01
-9.044116210937500000e+01,2.687242317199707031e+01
-9.043926239013671875e+01,2.687318229675292969e+01
-9.044145965576171875e+01,2.687265586853027344e+01
-9.044050598144531250e+01,2.687276077270507812e+01
-9.044238281250000000e+01,2.687288856506347656e+01
-9.044311523437500000e+01,2.687327575683593750e+01
-9.044197845458984375e+01,2.687314224243164062e+01
-9.044197082519531250e+01,2.687379646301269531e+01
-9.044130706787109375e+01,2.687376785278320312e+01
-9.043881225585937500e+01,2.687343978881835938e+01
-9.044282531738281250e+01,2.687317276000976562e+01
-9.043955230712890625e+01,2.687359809875488281e+01
-9.044037628173828125e+01,2.687324333190917969e+01
-9.044033050537109375e+01,2.687345504760742188e+01
-9.044168853759765625e+01,2.687368202209472656e+01
-9.043972015380859375e+01,2.687349891662597656e+01
-9.044277191162109375e+01,2.687284278869628906e+01
-9.043843841552734375e+01,2.687342453002929688e+01
-9.044098663330078125e+01,2.687314796447753906e+01
-9.044161987304687500e+01,2.687344169616699219e+01
-9.043911743164062500e+01,2.687316513061523438e+01
-9.043807983398437500e+01,2.687342071533203125e+01
-9.043817138671875000e+01,2.687376594543457031e+01
-9.044104766845703125e+01,2.687290573120117188e+01
-9.043799591064453125e+01,2.687365341186523438e+01
-9.043883514404296875e+01,2.687299919128417969e+01
-9.043978881835937500e+01,2.687378120422363281e+01
-9.043964385986328125e+01,2.687341499328613281e+01
-9.044174194335937500e+01,2.687389755249023438e+01
-9.043846893310546875e+01,2.687351608276367188e+01
-9.044189453125000000e+01,2.687285804748535156e+01
-9.044202423095703125e+01,2.687388801574707031e+01
-9.044269561767578125e+01,2.687394142150878906e+01
-9.044031524658203125e+01,2.687296295166015625e+01
-9.044155120849609375e+01,2.687291717529296875e+01
-9.043913269042968750e+01,2.687317085266113281e+01
-9.044067382812500000e+01,2.687360382080078125e+01
-9.044313049316406250e+01,2.687369918823242188e+01
-9.044137573242187500e+01,2.687368965148925781e+01
-9.044158172607421875e+01,2.687253570556640625e+01
-9.044229125976562500e+01,2.687343788146972656e+01
-9.044057464599609375e+01,2.687382507324218750e+01
-9.044235229492187500e+01,2.687399101257324219e+01
-9.044207000732421875e+01,2.687361526489257812e+01
-9.044255828857421875e+01,2.687306594848632812e+01
-9.044159698486328125e+01,2.687360763549804688e+01
-9.043966674804687500e+01,2.687344551086425781e+01
-9.044269561767578125e+01,2.687235260009765625e+01
-9.044223785400390625e+01,2.687311553955078125e+01
-9.044216156005859375e+01,2.687236404418945312e+01
-9.044026184082031250e+01,2.687365722656250000e+01
-9.044135284423828125e+01,2.687373352050781250e+01
-9.044174194335937500e+01,2.687353897094726562e+01
-9.044168853759765625e+01,2.687290382385253906e+01
-9.044272613525390625e+01,2.687332344055175781e+01
-9.044193267822265625e+01,2.687363052368164062e+01
-9.043910217285156250e+01,2.687356185913085938e+01
-9.044247436523437500e+01,2.687305831909179688e+01
-9.044216918945312500e+01,2.687401199340820312e+01
-9.044219207763671875e+01,2.687413406372070312e+01
-9.043801116943359375e+01,2.687375450134277344e+01
-9.044255828857421875e+01,2.687242126464843750e+01
-9.044215393066406250e+01,2.687307357788085938e+01
-9.043925476074218750e+01,2.687382698059082031e+01
-9.043828582763671875e+01,2.687372779846191406e+01
-9.044068145751953125e+01,2.687314796447753906e+01
-9.044132995605468750e+01,2.687406921386718750e+01
-9.043867492675781250e+01,2.687373924255371094e+01
-9.044117736816406250e+01,2.687384605407714844e+01
-9.044005584716796875e+01,2.687386512756347656e+01
-9.044123840332031250e+01,2.687389945983886719e+01
-9.044032287597656250e+01,2.687368583679199219e+01
-9.044216156005859375e+01,2.687434577941894531e+01
-9.044158172607421875e+01,2.687345886230468750e+01
-9.043917846679687500e+01,2.687338066101074219e+01
-9.044121551513671875e+01,2.687407684326171875e+01
-9.043955993652343750e+01,2.687367439270019531e+01
-9.044261169433593750e+01,2.687315750122070312e+01
-9.043969726562500000e+01,2.687291908264160156e+01
-9.044249725341796875e+01,2.687373161315917969e+01
-9.044153594970703125e+01,2.687425804138183594e+01
-9.044035339355468750e+01,2.687281417846679688e+01
-9.044277191162109375e+01,2.687304115295410156e+01
-9.044167327880859375e+01,2.687291717529296875e+01
-9.044013977050781250e+01,2.687383460998535156e+01
-9.044167327880859375e+01,2.687265396118164062e+01
-9.043983459472656250e+01,2.687344169616699219e+01
-9.043912506103515625e+01,2.687329101562500000e+01
-9.044231414794921875e+01,2.687255287170410156e+01
-9.043844604492187500e+01,2.687384223937988281e+01
-9.044022369384765625e+01,2.687285423278808594e+01
-9.044265747070312500e+01,2.687366104125976562e+01
-9.044115447998046875e+01,2.687256240844726562e+01
-9.044244384765625000e+01,2.687277030944824219e+01
-9.044207763671875000e+01,2.687355613708496094e+01
-9.044181060791015625e+01,2.687430763244628906e+01
-9.044239807128906250e+01,2.687256622314453125e+01
-9.044290161132812500e+01,2.687298202514648438e+01
-9.043972015380859375e+01,2.687282371520996094e+01
-9.043961334228515625e+01,2.687379264831542969e+01
-9.044267272949218750e+01,2.687246894836425781e+01
-9.044238281250000000e+01,2.687348365783691406e+01
-9.044082641601562500e+01,2.687264442443847656e+01
-9.043871307373046875e+01,2.687297248840332031e+01
-9.044295501708984375e+01,2.687401962280273438e+01
-9.043985748291015625e+01,2.687314796447753906e+01
-9.043811035156250000e+01,2.687373161315917969e+01
-9.044261932373046875e+01,2.687239456176757812e+01
-9.044047546386718750e+01,2.687307929992675781e+01
-9.043796539306640625e+01,2.687378883361816406e+01
-9.044110107421875000e+01,2.687335968017578125e+01
-9.043843841552734375e+01,2.687388610839843750e+01
-9.044238281250000000e+01,2.687260055541992188e+01
-9.044246673583984375e+01,2.687284278869628906e+01
-9.044319915771484375e+01,2.687353515625000000e+01
-9.044221496582031250e+01,2.687288856506347656e+01
-9.044287872314453125e+01,2.687371444702148438e+01
-9.044300842285156250e+01,2.687351036071777344e+01
-9.043997192382812500e+01,2.687375640869140625e+01
-9.043991851806640625e+01,2.687390136718750000e+01
-9.044004058837890625e+01,2.687370491027832031e+01
-9.044196319580078125e+01,2.687294960021972656e+01
-9.044229888916015625e+01,2.687353134155273438e+01
-9.043936920166015625e+01,2.687348556518554688e+01
-9.044228363037109375e+01,2.687299537658691406e+01
-9.043845367431640625e+01,2.687312507629394531e+01
-9.044281768798828125e+01,2.687350273132324219e+01
-9.044160461425781250e+01,2.687294578552246094e+01
-9.044155120849609375e+01,2.687376213073730469e+01
-9.044032287597656250e+01,2.687370300292968750e+01
-9.044026184082031250e+01,2.687301254272460938e+01
-9.043885040283203125e+01,2.687319755554199219e+01
-9.043862915039062500e+01,2.687377166748046875e+01
-9.043972015380859375e+01,2.687349700927734375e+01
-9.044258880615234375e+01,2.687239837646484375e+01
-9.044297790527343750e+01,2.687301826477050781e+01
-9.044226837158203125e+01,2.687397575378417969e+01
-9.044129943847656250e+01,2.687410354614257812e+01
-9.044262695312500000e+01,2.687358856201171875e+01
-9.044166564941406250e+01,2.687392234802246094e+01
-9.044013977050781250e+01,2.687371253967285156e+01
-9.043814849853515625e+01,2.687349510192871094e+01
-9.044174957275390625e+01,2.687246513366699219e+01
-9.044068145751953125e+01,2.687314224243164062e+01
-9.043925476074218750e+01,2.687306594848632812e+01
-9.043827056884765625e+01,2.687377357482910156e+01
-9.044277191162109375e+01,2.687394714355468750e+01
-9.043873596191406250e+01,2.687306404113769531e+01
-9.043859863281250000e+01,2.687320137023925781e+01
-9.043875122070312500e+01,2.687336349487304688e+01
-9.044020843505859375e+01,2.687283706665039062e+01
-9.044248199462890625e+01,2.687295341491699219e+01
-9.044195556640625000e+01,2.687426185607910156e+01
-9.044287109375000000e+01,2.687287139892578125e+01
-9.044081878662109375e+01,2.687290382385253906e+01
-9.044194030761718750e+01,2.687310218811035156e+01
-9.044224548339843750e+01,2.687321472167968750e+01
-9.044209289550781250e+01,2.687275314331054688e+01
-9.044203948974609375e+01,2.687386894226074219e+01
-9.043914794921875000e+01,2.687367248535156250e+01
-9.043956756591796875e+01,2.687312316894531250e+01
-9.044201660156250000e+01,2.687274932861328125e+01
-9.043951416015625000e+01,2.687345504760742188e+01
-9.044120025634765625e+01,2.687388801574707031e+01
-9.044175720214843750e+01,2.687344360351562500e+01
-9.044258117675781250e+01,2.687270164489746094e+01
-9.044108581542968750e+01,2.687372970581054688e+01
-9.043837738037109375e+01,2.687315368652343750e+01
-9.043935394287109375e+01,2.687339782714843750e+01
-9.043788146972656250e+01,2.687393379211425781e+01
-9.044194030761718750e+01,2.687343597412109375e+01
-9.044158172607421875e+01,2.687269020080566406e+01
-9.044288635253906250e+01,2.687320518493652344e+01
-9.044201660156250000e+01,2.687385177612304688e+01
-9.043960571289062500e+01,2.687368011474609375e+01
-9.044007110595703125e+01,2.687294960021972656e+01
-9.043804931640625000e+01,2.687337684631347656e+01
-9.044082641601562500e+01,2.687288093566894531e+01
-9.043852996826171875e+01,2.687383460998535156e+01
-9.044129180908203125e+01,2.687271690368652344e+01
-9.043907165527343750e+01,2.687322616577148438e+01
-9.044020843505859375e+01,2.687337493896484375e+01
-9.044223022460937500e+01,2.687429046630859375e+01
-9.044239807128906250e+01,2.687262725830078125e+01
-9.044236755371093750e+01,2.687370681762695312e+01
-9.043889617919921875e+01,2.687294197082519531e+01
-9.044189453125000000e+01,2.687285614013671875e+01
-9.044045257568359375e+01,2.687318992614746094e+01
-9.044263458251953125e+01,2.687378120422363281e+01
-9.044207000732421875e+01,2.687351608276367188e+01
-9.044281005859375000e+01,2.687301445007324219e+01
-9.043985748291015625e+01,2.687292861938476562e+01
-9.044049835205078125e+01,2.687323760986328125e+01
-9.044217681884765625e+01,2.687308311462402344e+01
-9.044120788574218750e+01,2.687290763854980469e+01
-9.044126129150390625e+01,2.687357902526855469e+01
-9.044056701660156250e+01,2.687300682067871094e+01
-9.044308471679687500e+01,2.687329673767089844e+01
-9.044169616699218750e+01,2.687283325195312500e+01
-9.044223785400390625e+01,2.687235832214355469e+01
-9.043957519531250000e+01,2.687290382385253906e+01
-9.043909454345703125e+01,2.687308692932128906e+01
-9.044176483154296875e+01,2.687387847900390625e+01
-9.044237518310546875e+01,2.687272262573242188e+01
-9.044263458251953125e+01,2.687332916259765625e+01
-9.044084167480468750e+01,2.687292480468750000e+01
-9.044234466552734375e+01,2.687266159057617188e+01
-9.044222259521484375e+01,2.687265777587890625e+01
-9.043902587890625000e+01,2.687362480163574219e+01
-9.043896484375000000e+01,2.687315177917480469e+01
-9.044113922119140625e+01,2.687359046936035156e+01
-9.043885803222656250e+01,2.687320518493652344e+01
-9.044090270996093750e+01,2.687323760986328125e+01
-9.044143676757812500e+01,2.687378883361816406e+01
-9.044305419921875000e+01,2.687337493896484375e+01
-9.044086456298828125e+01,2.687322235107421875e+01
-9.044140625000000000e+01,2.687259674072265625e+01
-9.044079589843750000e+01,2.687322044372558594e+01
-9.044205474853515625e+01,2.687238693237304688e+01
-9.044069671630859375e+01,2.687336349487304688e+01
-9.044249725341796875e+01,2.687330627441406250e+01
-9.044034576416015625e+01,2.687349891662597656e+01
-9.044152069091796875e+01,2.687272644042968750e+01
-9.044158935546875000e+01,2.687425231933593750e+01
-9.044223785400390625e+01,2.687309837341308594e+01
-9.044258880615234375e+01,2.687318801879882812e+01
-9.044256591796875000e+01,2.687319755554199219e+01
-9.043932342529296875e+01,2.687283515930175781e+01
-9.044119262695312500e+01,2.687323379516601562e+01
-9.044135284423828125e+01,2.687240600585937500e+01
-9.044022369384765625e+01,2.687290191650390625e+01
-9.044048309326171875e+01,2.687348937988281250e+01
-9.043904113769531250e+01,2.687321853637695312e+01
-9.044107818603515625e+01,2.687324905395507812e+01
-9.044200134277343750e+01,2.687275123596191406e+01
-9.044091033935546875e+01,2.687295150756835938e+01
-9.044104003906250000e+01,2.687282371520996094e+01
-9.044095611572265625e+01,2.687295722961425781e+01
-9.044220733642578125e+01,2.687320518493652344e+01
-9.043901824951171875e+01,2.687321472167968750e+01
-9.044250488281250000e+01,2.687361526489257812e+01
-9.043915557861328125e+01,2.687339019775390625e+01
-9.044109344482421875e+01,2.687316322326660156e+01
-9.043880462646484375e+01,2.687334442138671875e+01
-9.043844604492187500e+01,2.687349700927734375e+01
-9.044135284423828125e+01,2.687402725219726562e+01
-9.044204711914062500e+01,2.687279510498046875e+01
-9.044275665283203125e+01,2.687268638610839844e+01
-9.043946075439453125e+01,2.687303733825683594e+01
-9.044095611572265625e+01,2.687292480468750000e+01
-9.044012451171875000e+01,2.687359619140625000e+01
-9.043984222412109375e+01,2.687306213378906250e+01
-9.044200134277343750e+01,2.687404632568359375e+01
-9.044043731689453125e+01,2.687282752990722656e+01
-9.043967437744140625e+01,2.687329292297363281e+01
-9.043928527832031250e+01,2.687352371215820312e+01
-9.043877410888671875e+01,2.687346076965332031e+01
-9.043897247314453125e+01,2.687371253967285156e+01
-9.044319915771484375e+01,2.687361526489257812e+01
-9.044106292724609375e+01,2.687245559692382812e+01
-9.044029235839843750e+01,2.687380027770996094e+01
-9.044275665283203125e+01,2.687356948852539062e+01
-9.044207000732421875e+01,2.687253379821777344e+01
-9.044094085693359375e+01,2.687383460998535156e+01
-9.043818664550781250e+01,2.687345314025878906e+01
-9.043943786621093750e+01,2.687369346618652344e+01
-9.044132995605468750e+01,2.687327766418457031e+01
-9.044033813476562500e+01,2.687308502197265625e+01
-9.044246673583984375e+01,2.687234497070312500e+01
-9.044248199462890625e+01,2.687388992309570312e+01
-9.044306182861328125e+01,2.687356185913085938e+01
-9.044204711914062500e+01,2.687321853637695312e+01
-9.044258117675781250e+01,2.687353134155273438e+01
-9.043827056884765625e+01,2.687351799011230469e+01
-9.044193267822265625e+01,2.687416648864746094e+01
-9.043911743164062500e+01,2.687383079528808594e+01
-9.044170379638671875e+01,2.687267875671386719e+01
-9.043807983398437500e+01,2.687349510192871094e+01
-9.044150543212890625e+01,2.687387275695800781e+01
-9.044129180908203125e+01,2.687297439575195312e+01
-9.044088745117187500e+01,2.687316131591796875e+01
-9.044055175781250000e+01,2.687368583679199219e+01
-9.044203948974609375e+01,2.687263107299804688e+01
-9.044129943847656250e+01,2.687382888793945312e+01
-9.043816375732421875e+01,2.687378501892089844e+01
-9.043830871582031250e+01,2.687342262268066406e+01
-9.044067382812500000e+01,2.687320518493652344e+01
-9.044205474853515625e+01,2.687327003479003906e+01
-9.044092559814453125e+01,2.687331771850585938e+01
-9.044222259521484375e+01,2.687348937988281250e+01
-9.044111633300781250e+01,2.687365341186523438e+01
-9.044120025634765625e+01,2.687311553955078125e+01
-9.044148254394531250e+01,2.687335014343261719e+01
-9.043875122070312500e+01,2.687345504760742188e+01
-9.044317626953125000e+01,2.687331962585449219e+01
-9.044129180908203125e+01,2.687356948852539062e+01
-9.043971252441406250e+01,2.687373733520507812e+01
-9.044181823730468750e+01,2.687283325195312500e+01
-9.044132995605468750e+01,2.687295150756835938e+01
-9.044204711914062500e+01,2.687257194519042969e+01
-9.044086456298828125e+01,2.687286567687988281e+01
-9.044267272949218750e+01,2.687386322021484375e+01
-9.044261169433593750e+01,2.687256431579589844e+01
-9.044051361083984375e+01,2.687315750122070312e+01
-9.044181823730468750e+01,2.687246131896972656e+01
-9.044001007080078125e+01,2.687302970886230469e+01
-9.044001007080078125e+01,2.687339401245117188e+01
-9.044083404541015625e+01,2.687276840209960938e+01
-9.043878936767578125e+01,2.687331390380859375e+01
-9.044079589843750000e+01,2.687376403808593750e+01
-9.043831634521484375e+01,2.687329292297363281e+01
-9.044155120849609375e+01,2.687324333190917969e+01
-9.044081878662109375e+01,2.687293052673339844e+01
-9.044297790527343750e+01,2.687317085266113281e+01
-9.044221496582031250e+01,2.687251663208007812e+01
-9.043839263916015625e+01,2.687315177917480469e+01
-9.043887329101562500e+01,2.687383842468261719e+01
-9.044239807128906250e+01,2.687364768981933594e+01
-9.044311523437500000e+01,2.687365722656250000e+01
-9.043914031982421875e+01,2.687294387817382812e+01
-9.043842315673828125e+01,2.687314414978027344e+01
-9.044254302978515625e+01,2.687402915954589844e+01
-9.043784332275390625e+01,2.687386703491210938e+01
-9.044233703613281250e+01,2.687302398681640625e+01
-9.044219970703125000e+01,2.687397575378417969e+01
-9.044020080566406250e+01,2.687359809875488281e+01
-9.043907165527343750e+01,2.687342643737792969e+01
-9.043914031982421875e+01,2.687362861633300781e+01
-9.043870544433593750e+01,2.687323570251464844e+01
-9.043998718261718750e+01,2.687386131286621094e+01
-9.043970489501953125e+01,2.687339973449707031e+01
-9.044274902343750000e+01,2.687261962890625000e+01
-9.044147491455078125e+01,2.687363243103027344e+01
-9.043894958496093750e+01,2.687346458435058594e+01
-9.043939208984375000e+01,2.687340545654296875e+01
-9.043939208984375000e+01,2.687309837341308594e+01
-9.044171905517578125e+01,2.687285232543945312e+01
-9.044105529785156250e+01,2.687258148193359375e+01
-9.044110870361328125e+01,2.687307548522949219e+01
-9.044313049316406250e+01,2.687351608276367188e+01
-9.044269561767578125e+01,2.687352180480957031e+01
-9.044021606445312500e+01,2.687391281127929688e+01
-9.043949890136718750e+01,2.687369537353515625e+01
-9.043978881835937500e+01,2.687401771545410156e+01
-9.044306945800781250e+01,2.687358283996582031e+01
-9.043921661376953125e+01,2.687365531921386719e+01
-9.044017028808593750e+01,2.687300109863281250e+01
-9.044232940673828125e+01,2.687284660339355469e+01
-9.044168853759765625e+01,2.687272453308105469e+01
-9.044291687011718750e+01,2.687300682067871094e+01
-9.044219970703125000e+01,2.687277603149414062e+01
-9.044161987304687500e+01,2.687428283691406250e+01
-9.043904113769531250e+01,2.687342262268066406e+01
-9.044126129150390625e+01,2.687310791015625000e+01
-9.043839263916015625e+01,2.687363052368164062e+01
-9.044152069091796875e+01,2.687255668640136719e+01
-9.043896484375000000e+01,2.687305068969726562e+01
-9.044148254394531250e+01,2.687277984619140625e+01
-9.044179534912109375e+01,2.687380981445312500e+01
-9.043912506103515625e+01,2.687341499328613281e+01
-9.044228363037109375e+01,2.687332153320312500e+01
-9.043841552734375000e+01,2.687366104125976562e+01
-9.044025421142578125e+01,2.687356185913085938e+01
-9.044160461425781250e+01,2.687302780151367188e+01
-9.043901062011718750e+01,2.687347412109375000e+01
-9.044082641601562500e+01,2.687289810180664062e+01
-9.043859863281250000e+01,2.687372207641601562e+01
-9.044272613525390625e+01,2.687281990051269531e+01
-9.043952178955078125e+01,2.687336921691894531e+01
-9.043939208984375000e+01,2.687323760986328125e+01
-9.043882751464843750e+01,2.687345886230468750e+01
-9.044302368164062500e+01,2.687311744689941406e+01
-9.043969726562500000e+01,2.687343978881835938e+01
-9.044293975830078125e+01,2.687342262268066406e+01
-9.043952178955078125e+01,2.687310028076171875e+01
-9.044058990478515625e+01,2.687361907958984375e+01
-9.044247436523437500e+01,2.687299537658691406e+01
-9.044242095947265625e+01,2.687346458435058594e+01
-9.044049072265625000e+01,2.687383079528808594e+01
-9.044190216064453125e+01,2.687400817871093750e+01
-9.044242858886718750e+01,2.687324714660644531e+01
-9.044255065917968750e+01,2.687306213378906250e+01
-9.044304656982421875e+01,2.687254142761230469e+01
-9.043883514404296875e+01,2.687363243103027344e+01
-9.044200134277343750e+01,2.687311935424804688e+01
-9.044109344482421875e+01,2.687358856201171875e+01
-9.044312286376953125e+01,2.687283134460449219e+01
-9.043904113769531250e+01,2.687357711791992188e+01
-9.044271087646484375e+01,2.687245368957519531e+01
-9.043894958496093750e+01,2.687352752685546875e+01
-9.043930816650390625e+01,2.687309455871582031e+01
-9.044231414794921875e+01,2.687354278564453125e+01
-9.044279479980468750e+01,2.687384796142578125e+01
-9.044030761718750000e+01,2.687309837341308594e+01
-9.043918609619140625e+01,2.687302970886230469e+01
-9.044271850585937500e+01,2.687277030944824219e+01
-9.044203948974609375e+01,2.687318801879882812e+01
-9.043952941894531250e+01,2.687293624877929688e+01
-9.044129943847656250e+01,2.687337112426757812e+01
-9.043865203857421875e+01,2.687328720092773438e+01
-9.044268035888671875e+01,2.687297058105468750e+01
-9.044097900390625000e+01,2.687332725524902344e+01
-9.044000244140625000e+01,2.687363624572753906e+01
-9.044118499755859375e+01,2.687280654907226562e+01
-9.044211578369140625e+01,2.687416648864746094e+01
-9.043921661376953125e+01,2.687373161315917969e+01
-9.044086456298828125e+01,2.687336540222167969e+01
-9.044204711914062500e+01,2.687268829345703125e+01
-9.044136810302734375e+01,2.687321090698242188e+01
-9.043849945068359375e+01,2.687384414672851562e+01
-9.044198608398437500e+01,2.687293434143066406e+01
-9.044166564941406250e+01,2.687434387207031250e+01
-9.044075012207031250e+01,2.687287712097167969e+01
-9.044078826904296875e+01,2.687292861938476562e+01
-9.044167327880859375e+01,2.687395095825195312e+01
-9.044124603271484375e+01,2.687416458129882812e+01
-9.043997955322265625e+01,2.687309074401855469e+01
-9.044235229492187500e+01,2.687391471862792969e+01
-9.043873596191406250e+01,2.687294197082519531e+01
-9.044268798828125000e+01,2.687277221679687500e+01
-9.044253540039062500e+01,2.687341499328613281e+01
-9.044057464599609375e+01,2.687370681762695312e+01
-9.044261169433593750e+01,2.687379837036132812e+01
-9.044197845458984375e+01,2.687419509887695312e+01
-9.043821716308593750e+01,2.687342262268066406e+01
-9.044248962402343750e+01,2.687288665771484375e+01
-9.044107818603515625e+01,2.687254524230957031e+01
-9.043943023681640625e+01,2.687262344360351562e+01
-9.044140625000000000e+01,2.687354850769042969e+01
-9.044223785400390625e+01,2.687332534790039062e+01
-9.044125366210937500e+01,2.687399291992187500e+01
-9.044094848632812500e+01,2.687306404113769531e+01
-9.043884277343750000e+01,2.687347602844238281e+01
-9.043897247314453125e+01,2.687328147888183594e+01
-9.044149017333984375e+01,2.687347221374511719e+01
-9.043920898437500000e+01,2.687265777587890625e+01
-9.044020080566406250e+01,2.687306785583496094e+01
-9.044187164306640625e+01,2.687383842468261719e+01
-9.044244384765625000e+01,2.687248992919921875e+01
-9.044253540039062500e+01,2.687360954284667969e+01
-9.044052886962890625e+01,2.687350082397460938e+01
-9.044167327880859375e+01,2.687274169921875000e+01
-9.043943786621093750e+01,2.687309074401855469e+01
-9.044220733642578125e+01,2.687246704101562500e+01
-9.043981170654296875e+01,2.687303352355957031e+01
-9.044212341308593750e+01,2.687267303466796875e+01
-9.044218444824218750e+01,2.687335968017578125e+01
-9.044293212890625000e+01,2.687384986877441406e+01
-9.043891906738281250e+01,2.687346458435058594e+01
-9.044228363037109375e+01,2.687290954589843750e+01
-9.043975067138671875e+01,2.687359237670898438e+01
-9.044084167480468750e+01,2.687322235107421875e+01
-9.044312286376953125e+01,2.687327384948730469e+01
-9.043996429443359375e+01,2.687325096130371094e+01
-9.043894195556640625e+01,2.687329292297363281e+01
-9.043865966796875000e+01,2.687332534790039062e+01
-9.044255828857421875e+01,2.687350845336914062e+01
-9.044054412841796875e+01,2.687286758422851562e+01
-9.043855285644531250e+01,2.687304878234863281e+01
-9.044114685058593750e+01,2.687391090393066406e+01
-9.044116973876953125e+01,2.687380218505859375e+01
-9.044026184082031250e+01,2.687374496459960938e+01
-9.044184112548828125e+01,2.687291526794433594e+01
-9.044303894042968750e+01,2.687283897399902344e+01
-9.044198608398437500e+01,2.687263298034667969e+01
-9.043919372558593750e+01,2.687371063232421875e+01
-9.044122314453125000e+01,2.687289047241210938e+01
-9.044179534912109375e+01,2.687246513366699219e+01
-9.044158172607421875e+01,2.687285423278808594e+01
-9.044057464599609375e+01,2.687378120422363281e+01
-9.044184875488281250e+01,2.687299346923828125e+01
-9.044155883789062500e+01,2.687391662597656250e+01
-9.044295501708984375e+01,2.687388229370117188e+01
-9.043981933593750000e+01,2.687285232543945312e+01
-9.044025421142578125e+01,2.687326812744140625e+01
-9.043882751464843750e+01,2.687312698364257812e+01
-9.044177246093750000e+01,2.687327194213867188e+01
-9.044199371337890625e+01,2.687415313720703125e+01
-9.044187164306640625e+01,2.687436103820800781e+01
-9.044300079345703125e+01,2.687366867065429688e+01
-9.043840026855468750e+01,2.687339782714843750e+01
-9.044226837158203125e+01,2.687362289428710938e+01
-9.044130706787109375e+01,2.687324142456054688e+01
-9.044152069091796875e+01,2.687362861633300781e+01
-9.044296264648437500e+01,2.687282371520996094e+01
-9.044266510009765625e+01,2.687281417846679688e+01
-9.043837738037109375e+01,2.687390327453613281e+01
-9.043879699707031250e+01,2.687311553955078125e+01
-9.044137573242187500e+01,2.687409210205078125e+01
-9.043843078613281250e+01,2.687325859069824219e+01
-9.044126129150390625e+01,2.687415504455566406e+01
-9.043786621093750000e+01,2.687389945983886719e+01
-9.044226837158203125e+01,2.687286376953125000e+01
-9.044055175781250000e+01,2.687281227111816406e+01
-9.043873596191406250e+01,2.687300109863281250e+01
-9.044149780273437500e+01,2.687309837341308594e+01
-9.043966674804687500e+01,2.687372016906738281e+01
-9.044204711914062500e+01,2.687385559082031250e+01
-9.044184112548828125e+01,2.687368774414062500e+01
-9.043922424316406250e+01,2.687301254272460938e+01
-9.044229125976562500e+01,2.687362861633300781e+01
-9.043832397460937500e+01,2.687364196777343750e+01
-9.044210052490234375e+01,2.687392807006835938e+01
-9.044151306152343750e+01,2.687307357788085938e+01
-9.044242095947265625e+01,2.687366867065429688e+01
-9.043863677978515625e+01,2.687362480163574219e+01
-9.044188690185546875e+01,2.687386131286621094e+01
-9.043919372558593750e+01,2.687310218811035156e+01
-9.044210815429687500e+01,2.687357139587402344e+01
-9.044233703613281250e+01,2.687355804443359375e+01
-9.044187164306640625e+01,2.687327957153320312e+01
-9.043914031982421875e+01,2.687351989746093750e+01
-9.044139862060546875e+01,2.687310409545898438e+01
-9.044132995605468750e+01,2.687243843078613281e+01
-9.043824005126953125e+01,2.687320137023925781e+01
-9.044242095947265625e+01,2.687345123291015625e+01
-9.044257354736328125e+01,2.687374496459960938e+01
-9.044019317626953125e+01,2.687322044372558594e+01
-9.043955993652343750e+01,2.687347984313964844e+01
-9.043985748291015625e+01,2.687282180786132812e+01
-9.044182586669921875e+01,2.687269592285156250e+01
-9.044065856933593750e+01,2.687333106994628906e+01
-9.043992614746093750e+01,2.687402534484863281e+01
-9.044277191162109375e+01,2.687229728698730469e+01
-9.044209289550781250e+01,2.687338447570800781e+01
-9.044136047363281250e+01,2.687296676635742188e+01
-9.043979644775390625e+01,2.687365150451660156e+01
-9.044145965576171875e+01,2.687409591674804688e+01
-9.044038391113281250e+01,2.687369918823242188e+01
-9.044275665283203125e+01,2.687350273132324219e+01
-9.044014739990234375e+01,2.687298774719238281e+01
-9.044251251220703125e+01,2.687300491333007812e+01
-9.044121551513671875e+01,2.687280845642089844e+01
-9.044226074218750000e+01,2.687238502502441406e+01
-9.044135284423828125e+01,2.687250328063964844e+01
-9.044241333007812500e+01,2.687384033203125000e+01
-9.044145202636718750e+01,2.687336921691894531e+01
-9.044300079345703125e+01,2.687392997741699219e+01
-9.043979644775390625e+01,2.687307357788085938e+01
-9.044306945800781250e+01,2.687359046936035156e+01
-9.044001770019531250e+01,2.687286376953125000e+01
-9.044068145751953125e+01,2.687392044067382812e+01
-9.044310760498046875e+01,2.687384033203125000e+01
-9.044009399414062500e+01,2.687370109558105469e+01
-9.044269561767578125e+01,2.687268447875976562e+01
-9.044206237792968750e+01,2.687406158447265625e+01
-9.044226074218750000e+01,2.687339019775390625e+01
-9.044107818603515625e+01,2.687340354919433594e+01
-9.044035339355468750e+01,2.687300682067871094e+01
-9.044056701660156250e+01,2.687344169616699219e+01
-9.044305419921875000e+01,2.687358474731445312e+01
-9.043853759765625000e+01,2.687336540222167969e+01
-9.044155120849609375e+01,2.687320899963378906e+01
-9.044008636474609375e+01,2.687345695495605469e+01
-9.044220733642578125e+01,2.687298393249511719e+01
-9.044021606445312500e+01,2.687398529052734375e+01
-9.043961334228515625e+01,2.687258338928222656e+01
-9.044304656982421875e+01,2.687367820739746094e+01
-9.044091033935546875e+01,2.687372207641601562e+01
-9.043851470947265625e+01,2.687349700927734375e+01
-9.044056701660156250e+01,2.687386131286621094e+01
-9.044067382812500000e+01,2.687334251403808594e+01
-9.043984222412109375e+01,2.687302398681640625e+01
