longitude,latitude
-9.031485748291015625e+01,2.678813934326171875e+01
-9.031488800048828125e+01,2.678887939453125000e+01
-9.031552124023437500e+01,2.678849220275878906e+01
-9.031461334228515625e+01,2.678803253173828125e+01
-9.031356811523437500e+01,2.678937530517578125e+01
-9.031447601318359375e+01,2.678717803955078125e+01
-9.031525421142578125e+01,2.678963851928710938e+01
-9.031509399414062500e+01,2.678773498535156250e+01
-9.031460571289062500e+01,2.678770065307617188e+01
-9.031385803222656250e+01,2.678826141357421875e+01
-9.031378173828125000e+01,2.678918647766113281e+01
-9.031459045410156250e+01,2.678794479370117188e+01
-9.031488800048828125e+01,2.678758239746093750e+01
-9.031462097167968750e+01,2.678787231445312500e+01
-9.031531524658203125e+01,2.678875923156738281e+01
-9.031465148925781250e+01,2.678933906555175781e+01
-9.031356048583984375e+01,2.678952217102050781e+01
-9.031423187255859375e+01,2.678910255432128906e+01
-9.031522369384765625e+01,2.678924942016601562e+01
-9.031374359130859375e+01,2.678890800476074219e+01
-9.031403350830078125e+01,2.678982734680175781e+01
-9.031397247314453125e+01,2.678859901428222656e+01
-9.031526947021484375e+01,2.678856849670410156e+01
-9.031443786621093750e+01,2.678975677490234375e+01
-9.031503295898437500e+01,2.678965377807617188e+01
-9.031455993652343750e+01,2.678995704650878906e+01
-9.031431579589843750e+01,2.678923416137695312e+01
-9.031450653076171875e+01,2.678873252868652344e+01
-9.031439971923828125e+01,2.678763389587402344e+01
-9.031501770019531250e+01,2.678811073303222656e+01
-9.031380462646484375e+01,2.678847885131835938e+01
-9.031486511230468750e+01,2.678769111633300781e+01
-9.031507110595703125e+01,2.678880882263183594e+01
-9.031504058837890625e+01,2.678746986389160156e+01
-9.031401824951171875e+01,2.678847122192382812e+01
-9.031514739990234375e+01,2.678955841064453125e+01
-9.031492614746093750e+01,2.678903961181640625e+01
-9.031504058837890625e+01,2.678770637512207031e+01
-9.031407165527343750e+01,2.678841209411621094e+01
-9.031413269042968750e+01,2.678849411010742188e+01
-9.031447601318359375e+01,2.678764533996582031e+01
-9.031460571289062500e+01,2.678775215148925781e+01
-9.031338500976562500e+01,2.678909873962402344e+01
-9.031476593017578125e+01,2.678895759582519531e+01
-9.031463623046875000e+01,2.678747367858886719e+01
-9.031385040283203125e+01,2.678815650939941406e+01
-9.031435394287109375e+01,2.678934097290039062e+01
-9.031519317626953125e+01,2.678763198852539062e+01
-9.031499481201171875e+01,2.678992080688476562e+01
-9.031369781494140625e+01,2.678852844238281250e+01
-9.031424713134765625e+01,2.678912925720214844e+01
-9.031467437744140625e+01,2.679005050659179688e+01
-9.031451416015625000e+01,2.679003906250000000e+01
-9.031480407714843750e+01,2.678857612609863281e+01
-9.031514739990234375e+01,2.678774452209472656e+01
-9.031433105468750000e+01,2.678846359252929688e+01
-9.031492614746093750e+01,2.678964042663574219e+01
-9.031393432617187500e+01,2.678803443908691406e+01
-9.031522369384765625e+01,2.678938674926757812e+01
-9.031514739990234375e+01,2.678969001770019531e+01
-9.031485748291015625e+01,2.678834152221679688e+01
-9.031353759765625000e+01,2.678903007507324219e+01
-9.031555938720703125e+01,2.678853416442871094e+01
-9.031365966796875000e+01,2.678940963745117188e+01
-9.031493377685546875e+01,2.678870773315429688e+01
-9.031488037109375000e+01,2.678930854797363281e+01
-9.031482696533203125e+01,2.678849029541015625e+01
-9.031496429443359375e+01,2.678842163085937500e+01
-9.031407165527343750e+01,2.678988647460937500e+01
-9.031408691406250000e+01,2.678925132751464844e+01
-9.031394195556640625e+01,2.678797340393066406e+01
-9.031445312500000000e+01,2.678889656066894531e+01
-9.031533050537109375e+01,2.678761100769042969e+01
-9.031537628173828125e+01,2.678903198242187500e+01
-9.031472015380859375e+01,2.678837585449218750e+01
-9.031493377685546875e+01,2.678997611999511719e+01
-9.031504821777343750e+01,2.678965759277343750e+01
-9.031462097167968750e+01,2.678934860229492188e+01
-9.031524658203125000e+01,2.678885459899902344e+01
-9.031401824951171875e+01,2.678886795043945312e+01
-9.031448364257812500e+01,2.678944778442382812e+01
-9.031436920166015625e+01,2.678937339782714844e+01
-9.031462860107421875e+01,2.678743362426757812e+01
-9.031407928466796875e+01,2.678762245178222656e+01
-9.031364440917968750e+01,2.678958320617675781e+01
-9.031512451171875000e+01,2.678928756713867188e+01
-9.031474304199218750e+01,2.678749656677246094e+01
-9.031415557861328125e+01,2.678860282897949219e+01
-9.031494140625000000e+01,2.678922843933105469e+01
-9.031420898437500000e+01,2.678997039794921875e+01
-9.031496429443359375e+01,2.678956031799316406e+01
-9.031378936767578125e+01,2.678840827941894531e+01
-9.031429290771484375e+01,2.678993797302246094e+01
-9.031542205810546875e+01,2.678903770446777344e+01
-9.031449127197265625e+01,2.678875350952148438e+01
-9.031508636474609375e+01,2.678909683227539062e+01
-9.031430053710937500e+01,2.678875541687011719e+01
-9.031468963623046875e+01,2.678883934020996094e+01
-9.031432342529296875e+01,2.678745079040527344e+01
-9.031356048583984375e+01,2.678893852233886719e+01
-9.031538391113281250e+01,2.678816413879394531e+01
-9.031512451171875000e+01,2.678918647766113281e+01
-9.031493377685546875e+01,2.678992080688476562e+01
-9.031410980224609375e+01,2.678814506530761719e+01
-9.031447601318359375e+01,2.678820800781250000e+01
-9.031454467773437500e+01,2.678770828247070312e+01
-9.031343841552734375e+01,2.678963279724121094e+01
-9.031458282470703125e+01,2.678977775573730469e+01
-9.031378936767578125e+01,2.679002761840820312e+01
-9.031471252441406250e+01,2.679032897949218750e+01
-9.031405639648437500e+01,2.678854751586914062e+01
-9.031488800048828125e+01,2.678866577148437500e+01
-9.031359863281250000e+01,2.678915786743164062e+01
-9.031445312500000000e+01,2.678915596008300781e+01
-9.031465911865234375e+01,2.678746032714843750e+01
-9.031542205810546875e+01,2.678894805908203125e+01
-9.031503295898437500e+01,2.678971862792968750e+01
-9.031440734863281250e+01,2.679024124145507812e+01
-9.031485748291015625e+01,2.678942298889160156e+01
-9.031411743164062500e+01,2.678790855407714844e+01
-9.031463623046875000e+01,2.678908729553222656e+01
-9.031397247314453125e+01,2.678882026672363281e+01
-9.031497955322265625e+01,2.678810882568359375e+01
-9.031549835205078125e+01,2.678788948059082031e+01
-9.031524658203125000e+01,2.678878974914550781e+01
-9.031520080566406250e+01,2.678824424743652344e+01
-9.031484222412109375e+01,2.678887367248535156e+01
-9.031441497802734375e+01,2.678799819946289062e+01
-9.031467437744140625e+01,2.678730201721191406e+01
-9.031447601318359375e+01,2.678946495056152344e+01
-9.031473541259765625e+01,2.678866767883300781e+01
-9.031428527832031250e+01,2.678899574279785156e+01
-9.031457519531250000e+01,2.678850936889648438e+01
-9.031507873535156250e+01,2.678901481628417969e+01
-9.031397247314453125e+01,2.678920936584472656e+01
-9.031494903564453125e+01,2.678781318664550781e+01
-9.031543731689453125e+01,2.678859519958496094e+01
-9.031369781494140625e+01,2.678854179382324219e+01
-9.031427764892578125e+01,2.678741455078125000e+01
-9.031458282470703125e+01,2.678761291503906250e+01
-9.031504058837890625e+01,2.678886985778808594e+01
-9.031454467773437500e+01,2.678931045532226562e+01
-9.031452941894531250e+01,2.678980064392089844e+01
-9.031499481201171875e+01,2.678995895385742188e+01
-9.031529998779296875e+01,2.678947067260742188e+01
-9.031561279296875000e+01,2.678857612609863281e+01
-9.031462860107421875e+01,2.678949737548828125e+01
-9.031542205810546875e+01,2.678875923156738281e+01
-9.031380462646484375e+01,2.678951454162597656e+01
-9.031417846679687500e+01,2.678820610046386719e+01
-9.031417083740234375e+01,2.678943824768066406e+01
-9.031491851806640625e+01,2.678801918029785156e+01
-9.031413269042968750e+01,2.678842926025390625e+01
-9.031507873535156250e+01,2.678947639465332031e+01
-9.031441497802734375e+01,2.678841018676757812e+01
-9.031530761718750000e+01,2.678864097595214844e+01
-9.031495666503906250e+01,2.678923225402832031e+01
-9.031417846679687500e+01,2.679023742675781250e+01
-9.031513977050781250e+01,2.678844070434570312e+01
-9.031462860107421875e+01,2.678942489624023438e+01
-9.031523895263671875e+01,2.678745079040527344e+01
-9.031510925292968750e+01,2.678772163391113281e+01
-9.031459045410156250e+01,2.678933906555175781e+01
-9.031372070312500000e+01,2.678904533386230469e+01
-9.031412506103515625e+01,2.679029083251953125e+01
-9.031555938720703125e+01,2.678831291198730469e+01
-9.031532287597656250e+01,2.678833198547363281e+01
-9.031406402587890625e+01,2.679005050659179688e+01
-9.031527709960937500e+01,2.678750991821289062e+01
-9.031538391113281250e+01,2.678958129882812500e+01
-9.031444549560546875e+01,2.678869438171386719e+01
-9.031417083740234375e+01,2.678840446472167969e+01
-9.031456756591796875e+01,2.678861427307128906e+01
-9.031356048583984375e+01,2.678849029541015625e+01
-9.031479644775390625e+01,2.678777885437011719e+01
-9.031540679931640625e+01,2.678953933715820312e+01
-9.031532287597656250e+01,2.678805160522460938e+01
-9.031435394287109375e+01,2.678767776489257812e+01
-9.031522369384765625e+01,2.678869819641113281e+01
-9.031436920166015625e+01,2.678904533386230469e+01
-9.031552124023437500e+01,2.678807258605957031e+01
-9.031375122070312500e+01,2.678995132446289062e+01
-9.031462860107421875e+01,2.678777122497558594e+01
-9.031422424316406250e+01,2.678953361511230469e+01
-9.031370544433593750e+01,2.678874588012695312e+01
-9.031408691406250000e+01,2.678901481628417969e+01
-9.031438446044921875e+01,2.678873825073242188e+01
-9.031528472900390625e+01,2.678821945190429688e+01
-9.031431579589843750e+01,2.678982734680175781e+01
-9.031506347656250000e+01,2.678778457641601562e+01
-9.031339263916015625e+01,2.678919601440429688e+01
-9.031510925292968750e+01,2.678991317749023438e+01
-9.031390380859375000e+01,2.678871345520019531e+01
-9.031380462646484375e+01,2.678921699523925781e+01
-9.031535339355468750e+01,2.678756523132324219e+01
-9.031540679931640625e+01,2.678895568847656250e+01
-9.031533813476562500e+01,2.678933715820312500e+01
-9.031359100341796875e+01,2.678853416442871094e+01
-9.031529998779296875e+01,2.678940391540527344e+01
-9.031398010253906250e+01,2.678889846801757812e+01
-9.031532287597656250e+01,2.678865814208984375e+01
-9.031450653076171875e+01,2.678896141052246094e+01
-9.031340789794921875e+01,2.678967094421386719e+01
-9.031440734863281250e+01,2.678996467590332031e+01
-9.031517028808593750e+01,2.678796768188476562e+01
-9.031455993652343750e+01,2.678982353210449219e+01
-9.031472778320312500e+01,2.678935241699218750e+01
-9.031373596191406250e+01,2.679000473022460938e+01
-9.031505584716796875e+01,2.679006767272949219e+01
-9.031488037109375000e+01,2.678946304321289062e+01
-9.031427764892578125e+01,2.678968811035156250e+01
-9.031381988525390625e+01,2.678846931457519531e+01
-9.031478118896484375e+01,2.678979492187500000e+01
-9.031446075439453125e+01,2.678719520568847656e+01
-9.031398773193359375e+01,2.678967094421386719e+01
-9.031354522705078125e+01,2.678957939147949219e+01
-9.031406402587890625e+01,2.678851699829101562e+01
-9.031349945068359375e+01,2.678978729248046875e+01
-9.031391906738281250e+01,2.678941535949707031e+01
-9.031496429443359375e+01,2.678745079040527344e+01
-9.031390380859375000e+01,2.678991127014160156e+01
-9.031523895263671875e+01,2.678903579711914062e+01
-9.031523132324218750e+01,2.678907012939453125e+01
-9.031554412841796875e+01,2.678867530822753906e+01
-9.031523895263671875e+01,2.678956794738769531e+01
-9.031422424316406250e+01,2.678945922851562500e+01
-9.031394195556640625e+01,2.678997421264648438e+01
-9.031478881835937500e+01,2.679035568237304688e+01
-9.031392669677734375e+01,2.678896141052246094e+01
-9.031504058837890625e+01,2.678736114501953125e+01
-9.031439208984375000e+01,2.678814506530761719e+01
-9.031520843505859375e+01,2.678903770446777344e+01
-9.031365203857421875e+01,2.678894805908203125e+01
-9.031378173828125000e+01,2.678888702392578125e+01
-9.031426239013671875e+01,2.678778839111328125e+01
-9.031468200683593750e+01,2.678792572021484375e+01
-9.031418609619140625e+01,2.678738784790039062e+01
-9.031386566162109375e+01,2.678984642028808594e+01
-9.031407928466796875e+01,2.678768920898437500e+01
-9.031429290771484375e+01,2.678743743896484375e+01
-9.031546783447265625e+01,2.678875923156738281e+01
-9.031428527832031250e+01,2.678759956359863281e+01
-9.031520080566406250e+01,2.678810691833496094e+01
-9.031482696533203125e+01,2.678881835937500000e+01
-9.031370544433593750e+01,2.678937911987304688e+01
-9.031392669677734375e+01,2.678995895385742188e+01
-9.031513977050781250e+01,2.678851127624511719e+01
-9.031479644775390625e+01,2.678952217102050781e+01
-9.031521606445312500e+01,2.678994750976562500e+01
-9.031439208984375000e+01,2.678750801086425781e+01
-9.031422424316406250e+01,2.678953170776367188e+01
-9.031529235839843750e+01,2.678914260864257812e+01
-9.031496429443359375e+01,2.678993797302246094e+01
-9.031339263916015625e+01,2.678888130187988281e+01
-9.031500244140625000e+01,2.678991317749023438e+01
-9.031441497802734375e+01,2.678884506225585938e+01
-9.031435394287109375e+01,2.679009628295898438e+01
-9.031379699707031250e+01,2.679011917114257812e+01
-9.031449127197265625e+01,2.678754425048828125e+01
-9.031453704833984375e+01,2.678874206542968750e+01
-9.031371307373046875e+01,2.678825759887695312e+01
-9.031454467773437500e+01,2.678845596313476562e+01
-9.031536865234375000e+01,2.678927040100097656e+01
-9.031510162353515625e+01,2.678765678405761719e+01
-9.031533050537109375e+01,2.678887176513671875e+01
-9.031423187255859375e+01,2.678726387023925781e+01
-9.031421661376953125e+01,2.679010009765625000e+01
-9.031385803222656250e+01,2.678924751281738281e+01
-9.031498718261718750e+01,2.678794288635253906e+01
-9.031484222412109375e+01,2.678987503051757812e+01
-9.031489562988281250e+01,2.678823089599609375e+01
-9.031416320800781250e+01,2.678998756408691406e+01
-9.031420135498046875e+01,2.678753852844238281e+01
-9.031412506103515625e+01,2.678782653808593750e+01
-9.031451416015625000e+01,2.678917121887207031e+01
-9.031476593017578125e+01,2.678890609741210938e+01
-9.031373596191406250e+01,2.678825950622558594e+01
-9.031347656250000000e+01,2.678939819335937500e+01
-9.031482696533203125e+01,2.678960990905761719e+01
-9.031487274169921875e+01,2.678943634033203125e+01
-9.031484222412109375e+01,2.678846931457519531e+01
-9.031507873535156250e+01,2.678863334655761719e+01
-9.031472015380859375e+01,2.678903770446777344e+01
-9.031529235839843750e+01,2.678853988647460938e+01
-9.031394958496093750e+01,2.678802490234375000e+01
-9.031485748291015625e+01,2.679012489318847656e+01
-9.031421661376953125e+01,2.678877449035644531e+01
-9.031490325927734375e+01,2.678832244873046875e+01
-9.031400299072265625e+01,2.678847503662109375e+01
-9.031502532958984375e+01,2.678857994079589844e+01
-9.031533813476562500e+01,2.678908729553222656e+01
-9.031505584716796875e+01,2.678779411315917969e+01
-9.031323242187500000e+01,2.678946876525878906e+01
-9.031478118896484375e+01,2.678739356994628906e+01
-9.031482696533203125e+01,2.678883743286132812e+01
-9.031355285644531250e+01,2.678979301452636719e+01
-9.031448364257812500e+01,2.678955268859863281e+01
-9.031484222412109375e+01,2.679033279418945312e+01
-9.031453704833984375e+01,2.678998184204101562e+01
-9.031526184082031250e+01,2.678759574890136719e+01
-9.031482696533203125e+01,2.678818893432617188e+01
-9.031414794921875000e+01,2.678823089599609375e+01
-9.031513977050781250e+01,2.678915214538574219e+01
-9.031482696533203125e+01,2.678788375854492188e+01
-9.031451416015625000e+01,2.678815650939941406e+01
-9.031359863281250000e+01,2.678851318359375000e+01
-9.031512451171875000e+01,2.678829002380371094e+01
-9.031547546386718750e+01,2.678861808776855469e+01
-9.031459045410156250e+01,2.678715515136718750e+01
-9.031467437744140625e+01,2.678938293457031250e+01
-9.031389617919921875e+01,2.678851127624511719e+01
-9.031422424316406250e+01,2.678978919982910156e+01
-9.031399536132812500e+01,2.678814888000488281e+01
-9.031461334228515625e+01,2.678875160217285156e+01
-9.031436920166015625e+01,2.678734016418457031e+01
-9.031514739990234375e+01,2.678834152221679688e+01
-9.031504821777343750e+01,2.679002571105957031e+01
-9.031436920166015625e+01,2.678797149658203125e+01
-9.031529235839843750e+01,2.678841018676757812e+01
-9.031517028808593750e+01,2.678948974609375000e+01
-9.031431579589843750e+01,2.678761672973632812e+01
-9.031485748291015625e+01,2.678839874267578125e+01
-9.031436157226562500e+01,2.679032135009765625e+01
-9.031520080566406250e+01,2.678925323486328125e+01
-9.031432342529296875e+01,2.679005241394042969e+01
-9.031506347656250000e+01,2.679006958007812500e+01
-9.031491851806640625e+01,2.678734970092773438e+01
-9.031427001953125000e+01,2.678784942626953125e+01
-9.031410980224609375e+01,2.679020690917968750e+01
-9.031498718261718750e+01,2.679003334045410156e+01
-9.031499481201171875e+01,2.678866767883300781e+01
-9.031455230712890625e+01,2.678737831115722656e+01
-9.031389617919921875e+01,2.678823471069335938e+01
-9.031407928466796875e+01,2.679005622863769531e+01
-9.031557464599609375e+01,2.678860664367675781e+01
-9.031469726562500000e+01,2.678999137878417969e+01
-9.031415557861328125e+01,2.678857231140136719e+01
-9.031519317626953125e+01,2.678816223144531250e+01
-9.031349945068359375e+01,2.678897476196289062e+01
-9.031421661376953125e+01,2.678914260864257812e+01
-9.031478118896484375e+01,2.678911590576171875e+01
-9.031458282470703125e+01,2.678800392150878906e+01
-9.031494903564453125e+01,2.678878593444824219e+01
-9.031402587890625000e+01,2.678817939758300781e+01
-9.031401824951171875e+01,2.678795433044433594e+01
-9.031456756591796875e+01,2.678827095031738281e+01
-9.031333923339843750e+01,2.678959274291992188e+01
-9.031364440917968750e+01,2.678928375244140625e+01
-9.031357574462890625e+01,2.678975868225097656e+01
-9.031424713134765625e+01,2.678810691833496094e+01
-9.031457519531250000e+01,2.678716278076171875e+01
-9.031378936767578125e+01,2.678813171386718750e+01
-9.031354522705078125e+01,2.678939056396484375e+01
-9.031410980224609375e+01,2.679009819030761719e+01
-9.031443786621093750e+01,2.678950500488281250e+01
-9.031494140625000000e+01,2.678881835937500000e+01
-9.031403350830078125e+01,2.678937339782714844e+01
-9.031454467773437500e+01,2.678949356079101562e+01
-9.031442260742187500e+01,2.678764343261718750e+01
-9.031394195556640625e+01,2.678994560241699219e+01
-9.031501007080078125e+01,2.678891372680664062e+01
-9.031416320800781250e+01,2.678932380676269531e+01
-9.031340789794921875e+01,2.678892326354980469e+01
-9.031473541259765625e+01,2.679005622863769531e+01
-9.031394958496093750e+01,2.678894805908203125e+01
-9.031507110595703125e+01,2.678843879699707031e+01
-9.031448364257812500e+01,2.678761672973632812e+01
-9.031459045410156250e+01,2.678938102722167969e+01
-9.031522369384765625e+01,2.678837394714355469e+01
-9.031413269042968750e+01,2.678882217407226562e+01
-9.031522369384765625e+01,2.678750991821289062e+01
-9.031422424316406250e+01,2.678816223144531250e+01
-9.031417846679687500e+01,2.678877449035644531e+01
-9.031496429443359375e+01,2.678773880004882812e+01
-9.031380462646484375e+01,2.678810501098632812e+01
-9.031424713134765625e+01,2.678846931457519531e+01
-9.031507873535156250e+01,2.678806304931640625e+01
-9.031435394287109375e+01,2.678858566284179688e+01
-9.031453704833984375e+01,2.678731918334960938e+01
-9.031358337402343750e+01,2.678965759277343750e+01
-9.031418609619140625e+01,2.678811264038085938e+01
-9.031455230712890625e+01,2.678846168518066406e+01
-9.031552886962890625e+01,2.678898620605468750e+01
-9.031410217285156250e+01,2.678755187988281250e+01
-9.031522369384765625e+01,2.678972053527832031e+01
-9.031416320800781250e+01,2.679018592834472656e+01
-9.031542205810546875e+01,2.678830146789550781e+01
-9.031461334228515625e+01,2.678898429870605469e+01
-9.031387329101562500e+01,2.679000282287597656e+01
-9.031471252441406250e+01,2.679012680053710938e+01
-9.031416320800781250e+01,2.678794860839843750e+01
-9.031517028808593750e+01,2.678980827331542969e+01
-9.031397247314453125e+01,2.678795433044433594e+01
-9.031539916992187500e+01,2.678760719299316406e+01
-9.031468963623046875e+01,2.679011726379394531e+01
-9.031520843505859375e+01,2.678761863708496094e+01
-9.031381988525390625e+01,2.678834915161132812e+01
-9.031365966796875000e+01,2.678884506225585938e+01
-9.031375122070312500e+01,2.678846549987792969e+01
-9.031529235839843750e+01,2.678944015502929688e+01
-9.031507110595703125e+01,2.678811264038085938e+01
-9.031455993652343750e+01,2.678875923156738281e+01
-9.031335449218750000e+01,2.678937911987304688e+01
-9.031381988525390625e+01,2.678869628906250000e+01
-9.031429290771484375e+01,2.678934478759765625e+01
-9.031333160400390625e+01,2.678927421569824219e+01
-9.031533813476562500e+01,2.678849220275878906e+01
-9.031360626220703125e+01,2.678867912292480469e+01
-9.031404113769531250e+01,2.678794097900390625e+01
-9.031417846679687500e+01,2.679034805297851562e+01
-9.031375122070312500e+01,2.678818321228027344e+01
-9.031405639648437500e+01,2.678923797607421875e+01
-9.031359100341796875e+01,2.678857612609863281e+01
-9.031493377685546875e+01,2.678731918334960938e+01
-9.031390380859375000e+01,2.678956794738769531e+01
-9.031422424316406250e+01,2.678755569458007812e+01
-9.031372070312500000e+01,2.678888511657714844e+01
-9.031436157226562500e+01,2.678729248046875000e+01
-9.031548309326171875e+01,2.678833198547363281e+01
-9.031423950195312500e+01,2.678754234313964844e+01
-9.031503295898437500e+01,2.678813934326171875e+01
-9.031416320800781250e+01,2.678853034973144531e+01
-9.031428527832031250e+01,2.678914833068847656e+01
-9.031472778320312500e+01,2.678824234008789062e+01
-9.031358337402343750e+01,2.678971862792968750e+01
-9.031432342529296875e+01,2.678849983215332031e+01
-9.031475067138671875e+01,2.678800201416015625e+01
-9.031486511230468750e+01,2.678931045532226562e+01
-9.031372833251953125e+01,2.678962898254394531e+01
-9.031467437744140625e+01,2.678759193420410156e+01
-9.031544494628906250e+01,2.678780746459960938e+01
-9.031493377685546875e+01,2.678782081604003906e+01
-9.031434631347656250e+01,2.679008865356445312e+01
-9.031344604492187500e+01,2.678937721252441406e+01
-9.031473541259765625e+01,2.678850746154785156e+01
-9.031422424316406250e+01,2.678915405273437500e+01
-9.031424713134765625e+01,2.678802680969238281e+01
-9.031390380859375000e+01,2.678963661193847656e+01
-9.031465148925781250e+01,2.678855705261230469e+01
-9.031510925292968750e+01,2.678991699218750000e+01
-9.031409454345703125e+01,2.678749275207519531e+01
-9.031539916992187500e+01,2.678763198852539062e+01
-9.031481933593750000e+01,2.678827667236328125e+01
-9.031449890136718750e+01,2.678987503051757812e+01
-9.031410980224609375e+01,2.678822326660156250e+01
-9.031500244140625000e+01,2.679008293151855469e+01
-9.031398010253906250e+01,2.678938865661621094e+01
-9.031434631347656250e+01,2.678780364990234375e+01
-9.031527709960937500e+01,2.678929710388183594e+01
-9.031425476074218750e+01,2.678914642333984375e+01
-9.031534576416015625e+01,2.678941535949707031e+01
-9.031419372558593750e+01,2.678977775573730469e+01
-9.031552886962890625e+01,2.678856658935546875e+01
-9.031500244140625000e+01,2.678821945190429688e+01
-9.031380462646484375e+01,2.678923034667968750e+01
-9.031346893310546875e+01,2.678900718688964844e+01
-9.031420898437500000e+01,2.678794479370117188e+01
-9.031443023681640625e+01,2.678794860839843750e+01
-9.031445312500000000e+01,2.678762054443359375e+01
-9.031502532958984375e+01,2.679010581970214844e+01
-9.031326293945312500e+01,2.678940963745117188e+01
-9.031544494628906250e+01,2.678871345520019531e+01
-9.031401824951171875e+01,2.679015159606933594e+01
-9.031442260742187500e+01,2.678945922851562500e+01
-9.031406402587890625e+01,2.678969383239746094e+01
-9.031468963623046875e+01,2.678905105590820312e+01
-9.031522369384765625e+01,2.678916740417480469e+01
-9.031550598144531250e+01,2.678869247436523438e+01
-9.031534576416015625e+01,2.678864669799804688e+01
-9.031396484375000000e+01,2.678837203979492188e+01
-9.031335449218750000e+01,2.678943824768066406e+01
-9.031498718261718750e+01,2.678806686401367188e+01
-9.031381988525390625e+01,2.678899765014648438e+01
-9.031344604492187500e+01,2.678878402709960938e+01
-9.031362915039062500e+01,2.678943443298339844e+01
-9.031549072265625000e+01,2.678843307495117188e+01
-9.031355285644531250e+01,2.678916931152343750e+01
-9.031484222412109375e+01,2.678967857360839844e+01
-9.031419372558593750e+01,2.678925514221191406e+01
-9.031479644775390625e+01,2.678918075561523438e+01
-9.031494140625000000e+01,2.678767013549804688e+01
-9.031481170654296875e+01,2.678955078125000000e+01
-9.031553649902343750e+01,2.678866767883300781e+01
-9.031472015380859375e+01,2.678756713867187500e+01
-9.031540679931640625e+01,2.678761672973632812e+01
-9.031375885009765625e+01,2.678877449035644531e+01
-9.031468200683593750e+01,2.678968620300292969e+01
-9.031337738037109375e+01,2.678891944885253906e+01
-9.031365203857421875e+01,2.678886032104492188e+01
-9.031489562988281250e+01,2.679006958007812500e+01
-9.031477355957031250e+01,2.678724861145019531e+01
-9.031433868408203125e+01,2.678749275207519531e+01
-9.031510162353515625e+01,2.678809928894042969e+01
-9.031553649902343750e+01,2.678858375549316406e+01
-9.031532287597656250e+01,2.678872680664062500e+01
-9.031508636474609375e+01,2.679012489318847656e+01
-9.031537628173828125e+01,2.678894615173339844e+01
-9.031380462646484375e+01,2.678906631469726562e+01
-9.031544494628906250e+01,2.678944206237792969e+01
-9.031410217285156250e+01,2.678909683227539062e+01
-9.031373596191406250e+01,2.678954315185546875e+01
-9.031533813476562500e+01,2.678940773010253906e+01
-9.031524658203125000e+01,2.678787422180175781e+01
-9.031402587890625000e+01,2.678833770751953125e+01
-9.031443023681640625e+01,2.678752708435058594e+01
-9.031420898437500000e+01,2.678732490539550781e+01
-9.031513214111328125e+01,2.678800773620605469e+01
-9.031475830078125000e+01,2.678805923461914062e+01
-9.031443023681640625e+01,2.678807258605957031e+01
-9.031388092041015625e+01,2.678825759887695312e+01
-9.031500244140625000e+01,2.678919982910156250e+01
-9.031475067138671875e+01,2.678829956054687500e+01
-9.031394958496093750e+01,2.678848266601562500e+01
-9.031391906738281250e+01,2.679006004333496094e+01
-9.031401062011718750e+01,2.678990364074707031e+01
-9.031491851806640625e+01,2.678741073608398438e+01
-9.031486511230468750e+01,2.678926849365234375e+01
-9.031551361083984375e+01,2.678862571716308594e+01
-9.031424713134765625e+01,2.678730583190917969e+01
-9.031456756591796875e+01,2.679028320312500000e+01
-9.031411743164062500e+01,2.678770065307617188e+01
-9.031445312500000000e+01,2.678721618652343750e+01
-9.031441497802734375e+01,2.678804588317871094e+01
-9.031368255615234375e+01,2.678975868225097656e+01
-9.031343078613281250e+01,2.678981971740722656e+01
-9.031490325927734375e+01,2.678736686706542969e+01
-9.031356048583984375e+01,2.678986549377441406e+01
-9.031506347656250000e+01,2.678920936584472656e+01
-9.031439971923828125e+01,2.678725242614746094e+01
-9.031433105468750000e+01,2.678817367553710938e+01
-9.031374359130859375e+01,2.678877067565917969e+01
-9.031461334228515625e+01,2.678928375244140625e+01
-9.031399536132812500e+01,2.679023933410644531e+01
-9.031427764892578125e+01,2.679008102416992188e+01
-9.031427001953125000e+01,2.678832817077636719e+01
-9.031542205810546875e+01,2.678842735290527344e+01
-9.031370544433593750e+01,2.678882789611816406e+01
-9.031475067138671875e+01,2.678865242004394531e+01
-9.031342315673828125e+01,2.678941917419433594e+01
-9.031388854980468750e+01,2.678895950317382812e+01
-9.031536102294921875e+01,2.678751182556152344e+01
-9.031526947021484375e+01,2.678834915161132812e+01
-9.031407165527343750e+01,2.679027175903320312e+01
-9.031388092041015625e+01,2.678843498229980469e+01
-9.031505584716796875e+01,2.678765106201171875e+01
-9.031508636474609375e+01,2.678969001770019531e+01
-9.031514739990234375e+01,2.678839302062988281e+01
-9.031461334228515625e+01,2.679003334045410156e+01
-9.031450653076171875e+01,2.678874397277832031e+01
-9.031509399414062500e+01,2.678944015502929688e+01
-9.031427764892578125e+01,2.678964805603027344e+01
-9.031396484375000000e+01,2.679006385803222656e+01
-9.031419372558593750e+01,2.678736686706542969e+01
-9.031447601318359375e+01,2.678940582275390625e+01
-9.031446838378906250e+01,2.679024505615234375e+01
-9.031407165527343750e+01,2.678965950012207031e+01
-9.031368255615234375e+01,2.678976821899414062e+01
-9.031365966796875000e+01,2.678912734985351562e+01
-9.031449127197265625e+01,2.678922653198242188e+01
-9.031374359130859375e+01,2.678825950622558594e+01
-9.031484222412109375e+01,2.678880882263183594e+01
-9.031368255615234375e+01,2.678894805908203125e+01
-9.031520080566406250e+01,2.678962707519531250e+01
-9.031472015380859375e+01,2.678810310363769531e+01
-9.031497192382812500e+01,2.678743171691894531e+01
-9.031529235839843750e+01,2.678836822509765625e+01
-9.031465911865234375e+01,2.678784561157226562e+01
-9.031425476074218750e+01,2.679006385803222656e+01
-9.031481933593750000e+01,2.678853797912597656e+01
-9.031470489501953125e+01,2.678964042663574219e+01
-9.031434631347656250e+01,2.678928375244140625e+01
-9.031446075439453125e+01,2.678858757019042969e+01
-9.031507110595703125e+01,2.678874969482421875e+01
-9.031424713134765625e+01,2.678815841674804688e+01
-9.031430053710937500e+01,2.678950881958007812e+01
-9.031481170654296875e+01,2.678765487670898438e+01
-9.031469726562500000e+01,2.678782844543457031e+01
-9.031339263916015625e+01,2.678942871093750000e+01
-9.031513977050781250e+01,2.678947448730468750e+01
-9.031544494628906250e+01,2.678900718688964844e+01
-9.031462860107421875e+01,2.678943634033203125e+01
-9.031387329101562500e+01,2.678796958923339844e+01
-9.031354522705078125e+01,2.678896713256835938e+01
-9.031527709960937500e+01,2.678841400146484375e+01
-9.031388092041015625e+01,2.678961372375488281e+01
-9.031409454345703125e+01,2.678936576843261719e+01
-9.031497192382812500e+01,2.678761291503906250e+01
-9.031500244140625000e+01,2.678915596008300781e+01
-9.031488800048828125e+01,2.678920173645019531e+01
-9.031520843505859375e+01,2.678800582885742188e+01
-9.031430053710937500e+01,2.678947257995605469e+01
-9.031365203857421875e+01,2.678936576843261719e+01
-9.031373596191406250e+01,2.679017448425292969e+01
-9.031361389160156250e+01,2.678971481323242188e+01
-9.031467437744140625e+01,2.678813934326171875e+01
-9.031461334228515625e+01,2.678919410705566406e+01
-9.031507110595703125e+01,2.678828620910644531e+01
-9.031513977050781250e+01,2.678882789611816406e+01
-9.031504058837890625e+01,2.679019546508789062e+01
-9.031355285644531250e+01,2.678923225402832031e+01
-9.031330871582031250e+01,2.678964042663574219e+01
-9.031414794921875000e+01,2.678983306884765625e+01
-9.031353759765625000e+01,2.678913497924804688e+01
-9.031339263916015625e+01,2.678945541381835938e+01
-9.031458282470703125e+01,2.678960800170898438e+01
-9.031394195556640625e+01,2.678863334655761719e+01
-9.031454467773437500e+01,2.678929901123046875e+01
-9.031375885009765625e+01,2.678837203979492188e+01
-9.031443023681640625e+01,2.678846931457519531e+01
-9.031426239013671875e+01,2.678761863708496094e+01
-9.031471252441406250e+01,2.678760719299316406e+01
-9.031490325927734375e+01,2.678879547119140625e+01
-9.031492614746093750e+01,2.678943252563476562e+01
-9.031431579589843750e+01,2.679004478454589844e+01
-9.031401062011718750e+01,2.678979301452636719e+01
-9.031419372558593750e+01,2.678868865966796875e+01
-9.031401062011718750e+01,2.678960609436035156e+01
-9.031494903564453125e+01,2.678921318054199219e+01
-9.031436157226562500e+01,2.678774642944335938e+01
-9.031502532958984375e+01,2.678867530822753906e+01
-9.031336975097656250e+01,2.678907394409179688e+01
-9.031452941894531250e+01,2.678813171386718750e+01
-9.031409454345703125e+01,2.678755569458007812e+01
-9.031474304199218750e+01,2.678792381286621094e+01
-9.031503295898437500e+01,2.678739738464355469e+01
-9.031543731689453125e+01,2.678937530517578125e+01
-9.031397247314453125e+01,2.679011535644531250e+01
-9.031526184082031250e+01,2.678796195983886719e+01
-9.031492614746093750e+01,2.678750038146972656e+01
-9.031519317626953125e+01,2.678794288635253906e+01
-9.031468200683593750e+01,2.678853416442871094e+01
-9.031406402587890625e+01,2.678887367248535156e+01
-9.031452178955078125e+01,2.678968620300292969e+01
-9.031414031982421875e+01,2.678747558593750000e+01
-9.031376647949218750e+01,2.679004287719726562e+01
-9.031505584716796875e+01,2.678974342346191406e+01
-9.031410980224609375e+01,2.678833389282226562e+01
-9.031464385986328125e+01,2.678764152526855469e+01
-9.031485748291015625e+01,2.678772544860839844e+01
-9.031466674804687500e+01,2.678768730163574219e+01
-9.031381988525390625e+01,2.678876304626464844e+01
-9.031356811523437500e+01,2.678987693786621094e+01
-9.031481170654296875e+01,2.679009819030761719e+01
-9.031417083740234375e+01,2.678759574890136719e+01
-9.031466674804687500e+01,2.678962707519531250e+01
-9.031447601318359375e+01,2.678903961181640625e+01
-9.031468200683593750e+01,2.678789710998535156e+01
-9.031488037109375000e+01,2.678921127319335938e+01
-9.031411743164062500e+01,2.679004859924316406e+01
-9.031497955322265625e+01,2.678853988647460938e+01
-9.031337738037109375e+01,2.678883934020996094e+01
-9.031483459472656250e+01,2.678844261169433594e+01
-9.031381988525390625e+01,2.679021644592285156e+01
-9.031426239013671875e+01,2.678735923767089844e+01
-9.031356811523437500e+01,2.678857994079589844e+01
-9.031532287597656250e+01,2.678928375244140625e+01
-9.031510162353515625e+01,2.679005622863769531e+01
-9.031536102294921875e+01,2.678792381286621094e+01
-9.031446838378906250e+01,2.678895950317382812e+01
-9.031535339355468750e+01,2.678807640075683594e+01
-9.031428527832031250e+01,2.678768348693847656e+01
-9.031511688232421875e+01,2.678814315795898438e+01
-9.031481170654296875e+01,2.678809356689453125e+01
-9.031436920166015625e+01,2.678748703002929688e+01
-9.031498718261718750e+01,2.679000473022460938e+01
-9.031404113769531250e+01,2.678877258300781250e+01
-9.031474304199218750e+01,2.678943443298339844e+01
-9.031527709960937500e+01,2.678798484802246094e+01
-9.031522369384765625e+01,2.678893280029296875e+01
-9.031485748291015625e+01,2.678767204284667969e+01
-9.031464385986328125e+01,2.678794670104980469e+01
-9.031396484375000000e+01,2.678986167907714844e+01
-9.031433868408203125e+01,2.678962898254394531e+01
-9.031415557861328125e+01,2.678740692138671875e+01
-9.031449127197265625e+01,2.679009437561035156e+01
-9.031367492675781250e+01,2.678899765014648438e+01
-9.031387329101562500e+01,2.678794670104980469e+01
-9.031510162353515625e+01,2.678936767578125000e+01
-9.031443023681640625e+01,2.678765296936035156e+01
-9.031533813476562500e+01,2.678923797607421875e+01
-9.031543731689453125e+01,2.678867530822753906e+01
-9.031393432617187500e+01,2.678900337219238281e+01
-9.031439971923828125e+01,2.678958892822265625e+01
-9.031478118896484375e+01,2.678932380676269531e+01
-9.031412506103515625e+01,2.678786849975585938e+01
-9.031462097167968750e+01,2.678893852233886719e+01
-9.031362152099609375e+01,2.678965187072753906e+01
-9.031429290771484375e+01,2.678873252868652344e+01
-9.031414031982421875e+01,2.678761863708496094e+01
-9.031439971923828125e+01,2.678875350952148438e+01
-9.031468963623046875e+01,2.678785133361816406e+01
-9.031476593017578125e+01,2.678912544250488281e+01
-9.031444549560546875e+01,2.679023933410644531e+01
-9.031333923339843750e+01,2.678977966308593750e+01
-9.031481933593750000e+01,2.678737068176269531e+01
-9.031476593017578125e+01,2.678993034362792969e+01
-9.031477355957031250e+01,2.678829574584960938e+01
-9.031379699707031250e+01,2.678839492797851562e+01
-9.031395721435546875e+01,2.678834533691406250e+01
-9.031380462646484375e+01,2.678915405273437500e+01
-9.031488037109375000e+01,2.678897476196289062e+01
-9.031507110595703125e+01,2.678856658935546875e+01
-9.031361389160156250e+01,2.678848838806152344e+01
-9.031547546386718750e+01,2.678891944885253906e+01
-9.031409454345703125e+01,2.678890419006347656e+01
-9.031502532958984375e+01,2.678798294067382812e+01
-9.031515502929687500e+01,2.678961753845214844e+01
-9.031445312500000000e+01,2.678774452209472656e+01
-9.031507110595703125e+01,2.678868293762207031e+01
-9.031425476074218750e+01,2.678962135314941406e+01
-9.031390380859375000e+01,2.678909111022949219e+01
-9.031425476074218750e+01,2.678997802734375000e+01
-9.031488037109375000e+01,2.678845024108886719e+01
-9.031420898437500000e+01,2.678851699829101562e+01
-9.031414031982421875e+01,2.678957748413085938e+01
-9.031484222412109375e+01,2.678910446166992188e+01
-9.031542968750000000e+01,2.678869056701660156e+01
-9.031535339355468750e+01,2.678834342956542969e+01
-9.031433868408203125e+01,2.678769874572753906e+01
-9.031484985351562500e+01,2.678797149658203125e+01
-9.031348419189453125e+01,2.678944587707519531e+01
-9.031534576416015625e+01,2.678761100769042969e+01
-9.031398010253906250e+01,2.679024887084960938e+01
-9.031452941894531250e+01,2.678904151916503906e+01
-9.031473541259765625e+01,2.678916168212890625e+01
-9.031510925292968750e+01,2.679010963439941406e+01
-9.031420135498046875e+01,2.678811645507812500e+01
-9.031523132324218750e+01,2.678977012634277344e+01
-9.031410217285156250e+01,2.678857231140136719e+01
-9.031379699707031250e+01,2.678988075256347656e+01
-9.031364440917968750e+01,2.678889274597167969e+01
-9.031388092041015625e+01,2.679015350341796875e+01
-9.031526947021484375e+01,2.678804206848144531e+01
-9.031484222412109375e+01,2.678835678100585938e+01
-9.031378173828125000e+01,2.678935813903808594e+01
-9.031352233886718750e+01,2.678887557983398438e+01
-9.031377410888671875e+01,2.678810119628906250e+01
-9.031452941894531250e+01,2.678914070129394531e+01
-9.031465148925781250e+01,2.678943061828613281e+01
-9.031354522705078125e+01,2.678872680664062500e+01
-9.031433868408203125e+01,2.678927040100097656e+01
-9.031352996826171875e+01,2.678923797607421875e+01
-9.031388092041015625e+01,2.678826332092285156e+01
-9.031550598144531250e+01,2.678818702697753906e+01
-9.031447601318359375e+01,2.678865623474121094e+01
-9.031505584716796875e+01,2.678989791870117188e+01
-9.031493377685546875e+01,2.678842163085937500e+01
-9.031504058837890625e+01,2.678893470764160156e+01
-9.031326293945312500e+01,2.678904151916503906e+01
-9.031428527832031250e+01,2.678857040405273438e+01
-9.031426239013671875e+01,2.678750038146972656e+01
-9.031472015380859375e+01,2.678992652893066406e+01
-9.031507873535156250e+01,2.678773307800292969e+01
-9.031504821777343750e+01,2.679027366638183594e+01
-9.031520843505859375e+01,2.678841400146484375e+01
-9.031411743164062500e+01,2.678775024414062500e+01
-9.031413269042968750e+01,2.678877639770507812e+01
-9.031386566162109375e+01,2.678844070434570312e+01
-9.031517028808593750e+01,2.678772544860839844e+01
-9.031477355957031250e+01,2.678960800170898438e+01
-9.031403350830078125e+01,2.678865814208984375e+01
-9.031526947021484375e+01,2.678828048706054688e+01
-9.031521606445312500e+01,2.678799819946289062e+01
-9.031524658203125000e+01,2.678783798217773438e+01
-9.031501770019531250e+01,2.679015159606933594e+01
-9.031473541259765625e+01,2.678905677795410156e+01
-9.031426239013671875e+01,2.678898429870605469e+01
-9.031443023681640625e+01,2.678870964050292969e+01
-9.031556701660156250e+01,2.678867340087890625e+01
-9.031441497802734375e+01,2.678895950317382812e+01
-9.031555175781250000e+01,2.678808212280273438e+01
-9.031440734863281250e+01,2.678797340393066406e+01
-9.031417846679687500e+01,2.678831672668457031e+01
-9.031443786621093750e+01,2.678800201416015625e+01
-9.031363677978515625e+01,2.678978157043457031e+01
-9.031517028808593750e+01,2.678834533691406250e+01
-9.031494140625000000e+01,2.678952026367187500e+01
-9.031458282470703125e+01,2.678805351257324219e+01
-9.031449890136718750e+01,2.678868484497070312e+01
-9.031550598144531250e+01,2.678800773620605469e+01
-9.031533813476562500e+01,2.678894042968750000e+01
-9.031465148925781250e+01,2.678805732727050781e+01
-9.031468200683593750e+01,2.678915405273437500e+01
-9.031395721435546875e+01,2.679000282287597656e+01
-9.031509399414062500e+01,2.678937149047851562e+01
-9.031407928466796875e+01,2.678825950622558594e+01
-9.031482696533203125e+01,2.678843498229980469e+01
-9.031453704833984375e+01,2.678948211669921875e+01
-9.031507873535156250e+01,2.678941535949707031e+01
-9.031401062011718750e+01,2.678896522521972656e+01
-9.031462860107421875e+01,2.679000282287597656e+01
-9.031412506103515625e+01,2.678938102722167969e+01
-9.031333923339843750e+01,2.678924751281738281e+01
-9.031447601318359375e+01,2.678774452209472656e+01
-9.031449127197265625e+01,2.678716850280761719e+01
-9.031484985351562500e+01,2.678935813903808594e+01
-9.031357574462890625e+01,2.678847122192382812e+01
-9.031450653076171875e+01,2.678930473327636719e+01
-9.031545257568359375e+01,2.678864860534667969e+01
-9.031373596191406250e+01,2.678975486755371094e+01
-9.031449127197265625e+01,2.678828811645507812e+01
-9.031497192382812500e+01,2.678771591186523438e+01
-9.031494903564453125e+01,2.679016113281250000e+01
-9.031430053710937500e+01,2.678734397888183594e+01
-9.031333923339843750e+01,2.678907394409179688e+01
-9.031388854980468750e+01,2.678824996948242188e+01
-9.031523895263671875e+01,2.678891944885253906e+01
-9.031439971923828125e+01,2.678901290893554688e+01
-9.031457519531250000e+01,2.678938102722167969e+01
-9.031465148925781250e+01,2.678860473632812500e+01
-9.031433105468750000e+01,2.678743171691894531e+01
-9.031428527832031250e+01,2.678995704650878906e+01
-9.031544494628906250e+01,2.678950691223144531e+01
-9.031407928466796875e+01,2.678943252563476562e+01
-9.031449890136718750e+01,2.678730583190917969e+01
-9.031421661376953125e+01,2.679015731811523438e+01
-9.031458282470703125e+01,2.679006576538085938e+01
-9.031460571289062500e+01,2.678832817077636719e+01
-9.031446838378906250e+01,2.678846740722656250e+01
-9.031534576416015625e+01,2.678819084167480469e+01
-9.031539916992187500e+01,2.678837776184082031e+01
-9.031391143798828125e+01,2.678886604309082031e+01
-9.031520843505859375e+01,2.678880310058593750e+01
-9.031395721435546875e+01,2.678867912292480469e+01
-9.031528472900390625e+01,2.678816986083984375e+01
-9.031513977050781250e+01,2.678741836547851562e+01
-9.031417083740234375e+01,2.678941726684570312e+01
-9.031433868408203125e+01,2.678877067565917969e+01
-9.031526184082031250e+01,2.678832435607910156e+01
-9.031516265869140625e+01,2.678955268859863281e+01
-9.031439971923828125e+01,2.678875923156738281e+01
-9.031481933593750000e+01,2.678840065002441406e+01
-9.031449127197265625e+01,2.678982925415039062e+01
-9.031430816650390625e+01,2.678883743286132812e+01
-9.031484985351562500e+01,2.678826141357421875e+01
-9.031408691406250000e+01,2.678752708435058594e+01
-9.031528472900390625e+01,2.678905487060546875e+01
-9.031529235839843750e+01,2.678911972045898438e+01
-9.031514739990234375e+01,2.678935623168945312e+01
-9.031491088867187500e+01,2.678995513916015625e+01
-9.031487274169921875e+01,2.678896141052246094e+01
-9.031486511230468750e+01,2.678928947448730469e+01
-9.031433105468750000e+01,2.679021835327148438e+01
-9.031514739990234375e+01,2.678817176818847656e+01
-9.031457519531250000e+01,2.678890419006347656e+01
-9.031433868408203125e+01,2.678836250305175781e+01
-9.031476593017578125e+01,2.678791046142578125e+01
-9.031503295898437500e+01,2.678779792785644531e+01
-9.031360626220703125e+01,2.678885459899902344e+01
-9.031497955322265625e+01,2.679022789001464844e+01
-9.031478118896484375e+01,2.678997421264648438e+01
-9.031383514404296875e+01,2.678959083557128906e+01
-9.031481170654296875e+01,2.678986549377441406e+01
-9.031441497802734375e+01,2.678827095031738281e+01
-9.031417846679687500e+01,2.678993034362792969e+01
-9.031468963623046875e+01,2.678911972045898438e+01
-9.031359100341796875e+01,2.678875350952148438e+01
-9.031465911865234375e+01,2.678829383850097656e+01
-9.031525421142578125e+01,2.678982353210449219e+01
-9.031404876708984375e+01,2.678780174255371094e+01
-9.031417083740234375e+01,2.678785133361816406e+01
-9.031385040283203125e+01,2.678914451599121094e+01
-9.031418609619140625e+01,2.678850364685058594e+01
-9.031383514404296875e+01,2.678810310363769531e+01
-9.031502532958984375e+01,2.678944778442382812e+01
-9.031379699707031250e+01,2.678972434997558594e+01
-9.031473541259765625e+01,2.679022979736328125e+01
-9.031496429443359375e+01,2.678809547424316406e+01
-9.031491851806640625e+01,2.678817367553710938e+01
-9.031418609619140625e+01,2.678999900817871094e+01
-9.031433105468750000e+01,2.678861999511718750e+01
-9.031552124023437500e+01,2.678839302062988281e+01
-9.031537628173828125e+01,2.678752708435058594e+01
-9.031398010253906250e+01,2.678858947753906250e+01
-9.031391143798828125e+01,2.679013633728027344e+01
-9.031430053710937500e+01,2.678934288024902344e+01
-9.031366729736328125e+01,2.678909873962402344e+01
-9.031420135498046875e+01,2.678919982910156250e+01
-9.031380462646484375e+01,2.678908920288085938e+01
-9.031496429443359375e+01,2.678994560241699219e+01
-9.031514739990234375e+01,2.678929519653320312e+01
-9.031346130371093750e+01,2.678923797607421875e+01
-9.031435394287109375e+01,2.678985786437988281e+01
-9.031523132324218750e+01,2.678911018371582031e+01
-9.031402587890625000e+01,2.679025840759277344e+01
-9.031423950195312500e+01,2.679031562805175781e+01
-9.031488037109375000e+01,2.678956031799316406e+01
-9.031492614746093750e+01,2.678939247131347656e+01
-9.031466674804687500e+01,2.678896522521972656e+01
-9.031414031982421875e+01,2.679033279418945312e+01
-9.031521606445312500e+01,2.678935623168945312e+01
-9.031451416015625000e+01,2.678801536560058594e+01
-9.031442260742187500e+01,2.678969383239746094e+01
-9.031442260742187500e+01,2.678792190551757812e+01
-9.031451416015625000e+01,2.678885078430175781e+01
-9.031462097167968750e+01,2.678872299194335938e+01
-9.031474304199218750e+01,2.678994560241699219e+01
-9.031389617919921875e+01,2.678901290893554688e+01
-9.031407928466796875e+01,2.678900337219238281e+01
-9.031401824951171875e+01,2.678773880004882812e+01
-9.031432342529296875e+01,2.679013824462890625e+01
-9.031361389160156250e+01,2.678904724121093750e+01
-9.031498718261718750e+01,2.678952026367187500e+01
-9.031428527832031250e+01,2.678915405273437500e+01
-9.031406402587890625e+01,2.679009437561035156e+01
-9.031473541259765625e+01,2.678809738159179688e+01
-9.031460571289062500e+01,2.678780174255371094e+01
-9.031371307373046875e+01,2.678859901428222656e+01
-9.031485748291015625e+01,2.678869819641113281e+01
-9.031391143798828125e+01,2.678926277160644531e+01
-9.031430053710937500e+01,2.678744697570800781e+01
-9.031472778320312500e+01,2.678738403320312500e+01
-9.031436920166015625e+01,2.678953552246093750e+01
-9.031356811523437500e+01,2.678922843933105469e+01
-9.031475830078125000e+01,2.678838157653808594e+01
-9.031514739990234375e+01,2.678922843933105469e+01
-9.031423950195312500e+01,2.678771209716796875e+01
-9.031369781494140625e+01,2.678905677795410156e+01
-9.031459808349609375e+01,2.678876686096191406e+01
-9.031530761718750000e+01,2.678899765014648438e+01
-9.031446838378906250e+01,2.678748512268066406e+01
-9.031391906738281250e+01,2.678829383850097656e+01
-9.031378936767578125e+01,2.678874206542968750e+01
-9.031395721435546875e+01,2.678872489929199219e+01
-9.031459808349609375e+01,2.678812599182128906e+01
-9.031381225585937500e+01,2.678824043273925781e+01
-9.031419372558593750e+01,2.678733062744140625e+01
-9.031519317626953125e+01,2.678814125061035156e+01
-9.031485748291015625e+01,2.678994369506835938e+01
-9.031348419189453125e+01,2.678958129882812500e+01
-9.031393432617187500e+01,2.678992080688476562e+01
-9.031380462646484375e+01,2.678934288024902344e+01
-9.031398010253906250e+01,2.678823089599609375e+01
-9.031476593017578125e+01,2.679005241394042969e+01
-9.031453704833984375e+01,2.678847503662109375e+01
-9.031518554687500000e+01,2.678925514221191406e+01
-9.031472015380859375e+01,2.679006958007812500e+01
-9.031432342529296875e+01,2.678726196289062500e+01
-9.031518554687500000e+01,2.678937339782714844e+01
-9.031414794921875000e+01,2.678951454162597656e+01
-9.031427001953125000e+01,2.678973197937011719e+01
-9.031542968750000000e+01,2.678906250000000000e+01
-9.031460571289062500e+01,2.678743171691894531e+01
-9.031332397460937500e+01,2.678957557678222656e+01
-9.031494903564453125e+01,2.678963088989257812e+01
-9.031500244140625000e+01,2.679017448425292969e+01
-9.031511688232421875e+01,2.678949356079101562e+01
-9.031360626220703125e+01,2.678965187072753906e+01
-9.031489562988281250e+01,2.678782272338867188e+01
-9.031449127197265625e+01,2.678967475891113281e+01
-9.031498718261718750e+01,2.678747177124023438e+01
-9.031452178955078125e+01,2.678743743896484375e+01
-9.031444549560546875e+01,2.678827857971191406e+01
-9.031493377685546875e+01,2.678882217407226562e+01
-9.031434631347656250e+01,2.678959465026855469e+01
-9.031520080566406250e+01,2.678783607482910156e+01
-9.031427001953125000e+01,2.678865242004394531e+01
-9.031509399414062500e+01,2.678800582885742188e+01
-9.031381988525390625e+01,2.678909683227539062e+01
-9.031443786621093750e+01,2.678812408447265625e+01
-9.031402587890625000e+01,2.678833389282226562e+01
-9.031510925292968750e+01,2.678819847106933594e+01
-9.031405639648437500e+01,2.679031562805175781e+01
-9.031528472900390625e+01,2.678908729553222656e+01
-9.031488037109375000e+01,2.678814697265625000e+01
-9.031509399414062500e+01,2.678964233398437500e+01
-9.031509399414062500e+01,2.679010391235351562e+01
-9.031359863281250000e+01,2.678917694091796875e+01
-9.031488037109375000e+01,2.679018020629882812e+01
-9.031491851806640625e+01,2.678735160827636719e+01
-9.031430053710937500e+01,2.678781890869140625e+01
-9.031518554687500000e+01,2.678773689270019531e+01
-9.031387329101562500e+01,2.678849411010742188e+01
-9.031463623046875000e+01,2.678743934631347656e+01
-9.031381988525390625e+01,2.679016685485839844e+01
-9.031520080566406250e+01,2.678806877136230469e+01
-9.031391143798828125e+01,2.678876304626464844e+01
-9.031341552734375000e+01,2.678878402709960938e+01
-9.031439971923828125e+01,2.678815650939941406e+01
-9.031332397460937500e+01,2.678970527648925781e+01
-9.031462860107421875e+01,2.678975105285644531e+01
-9.031433868408203125e+01,2.678885459899902344e+01
-9.031450653076171875e+01,2.678890037536621094e+01
-9.031547546386718750e+01,2.678820037841796875e+01
-9.031393432617187500e+01,2.678825569152832031e+01
-9.031349945068359375e+01,2.678906631469726562e+01
-9.031542205810546875e+01,2.678934860229492188e+01
-9.031453704833984375e+01,2.678789901733398438e+01
-9.031378173828125000e+01,2.678945350646972656e+01
-9.031451416015625000e+01,2.678916931152343750e+01
-9.031531524658203125e+01,2.678783035278320312e+01
-9.031476593017578125e+01,2.679016494750976562e+01
-9.031455230712890625e+01,2.678718948364257812e+01
-9.031465148925781250e+01,2.678971481323242188e+01
-9.031491088867187500e+01,2.678739547729492188e+01
-9.031537628173828125e+01,2.678815460205078125e+01
-9.031473541259765625e+01,2.678883743286132812e+01
-9.031532287597656250e+01,2.678782081604003906e+01
-9.031387329101562500e+01,2.678950119018554688e+01
-9.031497192382812500e+01,2.678929328918457031e+01
-9.031517791748046875e+01,2.678855323791503906e+01
-9.031355285644531250e+01,2.678916549682617188e+01
-9.031449890136718750e+01,2.678987693786621094e+01
-9.031532287597656250e+01,2.678874969482421875e+01
-9.031447601318359375e+01,2.678997802734375000e+01
-9.031481933593750000e+01,2.678847694396972656e+01
-9.031489562988281250e+01,2.678812026977539062e+01
-9.031457519531250000e+01,2.678945922851562500e+01
-9.031472778320312500e+01,2.678736877441406250e+01
-9.031351470947265625e+01,2.678952789306640625e+01
-9.031503295898437500e+01,2.678827095031738281e+01
-9.031516265869140625e+01,2.678778457641601562e+01
-9.031464385986328125e+01,2.678947448730468750e+01
-9.031459045410156250e+01,2.678764533996582031e+01
-9.031441497802734375e+01,2.678759193420410156e+01
-9.031461334228515625e+01,2.678949928283691406e+01
-9.031513214111328125e+01,2.678903007507324219e+01
-9.031519317626953125e+01,2.679000091552734375e+01
-9.031436920166015625e+01,2.678943443298339844e+01
-9.031343841552734375e+01,2.678905487060546875e+01
-9.031443023681640625e+01,2.678994369506835938e+01
-9.031514739990234375e+01,2.678894805908203125e+01
-9.031523132324218750e+01,2.678973960876464844e+01
-9.031435394287109375e+01,2.678779792785644531e+01
-9.031529235839843750e+01,2.678824996948242188e+01
-9.031357574462890625e+01,2.678971099853515625e+01
-9.031510925292968750e+01,2.678930854797363281e+01
-9.031503295898437500e+01,2.678934288024902344e+01
-9.031374359130859375e+01,2.678906059265136719e+01
-9.031417846679687500e+01,2.678801155090332031e+01
-9.031517028808593750e+01,2.678912353515625000e+01
-9.031470489501953125e+01,2.678897666931152344e+01
-9.031533050537109375e+01,2.678955459594726562e+01
-9.031519317626953125e+01,2.678979492187500000e+01
-9.031501007080078125e+01,2.678885269165039062e+01
-9.031488800048828125e+01,2.679002761840820312e+01
-9.031381225585937500e+01,2.678869628906250000e+01
-9.031533050537109375e+01,2.678789901733398438e+01
-9.031504058837890625e+01,2.679009437561035156e+01
-9.031445312500000000e+01,2.678790283203125000e+01
-9.031527709960937500e+01,2.678830718994140625e+01
-9.031478118896484375e+01,2.678923988342285156e+01
-9.031420135498046875e+01,2.678732109069824219e+01
-9.031409454345703125e+01,2.678983879089355469e+01
-9.031346130371093750e+01,2.678954887390136719e+01
-9.031457519531250000e+01,2.679015541076660156e+01
-9.031408691406250000e+01,2.678874588012695312e+01
-9.031525421142578125e+01,2.678854751586914062e+01
-9.031525421142578125e+01,2.678779983520507812e+01
-9.031420898437500000e+01,2.678728103637695312e+01
-9.031542205810546875e+01,2.678870582580566406e+01
-9.031491088867187500e+01,2.678912544250488281e+01
-9.031480407714843750e+01,2.679006385803222656e+01
-9.031362915039062500e+01,2.678889083862304688e+01
-9.031467437744140625e+01,2.678841781616210938e+01
-9.031492614746093750e+01,2.678828620910644531e+01
-9.031439971923828125e+01,2.678736495971679688e+01
-9.031486511230468750e+01,2.678759193420410156e+01
-9.031471252441406250e+01,2.678939819335937500e+01
-9.031464385986328125e+01,2.678788566589355469e+01
-9.031433105468750000e+01,2.678879737854003906e+01
-9.031469726562500000e+01,2.678750610351562500e+01
-9.031367492675781250e+01,2.678841209411621094e+01
-9.031503295898437500e+01,2.678787422180175781e+01
-9.031507110595703125e+01,2.678738403320312500e+01
-9.031442260742187500e+01,2.679024887084960938e+01
-9.031447601318359375e+01,2.678770637512207031e+01
-9.031415557861328125e+01,2.678747177124023438e+01
-9.031499481201171875e+01,2.678852272033691406e+01
-9.031382751464843750e+01,2.678998565673828125e+01
-9.031376647949218750e+01,2.678830146789550781e+01
-9.031425476074218750e+01,2.678739738464355469e+01
-9.031398010253906250e+01,2.678902626037597656e+01
-9.031512451171875000e+01,2.678929901123046875e+01
-9.031510925292968750e+01,2.678825950622558594e+01
-9.031387329101562500e+01,2.679007339477539062e+01
-9.031417083740234375e+01,2.678768539428710938e+01
-9.031326293945312500e+01,2.678935813903808594e+01
-9.031413269042968750e+01,2.678897476196289062e+01
-9.031530761718750000e+01,2.678846359252929688e+01
-9.031499481201171875e+01,2.678985786437988281e+01
-9.031498718261718750e+01,2.678981781005859375e+01
-9.031387329101562500e+01,2.678913879394531250e+01
-9.031523895263671875e+01,2.678945350646972656e+01
-9.031412506103515625e+01,2.678992271423339844e+01
-9.031372833251953125e+01,2.678973770141601562e+01
-9.031417083740234375e+01,2.678857994079589844e+01
-9.031359863281250000e+01,2.678934478759765625e+01
-9.031503295898437500e+01,2.678763771057128906e+01
-9.031404876708984375e+01,2.678953742980957031e+01
-9.031410980224609375e+01,2.678897094726562500e+01
-9.031516265869140625e+01,2.678823089599609375e+01
-9.031372833251953125e+01,2.678818702697753906e+01
-9.031539916992187500e+01,2.678940963745117188e+01
-9.031478118896484375e+01,2.679026031494140625e+01
-9.031472778320312500e+01,2.678922462463378906e+01
-9.031420898437500000e+01,2.678738212585449219e+01
-9.031485748291015625e+01,2.678800010681152344e+01
-9.031519317626953125e+01,2.678823280334472656e+01
-9.031472015380859375e+01,2.679015159606933594e+01
-9.031509399414062500e+01,2.678825759887695312e+01
-9.031468200683593750e+01,2.678757476806640625e+01
-9.031447601318359375e+01,2.678799057006835938e+01
-9.031545257568359375e+01,2.678912925720214844e+01
-9.031510162353515625e+01,2.678757286071777344e+01
-9.031477355957031250e+01,2.678953933715820312e+01
-9.031503295898437500e+01,2.678908920288085938e+01
-9.031507110595703125e+01,2.678920745849609375e+01
-9.031447601318359375e+01,2.678824806213378906e+01
-9.031488037109375000e+01,2.678833198547363281e+01
-9.031337738037109375e+01,2.678915596008300781e+01
-9.031404113769531250e+01,2.678810691833496094e+01
-9.031501770019531250e+01,2.678767967224121094e+01
-9.031450653076171875e+01,2.678838157653808594e+01
-9.031341552734375000e+01,2.678958511352539062e+01
-9.031342315673828125e+01,2.678978919982910156e+01
-9.031439971923828125e+01,2.678853797912597656e+01
-9.031343841552734375e+01,2.678917694091796875e+01
-9.031433105468750000e+01,2.678885459899902344e+01
-9.031514739990234375e+01,2.678881454467773438e+01
-9.031502532958984375e+01,2.678941726684570312e+01
-9.031343841552734375e+01,2.678914833068847656e+01
-9.031483459472656250e+01,2.678941917419433594e+01
-9.031428527832031250e+01,2.678859901428222656e+01
-9.031410217285156250e+01,2.678808593750000000e+01
-9.031491851806640625e+01,2.678758049011230469e+01
-9.031454467773437500e+01,2.678947448730468750e+01
-9.031481170654296875e+01,2.678959083557128906e+01
-9.031504058837890625e+01,2.679011154174804688e+01
-9.031510162353515625e+01,2.678868293762207031e+01
-9.031523895263671875e+01,2.678863716125488281e+01
-9.031450653076171875e+01,2.679024124145507812e+01
-9.031510925292968750e+01,2.678767967224121094e+01
-9.031486511230468750e+01,2.678773498535156250e+01
-9.031360626220703125e+01,2.678936767578125000e+01
-9.031388092041015625e+01,2.678824043273925781e+01
-9.031439208984375000e+01,2.678940391540527344e+01
-9.031365203857421875e+01,2.678886985778808594e+01
-9.031554412841796875e+01,2.678903579711914062e+01
-9.031477355957031250e+01,2.678755187988281250e+01
-9.031439208984375000e+01,2.678966712951660156e+01
-9.031346893310546875e+01,2.678877830505371094e+01
-9.031443786621093750e+01,2.678960037231445312e+01
-9.031336212158203125e+01,2.678972625732421875e+01
-9.031517028808593750e+01,2.678842163085937500e+01
-9.031471252441406250e+01,2.678847694396972656e+01
-9.031412506103515625e+01,2.679022216796875000e+01
-9.031457519531250000e+01,2.678897666931152344e+01
-9.031481170654296875e+01,2.678899002075195312e+01
-9.031330108642578125e+01,2.678947067260742188e+01
-9.031384277343750000e+01,2.678896522521972656e+01
-9.031375122070312500e+01,2.678962898254394531e+01
-9.031551361083984375e+01,2.678849411010742188e+01
-9.031503295898437500e+01,2.678955268859863281e+01
-9.031449890136718750e+01,2.678811264038085938e+01
-9.031424713134765625e+01,2.678782463073730469e+01
-9.031417083740234375e+01,2.678913688659667969e+01
-9.031486511230468750e+01,2.678941535949707031e+01
-9.031515502929687500e+01,2.678769493103027344e+01
-9.031509399414062500e+01,2.678822326660156250e+01
-9.031382751464843750e+01,2.678868293762207031e+01
-9.031447601318359375e+01,2.678763961791992188e+01
-9.031359100341796875e+01,2.678885078430175781e+01
-9.031475830078125000e+01,2.678953552246093750e+01
-9.031518554687500000e+01,2.678973579406738281e+01
-9.031520080566406250e+01,2.678956985473632812e+01
-9.031516265869140625e+01,2.678917503356933594e+01
-9.031491088867187500e+01,2.678851890563964844e+01
-9.031437683105468750e+01,2.678901290893554688e+01
-9.031473541259765625e+01,2.678831291198730469e+01
-9.031394958496093750e+01,2.678905677795410156e+01
-9.031432342529296875e+01,2.679024887084960938e+01
-9.031511688232421875e+01,2.678791046142578125e+01
-9.031419372558593750e+01,2.678932571411132812e+01
-9.031473541259765625e+01,2.679021835327148438e+01
-9.031446075439453125e+01,2.678853416442871094e+01
-9.031377410888671875e+01,2.678814315795898438e+01
-9.031368255615234375e+01,2.678866195678710938e+01
-9.031465148925781250e+01,2.678729820251464844e+01
-9.031411743164062500e+01,2.678760528564453125e+01
-9.031498718261718750e+01,2.679003906250000000e+01
-9.031405639648437500e+01,2.678903388977050781e+01
-9.031419372558593750e+01,2.678920745849609375e+01
-9.031514739990234375e+01,2.678802299499511719e+01
-9.031458282470703125e+01,2.678854560852050781e+01
-9.031433105468750000e+01,2.678908920288085938e+01
-9.031472778320312500e+01,2.678796195983886719e+01
-9.031365966796875000e+01,2.678922080993652344e+01
-9.031466674804687500e+01,2.678930091857910156e+01
-9.031516265869140625e+01,2.678862380981445312e+01
-9.031488037109375000e+01,2.678963851928710938e+01
-9.031411743164062500e+01,2.678999519348144531e+01
-9.031480407714843750e+01,2.678890037536621094e+01
-9.031487274169921875e+01,2.678748130798339844e+01
-9.031366729736328125e+01,2.678897857666015625e+01
-9.031392669677734375e+01,2.678858757019042969e+01
-9.031485748291015625e+01,2.678997039794921875e+01
-9.031339263916015625e+01,2.678908348083496094e+01
-9.031509399414062500e+01,2.678765487670898438e+01
-9.031455230712890625e+01,2.678877067565917969e+01
-9.031476593017578125e+01,2.678748703002929688e+01
-9.031468963623046875e+01,2.678805732727050781e+01
-9.031518554687500000e+01,2.678945350646972656e+01
-9.031549835205078125e+01,2.678838157653808594e+01
-9.031346893310546875e+01,2.678956985473632812e+01
-9.031449890136718750e+01,2.678770256042480469e+01
-9.031547546386718750e+01,2.678899574279785156e+01
-9.031412506103515625e+01,2.678994560241699219e+01
-9.031527709960937500e+01,2.678890228271484375e+01
-9.031433868408203125e+01,2.678737258911132812e+01
-9.031476593017578125e+01,2.678939247131347656e+01
-9.031457519531250000e+01,2.679009246826171875e+01
-9.031497955322265625e+01,2.678896522521972656e+01
-9.031424713134765625e+01,2.678784561157226562e+01
-9.031409454345703125e+01,2.678824806213378906e+01
-9.031504821777343750e+01,2.678980445861816406e+01
-9.031456756591796875e+01,2.678913688659667969e+01
-9.031508636474609375e+01,2.678906631469726562e+01
-9.031508636474609375e+01,2.678967094421386719e+01
-9.031343841552734375e+01,2.678979492187500000e+01
-9.031389617919921875e+01,2.678947830200195312e+01
-9.031527709960937500e+01,2.678891563415527344e+01
-9.031463623046875000e+01,2.678765296936035156e+01
-9.031434631347656250e+01,2.678728294372558594e+01
-9.031325531005859375e+01,2.678942108154296875e+01
-9.031542205810546875e+01,2.678869628906250000e+01
-9.031480407714843750e+01,2.679007720947265625e+01
-9.031394195556640625e+01,2.678941726684570312e+01
-9.031513214111328125e+01,2.678738594055175781e+01
-9.031427001953125000e+01,2.678802299499511719e+01
-9.031399536132812500e+01,2.679016113281250000e+01
-9.031512451171875000e+01,2.678782272338867188e+01
-9.031480407714843750e+01,2.678771781921386719e+01
-9.031393432617187500e+01,2.678926849365234375e+01
-9.031531524658203125e+01,2.678843116760253906e+01
-9.031537628173828125e+01,2.678922653198242188e+01
-9.031538391113281250e+01,2.678936004638671875e+01
-9.031509399414062500e+01,2.678870582580566406e+01
-9.031482696533203125e+01,2.678969955444335938e+01
-9.031464385986328125e+01,2.678947448730468750e+01
-9.031403350830078125e+01,2.678828620910644531e+01
-9.031533050537109375e+01,2.678898620605468750e+01
-9.031418609619140625e+01,2.678873252868652344e+01
-9.031458282470703125e+01,2.678842163085937500e+01
-9.031475067138671875e+01,2.678722000122070312e+01
-9.031446838378906250e+01,2.678872871398925781e+01
-9.031410217285156250e+01,2.679026603698730469e+01
-9.031327056884765625e+01,2.678936195373535156e+01
-9.031478118896484375e+01,2.678945159912109375e+01
-9.031447601318359375e+01,2.678967285156250000e+01
-9.031427764892578125e+01,2.678862571716308594e+01
-9.031533050537109375e+01,2.678949737548828125e+01
-9.031545257568359375e+01,2.678846931457519531e+01
-9.031432342529296875e+01,2.678738594055175781e+01
-9.031392669677734375e+01,2.678816032409667969e+01
-9.031479644775390625e+01,2.678844070434570312e+01
-9.031486511230468750e+01,2.678906440734863281e+01
-9.031423187255859375e+01,2.678795051574707031e+01
-9.031381988525390625e+01,2.678805541992187500e+01
-9.031371307373046875e+01,2.678861427307128906e+01
-9.031491088867187500e+01,2.678809356689453125e+01
-9.031370544433593750e+01,2.678839111328125000e+01
-9.031421661376953125e+01,2.678761863708496094e+01
-9.031417846679687500e+01,2.678907966613769531e+01
-9.031428527832031250e+01,2.678847694396972656e+01
-9.031431579589843750e+01,2.679012489318847656e+01
-9.031471252441406250e+01,2.678978919982910156e+01
-9.031449127197265625e+01,2.678981399536132812e+01
-9.031390380859375000e+01,2.678830718994140625e+01
-9.031517791748046875e+01,2.678825187683105469e+01
-9.031480407714843750e+01,2.678985786437988281e+01
-9.031497955322265625e+01,2.679011917114257812e+01
-9.031467437744140625e+01,2.678797340393066406e+01
-9.031377410888671875e+01,2.678815460205078125e+01
-9.031505584716796875e+01,2.678824996948242188e+01
-9.031423187255859375e+01,2.678796577453613281e+01
-9.031459808349609375e+01,2.678742980957031250e+01
-9.031451416015625000e+01,2.678904914855957031e+01
-9.031520843505859375e+01,2.678987503051757812e+01
-9.031468963623046875e+01,2.678937721252441406e+01
-9.031520843505859375e+01,2.678767204284667969e+01
-9.031506347656250000e+01,2.678924179077148438e+01
-9.031372070312500000e+01,2.678896141052246094e+01
-9.031439971923828125e+01,2.678935813903808594e+01
-9.031485748291015625e+01,2.679010200500488281e+01
-9.031492614746093750e+01,2.678945350646972656e+01
-9.031427001953125000e+01,2.678966712951660156e+01
-9.031529998779296875e+01,2.678874778747558594e+01
-9.031478881835937500e+01,2.678931236267089844e+01
-9.031428527832031250e+01,2.678853034973144531e+01
-9.031370544433593750e+01,2.678919982910156250e+01
-9.031517791748046875e+01,2.678873634338378906e+01
-9.031545257568359375e+01,2.678756713867187500e+01
-9.031436920166015625e+01,2.678901863098144531e+01
-9.031466674804687500e+01,2.678943824768066406e+01
-9.031376647949218750e+01,2.678943252563476562e+01
-9.031485748291015625e+01,2.678924560546875000e+01
-9.031510162353515625e+01,2.678826522827148438e+01
-9.031444549560546875e+01,2.679021644592285156e+01
-9.031341552734375000e+01,2.678940582275390625e+01
-9.031523895263671875e+01,2.678919219970703125e+01
-9.031427001953125000e+01,2.678967666625976562e+01
-9.031488037109375000e+01,2.678943443298339844e+01
-9.031406402587890625e+01,2.678855514526367188e+01
-9.031380462646484375e+01,2.679001235961914062e+01
-9.031526947021484375e+01,2.678871536254882812e+01
-9.031478881835937500e+01,2.679008483886718750e+01
-9.031475067138671875e+01,2.679027175903320312e+01
-9.031366729736328125e+01,2.678854751586914062e+01
-9.031414031982421875e+01,2.678908729553222656e+01
-9.031520080566406250e+01,2.678993797302246094e+01
-9.031414794921875000e+01,2.679020690917968750e+01
-9.031517028808593750e+01,2.678864669799804688e+01
-9.031400299072265625e+01,2.678900527954101562e+01
-9.031375885009765625e+01,2.678858566284179688e+01
-9.031371307373046875e+01,2.678953170776367188e+01
-9.031421661376953125e+01,2.678996467590332031e+01
-9.031471252441406250e+01,2.678836059570312500e+01
-9.031545257568359375e+01,2.678893470764160156e+01
-9.031420898437500000e+01,2.678970336914062500e+01
-9.031452178955078125e+01,2.678993988037109375e+01
-9.031386566162109375e+01,2.678870773315429688e+01
-9.031456756591796875e+01,2.678955650329589844e+01
-9.031422424316406250e+01,2.678928184509277344e+01
-9.031337738037109375e+01,2.678918075561523438e+01
-9.031455993652343750e+01,2.678965950012207031e+01
-9.031485748291015625e+01,2.678726959228515625e+01
-9.031437683105468750e+01,2.678908157348632812e+01
-9.031410217285156250e+01,2.678750991821289062e+01
-9.031484222412109375e+01,2.678907966613769531e+01
-9.031417083740234375e+01,2.678829765319824219e+01
-9.031448364257812500e+01,2.678992271423339844e+01
-9.031415557861328125e+01,2.678885269165039062e+01
-9.031526947021484375e+01,2.678890228271484375e+01
-9.031450653076171875e+01,2.678773498535156250e+01
-9.031501007080078125e+01,2.678974723815917969e+01
-9.031450653076171875e+01,2.679028511047363281e+01
-9.031474304199218750e+01,2.678775787353515625e+01
-9.031536865234375000e+01,2.678876876831054688e+01
-9.031509399414062500e+01,2.678828048706054688e+01
-9.031343841552734375e+01,2.678935813903808594e+01
-9.031426239013671875e+01,2.678925895690917969e+01
-9.031519317626953125e+01,2.678788185119628906e+01
-9.031433868408203125e+01,2.678856849670410156e+01
-9.031418609619140625e+01,2.678814506530761719e+01
-9.031542205810546875e+01,2.678789710998535156e+01
-9.031375885009765625e+01,2.678880500793457031e+01
-9.031383514404296875e+01,2.678935813903808594e+01
-9.031401062011718750e+01,2.678991317749023438e+01
-9.031468963623046875e+01,2.678778266906738281e+01
-9.031393432617187500e+01,2.678902626037597656e+01
-9.031508636474609375e+01,2.678968429565429688e+01
-9.031507110595703125e+01,2.678759574890136719e+01
-9.031537628173828125e+01,2.678826904296875000e+01
-9.031336975097656250e+01,2.678936576843261719e+01
-9.031495666503906250e+01,2.678936576843261719e+01
-9.031543731689453125e+01,2.678794288635253906e+01
-9.031542968750000000e+01,2.678871726989746094e+01
-9.031402587890625000e+01,2.678979301452636719e+01
-9.031455230712890625e+01,2.678759956359863281e+01
-9.031412506103515625e+01,2.678904724121093750e+01
-9.031507110595703125e+01,2.678933715820312500e+01
-9.031494903564453125e+01,2.678763008117675781e+01
-9.031419372558593750e+01,2.678754615783691406e+01
-9.031354522705078125e+01,2.678975105285644531e+01
-9.031415557861328125e+01,2.678959465026855469e+01
-9.031446075439453125e+01,2.678812980651855469e+01
-9.031370544433593750e+01,2.678854179382324219e+01
-9.031487274169921875e+01,2.678754234313964844e+01
-9.031463623046875000e+01,2.678732490539550781e+01
-9.031467437744140625e+01,2.678819465637207031e+01
-9.031410980224609375e+01,2.678996658325195312e+01
-9.031363677978515625e+01,2.678859329223632812e+01
-9.031474304199218750e+01,2.678879356384277344e+01
-9.031374359130859375e+01,2.678886795043945312e+01
-9.031542968750000000e+01,2.678799247741699219e+01
-9.031535339355468750e+01,2.678838729858398438e+01
-9.031378173828125000e+01,2.678915596008300781e+01
-9.031529235839843750e+01,2.678964233398437500e+01
-9.031526184082031250e+01,2.678838539123535156e+01
-9.031411743164062500e+01,2.679004669189453125e+01
-9.031512451171875000e+01,2.678982353210449219e+01
-9.031524658203125000e+01,2.678955459594726562e+01
-9.031424713134765625e+01,2.678909301757812500e+01
-9.031417083740234375e+01,2.678929901123046875e+01
-9.031428527832031250e+01,2.678903198242187500e+01
-9.031517028808593750e+01,2.678840827941894531e+01
-9.031502532958984375e+01,2.678938484191894531e+01
-9.031442260742187500e+01,2.679020690917968750e+01
-9.031349182128906250e+01,2.678966903686523438e+01
-9.031417846679687500e+01,2.678851318359375000e+01
-9.031523895263671875e+01,2.678856849670410156e+01
-9.031405639648437500e+01,2.678770446777343750e+01
-9.031519317626953125e+01,2.678948974609375000e+01
-9.031473541259765625e+01,2.678740882873535156e+01
-9.031506347656250000e+01,2.678830528259277344e+01
-9.031471252441406250e+01,2.678953552246093750e+01
-9.031437683105468750e+01,2.678910636901855469e+01
-9.031463623046875000e+01,2.678803443908691406e+01
-9.031429290771484375e+01,2.678985404968261719e+01
-9.031375122070312500e+01,2.678948783874511719e+01
-9.031414031982421875e+01,2.678793144226074219e+01
-9.031384277343750000e+01,2.678874588012695312e+01
-9.031427764892578125e+01,2.678862380981445312e+01
-9.031439971923828125e+01,2.679023361206054688e+01
-9.031543731689453125e+01,2.678879165649414062e+01
-9.031483459472656250e+01,2.679005432128906250e+01
-9.031456756591796875e+01,2.678969192504882812e+01
-9.031398773193359375e+01,2.678993415832519531e+01
-9.031449890136718750e+01,2.678998565673828125e+01
-9.031425476074218750e+01,2.679011917114257812e+01
-9.031432342529296875e+01,2.679029464721679688e+01
-9.031510162353515625e+01,2.678956604003906250e+01
-9.031468200683593750e+01,2.678980827331542969e+01
-9.031431579589843750e+01,2.678907203674316406e+01
-9.031354522705078125e+01,2.678983306884765625e+01
-9.031381225585937500e+01,2.678818511962890625e+01
-9.031529235839843750e+01,2.678760719299316406e+01
-9.031375885009765625e+01,2.678982734680175781e+01
-9.031470489501953125e+01,2.678834915161132812e+01
-9.031431579589843750e+01,2.678783607482910156e+01
-9.031373596191406250e+01,2.678865242004394531e+01
-9.031500244140625000e+01,2.679014587402343750e+01
-9.031416320800781250e+01,2.678769302368164062e+01
-9.031406402587890625e+01,2.678786468505859375e+01
-9.031404876708984375e+01,2.678815269470214844e+01
-9.031372833251953125e+01,2.679010581970214844e+01
-9.031468963623046875e+01,2.678775405883789062e+01
-9.031363677978515625e+01,2.678908729553222656e+01
-9.031439208984375000e+01,2.678723144531250000e+01
-9.031531524658203125e+01,2.678855514526367188e+01
-9.031546020507812500e+01,2.678853988647460938e+01
-9.031484222412109375e+01,2.678802680969238281e+01
-9.031509399414062500e+01,2.678863334655761719e+01
-9.031344604492187500e+01,2.678894615173339844e+01
-9.031403350830078125e+01,2.679027366638183594e+01
-9.031513977050781250e+01,2.678889083862304688e+01
-9.031362915039062500e+01,2.678937149047851562e+01
-9.031477355957031250e+01,2.678723144531250000e+01
-9.031528472900390625e+01,2.678814697265625000e+01
-9.031481170654296875e+01,2.678982925415039062e+01
-9.031404113769531250e+01,2.678873825073242188e+01
-9.031438446044921875e+01,2.678801536560058594e+01
-9.031363677978515625e+01,2.678954887390136719e+01
-9.031525421142578125e+01,2.678811645507812500e+01
-9.031423950195312500e+01,2.678850746154785156e+01
-9.031455993652343750e+01,2.678963088989257812e+01
-9.031490325927734375e+01,2.678910255432128906e+01
-9.031544494628906250e+01,2.678820228576660156e+01
-9.031459045410156250e+01,2.678935813903808594e+01
-9.031343841552734375e+01,2.678926658630371094e+01
-9.031401824951171875e+01,2.678772735595703125e+01
-9.031420898437500000e+01,2.678837394714355469e+01
-9.031355285644531250e+01,2.678878974914550781e+01
-9.031414031982421875e+01,2.679009056091308594e+01
-9.031496429443359375e+01,2.678914451599121094e+01
-9.031515502929687500e+01,2.678790855407714844e+01
-9.031384277343750000e+01,2.678907012939453125e+01
-9.031352996826171875e+01,2.678972434997558594e+01
-9.031533813476562500e+01,2.678905296325683594e+01
-9.031481170654296875e+01,2.678979682922363281e+01
-9.031417083740234375e+01,2.678887748718261719e+01
-9.031459808349609375e+01,2.678788566589355469e+01
-9.031383514404296875e+01,2.678798103332519531e+01
-9.031485748291015625e+01,2.678799247741699219e+01
-9.031378936767578125e+01,2.678881835937500000e+01
-9.031505584716796875e+01,2.678787231445312500e+01
-9.031420135498046875e+01,2.678803443908691406e+01
-9.031446838378906250e+01,2.678857231140136719e+01
-9.031398010253906250e+01,2.678940200805664062e+01
-9.031542205810546875e+01,2.678803634643554688e+01
-9.031423950195312500e+01,2.678969192504882812e+01
-9.031497955322265625e+01,2.678967285156250000e+01
-9.031426239013671875e+01,2.678754997253417969e+01
-9.031518554687500000e+01,2.678824996948242188e+01
-9.031462097167968750e+01,2.678835868835449219e+01
-9.031502532958984375e+01,2.678985786437988281e+01
-9.031496429443359375e+01,2.678930282592773438e+01
-9.031539154052734375e+01,2.678873825073242188e+01
-9.031383514404296875e+01,2.678956604003906250e+01
-9.031455230712890625e+01,2.678779792785644531e+01
-9.031448364257812500e+01,2.678971862792968750e+01
-9.031461334228515625e+01,2.678844451904296875e+01
-9.031517028808593750e+01,2.678866958618164062e+01
-9.031495666503906250e+01,2.678814125061035156e+01
-9.031470489501953125e+01,2.678917694091796875e+01
-9.031472778320312500e+01,2.678811264038085938e+01
-9.031535339355468750e+01,2.678924942016601562e+01
-9.031513214111328125e+01,2.678816032409667969e+01
-9.031363677978515625e+01,2.678902816772460938e+01
-9.031547546386718750e+01,2.678757858276367188e+01
-9.031427001953125000e+01,2.679031181335449219e+01
-9.031363677978515625e+01,2.678925132751464844e+01
-9.031447601318359375e+01,2.678767967224121094e+01
-9.031404113769531250e+01,2.678975486755371094e+01
-9.031394958496093750e+01,2.678967475891113281e+01
-9.031425476074218750e+01,2.678782844543457031e+01
-9.031472778320312500e+01,2.678977012634277344e+01
-9.031537628173828125e+01,2.678817558288574219e+01
-9.031520843505859375e+01,2.678917121887207031e+01
-9.031484222412109375e+01,2.678806114196777344e+01
-9.031344604492187500e+01,2.678923988342285156e+01
-9.031539154052734375e+01,2.678807640075683594e+01
-9.031535339355468750e+01,2.678803253173828125e+01
-9.031401824951171875e+01,2.678862953186035156e+01
-9.031419372558593750e+01,2.678788757324218750e+01
-9.031465911865234375e+01,2.678915786743164062e+01
-9.031533813476562500e+01,2.678952980041503906e+01
-9.031414031982421875e+01,2.678794288635253906e+01
-9.031473541259765625e+01,2.678855514526367188e+01
-9.031466674804687500e+01,2.678954124450683594e+01
-9.031531524658203125e+01,2.678935813903808594e+01
-9.031472778320312500e+01,2.678851890563964844e+01
-9.031513214111328125e+01,2.678771591186523438e+01
-9.031471252441406250e+01,2.678849983215332031e+01
-9.031389617919921875e+01,2.678980445861816406e+01
-9.031540679931640625e+01,2.678757476806640625e+01
-9.031356048583984375e+01,2.678917312622070312e+01
-9.031462097167968750e+01,2.678869247436523438e+01
-9.031517791748046875e+01,2.678910064697265625e+01
-9.031446075439453125e+01,2.678879928588867188e+01
-9.031512451171875000e+01,2.678795051574707031e+01
-9.031452178955078125e+01,2.679028511047363281e+01
-9.031388092041015625e+01,2.678959655761718750e+01
-9.031518554687500000e+01,2.678870964050292969e+01
-9.031525421142578125e+01,2.678894615173339844e+01
-9.031523895263671875e+01,2.678895568847656250e+01
-9.031443023681640625e+01,2.678750228881835938e+01
-9.031370544433593750e+01,2.678936576843261719e+01
-9.031481933593750000e+01,2.678863143920898438e+01
-9.031519317626953125e+01,2.678741455078125000e+01
-9.031466674804687500e+01,2.678785705566406250e+01
-9.031348419189453125e+01,2.678969001770019531e+01
-9.031394958496093750e+01,2.678906822204589844e+01
-9.031450653076171875e+01,2.678882598876953125e+01
-9.031418609619140625e+01,2.678801155090332031e+01
-9.031478118896484375e+01,2.678861999511718750e+01
-9.031325531005859375e+01,2.678940582275390625e+01
-9.031525421142578125e+01,2.678811836242675781e+01
-9.031489562988281250e+01,2.678762054443359375e+01
-9.031485748291015625e+01,2.678812599182128906e+01
-9.031343841552734375e+01,2.678899002075195312e+01
-9.031494140625000000e+01,2.678796768188476562e+01
-9.031486511230468750e+01,2.678814315795898438e+01
-9.031385803222656250e+01,2.678980827331542969e+01
-9.031414031982421875e+01,2.678950881958007812e+01
-9.031513214111328125e+01,2.678886604309082031e+01
-9.031418609619140625e+01,2.678800392150878906e+01
-9.031505584716796875e+01,2.678957366943359375e+01
-9.031415557861328125e+01,2.678830718994140625e+01
-9.031482696533203125e+01,2.678849220275878906e+01
-9.031406402587890625e+01,2.678813934326171875e+01
-9.031363677978515625e+01,2.678839302062988281e+01
-9.031390380859375000e+01,2.678827476501464844e+01
-9.031454467773437500e+01,2.678988265991210938e+01
-9.031524658203125000e+01,2.678819656372070312e+01
-9.031550598144531250e+01,2.678822517395019531e+01
-9.031438446044921875e+01,2.678784942626953125e+01
-9.031487274169921875e+01,2.678809738159179688e+01
-9.031435394287109375e+01,2.678889083862304688e+01
-9.031442260742187500e+01,2.678991508483886719e+01
-9.031539154052734375e+01,2.678946304321289062e+01
-9.031449127197265625e+01,2.678799438476562500e+01
-9.031452178955078125e+01,2.679017257690429688e+01
-9.031472778320312500e+01,2.679008865356445312e+01
-9.031475830078125000e+01,2.678779983520507812e+01
-9.031386566162109375e+01,2.679011535644531250e+01
-9.031434631347656250e+01,2.678830146789550781e+01
-9.031413269042968750e+01,2.678854179382324219e+01
-9.031401062011718750e+01,2.678830718994140625e+01
-9.031396484375000000e+01,2.678875350952148438e+01
-9.031385803222656250e+01,2.678981208801269531e+01
-9.031526184082031250e+01,2.678976249694824219e+01
-9.031509399414062500e+01,2.678741073608398438e+01
-9.031431579589843750e+01,2.678924751281738281e+01
-9.031539154052734375e+01,2.678960800170898438e+01
-9.031386566162109375e+01,2.678966522216796875e+01
-9.031514739990234375e+01,2.678957176208496094e+01
-9.031447601318359375e+01,2.678970527648925781e+01
-9.031401824951171875e+01,2.678963661193847656e+01
-9.031536102294921875e+01,2.678780555725097656e+01
-9.031449890136718750e+01,2.678947830200195312e+01
-9.031385040283203125e+01,2.678813743591308594e+01
-9.031402587890625000e+01,2.679017448425292969e+01
-9.031410980224609375e+01,2.678884696960449219e+01
-9.031484222412109375e+01,2.678873825073242188e+01
-9.031463623046875000e+01,2.678816604614257812e+01
-9.031328582763671875e+01,2.678966522216796875e+01
-9.031371307373046875e+01,2.678941345214843750e+01
-9.031337738037109375e+01,2.678923988342285156e+01
-9.031494140625000000e+01,2.678998184204101562e+01
-9.031523895263671875e+01,2.678964614868164062e+01
-9.031417846679687500e+01,2.678971672058105469e+01
-9.031507873535156250e+01,2.678884315490722656e+01
-9.031510925292968750e+01,2.678946304321289062e+01
-9.031342315673828125e+01,2.678897094726562500e+01
-9.031383514404296875e+01,2.678825759887695312e+01
-9.031465911865234375e+01,2.679025268554687500e+01
-9.031396484375000000e+01,2.678897094726562500e+01
-9.031386566162109375e+01,2.678916358947753906e+01
-9.031519317626953125e+01,2.678792381286621094e+01
-9.031379699707031250e+01,2.678817176818847656e+01
-9.031485748291015625e+01,2.678738594055175781e+01
-9.031455230712890625e+01,2.678975296020507812e+01
-9.031465148925781250e+01,2.678969001770019531e+01
-9.031496429443359375e+01,2.678826522827148438e+01
-9.031393432617187500e+01,2.678952217102050781e+01
-9.031475830078125000e+01,2.678843498229980469e+01
-9.031346130371093750e+01,2.678913497924804688e+01
-9.031445312500000000e+01,2.678914451599121094e+01
-9.031531524658203125e+01,2.678794288635253906e+01
-9.031461334228515625e+01,2.678956985473632812e+01
-9.031369781494140625e+01,2.678863716125488281e+01
-9.031337738037109375e+01,2.678973960876464844e+01
-9.031388854980468750e+01,2.678812026977539062e+01
-9.031366729736328125e+01,2.678894233703613281e+01
-9.031468200683593750e+01,2.678844070434570312e+01
-9.031376647949218750e+01,2.678901863098144531e+01
-9.031506347656250000e+01,2.678891944885253906e+01
-9.031419372558593750e+01,2.678989028930664062e+01
-9.031470489501953125e+01,2.678868675231933594e+01
-9.031502532958984375e+01,2.678930091857910156e+01
-9.031462860107421875e+01,2.678925132751464844e+01
-9.031487274169921875e+01,2.678845405578613281e+01
-9.031486511230468750e+01,2.678888893127441406e+01
-9.031401062011718750e+01,2.678829383850097656e+01
-9.031537628173828125e+01,2.678930854797363281e+01
-9.031351470947265625e+01,2.678896331787109375e+01
-9.031471252441406250e+01,2.678916931152343750e+01
-9.031417846679687500e+01,2.678899192810058594e+01
-9.031517028808593750e+01,2.678819465637207031e+01
-9.031497192382812500e+01,2.678823661804199219e+01
-9.031533813476562500e+01,2.678785705566406250e+01
-9.031487274169921875e+01,2.678798294067382812e+01
-9.031401824951171875e+01,2.678966140747070312e+01
-9.031500244140625000e+01,2.678999328613281250e+01
-9.031550598144531250e+01,2.678799819946289062e+01
-9.031465148925781250e+01,2.678832626342773438e+01
-9.031531524658203125e+01,2.678762435913085938e+01
-9.031455230712890625e+01,2.678799247741699219e+01
-9.031468963623046875e+01,2.678759384155273438e+01
-9.031440734863281250e+01,2.678854751586914062e+01
-9.031490325927734375e+01,2.678782081604003906e+01
-9.031407928466796875e+01,2.678808975219726562e+01
-9.031448364257812500e+01,2.678932571411132812e+01
-9.031391143798828125e+01,2.678942871093750000e+01
-9.031394958496093750e+01,2.678792190551757812e+01
-9.031491851806640625e+01,2.678874015808105469e+01
-9.031482696533203125e+01,2.678806495666503906e+01
-9.031374359130859375e+01,2.678904151916503906e+01
-9.031374359130859375e+01,2.678929328918457031e+01
-9.031537628173828125e+01,2.678902626037597656e+01
-9.031540679931640625e+01,2.678781700134277344e+01
-9.031402587890625000e+01,2.678772926330566406e+01
-9.031388854980468750e+01,2.678891754150390625e+01
-9.031435394287109375e+01,2.678996658325195312e+01
-9.031501770019531250e+01,2.678959274291992188e+01
-9.031522369384765625e+01,2.678980255126953125e+01
-9.031433105468750000e+01,2.678761863708496094e+01
-9.031403350830078125e+01,2.678772544860839844e+01
-9.031489562988281250e+01,2.679020881652832031e+01
-9.031440734863281250e+01,2.678727912902832031e+01
-9.031476593017578125e+01,2.678742218017578125e+01
-9.031371307373046875e+01,2.678892707824707031e+01
-9.031357574462890625e+01,2.678867912292480469e+01
-9.031524658203125000e+01,2.678862380981445312e+01
-9.031362915039062500e+01,2.678964042663574219e+01
-9.031481933593750000e+01,2.679003334045410156e+01
-9.031437683105468750e+01,2.678891372680664062e+01
-9.031411743164062500e+01,2.678834152221679688e+01
-9.031405639648437500e+01,2.678866767883300781e+01
-9.031408691406250000e+01,2.678794670104980469e+01
-9.031538391113281250e+01,2.678902244567871094e+01
-9.031420898437500000e+01,2.678925704956054688e+01
-9.031431579589843750e+01,2.678847122192382812e+01
-9.031552886962890625e+01,2.678812026977539062e+01
-9.031546783447265625e+01,2.678889465332031250e+01
-9.031473541259765625e+01,2.678931617736816406e+01
-9.031406402587890625e+01,2.678836250305175781e+01
-9.031465148925781250e+01,2.678734397888183594e+01
-9.031422424316406250e+01,2.678839302062988281e+01
-9.031434631347656250e+01,2.678792572021484375e+01
-9.031513214111328125e+01,2.678819656372070312e+01
-9.031504058837890625e+01,2.678759956359863281e+01
-9.031486511230468750e+01,2.678837013244628906e+01
-9.031528472900390625e+01,2.678959655761718750e+01
-9.031514739990234375e+01,2.678948211669921875e+01
-9.031436920166015625e+01,2.678980636596679688e+01
-9.031425476074218750e+01,2.678939819335937500e+01
-9.031412506103515625e+01,2.678886795043945312e+01
-9.031423950195312500e+01,2.679013061523437500e+01
-9.031407928466796875e+01,2.678944396972656250e+01
-9.031402587890625000e+01,2.678986740112304688e+01
-9.031369018554687500e+01,2.678963279724121094e+01
-9.031347656250000000e+01,2.678919601440429688e+01
-9.031523895263671875e+01,2.678968048095703125e+01
-9.031327056884765625e+01,2.678974533081054688e+01
-9.031469726562500000e+01,2.678746795654296875e+01
-9.031406402587890625e+01,2.678873062133789062e+01
-9.031527709960937500e+01,2.678976058959960938e+01
-9.031364440917968750e+01,2.678914642333984375e+01
-9.031401824951171875e+01,2.678937339782714844e+01
-9.031410980224609375e+01,2.679024314880371094e+01
-9.031402587890625000e+01,2.678910636901855469e+01
-9.031461334228515625e+01,2.678799247741699219e+01
-9.031531524658203125e+01,2.678835296630859375e+01
-9.031517028808593750e+01,2.678799057006835938e+01
-9.031542205810546875e+01,2.678875541687011719e+01
-9.031530761718750000e+01,2.678820991516113281e+01
-9.031380462646484375e+01,2.678990745544433594e+01
-9.031410980224609375e+01,2.678832435607910156e+01
-9.031489562988281250e+01,2.678845596313476562e+01
-9.031430816650390625e+01,2.679018974304199219e+01
-9.031382751464843750e+01,2.678846740722656250e+01
-9.031518554687500000e+01,2.678768920898437500e+01
-9.031423950195312500e+01,2.678773689270019531e+01
-9.031398773193359375e+01,2.678957366943359375e+01
-9.031508636474609375e+01,2.678801918029785156e+01
-9.031401824951171875e+01,2.678987121582031250e+01
-9.031476593017578125e+01,2.678967285156250000e+01
-9.031413269042968750e+01,2.678833580017089844e+01
-9.031510925292968750e+01,2.678906440734863281e+01
-9.031382751464843750e+01,2.678851890563964844e+01
-9.031440734863281250e+01,2.678887176513671875e+01
-9.031502532958984375e+01,2.678842735290527344e+01
-9.031468963623046875e+01,2.678758811950683594e+01
-9.031407928466796875e+01,2.678839302062988281e+01
-9.031484985351562500e+01,2.678801918029785156e+01
-9.031385040283203125e+01,2.678866195678710938e+01
-9.031429290771484375e+01,2.679015159606933594e+01
-9.031543731689453125e+01,2.678842163085937500e+01
-9.031427001953125000e+01,2.678837585449218750e+01
-9.031428527832031250e+01,2.678814125061035156e+01
-9.031430053710937500e+01,2.678730201721191406e+01
-9.031403350830078125e+01,2.678832054138183594e+01
-9.031354522705078125e+01,2.678895187377929688e+01
-9.031385040283203125e+01,2.678990364074707031e+01
-9.031541442871093750e+01,2.678895568847656250e+01
-9.031429290771484375e+01,2.678853416442871094e+01
-9.031336212158203125e+01,2.678887176513671875e+01
-9.031526184082031250e+01,2.678940010070800781e+01
-9.031436157226562500e+01,2.678973960876464844e+01
-9.031437683105468750e+01,2.678796577453613281e+01
-9.031448364257812500e+01,2.678905105590820312e+01
-9.031529235839843750e+01,2.678861999511718750e+01
-9.031509399414062500e+01,2.678931808471679688e+01
-9.031444549560546875e+01,2.678969192504882812e+01
-9.031428527832031250e+01,2.678996658325195312e+01
-9.031436920166015625e+01,2.678934860229492188e+01
-9.031472015380859375e+01,2.679000473022460938e+01
-9.031518554687500000e+01,2.678899002075195312e+01
-9.031529235839843750e+01,2.678874397277832031e+01
-9.031407928466796875e+01,2.678983688354492188e+01
-9.031396484375000000e+01,2.678859138488769531e+01
-9.031378936767578125e+01,2.679014587402343750e+01
-9.031510925292968750e+01,2.678867530822753906e+01
-9.031432342529296875e+01,2.678739929199218750e+01
-9.031464385986328125e+01,2.678914260864257812e+01
-9.031555938720703125e+01,2.678854751586914062e+01
-9.031394195556640625e+01,2.678924942016601562e+01
-9.031404113769531250e+01,2.678856277465820312e+01
-9.031404113769531250e+01,2.678846168518066406e+01
-9.031431579589843750e+01,2.678789901733398438e+01
-9.031502532958984375e+01,2.678940963745117188e+01
-9.031504821777343750e+01,2.679000473022460938e+01
-9.031462097167968750e+01,2.678817939758300781e+01
-9.031493377685546875e+01,2.678740119934082031e+01
-9.031339263916015625e+01,2.678941535949707031e+01
-9.031430816650390625e+01,2.678776168823242188e+01
-9.031546020507812500e+01,2.678834152221679688e+01
-9.031509399414062500e+01,2.678879547119140625e+01
-9.031444549560546875e+01,2.678771591186523438e+01
-9.031479644775390625e+01,2.678886985778808594e+01
-9.031404876708984375e+01,2.678801345825195312e+01
-9.031549835205078125e+01,2.678935623168945312e+01
-9.031437683105468750e+01,2.678964614868164062e+01
-9.031536865234375000e+01,2.678863906860351562e+01
-9.031472015380859375e+01,2.678871345520019531e+01
-9.031357574462890625e+01,2.678856277465820312e+01
-9.031430053710937500e+01,2.678891754150390625e+01
-9.031499481201171875e+01,2.678797721862792969e+01
-9.031472015380859375e+01,2.679030036926269531e+01
-9.031403350830078125e+01,2.678884887695312500e+01
-9.031467437744140625e+01,2.678874015808105469e+01
-9.031529235839843750e+01,2.678803253173828125e+01
-9.031488037109375000e+01,2.678864288330078125e+01
-9.031375122070312500e+01,2.678895568847656250e+01
-9.031377410888671875e+01,2.678882026672363281e+01
-9.031517791748046875e+01,2.678839111328125000e+01
-9.031483459472656250e+01,2.678796386718750000e+01
-9.031482696533203125e+01,2.678805160522460938e+01
-9.031466674804687500e+01,2.678985023498535156e+01
-9.031394958496093750e+01,2.678996849060058594e+01
-9.031446075439453125e+01,2.679006195068359375e+01
-9.031452178955078125e+01,2.678807640075683594e+01
-9.031488800048828125e+01,2.678998374938964844e+01
-9.031421661376953125e+01,2.678750610351562500e+01
-9.031545257568359375e+01,2.678833770751953125e+01
-9.031514739990234375e+01,2.678927612304687500e+01
-9.031444549560546875e+01,2.678918075561523438e+01
-9.031501007080078125e+01,2.678988075256347656e+01
-9.031466674804687500e+01,2.679030990600585938e+01
-9.031386566162109375e+01,2.678809356689453125e+01
-9.031534576416015625e+01,2.678845977783203125e+01
-9.031506347656250000e+01,2.678754806518554688e+01
-9.031454467773437500e+01,2.678721046447753906e+01
-9.031475830078125000e+01,2.678916740417480469e+01
-9.031366729736328125e+01,2.678938293457031250e+01
-9.031510162353515625e+01,2.678905677795410156e+01
-9.031448364257812500e+01,2.678984260559082031e+01
-9.031452941894531250e+01,2.678980445861816406e+01
-9.031481933593750000e+01,2.678830146789550781e+01
-9.031402587890625000e+01,2.678835105895996094e+01
-9.031414794921875000e+01,2.678809165954589844e+01
-9.031479644775390625e+01,2.678730964660644531e+01
-9.031370544433593750e+01,2.678900146484375000e+01
-9.031481170654296875e+01,2.678907775878906250e+01
-9.031446075439453125e+01,2.678720283508300781e+01
-9.031459808349609375e+01,2.678810501098632812e+01
-9.031372070312500000e+01,2.678965759277343750e+01
-9.031478118896484375e+01,2.678973579406738281e+01
-9.031549072265625000e+01,2.678783798217773438e+01
-9.031506347656250000e+01,2.678957176208496094e+01
-9.031372833251953125e+01,2.679009437561035156e+01
-9.031451416015625000e+01,2.678885459899902344e+01
-9.031516265869140625e+01,2.678801345825195312e+01
-9.031435394287109375e+01,2.678792762756347656e+01
-9.031352996826171875e+01,2.678874588012695312e+01
-9.031542205810546875e+01,2.678773689270019531e+01
-9.031449127197265625e+01,2.678794097900390625e+01
-9.031399536132812500e+01,2.678927993774414062e+01
-9.031336975097656250e+01,2.678886222839355469e+01
-9.031532287597656250e+01,2.678803062438964844e+01
-9.031506347656250000e+01,2.678909492492675781e+01
-9.031509399414062500e+01,2.679004669189453125e+01
-9.031405639648437500e+01,2.678835487365722656e+01
-9.031527709960937500e+01,2.678843879699707031e+01
-9.031424713134765625e+01,2.678877830505371094e+01
-9.031472015380859375e+01,2.678851509094238281e+01
-9.031537628173828125e+01,2.678921890258789062e+01
-9.031445312500000000e+01,2.678831291198730469e+01
-9.031413269042968750e+01,2.678810119628906250e+01
-9.031403350830078125e+01,2.678807258605957031e+01
-9.031511688232421875e+01,2.678942871093750000e+01
-9.031407928466796875e+01,2.678991317749023438e+01
-9.031348419189453125e+01,2.678895378112792969e+01
-9.031477355957031250e+01,2.678789138793945312e+01
-9.031411743164062500e+01,2.678761672973632812e+01
-9.031452941894531250e+01,2.678964996337890625e+01
-9.031458282470703125e+01,2.678949356079101562e+01
-9.031414031982421875e+01,2.679035758972167969e+01
-9.031433105468750000e+01,2.678915214538574219e+01
-9.031513977050781250e+01,2.678832244873046875e+01
-9.031552886962890625e+01,2.678853607177734375e+01
-9.031340026855468750e+01,2.678936958312988281e+01
-9.031529998779296875e+01,2.678793334960937500e+01
-9.031403350830078125e+01,2.678880882263183594e+01
-9.031468963623046875e+01,2.678728866577148438e+01
-9.031497192382812500e+01,2.678811454772949219e+01
-9.031529998779296875e+01,2.678762626647949219e+01
-9.031486511230468750e+01,2.678753852844238281e+01
-9.031509399414062500e+01,2.678815841674804688e+01
-9.031545257568359375e+01,2.678920745849609375e+01
-9.031441497802734375e+01,2.678929710388183594e+01
-9.031511688232421875e+01,2.678844451904296875e+01
-9.031465148925781250e+01,2.678977584838867188e+01
-9.031508636474609375e+01,2.679009819030761719e+01
-9.031344604492187500e+01,2.678905677795410156e+01
-9.031456756591796875e+01,2.678766632080078125e+01
-9.031399536132812500e+01,2.678917312622070312e+01
-9.031452941894531250e+01,2.678841972351074219e+01
-9.031416320800781250e+01,2.678780937194824219e+01
-9.031497955322265625e+01,2.678885078430175781e+01
-9.031468200683593750e+01,2.679024696350097656e+01
-9.031497192382812500e+01,2.678739166259765625e+01
-9.031517791748046875e+01,2.678978919982910156e+01
-9.031392669677734375e+01,2.678811073303222656e+01
-9.031498718261718750e+01,2.678951835632324219e+01
-9.031484985351562500e+01,2.678867530822753906e+01
-9.031414031982421875e+01,2.678913116455078125e+01
-9.031475830078125000e+01,2.678932380676269531e+01
-9.031550598144531250e+01,2.678848838806152344e+01
-9.031542205810546875e+01,2.678839874267578125e+01
-9.031371307373046875e+01,2.678888130187988281e+01
-9.031416320800781250e+01,2.678778839111328125e+01
-9.031452178955078125e+01,2.678998947143554688e+01
-9.031398773193359375e+01,2.678790473937988281e+01
-9.031446075439453125e+01,2.679005241394042969e+01
-9.031433868408203125e+01,2.678959083557128906e+01
-9.031439971923828125e+01,2.678997421264648438e+01
-9.031357574462890625e+01,2.678939056396484375e+01
-9.031356048583984375e+01,2.678873634338378906e+01
-9.031415557861328125e+01,2.678966331481933594e+01
-9.031358337402343750e+01,2.678885459899902344e+01
-9.031376647949218750e+01,2.678927803039550781e+01
-9.031538391113281250e+01,2.678905868530273438e+01
-9.031436920166015625e+01,2.678988265991210938e+01
-9.031529235839843750e+01,2.678836250305175781e+01
-9.031479644775390625e+01,2.678780746459960938e+01
-9.031418609619140625e+01,2.678759384155273438e+01
-9.031496429443359375e+01,2.678850746154785156e+01
-9.031417083740234375e+01,2.678895568847656250e+01
-9.031459045410156250e+01,2.678748130798339844e+01
-9.031481933593750000e+01,2.678980827331542969e+01
-9.031482696533203125e+01,2.678949928283691406e+01
-9.031491088867187500e+01,2.678757667541503906e+01
-9.031346130371093750e+01,2.678911781311035156e+01
-9.031433105468750000e+01,2.678774642944335938e+01
-9.031498718261718750e+01,2.678953361511230469e+01
-9.031380462646484375e+01,2.678846359252929688e+01
-9.031481170654296875e+01,2.678993606567382812e+01
-9.031497955322265625e+01,2.678847312927246094e+01
-9.031368255615234375e+01,2.678943252563476562e+01
-9.031346130371093750e+01,2.678953552246093750e+01
-9.031388092041015625e+01,2.678897285461425781e+01
-9.031501007080078125e+01,2.678962898254394531e+01
-9.031541442871093750e+01,2.678946685791015625e+01
-9.031391143798828125e+01,2.678852653503417969e+01
-9.031477355957031250e+01,2.678977584838867188e+01
-9.031375122070312500e+01,2.678948402404785156e+01
-9.031428527832031250e+01,2.678787612915039062e+01
-9.031466674804687500e+01,2.678741073608398438e+01
-9.031494903564453125e+01,2.678939819335937500e+01
-9.031502532958984375e+01,2.678943824768066406e+01
-9.031500244140625000e+01,2.678888511657714844e+01
-9.031363677978515625e+01,2.678907203674316406e+01
-9.031409454345703125e+01,2.678850173950195312e+01
-9.031370544433593750e+01,2.678941535949707031e+01
-9.031493377685546875e+01,2.678848838806152344e+01
-9.031444549560546875e+01,2.679010772705078125e+01
-9.031517791748046875e+01,2.678745651245117188e+01
-9.031378936767578125e+01,2.678973579406738281e+01
-9.031363677978515625e+01,2.678886222839355469e+01
-9.031395721435546875e+01,2.678776741027832031e+01
-9.031324005126953125e+01,2.678942489624023438e+01
-9.031510162353515625e+01,2.678930091857910156e+01
-9.031502532958984375e+01,2.678979110717773438e+01
-9.031452941894531250e+01,2.678832817077636719e+01
-9.031423950195312500e+01,2.678855514526367188e+01
-9.031458282470703125e+01,2.678763389587402344e+01
-9.031522369384765625e+01,2.678798866271972656e+01
-9.031462097167968750e+01,2.678862571716308594e+01
-9.031396484375000000e+01,2.678902053833007812e+01
-9.031411743164062500e+01,2.678949165344238281e+01
-9.031367492675781250e+01,2.678945732116699219e+01
-9.031502532958984375e+01,2.678910255432128906e+01
-9.031430816650390625e+01,2.678962707519531250e+01
-9.031497955322265625e+01,2.678827095031738281e+01
-9.031423950195312500e+01,2.678888511657714844e+01
-9.031455230712890625e+01,2.679001808166503906e+01
-9.031438446044921875e+01,2.678911781311035156e+01
-9.031426239013671875e+01,2.678981971740722656e+01
-9.031517791748046875e+01,2.678946876525878906e+01
-9.031461334228515625e+01,2.678796577453613281e+01
-9.031529998779296875e+01,2.678864479064941406e+01
-9.031500244140625000e+01,2.678799057006835938e+01
-9.031515502929687500e+01,2.678755950927734375e+01
-9.031494140625000000e+01,2.678989028930664062e+01
-9.031484222412109375e+01,2.678890609741210938e+01
-9.031507873535156250e+01,2.679018402099609375e+01
-9.031333923339843750e+01,2.678923225402832031e+01
-9.031446838378906250e+01,2.678800010681152344e+01
-9.031523132324218750e+01,2.678969192504882812e+01
-9.031462097167968750e+01,2.678774261474609375e+01
-9.031482696533203125e+01,2.678732872009277344e+01
-9.031439208984375000e+01,2.678953933715820312e+01
-9.031514739990234375e+01,2.679007720947265625e+01
-9.031455230712890625e+01,2.678974342346191406e+01
-9.031370544433593750e+01,2.678946685791015625e+01
-9.031430053710937500e+01,2.678904151916503906e+01
-9.031436157226562500e+01,2.678994369506835938e+01
-9.031386566162109375e+01,2.678971672058105469e+01
-9.031548309326171875e+01,2.678820419311523438e+01
-9.031362152099609375e+01,2.678914451599121094e+01
-9.031474304199218750e+01,2.678729438781738281e+01
-9.031382751464843750e+01,2.679016685485839844e+01
-9.031474304199218750e+01,2.679012870788574219e+01
-9.031364440917968750e+01,2.678950119018554688e+01
-9.031507873535156250e+01,2.678916168212890625e+01
-9.031472015380859375e+01,2.678886032104492188e+01
-9.031466674804687500e+01,2.678805160522460938e+01
-9.031455230712890625e+01,2.678877449035644531e+01
-9.031523132324218750e+01,2.678967666625976562e+01
-9.031398773193359375e+01,2.678809738159179688e+01
-9.031493377685546875e+01,2.678868865966796875e+01
-9.031439971923828125e+01,2.678866577148437500e+01
-9.031331634521484375e+01,2.678900718688964844e+01
-9.031522369384765625e+01,2.678853034973144531e+01
-9.031421661376953125e+01,2.678950881958007812e+01
-9.031461334228515625e+01,2.678719711303710938e+01
-9.031439971923828125e+01,2.678980636596679688e+01
-9.031352996826171875e+01,2.678923225402832031e+01
-9.031519317626953125e+01,2.678981781005859375e+01
-9.031454467773437500e+01,2.678929901123046875e+01
-9.031392669677734375e+01,2.678829193115234375e+01
-9.031437683105468750e+01,2.678941917419433594e+01
-9.031399536132812500e+01,2.679011535644531250e+01
-9.031462097167968750e+01,2.678865242004394531e+01
-9.031403350830078125e+01,2.678903579711914062e+01
-9.031450653076171875e+01,2.678793907165527344e+01
