longitude,latitude
-8.850206756591796875e+01,2.800476646423339844e+01
-8.850269317626953125e+01,2.800387763977050781e+01
-8.850032806396484375e+01,2.800453376770019531e+01
-8.850217437744140625e+01,2.800432968139648438e+01
-8.850270080566406250e+01,2.800500869750976562e+01
-8.850200653076171875e+01,2.800527381896972656e+01
-8.850297546386718750e+01,2.800364875793457031e+01
-8.850246429443359375e+01,2.800396347045898438e+01
-8.850099945068359375e+01,2.800465583801269531e+01
-8.850288391113281250e+01,2.800538063049316406e+01
-8.850038146972656250e+01,2.800517272949218750e+01
-8.850157165527343750e+01,2.800546073913574219e+01
-8.850337982177734375e+01,2.800331306457519531e+01
-8.850167083740234375e+01,2.800447463989257812e+01
-8.850179290771484375e+01,2.800339698791503906e+01
-8.850237274169921875e+01,2.800574684143066406e+01
-8.850193786621093750e+01,2.800344657897949219e+01
-8.850262451171875000e+01,2.800562477111816406e+01
-8.850357055664062500e+01,2.800372695922851562e+01
-8.850106048583984375e+01,2.800370407104492188e+01
-8.850315856933593750e+01,2.800305366516113281e+01
-8.850111389160156250e+01,2.800449371337890625e+01
-8.850063323974609375e+01,2.800447273254394531e+01
-8.850086212158203125e+01,2.800416183471679688e+01
-8.850186920166015625e+01,2.800542831420898438e+01
-8.850201416015625000e+01,2.800540733337402344e+01
-8.850322723388671875e+01,2.800494384765625000e+01
-8.850234222412109375e+01,2.800425338745117188e+01
-8.850155639648437500e+01,2.800452423095703125e+01
-8.850160217285156250e+01,2.800449752807617188e+01
-8.850067138671875000e+01,2.800506973266601562e+01
-8.850308990478515625e+01,2.800514793395996094e+01
-8.850189971923828125e+01,2.800501441955566406e+01
-8.850041198730468750e+01,2.800533103942871094e+01
-8.850306701660156250e+01,2.800374412536621094e+01
-8.850228118896484375e+01,2.800517272949218750e+01
-8.850042724609375000e+01,2.800550270080566406e+01
-8.850233459472656250e+01,2.800452423095703125e+01
-8.850225830078125000e+01,2.800548553466796875e+01
-8.850319671630859375e+01,2.800383377075195312e+01
-8.850337982177734375e+01,2.800342559814453125e+01
-8.850339508056640625e+01,2.800417709350585938e+01
-8.850081634521484375e+01,2.800443840026855469e+01
-8.850263214111328125e+01,2.800567817687988281e+01
-8.850131225585937500e+01,2.800535583496093750e+01
-8.850342559814453125e+01,2.800492858886718750e+01
-8.850216674804687500e+01,2.800379943847656250e+01
-8.850187683105468750e+01,2.800474166870117188e+01
-8.850088500976562500e+01,2.800459480285644531e+01
-8.850109863281250000e+01,2.800366973876953125e+01
-8.850302124023437500e+01,2.800541305541992188e+01
-8.850234985351562500e+01,2.800424003601074219e+01
-8.850327301025390625e+01,2.800418663024902344e+01
-8.850238037109375000e+01,2.800565147399902344e+01
-8.850215911865234375e+01,2.800474739074707031e+01
-8.850217437744140625e+01,2.800544738769531250e+01
-8.850305938720703125e+01,2.800507926940917969e+01
-8.850343322753906250e+01,2.800405311584472656e+01
-8.850041961669921875e+01,2.800527381896972656e+01
-8.850122833251953125e+01,2.800511741638183594e+01
-8.850337219238281250e+01,2.800361824035644531e+01
-8.850135040283203125e+01,2.800467681884765625e+01
-8.850224304199218750e+01,2.800490951538085938e+01
-8.850341033935546875e+01,2.800366020202636719e+01
-8.850144958496093750e+01,2.800376892089843750e+01
-8.850212860107421875e+01,2.800570678710937500e+01
-8.850244140625000000e+01,2.800455856323242188e+01
-8.850109100341796875e+01,2.800524330139160156e+01
-8.850255584716796875e+01,2.800374221801757812e+01
-8.850193786621093750e+01,2.800474166870117188e+01
-8.850173950195312500e+01,2.800403976440429688e+01
-8.850043487548828125e+01,2.800550079345703125e+01
-8.850080871582031250e+01,2.800410461425781250e+01
-8.850048065185546875e+01,2.800438880920410156e+01
-8.850321960449218750e+01,2.800310897827148438e+01
-8.850246429443359375e+01,2.800340652465820312e+01
-8.850171661376953125e+01,2.800458717346191406e+01
-8.850292205810546875e+01,2.800312995910644531e+01
-8.850331115722656250e+01,2.800386810302734375e+01
-8.850009918212890625e+01,2.800489807128906250e+01
-8.850180816650390625e+01,2.800435829162597656e+01
-8.850174713134765625e+01,2.800408172607421875e+01
-8.850293731689453125e+01,2.800408554077148438e+01
-8.850067138671875000e+01,2.800485992431640625e+01
-8.850346374511718750e+01,2.800422477722167969e+01
-8.850271606445312500e+01,2.800325965881347656e+01
-8.850140380859375000e+01,2.800359725952148438e+01
-8.850110626220703125e+01,2.800489234924316406e+01
-8.850145721435546875e+01,2.800481796264648438e+01
-8.850162506103515625e+01,2.800546646118164062e+01
-8.850212097167968750e+01,2.800376510620117188e+01
-8.850084686279296875e+01,2.800510215759277344e+01
-8.850129699707031250e+01,2.800458908081054688e+01
-8.850277709960937500e+01,2.800346946716308594e+01
-8.850344085693359375e+01,2.800357627868652344e+01
-8.850179290771484375e+01,2.800416183471679688e+01
-8.850255584716796875e+01,2.800453186035156250e+01
-8.850352478027343750e+01,2.800380134582519531e+01
-8.850172424316406250e+01,2.800511360168457031e+01
-8.850206756591796875e+01,2.800374794006347656e+01
-8.850154876708984375e+01,2.800466156005859375e+01
-8.850287628173828125e+01,2.800378227233886719e+01
-8.850065612792968750e+01,2.800479698181152344e+01
-8.850123596191406250e+01,2.800424003601074219e+01
-8.850341033935546875e+01,2.800495910644531250e+01
-8.850128936767578125e+01,2.800439071655273438e+01
-8.850292205810546875e+01,2.800481414794921875e+01
-8.850196838378906250e+01,2.800428390502929688e+01
-8.850059509277343750e+01,2.800469970703125000e+01
-8.850278472900390625e+01,2.800494194030761719e+01
-8.850070190429687500e+01,2.800412750244140625e+01
-8.850202941894531250e+01,2.800491142272949219e+01
-8.850023651123046875e+01,2.800503540039062500e+01
-8.850293731689453125e+01,2.800474357604980469e+01
-8.850129699707031250e+01,2.800460433959960938e+01
-8.850270843505859375e+01,2.800308227539062500e+01
-8.850102996826171875e+01,2.800500106811523438e+01
-8.850052642822265625e+01,2.800513267517089844e+01
-8.850234985351562500e+01,2.800329971313476562e+01
-8.850194549560546875e+01,2.800589752197265625e+01
-8.850295257568359375e+01,2.800476455688476562e+01
-8.850286102294921875e+01,2.800496864318847656e+01
-8.850242614746093750e+01,2.800457763671875000e+01
-8.850260162353515625e+01,2.800415229797363281e+01
-8.850106048583984375e+01,2.800428581237792969e+01
-8.850225830078125000e+01,2.800492668151855469e+01
-8.850303649902343750e+01,2.800372314453125000e+01
-8.850278472900390625e+01,2.800488281250000000e+01
-8.850303649902343750e+01,2.800378227233886719e+01
-8.850140380859375000e+01,2.800491523742675781e+01
-8.850304412841796875e+01,2.800533485412597656e+01
-8.850039672851562500e+01,2.800477218627929688e+01
-8.850346374511718750e+01,2.800353431701660156e+01
-8.850238037109375000e+01,2.800480651855468750e+01
-8.850057983398437500e+01,2.800427818298339844e+01
-8.850134277343750000e+01,2.800486755371093750e+01
-8.850225830078125000e+01,2.800353240966796875e+01
-8.850049591064453125e+01,2.800474357604980469e+01
-8.850267791748046875e+01,2.800422286987304688e+01
-8.850106048583984375e+01,2.800412940979003906e+01
-8.850232696533203125e+01,2.800374794006347656e+01
-8.850157928466796875e+01,2.800446510314941406e+01
-8.850075531005859375e+01,2.800439834594726562e+01
-8.850311279296875000e+01,2.800498390197753906e+01
-8.850040435791015625e+01,2.800531578063964844e+01
-8.850115203857421875e+01,2.800375747680664062e+01
-8.850154113769531250e+01,2.800345611572265625e+01
-8.850112152099609375e+01,2.800443077087402344e+01
-8.850064849853515625e+01,2.800504302978515625e+01
-8.850144195556640625e+01,2.800413513183593750e+01
-8.850139617919921875e+01,2.800509643554687500e+01
-8.850333404541015625e+01,2.800505065917968750e+01
-8.850092315673828125e+01,2.800521469116210938e+01
-8.850157165527343750e+01,2.800373268127441406e+01
-8.850318145751953125e+01,2.800340652465820312e+01
-8.850267028808593750e+01,2.800446701049804688e+01
-8.850141906738281250e+01,2.800467109680175781e+01
-8.850212860107421875e+01,2.800579071044921875e+01
-8.850176239013671875e+01,2.800380706787109375e+01
-8.850331115722656250e+01,2.800504875183105469e+01
-8.850227355957031250e+01,2.800567245483398438e+01
-8.850192260742187500e+01,2.800340270996093750e+01
-8.850204467773437500e+01,2.800473594665527344e+01
-8.850222778320312500e+01,2.800370025634765625e+01
-8.850222015380859375e+01,2.800380134582519531e+01
-8.850106811523437500e+01,2.800406265258789062e+01
-8.850303649902343750e+01,2.800341606140136719e+01
-8.850186920166015625e+01,2.800551605224609375e+01
-8.850164031982421875e+01,2.800529289245605469e+01
-8.850141906738281250e+01,2.800424003601074219e+01
-8.850306701660156250e+01,2.800363159179687500e+01
-8.850197601318359375e+01,2.800393867492675781e+01
-8.850333404541015625e+01,2.800415611267089844e+01
-8.850106048583984375e+01,2.800422286987304688e+01
-8.850218200683593750e+01,2.800584983825683594e+01
-8.850194549560546875e+01,2.800513076782226562e+01
-8.850089263916015625e+01,2.800453758239746094e+01
-8.850091552734375000e+01,2.800545692443847656e+01
-8.850234985351562500e+01,2.800548744201660156e+01
-8.850272369384765625e+01,2.800319099426269531e+01
-8.850302886962890625e+01,2.800370216369628906e+01
-8.850109863281250000e+01,2.800501251220703125e+01
-8.850209045410156250e+01,2.800346183776855469e+01
-8.850336456298828125e+01,2.800339317321777344e+01
-8.850176239013671875e+01,2.800401306152343750e+01
-8.850050354003906250e+01,2.800540924072265625e+01
-8.850048828125000000e+01,2.800437545776367188e+01
-8.850306701660156250e+01,2.800305747985839844e+01
-8.850183105468750000e+01,2.800531959533691406e+01
-8.850337219238281250e+01,2.800429916381835938e+01
-8.850202941894531250e+01,2.800329780578613281e+01
-8.850192260742187500e+01,2.800531959533691406e+01
-8.850173187255859375e+01,2.800383186340332031e+01
-8.850172424316406250e+01,2.800577163696289062e+01
-8.850239562988281250e+01,2.800379562377929688e+01
-8.850237274169921875e+01,2.800380706787109375e+01
-8.850124359130859375e+01,2.800402641296386719e+01
-8.850263977050781250e+01,2.800382041931152344e+01
-8.850242614746093750e+01,2.800331497192382812e+01
-8.850193786621093750e+01,2.800563430786132812e+01
-8.850204467773437500e+01,2.800401306152343750e+01
-8.850257110595703125e+01,2.800328826904296875e+01
-8.850267028808593750e+01,2.800373649597167969e+01
-8.850179290771484375e+01,2.800407791137695312e+01
-8.850292968750000000e+01,2.800438880920410156e+01
-8.850054931640625000e+01,2.800434494018554688e+01
-8.850242614746093750e+01,2.800328826904296875e+01
-8.850142669677734375e+01,2.800518035888671875e+01
-8.850262451171875000e+01,2.800344276428222656e+01
-8.850119781494140625e+01,2.800401687622070312e+01
-8.850094604492187500e+01,2.800424766540527344e+01
-8.850274658203125000e+01,2.800533294677734375e+01
-8.850267028808593750e+01,2.800505256652832031e+01
-8.850132751464843750e+01,2.800384330749511719e+01
-8.850258636474609375e+01,2.800410079956054688e+01
-8.850138092041015625e+01,2.800380134582519531e+01
-8.850277709960937500e+01,2.800534820556640625e+01
-8.850316619873046875e+01,2.800427436828613281e+01
-8.850251007080078125e+01,2.800505828857421875e+01
-8.850081634521484375e+01,2.800508689880371094e+01
-8.850112152099609375e+01,2.800461387634277344e+01
-8.850272369384765625e+01,2.800430107116699219e+01
-8.850301361083984375e+01,2.800398063659667969e+01
-8.850214385986328125e+01,2.800340270996093750e+01
-8.850087738037109375e+01,2.800555419921875000e+01
-8.850296783447265625e+01,2.800354385375976562e+01
-8.850260925292968750e+01,2.800325202941894531e+01
-8.850288391113281250e+01,2.800353240966796875e+01
-8.850154113769531250e+01,2.800435447692871094e+01
-8.850249481201171875e+01,2.800539207458496094e+01
-8.850267028808593750e+01,2.800480270385742188e+01
-8.850145721435546875e+01,2.800388526916503906e+01
-8.850239562988281250e+01,2.800562477111816406e+01
-8.850319671630859375e+01,2.800414085388183594e+01
-8.850262451171875000e+01,2.800574111938476562e+01
-8.850164031982421875e+01,2.800506973266601562e+01
-8.850318908691406250e+01,2.800517654418945312e+01
-8.850133514404296875e+01,2.800501823425292969e+01
-8.850135040283203125e+01,2.800438308715820312e+01
-8.850144195556640625e+01,2.800442123413085938e+01
-8.850196075439453125e+01,2.800559234619140625e+01
-8.850339508056640625e+01,2.800502395629882812e+01
-8.850173187255859375e+01,2.800479507446289062e+01
-8.850205230712890625e+01,2.800518798828125000e+01
-8.850326538085937500e+01,2.800322914123535156e+01
-8.850159454345703125e+01,2.800432205200195312e+01
-8.850131988525390625e+01,2.800368881225585938e+01
-8.850183105468750000e+01,2.800485801696777344e+01
-8.850158691406250000e+01,2.800423240661621094e+01
-8.850153350830078125e+01,2.800442314147949219e+01
-8.850208282470703125e+01,2.800332641601562500e+01
-8.850230407714843750e+01,2.800434112548828125e+01
-8.850206756591796875e+01,2.800360679626464844e+01
-8.850301361083984375e+01,2.800409889221191406e+01
-8.850276947021484375e+01,2.800391769409179688e+01
-8.850228118896484375e+01,2.800493621826171875e+01
-8.850109100341796875e+01,2.800453567504882812e+01
-8.850089263916015625e+01,2.800405311584472656e+01
-8.850206756591796875e+01,2.800563049316406250e+01
-8.850289916992187500e+01,2.800404357910156250e+01
-8.850125122070312500e+01,2.800486946105957031e+01
-8.850075531005859375e+01,2.800404357910156250e+01
-8.850218200683593750e+01,2.800573158264160156e+01
-8.850299072265625000e+01,2.800436782836914062e+01
-8.850193786621093750e+01,2.800412559509277344e+01
-8.850201416015625000e+01,2.800349235534667969e+01
-8.850134277343750000e+01,2.800480079650878906e+01
-8.850236511230468750e+01,2.800526237487792969e+01
-8.850267791748046875e+01,2.800407600402832031e+01
-8.850130462646484375e+01,2.800496673583984375e+01
-8.850180053710937500e+01,2.800505447387695312e+01
-8.850124359130859375e+01,2.800469207763671875e+01
-8.850198364257812500e+01,2.800325965881347656e+01
-8.850077056884765625e+01,2.800540733337402344e+01
-8.850274658203125000e+01,2.800482559204101562e+01
-8.850084686279296875e+01,2.800521850585937500e+01
-8.850051879882812500e+01,2.800450706481933594e+01
-8.850220489501953125e+01,2.800369644165039062e+01
-8.850109100341796875e+01,2.800408935546875000e+01
-8.850140380859375000e+01,2.800463676452636719e+01
-8.850261688232421875e+01,2.800391960144042969e+01
-8.850274658203125000e+01,2.800304794311523438e+01
-8.850131225585937500e+01,2.800355529785156250e+01
-8.850199890136718750e+01,2.800369071960449219e+01
-8.850054168701171875e+01,2.800417900085449219e+01
-8.850276947021484375e+01,2.800484657287597656e+01
-8.850192260742187500e+01,2.800577926635742188e+01
-8.850119781494140625e+01,2.800363349914550781e+01
-8.850146484375000000e+01,2.800378036499023438e+01
-8.850292968750000000e+01,2.800332069396972656e+01
-8.850302886962890625e+01,2.800427055358886719e+01
-8.850151062011718750e+01,2.800455284118652344e+01
-8.850291442871093750e+01,2.800500679016113281e+01
-8.850325012207031250e+01,2.800516891479492188e+01
-8.850321960449218750e+01,2.800365638732910156e+01
-8.850277709960937500e+01,2.800409126281738281e+01
-8.850350189208984375e+01,2.800429725646972656e+01
-8.850287628173828125e+01,2.800406837463378906e+01
-8.850266265869140625e+01,2.800472640991210938e+01
-8.850341796875000000e+01,2.800419425964355469e+01
-8.850208282470703125e+01,2.800341415405273438e+01
-8.850242614746093750e+01,2.800393295288085938e+01
-8.850279235839843750e+01,2.800465393066406250e+01
-8.850211334228515625e+01,2.800377845764160156e+01
-8.850225067138671875e+01,2.800507164001464844e+01
-8.850224304199218750e+01,2.800487899780273438e+01
-8.850230407714843750e+01,2.800426673889160156e+01
-8.850260925292968750e+01,2.800466918945312500e+01
-8.850201416015625000e+01,2.800543975830078125e+01
-8.850251007080078125e+01,2.800398445129394531e+01
-8.850337219238281250e+01,2.800323295593261719e+01
-8.850251770019531250e+01,2.800532150268554688e+01
-8.850313568115234375e+01,2.800386428833007812e+01
-8.850275421142578125e+01,2.800438117980957031e+01
-8.850296783447265625e+01,2.800329017639160156e+01
-8.850298309326171875e+01,2.800528335571289062e+01
-8.850167083740234375e+01,2.800514411926269531e+01
-8.850067901611328125e+01,2.800418663024902344e+01
-8.850209045410156250e+01,2.800368309020996094e+01
-8.850322723388671875e+01,2.800477218627929688e+01
-8.850251770019531250e+01,2.800481224060058594e+01
-8.850251007080078125e+01,2.800409126281738281e+01
-8.850148773193359375e+01,2.800410461425781250e+01
-8.850102996826171875e+01,2.800517463684082031e+01
-8.850088500976562500e+01,2.800470161437988281e+01
-8.850244140625000000e+01,2.800375175476074219e+01
-8.850269317626953125e+01,2.800557327270507812e+01
-8.850335693359375000e+01,2.800357246398925781e+01
-8.850080871582031250e+01,2.800512695312500000e+01
-8.850137329101562500e+01,2.800450897216796875e+01
-8.850249481201171875e+01,2.800377273559570312e+01
-8.850281524658203125e+01,2.800395774841308594e+01
-8.850138092041015625e+01,2.800403594970703125e+01
-8.850156402587890625e+01,2.800437736511230469e+01
-8.850308227539062500e+01,2.800324249267578125e+01
-8.850339508056640625e+01,2.800376319885253906e+01
-8.850314331054687500e+01,2.800500869750976562e+01
-8.850269317626953125e+01,2.800461959838867188e+01
-8.850347137451171875e+01,2.800488853454589844e+01
-8.850285339355468750e+01,2.800343322753906250e+01
-8.850091552734375000e+01,2.800402832031250000e+01
-8.850267028808593750e+01,2.800393486022949219e+01
-8.850157928466796875e+01,2.800465774536132812e+01
-8.850179290771484375e+01,2.800539398193359375e+01
-8.850229644775390625e+01,2.800516128540039062e+01
-8.850222015380859375e+01,2.800351524353027344e+01
-8.850117492675781250e+01,2.800486755371093750e+01
-8.850196075439453125e+01,2.800577354431152344e+01
-8.850314331054687500e+01,2.800445938110351562e+01
-8.850135040283203125e+01,2.800419998168945312e+01
-8.850313568115234375e+01,2.800361824035644531e+01
-8.850176239013671875e+01,2.800419616699218750e+01
-8.850324249267578125e+01,2.800436782836914062e+01
-8.850260925292968750e+01,2.800470542907714844e+01
-8.850328063964843750e+01,2.800481033325195312e+01
-8.850104522705078125e+01,2.800523757934570312e+01
-8.850238037109375000e+01,2.800489616394042969e+01
-8.850317382812500000e+01,2.800534629821777344e+01
-8.850258636474609375e+01,2.800349807739257812e+01
-8.850108337402343750e+01,2.800528717041015625e+01
-8.850236511230468750e+01,2.800413703918457031e+01
-8.850348663330078125e+01,2.800368690490722656e+01
-8.850089263916015625e+01,2.800510597229003906e+01
-8.850074768066406250e+01,2.800545501708984375e+01
-8.850233459472656250e+01,2.800465583801269531e+01
-8.850341033935546875e+01,2.800349617004394531e+01
-8.850181579589843750e+01,2.800511360168457031e+01
-8.850299072265625000e+01,2.800387191772460938e+01
-8.850119781494140625e+01,2.800538253784179688e+01
-8.850119018554687500e+01,2.800492858886718750e+01
-8.850102233886718750e+01,2.800460243225097656e+01
-8.850284576416015625e+01,2.800446319580078125e+01
-8.850350189208984375e+01,2.800394439697265625e+01
-8.850344085693359375e+01,2.800436592102050781e+01
-8.850269317626953125e+01,2.800353813171386719e+01
-8.850251007080078125e+01,2.800408172607421875e+01
-8.850153350830078125e+01,2.800377082824707031e+01
-8.850160980224609375e+01,2.800402641296386719e+01
-8.850026702880859375e+01,2.800542068481445312e+01
-8.850016021728515625e+01,2.800474357604980469e+01
-8.850160217285156250e+01,2.800458717346191406e+01
-8.850257110595703125e+01,2.800538825988769531e+01
-8.850204467773437500e+01,2.800480651855468750e+01
-8.850177764892578125e+01,2.800394248962402344e+01
-8.850208282470703125e+01,2.800557518005371094e+01
-8.850255584716796875e+01,2.800541305541992188e+01
-8.850308990478515625e+01,2.800397491455078125e+01
-8.850323486328125000e+01,2.800502967834472656e+01
-8.850305175781250000e+01,2.800444412231445312e+01
-8.850298309326171875e+01,2.800329017639160156e+01
-8.850122070312500000e+01,2.800479316711425781e+01
-8.850097656250000000e+01,2.800470352172851562e+01
-8.850220489501953125e+01,2.800320053100585938e+01
-8.850331878662109375e+01,2.800411033630371094e+01
-8.850334930419921875e+01,2.800465965270996094e+01
-8.850356292724609375e+01,2.800339317321777344e+01
-8.850244140625000000e+01,2.800426864624023438e+01
-8.850210571289062500e+01,2.800324630737304688e+01
-8.850080871582031250e+01,2.800435638427734375e+01
-8.850296783447265625e+01,2.800329017639160156e+01
-8.850060272216796875e+01,2.800524520874023438e+01
-8.850267791748046875e+01,2.800307846069335938e+01
-8.850319671630859375e+01,2.800406837463378906e+01
-8.850272369384765625e+01,2.800477790832519531e+01
-8.850321197509765625e+01,2.800380325317382812e+01
-8.850264739990234375e+01,2.800440216064453125e+01
-8.850082397460937500e+01,2.800527191162109375e+01
-8.850187683105468750e+01,2.800424194335937500e+01
-8.850155639648437500e+01,2.800394821166992188e+01
-8.850348663330078125e+01,2.800431442260742188e+01
-8.850045013427734375e+01,2.800548744201660156e+01
-8.850060272216796875e+01,2.800490188598632812e+01
-8.850280761718750000e+01,2.800320053100585938e+01
-8.850168609619140625e+01,2.800458717346191406e+01
-8.850308990478515625e+01,2.800504112243652344e+01
-8.850315856933593750e+01,2.800387001037597656e+01
-8.850087738037109375e+01,2.800391578674316406e+01
-8.850302124023437500e+01,2.800491905212402344e+01
-8.850023651123046875e+01,2.800490951538085938e+01
-8.850249481201171875e+01,2.800380897521972656e+01
-8.850075531005859375e+01,2.800416946411132812e+01
-8.850218963623046875e+01,2.800426673889160156e+01
-8.850256347656250000e+01,2.800459098815917969e+01
-8.850282287597656250e+01,2.800394630432128906e+01
-8.850231933593750000e+01,2.800499916076660156e+01
-8.850125885009765625e+01,2.800443077087402344e+01
-8.850167846679687500e+01,2.800351905822753906e+01
-8.850025177001953125e+01,2.800528907775878906e+01
-8.850198364257812500e+01,2.800331115722656250e+01
-8.850110626220703125e+01,2.800527572631835938e+01
-8.850347900390625000e+01,2.800493240356445312e+01
-8.850025177001953125e+01,2.800473594665527344e+01
-8.850191497802734375e+01,2.800461578369140625e+01
-8.850256347656250000e+01,2.800464630126953125e+01
-8.850059509277343750e+01,2.800414085388183594e+01
-8.850286865234375000e+01,2.800384140014648438e+01
-8.850105285644531250e+01,2.800482177734375000e+01
-8.850099945068359375e+01,2.800386428833007812e+01
-8.850183868408203125e+01,2.800467300415039062e+01
-8.850269317626953125e+01,2.800301933288574219e+01
-8.850091552734375000e+01,2.800477409362792969e+01
-8.850134277343750000e+01,2.800518226623535156e+01
-8.850267791748046875e+01,2.800416755676269531e+01
-8.850099182128906250e+01,2.800476455688476562e+01
-8.850189971923828125e+01,2.800410461425781250e+01
-8.850157928466796875e+01,2.800350952148437500e+01
-8.850187683105468750e+01,2.800438880920410156e+01
-8.850307464599609375e+01,2.800426864624023438e+01
-8.850193023681640625e+01,2.800474739074707031e+01
-8.850223541259765625e+01,2.800520706176757812e+01
-8.850232696533203125e+01,2.800500869750976562e+01
-8.850164031982421875e+01,2.800353431701660156e+01
-8.850305938720703125e+01,2.800504684448242188e+01
-8.850129699707031250e+01,2.800377082824707031e+01
-8.850167846679687500e+01,2.800407218933105469e+01
-8.850226593017578125e+01,2.800432777404785156e+01
-8.850321960449218750e+01,2.800526237487792969e+01
-8.850296020507812500e+01,2.800321769714355469e+01
-8.850122070312500000e+01,2.800440025329589844e+01
-8.850335693359375000e+01,2.800497245788574219e+01
-8.850337219238281250e+01,2.800409507751464844e+01
-8.850176239013671875e+01,2.800353813171386719e+01
-8.850098419189453125e+01,2.800425720214843750e+01
-8.850112152099609375e+01,2.800439834594726562e+01
-8.850132751464843750e+01,2.800378799438476562e+01
-8.850112152099609375e+01,2.800432014465332031e+01
-8.850283050537109375e+01,2.800364303588867188e+01
-8.850222015380859375e+01,2.800488090515136719e+01
-8.850323486328125000e+01,2.800313949584960938e+01
-8.850140380859375000e+01,2.800541877746582031e+01
-8.850304412841796875e+01,2.800398445129394531e+01
-8.850261688232421875e+01,2.800363540649414062e+01
-8.850263977050781250e+01,2.800557899475097656e+01
-8.850220489501953125e+01,2.800536918640136719e+01
-8.850303649902343750e+01,2.800444221496582031e+01
-8.850254058837890625e+01,2.800526428222656250e+01
-8.850163269042968750e+01,2.800534248352050781e+01
-8.850156402587890625e+01,2.800485229492187500e+01
-8.850061798095703125e+01,2.800455093383789062e+01
-8.850190734863281250e+01,2.800382041931152344e+01
-8.850138092041015625e+01,2.800386238098144531e+01
-8.850248718261718750e+01,2.800403213500976562e+01
-8.850148773193359375e+01,2.800350379943847656e+01
-8.850315093994140625e+01,2.800422286987304688e+01
-8.850244140625000000e+01,2.800433540344238281e+01
-8.850165557861328125e+01,2.800360870361328125e+01
-8.850066375732421875e+01,2.800537300109863281e+01
-8.850081634521484375e+01,2.800531387329101562e+01
-8.850074005126953125e+01,2.800443649291992188e+01
-8.850102233886718750e+01,2.800428390502929688e+01
-8.850212097167968750e+01,2.800455665588378906e+01
-8.850086975097656250e+01,2.800411796569824219e+01
-8.850176239013671875e+01,2.800533294677734375e+01
-8.850183105468750000e+01,2.800335311889648438e+01
-8.850317382812500000e+01,2.800460052490234375e+01
-8.850144195556640625e+01,2.800541114807128906e+01
-8.850277709960937500e+01,2.800514030456542969e+01
-8.850252532958984375e+01,2.800537300109863281e+01
-8.850190734863281250e+01,2.800433731079101562e+01
-8.850343322753906250e+01,2.800334739685058594e+01
-8.850185394287109375e+01,2.800346183776855469e+01
-8.850109863281250000e+01,2.800500488281250000e+01
-8.850286102294921875e+01,2.800459289550781250e+01
-8.850312805175781250e+01,2.800404930114746094e+01
-8.850324249267578125e+01,2.800428199768066406e+01
-8.850182342529296875e+01,2.800415802001953125e+01
-8.850303649902343750e+01,2.800318908691406250e+01
-8.850220489501953125e+01,2.800419807434082031e+01
-8.850255584716796875e+01,2.800452423095703125e+01
-8.850188446044921875e+01,2.800426673889160156e+01
-8.850205230712890625e+01,2.800402259826660156e+01
-8.850159454345703125e+01,2.800499916076660156e+01
-8.850312042236328125e+01,2.800366401672363281e+01
-8.850164031982421875e+01,2.800437927246093750e+01
-8.850312042236328125e+01,2.800471687316894531e+01
-8.850307464599609375e+01,2.800441169738769531e+01
-8.850218200683593750e+01,2.800493431091308594e+01
-8.850279235839843750e+01,2.800378799438476562e+01
-8.850205230712890625e+01,2.800517654418945312e+01
-8.850180816650390625e+01,2.800532531738281250e+01
-8.850082397460937500e+01,2.800411796569824219e+01
-8.850010681152343750e+01,2.800503540039062500e+01
-8.850290679931640625e+01,2.800415420532226562e+01
-8.850104522705078125e+01,2.800396919250488281e+01
-8.850092315673828125e+01,2.800532722473144531e+01
-8.850258636474609375e+01,2.800440597534179688e+01
-8.850199890136718750e+01,2.800580596923828125e+01
-8.850286102294921875e+01,2.800450515747070312e+01
-8.850211334228515625e+01,2.800566101074218750e+01
-8.850318145751953125e+01,2.800360870361328125e+01
-8.850338745117187500e+01,2.800357818603515625e+01
-8.850154876708984375e+01,2.800488662719726562e+01
-8.850271606445312500e+01,2.800412750244140625e+01
-8.850125885009765625e+01,2.800517463684082031e+01
-8.850192260742187500e+01,2.800461769104003906e+01
-8.850037384033203125e+01,2.800458335876464844e+01
-8.850251007080078125e+01,2.800329208374023438e+01
-8.850284576416015625e+01,2.800410270690917969e+01
-8.850308990478515625e+01,2.800468826293945312e+01
-8.850053405761718750e+01,2.800520324707031250e+01
-8.850332641601562500e+01,2.800330924987792969e+01
-8.850113677978515625e+01,2.800468063354492188e+01
-8.850334930419921875e+01,2.800305747985839844e+01
-8.850087738037109375e+01,2.800437355041503906e+01
-8.850244140625000000e+01,2.800516319274902344e+01
-8.850302886962890625e+01,2.800520324707031250e+01
-8.850073242187500000e+01,2.800545692443847656e+01
-8.850334167480468750e+01,2.800304794311523438e+01
-8.850209808349609375e+01,2.800425338745117188e+01
-8.850177764892578125e+01,2.800510978698730469e+01
-8.850089263916015625e+01,2.800408363342285156e+01
-8.850312805175781250e+01,2.800355911254882812e+01
-8.850307464599609375e+01,2.800447082519531250e+01
-8.850251770019531250e+01,2.800560760498046875e+01
-8.850260162353515625e+01,2.800460433959960938e+01
-8.850037384033203125e+01,2.800509071350097656e+01
-8.850202941894531250e+01,2.800479507446289062e+01
-8.850184631347656250e+01,2.800387382507324219e+01
-8.850274658203125000e+01,2.800375747680664062e+01
-8.850227355957031250e+01,2.800360870361328125e+01
-8.850218963623046875e+01,2.800439834594726562e+01
-8.850090026855468750e+01,2.800467872619628906e+01
-8.850080871582031250e+01,2.800398635864257812e+01
-8.850205993652343750e+01,2.800518417358398438e+01
-8.850187683105468750e+01,2.800447082519531250e+01
-8.850141906738281250e+01,2.800528717041015625e+01
-8.850150299072265625e+01,2.800465774536132812e+01
-8.850264739990234375e+01,2.800410652160644531e+01
-8.850158691406250000e+01,2.800379943847656250e+01
-8.850290679931640625e+01,2.800338935852050781e+01
-8.850027465820312500e+01,2.800463485717773438e+01
-8.850087738037109375e+01,2.800426483154296875e+01
-8.850248718261718750e+01,2.800409889221191406e+01
-8.850299072265625000e+01,2.800527572631835938e+01
-8.850203704833984375e+01,2.800503158569335938e+01
-8.850236511230468750e+01,2.800525665283203125e+01
-8.850319671630859375e+01,2.800462913513183594e+01
-8.850331878662109375e+01,2.800395774841308594e+01
-8.850316619873046875e+01,2.800311660766601562e+01
-8.850231170654296875e+01,2.800498008728027344e+01
-8.850299835205078125e+01,2.800347900390625000e+01
-8.850066375732421875e+01,2.800513648986816406e+01
-8.850155639648437500e+01,2.800564765930175781e+01
-8.850168609619140625e+01,2.800393104553222656e+01
-8.850076293945312500e+01,2.800529289245605469e+01
-8.850298309326171875e+01,2.800429534912109375e+01
-8.850118255615234375e+01,2.800485992431640625e+01
-8.850273895263671875e+01,2.800359725952148438e+01
-8.850261688232421875e+01,2.800438117980957031e+01
-8.850233459472656250e+01,2.800377273559570312e+01
-8.850225830078125000e+01,2.800494766235351562e+01
-8.850177764892578125e+01,2.800350952148437500e+01
-8.850212097167968750e+01,2.800497817993164062e+01
-8.850308990478515625e+01,2.800522041320800781e+01
-8.850288391113281250e+01,2.800309371948242188e+01
-8.850253295898437500e+01,2.800345420837402344e+01
-8.850351715087890625e+01,2.800388717651367188e+01
-8.850144958496093750e+01,2.800492095947265625e+01
-8.850081634521484375e+01,2.800521469116210938e+01
-8.850157165527343750e+01,2.800470733642578125e+01
-8.850134277343750000e+01,2.800399971008300781e+01
-8.850354003906250000e+01,2.800382041931152344e+01
-8.850234222412109375e+01,2.800333023071289062e+01
-8.850057983398437500e+01,2.800463294982910156e+01
-8.850265502929687500e+01,2.800374603271484375e+01
-8.850157928466796875e+01,2.800518226623535156e+01
-8.850266265869140625e+01,2.800303840637207031e+01
-8.850106048583984375e+01,2.800426483154296875e+01
-8.850171661376953125e+01,2.800559997558593750e+01
-8.850138092041015625e+01,2.800503540039062500e+01
-8.850240325927734375e+01,2.800345993041992188e+01
-8.850205230712890625e+01,2.800559234619140625e+01
-8.850174713134765625e+01,2.800360679626464844e+01
-8.850334930419921875e+01,2.800442886352539062e+01
-8.850310516357421875e+01,2.800358772277832031e+01
-8.850328063964843750e+01,2.800384902954101562e+01
-8.850327301025390625e+01,2.800392723083496094e+01
-8.850276947021484375e+01,2.800358772277832031e+01
-8.850172424316406250e+01,2.800494956970214844e+01
-8.850230407714843750e+01,2.800550460815429688e+01
-8.850203704833984375e+01,2.800352668762207031e+01
-8.850242614746093750e+01,2.800522232055664062e+01
-8.850234985351562500e+01,2.800477218627929688e+01
-8.850337982177734375e+01,2.800456619262695312e+01
-8.850267028808593750e+01,2.800458335876464844e+01
-8.850190734863281250e+01,2.800558280944824219e+01
-8.850276184082031250e+01,2.800486946105957031e+01
-8.850073242187500000e+01,2.800542259216308594e+01
-8.850136566162109375e+01,2.800361251831054688e+01
-8.850291442871093750e+01,2.800386810302734375e+01
-8.850292205810546875e+01,2.800390052795410156e+01
-8.850313568115234375e+01,2.800325393676757812e+01
-8.850330352783203125e+01,2.800408744812011719e+01
-8.850164794921875000e+01,2.800557327270507812e+01
-8.850318145751953125e+01,2.800508117675781250e+01
-8.850141906738281250e+01,2.800345230102539062e+01
-8.850096893310546875e+01,2.800477409362792969e+01
-8.850286102294921875e+01,2.800392341613769531e+01
-8.850051116943359375e+01,2.800482559204101562e+01
-8.850126647949218750e+01,2.800424194335937500e+01
-8.850009918212890625e+01,2.800477600097656250e+01
-8.850014495849609375e+01,2.800506782531738281e+01
-8.850030517578125000e+01,2.800463294982910156e+01
-8.850306701660156250e+01,2.800341224670410156e+01
-8.850333404541015625e+01,2.800505447387695312e+01
-8.850041961669921875e+01,2.800470542907714844e+01
-8.850218200683593750e+01,2.800354194641113281e+01
-8.850211334228515625e+01,2.800440788269042969e+01
-8.850328826904296875e+01,2.800326156616210938e+01
-8.850237274169921875e+01,2.800380897521972656e+01
-8.850257873535156250e+01,2.800474166870117188e+01
-8.850330352783203125e+01,2.800489234924316406e+01
-8.850353240966796875e+01,2.800428199768066406e+01
-8.850051116943359375e+01,2.800451087951660156e+01
-8.850359344482421875e+01,2.800325393676757812e+01
-8.850170135498046875e+01,2.800560379028320312e+01
-8.850307464599609375e+01,2.800383377075195312e+01
-8.850313568115234375e+01,2.800466156005859375e+01
-8.850318908691406250e+01,2.800458335876464844e+01
-8.850150299072265625e+01,2.800503540039062500e+01
-8.850231933593750000e+01,2.800563621520996094e+01
-8.850068664550781250e+01,2.800437927246093750e+01
-8.850162506103515625e+01,2.800480651855468750e+01
-8.850143432617187500e+01,2.800467300415039062e+01
-8.850328826904296875e+01,2.800376510620117188e+01
-8.850172424316406250e+01,2.800348854064941406e+01
-8.850293731689453125e+01,2.800366783142089844e+01
-8.850175476074218750e+01,2.800378227233886719e+01
-8.850291442871093750e+01,2.800480842590332031e+01
-8.850180053710937500e+01,2.800405502319335938e+01
-8.850195312500000000e+01,2.800587654113769531e+01
-8.850024414062500000e+01,2.800480842590332031e+01
-8.850032806396484375e+01,2.800504684448242188e+01
-8.850189208984375000e+01,2.800502204895019531e+01
-8.850208282470703125e+01,2.800453376770019531e+01
-8.850268554687500000e+01,2.800473213195800781e+01
-8.850264739990234375e+01,2.800458335876464844e+01
-8.850189208984375000e+01,2.800423431396484375e+01
-8.850238037109375000e+01,2.800394058227539062e+01
-8.850211334228515625e+01,2.800465393066406250e+01
-8.850263977050781250e+01,2.800358200073242188e+01
-8.850312042236328125e+01,2.800488662719726562e+01
-8.850115203857421875e+01,2.800530242919921875e+01
-8.850187683105468750e+01,2.800408554077148438e+01
-8.850225830078125000e+01,2.800400161743164062e+01
-8.850309753417968750e+01,2.800374794006347656e+01
-8.850173950195312500e+01,2.800362777709960938e+01
-8.850102996826171875e+01,2.800387382507324219e+01
-8.850213623046875000e+01,2.800441169738769531e+01
-8.850211334228515625e+01,2.800522994995117188e+01
-8.850323486328125000e+01,2.800500297546386719e+01
-8.850251007080078125e+01,2.800531959533691406e+01
-8.850167083740234375e+01,2.800414085388183594e+01
-8.850065612792968750e+01,2.800518035888671875e+01
-8.850283813476562500e+01,2.800407028198242188e+01
-8.850144958496093750e+01,2.800401115417480469e+01
-8.850115966796875000e+01,2.800460052490234375e+01
-8.850220489501953125e+01,2.800372886657714844e+01
-8.850298309326171875e+01,2.800333976745605469e+01
-8.850057220458984375e+01,2.800405311584472656e+01
-8.850228881835937500e+01,2.800486755371093750e+01
-8.850189208984375000e+01,2.800571250915527344e+01
-8.850035095214843750e+01,2.800538444519042969e+01
-8.850173950195312500e+01,2.800469970703125000e+01
-8.850035858154296875e+01,2.800447273254394531e+01
-8.850227355957031250e+01,2.800372123718261719e+01
-8.850333404541015625e+01,2.800456237792968750e+01
-8.850080871582031250e+01,2.800473594665527344e+01
-8.850253295898437500e+01,2.800354003906250000e+01
-8.850313568115234375e+01,2.800415802001953125e+01
-8.850047302246093750e+01,2.800466728210449219e+01
-8.850187683105468750e+01,2.800417327880859375e+01
-8.850301361083984375e+01,2.800401496887207031e+01
-8.850224304199218750e+01,2.800566101074218750e+01
-8.850339508056640625e+01,2.800455856323242188e+01
-8.850122070312500000e+01,2.800363349914550781e+01
-8.850057220458984375e+01,2.800483512878417969e+01
-8.850324249267578125e+01,2.800465965270996094e+01
-8.850226593017578125e+01,2.800408744812011719e+01
-8.850067138671875000e+01,2.800420761108398438e+01
-8.850312042236328125e+01,2.800318908691406250e+01
-8.850276947021484375e+01,2.800507926940917969e+01
-8.850090026855468750e+01,2.800532150268554688e+01
-8.850221252441406250e+01,2.800357818603515625e+01
-8.850141143798828125e+01,2.800545501708984375e+01
-8.850226593017578125e+01,2.800459289550781250e+01
-8.850115966796875000e+01,2.800443458557128906e+01
-8.850228881835937500e+01,2.800420188903808594e+01
-8.850041961669921875e+01,2.800535202026367188e+01
-8.850025177001953125e+01,2.800526237487792969e+01
-8.850132751464843750e+01,2.800456237792968750e+01
-8.850070953369140625e+01,2.800498771667480469e+01
-8.850055694580078125e+01,2.800408172607421875e+01
-8.850201416015625000e+01,2.800527000427246094e+01
-8.850229644775390625e+01,2.800423240661621094e+01
-8.850218200683593750e+01,2.800510025024414062e+01
-8.850066375732421875e+01,2.800451469421386719e+01
-8.850247192382812500e+01,2.800416564941406250e+01
-8.850287628173828125e+01,2.800504684448242188e+01
-8.850222015380859375e+01,2.800387954711914062e+01
-8.850302124023437500e+01,2.800528526306152344e+01
-8.850074005126953125e+01,2.800441169738769531e+01
-8.850215911865234375e+01,2.800498962402343750e+01
-8.850241088867187500e+01,2.800362205505371094e+01
-8.850296020507812500e+01,2.800314712524414062e+01
-8.850356292724609375e+01,2.800355339050292969e+01
-8.850071716308593750e+01,2.800503730773925781e+01
-8.850109100341796875e+01,2.800535964965820312e+01
-8.850156402587890625e+01,2.800373649597167969e+01
-8.850097656250000000e+01,2.800512886047363281e+01
-8.850196838378906250e+01,2.800370216369628906e+01
-8.850122833251953125e+01,2.800501632690429688e+01
-8.850061035156250000e+01,2.800420570373535156e+01
-8.850061798095703125e+01,2.800508308410644531e+01
-8.850144195556640625e+01,2.800467109680175781e+01
-8.850332641601562500e+01,2.800341606140136719e+01
-8.850009155273437500e+01,2.800496864318847656e+01
-8.850338745117187500e+01,2.800417327880859375e+01
-8.850266265869140625e+01,2.800329399108886719e+01
-8.850190734863281250e+01,2.800479507446289062e+01
-8.850289916992187500e+01,2.800510597229003906e+01
-8.850046539306640625e+01,2.800505065917968750e+01
-8.850336456298828125e+01,2.800428962707519531e+01
-8.850264739990234375e+01,2.800558662414550781e+01
-8.850286102294921875e+01,2.800513458251953125e+01
-8.850185394287109375e+01,2.800332069396972656e+01
-8.850327301025390625e+01,2.800396919250488281e+01
-8.850197601318359375e+01,2.800375175476074219e+01
-8.850166320800781250e+01,2.800478363037109375e+01
-8.850168609619140625e+01,2.800541877746582031e+01
-8.850266265869140625e+01,2.800350189208984375e+01
-8.850027465820312500e+01,2.800522613525390625e+01
-8.850122833251953125e+01,2.800359916687011719e+01
-8.850028228759765625e+01,2.800478744506835938e+01
-8.850031280517578125e+01,2.800446510314941406e+01
-8.850338745117187500e+01,2.800298881530761719e+01
-8.850279235839843750e+01,2.800320434570312500e+01
-8.850030517578125000e+01,2.800475120544433594e+01
-8.850194549560546875e+01,2.800381278991699219e+01
-8.850089263916015625e+01,2.800528335571289062e+01
-8.850151062011718750e+01,2.800536346435546875e+01
-8.850154876708984375e+01,2.800431442260742188e+01
-8.850273895263671875e+01,2.800308036804199219e+01
-8.850111389160156250e+01,2.800502586364746094e+01
-8.850142669677734375e+01,2.800416755676269531e+01
-8.850254821777343750e+01,2.800453948974609375e+01
-8.850100708007812500e+01,2.800411415100097656e+01
-8.850258636474609375e+01,2.800566864013671875e+01
-8.850157165527343750e+01,2.800381660461425781e+01
-8.850230407714843750e+01,2.800564575195312500e+01
-8.850174713134765625e+01,2.800441932678222656e+01
-8.850143432617187500e+01,2.800545120239257812e+01
-8.850066375732421875e+01,2.800494384765625000e+01
-8.850166320800781250e+01,2.800456047058105469e+01
-8.850335693359375000e+01,2.800442504882812500e+01
-8.850003814697265625e+01,2.800495529174804688e+01
-8.850173187255859375e+01,2.800418090820312500e+01
-8.850238037109375000e+01,2.800532722473144531e+01
-8.850058746337890625e+01,2.800523757934570312e+01
-8.850330352783203125e+01,2.800465774536132812e+01
-8.850064849853515625e+01,2.800470542907714844e+01
-8.850315856933593750e+01,2.800392341613769531e+01
-8.850148010253906250e+01,2.800539398193359375e+01
-8.850334167480468750e+01,2.800387191772460938e+01
-8.850183868408203125e+01,2.800574684143066406e+01
-8.850302886962890625e+01,2.800324058532714844e+01
-8.850196075439453125e+01,2.800388336181640625e+01
-8.850054168701171875e+01,2.800497055053710938e+01
-8.850088500976562500e+01,2.800464057922363281e+01
-8.850069427490234375e+01,2.800445365905761719e+01
-8.850334930419921875e+01,2.800463867187500000e+01
-8.850299072265625000e+01,2.800343322753906250e+01
-8.850196075439453125e+01,2.800527381896972656e+01
-8.850207519531250000e+01,2.800471115112304688e+01
-8.850299072265625000e+01,2.800394248962402344e+01
-8.850308990478515625e+01,2.800331687927246094e+01
-8.850279235839843750e+01,2.800355720520019531e+01
-8.850045776367187500e+01,2.800552749633789062e+01
-8.850183105468750000e+01,2.800384330749511719e+01
-8.850286865234375000e+01,2.800324249267578125e+01
-8.850276184082031250e+01,2.800473594665527344e+01
-8.850341033935546875e+01,2.800298500061035156e+01
-8.850232696533203125e+01,2.800460052490234375e+01
-8.850147247314453125e+01,2.800375175476074219e+01
-8.850263214111328125e+01,2.800472068786621094e+01
-8.850310516357421875e+01,2.800327301025390625e+01
-8.850106048583984375e+01,2.800403976440429688e+01
-8.850251770019531250e+01,2.800498008728027344e+01
-8.850313568115234375e+01,2.800481033325195312e+01
-8.850092315673828125e+01,2.800381660461425781e+01
-8.850041961669921875e+01,2.800458145141601562e+01
-8.850202941894531250e+01,2.800368499755859375e+01
-8.850305175781250000e+01,2.800323104858398438e+01
-8.850281524658203125e+01,2.800362396240234375e+01
-8.850347900390625000e+01,2.800453948974609375e+01
-8.850305938720703125e+01,2.800362586975097656e+01
-8.850353240966796875e+01,2.800372314453125000e+01
-8.850332641601562500e+01,2.800388145446777344e+01
-8.850209808349609375e+01,2.800337028503417969e+01
-8.850053405761718750e+01,2.800542068481445312e+01
-8.850283813476562500e+01,2.800549125671386719e+01
-8.850058746337890625e+01,2.800445938110351562e+01
-8.850010681152343750e+01,2.800470161437988281e+01
-8.850202178955078125e+01,2.800358772277832031e+01
-8.850147247314453125e+01,2.800418853759765625e+01
-8.850097656250000000e+01,2.800468254089355469e+01
-8.850278472900390625e+01,2.800555801391601562e+01
-8.850267028808593750e+01,2.800429344177246094e+01
-8.850161743164062500e+01,2.800431251525878906e+01
-8.850125885009765625e+01,2.800367164611816406e+01
-8.850251007080078125e+01,2.800452423095703125e+01
-8.850305175781250000e+01,2.800328254699707031e+01
-8.850279235839843750e+01,2.800538635253906250e+01
-8.850022888183593750e+01,2.800500679016113281e+01
-8.850093078613281250e+01,2.800470161437988281e+01
-8.850120544433593750e+01,2.800367164611816406e+01
-8.850277709960937500e+01,2.800419998168945312e+01
-8.850034332275390625e+01,2.800438499450683594e+01
-8.850090026855468750e+01,2.800487899780273438e+01
-8.850297546386718750e+01,2.800316429138183594e+01
-8.850212097167968750e+01,2.800492095947265625e+01
-8.850218963623046875e+01,2.800574493408203125e+01
-8.850090026855468750e+01,2.800504302978515625e+01
-8.850276184082031250e+01,2.800333976745605469e+01
-8.850188446044921875e+01,2.800445175170898438e+01
-8.850245666503906250e+01,2.800354766845703125e+01
-8.850350189208984375e+01,2.800341415405273438e+01
-8.850163269042968750e+01,2.800357055664062500e+01
-8.850315093994140625e+01,2.800436782836914062e+01
-8.850231933593750000e+01,2.800373840332031250e+01
-8.850266265869140625e+01,2.800522422790527344e+01
-8.850157165527343750e+01,2.800485610961914062e+01
-8.850298309326171875e+01,2.800425529479980469e+01
-8.850186920166015625e+01,2.800556945800781250e+01
-8.850011444091796875e+01,2.800474166870117188e+01
-8.850200653076171875e+01,2.800517082214355469e+01
-8.850260162353515625e+01,2.800552558898925781e+01
-8.850189208984375000e+01,2.800507926940917969e+01
-8.850323486328125000e+01,2.800329399108886719e+01
-8.850213623046875000e+01,2.800437545776367188e+01
-8.850327301025390625e+01,2.800417518615722656e+01
-8.850144958496093750e+01,2.800426101684570312e+01
-8.850136566162109375e+01,2.800358963012695312e+01
-8.850347137451171875e+01,2.800346946716308594e+01
-8.850251770019531250e+01,2.800351333618164062e+01
-8.850117492675781250e+01,2.800424194335937500e+01
-8.850214385986328125e+01,2.800577545166015625e+01
-8.850191497802734375e+01,2.800429344177246094e+01
-8.850252532958984375e+01,2.800492668151855469e+01
-8.850171661376953125e+01,2.800531578063964844e+01
-8.850138854980468750e+01,2.800485992431640625e+01
-8.850244140625000000e+01,2.800401306152343750e+01
-8.850074768066406250e+01,2.800500297546386719e+01
-8.850181579589843750e+01,2.800547027587890625e+01
-8.850125885009765625e+01,2.800393867492675781e+01
-8.850121307373046875e+01,2.800417900085449219e+01
-8.850308227539062500e+01,2.800419807434082031e+01
-8.850320434570312500e+01,2.800355339050292969e+01
-8.850226593017578125e+01,2.800495338439941406e+01
-8.850251007080078125e+01,2.800356483459472656e+01
-8.850358581542968750e+01,2.800321769714355469e+01
-8.850341033935546875e+01,2.800476646423339844e+01
-8.850149536132812500e+01,2.800366210937500000e+01
-8.850263214111328125e+01,2.800427818298339844e+01
-8.850249481201171875e+01,2.800446319580078125e+01
-8.850212097167968750e+01,2.800348663330078125e+01
-8.850177764892578125e+01,2.800546455383300781e+01
-8.850139617919921875e+01,2.800435256958007812e+01
-8.850206756591796875e+01,2.800487709045410156e+01
-8.850211334228515625e+01,2.800380897521972656e+01
-8.850260162353515625e+01,2.800394058227539062e+01
-8.850344085693359375e+01,2.800465011596679688e+01
-8.850181579589843750e+01,2.800583648681640625e+01
-8.850230407714843750e+01,2.800509834289550781e+01
-8.850202941894531250e+01,2.800502777099609375e+01
-8.850125122070312500e+01,2.800486183166503906e+01
-8.850038909912109375e+01,2.800475311279296875e+01
-8.850107574462890625e+01,2.800406837463378906e+01
-8.850222778320312500e+01,2.800427436828613281e+01
-8.850271606445312500e+01,2.800450706481933594e+01
-8.850221252441406250e+01,2.800567817687988281e+01
-8.850104522705078125e+01,2.800530433654785156e+01
-8.850321960449218750e+01,2.800312232971191406e+01
-8.850259399414062500e+01,2.800437927246093750e+01
-8.850063323974609375e+01,2.800465774536132812e+01
-8.850231933593750000e+01,2.800404930114746094e+01
-8.850116729736328125e+01,2.800456809997558594e+01
-8.850008392333984375e+01,2.800498199462890625e+01
-8.850134277343750000e+01,2.800415611267089844e+01
-8.850142669677734375e+01,2.800348663330078125e+01
-8.850345611572265625e+01,2.800371742248535156e+01
-8.850338745117187500e+01,2.800368690490722656e+01
-8.850218200683593750e+01,2.800338554382324219e+01
-8.850132751464843750e+01,2.800369834899902344e+01
-8.850205993652343750e+01,2.800347900390625000e+01
-8.850170135498046875e+01,2.800449371337890625e+01
-8.850228118896484375e+01,2.800521659851074219e+01
-8.850009155273437500e+01,2.800488471984863281e+01
-8.850314331054687500e+01,2.800443458557128906e+01
-8.850065612792968750e+01,2.800529479980468750e+01
-8.850099182128906250e+01,2.800418663024902344e+01
-8.850357055664062500e+01,2.800345611572265625e+01
-8.850138092041015625e+01,2.800389671325683594e+01
-8.850106811523437500e+01,2.800416374206542969e+01
-8.850302886962890625e+01,2.800494766235351562e+01
-8.850023651123046875e+01,2.800487709045410156e+01
-8.850246429443359375e+01,2.800496864318847656e+01
-8.850173187255859375e+01,2.800502586364746094e+01
-8.850123596191406250e+01,2.800423431396484375e+01
-8.850247955322265625e+01,2.800448989868164062e+01
-8.850215911865234375e+01,2.800405120849609375e+01
-8.850186920166015625e+01,2.800422668457031250e+01
-8.850020599365234375e+01,2.800464439392089844e+01
-8.850321960449218750e+01,2.800384712219238281e+01
-8.850343322753906250e+01,2.800449943542480469e+01
-8.850231170654296875e+01,2.800321388244628906e+01
-8.850167083740234375e+01,2.800500297546386719e+01
-8.850240325927734375e+01,2.800329399108886719e+01
-8.850048065185546875e+01,2.800473785400390625e+01
-8.850208282470703125e+01,2.800368118286132812e+01
-8.850157928466796875e+01,2.800412178039550781e+01
-8.850045776367187500e+01,2.800453567504882812e+01
-8.850322723388671875e+01,2.800464439392089844e+01
-8.850086975097656250e+01,2.800557136535644531e+01
-8.850244140625000000e+01,2.800477218627929688e+01
-8.850222015380859375e+01,2.800337409973144531e+01
-8.850282287597656250e+01,2.800384712219238281e+01
-8.850135040283203125e+01,2.800387191772460938e+01
-8.850121307373046875e+01,2.800431251525878906e+01
-8.850194549560546875e+01,2.800547981262207031e+01
-8.850281524658203125e+01,2.800544738769531250e+01
-8.850006866455078125e+01,2.800482749938964844e+01
-8.850253295898437500e+01,2.800543022155761719e+01
-8.850292968750000000e+01,2.800422096252441406e+01
-8.850067138671875000e+01,2.800451278686523438e+01
-8.850320434570312500e+01,2.800381088256835938e+01
-8.850296783447265625e+01,2.800341796875000000e+01
-8.850202178955078125e+01,2.800536346435546875e+01
-8.850241851806640625e+01,2.800467872619628906e+01
-8.850035095214843750e+01,2.800506973266601562e+01
-8.850189208984375000e+01,2.800475883483886719e+01
-8.850122070312500000e+01,2.800518226623535156e+01
-8.850019836425781250e+01,2.800494003295898438e+01
-8.850140380859375000e+01,2.800502967834472656e+01
-8.850121307373046875e+01,2.800420570373535156e+01
-8.850224304199218750e+01,2.800462341308593750e+01
-8.850256347656250000e+01,2.800555610656738281e+01
-8.850108337402343750e+01,2.800379753112792969e+01
-8.850283813476562500e+01,2.800494766235351562e+01
-8.850165557861328125e+01,2.800427055358886719e+01
-8.850044250488281250e+01,2.800551986694335938e+01
-8.850231933593750000e+01,2.800438308715820312e+01
-8.850231933593750000e+01,2.800392913818359375e+01
-8.850318145751953125e+01,2.800347709655761719e+01
-8.850183105468750000e+01,2.800375175476074219e+01
-8.850319671630859375e+01,2.800424003601074219e+01
-8.850077056884765625e+01,2.800451469421386719e+01
-8.850239562988281250e+01,2.800398254394531250e+01
-8.850182342529296875e+01,2.800559043884277344e+01
-8.850206756591796875e+01,2.800574302673339844e+01
-8.850193786621093750e+01,2.800416755676269531e+01
-8.850094604492187500e+01,2.800521278381347656e+01
-8.850234985351562500e+01,2.800449943542480469e+01
-8.850295257568359375e+01,2.800344276428222656e+01
-8.850258636474609375e+01,2.800341224670410156e+01
-8.850056457519531250e+01,2.800466918945312500e+01
-8.850154876708984375e+01,2.800401115417480469e+01
-8.850339508056640625e+01,2.800301170349121094e+01
-8.850182342529296875e+01,2.800494194030761719e+01
-8.850222015380859375e+01,2.800468635559082031e+01
-8.850347900390625000e+01,2.800451469421386719e+01
-8.850065612792968750e+01,2.800505065917968750e+01
-8.850343322753906250e+01,2.800418281555175781e+01
-8.850083160400390625e+01,2.800539207458496094e+01
-8.850224304199218750e+01,2.800341606140136719e+01
-8.850180816650390625e+01,2.800418853759765625e+01
-8.850189208984375000e+01,2.800498390197753906e+01
-8.850229644775390625e+01,2.800491714477539062e+01
-8.850326538085937500e+01,2.800512313842773438e+01
-8.850170135498046875e+01,2.800531959533691406e+01
-8.850341796875000000e+01,2.800358963012695312e+01
-8.850271606445312500e+01,2.800311660766601562e+01
-8.850306701660156250e+01,2.800541687011718750e+01
-8.850145721435546875e+01,2.800486564636230469e+01
-8.850296020507812500e+01,2.800534248352050781e+01
-8.850325775146484375e+01,2.800449562072753906e+01
-8.850199127197265625e+01,2.800408172607421875e+01
-8.850253295898437500e+01,2.800413131713867188e+01
-8.850332641601562500e+01,2.800484085083007812e+01
-8.850110626220703125e+01,2.800511360168457031e+01
-8.850030517578125000e+01,2.800470161437988281e+01
-8.850275421142578125e+01,2.800502014160156250e+01
-8.850173187255859375e+01,2.800356483459472656e+01
-8.850350189208984375e+01,2.800467681884765625e+01
-8.850242614746093750e+01,2.800365447998046875e+01
-8.850025939941406250e+01,2.800502586364746094e+01
-8.850102996826171875e+01,2.800542449951171875e+01
-8.850187683105468750e+01,2.800341796875000000e+01
-8.850260925292968750e+01,2.800481224060058594e+01
-8.850241851806640625e+01,2.800350952148437500e+01
-8.850213623046875000e+01,2.800347137451171875e+01
-8.850205993652343750e+01,2.800335884094238281e+01
-8.850337219238281250e+01,2.800466346740722656e+01
-8.850260925292968750e+01,2.800569534301757812e+01
-8.850215911865234375e+01,2.800462913513183594e+01
-8.850136566162109375e+01,2.800532150268554688e+01
-8.850143432617187500e+01,2.800494956970214844e+01
-8.850316619873046875e+01,2.800322532653808594e+01
-8.850159454345703125e+01,2.800507545471191406e+01
-8.850271606445312500e+01,2.800300216674804688e+01
-8.850086212158203125e+01,2.800468826293945312e+01
-8.850075531005859375e+01,2.800517654418945312e+01
-8.850093078613281250e+01,2.800465393066406250e+01
-8.850231170654296875e+01,2.800368499755859375e+01
-8.850280761718750000e+01,2.800451469421386719e+01
-8.850119018554687500e+01,2.800445365905761719e+01
-8.850151824951171875e+01,2.800484085083007812e+01
-8.850299072265625000e+01,2.800368499755859375e+01
-8.850131225585937500e+01,2.800434303283691406e+01
-8.850212860107421875e+01,2.800476455688476562e+01
-8.850292968750000000e+01,2.800422668457031250e+01
-8.850055694580078125e+01,2.800530433654785156e+01
-8.850184631347656250e+01,2.800424385070800781e+01
-8.850215148925781250e+01,2.800511169433593750e+01
-8.850294494628906250e+01,2.800426292419433594e+01
-8.850267028808593750e+01,2.800518989562988281e+01
-8.850325775146484375e+01,2.800324440002441406e+01
-8.850080108642578125e+01,2.800448799133300781e+01
-8.850254058837890625e+01,2.800459289550781250e+01
-8.850197601318359375e+01,2.800508308410644531e+01
-8.850296020507812500e+01,2.800339317321777344e+01
-8.850122070312500000e+01,2.800469207763671875e+01
-8.850155639648437500e+01,2.800371742248535156e+01
-8.850328063964843750e+01,2.800476837158203125e+01
-8.850283050537109375e+01,2.800381851196289062e+01
-8.850159454345703125e+01,2.800513267517089844e+01
-8.850213623046875000e+01,2.800501441955566406e+01
-8.850168609619140625e+01,2.800458526611328125e+01
-8.850035858154296875e+01,2.800457572937011719e+01
-8.850211334228515625e+01,2.800568199157714844e+01
-8.850357818603515625e+01,2.800374984741210938e+01
-8.850052642822265625e+01,2.800426483154296875e+01
-8.850215911865234375e+01,2.800586128234863281e+01
-8.850265502929687500e+01,2.800527763366699219e+01
-8.850142669677734375e+01,2.800453376770019531e+01
-8.850131225585937500e+01,2.800480461120605469e+01
-8.850247192382812500e+01,2.800335311889648438e+01
-8.850267791748046875e+01,2.800336456298828125e+01
-8.850270843505859375e+01,2.800381469726562500e+01
-8.850235748291015625e+01,2.800344276428222656e+01
-8.850160217285156250e+01,2.800333595275878906e+01
-8.850154113769531250e+01,2.800563430786132812e+01
-8.850302124023437500e+01,2.800537300109863281e+01
-8.850353240966796875e+01,2.800326347351074219e+01
-8.850132751464843750e+01,2.800512123107910156e+01
-8.850243377685546875e+01,2.800354576110839844e+01
-8.850315856933593750e+01,2.800419998168945312e+01
-8.850141906738281250e+01,2.800502204895019531e+01
-8.850180816650390625e+01,2.800424194335937500e+01
-8.850233459472656250e+01,2.800532150268554688e+01
-8.850134277343750000e+01,2.800518226623535156e+01
-8.850174713134765625e+01,2.800413894653320312e+01
-8.850004577636718750e+01,2.800498580932617188e+01
-8.850299835205078125e+01,2.800380706787109375e+01
-8.850305175781250000e+01,2.800382614135742188e+01
-8.850299835205078125e+01,2.800414276123046875e+01
-8.850307464599609375e+01,2.800474166870117188e+01
-8.850229644775390625e+01,2.800438690185546875e+01
-8.850251770019531250e+01,2.800453948974609375e+01
-8.850238037109375000e+01,2.800571823120117188e+01
-8.850215148925781250e+01,2.800365257263183594e+01
-8.850179290771484375e+01,2.800481414794921875e+01
-8.850103759765625000e+01,2.800494575500488281e+01
-8.850137329101562500e+01,2.800411224365234375e+01
-8.850170898437500000e+01,2.800366210937500000e+01
-8.850337982177734375e+01,2.800474929809570312e+01
-8.850288391113281250e+01,2.800494766235351562e+01
-8.850285339355468750e+01,2.800485420227050781e+01
-8.850108337402343750e+01,2.800480651855468750e+01
-8.850192260742187500e+01,2.800583457946777344e+01
-8.850213623046875000e+01,2.800472640991210938e+01
-8.850148773193359375e+01,2.800443458557128906e+01
-8.850350189208984375e+01,2.800417327880859375e+01
-8.850041198730468750e+01,2.800498962402343750e+01
-8.850089263916015625e+01,2.800524520874023438e+01
-8.850324249267578125e+01,2.800318527221679688e+01
-8.850288391113281250e+01,2.800436401367187500e+01
-8.850299835205078125e+01,2.800512313842773438e+01
-8.850181579589843750e+01,2.800388717651367188e+01
-8.850180053710937500e+01,2.800399589538574219e+01
-8.850199127197265625e+01,2.800584983825683594e+01
-8.850120544433593750e+01,2.800507545471191406e+01
-8.850289154052734375e+01,2.800317573547363281e+01
-8.850168609619140625e+01,2.800541496276855469e+01
-8.850314331054687500e+01,2.800465965270996094e+01
-8.850296020507812500e+01,2.800411796569824219e+01
-8.850214385986328125e+01,2.800554275512695312e+01
-8.850295257568359375e+01,2.800391197204589844e+01
-8.850325012207031250e+01,2.800338363647460938e+01
-8.850273895263671875e+01,2.800462532043457031e+01
-8.850268554687500000e+01,2.800448799133300781e+01
-8.850199127197265625e+01,2.800469589233398438e+01
-8.850311279296875000e+01,2.800403594970703125e+01
-8.850259399414062500e+01,2.800564575195312500e+01
-8.850105285644531250e+01,2.800454521179199219e+01
-8.850213623046875000e+01,2.800536155700683594e+01
-8.850273895263671875e+01,2.800561523437500000e+01
-8.850085449218750000e+01,2.800463676452636719e+01
-8.850167083740234375e+01,2.800488090515136719e+01
-8.850173187255859375e+01,2.800467491149902344e+01
-8.850281524658203125e+01,2.800498390197753906e+01
-8.850009155273437500e+01,2.800517654418945312e+01
-8.850230407714843750e+01,2.800569534301757812e+01
-8.850286865234375000e+01,2.800445747375488281e+01
-8.850153350830078125e+01,2.800535583496093750e+01
-8.850146484375000000e+01,2.800423240661621094e+01
-8.850106048583984375e+01,2.800430488586425781e+01
-8.850208282470703125e+01,2.800430107116699219e+01
-8.850350189208984375e+01,2.800470733642578125e+01
-8.850032043457031250e+01,2.800462532043457031e+01
-8.850093841552734375e+01,2.800395011901855469e+01
-8.850347137451171875e+01,2.800495338439941406e+01
-8.850193023681640625e+01,2.800538635253906250e+01
-8.850170135498046875e+01,2.800432586669921875e+01
-8.850291442871093750e+01,2.800408554077148438e+01
-8.850041961669921875e+01,2.800483131408691406e+01
-8.850173187255859375e+01,2.800472640991210938e+01
-8.850299835205078125e+01,2.800374984741210938e+01
-8.850061798095703125e+01,2.800437736511230469e+01
-8.850127410888671875e+01,2.800445556640625000e+01
-8.850007629394531250e+01,2.800473594665527344e+01
-8.850218963623046875e+01,2.800357246398925781e+01
-8.850297546386718750e+01,2.800482177734375000e+01
-8.850038146972656250e+01,2.800544738769531250e+01
-8.850292205810546875e+01,2.800499725341796875e+01
-8.850141906738281250e+01,2.800470352172851562e+01
-8.850299072265625000e+01,2.800403785705566406e+01
-8.850285339355468750e+01,2.800508308410644531e+01
-8.850306701660156250e+01,2.800409317016601562e+01
-8.850191497802734375e+01,2.800562286376953125e+01
-8.850322723388671875e+01,2.800359344482421875e+01
-8.850079345703125000e+01,2.800414657592773438e+01
-8.850290679931640625e+01,2.800454330444335938e+01
-8.850337219238281250e+01,2.800469398498535156e+01
-8.850305938720703125e+01,2.800424194335937500e+01
-8.850151062011718750e+01,2.800387763977050781e+01
-8.850222015380859375e+01,2.800526046752929688e+01
-8.850141143798828125e+01,2.800358581542968750e+01
-8.850067138671875000e+01,2.800427246093750000e+01
-8.850113677978515625e+01,2.800475883483886719e+01
-8.850228118896484375e+01,2.800424575805664062e+01
-8.850194549560546875e+01,2.800543785095214844e+01
-8.850199890136718750e+01,2.800341796875000000e+01
-8.850114440917968750e+01,2.800517463684082031e+01
-8.850195312500000000e+01,2.800365638732910156e+01
-8.850356292724609375e+01,2.800345230102539062e+01
-8.850102233886718750e+01,2.800469589233398438e+01
-8.850053405761718750e+01,2.800541687011718750e+01
-8.850211334228515625e+01,2.800371170043945312e+01
-8.850301361083984375e+01,2.800382423400878906e+01
-8.850170898437500000e+01,2.800404930114746094e+01
-8.850312042236328125e+01,2.800434303283691406e+01
-8.850347137451171875e+01,2.800452232360839844e+01
-8.850318145751953125e+01,2.800488662719726562e+01
-8.850121307373046875e+01,2.800364303588867188e+01
-8.850058746337890625e+01,2.800478363037109375e+01
-8.850189971923828125e+01,2.800340270996093750e+01
-8.850084686279296875e+01,2.800410461425781250e+01
-8.850215148925781250e+01,2.800353240966796875e+01
-8.850098419189453125e+01,2.800477600097656250e+01
-8.850249481201171875e+01,2.800508117675781250e+01
-8.850138092041015625e+01,2.800516128540039062e+01
-8.850167846679687500e+01,2.800492477416992188e+01
-8.850267028808593750e+01,2.800317192077636719e+01
-8.850341033935546875e+01,2.800373077392578125e+01
-8.850101470947265625e+01,2.800445365905761719e+01
-8.850189208984375000e+01,2.800502014160156250e+01
-8.850217437744140625e+01,2.800324630737304688e+01
-8.850300598144531250e+01,2.800504493713378906e+01
-8.850054168701171875e+01,2.800412559509277344e+01
-8.850249481201171875e+01,2.800503540039062500e+01
-8.850122833251953125e+01,2.800367736816406250e+01
-8.850248718261718750e+01,2.800329780578613281e+01
-8.850199127197265625e+01,2.800454711914062500e+01
-8.850217437744140625e+01,2.800323295593261719e+01
-8.850268554687500000e+01,2.800437736511230469e+01
-8.850247192382812500e+01,2.800376319885253906e+01
-8.850238037109375000e+01,2.800533103942871094e+01
-8.850283813476562500e+01,2.800362396240234375e+01
-8.850241088867187500e+01,2.800541305541992188e+01
-8.850186157226562500e+01,2.800427818298339844e+01
-8.850172424316406250e+01,2.800400543212890625e+01
-8.850220489501953125e+01,2.800504112243652344e+01
-8.850093841552734375e+01,2.800392913818359375e+01
-8.850204467773437500e+01,2.800386047363281250e+01
-8.850189971923828125e+01,2.800345993041992188e+01
-8.850231170654296875e+01,2.800494766235351562e+01
-8.850091552734375000e+01,2.800426864624023438e+01
-8.850061035156250000e+01,2.800450706481933594e+01
-8.850228118896484375e+01,2.800500869750976562e+01
-8.850274658203125000e+01,2.800402832031250000e+01
-8.850354003906250000e+01,2.800433731079101562e+01
-8.850186157226562500e+01,2.800534057617187500e+01
-8.850232696533203125e+01,2.800546073913574219e+01
-8.850270843505859375e+01,2.800397109985351562e+01
-8.850341033935546875e+01,2.800416564941406250e+01
-8.850067138671875000e+01,2.800468254089355469e+01
-8.850241851806640625e+01,2.800347518920898438e+01
-8.850291442871093750e+01,2.800417518615722656e+01
-8.850282287597656250e+01,2.800430107116699219e+01
-8.850052642822265625e+01,2.800505828857421875e+01
-8.850286102294921875e+01,2.800401687622070312e+01
-8.850321960449218750e+01,2.800336647033691406e+01
-8.850205230712890625e+01,2.800465202331542969e+01
-8.850343322753906250e+01,2.800394248962402344e+01
-8.850337982177734375e+01,2.800426292419433594e+01
-8.850244140625000000e+01,2.800413131713867188e+01
-8.850307464599609375e+01,2.800481605529785156e+01
-8.850224304199218750e+01,2.800325393676757812e+01
-8.850337219238281250e+01,2.800460815429687500e+01
-8.850088500976562500e+01,2.800458526611328125e+01
-8.850244140625000000e+01,2.800351333618164062e+01
-8.850234985351562500e+01,2.800464630126953125e+01
-8.850007629394531250e+01,2.800472450256347656e+01
-8.850269317626953125e+01,2.800533485412597656e+01
-8.850093078613281250e+01,2.800548362731933594e+01
-8.850258636474609375e+01,2.800364112854003906e+01
-8.850344085693359375e+01,2.800477790832519531e+01
-8.850205230712890625e+01,2.800332641601562500e+01
-8.850295257568359375e+01,2.800346374511718750e+01
-8.850247192382812500e+01,2.800440025329589844e+01
-8.850298309326171875e+01,2.800494956970214844e+01
-8.850160217285156250e+01,2.800446128845214844e+01
-8.850189971923828125e+01,2.800402641296386719e+01
-8.850041961669921875e+01,2.800443649291992188e+01
-8.850271606445312500e+01,2.800568008422851562e+01
-8.850129699707031250e+01,2.800383186340332031e+01
-8.850236511230468750e+01,2.800480842590332031e+01
-8.850115966796875000e+01,2.800429534912109375e+01
-8.850133514404296875e+01,2.800514602661132812e+01
-8.850097656250000000e+01,2.800404930114746094e+01
-8.850176239013671875e+01,2.800369644165039062e+01
-8.850148010253906250e+01,2.800342178344726562e+01
-8.850253295898437500e+01,2.800559616088867188e+01
-8.850079345703125000e+01,2.800445365905761719e+01
-8.850012207031250000e+01,2.800485038757324219e+01
-8.850217437744140625e+01,2.800402259826660156e+01
-8.850022125244140625e+01,2.800467109680175781e+01
-8.850291442871093750e+01,2.800415802001953125e+01
-8.850213623046875000e+01,2.800375556945800781e+01
-8.850029754638671875e+01,2.800491523742675781e+01
-8.850115966796875000e+01,2.800551414489746094e+01
-8.850261688232421875e+01,2.800352096557617188e+01
-8.850313568115234375e+01,2.800457382202148438e+01
-8.850307464599609375e+01,2.800458335876464844e+01
-8.850321197509765625e+01,2.800404357910156250e+01
-8.850093841552734375e+01,2.800529289245605469e+01
-8.850159454345703125e+01,2.800359344482421875e+01
-8.850112152099609375e+01,2.800555229187011719e+01
-8.850221252441406250e+01,2.800365257263183594e+01
-8.850343322753906250e+01,2.800377845764160156e+01
-8.850309753417968750e+01,2.800506210327148438e+01
-8.850226593017578125e+01,2.800471878051757812e+01
-8.850013732910156250e+01,2.800473213195800781e+01
-8.850157928466796875e+01,2.800401496887207031e+01
-8.850225830078125000e+01,2.800360870361328125e+01
-8.850292205810546875e+01,2.800510597229003906e+01
-8.850212860107421875e+01,2.800376701354980469e+01
-8.850099945068359375e+01,2.800410461425781250e+01
-8.850099182128906250e+01,2.800458335876464844e+01
-8.850331115722656250e+01,2.800358772277832031e+01
-8.850164794921875000e+01,2.800346374511718750e+01
-8.850322723388671875e+01,2.800523948669433594e+01
-8.850255584716796875e+01,2.800478172302246094e+01
-8.850263977050781250e+01,2.800419998168945312e+01
-8.850278472900390625e+01,2.800418663024902344e+01
-8.850115966796875000e+01,2.800469970703125000e+01
-8.850185394287109375e+01,2.800411987304687500e+01
-8.850039672851562500e+01,2.800529479980468750e+01
-8.850160217285156250e+01,2.800363349914550781e+01
-8.850130462646484375e+01,2.800470733642578125e+01
-8.850336456298828125e+01,2.800328826904296875e+01
-8.850125885009765625e+01,2.800492668151855469e+01
-8.850302886962890625e+01,2.800540542602539062e+01
-8.850137329101562500e+01,2.800517082214355469e+01
-8.850261688232421875e+01,2.800391960144042969e+01
-8.850285339355468750e+01,2.800435256958007812e+01
-8.850257873535156250e+01,2.800463104248046875e+01
-8.850112915039062500e+01,2.800512886047363281e+01
-8.850048065185546875e+01,2.800518989562988281e+01
-8.850136566162109375e+01,2.800374794006347656e+01
-8.850215911865234375e+01,2.800509452819824219e+01
-8.850266265869140625e+01,2.800474166870117188e+01
-8.850338745117187500e+01,2.800461006164550781e+01
-8.850244903564453125e+01,2.800393295288085938e+01
-8.850263214111328125e+01,2.800370407104492188e+01
-8.850266265869140625e+01,2.800546264648437500e+01
-8.850174713134765625e+01,2.800348854064941406e+01
-8.850140380859375000e+01,2.800388717651367188e+01
-8.850187683105468750e+01,2.800529289245605469e+01
-8.850338745117187500e+01,2.800341033935546875e+01
-8.850113677978515625e+01,2.800394630432128906e+01
-8.850205993652343750e+01,2.800540542602539062e+01
-8.850209045410156250e+01,2.800530815124511719e+01
-8.850234985351562500e+01,2.800372886657714844e+01
-8.850170898437500000e+01,2.800442504882812500e+01
-8.850183868408203125e+01,2.800485229492187500e+01
-8.850222015380859375e+01,2.800449943542480469e+01
-8.850294494628906250e+01,2.800323486328125000e+01
-8.850297546386718750e+01,2.800438880920410156e+01
-8.850110626220703125e+01,2.800460243225097656e+01
-8.850051879882812500e+01,2.800485992431640625e+01
-8.850134277343750000e+01,2.800551795959472656e+01
-8.850261688232421875e+01,2.800458717346191406e+01
-8.850181579589843750e+01,2.800343894958496094e+01
-8.850209045410156250e+01,2.800376129150390625e+01
-8.850073242187500000e+01,2.800443840026855469e+01
-8.850253295898437500e+01,2.800479698181152344e+01
-8.850333404541015625e+01,2.800423812866210938e+01
-8.850324249267578125e+01,2.800414657592773438e+01
-8.850272369384765625e+01,2.800550460815429688e+01
-8.850289154052734375e+01,2.800404739379882812e+01
-8.850204467773437500e+01,2.800414466857910156e+01
-8.850156402587890625e+01,2.800515937805175781e+01
-8.850161743164062500e+01,2.800433349609375000e+01
-8.850237274169921875e+01,2.800575256347656250e+01
-8.850192260742187500e+01,2.800358009338378906e+01
-8.850151062011718750e+01,2.800556182861328125e+01
-8.850299835205078125e+01,2.800511169433593750e+01
-8.850135040283203125e+01,2.800483131408691406e+01
-8.850077056884765625e+01,2.800402259826660156e+01
-8.850016021728515625e+01,2.800496482849121094e+01
-8.850325775146484375e+01,2.800465774536132812e+01
-8.850204467773437500e+01,2.800358390808105469e+01
-8.850154113769531250e+01,2.800466156005859375e+01
-8.850154876708984375e+01,2.800526428222656250e+01
-8.850135040283203125e+01,2.800419616699218750e+01
-8.850222015380859375e+01,2.800484657287597656e+01
-8.850249481201171875e+01,2.800382041931152344e+01
-8.850279235839843750e+01,2.800466156005859375e+01
-8.850215911865234375e+01,2.800445938110351562e+01
-8.850124359130859375e+01,2.800376510620117188e+01
-8.850299072265625000e+01,2.800483703613281250e+01
-8.850170898437500000e+01,2.800349998474121094e+01
-8.850166320800781250e+01,2.800479888916015625e+01
-8.850106811523437500e+01,2.800393486022949219e+01
-8.850135040283203125e+01,2.800429725646972656e+01
-8.850312805175781250e+01,2.800412368774414062e+01
-8.850283813476562500e+01,2.800321960449218750e+01
-8.850081634521484375e+01,2.800442314147949219e+01
-8.850325775146484375e+01,2.800349617004394531e+01
-8.850287628173828125e+01,2.800375747680664062e+01
-8.850034332275390625e+01,2.800452613830566406e+01
-8.850244903564453125e+01,2.800472450256347656e+01
-8.850266265869140625e+01,2.800530052185058594e+01
-8.850245666503906250e+01,2.800423240661621094e+01
-8.850053405761718750e+01,2.800486755371093750e+01
-8.850057220458984375e+01,2.800527954101562500e+01
-8.850316619873046875e+01,2.800448036193847656e+01
-8.850195312500000000e+01,2.800492286682128906e+01
-8.850269317626953125e+01,2.800411987304687500e+01
-8.850312805175781250e+01,2.800436592102050781e+01
-8.850288391113281250e+01,2.800376510620117188e+01
-8.850099945068359375e+01,2.800419235229492188e+01
-8.850295257568359375e+01,2.800345230102539062e+01
-8.850299835205078125e+01,2.800494956970214844e+01
-8.850157928466796875e+01,2.800332832336425781e+01
-8.850068664550781250e+01,2.800491333007812500e+01
-8.850187683105468750e+01,2.800352668762207031e+01
-8.850130462646484375e+01,2.800396728515625000e+01
-8.850259399414062500e+01,2.800350952148437500e+01
-8.850325012207031250e+01,2.800374794006347656e+01
-8.850337219238281250e+01,2.800378417968750000e+01
-8.850245666503906250e+01,2.800395202636718750e+01
-8.850276184082031250e+01,2.800476646423339844e+01
-8.850230407714843750e+01,2.800495910644531250e+01
-8.850051116943359375e+01,2.800538253784179688e+01
-8.850301361083984375e+01,2.800371551513671875e+01
-8.850107574462890625e+01,2.800533103942871094e+01
-8.850144195556640625e+01,2.800461769104003906e+01
-8.850086975097656250e+01,2.800383758544921875e+01
-8.850151062011718750e+01,2.800489616394042969e+01
-8.850251007080078125e+01,2.800472640991210938e+01
-8.850221252441406250e+01,2.800527191162109375e+01
-8.850113677978515625e+01,2.800515174865722656e+01
-8.850338745117187500e+01,2.800392341613769531e+01
-8.850283050537109375e+01,2.800332069396972656e+01
-8.850032043457031250e+01,2.800456047058105469e+01
-8.850025939941406250e+01,2.800548934936523438e+01
-8.850180053710937500e+01,2.800429153442382812e+01
-8.850235748291015625e+01,2.800444412231445312e+01
-8.850057983398437500e+01,2.800493621826171875e+01
-8.850172424316406250e+01,2.800397300720214844e+01
-8.850031280517578125e+01,2.800482559204101562e+01
-8.850131988525390625e+01,2.800547981262207031e+01
-8.850104522705078125e+01,2.800507164001464844e+01
-8.850228881835937500e+01,2.800569915771484375e+01
-8.850264739990234375e+01,2.800496864318847656e+01
-8.850232696533203125e+01,2.800531196594238281e+01
-8.850225830078125000e+01,2.800363349914550781e+01
-8.850283050537109375e+01,2.800486755371093750e+01
-8.850329589843750000e+01,2.800470542907714844e+01
-8.850126647949218750e+01,2.800428771972656250e+01
-8.850205993652343750e+01,2.800382041931152344e+01
-8.850058746337890625e+01,2.800494194030761719e+01
-8.850077819824218750e+01,2.800416374206542969e+01
-8.850180816650390625e+01,2.800496482849121094e+01
-8.850347137451171875e+01,2.800426101684570312e+01
-8.850231170654296875e+01,2.800483894348144531e+01
-8.850189971923828125e+01,2.800333404541015625e+01
-8.850279235839843750e+01,2.800421905517578125e+01
-8.850185394287109375e+01,2.800527000427246094e+01
-8.850309753417968750e+01,2.800488090515136719e+01
-8.850273132324218750e+01,2.800451087951660156e+01
-8.850188446044921875e+01,2.800558471679687500e+01
-8.850279235839843750e+01,2.800366973876953125e+01
-8.850241851806640625e+01,2.800466346740722656e+01
-8.850107574462890625e+01,2.800510215759277344e+01
-8.850260162353515625e+01,2.800383758544921875e+01
-8.850156402587890625e+01,2.800516891479492188e+01
-8.850232696533203125e+01,2.800489616394042969e+01
-8.850247955322265625e+01,2.800452613830566406e+01
-8.850215148925781250e+01,2.800375556945800781e+01
-8.850331878662109375e+01,2.800333023071289062e+01
-8.850254821777343750e+01,2.800555038452148438e+01
-8.850302886962890625e+01,2.800393295288085938e+01
-8.850187683105468750e+01,2.800559616088867188e+01
-8.850264739990234375e+01,2.800457954406738281e+01
-8.850076293945312500e+01,2.800543975830078125e+01
-8.850273132324218750e+01,2.800368881225585938e+01
-8.850299072265625000e+01,2.800496673583984375e+01
-8.850305175781250000e+01,2.800511550903320312e+01
-8.850351715087890625e+01,2.800429344177246094e+01
-8.850253295898437500e+01,2.800381088256835938e+01
-8.850201416015625000e+01,2.800578880310058594e+01
-8.850160217285156250e+01,2.800439834594726562e+01
-8.850317382812500000e+01,2.800350761413574219e+01
-8.850265502929687500e+01,2.800562095642089844e+01
-8.850180053710937500e+01,2.800570487976074219e+01
-8.850246429443359375e+01,2.800531959533691406e+01
-8.850225067138671875e+01,2.800509834289550781e+01
-8.850152587890625000e+01,2.800549697875976562e+01
-8.850231933593750000e+01,2.800514221191406250e+01
-8.850106048583984375e+01,2.800370216369628906e+01
-8.850161743164062500e+01,2.800518798828125000e+01
-8.850314331054687500e+01,2.800537681579589844e+01
-8.850006103515625000e+01,2.800495719909667969e+01
-8.850234222412109375e+01,2.800448036193847656e+01
-8.850072479248046875e+01,2.800518417358398438e+01
-8.850361633300781250e+01,2.800317001342773438e+01
-8.850238800048828125e+01,2.800537490844726562e+01
-8.850111389160156250e+01,2.800542640686035156e+01
-8.850286102294921875e+01,2.800376701354980469e+01
-8.850084686279296875e+01,2.800443458557128906e+01
-8.850306701660156250e+01,2.800451660156250000e+01
-8.850268554687500000e+01,2.800549125671386719e+01
-8.850122833251953125e+01,2.800408363342285156e+01
-8.850292968750000000e+01,2.800356101989746094e+01
-8.850213623046875000e+01,2.800378227233886719e+01
-8.850157165527343750e+01,2.800543212890625000e+01
-8.850201416015625000e+01,2.800345230102539062e+01
-8.850118255615234375e+01,2.800504302978515625e+01
-8.850064849853515625e+01,2.800508689880371094e+01
-8.850115966796875000e+01,2.800418090820312500e+01
-8.850313568115234375e+01,2.800437355041503906e+01
-8.850164031982421875e+01,2.800350570678710938e+01
-8.850257873535156250e+01,2.800334358215332031e+01
-8.850270843505859375e+01,2.800443649291992188e+01
-8.850289154052734375e+01,2.800545501708984375e+01
-8.850297546386718750e+01,2.800345611572265625e+01
-8.850081634521484375e+01,2.800430870056152344e+01
-8.850287628173828125e+01,2.800424575805664062e+01
-8.850145721435546875e+01,2.800372314453125000e+01
-8.850023651123046875e+01,2.800482559204101562e+01
-8.850350952148437500e+01,2.800470924377441406e+01
-8.850318908691406250e+01,2.800340461730957031e+01
-8.850105285644531250e+01,2.800467300415039062e+01
-8.850128173828125000e+01,2.800379180908203125e+01
-8.850075531005859375e+01,2.800406074523925781e+01
-8.850142669677734375e+01,2.800438117980957031e+01
-8.850196838378906250e+01,2.800452423095703125e+01
-8.850262451171875000e+01,2.800342559814453125e+01
-8.850343322753906250e+01,2.800403785705566406e+01
-8.850248718261718750e+01,2.800356292724609375e+01
-8.850331878662109375e+01,2.800435829162597656e+01
-8.850330352783203125e+01,2.800407028198242188e+01
-8.850142669677734375e+01,2.800538635253906250e+01
-8.850144195556640625e+01,2.800530242919921875e+01
-8.850234222412109375e+01,2.800372314453125000e+01
-8.850283813476562500e+01,2.800433540344238281e+01
-8.850250244140625000e+01,2.800558471679687500e+01
-8.850089263916015625e+01,2.800526046752929688e+01
-8.850257873535156250e+01,2.800367546081542969e+01
-8.850012969970703125e+01,2.800510597229003906e+01
-8.850316619873046875e+01,2.800412750244140625e+01
-8.850097656250000000e+01,2.800394058227539062e+01
-8.850210571289062500e+01,2.800383758544921875e+01
-8.850246429443359375e+01,2.800486755371093750e+01
-8.850162506103515625e+01,2.800520706176757812e+01
-8.850126647949218750e+01,2.800436401367187500e+01
-8.850205230712890625e+01,2.800562667846679688e+01
-8.850343322753906250e+01,2.800352668762207031e+01
-8.850042724609375000e+01,2.800506973266601562e+01
-8.850113677978515625e+01,2.800514984130859375e+01
-8.850249481201171875e+01,2.800562095642089844e+01
-8.850304412841796875e+01,2.800346946716308594e+01
-8.850303649902343750e+01,2.800489234924316406e+01
-8.850235748291015625e+01,2.800514602661132812e+01
-8.850246429443359375e+01,2.800537300109863281e+01
-8.850218963623046875e+01,2.800579643249511719e+01
-8.850308227539062500e+01,2.800429534912109375e+01
-8.850260925292968750e+01,2.800502967834472656e+01
-8.850151062011718750e+01,2.800527954101562500e+01
-8.850160217285156250e+01,2.800438499450683594e+01
-8.850062561035156250e+01,2.800476455688476562e+01
-8.850334167480468750e+01,2.800468635559082031e+01
-8.850028991699218750e+01,2.800493621826171875e+01
-8.850025939941406250e+01,2.800515365600585938e+01
-8.850043487548828125e+01,2.800530815124511719e+01
-8.850114440917968750e+01,2.800416564941406250e+01
-8.850325775146484375e+01,2.800308799743652344e+01
-8.850268554687500000e+01,2.800355529785156250e+01
-8.850296020507812500e+01,2.800534820556640625e+01
-8.850289916992187500e+01,2.800333023071289062e+01
-8.850157165527343750e+01,2.800404739379882812e+01
-8.850240325927734375e+01,2.800392150878906250e+01
-8.850265502929687500e+01,2.800396156311035156e+01
-8.850091552734375000e+01,2.800380325317382812e+01
-8.850234222412109375e+01,2.800343513488769531e+01
-8.850282287597656250e+01,2.800484085083007812e+01
-8.850085449218750000e+01,2.800473594665527344e+01
-8.850228118896484375e+01,2.800345993041992188e+01
-8.850097656250000000e+01,2.800517082214355469e+01
-8.850228881835937500e+01,2.800514793395996094e+01
-8.850319671630859375e+01,2.800303459167480469e+01
-8.850244903564453125e+01,2.800440216064453125e+01
-8.850263214111328125e+01,2.800321388244628906e+01
-8.850324249267578125e+01,2.800526618957519531e+01
-8.850214385986328125e+01,2.800498390197753906e+01
-8.850009155273437500e+01,2.800516510009765625e+01
-8.850084686279296875e+01,2.800514984130859375e+01
-8.850256347656250000e+01,2.800433540344238281e+01
-8.850197601318359375e+01,2.800352478027343750e+01
-8.850308227539062500e+01,2.800372886657714844e+01
-8.850280761718750000e+01,2.800482368469238281e+01
-8.850115203857421875e+01,2.800541496276855469e+01
-8.850110626220703125e+01,2.800434875488281250e+01
-8.850325775146484375e+01,2.800521087646484375e+01
-8.850156402587890625e+01,2.800401496887207031e+01
-8.850180053710937500e+01,2.800365829467773438e+01
-8.850057983398437500e+01,2.800502967834472656e+01
-8.850139617919921875e+01,2.800483512878417969e+01
-8.850315856933593750e+01,2.800529098510742188e+01
-8.850247955322265625e+01,2.800317764282226562e+01
-8.850184631347656250e+01,2.800564384460449219e+01
-8.850296783447265625e+01,2.800452613830566406e+01
-8.850033569335937500e+01,2.800472831726074219e+01
-8.850225830078125000e+01,2.800363159179687500e+01
-8.850147247314453125e+01,2.800452232360839844e+01
-8.850318145751953125e+01,2.800452804565429688e+01
-8.850268554687500000e+01,2.800438880920410156e+01
-8.850330352783203125e+01,2.800313186645507812e+01
-8.850292968750000000e+01,2.800352287292480469e+01
-8.850096130371093750e+01,2.800439453125000000e+01
-8.850224304199218750e+01,2.800528526306152344e+01
-8.850151824951171875e+01,2.800457000732421875e+01
-8.850254821777343750e+01,2.800381851196289062e+01
-8.850183105468750000e+01,2.800392341613769531e+01
-8.850218963623046875e+01,2.800473594665527344e+01
-8.850145721435546875e+01,2.800425910949707031e+01
-8.850325012207031250e+01,2.800378036499023438e+01
-8.850211334228515625e+01,2.800367355346679688e+01
-8.850076293945312500e+01,2.800445747375488281e+01
-8.850053405761718750e+01,2.800484657287597656e+01
-8.850266265869140625e+01,2.800493812561035156e+01
-8.850251007080078125e+01,2.800330734252929688e+01
-8.850296783447265625e+01,2.800396919250488281e+01
-8.850160217285156250e+01,2.800406455993652344e+01
-8.850246429443359375e+01,2.800323486328125000e+01
-8.850238037109375000e+01,2.800326919555664062e+01
-8.850048065185546875e+01,2.800496864318847656e+01
-8.850211334228515625e+01,2.800479125976562500e+01
-8.850342559814453125e+01,2.800392532348632812e+01
-8.850043487548828125e+01,2.800507164001464844e+01
-8.850341033935546875e+01,2.800351333618164062e+01
-8.850179290771484375e+01,2.800443077087402344e+01
-8.850239562988281250e+01,2.800494194030761719e+01
-8.850325775146484375e+01,2.800389099121093750e+01
-8.850175476074218750e+01,2.800442695617675781e+01
-8.850181579589843750e+01,2.800346565246582031e+01
-8.850171661376953125e+01,2.800444412231445312e+01
-8.850320434570312500e+01,2.800309753417968750e+01
-8.850171661376953125e+01,2.800465583801269531e+01
-8.850286865234375000e+01,2.800398826599121094e+01
-8.850154876708984375e+01,2.800494194030761719e+01
-8.850195312500000000e+01,2.800359344482421875e+01
-8.850272369384765625e+01,2.800545501708984375e+01
-8.850259399414062500e+01,2.800381851196289062e+01
-8.850286865234375000e+01,2.800381088256835938e+01
-8.850286102294921875e+01,2.800383186340332031e+01
-8.850055694580078125e+01,2.800445556640625000e+01
-8.850197601318359375e+01,2.800433731079101562e+01
-8.850118255615234375e+01,2.800424194335937500e+01
-8.850163269042968750e+01,2.800488471984863281e+01
-8.850055694580078125e+01,2.800503158569335938e+01
-8.850190734863281250e+01,2.800439071655273438e+01
-8.850228118896484375e+01,2.800346183776855469e+01
-8.850136566162109375e+01,2.800379562377929688e+01
-8.850165557861328125e+01,2.800407791137695312e+01
-8.850167846679687500e+01,2.800387573242187500e+01
-8.850169372558593750e+01,2.800406455993652344e+01
-8.850263214111328125e+01,2.800395774841308594e+01
-8.850054931640625000e+01,2.800503158569335938e+01
-8.850302124023437500e+01,2.800436592102050781e+01
-8.850071716308593750e+01,2.800520515441894531e+01
-8.850187683105468750e+01,2.800427627563476562e+01
-8.850046539306640625e+01,2.800526618957519531e+01
-8.850316619873046875e+01,2.800297927856445312e+01
-8.850246429443359375e+01,2.800526046752929688e+01
-8.850232696533203125e+01,2.800350570678710938e+01
-8.850273895263671875e+01,2.800313377380371094e+01
-8.850074005126953125e+01,2.800466728210449219e+01
-8.850167846679687500e+01,2.800402641296386719e+01
-8.850144958496093750e+01,2.800514030456542969e+01
-8.850229644775390625e+01,2.800545692443847656e+01
-8.850345611572265625e+01,2.800381278991699219e+01
-8.850100708007812500e+01,2.800456428527832031e+01
-8.850263214111328125e+01,2.800541496276855469e+01
-8.850289154052734375e+01,2.800506973266601562e+01
-8.850128936767578125e+01,2.800407409667968750e+01
-8.850100708007812500e+01,2.800491142272949219e+01
-8.850086212158203125e+01,2.800532531738281250e+01
-8.850049591064453125e+01,2.800542259216308594e+01
-8.850347137451171875e+01,2.800413513183593750e+01
-8.850152587890625000e+01,2.800340270996093750e+01
-8.850165557861328125e+01,2.800534057617187500e+01
-8.850355529785156250e+01,2.800387954711914062e+01
-8.850315856933593750e+01,2.800422668457031250e+01
-8.850222015380859375e+01,2.800529670715332031e+01
-8.850209808349609375e+01,2.800516319274902344e+01
-8.850209045410156250e+01,2.800434112548828125e+01
-8.850134277343750000e+01,2.800443267822265625e+01
-8.850312805175781250e+01,2.800471496582031250e+01
-8.850336456298828125e+01,2.800411415100097656e+01
-8.850176239013671875e+01,2.800575256347656250e+01
-8.850253295898437500e+01,2.800403022766113281e+01
-8.850302886962890625e+01,2.800423431396484375e+01
-8.850290679931640625e+01,2.800523948669433594e+01
-8.850204467773437500e+01,2.800347518920898438e+01
-8.850115203857421875e+01,2.800374412536621094e+01
-8.850237274169921875e+01,2.800519943237304688e+01
-8.850247955322265625e+01,2.800502586364746094e+01
-8.850192260742187500e+01,2.800397682189941406e+01
-8.850173187255859375e+01,2.800435066223144531e+01
-8.850177001953125000e+01,2.800510597229003906e+01
-8.850224304199218750e+01,2.800330352783203125e+01
-8.850233459472656250e+01,2.800503730773925781e+01
-8.850354003906250000e+01,2.800327110290527344e+01
-8.850160980224609375e+01,2.800447463989257812e+01
-8.850255584716796875e+01,2.800409126281738281e+01
-8.850192260742187500e+01,2.800579261779785156e+01
-8.850183868408203125e+01,2.800452995300292969e+01
-8.850277709960937500e+01,2.800430107116699219e+01
-8.850212097167968750e+01,2.800488090515136719e+01
-8.850192260742187500e+01,2.800418663024902344e+01
-8.850222015380859375e+01,2.800438308715820312e+01
-8.850047302246093750e+01,2.800542259216308594e+01
-8.850332641601562500e+01,2.800377082824707031e+01
-8.850252532958984375e+01,2.800561904907226562e+01
-8.850219726562500000e+01,2.800471687316894531e+01
-8.850124359130859375e+01,2.800544929504394531e+01
-8.850219726562500000e+01,2.800362777709960938e+01
-8.850193023681640625e+01,2.800393676757812500e+01
-8.850222015380859375e+01,2.800322914123535156e+01
-8.850158691406250000e+01,2.800398445129394531e+01
-8.850324249267578125e+01,2.800462150573730469e+01
-8.850149536132812500e+01,2.800446128845214844e+01
-8.850110626220703125e+01,2.800446701049804688e+01
-8.850103759765625000e+01,2.800408935546875000e+01
-8.850128173828125000e+01,2.800492095947265625e+01
-8.850152587890625000e+01,2.800386810302734375e+01
-8.850043487548828125e+01,2.800523185729980469e+01
-8.850196075439453125e+01,2.800512504577636719e+01
-8.850221252441406250e+01,2.800422477722167969e+01
-8.850158691406250000e+01,2.800407791137695312e+01
-8.850311279296875000e+01,2.800366401672363281e+01
-8.850010681152343750e+01,2.800515556335449219e+01
-8.850222015380859375e+01,2.800558471679687500e+01
-8.850296783447265625e+01,2.800443840026855469e+01
-8.850344085693359375e+01,2.800421524047851562e+01
-8.850049591064453125e+01,2.800464820861816406e+01
-8.850011444091796875e+01,2.800514221191406250e+01
-8.850324249267578125e+01,2.800486373901367188e+01
-8.850037384033203125e+01,2.800438880920410156e+01
-8.850103759765625000e+01,2.800389862060546875e+01
-8.850262451171875000e+01,2.800369453430175781e+01
-8.850298309326171875e+01,2.800491333007812500e+01
-8.850149536132812500e+01,2.800511741638183594e+01
-8.850067138671875000e+01,2.800528335571289062e+01
-8.850034332275390625e+01,2.800516510009765625e+01
-8.850313568115234375e+01,2.800364112854003906e+01
-8.850107574462890625e+01,2.800503158569335938e+01
-8.850270843505859375e+01,2.800305175781250000e+01
-8.850316619873046875e+01,2.800347137451171875e+01
-8.850234222412109375e+01,2.800473976135253906e+01
-8.850061798095703125e+01,2.800536346435546875e+01
-8.850080108642578125e+01,2.800403785705566406e+01
-8.850087738037109375e+01,2.800514411926269531e+01
-8.850073242187500000e+01,2.800475883483886719e+01
-8.850214385986328125e+01,2.800368118286132812e+01
-8.850157928466796875e+01,2.800356674194335938e+01
-8.850361633300781250e+01,2.800331497192382812e+01
-8.850184631347656250e+01,2.800416374206542969e+01
-8.850338745117187500e+01,2.800403213500976562e+01
-8.850309753417968750e+01,2.800418853759765625e+01
-8.850213623046875000e+01,2.800549125671386719e+01
-8.850165557861328125e+01,2.800550270080566406e+01
-8.850107574462890625e+01,2.800547599792480469e+01
-8.850217437744140625e+01,2.800581741333007812e+01
-8.850337982177734375e+01,2.800413513183593750e+01
-8.850096893310546875e+01,2.800401687622070312e+01
-8.850086975097656250e+01,2.800552177429199219e+01
-8.850350189208984375e+01,2.800410652160644531e+01
-8.850119781494140625e+01,2.800437927246093750e+01
-8.850254058837890625e+01,2.800347328186035156e+01
-8.850206756591796875e+01,2.800353240966796875e+01
-8.850299835205078125e+01,2.800347900390625000e+01
-8.850242614746093750e+01,2.800342750549316406e+01
-8.850275421142578125e+01,2.800548553466796875e+01
-8.850065612792968750e+01,2.800528526306152344e+01
-8.850196075439453125e+01,2.800415420532226562e+01
-8.850232696533203125e+01,2.800573158264160156e+01
-8.850187683105468750e+01,2.800337409973144531e+01
-8.850043487548828125e+01,2.800484085083007812e+01
-8.850339508056640625e+01,2.800311279296875000e+01
-8.850195312500000000e+01,2.800366783142089844e+01
-8.850263977050781250e+01,2.800484848022460938e+01
-8.850321960449218750e+01,2.800319099426269531e+01
-8.850070190429687500e+01,2.800524902343750000e+01
-8.850273132324218750e+01,2.800407981872558594e+01
-8.850151062011718750e+01,2.800505638122558594e+01
-8.850214385986328125e+01,2.800394439697265625e+01
-8.850102233886718750e+01,2.800409889221191406e+01
-8.850065612792968750e+01,2.800535964965820312e+01
-8.850157165527343750e+01,2.800403976440429688e+01
-8.850226593017578125e+01,2.800575447082519531e+01
-8.850278472900390625e+01,2.800331497192382812e+01
-8.850093841552734375e+01,2.800506210327148438e+01
-8.850080108642578125e+01,2.800493431091308594e+01
-8.850052642822265625e+01,2.800540542602539062e+01
-8.850312042236328125e+01,2.800358009338378906e+01
-8.850109100341796875e+01,2.800508689880371094e+01
-8.850320434570312500e+01,2.800398826599121094e+01
-8.850207519531250000e+01,2.800547790527343750e+01
-8.850080871582031250e+01,2.800472640991210938e+01
-8.850176239013671875e+01,2.800501251220703125e+01
-8.850270080566406250e+01,2.800361061096191406e+01
-8.850289154052734375e+01,2.800420570373535156e+01
-8.850216674804687500e+01,2.800533103942871094e+01
-8.850212097167968750e+01,2.800568580627441406e+01
-8.850180053710937500e+01,2.800530815124511719e+01
-8.850280761718750000e+01,2.800505447387695312e+01
-8.850279998779296875e+01,2.800393486022949219e+01
-8.850277709960937500e+01,2.800367355346679688e+01
-8.850244903564453125e+01,2.800392150878906250e+01
-8.850033569335937500e+01,2.800455856323242188e+01
-8.850207519531250000e+01,2.800480842590332031e+01
-8.850305175781250000e+01,2.800319480895996094e+01
-8.850073242187500000e+01,2.800547599792480469e+01
-8.850064086914062500e+01,2.800544929504394531e+01
-8.850067901611328125e+01,2.800478363037109375e+01
-8.850285339355468750e+01,2.800434303283691406e+01
-8.850331878662109375e+01,2.800455474853515625e+01
-8.850132751464843750e+01,2.800445938110351562e+01
-8.850128173828125000e+01,2.800363731384277344e+01
-8.850056457519531250e+01,2.800474548339843750e+01
-8.850276184082031250e+01,2.800324821472167969e+01
-8.850250244140625000e+01,2.800399780273437500e+01
-8.850074768066406250e+01,2.800451087951660156e+01
-8.850211334228515625e+01,2.800446891784667969e+01
-8.850033569335937500e+01,2.800524520874023438e+01
-8.850354003906250000e+01,2.800361824035644531e+01
-8.850202178955078125e+01,2.800542259216308594e+01
-8.850283050537109375e+01,2.800351333618164062e+01
-8.850187683105468750e+01,2.800452232360839844e+01
-8.850138092041015625e+01,2.800523376464843750e+01
-8.850177001953125000e+01,2.800380325317382812e+01
-8.850302886962890625e+01,2.800517082214355469e+01
-8.850182342529296875e+01,2.800460624694824219e+01
-8.850228118896484375e+01,2.800336647033691406e+01
-8.850207519531250000e+01,2.800425148010253906e+01
-8.850235748291015625e+01,2.800369644165039062e+01
-8.850281524658203125e+01,2.800554466247558594e+01
-8.850151824951171875e+01,2.800403022766113281e+01
-8.850157165527343750e+01,2.800408172607421875e+01
-8.850262451171875000e+01,2.800506401062011719e+01
-8.850339508056640625e+01,2.800354576110839844e+01
-8.850245666503906250e+01,2.800546836853027344e+01
-8.850110626220703125e+01,2.800455856323242188e+01
-8.850305938720703125e+01,2.800478553771972656e+01
-8.850022888183593750e+01,2.800478363037109375e+01
-8.850273895263671875e+01,2.800326156616210938e+01
-8.850293731689453125e+01,2.800411033630371094e+01
-8.850178527832031250e+01,2.800513076782226562e+01
-8.850318145751953125e+01,2.800455474853515625e+01
-8.850295257568359375e+01,2.800525856018066406e+01
-8.850265502929687500e+01,2.800347328186035156e+01
-8.850157928466796875e+01,2.800350379943847656e+01
-8.850054168701171875e+01,2.800415039062500000e+01
-8.850225830078125000e+01,2.800465583801269531e+01
-8.850270843505859375e+01,2.800409317016601562e+01
-8.850233459472656250e+01,2.800533676147460938e+01
-8.850238037109375000e+01,2.800525474548339844e+01
-8.850173950195312500e+01,2.800420188903808594e+01
-8.850054168701171875e+01,2.800542449951171875e+01
-8.850054931640625000e+01,2.800512886047363281e+01
-8.850331115722656250e+01,2.800509452819824219e+01
-8.850099945068359375e+01,2.800381088256835938e+01
-8.850228118896484375e+01,2.800453567504882812e+01
-8.850124359130859375e+01,2.800445556640625000e+01
-8.850271606445312500e+01,2.800484657287597656e+01
-8.850303649902343750e+01,2.800434684753417969e+01
-8.850166320800781250e+01,2.800489044189453125e+01
-8.850205230712890625e+01,2.800356292724609375e+01
-8.850075531005859375e+01,2.800473976135253906e+01
-8.850097656250000000e+01,2.800454139709472656e+01
-8.850231933593750000e+01,2.800332450866699219e+01
-8.850268554687500000e+01,2.800415992736816406e+01
-8.850344848632812500e+01,2.800336456298828125e+01
-8.850341796875000000e+01,2.800450897216796875e+01
-8.850058746337890625e+01,2.800538063049316406e+01
-8.850253295898437500e+01,2.800357437133789062e+01
-8.850338745117187500e+01,2.800366783142089844e+01
-8.850119781494140625e+01,2.800525856018066406e+01
-8.850173187255859375e+01,2.800443840026855469e+01
-8.850326538085937500e+01,2.800373458862304688e+01
-8.850117492675781250e+01,2.800476074218750000e+01
-8.850052642822265625e+01,2.800515556335449219e+01
-8.850035858154296875e+01,2.800529098510742188e+01
-8.850300598144531250e+01,2.800421905517578125e+01
-8.850138092041015625e+01,2.800408935546875000e+01
-8.850015258789062500e+01,2.800498008728027344e+01
-8.850226593017578125e+01,2.800519180297851562e+01
-8.850222778320312500e+01,2.800505065917968750e+01
-8.850160217285156250e+01,2.800528335571289062e+01
-8.850224304199218750e+01,2.800372505187988281e+01
-8.850299835205078125e+01,2.800323104858398438e+01
-8.850221252441406250e+01,2.800332260131835938e+01
-8.850082397460937500e+01,2.800395965576171875e+01
-8.850337982177734375e+01,2.800355148315429688e+01
-8.850183105468750000e+01,2.800389289855957031e+01
-8.850201416015625000e+01,2.800317382812500000e+01
-8.850126647949218750e+01,2.800380325317382812e+01
-8.850205230712890625e+01,2.800373077392578125e+01
-8.850336456298828125e+01,2.800362396240234375e+01
-8.850183105468750000e+01,2.800522041320800781e+01
-8.850228881835937500e+01,2.800381660461425781e+01
-8.850254058837890625e+01,2.800505828857421875e+01
-8.850344085693359375e+01,2.800454330444335938e+01
-8.850090026855468750e+01,2.800430679321289062e+01
-8.850137329101562500e+01,2.800468635559082031e+01
-8.850037384033203125e+01,2.800498199462890625e+01
-8.850237274169921875e+01,2.800419044494628906e+01
-8.850294494628906250e+01,2.800519752502441406e+01
-8.850132751464843750e+01,2.800357627868652344e+01
-8.850296020507812500e+01,2.800549697875976562e+01
-8.850337219238281250e+01,2.800426673889160156e+01
-8.850022125244140625e+01,2.800546646118164062e+01
-8.850286865234375000e+01,2.800445556640625000e+01
-8.850205993652343750e+01,2.800430297851562500e+01
-8.850128173828125000e+01,2.800557136535644531e+01
-8.850237274169921875e+01,2.800471878051757812e+01
-8.850294494628906250e+01,2.800323486328125000e+01
-8.850274658203125000e+01,2.800332450866699219e+01
-8.850340270996093750e+01,2.800364112854003906e+01
-8.850035095214843750e+01,2.800498199462890625e+01
-8.850250244140625000e+01,2.800533866882324219e+01
-8.850245666503906250e+01,2.800545310974121094e+01
-8.850191497802734375e+01,2.800546073913574219e+01
-8.850230407714843750e+01,2.800551795959472656e+01
-8.850170135498046875e+01,2.800575637817382812e+01
-8.850315856933593750e+01,2.800365447998046875e+01
-8.850331115722656250e+01,2.800320243835449219e+01
-8.850218963623046875e+01,2.800552177429199219e+01
-8.850251007080078125e+01,2.800351142883300781e+01
-8.850135803222656250e+01,2.800401687622070312e+01
-8.850025939941406250e+01,2.800485229492187500e+01
-8.850210571289062500e+01,2.800406837463378906e+01
-8.850119781494140625e+01,2.800545120239257812e+01
-8.850080108642578125e+01,2.800419616699218750e+01
-8.850283050537109375e+01,2.800481605529785156e+01
-8.850261688232421875e+01,2.800467681884765625e+01
-8.850137329101562500e+01,2.800374412536621094e+01
-8.850057983398437500e+01,2.800470733642578125e+01
-8.850288391113281250e+01,2.800445365905761719e+01
-8.850290679931640625e+01,2.800488471984863281e+01
-8.850346374511718750e+01,2.800359916687011719e+01
-8.850210571289062500e+01,2.800403022766113281e+01
-8.850298309326171875e+01,2.800446319580078125e+01
-8.850350189208984375e+01,2.800378417968750000e+01
-8.850273132324218750e+01,2.800487518310546875e+01
-8.850060272216796875e+01,2.800483322143554688e+01
-8.850087738037109375e+01,2.800404167175292969e+01
-8.850273895263671875e+01,2.800444793701171875e+01
-8.850288391113281250e+01,2.800434875488281250e+01
-8.850244140625000000e+01,2.800416374206542969e+01
-8.850076293945312500e+01,2.800537300109863281e+01
-8.850204467773437500e+01,2.800410270690917969e+01
-8.850247192382812500e+01,2.800550460815429688e+01
-8.850288391113281250e+01,2.800419044494628906e+01
-8.850312805175781250e+01,2.800450325012207031e+01
-8.850131225585937500e+01,2.800464439392089844e+01
-8.850102233886718750e+01,2.800518226623535156e+01
-8.850090789794921875e+01,2.800426673889160156e+01
-8.850213623046875000e+01,2.800345611572265625e+01
-8.850167083740234375e+01,2.800462913513183594e+01
-8.850151824951171875e+01,2.800574302673339844e+01
-8.850263977050781250e+01,2.800421714782714844e+01
-8.850190734863281250e+01,2.800551605224609375e+01
-8.850196075439453125e+01,2.800394630432128906e+01
-8.850125885009765625e+01,2.800531768798828125e+01
-8.850257110595703125e+01,2.800530624389648438e+01
-8.850166320800781250e+01,2.800518417358398438e+01
-8.850197601318359375e+01,2.800566291809082031e+01
-8.850312805175781250e+01,2.800414085388183594e+01
-8.850116729736328125e+01,2.800437355041503906e+01
-8.850273132324218750e+01,2.800361251831054688e+01
-8.850178527832031250e+01,2.800379753112792969e+01
-8.850305938720703125e+01,2.800467872619628906e+01
-8.850220489501953125e+01,2.800441551208496094e+01
-8.850350189208984375e+01,2.800457954406738281e+01
-8.850097656250000000e+01,2.800460243225097656e+01
-8.850337982177734375e+01,2.800415039062500000e+01
-8.850102996826171875e+01,2.800426101684570312e+01
-8.850105285644531250e+01,2.800377273559570312e+01
-8.850196075439453125e+01,2.800535964965820312e+01
-8.850352478027343750e+01,2.800444030761718750e+01
-8.850236511230468750e+01,2.800519752502441406e+01
-8.850147247314453125e+01,2.800528335571289062e+01
-8.850222778320312500e+01,2.800555992126464844e+01
-8.850270080566406250e+01,2.800315093994140625e+01
-8.850090026855468750e+01,2.800388526916503906e+01
-8.850294494628906250e+01,2.800506210327148438e+01
-8.850274658203125000e+01,2.800416755676269531e+01
-8.850198364257812500e+01,2.800458335876464844e+01
-8.850131988525390625e+01,2.800432205200195312e+01
-8.850165557861328125e+01,2.800480270385742188e+01
-8.850335693359375000e+01,2.800414657592773438e+01
-8.850029754638671875e+01,2.800537872314453125e+01
-8.850219726562500000e+01,2.800418281555175781e+01
-8.850135803222656250e+01,2.800497627258300781e+01
-8.850252532958984375e+01,2.800368499755859375e+01
-8.850168609619140625e+01,2.800559616088867188e+01
-8.850064086914062500e+01,2.800403785705566406e+01
-8.850217437744140625e+01,2.800545120239257812e+01
-8.850340270996093750e+01,2.800426101684570312e+01
-8.850202941894531250e+01,2.800502967834472656e+01
-8.850186920166015625e+01,2.800532341003417969e+01
-8.850169372558593750e+01,2.800463867187500000e+01
-8.850099182128906250e+01,2.800451660156250000e+01
