MMSI,VesselName,release_age_bin,matched_hours_in_bin,peak_density_score,mean_density_score,peak_age_hours,peak_min_distance_km,peak_method,rank_in_age_bin,motion_state,stationary_flag,source_type,source_type_basis,stationarity_score,position_spread_km,max_excursion_km,median_sog,frac_sog_lt_slow,track_span_h,n_reports,metadata_hint,classification_reason
368166560,ARGOS PLATFORM,0-6h,7,0.25938908847825864,0.15563555563775652,0.0,5.243091182955413,interp,1,stationary,True,unknown,not determined: needs vessel metadata + offshore-infrastructure database match (not joined yet); motion_state is not evidence of type,1.0,0.005953143737243485,0.010496393050604869,0.0,1.0,47.89416666666666,1132,other_type_reserved,"p90 0.01<= 0.25 km, max 0.01<= 1.0 km, slow frac 1.00>= 0.9"
538005314,OCEAN BLACKHORNET,0-6h,6,0.19001288136824396,0.12765396471118814,1.0,5.606789969256007,interp,2,stationary,True,unknown,not determined: needs vessel metadata + offshore-infrastructure database match (not joined yet); motion_state is not evidence of type,1.0,0.019904890194725494,0.021838616505957403,0.0,1.0,47.70861111111111,702,,"p90 0.02<= 0.25 km, max 0.02<= 1.0 km, slow frac 1.00>= 0.9"
367507790,HARVEY SUPPORTER,0-6h,7,0.11285429475003303,0.07671676211135224,0.0,6.394160578019506,interp,3,mixed,False,unknown,not determined: needs vessel metadata + offshore-infrastructure database match (not joined yet); motion_state is not evidence of type,0.6005459508644222,70.58201052575582,109.76668866392868,0.2,0.7279344858962693,43.48888888888889,1099,,0.60 of reports within 0.5 km of median position but max excursion 109.8 km
538005361,OCEAN BLACKLION,0-6h,6,0.10663940349139063,0.08083182309661549,1.0,6.504524117570465,interp,4,stationary,True,unknown,not determined: needs vessel metadata + offshore-infrastructure database match (not joined yet); motion_state is not evidence of type,1.0,0.17203315757360796,0.17488988838586694,0.0,1.0,47.94166666666667,650,,"p90 0.17<= 0.25 km, max 0.17<= 1.0 km, slow frac 1.00>= 0.9"
368196410,C-CONSTRUCTOR,0-6h,7,0.0722613281501576,0.04759994429934806,0.0,7.53557223511992,interp,5,loitering,False,unknown,not determined: needs vessel metadata + offshore-infrastructure database match (not joined yet); motion_state is not evidence of type,0.399,1.6235081428904612,2.518733373653588,0.0,0.96,47.74444444444445,1000,,"p90 1.62<= 2.0 km, max 2.52<= 5.0 km, slow frac 0.96>= 0.8"
369494392,BP MAD DOG PLATFORM,0-6h,5,0.004574399451552359,0.0026654732172093146,1.0,13.082891902369534,interp,6,stationary,True,unknown,not determined: needs vessel metadata + offshore-infrastructure database match (not joined yet); motion_state is not evidence of type,1.0,0.009560650463606619,0.01666012800397249,0.0,1.0,47.4025,156,moored,"p90 0.01<= 0.25 km, max 0.02<= 1.0 km, slow frac 1.00>= 0.9"
311012300,POLARCUS ALIMA,0-6h,5,0.001428812621307673,0.0003916258037104382,3.0,15.117691965958864,interp,7,moving,False,unknown,not determined: needs vessel metadata + offshore-infrastructure database match (not joined yet); motion_state is not evidence of type,0.0030120481927710845,49.48485856840179,53.15299656247221,4.8,0.0,46.8,664,,"p90 spread 49.48 km, stationarity 0.00"
367550980,BIG FOOT,0-6h,5,0.0010747253448753716,0.00041452858150485436,5.0,16.138693515286352,interp,8,stationary,True,unknown,not determined: needs vessel metadata + offshore-infrastructure database match (not joined yet); motion_state is not evidence of type,1.0,0.009525344623446305,0.01794284173334043,0.0,1.0,47.16388888888889,719,,"p90 0.01<= 0.25 km, max 0.02<= 1.0 km, slow frac 1.00>= 0.9"
367780870,SARAH BORDELON,0-6h,1,0.00048480964246276414,0.00048480964246276414,5.0,16.65296601239982,interp,9,moving,False,unknown,not determined: needs vessel metadata + offshore-infrastructure database match (not joined yet); motion_state is not evidence of type,0.0,61.36093866502877,74.13192405803596,5.2,0.0,39.35583333333334,353,,"p90 spread 61.36 km, stationarity 0.00"
368179260,MILLIE,0-6h,7,1.2578559259161205e-05,4.324441511993234e-06,0.0,21.865770626843002,interp,10,loitering,False,unknown,not determined: needs vessel metadata + offshore-infrastructure database match (not joined yet); motion_state is not evidence of type,0.5491183879093199,0.783514543580864,0.7968306627153325,0.0,0.9773299748110831,47.983333333333334,1191,,"p90 0.78<= 2.0 km, max 0.80<= 5.0 km, slow frac 0.98>= 0.8"
235053116,SEVEN OCEANS,0-6h,6,7.874390255692607e-06,3.0012005359742692e-06,0.0,22.18671435156285,interp,11,mixed,False,unknown,not determined: needs vessel metadata + offshore-infrastructure database match (not joined yet); motion_state is not evidence of type,0.5100917431192661,17.216796776004944,17.99486223757334,0.2,0.7871559633027523,47.85583333333334,545,,0.51 of reports within 0.5 km of median position but max excursion 18.0 km
366048300,HOLSTEIN,0-6h,2,3.9769247169922935e-06,2.5120626313004304e-06,2.0,23.095260344175543,interp,12,stationary,True,unknown,not determined: needs vessel metadata + offshore-infrastructure database match (not joined yet); motion_state is not evidence of type,1.0,0.020015114441955455,0.03424501310992475,0.0,1.0,47.50388888888889,141,moored,"p90 0.02<= 0.25 km, max 0.03<= 1.0 km, slow frac 1.00>= 0.9"
367773540,LUCY,0-6h,7,3.7437063844081938e-06,1.143300068160369e-06,0.0,23.025132992038515,interp,13,moving,False,unknown,not determined: needs vessel metadata + offshore-infrastructure database match (not joined yet); motion_state is not evidence of type,0.0,53.34828522347343,64.66657678587158,8.4,0.2682926829268293,8.644444444444444,369,,"p90 spread 53.35 km, stationarity 0.00"
366050100,TLP SHENZI,0-6h,6,2.2180355508834704e-10,8.984730917407247e-11,0.0,30.947664743928176,interp,14,stationary,True,unknown,not determined: needs vessel metadata + offshore-infrastructure database match (not joined yet); motion_state is not evidence of type,1.0,0.005950138987338007,0.011268174543322917,0.0,1.0,47.81944444444444,757,,"p90 0.01<= 0.25 km, max 0.01<= 1.0 km, slow frac 1.00>= 0.9"
367127480,TAHITI SPAR,0-6h,7,7.711352351245136e-11,2.5304878002000098e-11,0.0,31.91643606827566,interp,15,stationary,True,unknown,not determined: needs vessel metadata + offshore-infrastructure database match (not joined yet); motion_state is not evidence of type,1.0,0.010833798269373066,0.06520907415698338,0.0,0.9989878542510121,47.903333333333336,988,,"p90 0.01<= 0.25 km, max 0.07<= 1.0 km, slow frac 1.00>= 0.9"
366908680,MARCO POLO TLP,0-6h,2,1.0346790817332061e-11,5.320879427472749e-12,2.0,33.495829511302254,interp,16,stationary,True,unknown,not determined: needs vessel metadata + offshore-infrastructure database match (not joined yet); motion_state is not evidence of type,1.0,0.007365308013820013,0.015119636122623445,,,47.655833333333334,515,,"p90 0.01<= 0.25 km, max 0.02<= 1.0 km, slow frac nan>= 0.9"
538009623,WEST AURIGA,0-6h,3,1.3140989654359417e-12,8.194152193929537e-13,1.0,34.578935570168866,edge_nearest,17,stationary,True,unknown,not determined: needs vessel metadata + offshore-infrastructure database match (not joined yet); motion_state is not evidence of type,1.0,0.0745007037564426,0.12835721203036443,0.1,0.9968553459119497,46.93277777777778,636,,"p90 0.07<= 0.25 km, max 0.13<= 1.0 km, slow frac 1.00>= 0.9"
538004610,DEEPWATER INVICTUS,0-6h,6,2.9332434194686505e-13,8.303399405104689e-14,1.0,35.90179751080336,interp,18,stationary,True,unknown,not determined: needs vessel metadata + offshore-infrastructure database match (not joined yet); motion_state is not evidence of type,1.0,0.1548434221246573,0.1586575057203628,0.0,0.9898107714701602,47.6275,687,,"p90 0.15<= 0.25 km, max 0.16<= 1.0 km, slow frac 0.99>= 0.9"
369494390,BP ATLANTIS PLATFORM,0-6h,1,2.4595943399295744e-13,2.4595943399295744e-13,0.0,35.73484768339578,edge_nearest,19,stationary,True,unknown,not determined: needs vessel metadata + offshore-infrastructure database match (not joined yet); motion_state is not evidence of type,1.0,0.005952633417992318,0.008330001406958816,0.0,1.0,47.90277777777778,85,moored,"p90 0.01<= 0.25 km, max 0.01<= 1.0 km, slow frac 1.00>= 0.9"
369550000,Q4000,0-6h,1,2.28631538265083e-13,2.28631538265083e-13,5.0,36.07345272420947,interp,20,stationary,True,unknown,not determined: needs vessel metadata + offshore-infrastructure database match (not joined yet); motion_state is not evidence of type,1.0,0.037806327279288496,0.05807895426438459,0.1,1.0,45.75527777777778,665,,"p90 0.04<= 0.25 km, max 0.06<= 1.0 km, slow frac 1.00>= 0.9"
369224000,HARVEY PROVIDER,0-6h,1,1.7677142620260257e-13,1.7677142620260257e-13,5.0,36.24907585134126,edge_nearest,21,mixed,False,unknown,not determined: needs vessel metadata + offshore-infrastructure database match (not joined yet); motion_state is not evidence of type,0.8961625282167043,0.5469399588878819,2.7882190327327834,0.4,0.6410835214446953,45.31138888888889,443,,0.90 of reports within 0.5 km of median position but max excursion 2.8 km
577358000,ISLAND VENTURE,0-6h,7,1.4610453049979815e-13,6.630391574382639e-14,0.0,36.09522002046666,interp,22,stationary,True,unknown,not determined: needs vessel metadata + offshore-infrastructure database match (not joined yet); motion_state is not evidence of type,1.0,0.0056469931749934124,0.006744576522164114,0.1,1.0,47.96111111111111,1211,,"p90 0.01<= 0.25 km, max 0.01<= 1.0 km, slow frac 1.00>= 0.9"
367666910,CAJUN IV,0-6h,6,3.149841045792046e-16,5.255248873443667e-17,2.0,40.38871685913398,interp,23,moving,False,unknown,not determined: needs vessel metadata + offshore-infrastructure database match (not joined yet); motion_state is not evidence of type,0.32608695652173914,59.38083653497668,92.44318345634053,0.2,0.7043478260869566,47.925,460,,"p90 spread 59.38 km, stationarity 0.33"
366054900,STAMPEDE TLP,0-6h,7,1.500349814973285e-17,3.397880587465458e-18,0.0,42.78498657028975,interp,24,stationary,True,unknown,not determined: needs vessel metadata + offshore-infrastructure database match (not joined yet); motion_state is not evidence of type,1.0,0.007760261237562994,0.01955513279636888,0.0,1.0,47.98361111111111,1060,,"p90 0.01<= 0.25 km, max 0.02<= 1.0 km, slow frac 1.00>= 0.9"
369533000,LIGHTNING,0-6h,5,2.198276176381539e-20,4.396552352780503e-21,4.0,45.64371280129098,interp,25,moving,False,unknown,not determined: needs vessel metadata + offshore-infrastructure database match (not joined yet); motion_state is not evidence of type,0.0,49.909727679759314,68.58618297856088,10.5,0.22128851540616246,45.555277777777775,357,,"p90 spread 49.91 km, stationarity 0.00"
636016002,PACIFIC SHARAV,0-6h,5,6.002582437990672e-24,1.89145084232667e-24,0.0,50.196091379894874,interp,26,stationary,True,unknown,not determined: needs vessel metadata + offshore-infrastructure database match (not joined yet); motion_state is not evidence of type,1.0,0.17593408549778042,0.18075929382554598,0.0,0.9976076555023924,47.8525,1254,,"p90 0.18<= 0.25 km, max 0.18<= 1.0 km, slow frac 1.00>= 0.9"
368508000,GENIE LAB,0-6h,5,4.723163466955086e-24,1.4601385808971007e-24,0.0,50.314929224931376,interp,27,moving,False,unknown,not determined: needs vessel metadata + offshore-infrastructure database match (not joined yet); motion_state is not evidence of type,0.0,48.67238789694155,58.621028250207544,9.3,0.21764705882352942,14.113333333333333,170,,"p90 spread 48.67 km, stationarity 0.00"
338125915,CONSTITUTION SPAR,0-6h,7,1.390636836368452e-25,5.46122848377435e-26,0.0,51.723445548999806,interp,28,stationary,True,unknown,not determined: needs vessel metadata + offshore-infrastructure database match (not joined yet); motion_state is not evidence of type,1.0,0.004462752955686067,0.006917164614274846,0.1,1.0,47.94166666666667,1069,,"p90 0.00<= 0.25 km, max 0.01<= 1.0 km, slow frac 1.00>= 0.9"
11,CONSTITUTION,0-6h,3,4.732515583005803e-26,3.6322597025146827e-26,3.0,52.23258345524773,interp,29,stationary,True,unknown,not determined: needs vessel metadata + offshore-infrastructure database match (not joined yet); motion_state is not evidence of type,1.0,0.011473988280703866,0.027140340778891322,0.1,1.0,45.30361111111111,143,moored,"p90 0.01<= 0.25 km, max 0.03<= 1.0 km, slow frac 1.00>= 0.9"
3660489,NEPTUNE TLP,0-6h,7,2.2875562467987742e-26,7.041088350943174e-27,0.0,52.489845450067726,interp,30,stationary,True,unknown,not determined: needs vessel metadata + offshore-infrastructure database match (not joined yet); motion_state is not evidence of type,1.0,0.009175398243968446,0.024779748764569284,0.0,1.0,47.85055555555556,575,moored,"p90 0.01<= 0.25 km, max 0.02<= 1.0 km, slow frac 1.00>= 0.9"
303260000,GINNY LAB,0-6h,4,1.8819686026235157e-26,9.087731540360438e-27,0.0,52.58556360050547,interp,31,loitering,False,unknown,not determined: needs vessel metadata + offshore-infrastructure database match (not joined yet); motion_state is not evidence of type,0.5121951219512195,0.8784335909219985,0.9098108168102879,0.2,0.8048780487804879,15.091944444444444,41,,"p90 0.88<= 2.0 km, max 0.91<= 5.0 km, slow frac 0.80>= 0.8"
368042000,ODYSSEA SPIRIT,0-6h,2,2.199734153881911e-27,1.3566010030816869e-27,3.0,53.5788840725053,interp,32,mixed,False,unknown,not determined: needs vessel metadata + offshore-infrastructure database match (not joined yet); motion_state is not evidence of type,0.7943396226415095,3.90955772301486,6.4883997221381895,0.1,0.7660377358490567,46.742777777777775,530,,0.79 of reports within 0.5 km of median position but max excursion 6.5 km
369286000,HARVEY EXPLORER,0-6h,4,5.5200446534389565e-36,1.3800111633597391e-36,6.0,62.31915957122443,interp,33,mixed,False,unknown,not determined: needs vessel metadata + offshore-infrastructure database match (not joined yet); motion_state is not evidence of type,0.814663951120163,38.01010158839844,92.61139866401689,0.0,0.7067209775967414,45.007777777777775,491,,0.81 of reports within 0.5 km of median position but max excursion 92.6 km
368087000,C-CARRIER,0-6h,5,1.7697280734022044e-40,4.2840944860759485e-41,4.0,66.6066662337488,interp,34,mixed,False,unknown,not determined: needs vessel metadata + offshore-infrastructure database match (not joined yet); motion_state is not evidence of type,0.9010695187165776,0.21218321852231392,46.24124237195644,0.1,0.93048128342246,47.971944444444446,374,,0.90 of reports within 0.5 km of median position but max excursion 46.2 km
367486440,FAST GOLIATH,0-6h,2,6.485137232427655e-44,3.2425686162138273e-44,3.0,69.22379454457324,interp,35,moving,False,unknown,not determined: needs vessel metadata + offshore-infrastructure database match (not joined yet); motion_state is not evidence of type,0.03225806451612903,29.823509978135057,48.238687591817516,18.5,0.0,1.8494444444444444,31,moored,"short track (n=31, span 1.8 h) but moved 48.2 km > 5.0 km"
477166800,UNI SUNSHINE,0-6h,4,5.019716795816164e-44,1.254929198954041e-44,1.0,69.15690126210457,edge_nearest,36,moving,False,unknown,not determined: needs vessel metadata + offshore-infrastructure database match (not joined yet); motion_state is not evidence of type,0.045454545454545456,46.1391575388823,48.49589024618246,13.7,0.0,3.589722222222222,44,,"short track (n=44, span 3.6 h) but moved 48.5 km > 5.0 km"
367556730,HARVEY COLT,0-6h,6,4.065387196946127e-45,8.016898982312949e-46,0.0,70.24030403653772,interp,37,moving,False,unknown,not determined: needs vessel metadata + offshore-infrastructure database match (not joined yet); motion_state is not evidence of type,0.4467005076142132,1.2729225220352218,20.169046190540175,0.4,0.5291878172588832,47.97805555555556,788,,"p90 spread 1.27 km, stationarity 0.45"
369108000,CADE CANDIES,0-6h,6,3.686828163185413e-47,7.550966076444313e-48,0.0,71.86081606649492,interp,38,mixed,False,unknown,not determined: needs vessel metadata + offshore-infrastructure database match (not joined yet); motion_state is not evidence of type,0.7329842931937173,22.759629226626537,39.99439316214135,0.0,0.8219895287958116,40.02777777777778,382,,0.73 of reports within 0.5 km of median position but max excursion 40.0 km
538005579,DEEPWATER CONQUEROR,0-6h,5,7.408572398079666e-48,4.640783888088666e-48,6.0,72.22901058634281,interp,39,stationary,True,unknown,not determined: needs vessel metadata + offshore-infrastructure database match (not joined yet); motion_state is not evidence of type,1.0,0.14368698087787646,0.14892370296748952,0.0,1.0,47.85527777777778,893,,"p90 0.14<= 0.25 km, max 0.15<= 1.0 km, slow frac 1.00>= 0.9"
538005123,DEEPWATER THALASSA,0-6h,5,7.482510065173566e-52,1.6099264837230604e-52,4.0,75.73609713912666,interp,40,stationary,True,unknown,not determined: needs vessel metadata + offshore-infrastructure database match (not joined yet); motion_state is not evidence of type,1.0,0.09676715150480206,0.4158526399116277,0.0,1.0,47.9275,376,,"p90 0.10<= 0.25 km, max 0.42<= 1.0 km, slow frac 1.00>= 0.9"
367785160,BRUTUS TLP,0-6h,7,7.083444747814721e-52,1.2499215813032082e-52,0.0,75.78574522723149,interp,41,stationary,True,unknown,not determined: needs vessel metadata + offshore-infrastructure database match (not joined yet); motion_state is not evidence of type,1.0,0.005872409707579216,0.024640262226181667,0.1,1.0,47.950833333333335,532,moored,"p90 0.01<= 0.25 km, max 0.02<= 1.0 km, slow frac 1.00>= 0.9"
538005124,DEEPWATER PROTEUS,0-6h,7,3.115048865638274e-53,5.455455057139418e-54,0.0,76.7807981333652,interp,42,stationary,True,unknown,not determined: needs vessel metadata + offshore-infrastructure database match (not joined yet); motion_state is not evidence of type,1.0,0.12090264051627465,0.1756811242875058,0.0,0.9925373134328358,47.925,1474,,"p90 0.12<= 0.25 km, max 0.18<= 1.0 km, slow frac 0.99>= 0.9"
367657110,PECAN ISLAND,0-6h,7,3.093346721183961e-54,5.218655365491232e-55,1.0,77.52054013934078,interp,43,mixed,False,unknown,not determined: needs vessel metadata + offshore-infrastructure database match (not joined yet); motion_state is not evidence of type,0.7136929460580913,1.2787588144428266,39.20809990109772,0.1,0.8423236514522822,44.06111111111111,1205,,0.71 of reports within 0.5 km of median position but max excursion 39.2 km
368059520,DEER ISLAND,0-6h,3,2.3120078643630906e-54,1.3531975019827854e-54,1.0,77.61656492343775,interp,44,moving,False,unknown,not determined: needs vessel metadata + offshore-infrastructure database match (not joined yet); motion_state is not evidence of type,0.4134366925064599,58.530765183336904,74.04291569713683,0.8,0.46511627906976744,47.219166666666666,387,,"p90 spread 58.53 km, stationarity 0.41"
369045000,HARVEY STONE,0-6h,3,2.0782314440097373e-55,7.228854036157954e-56,5.0,78.36520622085334,edge_nearest,45,moving,False,unknown,not determined: needs vessel metadata + offshore-infrastructure database match (not joined yet); motion_state is not evidence of type,0.0,86.38358680252044,100.03991500967183,10.2,0.03065134099616858,45.036944444444444,522,,"p90 spread 86.38 km, stationarity 0.00"
311062000,HELIX PRODUCER I,0-6h,7,8.402857248045137e-75,1.4888048168861437e-75,0.0,91.16413286775278,interp,46,stationary,True,unknown,not determined: needs vessel metadata + offshore-infrastructure database match (not joined yet); motion_state is not evidence of type,1.0,0.00723975609809096,0.030271756653908657,0.0,1.0,47.983333333333334,1344,,"p90 0.01<= 0.25 km, max 0.03<= 1.0 km, slow frac 1.00>= 0.9"
374788000,PRELUDE,0-6h,5,1.5388666031533887e-82,3.0937892824785962e-83,3.0,96.29332704539411,interp,47,moving,False,unknown,not determined: needs vessel metadata + offshore-infrastructure database match (not joined yet); motion_state is not evidence of type,0.0,105.90792840780897,113.15631192133783,11.6,0.0,9.516666666666667,131,,"p90 spread 105.91 km, stationarity 0.00"
352978139,GRAND WINNER 3,0-6h,1,6.444758006333495e-85,6.444758006333495e-85,1.0,97.4894672009518,interp,48,moving,False,unknown,not determined: needs vessel metadata + offshore-infrastructure database match (not joined yet); motion_state is not evidence of type,0.0,9.825603823823489,12.803342888699726,11.75,0.0,0.9722222222222222,8,,"short track (n=8, span 1.0 h) but moved 12.8 km > 5.0 km"
538008599,OVERSEAS SUN COAST,0-6h,6,1.5973516836900573e-89,2.78408242769785e-90,5.0,99.97722661791717,interp,49,moving,False,unknown,not determined: needs vessel metadata + offshore-infrastructure database match (not joined yet); motion_state is not evidence of type,0.0066815144766146995,84.65388827701551,96.96559974858424,11.3,0.0,9.086388888888889,449,,"p90 spread 84.65 km, stationarity 0.01"
367391920,HARVEY JAGUAR,0-6h,2,2.7165201659836026e-90,1.3582600829918013e-90,1.0,100.41846269873001,interp,50,moving,False,unknown,not determined: needs vessel metadata + offshore-infrastructure database match (not joined yet); motion_state is not evidence of type,0.09090909090909091,13.2883443815864,15.790511819286776,10.350000000000001,0.0,1.4594444444444445,22,,"short track (n=22, span 1.5 h) but moved 15.8 km > 5.0 km"
636019868,CMA CGM BERLIOZ,0-6h,2,7.931700392684269e-93,3.9658501963421344e-93,6.0,101.81673650322708,interp,51,moving,False,unknown,not determined: needs vessel metadata + offshore-infrastructure database match (not joined yet); motion_state is not evidence of type,0.006993006993006993,77.26569830320463,95.54474025211711,13.8,0.0,5.454444444444444,143,,"short track (n=143, span 5.5 h) but moved 95.5 km > 5.0 km"
538004609,DEEPWATER ASGARD,0-6h,7,1.3637402465906375e-97,2.5857569791286942e-98,0.0,104.51611862789295,interp,52,stationary,True,unknown,not determined: needs vessel metadata + offshore-infrastructure database match (not joined yet); motion_state is not evidence of type,1.0,0.0036948568817399678,0.06388217562025639,0.0,1.0,47.964166666666664,1176,,"p90 0.00<= 0.25 km, max 0.06<= 1.0 km, slow frac 1.00>= 0.9"
369240000,PEYTON CANDIES,0-6h,7,9.264818748802274e-98,1.7720394192332652e-98,0.0,104.60842766069803,interp,53,mixed,False,unknown,not determined: needs vessel metadata + offshore-infrastructure database match (not joined yet); motion_state is not evidence of type,0.9287833827893175,0.21346044288989036,42.063000065459406,0.1,0.9117210682492581,47.68333333333333,1348,,0.93 of reports within 0.5 km of median position but max excursion 42.1 km
538005035,ROWAN RELENTLESS,0-6h,1,1.5234952052359056e-103,1.5234952052359056e-103,1.0,107.9877275440819,edge_nearest,54,loitering,False,unknown,not determined: needs vessel metadata + offshore-infrastructure database match (not joined yet); motion_state is not evidence of type,1.0,0.2864135976565641,0.28725201290024044,0.1,1.0,47.352222222222224,244,,"p90 0.29<= 2.0 km, max 0.29<= 5.0 km, slow frac 1.00>= 0.8"
367561140,HARVEY HAWK,0-6h,1,1.1525378835415917e-103,1.1525378835415917e-103,1.0,108.05212553236015,edge_nearest,55,moving,False,unknown,not determined: needs vessel metadata + offshore-infrastructure database match (not joined yet); motion_state is not evidence of type,0.012345679012345678,63.61269030807703,134.40771161572795,8.8,0.021604938271604937,47.05027777777778,324,,"p90 spread 63.61 km, stationarity 0.01"
369139000,HOS BRIMSTONE,0-6h,2,9.039223506998475e-107,4.519611753499253e-107,6.0,109.4460017915369,exact,56,mixed,False,unknown,not determined: needs vessel metadata + offshore-infrastructure database match (not joined yet); motion_state is not evidence of type,0.900990099009901,0.3049354974539233,32.8712954393522,0.1,0.8762376237623762,43.510555555555555,202,,0.90 of reports within 0.5 km of median position but max excursion 32.9 km
367710550,MS NANCY,0-6h,5,2.612666608363007e-107,5.566317113698311e-108,1.0,109.84307351697429,interp,57,undetermined,False,unknown,not determined: needs vessel metadata + offshore-infrastructure database match (not joined yet); motion_state is not evidence of type,0.9801980198019802,0.005931320739619136,0.6300633956710958,0.3,0.8613861386138614,4.6775,101,,n_reports=101 or span=4.7h below minimum
371765000,WEST NEPTUNE,0-6h,7,6.67063541741927e-113,1.0810298766747816e-113,0.0,112.7421270553153,interp,58,stationary,True,unknown,not determined: needs vessel metadata + offshore-infrastructure database match (not joined yet); motion_state is not evidence of type,1.0,0.0,0.0,0.1,1.0,47.983333333333334,1908,,"p90 0.00<= 0.25 km, max 0.00<= 1.0 km, slow frac 1.00>= 0.9"
367067370,CHRISTIAN CHOUEST,0-6h,6,5.0011503206789837e-113,9.384299797634556e-114,0.0,112.80567507038893,interp,59,stationary,True,unknown,not determined: needs vessel metadata + offshore-infrastructure database match (not joined yet); motion_state is not evidence of type,1.0,0.12778938144652227,0.14073988838635623,0.0,0.9988317757009346,47.9775,856,,"p90 0.13<= 0.25 km, max 0.14<= 1.0 km, slow frac 1.00>= 0.9"
354791000,VICTORY-G,0-6h,2,4.2444044299319925e-120,2.1222110528609653e-120,6.0,116.19743930129546,interp,60,moving,False,unknown,not determined: needs vessel metadata + offshore-infrastructure database match (not joined yet); motion_state is not evidence of type,0.0,23.338856658126264,26.134876686238155,3.7,0.0,33.147777777777776,157,,"p90 spread 23.34 km, stationarity 0.00"
257040610,OLYMPIC ARTEMIS,0-6h,3,1.1160679075394312e-139,4.214212786725104e-140,6.0,125.54813940128372,interp,61,moving,False,unknown,not determined: needs vessel metadata + offshore-infrastructure database match (not joined yet); motion_state is not evidence of type,0.0087527352297593,19.22960028152645,24.81052241589178,0.9,0.19912472647702406,46.46361111111111,914,,"p90 spread 19.23 km, stationarity 0.01"
367501540,OSG ENDURANCE,6-12h,4,0.11267223224004223,0.045558668838505054,10.0,8.250311635641872,interp,1,moving,False,unknown,not determined: needs vessel metadata + offshore-infrastructure database match (not joined yet); motion_state is not evidence of type,0.031746031746031744,29.213047963093377,41.801767455300066,12.2,0.0,3.5388888888888888,63,,"short track (n=63, span 3.5 h) but moved 41.8 km > 5.0 km"
367550980,BIG FOOT,6-12h,6,0.07853421783834365,0.0347632399018033,12.0,7.6473430115769885,interp,2,stationary,True,unknown,not determined: needs vessel metadata + offshore-infrastructure database match (not joined yet); motion_state is not evidence of type,1.0,0.009525344623446305,0.01794284173334043,0.0,1.0,47.16388888888889,719,,"p90 0.01<= 0.25 km, max 0.02<= 1.0 km, slow frac 1.00>= 0.9"
538005314,OCEAN BLACKHORNET,6-12h,6,0.03441216650948765,0.010650844799034984,7.0,10.741336123386354,interp,3,stationary,True,unknown,not determined: needs vessel metadata + offshore-infrastructure database match (not joined yet); motion_state is not evidence of type,1.0,0.019904890194725494,0.021838616505957403,0.0,1.0,47.70861111111111,702,,"p90 0.02<= 0.25 km, max 0.02<= 1.0 km, slow frac 1.00>= 0.9"
368166560,ARGOS PLATFORM,6-12h,6,0.027241287468059993,0.008805069307856144,7.0,11.409600725491531,interp,4,stationary,True,unknown,not determined: needs vessel metadata + offshore-infrastructure database match (not joined yet); motion_state is not evidence of type,1.0,0.005953143737243485,0.010496393050604869,0.0,1.0,47.89416666666666,1132,other_type_reserved,"p90 0.01<= 0.25 km, max 0.01<= 1.0 km, slow frac 1.00>= 0.9"
367507790,HARVEY SUPPORTER,6-12h,6,0.019373015046897583,0.007742910044226531,7.0,10.992096253725432,interp,5,mixed,False,unknown,not determined: needs vessel metadata + offshore-infrastructure database match (not joined yet); motion_state is not evidence of type,0.6005459508644222,70.58201052575582,109.76668866392868,0.2,0.7279344858962693,43.48888888888889,1099,,0.60 of reports within 0.5 km of median position but max excursion 109.8 km
538005361,OCEAN BLACKLION,6-12h,5,0.013758596527531563,0.005927062162044252,8.0,11.680635669673139,edge_nearest,6,stationary,True,unknown,not determined: needs vessel metadata + offshore-infrastructure database match (not joined yet); motion_state is not evidence of type,1.0,0.17203315757360796,0.17488988838586694,0.0,1.0,47.94166666666667,650,,"p90 0.17<= 0.25 km, max 0.17<= 1.0 km, slow frac 1.00>= 0.9"
368196410,C-CONSTRUCTOR,6-12h,6,0.010724875587573466,0.003878795142184791,7.0,12.009906954828695,interp,7,loitering,False,unknown,not determined: needs vessel metadata + offshore-infrastructure database match (not joined yet); motion_state is not evidence of type,0.399,1.6235081428904612,2.518733373653588,0.0,0.96,47.74444444444445,1000,,"p90 1.62<= 2.0 km, max 2.52<= 5.0 km, slow frac 0.96>= 0.8"
367655260,SHELIA BORDELON,6-12h,5,0.0021316900164764954,0.0014873135116257163,8.0,15.693834300053492,interp,8,moving,False,unknown,not determined: needs vessel metadata + offshore-infrastructure database match (not joined yet); motion_state is not evidence of type,0.047186932849364795,7.814412737054478,8.601232841057186,0.8,0.08892921960072596,46.68333333333333,551,,"p90 spread 7.81 km, stationarity 0.05"
235053116,SEVEN OCEANS,6-12h,4,0.0008173416851151669,0.00020454436809581132,11.0,17.26759356098117,edge_nearest,9,mixed,False,unknown,not determined: needs vessel metadata + offshore-infrastructure database match (not joined yet); motion_state is not evidence of type,0.5100917431192661,17.216796776004944,17.99486223757334,0.2,0.7871559633027523,47.85583333333334,545,,0.51 of reports within 0.5 km of median position but max excursion 18.0 km
369494392,BP MAD DOG PLATFORM,6-12h,3,0.00013002063373670372,7.20896123578382e-05,8.0,18.493844576597688,interp,10,stationary,True,unknown,not determined: needs vessel metadata + offshore-infrastructure database match (not joined yet); motion_state is not evidence of type,1.0,0.009560650463606619,0.01666012800397249,0.0,1.0,47.4025,156,moored,"p90 0.01<= 0.25 km, max 0.02<= 1.0 km, slow frac 1.00>= 0.9"
367684260,PELICAN ISLAND,6-12h,4,0.00011885312800173156,5.1473442462004284e-05,8.0,18.603019441370133,interp,11,mixed,False,unknown,not determined: needs vessel metadata + offshore-infrastructure database match (not joined yet); motion_state is not evidence of type,0.9215189873417722,0.25004396803087725,21.907721016662574,0.3,0.7341772151898734,40.43944444444445,395,,0.92 of reports within 0.5 km of median position but max excursion 21.9 km
369702000,COASTAL RELIANCE,6-12h,3,3.926010623850387e-05,1.3090380347567669e-05,11.0,20.13456347592819,interp,12,moving,False,unknown,not determined: needs vessel metadata + offshore-infrastructure database match (not joined yet); motion_state is not evidence of type,0.025,40.187325783452536,53.8638046600925,9.6,0.0,5.674722222222222,80,,"short track (n=80, span 5.7 h) but moved 53.9 km > 5.0 km"
367602540,JOHN JACOB,6-12h,4,3.847453986720463e-07,9.638057006283383e-08,11.0,24.952657053826748,edge_nearest,13,moving,False,unknown,not determined: needs vessel metadata + offshore-infrastructure database match (not joined yet); motion_state is not evidence of type,0.0,68.8037372209144,85.95075880490533,20.1,0.0,39.68416666666667,332,,"p90 spread 68.80 km, stationarity 0.00"
368179260,MILLIE,6-12h,6,4.3838343082378803e-08,9.08349674826793e-09,7.0,27.60925575199498,interp,14,loitering,False,unknown,not determined: needs vessel metadata + offshore-infrastructure database match (not joined yet); motion_state is not evidence of type,0.5491183879093199,0.783514543580864,0.7968306627153325,0.0,0.9773299748110831,47.983333333333334,1191,,"p90 0.78<= 2.0 km, max 0.80<= 5.0 km, slow frac 0.98>= 0.8"
311012300,POLARCUS ALIMA,6-12h,6,8.460553069494266e-09,1.4100949840689007e-09,7.0,28.39858134361203,interp,15,moving,False,unknown,not determined: needs vessel metadata + offshore-infrastructure database match (not joined yet); motion_state is not evidence of type,0.0030120481927710845,49.48485856840179,53.15299656247221,4.8,0.0,46.8,664,,"p90 spread 49.48 km, stationarity 0.00"
366048300,HOLSTEIN,6-12h,3,6.339840285645354e-09,2.5170606456077903e-09,8.0,29.26856673149368,interp,16,stationary,True,unknown,not determined: needs vessel metadata + offshore-infrastructure database match (not joined yet); motion_state is not evidence of type,1.0,0.020015114441955455,0.03424501310992475,0.0,1.0,47.50388888888889,141,moored,"p90 0.02<= 0.25 km, max 0.03<= 1.0 km, slow frac 1.00>= 0.9"
367471840,FAST GIANT,6-12h,1,1.4871149789166936e-09,1.4871149789166936e-09,10.0,29.61614859006961,interp,17,undetermined,False,unknown,not determined: needs vessel metadata + offshore-infrastructure database match (not joined yet); motion_state is not evidence of type,1.0,0.01027428389501734,0.012586711601278824,0.5,0.42857142857142855,0.8083333333333333,7,,n_reports=7 or span=0.8h below minimum
369286000,HARVEY EXPLORER,6-12h,5,9.522230703357107e-10,3.8754893034475767e-10,9.0,30.80523794820206,interp,18,mixed,False,unknown,not determined: needs vessel metadata + offshore-infrastructure database match (not joined yet); motion_state is not evidence of type,0.814663951120163,38.01010158839844,92.61139866401689,0.0,0.7067209775967414,45.007777777777775,491,,0.81 of reports within 0.5 km of median position but max excursion 92.6 km
338147342,HEIDELBERG SPAR,6-12h,2,4.945073780912914e-10,3.023620995500796e-10,11.0,30.509049428922978,edge_nearest,19,stationary,True,unknown,not determined: needs vessel metadata + offshore-infrastructure database match (not joined yet); motion_state is not evidence of type,1.0,0.0031706830504465407,0.0077579597865570045,0.0,1.0,37.5,322,at_anchor,"p90 0.00<= 0.25 km, max 0.01<= 1.0 km, slow frac 1.00>= 0.9"
563086300,BW PIONEER,6-12h,3,2.9000850375808583e-11,1.0860304237107824e-11,11.0,33.28536847958619,interp,20,stationary,True,unknown,not determined: needs vessel metadata + offshore-infrastructure database match (not joined yet); motion_state is not evidence of type,1.0,0.24752468858628474,0.2626963653471608,0.0,1.0,46.50555555555555,100,moored,"p90 0.25<= 0.25 km, max 0.26<= 1.0 km, slow frac 1.00>= 0.9"
368589000,OVERSEAS CASCADE,6-12h,5,4.736440338218553e-13,9.472880676437107e-14,12.0,35.29119303803393,interp,21,moving,False,unknown,not determined: needs vessel metadata + offshore-infrastructure database match (not joined yet); motion_state is not evidence of type,0.0,72.50747048237665,119.208955689557,11.6,0.0,39.92,566,,"p90 spread 72.51 km, stationarity 0.00"
367127480,TAHITI SPAR,6-12h,6,3.116167447802662e-13,6.2718353336727e-14,7.0,35.956538559871284,interp,22,stationary,True,unknown,not determined: needs vessel metadata + offshore-infrastructure database match (not joined yet); motion_state is not evidence of type,1.0,0.010833798269373066,0.06520907415698338,0.0,0.9989878542510121,47.903333333333336,988,,"p90 0.01<= 0.25 km, max 0.07<= 1.0 km, slow frac 1.00>= 0.9"
366050100,TLP SHENZI,6-12h,5,9.429735041049048e-14,2.4784582434786407e-14,8.0,36.61023757374496,interp,23,stationary,True,unknown,not determined: needs vessel metadata + offshore-infrastructure database match (not joined yet); motion_state is not evidence of type,1.0,0.005950138987338007,0.011268174543322917,0.0,1.0,47.81944444444444,757,,"p90 0.01<= 0.25 km, max 0.01<= 1.0 km, slow frac 1.00>= 0.9"
367780870,SARAH BORDELON,6-12h,5,5.99678605276853e-14,1.1993572711479348e-14,8.0,37.2851653726805,interp,24,moving,False,unknown,not determined: needs vessel metadata + offshore-infrastructure database match (not joined yet); motion_state is not evidence of type,0.0,61.36093866502877,74.13192405803596,5.2,0.0,39.35583333333334,353,,"p90 spread 61.36 km, stationarity 0.00"
369550000,Q4000,6-12h,6,1.998566102215224e-14,4.0487790211616376e-15,7.0,37.720013315777095,interp,25,stationary,True,unknown,not determined: needs vessel metadata + offshore-infrastructure database match (not joined yet); motion_state is not evidence of type,1.0,0.037806327279288496,0.05807895426438459,0.1,1.0,45.75527777777778,665,,"p90 0.04<= 0.25 km, max 0.06<= 1.0 km, slow frac 1.00>= 0.9"
538009623,WEST AURIGA,6-12h,5,7.210983998210596e-15,2.5232946904037137e-15,8.0,38.100183291784006,interp,26,stationary,True,unknown,not determined: needs vessel metadata + offshore-infrastructure database match (not joined yet); motion_state is not evidence of type,1.0,0.0745007037564426,0.12835721203036443,0.1,0.9968553459119497,46.93277777777778,636,,"p90 0.07<= 0.25 km, max 0.13<= 1.0 km, slow frac 1.00>= 0.9"
369533000,LIGHTNING,6-12h,5,2.416945723968647e-15,9.347315505745432e-16,8.0,38.77360819364239,interp,27,moving,False,unknown,not determined: needs vessel metadata + offshore-infrastructure database match (not joined yet); motion_state is not evidence of type,0.0,49.909727679759314,68.58618297856088,10.5,0.22128851540616246,45.555277777777775,357,,"p90 spread 49.91 km, stationarity 0.00"
366908680,MARCO POLO TLP,6-12h,4,2.1068356837854383e-15,6.233296467430995e-16,8.0,39.266864930731174,interp,28,stationary,True,unknown,not determined: needs vessel metadata + offshore-infrastructure database match (not joined yet); motion_state is not evidence of type,1.0,0.007365308013820013,0.015119636122623445,,,47.655833333333334,515,,"p90 0.01<= 0.25 km, max 0.02<= 1.0 km, slow frac nan>= 0.9"
577358000,ISLAND VENTURE,6-12h,6,1.424261362654121e-15,4.105429723591874e-16,7.0,39.11386487422935,interp,29,stationary,True,unknown,not determined: needs vessel metadata + offshore-infrastructure database match (not joined yet); motion_state is not evidence of type,1.0,0.0056469931749934124,0.006744576522164114,0.1,1.0,47.96111111111111,1211,,"p90 0.01<= 0.25 km, max 0.01<= 1.0 km, slow frac 1.00>= 0.9"
369224000,HARVEY PROVIDER,6-12h,4,4.1294844612654383e-16,1.1516779107353602e-16,9.0,40.20056864454524,interp,30,mixed,False,unknown,not determined: needs vessel metadata + offshore-infrastructure database match (not joined yet); motion_state is not evidence of type,0.8961625282167043,0.5469399588878819,2.7882190327327834,0.4,0.6410835214446953,45.31138888888889,443,,0.90 of reports within 0.5 km of median position but max excursion 2.8 km
538004610,DEEPWATER INVICTUS,6-12h,5,2.0006219222783736e-17,4.729532957289972e-18,8.0,41.99076817505106,interp,31,stationary,True,unknown,not determined: needs vessel metadata + offshore-infrastructure database match (not joined yet); motion_state is not evidence of type,1.0,0.1548434221246573,0.1586575057203628,0.0,0.9898107714701602,47.6275,687,,"p90 0.15<= 0.25 km, max 0.16<= 1.0 km, slow frac 0.99>= 0.9"
367588580,ROLAND A FALGOUT,6-12h,4,2.2229823326493486e-20,5.5574558316233715e-21,11.0,46.02259330226696,interp,32,moving,False,unknown,not determined: needs vessel metadata + offshore-infrastructure database match (not joined yet); motion_state is not evidence of type,0.0061162079510703364,58.135787480938525,69.95512915974362,9.4,0.0,40.69166666666667,327,,"p90 spread 58.14 km, stationarity 0.01"
366054900,STAMPEDE TLP,6-12h,6,2.7201512971650426e-22,4.837283340336198e-23,7.0,48.55874930681356,interp,33,stationary,True,unknown,not determined: needs vessel metadata + offshore-infrastructure database match (not joined yet); motion_state is not evidence of type,1.0,0.007760261237562994,0.01955513279636888,0.0,1.0,47.98361111111111,1060,,"p90 0.01<= 0.25 km, max 0.02<= 1.0 km, slow frac 1.00>= 0.9"
11,CONSTITUTION,6-12h,5,3.0067803844705952e-27,7.227446906299573e-28,7.0,53.53708278250433,edge_nearest,34,stationary,True,unknown,not determined: needs vessel metadata + offshore-infrastructure database match (not joined yet); motion_state is not evidence of type,1.0,0.011473988280703866,0.027140340778891322,0.1,1.0,45.30361111111111,143,moored,"p90 0.01<= 0.25 km, max 0.03<= 1.0 km, slow frac 1.00>= 0.9"
338125915,CONSTITUTION SPAR,6-12h,6,2.8853359175598336e-27,5.876538405413268e-28,7.0,53.556062604137345,interp,35,stationary,True,unknown,not determined: needs vessel metadata + offshore-infrastructure database match (not joined yet); motion_state is not evidence of type,1.0,0.004462752955686067,0.006917164614274846,0.1,1.0,47.94166666666667,1069,,"p90 0.00<= 0.25 km, max 0.01<= 1.0 km, slow frac 1.00>= 0.9"
636016002,PACIFIC SHARAV,6-12h,6,1.704732968189964e-29,3.0220758173373187e-30,7.0,56.14734035265662,interp,36,stationary,True,unknown,not determined: needs vessel metadata + offshore-infrastructure database match (not joined yet); motion_state is not evidence of type,1.0,0.17593408549778042,0.18075929382554598,0.0,0.9976076555023924,47.8525,1254,,"p90 0.18<= 0.25 km, max 0.18<= 1.0 km, slow frac 1.00>= 0.9"
3660489,NEPTUNE TLP,6-12h,6,2.9639444905306798e-30,6.02416317398273e-31,7.0,56.56371864252537,interp,37,stationary,True,unknown,not determined: needs vessel metadata + offshore-infrastructure database match (not joined yet); motion_state is not evidence of type,1.0,0.009175398243968446,0.024779748764569284,0.0,1.0,47.85055555555556,575,moored,"p90 0.01<= 0.25 km, max 0.02<= 1.0 km, slow frac 1.00>= 0.9"
368508000,GENIE LAB,6-12h,4,4.508546747070321e-31,1.1279388461203688e-31,8.0,57.82865558903504,exact,38,moving,False,unknown,not determined: needs vessel metadata + offshore-infrastructure database match (not joined yet); motion_state is not evidence of type,0.0,48.67238789694155,58.621028250207544,9.3,0.21764705882352942,14.113333333333333,170,,"p90 spread 48.67 km, stationarity 0.00"
368042000,ODYSSEA SPIRIT,6-12h,2,2.9297195569828656e-31,1.4971539077395774e-31,12.0,57.62287915249248,interp,39,mixed,False,unknown,not determined: needs vessel metadata + offshore-infrastructure database match (not joined yet); motion_state is not evidence of type,0.7943396226415095,3.90955772301486,6.4883997221381895,0.1,0.7660377358490567,46.742777777777775,530,,0.79 of reports within 0.5 km of median position but max excursion 6.5 km
369045000,HARVEY STONE,6-12h,3,1.1940647105358269e-32,3.9802157017860987e-33,11.0,59.358326109994124,interp,40,moving,False,unknown,not determined: needs vessel metadata + offshore-infrastructure database match (not joined yet); motion_state is not evidence of type,0.0,86.38358680252044,100.03991500967183,10.2,0.03065134099616858,45.036944444444444,522,,"p90 spread 86.38 km, stationarity 0.00"
303260000,GINNY LAB,6-12h,1,1.8815819841821532e-33,1.8815819841821532e-33,10.0,59.72423881017854,interp,41,loitering,False,unknown,not determined: needs vessel metadata + offshore-infrastructure database match (not joined yet); motion_state is not evidence of type,0.5121951219512195,0.8784335909219985,0.9098108168102879,0.2,0.8048780487804879,15.091944444444444,41,,"p90 0.88<= 2.0 km, max 0.91<= 5.0 km, slow frac 0.80>= 0.8"
366495000,OVERSEAS CHINOOK,6-12h,5,1.486706834846482e-35,2.9734140861354954e-36,12.0,62.089302518592454,interp,42,moving,False,unknown,not determined: needs vessel metadata + offshore-infrastructure database match (not joined yet); motion_state is not evidence of type,0.010810810810810811,77.33199529221434,171.20252181285954,7.4,0.02702702702702703,16.772222222222222,185,,"p90 spread 77.33 km, stationarity 0.01"
368059520,DEER ISLAND,6-12h,4,9.341022516210082e-40,2.438550696992761e-40,12.0,65.89101676991248,interp,43,moving,False,unknown,not determined: needs vessel metadata + offshore-infrastructure database match (not joined yet); motion_state is not evidence of type,0.4134366925064599,58.530765183336904,74.04291569713683,0.8,0.46511627906976744,47.219166666666666,387,,"p90 spread 58.53 km, stationarity 0.41"
538005123,DEEPWATER THALASSA,6-12h,4,8.40296463049252e-40,2.1918687150035207e-40,12.0,65.93140780797575,interp,44,stationary,True,unknown,not determined: needs vessel metadata + offshore-infrastructure database match (not joined yet); motion_state is not evidence of type,1.0,0.09676715150480206,0.4158526399116277,0.0,1.0,47.9275,376,,"p90 0.10<= 0.25 km, max 0.42<= 1.0 km, slow frac 1.00>= 0.9"
368087000,C-CARRIER,6-12h,3,2.0369794363528894e-43,6.792858254459927e-44,7.0,69.05539590458412,interp,45,mixed,False,unknown,not determined: needs vessel metadata + offshore-infrastructure database match (not joined yet); motion_state is not evidence of type,0.9010695187165776,0.21218321852231392,46.24124237195644,0.1,0.93048128342246,47.971944444444446,374,,0.90 of reports within 0.5 km of median position but max excursion 46.2 km
538005579,DEEPWATER CONQUEROR,6-12h,5,1.8932931395525387e-48,5.055059988491249e-49,8.0,72.71025173848734,interp,46,stationary,True,unknown,not determined: needs vessel metadata + offshore-infrastructure database match (not joined yet); motion_state is not evidence of type,1.0,0.14368698087787646,0.14892370296748952,0.0,1.0,47.85527777777778,893,,"p90 0.14<= 0.25 km, max 0.15<= 1.0 km, slow frac 1.00>= 0.9"
367634690,CAJUN II,6-12h,2,3.556263166266404e-49,1.778131583133202e-49,12.0,73.4532999520407,interp,47,moving,False,unknown,not determined: needs vessel metadata + offshore-infrastructure database match (not joined yet); motion_state is not evidence of type,0.0,67.9677215976225,89.55868148795041,19.0,0.24780701754385964,37.75861111111111,456,,"p90 spread 67.97 km, stationarity 0.00"
366667000,JUAN C,6-12h,3,1.8299758695082594e-49,6.90666880816614e-50,10.0,73.49800461554038,edge_nearest,48,mixed,False,unknown,not determined: needs vessel metadata + offshore-infrastructure database match (not joined yet); motion_state is not evidence of type,0.6491228070175439,86.39340805989931,86.81307581788978,0.4,0.5855263157894737,37.94722222222222,456,,0.65 of reports within 0.5 km of median position but max excursion 86.8 km
367556730,HARVEY COLT,6-12h,6,3.8309439661435976e-53,6.474102310124109e-54,7.0,76.41898209469603,interp,49,moving,False,unknown,not determined: needs vessel metadata + offshore-infrastructure database match (not joined yet); motion_state is not evidence of type,0.4467005076142132,1.2729225220352218,20.169046190540175,0.4,0.5291878172588832,47.97805555555556,788,,"p90 spread 1.27 km, stationarity 0.45"
369108000,CADE CANDIES,6-12h,6,3.491810135761115e-55,5.897070174615377e-56,7.0,77.92799052506594,interp,50,mixed,False,unknown,not determined: needs vessel metadata + offshore-infrastructure database match (not joined yet); motion_state is not evidence of type,0.7329842931937173,22.759629226626537,39.99439316214135,0.0,0.8219895287958116,40.02777777777778,382,,0.73 of reports within 0.5 km of median position but max excursion 40.0 km
303517000,JOSHUA CANDIES,6-12h,3,3.148587714706208e-57,1.0495292382354027e-57,12.0,79.44931342217792,interp,51,mixed,False,unknown,not determined: needs vessel metadata + offshore-infrastructure database match (not joined yet); motion_state is not evidence of type,0.6659528907922913,160.99075444350555,185.9322574032174,0.3,0.6552462526766595,38.51416666666667,467,,0.67 of reports within 0.5 km of median position but max excursion 185.9 km
367785160,BRUTUS TLP,6-12h,6,6.347969104869352e-60,1.0691497738094046e-60,7.0,81.62298766365657,interp,52,stationary,True,unknown,not determined: needs vessel metadata + offshore-infrastructure database match (not joined yet); motion_state is not evidence of type,1.0,0.005872409707579216,0.024640262226181667,0.1,1.0,47.950833333333335,532,moored,"p90 0.01<= 0.25 km, max 0.02<= 1.0 km, slow frac 1.00>= 0.9"
538005124,DEEPWATER PROTEUS,6-12h,6,2.429751249833603e-61,4.090614641592838e-62,7.0,82.64707938598339,interp,53,stationary,True,unknown,not determined: needs vessel metadata + offshore-infrastructure database match (not joined yet); motion_state is not evidence of type,1.0,0.12090264051627465,0.1756811242875058,0.0,0.9925373134328358,47.925,1474,,"p90 0.12<= 0.25 km, max 0.18<= 1.0 km, slow frac 0.99>= 0.9"
367657110,PECAN ISLAND,6-12h,6,1.8404200046497737e-61,3.0978818495723237e-62,7.0,82.7302259567311,interp,54,mixed,False,unknown,not determined: needs vessel metadata + offshore-infrastructure database match (not joined yet); motion_state is not evidence of type,0.7136929460580913,1.2787588144428266,39.20809990109772,0.1,0.8423236514522822,44.06111111111111,1205,,0.71 of reports within 0.5 km of median position but max excursion 39.2 km
636020125,ROSTRUM,6-12h,3,4.8920590410334184e-74,1.6306863470111395e-74,12.0,90.60694323055421,interp,55,moving,False,unknown,not determined: needs vessel metadata + offshore-infrastructure database match (not joined yet); motion_state is not evidence of type,0.010452961672473868,69.36424506393847,109.71213110429458,11.8,0.0,8.005277777777778,287,,"p90 spread 69.36 km, stationarity 0.01"
367773540,LUCY,6-12h,2,1.0865252413642931e-74,5.432626206821466e-75,7.0,91.0934962393917,interp,56,moving,False,unknown,not determined: needs vessel metadata + offshore-infrastructure database match (not joined yet); motion_state is not evidence of type,0.0,53.34828522347343,64.66657678587158,8.4,0.2682926829268293,8.644444444444444,369,,"p90 spread 53.35 km, stationarity 0.00"
367580190,FAST DELIVERER,6-12h,2,2.0802226364898486e-76,1.0401113182449243e-76,9.0,92.19308092728562,edge_nearest,57,moving,False,unknown,not determined: needs vessel metadata + offshore-infrastructure database match (not joined yet); motion_state is not evidence of type,0.04,26.70215771290195,73.00005405470294,18.1,0.0,3.0144444444444445,25,,"short track (n=25, span 3.0 h) but moved 73.0 km > 5.0 km"
311000246,CREOLE SPIRIT,6-12h,1,3.77515115530671e-80,3.77515115530671e-80,12.0,94.6524440306929,interp,58,moving,False,unknown,not determined: needs vessel metadata + offshore-infrastructure database match (not joined yet); motion_state is not evidence of type,0.012048192771084338,36.486298356322706,52.30578253935049,21.0,0.0,2.3316666666666666,83,,"short track (n=83, span 2.3 h) but moved 52.3 km > 5.0 km"
311062000,HELIX PRODUCER I,6-12h,6,1.5305962102807043e-81,2.5817210884382534e-82,7.0,95.32202160124261,interp,59,stationary,True,unknown,not determined: needs vessel metadata + offshore-infrastructure database match (not joined yet); motion_state is not evidence of type,1.0,0.00723975609809096,0.030271756653908657,0.0,1.0,47.983333333333334,1344,,"p90 0.01<= 0.25 km, max 0.03<= 1.0 km, slow frac 1.00>= 0.9"
538005035,ROWAN RELENTLESS,6-12h,2,5.47281994381585e-88,2.736757753871207e-88,10.0,99.34457714032301,edge_nearest,60,loitering,False,unknown,not determined: needs vessel metadata + offshore-infrastructure database match (not joined yet); motion_state is not evidence of type,1.0,0.2864135976565641,0.28725201290024044,0.1,1.0,47.352222222222224,244,,"p90 0.29<= 2.0 km, max 0.29<= 5.0 km, slow frac 1.00>= 0.8"
367561140,HARVEY HAWK,6-12h,1,3.6557224063792817e-88,3.6557224063792817e-88,10.0,99.4459356035227,interp,61,moving,False,unknown,not determined: needs vessel metadata + offshore-infrastructure database match (not joined yet); motion_state is not evidence of type,0.012345679012345678,63.61269030807703,134.40771161572795,8.8,0.021604938271604937,47.05027777777778,324,,"p90 spread 63.61 km, stationarity 0.01"
538005126,DEEPWATER POSEIDON,6-12h,2,3.206956393690316e-88,2.875607504101042e-88,11.0,99.39974469829914,interp,62,stationary,True,unknown,not determined: needs vessel metadata + offshore-infrastructure database match (not joined yet); motion_state is not evidence of type,1.0,0.005933893606856944,0.0961314665442436,0.0,1.0,37.660833333333336,496,other_type_no_info,"p90 0.01<= 0.25 km, max 0.10<= 1.0 km, slow frac 1.00>= 0.9"
354791000,VICTORY-G,6-12h,5,1.6080377203509106e-89,3.216076595437826e-90,10.0,99.99815672334238,interp,63,moving,False,unknown,not determined: needs vessel metadata + offshore-infrastructure database match (not joined yet); motion_state is not evidence of type,0.0,23.338856658126264,26.134876686238155,3.7,0.0,33.147777777777776,157,,"p90 spread 23.34 km, stationarity 0.00"
338297000,SEACOR CHIEF,6-12h,3,7.001498618094917e-90,2.3338328726983058e-90,12.0,100.39184993800521,interp,64,moving,False,unknown,not determined: needs vessel metadata + offshore-infrastructure database match (not joined yet); motion_state is not evidence of type,0.014354066985645933,41.44868198578456,86.40637523576643,10.5,0.0,6.549722222222222,209,,"p90 spread 41.45 km, stationarity 0.01"
636019868,CMA CGM BERLIOZ,6-12h,4,1.0329626059268952e-94,2.5824065148180603e-95,7.0,103.07474060848216,interp,65,moving,False,unknown,not determined: needs vessel metadata + offshore-infrastructure database match (not joined yet); motion_state is not evidence of type,0.006993006993006993,77.26569830320463,95.54474025211711,13.8,0.0,5.454444444444444,143,,"short track (n=143, span 5.5 h) but moved 95.5 km > 5.0 km"
538004609,DEEPWATER ASGARD,6-12h,6,4.6452834301581915e-107,7.849776841518626e-108,7.0,109.6008665110543,interp,66,stationary,True,unknown,not determined: needs vessel metadata + offshore-infrastructure database match (not joined yet); motion_state is not evidence of type,1.0,0.0036948568817399678,0.06388217562025639,0.0,1.0,47.964166666666664,1176,,"p90 0.00<= 0.25 km, max 0.06<= 1.0 km, slow frac 1.00>= 0.9"
369240000,PEYTON CANDIES,6-12h,6,3.2719509725628087e-107,5.527883868442744e-108,7.0,109.68071121974496,interp,67,mixed,False,unknown,not determined: needs vessel metadata + offshore-infrastructure database match (not joined yet); motion_state is not evidence of type,0.9287833827893175,0.21346044288989036,42.063000065459406,0.1,0.9117210682492581,47.68333333333333,1348,,0.93 of reports within 0.5 km of median position but max excursion 42.1 km
538008599,OVERSEAS SUN COAST,6-12h,3,1.0228573794587054e-107,3.409524598195685e-108,7.0,110.04609756444171,interp,68,moving,False,unknown,not determined: needs vessel metadata + offshore-infrastructure database match (not joined yet); motion_state is not evidence of type,0.0066815144766146995,84.65388827701551,96.96559974858424,11.3,0.0,9.086388888888889,449,,"p90 spread 84.65 km, stationarity 0.01"
374788000,PRELUDE,6-12h,2,1.115742905332835e-108,5.578714527146814e-109,8.0,110.55197914745071,interp,69,moving,False,unknown,not determined: needs vessel metadata + offshore-infrastructure database match (not joined yet); motion_state is not evidence of type,0.0,105.90792840780897,113.15631192133783,11.6,0.0,9.516666666666667,131,,"p90 spread 105.91 km, stationarity 0.00"
538007655,STAR DALMATIA,6-12h,4,9.197651666585453e-110,2.2994129286415324e-110,12.0,111.15251376348874,interp,70,moving,False,unknown,not determined: needs vessel metadata + offshore-infrastructure database match (not joined yet); motion_state is not evidence of type,0.01098901098901099,65.16330868984704,87.46486381250536,12.2,0.0,6.516666666666667,182,,"p90 spread 65.16 km, stationarity 0.01"
369139000,HOS BRIMSTONE,6-12h,3,6.907799231900586e-113,2.3441011326815295e-113,10.0,112.62270379167506,interp,71,mixed,False,unknown,not determined: needs vessel metadata + offshore-infrastructure database match (not joined yet); motion_state is not evidence of type,0.900990099009901,0.3049354974539233,32.8712954393522,0.1,0.8762376237623762,43.510555555555555,202,,0.90 of reports within 0.5 km of median position but max excursion 32.9 km
371765000,WEST NEPTUNE,6-12h,6,3.992342218413543e-125,6.669446647674678e-126,7.0,118.802364805186,interp,72,stationary,True,unknown,not determined: needs vessel metadata + offshore-infrastructure database match (not joined yet); motion_state is not evidence of type,1.0,0.0,0.0,0.1,1.0,47.983333333333334,1908,,"p90 0.00<= 0.25 km, max 0.00<= 1.0 km, slow frac 1.00>= 0.9"
367067370,CHRISTIAN CHOUEST,6-12h,6,2.895634543299158e-125,4.837390807690566e-126,7.0,118.86964668821037,interp,73,stationary,True,unknown,not determined: needs vessel metadata + offshore-infrastructure database match (not joined yet); motion_state is not evidence of type,1.0,0.12778938144652227,0.14073988838635623,0.0,0.9988317757009346,47.9775,856,,"p90 0.13<= 0.25 km, max 0.14<= 1.0 km, slow frac 1.00>= 0.9"
257040610,OLYMPIC ARTEMIS,6-12h,4,2.0298279735987565e-134,5.465426550690017e-135,12.0,123.1213841693577,interp,74,moving,False,unknown,not determined: needs vessel metadata + offshore-infrastructure database match (not joined yet); motion_state is not evidence of type,0.0087527352297593,19.22960028152645,24.81052241589178,0.9,0.19912472647702406,46.46361111111111,914,,"p90 spread 19.23 km, stationarity 0.01"
303520000,SULPHUR ENTERPRISE,6-12h,1,8.177284202832705e-143,8.177284202832705e-143,12.0,126.96378462130568,interp,75,moving,False,unknown,not determined: needs vessel metadata + offshore-infrastructure database match (not joined yet); motion_state is not evidence of type,0.0,60.286823803562385,101.28795427120424,14.9,0.0,5.838333333333333,218,,"short track (n=218, span 5.8 h) but moved 101.3 km > 5.0 km"
311000222,EMERALD SPIRIT,6-12h,1,7.016262768174059e-149,7.016262768174059e-149,12.0,129.82446587680232,interp,76,moving,False,unknown,not determined: needs vessel metadata + offshore-infrastructure database match (not joined yet); motion_state is not evidence of type,0.008438818565400843,51.4678674881289,71.32177560529017,12.4,0.0,5.4525,237,,"short track (n=237, span 5.5 h) but moved 71.3 km > 5.0 km"
367550980,BIG FOOT,12-24h,4,0.09034222494545467,0.07153821867572704,13.0,7.259669624414697,interp,1,stationary,True,unknown,not determined: needs vessel metadata + offshore-infrastructure database match (not joined yet); motion_state is not evidence of type,1.0,0.009525344623446305,0.01794284173334043,0.0,1.0,47.16388888888889,719,,"p90 0.01<= 0.25 km, max 0.02<= 1.0 km, slow frac 1.00>= 0.9"
367775000,MAERSK OHIO,12-24h,7,0.046635453554255114,0.0066622745794237565,19.0,10.508149685295201,interp,2,moving,False,unknown,not determined: needs vessel metadata + offshore-infrastructure database match (not joined yet); motion_state is not evidence of type,0.0055248618784530384,103.89928619216171,156.83726327035922,15.8,0.0,7.486666666666666,181,,"p90 spread 103.90 km, stationarity 0.01"
368589000,OVERSEAS CASCADE,12-24h,3,0.002054474181276211,0.000719337053294472,14.0,16.690649600688896,interp,3,moving,False,unknown,not determined: needs vessel metadata + offshore-infrastructure database match (not joined yet); motion_state is not evidence of type,0.0,72.50747048237665,119.208955689557,11.6,0.0,39.92,566,,"p90 spread 72.51 km, stationarity 0.00"
367655260,SHELIA BORDELON,12-24h,2,0.0008104971265368253,0.00079522020792264,13.0,17.085933448924983,interp,4,moving,False,unknown,not determined: needs vessel metadata + offshore-infrastructure database match (not joined yet); motion_state is not evidence of type,0.047186932849364795,7.814412737054478,8.601232841057186,0.8,0.08892921960072596,46.68333333333333,551,,"p90 spread 7.81 km, stationarity 0.05"
538005361,OCEAN BLACKLION,12-24h,5,0.00048582597940406057,0.00018621978065625394,13.0,17.64857208932264,interp,5,stationary,True,unknown,not determined: needs vessel metadata + offshore-infrastructure database match (not joined yet); motion_state is not evidence of type,1.0,0.17203315757360796,0.17488988838586694,0.0,1.0,47.94166666666667,650,,"p90 0.17<= 0.25 km, max 0.17<= 1.0 km, slow frac 1.00>= 0.9"
367507790,HARVEY SUPPORTER,12-24h,11,0.00033402929419270493,7.007261489405283e-05,13.0,18.19913567717183,interp,6,mixed,False,unknown,not determined: needs vessel metadata + offshore-infrastructure database match (not joined yet); motion_state is not evidence of type,0.6005459508644222,70.58201052575582,109.76668866392868,0.2,0.7279344858962693,43.48888888888889,1099,,0.60 of reports within 0.5 km of median position but max excursion 109.8 km
368166560,ARGOS PLATFORM,12-24h,5,0.00013973760388535122,4.4204691473435895e-05,13.0,19.472527128391985,interp,7,stationary,True,unknown,not determined: needs vessel metadata + offshore-infrastructure database match (not joined yet); motion_state is not evidence of type,1.0,0.005953143737243485,0.010496393050604869,0.0,1.0,47.89416666666666,1132,other_type_reserved,"p90 0.01<= 0.25 km, max 0.01<= 1.0 km, slow frac 1.00>= 0.9"
235053116,SEVEN OCEANS,12-24h,1,0.00010514857420327991,0.00010514857420327991,13.0,19.92050555517946,interp,8,mixed,False,unknown,not determined: needs vessel metadata + offshore-infrastructure database match (not joined yet); motion_state is not evidence of type,0.5100917431192661,17.216796776004944,17.99486223757334,0.2,0.7871559633027523,47.85583333333334,545,,0.51 of reports within 0.5 km of median position but max excursion 18.0 km
368196410,C-CONSTRUCTOR,12-24h,5,9.95127476118792e-05,6.208581393260957e-05,13.0,19.635501306722322,interp,9,loitering,False,unknown,not determined: needs vessel metadata + offshore-infrastructure database match (not joined yet); motion_state is not evidence of type,0.399,1.6235081428904612,2.518733373653588,0.0,0.96,47.74444444444445,1000,,"p90 1.62<= 2.0 km, max 2.52<= 5.0 km, slow frac 0.96>= 0.8"
538005314,OCEAN BLACKHORNET,12-24h,3,6.85255429620935e-05,3.0601157646116797e-05,13.0,20.15644273853034,interp,10,stationary,True,unknown,not determined: needs vessel metadata + offshore-infrastructure database match (not joined yet); motion_state is not evidence of type,1.0,0.019904890194725494,0.021838616505957403,0.0,1.0,47.70861111111111,702,,"p90 0.02<= 0.25 km, max 0.02<= 1.0 km, slow frac 1.00>= 0.9"
369494392,BP MAD DOG PLATFORM,12-24h,1,1.5553677952112288e-06,1.5553677952112288e-06,13.0,23.875476428270577,interp,11,stationary,True,unknown,not determined: needs vessel metadata + offshore-infrastructure database match (not joined yet); motion_state is not evidence of type,1.0,0.009560650463606619,0.01666012800397249,0.0,1.0,47.4025,156,moored,"p90 0.01<= 0.25 km, max 0.02<= 1.0 km, slow frac 1.00>= 0.9"
367684260,PELICAN ISLAND,12-24h,2,6.554330626149023e-07,4.6061158058260933e-07,13.0,24.699975191020876,interp,12,mixed,False,unknown,not determined: needs vessel metadata + offshore-infrastructure database match (not joined yet); motion_state is not evidence of type,0.9215189873417722,0.25004396803087725,21.907721016662574,0.3,0.7341772151898734,40.43944444444445,395,,0.92 of reports within 0.5 km of median position but max excursion 21.9 km
369045000,HARVEY STONE,12-24h,1,5.142208278125257e-09,5.142208278125257e-09,13.0,28.811182050675093,interp,13,moving,False,unknown,not determined: needs vessel metadata + offshore-infrastructure database match (not joined yet); motion_state is not evidence of type,0.0,86.38358680252044,100.03991500967183,10.2,0.03065134099616858,45.036944444444444,522,,"p90 spread 86.38 km, stationarity 0.00"
563086300,BW PIONEER,12-24h,1,4.517639766545168e-09,4.517639766545168e-09,14.0,29.244778517326043,interp,14,stationary,True,unknown,not determined: needs vessel metadata + offshore-infrastructure database match (not joined yet); motion_state is not evidence of type,1.0,0.24752468858628474,0.2626963653471608,0.0,1.0,46.50555555555555,100,moored,"p90 0.25<= 0.25 km, max 0.26<= 1.0 km, slow frac 1.00>= 0.9"
311012300,POLARCUS ALIMA,12-24h,3,3.393823758785943e-10,1.1316179155896592e-10,15.0,31.00962960654926,edge_nearest,15,moving,False,unknown,not determined: needs vessel metadata + offshore-infrastructure database match (not joined yet); motion_state is not evidence of type,0.0030120481927710845,49.48485856840179,53.15299656247221,4.8,0.0,46.8,664,,"p90 spread 49.48 km, stationarity 0.00"
338147342,HEIDELBERG SPAR,12-24h,11,1.9469579842567123e-11,2.148314612524275e-12,13.0,33.01829917097528,interp,16,stationary,True,unknown,not determined: needs vessel metadata + offshore-infrastructure database match (not joined yet); motion_state is not evidence of type,1.0,0.0031706830504465407,0.0077579597865570045,0.0,1.0,37.5,322,at_anchor,"p90 0.00<= 0.25 km, max 0.01<= 1.0 km, slow frac 1.00>= 0.9"
366495000,OVERSEAS CHINOOK,12-24h,7,3.381978613649977e-12,6.355987999886707e-13,15.0,35.20246579270186,interp,17,moving,False,unknown,not determined: needs vessel metadata + offshore-infrastructure database match (not joined yet); motion_state is not evidence of type,0.010810810810810811,77.33199529221434,171.20252181285954,7.4,0.02702702702702703,16.772222222222222,185,,"p90 spread 77.33 km, stationarity 0.01"
368179260,MILLIE,12-24h,7,1.798026537899874e-13,2.862067452798207e-14,13.0,36.93543429728357,interp,18,loitering,False,unknown,not determined: needs vessel metadata + offshore-infrastructure database match (not joined yet); motion_state is not evidence of type,0.5491183879093199,0.783514543580864,0.7968306627153325,0.0,0.9773299748110831,47.983333333333334,1191,,"p90 0.78<= 2.0 km, max 0.80<= 5.0 km, slow frac 0.98>= 0.8"
366048300,HOLSTEIN,12-24h,1,1.2293828484237406e-13,1.2293828484237406e-13,13.0,37.19773830417377,edge_nearest,19,stationary,True,unknown,not determined: needs vessel metadata + offshore-infrastructure database match (not joined yet); motion_state is not evidence of type,1.0,0.020015114441955455,0.03424501310992475,0.0,1.0,47.50388888888889,141,moored,"p90 0.02<= 0.25 km, max 0.03<= 1.0 km, slow frac 1.00>= 0.9"
369286000,HARVEY EXPLORER,12-24h,3,7.730165234616442e-14,2.858979530641027e-14,13.0,37.49353953367602,interp,20,mixed,False,unknown,not determined: needs vessel metadata + offshore-infrastructure database match (not joined yet); motion_state is not evidence of type,0.814663951120163,38.01010158839844,92.61139866401689,0.0,0.7067209775967414,45.007777777777775,491,,0.81 of reports within 0.5 km of median position but max excursion 92.6 km
538009623,WEST AURIGA,12-24h,4,1.6097716301312315e-16,9.314929926552834e-17,13.0,40.5453300801648,interp,21,stationary,True,unknown,not determined: needs vessel metadata + offshore-infrastructure database match (not joined yet); motion_state is not evidence of type,1.0,0.0745007037564426,0.12835721203036443,0.1,0.9968553459119497,46.93277777777778,636,,"p90 0.07<= 0.25 km, max 0.13<= 1.0 km, slow frac 1.00>= 0.9"
369494390,BP ATLANTIS PLATFORM,12-24h,1,8.523668653110145e-17,8.523668653110145e-17,15.0,40.94656914295156,edge_nearest,22,stationary,True,unknown,not determined: needs vessel metadata + offshore-infrastructure database match (not joined yet); motion_state is not evidence of type,1.0,0.005952633417992318,0.008330001406958816,0.0,1.0,47.90277777777778,85,moored,"p90 0.01<= 0.25 km, max 0.01<= 1.0 km, slow frac 1.00>= 0.9"
366050100,TLP SHENZI,12-24h,5,6.792230279926648e-17,2.069251187834115e-17,13.0,41.29242859345052,interp,23,stationary,True,unknown,not determined: needs vessel metadata + offshore-infrastructure database match (not joined yet); motion_state is not evidence of type,1.0,0.005950138987338007,0.011268174543322917,0.0,1.0,47.81944444444444,757,,"p90 0.01<= 0.25 km, max 0.01<= 1.0 km, slow frac 1.00>= 0.9"
369533000,LIGHTNING,12-24h,2,6.566142955313343e-17,5.583871442713253e-17,13.0,41.052272909662626,interp,24,moving,False,unknown,not determined: needs vessel metadata + offshore-infrastructure database match (not joined yet); motion_state is not evidence of type,0.0,49.909727679759314,68.58618297856088,10.5,0.22128851540616246,45.555277777777775,357,,"p90 spread 49.91 km, stationarity 0.00"
577358000,ISLAND VENTURE,12-24h,9,2.53260409882116e-17,1.0658660356444801e-17,23.0,41.852384221153216,interp,25,stationary,True,unknown,not determined: needs vessel metadata + offshore-infrastructure database match (not joined yet); motion_state is not evidence of type,1.0,0.0056469931749934124,0.006744576522164114,0.1,1.0,47.96111111111111,1211,,"p90 0.01<= 0.25 km, max 0.01<= 1.0 km, slow frac 1.00>= 0.9"
367127480,TAHITI SPAR,12-24h,6,1.744223894981051e-19,3.074108505609782e-20,13.0,44.81784210743848,interp,26,stationary,True,unknown,not determined: needs vessel metadata + offshore-infrastructure database match (not joined yet); motion_state is not evidence of type,1.0,0.010833798269373066,0.06520907415698338,0.0,0.9989878542510121,47.903333333333336,988,,"p90 0.01<= 0.25 km, max 0.07<= 1.0 km, slow frac 1.00>= 0.9"
366908680,MARCO POLO TLP,12-24h,3,1.40283418911979e-19,5.709467345169581e-20,13.0,45.008025097053356,interp,27,stationary,True,unknown,not determined: needs vessel metadata + offshore-infrastructure database match (not joined yet); motion_state is not evidence of type,1.0,0.007365308013820013,0.015119636122623445,,,47.655833333333334,515,,"p90 0.01<= 0.25 km, max 0.02<= 1.0 km, slow frac nan>= 0.9"
367780870,SARAH BORDELON,12-24h,1,1.013163620188668e-19,1.013163620188668e-19,13.0,45.374795994394795,interp,28,moving,False,unknown,not determined: needs vessel metadata + offshore-infrastructure database match (not joined yet); motion_state is not evidence of type,0.0,61.36093866502877,74.13192405803596,5.2,0.0,39.35583333333334,353,,"p90 spread 61.36 km, stationarity 0.00"
369550000,Q4000,12-24h,5,1.1068426406132399e-20,2.3368691555879477e-21,13.0,46.25754707809851,interp,29,stationary,True,unknown,not determined: needs vessel metadata + offshore-infrastructure database match (not joined yet); motion_state is not evidence of type,1.0,0.037806327279288496,0.05807895426438459,0.1,1.0,45.75527777777778,665,,"p90 0.04<= 0.25 km, max 0.06<= 1.0 km, slow frac 1.00>= 0.9"
369224000,HARVEY PROVIDER,12-24h,3,8.021130760068319e-21,2.824083359027381e-21,13.0,46.43028039086194,interp,30,mixed,False,unknown,not determined: needs vessel metadata + offshore-infrastructure database match (not joined yet); motion_state is not evidence of type,0.8961625282167043,0.5469399588878819,2.7882190327327834,0.4,0.6410835214446953,45.31138888888889,443,,0.90 of reports within 0.5 km of median position but max excursion 2.8 km
538004610,DEEPWATER INVICTUS,12-24h,4,2.5095920218008947e-22,7.844996173278571e-23,14.0,48.300673119729076,edge_nearest,31,stationary,True,unknown,not determined: needs vessel metadata + offshore-infrastructure database match (not joined yet); motion_state is not evidence of type,1.0,0.1548434221246573,0.1586575057203628,0.0,0.9898107714701602,47.6275,687,,"p90 0.15<= 0.25 km, max 0.16<= 1.0 km, slow frac 0.99>= 0.9"
303517000,JOSHUA CANDIES,12-24h,2,1.7885283189016318e-23,8.94264159450819e-24,14.0,49.78593670893852,interp,32,mixed,False,unknown,not determined: needs vessel metadata + offshore-infrastructure database match (not joined yet); motion_state is not evidence of type,0.6659528907922913,160.99075444350555,185.9322574032174,0.3,0.6552462526766595,38.51416666666667,467,,0.67 of reports within 0.5 km of median position but max excursion 185.9 km
367634690,CAJUN II,12-24h,2,1.4404707727190743e-27,7.265506204688595e-28,14.0,54.1892005136034,interp,33,moving,False,unknown,not determined: needs vessel metadata + offshore-infrastructure database match (not joined yet); motion_state is not evidence of type,0.0,67.9677215976225,89.55868148795041,19.0,0.24780701754385964,37.75861111111111,456,,"p90 spread 67.97 km, stationarity 0.00"
366054900,STAMPEDE TLP,12-24h,3,4.8606896184017235e-31,1.669887935925718e-31,13.0,57.80779753796506,interp,34,stationary,True,unknown,not determined: needs vessel metadata + offshore-infrastructure database match (not joined yet); motion_state is not evidence of type,1.0,0.007760261237562994,0.01955513279636888,0.0,1.0,47.98361111111111,1060,,"p90 0.01<= 0.25 km, max 0.02<= 1.0 km, slow frac 1.00>= 0.9"
368042000,ODYSSEA SPIRIT,12-24h,4,4.303935313433954e-31,2.201505328328946e-31,13.0,57.48124390883977,interp,35,mixed,False,unknown,not determined: needs vessel metadata + offshore-infrastructure database match (not joined yet); motion_state is not evidence of type,0.7943396226415095,3.90955772301486,6.4883997221381895,0.1,0.7660377358490567,46.742777777777775,530,,0.79 of reports within 0.5 km of median position but max excursion 6.5 km
11,CONSTITUTION,12-24h,2,4.9635900795650245e-34,2.55801595807859e-34,13.0,60.39215529687072,interp,36,stationary,True,unknown,not determined: needs vessel metadata + offshore-infrastructure database match (not joined yet); motion_state is not evidence of type,1.0,0.011473988280703866,0.027140340778891322,0.1,1.0,45.30361111111111,143,moored,"p90 0.01<= 0.25 km, max 0.03<= 1.0 km, slow frac 1.00>= 0.9"
338125915,CONSTITUTION SPAR,12-24h,7,4.622248921460421e-34,6.815748195677776e-35,13.0,60.42131735799606,interp,37,stationary,True,unknown,not determined: needs vessel metadata + offshore-infrastructure database match (not joined yet); motion_state is not evidence of type,1.0,0.004462752955686067,0.006917164614274846,0.1,1.0,47.94166666666667,1069,,"p90 0.00<= 0.25 km, max 0.01<= 1.0 km, slow frac 1.00>= 0.9"
3660489,NEPTUNE TLP,12-24h,12,1.8716277658766983e-34,6.036712614574078e-35,13.0,60.697652935310636,interp,38,stationary,True,unknown,not determined: needs vessel metadata + offshore-infrastructure database match (not joined yet); motion_state is not evidence of type,1.0,0.009175398243968446,0.024779748764569284,0.0,1.0,47.85055555555556,575,moored,"p90 0.01<= 0.25 km, max 0.02<= 1.0 km, slow frac 1.00>= 0.9"
303260000,GINNY LAB,12-24h,3,6.267574294025858e-35,3.193746263635239e-35,13.0,61.1481275639762,interp,39,loitering,False,unknown,not determined: needs vessel metadata + offshore-infrastructure database match (not joined yet); motion_state is not evidence of type,0.5121951219512195,0.8784335909219985,0.9098108168102879,0.2,0.8048780487804879,15.091944444444444,41,,"p90 0.88<= 2.0 km, max 0.91<= 5.0 km, slow frac 0.80>= 0.8"
636016002,PACIFIC SHARAV,12-24h,5,1.5118561469728285e-38,3.367539239743877e-39,14.0,64.78393870670014,interp,40,stationary,True,unknown,not determined: needs vessel metadata + offshore-infrastructure database match (not joined yet); motion_state is not evidence of type,1.0,0.17593408549778042,0.18075929382554598,0.0,0.9976076555023924,47.8525,1254,,"p90 0.18<= 0.25 km, max 0.18<= 1.0 km, slow frac 1.00>= 0.9"
368059520,DEER ISLAND,12-24h,1,1.3281762376567542e-38,1.3281762376567542e-38,13.0,64.87583401356044,interp,41,moving,False,unknown,not determined: needs vessel metadata + offshore-infrastructure database match (not joined yet); motion_state is not evidence of type,0.4134366925064599,58.530765183336904,74.04291569713683,0.8,0.46511627906976744,47.219166666666666,387,,"p90 spread 58.53 km, stationarity 0.41"
538005123,DEEPWATER THALASSA,12-24h,1,1.2084547167980588e-38,1.2084547167980588e-38,13.0,64.91245665053495,interp,42,stationary,True,unknown,not determined: needs vessel metadata + offshore-infrastructure database match (not joined yet); motion_state is not evidence of type,1.0,0.09676715150480206,0.4158526399116277,0.0,1.0,47.9275,376,,"p90 0.10<= 0.25 km, max 0.42<= 1.0 km, slow frac 1.00>= 0.9"
636020125,ROSTRUM,12-24h,5,3.0257316642835686e-47,1.1660986080021536e-47,15.0,71.90132904723589,interp,43,moving,False,unknown,not determined: needs vessel metadata + offshore-infrastructure database match (not joined yet); motion_state is not evidence of type,0.010452961672473868,69.36424506393847,109.71213110429458,11.8,0.0,8.005277777777778,287,,"p90 spread 69.36 km, stationarity 0.01"
366667000,JUAN C,12-24h,2,6.864827978939626e-53,3.4553723611893967e-53,13.0,76.15094707094204,interp,44,mixed,False,unknown,not determined: needs vessel metadata + offshore-infrastructure database match (not joined yet); motion_state is not evidence of type,0.6491228070175439,86.39340805989931,86.81307581788978,0.4,0.5855263157894737,37.94722222222222,456,,0.65 of reports within 0.5 km of median position but max excursion 86.8 km
538005579,DEEPWATER CONQUEROR,12-24h,5,1.8571071185042135e-53,3.8422379500476365e-54,13.0,76.60515015900855,interp,45,stationary,True,unknown,not determined: needs vessel metadata + offshore-infrastructure database match (not joined yet); motion_state is not evidence of type,1.0,0.14368698087787646,0.14892370296748952,0.0,1.0,47.85527777777778,893,,"p90 0.14<= 0.25 km, max 0.15<= 1.0 km, slow frac 1.00>= 0.9"
368087000,C-CARRIER,12-24h,2,3.053183574489582e-54,1.5593320293749597e-54,13.0,77.24896298774149,interp,46,mixed,False,unknown,not determined: needs vessel metadata + offshore-infrastructure database match (not joined yet); motion_state is not evidence of type,0.9010695187165776,0.21218321852231392,46.24124237195644,0.1,0.93048128342246,47.971944444444446,374,,0.90 of reports within 0.5 km of median position but max excursion 46.2 km
367416060,HARVEY RAIN,12-24h,3,1.7026921542434873e-57,5.675640514144958e-58,17.0,79.49324798098108,interp,47,moving,False,unknown,not determined: needs vessel metadata + offshore-infrastructure database match (not joined yet); motion_state is not evidence of type,0.023529411764705882,35.26707158944048,88.83226684252269,8.8,0.01764705882352941,26.699444444444445,170,,"p90 spread 35.27 km, stationarity 0.02"
538004028,RIO GRANDE,12-24h,4,1.0412067357636217e-57,2.876133928234868e-58,16.0,79.96904527058176,edge_nearest,48,moving,False,unknown,not determined: needs vessel metadata + offshore-infrastructure database match (not joined yet); motion_state is not evidence of type,0.012987012987012988,25.650496671846508,51.10460709381983,13.8,0.0,3.084722222222222,77,,"short track (n=77, span 3.1 h) but moved 51.1 km > 5.0 km"
338297000,SEACOR CHIEF,12-24h,3,1.0112581461182567e-64,3.3731623682713008e-65,15.0,84.60741968717062,interp,49,moving,False,unknown,not determined: needs vessel metadata + offshore-infrastructure database match (not joined yet); motion_state is not evidence of type,0.014354066985645933,41.44868198578456,86.40637523576643,10.5,0.0,6.549722222222222,209,,"p90 spread 41.45 km, stationarity 0.01"
367556730,HARVEY COLT,12-24h,5,3.7498135304189956e-66,7.555008411755836e-67,13.0,85.52086986816838,interp,50,moving,False,unknown,not determined: needs vessel metadata + offshore-infrastructure database match (not joined yet); motion_state is not evidence of type,0.4467005076142132,1.2729225220352218,20.169046190540175,0.4,0.5291878172588832,47.97805555555556,788,,"p90 spread 1.27 km, stationarity 0.45"
538008511,TEAM BRAVO,12-24h,5,1.7262598912640856e-66,3.461634322154232e-67,24.0,85.87242017831457,interp,51,moving,False,unknown,not determined: needs vessel metadata + offshore-infrastructure database match (not joined yet); motion_state is not evidence of type,0.008,60.75324196693031,87.86924383631396,12.9,0.0,6.924722222222222,125,,"p90 spread 60.75 km, stationarity 0.01"
369108000,CADE CANDIES,12-24h,2,3.1425668079674955e-68,1.5819028834784363e-68,13.0,86.89785082046687,interp,52,mixed,False,unknown,not determined: needs vessel metadata + offshore-infrastructure database match (not joined yet); motion_state is not evidence of type,0.7329842931937173,22.759629226626537,39.99439316214135,0.0,0.8219895287958116,40.02777777777778,382,,0.73 of reports within 0.5 km of median position but max excursion 40.0 km
538003882,DUBAI ANGEL,12-24h,6,2.501641483560603e-69,7.190163838761214e-70,21.0,87.71122463475122,interp,53,moving,False,unknown,not determined: needs vessel metadata + offshore-infrastructure database match (not joined yet); motion_state is not evidence of type,0.01680672268907563,61.33186223735949,78.76965700746298,12.0,0.0,5.675277777777778,119,,"short track (n=119, span 5.7 h) but moved 78.8 km > 5.0 km"
367785160,BRUTUS TLP,12-24h,8,4.8442708372225075e-74,6.081694436658337e-75,13.0,90.87966944325532,interp,54,stationary,True,unknown,not determined: needs vessel metadata + offshore-infrastructure database match (not joined yet); motion_state is not evidence of type,1.0,0.005872409707579216,0.024640262226181667,0.1,1.0,47.950833333333335,532,moored,"p90 0.01<= 0.25 km, max 0.02<= 1.0 km, slow frac 1.00>= 0.9"
538005124,DEEPWATER PROTEUS,12-24h,7,1.2620020482555586e-75,1.81004159403372e-76,13.0,91.90806863066389,interp,55,stationary,True,unknown,not determined: needs vessel metadata + offshore-infrastructure database match (not joined yet); motion_state is not evidence of type,1.0,0.12090264051627465,0.1756811242875058,0.0,0.9925373134328358,47.925,1474,,"p90 0.12<= 0.25 km, max 0.18<= 1.0 km, slow frac 0.99>= 0.9"
367657110,PECAN ISLAND,12-24h,7,8.886588824316229e-76,1.2745843592919805e-76,13.0,92.00346716063999,interp,56,mixed,False,unknown,not determined: needs vessel metadata + offshore-infrastructure database match (not joined yet); motion_state is not evidence of type,0.7136929460580913,1.2787588144428266,39.20809990109772,0.1,0.8423236514522822,44.06111111111111,1205,,0.71 of reports within 0.5 km of median position but max excursion 39.2 km
311000246,CREOLE SPIRIT,12-24h,1,2.9173352722969647e-76,2.9173352722969647e-76,13.0,92.32639294499685,interp,57,moving,False,unknown,not determined: needs vessel metadata + offshore-infrastructure database match (not joined yet); motion_state is not evidence of type,0.012048192771084338,36.486298356322706,52.30578253935049,21.0,0.0,2.3316666666666666,83,,"short track (n=83, span 2.3 h) but moved 52.3 km > 5.0 km"
303520000,SULPHUR ENTERPRISE,12-24h,5,3.3730649757059347e-80,7.922190835457402e-81,16.0,94.45832248410457,interp,58,moving,False,unknown,not determined: needs vessel metadata + offshore-infrastructure database match (not joined yet); motion_state is not evidence of type,0.0,60.286823803562385,101.28795427120424,14.9,0.0,5.838333333333333,218,,"short track (n=218, span 5.8 h) but moved 101.3 km > 5.0 km"
367730190,BIG P,12-24h,2,1.493401822661439e-80,7.467009113307195e-81,13.0,94.71927414624287,interp,59,moving,False,unknown,not determined: needs vessel metadata + offshore-infrastructure database match (not joined yet); motion_state is not evidence of type,0.016483516483516484,46.914938438443286,64.07381160500387,22.3,0.0,30.223055555555554,182,moored,"p90 spread 46.91 km, stationarity 0.02"
538005035,ROWAN RELENTLESS,12-24h,1,1.7134015786896744e-82,1.7134015786896744e-82,14.0,96.10763495668057,interp,60,loitering,False,unknown,not determined: needs vessel metadata + offshore-infrastructure database match (not joined yet); motion_state is not evidence of type,1.0,0.2864135976565641,0.28725201290024044,0.1,1.0,47.352222222222224,244,,"p90 0.29<= 2.0 km, max 0.29<= 5.0 km, slow frac 1.00>= 0.8"
538005126,DEEPWATER POSEIDON,12-24h,3,1.0422053211067836e-88,4.417916995902396e-89,13.0,99.68354086883585,interp,61,stationary,True,unknown,not determined: needs vessel metadata + offshore-infrastructure database match (not joined yet); motion_state is not evidence of type,1.0,0.005933893606856944,0.0961314665442436,0.0,1.0,37.660833333333336,496,other_type_no_info,"p90 0.01<= 0.25 km, max 0.10<= 1.0 km, slow frac 1.00>= 0.9"
311062000,HELIX PRODUCER I,12-24h,8,1.2716565412526265e-96,1.5919623143413158e-97,13.0,104.03896664553587,interp,62,stationary,True,unknown,not determined: needs vessel metadata + offshore-infrastructure database match (not joined yet); motion_state is not evidence of type,1.0,0.00723975609809096,0.030271756653908657,0.0,1.0,47.983333333333334,1344,,"p90 0.01<= 0.25 km, max 0.03<= 1.0 km, slow frac 1.00>= 0.9"
353984000,ESTEEM ENERGY,12-24h,2,5.958371478513072e-102,2.979185739256536e-102,24.0,107.05842437933758,interp,63,moving,False,unknown,not determined: needs vessel metadata + offshore-infrastructure database match (not joined yet); motion_state is not evidence of type,0.07407407407407407,46.089436868030404,69.12970544209054,11.9,0.0,6.133333333333334,189,,"p90 spread 46.09 km, stationarity 0.07"
354791000,VICTORY-G,12-24h,2,6.383521824943347e-112,3.1917609124716734e-112,13.0,112.10773206944201,exact,64,moving,False,unknown,not determined: needs vessel metadata + offshore-infrastructure database match (not joined yet); motion_state is not evidence of type,0.0,23.338856658126264,26.134876686238155,3.7,0.0,33.147777777777776,157,,"p90 spread 23.34 km, stationarity 0.00"
311000222,EMERALD SPIRIT,12-24h,5,3.952600397095549e-113,7.905330661176495e-114,14.0,112.63716277653836,interp,65,moving,False,unknown,not determined: needs vessel metadata + offshore-infrastructure database match (not joined yet); motion_state is not evidence of type,0.008438818565400843,51.4678674881289,71.32177560529017,12.4,0.0,5.4525,237,,"short track (n=237, span 5.5 h) but moved 71.3 km > 5.0 km"
235076282,PARAMOUNT HALIFAX,12-24h,6,7.939246621830237e-116,1.324410186865254e-116,15.0,114.03485164634598,interp,66,moving,False,unknown,not determined: needs vessel metadata + offshore-infrastructure database match (not joined yet); motion_state is not evidence of type,0.008771929824561403,50.83633114101524,89.10248856462701,13.3,0.0,5.841944444444445,228,,"short track (n=228, span 5.8 h) but moved 89.1 km > 5.0 km"
538007655,STAR DALMATIA,12-24h,1,1.4115750107718853e-117,1.4115750107718853e-117,14.0,114.91340008491153,interp,67,moving,False,unknown,not determined: needs vessel metadata + offshore-infrastructure database match (not joined yet); motion_state is not evidence of type,0.01098901098901099,65.16330868984704,87.46486381250536,12.2,0.0,6.516666666666667,182,,"p90 spread 65.16 km, stationarity 0.01"
538004609,DEEPWATER ASGARD,12-24h,6,8.427843526673065e-118,1.496521493258185e-118,13.0,115.11443930814823,interp,68,stationary,True,unknown,not determined: needs vessel metadata + offshore-infrastructure database match (not joined yet); motion_state is not evidence of type,1.0,0.0036948568817399678,0.06388217562025639,0.0,1.0,47.964166666666664,1176,,"p90 0.00<= 0.25 km, max 0.06<= 1.0 km, slow frac 1.00>= 0.9"
369139000,HOS BRIMSTONE,12-24h,3,6.469647880990246e-118,2.269897116606917e-118,13.0,115.17114885561863,interp,69,mixed,False,unknown,not determined: needs vessel metadata + offshore-infrastructure database match (not joined yet); motion_state is not evidence of type,0.900990099009901,0.3049354974539233,32.8712954393522,0.1,0.8762376237623762,43.510555555555555,202,,0.90 of reports within 0.5 km of median position but max excursion 32.9 km
538009588,VENTURE OCEAN,12-24h,1,6.254748506550726e-118,6.254748506550726e-118,24.0,115.12431694739823,interp,70,moving,False,unknown,not determined: needs vessel metadata + offshore-infrastructure database match (not joined yet); motion_state is not evidence of type,0.013157894736842105,43.92586902133478,133.20242252183095,11.5,0.0,10.419444444444444,152,,"p90 spread 43.93 km, stationarity 0.01"
369240000,PEYTON CANDIES,12-24h,10,5.736380375535583e-118,6.137873717978205e-119,13.0,115.19790173194902,interp,71,mixed,False,unknown,not determined: needs vessel metadata + offshore-infrastructure database match (not joined yet); motion_state is not evidence of type,0.9287833827893175,0.21346044288989036,42.063000065459406,0.1,0.9117210682492581,47.68333333333333,1348,,0.93 of reports within 0.5 km of median position but max excursion 42.1 km
374113000,MEIYU,12-24h,6,2.868708977313851e-121,4.864988949777794e-122,21.0,116.99549887460738,interp,72,moving,False,unknown,not determined: needs vessel metadata + offshore-infrastructure database match (not joined yet); motion_state is not evidence of type,0.011235955056179775,79.5895468239989,91.80261934426319,11.6,0.0,6.751388888888889,178,,"p90 spread 79.59 km, stationarity 0.01"
257040610,OLYMPIC ARTEMIS,12-24h,8,3.516537406096293e-122,4.4042280659569e-123,18.0,117.29435277577282,edge_nearest,73,moving,False,unknown,not determined: needs vessel metadata + offshore-infrastructure database match (not joined yet); motion_state is not evidence of type,0.0087527352297593,19.22960028152645,24.81052241589178,0.9,0.19912472647702406,46.46361111111111,914,,"p90 spread 19.23 km, stationarity 0.01"
563073700,MAERSK MEMPHIS,12-24h,3,1.2821229728655773e-127,4.2737432428852577e-128,24.0,120.01404508776551,interp,74,moving,False,unknown,not determined: needs vessel metadata + offshore-infrastructure database match (not joined yet); motion_state is not evidence of type,0.01,54.76229730726428,73.08844308326434,12.4,0.0,6.022222222222222,200,,"p90 spread 54.76 km, stationarity 0.01"
367474360,OCEAN PROJECT,12-24h,2,5.184885935962344e-132,2.592442967981172e-132,17.0,122.1114885764663,interp,75,moving,False,unknown,not determined: needs vessel metadata + offshore-infrastructure database match (not joined yet); motion_state is not evidence of type,0.0,58.95344937311306,70.220932693657,9.2,0.0,29.51972222222222,258,,"p90 spread 58.95 km, stationarity 0.00"
368508000,GENIE LAB,12-24h,1,1.6337910653156727e-132,1.6337910653156727e-132,14.0,122.11247943720043,interp,76,moving,False,unknown,not determined: needs vessel metadata + offshore-infrastructure database match (not joined yet); motion_state is not evidence of type,0.0,48.67238789694155,58.621028250207544,9.3,0.21764705882352942,14.113333333333333,170,,"p90 spread 48.67 km, stationarity 0.00"
367445000,PATI R MORAN,12-24h,1,1.421801362611582e-133,1.421801362611582e-133,24.0,122.81738199874158,interp,77,moving,False,unknown,not determined: needs vessel metadata + offshore-infrastructure database match (not joined yet); motion_state is not evidence of type,0.019801980198019802,36.24575804312293,54.107857324638985,10.2,0.0,4.733333333333333,101,,"short track (n=101, span 4.7 h) but moved 54.1 km > 5.0 km"
371765000,WEST NEPTUNE,12-24h,11,1.0886370559388679e-141,9.9369648819362e-143,13.0,126.56427149114343,interp,78,stationary,True,unknown,not determined: needs vessel metadata + offshore-infrastructure database match (not joined yet); motion_state is not evidence of type,1.0,0.0,0.0,0.1,1.0,47.983333333333334,1908,,"p90 0.00<= 0.25 km, max 0.00<= 1.0 km, slow frac 1.00>= 0.9"
367067370,CHRISTIAN CHOUEST,12-24h,8,5.261013510968441e-142,6.602784140289494e-143,13.0,126.70736214828926,interp,79,stationary,True,unknown,not determined: needs vessel metadata + offshore-infrastructure database match (not joined yet); motion_state is not evidence of type,1.0,0.12778938144652227,0.14073988838635623,0.0,0.9988317757009346,47.9775,856,,"p90 0.13<= 0.25 km, max 0.14<= 1.0 km, slow frac 1.00>= 0.9"
338628000,ODYSSEA BARON,12-24h,3,2.333649626342929e-143,1.2275130385322912e-143,24.0,127.10982835396963,interp,80,mixed,False,unknown,not determined: needs vessel metadata + offshore-infrastructure database match (not joined yet); motion_state is not evidence of type,1.0,0.1677234794770098,0.2201255105019073,0.7,0.24782608695652175,26.43888888888889,460,,1.00 of reports within 0.5 km of median position but max excursion 0.2 km
366987890,CAPT RUDY,12-24h,2,3.690327057176452e-177,1.8451635287208184e-177,13.0,141.66060643245524,interp,81,moving,False,unknown,not determined: needs vessel metadata + offshore-infrastructure database match (not joined yet); motion_state is not evidence of type,0.06666666666666667,15.071748734409768,18.622764852634035,10.7,0.0,1.7,15,,"short track (n=15, span 1.7 h) but moved 18.6 km > 5.0 km"
367550980,BIG FOOT,24-36h,2,0.2810914904565684,0.16083461370955002,32.0,3.9850913759404865,edge_nearest,1,stationary,True,unknown,not determined: needs vessel metadata + offshore-infrastructure database match (not joined yet); motion_state is not evidence of type,1.0,0.009525344623446305,0.01794284173334043,0.0,1.0,47.16388888888889,719,,"p90 0.01<= 0.25 km, max 0.02<= 1.0 km, slow frac 1.00>= 0.9"
408919000,SEAPEAK BAHRAIN,24-36h,4,0.1294406899594153,0.03236018296328549,33.0,7.2744524648039235,interp,2,moving,False,unknown,not determined: needs vessel metadata + offshore-infrastructure database match (not joined yet); motion_state is not evidence of type,0.0,53.412766835410196,65.26343181119026,16.85,0.0,3.5669444444444443,50,,"short track (n=50, span 3.6 h) but moved 65.3 km > 5.0 km"
548704000,KERRY EXPRESS,24-36h,1,0.0026834500523631325,0.0026834500523631325,36.0,14.786612297393281,interp,3,moving,False,unknown,not determined: needs vessel metadata + offshore-infrastructure database match (not joined yet); motion_state is not evidence of type,0.0,69.6332578991764,140.18334433633333,12.6,0.0,10.558333333333334,290,,"p90 spread 69.63 km, stationarity 0.00"
241365000,MARAN GAS ACHILLES,24-36h,2,0.0007809777372333311,0.00039048886861666555,33.0,15.51569965605509,interp,4,moving,False,unknown,not determined: needs vessel metadata + offshore-infrastructure database match (not joined yet); motion_state is not evidence of type,0.043478260869565216,53.94590555071381,55.04416820213932,18.0,0.0,3.3297222222222222,23,,"short track (n=23, span 3.3 h) but moved 55.0 km > 5.0 km"
368196410,C-CONSTRUCTOR,24-36h,6,6.128879585734145e-05,1.7582727084518697e-05,25.0,20.170809527572576,interp,5,loitering,False,unknown,not determined: needs vessel metadata + offshore-infrastructure database match (not joined yet); motion_state is not evidence of type,0.399,1.6235081428904612,2.518733373653588,0.0,0.96,47.74444444444445,1000,,"p90 1.62<= 2.0 km, max 2.52<= 5.0 km, slow frac 0.96>= 0.8"
538005361,OCEAN BLACKLION,24-36h,2,4.6354452995172586e-05,4.304710970636675e-05,25.0,20.495124648562545,interp,6,stationary,True,unknown,not determined: needs vessel metadata + offshore-infrastructure database match (not joined yet); motion_state is not evidence of type,1.0,0.17203315757360796,0.17488988838586694,0.0,1.0,47.94166666666667,650,,"p90 0.17<= 0.25 km, max 0.17<= 1.0 km, slow frac 1.00>= 0.9"
367507790,HARVEY SUPPORTER,24-36h,10,3.077255075054117e-05,7.969702065558193e-06,25.0,20.951695573980007,interp,7,mixed,False,unknown,not determined: needs vessel metadata + offshore-infrastructure database match (not joined yet); motion_state is not evidence of type,0.6005459508644222,70.58201052575582,109.76668866392868,0.2,0.7279344858962693,43.48888888888889,1099,,0.60 of reports within 0.5 km of median position but max excursion 109.8 km
368166560,ARGOS PLATFORM,24-36h,6,5.266708117436392e-06,2.3379504061820644e-06,25.0,22.911277287913776,interp,8,stationary,True,unknown,not determined: needs vessel metadata + offshore-infrastructure database match (not joined yet); motion_state is not evidence of type,1.0,0.005953143737243485,0.010496393050604869,0.0,1.0,47.89416666666666,1132,other_type_reserved,"p90 0.01<= 0.25 km, max 0.01<= 1.0 km, slow frac 1.00>= 0.9"
338147342,HEIDELBERG SPAR,24-36h,9,1.8418478265298926e-12,9.522273232106855e-13,31.0,35.105979021423664,interp,9,stationary,True,unknown,not determined: needs vessel metadata + offshore-infrastructure database match (not joined yet); motion_state is not evidence of type,1.0,0.0031706830504465407,0.0077579597865570045,0.0,1.0,37.5,322,at_anchor,"p90 0.00<= 0.25 km, max 0.01<= 1.0 km, slow frac 1.00>= 0.9"
311000876,STAR FIRST,24-36h,2,4.199828131864834e-16,2.099914065932417e-16,32.0,40.1830832584155,edge_nearest,10,moving,False,unknown,not determined: needs vessel metadata + offshore-infrastructure database match (not joined yet); motion_state is not evidence of type,0.14285714285714285,32.898717142525086,40.28559274795606,19.6,0.0,1.8719444444444444,7,,"short track (n=7, span 1.9 h) but moved 40.3 km > 5.0 km"
368179260,MILLIE,24-36h,8,9.134382865470528e-17,3.175002600091169e-17,27.0,41.46392868229685,interp,11,loitering,False,unknown,not determined: needs vessel metadata + offshore-infrastructure database match (not joined yet); motion_state is not evidence of type,0.5491183879093199,0.783514543580864,0.7968306627153325,0.0,0.9773299748110831,47.983333333333334,1191,,"p90 0.78<= 2.0 km, max 0.80<= 5.0 km, slow frac 0.98>= 0.8"
538009623,WEST AURIGA,24-36h,2,1.845214261943482e-17,9.234475012968559e-18,27.0,41.98665852378652,edge_nearest,12,stationary,True,unknown,not determined: needs vessel metadata + offshore-infrastructure database match (not joined yet); motion_state is not evidence of type,1.0,0.0745007037564426,0.12835721203036443,0.1,0.9968553459119497,46.93277777777778,636,,"p90 0.07<= 0.25 km, max 0.13<= 1.0 km, slow frac 1.00>= 0.9"
577358000,ISLAND VENTURE,24-36h,11,1.2584930118779302e-17,1.7559900838355575e-18,25.0,42.234874653752165,interp,13,stationary,True,unknown,not determined: needs vessel metadata + offshore-infrastructure database match (not joined yet); motion_state is not evidence of type,1.0,0.0056469931749934124,0.006744576522164114,0.1,1.0,47.96111111111111,1211,,"p90 0.01<= 0.25 km, max 0.01<= 1.0 km, slow frac 1.00>= 0.9"
366050100,TLP SHENZI,24-36h,5,4.028481314145764e-18,8.577906413210739e-19,25.0,43.30988930697788,edge_nearest,14,stationary,True,unknown,not determined: needs vessel metadata + offshore-infrastructure database match (not joined yet); motion_state is not evidence of type,1.0,0.005950138987338007,0.011268174543322917,0.0,1.0,47.81944444444444,757,,"p90 0.01<= 0.25 km, max 0.01<= 1.0 km, slow frac 1.00>= 0.9"
367684260,PELICAN ISLAND,24-36h,1,9.632372880331008e-19,9.632372880331008e-19,29.0,43.642404276877464,edge_nearest,15,mixed,False,unknown,not determined: needs vessel metadata + offshore-infrastructure database match (not joined yet); motion_state is not evidence of type,0.9215189873417722,0.25004396803087725,21.907721016662574,0.3,0.7341772151898734,40.43944444444445,395,,0.92 of reports within 0.5 km of median position but max excursion 21.9 km
367127480,TAHITI SPAR,24-36h,7,3.7060089661146543e-23,9.815483210732336e-24,30.0,49.31668789774397,interp,16,stationary,True,unknown,not determined: needs vessel metadata + offshore-infrastructure database match (not joined yet); motion_state is not evidence of type,1.0,0.010833798269373066,0.06520907415698338,0.0,0.9989878542510121,47.903333333333336,988,,"p90 0.01<= 0.25 km, max 0.07<= 1.0 km, slow frac 1.00>= 0.9"
538004610,DEEPWATER INVICTUS,24-36h,5,1.9307736676529414e-23,6.707250098459205e-24,25.0,49.802215842321694,interp,17,stationary,True,unknown,not determined: needs vessel metadata + offshore-infrastructure database match (not joined yet); motion_state is not evidence of type,1.0,0.1548434221246573,0.1586575057203628,0.0,0.9898107714701602,47.6275,687,,"p90 0.15<= 0.25 km, max 0.16<= 1.0 km, slow frac 0.99>= 0.9"
538005813,NAVE LUMINOSITY,24-36h,7,5.174243131583314e-28,1.3803256642022475e-28,36.0,54.16478977093093,edge_nearest,18,moving,False,unknown,not determined: needs vessel metadata + offshore-infrastructure database match (not joined yet); motion_state is not evidence of type,0.0,121.87806116050366,167.16316521945166,12.0,0.0,10.005277777777778,179,,"p90 spread 121.88 km, stationarity 0.00"
366908680,MARCO POLO TLP,24-36h,1,1.9497604489602167e-28,1.9497604489602167e-28,35.0,54.87170740940851,edge_nearest,19,stationary,True,unknown,not determined: needs vessel metadata + offshore-infrastructure database match (not joined yet); motion_state is not evidence of type,1.0,0.007365308013820013,0.015119636122623445,,,47.655833333333334,515,,"p90 0.01<= 0.25 km, max 0.02<= 1.0 km, slow frac nan>= 0.9"
3660489,NEPTUNE TLP,24-36h,11,4.71459361018026e-35,5.80199594624646e-36,25.0,61.36524190563477,interp,20,stationary,True,unknown,not determined: needs vessel metadata + offshore-infrastructure database match (not joined yet); motion_state is not evidence of type,1.0,0.009175398243968446,0.024779748764569284,0.0,1.0,47.85055555555556,575,moored,"p90 0.01<= 0.25 km, max 0.02<= 1.0 km, slow frac 1.00>= 0.9"
257432000,OSLO BULK 4,24-36h,3,8.128728256380626e-36,2.7095760854602086e-36,30.0,62.301889086117626,interp,21,moving,False,unknown,not determined: needs vessel metadata + offshore-infrastructure database match (not joined yet); motion_state is not evidence of type,0.0,86.84792892232835,89.24431717001781,11.6,0.0,5.780833333333334,32,,"short track (n=32, span 5.8 h) but moved 89.2 km > 5.0 km"
338125915,CONSTITUTION SPAR,24-36h,3,2.6690620121437025e-37,1.112541566422267e-37,33.0,63.79824181148416,interp,22,stationary,True,unknown,not determined: needs vessel metadata + offshore-infrastructure database match (not joined yet); motion_state is not evidence of type,1.0,0.004462752955686067,0.006917164614274846,0.1,1.0,47.94166666666667,1069,,"p90 0.00<= 0.25 km, max 0.01<= 1.0 km, slow frac 1.00>= 0.9"
368042000,ODYSSEA SPIRIT,24-36h,1,3.1816865852678354e-38,3.1816865852678354e-38,29.0,64.20130250551794,edge_nearest,23,mixed,False,unknown,not determined: needs vessel metadata + offshore-infrastructure database match (not joined yet); motion_state is not evidence of type,0.7943396226415095,3.90955772301486,6.4883997221381895,0.1,0.7660377358490567,46.742777777777775,530,,0.79 of reports within 0.5 km of median position but max excursion 6.5 km
303071000,GOL DIAMOND,24-36h,1,2.553530014245552e-38,2.553530014245552e-38,32.0,64.77446304800324,interp,24,moving,False,unknown,not determined: needs vessel metadata + offshore-infrastructure database match (not joined yet); motion_state is not evidence of type,0.03488372093023256,49.57321130862569,50.102249615511575,10.0,0.05813953488372093,9.7025,86,,"p90 spread 49.57 km, stationarity 0.03"
311012300,POLARCUS ALIMA,24-36h,1,1.254197755451145e-39,1.254197755451145e-39,34.0,65.83253072312358,edge_nearest,25,moving,False,unknown,not determined: needs vessel metadata + offshore-infrastructure database match (not joined yet); motion_state is not evidence of type,0.0030120481927710845,49.48485856840179,53.15299656247221,4.8,0.0,46.8,664,,"p90 spread 49.48 km, stationarity 0.00"
636016002,PACIFIC SHARAV,24-36h,12,9.551789269934366e-41,1.4388232930555777e-41,25.0,66.44656937689803,interp,26,stationary,True,unknown,not determined: needs vessel metadata + offshore-infrastructure database match (not joined yet); motion_state is not evidence of type,1.0,0.17593408549778042,0.18075929382554598,0.0,0.9976076555023924,47.8525,1254,,"p90 0.18<= 0.25 km, max 0.18<= 1.0 km, slow frac 1.00>= 0.9"
366054900,STAMPEDE TLP,24-36h,1,1.9203153894660718e-41,1.9203153894660718e-41,36.0,67.31825734709325,interp,27,stationary,True,unknown,not determined: needs vessel metadata + offshore-infrastructure database match (not joined yet); motion_state is not evidence of type,1.0,0.007760261237562994,0.01955513279636888,0.0,1.0,47.98361111111111,1060,,"p90 0.01<= 0.25 km, max 0.02<= 1.0 km, slow frac 1.00>= 0.9"
538005579,DEEPWATER CONQUEROR,24-36h,8,2.1309352405855223e-52,9.846098300854053e-53,33.0,75.97002725383976,interp,28,stationary,True,unknown,not determined: needs vessel metadata + offshore-infrastructure database match (not joined yet); motion_state is not evidence of type,1.0,0.14368698087787646,0.14892370296748952,0.0,1.0,47.85527777777778,893,,"p90 0.14<= 0.25 km, max 0.15<= 1.0 km, slow frac 1.00>= 0.9"
367653160,FAST LEOPARD,24-36h,2,4.224541896837069e-59,2.1122709484185343e-59,33.0,80.68689299687611,interp,29,mixed,False,unknown,not determined: needs vessel metadata + offshore-infrastructure database match (not joined yet); motion_state is not evidence of type,0.8333333333333334,1.3124848451311941,102.01019115142275,0.5,0.4756944444444444,16.658333333333335,288,,0.83 of reports within 0.5 km of median position but max excursion 102.0 km
368087000,C-CARRIER,24-36h,1,5.45464046341922e-61,5.45464046341922e-61,29.0,81.88000752490905,interp,30,mixed,False,unknown,not determined: needs vessel metadata + offshore-infrastructure database match (not joined yet); motion_state is not evidence of type,0.9010695187165776,0.21218321852231392,46.24124237195644,0.1,0.93048128342246,47.971944444444446,374,,0.90 of reports within 0.5 km of median position but max excursion 46.2 km
367474360,OCEAN PROJECT,24-36h,2,3.665684823565777e-64,1.8328428267807153e-64,31.0,84.37498574057211,edge_nearest,31,moving,False,unknown,not determined: needs vessel metadata + offshore-infrastructure database match (not joined yet); motion_state is not evidence of type,0.0,58.95344937311306,70.220932693657,9.2,0.0,29.51972222222222,258,,"p90 spread 58.95 km, stationarity 0.00"
538010349,FEDERAL KIBUNE,24-36h,1,1.6741225473138174e-64,1.6741225473138174e-64,30.0,84.65722738578611,edge_nearest,32,undetermined,False,unknown,not determined: needs vessel metadata + offshore-infrastructure database match (not joined yet); motion_state is not evidence of type,1.0,0.0,0.0,8.4,0.0,0.0,1,,n_reports=1 or span=0.0h below minimum
338002000,TUCKER CANDIES,24-36h,2,5.748401013106e-67,2.874200506553e-67,27.0,85.99328111046277,interp,33,mixed,False,unknown,not determined: needs vessel metadata + offshore-infrastructure database match (not joined yet); motion_state is not evidence of type,0.6028368794326241,71.17702138685141,108.74431287580153,0.5,0.3900709219858156,23.328333333333333,141,moored,0.60 of reports within 0.5 km of median position but max excursion 108.7 km
367634690,CAJUN II,24-36h,2,5.375561896486527e-67,2.6877809482432635e-67,25.0,86.3514795140735,edge_nearest,34,moving,False,unknown,not determined: needs vessel metadata + offshore-infrastructure database match (not joined yet); motion_state is not evidence of type,0.0,67.9677215976225,89.55868148795041,19.0,0.24780701754385964,37.75861111111111,456,,"p90 spread 67.97 km, stationarity 0.00"
538008511,TEAM BRAVO,24-36h,2,8.380915411692459e-73,4.1904577058462295e-73,25.0,90.18043513778697,interp,35,moving,False,unknown,not determined: needs vessel metadata + offshore-infrastructure database match (not joined yet); motion_state is not evidence of type,0.008,60.75324196693031,87.86924383631396,12.9,0.0,6.924722222222222,125,,"p90 spread 60.75 km, stationarity 0.01"
353984000,ESTEEM ENERGY,24-36h,4,2.219659717519229e-75,6.188588529812837e-76,27.0,91.50724226394598,interp,36,moving,False,unknown,not determined: needs vessel metadata + offshore-infrastructure database match (not joined yet); motion_state is not evidence of type,0.07407407407407407,46.089436868030404,69.12970544209054,11.9,0.0,6.133333333333334,189,,"p90 spread 46.09 km, stationarity 0.07"
367556730,HARVEY COLT,24-36h,7,5.346431470661215e-76,9.193101542391203e-77,29.0,92.23563725505045,interp,37,moving,False,unknown,not determined: needs vessel metadata + offshore-infrastructure database match (not joined yet); motion_state is not evidence of type,0.4467005076142132,1.2729225220352218,20.169046190540175,0.4,0.5291878172588832,47.97805555555556,788,,"p90 spread 1.27 km, stationarity 0.45"
538005126,DEEPWATER POSEIDON,24-36h,3,4.3190432091656535e-77,1.44443762789966e-77,35.0,92.73690887172918,interp,38,stationary,True,unknown,not determined: needs vessel metadata + offshore-infrastructure database match (not joined yet); motion_state is not evidence of type,1.0,0.005933893606856944,0.0961314665442436,0.0,1.0,37.660833333333336,496,other_type_no_info,"p90 0.01<= 0.25 km, max 0.10<= 1.0 km, slow frac 1.00>= 0.9"
367785160,BRUTUS TLP,24-36h,11,4.81034322212358e-81,1.3119438036685111e-81,27.0,95.23401989258696,interp,39,stationary,True,unknown,not determined: needs vessel metadata + offshore-infrastructure database match (not joined yet); motion_state is not evidence of type,1.0,0.005872409707579216,0.024640262226181667,0.1,1.0,47.950833333333335,532,moored,"p90 0.01<= 0.25 km, max 0.02<= 1.0 km, slow frac 1.00>= 0.9"
538005124,DEEPWATER PROTEUS,24-36h,12,9.838799617757563e-83,2.383373072292403e-83,27.0,96.23728602743041,edge_nearest,40,stationary,True,unknown,not determined: needs vessel metadata + offshore-infrastructure database match (not joined yet); motion_state is not evidence of type,1.0,0.12090264051627465,0.1756811242875058,0.0,0.9925373134328358,47.925,1474,,"p90 0.12<= 0.25 km, max 0.18<= 1.0 km, slow frac 0.99>= 0.9"
367657110,PECAN ISLAND,24-36h,9,6.635062491819773e-83,1.5803643135698859e-83,27.0,96.33884381451367,interp,41,mixed,False,unknown,not determined: needs vessel metadata + offshore-infrastructure database match (not joined yet); motion_state is not evidence of type,0.7136929460580913,1.2787588144428266,39.20809990109772,0.1,0.8423236514522822,44.06111111111111,1205,,0.71 of reports within 0.5 km of median position but max excursion 39.2 km
338615000,C-RAMBLER,24-36h,3,1.653048847388618e-89,5.510162824628727e-90,36.0,99.82009934754569,edge_nearest,42,mixed,False,unknown,not determined: needs vessel metadata + offshore-infrastructure database match (not joined yet); motion_state is not evidence of type,0.6766304347826086,50.38142029417997,110.34902025257153,0.4,0.5135869565217391,14.222222222222221,368,,0.68 of reports within 0.5 km of median position but max excursion 110.3 km
368051000,FAST MAMMOTH,24-36h,2,1.0345124824623157e-97,5.1725624123115786e-98,36.0,104.71673958380387,edge_nearest,43,moving,False,unknown,not determined: needs vessel metadata + offshore-infrastructure database match (not joined yet); motion_state is not evidence of type,0.015873015873015872,67.10898738015247,79.67412542604528,18.4,0.0,3.9369444444444444,63,,"short track (n=63, span 3.9 h) but moved 79.7 km > 5.0 km"
311062000,HELIX PRODUCER I,24-36h,5,6.381310422328448e-106,1.5018058601502595e-106,26.0,109.06849675545631,interp,44,stationary,True,unknown,not determined: needs vessel metadata + offshore-infrastructure database match (not joined yet); motion_state is not evidence of type,1.0,0.00723975609809096,0.030271756653908657,0.0,1.0,47.983333333333334,1344,,"p90 0.01<= 0.25 km, max 0.03<= 1.0 km, slow frac 1.00>= 0.9"
367325730,MS WENDY,24-36h,3,3.1118397208741486e-110,1.3055175520706504e-110,36.0,111.36594698601526,interp,45,moving,False,unknown,not determined: needs vessel metadata + offshore-infrastructure database match (not joined yet); motion_state is not evidence of type,0.0,23.895553595062115,25.00974592690131,17.15,0.0,11.481111111111112,12,,"p90 spread 23.90 km, stationarity 0.00"
538009588,VENTURE OCEAN,24-36h,4,8.044424959514265e-117,2.011106245413042e-117,25.0,114.83689991081192,interp,46,moving,False,unknown,not determined: needs vessel metadata + offshore-infrastructure database match (not joined yet); motion_state is not evidence of type,0.013157894736842105,43.92586902133478,133.20242252183095,11.5,0.0,10.419444444444444,152,,"p90 spread 43.93 km, stationarity 0.01"
538004609,DEEPWATER ASGARD,24-36h,12,1.7188441647728e-120,1.6360818617648682e-121,25.0,116.48564010746496,interp,47,stationary,True,unknown,not determined: needs vessel metadata + offshore-infrastructure database match (not joined yet); motion_state is not evidence of type,1.0,0.0036948568817399678,0.06388217562025639,0.0,1.0,47.964166666666664,1176,,"p90 0.00<= 0.25 km, max 0.06<= 1.0 km, slow frac 1.00>= 0.9"
369240000,PEYTON CANDIES,24-36h,12,1.1472148350947161e-120,1.0914881460045756e-121,25.0,116.57228602006859,interp,48,mixed,False,unknown,not determined: needs vessel metadata + offshore-infrastructure database match (not joined yet); motion_state is not evidence of type,0.9287833827893175,0.21346044288989036,42.063000065459406,0.1,0.9117210682492581,47.68333333333333,1348,,0.93 of reports within 0.5 km of median position but max excursion 42.1 km
563073700,MAERSK MEMPHIS,24-36h,3,5.284796763805755e-121,2.7175231018358593e-121,26.0,116.61723062164448,interp,49,moving,False,unknown,not determined: needs vessel metadata + offshore-infrastructure database match (not joined yet); motion_state is not evidence of type,0.01,54.76229730726428,73.08844308326434,12.4,0.0,6.022222222222222,200,,"p90 spread 54.76 km, stationarity 0.01"
367445000,PATI R MORAN,24-36h,4,4.844336672563263e-122,1.213528012458104e-122,26.0,117.3371122870102,interp,50,moving,False,unknown,not determined: needs vessel metadata + offshore-infrastructure database match (not joined yet); motion_state is not evidence of type,0.019801980198019802,36.24575804312293,54.107857324638985,10.2,0.0,4.733333333333333,101,,"short track (n=101, span 4.7 h) but moved 54.1 km > 5.0 km"
244848000,DONAUGRACHT,24-36h,1,1.6240242525545913e-122,1.6240242525545913e-122,26.0,117.30647228165886,interp,51,moving,False,unknown,not determined: needs vessel metadata + offshore-infrastructure database match (not joined yet); motion_state is not evidence of type,0.07142857142857142,39.774013817952884,101.81979282708963,14.5,0.0,4.161111111111111,28,,"short track (n=28, span 4.2 h) but moved 101.8 km > 5.0 km"
367357000,CLAIRE CANDIES,24-36h,1,9.461145055577376e-128,9.461145055577376e-128,25.0,119.95057994506578,interp,52,mixed,False,unknown,not determined: needs vessel metadata + offshore-infrastructure database match (not joined yet); motion_state is not evidence of type,0.5564356435643565,35.08685383347042,91.98927790215788,0.8,0.2198019801980198,23.509166666666665,505,,0.56 of reports within 0.5 km of median position but max excursion 92.0 km
538090538,DIONI.GR,24-36h,4,1.1944119360964493e-135,2.986029840252189e-136,36.0,123.87444017574535,interp,53,moving,False,unknown,not determined: needs vessel metadata + offshore-infrastructure database match (not joined yet); motion_state is not evidence of type,0.007220216606498195,64.88492705902519,72.30477830319577,12.3,0.0,6.433888888888889,277,,"p90 spread 64.88 km, stationarity 0.01"
257040610,OLYMPIC ARTEMIS,24-36h,12,5.437053570508882e-136,4.531230894284427e-137,25.0,123.89209103411336,interp,54,moving,False,unknown,not determined: needs vessel metadata + offshore-infrastructure database match (not joined yet); motion_state is not evidence of type,0.0087527352297593,19.22960028152645,24.81052241589178,0.9,0.19912472647702406,46.46361111111111,914,,"p90 spread 19.23 km, stationarity 0.01"
338628000,ODYSSEA BARON,24-36h,7,4.1001030076832177e-143,9.821208912329725e-144,25.0,126.9972832697467,interp,55,mixed,False,unknown,not determined: needs vessel metadata + offshore-infrastructure database match (not joined yet); motion_state is not evidence of type,1.0,0.1677234794770098,0.2201255105019073,0.7,0.24782608695652175,26.43888888888889,460,,1.00 of reports within 0.5 km of median position but max excursion 0.2 km
235095836,VECTIS ISLE,24-36h,4,5.121486068539152e-144,1.2803715171347904e-144,36.0,127.64068923695095,interp,56,moving,False,unknown,not determined: needs vessel metadata + offshore-infrastructure database match (not joined yet); motion_state is not evidence of type,0.004016064257028112,80.44548903560519,94.05330595219448,10.7,0.0,7.711666666666667,249,,"p90 spread 80.45 km, stationarity 0.00"
371765000,WEST NEPTUNE,24-36h,12,4.9490940120504114e-148,5.870441321763888e-149,25.0,129.2138508131265,interp,57,stationary,True,unknown,not determined: needs vessel metadata + offshore-infrastructure database match (not joined yet); motion_state is not evidence of type,1.0,0.0,0.0,0.1,1.0,47.983333333333334,1908,,"p90 0.00<= 0.25 km, max 0.00<= 1.0 km, slow frac 1.00>= 0.9"
367067370,CHRISTIAN CHOUEST,24-36h,6,1.2992417063562004e-148,2.4989278195200365e-149,26.0,129.46788735627746,interp,58,stationary,True,unknown,not determined: needs vessel metadata + offshore-infrastructure database match (not joined yet); motion_state is not evidence of type,1.0,0.12778938144652227,0.14073988838635623,0.0,0.9988317757009346,47.9775,856,,"p90 0.13<= 0.25 km, max 0.14<= 1.0 km, slow frac 1.00>= 0.9"
374026000,CHEMICAL HUNTER,24-36h,2,1.1420620837188937e-154,5.710310418594468e-155,36.0,132.32363073464774,interp,59,moving,False,unknown,not determined: needs vessel metadata + offshore-infrastructure database match (not joined yet); motion_state is not evidence of type,0.0,71.11183756750484,85.26643379327153,12.3,0.0,6.365,248,,"p90 spread 71.11 km, stationarity 0.00"
538005262,ASTURCON,24-36h,2,2.4561531542047753e-158,1.2280765771024234e-158,36.0,133.8887071227925,interp,60,moving,False,unknown,not determined: needs vessel metadata + offshore-infrastructure database match (not joined yet); motion_state is not evidence of type,0.0037735849056603774,63.1475282535975,82.47659257814686,13.7,0.0,5.958333333333333,265,,"short track (n=265, span 6.0 h) but moved 82.5 km > 5.0 km"
368237180,GO ADVENTURER,24-36h,1,2.6890419748937555e-162,2.6890419748937555e-162,36.0,135.3869148279929,interp,61,mixed,False,unknown,not determined: needs vessel metadata + offshore-infrastructure database match (not joined yet); motion_state is not evidence of type,0.7976744186046512,25.67855072614934,56.63969443856808,0.1,0.772093023255814,12.016666666666667,430,,0.80 of reports within 0.5 km of median position but max excursion 56.6 km
354791000,VICTORY-G,24-36h,1,6.818472074176487e-191,6.818472074176487e-191,32.0,147.16189367396353,interp,62,moving,False,unknown,not determined: needs vessel metadata + offshore-infrastructure database match (not joined yet); motion_state is not evidence of type,0.0,23.338856658126264,26.134876686238155,3.7,0.0,33.147777777777776,157,,"p90 spread 23.34 km, stationarity 0.00"
374113000,MEIYU,24-36h,1,8.799409182480646e-193,8.799409182480646e-193,25.0,147.8840092597712,interp,63,moving,False,unknown,not determined: needs vessel metadata + offshore-infrastructure database match (not joined yet); motion_state is not evidence of type,0.011235955056179775,79.5895468239989,91.80261934426319,11.6,0.0,6.751388888888889,178,,"p90 spread 79.59 km, stationarity 0.01"
563058600,TAURUS,24-36h,1,7.943332039369796e-224,7.943332039369796e-224,32.0,159.51931294111955,interp,64,moving,False,unknown,not determined: needs vessel metadata + offshore-infrastructure database match (not joined yet); motion_state is not evidence of type,0.08333333333333333,5.767886327297375,16.808980789741618,11.9,0.0,0.9802777777777778,24,,"short track (n=24, span 1.0 h) but moved 16.8 km > 5.0 km"
368059520,DEER ISLAND,36-48h,8,0.5192773937832497,0.06720587055385123,47.0,2.531494549753406,interp,1,moving,False,unknown,not determined: needs vessel metadata + offshore-infrastructure database match (not joined yet); motion_state is not evidence of type,0.4134366925064599,58.530765183336904,74.04291569713683,0.8,0.46511627906976744,47.219166666666666,387,,"p90 spread 58.53 km, stationarity 0.41"
368589000,OVERSEAS CASCADE,36-48h,10,0.40147511196738317,0.08777283536654455,40.0,3.796352679086896,interp,2,moving,False,unknown,not determined: needs vessel metadata + offshore-infrastructure database match (not joined yet); motion_state is not evidence of type,0.0,72.50747048237665,119.208955689557,11.6,0.0,39.92,566,,"p90 spread 72.51 km, stationarity 0.00"
367550980,BIG FOOT,36-48h,11,0.20420984868569445,0.10578851034693852,38.0,5.890308773304458,interp,3,stationary,True,unknown,not determined: needs vessel metadata + offshore-infrastructure database match (not joined yet); motion_state is not evidence of type,1.0,0.009525344623446305,0.01794284173334043,0.0,1.0,47.16388888888889,719,,"p90 0.01<= 0.25 km, max 0.02<= 1.0 km, slow frac 1.00>= 0.9"
367643110,DEEP RUNNER,36-48h,9,0.1058423353962709,0.012077889803051226,44.0,8.598129345255707,interp,4,moving,False,unknown,not determined: needs vessel metadata + offshore-infrastructure database match (not joined yet); motion_state is not evidence of type,0.0031545741324921135,83.94626926128502,103.42184498222719,16.9,0.17665615141955837,8.184444444444445,317,,"p90 spread 83.95 km, stationarity 0.00"
367588580,ROLAND A FALGOUT,36-48h,7,0.03541253104432175,0.005059044590600481,42.0,10.814493614557348,interp,5,moving,False,unknown,not determined: needs vessel metadata + offshore-infrastructure database match (not joined yet); motion_state is not evidence of type,0.0061162079510703364,58.135787480938525,69.95512915974362,9.4,0.0,40.69166666666667,327,,"p90 spread 58.14 km, stationarity 0.01"
548704000,KERRY EXPRESS,36-48h,8,0.012088373890195068,0.0015110467452423184,37.0,12.541018192622463,interp,6,moving,False,unknown,not determined: needs vessel metadata + offshore-infrastructure database match (not joined yet); motion_state is not evidence of type,0.0,69.6332578991764,140.18334433633333,12.6,0.0,10.558333333333334,290,,"p90 spread 69.63 km, stationarity 0.00"
338189000,BREEZE,36-48h,9,0.005481982892356968,0.0006091094466542568,48.0,12.559806240487283,interp,7,moving,False,unknown,not determined: needs vessel metadata + offshore-infrastructure database match (not joined yet); motion_state is not evidence of type,0.014354066985645933,35.54859264078393,101.45748566574348,10.1,0.10047846889952153,22.19972222222222,209,,"p90 spread 35.55 km, stationarity 0.01"
338302000,MAGNOLIA STATE,36-48h,11,0.002337881480242093,0.0002165887673905649,42.0,15.14272389205951,interp,8,moving,False,unknown,not determined: needs vessel metadata + offshore-infrastructure database match (not joined yet); motion_state is not evidence of type,0.004405286343612335,104.84298393249479,130.25991781783284,11.6,0.0,10.613888888888889,454,,"p90 spread 104.84 km, stationarity 0.00"
563086300,BW PIONEER,36-48h,7,0.0008622636133883038,0.00048626303984386916,43.0,16.117638930522773,interp,9,stationary,True,unknown,not determined: needs vessel metadata + offshore-infrastructure database match (not joined yet); motion_state is not evidence of type,1.0,0.24752468858628474,0.2626963653471608,0.0,1.0,46.50555555555555,100,moored,"p90 0.25<= 0.25 km, max 0.26<= 1.0 km, slow frac 1.00>= 0.9"
367655260,SHELIA BORDELON,36-48h,11,0.0006687075425954741,7.57374809438731e-05,48.0,17.420401589284303,interp,10,moving,False,unknown,not determined: needs vessel metadata + offshore-infrastructure database match (not joined yet); motion_state is not evidence of type,0.047186932849364795,7.814412737054478,8.601232841057186,0.8,0.08892921960072596,46.68333333333333,551,,"p90 spread 7.81 km, stationarity 0.05"
311012300,POLARCUS ALIMA,36-48h,11,0.0004560537516888797,8.565068466745722e-05,43.0,16.95179438408428,interp,11,moving,False,unknown,not determined: needs vessel metadata + offshore-infrastructure database match (not joined yet); motion_state is not evidence of type,0.0030120481927710845,49.48485856840179,53.15299656247221,4.8,0.0,46.8,664,,"p90 spread 49.48 km, stationarity 0.00"
367353110,PELICAN STATE,36-48h,8,5.6133310778574444e-05,7.5024491395747415e-06,42.0,20.455234131982966,interp,12,moving,False,unknown,not determined: needs vessel metadata + offshore-infrastructure database match (not joined yet); motion_state is not evidence of type,0.0026666666666666666,99.43837423510993,119.70653755347651,15.6,0.0,7.870277777777778,375,,"p90 spread 99.44 km, stationarity 0.00"
369045000,HARVEY STONE,36-48h,10,1.0980217038527702e-05,1.1240464437069305e-06,46.0,21.715717450460193,interp,13,moving,False,unknown,not determined: needs vessel metadata + offshore-infrastructure database match (not joined yet); motion_state is not evidence of type,0.0,86.38358680252044,100.03991500967183,10.2,0.03065134099616858,45.036944444444444,522,,"p90 spread 86.38 km, stationarity 0.00"
338002000,TUCKER CANDIES,36-48h,11,6.250509656265465e-08,6.9518727633874185e-09,48.0,26.49036879033429,interp,14,mixed,False,unknown,not determined: needs vessel metadata + offshore-infrastructure database match (not joined yet); motion_state is not evidence of type,0.6028368794326241,71.17702138685141,108.74431287580153,0.5,0.3900709219858156,23.328333333333333,141,moored,0.60 of reports within 0.5 km of median position but max excursion 108.7 km
367602540,JOHN JACOB,36-48h,5,4.018299584313956e-08,8.036765012148984e-09,43.0,26.80296928492096,interp,15,moving,False,unknown,not determined: needs vessel metadata + offshore-infrastructure database match (not joined yet); motion_state is not evidence of type,0.0,68.8037372209144,85.95075880490533,20.1,0.0,39.68416666666667,332,,"p90 spread 68.80 km, stationarity 0.00"
368196410,C-CONSTRUCTOR,36-48h,12,3.710887416273923e-08,6.128287537573381e-09,48.0,26.942526273622473,interp,16,loitering,False,unknown,not determined: needs vessel metadata + offshore-infrastructure database match (not joined yet); motion_state is not evidence of type,0.399,1.6235081428904612,2.518733373653588,0.0,0.96,47.74444444444445,1000,,"p90 1.62<= 2.0 km, max 2.52<= 5.0 km, slow frac 0.96>= 0.8"
538005361,OCEAN BLACKLION,36-48h,12,2.9657356302366575e-08,4.976018287928707e-09,48.0,27.135733447015525,interp,17,stationary,True,unknown,not determined: needs vessel metadata + offshore-infrastructure database match (not joined yet); motion_state is not evidence of type,1.0,0.17203315757360796,0.17488988838586694,0.0,1.0,47.94166666666667,650,,"p90 0.17<= 0.25 km, max 0.17<= 1.0 km, slow frac 1.00>= 0.9"
338615000,C-RAMBLER,36-48h,11,2.5801937648072414e-08,3.7065493859206266e-09,48.0,27.258630724350986,interp,18,mixed,False,unknown,not determined: needs vessel metadata + offshore-infrastructure database match (not joined yet); motion_state is not evidence of type,0.6766304347826086,50.38142029417997,110.34902025257153,0.4,0.5135869565217391,14.222222222222221,368,,0.68 of reports within 0.5 km of median position but max excursion 110.3 km
235053116,SEVEN OCEANS,36-48h,8,4.559107874982174e-09,8.366402757574044e-10,48.0,28.766460223967737,interp,19,mixed,False,unknown,not determined: needs vessel metadata + offshore-infrastructure database match (not joined yet); motion_state is not evidence of type,0.5100917431192661,17.216796776004944,17.99486223757334,0.2,0.7871559633027523,47.85583333333334,545,,0.51 of reports within 0.5 km of median position but max excursion 18.0 km
368166560,ARGOS PLATFORM,36-48h,12,3.0361592259572954e-09,5.252696692575473e-10,48.0,29.110296772050877,interp,20,stationary,True,unknown,not determined: needs vessel metadata + offshore-infrastructure database match (not joined yet); motion_state is not evidence of type,1.0,0.005953143737243485,0.010496393050604869,0.0,1.0,47.89416666666666,1132,other_type_reserved,"p90 0.01<= 0.25 km, max 0.01<= 1.0 km, slow frac 1.00>= 0.9"
367507790,HARVEY SUPPORTER,36-48h,7,2.279052024617489e-09,3.2557949432201956e-10,37.0,29.52453157562418,interp,21,mixed,False,unknown,not determined: needs vessel metadata + offshore-infrastructure database match (not joined yet); motion_state is not evidence of type,0.6005459508644222,70.58201052575582,109.76668866392868,0.2,0.7279344858962693,43.48888888888889,1099,,0.60 of reports within 0.5 km of median position but max excursion 109.8 km
538005314,OCEAN BLACKHORNET,36-48h,9,1.9682576385560824e-09,4.735229738539689e-10,48.0,30.29939497249204,interp,22,stationary,True,unknown,not determined: needs vessel metadata + offshore-infrastructure database match (not joined yet); motion_state is not evidence of type,1.0,0.019904890194725494,0.021838616505957403,0.0,1.0,47.70861111111111,702,,"p90 0.02<= 0.25 km, max 0.02<= 1.0 km, slow frac 1.00>= 0.9"
369533000,LIGHTNING,36-48h,7,4.13292903187675e-10,7.22515025015174e-11,39.0,31.36522189605646,interp,23,moving,False,unknown,not determined: needs vessel metadata + offshore-infrastructure database match (not joined yet); motion_state is not evidence of type,0.0,49.909727679759314,68.58618297856088,10.5,0.22128851540616246,45.555277777777775,357,,"p90 spread 49.91 km, stationarity 0.00"
367684260,PELICAN ISLAND,36-48h,9,8.117172664798274e-12,1.280347545718218e-12,48.0,33.53684327655054,interp,24,mixed,False,unknown,not determined: needs vessel metadata + offshore-infrastructure database match (not joined yet); motion_state is not evidence of type,0.9215189873417722,0.25004396803087725,21.907721016662574,0.3,0.7341772151898734,40.43944444444445,395,,0.92 of reports within 0.5 km of median position but max excursion 21.9 km
369494392,BP MAD DOG PLATFORM,36-48h,8,3.0331325047564414e-12,6.777620137818748e-13,47.0,34.266469790665624,interp,25,stationary,True,unknown,not determined: needs vessel metadata + offshore-infrastructure database match (not joined yet); motion_state is not evidence of type,1.0,0.009560650463606619,0.01666012800397249,0.0,1.0,47.4025,156,moored,"p90 0.01<= 0.25 km, max 0.02<= 1.0 km, slow frac 1.00>= 0.9"
338147342,HEIDELBERG SPAR,36-48h,12,1.8572973608333472e-13,2.931263430618162e-14,37.0,36.71743072247618,interp,26,stationary,True,unknown,not determined: needs vessel metadata + offshore-infrastructure database match (not joined yet); motion_state is not evidence of type,1.0,0.0031706830504465407,0.0077579597865570045,0.0,1.0,37.5,322,at_anchor,"p90 0.00<= 0.25 km, max 0.01<= 1.0 km, slow frac 1.00>= 0.9"
367693810,DAUPHIN ISLAND,36-48h,6,5.6704603720800396e-14,9.450767286800069e-15,48.0,37.496838093382344,interp,27,moving,False,unknown,not determined: needs vessel metadata + offshore-infrastructure database match (not joined yet); motion_state is not evidence of type,0.012605042016806723,44.90999011154426,51.636266892934415,9.6,0.0,5.6338888888888885,238,,"short track (n=238, span 5.6 h) but moved 51.6 km > 5.0 km"
367561140,HARVEY HAWK,36-48h,10,6.494345323195111e-19,6.71156768249463e-20,40.0,44.128479398548194,interp,28,moving,False,unknown,not determined: needs vessel metadata + offshore-infrastructure database match (not joined yet); motion_state is not evidence of type,0.012345679012345678,63.61269030807703,134.40771161572795,8.8,0.021604938271604937,47.05027777777778,324,,"p90 spread 63.61 km, stationarity 0.01"
367357000,CLAIRE CANDIES,36-48h,12,6.104818540103719e-21,7.551974581601228e-22,37.0,46.962881275096706,interp,29,mixed,False,unknown,not determined: needs vessel metadata + offshore-infrastructure database match (not joined yet); motion_state is not evidence of type,0.5564356435643565,35.08685383347042,91.98927790215788,0.8,0.2198019801980198,23.509166666666665,505,,0.56 of reports within 0.5 km of median position but max excursion 92.0 km
368179260,MILLIE,36-48h,12,5.735475212633887e-21,1.0618842627699097e-21,37.0,47.045361577997205,interp,30,loitering,False,unknown,not determined: needs vessel metadata + offshore-infrastructure database match (not joined yet); motion_state is not evidence of type,0.5491183879093199,0.783514543580864,0.7968306627153325,0.0,0.9773299748110831,47.983333333333334,1191,,"p90 0.78<= 2.0 km, max 0.80<= 5.0 km, slow frac 0.98>= 0.8"
369286000,HARVEY EXPLORER,36-48h,9,2.104048244358338e-21,2.8231232058171956e-22,48.0,47.52509631311858,interp,31,mixed,False,unknown,not determined: needs vessel metadata + offshore-infrastructure database match (not joined yet); motion_state is not evidence of type,0.814663951120163,38.01010158839844,92.61139866401689,0.0,0.7067209775967414,45.007777777777775,491,,0.81 of reports within 0.5 km of median position but max excursion 92.6 km
366048300,HOLSTEIN,36-48h,9,1.6968169651062487e-21,2.681972243044476e-22,38.0,47.602209276293756,edge_nearest,32,stationary,True,unknown,not determined: needs vessel metadata + offshore-infrastructure database match (not joined yet); motion_state is not evidence of type,1.0,0.020015114441955455,0.03424501310992475,0.0,1.0,47.50388888888889,141,moored,"p90 0.02<= 0.25 km, max 0.03<= 1.0 km, slow frac 1.00>= 0.9"
367653160,FAST LEOPARD,36-48h,10,5.166608049857467e-22,5.877814871095238e-23,37.0,47.68221575712667,interp,33,mixed,False,unknown,not determined: needs vessel metadata + offshore-infrastructure database match (not joined yet); motion_state is not evidence of type,0.8333333333333334,1.3124848451311941,102.01019115142275,0.5,0.4756944444444444,16.658333333333335,288,,0.83 of reports within 0.5 km of median position but max excursion 102.0 km
369494390,BP ATLANTIS PLATFORM,36-48h,9,2.953143964849938e-22,4.6273225295772544e-23,48.0,47.911567079725295,interp,34,stationary,True,unknown,not determined: needs vessel metadata + offshore-infrastructure database match (not joined yet); motion_state is not evidence of type,1.0,0.005952633417992318,0.008330001406958816,0.0,1.0,47.90277777777778,85,moored,"p90 0.01<= 0.25 km, max 0.01<= 1.0 km, slow frac 1.00>= 0.9"
367763610,BLUE SEA II,36-48h,3,2.3435428900360288e-22,7.812785369074314e-23,46.0,47.865171093398736,edge_nearest,35,moving,False,unknown,not determined: needs vessel metadata + offshore-infrastructure database match (not joined yet); motion_state is not evidence of type,0.0,12.59774852643272,14.219866125644765,7.15,0.07142857142857142,3.7975,14,,"short track (n=14, span 3.8 h) but moved 14.2 km > 5.0 km"
538009623,WEST AURIGA,36-48h,12,1.10408879994856e-22,1.2459319934768464e-23,48.0,48.471653587024086,interp,36,stationary,True,unknown,not determined: needs vessel metadata + offshore-infrastructure database match (not joined yet); motion_state is not evidence of type,1.0,0.0745007037564426,0.12835721203036443,0.1,0.9968553459119497,46.93277777777778,636,,"p90 0.07<= 0.25 km, max 0.13<= 1.0 km, slow frac 1.00>= 0.9"
367640510,FAST CHEETAH,36-48h,8,1.2350312333772805e-23,3.062804339403129e-24,43.0,50.11463674877464,interp,37,moving,False,unknown,not determined: needs vessel metadata + offshore-infrastructure database match (not joined yet); motion_state is not evidence of type,0.010101010101010102,59.17300964739547,75.39998219978878,18.5,0.19528619528619529,7.450555555555556,297,,"p90 spread 59.17 km, stationarity 0.01"
577358000,ISLAND VENTURE,36-48h,12,6.176491121704986e-24,7.056508417261502e-25,48.0,49.899189831567284,interp,38,stationary,True,unknown,not determined: needs vessel metadata + offshore-infrastructure database match (not joined yet); motion_state is not evidence of type,1.0,0.0056469931749934124,0.006744576522164114,0.1,1.0,47.96111111111111,1211,,"p90 0.01<= 0.25 km, max 0.01<= 1.0 km, slow frac 1.00>= 0.9"
370490000,CARNIVAL DREAM,36-48h,2,3.9110802457220514e-24,1.9555401228610257e-24,37.0,50.44337806054891,interp,39,moving,False,unknown,not determined: needs vessel metadata + offshore-infrastructure database match (not joined yet); motion_state is not evidence of type,0.0,35.21092148538308,52.10345339351115,19.4,0.0,2.274722222222222,74,,"short track (n=74, span 2.3 h) but moved 52.1 km > 5.0 km"
366050100,TLP SHENZI,36-48h,12,1.6725687943944682e-24,1.7486647131816932e-25,48.0,50.48349130181571,interp,40,stationary,True,unknown,not determined: needs vessel metadata + offshore-infrastructure database match (not joined yet); motion_state is not evidence of type,1.0,0.005950138987338007,0.011268174543322917,0.0,1.0,47.81944444444444,757,,"p90 0.01<= 0.25 km, max 0.01<= 1.0 km, slow frac 1.00>= 0.9"
538005123,DEEPWATER THALASSA,36-48h,9,1.0247999046634312e-24,4.453975621101257e-25,42.0,51.09533961486561,interp,41,stationary,True,unknown,not determined: needs vessel metadata + offshore-infrastructure database match (not joined yet); motion_state is not evidence of type,1.0,0.09676715150480206,0.4158526399116277,0.0,1.0,47.9275,376,,"p90 0.10<= 0.25 km, max 0.42<= 1.0 km, slow frac 1.00>= 0.9"
367127480,TAHITI SPAR,36-48h,12,3.262310743112452e-26,4.057421193294923e-27,37.0,52.79874414706829,interp,42,stationary,True,unknown,not determined: needs vessel metadata + offshore-infrastructure database match (not joined yet); motion_state is not evidence of type,1.0,0.010833798269373066,0.06520907415698338,0.0,0.9989878542510121,47.903333333333336,988,,"p90 0.01<= 0.25 km, max 0.07<= 1.0 km, slow frac 1.00>= 0.9"
367666910,CAJUN IV,36-48h,11,3.0878797424255334e-26,4.0251103430434655e-27,38.0,52.834689198315935,interp,43,moving,False,unknown,not determined: needs vessel metadata + offshore-infrastructure database match (not joined yet); motion_state is not evidence of type,0.32608695652173914,59.38083653497668,92.44318345634053,0.2,0.7043478260869566,47.925,460,,"p90 spread 59.38 km, stationarity 0.33"
369550000,Q4000,36-48h,11,4.5157624591734664e-27,5.69631666091012e-28,37.0,53.68637288538523,interp,44,stationary,True,unknown,not determined: needs vessel metadata + offshore-infrastructure database match (not joined yet); motion_state is not evidence of type,1.0,0.037806327279288496,0.05807895426438459,0.1,1.0,45.75527777777778,665,,"p90 0.04<= 0.25 km, max 0.06<= 1.0 km, slow frac 1.00>= 0.9"
369224000,HARVEY PROVIDER,36-48h,8,1.843664613263634e-27,2.4772637427563023e-28,48.0,54.153050874980956,edge_nearest,45,mixed,False,unknown,not determined: needs vessel metadata + offshore-infrastructure database match (not joined yet); motion_state is not evidence of type,0.8961625282167043,0.5469399588878819,2.7882190327327834,0.4,0.6410835214446953,45.31138888888889,443,,0.90 of reports within 0.5 km of median position but max excursion 2.8 km
366908680,MARCO POLO TLP,36-48h,10,2.875067111651934e-28,3.3066633904171865e-29,48.0,54.396227347118206,interp,46,stationary,True,unknown,not determined: needs vessel metadata + offshore-infrastructure database match (not joined yet); motion_state is not evidence of type,1.0,0.007365308013820013,0.015119636122623445,,,47.655833333333334,515,,"p90 0.01<= 0.25 km, max 0.02<= 1.0 km, slow frac nan>= 0.9"
367428330,LAURIE ANN REINAUER,36-48h,4,4.5998553806846504e-30,1.1499638451711626e-30,48.0,56.83787650885807,interp,47,moving,False,unknown,not determined: needs vessel metadata + offshore-infrastructure database match (not joined yet); motion_state is not evidence of type,0.019801980198019802,30.081433271317263,34.506149270521945,9.6,0.0,3.4644444444444447,101,,"short track (n=101, span 3.5 h) but moved 34.5 km > 5.0 km"
538004610,DEEPWATER INVICTUS,36-48h,9,1.3353624698783238e-30,1.6867622518292228e-31,48.0,56.80382838837083,interp,48,stationary,True,unknown,not determined: needs vessel metadata + offshore-infrastructure database match (not joined yet); motion_state is not evidence of type,1.0,0.1548434221246573,0.1586575057203628,0.0,0.9898107714701602,47.6275,687,,"p90 0.15<= 0.25 km, max 0.16<= 1.0 km, slow frac 0.99>= 0.9"
369232000,CLARENCE MOORE,36-48h,6,1.1804082366004759e-30,1.967348902914299e-31,48.0,56.85807858122719,edge_nearest,49,moving,False,unknown,not determined: needs vessel metadata + offshore-infrastructure database match (not joined yet); motion_state is not evidence of type,0.015544041450777202,40.08632408938407,44.83395676229291,10.6,0.010362694300518135,5.682777777777778,193,moored,"short track (n=193, span 5.7 h) but moved 44.8 km > 5.0 km"
311000143,TURRITELLA,36-48h,2,2.3082851340352213e-31,1.423669294412468e-31,47.0,58.03192762942197,edge_nearest,50,undetermined,False,unknown,not determined: needs vessel metadata + offshore-infrastructure database match (not joined yet); motion_state is not evidence of type,1.0,0.030131078340010765,0.03147770283815779,0.0,1.0,1.5494444444444444,6,moored,n_reports=6 or span=1.5h below minimum
338174000,MS CHARLOTTE,36-48h,10,7.108220378814942e-33,7.108220378814943e-34,48.0,59.34826178883744,interp,51,moving,False,unknown,not determined: needs vessel metadata + offshore-infrastructure database match (not joined yet); motion_state is not evidence of type,0.3080357142857143,32.763497134173164,40.86944714341266,6.6,0.11383928571428571,9.517222222222221,448,,"p90 spread 32.76 km, stationarity 0.31"
941202899,,36-48h,1,8.114648344578048e-34,8.114648344578048e-34,44.0,59.984647862708755,edge_nearest,52,undetermined,False,unknown,not determined: needs vessel metadata + offshore-infrastructure database match (not joined yet); motion_state is not evidence of type,0.8333333333333334,0.8219646335711936,1.3418433947795154,1.55,0.0,2.8497222222222223,6,,n_reports=6 or span=2.8h below minimum
538005813,NAVE LUMINOSITY,36-48h,3,3.2083546589607456e-36,1.0694515529869151e-36,37.0,62.29161407964719,interp,53,moving,False,unknown,not determined: needs vessel metadata + offshore-infrastructure database match (not joined yet); motion_state is not evidence of type,0.0,121.87806116050366,167.16316521945166,12.0,0.0,10.005277777777778,179,,"p90 spread 121.88 km, stationarity 0.00"
312407000,SUN GAS,36-48h,3,2.0949112415185236e-36,6.983037471728412e-37,48.0,62.8629814683344,interp,54,moving,False,unknown,not determined: needs vessel metadata + offshore-infrastructure database match (not joined yet); motion_state is not evidence of type,0.03278688524590164,19.002666338257487,23.50737534413217,9.4,0.0,2.401388888888889,61,,"short track (n=61, span 2.4 h) but moved 23.5 km > 5.0 km"
338125915,CONSTITUTION SPAR,36-48h,12,5.969942078244015e-39,6.896045999350341e-40,37.0,65.1380506817074,interp,55,stationary,True,unknown,not determined: needs vessel metadata + offshore-infrastructure database match (not joined yet); motion_state is not evidence of type,1.0,0.004462752955686067,0.006917164614274846,0.1,1.0,47.94166666666667,1069,,"p90 0.00<= 0.25 km, max 0.01<= 1.0 km, slow frac 1.00>= 0.9"
366873670,RHEA,36-48h,8,5.1038312181359134e-40,6.379789050018065e-41,41.0,65.58811997664988,interp,56,moving,False,unknown,not determined: needs vessel metadata + offshore-infrastructure database match (not joined yet); motion_state is not evidence of type,0.02074688796680498,34.37692877294642,39.63032362137587,4.5,0.0,7.841666666666667,241,,"p90 spread 34.38 km, stationarity 0.02"
11,CONSTITUTION,36-48h,7,1.2564241085062163e-41,2.585510617381342e-42,41.0,67.4265724739678,interp,57,stationary,True,unknown,not determined: needs vessel metadata + offshore-infrastructure database match (not joined yet); motion_state is not evidence of type,1.0,0.011473988280703866,0.027140340778891322,0.1,1.0,45.30361111111111,143,moored,"p90 0.01<= 0.25 km, max 0.03<= 1.0 km, slow frac 1.00>= 0.9"
366054900,STAMPEDE TLP,36-48h,12,3.7531919184967584e-42,6.106555932693576e-43,37.0,67.87690192803801,interp,58,stationary,True,unknown,not determined: needs vessel metadata + offshore-infrastructure database match (not joined yet); motion_state is not evidence of type,1.0,0.007760261237562994,0.01955513279636888,0.0,1.0,47.98361111111111,1060,,"p90 0.01<= 0.25 km, max 0.02<= 1.0 km, slow frac 1.00>= 0.9"
303071000,GOL DIAMOND,36-48h,5,4.160557698058137e-43,8.321115396128158e-44,37.0,68.67456189977963,interp,59,moving,False,unknown,not determined: needs vessel metadata + offshore-infrastructure database match (not joined yet); motion_state is not evidence of type,0.03488372093023256,49.57321130862569,50.102249615511575,10.0,0.05813953488372093,9.7025,86,,"p90 spread 49.57 km, stationarity 0.03"
564970000,BW BOBCAT,36-48h,3,1.0911763235928321e-43,3.6372564940337796e-44,48.0,69.1046148489687,interp,60,moving,False,unknown,not determined: needs vessel metadata + offshore-infrastructure database match (not joined yet); motion_state is not evidence of type,0.013513513513513514,31.345786633847773,34.899956748430874,14.1,0.0,2.6305555555555555,148,,"short track (n=148, span 2.6 h) but moved 34.9 km > 5.0 km"
3660489,NEPTUNE TLP,36-48h,12,6.92598768513901e-44,6.686993267014689e-45,48.0,69.05060479119227,edge_nearest,61,stationary,True,unknown,not determined: needs vessel metadata + offshore-infrastructure database match (not joined yet); motion_state is not evidence of type,1.0,0.009175398243968446,0.024779748764569284,0.0,1.0,47.85055555555556,575,moored,"p90 0.01<= 0.25 km, max 0.02<= 1.0 km, slow frac 1.00>= 0.9"
368042000,ODYSSEA SPIRIT,36-48h,12,3.294821361885043e-44,4.220729458353368e-45,48.0,69.30447312104086,interp,62,mixed,False,unknown,not determined: needs vessel metadata + offshore-infrastructure database match (not joined yet); motion_state is not evidence of type,0.7943396226415095,3.90955772301486,6.4883997221381895,0.1,0.7660377358490567,46.742777777777775,530,,0.79 of reports within 0.5 km of median position but max excursion 6.5 km
636016002,PACIFIC SHARAV,36-48h,12,1.6262777598025495e-49,1.4589220721808211e-50,48.0,73.2636888167963,interp,63,stationary,True,unknown,not determined: needs vessel metadata + offshore-infrastructure database match (not joined yet); motion_state is not evidence of type,1.0,0.17593408549778042,0.18075929382554598,0.0,0.9976076555023924,47.8525,1254,,"p90 0.18<= 0.25 km, max 0.18<= 1.0 km, slow frac 1.00>= 0.9"
338197000,SHIP ISLAND,36-48h,4,2.7483486062235075e-50,6.870871515558769e-51,48.0,73.88081134453961,interp,64,moving,False,unknown,not determined: needs vessel metadata + offshore-infrastructure database match (not joined yet); motion_state is not evidence of type,0.02702702702702703,29.637978392018987,35.88384826144438,9.6,0.0,3.5225,148,,"short track (n=148, span 3.5 h) but moved 35.9 km > 5.0 km"
538005579,DEEPWATER CONQUEROR,36-48h,12,2.9410562231189126e-53,3.609579491278542e-54,37.0,76.65511494069193,interp,65,stationary,True,unknown,not determined: needs vessel metadata + offshore-infrastructure database match (not joined yet); motion_state is not evidence of type,1.0,0.14368698087787646,0.14892370296748952,0.0,1.0,47.85527777777778,893,,"p90 0.14<= 0.25 km, max 0.15<= 1.0 km, slow frac 1.00>= 0.9"
367416060,HARVEY RAIN,36-48h,4,8.601453883014517e-57,2.1503634707536293e-57,37.0,78.80160668096613,interp,66,moving,False,unknown,not determined: needs vessel metadata + offshore-infrastructure database match (not joined yet); motion_state is not evidence of type,0.023529411764705882,35.26707158944048,88.83226684252269,8.8,0.01764705882352941,26.699444444444445,170,,"p90 spread 35.27 km, stationarity 0.02"
367634690,CAJUN II,36-48h,8,2.59014023933841e-57,5.49389126981571e-58,48.0,79.70673681940184,interp,67,moving,False,unknown,not determined: needs vessel metadata + offshore-infrastructure database match (not joined yet); motion_state is not evidence of type,0.0,67.9677215976225,89.55868148795041,19.0,0.24780701754385964,37.75861111111111,456,,"p90 spread 67.97 km, stationarity 0.00"
368237180,GO ADVENTURER,36-48h,12,1.554890114713972e-57,1.332765337785309e-58,48.0,79.3847823139161,interp,68,mixed,False,unknown,not determined: needs vessel metadata + offshore-infrastructure database match (not joined yet); motion_state is not evidence of type,0.7976744186046512,25.67855072614934,56.63969443856808,0.1,0.772093023255814,12.016666666666667,430,,0.80 of reports within 0.5 km of median position but max excursion 56.6 km
538005035,ROWAN RELENTLESS,36-48h,8,2.440693373547589e-63,6.756828345408855e-64,41.0,83.84918087016389,interp,69,loitering,False,unknown,not determined: needs vessel metadata + offshore-infrastructure database match (not joined yet); motion_state is not evidence of type,1.0,0.2864135976565641,0.28725201290024044,0.1,1.0,47.352222222222224,244,,"p90 0.29<= 2.0 km, max 0.29<= 5.0 km, slow frac 1.00>= 0.8"
367780870,SARAH BORDELON,36-48h,4,5.432413922371596e-66,1.358103480592899e-66,40.0,85.49413590938265,interp,70,moving,False,unknown,not determined: needs vessel metadata + offshore-infrastructure database match (not joined yet); motion_state is not evidence of type,0.0,61.36093866502877,74.13192405803596,5.2,0.0,39.35583333333334,353,,"p90 spread 61.36 km, stationarity 0.00"
368087000,C-CARRIER,36-48h,10,1.216077076993591e-68,1.2484393905403996e-69,48.0,86.93643358746488,edge_nearest,71,mixed,False,unknown,not determined: needs vessel metadata + offshore-infrastructure database match (not joined yet); motion_state is not evidence of type,0.9010695187165776,0.21218321852231392,46.24124237195644,0.1,0.93048128342246,47.971944444444446,374,,0.90 of reports within 0.5 km of median position but max excursion 46.2 km
941202904,,36-48h,2,7.373674073399653e-73,4.50312103315171e-73,47.0,89.8635065110123,interp,72,undetermined,False,unknown,not determined: needs vessel metadata + offshore-infrastructure database match (not joined yet); motion_state is not evidence of type,0.5714285714285714,1.1113805702534871,1.1950914765735066,1.8,0.0,1.25,7,,n_reports=7 or span=1.2h below minimum
240975000,KIMOLOS,36-48h,1,6.977498297653131e-75,6.977498297653131e-75,48.0,91.40746446355547,interp,73,moving,False,unknown,not determined: needs vessel metadata + offshore-infrastructure database match (not joined yet); motion_state is not evidence of type,0.045454545454545456,8.613589157020591,9.613540592762014,12.6,0.0,0.8027777777777778,44,,"short track (n=44, span 0.8 h) but moved 9.6 km > 5.0 km"
368615000,NICKI CANDIES,36-48h,10,2.4818749504551018e-76,2.4818749504551018e-77,48.0,92.38596435963812,interp,74,mixed,False,unknown,not determined: needs vessel metadata + offshore-infrastructure database match (not joined yet); motion_state is not evidence of type,0.5173333333333333,22.581593603631926,37.68484746772049,1.0,0.192,9.24388888888889,375,,0.52 of reports within 0.5 km of median position but max excursion 37.7 km
538005126,DEEPWATER POSEIDON,36-48h,11,1.6790758314550964e-76,3.2504657132660388e-77,38.0,92.38492341015349,interp,75,stationary,True,unknown,not determined: needs vessel metadata + offshore-infrastructure database match (not joined yet); motion_state is not evidence of type,1.0,0.005933893606856944,0.0961314665442436,0.0,1.0,37.660833333333336,496,other_type_no_info,"p90 0.01<= 0.25 km, max 0.10<= 1.0 km, slow frac 1.00>= 0.9"
303517000,JOSHUA CANDIES,36-48h,9,1.3380075487218816e-76,1.9461682006669784e-77,38.0,92.44618728582567,edge_nearest,76,mixed,False,unknown,not determined: needs vessel metadata + offshore-infrastructure database match (not joined yet); motion_state is not evidence of type,0.6659528907922913,160.99075444350555,185.9322574032174,0.3,0.6552462526766595,38.51416666666667,467,,0.67 of reports within 0.5 km of median position but max excursion 185.9 km
368051000,FAST MAMMOTH,36-48h,2,9.261739777710538e-78,4.63562144511566e-78,38.0,93.20328084157987,interp,77,moving,False,unknown,not determined: needs vessel metadata + offshore-infrastructure database match (not joined yet); motion_state is not evidence of type,0.015873015873015872,67.10898738015247,79.67412542604528,18.4,0.0,3.9369444444444444,63,,"short track (n=63, span 3.9 h) but moved 79.7 km > 5.0 km"
229202000,DENSA HAWK,36-48h,4,1.2778601620276317e-78,3.1946504050690793e-79,37.0,93.53074800533241,interp,78,moving,False,unknown,not determined: needs vessel metadata + offshore-infrastructure database match (not joined yet); motion_state is not evidence of type,0.030303030303030304,41.79332265594244,52.93269287272188,11.1,0.0,3.647222222222222,99,,"short track (n=99, span 3.6 h) but moved 52.9 km > 5.0 km"
367474360,OCEAN PROJECT,36-48h,9,3.7010158737053974e-79,5.511282631485647e-80,39.0,94.10165847788099,edge_nearest,79,moving,False,unknown,not determined: needs vessel metadata + offshore-infrastructure database match (not joined yet); motion_state is not evidence of type,0.0,58.95344937311306,70.220932693657,9.2,0.0,29.51972222222222,258,,"p90 spread 58.95 km, stationarity 0.00"
367730190,BIG P,36-48h,3,5.293486784506041e-84,1.764495594835347e-84,40.0,97.04888283829382,interp,80,moving,False,unknown,not determined: needs vessel metadata + offshore-infrastructure database match (not joined yet); motion_state is not evidence of type,0.016483516483516484,46.914938438443286,64.07381160500387,22.3,0.0,30.223055555555554,182,moored,"p90 spread 46.91 km, stationarity 0.02"
367556730,HARVEY COLT,36-48h,12,4.985541910159533e-85,4.564727089502379e-86,37.0,97.32836274239493,interp,81,moving,False,unknown,not determined: needs vessel metadata + offshore-infrastructure database match (not joined yet); motion_state is not evidence of type,0.4467005076142132,1.2729225220352218,20.169046190540175,0.4,0.5291878172588832,47.97805555555556,788,,"p90 spread 1.27 km, stationarity 0.45"
366014000,ODYSSEA KNIGHT,36-48h,8,5.216704399773879e-86,1.082244285882254e-86,39.0,98.20791910946687,interp,82,moving,False,unknown,not determined: needs vessel metadata + offshore-infrastructure database match (not joined yet); motion_state is not evidence of type,0.012345679012345678,53.8126356039771,73.13563484270057,8.3,0.0,8.358055555555556,324,,"p90 spread 53.81 km, stationarity 0.01"
369108000,CADE CANDIES,36-48h,4,3.6462289568943454e-86,1.0240349235309685e-86,37.0,97.98914387005088,interp,83,mixed,False,unknown,not determined: needs vessel metadata + offshore-infrastructure database match (not joined yet); motion_state is not evidence of type,0.7329842931937173,22.759629226626537,39.99439316214135,0.0,0.8219895287958116,40.02777777777778,382,,0.73 of reports within 0.5 km of median position but max excursion 40.0 km
367539380,GENESIS SPAR,36-48h,1,8.77173495774768e-89,8.77173495774768e-89,41.0,99.48376526422544,edge_nearest,84,undetermined,False,unknown,not determined: needs vessel metadata + offshore-infrastructure database match (not joined yet); motion_state is not evidence of type,1.0,0.009507557808192743,0.009636068442729764,0.1,1.0,3.2519444444444443,4,moored,n_reports=4 or span=3.3h below minimum
367785160,BRUTUS TLP,36-48h,12,1.2550431549163955e-90,1.5104452723184555e-91,37.0,100.86730300287614,interp,85,stationary,True,unknown,not determined: needs vessel metadata + offshore-infrastructure database match (not joined yet); motion_state is not evidence of type,1.0,0.005872409707579216,0.024640262226181667,0.1,1.0,47.950833333333335,532,moored,"p90 0.01<= 0.25 km, max 0.02<= 1.0 km, slow frac 1.00>= 0.9"
310817000,GASLOG WELLINGTON,36-48h,1,6.428426778066134e-91,6.428426778066134e-91,48.0,101.02498516384887,interp,86,undetermined,False,unknown,not determined: needs vessel metadata + offshore-infrastructure database match (not joined yet); motion_state is not evidence of type,0.6666666666666666,0.52127614838265,0.5311493709379228,14.1,0.0,0.03833333333333333,3,,n_reports=3 or span=0.0h below minimum
538005124,DEEPWATER PROTEUS,36-48h,12,1.8227833975699e-92,2.4093233645021423e-93,37.0,101.95576509206218,interp,87,stationary,True,unknown,not determined: needs vessel metadata + offshore-infrastructure database match (not joined yet); motion_state is not evidence of type,1.0,0.12090264051627465,0.1756811242875058,0.0,0.9925373134328358,47.925,1474,,"p90 0.12<= 0.25 km, max 0.18<= 1.0 km, slow frac 0.99>= 0.9"
367544280,JACK & ST MALO FPU,36-48h,6,4.819023764632356e-93,9.83210881071353e-94,43.0,102.17586769932002,interp,88,stationary,True,unknown,not determined: needs vessel metadata + offshore-infrastructure database match (not joined yet); motion_state is not evidence of type,1.0,0.0038074736278192406,0.006313813273881364,0.0,1.0,37.00416666666667,46,moored,"p90 0.00<= 0.25 km, max 0.01<= 1.0 km, slow frac 1.00>= 0.9"
367657110,PECAN ISLAND,36-48h,8,2.217319167751191e-93,3.017209805062162e-94,37.0,102.48746476635867,interp,89,mixed,False,unknown,not determined: needs vessel metadata + offshore-infrastructure database match (not joined yet); motion_state is not evidence of type,0.7136929460580913,1.2787588144428266,39.20809990109772,0.1,0.8423236514522822,44.06111111111111,1205,,0.71 of reports within 0.5 km of median position but max excursion 39.2 km
538009307,MAYAN,36-48h,1,8.358577006289529e-94,8.358577006289529e-94,45.0,102.47281151439486,interp,90,moving,False,unknown,not determined: needs vessel metadata + offshore-infrastructure database match (not joined yet); motion_state is not evidence of type,0.06666666666666667,29.882509625757404,34.64700312268212,8.5,0.0,3.663611111111111,15,,"short track (n=15, span 3.7 h) but moved 34.6 km > 5.0 km"
367537970,HARVEY STEELER,36-48h,3,1.0470427584107456e-97,3.4901425280358183e-98,48.0,104.37666321378228,interp,91,moving,False,unknown,not determined: needs vessel metadata + offshore-infrastructure database match (not joined yet); motion_state is not evidence of type,0.02857142857142857,14.683315680664998,17.44685645239519,9.2,0.0,1.9744444444444444,70,,"short track (n=70, span 2.0 h) but moved 17.4 km > 5.0 km"
538009901,WEST VELA,36-48h,5,3.1149521217645496e-99,6.2299042435291e-100,48.0,105.23181789072632,interp,92,moving,False,unknown,not determined: needs vessel metadata + offshore-infrastructure database match (not joined yet); motion_state is not evidence of type,0.021621621621621623,19.852918098370047,23.107157870531307,5.7,0.0,4.1275,185,,"short track (n=185, span 4.1 h) but moved 23.1 km > 5.0 km"
366667000,JUAN C,36-48h,10,3.519856276124324e-102,3.519856276124324e-103,39.0,107.19267080104164,interp,93,mixed,False,unknown,not determined: needs vessel metadata + offshore-infrastructure database match (not joined yet); motion_state is not evidence of type,0.6491228070175439,86.39340805989931,86.81307581788978,0.4,0.5855263157894737,37.94722222222222,456,,0.65 of reports within 0.5 km of median position but max excursion 86.8 km
311062000,HELIX PRODUCER I,36-48h,12,5.100172253981254e-110,4.6852421846295774e-111,37.0,111.258541720346,interp,94,stationary,True,unknown,not determined: needs vessel metadata + offshore-infrastructure database match (not joined yet); motion_state is not evidence of type,1.0,0.00723975609809096,0.030271756653908657,0.0,1.0,47.983333333333334,1344,,"p90 0.01<= 0.25 km, max 0.03<= 1.0 km, slow frac 1.00>= 0.9"
413349820,QIAN KUN,36-48h,2,3.7954930949150814e-129,1.8977465474575407e-129,48.0,120.49064231249143,interp,95,moving,False,unknown,not determined: needs vessel metadata + offshore-infrastructure database match (not joined yet); motion_state is not evidence of type,0.024390243902439025,19.087344756403965,21.82078294053299,14.6,0.0,1.57,82,,"short track (n=82, span 1.6 h) but moved 21.8 km > 5.0 km"
538090538,DIONI.GR,36-48h,3,6.5299790045732785e-133,2.1766807859667055e-133,37.0,122.33556205388649,interp,96,moving,False,unknown,not determined: needs vessel metadata + offshore-infrastructure database match (not joined yet); motion_state is not evidence of type,0.007220216606498195,64.88492705902519,72.30477830319577,12.3,0.0,6.433888888888889,277,,"p90 spread 64.88 km, stationarity 0.01"
235095836,VECTIS ISLE,36-48h,4,1.3214440077982467e-134,3.3808784949300807e-135,38.0,123.11056658970726,interp,97,moving,False,unknown,not determined: needs vessel metadata + offshore-infrastructure database match (not joined yet); motion_state is not evidence of type,0.004016064257028112,80.44548903560519,94.05330595219448,10.7,0.0,7.711666666666667,249,,"p90 spread 80.45 km, stationarity 0.00"
538005262,ASTURCON,36-48h,4,6.020880277304869e-135,1.5542512230301834e-135,39.0,123.23934379557323,interp,98,moving,False,unknown,not determined: needs vessel metadata + offshore-infrastructure database match (not joined yet); motion_state is not evidence of type,0.0037735849056603774,63.1475282535975,82.47659257814686,13.7,0.0,5.958333333333333,265,,"short track (n=265, span 6.0 h) but moved 82.5 km > 5.0 km"
374026000,CHEMICAL HUNTER,36-48h,4,4.6090693809430956e-135,1.1533503287190542e-135,38.0,123.4106399123708,interp,99,moving,False,unknown,not determined: needs vessel metadata + offshore-infrastructure database match (not joined yet); motion_state is not evidence of type,0.0,71.11183756750484,85.26643379327153,12.3,0.0,6.365,248,,"p90 spread 71.11 km, stationarity 0.00"
538004609,DEEPWATER ASGARD,36-48h,12,1.4486895851835132e-136,1.2299564425008773e-137,48.0,124.14205064249117,edge_nearest,100,stationary,True,unknown,not determined: needs vessel metadata + offshore-infrastructure database match (not joined yet); motion_state is not evidence of type,1.0,0.0036948568817399678,0.06388217562025639,0.0,1.0,47.964166666666664,1176,,"p90 0.00<= 0.25 km, max 0.06<= 1.0 km, slow frac 1.00>= 0.9"
369139000,HOS BRIMSTONE,36-48h,7,3.136655362003321e-138,4.534353003512776e-139,47.0,124.92574888973603,interp,101,mixed,False,unknown,not determined: needs vessel metadata + offshore-infrastructure database match (not joined yet); motion_state is not evidence of type,0.900990099009901,0.3049354974539233,32.8712954393522,0.1,0.8762376237623762,43.510555555555555,202,,0.90 of reports within 0.5 km of median position but max excursion 32.9 km
369240000,PEYTON CANDIES,36-48h,11,5.174481430951758e-140,6.541533850167903e-141,45.0,125.76847305812262,interp,102,mixed,False,unknown,not determined: needs vessel metadata + offshore-infrastructure database match (not joined yet); motion_state is not evidence of type,0.9287833827893175,0.21346044288989036,42.063000065459406,0.1,0.9117210682492581,47.68333333333333,1348,,0.93 of reports within 0.5 km of median position but max excursion 42.1 km
366484000,JEAN PIERRE LAB,36-48h,1,3.0389007324082654e-146,3.0389007324082654e-146,48.0,128.3638677137549,interp,103,moving,False,unknown,not determined: needs vessel metadata + offshore-infrastructure database match (not joined yet); motion_state is not evidence of type,0.1875,4.265757985147157,5.31663831025503,9.7,0.0,0.4975,16,,"short track (n=16, span 0.5 h) but moved 5.3 km > 5.0 km"
338628000,ODYSSEA BARON,36-48h,12,4.1780038512082566e-158,3.580404048154705e-159,48.0,133.5749909815197,interp,104,mixed,False,unknown,not determined: needs vessel metadata + offshore-infrastructure database match (not joined yet); motion_state is not evidence of type,1.0,0.1677234794770098,0.2201255105019073,0.7,0.24782608695652175,26.43888888888889,460,,1.00 of reports within 0.5 km of median position but max excursion 0.2 km
367067370,CHRISTIAN CHOUEST,36-48h,12,1.0410158267080163e-163,8.707477694101146e-165,48.0,135.96025962791384,edge_nearest,105,stationary,True,unknown,not determined: needs vessel metadata + offshore-infrastructure database match (not joined yet); motion_state is not evidence of type,1.0,0.12778938144652227,0.14073988838635623,0.0,0.9988317757009346,47.9775,856,,"p90 0.13<= 0.25 km, max 0.14<= 1.0 km, slow frac 1.00>= 0.9"
371765000,WEST NEPTUNE,36-48h,12,9.653566667862101e-164,8.076756338359525e-165,48.0,135.97414945879686,interp,106,stationary,True,unknown,not determined: needs vessel metadata + offshore-infrastructure database match (not joined yet); motion_state is not evidence of type,1.0,0.0,0.0,0.1,1.0,47.983333333333334,1908,,"p90 0.00<= 0.25 km, max 0.00<= 1.0 km, slow frac 1.00>= 0.9"
367525280,MORNING STAR,36-48h,2,1.5846353162381417e-164,7.923176581190739e-165,39.0,136.3668385399378,interp,107,moving,False,unknown,not determined: needs vessel metadata + offshore-infrastructure database match (not joined yet); motion_state is not evidence of type,0.05714285714285714,9.25733186583914,10.238696988637077,5.6,0.0,1.933888888888889,35,,"short track (n=35, span 1.9 h) but moved 10.2 km > 5.0 km"
564538000,VIYADA NAREE,36-48h,1,4.497234412667509e-178,4.497234412667509e-178,48.0,141.90748985296287,interp,108,undetermined,False,unknown,not determined: needs vessel metadata + offshore-infrastructure database match (not joined yet); motion_state is not evidence of type,0.2222222222222222,1.807263136597907,2.065353289031727,12.6,0.0,0.16416666666666666,9,,n_reports=9 or span=0.2h below minimum
257040610,OLYMPIC ARTEMIS,36-48h,12,5.66885714400925e-194,4.729255051555958e-195,37.0,148.36602377720882,interp,109,moving,False,unknown,not determined: needs vessel metadata + offshore-infrastructure database match (not joined yet); motion_state is not evidence of type,0.0087527352297593,19.22960028152645,24.81052241589178,0.9,0.19912472647702406,46.46361111111111,914,,"p90 spread 19.23 km, stationarity 0.01"
354791000,VICTORY-G,36-48h,1,8.01209212605948e-198,8.01209212605948e-198,37.0,149.8373104843398,edge_nearest,110,moving,False,unknown,not determined: needs vessel metadata + offshore-infrastructure database match (not joined yet); motion_state is not evidence of type,0.0,23.338856658126264,26.134876686238155,3.7,0.0,33.147777777777776,157,,"p90 spread 23.34 km, stationarity 0.00"
367687040,TENNER C,36-48h,1,3.6022731742780684e-252,3.6022731742780684e-252,42.0,169.44128158080778,interp,111,undetermined,False,unknown,not determined: needs vessel metadata + offshore-infrastructure database match (not joined yet); motion_state is not evidence of type,0.10526315789473684,2.889952410896457,3.441701930988728,8.5,0.0,0.3972222222222222,19,,n_reports=19 or span=0.4h below minimum
