longitude,latitude
-9.040570831298828125e+01,2.689387321472167969e+01
-9.042234039306640625e+01,2.689093399047851562e+01
-9.042369842529296875e+01,2.689055442810058594e+01
-9.042182922363281250e+01,2.689500999450683594e+01
-9.042115020751953125e+01,2.689417457580566406e+01
-9.041124725341796875e+01,2.689697647094726562e+01
-9.040687561035156250e+01,2.689590454101562500e+01
-9.041245269775390625e+01,2.689227676391601562e+01
-9.040798950195312500e+01,2.689394760131835938e+01
-9.040754699707031250e+01,2.689721298217773438e+01
-9.041691589355468750e+01,2.689454650878906250e+01
-9.040576171875000000e+01,2.689785766601562500e+01
-9.042143249511718750e+01,2.689600181579589844e+01
-9.040684509277343750e+01,2.689290237426757812e+01
-9.040787506103515625e+01,2.689414787292480469e+01
-9.042519378662109375e+01,2.689064598083496094e+01
-9.041065216064453125e+01,2.689405250549316406e+01
-9.042616271972656250e+01,2.689054679870605469e+01
-9.041168212890625000e+01,2.689437103271484375e+01
-9.042289733886718750e+01,2.689264106750488281e+01
-9.040527343750000000e+01,2.689352416992187500e+01
-9.042224884033203125e+01,2.689447021484375000e+01
-9.041921234130859375e+01,2.689305686950683594e+01
-9.040814208984375000e+01,2.689999198913574219e+01
-9.041458892822265625e+01,2.689499855041503906e+01
-9.041976165771484375e+01,2.689220428466796875e+01
-9.042146301269531250e+01,2.689204978942871094e+01
-9.040794372558593750e+01,2.689793777465820312e+01
-9.041036987304687500e+01,2.689508056640625000e+01
-9.042270660400390625e+01,2.689235496520996094e+01
-9.041025543212890625e+01,2.689439010620117188e+01
-9.042377471923828125e+01,2.689232826232910156e+01
-9.040821075439453125e+01,2.689401054382324219e+01
-9.042346954345703125e+01,2.689241218566894531e+01
-9.041754913330078125e+01,2.689284706115722656e+01
-9.041937255859375000e+01,2.689776992797851562e+01
-9.040976715087890625e+01,2.689921379089355469e+01
-9.042575073242187500e+01,2.689159393310546875e+01
-9.041133880615234375e+01,2.689837455749511719e+01
-9.042050170898437500e+01,2.689385414123535156e+01
-9.040422058105468750e+01,2.689305877685546875e+01
-9.040655517578125000e+01,2.689222908020019531e+01
-9.042557525634765625e+01,2.689156532287597656e+01
-9.041679382324218750e+01,2.689380455017089844e+01
-9.041037750244140625e+01,2.689402770996093750e+01
-9.042329406738281250e+01,2.688973236083984375e+01
-9.041993713378906250e+01,2.689216804504394531e+01
-9.041820526123046875e+01,2.689669418334960938e+01
-9.040969848632812500e+01,2.689950942993164062e+01
-9.041798400878906250e+01,2.689465332031250000e+01
-9.040870666503906250e+01,2.689455604553222656e+01
-9.040958404541015625e+01,2.689896202087402344e+01
-9.040596771240234375e+01,2.689638900756835938e+01
-9.040750885009765625e+01,2.689747619628906250e+01
-9.041023254394531250e+01,2.689398193359375000e+01
-9.040958404541015625e+01,2.689854812622070312e+01
-9.040578460693359375e+01,2.689269065856933594e+01
-9.042356109619140625e+01,2.689220237731933594e+01
-9.041673278808593750e+01,2.689499855041503906e+01
-9.042453765869140625e+01,2.688981628417968750e+01
-9.042265319824218750e+01,2.689368820190429688e+01
-9.041228485107421875e+01,2.689273452758789062e+01
-9.040512084960937500e+01,2.689366531372070312e+01
-9.040907287597656250e+01,2.689429283142089844e+01
-9.041575622558593750e+01,2.689424324035644531e+01
-9.041838073730468750e+01,2.689757156372070312e+01
-9.040990447998046875e+01,2.689906311035156250e+01
-9.042144775390625000e+01,2.689581871032714844e+01
-9.040861511230468750e+01,2.689959716796875000e+01
-9.042399597167968750e+01,2.689198112487792969e+01
-9.042547607421875000e+01,2.689097213745117188e+01
-9.040568542480468750e+01,2.689645576477050781e+01
-9.040759277343750000e+01,2.689068603515625000e+01
-9.040945434570312500e+01,2.689782333374023438e+01
-9.040657043457031250e+01,2.689207649230957031e+01
-9.040570831298828125e+01,2.689238739013671875e+01
-9.040648651123046875e+01,2.689627265930175781e+01
-9.040804290771484375e+01,2.689609909057617188e+01
-9.040904235839843750e+01,2.689900588989257812e+01
-9.042061614990234375e+01,2.689714431762695312e+01
-9.042169189453125000e+01,2.689286231994628906e+01
-9.040644073486328125e+01,2.689502906799316406e+01
-9.041752624511718750e+01,2.689427757263183594e+01
-9.040691375732421875e+01,2.689709663391113281e+01
-9.041997528076171875e+01,2.689561843872070312e+01
-9.041863250732421875e+01,2.689787292480468750e+01
-9.041244506835937500e+01,2.689595794677734375e+01
-9.040718841552734375e+01,2.689187622070312500e+01
-9.042021942138671875e+01,2.689151763916015625e+01
-9.042488098144531250e+01,2.689103698730468750e+01
-9.041973876953125000e+01,2.689418601989746094e+01
-9.042112731933593750e+01,2.689767837524414062e+01
-9.042155456542968750e+01,2.689628982543945312e+01
-9.041405487060546875e+01,2.689468765258789062e+01
-9.041137695312500000e+01,2.689810752868652344e+01
-9.041635894775390625e+01,2.689464378356933594e+01
-9.041850280761718750e+01,2.689525604248046875e+01
-9.042034149169921875e+01,2.689144706726074219e+01
-9.042239379882812500e+01,2.689330863952636719e+01
-9.040499877929687500e+01,2.689426803588867188e+01
-9.040635681152343750e+01,2.689453315734863281e+01
-9.042210388183593750e+01,2.689134979248046875e+01
-9.040484619140625000e+01,2.689652442932128906e+01
-9.041056823730468750e+01,2.689774513244628906e+01
-9.042059326171875000e+01,2.689175987243652344e+01
-9.040435791015625000e+01,2.689881324768066406e+01
-9.040497589111328125e+01,2.689613533020019531e+01
-9.042010498046875000e+01,2.689517211914062500e+01
-9.042424774169921875e+01,2.689122581481933594e+01
-9.040525054931640625e+01,2.689234352111816406e+01
-9.040811920166015625e+01,2.689995384216308594e+01
-9.040957641601562500e+01,2.689452552795410156e+01
-9.042295837402343750e+01,2.689278411865234375e+01
-9.040936279296875000e+01,2.689873504638671875e+01
-9.040751647949218750e+01,2.689776611328125000e+01
-9.041095733642578125e+01,2.689537239074707031e+01
-9.041764831542968750e+01,2.689339447021484375e+01
-9.040960693359375000e+01,2.689916801452636719e+01
-9.041020202636718750e+01,2.689444541931152344e+01
-9.042196655273437500e+01,2.689554023742675781e+01
-9.040709686279296875e+01,2.689298629760742188e+01
-9.040861511230468750e+01,2.690014266967773438e+01
-9.041938781738281250e+01,2.689350891113281250e+01
-9.041917419433593750e+01,2.689831352233886719e+01
-9.041095733642578125e+01,2.689522743225097656e+01
-9.041091918945312500e+01,2.689762496948242188e+01
-9.040522766113281250e+01,2.689208984375000000e+01
-9.041162872314453125e+01,2.689466476440429688e+01
-9.040850830078125000e+01,2.689907264709472656e+01
-9.040692901611328125e+01,2.689829444885253906e+01
-9.042047882080078125e+01,2.689570426940917969e+01
-9.040818786621093750e+01,2.689553451538085938e+01
-9.040686798095703125e+01,2.689455413818359375e+01
-9.040550994873046875e+01,2.689244651794433594e+01
-9.040690612792968750e+01,2.689320182800292969e+01
-9.042050170898437500e+01,2.689203834533691406e+01
-9.041069793701171875e+01,2.689566993713378906e+01
-9.040635681152343750e+01,2.689635848999023438e+01
-9.040476989746093750e+01,2.689716148376464844e+01
-9.041022491455078125e+01,2.689624023437500000e+01
-9.042140960693359375e+01,2.689294052124023438e+01
-9.040843200683593750e+01,2.689796257019042969e+01
-9.041266632080078125e+01,2.689508438110351562e+01
-9.042326354980468750e+01,2.689103889465332031e+01
-9.041243743896484375e+01,2.689529418945312500e+01
-9.041909027099609375e+01,2.689274215698242188e+01
-9.040676116943359375e+01,2.689575576782226562e+01
-9.040673065185546875e+01,2.689549255371093750e+01
-9.040619659423828125e+01,2.689637184143066406e+01
-9.042217254638671875e+01,2.689121055603027344e+01
-9.040540313720703125e+01,2.689552116394042969e+01
-9.040711212158203125e+01,2.689509010314941406e+01
-9.040515899658203125e+01,2.689185523986816406e+01
-9.041817474365234375e+01,2.689480400085449219e+01
-9.040582275390625000e+01,2.689591407775878906e+01
-9.041250610351562500e+01,2.689589500427246094e+01
-9.040730285644531250e+01,2.689837265014648438e+01
-9.040416717529296875e+01,2.689513206481933594e+01
-9.042069244384765625e+01,2.689248085021972656e+01
-9.041963958740234375e+01,2.689460754394531250e+01
-9.041275024414062500e+01,2.689515686035156250e+01
-9.040412139892578125e+01,2.689600181579589844e+01
-9.042413330078125000e+01,2.689066314697265625e+01
-9.042024993896484375e+01,2.689590835571289062e+01
-9.040666961669921875e+01,2.689711189270019531e+01
-9.042356872558593750e+01,2.688983154296875000e+01
-9.040683746337890625e+01,2.689754676818847656e+01
-9.041867828369140625e+01,2.689627456665039062e+01
-9.040410614013671875e+01,2.689808845520019531e+01
-9.041736602783203125e+01,2.689287185668945312e+01
-9.041091918945312500e+01,2.689279747009277344e+01
-9.041643524169921875e+01,2.689458084106445312e+01
-9.040755462646484375e+01,2.689897346496582031e+01
-9.041316986083984375e+01,2.689619445800781250e+01
-9.041676330566406250e+01,2.689301681518554688e+01
-9.041820526123046875e+01,2.689801025390625000e+01
-9.041112518310546875e+01,2.689839553833007812e+01
-9.042269134521484375e+01,2.689355087280273438e+01
-9.040632629394531250e+01,2.689466285705566406e+01
-9.040802764892578125e+01,2.689974403381347656e+01
-9.041674041748046875e+01,2.689301490783691406e+01
-9.042317962646484375e+01,2.688961410522460938e+01
-9.040953826904296875e+01,2.689521598815917969e+01
-9.042123413085937500e+01,2.689347076416015625e+01
-9.041291046142578125e+01,2.689465713500976562e+01
-9.041953277587890625e+01,2.689726829528808594e+01
-9.040847015380859375e+01,2.689548110961914062e+01
-9.041994476318359375e+01,2.689247322082519531e+01
-9.042429351806640625e+01,2.689182281494140625e+01
-9.041487884521484375e+01,2.689497566223144531e+01
-9.042102050781250000e+01,2.689523506164550781e+01
-9.042411041259765625e+01,2.688981056213378906e+01
-9.042017364501953125e+01,2.689518165588378906e+01
-9.040573883056640625e+01,2.689589500427246094e+01
-9.041035461425781250e+01,2.689464569091796875e+01
-9.041040039062500000e+01,2.689536285400390625e+01
-9.040948486328125000e+01,2.689824867248535156e+01
-9.042486572265625000e+01,2.688979148864746094e+01
-9.041317749023437500e+01,2.689638137817382812e+01
-9.041806030273437500e+01,2.689400672912597656e+01
-9.040659332275390625e+01,2.689514160156250000e+01
-9.041331481933593750e+01,2.689474105834960938e+01
-9.040690612792968750e+01,2.689585876464843750e+01
-9.041189575195312500e+01,2.689787483215332031e+01
-9.041306304931640625e+01,2.689481925964355469e+01
-9.041714477539062500e+01,2.689456748962402344e+01
-9.040637207031250000e+01,2.689443016052246094e+01
-9.042006683349609375e+01,2.689259910583496094e+01
-9.042281341552734375e+01,2.689137458801269531e+01
-9.041954040527343750e+01,2.689589691162109375e+01
-9.042523193359375000e+01,2.688994216918945312e+01
-9.042294311523437500e+01,2.689253044128417969e+01
-9.040576934814453125e+01,2.689806365966796875e+01
-9.040903472900390625e+01,2.689341354370117188e+01
-9.042292785644531250e+01,2.689001274108886719e+01
-9.041323852539062500e+01,2.689633941650390625e+01
-9.041657257080078125e+01,2.689471244812011719e+01
-9.040650177001953125e+01,2.689263534545898438e+01
-9.040950775146484375e+01,2.689298057556152344e+01
-9.042536926269531250e+01,2.689145278930664062e+01
-9.040552520751953125e+01,2.689504623413085938e+01
-9.042301940917968750e+01,2.689275169372558594e+01
-9.040775299072265625e+01,2.689575958251953125e+01
-9.040711212158203125e+01,2.689090919494628906e+01
-9.041915893554687500e+01,2.689867591857910156e+01
-9.041033935546875000e+01,2.689420890808105469e+01
-9.041136932373046875e+01,2.689480400085449219e+01
-9.040433502197265625e+01,2.689318847656250000e+01
-9.042166900634765625e+01,2.689411354064941406e+01
-9.041236877441406250e+01,2.689310836791992188e+01
-9.041076660156250000e+01,2.689420509338378906e+01
-9.040559387207031250e+01,2.689360427856445312e+01
-9.040667724609375000e+01,2.689400100708007812e+01
-9.040914916992187500e+01,2.689558029174804688e+01
-9.042001342773437500e+01,2.689834594726562500e+01
-9.040568542480468750e+01,2.689556694030761719e+01
-9.041678619384765625e+01,2.689370155334472656e+01
-9.041700744628906250e+01,2.689321899414062500e+01
-9.041271209716796875e+01,2.689485168457031250e+01
-9.041222381591796875e+01,2.689347076416015625e+01
-9.042312622070312500e+01,2.689319419860839844e+01
-9.040456390380859375e+01,2.689174461364746094e+01
-9.040948486328125000e+01,2.689546775817871094e+01
-9.041255187988281250e+01,2.689670944213867188e+01
-9.042445373535156250e+01,2.689060020446777344e+01
-9.040802001953125000e+01,2.689105987548828125e+01
-9.040476989746093750e+01,2.689164161682128906e+01
-9.041795349121093750e+01,2.689588928222656250e+01
-9.040494537353515625e+01,2.689802551269531250e+01
-9.042430114746093750e+01,2.689007377624511719e+01
-9.040685272216796875e+01,2.689092063903808594e+01
-9.041813659667968750e+01,2.689442634582519531e+01
-9.040624237060546875e+01,2.689552116394042969e+01
-9.042642211914062500e+01,2.689110946655273438e+01
-9.041021728515625000e+01,2.689616012573242188e+01
-9.040959167480468750e+01,2.689886474609375000e+01
-9.041107177734375000e+01,2.689443397521972656e+01
-9.040941619873046875e+01,2.689328765869140625e+01
-9.041515350341796875e+01,2.689392471313476562e+01
-9.042440032958984375e+01,2.689208221435546875e+01
-9.041900634765625000e+01,2.689676856994628906e+01
-9.042060089111328125e+01,2.689481163024902344e+01
-9.041084289550781250e+01,2.689805984497070312e+01
-9.041928863525390625e+01,2.689391899108886719e+01
-9.042032623291015625e+01,2.689702987670898438e+01
-9.040673828125000000e+01,2.689473342895507812e+01
-9.042187500000000000e+01,2.689039039611816406e+01
-9.041042327880859375e+01,2.689805984497070312e+01
-9.041893005371093750e+01,2.689285659790039062e+01
-9.040864562988281250e+01,2.689348411560058594e+01
-9.040672302246093750e+01,2.689736557006835938e+01
-9.040679168701171875e+01,2.689483833312988281e+01
-9.041024017333984375e+01,2.689906883239746094e+01
-9.042563629150390625e+01,2.689097023010253906e+01
-9.041840362548828125e+01,2.689452171325683594e+01
-9.040454101562500000e+01,2.689174842834472656e+01
-9.040450286865234375e+01,2.689515113830566406e+01
-9.040789794921875000e+01,2.689684104919433594e+01
-9.040782165527343750e+01,2.689988899230957031e+01
-9.042366790771484375e+01,2.689229202270507812e+01
-9.040553283691406250e+01,2.689151000976562500e+01
-9.042484283447265625e+01,2.689093399047851562e+01
-9.042139434814453125e+01,2.689599037170410156e+01
-9.042279052734375000e+01,2.689344024658203125e+01
-9.042033386230468750e+01,2.689673042297363281e+01
-9.041899871826171875e+01,2.689720726013183594e+01
-9.040719604492187500e+01,2.690008544921875000e+01
-9.041043853759765625e+01,2.689321708679199219e+01
-9.040641784667968750e+01,2.689579010009765625e+01
-9.040657043457031250e+01,2.689075660705566406e+01
-9.041979980468750000e+01,2.689776420593261719e+01
-9.042150115966796875e+01,2.689301490783691406e+01
-9.040569305419921875e+01,2.689110946655273438e+01
-9.040576171875000000e+01,2.689473915100097656e+01
-9.041905212402343750e+01,2.689834594726562500e+01
-9.042111968994140625e+01,2.689514160156250000e+01
-9.041973876953125000e+01,2.689422225952148438e+01
-9.041779327392578125e+01,2.689406204223632812e+01
-9.042314910888671875e+01,2.689240837097167969e+01
-9.041050720214843750e+01,2.689345359802246094e+01
-9.041796112060546875e+01,2.689586257934570312e+01
-9.041265106201171875e+01,2.689586830139160156e+01
-9.040493011474609375e+01,2.689259529113769531e+01
-9.041135406494140625e+01,2.689648818969726562e+01
-9.042412567138671875e+01,2.689110755920410156e+01
-9.040834808349609375e+01,2.689728355407714844e+01
-9.041165924072265625e+01,2.689316368103027344e+01
-9.040902709960937500e+01,2.689604568481445312e+01
-9.040776062011718750e+01,2.690017509460449219e+01
-9.042439270019531250e+01,2.688997077941894531e+01
-9.041971588134765625e+01,2.689813804626464844e+01
-9.040933227539062500e+01,2.689657783508300781e+01
-9.040727233886718750e+01,2.689165878295898438e+01
-9.040885162353515625e+01,2.689693832397460938e+01
-9.040641021728515625e+01,2.689394378662109375e+01
-9.042477416992187500e+01,2.689191055297851562e+01
-9.042228698730468750e+01,2.689421081542968750e+01
-9.042235565185546875e+01,2.689334106445312500e+01
-9.041940307617187500e+01,2.689684677124023438e+01
-9.041236877441406250e+01,2.689619064331054688e+01
-9.041508483886718750e+01,2.689459609985351562e+01
-9.040612792968750000e+01,2.689691543579101562e+01
-9.042201232910156250e+01,2.689468002319335938e+01
-9.040443420410156250e+01,2.689253425598144531e+01
-9.040615081787109375e+01,2.689405822753906250e+01
-9.041976165771484375e+01,2.689885902404785156e+01
-9.042240905761718750e+01,2.689108848571777344e+01
-9.041303253173828125e+01,2.689653205871582031e+01
-9.042250823974609375e+01,2.689448356628417969e+01
-9.041255187988281250e+01,2.689733886718750000e+01
-9.040950775146484375e+01,2.689940071105957031e+01
-9.040888977050781250e+01,2.689470291137695312e+01
-9.042346191406250000e+01,2.689348411560058594e+01
-9.040571594238281250e+01,2.689296150207519531e+01
-9.042215728759765625e+01,2.689076423645019531e+01
-9.041807556152343750e+01,2.689631652832031250e+01
-9.040968322753906250e+01,2.689531326293945312e+01
-9.042050933837890625e+01,2.689157295227050781e+01
-9.041908264160156250e+01,2.689559745788574219e+01
-9.042291259765625000e+01,2.689356422424316406e+01
-9.041823577880859375e+01,2.689505386352539062e+01
-9.040461730957031250e+01,2.689434432983398438e+01
-9.042115783691406250e+01,2.689328765869140625e+01
-9.040653228759765625e+01,2.689315795898437500e+01
-9.041256713867187500e+01,2.689488410949707031e+01
-9.041014099121093750e+01,2.689854240417480469e+01
-9.040761566162109375e+01,2.689853477478027344e+01
-9.040737152099609375e+01,2.689883232116699219e+01
-9.041089630126953125e+01,2.689380073547363281e+01
-9.040974426269531250e+01,2.689965248107910156e+01
-9.041903686523437500e+01,2.689860916137695312e+01
-9.040895843505859375e+01,2.689596748352050781e+01
-9.042284393310546875e+01,2.689094161987304688e+01
-9.041121673583984375e+01,2.689405632019042969e+01
-9.040708160400390625e+01,2.689561080932617188e+01
-9.041085052490234375e+01,2.689454650878906250e+01
-9.041548156738281250e+01,2.689466476440429688e+01
-9.040516662597656250e+01,2.689419937133789062e+01
-9.040433502197265625e+01,2.689246559143066406e+01
-9.042092895507812500e+01,2.689163208007812500e+01
-9.041095733642578125e+01,2.689538192749023438e+01
-9.040878295898437500e+01,2.689639663696289062e+01
-9.041697692871093750e+01,2.689366149902343750e+01
-9.042302703857421875e+01,2.689029312133789062e+01
-9.041254425048828125e+01,2.689464569091796875e+01
-9.041982269287109375e+01,2.689249420166015625e+01
-9.041365814208984375e+01,2.689492034912109375e+01
-9.041912841796875000e+01,2.689723587036132812e+01
-9.042205810546875000e+01,2.689232826232910156e+01
-9.040664672851562500e+01,2.689443778991699219e+01
-9.042359161376953125e+01,2.689227676391601562e+01
-9.041535186767578125e+01,2.689415740966796875e+01
-9.040816497802734375e+01,2.689930343627929688e+01
-9.041626739501953125e+01,2.689413261413574219e+01
-9.042021942138671875e+01,2.689865112304687500e+01
-9.040785217285156250e+01,2.689973068237304688e+01
-9.041960906982421875e+01,2.689813804626464844e+01
-9.041068267822265625e+01,2.689884757995605469e+01
-9.042614746093750000e+01,2.689074325561523438e+01
-9.040818023681640625e+01,2.689481925964355469e+01
-9.041050720214843750e+01,2.689649009704589844e+01
-9.040409088134765625e+01,2.689387321472167969e+01
-9.041127777099609375e+01,2.689533233642578125e+01
-9.041120147705078125e+01,2.689688873291015625e+01
-9.040774536132812500e+01,2.689578247070312500e+01
-9.042105865478515625e+01,2.689261436462402344e+01
-9.040750885009765625e+01,2.689118957519531250e+01
-9.042041015625000000e+01,2.689257049560546875e+01
-9.040435791015625000e+01,2.689803695678710938e+01
-9.041284179687500000e+01,2.689614295959472656e+01
-9.041146850585937500e+01,2.689245223999023438e+01
-9.041252136230468750e+01,2.689289283752441406e+01
-9.041237640380859375e+01,2.689531326293945312e+01
-9.041677856445312500e+01,2.689355659484863281e+01
-9.040635681152343750e+01,2.689446067810058594e+01
-9.040686798095703125e+01,2.689265823364257812e+01
-9.040625000000000000e+01,2.689375305175781250e+01
-9.042164611816406250e+01,2.689731788635253906e+01
-9.041142272949218750e+01,2.689492607116699219e+01
-9.041679382324218750e+01,2.689304161071777344e+01
-9.041743469238281250e+01,2.689480209350585938e+01
-9.041061401367187500e+01,2.689645195007324219e+01
-9.041001129150390625e+01,2.689764404296875000e+01
-9.042281341552734375e+01,2.689233589172363281e+01
-9.042071533203125000e+01,2.689298057556152344e+01
-9.040711212158203125e+01,2.689542770385742188e+01
-9.042438507080078125e+01,2.689092254638671875e+01
-9.042052459716796875e+01,2.689389228820800781e+01
-9.040484619140625000e+01,2.689349174499511719e+01
-9.042425537109375000e+01,2.689110946655273438e+01
-9.040615844726562500e+01,2.689396476745605469e+01
-9.042019653320312500e+01,2.689453506469726562e+01
-9.040689849853515625e+01,2.689383125305175781e+01
-9.042124176025390625e+01,2.689073371887207031e+01
-9.040949249267578125e+01,2.689458274841308594e+01
-9.040740203857421875e+01,2.689835929870605469e+01
-9.041440582275390625e+01,2.689416122436523438e+01
-9.041670989990234375e+01,2.689404296875000000e+01
-9.040800476074218750e+01,2.689654541015625000e+01
-9.040702819824218750e+01,2.689880561828613281e+01
-9.041779327392578125e+01,2.689739990234375000e+01
-9.042192077636718750e+01,2.689036941528320312e+01
-9.041812896728515625e+01,2.689289855957031250e+01
-9.040498352050781250e+01,2.689592742919921875e+01
-9.040849304199218750e+01,2.689769744873046875e+01
-9.040636444091796875e+01,2.689393997192382812e+01
-9.040786743164062500e+01,2.689778518676757812e+01
-9.042334747314453125e+01,2.689022636413574219e+01
-9.040960693359375000e+01,2.689565086364746094e+01
-9.041921997070312500e+01,2.689434623718261719e+01
-9.041168212890625000e+01,2.689458656311035156e+01
-9.040455627441406250e+01,2.689589500427246094e+01
-9.041526031494140625e+01,2.689495468139648438e+01
-9.040422821044921875e+01,2.689302635192871094e+01
-9.042092132568359375e+01,2.689534759521484375e+01
-9.041412353515625000e+01,2.689507293701171875e+01
-9.041259002685546875e+01,2.689722824096679688e+01
-9.040798950195312500e+01,2.689871978759765625e+01
-9.042501068115234375e+01,2.689019393920898438e+01
-9.041065216064453125e+01,2.689274406433105469e+01
-9.041668701171875000e+01,2.689478302001953125e+01
-9.042027282714843750e+01,2.689857101440429688e+01
-9.040996551513671875e+01,2.689576911926269531e+01
-9.040652465820312500e+01,2.689383697509765625e+01
-9.040988922119140625e+01,2.689340209960937500e+01
-9.040633392333984375e+01,2.689561080932617188e+01
-9.040724182128906250e+01,2.689541053771972656e+01
-9.040824890136718750e+01,2.689529418945312500e+01
-9.040768432617187500e+01,2.690045356750488281e+01
-9.042528533935546875e+01,2.689146232604980469e+01
-9.040959167480468750e+01,2.689813995361328125e+01
-9.040641021728515625e+01,2.689775085449218750e+01
-9.041989898681640625e+01,2.689195632934570312e+01
-9.042073822021484375e+01,2.689117050170898438e+01
-9.041873168945312500e+01,2.689574432373046875e+01
-9.041659545898437500e+01,2.689403343200683594e+01
-9.040481567382812500e+01,2.689425849914550781e+01
-9.042161560058593750e+01,2.689502716064453125e+01
-9.041811370849609375e+01,2.689432334899902344e+01
-9.040953826904296875e+01,2.689552116394042969e+01
-9.040787506103515625e+01,2.689810180664062500e+01
-9.040985107421875000e+01,2.689390754699707031e+01
-9.040750885009765625e+01,2.689862060546875000e+01
-9.040586853027343750e+01,2.689550781250000000e+01
-9.042059326171875000e+01,2.689481925964355469e+01
-9.041947174072265625e+01,2.689705467224121094e+01
-9.040592193603515625e+01,2.689098358154296875e+01
-9.040764617919921875e+01,2.689535713195800781e+01
-9.042486572265625000e+01,2.689198303222656250e+01
-9.040993499755859375e+01,2.689398765563964844e+01
-9.041902160644531250e+01,2.689274406433105469e+01
-9.040768432617187500e+01,2.689718055725097656e+01
-9.040789794921875000e+01,2.689547920227050781e+01
-9.040620422363281250e+01,2.689377975463867188e+01
-9.041830444335937500e+01,2.689380073547363281e+01
-9.042198181152343750e+01,2.689510345458984375e+01
-9.041699981689453125e+01,2.689351081848144531e+01
-9.040716552734375000e+01,2.689787101745605469e+01
-9.040731048583984375e+01,2.689472198486328125e+01
-9.042127990722656250e+01,2.689145660400390625e+01
-9.041894531250000000e+01,2.689769935607910156e+01
-9.042372894287109375e+01,2.689139747619628906e+01
-9.040794372558593750e+01,2.689406585693359375e+01
-9.041879272460937500e+01,2.689560317993164062e+01
-9.040628051757812500e+01,2.689528274536132812e+01
-9.040808105468750000e+01,2.689666175842285156e+01
-9.042022705078125000e+01,2.689352416992187500e+01
-9.042508697509765625e+01,2.688999938964843750e+01
-9.040888214111328125e+01,2.689781379699707031e+01
-9.041902160644531250e+01,2.689686775207519531e+01
-9.040769958496093750e+01,2.689671897888183594e+01
-9.040603637695312500e+01,2.689470291137695312e+01
-9.041184997558593750e+01,2.689480400085449219e+01
-9.040645599365234375e+01,2.689766883850097656e+01
-9.042412567138671875e+01,2.689162445068359375e+01
-9.040608215332031250e+01,2.689268493652343750e+01
-9.042408752441406250e+01,2.689096260070800781e+01
-9.042351531982421875e+01,2.689168357849121094e+01
-9.041945648193359375e+01,2.689549064636230469e+01
-9.040420532226562500e+01,2.689391899108886719e+01
-9.041941070556640625e+01,2.689748573303222656e+01
-9.041753387451171875e+01,2.689352035522460938e+01
-9.040970611572265625e+01,2.689486312866210938e+01
-9.040778350830078125e+01,2.689127731323242188e+01
-9.041011810302734375e+01,2.689571762084960938e+01
-9.040559387207031250e+01,2.689715003967285156e+01
-9.040745544433593750e+01,2.689603614807128906e+01
-9.041823577880859375e+01,2.689816474914550781e+01
-9.041802215576171875e+01,2.689487838745117188e+01
-9.042520141601562500e+01,2.689139747619628906e+01
-9.042027282714843750e+01,2.689384841918945312e+01
-9.041891479492187500e+01,2.689623832702636719e+01
-9.041531372070312500e+01,2.689501190185546875e+01
-9.040708160400390625e+01,2.689408111572265625e+01
-9.040713500976562500e+01,2.689473152160644531e+01
-9.041593170166015625e+01,2.689443778991699219e+01
-9.040607452392578125e+01,2.689614295959472656e+01
-9.040612030029296875e+01,2.689631271362304688e+01
-9.041091156005859375e+01,2.689802932739257812e+01
-9.040646362304687500e+01,2.689739036560058594e+01
-9.040612792968750000e+01,2.689132118225097656e+01
-9.040473175048828125e+01,2.689404296875000000e+01
-9.042597198486328125e+01,2.689059829711914062e+01
-9.042259216308593750e+01,2.689260482788085938e+01
-9.042178344726562500e+01,2.689467811584472656e+01
-9.041458129882812500e+01,2.689422607421875000e+01
-9.042031097412109375e+01,2.689855766296386719e+01
-9.040580749511718750e+01,2.689335441589355469e+01
-9.041864013671875000e+01,2.689367866516113281e+01
-9.042062377929687500e+01,2.689631080627441406e+01
-9.040886688232421875e+01,2.689940643310546875e+01
-9.042430877685546875e+01,2.689014053344726562e+01
-9.042131042480468750e+01,2.689463615417480469e+01
-9.041379547119140625e+01,2.689515686035156250e+01
-9.040483093261718750e+01,2.689842987060546875e+01
-9.040486907958984375e+01,2.689666366577148438e+01
-9.041941833496093750e+01,2.689820480346679688e+01
-9.041210937500000000e+01,2.689303779602050781e+01
-9.041322326660156250e+01,2.689524269104003906e+01
-9.041866302490234375e+01,2.689698600769042969e+01
-9.042555236816406250e+01,2.689139938354492188e+01
-9.042223358154296875e+01,2.689239311218261719e+01
-9.041158294677734375e+01,2.689727592468261719e+01
-9.040486145019531250e+01,2.689523887634277344e+01
-9.040947723388671875e+01,2.689774894714355469e+01
-9.040511322021484375e+01,2.689356040954589844e+01
-9.041129302978515625e+01,2.689232635498046875e+01
-9.041981506347656250e+01,2.689722633361816406e+01
-9.040825653076171875e+01,2.689814949035644531e+01
-9.041806793212890625e+01,2.689395332336425781e+01
-9.042286682128906250e+01,2.689257431030273438e+01
-9.041976928710937500e+01,2.689821624755859375e+01
-9.040952301025390625e+01,2.689513206481933594e+01
-9.042405700683593750e+01,2.689255714416503906e+01
-9.040861511230468750e+01,2.689360427856445312e+01
-9.040680694580078125e+01,2.689120864868164062e+01
-9.040369415283203125e+01,2.689419555664062500e+01
-9.040415191650390625e+01,2.689401245117187500e+01
-9.040853881835937500e+01,2.689430809020996094e+01
-9.041119384765625000e+01,2.689524841308593750e+01
-9.041577911376953125e+01,2.689464950561523438e+01
-9.042597198486328125e+01,2.689105987548828125e+01
-9.041002655029296875e+01,2.689654350280761719e+01
-9.040876007080078125e+01,2.689731788635253906e+01
-9.040580749511718750e+01,2.689726448059082031e+01
-9.040823364257812500e+01,2.690017509460449219e+01
-9.040903472900390625e+01,2.689925003051757812e+01
-9.041022491455078125e+01,2.689850997924804688e+01
-9.041579437255859375e+01,2.689396667480468750e+01
-9.042034149169921875e+01,2.689713287353515625e+01
-9.040930938720703125e+01,2.689369010925292969e+01
-9.041242218017578125e+01,2.689522552490234375e+01
-9.040712738037109375e+01,2.689903259277343750e+01
-9.041193389892578125e+01,2.689275169372558594e+01
-9.040667724609375000e+01,2.689151382446289062e+01
-9.040670013427734375e+01,2.689566230773925781e+01
-9.041853332519531250e+01,2.689819908142089844e+01
-9.040821838378906250e+01,2.689508247375488281e+01
-9.041803741455078125e+01,2.689551925659179688e+01
-9.040608215332031250e+01,2.689500427246093750e+01
-9.041709899902343750e+01,2.689299392700195312e+01
-9.042102050781250000e+01,2.689448165893554688e+01
-9.041168212890625000e+01,2.689779281616210938e+01
-9.042374420166015625e+01,2.689265823364257812e+01
-9.040902709960937500e+01,2.689521789550781250e+01
-9.040605163574218750e+01,2.689277267456054688e+01
-9.040530395507812500e+01,2.689801406860351562e+01
-9.042093658447265625e+01,2.689752388000488281e+01
-9.042166137695312500e+01,2.689065742492675781e+01
-9.041271972656250000e+01,2.689271545410156250e+01
-9.042534637451171875e+01,2.689050674438476562e+01
-9.041728210449218750e+01,2.689389419555664062e+01
-9.042475128173828125e+01,2.689108657836914062e+01
-9.040732574462890625e+01,2.689944839477539062e+01
-9.042146301269531250e+01,2.689580726623535156e+01
-9.042148590087890625e+01,2.689631271362304688e+01
-9.041579437255859375e+01,2.689355659484863281e+01
-9.041881561279296875e+01,2.689697837829589844e+01
-9.041994476318359375e+01,2.689613151550292969e+01
-9.041398620605468750e+01,2.689446830749511719e+01
-9.040790557861328125e+01,2.689113807678222656e+01
-9.042295074462890625e+01,2.689344787597656250e+01
-9.041191101074218750e+01,2.689565658569335938e+01
-9.042274475097656250e+01,2.689318275451660156e+01
-9.042463684082031250e+01,2.689172554016113281e+01
-9.041989135742187500e+01,2.689731407165527344e+01
-9.042266082763671875e+01,2.689320564270019531e+01
-9.042246246337890625e+01,2.689172744750976562e+01
-9.040593719482421875e+01,2.689358711242675781e+01
-9.041902160644531250e+01,2.689451026916503906e+01
-9.041056823730468750e+01,2.689821815490722656e+01
-9.040848541259765625e+01,2.689565086364746094e+01
-9.040618133544921875e+01,2.689401817321777344e+01
-9.040872192382812500e+01,2.689522361755371094e+01
-9.041463470458984375e+01,2.689509010314941406e+01
-9.041290283203125000e+01,2.689507675170898438e+01
-9.041693115234375000e+01,2.689363098144531250e+01
-9.040993499755859375e+01,2.689285659790039062e+01
-9.040455627441406250e+01,2.689231300354003906e+01
-9.040773010253906250e+01,2.689391326904296875e+01
-9.041965484619140625e+01,2.689244270324707031e+01
-9.041240692138671875e+01,2.689668655395507812e+01
-9.042144012451171875e+01,2.689701461791992188e+01
-9.040898132324218750e+01,2.689373970031738281e+01
-9.042292785644531250e+01,2.689127922058105469e+01
-9.042365264892578125e+01,2.689077949523925781e+01
-9.040666961669921875e+01,2.689933013916015625e+01
-9.042438507080078125e+01,2.689250183105468750e+01
-9.041921234130859375e+01,2.689322090148925781e+01
-9.042273712158203125e+01,2.689096069335937500e+01
-9.040945434570312500e+01,2.689621543884277344e+01
-9.041016387939453125e+01,2.689553260803222656e+01
-9.042123413085937500e+01,2.689116096496582031e+01
-9.041995239257812500e+01,2.689203643798828125e+01
-9.041497802734375000e+01,2.689391899108886719e+01
-9.040495300292968750e+01,2.689477348327636719e+01
-9.040731048583984375e+01,2.689648628234863281e+01
-9.042127990722656250e+01,2.689445686340332031e+01
-9.041897583007812500e+01,2.689748764038085938e+01
-9.042102050781250000e+01,2.689672660827636719e+01
-9.041057586669921875e+01,2.689463806152343750e+01
-9.041012573242187500e+01,2.689687919616699219e+01
-9.040543365478515625e+01,2.689148521423339844e+01
-9.041423034667968750e+01,2.689574050903320312e+01
-9.042516326904296875e+01,2.689093780517578125e+01
-9.041973114013671875e+01,2.689414596557617188e+01
-9.040776062011718750e+01,2.689064598083496094e+01
-9.041616821289062500e+01,2.689447593688964844e+01
-9.041217803955078125e+01,2.689736557006835938e+01
-9.042156219482421875e+01,2.689402198791503906e+01
-9.041855621337890625e+01,2.689389038085937500e+01
-9.041019439697265625e+01,2.689269256591796875e+01
-9.040490722656250000e+01,2.689765167236328125e+01
-9.040572357177734375e+01,2.689292335510253906e+01
-9.040971374511718750e+01,2.689688873291015625e+01
-9.042411041259765625e+01,2.689093780517578125e+01
-9.040447235107421875e+01,2.689840316772460938e+01
-9.042427062988281250e+01,2.689230155944824219e+01
-9.041124725341796875e+01,2.689241218566894531e+01
-9.041106414794921875e+01,2.689753913879394531e+01
-9.041172027587890625e+01,2.689784812927246094e+01
-9.041706848144531250e+01,2.689461517333984375e+01
-9.040526580810546875e+01,2.689618110656738281e+01
-9.040724182128906250e+01,2.690000152587890625e+01
-9.040828704833984375e+01,2.689730072021484375e+01
-9.041265869140625000e+01,2.689617919921875000e+01
-9.040529632568359375e+01,2.689353942871093750e+01
-9.042158508300781250e+01,2.689461135864257812e+01
-9.040476989746093750e+01,2.689415168762207031e+01
-9.042179870605468750e+01,2.689526748657226562e+01
-9.042392730712890625e+01,2.689133071899414062e+01
-9.040507507324218750e+01,2.689603233337402344e+01
-9.042130279541015625e+01,2.689702606201171875e+01
-9.040385437011718750e+01,2.689455795288085938e+01
-9.040908050537109375e+01,2.689586639404296875e+01
-9.041355133056640625e+01,2.689516448974609375e+01
-9.041714477539062500e+01,2.689458847045898438e+01
-9.042084503173828125e+01,2.689675521850585938e+01
-9.040470886230468750e+01,2.689591598510742188e+01
-9.040740203857421875e+01,2.689574241638183594e+01
-9.042188262939453125e+01,2.689666557312011719e+01
-9.040551757812500000e+01,2.689335632324218750e+01
-9.040697479248046875e+01,2.689753150939941406e+01
-9.040958404541015625e+01,2.689484405517578125e+01
-9.041160583496093750e+01,2.689362335205078125e+01
-9.040856933593750000e+01,2.689492225646972656e+01
-9.041963195800781250e+01,2.689332199096679688e+01
-9.042564392089843750e+01,2.689185714721679688e+01
-9.041375732421875000e+01,2.689533042907714844e+01
-9.040625000000000000e+01,2.689712905883789062e+01
-9.040482330322265625e+01,2.689416503906250000e+01
-9.042427825927734375e+01,2.689266586303710938e+01
-9.042044067382812500e+01,2.689187240600585938e+01
-9.042311096191406250e+01,2.689200401306152344e+01
-9.040549468994140625e+01,2.689129257202148438e+01
-9.040578460693359375e+01,2.689752197265625000e+01
-9.042325592041015625e+01,2.689073181152343750e+01
-9.041992950439453125e+01,2.689552879333496094e+01
-9.042144012451171875e+01,2.689738082885742188e+01
-9.040457916259765625e+01,2.689591026306152344e+01
-9.042185974121093750e+01,2.689195251464843750e+01
-9.040984344482421875e+01,2.689377212524414062e+01
-9.041153717041015625e+01,2.689437866210937500e+01
-9.040990447998046875e+01,2.689704895019531250e+01
-9.041169738769531250e+01,2.689320373535156250e+01
-9.042142486572265625e+01,2.689288520812988281e+01
-9.040713500976562500e+01,2.689573478698730469e+01
-9.040697479248046875e+01,2.689876556396484375e+01
-9.041161346435546875e+01,2.689608192443847656e+01
-9.042403411865234375e+01,2.689146804809570312e+01
-9.040890502929687500e+01,2.689797973632812500e+01
-9.042071533203125000e+01,2.689425849914550781e+01
-9.041233825683593750e+01,2.689248466491699219e+01
-9.040749359130859375e+01,2.689728736877441406e+01
-9.041546630859375000e+01,2.689379692077636719e+01
-9.041354370117187500e+01,2.689615440368652344e+01
-9.040559387207031250e+01,2.689210510253906250e+01
-9.040902709960937500e+01,2.689709281921386719e+01
-9.041766357421875000e+01,2.689790534973144531e+01
-9.041168212890625000e+01,2.689324760437011719e+01
-9.042246246337890625e+01,2.689128875732421875e+01
-9.040914154052734375e+01,2.689394378662109375e+01
-9.040657043457031250e+01,2.689620590209960938e+01
-9.040651702880859375e+01,2.689316368103027344e+01
-9.042443084716796875e+01,2.689028930664062500e+01
-9.040969848632812500e+01,2.689937591552734375e+01
-9.040640258789062500e+01,2.689777565002441406e+01
-9.041844177246093750e+01,2.689492225646972656e+01
-9.042153930664062500e+01,2.689444160461425781e+01
-9.042137145996093750e+01,2.689466857910156250e+01
-9.040480041503906250e+01,2.689591598510742188e+01
-9.041098022460937500e+01,2.689458084106445312e+01
-9.040722656250000000e+01,2.689161109924316406e+01
-9.042458343505859375e+01,2.689236259460449219e+01
-9.041088867187500000e+01,2.689426612854003906e+01
-9.041848754882812500e+01,2.689537620544433594e+01
-9.041873931884765625e+01,2.689277839660644531e+01
-9.040531158447265625e+01,2.689346885681152344e+01
-9.042487335205078125e+01,2.689024925231933594e+01
-9.040649414062500000e+01,2.689970207214355469e+01
-9.042430877685546875e+01,2.689123344421386719e+01
-9.041148376464843750e+01,2.689220809936523438e+01
-9.040454101562500000e+01,2.689388656616210938e+01
-9.041034698486328125e+01,2.689518928527832031e+01
-9.040795135498046875e+01,2.689441871643066406e+01
-9.042314910888671875e+01,2.689364624023437500e+01
-9.041190338134765625e+01,2.689378929138183594e+01
-9.042414093017578125e+01,2.689171028137207031e+01
-9.042493438720703125e+01,2.689041709899902344e+01
-9.040653228759765625e+01,2.689645195007324219e+01
-9.041420745849609375e+01,2.689556503295898438e+01
-9.042572784423828125e+01,2.689136505126953125e+01
-9.042259979248046875e+01,2.689333915710449219e+01
-9.041076660156250000e+01,2.689784622192382812e+01
-9.040643310546875000e+01,2.689520072937011719e+01
-9.041061401367187500e+01,2.689648056030273438e+01
-9.040663909912109375e+01,2.689945030212402344e+01
-9.042197418212890625e+01,2.689419937133789062e+01
-9.042118072509765625e+01,2.689678764343261719e+01
-9.041240692138671875e+01,2.689671134948730469e+01
-9.040705108642578125e+01,2.689521980285644531e+01
-9.042214202880859375e+01,2.689174079895019531e+01
-9.042156219482421875e+01,2.689435195922851562e+01
-9.040940093994140625e+01,2.689416122436523438e+01
-9.040906524658203125e+01,2.689991188049316406e+01
-9.040542602539062500e+01,2.689403343200683594e+01
-9.042388153076171875e+01,2.689209175109863281e+01
-9.042348480224609375e+01,2.689123344421386719e+01
-9.040659332275390625e+01,2.689772987365722656e+01
-9.041126251220703125e+01,2.689706611633300781e+01
-9.042079925537109375e+01,2.689743423461914062e+01
-9.040949249267578125e+01,2.689782333374023438e+01
-9.041162872314453125e+01,2.689730262756347656e+01
-9.040923309326171875e+01,2.689836692810058594e+01
-9.040592193603515625e+01,2.689845085144042969e+01
-9.041886138916015625e+01,2.689311599731445312e+01
-9.041872406005859375e+01,2.689311599731445312e+01
-9.040453338623046875e+01,2.689464950561523438e+01
-9.041972351074218750e+01,2.689381790161132812e+01
-9.042059326171875000e+01,2.689144706726074219e+01
-9.041060638427734375e+01,2.689845085144042969e+01
-9.041673278808593750e+01,2.689302635192871094e+01
-9.042126464843750000e+01,2.689171028137207031e+01
-9.042010498046875000e+01,2.689359855651855469e+01
-9.040460205078125000e+01,2.689603042602539062e+01
-9.040708160400390625e+01,2.689990425109863281e+01
-9.041884613037109375e+01,2.689660835266113281e+01
-9.042064666748046875e+01,2.689135360717773438e+01
-9.041014862060546875e+01,2.689555549621582031e+01
-9.042089843750000000e+01,2.689240455627441406e+01
-9.042509460449218750e+01,2.689026260375976562e+01
-9.042571258544921875e+01,2.689062690734863281e+01
-9.040454864501953125e+01,2.689669227600097656e+01
-9.041858673095703125e+01,2.689470672607421875e+01
-9.042015838623046875e+01,2.689679718017578125e+01
-9.041088867187500000e+01,2.689285659790039062e+01
-9.041835784912109375e+01,2.689575958251953125e+01
-9.042059326171875000e+01,2.689533233642578125e+01
-9.040654754638671875e+01,2.689546012878417969e+01
-9.042188262939453125e+01,2.689362144470214844e+01
-9.042151641845703125e+01,2.689167785644531250e+01
-9.042596435546875000e+01,2.689138984680175781e+01
-9.042160034179687500e+01,2.689337539672851562e+01
-9.040809631347656250e+01,2.689618301391601562e+01
-9.042404937744140625e+01,2.688927841186523438e+01
-9.042067718505859375e+01,2.689638328552246094e+01
-9.041143798828125000e+01,2.689570808410644531e+01
-9.040412139892578125e+01,2.689567756652832031e+01
-9.041035461425781250e+01,2.689477157592773438e+01
-9.041265106201171875e+01,2.689261627197265625e+01
-9.041081237792968750e+01,2.689836311340332031e+01
-9.041276550292968750e+01,2.689499282836914062e+01
-9.041265869140625000e+01,2.689717864990234375e+01
-9.042525482177734375e+01,2.688996887207031250e+01
-9.041293334960937500e+01,2.689545822143554688e+01
-9.040689849853515625e+01,2.689773750305175781e+01
-9.041664123535156250e+01,2.689483833312988281e+01
-9.042018127441406250e+01,2.689576530456542969e+01
-9.041986083984375000e+01,2.689449119567871094e+01
-9.041105651855468750e+01,2.689250564575195312e+01
-9.041992187500000000e+01,2.689527130126953125e+01
-9.041051483154296875e+01,2.689404106140136719e+01
-9.041918182373046875e+01,2.689669609069824219e+01
-9.040782165527343750e+01,2.689805603027343750e+01
-9.041118621826171875e+01,2.689405250549316406e+01
-9.041897583007812500e+01,2.689482688903808594e+01
-9.040526580810546875e+01,2.689565277099609375e+01
-9.041040039062500000e+01,2.689451980590820312e+01
-9.041213226318359375e+01,2.689607620239257812e+01
-9.041115570068359375e+01,2.689342117309570312e+01
-9.040810394287109375e+01,2.689983177185058594e+01
-9.040662384033203125e+01,2.689468765258789062e+01
-9.040755462646484375e+01,2.689422416687011719e+01
-9.041197967529296875e+01,2.689362525939941406e+01
-9.041927337646484375e+01,2.689410781860351562e+01
-9.042270660400390625e+01,2.689126205444335938e+01
-9.040476226806640625e+01,2.689477920532226562e+01
-9.040999603271484375e+01,2.689889907836914062e+01
-9.040753936767578125e+01,2.689907073974609375e+01
-9.042247009277343750e+01,2.689270782470703125e+01
-9.041962432861328125e+01,2.689642715454101562e+01
-9.042247009277343750e+01,2.689467620849609375e+01
-9.041930389404296875e+01,2.689513778686523438e+01
-9.042539215087890625e+01,2.689141654968261719e+01
-9.042129516601562500e+01,2.689775466918945312e+01
-9.041974639892578125e+01,2.689531135559082031e+01
-9.040663146972656250e+01,2.689758491516113281e+01
-9.042135620117187500e+01,2.689716339111328125e+01
-9.040816497802734375e+01,2.689739418029785156e+01
-9.041849517822265625e+01,2.689369964599609375e+01
-9.041686248779296875e+01,2.689456939697265625e+01
-9.041156005859375000e+01,2.689795684814453125e+01
-9.041867065429687500e+01,2.689408302307128906e+01
-9.042144012451171875e+01,2.689521026611328125e+01
-9.040417480468750000e+01,2.689411163330078125e+01
-9.041820526123046875e+01,2.689612770080566406e+01
-9.040519714355468750e+01,2.689606475830078125e+01
-9.040886688232421875e+01,2.689665985107421875e+01
-9.042272949218750000e+01,2.689269828796386719e+01
-9.041126251220703125e+01,2.689603996276855469e+01
-9.040703582763671875e+01,2.689821052551269531e+01
-9.041831970214843750e+01,2.689445877075195312e+01
-9.042529296875000000e+01,2.689025688171386719e+01
-9.040850830078125000e+01,2.689454650878906250e+01
-9.041916656494140625e+01,2.689307785034179688e+01
-9.042350769042968750e+01,2.689020347595214844e+01
-9.040421295166015625e+01,2.689275169372558594e+01
-9.040633392333984375e+01,2.689523506164550781e+01
-9.040467071533203125e+01,2.689463996887207031e+01
-9.041230773925781250e+01,2.689309501647949219e+01
-9.041933441162109375e+01,2.689329147338867188e+01
-9.041990661621093750e+01,2.689474678039550781e+01
-9.042333984375000000e+01,2.689280700683593750e+01
-9.042181396484375000e+01,2.689294433593750000e+01
-9.041945648193359375e+01,2.689429473876953125e+01
-9.040460205078125000e+01,2.689852714538574219e+01
-9.040409851074218750e+01,2.689394760131835938e+01
-9.041086578369140625e+01,2.689723587036132812e+01
-9.041019439697265625e+01,2.689385223388671875e+01
-9.040618896484375000e+01,2.689622879028320312e+01
-9.041016387939453125e+01,2.689897727966308594e+01
-9.041942596435546875e+01,2.689741325378417969e+01
-9.042227172851562500e+01,2.689430999755859375e+01
-9.040747833251953125e+01,2.690049552917480469e+01
-9.040396118164062500e+01,2.689447593688964844e+01
-9.042009735107421875e+01,2.689733886718750000e+01
-9.042283630371093750e+01,2.689063835144042969e+01
-9.040424346923828125e+01,2.689405250549316406e+01
-9.040834045410156250e+01,2.689479446411132812e+01
-9.042589569091796875e+01,2.689103126525878906e+01
-9.042057800292968750e+01,2.689250755310058594e+01
-9.040837860107421875e+01,2.689506530761718750e+01
-9.041757965087890625e+01,2.689426803588867188e+01
-9.042182159423828125e+01,2.689030647277832031e+01
-9.040814971923828125e+01,2.689396095275878906e+01
-9.040634155273437500e+01,2.689479637145996094e+01
-9.041195678710937500e+01,2.689632415771484375e+01
-9.042090606689453125e+01,2.689488792419433594e+01
-9.040850830078125000e+01,2.689567565917968750e+01
-9.041008758544921875e+01,2.689409446716308594e+01
-9.041047668457031250e+01,2.689256668090820312e+01
-9.040759277343750000e+01,2.689629554748535156e+01
-9.041831970214843750e+01,2.689666366577148438e+01
-9.042082977294921875e+01,2.689785766601562500e+01
-9.042085266113281250e+01,2.689291572570800781e+01
-9.041833496093750000e+01,2.689443016052246094e+01
-9.040438079833984375e+01,2.689348220825195312e+01
-9.040703582763671875e+01,2.689920425415039062e+01
-9.040625762939453125e+01,2.689092254638671875e+01
-9.040528106689453125e+01,2.689584541320800781e+01
-9.042443084716796875e+01,2.689031600952148438e+01
-9.041395568847656250e+01,2.689582633972167969e+01
-9.042090606689453125e+01,2.689549827575683594e+01
-9.041912841796875000e+01,2.689712524414062500e+01
-9.042279815673828125e+01,2.689274024963378906e+01
-9.041062927246093750e+01,2.689370918273925781e+01
-9.040993499755859375e+01,2.689280319213867188e+01
-9.042127990722656250e+01,2.689658546447753906e+01
-9.041947174072265625e+01,2.689867591857910156e+01
-9.040761566162109375e+01,2.689612197875976562e+01
-9.042272949218750000e+01,2.689269828796386719e+01
-9.040644836425781250e+01,2.689372062683105469e+01
-9.042234039306640625e+01,2.689121055603027344e+01
-9.042097473144531250e+01,2.689613533020019531e+01
-9.042190551757812500e+01,2.689518547058105469e+01
-9.040730285644531250e+01,2.689435005187988281e+01
-9.040534973144531250e+01,2.689458656311035156e+01
-9.042118835449218750e+01,2.689776611328125000e+01
-9.040493774414062500e+01,2.689417266845703125e+01
-9.042246246337890625e+01,2.689197158813476562e+01
-9.042153167724609375e+01,2.689529800415039062e+01
-9.040605163574218750e+01,2.689168739318847656e+01
-9.041921234130859375e+01,2.689341735839843750e+01
-9.041641998291015625e+01,2.689429283142089844e+01
-9.040691375732421875e+01,2.689826774597167969e+01
-9.040442657470703125e+01,2.689585876464843750e+01
-9.041997528076171875e+01,2.689472961425781250e+01
-9.041208648681640625e+01,2.689254760742187500e+01
-9.040647125244140625e+01,2.689723396301269531e+01
-9.040479278564453125e+01,2.689299774169921875e+01
-9.040849304199218750e+01,2.689507293701171875e+01
-9.040672302246093750e+01,2.689113235473632812e+01
-9.040633392333984375e+01,2.689570426940917969e+01
-9.041412353515625000e+01,2.689482116699218750e+01
-9.042052459716796875e+01,2.689446067810058594e+01
-9.040988159179687500e+01,2.689338684082031250e+01
-9.040756225585937500e+01,2.689995956420898438e+01
-9.041359710693359375e+01,2.689481925964355469e+01
-9.040654754638671875e+01,2.689750480651855469e+01
-9.042260742187500000e+01,2.689102363586425781e+01
-9.040982818603515625e+01,2.689535331726074219e+01
-9.041870117187500000e+01,2.689516258239746094e+01
-9.040981292724609375e+01,2.689304542541503906e+01
-9.041477203369140625e+01,2.689393615722656250e+01
-9.041981506347656250e+01,2.689654350280761719e+01
-9.041369628906250000e+01,2.689532661437988281e+01
-9.041651153564453125e+01,2.689469909667968750e+01
-9.042294311523437500e+01,2.689241981506347656e+01
-9.041205596923828125e+01,2.689235496520996094e+01
-9.042150115966796875e+01,2.689667320251464844e+01
-9.042102813720703125e+01,2.689364051818847656e+01
-9.042423248291015625e+01,2.689281845092773438e+01
-9.040920257568359375e+01,2.689632415771484375e+01
-9.042066955566406250e+01,2.689541244506835938e+01
-9.040800476074218750e+01,2.689893150329589844e+01
-9.040540313720703125e+01,2.689502143859863281e+01
-9.042024230957031250e+01,2.689309120178222656e+01
-9.041908264160156250e+01,2.689707183837890625e+01
-9.041044616699218750e+01,2.689664268493652344e+01
-9.041187286376953125e+01,2.689476394653320312e+01
-9.041840362548828125e+01,2.689419746398925781e+01
-9.040571594238281250e+01,2.689456367492675781e+01
-9.042028808593750000e+01,2.689657020568847656e+01
-9.040627288818359375e+01,2.689430809020996094e+01
-9.040710449218750000e+01,2.689448928833007812e+01
-9.041515350341796875e+01,2.689513587951660156e+01
-9.041099548339843750e+01,2.689694786071777344e+01
-9.041905212402343750e+01,2.689801979064941406e+01
-9.040940856933593750e+01,2.689639854431152344e+01
-9.042575836181640625e+01,2.689156723022460938e+01
-9.042243957519531250e+01,2.689011764526367188e+01
-9.041508483886718750e+01,2.689383316040039062e+01
-9.040940856933593750e+01,2.689413642883300781e+01
-9.041791534423828125e+01,2.689717864990234375e+01
-9.040399169921875000e+01,2.689328193664550781e+01
-9.042079925537109375e+01,2.689587783813476562e+01
-9.042041015625000000e+01,2.689701080322265625e+01
-9.042337799072265625e+01,2.689250183105468750e+01
-9.041672515869140625e+01,2.689408302307128906e+01
-9.042366027832031250e+01,2.689133262634277344e+01
-9.041670227050781250e+01,2.689308929443359375e+01
-9.040857696533203125e+01,2.689908409118652344e+01
-9.040779113769531250e+01,2.689698410034179688e+01
-9.041150665283203125e+01,2.689536285400390625e+01
-9.042203521728515625e+01,2.689444732666015625e+01
-9.041846466064453125e+01,2.689829635620117188e+01
-9.041930389404296875e+01,2.689705848693847656e+01
-9.042039489746093750e+01,2.689407157897949219e+01
-9.040634155273437500e+01,2.689583587646484375e+01
-9.041265106201171875e+01,2.689713859558105469e+01
-9.041121673583984375e+01,2.689703369140625000e+01
-9.040501403808593750e+01,2.689177322387695312e+01
-9.042408752441406250e+01,2.689197731018066406e+01
-9.041959381103515625e+01,2.689570236206054688e+01
-9.040758514404296875e+01,2.689480018615722656e+01
-9.041021728515625000e+01,2.689920043945312500e+01
-9.041822052001953125e+01,2.689685821533203125e+01
-9.042544555664062500e+01,2.689208793640136719e+01
-9.042250061035156250e+01,2.689439392089843750e+01
-9.041173553466796875e+01,2.689484977722167969e+01
-9.041898345947265625e+01,2.689512634277343750e+01
-9.040951538085937500e+01,2.689511680603027344e+01
-9.041416168212890625e+01,2.689485549926757812e+01
-9.040775299072265625e+01,2.689091300964355469e+01
-9.042096710205078125e+01,2.689156723022460938e+01
-9.041956329345703125e+01,2.689535331726074219e+01
-9.041839599609375000e+01,2.689810943603515625e+01
-9.040630340576171875e+01,2.689340591430664062e+01
-9.042404937744140625e+01,2.689014625549316406e+01
-9.041070556640625000e+01,2.689311218261718750e+01
-9.040626525878906250e+01,2.689475250244140625e+01
-9.041613006591796875e+01,2.689401245117187500e+01
-9.041184234619140625e+01,2.689621734619140625e+01
-9.042244720458984375e+01,2.689408874511718750e+01
-9.041914367675781250e+01,2.689728546142578125e+01
-9.040601348876953125e+01,2.689264678955078125e+01
-9.041393280029296875e+01,2.689573287963867188e+01
-9.040570068359375000e+01,2.689573287963867188e+01
-9.042190551757812500e+01,2.689047622680664062e+01
-9.042033386230468750e+01,2.689385223388671875e+01
-9.041598510742187500e+01,2.689474678039550781e+01
-9.041265869140625000e+01,2.689719200134277344e+01
-9.041448974609375000e+01,2.689422607421875000e+01
-9.040974426269531250e+01,2.689590454101562500e+01
-9.041876983642578125e+01,2.689486885070800781e+01
-9.040633392333984375e+01,2.689699172973632812e+01
-9.042217254638671875e+01,2.689289474487304688e+01
-9.040715026855468750e+01,2.689085578918457031e+01
-9.041817474365234375e+01,2.689444732666015625e+01
-9.041313934326171875e+01,2.689659881591796875e+01
-9.041904449462890625e+01,2.689816093444824219e+01
-9.042405700683593750e+01,2.689255142211914062e+01
-9.042218780517578125e+01,2.689346885681152344e+01
-9.040477752685546875e+01,2.689817237854003906e+01
-9.040901947021484375e+01,2.689749336242675781e+01
-9.040699005126953125e+01,2.689428710937500000e+01
-9.041936492919921875e+01,2.689640426635742188e+01
-9.041030120849609375e+01,2.689385032653808594e+01
-9.042082977294921875e+01,2.689325332641601562e+01
-9.041868591308593750e+01,2.689287948608398438e+01
-9.042308807373046875e+01,2.689176177978515625e+01
-9.042053985595703125e+01,2.689222145080566406e+01
-9.040869140625000000e+01,2.689962959289550781e+01
-9.041115570068359375e+01,2.689471244812011719e+01
-9.040745544433593750e+01,2.689415168762207031e+01
-9.041998291015625000e+01,2.689358520507812500e+01
-9.041077423095703125e+01,2.689595794677734375e+01
-9.042243194580078125e+01,2.689102363586425781e+01
-9.042584991455078125e+01,2.689115524291992188e+01
-9.040983581542968750e+01,2.689773559570312500e+01
-9.040743255615234375e+01,2.689621353149414062e+01
-9.042414093017578125e+01,2.689066886901855469e+01
-9.041049194335937500e+01,2.689494323730468750e+01
-9.042001342773437500e+01,2.689191818237304688e+01
-9.042614746093750000e+01,2.689105987548828125e+01
-9.042026519775390625e+01,2.689783096313476562e+01
-9.040473937988281250e+01,2.689547920227050781e+01
-9.040436553955078125e+01,2.689721298217773438e+01
-9.042229461669921875e+01,2.689414024353027344e+01
-9.042173004150390625e+01,2.689580154418945312e+01
-9.040595245361328125e+01,2.689597511291503906e+01
-9.042427825927734375e+01,2.689024543762207031e+01
-9.042096710205078125e+01,2.689329338073730469e+01
-9.041218566894531250e+01,2.689550399780273438e+01
-9.042470550537109375e+01,2.689106369018554688e+01
-9.042479705810546875e+01,2.688974189758300781e+01
-9.041992950439453125e+01,2.689842414855957031e+01
-9.042467498779296875e+01,2.689157485961914062e+01
-9.041063690185546875e+01,2.689818572998046875e+01
-9.040726470947265625e+01,2.689846992492675781e+01
-9.040637207031250000e+01,2.689464759826660156e+01
-9.040605926513671875e+01,2.689771842956542969e+01
-9.040663909912109375e+01,2.689935111999511719e+01
-9.042057800292968750e+01,2.689466857910156250e+01
-9.042050933837890625e+01,2.689480400085449219e+01
-9.042347717285156250e+01,2.689298629760742188e+01
-9.042127227783203125e+01,2.689645385742187500e+01
-9.040968322753906250e+01,2.689748764038085938e+01
-9.040717315673828125e+01,2.689952087402343750e+01
-9.040538024902343750e+01,2.689624786376953125e+01
-9.040969848632812500e+01,2.689302444458007812e+01
-9.042018127441406250e+01,2.689473915100097656e+01
-9.040594482421875000e+01,2.689088630676269531e+01
-9.042356872558593750e+01,2.688998794555664062e+01
-9.040509796142578125e+01,2.689199256896972656e+01
-9.040726470947265625e+01,2.689092063903808594e+01
-9.042272186279296875e+01,2.689339637756347656e+01
-9.040754699707031250e+01,2.689144325256347656e+01
-9.041566467285156250e+01,2.689459419250488281e+01
-9.040695953369140625e+01,2.689948654174804688e+01
-9.041873931884765625e+01,2.689311408996582031e+01
-9.042617797851562500e+01,2.689020919799804688e+01
-9.040976715087890625e+01,2.689773178100585938e+01
-9.042131805419921875e+01,2.689494514465332031e+01
-9.041869354248046875e+01,2.689813232421875000e+01
-9.041914367675781250e+01,2.689798736572265625e+01
-9.041098022460937500e+01,2.689524650573730469e+01
-9.042552947998046875e+01,2.689100837707519531e+01
-9.041229248046875000e+01,2.689475059509277344e+01
-9.041194915771484375e+01,2.689381027221679688e+01
-9.042133331298828125e+01,2.689399909973144531e+01
-9.040510559082031250e+01,2.689724731445312500e+01
-9.040977478027343750e+01,2.689930915832519531e+01
-9.040640258789062500e+01,2.689136123657226562e+01
-9.040592956542968750e+01,2.689237213134765625e+01
-9.041255950927734375e+01,2.689618682861328125e+01
-9.041509246826171875e+01,2.689496994018554688e+01
-9.041830444335937500e+01,2.689360618591308594e+01
-9.042052459716796875e+01,2.689295387268066406e+01
-9.040405273437500000e+01,2.689323806762695312e+01
-9.040859985351562500e+01,2.689527893066406250e+01
-9.040553283691406250e+01,2.689459991455078125e+01
-9.041758728027343750e+01,2.689352035522460938e+01
-9.042170715332031250e+01,2.689469337463378906e+01
-9.041572570800781250e+01,2.689465522766113281e+01
-9.040686798095703125e+01,2.689363098144531250e+01
-9.041963195800781250e+01,2.689522361755371094e+01
-9.041106414794921875e+01,2.689290237426757812e+01
-9.042259979248046875e+01,2.689291572570800781e+01
-9.041014099121093750e+01,2.689858818054199219e+01
-9.040486907958984375e+01,2.689357376098632812e+01
-9.041314697265625000e+01,2.689467811584472656e+01
-9.041976165771484375e+01,2.689829826354980469e+01
-9.042024993896484375e+01,2.689253234863281250e+01
-9.042042541503906250e+01,2.689629554748535156e+01
-9.042046356201171875e+01,2.689545249938964844e+01
-9.041998291015625000e+01,2.689842224121093750e+01
-9.042344665527343750e+01,2.689032173156738281e+01
-9.042488098144531250e+01,2.689103126525878906e+01
-9.041907501220703125e+01,2.689841270446777344e+01
-9.041734313964843750e+01,2.689385414123535156e+01
-9.040385437011718750e+01,2.689396476745605469e+01
-9.040886688232421875e+01,2.689963722229003906e+01
-9.042367553710937500e+01,2.689270782470703125e+01
-9.040749359130859375e+01,2.689471054077148438e+01
-9.040914154052734375e+01,2.689647102355957031e+01
-9.041163635253906250e+01,2.689231109619140625e+01
-9.041703796386718750e+01,2.689429855346679688e+01
-9.040527343750000000e+01,2.689363098144531250e+01
-9.040487670898437500e+01,2.689291572570800781e+01
-9.041190338134765625e+01,2.689318275451660156e+01
-9.040927124023437500e+01,2.689974594116210938e+01
-9.041220855712890625e+01,2.689737701416015625e+01
-9.041696166992187500e+01,2.689442825317382812e+01
-9.040727996826171875e+01,2.689744567871093750e+01
-9.040709686279296875e+01,2.689942741394042969e+01
-9.042362213134765625e+01,2.689108848571777344e+01
-9.041789245605468750e+01,2.689464378356933594e+01
-9.040870666503906250e+01,2.689713287353515625e+01
-9.040560913085937500e+01,2.689617729187011719e+01
-9.041951751708984375e+01,2.689252471923828125e+01
-9.040766906738281250e+01,2.689553833007812500e+01
-9.042321014404296875e+01,2.689215087890625000e+01
-9.040813446044921875e+01,2.689532470703125000e+01
-9.040847778320312500e+01,2.689425849914550781e+01
-9.040991973876953125e+01,2.689449119567871094e+01
-9.042382812500000000e+01,2.688931083679199219e+01
-9.040706634521484375e+01,2.689320945739746094e+01
-9.041201019287109375e+01,2.689382934570312500e+01
-9.040518951416015625e+01,2.689151954650878906e+01
-9.042129516601562500e+01,2.689698982238769531e+01
-9.042156219482421875e+01,2.689195632934570312e+01
-9.041347503662109375e+01,2.689543342590332031e+01
-9.040654754638671875e+01,2.689272689819335938e+01
-9.042082214355468750e+01,2.689737129211425781e+01
-9.040428924560546875e+01,2.689298057556152344e+01
-9.042160034179687500e+01,2.689595031738281250e+01
-9.041250610351562500e+01,2.689477157592773438e+01
-9.041032409667968750e+01,2.689703369140625000e+01
-9.042087554931640625e+01,2.689272308349609375e+01
-9.040509796142578125e+01,2.689285087585449219e+01
-9.042364501953125000e+01,2.688974761962890625e+01
-9.040737152099609375e+01,2.689698410034179688e+01
-9.040612030029296875e+01,2.689823913574218750e+01
-9.040667724609375000e+01,2.689138603210449219e+01
-9.042235565185546875e+01,2.689194679260253906e+01
-9.040690612792968750e+01,2.689131927490234375e+01
-9.040754699707031250e+01,2.689456748962402344e+01
-9.040988159179687500e+01,2.689640617370605469e+01
-9.042254638671875000e+01,2.689135551452636719e+01
-9.042562103271484375e+01,2.689182853698730469e+01
-9.040942382812500000e+01,2.689425277709960938e+01
-9.040418243408203125e+01,2.689862442016601562e+01
-9.040923309326171875e+01,2.689650535583496094e+01
-9.040621948242187500e+01,2.689845848083496094e+01
-9.042032623291015625e+01,2.689783859252929688e+01
-9.040507507324218750e+01,2.689133262634277344e+01
-9.042454528808593750e+01,2.689034080505371094e+01
-9.042356109619140625e+01,2.688979530334472656e+01
-9.040637969970703125e+01,2.689365768432617188e+01
-9.041931152343750000e+01,2.689855575561523438e+01
-9.040670776367187500e+01,2.689756011962890625e+01
-9.042133331298828125e+01,2.689548492431640625e+01
-9.040959930419921875e+01,2.689643478393554688e+01
-9.040982055664062500e+01,2.689858055114746094e+01
-9.042313385009765625e+01,2.689265441894531250e+01
-9.041958618164062500e+01,2.689860534667968750e+01
-9.042237854003906250e+01,2.689328193664550781e+01
-9.042546081542968750e+01,2.689068222045898438e+01
-9.040834045410156250e+01,2.690002059936523438e+01
-9.041194915771484375e+01,2.689724731445312500e+01
-9.040819549560546875e+01,2.689846420288085938e+01
-9.041440582275390625e+01,2.689555549621582031e+01
-9.042058563232421875e+01,2.689513206481933594e+01
-9.042310333251953125e+01,2.689310455322265625e+01
-9.042117309570312500e+01,2.689322853088378906e+01
-9.042517089843750000e+01,2.689004325866699219e+01
-9.040484619140625000e+01,2.689432144165039062e+01
-9.042250061035156250e+01,2.689227676391601562e+01
-9.042489624023437500e+01,2.689027214050292969e+01
-9.040908813476562500e+01,2.689685821533203125e+01
-9.042331695556640625e+01,2.689297866821289062e+01
-9.040798187255859375e+01,2.689102745056152344e+01
-9.042325592041015625e+01,2.689269828796386719e+01
-9.042105865478515625e+01,2.689352607727050781e+01
-9.042034149169921875e+01,2.689857673645019531e+01
-9.042193603515625000e+01,2.689415740966796875e+01
-9.040770721435546875e+01,2.689646339416503906e+01
-9.040412139892578125e+01,2.689834022521972656e+01
-9.040554046630859375e+01,2.689414405822753906e+01
-9.041002655029296875e+01,2.689273452758789062e+01
-9.040365600585937500e+01,2.689406204223632812e+01
-9.041819000244140625e+01,2.689559173583984375e+01
-9.040484619140625000e+01,2.689468765258789062e+01
-9.040705871582031250e+01,2.689983367919921875e+01
-9.040790557861328125e+01,2.689920806884765625e+01
-9.042310333251953125e+01,2.689287185668945312e+01
-9.040657043457031250e+01,2.689053916931152344e+01
-9.042434692382812500e+01,2.689109039306640625e+01
-9.040563201904296875e+01,2.689198875427246094e+01
-9.041891479492187500e+01,2.689552879333496094e+01
-9.042319488525390625e+01,2.689225387573242188e+01
-9.040808868408203125e+01,2.690035247802734375e+01
-9.040847015380859375e+01,2.689378166198730469e+01
-9.042177581787109375e+01,2.689236450195312500e+01
-9.041456604003906250e+01,2.689416313171386719e+01
-9.040499877929687500e+01,2.689628219604492188e+01
-9.041991424560546875e+01,2.689237594604492188e+01
-9.041976928710937500e+01,2.689709854125976562e+01
-9.041871643066406250e+01,2.689271736145019531e+01
-9.041191101074218750e+01,2.689480209350585938e+01
-9.041950988769531250e+01,2.689625930786132812e+01
-9.041056060791015625e+01,2.689804649353027344e+01
-9.040754699707031250e+01,2.689979171752929688e+01
-9.040610504150390625e+01,2.689080047607421875e+01
-9.042470550537109375e+01,2.689081764221191406e+01
-9.041253662109375000e+01,2.689700317382812500e+01
-9.040822601318359375e+01,2.689833450317382812e+01
-9.041236877441406250e+01,2.689639854431152344e+01
-9.041586303710937500e+01,2.689453697204589844e+01
-9.042091369628906250e+01,2.689671134948730469e+01
-9.042025756835937500e+01,2.689239883422851562e+01
-9.041522979736328125e+01,2.689369010925292969e+01
-9.041084289550781250e+01,2.689676475524902344e+01
-9.042490386962890625e+01,2.689236068725585938e+01
-9.041114044189453125e+01,2.689435195922851562e+01
-9.041830444335937500e+01,2.689401245117187500e+01
-9.041068267822265625e+01,2.689755821228027344e+01
-9.042007446289062500e+01,2.689629936218261719e+01
-9.042010498046875000e+01,2.689257240295410156e+01
-9.040587615966796875e+01,2.689841079711914062e+01
-9.040802764892578125e+01,2.689734458923339844e+01
-9.042510223388671875e+01,2.689129066467285156e+01
-9.041813659667968750e+01,2.689544486999511719e+01
-9.041057586669921875e+01,2.689744186401367188e+01
-9.041378021240234375e+01,2.689612770080566406e+01
-9.041918945312500000e+01,2.689415740966796875e+01
-9.040933990478515625e+01,2.689881706237792969e+01
-9.040506744384765625e+01,2.689517402648925781e+01
-9.041312408447265625e+01,2.689655876159667969e+01
-9.041056823730468750e+01,2.689401817321777344e+01
-9.040724945068359375e+01,2.689152717590332031e+01
-9.041654205322265625e+01,2.689440917968750000e+01
-9.040770721435546875e+01,2.689884376525878906e+01
-9.040817260742187500e+01,2.689503288269042969e+01
-9.042424774169921875e+01,2.689270401000976562e+01
-9.040740203857421875e+01,2.689823913574218750e+01
-9.041767883300781250e+01,2.689383888244628906e+01
-9.041122436523437500e+01,2.689279365539550781e+01
-9.040515136718750000e+01,2.689153671264648438e+01
-9.040775299072265625e+01,2.689995384216308594e+01
-9.040686035156250000e+01,2.689579010009765625e+01
-9.040552520751953125e+01,2.689122772216796875e+01
-9.041952514648437500e+01,2.689732933044433594e+01
-9.040652465820312500e+01,2.689401817321777344e+01
-9.040614318847656250e+01,2.689157867431640625e+01
-9.041197967529296875e+01,2.689579582214355469e+01
-9.040926361083984375e+01,2.689956474304199219e+01
-9.041703033447265625e+01,2.689345741271972656e+01
-9.042398834228515625e+01,2.689056587219238281e+01
-9.042383575439453125e+01,2.689123153686523438e+01
-9.040683746337890625e+01,2.689070510864257812e+01
-9.042182159423828125e+01,2.689536285400390625e+01
-9.042343902587890625e+01,2.689108276367187500e+01
-9.042036437988281250e+01,2.689831924438476562e+01
-9.041176605224609375e+01,2.689555549621582031e+01
-9.042054748535156250e+01,2.689133262634277344e+01
-9.041910552978515625e+01,2.689831352233886719e+01
-9.040644073486328125e+01,2.689549255371093750e+01
-9.042031097412109375e+01,2.689436149597167969e+01
-9.040730285644531250e+01,2.689912605285644531e+01
-9.041119384765625000e+01,2.689792060852050781e+01
-9.041946411132812500e+01,2.689600372314453125e+01
-9.042187500000000000e+01,2.689519309997558594e+01
-9.042227172851562500e+01,2.689315986633300781e+01
-9.040559387207031250e+01,2.689636802673339844e+01
-9.041188049316406250e+01,2.689770698547363281e+01
-9.040599822998046875e+01,2.689250946044921875e+01
-9.041352081298828125e+01,2.689527130126953125e+01
-9.040934753417968750e+01,2.689505195617675781e+01
-9.040576934814453125e+01,2.689169120788574219e+01
-9.041059875488281250e+01,2.689497566223144531e+01
-9.040476226806640625e+01,2.689425086975097656e+01
-9.041806793212890625e+01,2.689341545104980469e+01
-9.040734863281250000e+01,2.689585685729980469e+01
-9.042521667480468750e+01,2.689088058471679688e+01
-9.042038726806640625e+01,2.689675140380859375e+01
-9.041820526123046875e+01,2.689379501342773438e+01
-9.041030120849609375e+01,2.689799118041992188e+01
-9.040534210205078125e+01,2.689668273925781250e+01
-9.040805053710937500e+01,2.689445877075195312e+01
-9.040888214111328125e+01,2.689798545837402344e+01
-9.042218017578125000e+01,2.689322662353515625e+01
-9.042086029052734375e+01,2.689221000671386719e+01
-9.040800476074218750e+01,2.690039443969726562e+01
-9.041259765625000000e+01,2.689573478698730469e+01
-9.042045593261718750e+01,2.689849281311035156e+01
-9.042144775390625000e+01,2.689714622497558594e+01
-9.040694427490234375e+01,2.689477539062500000e+01
-9.040431213378906250e+01,2.689769363403320312e+01
-9.041273498535156250e+01,2.689605903625488281e+01
-9.041075897216796875e+01,2.689673614501953125e+01
-9.040372467041015625e+01,2.689407730102539062e+01
-9.042236328125000000e+01,2.689143371582031250e+01
-9.041143798828125000e+01,2.689455795288085938e+01
-9.042286682128906250e+01,2.689043045043945312e+01
-9.041970825195312500e+01,2.689784622192382812e+01
-9.041824340820312500e+01,2.689466094970703125e+01
-9.040905761718750000e+01,2.689453125000000000e+01
-9.040706634521484375e+01,2.689115905761718750e+01
-9.041944122314453125e+01,2.689267730712890625e+01
-9.040574645996093750e+01,2.689214134216308594e+01
-9.040761566162109375e+01,2.689539146423339844e+01
-9.040619659423828125e+01,2.689513969421386719e+01
-9.041986846923828125e+01,2.689214324951171875e+01
-9.041958618164062500e+01,2.689876174926757812e+01
-9.040945434570312500e+01,2.689589500427246094e+01
-9.041102600097656250e+01,2.689478492736816406e+01
-9.042369842529296875e+01,2.689295005798339844e+01
-9.041119384765625000e+01,2.689561271667480469e+01
-9.042274475097656250e+01,2.689101028442382812e+01
-9.042601013183593750e+01,2.689027404785156250e+01
-9.041887664794921875e+01,2.689252090454101562e+01
-9.041793823242187500e+01,2.689674949645996094e+01
-9.041172790527343750e+01,2.689246559143066406e+01
-9.041172790527343750e+01,2.689461135864257812e+01
-9.042282867431640625e+01,2.689031028747558594e+01
-9.042213439941406250e+01,2.689084625244140625e+01
-9.042151641845703125e+01,2.689420318603515625e+01
-9.040738677978515625e+01,2.689959526062011719e+01
-9.041944122314453125e+01,2.689602279663085938e+01
-9.040602874755859375e+01,2.689381980895996094e+01
-9.041935729980468750e+01,2.689619255065917969e+01
-9.040645599365234375e+01,2.689615249633789062e+01
-9.040840911865234375e+01,2.689736747741699219e+01
-9.041273498535156250e+01,2.689662170410156250e+01
-9.042236328125000000e+01,2.689305305480957031e+01
-9.041101837158203125e+01,2.689334869384765625e+01
-9.040725708007812500e+01,2.689060401916503906e+01
-9.040367889404296875e+01,2.689402770996093750e+01
-9.042045593261718750e+01,2.689429092407226562e+01
-9.041100311279296875e+01,2.689581489562988281e+01
-9.040770721435546875e+01,2.689084434509277344e+01
-9.040799713134765625e+01,2.689758682250976562e+01
-9.042368316650390625e+01,2.689134025573730469e+01
-9.041244506835937500e+01,2.689331436157226562e+01
-9.041098785400390625e+01,2.689396476745605469e+01
-9.042065429687500000e+01,2.689171409606933594e+01
-9.042137908935546875e+01,2.689224433898925781e+01
-9.040511322021484375e+01,2.689595603942871094e+01
-9.041998291015625000e+01,2.689395713806152344e+01
-9.040531921386718750e+01,2.689529800415039062e+01
-9.041989135742187500e+01,2.689175415039062500e+01
-9.040898895263671875e+01,2.689742660522460938e+01
-9.040996551513671875e+01,2.689510726928710938e+01
-9.042566680908203125e+01,2.689097595214843750e+01
-9.041985321044921875e+01,2.689230537414550781e+01
-9.042038726806640625e+01,2.689652252197265625e+01
-9.041069030761718750e+01,2.689499282836914062e+01
-9.040977478027343750e+01,2.689535522460937500e+01
-9.040499114990234375e+01,2.689145278930664062e+01
-9.042113494873046875e+01,2.689466285705566406e+01
-9.042127227783203125e+01,2.689487266540527344e+01
-9.041999053955078125e+01,2.689588928222656250e+01
-9.041815948486328125e+01,2.689826393127441406e+01
-9.041294097900390625e+01,2.689521789550781250e+01
-9.040940093994140625e+01,2.689378738403320312e+01
-9.040534210205078125e+01,2.689838027954101562e+01
-9.041006469726562500e+01,2.689340782165527344e+01
-9.042440032958984375e+01,2.689161300659179688e+01
-9.040984344482421875e+01,2.689910507202148438e+01
-9.042262268066406250e+01,2.689014625549316406e+01
-9.042171478271484375e+01,2.689730644226074219e+01
-9.040500640869140625e+01,2.689239501953125000e+01
-9.042602539062500000e+01,2.689088630676269531e+01
-9.042468261718750000e+01,2.689156913757324219e+01
-9.040650177001953125e+01,2.689239501953125000e+01
-9.040473937988281250e+01,2.689693260192871094e+01
-9.040772247314453125e+01,2.689445114135742188e+01
-9.042411041259765625e+01,2.689299392700195312e+01
-9.041875457763671875e+01,2.689639472961425781e+01
-9.041002655029296875e+01,2.689932250976562500e+01
-9.040963745117187500e+01,2.689463615417480469e+01
-9.042283630371093750e+01,2.689208793640136719e+01
-9.040542602539062500e+01,2.689499664306640625e+01
-9.040699768066406250e+01,2.690009689331054688e+01
-9.041038513183593750e+01,2.689701843261718750e+01
-9.040897369384765625e+01,2.689668273925781250e+01
-9.041873931884765625e+01,2.689815139770507812e+01
-9.041987609863281250e+01,2.689569282531738281e+01
-9.042056274414062500e+01,2.689493560791015625e+01
-9.041761016845703125e+01,2.689634704589843750e+01
-9.041413116455078125e+01,2.689528846740722656e+01
-9.042075347900390625e+01,2.689577865600585938e+01
-9.041219329833984375e+01,2.689513015747070312e+01
-9.040512084960937500e+01,2.689644622802734375e+01
-9.040733337402343750e+01,2.689618682861328125e+01
-9.040451049804687500e+01,2.689222145080566406e+01
-9.041838836669921875e+01,2.689669418334960938e+01
-9.040992736816406250e+01,2.689642715454101562e+01
-9.040875244140625000e+01,2.689979171752929688e+01
-9.041589355468750000e+01,2.689415168762207031e+01
-9.040570831298828125e+01,2.689723777770996094e+01
-9.040737915039062500e+01,2.689093780517578125e+01
-9.042575836181640625e+01,2.689172172546386719e+01
-9.041147613525390625e+01,2.689756965637207031e+01
-9.041981506347656250e+01,2.689546394348144531e+01
-9.040708923339843750e+01,2.689186668395996094e+01
-9.042438507080078125e+01,2.688936805725097656e+01
-9.041299438476562500e+01,2.689474868774414062e+01
-9.042127990722656250e+01,2.689444351196289062e+01
-9.040421295166015625e+01,2.689413070678710938e+01
-9.040532684326171875e+01,2.689545249938964844e+01
-9.041206359863281250e+01,2.689267349243164062e+01
-9.040698242187500000e+01,2.689935684204101562e+01
-9.040451812744140625e+01,2.689762306213378906e+01
-9.040475463867187500e+01,2.689386367797851562e+01
-9.041181945800781250e+01,2.689389228820800781e+01
-9.042031860351562500e+01,2.689548683166503906e+01
-9.042041778564453125e+01,2.689588737487792969e+01
-9.040885925292968750e+01,2.689776992797851562e+01
-9.041055297851562500e+01,2.689834403991699219e+01
-9.042270660400390625e+01,2.689446067810058594e+01
-9.041821289062500000e+01,2.689710426330566406e+01
-9.041944122314453125e+01,2.689887046813964844e+01
-9.041983032226562500e+01,2.689640235900878906e+01
-9.041042327880859375e+01,2.689338493347167969e+01
-9.041690063476562500e+01,2.689444923400878906e+01
-9.041131591796875000e+01,2.689778709411621094e+01
-9.040898132324218750e+01,2.689481735229492188e+01
-9.042443847656250000e+01,2.689191055297851562e+01
-9.041016387939453125e+01,2.689289093017578125e+01
-9.040550994873046875e+01,2.689412879943847656e+01
-9.042110443115234375e+01,2.689477157592773438e+01
-9.041974639892578125e+01,2.689694213867187500e+01
-9.042037200927734375e+01,2.689849281311035156e+01
-9.040489959716796875e+01,2.689562416076660156e+01
-9.042665100097656250e+01,2.689070701599121094e+01
-9.040971374511718750e+01,2.689305686950683594e+01
-9.042564392089843750e+01,2.689068794250488281e+01
-9.041006469726562500e+01,2.689538002014160156e+01
-9.041210937500000000e+01,2.689530563354492188e+01
-9.042199707031250000e+01,2.689153861999511719e+01
-9.040429687500000000e+01,2.689398765563964844e+01
-9.040455627441406250e+01,2.689799690246582031e+01
-9.041259002685546875e+01,2.689617919921875000e+01
-9.042089080810546875e+01,2.689154624938964844e+01
-9.041468811035156250e+01,2.689477539062500000e+01
-9.040563964843750000e+01,2.689805412292480469e+01
-9.041798400878906250e+01,2.689594650268554688e+01
-9.041924285888671875e+01,2.689319038391113281e+01
-9.042111968994140625e+01,2.689359664916992188e+01
-9.041942596435546875e+01,2.689482498168945312e+01
-9.042129516601562500e+01,2.689799308776855469e+01
-9.041133117675781250e+01,2.689722824096679688e+01
-9.042238616943359375e+01,2.689075469970703125e+01
-9.041947174072265625e+01,2.689453697204589844e+01
-9.042141723632812500e+01,2.689704132080078125e+01
-9.042005157470703125e+01,2.689201354980468750e+01
-9.041952514648437500e+01,2.689579582214355469e+01
-9.041876220703125000e+01,2.689601707458496094e+01
-9.040680694580078125e+01,2.689290237426757812e+01
-9.041988372802734375e+01,2.689508247375488281e+01
-9.041454315185546875e+01,2.689528846740722656e+01
-9.042098999023437500e+01,2.689730072021484375e+01
-9.041786956787109375e+01,2.689443588256835938e+01
-9.041972351074218750e+01,2.689854812622070312e+01
-9.041999053955078125e+01,2.689221763610839844e+01
-9.040876770019531250e+01,2.689889717102050781e+01
-9.040701293945312500e+01,2.689534950256347656e+01
-9.042012786865234375e+01,2.689303779602050781e+01
-9.042211151123046875e+01,2.689329719543457031e+01
-9.042554473876953125e+01,2.689116096496582031e+01
-9.040991210937500000e+01,2.689520454406738281e+01
-9.040574645996093750e+01,2.689118957519531250e+01
-9.041718292236328125e+01,2.689338302612304688e+01
-9.042537689208984375e+01,2.689020538330078125e+01
-9.040681457519531250e+01,2.689083480834960938e+01
-9.040618896484375000e+01,2.689638710021972656e+01
-9.041960144042968750e+01,2.689574050903320312e+01
-9.040627288818359375e+01,2.689186286926269531e+01
-9.040785217285156250e+01,2.689603042602539062e+01
-9.042060089111328125e+01,2.689267539978027344e+01
-9.041896057128906250e+01,2.689780807495117188e+01
-9.041876220703125000e+01,2.689769744873046875e+01
-9.040503692626953125e+01,2.689688491821289062e+01
-9.042111206054687500e+01,2.689606475830078125e+01
-9.040927124023437500e+01,2.689913940429687500e+01
-9.040770721435546875e+01,2.689471244812011719e+01
-9.040776824951171875e+01,2.689796066284179688e+01
-9.042437744140625000e+01,2.689187049865722656e+01
-9.040755462646484375e+01,2.689605331420898438e+01
-9.040623474121093750e+01,2.689083480834960938e+01
-9.042397308349609375e+01,2.689138603210449219e+01
-9.042276763916015625e+01,2.689019203186035156e+01
-9.041841125488281250e+01,2.689518356323242188e+01
-9.041900634765625000e+01,2.689550971984863281e+01
-9.041072082519531250e+01,2.689324378967285156e+01
-9.042477416992187500e+01,2.689022254943847656e+01
-9.042286682128906250e+01,2.689059829711914062e+01
-9.040538787841796875e+01,2.689338302612304688e+01
-9.041130828857421875e+01,2.689363288879394531e+01
-9.042418670654296875e+01,2.689020347595214844e+01
-9.041036224365234375e+01,2.689427566528320312e+01
-9.040999603271484375e+01,2.689538764953613281e+01
-9.041926574707031250e+01,2.689410591125488281e+01
-9.041873168945312500e+01,2.689628791809082031e+01
-9.040912628173828125e+01,2.689462471008300781e+01
-9.040607452392578125e+01,2.689323043823242188e+01
-9.041977691650390625e+01,2.689860343933105469e+01
-9.041857910156250000e+01,2.689374160766601562e+01
-9.042004394531250000e+01,2.689337348937988281e+01
-9.040364837646484375e+01,2.689400482177734375e+01
-9.041159057617187500e+01,2.689709663391113281e+01
-9.041192626953125000e+01,2.689796638488769531e+01
-9.042480468750000000e+01,2.689121818542480469e+01
-9.041893768310546875e+01,2.689278030395507812e+01
-9.042479705810546875e+01,2.689093971252441406e+01
-9.041300964355468750e+01,2.689545822143554688e+01
-9.040444946289062500e+01,2.689859962463378906e+01
-9.042283630371093750e+01,2.689243507385253906e+01
-9.041899871826171875e+01,2.689672279357910156e+01
-9.041085815429687500e+01,2.689276695251464844e+01
-9.040859985351562500e+01,2.689650726318359375e+01
-9.042620849609375000e+01,2.689089584350585938e+01
-9.042088317871093750e+01,2.689710044860839844e+01
-9.042085266113281250e+01,2.689652061462402344e+01
-9.041989135742187500e+01,2.689525794982910156e+01
-9.042491912841796875e+01,2.689076614379882812e+01
-9.041624450683593750e+01,2.689349174499511719e+01
-9.041075897216796875e+01,2.689584159851074219e+01
-9.042529296875000000e+01,2.689192008972167969e+01
-9.040581512451171875e+01,2.689652442932128906e+01
-9.040914916992187500e+01,2.689709663391113281e+01
-9.041110229492187500e+01,2.689417266845703125e+01
-9.040554046630859375e+01,2.689167022705078125e+01
-9.041912078857421875e+01,2.689843177795410156e+01
-9.040711212158203125e+01,2.689631652832031250e+01
-9.040893554687500000e+01,2.689671325683593750e+01
-9.041036224365234375e+01,2.689615249633789062e+01
-9.041915893554687500e+01,2.689345169067382812e+01
-9.040923309326171875e+01,2.689939117431640625e+01
-9.041561126708984375e+01,2.689488983154296875e+01
-9.040473175048828125e+01,2.689505958557128906e+01
-9.041243743896484375e+01,2.689481925964355469e+01
-9.042054748535156250e+01,2.689615631103515625e+01
-9.042250061035156250e+01,2.689210128784179688e+01
-9.040925598144531250e+01,2.689921760559082031e+01
-9.042082214355468750e+01,2.689417076110839844e+01
-9.040779113769531250e+01,2.689064788818359375e+01
-9.041761016845703125e+01,2.689484786987304688e+01
-9.042574310302734375e+01,2.689114761352539062e+01
-9.040617370605468750e+01,2.689376449584960938e+01
-9.041944885253906250e+01,2.689755249023437500e+01
-9.041315460205078125e+01,2.689599990844726562e+01
-9.041891479492187500e+01,2.689502143859863281e+01
-9.041969299316406250e+01,2.689704513549804688e+01
-9.040586090087890625e+01,2.689794731140136719e+01
-9.042079925537109375e+01,2.689422035217285156e+01
-9.042213439941406250e+01,2.689325332641601562e+01
-9.040631866455078125e+01,2.689769363403320312e+01
-9.040801239013671875e+01,2.690008354187011719e+01
-9.040599822998046875e+01,2.689722061157226562e+01
-9.042057800292968750e+01,2.689256668090820312e+01
-9.042576599121093750e+01,2.689185714721679688e+01
-9.042230224609375000e+01,2.689508819580078125e+01
-9.041852569580078125e+01,2.689383125305175781e+01
-9.040557098388671875e+01,2.689395904541015625e+01
-9.042148590087890625e+01,2.689436721801757812e+01
-9.040814208984375000e+01,2.689518165588378906e+01
-9.042411041259765625e+01,2.689179801940917969e+01
-9.041223144531250000e+01,2.689365577697753906e+01
-9.041150665283203125e+01,2.689478874206542969e+01
-9.040904998779296875e+01,2.689472389221191406e+01
-9.042208862304687500e+01,2.689246177673339844e+01
-9.040762329101562500e+01,2.689070701599121094e+01
-9.040406036376953125e+01,2.689369773864746094e+01
-9.040670013427734375e+01,2.689159965515136719e+01
-9.040861511230468750e+01,2.689631462097167969e+01
-9.040895843505859375e+01,2.689423561096191406e+01
-9.040401458740234375e+01,2.689419746398925781e+01
-9.042393493652343750e+01,2.689015960693359375e+01
-9.041246795654296875e+01,2.689577865600585938e+01
-9.042131805419921875e+01,2.689753341674804688e+01
-9.041893005371093750e+01,2.689564514160156250e+01
-9.041151428222656250e+01,2.689695167541503906e+01
-9.041053009033203125e+01,2.689811897277832031e+01
-9.042078399658203125e+01,2.689363861083984375e+01
-9.040896606445312500e+01,2.689440536499023438e+01
-9.041950988769531250e+01,2.689378738403320312e+01
-9.041075897216796875e+01,2.689586830139160156e+01
-9.040428924560546875e+01,2.689794731140136719e+01
-9.042078399658203125e+01,2.689519119262695312e+01
-9.041050720214843750e+01,2.689815902709960938e+01
-9.042455291748046875e+01,2.689197921752929688e+01
-9.040642547607421875e+01,2.689477157592773438e+01
-9.042051696777343750e+01,2.689356613159179688e+01
-9.040817260742187500e+01,2.689638328552246094e+01
-9.042135620117187500e+01,2.689776802062988281e+01
-9.041931152343750000e+01,2.689351654052734375e+01
-9.040640258789062500e+01,2.689629364013671875e+01
-9.041035461425781250e+01,2.689917182922363281e+01
-9.042276763916015625e+01,2.689400291442871094e+01
-9.040981292724609375e+01,2.689831733703613281e+01
-9.040428924560546875e+01,2.689551162719726562e+01
-9.040943908691406250e+01,2.689691352844238281e+01
-9.041092681884765625e+01,2.689606857299804688e+01
-9.040512084960937500e+01,2.689138031005859375e+01
-9.040799713134765625e+01,2.689560699462890625e+01
-9.042075347900390625e+01,2.689418601989746094e+01
-9.041894531250000000e+01,2.689741897583007812e+01
-9.042502593994140625e+01,2.689242935180664062e+01
-9.042164611816406250e+01,2.689358901977539062e+01
-9.040984344482421875e+01,2.689679527282714844e+01
-9.040964508056640625e+01,2.689446640014648438e+01
-9.040495300292968750e+01,2.689762687683105469e+01
-9.040785980224609375e+01,2.689924430847167969e+01
-9.040560150146484375e+01,2.689644813537597656e+01
-9.041968536376953125e+01,2.689709663391113281e+01
-9.042104339599609375e+01,2.689192581176757812e+01
-9.041785430908203125e+01,2.689621543884277344e+01
-9.042318725585937500e+01,2.689025306701660156e+01
-9.042137908935546875e+01,2.689074325561523438e+01
-9.042222595214843750e+01,2.689331436157226562e+01
-9.040784454345703125e+01,2.689883422851562500e+01
-9.040789031982421875e+01,2.689627838134765625e+01
-9.042262268066406250e+01,2.689029693603515625e+01
-9.041915130615234375e+01,2.689594841003417969e+01
-9.040628051757812500e+01,2.689139366149902344e+01
-9.040903472900390625e+01,2.689803123474121094e+01
-9.041040802001953125e+01,2.689288520812988281e+01
-9.040911865234375000e+01,2.689930534362792969e+01
-9.041468048095703125e+01,2.689463615417480469e+01
-9.042126464843750000e+01,2.689092254638671875e+01
-9.042096710205078125e+01,2.689234542846679688e+01
-9.041996765136718750e+01,2.689250183105468750e+01
-9.040929412841796875e+01,2.689956092834472656e+01
-9.042037963867187500e+01,2.689749336242675781e+01
-9.042132568359375000e+01,2.689639282226562500e+01
-9.040940856933593750e+01,2.689627265930175781e+01
-9.040882873535156250e+01,2.689703941345214844e+01
-9.040978240966796875e+01,2.689602279663085938e+01
-9.041890716552734375e+01,2.689273452758789062e+01
-9.041873931884765625e+01,2.689617538452148438e+01
-9.040769195556640625e+01,2.689449501037597656e+01
-9.041995239257812500e+01,2.689314079284667969e+01
-9.040491485595703125e+01,2.689207077026367188e+01
-9.042066192626953125e+01,2.689626312255859375e+01
-9.041086578369140625e+01,2.689615440368652344e+01
-9.041232299804687500e+01,2.689233207702636719e+01
-9.041104125976562500e+01,2.689871406555175781e+01
-9.040415954589843750e+01,2.689814376831054688e+01
-9.040627288818359375e+01,2.689269065856933594e+01
-9.040403747558593750e+01,2.689565849304199219e+01
-9.040904998779296875e+01,2.689471435546875000e+01
-9.042244720458984375e+01,2.689354324340820312e+01
-9.040769195556640625e+01,2.689932823181152344e+01
-9.041976928710937500e+01,2.689665985107421875e+01
-9.041016387939453125e+01,2.689611244201660156e+01
-9.041939544677734375e+01,2.689877128601074219e+01
-9.040617370605468750e+01,2.689190292358398438e+01
-9.040526580810546875e+01,2.689257240295410156e+01
-9.040548706054687500e+01,2.689352035522460938e+01
-9.042453765869140625e+01,2.689267921447753906e+01
-9.042079162597656250e+01,2.689297103881835938e+01
-9.042236328125000000e+01,2.689267349243164062e+01
-9.041844940185546875e+01,2.689359474182128906e+01
-9.041928863525390625e+01,2.689436149597167969e+01
-9.041983795166015625e+01,2.689168357849121094e+01
-9.040637207031250000e+01,2.689538764953613281e+01
-9.040834808349609375e+01,2.689439392089843750e+01
-9.042446136474609375e+01,2.689232826232910156e+01
-9.042174530029296875e+01,2.689158630371093750e+01
-9.040454101562500000e+01,2.689218139648437500e+01
-9.040783691406250000e+01,2.689400672912597656e+01
-9.040966796875000000e+01,2.689968109130859375e+01
-9.040463256835937500e+01,2.689669609069824219e+01
-9.042166900634765625e+01,2.689458274841308594e+01
-9.040814971923828125e+01,2.689566612243652344e+01
-9.042536926269531250e+01,2.689029502868652344e+01
-9.040709686279296875e+01,2.689294815063476562e+01
-9.041123962402343750e+01,2.689429473876953125e+01
-9.040676116943359375e+01,2.689760589599609375e+01
-9.042124938964843750e+01,2.689108276367187500e+01
-9.041022491455078125e+01,2.689824295043945312e+01
-9.041854095458984375e+01,2.689721679687500000e+01
-9.040705871582031250e+01,2.689131546020507812e+01
-9.041930389404296875e+01,2.689776802062988281e+01
-9.041793060302734375e+01,2.689598846435546875e+01
-9.042356872558593750e+01,2.689138031005859375e+01
-9.042182922363281250e+01,2.689345359802246094e+01
-9.040533447265625000e+01,2.689830207824707031e+01
-9.041935729980468750e+01,2.689358329772949219e+01
-9.042214202880859375e+01,2.689520072937011719e+01
-9.042642974853515625e+01,2.689052009582519531e+01
-9.042610931396484375e+01,2.689127349853515625e+01
-9.040795898437500000e+01,2.689868927001953125e+01
-9.040683746337890625e+01,2.689852714538574219e+01
-9.042093658447265625e+01,2.689161872863769531e+01
-9.042044067382812500e+01,2.689517211914062500e+01
-9.042097473144531250e+01,2.689125823974609375e+01
-9.042053222656250000e+01,2.689118194580078125e+01
-9.040596771240234375e+01,2.689507102966308594e+01
-9.040686798095703125e+01,2.689248085021972656e+01
-9.040630340576171875e+01,2.689272308349609375e+01
-9.042182922363281250e+01,2.689562797546386719e+01
-9.042427825927734375e+01,2.689257049560546875e+01
-9.042000579833984375e+01,2.689498519897460938e+01
-9.041149139404296875e+01,2.689503097534179688e+01
-9.040586090087890625e+01,2.689834785461425781e+01
-9.041954803466796875e+01,2.689369583129882812e+01
-9.042063140869140625e+01,2.689435386657714844e+01
-9.042050170898437500e+01,2.689440727233886719e+01
-9.042569732666015625e+01,2.689194869995117188e+01
-9.041535949707031250e+01,2.689398956298828125e+01
-9.040586853027343750e+01,2.689655494689941406e+01
-9.041203308105468750e+01,2.689505767822265625e+01
-9.042559051513671875e+01,2.689097023010253906e+01
-9.041488647460937500e+01,2.689400863647460938e+01
-9.040882110595703125e+01,2.689775657653808594e+01
-9.041917419433593750e+01,2.689428901672363281e+01
-9.040692901611328125e+01,2.689286041259765625e+01
-9.041928100585937500e+01,2.689675712585449219e+01
-9.040573120117187500e+01,2.689345359802246094e+01
-9.042451477050781250e+01,2.689204978942871094e+01
-9.040397644042968750e+01,2.689408493041992188e+01
-9.041959381103515625e+01,2.689190101623535156e+01
-9.042240905761718750e+01,2.689155960083007812e+01
-9.041039276123046875e+01,2.689547157287597656e+01
-9.040936279296875000e+01,2.689358711242675781e+01
-9.040725708007812500e+01,2.689463806152343750e+01
-9.040535736083984375e+01,2.689405822753906250e+01
-9.040554809570312500e+01,2.689552688598632812e+01
-9.042176818847656250e+01,2.689707183837890625e+01
-9.041048431396484375e+01,2.689668655395507812e+01
-9.042028045654296875e+01,2.689660835266113281e+01
-9.040759277343750000e+01,2.689832305908203125e+01
-9.040843963623046875e+01,2.690008926391601562e+01
-9.040744781494140625e+01,2.689564704895019531e+01
-9.041576385498046875e+01,2.689430046081542969e+01
-9.041245269775390625e+01,2.689275741577148438e+01
-9.041848754882812500e+01,2.689831352233886719e+01
-9.042139434814453125e+01,2.689671516418457031e+01
-9.040949249267578125e+01,2.689839935302734375e+01
-9.041857147216796875e+01,2.689430236816406250e+01
-9.041975402832031250e+01,2.689630508422851562e+01
-9.040585327148437500e+01,2.689623451232910156e+01
-9.040499114990234375e+01,2.689696311950683594e+01
-9.040641784667968750e+01,2.689804649353027344e+01
-9.041180419921875000e+01,2.689617729187011719e+01
-9.041848754882812500e+01,2.689457702636718750e+01
-9.040996551513671875e+01,2.689894676208496094e+01
-9.041413879394531250e+01,2.689433097839355469e+01
-9.041855621337890625e+01,2.689590072631835938e+01
-9.041616821289062500e+01,2.689476776123046875e+01
-9.040528869628906250e+01,2.689401245117187500e+01
-9.040843963623046875e+01,2.689603424072265625e+01
-9.040761566162109375e+01,2.689840507507324219e+01
-9.041923522949218750e+01,2.689825630187988281e+01
-9.042216491699218750e+01,2.689081001281738281e+01
-9.041130828857421875e+01,2.689230728149414062e+01
-9.041046142578125000e+01,2.689429473876953125e+01
-9.040576934814453125e+01,2.689327430725097656e+01
-9.041251373291015625e+01,2.689673042297363281e+01
-9.040593719482421875e+01,2.689776992797851562e+01
-9.041666412353515625e+01,2.689419937133789062e+01
-9.042205810546875000e+01,2.689442443847656250e+01
-9.040458679199218750e+01,2.689217948913574219e+01
-9.040484619140625000e+01,2.689615440368652344e+01
-9.041880798339843750e+01,2.689689064025878906e+01
-9.042137908935546875e+01,2.689727783203125000e+01
-9.040471649169921875e+01,2.689215850830078125e+01
-9.042008209228515625e+01,2.689331626892089844e+01
-9.041065979003906250e+01,2.689551544189453125e+01
-9.040665435791015625e+01,2.689402389526367188e+01
-9.040643310546875000e+01,2.689514160156250000e+01
-9.040561676025390625e+01,2.689281082153320312e+01
-9.042215728759765625e+01,2.689439582824707031e+01
-9.040920257568359375e+01,2.689685440063476562e+01
-9.040924835205078125e+01,2.689417457580566406e+01
-9.042254638671875000e+01,2.689118194580078125e+01
-9.042286682128906250e+01,2.689385032653808594e+01
-9.040608215332031250e+01,2.689416313171386719e+01
-9.040798187255859375e+01,2.689405632019042969e+01
-9.042019653320312500e+01,2.689630889892578125e+01
-9.040993499755859375e+01,2.689726257324218750e+01
-9.040769195556640625e+01,2.689569282531738281e+01
-9.040802001953125000e+01,2.689761543273925781e+01
-9.040798950195312500e+01,2.689907073974609375e+01
-9.042139434814453125e+01,2.689683723449707031e+01
-9.040666961669921875e+01,2.689533233642578125e+01
-9.042193603515625000e+01,2.689704704284667969e+01
-9.040714263916015625e+01,2.689746665954589844e+01
-9.040686035156250000e+01,2.689658546447753906e+01
-9.041199493408203125e+01,2.689222335815429688e+01
-9.042047882080078125e+01,2.689230728149414062e+01
-9.042222595214843750e+01,2.689345741271972656e+01
-9.042018127441406250e+01,2.689185714721679688e+01
-9.040651702880859375e+01,2.689398384094238281e+01
-9.040710449218750000e+01,2.689194297790527344e+01
-9.040714263916015625e+01,2.689814758300781250e+01
-9.040789794921875000e+01,2.689909744262695312e+01
-9.042404174804687500e+01,2.689296722412109375e+01
-9.040688323974609375e+01,2.689398765563964844e+01
-9.041919708251953125e+01,2.689497756958007812e+01
-9.041095733642578125e+01,2.689533996582031250e+01
-9.041739654541015625e+01,2.689302444458007812e+01
-9.040628814697265625e+01,2.689424705505371094e+01
-9.042196655273437500e+01,2.689232444763183594e+01
-9.040858459472656250e+01,2.689392852783203125e+01
-9.040557098388671875e+01,2.689407348632812500e+01
-9.042417907714843750e+01,2.689000511169433594e+01
-9.042234802246093750e+01,2.689413452148437500e+01
-9.040908050537109375e+01,2.689440345764160156e+01
-9.042129516601562500e+01,2.689585304260253906e+01
-9.041209411621093750e+01,2.689582633972167969e+01
-9.042065429687500000e+01,2.689320945739746094e+01
-9.041934204101562500e+01,2.689585113525390625e+01
-9.041120147705078125e+01,2.689695167541503906e+01
-9.041989898681640625e+01,2.689461898803710938e+01
-9.042076873779296875e+01,2.689363098144531250e+01
-9.042378997802734375e+01,2.689085388183593750e+01
-9.040854644775390625e+01,2.689891242980957031e+01
-9.040521240234375000e+01,2.689501762390136719e+01
-9.042530822753906250e+01,2.689166450500488281e+01
-9.041865539550781250e+01,2.689370536804199219e+01
-9.040766906738281250e+01,2.689075088500976562e+01
-9.042481231689453125e+01,2.689070320129394531e+01
-9.041408538818359375e+01,2.689590644836425781e+01
-9.042339324951171875e+01,2.689254188537597656e+01
-9.040608215332031250e+01,2.689715766906738281e+01
-9.040615081787109375e+01,2.689482116699218750e+01
-9.042278289794921875e+01,2.689022636413574219e+01
-9.040592193603515625e+01,2.689450645446777344e+01
-9.041873931884765625e+01,2.689625740051269531e+01
-9.041972351074218750e+01,2.689822578430175781e+01
-9.041231536865234375e+01,2.689282035827636719e+01
-9.042208099365234375e+01,2.689202117919921875e+01
-9.041861724853515625e+01,2.689412307739257812e+01
-9.041541290283203125e+01,2.689480209350585938e+01
-9.040528106689453125e+01,2.689306831359863281e+01
-9.041171264648437500e+01,2.689792633056640625e+01
-9.042145538330078125e+01,2.689316558837890625e+01
-9.041429901123046875e+01,2.689439964294433594e+01
-9.040980529785156250e+01,2.689563179016113281e+01
-9.040648651123046875e+01,2.689575386047363281e+01
-9.041377258300781250e+01,2.689455604553222656e+01
-9.041604614257812500e+01,2.689393806457519531e+01
-9.042424774169921875e+01,2.689064979553222656e+01
-9.041902160644531250e+01,2.689266586303710938e+01
-9.040725708007812500e+01,2.689949226379394531e+01
-9.041103363037109375e+01,2.689262580871582031e+01
-9.041796112060546875e+01,2.689838790893554688e+01
-9.042647552490234375e+01,2.689074516296386719e+01
-9.040646362304687500e+01,2.689123916625976562e+01
-9.042196655273437500e+01,2.689202499389648438e+01
-9.042443084716796875e+01,2.688944625854492188e+01
-9.041988372802734375e+01,2.689561653137207031e+01
-9.041181945800781250e+01,2.689630317687988281e+01
-9.041918945312500000e+01,2.689786148071289062e+01
-9.042095947265625000e+01,2.689260101318359375e+01
-9.041904449462890625e+01,2.689497566223144531e+01
-9.042429351806640625e+01,2.689053153991699219e+01
-9.040557861328125000e+01,2.689418029785156250e+01
-9.040658569335937500e+01,2.689319610595703125e+01
-9.041194152832031250e+01,2.689260864257812500e+01
-9.040415191650390625e+01,2.689872360229492188e+01
-9.041940307617187500e+01,2.689673995971679688e+01
-9.041214752197265625e+01,2.689514541625976562e+01
-9.040676116943359375e+01,2.689719200134277344e+01
-9.041872406005859375e+01,2.689515686035156250e+01
-9.042021942138671875e+01,2.689830398559570312e+01
-9.040595245361328125e+01,2.689415168762207031e+01
-9.042015075683593750e+01,2.689265251159667969e+01
-9.040895843505859375e+01,2.689525222778320312e+01
-9.042232513427734375e+01,2.689506530761718750e+01
-9.041059875488281250e+01,2.689348411560058594e+01
-9.040645599365234375e+01,2.689323997497558594e+01
-9.040521240234375000e+01,2.689327812194824219e+01
-9.041972351074218750e+01,2.689618110656738281e+01
-9.040864562988281250e+01,2.689916801452636719e+01
-9.040544891357421875e+01,2.689171409606933594e+01
-9.041053009033203125e+01,2.689635658264160156e+01
-9.042306518554687500e+01,2.689255332946777344e+01
-9.040644073486328125e+01,2.689562225341796875e+01
-9.042599487304687500e+01,2.689144897460937500e+01
-9.041164398193359375e+01,2.689671897888183594e+01
-9.041841125488281250e+01,2.689293861389160156e+01
-9.042021942138671875e+01,2.689849472045898438e+01
-9.040660095214843750e+01,2.689684104919433594e+01
-9.041167449951171875e+01,2.689371871948242188e+01
-9.040637969970703125e+01,2.689227676391601562e+01
-9.041743469238281250e+01,2.689447402954101562e+01
-9.042090606689453125e+01,2.689729690551757812e+01
-9.040399932861328125e+01,2.689353179931640625e+01
-9.041839599609375000e+01,2.689668846130371094e+01
-9.041576385498046875e+01,2.689408874511718750e+01
-9.040818023681640625e+01,2.689653778076171875e+01
-9.042281341552734375e+01,2.689243316650390625e+01
-9.042176055908203125e+01,2.689226722717285156e+01
-9.040628051757812500e+01,2.689220809936523438e+01
-9.042338562011718750e+01,2.688995742797851562e+01
-9.040444183349609375e+01,2.689279365539550781e+01
-9.041113281250000000e+01,2.689778900146484375e+01
-9.040922546386718750e+01,2.689824485778808594e+01
-9.042223358154296875e+01,2.689451217651367188e+01
-9.042023468017578125e+01,2.689237022399902344e+01
-9.040632629394531250e+01,2.689154624938964844e+01
-9.041680145263671875e+01,2.689337539672851562e+01
-9.040828704833984375e+01,2.689591979980468750e+01
-9.041846466064453125e+01,2.689672660827636719e+01
-9.042601776123046875e+01,2.689086914062500000e+01
-9.041693878173828125e+01,2.689324188232421875e+01
-9.040494537353515625e+01,2.689633560180664062e+01
-9.041883850097656250e+01,2.689701843261718750e+01
-9.040442657470703125e+01,2.689488029479980469e+01
-9.040422821044921875e+01,2.689813232421875000e+01
-9.041790771484375000e+01,2.689632606506347656e+01
-9.041880035400390625e+01,2.689634895324707031e+01
-9.041778564453125000e+01,2.689455223083496094e+01
-9.040669250488281250e+01,2.689455986022949219e+01
-9.041644287109375000e+01,2.689335060119628906e+01
-9.042379760742187500e+01,2.689004516601562500e+01
-9.041938018798828125e+01,2.689577865600585938e+01
-9.041918945312500000e+01,2.689754104614257812e+01
-9.041158294677734375e+01,2.689342689514160156e+01
-9.040847015380859375e+01,2.689454841613769531e+01
-9.040592193603515625e+01,2.689639472961425781e+01
-9.040853118896484375e+01,2.689772987365722656e+01
-9.041834259033203125e+01,2.689523696899414062e+01
-9.041090393066406250e+01,2.689794349670410156e+01
-9.040898895263671875e+01,2.689560508728027344e+01
-9.041110229492187500e+01,2.689616966247558594e+01
-9.041062164306640625e+01,2.689863967895507812e+01
-9.042046356201171875e+01,2.689621925354003906e+01
-9.042076873779296875e+01,2.689328193664550781e+01
-9.041835784912109375e+01,2.689800262451171875e+01
-9.041599273681640625e+01,2.689485549926757812e+01
-9.042134857177734375e+01,2.689688301086425781e+01
-9.041170501708984375e+01,2.689755439758300781e+01
-9.042088317871093750e+01,2.689832687377929688e+01
-9.041000366210937500e+01,2.689603042602539062e+01
-9.042219543457031250e+01,2.689152908325195312e+01
-9.041896057128906250e+01,2.689535331726074219e+01
-9.041450500488281250e+01,2.689487838745117188e+01
-9.041244506835937500e+01,2.689483642578125000e+01
-9.042132568359375000e+01,2.689682579040527344e+01
-9.040463256835937500e+01,2.689342117309570312e+01
-9.041674041748046875e+01,2.689401054382324219e+01
-9.041058349609375000e+01,2.689468765258789062e+01
-9.041973114013671875e+01,2.689303207397460938e+01
-9.040974426269531250e+01,2.689766120910644531e+01
-9.042437744140625000e+01,2.689140129089355469e+01
-9.042106628417968750e+01,2.689736938476562500e+01
-9.041307067871093750e+01,2.689656448364257812e+01
-9.042458343505859375e+01,2.689177322387695312e+01
-9.040422058105468750e+01,2.689412117004394531e+01
-9.041139984130859375e+01,2.689716720581054688e+01
-9.040801239013671875e+01,2.689992713928222656e+01
-9.040678405761718750e+01,2.689636230468750000e+01
