longitude,latitude
-9.044799041748046875e+01,2.690121078491210938e+01
-9.044594573974609375e+01,2.690313529968261719e+01
-9.044773101806640625e+01,2.690190315246582031e+01
-9.044821929931640625e+01,2.690101051330566406e+01
-9.044696044921875000e+01,2.690198516845703125e+01
-9.044751739501953125e+01,2.690238571166992188e+01
-9.044752502441406250e+01,2.690210151672363281e+01
-9.044812774658203125e+01,2.690117073059082031e+01
-9.044703674316406250e+01,2.690193176269531250e+01
-9.044705200195312500e+01,2.690196800231933594e+01
-9.044766998291015625e+01,2.690129470825195312e+01
-9.044774627685546875e+01,2.690132904052734375e+01
-9.044618225097656250e+01,2.690259361267089844e+01
-9.044741058349609375e+01,2.690209579467773438e+01
-9.044787597656250000e+01,2.690113258361816406e+01
-9.044693756103515625e+01,2.690182495117187500e+01
-9.044691467285156250e+01,2.690247344970703125e+01
-9.044828796386718750e+01,2.690107536315917969e+01
-9.044724273681640625e+01,2.690267562866210938e+01
-9.044667053222656250e+01,2.690211677551269531e+01
-9.044690704345703125e+01,2.690236282348632812e+01
-9.044692230224609375e+01,2.690285873413085938e+01
-9.044678497314453125e+01,2.690289688110351562e+01
-9.044850921630859375e+01,2.690140533447265625e+01
-9.044853210449218750e+01,2.690109252929687500e+01
-9.044759368896484375e+01,2.690182685852050781e+01
-9.044821166992187500e+01,2.690116500854492188e+01
-9.044722747802734375e+01,2.690189170837402344e+01
-9.044729614257812500e+01,2.690250778198242188e+01
-9.044705963134765625e+01,2.690171813964843750e+01
-9.044763946533203125e+01,2.690225028991699219e+01
-9.044746398925781250e+01,2.690247344970703125e+01
-9.044772338867187500e+01,2.690165328979492188e+01
-9.044634246826171875e+01,2.690250205993652344e+01
-9.044824981689453125e+01,2.690157890319824219e+01
-9.044629669189453125e+01,2.690272140502929688e+01
-9.044765472412109375e+01,2.690187835693359375e+01
-9.044738006591796875e+01,2.690229606628417969e+01
-9.044842529296875000e+01,2.690134811401367188e+01
-9.044763946533203125e+01,2.690176391601562500e+01
-9.044779205322265625e+01,2.690167427062988281e+01
-9.044647216796875000e+01,2.690291976928710938e+01
-9.044672393798828125e+01,2.690249061584472656e+01
-9.044709014892578125e+01,2.690167236328125000e+01
-9.044717407226562500e+01,2.690214347839355469e+01
-9.044841766357421875e+01,2.690102195739746094e+01
-9.044790649414062500e+01,2.690196800231933594e+01
-9.044759368896484375e+01,2.690171813964843750e+01
-9.044717407226562500e+01,2.690273094177246094e+01
-9.044739532470703125e+01,2.690248298645019531e+01
-9.044714355468750000e+01,2.690240097045898438e+01
-9.044786071777343750e+01,2.690188598632812500e+01
-9.044681549072265625e+01,2.690225410461425781e+01
-9.044698333740234375e+01,2.690250587463378906e+01
-9.044691467285156250e+01,2.690249061584472656e+01
-9.044788360595703125e+01,2.690110778808593750e+01
-9.044733428955078125e+01,2.690139579772949219e+01
-9.044652557373046875e+01,2.690317726135253906e+01
-9.044836425781250000e+01,2.690147972106933594e+01
-9.044622039794921875e+01,2.690283966064453125e+01
-9.044759368896484375e+01,2.690221214294433594e+01
-9.044795989990234375e+01,2.690111541748046875e+01
-9.044702911376953125e+01,2.690203475952148438e+01
-9.044746398925781250e+01,2.690222740173339844e+01
-9.044655609130859375e+01,2.690293884277343750e+01
-9.044734954833984375e+01,2.690244293212890625e+01
-9.044679260253906250e+01,2.690200996398925781e+01
-9.044664001464843750e+01,2.690289115905761719e+01
-9.044793701171875000e+01,2.690195846557617188e+01
-9.044725799560546875e+01,2.690203857421875000e+01
-9.044763946533203125e+01,2.690209197998046875e+01
-9.044709777832031250e+01,2.690209579467773438e+01
-9.044739532470703125e+01,2.690203857421875000e+01
-9.044638824462890625e+01,2.690243530273437500e+01
-9.044824218750000000e+01,2.690137863159179688e+01
-9.044763946533203125e+01,2.690214157104492188e+01
-9.044719696044921875e+01,2.690269088745117188e+01
-9.044716644287109375e+01,2.690173912048339844e+01
-9.044745635986328125e+01,2.690167427062988281e+01
-9.044770050048828125e+01,2.690131950378417969e+01
-9.044602966308593750e+01,2.690293312072753906e+01
-9.044694519042968750e+01,2.690269851684570312e+01
-9.044616699218750000e+01,2.690309906005859375e+01
-9.044696807861328125e+01,2.690202522277832031e+01
-9.044763183593750000e+01,2.690186500549316406e+01
-9.044634246826171875e+01,2.690256881713867188e+01
-9.044706726074218750e+01,2.690232086181640625e+01
-9.044789886474609375e+01,2.690111732482910156e+01
-9.044797515869140625e+01,2.690189743041992188e+01
-9.044734954833984375e+01,2.690252876281738281e+01
-9.044661712646484375e+01,2.690306091308593750e+01
-9.044731903076171875e+01,2.690237998962402344e+01
-9.044726562500000000e+01,2.690157890319824219e+01
-9.044725799560546875e+01,2.690221786499023438e+01
-9.044679260253906250e+01,2.690223503112792969e+01
-9.044792938232421875e+01,2.690145874023437500e+01
-9.044844818115234375e+01,2.690116310119628906e+01
-9.044789123535156250e+01,2.690184211730957031e+01
-9.044805145263671875e+01,2.690148925781250000e+01
-9.044751739501953125e+01,2.690201568603515625e+01
-9.044748687744140625e+01,2.690155029296875000e+01
-9.044798278808593750e+01,2.690100479125976562e+01
-9.044698333740234375e+01,2.690251922607421875e+01
-9.044750213623046875e+01,2.690190696716308594e+01
-9.044699096679687500e+01,2.690225982666015625e+01
-9.044742584228515625e+01,2.690184974670410156e+01
-9.044766235351562500e+01,2.690204048156738281e+01
-9.044664001464843750e+01,2.690249633789062500e+01
-9.044801330566406250e+01,2.690126991271972656e+01
-9.044812774658203125e+01,2.690165519714355469e+01
-9.044666290283203125e+01,2.690212821960449219e+01
-9.044777679443359375e+01,2.690124130249023438e+01
-9.044768524169921875e+01,2.690195465087890625e+01
-9.044709014892578125e+01,2.690239715576171875e+01
-9.044689178466796875e+01,2.690272903442382812e+01
-9.044767761230468750e+01,2.690228080749511719e+01
-9.044828033447265625e+01,2.690159416198730469e+01
-9.044709777832031250e+01,2.690249824523925781e+01
-9.044805145263671875e+01,2.690176963806152344e+01
-9.044638061523437500e+01,2.690275001525878906e+01
-9.044719696044921875e+01,2.690176010131835938e+01
-9.044672393798828125e+01,2.690259170532226562e+01
-9.044790649414062500e+01,2.690141677856445312e+01
-9.044707489013671875e+01,2.690192413330078125e+01
-9.044748687744140625e+01,2.690235137939453125e+01
-9.044731903076171875e+01,2.690183067321777344e+01
-9.044800567626953125e+01,2.690172004699707031e+01
-9.044747161865234375e+01,2.690222358703613281e+01
-9.044642639160156250e+01,2.690312385559082031e+01
-9.044793701171875000e+01,2.690163421630859375e+01
-9.044712066650390625e+01,2.690244865417480469e+01
-9.044839477539062500e+01,2.690093994140625000e+01
-9.044818878173828125e+01,2.690116119384765625e+01
-9.044712066650390625e+01,2.690240287780761719e+01
-9.044648742675781250e+01,2.690245628356933594e+01
-9.044635009765625000e+01,2.690317916870117188e+01
-9.044833374023437500e+01,2.690143013000488281e+01
-9.044812774658203125e+01,2.690151023864746094e+01
-9.044639587402343750e+01,2.690303230285644531e+01
-9.044841003417968750e+01,2.690097045898437500e+01
-9.044770050048828125e+01,2.690233421325683594e+01
-9.044724273681640625e+01,2.690200996398925781e+01
-9.044712066650390625e+01,2.690189743041992188e+01
-9.044738006591796875e+01,2.690192222595214844e+01
-9.044656372070312500e+01,2.690213394165039062e+01
-9.044789886474609375e+01,2.690128898620605469e+01
-9.044774627685546875e+01,2.690229606628417969e+01
-9.044823455810546875e+01,2.690132141113281250e+01
-9.044756317138671875e+01,2.690135002136230469e+01
-9.044791412353515625e+01,2.690178489685058594e+01
-9.044704437255859375e+01,2.690226936340332031e+01
-9.044840240478515625e+01,2.690127944946289062e+01
-9.044617462158203125e+01,2.690305709838867188e+01
-9.044857788085937500e+01,2.690132331848144531e+01
-9.044775390625000000e+01,2.690133476257324219e+01
-9.044673919677734375e+01,2.690263748168945312e+01
-9.044658660888671875e+01,2.690226173400878906e+01
-9.044681549072265625e+01,2.690233039855957031e+01
-9.044854736328125000e+01,2.690121841430664062e+01
-9.044717407226562500e+01,2.690205955505371094e+01
-9.044814300537109375e+01,2.690144538879394531e+01
-9.044860839843750000e+01,2.690130615234375000e+01
-9.044669342041015625e+01,2.690281105041503906e+01
-9.044812011718750000e+01,2.690121650695800781e+01
-9.044734191894531250e+01,2.690263938903808594e+01
-9.044676971435546875e+01,2.690218353271484375e+01
-9.044649505615234375e+01,2.690254783630371094e+01
-9.044845581054687500e+01,2.690098381042480469e+01
-9.044795989990234375e+01,2.690190696716308594e+01
-9.044776153564453125e+01,2.690218353271484375e+01
-9.044657135009765625e+01,2.690215301513671875e+01
-9.044770812988281250e+01,2.690223503112792969e+01
-9.044676971435546875e+01,2.690228462219238281e+01
-9.044800567626953125e+01,2.690172958374023438e+01
-9.044718933105468750e+01,2.690217399597167969e+01
-9.044672393798828125e+01,2.690287590026855469e+01
-9.044851684570312500e+01,2.690130043029785156e+01
-9.044814300537109375e+01,2.690130615234375000e+01
-9.044690704345703125e+01,2.690273475646972656e+01
-9.044723510742187500e+01,2.690237236022949219e+01
-9.044613647460937500e+01,2.690309906005859375e+01
-9.044732666015625000e+01,2.690240097045898438e+01
-9.044845581054687500e+01,2.690139961242675781e+01
-9.044671630859375000e+01,2.690272903442382812e+01
-9.044679260253906250e+01,2.690204429626464844e+01
-9.044711303710937500e+01,2.690265083312988281e+01
-9.044647979736328125e+01,2.690279769897460938e+01
-9.044613647460937500e+01,2.690286636352539062e+01
-9.044698333740234375e+01,2.690200424194335938e+01
-9.044602203369140625e+01,2.690301895141601562e+01
-9.044862365722656250e+01,2.690101051330566406e+01
-9.044651794433593750e+01,2.690264892578125000e+01
-9.044816589355468750e+01,2.690102195739746094e+01
-9.044631958007812500e+01,2.690298461914062500e+01
-9.044779205322265625e+01,2.690200805664062500e+01
-9.044776916503906250e+01,2.690203475952148438e+01
-9.044819641113281250e+01,2.690167808532714844e+01
-9.044758605957031250e+01,2.690236473083496094e+01
-9.044676208496093750e+01,2.690258789062500000e+01
-9.044632720947265625e+01,2.690301704406738281e+01
-9.044669342041015625e+01,2.690234184265136719e+01
-9.044826507568359375e+01,2.690093612670898438e+01
-9.044741058349609375e+01,2.690165710449218750e+01
-9.044776153564453125e+01,2.690201950073242188e+01
-9.044646453857421875e+01,2.690241432189941406e+01
-9.044660186767578125e+01,2.690233612060546875e+01
-9.044743347167968750e+01,2.690145301818847656e+01
-9.044773864746093750e+01,2.690142631530761719e+01
-9.044630432128906250e+01,2.690295410156250000e+01
-9.044731140136718750e+01,2.690144157409667969e+01
-9.044808959960937500e+01,2.690175628662109375e+01
-9.044752502441406250e+01,2.690131950378417969e+01
-9.044811248779296875e+01,2.690139389038085938e+01
-9.044751739501953125e+01,2.690198326110839844e+01
-9.044635009765625000e+01,2.690268516540527344e+01
-9.044596099853515625e+01,2.690313720703125000e+01
-9.044631958007812500e+01,2.690301132202148438e+01
-9.044789886474609375e+01,2.690168380737304688e+01
-9.044722747802734375e+01,2.690246391296386719e+01
-9.044741821289062500e+01,2.690262985229492188e+01
-9.044765472412109375e+01,2.690122604370117188e+01
-9.044673919677734375e+01,2.690263748168945312e+01
-9.044779968261718750e+01,2.690206527709960938e+01
-9.044720458984375000e+01,2.690269660949707031e+01
-9.044627380371093750e+01,2.690244483947753906e+01
-9.044715881347656250e+01,2.690212249755859375e+01
-9.044857788085937500e+01,2.690129280090332031e+01
-9.044663238525390625e+01,2.690298271179199219e+01
-9.044615173339843750e+01,2.690315628051757812e+01
-9.044771575927734375e+01,2.690122222900390625e+01
-9.044730377197265625e+01,2.690201568603515625e+01
-9.044678497314453125e+01,2.690193176269531250e+01
-9.044742584228515625e+01,2.690182113647460938e+01
-9.044781494140625000e+01,2.690212631225585938e+01
-9.044820404052734375e+01,2.690111923217773438e+01
-9.044792938232421875e+01,2.690187263488769531e+01
-9.044650268554687500e+01,2.690302467346191406e+01
-9.044849395751953125e+01,2.690107154846191406e+01
-9.044653320312500000e+01,2.690255355834960938e+01
-9.044799804687500000e+01,2.690134429931640625e+01
-9.044713592529296875e+01,2.690268707275390625e+01
-9.044780731201171875e+01,2.690156745910644531e+01
-9.044651031494140625e+01,2.690296363830566406e+01
-9.044747924804687500e+01,2.690130424499511719e+01
-9.044730377197265625e+01,2.690151786804199219e+01
-9.044712066650390625e+01,2.690231132507324219e+01
-9.044743347167968750e+01,2.690206146240234375e+01
-9.044680023193359375e+01,2.690192794799804688e+01
-9.044614410400390625e+01,2.690276718139648438e+01
-9.044721221923828125e+01,2.690251541137695312e+01
-9.044732666015625000e+01,2.690238571166992188e+01
-9.044766998291015625e+01,2.690174293518066406e+01
-9.044780731201171875e+01,2.690178489685058594e+01
-9.044734191894531250e+01,2.690216255187988281e+01
-9.044802856445312500e+01,2.690165901184082031e+01
-9.044706726074218750e+01,2.690170669555664062e+01
-9.044704437255859375e+01,2.690285301208496094e+01
-9.044701385498046875e+01,2.690213203430175781e+01
-9.044777679443359375e+01,2.690162658691406250e+01
-9.044694519042968750e+01,2.690199470520019531e+01
-9.044585418701171875e+01,2.690316772460937500e+01
-9.044778442382812500e+01,2.690176391601562500e+01
-9.044785308837890625e+01,2.690201568603515625e+01
-9.044811248779296875e+01,2.690122413635253906e+01
-9.044802856445312500e+01,2.690103721618652344e+01
-9.044751739501953125e+01,2.690199470520019531e+01
-9.044606781005859375e+01,2.690300750732421875e+01
-9.044694519042968750e+01,2.690257644653320312e+01
-9.044683074951171875e+01,2.690285110473632812e+01
-9.044836425781250000e+01,2.690102958679199219e+01
-9.044776153564453125e+01,2.690155982971191406e+01
-9.044716644287109375e+01,2.690178489685058594e+01
-9.044765472412109375e+01,2.690211677551269531e+01
-9.044787597656250000e+01,2.690135192871093750e+01
-9.044750213623046875e+01,2.690163040161132812e+01
-9.044658660888671875e+01,2.690213775634765625e+01
-9.044797515869140625e+01,2.690154075622558594e+01
-9.044815063476562500e+01,2.690166282653808594e+01
-9.044795989990234375e+01,2.690093231201171875e+01
-9.044717407226562500e+01,2.690240669250488281e+01
-9.044683837890625000e+01,2.690205001831054688e+01
-9.044663238525390625e+01,2.690281486511230469e+01
-9.044705963134765625e+01,2.690177536010742188e+01
-9.044736480712890625e+01,2.690200042724609375e+01
-9.044797515869140625e+01,2.690156745910644531e+01
-9.044745635986328125e+01,2.690154457092285156e+01
-9.044807434082031250e+01,2.690157318115234375e+01
-9.044756317138671875e+01,2.690233421325683594e+01
-9.044754028320312500e+01,2.690132331848144531e+01
-9.044770812988281250e+01,2.690168952941894531e+01
-9.044654846191406250e+01,2.690312767028808594e+01
-9.044768524169921875e+01,2.690216255187988281e+01
-9.044661712646484375e+01,2.690295791625976562e+01
-9.044816589355468750e+01,2.690096473693847656e+01
-9.044741821289062500e+01,2.690149307250976562e+01
-9.044853973388671875e+01,2.690129280090332031e+01
-9.044637298583984375e+01,2.690312385559082031e+01
-9.044771575927734375e+01,2.690183448791503906e+01
-9.044783782958984375e+01,2.690109252929687500e+01
-9.044695281982421875e+01,2.690186500549316406e+01
-9.044641113281250000e+01,2.690303230285644531e+01
-9.044824218750000000e+01,2.690162277221679688e+01
-9.044696044921875000e+01,2.690280914306640625e+01
-9.044704437255859375e+01,2.690201568603515625e+01
-9.044808197021484375e+01,2.690143394470214844e+01
-9.044632720947265625e+01,2.690247535705566406e+01
-9.044687652587890625e+01,2.690237808227539062e+01
-9.044737243652343750e+01,2.690219688415527344e+01
-9.044762420654296875e+01,2.690150833129882812e+01
-9.044763946533203125e+01,2.690192413330078125e+01
-9.044708251953125000e+01,2.690178871154785156e+01
-9.044716644287109375e+01,2.690163612365722656e+01
-9.044750976562500000e+01,2.690168952941894531e+01
-9.044633483886718750e+01,2.690263938903808594e+01
-9.044609832763671875e+01,2.690297698974609375e+01
-9.044729614257812500e+01,2.690167617797851562e+01
-9.044794464111328125e+01,2.690093994140625000e+01
-9.044689941406250000e+01,2.690182495117187500e+01
-9.044620513916015625e+01,2.690274238586425781e+01
-9.044641876220703125e+01,2.690305519104003906e+01
-9.044692993164062500e+01,2.690255737304687500e+01
-9.044761657714843750e+01,2.690194892883300781e+01
-9.044663238525390625e+01,2.690258789062500000e+01
-9.044702911376953125e+01,2.690251922607421875e+01
-9.044762420654296875e+01,2.690130996704101562e+01
-9.044633483886718750e+01,2.690299987792968750e+01
-9.044861602783203125e+01,2.690100288391113281e+01
-9.044845581054687500e+01,2.690130043029785156e+01
-9.044763946533203125e+01,2.690199470520019531e+01
-9.044676208496093750e+01,2.690251731872558594e+01
-9.044626617431640625e+01,2.690246772766113281e+01
-9.044697570800781250e+01,2.690283966064453125e+01
-9.044672393798828125e+01,2.690232658386230469e+01
-9.044786834716796875e+01,2.690165710449218750e+01
-9.044769287109375000e+01,2.690127372741699219e+01
-9.044710540771484375e+01,2.690242767333984375e+01
-9.044802856445312500e+01,2.690156745910644531e+01
-9.044692230224609375e+01,2.690218925476074219e+01
-9.044829559326171875e+01,2.690151023864746094e+01
-9.044793701171875000e+01,2.690211296081542969e+01
-9.044836425781250000e+01,2.690098571777343750e+01
-9.044725799560546875e+01,2.690171813964843750e+01
-9.044698333740234375e+01,2.690214347839355469e+01
-9.044805145263671875e+01,2.690121269226074219e+01
-9.044692230224609375e+01,2.690180397033691406e+01
-9.044715881347656250e+01,2.690191841125488281e+01
-9.044802856445312500e+01,2.690139770507812500e+01
-9.044721221923828125e+01,2.690196418762207031e+01
-9.044872283935546875e+01,2.690093803405761719e+01
-9.044785308837890625e+01,2.690105628967285156e+01
-9.044613647460937500e+01,2.690291023254394531e+01
-9.044724273681640625e+01,2.690169715881347656e+01
-9.044741821289062500e+01,2.690182495117187500e+01
-9.044738769531250000e+01,2.690134239196777344e+01
-9.044752502441406250e+01,2.690247154235839844e+01
-9.044642639160156250e+01,2.690309715270996094e+01
-9.044822692871093750e+01,2.690146064758300781e+01
-9.044727325439453125e+01,2.690215682983398438e+01
-9.044625091552734375e+01,2.690305900573730469e+01
-9.044692230224609375e+01,2.690289497375488281e+01
-9.044728088378906250e+01,2.690159416198730469e+01
-9.044744110107421875e+01,2.690254783630371094e+01
-9.044712066650390625e+01,2.690165138244628906e+01
-9.044661712646484375e+01,2.690311431884765625e+01
-9.044847869873046875e+01,2.690099906921386719e+01
-9.044690704345703125e+01,2.690289688110351562e+01
-9.044830322265625000e+01,2.690106391906738281e+01
-9.044683837890625000e+01,2.690196228027343750e+01
-9.044651031494140625e+01,2.690234184265136719e+01
-9.044673156738281250e+01,2.690206146240234375e+01
-9.044767761230468750e+01,2.690226554870605469e+01
-9.044799041748046875e+01,2.690143775939941406e+01
-9.044731140136718750e+01,2.690202331542968750e+01
-9.044605255126953125e+01,2.690278816223144531e+01
-9.044670104980468750e+01,2.690219497680664062e+01
-9.044686889648437500e+01,2.690249061584472656e+01
-9.044807434082031250e+01,2.690161323547363281e+01
-9.044653320312500000e+01,2.690224647521972656e+01
-9.044718170166015625e+01,2.690162086486816406e+01
-9.044638061523437500e+01,2.690320014953613281e+01
-9.044683837890625000e+01,2.690187263488769531e+01
-9.044670104980468750e+01,2.690249061584472656e+01
-9.044656372070312500e+01,2.690217971801757812e+01
-9.044819641113281250e+01,2.690093994140625000e+01
-9.044644927978515625e+01,2.690275764465332031e+01
-9.044748687744140625e+01,2.690130805969238281e+01
-9.044655609130859375e+01,2.690235137939453125e+01
-9.044826507568359375e+01,2.690146446228027344e+01
-9.044751739501953125e+01,2.690129280090332031e+01
-9.044795227050781250e+01,2.690146446228027344e+01
-9.044585418701171875e+01,2.690315437316894531e+01
-9.044705963134765625e+01,2.690198516845703125e+01
-9.044692993164062500e+01,2.690236282348632812e+01
-9.044765472412109375e+01,2.690162658691406250e+01
-9.044611358642578125e+01,2.690294837951660156e+01
-9.044836425781250000e+01,2.690134620666503906e+01
-9.044847106933593750e+01,2.690145683288574219e+01
-9.044721221923828125e+01,2.690191650390625000e+01
-9.044776916503906250e+01,2.690145301818847656e+01
-9.044736480712890625e+01,2.690230369567871094e+01
-9.044628143310546875e+01,2.690284729003906250e+01
-9.044786834716796875e+01,2.690119743347167969e+01
-9.044657135009765625e+01,2.690314102172851562e+01
-9.044844055175781250e+01,2.690112113952636719e+01
-9.044799804687500000e+01,2.690127754211425781e+01
-9.044662475585937500e+01,2.690297508239746094e+01
-9.044612884521484375e+01,2.690275955200195312e+01
-9.044755554199218750e+01,2.690180397033691406e+01
-9.044687652587890625e+01,2.690238380432128906e+01
-9.044732666015625000e+01,2.690162086486816406e+01
-9.044641876220703125e+01,2.690280151367187500e+01
-9.044747161865234375e+01,2.690185737609863281e+01
-9.044734954833984375e+01,2.690263938903808594e+01
-9.044740295410156250e+01,2.690130424499511719e+01
-9.044847106933593750e+01,2.690101814270019531e+01
-9.044772338867187500e+01,2.690162086486816406e+01
-9.044683837890625000e+01,2.690279006958007812e+01
-9.044713592529296875e+01,2.690179061889648438e+01
-9.044658660888671875e+01,2.690261268615722656e+01
-9.044750213623046875e+01,2.690143775939941406e+01
-9.044772338867187500e+01,2.690217208862304688e+01
-9.044690704345703125e+01,2.690236854553222656e+01
-9.044773101806640625e+01,2.690223312377929688e+01
-9.044661712646484375e+01,2.690281105041503906e+01
-9.044821166992187500e+01,2.690160942077636719e+01
-9.044790649414062500e+01,2.690152549743652344e+01
-9.044648742675781250e+01,2.690255737304687500e+01
-9.044628906250000000e+01,2.690250396728515625e+01
-9.044732666015625000e+01,2.690157508850097656e+01
-9.044750976562500000e+01,2.690151405334472656e+01
-9.044766235351562500e+01,2.690128326416015625e+01
-9.044591522216796875e+01,2.690317344665527344e+01
-9.044808197021484375e+01,2.690173149108886719e+01
-9.044861602783203125e+01,2.690122604370117188e+01
-9.044632720947265625e+01,2.690311241149902344e+01
-9.044692993164062500e+01,2.690253067016601562e+01
-9.044653320312500000e+01,2.690279579162597656e+01
-9.044731140136718750e+01,2.690218162536621094e+01
-9.044773101806640625e+01,2.690209960937500000e+01
-9.044815063476562500e+01,2.690170097351074219e+01
-9.044802856445312500e+01,2.690171813964843750e+01
-9.044695281982421875e+01,2.690193748474121094e+01
-9.044602203369140625e+01,2.690283012390136719e+01
-9.044794464111328125e+01,2.690142822265625000e+01
-9.044659423828125000e+01,2.690239715576171875e+01
-9.044635772705078125e+01,2.690236282348632812e+01
-9.044625854492187500e+01,2.690274620056152344e+01
-9.044822692871093750e+01,2.690153121948242188e+01
-9.044629669189453125e+01,2.690258979797363281e+01
-9.044721221923828125e+01,2.690255546569824219e+01
-9.044681549072265625e+01,2.690246009826660156e+01
-9.044735717773437500e+01,2.690223503112792969e+01
-9.044805145263671875e+01,2.690117645263671875e+01
-9.044723510742187500e+01,2.690247917175292969e+01
-9.044818115234375000e+01,2.690167808532714844e+01
-9.044790649414062500e+01,2.690117073059082031e+01
-9.044847106933593750e+01,2.690100479125976562e+01
-9.044662475585937500e+01,2.690226554870605469e+01
-9.044706726074218750e+01,2.690260696411132812e+01
-9.044624328613281250e+01,2.690247344970703125e+01
-9.044650268554687500e+01,2.690235328674316406e+01
-9.044710540771484375e+01,2.690280342102050781e+01
-9.044808197021484375e+01,2.690093994140625000e+01
-9.044760894775390625e+01,2.690123176574707031e+01
-9.044803619384765625e+01,2.690141677856445312e+01
-9.044821929931640625e+01,2.690161895751953125e+01
-9.044797515869140625e+01,2.690177917480468750e+01
-9.044794464111328125e+01,2.690190887451171875e+01
-9.044655609130859375e+01,2.690244865417480469e+01
-9.044781494140625000e+01,2.690221977233886719e+01
-9.044679260253906250e+01,2.690238189697265625e+01
-9.044631958007812500e+01,2.690278816223144531e+01
-9.044773101806640625e+01,2.690222930908203125e+01
-9.044824218750000000e+01,2.690122413635253906e+01
-9.044701385498046875e+01,2.690189743041992188e+01
-9.044767761230468750e+01,2.690122985839843750e+01
-9.044809722900390625e+01,2.690134620666503906e+01
-9.044775390625000000e+01,2.690149307250976562e+01
-9.044747161865234375e+01,2.690159606933593750e+01
-9.044692230224609375e+01,2.690188598632812500e+01
-9.044753265380859375e+01,2.690218734741210938e+01
-9.044765472412109375e+01,2.690165710449218750e+01
-9.044689941406250000e+01,2.690201377868652344e+01
-9.044627380371093750e+01,2.690308189392089844e+01
-9.044641113281250000e+01,2.690295028686523438e+01
-9.044813537597656250e+01,2.690101051330566406e+01
-9.044738769531250000e+01,2.690227317810058594e+01
-9.044818115234375000e+01,2.690165328979492188e+01
-9.044850158691406250e+01,2.690130233764648438e+01
-9.044734191894531250e+01,2.690143775939941406e+01
-9.044746398925781250e+01,2.690158462524414062e+01
-9.044618225097656250e+01,2.690294647216796875e+01
-9.044595336914062500e+01,2.690306091308593750e+01
-9.044814300537109375e+01,2.690098190307617188e+01
-9.044603729248046875e+01,2.690305328369140625e+01
-9.044757843017578125e+01,2.690217590332031250e+01
-9.044734191894531250e+01,2.690169715881347656e+01
-9.044660949707031250e+01,2.690226936340332031e+01
-9.044827270507812500e+01,2.690153121948242188e+01
-9.044715881347656250e+01,2.690235710144042969e+01
-9.044626617431640625e+01,2.690318298339843750e+01
-9.044657135009765625e+01,2.690299034118652344e+01
-9.044722747802734375e+01,2.690181922912597656e+01
-9.044818115234375000e+01,2.690154647827148438e+01
-9.044655609130859375e+01,2.690231704711914062e+01
-9.044751739501953125e+01,2.690189361572265625e+01
-9.044609832763671875e+01,2.690279388427734375e+01
-9.044667053222656250e+01,2.690235137939453125e+01
-9.044847869873046875e+01,2.690094757080078125e+01
-9.044806671142578125e+01,2.690154075622558594e+01
-9.044632720947265625e+01,2.690317916870117188e+01
-9.044686126708984375e+01,2.690200042724609375e+01
-9.044815826416015625e+01,2.690112876892089844e+01
-9.044741058349609375e+01,2.690249252319335938e+01
-9.044795989990234375e+01,2.690160179138183594e+01
-9.044687652587890625e+01,2.690286064147949219e+01
-9.044727325439453125e+01,2.690202903747558594e+01
-9.044751739501953125e+01,2.690232086181640625e+01
-9.044673919677734375e+01,2.690270042419433594e+01
-9.044630432128906250e+01,2.690307235717773438e+01
-9.044855499267578125e+01,2.690125083923339844e+01
-9.044700622558593750e+01,2.690247917175292969e+01
-9.044667053222656250e+01,2.690304565429687500e+01
-9.044655609130859375e+01,2.690276718139648438e+01
-9.044618225097656250e+01,2.690295219421386719e+01
-9.044640350341796875e+01,2.690253257751464844e+01
-9.044707489013671875e+01,2.690235710144042969e+01
-9.044680023193359375e+01,2.690192413330078125e+01
-9.044815063476562500e+01,2.690175628662109375e+01
-9.044754028320312500e+01,2.690196990966796875e+01
-9.044649505615234375e+01,2.690240287780761719e+01
-9.044754028320312500e+01,2.690241622924804688e+01
-9.044770050048828125e+01,2.690153121948242188e+01
-9.044818115234375000e+01,2.690100669860839844e+01
-9.044808959960937500e+01,2.690154647827148438e+01
-9.044774627685546875e+01,2.690137672424316406e+01
-9.044655609130859375e+01,2.690298843383789062e+01
-9.044762420654296875e+01,2.690179634094238281e+01
-9.044710540771484375e+01,2.690257072448730469e+01
-9.044693756103515625e+01,2.690243721008300781e+01
-9.044835662841796875e+01,2.690156173706054688e+01
-9.044729614257812500e+01,2.690193367004394531e+01
-9.044775390625000000e+01,2.690186691284179688e+01
-9.044727325439453125e+01,2.690170860290527344e+01
-9.044681549072265625e+01,2.690259742736816406e+01
-9.044795227050781250e+01,2.690120506286621094e+01
-9.044779205322265625e+01,2.690135192871093750e+01
-9.044606018066406250e+01,2.690281105041503906e+01
-9.044754028320312500e+01,2.690233421325683594e+01
-9.044797515869140625e+01,2.690192985534667969e+01
-9.044711303710937500e+01,2.690245819091796875e+01
-9.044703674316406250e+01,2.690169143676757812e+01
-9.044637298583984375e+01,2.690245628356933594e+01
-9.044858551025390625e+01,2.690101051330566406e+01
-9.044805145263671875e+01,2.690158081054687500e+01
-9.044641113281250000e+01,2.690279579162597656e+01
-9.044669342041015625e+01,2.690256309509277344e+01
-9.044850921630859375e+01,2.690134811401367188e+01
-9.044811248779296875e+01,2.690112495422363281e+01
-9.044599914550781250e+01,2.690314102172851562e+01
-9.044754028320312500e+01,2.690215682983398438e+01
-9.044743347167968750e+01,2.690221977233886719e+01
-9.044595336914062500e+01,2.690312004089355469e+01
-9.044815826416015625e+01,2.690132522583007812e+01
-9.044682312011718750e+01,2.690257644653320312e+01
-9.044631195068359375e+01,2.690269470214843750e+01
-9.044606781005859375e+01,2.690321159362792969e+01
-9.044614410400390625e+01,2.690293693542480469e+01
-9.044765472412109375e+01,2.690157127380371094e+01
-9.044719696044921875e+01,2.690229988098144531e+01
-9.044792938232421875e+01,2.690155220031738281e+01
-9.044778442382812500e+01,2.690189743041992188e+01
-9.044627380371093750e+01,2.690263175964355469e+01
-9.044655609130859375e+01,2.690286254882812500e+01
-9.044629669189453125e+01,2.690257263183593750e+01
-9.044605255126953125e+01,2.690283012390136719e+01
-9.044701385498046875e+01,2.690258216857910156e+01
-9.044683837890625000e+01,2.690211677551269531e+01
-9.044709777832031250e+01,2.690238761901855469e+01
-9.044677734375000000e+01,2.690199851989746094e+01
-9.044731140136718750e+01,2.690186691284179688e+01
-9.044750213623046875e+01,2.690133857727050781e+01
-9.044788360595703125e+01,2.690120124816894531e+01
-9.044760131835937500e+01,2.690194702148437500e+01
-9.044737243652343750e+01,2.690236663818359375e+01
-9.044661712646484375e+01,2.690295791625976562e+01
-9.044645690917968750e+01,2.690287399291992188e+01
-9.044702911376953125e+01,2.690208244323730469e+01
-9.044827270507812500e+01,2.690162467956542969e+01
-9.044652557373046875e+01,2.690275001525878906e+01
-9.044747924804687500e+01,2.690221214294433594e+01
-9.044753265380859375e+01,2.690139770507812500e+01
-9.044774627685546875e+01,2.690183067321777344e+01
-9.044618225097656250e+01,2.690258026123046875e+01
-9.044752502441406250e+01,2.690160751342773438e+01
-9.044738006591796875e+01,2.690134811401367188e+01
-9.044779205322265625e+01,2.690140342712402344e+01
-9.044824218750000000e+01,2.690096473693847656e+01
-9.044782257080078125e+01,2.690218162536621094e+01
-9.044786071777343750e+01,2.690212059020996094e+01
-9.044629669189453125e+01,2.690310287475585938e+01
-9.044821929931640625e+01,2.690127944946289062e+01
-9.044811248779296875e+01,2.690106391906738281e+01
-9.044817352294921875e+01,2.690128517150878906e+01
-9.044750976562500000e+01,2.690183448791503906e+01
-9.044684600830078125e+01,2.690224456787109375e+01
-9.044692993164062500e+01,2.690265655517578125e+01
-9.044744873046875000e+01,2.690128135681152344e+01
-9.044614410400390625e+01,2.690311431884765625e+01
-9.044736480712890625e+01,2.690253829956054688e+01
-9.044709014892578125e+01,2.690187072753906250e+01
-9.044781494140625000e+01,2.690124320983886719e+01
-9.044796752929687500e+01,2.690123748779296875e+01
-9.044781494140625000e+01,2.690126800537109375e+01
-9.044667816162109375e+01,2.690224075317382812e+01
-9.044604492187500000e+01,2.690306091308593750e+01
-9.044702148437500000e+01,2.690284919738769531e+01
-9.044743347167968750e+01,2.690135002136230469e+01
-9.044708251953125000e+01,2.690257072448730469e+01
-9.044714355468750000e+01,2.690223312377929688e+01
-9.044774627685546875e+01,2.690140342712402344e+01
-9.044741058349609375e+01,2.690223312377929688e+01
-9.044644165039062500e+01,2.690301704406738281e+01
-9.044776153564453125e+01,2.690175056457519531e+01
-9.044627380371093750e+01,2.690242004394531250e+01
-9.044767761230468750e+01,2.690172767639160156e+01
-9.044612884521484375e+01,2.690321540832519531e+01
-9.044845581054687500e+01,2.690132713317871094e+01
-9.044654083251953125e+01,2.690218925476074219e+01
-9.044776916503906250e+01,2.690215110778808594e+01
-9.044844818115234375e+01,2.690129661560058594e+01
-9.044832611083984375e+01,2.690122413635253906e+01
-9.044715881347656250e+01,2.690218353271484375e+01
-9.044824981689453125e+01,2.690133094787597656e+01
-9.044749450683593750e+01,2.690137481689453125e+01
-9.044802856445312500e+01,2.690144348144531250e+01
-9.044778442382812500e+01,2.690149879455566406e+01
-9.044763946533203125e+01,2.690122032165527344e+01
-9.044686889648437500e+01,2.690217971801757812e+01
-9.044721984863281250e+01,2.690241813659667969e+01
-9.044822692871093750e+01,2.690128898620605469e+01
-9.044582366943359375e+01,2.690313148498535156e+01
-9.044782257080078125e+01,2.690194320678710938e+01
-9.044798278808593750e+01,2.690120124816894531e+01
-9.044770050048828125e+01,2.690144729614257812e+01
-9.044638824462890625e+01,2.690293502807617188e+01
-9.044679260253906250e+01,2.690267181396484375e+01
-9.044748687744140625e+01,2.690122604370117188e+01
-9.044674682617187500e+01,2.690293884277343750e+01
-9.044647216796875000e+01,2.690243911743164062e+01
-9.044703674316406250e+01,2.690167617797851562e+01
-9.044754028320312500e+01,2.690227317810058594e+01
-9.044592285156250000e+01,2.690321350097656250e+01
-9.044762420654296875e+01,2.690131378173828125e+01
-9.044779968261718750e+01,2.690211677551269531e+01
-9.044809722900390625e+01,2.690170860290527344e+01
-9.044669342041015625e+01,2.690236854553222656e+01
-9.044686126708984375e+01,2.690262603759765625e+01
-9.044728851318359375e+01,2.690233612060546875e+01
-9.044728851318359375e+01,2.690154838562011719e+01
-9.044729614257812500e+01,2.690212249755859375e+01
-9.044617462158203125e+01,2.690289497375488281e+01
-9.044709777832031250e+01,2.690208244323730469e+01
-9.044739532470703125e+01,2.690137481689453125e+01
-9.044717407226562500e+01,2.690206527709960938e+01
-9.044776916503906250e+01,2.690137100219726562e+01
-9.044734954833984375e+01,2.690220832824707031e+01
-9.044664764404296875e+01,2.690304946899414062e+01
-9.044807434082031250e+01,2.690100669860839844e+01
-9.044704437255859375e+01,2.690274810791015625e+01
-9.044766998291015625e+01,2.690164756774902344e+01
-9.044680786132812500e+01,2.690199851989746094e+01
-9.044695281982421875e+01,2.690192222595214844e+01
-9.044651794433593750e+01,2.690250778198242188e+01
-9.044750976562500000e+01,2.690207099914550781e+01
-9.044782257080078125e+01,2.690174484252929688e+01
-9.044660949707031250e+01,2.690211677551269531e+01
-9.044803619384765625e+01,2.690186309814453125e+01
-9.044686126708984375e+01,2.690225601196289062e+01
-9.044582366943359375e+01,2.690321350097656250e+01
-9.044857788085937500e+01,2.690126609802246094e+01
-9.044801330566406250e+01,2.690136146545410156e+01
-9.044749450683593750e+01,2.690242195129394531e+01
-9.044760894775390625e+01,2.690136909484863281e+01
-9.044777679443359375e+01,2.690182113647460938e+01
-9.044673156738281250e+01,2.690268898010253906e+01
-9.044662475585937500e+01,2.690243530273437500e+01
-9.044658660888671875e+01,2.690292930603027344e+01
-9.044770812988281250e+01,2.690172004699707031e+01
-9.044710540771484375e+01,2.690196228027343750e+01
-9.044664764404296875e+01,2.690269279479980469e+01
-9.044742584228515625e+01,2.690217208862304688e+01
-9.044808959960937500e+01,2.690172004699707031e+01
-9.044815063476562500e+01,2.690151023864746094e+01
-9.044753265380859375e+01,2.690137100219726562e+01
-9.044786834716796875e+01,2.690140342712402344e+01
-9.044596862792968750e+01,2.690318870544433594e+01
-9.044613647460937500e+01,2.690279769897460938e+01
-9.044842529296875000e+01,2.690101814270019531e+01
-9.044625091552734375e+01,2.690319061279296875e+01
-9.044718170166015625e+01,2.690221977233886719e+01
-9.044730377197265625e+01,2.690224266052246094e+01
-9.044725799560546875e+01,2.690169334411621094e+01
-9.044750976562500000e+01,2.690250205993652344e+01
-9.044699859619140625e+01,2.690202903747558594e+01
-9.044623565673828125e+01,2.690299606323242188e+01
-9.044648742675781250e+01,2.690237808227539062e+01
-9.044620513916015625e+01,2.690315818786621094e+01
-9.044819641113281250e+01,2.690133094787597656e+01
-9.044770812988281250e+01,2.690166854858398438e+01
-9.044641876220703125e+01,2.690265083312988281e+01
-9.044638061523437500e+01,2.690240097045898438e+01
-9.044689941406250000e+01,2.690180969238281250e+01
-9.044714355468750000e+01,2.690228652954101562e+01
-9.044714355468750000e+01,2.690244674682617188e+01
-9.044646453857421875e+01,2.690229606628417969e+01
-9.044693756103515625e+01,2.690242958068847656e+01
-9.044625091552734375e+01,2.690264511108398438e+01
-9.044692993164062500e+01,2.690188598632812500e+01
-9.044834136962890625e+01,2.690136146545410156e+01
-9.044728088378906250e+01,2.690197753906250000e+01
-9.044731140136718750e+01,2.690263938903808594e+01
-9.044776153564453125e+01,2.690168380737304688e+01
-9.044766235351562500e+01,2.690199851989746094e+01
-9.044609832763671875e+01,2.690258979797363281e+01
-9.044715118408203125e+01,2.690197753906250000e+01
-9.044754028320312500e+01,2.690126037597656250e+01
-9.044699859619140625e+01,2.690275955200195312e+01
-9.044815063476562500e+01,2.690117645263671875e+01
-9.044800567626953125e+01,2.690159797668457031e+01
-9.044732666015625000e+01,2.690146827697753906e+01
-9.044694519042968750e+01,2.690215682983398438e+01
-9.044684600830078125e+01,2.690200996398925781e+01
-9.044823455810546875e+01,2.690114212036132812e+01
-9.044591522216796875e+01,2.690316772460937500e+01
-9.044716644287109375e+01,2.690253067016601562e+01
-9.044689941406250000e+01,2.690210723876953125e+01
-9.044810485839843750e+01,2.690149116516113281e+01
-9.044816589355468750e+01,2.690131568908691406e+01
-9.044824981689453125e+01,2.690120124816894531e+01
-9.044654846191406250e+01,2.690317344665527344e+01
-9.044735717773437500e+01,2.690216827392578125e+01
-9.044697570800781250e+01,2.690225982666015625e+01
-9.044722747802734375e+01,2.690202522277832031e+01
-9.044821166992187500e+01,2.690167045593261719e+01
-9.044712066650390625e+01,2.690219688415527344e+01
-9.044841766357421875e+01,2.690127944946289062e+01
-9.044748687744140625e+01,2.690153503417968750e+01
-9.044715881347656250e+01,2.690183639526367188e+01
-9.044749450683593750e+01,2.690154647827148438e+01
-9.044613647460937500e+01,2.690297698974609375e+01
-9.044799041748046875e+01,2.690156555175781250e+01
-9.044735717773437500e+01,2.690241813659667969e+01
-9.044760131835937500e+01,2.690154075622558594e+01
-9.044729614257812500e+01,2.690198898315429688e+01
-9.044841003417968750e+01,2.690124320983886719e+01
-9.044791412353515625e+01,2.690191650390625000e+01
-9.044766998291015625e+01,2.690151977539062500e+01
-9.044726562500000000e+01,2.690225028991699219e+01
-9.044632720947265625e+01,2.690303230285644531e+01
-9.044754028320312500e+01,2.690227508544921875e+01
-9.044709014892578125e+01,2.690182685852050781e+01
-9.044766235351562500e+01,2.690172767639160156e+01
-9.044702148437500000e+01,2.690251350402832031e+01
-9.044750976562500000e+01,2.690230941772460938e+01
-9.044676971435546875e+01,2.690232086181640625e+01
-9.044689941406250000e+01,2.690283584594726562e+01
-9.044670104980468750e+01,2.690256690979003906e+01
-9.044818115234375000e+01,2.690173149108886719e+01
-9.044763183593750000e+01,2.690136146545410156e+01
-9.044733428955078125e+01,2.690233993530273438e+01
-9.044658660888671875e+01,2.690211677551269531e+01
-9.044705963134765625e+01,2.690240287780761719e+01
-9.044812011718750000e+01,2.690168571472167969e+01
-9.044622802734375000e+01,2.690293121337890625e+01
-9.044743347167968750e+01,2.690172386169433594e+01
-9.044806671142578125e+01,2.690119743347167969e+01
-9.044615936279296875e+01,2.690258598327636719e+01
-9.044692993164062500e+01,2.690187644958496094e+01
-9.044783020019531250e+01,2.690193176269531250e+01
-9.044707489013671875e+01,2.690223884582519531e+01
-9.044708251953125000e+01,2.690243721008300781e+01
-9.044744873046875000e+01,2.690189170837402344e+01
-9.044662475585937500e+01,2.690290641784667969e+01
-9.044779205322265625e+01,2.690226364135742188e+01
-9.044665527343750000e+01,2.690261268615722656e+01
-9.044843292236328125e+01,2.690134811401367188e+01
-9.044782257080078125e+01,2.690106010437011719e+01
-9.044649505615234375e+01,2.690306091308593750e+01
-9.044683837890625000e+01,2.690289497375488281e+01
-9.044751739501953125e+01,2.690171813964843750e+01
-9.044734191894531250e+01,2.690185546875000000e+01
-9.044820404052734375e+01,2.690140914916992188e+01
-9.044817352294921875e+01,2.690151786804199219e+01
-9.044672393798828125e+01,2.690228080749511719e+01
-9.044786071777343750e+01,2.690186119079589844e+01
-9.044683074951171875e+01,2.690214347839355469e+01
-9.044815826416015625e+01,2.690141296386718750e+01
-9.044832611083984375e+01,2.690094947814941406e+01
-9.044673919677734375e+01,2.690257644653320312e+01
-9.044712066650390625e+01,2.690209579467773438e+01
-9.044859313964843750e+01,2.690128707885742188e+01
-9.044808197021484375e+01,2.690152549743652344e+01
-9.044753265380859375e+01,2.690237617492675781e+01
-9.044718170166015625e+01,2.690206718444824219e+01
-9.044766998291015625e+01,2.690170478820800781e+01
-9.044685363769531250e+01,2.690275955200195312e+01
-9.044706726074218750e+01,2.690214729309082031e+01
-9.044775390625000000e+01,2.690160179138183594e+01
-9.044599151611328125e+01,2.690312957763671875e+01
-9.044738769531250000e+01,2.690132904052734375e+01
-9.044783020019531250e+01,2.690200805664062500e+01
-9.044780731201171875e+01,2.690205001831054688e+01
-9.044759368896484375e+01,2.690225028991699219e+01
-9.044715118408203125e+01,2.690272331237792969e+01
-9.044750976562500000e+01,2.690206527709960938e+01
-9.044737243652343750e+01,2.690228843688964844e+01
-9.044656372070312500e+01,2.690307044982910156e+01
-9.044803619384765625e+01,2.690145492553710938e+01
-9.044727325439453125e+01,2.690211296081542969e+01
-9.044728088378906250e+01,2.690181922912597656e+01
-9.044781494140625000e+01,2.690139007568359375e+01
-9.044808959960937500e+01,2.690123367309570312e+01
-9.044646453857421875e+01,2.690236473083496094e+01
-9.044704437255859375e+01,2.690277290344238281e+01
-9.044638061523437500e+01,2.690278816223144531e+01
-9.044710540771484375e+01,2.690269088745117188e+01
-9.044737243652343750e+01,2.690173530578613281e+01
-9.044843292236328125e+01,2.690140533447265625e+01
-9.044654083251953125e+01,2.690291976928710938e+01
-9.044729614257812500e+01,2.690222740173339844e+01
-9.044649505615234375e+01,2.690230178833007812e+01
-9.044757843017578125e+01,2.690167808532714844e+01
-9.044853210449218750e+01,2.690110206604003906e+01
-9.044605255126953125e+01,2.690311050415039062e+01
-9.044750213623046875e+01,2.690253448486328125e+01
-9.044724273681640625e+01,2.690152549743652344e+01
-9.044862365722656250e+01,2.690127182006835938e+01
-9.044845581054687500e+01,2.690139961242675781e+01
-9.044732666015625000e+01,2.690152359008789062e+01
-9.044655609130859375e+01,2.690248680114746094e+01
-9.044709014892578125e+01,2.690195846557617188e+01
-9.044822692871093750e+01,2.690168380737304688e+01
-9.044695281982421875e+01,2.690179061889648438e+01
-9.044744873046875000e+01,2.690234947204589844e+01
-9.044629669189453125e+01,2.690289306640625000e+01
-9.044792175292968750e+01,2.690145301818847656e+01
-9.044784545898437500e+01,2.690152168273925781e+01
-9.044651794433593750e+01,2.690296363830566406e+01
-9.044717407226562500e+01,2.690199470520019531e+01
-9.044828033447265625e+01,2.690149497985839844e+01
-9.044848632812500000e+01,2.690095329284667969e+01
-9.044688415527343750e+01,2.690208053588867188e+01
-9.044623565673828125e+01,2.690313529968261719e+01
-9.044686889648437500e+01,2.690248870849609375e+01
-9.044641876220703125e+01,2.690251159667968750e+01
-9.044683837890625000e+01,2.690242385864257812e+01
-9.044654846191406250e+01,2.690246391296386719e+01
-9.044721221923828125e+01,2.690270042419433594e+01
-9.044760894775390625e+01,2.690221214294433594e+01
-9.044619750976562500e+01,2.690266227722167969e+01
-9.044671630859375000e+01,2.690282058715820312e+01
-9.044775390625000000e+01,2.690206146240234375e+01
-9.044808197021484375e+01,2.690183258056640625e+01
-9.044628143310546875e+01,2.690318489074707031e+01
-9.044644927978515625e+01,2.690316200256347656e+01
-9.044728088378906250e+01,2.690246391296386719e+01
-9.044738769531250000e+01,2.690233993530273438e+01
-9.044733428955078125e+01,2.690212631225585938e+01
-9.044635772705078125e+01,2.690320014953613281e+01
-9.044764709472656250e+01,2.690222930908203125e+01
-9.044658660888671875e+01,2.690312767028808594e+01
-9.044756317138671875e+01,2.690153503417968750e+01
-9.044685363769531250e+01,2.690268707275390625e+01
-9.044659423828125000e+01,2.690318107604980469e+01
-9.044751739501953125e+01,2.690149497985839844e+01
-9.044724273681640625e+01,2.690209579467773438e+01
-9.044738006591796875e+01,2.690197944641113281e+01
-9.044702148437500000e+01,2.690276336669921875e+01
-9.044665527343750000e+01,2.690238380432128906e+01
-9.044586181640625000e+01,2.690314102172851562e+01
-9.044681549072265625e+01,2.690232658386230469e+01
-9.044724273681640625e+01,2.690149307250976562e+01
-9.044659423828125000e+01,2.690301513671875000e+01
-9.044639587402343750e+01,2.690249061584472656e+01
-9.044738769531250000e+01,2.690241050720214844e+01
-9.044692993164062500e+01,2.690236854553222656e+01
-9.044638824462890625e+01,2.690306282043457031e+01
-9.044772338867187500e+01,2.690152359008789062e+01
-9.044772338867187500e+01,2.690136146545410156e+01
-9.044664764404296875e+01,2.690216255187988281e+01
-9.044759368896484375e+01,2.690189170837402344e+01
-9.044657135009765625e+01,2.690254783630371094e+01
-9.044759368896484375e+01,2.690121459960937500e+01
-9.044849395751953125e+01,2.690143585205078125e+01
-9.044799041748046875e+01,2.690104293823242188e+01
-9.044686126708984375e+01,2.690259742736816406e+01
-9.044628906250000000e+01,2.690262603759765625e+01
-9.044762420654296875e+01,2.690171241760253906e+01
-9.044763946533203125e+01,2.690216636657714844e+01
-9.044744110107421875e+01,2.690141105651855469e+01
-9.044647216796875000e+01,2.690247154235839844e+01
-9.044734191894531250e+01,2.690201568603515625e+01
-9.044786071777343750e+01,2.690196418762207031e+01
-9.044773101806640625e+01,2.690118980407714844e+01
-9.044694519042968750e+01,2.690189743041992188e+01
-9.044666290283203125e+01,2.690223503112792969e+01
-9.044681549072265625e+01,2.690217399597167969e+01
-9.044759368896484375e+01,2.690158462524414062e+01
-9.044686889648437500e+01,2.690189170837402344e+01
-9.044808959960937500e+01,2.690141868591308594e+01
-9.044711303710937500e+01,2.690272903442382812e+01
-9.044608306884765625e+01,2.690288543701171875e+01
-9.044633483886718750e+01,2.690298461914062500e+01
-9.044644165039062500e+01,2.690263366699218750e+01
-9.044701385498046875e+01,2.690184020996093750e+01
-9.044699859619140625e+01,2.690283012390136719e+01
-9.044739532470703125e+01,2.690184020996093750e+01
-9.044766235351562500e+01,2.690217208862304688e+01
-9.044695281982421875e+01,2.690285491943359375e+01
-9.044761657714843750e+01,2.690225028991699219e+01
-9.044667053222656250e+01,2.690264892578125000e+01
-9.044669342041015625e+01,2.690276145935058594e+01
-9.044794464111328125e+01,2.690196990966796875e+01
-9.044787597656250000e+01,2.690110969543457031e+01
-9.044594573974609375e+01,2.690292739868164062e+01
-9.044731903076171875e+01,2.690249252319335938e+01
-9.044751739501953125e+01,2.690235137939453125e+01
-9.044616699218750000e+01,2.690289688110351562e+01
-9.044795989990234375e+01,2.690129280090332031e+01
-9.044690704345703125e+01,2.690265655517578125e+01
-9.044817352294921875e+01,2.690102767944335938e+01
-9.044779205322265625e+01,2.690114021301269531e+01
-9.044739532470703125e+01,2.690173339843750000e+01
-9.044760894775390625e+01,2.690195465087890625e+01
-9.044681549072265625e+01,2.690264320373535156e+01
-9.044822692871093750e+01,2.690120887756347656e+01
-9.044711303710937500e+01,2.690203475952148438e+01
-9.044839477539062500e+01,2.690146636962890625e+01
-9.044805908203125000e+01,2.690135765075683594e+01
-9.044655609130859375e+01,2.690246391296386719e+01
-9.044745635986328125e+01,2.690163040161132812e+01
-9.044702148437500000e+01,2.690189552307128906e+01
-9.044799804687500000e+01,2.690148353576660156e+01
-9.044628906250000000e+01,2.690321540832519531e+01
-9.044780731201171875e+01,2.690202903747558594e+01
-9.044781494140625000e+01,2.690151596069335938e+01
-9.044743347167968750e+01,2.690245819091796875e+01
-9.044634246826171875e+01,2.690258026123046875e+01
-9.044815826416015625e+01,2.690096664428710938e+01
-9.044744873046875000e+01,2.690146446228027344e+01
-9.044824218750000000e+01,2.690114974975585938e+01
-9.044682312011718750e+01,2.690204620361328125e+01
-9.044789123535156250e+01,2.690110778808593750e+01
-9.044614410400390625e+01,2.690318107604980469e+01
-9.044812774658203125e+01,2.690136718750000000e+01
-9.044676208496093750e+01,2.690221405029296875e+01
-9.044632720947265625e+01,2.690237426757812500e+01
-9.044867706298828125e+01,2.690123748779296875e+01
-9.044741058349609375e+01,2.690166282653808594e+01
-9.044862365722656250e+01,2.690122985839843750e+01
-9.044699859619140625e+01,2.690266799926757812e+01
-9.044708251953125000e+01,2.690215110778808594e+01
-9.044721221923828125e+01,2.690213203430175781e+01
-9.044831085205078125e+01,2.690137863159179688e+01
-9.044696807861328125e+01,2.690186691284179688e+01
-9.044629669189453125e+01,2.690253448486328125e+01
-9.044782257080078125e+01,2.690216636657714844e+01
-9.044762420654296875e+01,2.690144920349121094e+01
-9.044639587402343750e+01,2.690271186828613281e+01
-9.044712066650390625e+01,2.690231132507324219e+01
-9.044831848144531250e+01,2.690117645263671875e+01
-9.044695281982421875e+01,2.690290641784667969e+01
-9.044791412353515625e+01,2.690096473693847656e+01
-9.044702911376953125e+01,2.690263557434082031e+01
-9.044814300537109375e+01,2.690099716186523438e+01
-9.044824218750000000e+01,2.690137672424316406e+01
-9.044743347167968750e+01,2.690202331542968750e+01
-9.044833374023437500e+01,2.690116691589355469e+01
-9.044644165039062500e+01,2.690272140502929688e+01
-9.044746398925781250e+01,2.690225791931152344e+01
-9.044792175292968750e+01,2.690170288085937500e+01
-9.044630432128906250e+01,2.690258789062500000e+01
-9.044683837890625000e+01,2.690279006958007812e+01
-9.044797515869140625e+01,2.690179443359375000e+01
-9.044677734375000000e+01,2.690286636352539062e+01
-9.044764709472656250e+01,2.690175819396972656e+01
-9.044784545898437500e+01,2.690149116516113281e+01
-9.044706726074218750e+01,2.690248489379882812e+01
-9.044799804687500000e+01,2.690103149414062500e+01
-9.044613647460937500e+01,2.690283966064453125e+01
-9.044790649414062500e+01,2.690155220031738281e+01
-9.044820404052734375e+01,2.690118789672851562e+01
-9.044711303710937500e+01,2.690247535705566406e+01
-9.044776916503906250e+01,2.690126228332519531e+01
-9.044764709472656250e+01,2.690127372741699219e+01
-9.044707489013671875e+01,2.690250396728515625e+01
-9.044770812988281250e+01,2.690203475952148438e+01
-9.044689941406250000e+01,2.690253067016601562e+01
-9.044625091552734375e+01,2.690254402160644531e+01
-9.044675445556640625e+01,2.690285682678222656e+01
-9.044843292236328125e+01,2.690122413635253906e+01
-9.044774627685546875e+01,2.690197753906250000e+01
-9.044752502441406250e+01,2.690248298645019531e+01
-9.044751739501953125e+01,2.690143203735351562e+01
-9.044813537597656250e+01,2.690146827697753906e+01
-9.044611358642578125e+01,2.690294647216796875e+01
-9.044757843017578125e+01,2.690222930908203125e+01
-9.044750213623046875e+01,2.690227317810058594e+01
-9.044650268554687500e+01,2.690246391296386719e+01
-9.044727325439453125e+01,2.690163040161132812e+01
-9.044769287109375000e+01,2.690209007263183594e+01
-9.044810485839843750e+01,2.690180206298828125e+01
-9.044735717773437500e+01,2.690212631225585938e+01
-9.044766998291015625e+01,2.690233039855957031e+01
-9.044745635986328125e+01,2.690253257751464844e+01
-9.044766998291015625e+01,2.690195274353027344e+01
-9.044711303710937500e+01,2.690277862548828125e+01
-9.044670104980468750e+01,2.690219879150390625e+01
-9.044830322265625000e+01,2.690121841430664062e+01
-9.044754791259765625e+01,2.690147781372070312e+01
-9.044809722900390625e+01,2.690150642395019531e+01
-9.044731903076171875e+01,2.690228080749511719e+01
-9.044651031494140625e+01,2.690288162231445312e+01
-9.044607543945312500e+01,2.690287017822265625e+01
-9.044679260253906250e+01,2.690295600891113281e+01
-9.044691467285156250e+01,2.690214920043945312e+01
-9.044799041748046875e+01,2.690167427062988281e+01
-9.044828033447265625e+01,2.690117073059082031e+01
-9.044807434082031250e+01,2.690173530578613281e+01
-9.044747161865234375e+01,2.690216636657714844e+01
-9.044702911376953125e+01,2.690282821655273438e+01
-9.044647216796875000e+01,2.690237998962402344e+01
-9.044754791259765625e+01,2.690175819396972656e+01
-9.044855499267578125e+01,2.690132331848144531e+01
-9.044781494140625000e+01,2.690159606933593750e+01
-9.044771575927734375e+01,2.690112876892089844e+01
-9.044654083251953125e+01,2.690321731567382812e+01
-9.044802093505859375e+01,2.690114593505859375e+01
-9.044720458984375000e+01,2.690240669250488281e+01
-9.044771575927734375e+01,2.690140724182128906e+01
-9.044710540771484375e+01,2.690211296081542969e+01
-9.044791412353515625e+01,2.690113449096679688e+01
-9.044669342041015625e+01,2.690204620361328125e+01
-9.044805908203125000e+01,2.690128517150878906e+01
-9.044828796386718750e+01,2.690094184875488281e+01
-9.044663238525390625e+01,2.690306091308593750e+01
-9.044765472412109375e+01,2.690133476257324219e+01
-9.044746398925781250e+01,2.690127182006835938e+01
-9.044777679443359375e+01,2.690173530578613281e+01
-9.044622039794921875e+01,2.690305709838867188e+01
-9.044680786132812500e+01,2.690194702148437500e+01
-9.044671630859375000e+01,2.690236854553222656e+01
-9.044758605957031250e+01,2.690221977233886719e+01
-9.044796752929687500e+01,2.690152549743652344e+01
-9.044622802734375000e+01,2.690310287475585938e+01
-9.044739532470703125e+01,2.690141105651855469e+01
-9.044686889648437500e+01,2.690229034423828125e+01
-9.044806671142578125e+01,2.690160369873046875e+01
-9.044727325439453125e+01,2.690263175964355469e+01
-9.044726562500000000e+01,2.690261077880859375e+01
-9.044658660888671875e+01,2.690247917175292969e+01
-9.044763183593750000e+01,2.690228843688964844e+01
-9.044650268554687500e+01,2.690292930603027344e+01
-9.044623565673828125e+01,2.690291976928710938e+01
-9.044705200195312500e+01,2.690201568603515625e+01
-9.044627380371093750e+01,2.690269279479980469e+01
-9.044815063476562500e+01,2.690112495422363281e+01
-9.044658660888671875e+01,2.690269088745117188e+01
-9.044839477539062500e+01,2.690145683288574219e+01
-9.044684600830078125e+01,2.690229606628417969e+01
-9.044802856445312500e+01,2.690148925781250000e+01
-9.044682312011718750e+01,2.690188026428222656e+01
-9.044779205322265625e+01,2.690221214294433594e+01
-9.044728088378906250e+01,2.690228462219238281e+01
-9.044786071777343750e+01,2.690142250061035156e+01
-9.044805145263671875e+01,2.690148353576660156e+01
-9.044843292236328125e+01,2.690135955810546875e+01
-9.044692230224609375e+01,2.690291023254394531e+01
-9.044853210449218750e+01,2.690111160278320312e+01
-9.044795989990234375e+01,2.690152931213378906e+01
-9.044786834716796875e+01,2.690118980407714844e+01
-9.044754028320312500e+01,2.690152931213378906e+01
-9.044823455810546875e+01,2.690106201171875000e+01
-9.044720458984375000e+01,2.690248298645019531e+01
-9.044759368896484375e+01,2.690210533142089844e+01
-9.044758605957031250e+01,2.690217208862304688e+01
-9.044743347167968750e+01,2.690170288085937500e+01
-9.044775390625000000e+01,2.690163803100585938e+01
-9.044615936279296875e+01,2.690263175964355469e+01
-9.044712066650390625e+01,2.690173339843750000e+01
-9.044812011718750000e+01,2.690115928649902344e+01
-9.044741058349609375e+01,2.690178489685058594e+01
-9.044602203369140625e+01,2.690290832519531250e+01
-9.044595336914062500e+01,2.690304374694824219e+01
-9.044726562500000000e+01,2.690191841125488281e+01
-9.044619750976562500e+01,2.690262985229492188e+01
-9.044708251953125000e+01,2.690215301513671875e+01
-9.044779205322265625e+01,2.690188789367675781e+01
-9.044746398925781250e+01,2.690232658386230469e+01
-9.044621276855468750e+01,2.690260887145996094e+01
-9.044730377197265625e+01,2.690238571166992188e+01
-9.044714355468750000e+01,2.690199470520019531e+01
-9.044718170166015625e+01,2.690170288085937500e+01
-9.044807434082031250e+01,2.690112304687500000e+01
-9.044702911376953125e+01,2.690250587463378906e+01
-9.044721221923828125e+01,2.690250778198242188e+01
-9.044780731201171875e+01,2.690181159973144531e+01
-9.044794464111328125e+01,2.690174102783203125e+01
-9.044670867919921875e+01,2.690303421020507812e+01
-9.044820404052734375e+01,2.690113067626953125e+01
-9.044796752929687500e+01,2.690124130249023438e+01
-9.044626617431640625e+01,2.690270805358886719e+01
-9.044692993164062500e+01,2.690187072753906250e+01
-9.044693756103515625e+01,2.690250015258789062e+01
-9.044650268554687500e+01,2.690235900878906250e+01
-9.044795989990234375e+01,2.690114402770996094e+01
-9.044683074951171875e+01,2.690267944335937500e+01
-9.044638061523437500e+01,2.690234947204589844e+01
-9.044689178466796875e+01,2.690262222290039062e+01
-9.044850921630859375e+01,2.690132904052734375e+01
-9.044795989990234375e+01,2.690161705017089844e+01
-9.044755554199218750e+01,2.690178871154785156e+01
-9.044638824462890625e+01,2.690313148498535156e+01
-9.044854736328125000e+01,2.690127563476562500e+01
-9.044725036621093750e+01,2.690216255187988281e+01
-9.044744110107421875e+01,2.690210151672363281e+01
-9.044596862792968750e+01,2.690286636352539062e+01
-9.044662475585937500e+01,2.690237236022949219e+01
-9.044629669189453125e+01,2.690283966064453125e+01
-9.044823455810546875e+01,2.690156364440917969e+01
-9.044741821289062500e+01,2.690241622924804688e+01
-9.044750976562500000e+01,2.690160179138183594e+01
-9.044740295410156250e+01,2.690148353576660156e+01
-9.044683837890625000e+01,2.690238761901855469e+01
-9.044732666015625000e+01,2.690237236022949219e+01
-9.044822692871093750e+01,2.690113067626953125e+01
-9.044797515869140625e+01,2.690150451660156250e+01
-9.044671630859375000e+01,2.690218734741210938e+01
-9.044863128662109375e+01,2.690127563476562500e+01
-9.044766998291015625e+01,2.690129280090332031e+01
-9.044644927978515625e+01,2.690236854553222656e+01
-9.044718933105468750e+01,2.690248298645019531e+01
-9.044747924804687500e+01,2.690249252319335938e+01
-9.044755554199218750e+01,2.690237617492675781e+01
-9.044666290283203125e+01,2.690309524536132812e+01
-9.044766998291015625e+01,2.690212249755859375e+01
-9.044857025146484375e+01,2.690124130249023438e+01
-9.044770812988281250e+01,2.690175819396972656e+01
-9.044705963134765625e+01,2.690224456787109375e+01
-9.044844055175781250e+01,2.690147209167480469e+01
-9.044763183593750000e+01,2.690167236328125000e+01
-9.044860076904296875e+01,2.690093612670898438e+01
-9.044668579101562500e+01,2.690239906311035156e+01
-9.044654083251953125e+01,2.690309143066406250e+01
-9.044812011718750000e+01,2.690128517150878906e+01
-9.044678497314453125e+01,2.690250968933105469e+01
-9.044731903076171875e+01,2.690189743041992188e+01
-9.044687652587890625e+01,2.690183639526367188e+01
-9.044660186767578125e+01,2.690221405029296875e+01
-9.044795989990234375e+01,2.690100669860839844e+01
-9.044738006591796875e+01,2.690137100219726562e+01
-9.044677734375000000e+01,2.690235328674316406e+01
-9.044683074951171875e+01,2.690242958068847656e+01
-9.044809722900390625e+01,2.690135192871093750e+01
-9.044741058349609375e+01,2.690187263488769531e+01
-9.044699096679687500e+01,2.690231132507324219e+01
-9.044776153564453125e+01,2.690143394470214844e+01
-9.044637298583984375e+01,2.690259361267089844e+01
-9.044719696044921875e+01,2.690235519409179688e+01
-9.044787597656250000e+01,2.690175437927246094e+01
-9.044725036621093750e+01,2.690251922607421875e+01
-9.044647216796875000e+01,2.690298080444335938e+01
-9.044747924804687500e+01,2.690204429626464844e+01
-9.044807434082031250e+01,2.690106773376464844e+01
-9.044646453857421875e+01,2.690242958068847656e+01
-9.044683837890625000e+01,2.690209197998046875e+01
-9.044710540771484375e+01,2.690274810791015625e+01
-9.044618988037109375e+01,2.690258026123046875e+01
-9.044819641113281250e+01,2.690111923217773438e+01
-9.044730377197265625e+01,2.690203094482421875e+01
-9.044798278808593750e+01,2.690110206604003906e+01
-9.044769287109375000e+01,2.690151023864746094e+01
-9.044758605957031250e+01,2.690230560302734375e+01
-9.044824981689453125e+01,2.690149688720703125e+01
-9.044607543945312500e+01,2.690288543701171875e+01
-9.044766998291015625e+01,2.690132522583007812e+01
-9.044800567626953125e+01,2.690191268920898438e+01
-9.044649505615234375e+01,2.690294456481933594e+01
-9.044787597656250000e+01,2.690190696716308594e+01
-9.044725799560546875e+01,2.690238571166992188e+01
-9.044682312011718750e+01,2.690291213989257812e+01
-9.044611358642578125e+01,2.690307426452636719e+01
-9.044759368896484375e+01,2.690203475952148438e+01
-9.044857025146484375e+01,2.690132141113281250e+01
-9.044740295410156250e+01,2.690149497985839844e+01
-9.044711303710937500e+01,2.690181541442871094e+01
-9.044733428955078125e+01,2.690258026123046875e+01
-9.044717407226562500e+01,2.690227508544921875e+01
-9.044764709472656250e+01,2.690207481384277344e+01
-9.044741821289062500e+01,2.690247917175292969e+01
-9.044596099853515625e+01,2.690304374694824219e+01
-9.044647216796875000e+01,2.690269851684570312e+01
-9.044786834716796875e+01,2.690191650390625000e+01
-9.044780731201171875e+01,2.690125274658203125e+01
-9.044808197021484375e+01,2.690172576904296875e+01
-9.044702148437500000e+01,2.690283584594726562e+01
-9.044654083251953125e+01,2.690264320373535156e+01
-9.044833374023437500e+01,2.690092658996582031e+01
-9.044735717773437500e+01,2.690160751342773438e+01
-9.044629669189453125e+01,2.690312767028808594e+01
-9.044815826416015625e+01,2.690122413635253906e+01
-9.044792938232421875e+01,2.690124702453613281e+01
-9.044658660888671875e+01,2.690254592895507812e+01
-9.044808197021484375e+01,2.690158081054687500e+01
-9.044783782958984375e+01,2.690209579467773438e+01
-9.044779205322265625e+01,2.690218353271484375e+01
-9.044779205322265625e+01,2.690183067321777344e+01
-9.044590759277343750e+01,2.690309524536132812e+01
-9.044718170166015625e+01,2.690257644653320312e+01
-9.044711303710937500e+01,2.690247917175292969e+01
-9.044704437255859375e+01,2.690185737609863281e+01
-9.044788360595703125e+01,2.690194892883300781e+01
-9.044700622558593750e+01,2.690211296081542969e+01
-9.044838714599609375e+01,2.690144157409667969e+01
-9.044746398925781250e+01,2.690178871154785156e+01
-9.044807434082031250e+01,2.690092468261718750e+01
-9.044725799560546875e+01,2.690202522277832031e+01
-9.044634246826171875e+01,2.690316963195800781e+01
-9.044725036621093750e+01,2.690241813659667969e+01
-9.044689941406250000e+01,2.690265846252441406e+01
-9.044712066650390625e+01,2.690201568603515625e+01
-9.044769287109375000e+01,2.690229034423828125e+01
-9.044818115234375000e+01,2.690156745910644531e+01
-9.044699859619140625e+01,2.690180587768554688e+01
-9.044763946533203125e+01,2.690173912048339844e+01
-9.044745635986328125e+01,2.690213775634765625e+01
-9.044734954833984375e+01,2.690157127380371094e+01
-9.044695281982421875e+01,2.690176391601562500e+01
-9.044664764404296875e+01,2.690217208862304688e+01
-9.044786834716796875e+01,2.690146827697753906e+01
-9.044672393798828125e+01,2.690202522277832031e+01
-9.044745635986328125e+01,2.690135383605957031e+01
-9.044686889648437500e+01,2.690234756469726562e+01
-9.044718933105468750e+01,2.690191268920898438e+01
-9.044658660888671875e+01,2.690300941467285156e+01
-9.044705200195312500e+01,2.690266799926757812e+01
-9.044685363769531250e+01,2.690275001525878906e+01
-9.044692230224609375e+01,2.690191268920898438e+01
-9.044803619384765625e+01,2.690149879455566406e+01
-9.044710540771484375e+01,2.690268707275390625e+01
-9.044771575927734375e+01,2.690145874023437500e+01
-9.044687652587890625e+01,2.690184211730957031e+01
-9.044793701171875000e+01,2.690153121948242188e+01
-9.044734191894531250e+01,2.690158081054687500e+01
-9.044786071777343750e+01,2.690111351013183594e+01
-9.044716644287109375e+01,2.690222930908203125e+01
-9.044744873046875000e+01,2.690258026123046875e+01
-9.044719696044921875e+01,2.690239715576171875e+01
-9.044828796386718750e+01,2.690109825134277344e+01
-9.044756317138671875e+01,2.690219879150390625e+01
-9.044652557373046875e+01,2.690240287780761719e+01
-9.044694519042968750e+01,2.690247344970703125e+01
-9.044705963134765625e+01,2.690283775329589844e+01
-9.044736480712890625e+01,2.690237998962402344e+01
-9.044672393798828125e+01,2.690271568298339844e+01
-9.044794464111328125e+01,2.690180015563964844e+01
-9.044730377197265625e+01,2.690232467651367188e+01
-9.044716644287109375e+01,2.690194892883300781e+01
-9.044862365722656250e+01,2.690100288391113281e+01
-9.044641876220703125e+01,2.690256690979003906e+01
-9.044785308837890625e+01,2.690182495117187500e+01
-9.044853973388671875e+01,2.690095901489257812e+01
-9.044705963134765625e+01,2.690225028991699219e+01
-9.044714355468750000e+01,2.690244674682617188e+01
-9.044638824462890625e+01,2.690270423889160156e+01
-9.044738769531250000e+01,2.690225982666015625e+01
-9.044796752929687500e+01,2.690152931213378906e+01
-9.044665527343750000e+01,2.690303802490234375e+01
-9.044609069824218750e+01,2.690279006958007812e+01
-9.044773101806640625e+01,2.690211296081542969e+01
-9.044672393798828125e+01,2.690272331237792969e+01
-9.044733428955078125e+01,2.690238189697265625e+01
-9.044838714599609375e+01,2.690148162841796875e+01
-9.044696807861328125e+01,2.690202903747558594e+01
-9.044618988037109375e+01,2.690308380126953125e+01
-9.044793701171875000e+01,2.690178489685058594e+01
-9.044701385498046875e+01,2.690284347534179688e+01
-9.044663238525390625e+01,2.690214157104492188e+01
-9.044853973388671875e+01,2.690106964111328125e+01
-9.044683837890625000e+01,2.690236282348632812e+01
-9.044741821289062500e+01,2.690262603759765625e+01
-9.044641876220703125e+01,2.690311241149902344e+01
-9.044788360595703125e+01,2.690176963806152344e+01
-9.044674682617187500e+01,2.690235137939453125e+01
-9.044670104980468750e+01,2.690213775634765625e+01
-9.044630432128906250e+01,2.690278625488281250e+01
-9.044656372070312500e+01,2.690292930603027344e+01
-9.044759368896484375e+01,2.690171241760253906e+01
-9.044801330566406250e+01,2.690187835693359375e+01
-9.044659423828125000e+01,2.690314292907714844e+01
-9.044665527343750000e+01,2.690275955200195312e+01
-9.044683074951171875e+01,2.690282630920410156e+01
-9.044674682617187500e+01,2.690218925476074219e+01
-9.044702148437500000e+01,2.690255546569824219e+01
-9.044683074951171875e+01,2.690246963500976562e+01
-9.044697570800781250e+01,2.690262603759765625e+01
-9.044814300537109375e+01,2.690092849731445312e+01
-9.044704437255859375e+01,2.690229034423828125e+01
-9.044740295410156250e+01,2.690131378173828125e+01
-9.044743347167968750e+01,2.690215301513671875e+01
-9.044715881347656250e+01,2.690182685852050781e+01
-9.044680786132812500e+01,2.690282630920410156e+01
-9.044693756103515625e+01,2.690220260620117188e+01
-9.044786834716796875e+01,2.690190887451171875e+01
-9.044766235351562500e+01,2.690134620666503906e+01
-9.044731903076171875e+01,2.690255355834960938e+01
-9.044667816162109375e+01,2.690306472778320312e+01
-9.044786071777343750e+01,2.690129280090332031e+01
-9.044835662841796875e+01,2.690157318115234375e+01
-9.044799804687500000e+01,2.690179252624511719e+01
-9.044795227050781250e+01,2.690154457092285156e+01
-9.044612884521484375e+01,2.690275192260742188e+01
-9.044687652587890625e+01,2.690244483947753906e+01
-9.044819641113281250e+01,2.690124320983886719e+01
-9.044719696044921875e+01,2.690196228027343750e+01
-9.044723510742187500e+01,2.690171813964843750e+01
-9.044837951660156250e+01,2.690119171142578125e+01
-9.044661712646484375e+01,2.690228652954101562e+01
-9.044647216796875000e+01,2.690263366699218750e+01
-9.044640350341796875e+01,2.690295600891113281e+01
-9.044779968261718750e+01,2.690132522583007812e+01
-9.044667816162109375e+01,2.690238380432128906e+01
-9.044741058349609375e+01,2.690248870849609375e+01
-9.044820404052734375e+01,2.690108489990234375e+01
-9.044819641113281250e+01,2.690145111083984375e+01
-9.044606781005859375e+01,2.690277481079101562e+01
-9.044741821289062500e+01,2.690231132507324219e+01
-9.044837951660156250e+01,2.690121459960937500e+01
-9.044807434082031250e+01,2.690173912048339844e+01
-9.044646453857421875e+01,2.690287208557128906e+01
-9.044775390625000000e+01,2.690124130249023438e+01
-9.044613647460937500e+01,2.690262222290039062e+01
-9.044683074951171875e+01,2.690234184265136719e+01
-9.044851684570312500e+01,2.690113258361816406e+01
-9.044753265380859375e+01,2.690225982666015625e+01
-9.044808197021484375e+01,2.690114593505859375e+01
-9.044747161865234375e+01,2.690131187438964844e+01
-9.044606781005859375e+01,2.690298271179199219e+01
-9.044664764404296875e+01,2.690270042419433594e+01
-9.044584655761718750e+01,2.690318870544433594e+01
-9.044808197021484375e+01,2.690181541442871094e+01
-9.044747161865234375e+01,2.690162658691406250e+01
-9.044667053222656250e+01,2.690212631225585938e+01
-9.044805145263671875e+01,2.690110969543457031e+01
-9.044857025146484375e+01,2.690104103088378906e+01
-9.044793701171875000e+01,2.690103149414062500e+01
-9.044762420654296875e+01,2.690160751342773438e+01
-9.044647216796875000e+01,2.690296363830566406e+01
-9.044659423828125000e+01,2.690217781066894531e+01
-9.044745635986328125e+01,2.690199279785156250e+01
-9.044657135009765625e+01,2.690233612060546875e+01
-9.044834899902343750e+01,2.690125083923339844e+01
-9.044813537597656250e+01,2.690153694152832031e+01
-9.044650268554687500e+01,2.690251541137695312e+01
-9.044760894775390625e+01,2.690239715576171875e+01
-9.044805908203125000e+01,2.690156555175781250e+01
-9.044644927978515625e+01,2.690301513671875000e+01
-9.044739532470703125e+01,2.690257072448730469e+01
-9.044760131835937500e+01,2.690235137939453125e+01
-9.044692230224609375e+01,2.690233612060546875e+01
-9.044678497314453125e+01,2.690249633789062500e+01
-9.044697570800781250e+01,2.690228462219238281e+01
-9.044796752929687500e+01,2.690160751342773438e+01
-9.044747924804687500e+01,2.690230560302734375e+01
-9.044664001464843750e+01,2.690303421020507812e+01
-9.044606018066406250e+01,2.690294265747070312e+01
-9.044708251953125000e+01,2.690196800231933594e+01
-9.044796752929687500e+01,2.690169334411621094e+01
-9.044728851318359375e+01,2.690145874023437500e+01
-9.044757843017578125e+01,2.690232658386230469e+01
-9.044799041748046875e+01,2.690105819702148438e+01
-9.044791412353515625e+01,2.690156745910644531e+01
-9.044715118408203125e+01,2.690249824523925781e+01
-9.044702148437500000e+01,2.690230941772460938e+01
-9.044765472412109375e+01,2.690151023864746094e+01
-9.044667053222656250e+01,2.690283584594726562e+01
-9.044635009765625000e+01,2.690274620056152344e+01
-9.044727325439453125e+01,2.690158653259277344e+01
-9.044670104980468750e+01,2.690222358703613281e+01
-9.044712829589843750e+01,2.690201377868652344e+01
-9.044661712646484375e+01,2.690305900573730469e+01
-9.044856262207031250e+01,2.690104103088378906e+01
-9.044805145263671875e+01,2.690178680419921875e+01
-9.044705963134765625e+01,2.690280914306640625e+01
-9.044696807861328125e+01,2.690264320373535156e+01
-9.044606781005859375e+01,2.690311431884765625e+01
-9.044638061523437500e+01,2.690297508239746094e+01
-9.044680023193359375e+01,2.690286254882812500e+01
-9.044653320312500000e+01,2.690302658081054688e+01
-9.044652557373046875e+01,2.690312194824218750e+01
-9.044747161865234375e+01,2.690240287780761719e+01
-9.044702148437500000e+01,2.690269088745117188e+01
-9.044699096679687500e+01,2.690230178833007812e+01
-9.044603729248046875e+01,2.690303802490234375e+01
-9.044689941406250000e+01,2.690185546875000000e+01
-9.044837951660156250e+01,2.690103340148925781e+01
-9.044622039794921875e+01,2.690297508239746094e+01
-9.044760131835937500e+01,2.690170288085937500e+01
-9.044746398925781250e+01,2.690147209167480469e+01
-9.044665527343750000e+01,2.690218925476074219e+01
-9.044738769531250000e+01,2.690142059326171875e+01
-9.044723510742187500e+01,2.690156364440917969e+01
-9.044711303710937500e+01,2.690176391601562500e+01
-9.044609069824218750e+01,2.690316963195800781e+01
-9.044780731201171875e+01,2.690130424499511719e+01
-9.044640350341796875e+01,2.690251159667968750e+01
-9.044829559326171875e+01,2.690162277221679688e+01
-9.044803619384765625e+01,2.690166473388671875e+01
-9.044816589355468750e+01,2.690160942077636719e+01
-9.044783782958984375e+01,2.690144348144531250e+01
-9.044782257080078125e+01,2.690178108215332031e+01
-9.044629669189453125e+01,2.690246772766113281e+01
-9.044628906250000000e+01,2.690319061279296875e+01
-9.044776153564453125e+01,2.690193939208984375e+01
-9.044628906250000000e+01,2.690270233154296875e+01
-9.044808959960937500e+01,2.690092849731445312e+01
-9.044816589355468750e+01,2.690139770507812500e+01
-9.044712829589843750e+01,2.690266609191894531e+01
-9.044687652587890625e+01,2.690215873718261719e+01
-9.044744873046875000e+01,2.690156936645507812e+01
-9.044622802734375000e+01,2.690282249450683594e+01
-9.044870758056640625e+01,2.690122032165527344e+01
-9.044815826416015625e+01,2.690138626098632812e+01
-9.044713592529296875e+01,2.690194702148437500e+01
-9.044698333740234375e+01,2.690260696411132812e+01
-9.044833374023437500e+01,2.690155220031738281e+01
-9.044747924804687500e+01,2.690215301513671875e+01
-9.044828796386718750e+01,2.690138816833496094e+01
-9.044711303710937500e+01,2.690241622924804688e+01
-9.044615936279296875e+01,2.690269088745117188e+01
-9.044725036621093750e+01,2.690148353576660156e+01
-9.044716644287109375e+01,2.690186500549316406e+01
-9.044644927978515625e+01,2.690233421325683594e+01
-9.044644927978515625e+01,2.690303993225097656e+01
-9.044750976562500000e+01,2.690216255187988281e+01
-9.044815063476562500e+01,2.690127372741699219e+01
-9.044659423828125000e+01,2.690243911743164062e+01
-9.044606781005859375e+01,2.690297126770019531e+01
-9.044786834716796875e+01,2.690199089050292969e+01
-9.044713592529296875e+01,2.690264511108398438e+01
-9.044693756103515625e+01,2.690221405029296875e+01
-9.044768524169921875e+01,2.690141868591308594e+01
-9.044699096679687500e+01,2.690170860290527344e+01
-9.044786834716796875e+01,2.690141677856445312e+01
-9.044663238525390625e+01,2.690228652954101562e+01
-9.044807434082031250e+01,2.690127944946289062e+01
-9.044728088378906250e+01,2.690164184570312500e+01
-9.044731140136718750e+01,2.690192222595214844e+01
-9.044657897949218750e+01,2.690262222290039062e+01
-9.044832611083984375e+01,2.690128517150878906e+01
-9.044669342041015625e+01,2.690274047851562500e+01
-9.044731903076171875e+01,2.690251350402832031e+01
-9.044751739501953125e+01,2.690129280090332031e+01
-9.044803619384765625e+01,2.690149879455566406e+01
-9.044751739501953125e+01,2.690173339843750000e+01
-9.044729614257812500e+01,2.690262413024902344e+01
-9.044745635986328125e+01,2.690226554870605469e+01
-9.044841766357421875e+01,2.690135765075683594e+01
-9.044803619384765625e+01,2.690176582336425781e+01
-9.044638824462890625e+01,2.690277290344238281e+01
-9.044767761230468750e+01,2.690137481689453125e+01
-9.044688415527343750e+01,2.690268898010253906e+01
-9.044748687744140625e+01,2.690179443359375000e+01
-9.044787597656250000e+01,2.690178108215332031e+01
-9.044789123535156250e+01,2.690148925781250000e+01
-9.044727325439453125e+01,2.690225982666015625e+01
-9.044770812988281250e+01,2.690153503417968750e+01
-9.044780731201171875e+01,2.690211677551269531e+01
-9.044803619384765625e+01,2.690144920349121094e+01
-9.044642639160156250e+01,2.690247154235839844e+01
-9.044854736328125000e+01,2.690095901489257812e+01
-9.044647216796875000e+01,2.690314865112304688e+01
-9.044634246826171875e+01,2.690262031555175781e+01
-9.044765472412109375e+01,2.690131950378417969e+01
-9.044857788085937500e+01,2.690134811401367188e+01
-9.044648742675781250e+01,2.690284156799316406e+01
-9.044644927978515625e+01,2.690281295776367188e+01
-9.044741058349609375e+01,2.690147972106933594e+01
-9.044707489013671875e+01,2.690265083312988281e+01
-9.044823455810546875e+01,2.690139198303222656e+01
-9.044771575927734375e+01,2.690210723876953125e+01
-9.044782257080078125e+01,2.690146827697753906e+01
-9.044618225097656250e+01,2.690266609191894531e+01
-9.044828796386718750e+01,2.690131759643554688e+01
-9.044827270507812500e+01,2.690130043029785156e+01
-9.044689941406250000e+01,2.690209197998046875e+01
-9.044733428955078125e+01,2.690154075622558594e+01
-9.044725036621093750e+01,2.690225982666015625e+01
-9.044768524169921875e+01,2.690231132507324219e+01
-9.044727325439453125e+01,2.690159416198730469e+01
-9.044754028320312500e+01,2.690183448791503906e+01
-9.044711303710937500e+01,2.690251541137695312e+01
-9.044773101806640625e+01,2.690220260620117188e+01
-9.044754791259765625e+01,2.690181159973144531e+01
-9.044821166992187500e+01,2.690114974975585938e+01
-9.044754791259765625e+01,2.690180397033691406e+01
-9.044635009765625000e+01,2.690291595458984375e+01
-9.044850158691406250e+01,2.690097618103027344e+01
-9.044631195068359375e+01,2.690258979797363281e+01
-9.044829559326171875e+01,2.690159797668457031e+01
-9.044739532470703125e+01,2.690195846557617188e+01
-9.044771575927734375e+01,2.690206909179687500e+01
-9.044721984863281250e+01,2.690207672119140625e+01
-9.044810485839843750e+01,2.690130996704101562e+01
-9.044670104980468750e+01,2.690305900573730469e+01
-9.044641876220703125e+01,2.690278053283691406e+01
-9.044786834716796875e+01,2.690180587768554688e+01
-9.044783782958984375e+01,2.690194320678710938e+01
-9.044782257080078125e+01,2.690195274353027344e+01
-9.044768524169921875e+01,2.690121459960937500e+01
-9.044635772705078125e+01,2.690267562866210938e+01
-9.044758605957031250e+01,2.690185737609863281e+01
-9.044837951660156250e+01,2.690093040466308594e+01
-9.044775390625000000e+01,2.690138053894042969e+01
-9.044604492187500000e+01,2.690296173095703125e+01
-9.044667816162109375e+01,2.690240478515625000e+01
-9.044725036621093750e+01,2.690208053588867188e+01
-9.044858551025390625e+01,2.690128326416015625e+01
-9.044728088378906250e+01,2.690162658691406250e+01
-9.044755554199218750e+01,2.690186500549316406e+01
-9.044815826416015625e+01,2.690138626098632812e+01
-9.044804382324218750e+01,2.690115547180175781e+01
-9.044780731201171875e+01,2.690150642395019531e+01
-9.044627380371093750e+01,2.690250205993652344e+01
-9.044794464111328125e+01,2.690137290954589844e+01
-9.044780731201171875e+01,2.690151596069335938e+01
-9.044631958007812500e+01,2.690292930603027344e+01
-9.044667816162109375e+01,2.690264701843261719e+01
-9.044776153564453125e+01,2.690192413330078125e+01
-9.044728088378906250e+01,2.690162086486816406e+01
-9.044743347167968750e+01,2.690242195129394531e+01
-9.044714355468750000e+01,2.690183639526367188e+01
-9.044763946533203125e+01,2.690176582336425781e+01
-9.044712829589843750e+01,2.690174865722656250e+01
-9.044666290283203125e+01,2.690204620361328125e+01
-9.044837951660156250e+01,2.690149307250976562e+01
-9.044693756103515625e+01,2.690188789367675781e+01
-9.044687652587890625e+01,2.690278053283691406e+01
-9.044812011718750000e+01,2.690143966674804688e+01
-9.044832611083984375e+01,2.690138816833496094e+01
-9.044751739501953125e+01,2.690145874023437500e+01
-9.044783782958984375e+01,2.690148353576660156e+01
-9.044709777832031250e+01,2.690216827392578125e+01
-9.044676208496093750e+01,2.690283966064453125e+01
-9.044776153564453125e+01,2.690225028991699219e+01
-9.044755554199218750e+01,2.690152549743652344e+01
-9.044674682617187500e+01,2.690298271179199219e+01
-9.044695281982421875e+01,2.690286445617675781e+01
-9.044785308837890625e+01,2.690131568908691406e+01
-9.044619750976562500e+01,2.690313529968261719e+01
-9.044730377197265625e+01,2.690177536010742188e+01
-9.044703674316406250e+01,2.690200042724609375e+01
-9.044701385498046875e+01,2.690188026428222656e+01
-9.044681549072265625e+01,2.690218925476074219e+01
-9.044631195068359375e+01,2.690293502807617188e+01
-9.044754028320312500e+01,2.690248870849609375e+01
-9.044828796386718750e+01,2.690095520019531250e+01
-9.044692230224609375e+01,2.690242195129394531e+01
-9.044770812988281250e+01,2.690234565734863281e+01
-9.044638061523437500e+01,2.690283203125000000e+01
-9.044750976562500000e+01,2.690239524841308594e+01
-9.044688415527343750e+01,2.690267944335937500e+01
-9.044652557373046875e+01,2.690276718139648438e+01
-9.044836425781250000e+01,2.690114593505859375e+01
-9.044699096679687500e+01,2.690252113342285156e+01
-9.044693756103515625e+01,2.690181159973144531e+01
-9.044631958007812500e+01,2.690312767028808594e+01
-9.044689941406250000e+01,2.690221023559570312e+01
-9.044757080078125000e+01,2.690192413330078125e+01
-9.044760131835937500e+01,2.690160179138183594e+01
-9.044859313964843750e+01,2.690097236633300781e+01
-9.044634246826171875e+01,2.690270996093750000e+01
-9.044716644287109375e+01,2.690273284912109375e+01
-9.044756317138671875e+01,2.690241622924804688e+01
-9.044662475585937500e+01,2.690277671813964844e+01
-9.044773101806640625e+01,2.690192413330078125e+01
-9.044751739501953125e+01,2.690233421325683594e+01
-9.044625854492187500e+01,2.690249633789062500e+01
-9.044689178466796875e+01,2.690189743041992188e+01
-9.044672393798828125e+01,2.690233802795410156e+01
-9.044657135009765625e+01,2.690249443054199219e+01
-9.044817352294921875e+01,2.690127372741699219e+01
-9.044600677490234375e+01,2.690313529968261719e+01
-9.044688415527343750e+01,2.690184974670410156e+01
-9.044809722900390625e+01,2.690100669860839844e+01
-9.044693756103515625e+01,2.690268898010253906e+01
-9.044703674316406250e+01,2.690262031555175781e+01
-9.044784545898437500e+01,2.690157127380371094e+01
-9.044649505615234375e+01,2.690271568298339844e+01
-9.044760894775390625e+01,2.690174484252929688e+01
-9.044623565673828125e+01,2.690259361267089844e+01
-9.044707489013671875e+01,2.690231132507324219e+01
-9.044827270507812500e+01,2.690125274658203125e+01
-9.044705200195312500e+01,2.690255165100097656e+01
-9.044662475585937500e+01,2.690219306945800781e+01
-9.044699096679687500e+01,2.690178871154785156e+01
-9.044647979736328125e+01,2.690240478515625000e+01
-9.044753265380859375e+01,2.690177345275878906e+01
-9.044654846191406250e+01,2.690242576599121094e+01
-9.044768524169921875e+01,2.690198326110839844e+01
-9.044657135009765625e+01,2.690288734436035156e+01
-9.044747161865234375e+01,2.690192794799804688e+01
-9.044750213623046875e+01,2.690225028991699219e+01
-9.044718933105468750e+01,2.690233039855957031e+01
-9.044770050048828125e+01,2.690172386169433594e+01
-9.044752502441406250e+01,2.690201950073242188e+01
-9.044702148437500000e+01,2.690187072753906250e+01
-9.044780731201171875e+01,2.690215110778808594e+01
-9.044660949707031250e+01,2.690307426452636719e+01
-9.044634246826171875e+01,2.690246200561523438e+01
-9.044728851318359375e+01,2.690225028991699219e+01
-9.044689941406250000e+01,2.690229034423828125e+01
-9.044805145263671875e+01,2.690146064758300781e+01
-9.044787597656250000e+01,2.690154647827148438e+01
-9.044832611083984375e+01,2.690118598937988281e+01
-9.044788360595703125e+01,2.690140724182128906e+01
-9.044651031494140625e+01,2.690278625488281250e+01
-9.044841766357421875e+01,2.690123367309570312e+01
-9.044756317138671875e+01,2.690170288085937500e+01
-9.044839477539062500e+01,2.690103721618652344e+01
-9.044760131835937500e+01,2.690150833129882812e+01
-9.044787597656250000e+01,2.690119743347167969e+01
-9.044726562500000000e+01,2.690192413330078125e+01
-9.044796752929687500e+01,2.690128898620605469e+01
-9.044715881347656250e+01,2.690171241760253906e+01
-9.044703674316406250e+01,2.690242385864257812e+01
-9.044650268554687500e+01,2.690266036987304688e+01
-9.044710540771484375e+01,2.690163993835449219e+01
-9.044763183593750000e+01,2.690190315246582031e+01
-9.044781494140625000e+01,2.690147399902343750e+01
-9.044651031494140625e+01,2.690245056152343750e+01
-9.044641113281250000e+01,2.690261840820312500e+01
-9.044791412353515625e+01,2.690196037292480469e+01
-9.044840240478515625e+01,2.690114021301269531e+01
-9.044725036621093750e+01,2.690148353576660156e+01
-9.044667816162109375e+01,2.690232276916503906e+01
-9.044667816162109375e+01,2.690289306640625000e+01
-9.044738769531250000e+01,2.690244865417480469e+01
-9.044748687744140625e+01,2.690252876281738281e+01
-9.044755554199218750e+01,2.690131950378417969e+01
-9.044726562500000000e+01,2.690147781372070312e+01
-9.044800567626953125e+01,2.690105819702148438e+01
-9.044652557373046875e+01,2.690237998962402344e+01
-9.044650268554687500e+01,2.690225601196289062e+01
-9.044795227050781250e+01,2.690172958374023438e+01
-9.044618225097656250e+01,2.690288543701171875e+01
-9.044705200195312500e+01,2.690280342102050781e+01
-9.044710540771484375e+01,2.690217781066894531e+01
-9.044709777832031250e+01,2.690187072753906250e+01
-9.044692230224609375e+01,2.690210723876953125e+01
-9.044721984863281250e+01,2.690161132812500000e+01
-9.044792175292968750e+01,2.690195846557617188e+01
-9.044683074951171875e+01,2.690245819091796875e+01
-9.044721221923828125e+01,2.690190124511718750e+01
-9.044838714599609375e+01,2.690131187438964844e+01
-9.044803619384765625e+01,2.690184783935546875e+01
-9.044726562500000000e+01,2.690234184265136719e+01
-9.044704437255859375e+01,2.690190124511718750e+01
-9.044793701171875000e+01,2.690104103088378906e+01
-9.044716644287109375e+01,2.690187644958496094e+01
-9.044744873046875000e+01,2.690152359008789062e+01
-9.044802093505859375e+01,2.690147399902343750e+01
-9.044817352294921875e+01,2.690109825134277344e+01
-9.044592285156250000e+01,2.690308570861816406e+01
-9.044772338867187500e+01,2.690166854858398438e+01
-9.044761657714843750e+01,2.690237045288085938e+01
-9.044754791259765625e+01,2.690233421325683594e+01
-9.044675445556640625e+01,2.690278053283691406e+01
-9.044681549072265625e+01,2.690254020690917969e+01
-9.044690704345703125e+01,2.690221977233886719e+01
-9.044651794433593750e+01,2.690303611755371094e+01
-9.044665527343750000e+01,2.690261840820312500e+01
-9.044643402099609375e+01,2.690291976928710938e+01
-9.044623565673828125e+01,2.690286064147949219e+01
-9.044622039794921875e+01,2.690262985229492188e+01
-9.044754791259765625e+01,2.690244102478027344e+01
-9.044792938232421875e+01,2.690110969543457031e+01
-9.044689941406250000e+01,2.690214729309082031e+01
-9.044754791259765625e+01,2.690248298645019531e+01
-9.044638824462890625e+01,2.690254783630371094e+01
-9.044662475585937500e+01,2.690259170532226562e+01
-9.044636535644531250e+01,2.690314865112304688e+01
-9.044673156738281250e+01,2.690240859985351562e+01
-9.044765472412109375e+01,2.690148925781250000e+01
-9.044811248779296875e+01,2.690152740478515625e+01
-9.044812774658203125e+01,2.690132522583007812e+01
-9.044805145263671875e+01,2.690176963806152344e+01
-9.044815826416015625e+01,2.690143394470214844e+01
-9.044667816162109375e+01,2.690309906005859375e+01
-9.044622802734375000e+01,2.690301322937011719e+01
-9.044709014892578125e+01,2.690186119079589844e+01
-9.044771575927734375e+01,2.690172004699707031e+01
-9.044655609130859375e+01,2.690305519104003906e+01
-9.044680023193359375e+01,2.690204048156738281e+01
-9.044826507568359375e+01,2.690111541748046875e+01
-9.044743347167968750e+01,2.690142631530761719e+01
-9.044651794433593750e+01,2.690273475646972656e+01
-9.044805145263671875e+01,2.690136718750000000e+01
-9.044643402099609375e+01,2.690292549133300781e+01
-9.044714355468750000e+01,2.690257453918457031e+01
-9.044821929931640625e+01,2.690167808532714844e+01
-9.044711303710937500e+01,2.690186119079589844e+01
-9.044766998291015625e+01,2.690206527709960938e+01
-9.044677734375000000e+01,2.690207481384277344e+01
-9.044714355468750000e+01,2.690214157104492188e+01
-9.044783782958984375e+01,2.690166282653808594e+01
-9.044787597656250000e+01,2.690119552612304688e+01
-9.044704437255859375e+01,2.690191841125488281e+01
-9.044784545898437500e+01,2.690143775939941406e+01
-9.044674682617187500e+01,2.690216255187988281e+01
-9.044654846191406250e+01,2.690303611755371094e+01
-9.044819641113281250e+01,2.690153694152832031e+01
-9.044721221923828125e+01,2.690184974670410156e+01
-9.044731903076171875e+01,2.690168380737304688e+01
-9.044702911376953125e+01,2.690188217163085938e+01
-9.044637298583984375e+01,2.690244674682617188e+01
-9.044627380371093750e+01,2.690299987792968750e+01
-9.044796752929687500e+01,2.690190696716308594e+01
-9.044717407226562500e+01,2.690194892883300781e+01
-9.044625091552734375e+01,2.690244483947753906e+01
-9.044767761230468750e+01,2.690224456787109375e+01
-9.044677734375000000e+01,2.690273857116699219e+01
-9.044746398925781250e+01,2.690153884887695312e+01
-9.044714355468750000e+01,2.690223884582519531e+01
-9.044799804687500000e+01,2.690171051025390625e+01
-9.044755554199218750e+01,2.690224266052246094e+01
-9.044686889648437500e+01,2.690267944335937500e+01
-9.044661712646484375e+01,2.690291404724121094e+01
-9.044692993164062500e+01,2.690247344970703125e+01
-9.044697570800781250e+01,2.690281295776367188e+01
-9.044775390625000000e+01,2.690199470520019531e+01
-9.044794464111328125e+01,2.690179634094238281e+01
-9.044850158691406250e+01,2.690125083923339844e+01
-9.044649505615234375e+01,2.690288734436035156e+01
-9.044686889648437500e+01,2.690208244323730469e+01
-9.044612884521484375e+01,2.690317916870117188e+01
-9.044847869873046875e+01,2.690142059326171875e+01
-9.044781494140625000e+01,2.690180587768554688e+01
-9.044858551025390625e+01,2.690122604370117188e+01
-9.044724273681640625e+01,2.690225410461425781e+01
-9.044824981689453125e+01,2.690158843994140625e+01
-9.044660186767578125e+01,2.690253067016601562e+01
-9.044694519042968750e+01,2.690204048156738281e+01
-9.044853210449218750e+01,2.690111732482910156e+01
-9.044698333740234375e+01,2.690197372436523438e+01
-9.044744110107421875e+01,2.690151023864746094e+01
-9.044747161865234375e+01,2.690232086181640625e+01
-9.044758605957031250e+01,2.690161323547363281e+01
-9.044815826416015625e+01,2.690099525451660156e+01
-9.044606781005859375e+01,2.690280342102050781e+01
-9.044747924804687500e+01,2.690142250061035156e+01
-9.044824218750000000e+01,2.690147972106933594e+01
-9.044775390625000000e+01,2.690188789367675781e+01
-9.044761657714843750e+01,2.690135002136230469e+01
-9.044747924804687500e+01,2.690202522277832031e+01
-9.044716644287109375e+01,2.690166664123535156e+01
-9.044789123535156250e+01,2.690215110778808594e+01
-9.044681549072265625e+01,2.690267181396484375e+01
-9.044805145263671875e+01,2.690170478820800781e+01
-9.044747161865234375e+01,2.690194320678710938e+01
-9.044655609130859375e+01,2.690217781066894531e+01
-9.044703674316406250e+01,2.690220451354980469e+01
-9.044798278808593750e+01,2.690136718750000000e+01
-9.044683074951171875e+01,2.690223503112792969e+01
-9.044741821289062500e+01,2.690197753906250000e+01
-9.044821929931640625e+01,2.690131950378417969e+01
-9.044763183593750000e+01,2.690184974670410156e+01
-9.044855499267578125e+01,2.690121459960937500e+01
-9.044654846191406250e+01,2.690238952636718750e+01
-9.044662475585937500e+01,2.690229225158691406e+01
-9.044798278808593750e+01,2.690159606933593750e+01
-9.044785308837890625e+01,2.690140342712402344e+01
-9.044781494140625000e+01,2.690146827697753906e+01
-9.044699096679687500e+01,2.690272331237792969e+01
-9.044633483886718750e+01,2.690301132202148438e+01
-9.044673156738281250e+01,2.690292739868164062e+01
-9.044754028320312500e+01,2.690157127380371094e+01
-9.044712829589843750e+01,2.690274810791015625e+01
-9.044866943359375000e+01,2.690124511718750000e+01
-9.044750213623046875e+01,2.690127754211425781e+01
-9.044823455810546875e+01,2.690147972106933594e+01
-9.044761657714843750e+01,2.690219688415527344e+01
-9.044705963134765625e+01,2.690233993530273438e+01
-9.044728088378906250e+01,2.690264129638671875e+01
-9.044697570800781250e+01,2.690177917480468750e+01
-9.044810485839843750e+01,2.690158843994140625e+01
-9.044821166992187500e+01,2.690105819702148438e+01
-9.044789886474609375e+01,2.690097999572753906e+01
-9.044732666015625000e+01,2.690223884582519531e+01
-9.044631195068359375e+01,2.690270042419433594e+01
-9.044765472412109375e+01,2.690206527709960938e+01
-9.044683837890625000e+01,2.690277099609375000e+01
-9.044689178466796875e+01,2.690273284912109375e+01
-9.044770812988281250e+01,2.690163803100585938e+01
-9.044701385498046875e+01,2.690190315246582031e+01
-9.044721221923828125e+01,2.690169334411621094e+01
-9.044807434082031250e+01,2.690097427368164062e+01
-9.044648742675781250e+01,2.690243530273437500e+01
-9.044741058349609375e+01,2.690216255187988281e+01
-9.044759368896484375e+01,2.690157127380371094e+01
-9.044625854492187500e+01,2.690286827087402344e+01
-9.044713592529296875e+01,2.690261459350585938e+01
-9.044845581054687500e+01,2.690113258361816406e+01
-9.044744110107421875e+01,2.690241813659667969e+01
-9.044609069824218750e+01,2.690316009521484375e+01
-9.044724273681640625e+01,2.690209770202636719e+01
-9.044811248779296875e+01,2.690134239196777344e+01
-9.044745635986328125e+01,2.690151977539062500e+01
-9.044644165039062500e+01,2.690231323242187500e+01
-9.044844818115234375e+01,2.690108108520507812e+01
-9.044757080078125000e+01,2.690148925781250000e+01
-9.044664001464843750e+01,2.690253639221191406e+01
-9.044625854492187500e+01,2.690243721008300781e+01
-9.044824218750000000e+01,2.690130996704101562e+01
-9.044761657714843750e+01,2.690210151672363281e+01
-9.044703674316406250e+01,2.690189743041992188e+01
-9.044805145263671875e+01,2.690159606933593750e+01
-9.044786834716796875e+01,2.690210723876953125e+01
-9.044703674316406250e+01,2.690212631225585938e+01
-9.044754791259765625e+01,2.690180969238281250e+01
-9.044783782958984375e+01,2.690209197998046875e+01
-9.044739532470703125e+01,2.690175437927246094e+01
-9.044719696044921875e+01,2.690170288085937500e+01
-9.044712829589843750e+01,2.690171241760253906e+01
-9.044753265380859375e+01,2.690230941772460938e+01
-9.044645690917968750e+01,2.690293884277343750e+01
-9.044632720947265625e+01,2.690246582031250000e+01
-9.044783020019531250e+01,2.690137481689453125e+01
-9.044737243652343750e+01,2.690138053894042969e+01
-9.044695281982421875e+01,2.690262794494628906e+01
-9.044705963134765625e+01,2.690250587463378906e+01
-9.044635009765625000e+01,2.690321540832519531e+01
-9.044697570800781250e+01,2.690235137939453125e+01
-9.044798278808593750e+01,2.690155601501464844e+01
-9.044822692871093750e+01,2.690158843994140625e+01
-9.044609069824218750e+01,2.690276908874511719e+01
-9.044825744628906250e+01,2.690124893188476562e+01
-9.044684600830078125e+01,2.690220832824707031e+01
-9.044799804687500000e+01,2.690098953247070312e+01
-9.044853973388671875e+01,2.690138053894042969e+01
-9.044791412353515625e+01,2.690146827697753906e+01
-9.044838714599609375e+01,2.690103912353515625e+01
-9.044805145263671875e+01,2.690110778808593750e+01
-9.044799804687500000e+01,2.690146255493164062e+01
-9.044699096679687500e+01,2.690242385864257812e+01
-9.044790649414062500e+01,2.690164756774902344e+01
-9.044700622558593750e+01,2.690267372131347656e+01
-9.044625091552734375e+01,2.690254402160644531e+01
-9.044596099853515625e+01,2.690319252014160156e+01
-9.044773864746093750e+01,2.690128326416015625e+01
-9.044667816162109375e+01,2.690246391296386719e+01
-9.044741821289062500e+01,2.690180397033691406e+01
-9.044734191894531250e+01,2.690149879455566406e+01
-9.044763946533203125e+01,2.690195846557617188e+01
-9.044819641113281250e+01,2.690097618103027344e+01
-9.044745635986328125e+01,2.690253257751464844e+01
-9.044702148437500000e+01,2.690176963806152344e+01
-9.044738769531250000e+01,2.690240669250488281e+01
-9.044759368896484375e+01,2.690187835693359375e+01
-9.044681549072265625e+01,2.690239715576171875e+01
-9.044726562500000000e+01,2.690234184265136719e+01
-9.044822692871093750e+01,2.690156364440917969e+01
-9.044819641113281250e+01,2.690152549743652344e+01
-9.044789123535156250e+01,2.690209579467773438e+01
-9.044654846191406250e+01,2.690235137939453125e+01
-9.044734954833984375e+01,2.690148353576660156e+01
-9.044681549072265625e+01,2.690285682678222656e+01
-9.044715881347656250e+01,2.690161132812500000e+01
-9.044673919677734375e+01,2.690291786193847656e+01
-9.044680023193359375e+01,2.690264701843261719e+01
-9.044671630859375000e+01,2.690288543701171875e+01
-9.044623565673828125e+01,2.690273094177246094e+01
-9.044647216796875000e+01,2.690229606628417969e+01
-9.044662475585937500e+01,2.690274620056152344e+01
-9.044644165039062500e+01,2.690237236022949219e+01
-9.044644165039062500e+01,2.690259933471679688e+01
-9.044791412353515625e+01,2.690197944641113281e+01
-9.044672393798828125e+01,2.690283012390136719e+01
-9.044808959960937500e+01,2.690154075622558594e+01
-9.044788360595703125e+01,2.690130996704101562e+01
-9.044744873046875000e+01,2.690134429931640625e+01
-9.044775390625000000e+01,2.690173339843750000e+01
-9.044690704345703125e+01,2.690226554870605469e+01
-9.044783020019531250e+01,2.690114974975585938e+01
-9.044713592529296875e+01,2.690265083312988281e+01
-9.044726562500000000e+01,2.690243911743164062e+01
-9.044807434082031250e+01,2.690111923217773438e+01
-9.044624328613281250e+01,2.690258026123046875e+01
-9.044750213623046875e+01,2.690140724182128906e+01
-9.044738769531250000e+01,2.690241622924804688e+01
-9.044593811035156250e+01,2.690312194824218750e+01
-9.044678497314453125e+01,2.690204429626464844e+01
-9.044862365722656250e+01,2.690126800537109375e+01
-9.044708251953125000e+01,2.690273857116699219e+01
-9.044790649414062500e+01,2.690209770202636719e+01
-9.044778442382812500e+01,2.690170478820800781e+01
-9.044631195068359375e+01,2.690272712707519531e+01
-9.044608306884765625e+01,2.690286445617675781e+01
-9.044665527343750000e+01,2.690236282348632812e+01
-9.044736480712890625e+01,2.690247344970703125e+01
-9.044777679443359375e+01,2.690224838256835938e+01
-9.044684600830078125e+01,2.690205574035644531e+01
-9.044711303710937500e+01,2.690264129638671875e+01
-9.044635009765625000e+01,2.690274238586425781e+01
-9.044741058349609375e+01,2.690150833129882812e+01
-9.044792938232421875e+01,2.690107917785644531e+01
-9.044741058349609375e+01,2.690233421325683594e+01
-9.044745635986328125e+01,2.690233993530273438e+01
-9.044764709472656250e+01,2.690197753906250000e+01
-9.044641113281250000e+01,2.690249824523925781e+01
-9.044701385498046875e+01,2.690198326110839844e+01
-9.044634246826171875e+01,2.690270996093750000e+01
-9.044773864746093750e+01,2.690172958374023438e+01
-9.044670104980468750e+01,2.690296173095703125e+01
-9.044834899902343750e+01,2.690096092224121094e+01
-9.044628143310546875e+01,2.690290069580078125e+01
-9.044649505615234375e+01,2.690235710144042969e+01
-9.044718170166015625e+01,2.690152740478515625e+01
-9.044757080078125000e+01,2.690222740173339844e+01
-9.044731903076171875e+01,2.690257835388183594e+01
-9.044745635986328125e+01,2.690174293518066406e+01
-9.044712066650390625e+01,2.690197944641113281e+01
-9.044776916503906250e+01,2.690125656127929688e+01
-9.044818115234375000e+01,2.690130615234375000e+01
-9.044741821289062500e+01,2.690191650390625000e+01
-9.044670104980468750e+01,2.690237236022949219e+01
-9.044666290283203125e+01,2.690263938903808594e+01
-9.044868469238281250e+01,2.690094757080078125e+01
-9.044629669189453125e+01,2.690274810791015625e+01
-9.044758605957031250e+01,2.690211677551269531e+01
-9.044676971435546875e+01,2.690267753601074219e+01
-9.044871520996093750e+01,2.690121650695800781e+01
-9.044786071777343750e+01,2.690156745910644531e+01
-9.044699859619140625e+01,2.690219879150390625e+01
-9.044682312011718750e+01,2.690287017822265625e+01
-9.044702911376953125e+01,2.690231132507324219e+01
-9.044665527343750000e+01,2.690282058715820312e+01
-9.044757080078125000e+01,2.690231895446777344e+01
-9.044766235351562500e+01,2.690147018432617188e+01
-9.044799041748046875e+01,2.690172576904296875e+01
-9.044798278808593750e+01,2.690137290954589844e+01
-9.044853210449218750e+01,2.690099334716796875e+01
-9.044828796386718750e+01,2.690103721618652344e+01
-9.044720458984375000e+01,2.690267181396484375e+01
-9.044750213623046875e+01,2.690203857421875000e+01
-9.044753265380859375e+01,2.690153503417968750e+01
-9.044754028320312500e+01,2.690244865417480469e+01
-9.044775390625000000e+01,2.690131950378417969e+01
-9.044809722900390625e+01,2.690097618103027344e+01
-9.044580078125000000e+01,2.690315437316894531e+01
-9.044687652587890625e+01,2.690259552001953125e+01
-9.044693756103515625e+01,2.690268325805664062e+01
-9.044631195068359375e+01,2.690274620056152344e+01
-9.044699096679687500e+01,2.690228462219238281e+01
-9.044669342041015625e+01,2.690287590026855469e+01
-9.044635772705078125e+01,2.690286827087402344e+01
-9.044831848144531250e+01,2.690137863159179688e+01
-9.044637298583984375e+01,2.690255355834960938e+01
-9.044803619384765625e+01,2.690097999572753906e+01
-9.044615173339843750e+01,2.690318107604980469e+01
-9.044694519042968750e+01,2.690288925170898438e+01
-9.044610595703125000e+01,2.690264129638671875e+01
-9.044624328613281250e+01,2.690278816223144531e+01
-9.044760131835937500e+01,2.690214157104492188e+01
-9.044741058349609375e+01,2.690204429626464844e+01
-9.044767761230468750e+01,2.690151405334472656e+01
-9.044730377197265625e+01,2.690203475952148438e+01
-9.044754028320312500e+01,2.690244102478027344e+01
-9.044707489013671875e+01,2.690174484252929688e+01
-9.044766235351562500e+01,2.690186500549316406e+01
-9.044580078125000000e+01,2.690315818786621094e+01
-9.044721221923828125e+01,2.690200805664062500e+01
-9.044615936279296875e+01,2.690254974365234375e+01
-9.044797515869140625e+01,2.690167236328125000e+01
-9.044673919677734375e+01,2.690262222290039062e+01
-9.044795989990234375e+01,2.690095329284667969e+01
-9.044586181640625000e+01,2.690320205688476562e+01
-9.044677734375000000e+01,2.690277099609375000e+01
-9.044625854492187500e+01,2.690263938903808594e+01
-9.044845581054687500e+01,2.690136718750000000e+01
-9.044745635986328125e+01,2.690254783630371094e+01
-9.044709777832031250e+01,2.690238761901855469e+01
-9.044841766357421875e+01,2.690143966674804688e+01
-9.044695281982421875e+01,2.690189552307128906e+01
-9.044691467285156250e+01,2.690251541137695312e+01
-9.044631195068359375e+01,2.690309715270996094e+01
-9.044741058349609375e+01,2.690193176269531250e+01
-9.044676208496093750e+01,2.690236282348632812e+01
-9.044758605957031250e+01,2.690148353576660156e+01
